name,vote_pct,address,gauge,token0,token1,emissions_token,emissions_decimals,token0_decimals,token1_decimals,token0_fees_raw,token1_fees_raw,token0_fees,token1_fees,fees_raw,emissions_raw,votes_raw,votes,ratio,tfv,tbv,tvv,votes_per_tvv,rewards_epoch_ts
vAMM-tBTC/USDbC,0.003764138705114755,0x723AEf6543aecE026a15662Be4D3fb3424D502A9,0x50f0249B824033Cf0AF0C8b9fe1c67c2842A34d5,0x236aa50979D5f3De3Bd1Eeb40E81137F22ab794b,0xd9aAEc86B65D86f6A7B5B1b0c42FFA531710b6CA,0x940181a94A35A4569E4529A3CDfB74e38FD98631,18,18,6,0,0,0.0,0.0,0,189359680772002,21819740157476527485372,21819.740157476528,1.7146629169339536e-22,3.7413499305159625,0,3.7413499305159625,5832.050078904917,1788998400
vAMM-tBTC/WETH,0.0015915509607533926,0x2722C8f9B5E2aC72D1f225f8e8c990E449ba0078,0xfaE8C18D83655Fbf31af10d2e9A1Ad5bA77D0377,0x236aa50979D5f3De3Bd1Eeb40E81137F22ab794b,0x4200000000000000000000000000000000000006,0x940181a94A35A4569E4529A3CDfB74e38FD98631,18,18,18,0,0,0.0,0.0,0,80064951233365,9225809974492541584032,9225.809974492542,3.045939906639729e-21,28.10126277238169,0,28.10126277238169,328.30588608138265,1788998400
vAMM-T/WETH,6.840787871180641e-07,0xAf58FDeE432a104a932a899968d60F92838886cd,0xaD3d4aFd779e4A57734557CcE25F87032614fE47,0x26f3901aC8a79c50fb0d8289C74f0d09AdC42E29,0x4200000000000000000000000000000000000006,0x940181a94A35A4569E4529A3CDfB74e38FD98631,18,18,18,3774533997567181419853,3832469230187080,3774.5339975671814,0.00383246923018708,3774537830036411606933,0,3965428096970939228,3.9654280969709395,0.0,0,0,0,nan,0
vAMM-EXTRA/USDbC,2.3721583137417262e-05,0x2B7704f1cb9324cD8586B33C6c540CbD64E58237,0xf05a3De3dD6910042f506c6105bC14920C4289B6,0x2dAD3a13ef0C6366220f989157009e501e7938F8,0xd9aAEc86B65D86f6A7B5B1b0c42FFA531710b6CA,0x940181a94A35A4569E4529A3CDfB74e38FD98631,18,18,6,3904660607529539842956,42450277,3904.66060752954,42.450277,3904660607529582293233,0,137507892437412648059,137.50789243741264,0.0,0,0,0,nan,0
sAMM-DOLA/USDbC,0.00038354976282102814,0x0B25c51637c43decd6CC1C1e3da4518D54ddb528,0xeAE066C25106006fB386A3a8b1698A0cB6931c1a,0x4621b7A9c75199271F773Ebd9A499dbd165c3191,0xd9aAEc86B65D86f6A7B5B1b0c42FFA531710b6CA,0x940181a94A35A4569E4529A3CDfB74e38FD98631,18,18,6,0,0,0.0,0.0,0,19294948018062,2223338940949426658401,2223.3389409494266,7.976520919125642e-24,0.017734509572789752,0,0.017734509572789752,125367.94050176156,1788998400
vAMM-WETH/UNIDX,2.1964343356007707e-05,0xA819Af1CC8AbE618eA8abaDeb464960F7451CEAB,0x98F44CE76BDCaD37f00a98B275631B1D796862fa,0x4200000000000000000000000000000000000006,0x6B4712AE9797C199edd44F897cA09BC57628a1CF,0x940181a94A35A4569E4529A3CDfB74e38FD98631,18,18,18,66824064630132120,226353425106970930750,0.06682406463013212,226.35342510697092,226420249171601062870,0,127321627151110355016,127.32162715111036,0.0,0,0,0,nan,0
vAMM-ERN/stERN,7.501146745063188e-05,0x218F511431194B2C756D67a137DE536beA74E498,0x109Cc0f2640457b2A483C2eef189827750A676bB,0xa334884bF6b0A066d553D19e507315E839409e62,0xf7A0dd3317535eC4f4d29ADF9d620B3d8D5D5069,0x940181a94A35A4569E4529A3CDfB74e38FD98631,18,18,18,239236434852551592,119529402921006404,0.23923643485255158,0.1195294029210064,358765837773557996,0,434822108542330684198,434.8221085423307,0.0,0,0,0,nan,0
sAMM-MAI/USDbC,4.810341166948408e-05,0xf6Aec4F97623E691a9426a69BaF5501509fCa05D,0xC01E2ff20501839db7B28F5Cb3eD2876fEa3d6b1,0xbf1aeA8670D2528E08334083616dD9C5F3B087aE,0xd9aAEc86B65D86f6A7B5B1b0c42FFA531710b6CA,0x940181a94A35A4569E4529A3CDfB74e38FD98631,18,18,6,31240670882944059751,9323418,31.24067088294406,9.323418,31240670882953383169,0,278843056949536182548,278.8430569495362,0.0,0,0,0,nan,0
sAMM-DOLA/MAI,0.00011379744615771492,0x8b432C54d6e8E1B8D1802753514AB53044Af1861,0xDe23611176b16720346f4Df071D1aA01752c68C1,0x4621b7A9c75199271F773Ebd9A499dbd165c3191,0xbf1aeA8670D2528E08334083616dD9C5F3B087aE,0x940181a94A35A4569E4529A3CDfB74e38FD98631,18,18,18,10719388528744272061,12263602551306748716,10.719388528744272,12.263602551306748,22982991080051020777,0,659654412408287255581,659.6544124082873,0.0,0,0,0,nan,0
vAMM-USDbC/STG,1.0446262539073867e-07,0xb680190fB16f417647e69D6A84719aE9c7E5E20a,0x9a8D9F5C698C1F2B0d48a955BC531F2c7D67Af84,0xd9aAEc86B65D86f6A7B5B1b0c42FFA531710b6CA,0xE3B53AF74a4BF62Ae5511055290838050bf764Df,0x940181a94A35A4569E4529A3CDfB74e38FD98631,18,6,18,60507003,320785137210423819250,60.507003,320.78513721042384,320785137210484326253,0,605542866711187967,0.605542866711188,0.0,0,0,0,nan,0
vAMM-WETH/TAROT,0.01586379937919261,0x2d25E0514f23c6367687dE89Bd5167dc754D4934,0xa81dac2e9caa218Fcd039D7CEdEB7847cf362213,0x4200000000000000000000000000000000000006,0xF544251D25f3d243A36B07e7E7962a678f952691,0x940181a94A35A4569E4529A3CDfB74e38FD98631,18,18,18,12918299038938199,1609360652434082714082,0.0129182990389382,1609.3606524340828,1609373570733121652281,798048164960867,91958348903024155566842,91958.34890302416,2.64435356946873e-21,243.17038816416283,0,243.17038816416283,378.16425592471256,1788998400
sAMM-MIM/USDbC,1.0446262539073867e-07,0x982A169edFC1cf8Fd38dBeE76735547b23875BD1,0xBb0b5819Fa91076a1D6aaFa0D018E27a416DE029,0x4A3A6Dd60A34bB2Aba60D73B4C88315E9CeB6A3D,0xd9aAEc86B65D86f6A7B5B1b0c42FFA531710b6CA,0x940181a94A35A4569E4529A3CDfB74e38FD98631,18,18,6,2416901916150533961,2464478,2.416901916150534,2.464478,2416901916152998439,0,605542866711187967,0.605542866711188,0.0,0,0,0,nan,0
vAMM-WETH/HOP,0.012532466760997694,0x75D18ee68bB93BE5cB2dcCFa0d8151E25CBC8Eb8,0xb42A9e58773993ed15A5eED65633e85870185e13,0x4200000000000000000000000000000000000006,0xc5102fE9359FD9a28f877a67E36B0F050d81a3CC,0x940181a94A35A4569E4529A3CDfB74e38FD98631,18,18,18,0,0,0.0,0.0,0,630461332873733,72647473879112681193110,72647.47387911267,3.032802839062503e-24,0.22032546503129197,0,0.22032546503129197,329727.9952128767,1788998400
sAMM-DAI+/USD+,0.0002003689705033178,0x1b05e4e814b3431a48b8164c41eaC834d9cE2Da6,0x87803Cb321624921cedaAD4555F07Daa0D1Ed325,0x65a2508C429a6078a7BC2f7dF81aB575BD9D9275,0xB79DD08EA68A908A97220C76d19A6aA9cBDE4376,0x940181a94A35A4569E4529A3CDfB74e38FD98631,18,18,6,4223084333663945239,7125776,4.223084333663945,7.125776,4223084333671071015,0,1161487185916595141654,1161.487185916595,0.0,0,0,0,nan,0
sAMM-USD+/USDbC,0.00013550803539858131,0x4a3636608d7Bc5776CB19Eb72cAa36EbB9Ea683B,0xa5972f0C07a2D1cc5A8457c28d88ec4f3C009864,0xB79DD08EA68A908A97220C76d19A6aA9cBDE4376,0xd9aAEc86B65D86f6A7B5B1b0c42FFA531710b6CA,0x940181a94A35A4569E4529A3CDfB74e38FD98631,18,6,6,37947481,18306802,37.947481,18.306802,56254283,0,785505092474278257099,785.5050924742783,0.0,0,0,0,nan,0
vAMM-WETH/DEUS,0.18168141114044675,0x9e4CB8b916289864321661CE02cf66aa5BA63C94,0x7eC1926A50D2D253011cC9891935eBc476713bb1,0x4200000000000000000000000000000000000006,0xDE5ed76E7c05eC5e4572CfC88d1ACEA165109E44,0x940181a94A35A4569E4529A3CDfB74e38FD98631,18,18,18,0,0,0.0,0.0,0,9139723120181649,1053160229494612626661801,1053160.2294946127,5.782085637765059e-23,60.89462637226154,0,60.89462637226154,17294.797459736837,1788998400
sAMM-DAI/USDbC,1.3614594272614667e-06,0x6EAB8c1B93f5799daDf2C687a30230a540DbD636,0xCF1D5Aa63083fda05c7f8871a9fDbfed7bA49060,0x50c5725949A6F0c72E6C4a641F24049A917DB0Cb,0xd9aAEc86B65D86f6A7B5B1b0c42FFA531710b6CA,0x940181a94A35A4569E4529A3CDfB74e38FD98631,18,18,6,22921770954146987174,22050014,22.921770954146986,22.050014,22921770954169037188,0,7892028765418826011,7.892028765418826,0.0,0,0,0,nan,0
vAMM-AERO/USDbC,0.03196754073027255,0x2223F9FE624F69Da4D8256A7bCc9104FBA7F8f75,0x9a202c932453fB3d04003979B121E80e5A14eE7b,0x940181a94A35A4569E4529A3CDfB74e38FD98631,0xd9aAEc86B65D86f6A7B5B1b0c42FFA531710b6CA,0x940181a94A35A4569E4529A3CDfB74e38FD98631,18,18,6,0,0,0.0,0.0,0,1608169318334710,185307579463076535005925,185307.57946307654,5.266196749595712e-21,975.8661726439028,0,975.8661726439028,189.89036064343216,1788998400
vAMM-cbETH/WETH,0.0008500094518528919,0x44Ecc644449fC3a9858d2007CaA8CFAa4C561f91,0xDf9D427711CCE46b52fEB6B2a20e4aEaeA12B2b7,0x2Ae3F1Ec7F1F5012CFEab0185bfc7aa3cf0DEc22,0x4200000000000000000000000000000000000006,0x940181a94A35A4569E4529A3CDfB74e38FD98631,18,18,18,0,0,0.0,0.0,0,54392867164007,4927285316459592849223,4927.285316459593,0.0,0,0,0,nan,0
vAMM-WETH/fBOMB,0.0790183226123543,0x4F9Dc2229f2357B27C22db56cB39582c854Ad6d5,0x76c48576822Cd955C320f5d5A163E738dbFEcc01,0x4200000000000000000000000000000000000006,0x74ccbe53F77b08632ce0CB91D3A545bF6B8E0979,0x940181a94A35A4569E4529A3CDfB74e38FD98631,18,18,18,25131127566760843,3234070414825816769247,0.025131127566760843,3234.070414825817,3234095545953383530090,3981508415160496,458048813328375791237953,458048.81332837575,1.0416747059920662e-20,4771.378629538506,0,4771.378629538506,95.99925910148926,1788998400
vAMM-WETH/WELL,0.0015658346618707976,0xffA3F8737C39e36dec4300B162c2153c67c8352f,0xcEa0a2228145d0fD25dE083e3786ddB1eA184296,0x4200000000000000000000000000000000000006,0xFF8adeC2221f9f4D8dfbAFa6B9a297d17603493D,0x940181a94A35A4569E4529A3CDfB74e38FD98631,18,18,18,0,0,0.0,0.0,0,78771378819923,9076739229924133157917,9076.739229924133,1.4058982294082966e-23,0.12760971612151165,0,0.12760971612151165,71128.90386247034,1788998400
vAMM-USD+/stERN,2.3436229976374432e-07,0x607363389331f4B2D1b955d009506A67c565D75E,0xe5Cf7Ec83BA94c4AdF833d7DCdb800a53f28410E,0xB79DD08EA68A908A97220C76d19A6aA9cBDE4376,0xf7A0dd3317535eC4f4d29ADF9d620B3d8D5D5069,0x940181a94A35A4569E4529A3CDfB74e38FD98631,18,6,18,403273,3045713467285023177,0.403273,3.0457134672850232,3045713467285426450,0,1358537738422055515,1.3585377384220554,0.0,0,0,0,nan,0
vAMM-USD+/USDbC,1.0446262539073867e-07,0xdC0F1F6eCd03ec1C9FFC2A17BaBAbd313477b20E,0xD2121Cb13A28Ab16Cb0f0F19A665e9a9311F9aBb,0xB79DD08EA68A908A97220C76d19A6aA9cBDE4376,0xd9aAEc86B65D86f6A7B5B1b0c42FFA531710b6CA,0x940181a94A35A4569E4529A3CDfB74e38FD98631,18,6,6,5515,2659,0.005515,0.002659,8174,0,605542866711187967,0.605542866711188,0.0,0,0,0,nan,0
vAMM-USDbC/THALES,0.0003466848881259442,0x5F43555b02507133eCd5b78218283ed849b07Eac,0x2692CC440416B7f8252406D84e9D66f0C48C069E,0xd9aAEc86B65D86f6A7B5B1b0c42FFA531710b6CA,0xf34e0cff046e154CAfCae502C7541b9E5FD8C249,0x940181a94A35A4569E4529A3CDfB74e38FD98631,18,6,18,40060294,209155087965794172250,40.060294,209.15508796579417,209155087965834232544,0,2009642781004082510685,2009.6427810040825,0.0,0,0,0,nan,0
vAMM-WETH/THALES,7.835405852510965e-05,0x3f386Acc3A8E9194cF6279C219DF8DD3C5B71974,0x62052D68A7DBa58079B7D70a40796CAbAab2a95f,0x4200000000000000000000000000000000000006,0xf34e0cff046e154CAfCae502C7541b9E5FD8C249,0x940181a94A35A4569E4529A3CDfB74e38FD98631,18,18,18,2549561515145773,39298071858723732502,0.002549561515145773,39.29807185872373,39300621420238878275,0,454198245930334209316,454.1982459303342,0.0,0,0,0,nan,0
vAMM-EXTRA/WETH,0.061442252369483044,0x84Ff3B6e2046579Fb2f2b891CE18eE10b5fbDbF2,0xE5Ff63862097b32d3ed30551e290D66f1548973F,0x2dAD3a13ef0C6366220f989157009e501e7938F8,0x4200000000000000000000000000000000000006,0x940181a94A35A4569E4529A3CDfB74e38FD98631,18,18,18,677751012533531047461,358619959411287,677.751012533531,0.000358619959411287,677751371153490458748,3090938210086402,356164872343976178794218,356164.87234397617,6.469632206755237e-23,23.04255729031456,0,23.04255729031456,15456.829198974472,1788998400
vAMM-fBOMB/AERO,0.13092611897345868,0xbBf71AAD6E1F8D180D3B1D898528654c1d18b2fF,0x12E45bE50dd4f3Bc430B65d399B1e3b90275661c,0x74ccbe53F77b08632ce0CB91D3A545bF6B8E0979,0x940181a94A35A4569E4529A3CDfB74e38FD98631,0x940181a94A35A4569E4529A3CDfB74e38FD98631,18,18,18,3664644687245431769477,27959503397488386215,3664.6446872454317,27.959503397488387,3692604190642920155692,6523607855518313,758944906027482229564207,758944.9060274822,1.0758000033941085e-20,8164.729324803067,0,8164.729324803067,92.9540803908754,1788998400
vAMM-EURA/USDbC,8.317206369160776e-06,0xA56bE957d432a5d0eDc040B27078d9726f54E7f6,0x275535F82F287073CEEbC653862E4E43868AA65C,0xA61BeB4A3d02decb01039e378237032B351125B4,0xd9aAEc86B65D86f6A7B5B1b0c42FFA531710b6CA,0x940181a94A35A4569E4529A3CDfB74e38FD98631,18,18,6,2688008429407223061,2770703,2.688008429407223,2.770703,2688008429409993764,0,48212697785180123453,48.212697785180126,0.0,0,0,0,nan,0
vAMM-SONNE/USDbC,0.0022769434449087782,0x554EcA2a48136724294CE47fb7bfE9AADfceE3c6,0x744462994510ccd987F697752bD46d1155F8022F,0x22a2488fE295047Ba13BD8cCCdBC8361DBD8cf7c,0xd9aAEc86B65D86f6A7B5B1b0c42FFA531710b6CA,0x940181a94A35A4569E4529A3CDfB74e38FD98631,18,18,6,13886115659486041833291,4163352,13886.115659486042,4.163352,13886115659486045996643,0,13198853233986864757364,13198.853233986865,0.0,0,0,0,nan,0
sAMM-AERO/USDbC,1.0446262539073867e-07,0xB304b47e039E20AFAd75FA2ada6CD8D95a9eea41,0x46110ac9100A027bAec01bf1C211522ce0B02540,0x940181a94A35A4569E4529A3CDfB74e38FD98631,0xd9aAEc86B65D86f6A7B5B1b0c42FFA531710b6CA,0x940181a94A35A4569E4529A3CDfB74e38FD98631,18,18,6,1482791974950515809444,1336245108,1482.7919749505159,1336.245108,1482791974951852054552,0,605542866711187967,0.605542866711188,0.0,0,0,0,nan,0
vAMM-EXTRA/AERO,0.00035996311847232595,0x688F778C51dB4D990bF1abaF8d33fD95e48C6641,0x6664867531c0FDd058881153FaBE7D2162833b07,0x2dAD3a13ef0C6366220f989157009e501e7938F8,0x940181a94A35A4569E4529A3CDfB74e38FD98631,0x940181a94A35A4569E4529A3CDfB74e38FD98631,18,18,18,0,0,0.0,0.0,0,18108446780518,2086613253828445814562,2086.6132538284455,1.2570134048933444e-20,26.22900830890475,0,26.22900830890475,79.55364645334457,1788998400
sAMM-DAI+/USDbC,1.0446262539073867e-07,0x4f7f293e7B7b6D1cAA1ca48784C5986f3dE5E19c,0x2d8b33A0dc95F0eb9429551eA4d2297729828558,0x65a2508C429a6078a7BC2f7dF81aB575BD9D9275,0xd9aAEc86B65D86f6A7B5B1b0c42FFA531710b6CA,0x940181a94A35A4569E4529A3CDfB74e38FD98631,18,18,6,50433405726722813,35368,0.050433405726722814,0.035368,50433405726758181,0,605542866711187967,0.605542866711188,0.0,0,0,0,nan,0
sAMM-DAI/MAI,2.0256590684570612e-07,0x30A30f266e1173a75985997B2523EcbC19c60fF3,0xc16A2c13d3A62937FB3b0FE03Fa24B0C6161245E,0x50c5725949A6F0c72E6C4a641F24049A917DB0Cb,0xbf1aeA8670D2528E08334083616dD9C5F3B087aE,0x940181a94A35A4569E4529A3CDfB74e38FD98631,18,18,18,11155958481521998911,11332301023467000347,11.155958481522,11.332301023467,22488259504988999258,0,1174222258635433511,1.1742222586354334,0.0,0,0,0,nan,0
sAMM-DAI/AERO,1.0558756081171735e-07,0xE2D3b2f9d4bAAb9A0de671E95FeBAc27E37050f2,0x4b6F6Be7e8622bD8e56b50158D03312EEC5bA480,0x50c5725949A6F0c72E6C4a641F24049A917DB0Cb,0x940181a94A35A4569E4529A3CDfB74e38FD98631,0x940181a94A35A4569E4529A3CDfB74e38FD98631,18,18,18,1682941947883506721,2207856418477642186,1.6829419478835068,2.2078564184776424,3890798366361148907,0,612063826883655389,0.6120638268836555,0.0,0,0,0,nan,0
vAMM-YFX/USD+,6.873304656223278e-08,0xc3B5ac236fb5AbE245310FeCa2526F89667D4CAe,0x9B3920fB28242261B9be3a10c10310fc42E23a0F,0x8901cB2e82CC95c01e42206F8d1F417FE53e7Af0,0xB79DD08EA68A908A97220C76d19A6aA9cBDE4376,0x940181a94A35A4569E4529A3CDfB74e38FD98631,18,18,6,81778984920885448,117898,0.08177898492088545,0.117898,81778984921003346,0,398427723766341120,0.3984277237663411,0.0,0,0,0,nan,0
sAMM-DOLA/USD+,0.0001363776686207948,0x8E9154AC849e839d60299E85156bcb589De2693A,0x969c70383A95704C6a35497d8C77BF38dc152e63,0x4621b7A9c75199271F773Ebd9A499dbd165c3191,0xB79DD08EA68A908A97220C76d19A6aA9cBDE4376,0x940181a94A35A4569E4529A3CDfB74e38FD98631,18,18,6,0,0,0.0,0.0,0,6860709105810,790546131720580021152,790.54613172058,8.42638087955382e-24,0.006661442808735531,0,0.006661442808735531,118674.91088925835,1788998400
vAMM-DAI+/USD+,2.119645441127906e-06,0x3CF04A380e54FA4eD31eA48acb9132EA35e2E8D9,0x18f880A04F8aD0da98414672184146D17fe1d2dA,0x65a2508C429a6078a7BC2f7dF81aB575BD9D9275,0xB79DD08EA68A908A97220C76d19A6aA9cBDE4376,0x940181a94A35A4569E4529A3CDfB74e38FD98631,18,18,6,2863874804654989,4656,0.002863874804654989,0.004656,2863874804659645,0,12287037321059777189,12.287037321059776,0.0,0,0,0,nan,0
sAMM-USDC/USDbC,0.0004140779973285575,0x27a8Afa3Bd49406e48a074350fB7b2020c43B2bD,0x1Cfc45C5221A07DA0DE958098A319a29FbBD66fE,0x833589fCD6eDb6E08f4c7C32D4f71b54bdA02913,0xd9aAEc86B65D86f6A7B5B1b0c42FFA531710b6CA,0x940181a94A35A4569E4529A3CDfB74e38FD98631,18,6,6,2711,0,0.002711,0.0,2711,20830893470450,2400303233874039296044,2400.303233874039,9.810123015997108e-22,2.354727,0,2.354727,1019.355209276506,1788998400
vAMM-WETH/USDC,0.4406426555798867,0xcDAC0d6c6C59727a65F871236188350531885C43,0x519BBD1Dd8C6A94C46080E24f316c14Ee758C025,0x4200000000000000000000000000000000000006,0x833589fCD6eDb6E08f4c7C32D4f71b54bdA02913,0x940181a94A35A4569E4529A3CDfB74e38FD98631,18,18,6,63399812505145068,193863901,0.06339981250514506,193.863901,63399812699008969,22261631008419885,2554291698653127922899512,2554291.698653128,3.311343137105864e-21,8458.136286501514,0,8458.136286501514,301.99226072173445,1788998400
vAMM-USDC/AERO,9.501083174491923,0x6cDcb1C4A4D1C3C6d054b27AC5B77e89eAFb971d,0x4F09bAb2f0E15e2A078A227FE1537665F55b8360,0x833589fCD6eDb6E08f4c7C32D4f71b54bdA02913,0x940181a94A35A4569E4529A3CDfB74e38FD98631,0x940181a94A35A4569E4529A3CDfB74e38FD98631,18,6,18,1238861433,2357229052915077338506,1238.861433,2357.2290529150773,2357229052916316199939,477783281075872764,55075325943831238180012735,55075325.943831235,2.131601306371641e-21,117398.6367307146,0,117398.6367307146,469.130881563483,1788998400
sAMM-DAI/USDC,3.436536337122523e-05,0x67b00B46FA4f4F24c03855c5C8013C0B938B3eEc,0x640e9ef68e1353112fF18826c4eDa844E1dC5eD0,0x50c5725949A6F0c72E6C4a641F24049A917DB0Cb,0x833589fCD6eDb6E08f4c7C32D4f71b54bdA02913,0x940181a94A35A4569E4529A3CDfB74e38FD98631,18,18,6,0,0,0.0,0.0,0,1728810273533,199207138185024979820,199.207138185025,6.974098958677834e-22,0.13892902949773742,0,0.13892902949773742,1433.8769867263002,1788998400
vAMM-WETH/USD+,3.970462860768393e-06,0x08B935148AB10d3699Cb8d944519e8213abE6f1D,0x1cb5503Ed87CAf12fa56e67219baC798eb51F5a7,0x4200000000000000000000000000000000000006,0xB79DD08EA68A908A97220C76d19A6aA9cBDE4376,0x940181a94A35A4569E4529A3CDfB74e38FD98631,18,18,6,16514599278798486,154966397,0.016514599278798486,154.966397,16514599433764883,0,23015748014056261285,23.01574801405626,0.0,0,0,0,nan,0
vAMM-WETH/AAG,0.00012452283631319994,0x6689a0582BAfcC286A81dc38D76e0470AcD17275,0xd962615116fAf0d2A9DB99310Db8126CF700ec1b,0x4200000000000000000000000000000000000006,0x96e890c6b2501a69cAD5Dba402BFB871a2A2874C,0x940181a94A35A4569E4529A3CDfB74e38FD98631,18,18,18,3615402691532130,37250172896660853802083,0.00361540269153213,37250.17289666086,37250176512063545334213,0,721826729799844593836,721.8267297998447,0.0,0,0,0,nan,0
sAMM-USD+/MAI,5.0071007236793815e-05,0x3FF5bfE3ff5e1877664Fe25862871554e632b9C9,0xC8a2a224aA2Ff37435Ef49903fC6a4e5CA741645,0xB79DD08EA68A908A97220C76d19A6aA9cBDE4376,0xbf1aeA8670D2528E08334083616dD9C5F3B087aE,0x940181a94A35A4569E4529A3CDfB74e38FD98631,18,6,18,7810427,1357025857496390928,7.810427,1.357025857496391,1357025857504201355,0,290248700411973884605,290.2487004119739,0.0,0,0,0,nan,0
vAMM-OVN/USD+,0.005484886906289847,0x61366A4e6b1DB1b85DD701f2f4BFa275EF271197,0x00B2149d89677a5069eD4D303941614A33700146,0xA3d1a8DEB97B111454B294E2324EfAD13a9d8396,0xB79DD08EA68A908A97220C76d19A6aA9cBDE4376,0x940181a94A35A4569E4529A3CDfB74e38FD98631,18,18,6,0,0,0.0,0.0,0,275926918925051,31794473175435543426638,31794.47317543554,0.0,0,0,0,nan,0
sAMM-cbETH/WETH,2.5852078416695577e-06,0x9E8bfEB5c73F3f897BebdB49CC4161FecE0B0c55,0x00Aa4579C145FeA0b1EE133D6f792b7edEe1A6F4,0x2Ae3F1Ec7F1F5012CFEab0185bfc7aa3cf0DEc22,0x4200000000000000000000000000000000000006,0x940181a94A35A4569E4529A3CDfB74e38FD98631,18,18,18,0,0,0.0,0.0,0,130053639263,14985782346875757764,14.985782346875759,0.0,0,0,0,nan,0
vAMM-AERO/DOG,0.0008132142976709133,0x656D48D3F337c6b3cD2ED8471B135fF54b1F96Ad,0xDcC24121BAe131F952B09A08E65b95642F093794,0x940181a94A35A4569E4529A3CDfB74e38FD98631,0x9E53e88dCff56d3062510A745952DEC4cEFDff9E,0x940181a94A35A4569E4529A3CDfB74e38FD98631,18,18,18,221663056797120252147,926566356412285917895930,221.66305679712025,926566.3564122859,926788019469083038148077,0,4713993308326597849420,4713.993308326598,0.0,0,0,0,nan,0
vAMM-tBTC/T,1.5366590680903768e-05,0xfd8aA87c97D32345BFe4F753ACf25729008331C9,0x76BB14cc51d409987Ea34a158Ba51643F81BB82e,0x236aa50979D5f3De3Bd1Eeb40E81137F22ab794b,0x26f3901aC8a79c50fb0d8289C74f0d09AdC42E29,0x940181a94A35A4569E4529A3CDfB74e38FD98631,18,18,18,211049496252715,1838892752218098756363,0.000211049496252715,1838.8927522180988,1838892963267595009078,0,89076158460371774978,89.07615846037179,0.0,0,0,0,nan,0
vAMM-SONNE/USDC,6.0544199356793255e-05,0x4cC2FeFB2635C86b1bae1b58E0f60Fb43E95e264,0xCbfeaED3dd9310406c046FB496C7E77f7571a808,0x22a2488fE295047Ba13BD8cCCdBC8361DBD8cf7c,0x833589fCD6eDb6E08f4c7C32D4f71b54bdA02913,0x940181a94A35A4569E4529A3CDfB74e38FD98631,18,18,6,70398679953029714278016,20467022,70398.67995302971,20.467022,70398679953029734745038,0,350959090910389825098,350.9590909103898,0.0,0,0,0,nan,0
vAMM-WETH/XEN,1.43401141283577e-06,0xC95582235D8905Ea7dAC517286bEc72F653fa24B,0x50793B917AE25Ab859F67406f271eEb05C7521FA,0x4200000000000000000000000000000000000006,0x981D41C115a2d48Cb1215D13Bda8f989d407c9c5,0x940181a94A35A4569E4529A3CDfB74e38FD98631,18,18,18,50063031597013371,4779191433424686919890406,0.05006303159701337,4779191.433424687,4779191483487718516903777,0,8312593892572402034,8.312593892572401,0.0,0,0,0,nan,0
vAMM-tBTC/USDC,0.00020880939586037108,0x323121CD6F6274c9aeB9f87e0664C8FDa5d343A5,0x434a8eEA016357bE462Eb6adE1b99F9f9F5Ff2c3,0x236aa50979D5f3De3Bd1Eeb40E81137F22ab794b,0x833589fCD6eDb6E08f4c7C32D4f71b54bdA02913,0x940181a94A35A4569E4529A3CDfB74e38FD98631,18,18,6,0,0,0.0,0.0,0,10504591518563,1210414152358939358862,1210.4141523589394,2.2946518923202906e-23,0.027774791252017008,0,0.027774791252017008,43579.594941907584,1788998400
vAMM-WETH/JARVIS,0.007893523857323954,0xeff0891e5a1bd47a8F1e77ABebfEE4145974D088,0xf460124c6146800c6C061A6fC40C14677523BC90,0x4200000000000000000000000000000000000006,0x777b2839832982B35213063d850848369390EE16,0x940181a94A35A4569E4529A3CDfB74e38FD98631,18,18,18,0,0,0.0,0.0,0,397098545288800,45756719660626777895898,45756.71966062678,1.0506440110997548e-22,4.807402347900793,0,4.807402347900793,9517.971733863085,1788998400
vAMM-cbETH/USDC,4.3562880210105324e-05,0xa1d2ee6212D4375F154393E59895A5D27859C4e4,0x1a3FD3c084E5680655768b41Da653ca6e84b5981,0x2Ae3F1Ec7F1F5012CFEab0185bfc7aa3cf0DEc22,0x833589fCD6eDb6E08f4c7C32D4f71b54bdA02913,0x940181a94A35A4569E4529A3CDfB74e38FD98631,18,18,6,33525636465288196,92484599,0.033525636465288194,92.484599,33525636557772795,0,252522768463389149031,252.52276846338916,0.0,0,0,0,nan,0
sAMM-USDC/MAI,0.2668321196365278,0x2a1463CeBE85315224c536AfD389b381B43F3206,0x9280df579CeA690cAf5c31601cb71564Bb6FA6B7,0x833589fCD6eDb6E08f4c7C32D4f71b54bdA02913,0xbf1aeA8670D2528E08334083616dD9C5F3B087aE,0x940181a94A35A4569E4529A3CDfB74e38FD98631,18,6,18,3034615,0,3.034615,0.0,3034615,13423545474403762,1546756900383730492935934,1546756.9003837304,3.2098525288740755e-23,49.648615482501434,0,49.648615482501434,31154.079229638985,1788998400
vAMM-MST/WETH,4.630155627239436e-06,0x52E9cC1aD755347BDF666ddf6Ad88EdfFe76fe68,0x44283e26C3610f7a6f93fe37ab80aA6Fca57839E,0x2F3b1A07E3eFb1fCc64BD09b86bD0Fa885D93552,0x4200000000000000000000000000000000000006,0x940181a94A35A4569E4529A3CDfB74e38FD98631,18,18,18,2080870484642075729318,2759362703926278,2080.8704846420756,0.002759362703926278,2080873244004779655596,0,26839816645907110505,26.839816645907113,0.0,0,0,0,nan,0
vAMM-oBMX/USDC,9.503932272995149e-07,0xA8D5DB293917EA106A5fc4dA5A25340e8b428966,0x432146f6A9E1297C88268a1E67ddBFAC804bE6C2,0x3Ff7AB26F2dfD482C40bDaDfC0e88D01BFf79713,0x833589fCD6eDb6E08f4c7C32D4f71b54bdA02913,0x940181a94A35A4569E4529A3CDfB74e38FD98631,18,18,6,9026808799603607845,5599020,9.026808799603607,5.59902,9026808799609206865,0,5509184143220550715,5.50918414322055,0.0,0,0,0,nan,0
sAMM-eUSD/USDbC,1.746808971671541e-06,0x5BfB340FA9305abB164Fb0248D0D82FC3D82C3bb,0x1457Da0dcBe22249408BB2D1e24Bd2f1484d7620,0xCfA3Ef56d303AE4fAabA0592388F19d7C3399FB4,0xd9aAEc86B65D86f6A7B5B1b0c42FFA531710b6CA,0x940181a94A35A4569E4529A3CDfB74e38FD98631,18,18,6,10918825278547447389,11409423,10.918825278547448,11.409423,10918825278558856812,0,10125800575528955765,10.125800575528956,0.0,0,0,0,nan,0
vAMM-hyUSD/eUSD,0.0005601940347110848,0xb5E331615FdbA7DF49e05CdEACEb14Acdd5091c3,0x025137c819298654162de2609f407514De4bb027,0xCc7FF230365bD730eE4B352cC2492CEdAC49383e,0xCfA3Ef56d303AE4fAabA0592388F19d7C3399FB4,0x940181a94A35A4569E4529A3CDfB74e38FD98631,18,18,18,0,0,0.0,0.0,0,28181613216615,3247300174819570988135,3247.300174819571,7.317637255498818e-24,0.023762564739047518,0,0.023762564739047518,136656.1316289015,1788998400
sAMM-LUSD/USDbC,3.080726246881652e-06,0x8c7D15fCB443e07C5dc980901A6281f96D87C10F,0xe69e310cE7dBC2F43A8671e140d435c0128a725E,0x368181499736d0c0CC614DBB145E2EC1AC86b8c6,0xd9aAEc86B65D86f6A7B5B1b0c42FFA531710b6CA,0x940181a94A35A4569E4529A3CDfB74e38FD98631,18,18,6,5442986603090874953,4923923,5.442986603090875,4.923923,5442986603095798876,0,17858174597002851894,17.85817459700285,0.0,0,0,0,nan,0
vAMM-WETH/VELA,0.0004113767675215963,0x951FdfA193D92C74c9e35Ea8C8C757CBCBB85147,0xA0eBBC0F5AdCc34E7ca3Ea5BaC654C00817B8F0B,0x4200000000000000000000000000000000000006,0x5A76A56ad937335168b30dF3AA1327277421C6Ae,0x940181a94A35A4569E4529A3CDfB74e38FD98631,18,18,18,7036149572747505,4091390541178038066956,0.007036149572747505,4091.390541178038,4091397577327610814461,0,2384644902151715785546,2384.644902151716,0.0,0,0,0,nan,0
vAMM-WETH/OVN,2.7396451292898433e-09,0xBE0aBf47Dd240d84941024433724004F0C92CDe5,0xc641c66daB86250414628aB98848A4762d288650,0x4200000000000000000000000000000000000006,0xA3d1a8DEB97B111454B294E2324EfAD13a9d8396,0x940181a94A35A4569E4529A3CDfB74e38FD98631,18,18,18,2133318983493169,7545203024934392222,0.002133318983493169,7.545203024934392,7547336343917885391,0,15881015426868585,0.015881015426868584,0.0,0,0,0,nan,0
sAMM-WETH/USDC,0.0005384598554788675,0x3548029694fbB241D45FB24Ba0cd9c9d4E745f16,0xaeBA79D1108788E5754Eb30aaC64EB868a3247FC,0x4200000000000000000000000000000000000006,0x833589fCD6eDb6E08f4c7C32D4f71b54bdA02913,0x940181a94A35A4569E4529A3CDfB74e38FD98631,18,18,6,0,0,0.0,0.0,0,27088234503615,3121312749664751133962,3121.312749664751,1.53339699962884e-21,4.786211605239174,0,4.786211605239174,652.1468349305827,1788998400
vAMM-SEAM/WETH,3.7636387707192574e-05,0x1B00a1aFE48aDB8D8C76b854da22a70011446481,0x8362A202E02f1B5DD75d86E9B6A4Ddf3FbAe37E4,0x1C7a460413dD4e964f96D8dFC56E7223cE88CD85,0x4200000000000000000000000000000000000006,0x940181a94A35A4569E4529A3CDfB74e38FD98631,18,18,18,361133488521760390014,24743715553978841,361.1334885217604,0.02474371555397884,361158232237314368855,0,218168421668709422546,218.16842166870944,0.0,0,0,0,nan,0
vAMM-SEAM/USDC,0.0001482576003339024,0xB0d931138BF96501654f2268Cdd84420151fF52e,0xfbE95C0DcE6a5A9D61068281523A1DA37F332bd3,0x1C7a460413dD4e964f96D8dFC56E7223cE88CD85,0x833589fCD6eDb6E08f4c7C32D4f71b54bdA02913,0x940181a94A35A4569E4529A3CDfB74e38FD98631,18,18,6,0,0,0.0,0.0,0,7458388253384,859411028414303450560,859.4110284143035,5.1682250961353414e-20,44.41629644946286,0,44.41629644946286,19.349002440852914,1788998400
vAMM-SEAM/USDbC,4.227716242093803e-05,0x42e8dC1b1891C103291Ec01D903451E729DaAACc,0xf2669b18Eb18052A6fa7aA87294C629e3B158c1D,0x1C7a460413dD4e964f96D8dFC56E7223cE88CD85,0xd9aAEc86B65D86f6A7B5B1b0c42FFA531710b6CA,0x940181a94A35A4569E4529A3CDfB74e38FD98631,18,18,6,0,0,0.0,0.0,0,2126835257527,245069794417200163833,245.06979441720017,5.490385022527179e-22,0.13455275287420107,0,0.13455275287420107,1821.3658894539753,1788998400
vAMM-USDC/WELL,5.674306056824489e-08,0x790027573FD4ccD0132e04c194E7a963c2521f1d,0x83a7D55b902Db2069c7c776856d864a8C381A392,0x833589fCD6eDb6E08f4c7C32D4f71b54bdA02913,0xFF8adeC2221f9f4D8dfbAFa6B9a297d17603493D,0x940181a94A35A4569E4529A3CDfB74e38FD98631,18,6,18,127036474,4978431008892073654669,127.036474,4978.431008892074,4978431008892200691143,0,328924870822822185,0.32892487082282224,0.0,0,0,0,nan,0
sAMM-USDC/AERO,0.0003122273930907974,0x861Ee8B9F7e42eDCF4f1B5614c6595F71A879f3f,0x63f85D5D213A83F3C0C76E3A26Cdcaca34aBE784,0x833589fCD6eDb6E08f4c7C32D4f71b54bdA02913,0x940181a94A35A4569E4529A3CDfB74e38FD98631,0x940181a94A35A4569E4529A3CDfB74e38FD98631,18,6,18,24927428745,27842867250924783616135,24927.428745,27842.867250924784,27842867250949711044880,0,1809901579352078398691,1809.9015793520782,0.0,0,0,0,nan,0
sAMM-WETH/wstETH,2.1484456748876753e-07,0x29BBb5F85F01702Ec85D217CEEb2d9657700cF04,0xc3A4ADA162B989326326db7aec07000bEA6Bb69c,0x4200000000000000000000000000000000000006,0xc1CBa3fCea344f92D9239c08C0568f6F2F0ee452,0x940181a94A35A4569E4529A3CDfB74e38FD98631,18,18,18,0,0,0.0,0.0,0,10808219587,1245398483982651666,1.2453984839826517,0.0,0,0,0,nan,0
vAMM-USDC/DEUS,0.017043085815999292,0xf185f82A1948d014baE23d30b06FA8Da35110315,0xC5170E37875cfD19872692E1086C49F205b5Fca6,0x833589fCD6eDb6E08f4c7C32D4f71b54bdA02913,0xDE5ed76E7c05eC5e4572CfC88d1ACEA165109E44,0x940181a94A35A4569E4529A3CDfB74e38FD98631,18,6,18,0,0,0.0,0.0,0,857389209786585,98794367880590956761796,98794.36788059096,0.0,0,0,0,nan,0
vAMM-WETH/DEGEN,0.0068686339764271265,0x2C4909355b0C036840819484c3A882A95659aBf3,0x86A1260AB9f758026Ce1a5830BdfF66DBcF736d5,0x4200000000000000000000000000000000000006,0x4ed4E862860beD51a9570b96d89aF5E1B0Efefed,0x940181a94A35A4569E4529A3CDfB74e38FD98631,18,18,18,0,0,0.0,0.0,0,345542489533350,39815697651844535559339,39815.69765184453,1.5554962302037923e-21,61.933167600378155,0,61.933167600378155,642.8816609018626,1788998400
vAMM-TYBG/WETH,0.031174463970750896,0x20000FbfeDFD172821821C9c59284129B04ffB2e,0xa1D8F6a8EC2236A9919eB7E990Bb27791C139a37,0x0d97F261b1e88845184f678e2d1e7a98D9FD38dE,0x4200000000000000000000000000000000000006,0x940181a94A35A4569E4529A3CDfB74e38FD98631,18,18,18,0,0,0.0,0.0,0,1568299857126011,180710318263806129814448,180710.31826380614,1.685325805594794e-21,304.5557627072407,0,304.5557627072407,593.3570806785782,1788998400
vAMM-WETH/NPC,0.020478323165783706,0x5E14319D52c9C18a04BFBBE12dd3a0FE3C1A816a,0xd1D3cbD443443d6cfee567C5A85B94Df633CdCAB,0x4200000000000000000000000000000000000006,0xB166E8B140D35D9D8226E40C09f757BAC5A4d87d,0x940181a94A35A4569E4529A3CDfB74e38FD98631,18,18,18,0,0,0.0,0.0,0,1031915646020727,118707551804898300024342,118707.55180489829,0.0,0,0,0,nan,0
vAMM-SEAM/AERO,0.0008324864743867407,0xB77d96D27E0D3C0C04d02771d564A6E242992af0,0x0C6612326e1b28Ad3F20C62F8aef1dB88e0C293c,0x1C7a460413dD4e964f96D8dFC56E7223cE88CD85,0x940181a94A35A4569E4529A3CDfB74e38FD98631,0x940181a94A35A4569E4529A3CDfB74e38FD98631,18,18,18,843622845320421212407,206249229988226136904,843.6228453204212,206.24922998822615,1049872075308647349311,0,4825709140593066127251,4825.709140593067,0.0,0,0,0,nan,0
sAMM-MAI/eUSD,2.2831135759809556e-06,0x413d78628d688edcdE29518199A3A3DB955068EC,0x2cC76EF706B2fC694F86c633b880a6dde81687F1,0xbf1aeA8670D2528E08334083616dD9C5F3B087aE,0xCfA3Ef56d303AE4fAabA0592388F19d7C3399FB4,0x940181a94A35A4569E4529A3CDfB74e38FD98631,18,18,18,1375165161987895282065,718639922160941822697,1375.1651619878953,718.6399221609419,2093805084148837104762,0,13234619890659094483,13.234619890659095,0.0,0,0,0,nan,0
vAMM-WETH/TKN,0.00705868424589778,0x1a9f461a371559f82976fa18C46A6A0d29f131d0,0xe157D5a0C9a533ebbdEaDb43633ce76d61816778,0x4200000000000000000000000000000000000006,0x78b3C724A2F663D11373C4a1978689271895256f,0x940181a94A35A4569E4529A3CDfB74e38FD98631,18,18,18,2863192568960,12685198817630011388,2.86319256896e-06,12.685198817630011,12685201680822580348,355102609133088,40917369992205760371480,40917.36999220576,1.1864643725136682e-21,48.547001712712,0,48.547001712712,842.8403103932898,1788998400
vAMM-WETH/TOSHI,7.32744544631443e-05,0x081E4455d91726212D1fa9AfFeE80637D1f7bE8E,0x3356d4D0D25B033d28f566c9D62d4D8112F4BC29,0x4200000000000000000000000000000000000006,0xAC1Bd2486aAf3B5C0fc3Fd868558b082a531B2B4,0x940181a94A35A4569E4529A3CDfB74e38FD98631,18,18,18,27782102004789145,147701616771774767946132,0.027782102004789144,147701.61677177477,147701644553876772735277,0,424753092757752782095,424.75309275775277,0.0,0,0,0,nan,0
vAMM-WETH/BETS,1.9961345688373498e-07,0xb7A0B6322834014F95841e643Dffa7Bb9b9Dc0ED,0xCa311e2460EaB52b3f2008B5cDeF0486556Bafb3,0x4200000000000000000000000000000000000006,0x94025780a1aB58868D9B2dBBB775f44b32e8E6e5,0x940181a94A35A4569E4529A3CDfB74e38FD98631,18,18,18,27938994086167900,740058054108096244880133,0.0279389940861679,740058.0541080963,740058082047090331048033,0,1157107668540593198,1.1571076685405932,0.0,0,0,0,nan,0
vAMM-AERO/ZOOMER,0.0012852076929100484,0x45D8c7BF5be7c99D39cDC724f60497BD79546458,0xaCF2c5e2c6e54b0AE44DaeF6C12136bCEab88d07,0x940181a94A35A4569E4529A3CDfB74e38FD98631,0xD1dB4851bcF5B41442cAA32025Ce0Afe6B8EabC2,0x940181a94A35A4569E4529A3CDfB74e38FD98631,18,18,18,93773763089949785838,43614210615296432799324992,93.77376308994978,43614210.61529643,43614304389059522749110830,0,7450017149894643817725,7450.017149894644,0.0,0,0,0,nan,0
vAMM-WETH/DOG,0.0006825887191236989,0xa01fd0F24a2E6fEf6b2ed7573Cb6F59164D396E0,0x040a3f6bc2d8DCD26879d29CaF6Bc4581d6477aA,0x4200000000000000000000000000000000000006,0xAfb89a09D82FBDE58f18Ac6437B3fC81724e4dF6,0x940181a94A35A4569E4529A3CDfB74e38FD98631,18,18,18,0,0,0.0,0.0,0,34339175659796,3956790557549280572740,3956.7905575492805,7.619558514361881e-21,30.148997182321317,0,30.148997182321317,131.24119962004747,1788998400
vAMM-WETH/DHT,0.0017402860126669484,0x688b0380360C84135769D4F75d70038119846a8E,0xF42c2da9E11AE1B272c0F4DFd03ab40D06aA709E,0x4200000000000000000000000000000000000006,0x54BC229d1cB15F8B6415EfEab4290a40bc8b7D84,0x940181a94A35A4569E4529A3CDfB74e38FD98631,18,18,18,0,0,0.0,0.0,0,87549040019262,10087988666434137852445,10087.988666434137,6.368244503975676e-23,0.642427783811881,0,0.642427783811881,15702.914663149366,1788998400
vAMM-AERO/DOG,1.7468555670420102e-08,0xa99e526aB91d3E5d5bAC58551D1a27C8a253591c,0xeC4C5DAD3bac5399fb0FF04C95D02dC15a3472CD,0x940181a94A35A4569E4529A3CDfB74e38FD98631,0xAfb89a09D82FBDE58f18Ac6437B3fC81724e4dF6,0x940181a94A35A4569E4529A3CDfB74e38FD98631,18,18,18,19022964932546192908,12020708494878410684324,19.02296493254619,12020.70849487841,12039731459810956877232,0,101260706768604499,0.10126070676860449,0.0,0,0,0,nan,0
vAMM-WETH/WELS,0.0003770656465598521,0xCaedc2561356B6a01a94E3C0438011459E91FBb9,0xdE41799DE5fB357f501dd9386ACee424E816f7a6,0x4200000000000000000000000000000000000006,0x7F62ac1e974D65Fab4A81821CA6AF659A5F46298,0x940181a94A35A4569E4529A3CDfB74e38FD98631,18,18,18,0,0,0.0,0.0,0,18969143658154,2185752193208839526034,2185.7521932088393,0.0,0,0,0,nan,0
vAMM-WETH/axlOP,0.05748050246385069,0x6a071315B5Ae7da81CA56901ff13893F84776c7B,0xf2B43787C9F841B69567Df52DD6669F4D6De293f,0x4200000000000000000000000000000000000006,0x994ac01750047B9d35431a7Ae4Ed312ee955E030,0x940181a94A35A4569E4529A3CDfB74e38FD98631,18,18,18,11544724306570962,61426794826764082151,0.011544724306570962,61.42679482676408,61438339551070653113,0,333199631081122755627915,333199.6310811228,0.0,0,0,0,nan,0
vAMM-WETH/bsdETH,0.05453874384845176,0x6B87B8663eE63191887F18225F79D9eEb2DE0d34,0x25F30f8be46a9dc4A02eAF5a70c48bcB47A11807,0x4200000000000000000000000000000000000006,0xCb327b99fF831bF8223cCEd12B1338FF3aA322Ff,0x940181a94A35A4569E4529A3CDfB74e38FD98631,18,18,18,0,0,0.0,0.0,0,2743697420781568,316147015961812037216176,316147.01596181205,2.672114162231553e-25,0.08447809186988028,0,0.08447809186988028,3742355.0764944623,1788998400
vAMM-WETH/L2VE,0.00029125873720118814,0x253Da544f498b85429F6ACDc6E98B36b36c1C824,0x3d9E2D8AF6FF16a62217c8a559Ee5987c72acb86,0x4200000000000000000000000000000000000006,0xA19328fb05ce6FD204D16c2a2A98F7CF434c12F4,0x940181a94A35A4569E4529A3CDfB74e38FD98631,18,18,18,82690584896587316,1751392367476567767925429,0.08269058489658732,1751392.3674765679,1751392450167152664512745,0,1688351695353086434746,1688.3516953530864,0.0,0,0,0,nan,0
vAMM-AERO/BASED,5.386766545132501e-07,0x4b1aFCB3F6b525030c9B548839a0E66c058d9B3F,0xB14FAFC5194250477156b6bE22f7b41E95cC0F81,0x940181a94A35A4569E4529A3CDfB74e38FD98631,0xBa5E6fa2f33f3955f0cef50c63dCC84861eAb663,0x940181a94A35A4569E4529A3CDfB74e38FD98631,18,18,18,1636089184357214367,91110194399960883003,1.6360891843572143,91.11019439996089,92746283584318097370,0,3122569477688666806,3.1225694776886668,0.0,0,0,0,nan,0
vAMM-GB/WETH,6.518721039084706e-05,0x284ddaDA0B71F2D0D4e395B69b1013dBf6f3e6C1,0x83FC503345Dcde6197b2BD8eaa82ccb4b737Be40,0x2aF864fb54b55900Cd58d19c7102d9e4FA8D84a3,0x4200000000000000000000000000000000000006,0x940181a94A35A4569E4529A3CDfB74e38FD98631,18,18,18,1046027079111285775069623,647981365619681921,1046027.0791112857,0.6479813656196819,1046027727092651394751544,0,377873427030281022205,377.87342703028105,0.0,0,0,0,nan,0
vAMM-WETH/doginme,0.047226005403795304,0x139E9f235588A9720e7Eab045da29dC781c4b658,0x666c383e4EAb3328660A85d1C41FFDce9D85D8eE,0x4200000000000000000000000000000000000006,0x6921B130D297cc43754afba22e5EAc0FBf8Db75b,0x940181a94A35A4569E4529A3CDfB74e38FD98631,18,18,18,0,0,0.0,0.0,0,2375828950635327,273756959377239792737462,273756.9593772398,0.0,0,0,0,nan,0
vAMM-DEGEN/USDC,2.3326735793014583e-06,0x637ad8d2611d3efE2ef41fdBb40b9F21AbAF9585,0xF2478BEB6030CbA9069cD471c6C653B34dD7c093,0x4ed4E862860beD51a9570b96d89aF5E1B0Efefed,0x833589fCD6eDb6E08f4c7C32D4f71b54bdA02913,0x940181a94A35A4569E4529A3CDfB74e38FD98631,18,18,6,257379621657464210137973,468607817,257379.62165746422,468.607817,257379621657464678745790,0,13521906433311636055,13.521906433311635,0.0,0,0,0,nan,0
vAMM-AERO/TOSHI,0.00037754078089309313,0x4660Ff55A4Db144734AE76550Ee3093e0BA7F8D1,0xDA58433E3eE06c5CCC27D9E2794aC9CE54576A2c,0x940181a94A35A4569E4529A3CDfB74e38FD98631,0xAC1Bd2486aAf3B5C0fc3Fd868558b082a531B2B4,0x940181a94A35A4569E4529A3CDfB74e38FD98631,18,18,18,0,0,0.0,0.0,0,18993228948736,2188506424257001237812,2188.506424257001,0.0,0,0,0,nan,0
vAMM-WETH/FARM,6.506584189003883e-05,0x5A5Fb78963938B4855BF257b186e1c4daFC9f482,0x47B8a299407Ee3b2B1cd9D98846E1D67c8817a20,0x4200000000000000000000000000000000000006,0xD08a2917653d4E460893203471f0000826fb4034,0x940181a94A35A4569E4529A3CDfB74e38FD98631,18,18,18,150183201353282654,28969753257372948245,0.15018320135328264,28.969753257372947,29119936458726230899,0,377169885168941075875,377.16988516894105,0.0,0,0,0,nan,0
vAMM-GROW/WETH,3.98227165959653e-05,0xDa74029240F657a7be372906290300dBb8F1BcCd,0x8c021a56b951b22491Aa74404275732281367ba5,0x321725ee44CB4bfA544CF45a5A585b925d30A58C,0x4200000000000000000000000000000000000006,0x940181a94A35A4569E4529A3CDfB74e38FD98631,18,18,18,245532977143475730612,30829937976484863,245.53297714347573,0.030829937976484863,245563807081452215475,0,230842005717826175057,230.84200571782617,0.0,0,0,0,nan,0
vAMM-KWENTA/WETH,6.530626600283582e-05,0xc91cE85Da7FB4523926a2930e930A8B52a7B85B2,0xc7D62524C372125830A234f0E197C335d0F973FE,0x37Ab9F42051C112CAAba55AB6487dd74286A0B29,0x4200000000000000000000000000000000000006,0x940181a94A35A4569E4529A3CDfB74e38FD98631,18,18,18,94209703541959521,72740055945466,0.09420970354195952,7.2740055945466e-05,94282443597904987,0,378563561672331858655,378.5635616723319,0.0,0,0,0,nan,0
vAMM-USDC/DOG,6.176134493957555e-06,0x1bA78f0373178F4d7996267D005eCbc29e14c99F,0xc3ef893d3E8F7521525fE138505262AE8B3D99BA,0x833589fCD6eDb6E08f4c7C32D4f71b54bdA02913,0x9E53e88dCff56d3062510A745952DEC4cEFDff9E,0x940181a94A35A4569E4529A3CDfB74e38FD98631,18,6,18,1628175,11827440607312735460761,1.628175,11827.440607312736,11827440607312737088936,0,35801456958179031303,35.80145695817903,0.0,0,0,0,nan,0
vAMM-wBaseDOGE/DOG,2.433638779259257e-09,0x2d9Fef5A2EF3A66b8b458C547F8D6F4af4C413Ad,0xA53FdF59E0Ecd1adC7e41c161b54aE3D32B2f0a5,0x373504DA48418C67E6FCD071F33Cb0b3B47613C7,0xAfb89a09D82FBDE58f18Ac6437B3fC81724e4dF6,0x940181a94A35A4569E4529A3CDfB74e38FD98631,18,18,18,265049724023703167596204,54294675846295320050,265049.7240237032,54.29467584629532,265104018699549462916254,0,14107175627837684,0.014107175627837684,0.0,0,0,0,nan,0
sAMM-USDC/STAR,0.00023701547870730275,0xF45F6cDBcd0D2D4Bf4d9758b032a66A2cf4e55C8,0xc115982d35fe4304274FEEf5b351256342BB6C2e,0x833589fCD6eDb6E08f4c7C32D4f71b54bdA02913,0xC19669A405067927865B40Ea045a2baabbbe57f5,0x940181a94A35A4569E4529A3CDfB74e38FD98631,18,6,18,0,0,0.0,0.0,0,11923707602530,1373917531696163397141,1373.9175316961635,0.0,0,0,0,nan,0
vAMM-WETH/VITA,7.211092431831619e-07,0x152f55611636A3E6273D1367F6E0360aBad7D319,0xB193Cf7E7820655F1837CcBB0fe3c96Db90faF1f,0x4200000000000000000000000000000000000006,0x490a4B510d0Ea9f835D2dF29Eb73b4FcA5071937,0x940181a94A35A4569E4529A3CDfB74e38FD98631,18,18,18,8058689736743963,36439045754781374393,0.008058689736743964,36.439045754781375,36447104444518118356,0,4180084089364464670,4.180084089364465,0.0,0,0,0,nan,0
vAMM-WETH/SPX,0.0964629536824252,0xe96a4E9EA3a2C6Db214174738a19Eb7Dbb8A3069,0xCC38E1fc0f8BD866143f672D9E4340f05D262543,0x4200000000000000000000000000000000000006,0x50dA645f148798F68EF2d7dB7C1CB22A6819bb2C,0x940181a94A35A4569E4529A3CDfB74e38FD98631,18,18,8,17524517123870543,5110489353,0.017524517123870542,51.10489353,17524522234359896,4871504535935447,559170835366186150553978,559170.8353661862,2.2311175064233047e-21,1247.5758398668415,0,1247.5758398668415,448.2058865662777,1788998400
sAMM-DEGEN/DOG,5.875945301029296e-06,0x56EA567EfCf632E3427D84E3D70c7DE24377AfB8,0xf6B598c9E06322571901eEe8F33AB39B10a58904,0x4ed4E862860beD51a9570b96d89aF5E1B0Efefed,0xAfb89a09D82FBDE58f18Ac6437B3fC81724e4dF6,0x940181a94A35A4569E4529A3CDfB74e38FD98631,18,18,18,172626309720793512155,280669999368967091155,172.6263097207935,280.66999936896707,453296309089760603310,0,34061337716856462873,34.061337716856464,0.0,0,0,0,nan,0
vAMM-YFX/AERO,3.0404460976576574e-05,0x448686cA47fBE77d8fc9EEc6829837bF45E8ea75,0xCEc1D4EFF7d6a785447Ff48C336feE57A29804d0,0x8901cB2e82CC95c01e42206F8d1F417FE53e7Af0,0x940181a94A35A4569E4529A3CDfB74e38FD98631,0x940181a94A35A4569E4529A3CDfB74e38FD98631,18,18,18,8259971638660583943,17711143017335908974,8.259971638660584,17.71114301733591,25971114655996492917,0,176246809724513266552,176.24680972451324,0.0,0,0,0,nan,0
vAMM-WETH/TOWER,0.0021425288949937504,0xAaCE080ea9CE5e7942Ea826d311b6170BdfCf73B,0xb00ec5Ccd55b47d92e29496ca322B1F64a5c24B5,0x4200000000000000000000000000000000000006,0xf7C1CEfCf7E1dd8161e00099facD3E1Db9e528ee,0x940181a94A35A4569E4529A3CDfB74e38FD98631,18,18,18,0,0,0.0,0.0,0,107785737088620,12419686794518303583345,12419.686794518304,0.0,0,0,0,nan,0
vAMM-WETH/WAMPL,1.5735421726473812e-05,0xfa4d06CA791C0316baD2d97910ac391cF9a71BD2,0x93964594cEcbe653273BEA3eae3bdB8D6d720fA5,0x4200000000000000000000000000000000000006,0x489fe42C267fe0366B16b0c39e7AEEf977E841eF,0x940181a94A35A4569E4529A3CDfB74e38FD98631,18,18,18,711492869909128,54776510443808443,0.000711492869909128,0.05477651044380844,55488003313717571,0,91214176797850489099,91.21417679785048,0.0,0,0,0,nan,0
vAMM-WETH/TN100x,0.05120982158256604,0x8f5F1D63599362115e7F9fe71BFD5ab883D82c82,0x931143b901A1c81bA1657cF0F2AcD126F75ca4Fd,0x4200000000000000000000000000000000000006,0x5B5dee44552546ECEA05EDeA01DCD7Be7aa6144A,0x940181a94A35A4569E4529A3CDfB74e38FD98631,18,18,18,0,0,0.0,0.0,0,2576249206417227,296850113127874049854376,296850.11312787404,2.62796351222377e-22,78.01112658995514,0,78.01112658995514,3805.227870739365,1788998400
sAMM-USDC/USX,0.004247816133668065,0x1f019b4420936a800fF6f54c00d9da05445DE433,0x62b2Da7b10dde762B3b020AAEe409786b548684C,0x833589fCD6eDb6E08f4c7C32D4f71b54bdA02913,0xc142171B138DB17a1B7Cb999C44526094a4dae05,0x940181a94A35A4569E4529A3CDfB74e38FD98631,18,6,18,0,0,0.0,0.0,0,213697931474422,24623493323301455731959,24623.493323301456,0.0,0.0,0,0.0,nan,1788998400
sAMM-BRETT/AERO,0.0002153789883883885,0xFfa80952B3800240F11AD25E45e8d3E5C1593E70,0xCab96B63cB77Eb0f771D09197860cE159F197Cc6,0x532f27101965dd16442E59d40670FaF5eBB142E4,0x940181a94A35A4569E4529A3CDfB74e38FD98631,0x940181a94A35A4569E4529A3CDfB74e38FD98631,18,18,18,0,0,0.0,0.0,0,10835233289317,1248496383948083148809,1248.4963839480831,0.0,0,0,0,nan,0
vAMM-WETH/CHAD,0.0011412260400451586,0x17Cf4aBb54a9D18c90FA0e36B8669aB0f4936f2e,0x346C6cfaC949E9d7FCA69cFf0a882c06e86C9245,0x4200000000000000000000000000000000000006,0xecaF81Eb42cd30014EB44130b89Bcd6d4Ad98B92,0x940181a94A35A4569E4529A3CDfB74e38FD98631,18,18,18,362739211751531966,59391782833486322261092194,0.36273921175153195,59391782.83348632,59391783196225534012624160,0,6615392684891008078635,6615.392684891008,0.0,0,0,0,nan,0
vAMM-fBOMB/wstETH,0.006290218671477513,0xBd1F3d188de7eE07B1b323C0D26D6720CAfB8780,0x56b13a025EE67FE7645cd4c09033673e3Cb207Ba,0x74ccbe53F77b08632ce0CB91D3A545bF6B8E0979,0xc1CBa3fCea344f92D9239c08C0568f6F2F0ee452,0x940181a94A35A4569E4529A3CDfB74e38FD98631,18,18,18,0,0,0.0,0.0,0,316446777172993,36462773478259022007251,36462.77347825902,1.2372467883363777e-20,451.1344937981283,0,451.1344937981283,80.8246187767128,1788998400
vAMM-cbETH/fBOMB,6.982222859066506e-07,0x40834a402B9013f1fD7575EABa84E1589205099d,0x33BD3859141EEB7FCf8d71A9A52F554C6Ca5a278,0x2Ae3F1Ec7F1F5012CFEab0185bfc7aa3cf0DEc22,0x74ccbe53F77b08632ce0CB91D3A545bF6B8E0979,0x940181a94A35A4569E4529A3CDfB74e38FD98631,18,18,18,3690652292919441,523645163488803580583,0.003690652292919441,523.6451634888036,523648854141096500024,0,4047414307538898338,4.047414307538898,0.0,0,0,0,nan,0
vAMM-DEGEN/MAI,0.0004392094176945154,0xe7c22c22Be0ba467AD5a32F607112e10d89778af,0x44d708dba44160FA748c25a7d3fbC4C73dE4b87F,0x4ed4E862860beD51a9570b96d89aF5E1B0Efefed,0xbf1aeA8670D2528E08334083616dD9C5F3B087aE,0x940181a94A35A4569E4529A3CDfB74e38FD98631,18,18,18,4294504501427395926569,11334671640690443475,4294.504501427396,11.334671640690443,4305839173068086370044,0,2545983588699538788138,2545.983588699539,0.0,0,0,0,nan,0
sAMM-WETH/rETH,4.0561568029623175e-05,0xb8866732424AcDdd729C6fcf7146b19bFE4A2e36,0xAa3D51d36BfE7C5C63299AF71bc19988BdBa0A06,0x4200000000000000000000000000000000000006,0xB6fe221Fe9EeF5aBa221c348bA20A1Bf5e73624c,0x940181a94A35A4569E4529A3CDfB74e38FD98631,18,18,18,0,0,0.0,0.0,0,2040659752078,235124936704266101517,235.1249367042661,0.0,0,0,0,nan,0
vAMM-RSR/bsdETH,0.0005352289831016757,0x95F04B5594e2a944CA91d56933D119841eeF9a99,0x190351cf2a6e2ac19A528b283E0748eD0652799d,0xaB36452DbAC151bE02b16Ca17d8919826072f64a,0xCb327b99fF831bF8223cCEd12B1338FF3aA322Ff,0x940181a94A35A4569E4529A3CDfB74e38FD98631,18,18,18,0,0,0.0,0.0,0,26926208665041,3102584216718688427621,3102.584216718689,5.033993221531296e-21,15.618387916191866,0,15.618387916191866,198.64945302723487,1788998400
vAMM-WETH/SEXY,0.0198173901845377,0x862a9D8443BbF74CF86bC05aFC8e05c63319DC1e,0x2F1c1492F6057808C3fd16eef67E0237FBAeBF4B,0x4200000000000000000000000000000000000006,0xD1917629B3E6A72E6772Aab5dBe58Eb7FA3C2F33,0x940181a94A35A4569E4529A3CDfB74e38FD98631,18,18,18,0,0,0.0,0.0,0,996968401800192,114876293968225523664709,114876.29396822552,3.541583886279734e-24,0.4068440316334013,0,0.4068440316334013,282359.5408466952,1788998400
vAMM-TKN/AERO,0.03688028926147657,0xd88b9f7185f404015B665e070A5EF03a7e26661F,0x82FDF8F646c6dcF7966734146486114f60C7Def5,0x78b3C724A2F663D11373C4a1978689271895256f,0x940181a94A35A4569E4529A3CDfB74e38FD98631,0x940181a94A35A4569E4529A3CDfB74e38FD98631,18,18,18,174962804658031080693,138253712840632265,174.96280465803108,0.13825371284063226,175101058370871712958,1855364540969239,213785514206617899397079,213785.5142066179,3.4164242436789785e-22,73.03820136828661,0,73.03820136828661,2927.036950549061,1788998400
vAMM-AERO/USD+,0.0003769517464706532,0x267d950110D9ED57999c3451b89C35a9D278C074,0x45D3ef9d20f9eA644aB9bc706e630311050de370,0x940181a94A35A4569E4529A3CDfB74e38FD98631,0xB79DD08EA68A908A97220C76d19A6aA9cBDE4376,0x940181a94A35A4569E4529A3CDfB74e38FD98631,18,18,6,37304596419786665572,29504895,37.30459641978666,29.504895,37304596419816170467,0,2185091943801223861701,2185.091943801224,0.0,0,0,0,nan,0
vAMM-WETH/PRIME,0.0007431688863623419,0xB21b821EC1bB22d0241AE425e07e14d1CCea4AeD,0x2C477011BB6dF2828Da8367Bae4C5bA7381C0240,0x4200000000000000000000000000000000000006,0xfA980cEd6895AC314E7dE34Ef1bFAE90a5AdD21b,0x940181a94A35A4569E4529A3CDfB74e38FD98631,18,18,18,17727759168985537,20258565665219705786,0.017727759168985537,20.258565665219706,20276293424388691323,0,4307958144983698775490,4307.958144983699,0.0,0,0,0,nan,0
vAMM-BAVA/AERO,0.00010363930793331089,0xD3c2fa602B8da5b0b9c25dFBE7F2f31Bb512dB13,0xE3Da183CDBbd0F01867605C632F1E275e7eD6E3D,0x3fbdE9864362CE4Abb244EbeF2EF0482ABA8eA39,0x940181a94A35A4569E4529A3CDfB74e38FD98631,0x940181a94A35A4569E4529A3CDfB74e38FD98631,18,18,18,4736116605622326098103758,2756516771237536321799,4736116.605622326,2756.5167712375364,4738873122393563634425557,0,600770307994428256912,600.7703079944282,0.0,0,0,0,nan,0
vAMM-Mog/WETH,0.0015963518443919637,0x4A311ac4563abc30E71D0631C88A6232C1309ac5,0x8FCc385d8d7f3A2e087853a79531630Bf96575e8,0x2Da56AcB9Ea78330f947bD57C54119Debda7AF71,0x4200000000000000000000000000000000000006,0x940181a94A35A4569E4529A3CDfB74e38FD98631,18,18,18,9856734585145054715032983348,601133487774334295,9856734585.145054,0.6011334877743343,9856734585746188202807317643,0,9253639457337465307181,9253.639457337466,0.0,0,0,0,nan,0
vAMM-VIRTUAL/WETH,0.633019363669319,0x21594b992F68495dD28d605834b58889d0a727c7,0xBD62Cad65b49b4Ad9C7aa9b8bDB89d63221F7af5,0x0b3e328455c4059EEb9e3f84b5543F74E24e7E1b,0x4200000000000000000000000000000000000006,0x940181a94A35A4569E4529A3CDfB74e38FD98631,18,18,18,206238429115685719069,15740677141660948,206.23842911568573,0.01574067714166095,206254169792827380017,31411385140949101,3669449802991409888419873,3669449.8029914103,4.28293550117329e-21,15716.016831005245,0,15716.016831005245,233.48472087101354,1788998400
vAMM-HIGHER/WETH,0.002302894974160228,0xcEdF590857aE7Fbd4A342Ce9Ee9CA111570A1ca2,0x8Ee017223529FC20FA5B8D6f1D048003A424D9CC,0x0578d8A44db98B23BF096A382e016e29a5Ce0ffe,0x4200000000000000000000000000000000000006,0x940181a94A35A4569E4529A3CDfB74e38FD98631,18,18,18,75397377554238113514117,8707453065819981,75397.37755423812,0.008707453065819982,75397386261691179334098,0,13349287548266080198429,13349.287548266082,0.0,0,0,0,nan,0
vAMM-BRETT/AERO,0.004440440313105273,0x43BBb129b56A998732767725A183b7a566843dBA,0x80c6eF2039c429d905D125Bba5FD99125646aee9,0x532f27101965dd16442E59d40670FaF5eBB142E4,0x940181a94A35A4569E4529A3CDfB74e38FD98631,0x940181a94A35A4569E4529A3CDfB74e38FD98631,18,18,18,0,0,0.0,0.0,0,223389083502383,25740085955144679011638,25740.08595514468,5.411889079691139e-21,139.30249009095877,0,139.30249009095877,184.77836209774475,1788998400
vAMM-WETH/LUCHA,0.030345933482948593,0x0D4953d2BDe145D316296CC72cCE509D899a5529,0xd3011443522E904092232CD7C73586D0b1b61418,0x4200000000000000000000000000000000000006,0xF4435cC8b478d54313F04c956882BE3D9aCf9F6F,0x940181a94A35A4569E4529A3CDfB74e38FD98631,18,18,18,0,0,0.0,0.0,0,1526682757432944,175907540955991070706232,175907.54095599108,1.8944826459334987e-26,0.003332537836299613,0,0.003332537836299613,52784859.346507974,1788998400
vAMM-USD+/sFRAX,7.911699005486452e-08,0xbB38EeBd670A9F3cafe6D3170862ccD930cB25f9,0xEc4288995734ca01eAfC97588658F37515823502,0xB79DD08EA68A908A97220C76d19A6aA9cBDE4376,0xe4796cCB6bB5DE2290C417Ac337F2b66CA2E770E,0x940181a94A35A4569E4529A3CDfB74e38FD98631,18,6,18,71251621,57911563192175139262,71.251621,57.91156319217514,57911563192246390883,0,458620763016268660,0.4586207630162687,0.0,0,0,0,nan,0
vAMM-WELS/USDC,0.000500356327602556,0xfEA9E8a7daEf9497ffF3e3501eD504984f96aa33,0xE4be724E22FeFeB2969f53865222E58c496ef5d7,0x7F62ac1e974D65Fab4A81821CA6AF659A5F46298,0x833589fCD6eDb6E08f4c7C32D4f71b54bdA02913,0x940181a94A35A4569E4529A3CDfB74e38FD98631,18,18,6,31928108648946930740036,46182488,31928.10864894693,46.182488,31928108648946976922524,0,2900436437053169395503,2900.4364370531694,0.0,0,0,0,nan,0
vAMM-DEGEN/TKN,0.004725289764956628,0xc01162ED99a018D02b8a12f4712B0b9b87a9852F,0x519b415fBC1007d3871BD9F7F679d0593a459888,0x4ed4E862860beD51a9570b96d89aF5E1B0Efefed,0x78b3C724A2F663D11373C4a1978689271895256f,0x940181a94A35A4569E4529A3CDfB74e38FD98631,18,18,18,0,0,0.0,0.0,0,237720824946287,27391284678228581007478,27391.28467822858,0.0,0,0,0,nan,0
vAMM-USDC/WELL,1.0549250107099578e-06,0x81A8c12738F7346094526ECC2487a63f45dD1935,0x47C84ff870c7EeA60420EC8c98B7FBa9D37b478B,0x833589fCD6eDb6E08f4c7C32D4f71b54bdA02913,0xA88594D404727625A9437C3f886C7643872296AE,0x940181a94A35A4569E4529A3CDfB74e38FD98631,18,6,18,75693841,3211892451753549999583,75.693841,3211.89245175355,3211892451753625693424,0,6115127901115079251,6.11512790111508,0.0,0,0,0,nan,0
vAMM-AERO/WELL,0.0011077132774447366,0xCd401DE1cBAa0d770eE5FB70ff622c752C92B8c5,0x57c198edE5e375a273935f5ED8B4D22fE836f080,0x940181a94A35A4569E4529A3CDfB74e38FD98631,0xA88594D404727625A9437C3f886C7643872296AE,0x940181a94A35A4569E4529A3CDfB74e38FD98631,18,18,18,0,0,0.0,0.0,0,55922489921082,6421127853229310128808,6421.12785322931,2.593654527379705e-20,166.54187327412126,0,166.54187327412126,38.55563605112325,1788998400
vAMM-WETH/BENJI,4.9980724339685736e-08,0x9409dBe9d0aE5961A28cf395786Bddc0911eFBec,0x9E5AE7b0CeB4b8E5e2Bb986e63147b912072d2Be,0x4200000000000000000000000000000000000006,0xBC45647eA894030a4E9801Ec03479739FA2485F0,0x940181a94A35A4569E4529A3CDfB74e38FD98631,18,18,18,41177565722259,22831114761904257943,4.1177565722259e-05,22.831114761904256,22831155939469980202,0,289725353768853210,0.28972535376885317,0.0,0,0,0,nan,0
vAMM-WETH/RSR,0.0017825787655884901,0xd204058452F57464E0E5ab8C3Cc9cbCb6B41D4EE,0x40334F3E5e59c5A7aeAf6b47FfF6be1917c71ba6,0x4200000000000000000000000000000000000006,0xaB36452DbAC151bE02b16Ca17d8919826072f64a,0x940181a94A35A4569E4529A3CDfB74e38FD98631,18,18,18,0,0,0.0,0.0,0,89681924145293,10333148834957806799434,10333.148834957809,7.388265122713007e-22,7.634404314512132,0,7.634404314512132,1353.4977202236553,1788998400
vAMM-USDA/EURA,3.4394966107165266e-08,0x79eF3eCDa775860a2351ae2A7B80C4d80ba47F72,0x3fd91fAC3Ccc67d818A6E17e7296A82Ba7a4aCAa,0x0000206329b97DB379d5E1Bf586BbDB969C63274,0xA61BeB4A3d02decb01039e378237032B351125B4,0x940181a94A35A4569E4529A3CDfB74e38FD98631,18,18,18,7700701266710089962,5232661493738288364,7.70070126671009,5.232661493738289,12933362760448378326,0,199378737601721378,0.19937873760172137,0.0,0,0,0,nan,0
vAMM-AERO/OVN,5.8251728915750386e-05,0x4704f9Cf735b58ea442E387ACca6717311597322,0x365f5413BBC783D1fff1cAe9D3Bd9A16eA698D19,0x940181a94A35A4569E4529A3CDfB74e38FD98631,0xA3d1a8DEB97B111454B294E2324EfAD13a9d8396,0x940181a94A35A4569E4529A3CDfB74e38FD98631,18,18,18,581963980166853093867,422323979559541029110,581.963980166853,422.32397955954104,1004287959726394122977,0,337670231688947804211,337.6702316889478,0.0,0,0,0,nan,0
sAMM-USDA/USDC,2.20999466479626e-05,0xE503312E932a3647AeAC8b00A8Bd1d04E6A73C08,0x93c10Fb12B2EA0D558929914236A45355B03F1F7,0x0000206329b97DB379d5E1Bf586BbDB969C63274,0x833589fCD6eDb6E08f4c7C32D4f71b54bdA02913,0x940181a94A35A4569E4529A3CDfB74e38FD98631,18,18,6,24178123165965592411,20451509,24.17812316596559,20.451509,24178123165986043920,0,128107684421245941394,128.10768442124595,0.0,0,0,0,nan,0
vAMM-GENOME/WETH,0.002037810645664094,0x963ceee215e5b0B1dCB221C3bA398De66abC73D9,0xa4F335B6ee0f8e34F31d4C8b702080196252dAc3,0x1db0c569ebb4a8b57AC01833B9792F526305e062,0x4200000000000000000000000000000000000006,0x940181a94A35A4569E4529A3CDfB74e38FD98631,18,18,18,0,0,0.0,0.0,0,102519047339808,11812662141836360312453,11812.662141836361,0.0,0,0,0,nan,0
vAMM-WETH/BUIDL,5.650170977306596e-05,0x6eB0f4B90EeB237f6ee6d5D8d69C15810b81fa05,0x136805463D527bA9c507fF7640e9cF84f0328278,0x4200000000000000000000000000000000000006,0xdADc4F8E9d8d37294de0E02A2Ce8Cc0c90A4F6c2,0x940181a94A35A4569E4529A3CDfB74e38FD98631,18,18,18,93805602303200337,78074655889237294043048,0.09380560230320034,78074.6558892373,78074749694839597243385,0,327525822580936522456,327.52582258093656,0.0,0,0,0,nan,0
vAMM-tBTC/AERO,1.7203150729649565e-07,0x5E19947708Ed0686ecE3BE487126b2c1c5378641,0x80Cdc20a68ff14f5f3b642786977F09a0fb11b64,0x236aa50979D5f3De3Bd1Eeb40E81137F22ab794b,0x940181a94A35A4569E4529A3CDfB74e38FD98631,0x940181a94A35A4569E4529A3CDfB74e38FD98631,18,18,18,71918787303482,9289905932398520324,7.1918787303482e-05,9.28990593239852,9289977851185823806,0,997222228556034548,0.9972222285560346,0.0,0,0,0,nan,0
sAMM-DEGEN/USDC,7.70644986134718e-08,0x67fBd3c6fFBd29506f3Ca395cB4C6092e5eeFC9C,0xabe274A025D2404aE4669CA4811Ec7F58C8167c1,0x4ed4E862860beD51a9570b96d89aF5E1B0Efefed,0x833589fCD6eDb6E08f4c7C32D4f71b54bdA02913,0x940181a94A35A4569E4529A3CDfB74e38FD98631,18,18,6,0,0,0.0,0.0,0,3878070014,446723000092235295,0.44672300009223526,2.2354861402572576e-24,9.986430752403335e-07,0,9.986430752403335e-07,447329.9932357984,1788998400
vAMM-AERO/GHST,5.65473956019206e-08,0x59Da7538Bbea7facC9185b412e0D43da67A84Ab7,0x785369676686874713ca132C2002E7736A36FE44,0x940181a94A35A4569E4529A3CDfB74e38FD98631,0xcD2F22236DD9Dfe2356D7C543161D4d260FD9BcB,0x940181a94A35A4569E4529A3CDfB74e38FD98631,18,18,18,25218411542137422,67624200633353877,0.02521841154213742,0.06762420063335388,92842612175491299,0,327790651534538225,0.32779065153453824,0.0,0,0,0,nan,0
vAMM-WETH/NORMILIO,9.584435917900632e-05,0x7D68c4E183e31971deb223e6F8A064751d0599d0,0xE531DEd40AeA2Fd2ba7476BB6cE30cF9e2cfd2D0,0x4200000000000000000000000000000000000006,0xcDE90558fc317C69580DeeAF3eFC509428Df9080,0x940181a94A35A4569E4529A3CDfB74e38FD98631,18,18,18,368159378128066249,793089081155622699009509,0.36815937812806626,793089.0811556227,793089449315000827075758,0,555585002753508385365,555.5850027535083,0.0,0,0,0,nan,0
vAMM-WETH/GHST,0.15560537525626167,0x0DFb9Cb66A18468850d6216fCc691aa20ad1e091,0xe3800a58B5535935850a10e082952Ec3577D8DCc,0x4200000000000000000000000000000000000006,0xcD2F22236DD9Dfe2356D7C543161D4d260FD9BcB,0x940181a94A35A4569E4529A3CDfB74e38FD98631,18,18,18,2519982319544770,60690776151723606411,0.00251998231954477,60.690776151723604,60693296134043151181,8239093548665327,902004182413556390909972,902004.1824135565,1.462848146173022e-21,1319.4951460839834,0,1319.4951460839834,683.5979541800797,1788998400
vAMM-GNUS/AERO,5.433439801805622e-08,0x73DdDbe505F9197138785E1ccFa2988705ce4BFD,0x0BF71380275DA393bbf593546D5050bb1deEf779,0x614577036F0a024DBC1C88BA616b394DD65d105a,0x940181a94A35A4569E4529A3CDfB74e38FD98631,0x940181a94A35A4569E4529A3CDfB74e38FD98631,18,18,18,5463046464936012689,8396493332015551856,5.463046464936013,8.396493332015552,13859539796951564545,0,314962475945941748,0.31496247594594173,0.0,0,0,0,nan,0
vAMM-SOFT/WETH,0.0021440824110641,0x28495d9ee2F7f0e6b285db0810b9657CE09a5004,0xFdcF81330bb3E101515d924B63E65842342773a5,0x04D1963C76EB1BEc59d0eEb249Ed86F736B82993,0x4200000000000000000000000000000000000006,0x940181a94A35A4569E4529A3CDfB74e38FD98631,18,18,18,40932183263174098401281,29004648321466256,40932.1832631741,0.029004648321466257,40932212267822419867537,0,12428692126053889645212,12428.692126053891,0.0,0,0,0,nan,0
vAMM-AERO/BUIDL,1.973065030624439e-07,0x6F9793007764dC4b6334Bbeba043D33FAaFE2584,0x940c8E211cE94Ad404d31836988D850D0CbACC8F,0x940181a94A35A4569E4529A3CDfB74e38FD98631,0xdADc4F8E9d8d37294de0E02A2Ce8Cc0c90A4F6c2,0x940181a94A35A4569E4529A3CDfB74e38FD98631,18,18,18,393283046219587779,1240808308501580258303,0.39328304621958776,1240.8083085015803,1241201591547799846082,0,1143734852903520734,1.1437348529035207,0.0,0,0,0,nan,0
vAMM-WETH/KLIMA,0.007773994716097908,0xB37642E87613d8569Fd8Ec80888eA6c63684E79e,0x44A927DD8f6def04f76B00cece9804BF441dc6b1,0x4200000000000000000000000000000000000006,0xDCEFd8C8fCc492630B943ABcaB3429F12Ea9Fea2,0x940181a94A35A4569E4529A3CDfB74e38FD98631,18,18,9,0,0,0.0,0.0,0,391098069356201,45063840091854573170624,45063.840091854574,0.0,0,0,0,nan,0
sAMM-PRO/AERO,6.460303172032703e-08,0x3e1893753F410F909A40C50857fF6C9eEF2C1D88,0x95Fc882911a36E298C0dEC1e8DDC50b05599c09d,0x18dD5B087bCA9920562aFf7A0199b96B9230438b,0x940181a94A35A4569E4529A3CDfB74e38FD98631,0x940181a94A35A4569E4529A3CDfB74e38FD98631,18,8,18,47856,20469854976336093,0.00047856,0.020469854976336094,20469854976383949,0,374487094114608442,0.37448709411460845,0.0,0,0,0,nan,0
vAMM-USDC/KLIMA,0.003575763016189037,0x958682eC6282BC7E939FA8Ba9397805C214c3A09,0x950aD950D6f07491ef2c150545A6A2AB7AdC03f4,0x833589fCD6eDb6E08f4c7C32D4f71b54bdA02913,0xDCEFd8C8fCc492630B943ABcaB3429F12Ea9Fea2,0x940181a94A35A4569E4529A3CDfB74e38FD98631,18,6,9,4550216,0,4.550216,0.0,4550216,179891280843429,20727774928150719318655,20727.774928150717,1.9548319532227166e-20,405.1931674875772,0,405.1931674875772,51.15529231816627,1788998400
vAMM-GROW/VITA,2.272771517923936e-08,0xDaD0D8F40Bf19c295B982dB2d1Ee47eE12DA92f0,0x8AC0f40EF2c222044B857d52508E18f94cA90c45,0x321725ee44CB4bfA544CF45a5A585b925d30A58C,0x490a4B510d0Ea9f835D2dF29Eb73b4FcA5071937,0x940181a94A35A4569E4529A3CDfB74e38FD98631,18,18,18,1077541581868194146282,776343820981872373863,1077.541581868194,776.3438209818723,1853885402850066520145,0,131746696504644157,0.13174669650464416,0.0,0,0,0,nan,0
vAMM-WETH/wrsETH,1.82252454157546e-05,0xA24382874A6FD59de45BbccFa160488647514c28,0x2da7789a6371F550caF9054694F5A5A6682903f9,0x4200000000000000000000000000000000000006,0xEDfa23602D0EC14714057867A78d01e94176BEA0,0x940181a94A35A4569E4529A3CDfB74e38FD98631,18,18,18,84971020743559539,110118285371529991,0.08497102074355954,0.11011828537153,195089306115089530,0,105647041841908453965,105.64704184190845,0.0,0,0,0,nan,0
vAMM-WETH/XCAD,5.6461905674163815e-06,0x63b9877618E27081181a59F9Ca52040Ada1332fc,0xC418D71a9c4756c54F414E128Ecc6A2448DEd100,0x4200000000000000000000000000000000000006,0x750cF88d9E0c2BCedEEC31d5FaAd6eD6E3F1abC6,0x940181a94A35A4569E4529A3CDfB74e38FD98631,18,18,18,0,0,0.0,0.0,0,284053393171,32729508849718260550,32.72950884971826,1.0404160322571213e-18,34.05230573514821,0,34.05230573514821,0.9611539701388097,1788998400
vAMM-weETH.base/WETH,0.06244577315950432,0x91F0f34916Ca4E2cCe120116774b0e4fA0cdcaA8,0xf8d47b641eD9DF1c924C0F7A6deEEA2803b9CfeF,0x04C0599Ae5A44757c0af6F9eC3b93da8976c150A,0x4200000000000000000000000000000000000006,0x940181a94A35A4569E4529A3CDfB74e38FD98631,18,18,18,0,0,0.0,0.0,0,3141560364075795,361982023250539943573908,361982.02325053996,5.926304047063549e-25,0.21452155293539268,0,0.21452155293539268,1687392.3309680582,1788998400
vAMM-WETH/SAM,0.1013261382319279,0x598299Fb3f3829F7Ba08662948706cDFf7eC2350,0xf96Bc096dd1E52dcE4d595B6C4B8c5d2200db1E5,0x4200000000000000000000000000000000000006,0xed1779845520339693CDBffec49a74246E7D671b,0x940181a94A35A4569E4529A3CDfB74e38FD98631,18,18,18,5277586622554830,18225109781998667940993,0.00527758662255483,18225.109781998668,18225115059585290495823,5097577683940337,587361460505428543336134,587361.4605054286,2.1740836772025364e-22,127.69729639026946,0,127.69729639026946,4599.63896737743,1788998400
vAMM-MAI/QI,1.4076294625149442e-07,0x1894416A511251CfDD350B80bE256F4D166dCa0e,0x893E887C3b56D5E54Dc1F0dEbA783E96197151aA,0xbf1aeA8670D2528E08334083616dD9C5F3B087aE,0xD3FDCb837DAfdb7C9C3eBD48FE22a53F6Dd3d7D7,0x940181a94A35A4569E4529A3CDfB74e38FD98631,18,18,18,62778808577704590747,543188116667029713841,62.77880857770459,543.1881166670297,605966925244734304588,0,815966453849050413,0.8159664538490504,0.0,0,0,0,nan,0
vAMM-WETH/MASA,1.41832880010631e-06,0x33c3782446dF290bE025A24A0Ac94562E9A995D6,0x29Ff29c57474857a6F1fB6C5839CF82adA2BB6b5,0x4200000000000000000000000000000000000006,0x944824290CC12F31ae18Ef51216A223Ba4063092,0x940181a94A35A4569E4529A3CDfB74e38FD98631,18,18,18,6142823369811264,3952349515086872869137083,0.006142823369811264,3952349.515086873,3952349521229696238948347,0,8221685835894741508,8.221685835894743,0.0,0,0,0,nan,0
vAMM-WETH/LBM,4.599416401513146e-06,0x0b8711D0F80Eacb3dE9f653BD554aF3bA654fA1f,0x150db5aF367A67385F78DE9Fc34937fB28F12a65,0x4200000000000000000000000000000000000006,0x56A38E7216304108E841579041249fEb236C887b,0x940181a94A35A4569E4529A3CDfB74e38FD98631,18,18,18,4205585029870058,683175425825453843095,0.004205585029870058,683.1754258254539,683179631410483713153,0,26661629291366144778,26.661629291366147,0.0,0,0,0,nan,0
vAMM-pwBLT/USDC,6.002067731618652e-06,0x9b0025d10E824E7E2b148953009A40B0C0792F30,0xF8Bbe737e94134cfc95e56b7539549C15EC450E1,0x3Dd79d6BD927615787Cc95F2c7A77C9aC1AF26F4,0x833589fCD6eDb6E08f4c7C32D4f71b54bdA02913,0x940181a94A35A4569E4529A3CDfB74e38FD98631,18,18,6,0,0,0.0,0.0,0,301963424785,34792436881653363960,34.792436881653366,0.0,0.0,0,0.0,nan,1788998400
vAMM-weETH/AERO,2.6381454197118843e-05,0xc5aDfb267a95df1233a2b5F7f48041E7Fb384BcA,0x0A5f63A1aC754b4418cc5381eE17E04CCad42F56,0x04C0599Ae5A44757c0af6F9eC3b93da8976c150A,0x940181a94A35A4569E4529A3CDfB74e38FD98631,0x940181a94A35A4569E4529A3CDfB74e38FD98631,18,18,18,19284132005577907,70384171189480317156,0.01928413200557791,70.38417118948031,70403455321485895063,0,152926478180870493770,152.92647818087048,0.0,0,0,0,nan,0
vAMM-WETH/ATH,0.0008236942349916321,0x7C36577aEC1d99d9b872b7075bD86C8F1334EcF2,0x39b68a3Fd59F88C31B2110A2550640b92cF42449,0x4200000000000000000000000000000000000006,0x58D75a1c4477914f9a98A8708fEaeD1DbE40b8a3,0x940181a94A35A4569E4529A3CDfB74e38FD98631,18,18,18,0,0,0.0,0.0,0,41439420622483,4774742799011944985259,4774.742799011945,5.439932497866039e-22,2.597427852129693,0,2.597427852129693,1838.2581041074998,1788998400
vAMM-wBLT/BMX,0.011012634628202525,0x61907C8C3E6ef7eD813aCc2fBbBf8C05ac0F31d5,0xeB86878fBF8329b1ED8C40d8f6736Ae7fc965Be8,0x4E74D4Db6c0726ccded4656d0BCE448876BB4C7A,0x548f93779fBC992010C07467cBaf329DD5F059B7,0x940181a94A35A4569E4529A3CDfB74e38FD98631,18,18,18,0,0,0.0,0.0,0,567347125727985,63837399432198019591281,63837.39943219802,5.52220238974204e-21,352.52303969940107,0,352.52303969940107,181.0871694702072,1788998400
sAMM-zunUSD/USDC,7.80875993451053e-08,0xaeb41e05E27EDa32dB13c5875834a19a2c15F70E,0xCb803c34e058cd828EE8d3732b2fAEA5cb988397,0x6ef3864876424ADE834a7C1BE8C0CF3d71208B84,0x833589fCD6eDb6E08f4c7C32D4f71b54bdA02913,0x940181a94A35A4569E4529A3CDfB74e38FD98631,18,18,6,2156731204755235697,396082,2.1567312047552356,0.396082,2156731204755631779,0,452653650864703704,0.45265365086470366,0.0,0,0,0,nan,0
vAMM-CRYO/WETH,0.0002889398397812498,0x65Ee5A0ee82027D054EFeb31a1f7079C37c5DbD8,0x7ac1193Dd817aD9b0b1b57582a2542572c6baC21,0x1f4446fAAAed23090f324f051C3F8c5ce5aD1c36,0x4200000000000000000000000000000000000006,0x940181a94A35A4569E4529A3CDfB74e38FD98631,18,18,18,0,0,0.0,0.0,0,14536361900922,1674909645758541734433,1674.909645758542,3.23029751161679e-21,5.410456460876778,0,5.410456460876778,309.56900917138495,1788998400
vAMM-pHAM/pwBLT,2.2672112275239398e-05,0x03FF264046b085450649A993Cdd65dCDD01A893e,0x19b05F319aC12296CB073218E912D0816030548F,0x2C8D2FC58B80aCb3b307C165af8F3eE296e6A271,0x3Dd79d6BD927615787Cc95F2c7A77C9aC1AF26F4,0x940181a94A35A4569E4529A3CDfB74e38FD98631,18,18,18,0,0,0.0,0.0,0,1140631691593,131424380827054580913,131.4243808270546,0.0,0.0,0,0.0,nan,1788998400
vAMM-WETH/TRUF,2.6877829133647943e-06,0xcE2D4E04e3d782EcB8bf2e265f421bA510F4e8F7,0xE81B7a527AA65b714cD44c034dDA915097bb3CdB,0x4200000000000000000000000000000000000006,0xB59c8912c83157a955f9D715E556257F432C35D7,0x940181a94A35A4569E4529A3CDfB74e38FD98631,18,18,18,915391611501195578,50965710434714927459088,0.9153916115011955,50965.71043471493,50966625826326428654666,0,15580383552188237583,15.580383552188238,0.0,0,0,0,nan,0
vAMM-AERO/BENJI,0.0002835739532290404,0x0f3027d68FE4E2A56860D7B18b3D80CAe8d716D1,0x2e8300243d49d81684e154821f879A5045e2d132,0x940181a94A35A4569E4529A3CDfB74e38FD98631,0xBC45647eA894030a4E9801Ec03479739FA2485F0,0x940181a94A35A4569E4529A3CDfB74e38FD98631,18,18,18,0,0,0.0,0.0,0,14266439953547,1643804986909330725740,1643.8049869093309,3.7203232876258916e-21,6.115485973114357,0,6.115485973114357,268.7938446978746,1788998400
sAMM-rgUSD/USD3,1.7166918091981726e-07,0xD42cd5b74B6cb892eCdE3cAb2765b6bD57C83346,0x73f294Df4543E5e0B5063C0ceE8339e4295047b3,0x8E5E9DF4F0EA39aE5270e79bbABFCc34203A3470,0xEFb97aaF77993922aC4be4Da8Fbc9A2425322677,0x940181a94A35A4569E4529A3CDfB74e38FD98631,18,18,18,13156679643712750546,28490890735537799292,13.156679643712751,28.4908907355378,41647570379250549838,0,995121916104588705,0.9951219161045887,0.0,0,0,0,nan,0
vAMM-WETH/APX,4.9174241252676115e-06,0x898e0DE33B19A3494723f437734C788C2c10Ed04,0x4927B42B4B60148D60ED3b54F21FD2E57176cE83,0x4200000000000000000000000000000000000006,0xcacf1ca03983CE6c7E235fb20C70aCC70ed13509,0x940181a94A35A4569E4529A3CDfB74e38FD98631,18,18,18,592973347488158,60516769984642350105844,0.000592973347488158,60516.76998464235,60516770577615697594002,0,28505037955070384826,28.505037955070385,0.0,0,0,0,nan,0
vAMM-AERO/TRUF,1.788673412153929e-05,0x56ae4A50252C505C2663346660Edb711648221DC,0xbC22B1450A6Bb9a7CD86c22d835f18d77077562b,0x940181a94A35A4569E4529A3CDfB74e38FD98631,0xB59c8912c83157a955f9D715E556257F432C35D7,0x940181a94A35A4569E4529A3CDfB74e38FD98631,18,18,18,7885950310810927070,135737131842022812334,7.8859503108109275,135.73713184202282,143623082152833739404,0,103684779274348791348,103.68477927434878,0.0,0,0,0,nan,0
vAMM-WETH/RWAX,0.0002079353292573034,0xd448670823ff9667848C821BeE829c642F67E064,0x4a64623FC6b1B008aA9D655F748C01f8b5552A26,0x4200000000000000000000000000000000000006,0xe0023E73aab4fE9a22f059a9d27E857E027eE3dc,0x940181a94A35A4569E4529A3CDfB74e38FD98631,18,18,18,0,0,0.0,0.0,0,10461182019355,1205347413948543097831,1205.347413948543,1.438403255380373e-19,173.37756440878982,0,173.37756440878982,6.952153342669951,1788998400
vAMM-SNX/sUSDCy,2.5755260353861507e-06,0xFF808Ffcf1Fd541c8291c5D073da327b1B084248,0xDB6Fd3392E66f57C30704a6cdB1d338a708cc284,0x22e6966B799c4D5B13BE962E1D117b56327FDa66,0xC1E02884AF4A283cA25ab63C45360d220d69DA52,0x940181a94A35A4569E4529A3CDfB74e38FD98631,18,18,18,30853067259099278778,13053270348438167241,30.85306725909928,13.053270348438167,43906337607537446019,0,14929659415732995318,14.929659415732996,0.0,0,0,0,nan,0
vAMM-BCT/USDC,0.0001351770544508359,0x77e09a5043820820390904357463BfB739a76104,0xb0FC063ff618F6110ADb3565c4F13B1A3B9527a8,0x576Bca23DcB6d94fF8E537D88b0d3E1bEaD444a2,0x833589fCD6eDb6E08f4c7C32D4f71b54bdA02913,0x940181a94A35A4569E4529A3CDfB74e38FD98631,18,18,6,3387951200367820044171,165294120,3387.95120036782,165.29412,3387951200367985338291,0,783586481380838210312,783.5864813808382,0.0,0,0,0,nan,0
vAMM-BCT/KLIMA,1.7440761262951856e-06,0x6e2f9520919bd95889b27E0B2f735ac7ED149837,0x174F6439F572b1Acca20219F5Ba4c129D86d8f5a,0x576Bca23DcB6d94fF8E537D88b0d3E1bEaD444a2,0xDCEFd8C8fCc492630B943ABcaB3429F12Ea9Fea2,0x940181a94A35A4569E4529A3CDfB74e38FD98631,18,18,9,12521067896398743780,9208769473,12.521067896398744,9.208769473,12521067905607513253,0,10109958976514124564,10.109958976514124,0.0,0,0,0,nan,0
vAMM-wXCH/USDC,0.003405685548211542,0xd16Cc119b7c113660580291580cbEB588C9e2653,0x543a172C6805a7eC512188Fba90Fb9ac62ffa4D5,0x36be1d329444aeF5D28df3662Ec5B4F965Cd93E9,0x833589fCD6eDb6E08f4c7C32D4f71b54bdA02913,0x940181a94A35A4569E4529A3CDfB74e38FD98631,18,18,6,0,0,0.0,0.0,0,171339954634292,19741879760985952038212,19741.879760985954,3.1173029491152415e-22,6.154142,0,6.154142,3207.9012413080413,1788998400
vAMM-WETH/SKR,1.6057948915453325e-08,0xaa721DC836b5195F33F09b7713F73171A0030e36,0xf07FCB6f97622972f19ef0dE444268cE23a4a75B,0x4200000000000000000000000000000000000006,0xe2dCA969624795985F2f083BcD0b674337ba130a,0x940181a94A35A4569E4529A3CDfB74e38FD98631,18,18,18,34153892890290177,286827399359613236360925,0.03415389289029018,286827.39935961325,286827433513506126651102,0,93083783634519857,0.09308378363451986,0.0,0,0,0,nan,0
vAMM-sfrxETH/sFRAX,8.201372489678122e-07,0xD73a3EF449043AAc66bFF3FEE37E83B4f8DAE998,0xb41f81b476bdB6E02FF7b6cDC2100077D595Fa40,0x1f55a02A049033E3419a8E2975cF3F572F4e6E9A,0xe4796cCB6bB5DE2290C417Ac337F2b66CA2E770E,0x940181a94A35A4569E4529A3CDfB74e38FD98631,18,18,18,0,0,0.0,0.0,0,41261022628,4754123869460261388,4.754123869460262,0.0,0,0,0,nan,1788998400
vAMM-USDC/CTX,2.9106744060074914e-09,0xf629864E8B4914284f79641EF9Ce034C161F26AE,0xD1E5855ACcb803C0ec03Aa382a4f115aCd3903B6,0x833589fCD6eDb6E08f4c7C32D4f71b54bdA02913,0xBB22Ff867F8Ca3D5F2251B4084F6Ec86D4666E14,0x940181a94A35A4569E4529A3CDfB74e38FD98631,18,6,18,33236964,16150940678101791003,33.236964,16.15094067810179,16150940678135027967,0,16872427983539094,0.016872427983539093,0.0,0,0,0,nan,0
sAMM-WETH/msETH,0.08209402121549075,0xDE4FB30cCC2f1210FcE2c8aD66410C586C8D1f9A,0x62940D9643a130b80CA0f8bc7e94De5b7ec496C5,0x4200000000000000000000000000000000000006,0x7Ba6F01772924a82D9626c126347A28299E98c98,0x940181a94A35A4569E4529A3CDfB74e38FD98631,18,18,18,0,0,0.0,0.0,0,4135426285956908,475877843972745990807677,475877.843972746,0.0,0,0,0,nan,0
sAMM-msUSD/USDC,0.08673375852800899,0xcEFC8B799a8EE5D9b312aeca73262645D664AaF7,0xDBF852464fC906C744E52Dbd68C1b07dD33A922a,0x526728DBc96689597F85ae4cd716d4f7fCcBAE9d,0x833589fCD6eDb6E08f4c7C32D4f71b54bdA02913,0x940181a94A35A4569E4529A3CDfB74e38FD98631,18,18,6,6588396552929554812,6067040,6.588396552929555,6.06704,6588396552935621852,4344198459771915,502773203174183905129016,502773.2031741839,0.0,0,0,0,nan,0
vAMM-USDC/CHEX,1.791706555528252e-05,0x6466e1a3b42Ef91f8f7C135970db4495e89F9C0A,0x1249abBD38f8B98114E35babda2827862bd19CfF,0x833589fCD6eDb6E08f4c7C32D4f71b54bdA02913,0xc43F3Ae305a92043bd9b62eBd2FE14F7547ee485,0x940181a94A35A4569E4529A3CDfB74e38FD98631,18,6,18,1285440743,8250658833036994675171,1285.440743,8250.658833036994,8250658833038280115914,0,103860602764057555874,103.86060276405756,0.0,0,0,0,nan,0
vAMM-WETH/OGN,6.8127192619872e-05,0x8eA4C49B712217fd6e29Db920E3dd48287a0d50D,0xA88BcfEcC886dEA1e8B3108179F0532d53c8c055,0x4200000000000000000000000000000000000006,0x7002458B1DF59EccB57387bC79fFc7C29E22e6f7,0x940181a94A35A4569E4529A3CDfB74e38FD98631,18,18,18,76368935607772054,4888498240934430767332,0.07636893560777205,4888.498240934431,4888574609870038539386,0,394915744896452000000,394.915744896452,0.0,0,0,0,nan,0
vAMM-WETH/SKOP,2.412496947474543e-09,0x18c55864D9BC0D7C3F6Dc18e3A1d20E50f551891,0x3FC41388699Ab1876AA48577bBa493F71845Ae02,0x4200000000000000000000000000000000000006,0x6d3B8C76c5396642960243Febf736C6BE8b60562,0x940181a94A35A4569E4529A3CDfB74e38FD98631,18,18,18,5729945499231675,1000793064868753878476,0.005729945499231675,1000.7930648687538,1000798794814253110151,0,13984621887889498,0.013984621887889497,0.0,0,0,0,nan,0
vAMM-WETH/RFL,0.018646038423356028,0x37785d5bE19D0d9559D4634a5385c72c419b25Da,0x937c527EB4f27030f6667078C64982B3202257d5,0x4200000000000000000000000000000000000006,0x6e2c81b6c2C0e02360F00a0dA694e489acB0b05e,0x940181a94A35A4569E4529A3CDfB74e38FD98631,18,18,18,0,0,0.0,0.0,0,938086235388098,108086270256491102426141,108086.27025649109,4.2167445367560817e-22,45.57721896024002,0,45.57721896024002,2371.497707018539,1788998400
vAMM-sfrxETH/wstETH,5.166513550282716e-05,0x456c166e63634D75a4B49EDEC86cB51424D4C926,0xCe7Cb6260fCBf17485cd2439B89FdDf8B0Eb39cC,0x1f55a02A049033E3419a8E2975cF3F572F4e6E9A,0xc1CBa3fCea344f92D9239c08C0568f6F2F0ee452,0x940181a94A35A4569E4529A3CDfB74e38FD98631,18,18,18,0,0,0.0,0.0,0,2599284167727,299489450359703519470,299.48945035970354,9.296643147201012e-23,0.027842465463455354,0,0.027842465463455354,10756.570776851591,1788998400
vAMM-FUSE/WETH,1.7158091252552135e-06,0xc238f8Eaa625BAC4014FfD0E702a4B9a9d12019e,0x51Df914e8ae011028041132b6c65792c94ab9c9c,0x01facC69EC7360640AA5898E852326752801674A,0x4200000000000000000000000000000000000006,0x940181a94A35A4569E4529A3CDfB74e38FD98631,18,18,18,15368206157188703332767,38918443882216601,15368.206157188702,0.0389184438822166,15368245075632585549368,0,9946102470141171285,9.946102470141172,0.0,0,0,0,nan,0
vAMM-ION/WETH,0.0017178901023815877,0x0FAc819628a7F612AbAc1CaD939768058cc0170c,0x9b42e5F8c45222b2715F804968251c747c588fd7,0x3eE5e23eEE121094f1cFc0Ccc79d6C809Ebd22e5,0x4200000000000000000000000000000000000006,0x940181a94A35A4569E4529A3CDfB74e38FD98631,18,18,18,0,0,0.0,0.0,0,86427552983358,9958165357225922088410,9958.165357225922,4.550998446340126e-24,0.045319595069133245,0,0.045319595069133245,219732.0020630179,1788998400
vAMM-bsdETH/eUSD,1.1618352898199575e-08,0xe593Cb44256A78E4C280CC491C201cF60e849135,0x66C48B791ffFc09f235814Ba783CbD6B8E5d72c9,0xCb327b99fF831bF8223cCEd12B1338FF3aA322Ff,0xCfA3Ef56d303AE4fAabA0592388F19d7C3399FB4,0x940181a94A35A4569E4529A3CDfB74e38FD98631,18,18,18,109196651615754,67292250069792520,0.000109196651615754,0.06729225006979252,67401446721408274,0,67348591844425798,0.0673485918444258,0.0,0,0,0,nan,0
sAMM-USDz/DOLA,0.00033963774555539406,0xcEa8ef6ce6235F2C2CdD13C9E8a3ED470725a638,0x528aD6E380E7B3B9D7eE3a492a52c4D3AC8f5958,0x04D5ddf5f3a8939889F11E97f8c4BB48317F1938,0x4621b7A9c75199271F773Ebd9A499dbd165c3191,0x940181a94A35A4569E4529A3CDfB74e38FD98631,18,18,18,0,0,0.0,0.0,0,17087559042729,1968792315123759028763,1968.792315123759,0.0,0,0,0,nan,0
vAMM-ZUN/USDC,4.960955003320718e-06,0x80326ED67271fB298D674c43AEF3BC437B801B0e,0xf1AE7589f6fA9345f39370Fa50CE0bFeABe2B9bf,0x1db0Fc8933f545648b54A9eE4326209a9A259643,0x833589fCD6eDb6E08f4c7C32D4f71b54bdA02913,0x940181a94A35A4569E4529A3CDfB74e38FD98631,18,18,6,25067669975940530207970,33470020,25067.66997594053,33.47002,25067669975940563677990,0,28757375215292741433,28.75737521529274,0.0,0,0,0,nan,0
vAMM-BTCB/WETH,3.43861561194931e-06,0xb22c77a609097187a7e084754E1a557B5116D3bE,0xDA14cBF0bD19fA531Fe0A6fFA8370795e7004999,0x0c41F1FC9022FEB69aF6dc666aBfE73C9FFDA7ce,0x4200000000000000000000000000000000000006,0x940181a94A35A4569E4529A3CDfB74e38FD98631,18,18,18,87685584239443637623,7220813916369906,87.68558423944364,0.007220813916369906,87692805053360007529,0,19932766837796084346,19.932766837796084,0.0,0,0,0,nan,0
vAMM-USDz/sUSDz,3.5195502610695707e-06,0x7818B53F423457151407103321d8F961773815D1,0xc4021e049F13e137Cd1D40e7Ddb2173C7F8F02a3,0x04D5ddf5f3a8939889F11E97f8c4BB48317F1938,0xe31eE12bDFDD0573D634124611e85338e2cBF0cF,0x940181a94A35A4569E4529A3CDfB74e38FD98631,18,18,18,0,0,0.0,0.0,0,177069601974,20401924101087418241,20.401924101087417,0.0,0,0,0,nan,0
vAMM-WETH/MOZ,4.4587619738739826e-06,0xA32ECde2C559C462610eD35740CC2B9642133c9B,0x68dBA60bEef5fDd4663588950A196FcCC8B7a166,0x4200000000000000000000000000000000000006,0xC227717ef4Ae4D982E14789eB33bA942243c3FEe,0x940181a94A35A4569E4529A3CDfB74e38FD98631,18,18,18,117769196975495749,1906237602692327259903536,0.11776919697549575,1906237.6026923272,1906237720461524235399285,0,25846291891892824134,25.846291891892825,0.0,0,0,0,nan,0
vAMM-ZRO/AERO,7.35305245873641e-07,0x04c7d6172aEf0FF6fA09D21eb929a45a41C8c13e,0x6bA7c122CaEbA0cE6334e72326a5B4568571982b,0x6985884C4392D348587B19cb9eAAf157F13271cd,0x940181a94A35A4569E4529A3CDfB74e38FD98631,0x940181a94A35A4569E4529A3CDfB74e38FD98631,18,18,18,5108987594697329183,17400594896577383772,5.1089875946973295,17.400594896577385,22509582491274712955,0,4262374651494972008,4.262374651494972,0.0,0,0,0,nan,0
vAMM-WETH/MIGGLES,1.7153589486865176e-07,0x27e13dfA957231A606ab7F535b34275865a66f44,0x1752286215B2b34D645515a32a23d2BD48920c37,0x4200000000000000000000000000000000000006,0xB1a03EdA10342529bBF8EB700a06C60441fEf25d,0x940181a94A35A4569E4529A3CDfB74e38FD98631,18,18,18,6287413955034543,2962248256568819263842,0.006287413955034543,2962.248256568819,2962254543982774298385,0,994349291280988092,0.994349291280988,0.0,0,0,0,nan,0
vAMM-WETH/sUSDz,4.537718185672236e-06,0x5346a22ee56d200971eC63F98c83e233bd07648d,0xA28731068548A4FC77A5942E23037697D80FDE9F,0x4200000000000000000000000000000000000006,0xe31eE12bDFDD0573D634124611e85338e2cBF0cF,0x940181a94A35A4569E4529A3CDfB74e38FD98631,18,18,18,60560973990440718,177457273280210189153,0.06056097399044072,177.4572732802102,177517834254200629871,0,26303980664869124722,26.303980664869126,0.0,0,0,0,nan,0
vAMM-USDC/sUSDz,3.354824931154826e-06,0x081064f90247b52914c6c04A3C053543705887D3,0xB1A5FA12346926547CFa90BF3A561a3629FcF742,0x833589fCD6eDb6E08f4c7C32D4f71b54bdA02913,0xe31eE12bDFDD0573D634124611e85338e2cBF0cF,0x940181a94A35A4569E4529A3CDfB74e38FD98631,18,6,18,99,17666860344713942,9.9e-05,0.01766686034471394,17666860344714041,0,19447053896328388316,19.447053896328388,0.0,0,0,0,nan,0
vAMM-AERO/MIGGLES,7.199659402850898e-05,0xD2b0960C6bBAA4dC6d00470ba283B34D2CC97b00,0xa15a735782145B87A741454A108D25Ea45b80166,0x940181a94A35A4569E4529A3CDfB74e38FD98631,0xB1a03EdA10342529bBF8EB700a06C60441fEf25d,0x940181a94A35A4569E4529A3CDfB74e38FD98631,18,18,18,51513062935234368706,1457151881541152689819,51.513062935234366,1457.1518815411528,1508664944476387058525,0,417345665766984457355,417.34566576698444,0.0,0,0,0,nan,0
vAMM-WETH/MOXIE,6.507828441559287e-05,0xc02Dc3a9b6eaD739C56CDEa716D8fEC4Ffe4C799,0xEa2c1c05C17Eed888D0027F17EE23637dfF66FEb,0x4200000000000000000000000000000000000006,0x8C9037D1Ef5c6D1f6816278C7AAF5491d24CD527,0x940181a94A35A4569E4529A3CDfB74e38FD98631,18,18,18,77303212334720724,8666448329268030201046388,0.07730321233472072,8666448.32926803,8666448406571242535767112,0,377242011276866649480,377.2420112768666,0.0,0,0,0,nan,0
vAMM-YFI/wstETH,0.11688428638821,0x1524a14C55f097bb54F0b24383f3ae3e3743804A,0x8b87e30B3ad8BD645c3f83aea6E1156525081084,0x9EaF8C1E34F05a589EDa6BAfdF391Cf6Ad3CB239,0xc1CBa3fCea344f92D9239c08C0568f6F2F0ee452,0x940181a94A35A4569E4529A3CDfB74e38FD98631,18,18,18,0,0,0.0,0.0,0,5880496186114114,677548028189641590514767,677548.0281896417,7.177633476088035e-22,486.3191408791412,0,486.3191408791412,1393.2168636521428,1788998400
vAMM-WETH/EURC,0.00016676711895063386,0x9DFf4b5AE4fD673213502Ab8fbf6d36015efb3E1,0x21D4eF9D2b66069f3307765A0349526f8E988294,0x4200000000000000000000000000000000000006,0x60a3E35Cc302bFA44Cb288Bc5a4F316Fdb1adb42,0x940181a94A35A4569E4529A3CDfB74e38FD98631,18,18,6,0,0,0.0,0.0,0,8390170570656,966705928601766657656,966.7059286017666,2.4090736971313134e-22,0.23288658254554173,0,0.23288658254554173,4150.973053214537,1788998400
vAMM-OGN/OETHb,0.002447109308676756,0x6FB655476fDCFB9712dD200308D941A1c6D1119e,0x147587251C3A4f8C907eDbC0e5A5eA953bdA743d,0x7002458B1DF59EccB57387bC79fFc7C29E22e6f7,0xDBFeFD2e8460a6Ee4955A68582F85708BAEA60A3,0x940181a94A35A4569E4529A3CDfB74e38FD98631,18,18,18,0,0,0.0,0.0,0,123115967948750,14185260808724902747081,14185.260808724903,7.21237806163804e-21,102.30946385546136,0,102.30946385546136,138.6505243421592,1788998400
vAMM-TKN/USD+,0.00017519465106068582,0x8f72e491E293ecB223E77123A046521d6d7cAd49,0x668584C6Db676352d50052bF303CC5041C70528f,0x78b3C724A2F663D11373C4a1978689271895256f,0xB79DD08EA68A908A97220C76d19A6aA9cBDE4376,0x940181a94A35A4569E4529A3CDfB74e38FD98631,18,18,6,0,0,0.0,0.0,0,8814165614391,1015558156220333523559,1015.5581562203336,5.027543357417423e-21,5.105762662376623,0,5.105762662376623,198.90430154613043,1788998400
vAMM-MODE/WETH,7.665718087449252e-05,0x9Bf387B4cdb6BCDB2107981E0e7C16d71576A970,0x224e14Bc695DCDD23602d571dF2203Cf2B515fcF,0x084382D1cc4f4DFD1769b1cC1Ac2A9b1f8365e90,0x4200000000000000000000000000000000000006,0x940181a94A35A4569E4529A3CDfB74e38FD98631,18,18,18,0,0,0.0,0.0,0,3856682245505,444361884330485460254,444.3618843304855,0.0,0,0,0,nan,0
vAMM-COMP/sFRAX,3.760588675744194e-08,0xe253155a71707AAE3b604f6E71Fa2B3F14927949,0xBFe0639305a781459dE0C343f32F82c0D6AB4597,0x9e1028F5F1D5eDE59748FFceE5532509976840E0,0xe4796cCB6bB5DE2290C417Ac337F2b66CA2E770E,0x940181a94A35A4569E4529A3CDfB74e38FD98631,18,18,18,32774970450184979,1526608899952531654,0.03277497045018498,1.5266088999525316,1559383870402716633,0,217991615538475485,0.21799161553847549,0.0,0,0,0,nan,0
sAMM-weETH/cbETH,1.4127229490925866e-05,0x24Be4F7A32E5d131B30370BC53E93661e09E7dAB,0x284F8F51e047beF175680AC4D69C5C196C62c84a,0x04C0599Ae5A44757c0af6F9eC3b93da8976c150A,0x2Ae3F1Ec7F1F5012CFEab0185bfc7aa3cf0DEc22,0x940181a94A35A4569E4529A3CDfB74e38FD98631,18,18,18,4053885530778087,3958746085024361,0.004053885530778087,0.003958746085024361,8012631615802448,0,81891901650219421465,81.89190165021942,0.0,0,0,0,nan,0
vAMM-MODE/ION,7.135364987100385e-08,0x9E9F21e7812Bb0B47561bf619b275D91D3411721,0x7939EF558975FE95149f1613d90aFE5D22d64714,0x084382D1cc4f4DFD1769b1cC1Ac2A9b1f8365e90,0x3eE5e23eEE121094f1cFc0Ccc79d6C809Ebd22e5,0x940181a94A35A4569E4529A3CDfB74e38FD98631,18,18,18,46146071,57981681,4.6146071e-11,5.7981681e-11,104127752,0,413618684496749408,0.41361868449674943,0.0,0,0,0,nan,0
vAMM-WIF/WETH,1.736213881151945e-08,0x0aCBE7A8486e77a0476142b54024BF487e5630B7,0x09e834dfa12d94C6366FBCc95C3523CFA77179B2,0x1fba65dE0a9cBD2D1DF82d141897042d36Bb6c86,0x4200000000000000000000000000000000000006,0x940181a94A35A4569E4529A3CDfB74e38FD98631,18,18,18,756663834586681634,120443431122396,0.7566638345866816,0.000120443431122396,756784278017804030,0,100643835714827466,0.10064383571482748,0.0,0,0,0,nan,0
vAMM-EURC/APX,2.136801159980632e-08,0x642849BC08552c0F38628d4DD2058756A7aC78F9,0xF4Be61A42fd3e1e211c88A8EEF180019A8C46486,0x60a3E35Cc302bFA44Cb288Bc5a4F316Fdb1adb42,0xcacf1ca03983CE6c7E235fb20C70aCC70ed13509,0x940181a94A35A4569E4529A3CDfB74e38FD98631,18,6,18,171529,33572580583419116391604,0.171529,33572.58058341912,33572580583419116563133,0,123864845935719615,0.12386484593571961,0.0,0,0,0,nan,0
vAMM-WETH/PEGG,4.509216641433559e-05,0x887de0c0AA6C1d5e781B17867b29734f84Dc1372,0x43dA0491ddb804A0437D4a7dFAeE1fEE1B41a856,0x4200000000000000000000000000000000000006,0x82B0E1A2374EA0198f62A48B14FFaB53DB6C1E36,0x940181a94A35A4569E4529A3CDfB74e38FD98631,18,18,18,0,0,0.0,0.0,0,2268625277369,261387645721332963826,261.387645721333,6.559215379769462e-20,17.144978658970988,0,17.144978658970988,15.245725930639393,1788998400
vAMM-WETH/LRDS,0.1292798508786401,0x14f7Ce67e16c435C876AFF4092eb547584121312,0x2BED28EDa5B8902FF20256ac001aa6A4bEb1cEc2,0x4200000000000000000000000000000000000006,0xB676f87A6E701f0DE8De5Ab91B56b66109766DB1,0x940181a94A35A4569E4529A3CDfB74e38FD98631,18,18,18,30957257933256,917076706041940937652,3.0957257933256e-05,917.076706041941,917076736999198870908,6475138126001991,749401914955002382954120,749401.9149550025,0.0,0,0,0,nan,0
vAMM-WETH/cbBTC,0.02604985855665306,0x2578365B3dfA7FfE60108e181EFb79FeDdec2319,0xAFdEBa12B6a870d6639d043030b4b49F9C7c62BB,0x4200000000000000000000000000000000000006,0xcbB7C0000aB88B473b1f5aFd9ef808440eed33Bf,0x940181a94A35A4569E4529A3CDfB74e38FD98631,18,18,8,0,0,0.0,0.0,0,1281231648711654,151004303872446663708587,151004.30387244665,0.0,0,0,0,nan,0
vAMM-AERO/KLIMA,2.4841754206260334e-08,0xf597b0EE3D51Dab24c213199E02E1b7ab9d7B5e7,0x9C25C4681666fC54c45199F8bc51C736f95F27F0,0x940181a94A35A4569E4529A3CDfB74e38FD98631,0xDCEFd8C8fCc492630B943ABcaB3429F12Ea9Fea2,0x940181a94A35A4569E4529A3CDfB74e38FD98631,18,18,9,62176403955669216009,312870285703,62.176403955669215,312.870285703,62176404268539501712,0,144001234890725212,0.14400123489072522,0.0,0,0,0,nan,0
vAMM-cbBTC/KLIMA,0.00013739884054738436,0x6CD89bc86E4a418f7f11e453384904B4493C4077,0xC913c26A4e8a79604fcd3d5a44560F5bE38aE32c,0xcbB7C0000aB88B473b1f5aFd9ef808440eed33Bf,0xDCEFd8C8fCc492630B943ABcaB3429F12Ea9Fea2,0x940181a94A35A4569E4529A3CDfB74e38FD98631,18,8,9,0,0,0.0,0.0,0,6912685859615,796465601708234067218,796.4656017082341,0.0,0,0,0,nan,0
vAMM-WELS/PEGG,0.0003886393155565909,0x6D7Da1A335daBcA718E4ee5357041C96550D7563,0x076C466b97b7C0DAFacFDf855de150EB0E5adb58,0x7F62ac1e974D65Fab4A81821CA6AF659A5F46298,0x82B0E1A2374EA0198f62A48B14FFaB53DB6C1E36,0x940181a94A35A4569E4529A3CDfB74e38FD98631,18,18,18,6388369290811198852861,210644213504315169968,6388.369290811199,210.64421350431516,6599013504315514022829,0,2252841764014064006911,2252.8417640140638,0.0,0,0,0,nan,0
sAMM-DOLA/zunUSD,2.2722872226970717e-05,0x557c843afA9D8214534A2101D7B1200F1b0F6f6a,0x4C601a90a08A4660D439D8b22a11b739592263E3,0x4621b7A9c75199271F773Ebd9A499dbd165c3191,0xD5B9dDB04f20eA773C9b56607250149B26049B1F,0x940181a94A35A4569E4529A3CDfB74e38FD98631,18,18,18,3707670806605054901,9946207702829917764,3.707670806605055,9.946207702829918,13653878509434972665,0,131718623160813013160,131.71862316081302,0.0,0,0,0,nan,0
sAMM-tBTC/cbBTC,0.003518942913062576,0x488d6ea6064eEE9352fdCDB7BC50d98A7fF3AD4E,0x80AAd55965d1eA36bAf15Ae6Ed798145ec65916F,0x236aa50979D5f3De3Bd1Eeb40E81137F22ab794b,0xcbB7C0000aB88B473b1f5aFd9ef808440eed33Bf,0x940181a94A35A4569E4529A3CDfB74e38FD98631,18,18,8,0,0,0.0,0.0,0,177041864538421,20398403461510620087468,20398.40346151062,1.819666573485223e-23,0.3711829293137614,0,0.3711829293137614,54955.12279948581,1788998400
vAMM-DAI/OX,5.60759096925313e-07,0xaCC2c24D1e380De50eD04bE8d68F4E985a28bf2F,0x2D8aC6651a090E085E3638c166851eF9E5688540,0x50c5725949A6F0c72E6C4a641F24049A917DB0Cb,0xba0Dda8762C24dA9487f5FA026a9B64b695A07Ea,0x940181a94A35A4569E4529A3CDfB74e38FD98631,18,18,18,8579053743600090193,2718824817567650554593,8.57905374360009,2718.8248175676504,2727403871311250644786,0,3250575694574067081,3.250575694574067,0.0,0,0,0,nan,0
vAMM-USDC/superOETHb,0.0007752056100078294,0x295e0F68384aC506b0C033592Eef9674da5e4f99,0x634639c606BE9877856Fd7A4eD215D7839133fc0,0x833589fCD6eDb6E08f4c7C32D4f71b54bdA02913,0xDBFeFD2e8460a6Ee4955A68582F85708BAEA60A3,0x940181a94A35A4569E4529A3CDfB74e38FD98631,18,6,18,0,0,0.0,0.0,0,39001470845364,4493666759942963281883,4493.666759942964,0.0,0,0,0,nan,0
vAMM-WETH/MOR,0.008985304611758612,0x1eB79B7111fC98BBcbe79dd8043c2C98bc5698bd,0xABB4aC5F627eb41440950043012BECF7E749d342,0x4200000000000000000000000000000000000006,0x7431aDa8a591C955a994a21710752EF9b882b8e3,0x940181a94A35A4569E4529A3CDfB74e38FD98631,18,18,18,0,0,0.0,0.0,0,452068173334539,52085490791809535942303,52085.49079180954,0.0,0,0,0,nan,0
vAMM-fBOMB/USX,1.5551702555334283e-06,0x49d88e65ef336487a0A513ba0738b85fccaeCCb0,0xfBeD71d6F9b3Fab9dd408C0D0183f1c8937AB53b,0x74ccbe53F77b08632ce0CB91D3A545bF6B8E0979,0xc142171B138DB17a1B7Cb999C44526094a4dae05,0x940181a94A35A4569E4529A3CDfB74e38FD98631,18,18,18,3812368235314859203,60203870121188416,3.8123682353148594,0.06020387012118841,3872572105436047619,0,9014920419979920279,9.014920419979921,0.0,0,0,0,nan,0
vAMM-WMTX/WETH,0.0012103684994550072,0x1DDa8b6469df243971381f1f3F4137814ca68722,0xf2470b185647d1Fd0F432C223Ab0e80e0b23dCD3,0x3e31966d4f81C72D2a55310A6365A56A4393E98D,0x4200000000000000000000000000000000000006,0x940181a94A35A4569E4529A3CDfB74e38FD98631,18,6,18,0,0,0.0,0.0,0,60895410849730,7016193669222899143389,7016.193669222899,1.3982002440410684e-20,98.10043700546856,0,98.10043700546856,71.5205139079226,1788998400
vAMM-JARVIS/wstETH,1.2844520156901247e-10,0xa5061aa5eB2e8abCE384B36a855549e8D9C8cEd5,0xc498a9a90516Ca3aD2d096BbAFaD169E7583Aa04,0x777b2839832982B35213063d850848369390EE16,0xc1CBa3fCea344f92D9239c08C0568f6F2F0ee452,0x940181a94A35A4569E4529A3CDfB74e38FD98631,18,18,18,50539034640576706,49511529877,0.050539034640576706,4.9511529877e-08,50539084152106583,0,744563668416971,0.000744563668416971,0.0,0,0,0,nan,0
vAMM-BOTTO/WETH,0.12164314903182327,0x55F618171d851d57906431ce9FEEe96Dc6f3877e,0xc6fC7E3838BCb2B0CC6da0251c4F32b8865Ed725,0x24914CB6BD01E6a0CF2a9c0478e33c25926e6a0c,0x4200000000000000000000000000000000000006,0x940181a94A35A4569E4529A3CDfB74e38FD98631,18,18,18,308638834630985161490,1449999996345,308.6388346309852,1.449999996345e-06,308638836080985157835,6120067808143734,705133926176787489698873,705133.9261767875,0.0,0,0,0,nan,0
vAMM-cbBTC/TAROT,0.019243475075151846,0x2E26a29f782e51296d9D31f78D4883462a2d339d,0xD9f451A489d622E46E77b74dBD95A5616bca41e2,0xcbB7C0000aB88B473b1f5aFd9ef808440eed33Bf,0xF544251D25f3d243A36B07e7E7962a678f952691,0x940181a94A35A4569E4529A3CDfB74e38FD98631,18,8,18,0,0,0.0,0.0,0,968171025344326,111549456266354183440878,111549.45626635419,4.567655306334489e-22,50.951946583373974,0,50.951946583373974,2189.3070578534807,1788998400
vAMM-BAVA/USDC,1.4097260113000066e-06,0x2215Ae205C5F28af4103e77478D65AF1044559F6,0x73e01eC7c5b11dFDf9b140708AbB8e63f002F10f,0x3fbdE9864362CE4Abb244EbeF2EF0482ABA8eA39,0x833589fCD6eDb6E08f4c7C32D4f71b54bdA02913,0x940181a94A35A4569E4529A3CDfB74e38FD98631,18,18,6,119494951840811903908207,6384701,119494.9518408119,6.384701,119494951840811910292908,0,8171817690460003505,8.171817690460003,0.0,0,0,0,nan,0
vAMM-ICL/WETH,8.684985137987739e-08,0xf8128cB2d1e3Eb8598BF8c5B4935893f92d9ea28,0xCFD3fEd4DC3D467772d1A4B6CE87B09aE0B75282,0x12c26138b666360AB2B7A1B149dF9Cf6642CDfBf,0x4200000000000000000000000000000000000006,0x940181a94A35A4569E4529A3CDfB74e38FD98631,18,18,18,38862623747511035664763,5433508226129166,38862.62374751104,0.005433508226129166,38862629181019261793929,0,503446163460813855,0.5034461634608138,0.0,0,0,0,nan,0
vAMM-USDC/TIMI,3.395888425661642e-05,0x029A7f478D7e2539615c69472E2027E1f37034C4,0xA2B3DddCBa94c47A0A257C41ab6Ed75BaE68a634,0x833589fCD6eDb6E08f4c7C32D4f71b54bdA02913,0x9bEec80e62aA257cED8b0edD8692f79EE8783777,0x940181a94A35A4569E4529A3CDfB74e38FD98631,18,6,18,4241758,5263747000157229497060,4.241758,5263.747000157229,5263747000157233738818,0,196850883712214580785,196.85088371221457,0.0,0,0,0,nan,0
vAMM-WETH/YFI,3.778852650891527e-06,0xA5B1C80B6ddC11e751e405d9374265055762F66e,0x3DcB77970F4f6b6dCa82e845AAb2e2128fc280D6,0x4200000000000000000000000000000000000006,0x9EaF8C1E34F05a589EDa6BAfdF391Cf6Ad3CB239,0x940181a94A35A4569E4529A3CDfB74e38FD98631,18,18,18,0,0,0.0,0.0,0,190122433184,21905033101943243051,21.905033101943243,0.0,0,0,0,nan,0
vAMM-WETH/AIXBT,5.8972505353025326e-05,0xF3E7E359b75a7223BA9D71065C57DDd4F5D8747e,0x97de0E89a077be1B2479164a876A82589eD2D3a2,0x4200000000000000000000000000000000000006,0x4F9Fd6Be4a90f2620860d680c0d4d5Fb53d1A825,0x940181a94A35A4569E4529A3CDfB74e38FD98631,18,18,18,0,0,0.0,0.0,0,2967055862722,341848386588394173380,341.8483865883942,0.0,0,0,0,nan,0
sAMM-USDC/TOSHI,1.766628184555481e-07,0xD15810D4298a9b53421988Aa14637838ed4049b0,0xB213c098473D52E27c9f0BCf1c6C42c6e8D6C1FE,0x833589fCD6eDb6E08f4c7C32D4f71b54bdA02913,0xAC1Bd2486aAf3B5C0fc3Fd868558b082a531B2B4,0x940181a94A35A4569E4529A3CDfB74e38FD98631,18,6,18,0,0,0.0,0.0,0,8889143941,1024068743521498888,1.0240687435214988,0.0,0,0,0,nan,0
vAMM-fBOMB/USDC,0.028465061022039273,0xFf8e0bD2d8F02904e7e18Dd00ea50aeC68f37A10,0x0254263E74061b410Cbc33bf11fCe4A961ea8fE1,0x74ccbe53F77b08632ce0CB91D3A545bF6B8E0979,0x833589fCD6eDb6E08f4c7C32D4f71b54bdA02913,0x940181a94A35A4569E4529A3CDfB74e38FD98631,18,18,6,251636679188675143242,6331686,251.63667918867515,6.331686,251636679188681474928,1409613147959774,165004608949094262555635,165004.60894909425,9.810663187873216e-21,1618.8046428462944,0,1618.8046428462944,101.9299083915226,1788998400
vAMM-USDC/RECORD,2.42857932572039e-06,0x2508ec71d3E0f227D2AA3F190f055E288770Bb20,0xC27d16C68AD5C22Ff15d20117DA3a40b6A7e89cf,0x833589fCD6eDb6E08f4c7C32D4f71b54bdA02913,0xE642657E4F43e6DcF0bd73Ef24008394574Dee28,0x940181a94A35A4569E4529A3CDfB74e38FD98631,18,6,18,212103,236055848409943581150,0.212103,236.0558484099436,236055848409943793253,0,14077847282044555790,14.077847282044555,0.0,0,0,0,nan,0
vAMM-WETH/VIS,2.3487901657026976e-05,0xDbdfAc0F9268EF02c34Ed58c9Fab3517a98444dc,0x018b51fe7a1B422447f069c360f5759f64E72dB6,0x4200000000000000000000000000000000000006,0xFc60AA1fFCA50Ce08b3cDeC9626c0Bb9E9b09BeC,0x940181a94A35A4569E4529A3CDfB74e38FD98631,18,18,18,2654372372108749,245469299875091579387,0.002654372372108749,245.4692998750916,245471954247463688136,0,136153301233108184956,136.15330123310818,0.0,0,0,0,nan,0
vAMM-HENLO/WETH,3.5445395167033895e-07,0x9342001C286d21C7507694Cd52A9AA73C3d5ce56,0xeD34DbC85cb8D0dE1dFc53309B7837D8bda43Cba,0x23A96680Ccde03Bd4Bdd9a3e9a0Cb56A5D27F7c9,0x4200000000000000000000000000000000000006,0x940181a94A35A4569E4529A3CDfB74e38FD98631,18,18,18,311861032533168744624431351118304,40298964430360802950,311861032533168.75,40.298964430360805,311861032533209043588861711921254,0,2054678036366822742,2.0546780363668224,0.0,0,0,0,nan,0
vAMM-WETH/CHAMP,0.0009761385251836316,0x26029Ed89A19B919b5698F10cf776a4f4AEA1529,0xf2c38dE50A250C0060fB45eBE4504B67f6F1be3C,0x4200000000000000000000000000000000000006,0xEb6d78148F001F3aA2f588997c5E102E489Ad341,0x940181a94A35A4569E4529A3CDfB74e38FD98631,18,18,18,0,0,0.0,0.0,0,49111687773638,5658422987513119673135,5658.42298751312,0.0,0,0,0,nan,0
vAMM-USDC/MCADE,0.0005474512151107827,0x1c3FCeA97a3161434901097878faF90227cD3394,0x918A82Cc55E919087944849812C44D07a7f2d5aD,0x833589fCD6eDb6E08f4c7C32D4f71b54bdA02913,0xc48823EC67720a04A9DFD8c7d109b2C3D6622094,0x940181a94A35A4569E4529A3CDfB74e38FD98631,18,6,18,16692725,9076896876062908097630,16.692725,9076.896876062909,9076896876062924790355,0,3173433339844978075641,3173.4333398449785,0.0,0,0,0,nan,0
vAMM-WETH/DOGE,2.997048449231967e-05,0x43Cdb48293FbDF1FA1dc56965AC97e0df211D7e8,0xE737086945b0288D09Dd18dCeE8C82971A0a0e04,0x4200000000000000000000000000000000000006,0x67f0870BB897F5E1c369976b4A2962d527B9562c,0x940181a94A35A4569E4529A3CDfB74e38FD98631,18,18,18,238738769006644,341510722235657008038,0.000238738769006644,341.510722235657,341510960974426014682,0,173731160099786615049,173.73116009978662,0.0,0,0,0,nan,0
vAMM-wXCH/cbBTC,4.9980724339685736e-08,0x3C5512cE278640F9Dea87a9217d49dEcc79951D6,0x116b2bC100CBA7A4BF7b4A2b061a6651D9Cc71bf,0x36be1d329444aeF5D28df3662Ec5B4F965Cd93E9,0xcbB7C0000aB88B473b1f5aFd9ef808440eed33Bf,0x940181a94A35A4569E4529A3CDfB74e38FD98631,18,18,8,10655184256073889,68,0.01065518425607389,6.8e-07,10655184256073957,0,289725353768853210,0.28972535376885317,0.0,0,0,0,nan,0
vAMM-WETH/FAI,0.00022666912145892252,0x5447F7FE76894d98753A0A6d69B9cb840037c13D,0xC8A601c97574088a50A63fca15aF9448fd36579A,0x4200000000000000000000000000000000000006,0xb33Ff54b9F7242EF1593d2C9Bcd8f9df46c77935,0x940181a94A35A4569E4529A3CDfB74e38FD98631,18,18,18,0,0,0.0,0.0,0,11404380670439,1313942370199239362031,1313.9423701992393,0.0,0,0,0,nan,0
vAMM-fBOMB/uSOL,2.2785149731144776e-07,0xCDD9bc6a949d18868254372f505E2829B6A0dCa0,0xe849F5aFF4654012F025F93bD6A8357d3c549e65,0x74ccbe53F77b08632ce0CB91D3A545bF6B8E0979,0x9B8Df6E244526ab5F6e6400d331DB28C8fdDdb55,0x940181a94A35A4569E4529A3CDfB74e38FD98631,18,18,18,824854799751401537,116142007223012,0.8248547997514015,0.000116142007223012,824970941758624549,0,1320796297722026642,1.3207962977220267,0.0,0,0,0,nan,0
vAMM-AIXBT/AERO,3.832780302758644e-06,0xEdBB53445B0Ff73852AB86C3605b3426CF9123c7,0xE741938F18152c16573465457636b5BA7078366C,0x4F9Fd6Be4a90f2620860d680c0d4d5Fb53d1A825,0x940181a94A35A4569E4529A3CDfB74e38FD98631,0x940181a94A35A4569E4529A3CDfB74e38FD98631,18,18,18,2076191875448984419958,218057479556285189946,2076.1918754489843,218.0574795562852,2294249355005269609904,0,22217637775475716303,22.217637775475716,0.0,0,0,0,nan,0
vAMM-USDC/MET,0.02330966483079605,0xdA9b1279A069A7166560f3D7f20B5b0237af8459,0x0472A241929cC4E34951bD761dFAc665c4692171,0x833589fCD6eDb6E08f4c7C32D4f71b54bdA02913,0x93dc5Cb35627A759848c7A7F0079EA7b49E435a5,0x940181a94A35A4569E4529A3CDfB74e38FD98631,18,6,18,0,0,0.0,0.0,0,1172768178667660,135120108372928084632323,135120.10837292808,2.9591056378893184e-22,39.98346744785472,0,39.98346744785472,3379.3994617687376,1788998400
vAMM-OX/cbBTC,0.00010080690982239776,0xdC4260f59CBc870c6BE271100430C23FD632D33E,0x5AFCf03d8D37bcB6f3152C250F168bd70Fcb8119,0xba0Dda8762C24dA9487f5FA026a9B64b695A07Ea,0xcbB7C0000aB88B473b1f5aFd9ef808440eed33Bf,0x940181a94A35A4569E4529A3CDfB74e38FD98631,18,18,8,0,0,0.0,0.0,0,5071842933209,584351627482290169418,584.3516274822902,1.5036842771149439e-22,0.08786803545516485,0,0.08786803545516485,6650.3322221248345,1788998400
vAMM-AERO/AUKI,0.00042997759338041913,0x16f7e8199B46Ff86D33be983Ee6c642d9c14A5ae,0x7a1b8b9a035b9B578714987D4887177daB22c709,0x940181a94A35A4569E4529A3CDfB74e38FD98631,0xF9569cFb8FD265e91aa478d86ae8c78b8AF55Df4,0x940181a94A35A4569E4529A3CDfB74e38FD98631,18,18,18,0,0,0.0,0.0,0,21633227546276,2492469086845677805262,2492.469086845678,8.30771475808996e-21,20.706722216870844,0,20.706722216870844,120.37004508685268,1788998400
sAMM-USR/USDC,9.166659455128944e-05,0xd3eE0a3B349237D68517DF30bFB66Be971f46Ad9,0xBbebd633E692C892EAa6DDfbbD1517bEb3F0358A,0x35E5dB674D8e93a03d814FA0ADa70731efe8a4b9,0x833589fCD6eDb6E08f4c7C32D4f71b54bdA02913,0x940181a94A35A4569E4529A3CDfB74e38FD98631,18,18,6,0,0,0.0,0.0,0,4612041220366,531367579922619336345,531.3675799226194,1.3822540497916833e-21,0.7344849892760466,0,0.7344849892760466,723.4560102397298,1788998400
vAMM-MET/cbBTC,0.00685358845422622,0x5aAc53d1b18F1eAf908C223a94916B339B74309F,0x72Ee712cA4Ea8E2D3d91E0846d04EDf31485c435,0x93dc5Cb35627A759848c7A7F0079EA7b49E435a5,0xcbB7C0000aB88B473b1f5aFd9ef808440eed33Bf,0x940181a94A35A4569E4529A3CDfB74e38FD98631,18,18,8,0,0,0.0,0.0,0,344821365178165,39728482644461497872176,39728.482644461496,9.891295399628584e-23,3.9296615761538605,0,3.9296615761538605,10109.899255840137,1788998400
vAMM-VIRTUAL/AIXBT,0.0007223855902261948,0xeb3458046d3aA2fdbBbF4FEe58C755744ec42ce2,0xBE208720227e7b8832BC3DE3B75E02C187783BD8,0x0b3e328455c4059EEb9e3f84b5543F74E24e7E1b,0x4F9Fd6Be4a90f2620860d680c0d4d5Fb53d1A825,0x940181a94A35A4569E4529A3CDfB74e38FD98631,18,18,18,0,0,0.0,0.0,0,36345542620304,4187482743614877664403,4187.482743614877,1.6731518155528103e-22,0.7006294355075295,0,0.7006294355075295,5976.743955357089,1788998400
vAMM-WETH/HEU,0.00100799228741049,0xF930E1342fC23c5c7BceaE58cBbc776Eeb4cFb87,0xa936fcE0237cA8F36d66BC2605B0f28584f8036b,0x4200000000000000000000000000000000000006,0xEF22cb48B8483dF6152e1423b19dF5553BbD818b,0x940181a94A35A4569E4529A3CDfB74e38FD98631,18,18,18,0,0,0.0,0.0,0,50715014398555,5843071022369981266712,5843.071022369981,0.0,0,0,0,nan,0
vAMM-BTCB/MIGGLES,7.80875993451053e-08,0x45b09f8238B10555b0D4A46692e75afbD77faC25,0x432Dcaa35D9cD4d2b421e3815a372Dc135Be1845,0x0c41F1FC9022FEB69aF6dc666aBfE73C9FFDA7ce,0xB1a03EdA10342529bBF8EB700a06C60441fEf25d,0x940181a94A35A4569E4529A3CDfB74e38FD98631,18,18,18,1604026898471997906,8401470243220538976,1.6040268984719979,8.401470243220539,10005497141692536882,0,452653650864703704,0.45265365086470366,0.0,0,0,0,nan,0
vAMM-WETH/CXT,0.0004007528189228223,0x923BeBD9FbCAf0F85251a3d5A11BF5BFAa19942F,0x8D4b9bB3d47f27634511fb62e93CEB03e569bC26,0x4200000000000000000000000000000000000006,0xB1E1f3Cc2B6fE4420C1Ac82022b457018Eb628ff,0x940181a94A35A4569E4529A3CDfB74e38FD98631,18,18,18,0,0,0.0,0.0,0,20163081530616,2323060615271785489335,2323.0606152717855,4.344782329124918e-20,100.93192710718913,0,100.93192710718913,23.016112758896483,1788998400
vAMM-WETH/SYMM,0.03573324030816217,0x3eB2a8015dE1419a5089dAb37b0056F0fc24f821,0x925bC135a96716D48aD5FE9AB553076146147785,0x4200000000000000000000000000000000000006,0x800822d361335b4d5F352Dac293cA4128b5B605f,0x940181a94A35A4569E4529A3CDfB74e38FD98631,18,18,18,0,0,0.0,0.0,0,1797842919404728,207136367597005176760702,207136.36759700516,0.0,0,0,0,nan,0
vAMM-cbETH/SPECTRA,0.04091374302341125,0xEf70044C0249a07234E07D673606e09b364dC977,0xeF495e3a8345e2E2683745Fa472640C8D360b55b,0x2Ae3F1Ec7F1F5012CFEab0185bfc7aa3cf0DEc22,0x64FCC3A02eeEba05Ef701b7eed066c6ebD5d4E51,0x940181a94A35A4569E4529A3CDfB74e38FD98631,18,18,18,0,0,0.0,0.0,0,2059337130175517,237166404210225681998039,237166.40421022568,1.6747234640391242e-21,397.1881420126523,0,397.1881420126523,597.1135064819504,1788998400
vAMM-cbBTC/DEUS,0.050999959115941504,0x982534133b2B71Ab012404256Be316344Bb9f261,0x0Cf6C003718eBEe0F5C7a6C1445Cc73FE3e8fbEc,0xcbB7C0000aB88B473b1f5aFd9ef808440eed33Bf,0xDE5ed76E7c05eC5e4572CfC88d1ACEA165109E44,0x940181a94A35A4569E4529A3CDfB74e38FD98631,18,8,18,0,0,0.0,0.0,0,2565955804617648,295633594596202459457202,295633.5945962025,3.0197135820271986e-23,8.927287809056752,0,8.927287809056752,33115.723489533026,1788998400
vAMM-USR/USDC,5.6372618224824986e-08,0x8E5a94965005FF2eB41B69B9ADf41273f38d872a,0x2d1102727dFB75aDa41272761C132c47fAECfEdC,0x35E5dB674D8e93a03d814FA0ADa70731efe8a4b9,0x833589fCD6eDb6E08f4c7C32D4f71b54bdA02913,0x940181a94A35A4569E4529A3CDfB74e38FD98631,18,18,6,250660224069378848065,74629039,250.66022406937884,74.629039,250660224069453477104,0,326777512207751551,0.32677751220775153,0.0,0,0,0,nan,0
vAMM-WETH/ODOS,6.66500592481783e-06,0xd085Ef129A79d1fDE3912cD288A0F9558b33A282,0x5e6334757f1ae0054EFd7E6f33f56F5a54799597,0x4200000000000000000000000000000000000006,0xca73ed1815e5915489570014e024b7EbE65dE679,0x940181a94A35A4569E4529A3CDfB74e38FD98631,18,18,18,26982532776008309,26615625286071129127017,0.02698253277600831,26615.62528607113,26615652268603905135326,0,38635318414264708257,38.6353184142647,0.0,0,0,0,nan,0
vAMM-eBTC/cbBTC,4.079089392957132e-08,0x14048DFa85509B75d3951F318152Ec363999eAC0,0xC8360CBb1b81eDB6dC8107FDF37BDAe0759F3dAc,0x657e8C867D8B37dCC18fA4Caead9C45EB088C642,0xcbB7C0000aB88B473b1f5aFd9ef808440eed33Bf,0x940181a94A35A4569E4529A3CDfB74e38FD98631,18,8,8,97748,97617,0.00097748,0.00097617,195365,0,236454279733376232,0.2364542797333762,0.0,0,0,0,nan,0
vAMM-WETH/GEKKO,8.356206583582706e-08,0x1977911144b93b6f949dECFF7D7EA7E081F7F08C,0xd4c7c645D4B4e991D0eF00D652CA32e472033a95,0x4200000000000000000000000000000000000006,0xf7b0dd0B642a6ccc2fc4d8FfE2BfFb0caC8C43C8,0x940181a94A35A4569E4529A3CDfB74e38FD98631,18,18,18,148262155344698677,262719541822910248420905,0.14826215534469867,262719.54182291025,262719690085065593119582,0,484387719581685061,0.4843877195816851,0.0,0,0,0,nan,0
vAMM-AERO/FAI,4.079089392957132e-08,0xfF231D3b278D3C56c5B12e6B79BE9B3D88c0F53b,0x3592697e4C319B3640A0D3b3380A78843557fBd0,0x940181a94A35A4569E4529A3CDfB74e38FD98631,0xb33Ff54b9F7242EF1593d2C9Bcd8f9df46c77935,0x940181a94A35A4569E4529A3CDfB74e38FD98631,18,18,18,214860691604357628,6874604612214532729,0.21486069160435764,6.874604612214533,7089465303818890357,0,236454279733376232,0.2364542797333762,0.0,0,0,0,nan,0
vAMM-WETH/FLOCK,0.03311864192743847,0x4910C78a1C75E36548F1f2f1f4dCb71A4F69fC07,0x35388feDFe7C0d8EA803f2Ae5534F357b0b361ff,0x4200000000000000000000000000000000000006,0x5aB3D4c385B400F3aBB49e80DE2fAF6a88A7B691,0x940181a94A35A4569E4529A3CDfB74e38FD98631,18,18,18,9681036660166669,327008889397456103740,0.009681036660166668,327.00888939745613,327018570434116270409,1666795242205235,191980215883990494069518,191980.2158839905,9.181809361541933e-21,1762.7257434344651,0,1762.7257434344651,108.91099571164115,1788998400
vAMM-ATH/AERO,7.80875993451053e-08,0xBc91c004F5373e3D048d22579209e865007AC4B5,0x93795d7b30d50179bC409a21C5F2184638697eC3,0x58D75a1c4477914f9a98A8708fEaeD1DbE40b8a3,0x940181a94A35A4569E4529A3CDfB74e38FD98631,0x940181a94A35A4569E4529A3CDfB74e38FD98631,18,18,18,39279,21968,3.9279e-14,2.1968e-14,61247,0,452653650864703704,0.45265365086470366,0.0,0,0,0,nan,0
vAMM-1000X/WETH,0.0015293384875606768,0x23dA62CE083687cD72EBCBA36eEc6752fa51B715,0x7d1a8AA63DBA54E39b141098f16Dd9EccB5aDE62,0x352b850b733ab8baB50aED1Dab5D22E3186ce984,0x4200000000000000000000000000000000000006,0x940181a94A35A4569E4529A3CDfB74e38FD98631,18,18,18,0,0,0.0,0.0,0,76945996137227,8865180330910465870297,8865.180330910465,9.519274899777369e-21,84.39008860603603,0,84.39008860603603,105.05001804532269,1788998400
vAMM-USDC/SEND,0.00014289378458983543,0x69bc1d350fE13F499c6AedEd2C5eA9471b2a599A,0x342D92F92b2365e15126b852A56820427Af56900,0x833589fCD6eDb6E08f4c7C32D4f71b54bdA02913,0xEab49138BA2Ea6dd776220fE26b7b8E446638956,0x940181a94A35A4569E4529A3CDfB74e38FD98631,18,6,18,0,0,0.0,0.0,0,7190040263979,828318373505202421373,828.3183735052024,2.1816744454103207e-20,18.071210281401413,0,18.071210281401413,45.83635299500077,1788998400
sAMM-Bold/USDC,3.3470016740699143e-06,0xeb754F9750e1d2CD87835592d37eE9f15c217b50,0xc6081F7DA8762D5f76E1897Bf6dcC773aa62Ae7c,0x087C440F251Ff6Cfe62B86DdE1bE558B95b4bb9b,0x833589fCD6eDb6E08f4c7C32D4f71b54bdA02913,0x940181a94A35A4569E4529A3CDfB74e38FD98631,18,18,6,459322505444212436,407015,0.45932250544421244,0.407015,459322505444619451,0,19401704495004265347,19.401704495004267,0.0,0,0,0,nan,0
vAMM-USDC/USDT,2.5782178932379804e-06,0x5E7801e9B3aFf7C785E4E74Ff2076d4967d0cB6B,0x6f62Ebea59dA60C8e10B4Dcda88571de7C124Fb1,0x833589fCD6eDb6E08f4c7C32D4f71b54bdA02913,0xfde4C96c8593536E31F229EA8f37b2ADa2699bb2,0x940181a94A35A4569E4529A3CDfB74e38FD98631,18,6,6,866,0,0.000866,0.0,866,129727870926,14945263420651298605,14.9452634206513,0.0,0,0,0,nan,1788998400
vAMM-wIRON/USDC,0.07002319694998656,0x9941dfa4d724fd7a2E5E5d9777560b20de98cE0d,0x9d21b1fc0Ccd64Cff8bDf29F45eb426f97f47680,0x166e70941262AE7cBf9df5c8897A6242c546457d,0x833589fCD6eDb6E08f4c7C32D4f71b54bdA02913,0x940181a94A35A4569E4529A3CDfB74e38FD98631,18,8,6,1449039928,1273159,14.49039928,1.273159,1450313087,3610540992336647,405906392442020717035611,405906.39244202076,0.0,0,0,0,nan,0
vAMM-Bold/POOL,4.306556439849518e-06,0x72cCcbd837E15500169323d3cC3FCC266db03700,0x191863cC6560E877B09dD3d7847DFD4CB84d6575,0x087C440F251Ff6Cfe62B86DdE1bE558B95b4bb9b,0xd652C5425aea2Afd5fb142e120FeCf79e18fafc3,0x940181a94A35A4569E4529A3CDfB74e38FD98631,18,18,18,9431852643146600481,46515273617355937488,9.4318526431466,46.51527361735594,55947126260502537969,0,24963995711247023403,24.963995711247023,0.0,0,0,0,nan,0
sAMM-USDC/cUSDO,4.6579942311841874e-05,0x5feDe9d65714907381A76AA9bF949219dD1c5023,0x78Fff283c03557ca8BBa0A134386b717e04490dc,0x833589fCD6eDb6E08f4c7C32D4f71b54bdA02913,0x83dB73EF5192de4B6a4c92bD0141Ba1a0Dc87c65,0x940181a94A35A4569E4529A3CDfB74e38FD98631,18,6,18,0,0,0.0,0.0,0,2343631791643,270011898449329590225,270.0118984493296,1.3841349251730724e-22,0.0373732898856002,0,0.0373732898856002,7224.729192314542,1788998400
vAMM-USDC/SQD,0.0015030843419274282,0xa6C7Fbd1b4c71673DFDaDfaa9D17F14833D3245E,0x1EfB3Df7B4cc8C41dA408be577732cb1E8Af1546,0x833589fCD6eDb6E08f4c7C32D4f71b54bdA02913,0xd4554BEa546EFa83C1E6B389ecac40EA999B3E78,0x940181a94A35A4569E4529A3CDfB74e38FD98631,18,6,18,0,0,0.0,0.0,0,75627803269294,8712991827602757187632,8712.991827602757,2.747331654257964e-20,239.37478251264002,0,239.37478251264002,36.39895454377143,1788998400
vAMM-WETH/RIZ,9.153104013484533e-05,0x04B27c418aaAD06539210ae9A0298076904Cd70B,0x055Ea0Fde71dDe3A4bb80856f5768016E99DCB3c,0x4200000000000000000000000000000000000006,0x67543CF0304C19CA62AC95ba82FD4F4B40788dc1,0x940181a94A35A4569E4529A3CDfB74e38FD98631,18,18,8,8954571443518989,1261453164691,0.008954571443518989,12614.53164691,8955832896683680,0,530581805971199915743,530.5818059711999,0.0,0,0,0,nan,0
vAMM-WETH/KTA,0.0013088745601979852,0xd9eDC75a3a797Ec92Ca370F19051BAbebfb2edEe,0x0e62c181134Ca74837694a7D6d7501C3D4fe6363,0x4200000000000000000000000000000000000006,0xc0634090F2Fe6c6d75e61Be2b949464aBB498973,0x940181a94A35A4569E4529A3CDfB74e38FD98631,18,18,18,0,0,0.0,0.0,0,65854906198086,7587207868680477105079,7587.207868680477,1.7856773271222588e-20,135.48305067266324,0,135.48305067266324,56.00115904543451,1788998400
sAMM-oUSDT/USDC,0.000188573395158149,0xc84f7c63742EA1894EE04e5F49fbaE8C3a4a734d,0xe68921DD3923E90e7970c109B0d6f3c4a8B28Ca7,0x1217BfE6c773EEC6cc4A38b5Dc45B92292B6E189,0x833589fCD6eDb6E08f4c7C32D4f71b54bdA02913,0x940181a94A35A4569E4529A3CDfB74e38FD98631,18,6,6,0,0,0.0,0.0,0,9487962130146,1093111281306652588080,1093.1112813066527,0.0,0,0,0,nan,1788998400
vAMM-USDC/AITECH,0.0012795742044356092,0x95b9662f58d638b65Ac957ACb1365697c34c832b,0x018F92c3FeF19f88a03D4d9E700Afe9FAd496D60,0x833589fCD6eDb6E08f4c7C32D4f71b54bdA02913,0xD71552d9e08E5351AdB52163B3bbbC4d7DE53Ce1,0x940181a94A35A4569E4529A3CDfB74e38FD98631,18,6,18,0,0,0.0,0.0,0,64380683809648,7417361271798182633673,7417.361271798182,1.0197228034579022e-20,75.63652430338114,0,75.63652430338114,98.065866195105,1788998400
vAMM-BNKR/USDC,1.5719338571260827e-05,0xbd583f38ea4A388E938E7cC5Aa993CCCb91A704e,0xa8d13F77c9598cF68237d6e547ef84242592252B,0x22aF33FE49fD1Fa80c7149773dDe5890D3c76F3b,0x833589fCD6eDb6E08f4c7C32D4f71b54bdA02913,0x940181a94A35A4569E4529A3CDfB74e38FD98631,18,18,6,168353184678558192780840,85165385,168353.1846785582,85.165385,168353184678558277946225,0,91120946899817542198,91.12094689981754,0.0,0,0,0,nan,0
vAMM-OVER/USDC,0.06816430824782835,0x889339213a0CC0a795F69cae5b1Db2223f944A4E,0xD4Ab5057b2eD8f62C61F9259Ce94975D60807A7D,0x7750C092e284e2c7366f50C8306F43c7EB2e82a2,0x833589fCD6eDb6E08f4c7C32D4f71b54bdA02913,0x940181a94A35A4569E4529A3CDfB74e38FD98631,18,18,6,0,0,0.0,0.0,0,3430185991112756,395130894608307344795995,395130.8946083074,3.3524062277848053e-22,132.46392718750712,0,132.46392718750712,2982.9320555247195,1788998400
vAMM-VIRTUAL/cbETH,1.6327423730293438e-10,0x1e9282580BC3713a9B258c17BE4cA3F320AB70af,0x004c4149aFDA0aCaC8781b13f84E62f373b61B24,0x0b3e328455c4059EEb9e3f84b5543F74E24e7E1b,0x2Ae3F1Ec7F1F5012CFEab0185bfc7aa3cf0DEc22,0x940181a94A35A4569E4529A3CDfB74e38FD98631,18,18,18,3228792461474,1301866197,3.228792461474e-06,1.301866197e-09,3230094327671,0,946458595566440,0.00094645859556644,0.0,0,0,0,nan,0
vAMM-STPT/USDC,0.00010008141066012326,0x3B85f7EaBBD2548CC5AfFb7BdF4bd2ca063404ad,0x12Cfd0322fF97062A06d36E70e24F1691a7b6517,0x4489d0a0345eCB216A3994De780d453c7fA6312C,0x833589fCD6eDb6E08f4c7C32D4f71b54bdA02913,0x940181a94A35A4569E4529A3CDfB74e38FD98631,18,18,6,50426153381821054648584,2957153941,50426.15338182105,2957.153941,50426153381824011802525,0,580146096165448435702,580.1460961654484,0.0,0,0,0,nan,0
vAMM-cbBTC/EDGE,0.06650432821427847,0x594b83709464A83F37aC77E69DDD447a8A33c0EE,0x6e64524E3620C0Cd6af727B3D9Bd998396441aD0,0xcbB7C0000aB88B473b1f5aFd9ef808440eed33Bf,0xED6E000dEF95780fb89734c07EE2ce9F6dcAf110,0x940181a94A35A4569E4529A3CDfB74e38FD98631,18,8,18,0,0,0.0,0.0,0,3360421067532819,385508418967481165548087,385508.4189674812,0.0,0,0,0,nan,0
vAMM-WETH/KING,0.00017303726014696394,0xdc5f7C7916C7792603FDc17F05f7929b423015ac,0x58dA2a684342294d3E4991924Ce59a80538f8432,0x4200000000000000000000000000000000000006,0xE22C243c7559C667a1EB94B593369D192c5fbac0,0x940181a94A35A4569E4529A3CDfB74e38FD98631,18,18,18,0,0,0.0,0.0,0,8706296515129,1003052318140682440670,1003.0523181406825,2.430958741792685e-21,2.4383788012595096,0,2.4383788012595096,411.3603340147848,1788998400
vAMM-WETH/JKL,9.079319158009753e-06,0xF3706dc080C93d0cb597a1ec57dCA1Ffeef06c84,0x80EAe3cB7018AD3F26804Ac4A0Be5eb8fF00c05b,0x4200000000000000000000000000000000000006,0x4eeD0d2deb4C588393c80869B122327581B0D98e,0x940181a94A35A4569E4529A3CDfB74e38FD98631,18,18,6,0,0,0.0,0.0,0,456824781776,52630468841485420089,52.63046884148542,0.0,0,0,0,nan,0
vAMM-BOLD/POOL,0.000231734687698834,0xAa10db59a60e511872a70aAAf1aff09fb173ba75,0xD51CEdaA7cD1Cd3cb8bc8F4C189698e9967240ff,0x03569CC076654F82679C4BA2124D64774781B01D,0xd652C5425aea2Afd5fb142e120FeCf79e18fafc3,0x940181a94A35A4569E4529A3CDfB74e38FD98631,18,18,18,0,0,0.0,0.0,0,10413046436766,1343306149741997843417,1343.3061497419978,1.2745610838194067e-20,17.12125742116435,0,17.12125742116435,78.458381688805,1788998400
vAMM-WETH/APU,0.0006764853282215435,0x24dFbc9e3eEDA5A4d5C8851eD4E656d306815498,0x29Ea6bdB07e55c53b32475E0836c01557803E099,0x4200000000000000000000000000000000000006,0xB9926b3fBc5873Db0182016D55727D5ae89E5EFd,0x940181a94A35A4569E4529A3CDfB74e38FD98631,18,18,18,0,0,0.0,0.0,0,34037323755904,3921410776410084729838,3921.4107764100845,9.780904341094117e-21,38.354943686202645,0,38.354943686202645,102.24003477863863,1788998400
vAMM-WETH/TLOS,0.13329544825900028,0xC3b22240657fa67b77D0f1b7A1C1012DB60D46fb,0x44B8B5521723D05E82e5DAfCE8b37a1082b6d3B2,0x4200000000000000000000000000000000000006,0x7252c865c05378Ffc15120F428dd65804dD0CE63,0x940181a94A35A4569E4529A3CDfB74e38FD98631,18,18,18,18875219372530112,3069308234047392107452,0.018875219372530113,3069.308234047392,3069327109266764637564,6668076313990183,772679296125213973786282,772679.296125214,9.799299893639237e-22,757.171614433705,0,757.171614433705,1020.4810658454322,1788998400
vAMM-wstETH/cbBTC,6.135917005736257e-11,0xc0734F84e402D69A445D93C60aD2C72258F159b6,0x2256edefD747c76973da71475311DdAec4265CB6,0xc1CBa3fCea344f92D9239c08C0568f6F2F0ee452,0xcbB7C0000aB88B473b1f5aFd9ef808440eed33Bf,0x940181a94A35A4569E4529A3CDfB74e38FD98631,18,18,8,2189721446420,31,2.18972144642e-06,3.1e-07,2189721446451,0,355683265632808,0.000355683265632808,0.0,0,0,0,nan,0
vAMM-AERO/QI,6.0687757330901235e-05,0x44D92817E3409556E15BA0F7bD3FD48b49c907d6,0xa64343E14AAD53467E9941B17549C5ACdf7891C6,0x940181a94A35A4569E4529A3CDfB74e38FD98631,0xD3FDCb837DAfdb7C9C3eBD48FE22a53F6Dd3d7D7,0x940181a94A35A4569E4529A3CDfB74e38FD98631,18,18,18,18997704830990601,848592916755580609,0.0189977048309906,0.8485929167555806,867590621586571210,0,351791259419035277648,351.7912594190353,0.0,0,0,0,nan,0
vAMM-RIPE/WETH,5.992626264962236e-09,0x765824aD2eD0ECB70ECc25B0Cf285832b335d6A9,0x49AAAFd906FB80959721c71a297B071Fc0693A95,0x2A0a59d6B975828e781EcaC125dBA40d7ee5dDC0,0x4200000000000000000000000000000000000006,0x940181a94A35A4569E4529A3CDfB74e38FD98631,18,18,18,2694165980963317960232,5823489581240750017,2694.165980963318,5.82348958124075,2699989470544558710249,0,34737707137271592,0.03473770713727159,0.0,0,0,0,nan,0
vAMM-CREATOR/WETH,0.0013860936988047102,0x640A1f93fE0f9868b6C6d83794EC4BA988Db3B12,0xcf3E3389C09B6C368c815f2887839af099FEf4fC,0x0FD122a924c4528A78a8141bdDd38A0e5bA35FA5,0x4200000000000000000000000000000000000006,0x940181a94A35A4569E4529A3CDfB74e38FD98631,18,18,18,1267417155262428915032118,672686840895495510,1267417.1552624288,0.6726868408954955,1267417827949269810527628,0,8034827276884919227524,8034.82727688492,0.0,0,0,0,nan,0
vAMM-SIRE/USDC,0.0006959833350028432,0xeF6F90aCDa6e8102093F3F4e28D952B0276E4ABB,0xD29D5597c1225B874a9d9EBEE693f88892942118,0x7Ce02e86354EA0Cc3b302AeAdC0Ab56bC7EB44b8,0x833589fCD6eDb6E08f4c7C32D4f71b54bdA02913,0x940181a94A35A4569E4529A3CDfB74e38FD98631,18,18,6,86275531572538887736637,5026030972,86275.5315725389,5026.030972,86275531572543913767609,0,4034435687255846103406,4034.435687255846,0.0,0,0,0,nan,0
vAMM-AERO/MAI,0.001087131630145394,0x104DAaf3D7108B5e52A4c200E58A7083171B3054,0xb3c6adc4F8939e3C778929B09f9c5Df74E4Ef6A0,0x940181a94A35A4569E4529A3CDfB74e38FD98631,0xbf1aeA8670D2528E08334083616dD9C5F3B087aE,0x940181a94A35A4569E4529A3CDfB74e38FD98631,18,18,18,0,0,0.0,0.0,0,54703543950074,6301821358100886141012,6301.821358100887,0.0,0,0,0,nan,0
vAMM-SYND/WETH,0.014085289558763618,0xA6f77321B8726FaAB89B72f28C2603b667448BC2,0xb41228D378ae3fE96eF1B1f927856a1Ca73BF903,0x11dC28D01984079b7efE7763b533e6ed9E3722B9,0x4200000000000000000000000000000000000006,0x940181a94A35A4569E4529A3CDfB74e38FD98631,18,18,18,0,0,0.0,0.0,0,708730649383635,81648786692537606467755,81648.7866925376,0.0,0,0,0,nan,0
vAMM-WETH/PHI,0.0004068193730005739,0x99ba9f844FCDC60Fc9e52af59f165cD91F86360E,0xB27773092F3D548044d6d8527d468072426603Cc,0x4200000000000000000000000000000000000006,0xFb3aD5550ca5730A6F91350032c4Da1eFdfDE3E8,0x940181a94A35A4569E4529A3CDfB74e38FD98631,18,18,18,0,0,0.0,0.0,0,20470166367369,2358226862851332283501,2358.226862851332,0.0,0,0,0,nan,0
vAMM-USDC/coinage,0.0007533501528848693,0x0F9C19e1aaf9C989617b6e7154df3e6Bc5d143d2,0xC3e51aC2Ba4332b61BbEe34e57ACA96150f7E7C6,0x833589fCD6eDb6E08f4c7C32D4f71b54bdA02913,0xF4d7fD100b5B03e51261a2E6a673632eF2c68896,0x940181a94A35A4569E4529A3CDfB74e38FD98631,18,6,18,0,0,0.0,0.0,0,37910953198678,4366976318169958133263,4366.976318169958,1.7704706417312746e-20,77.31603364455646,0,77.31603364455646,56.48215657629537,1788998400
vAMM-FLOCK/DGLD,0.0013602884542745952,0x2b1CEd170A3cB7CFB1e21657B4BCc3Dd0594639a,0x89f0D55D0A78Ac4F50E9C3bFB61E103250AD566C,0x5aB3D4c385B400F3aBB49e80DE2fAF6a88A7B691,0xd02f50E1017F493ffFFa70c8fCf09e349e11d6c9,0x940181a94A35A4569E4529A3CDfB74e38FD98631,18,18,18,2754982414540349507586,0,2754.9824145403495,0.0,2754982414540349507586,0,7885240937363967259272,7885.240937363967,0.0,0,0,0,nan,0
sAMM-SOL/uSOL,0.000464128384714224,0xA260A129622c5600E67D75B6006fB3C612cF26C3,0x351c645031Eec5596E62C93bd7Eb28B2F4674822,0x311935Cd80B76769bF2ecC9D8Ab7635b2139cf82,0x9B8Df6E244526ab5F6e6400d331DB28C8fdDdb55,0x940181a94A35A4569E4529A3CDfB74e38FD98631,18,9,18,0,0,0.0,0.0,0,23354874320458,2690432406333158377391,2690.4324063331583,5.3378655312382535e-21,14.361166405892156,0,14.361166405892156,187.34080020333982,1788998400
vAMM-SOL/fBOMB,0.007282180149425203,0xB8fA852a85Af20284906a898595f59BdD8C66cbE,0x96f03A43be421aeb8768d7eaA7E4bEd1B4782E39,0x311935Cd80B76769bF2ecC9D8Ab7635b2139cf82,0x74ccbe53F77b08632ce0CB91D3A545bF6B8E0979,0x940181a94A35A4569E4529A3CDfB74e38FD98631,18,9,18,0,0,0.0,0.0,0,366443394726841,42212918037393994873956,42212.91803739399,0.0,0,0,0,nan,0
sAMM-msUSD/frxUSD,0.0007407292132767699,0xA678C47022f2E5286C51cC433be1599BBA88DF05,0x90C2eafBb37fDFB54bDAc0C12F59b14417F280cb,0x526728DBc96689597F85ae4cd716d4f7fCcBAE9d,0xe5020A6d073a794B6E7f05678707dE47986Fb0b6,0x940181a94A35A4569E4529A3CDfB74e38FD98631,18,18,18,0,0,0.0,0.0,0,37274005404845,4293815990040248934459,4293.815990040249,7.652225164231226e-22,3.2857246769564408,0,3.2857246769564408,1306.8094293334402,1788998400
vAMM-AERO/POD,2.632047032402148e-05,0x92CAcBee088CBE97b226544F6d669D4b972B4cEe,0x9B913b303a32F67FFeb1e8e55753cc3d8b7B093d,0x940181a94A35A4569E4529A3CDfB74e38FD98631,0xeD664536023d8E4b1640C394777D34aBAFF1dF8F,0x940181a94A35A4569E4529A3CDfB74e38FD98631,18,18,18,0,0,0.0,0.0,0,1324513444687,152572970414811603618,152.5729704148116,0.0,0,0,0,nan,0
vAMM-ENA/AERO,1.0528188129608593e-05,0x9F2dDa28368E5716270c14C6CaFaF6B940D7f7E4,0xE7F21A7d4E3987B3492F414E45cDe0097F73dfF0,0x58538e6A46E07434d7E7375Bc268D3cb839C0133,0x940181a94A35A4569E4529A3CDfB74e38FD98631,0x940181a94A35A4569E4529A3CDfB74e38FD98631,18,18,18,0,0,0.0,0.0,0,529808090156,61029188165924641447,61.029188165924644,4.6410285192612584e-20,2.83238202785418,0,2.83238202785418,21.54694796314624,1788998400
vAMM-AERO/VVV,1.6135237636844197e-05,0xE46d786F1FC1c43BfFaDc2D8704AdbdbA5B45209,0x788e7E7cF8fB92F47c17610dd200A532e8fA930e,0x940181a94A35A4569E4529A3CDfB74e38FD98631,0xacfE6019Ed1A7Dc6f7B508C02d1b04ec88cC21bf,0x940181a94A35A4569E4529A3CDfB74e38FD98631,18,18,18,0,0,0.0,0.0,0,811970619385,93531806396157437461,93.53180639615745,7.028426588155278e-22,0.06573814349129449,0,0.06573814349129449,1422.7935476842845,1788998400
vAMM-HYPE/MORPHO,4.737684658323867e-05,0x7E3C6288bE608795ac30Da107903deFD625c53cb,0x95b48aC82637Cce2E755D5D522F21A0Bef245971,0x15D0e0c55a3E7eE67152aD7E89acf164253Ff68d,0xBAa5CC21fd487B8Fcc2F632f3F4E8D37262a0842,0x940181a94A35A4569E4529A3CDfB74e38FD98631,18,18,18,0,0,0.0,0.0,0,2384136405708,274631346746660886512,274.6313467466609,3.8456650711999145e-22,0.1056140177640226,0,0.1056140177640226,2600.3304538634266,1788998400
vAMM-ZRO/PENDLE,4.737684658323867e-05,0xe58DB5232C89dC338A572d6ef87C7dFb3D39DfB7,0xe92906196a7A34Ec309A2194E234E550F2e0c10b,0x6985884C4392D348587B19cb9eAAf157F13271cd,0xA99F6e6785Da0F5d6fB42495Fe424BCE029Eeb3E,0x940181a94A35A4569E4529A3CDfB74e38FD98631,18,18,18,0,0,0.0,0.0,0,2384136405708,274631346746660886512,274.6313467466609,9.656791753836147e-22,0.26520577246080707,0,0.26520577246080707,1035.5406075757523,1788998400
vAMM-HYPE/AAVE,2.1622867639778163e-05,0xdABf94060fd5b0AC9dD8557cc3e9A84BB8211937,0xaA4999A574EF9C9cD513F34A56aFaa9A81535404,0x15D0e0c55a3E7eE67152aD7E89acf164253Ff68d,0x63706e401c06ac8513145b7687A14804d17f814b,0x940181a94A35A4569E4529A3CDfB74e38FD98631,18,18,18,0,0,0.0,0.0,0,1088125254076,125342180594560125609,125.34218059456012,0.0,0,0,0,nan,0
vAMM-HYPE/PENDLE,1.8015326391753468e-05,0x25e39953Fb612A857ee7c06DB6d74108926388dd,0x54a85Ab8F5929bff71e96424b0a48F7ceE9F4240,0x15D0e0c55a3E7eE67152aD7E89acf164253Ff68d,0xA99F6e6785Da0F5d6fB42495Fe424BCE029Eeb3E,0x940181a94A35A4569E4529A3CDfB74e38FD98631,18,18,18,0,0,0.0,0.0,0,906583341944,104430195461728071456,104.43019546172808,0.0,0,0,0,nan,0
vAMM-AERO/VELVET,0.00013160508737438225,0xD65D88c80007E665bE115FFB88D206C3449ED111,0x901bede59b17a93816DCA696Dbff136053931Ad4,0x940181a94A35A4569E4529A3CDfB74e38FD98631,0xbF927b841994731C573BDF09ceB0c6B0Aa887cDd,0x940181a94A35A4569E4529A3CDfB74e38FD98631,18,18,18,0,61921140625430015,0.0,0.06192114062543001,61921140625430015,6622782631757,762880710535206339356,762.8807105352064,0.0,0,0,0,nan,0
vAMM-PROS/AERO,1.5792282194412888e-05,0xfbc8430728e4f114b4cD1B3A9FDd1382c133F63c,0x85C68ff71dc14A44c3d645768769aD25F8Acc0c2,0x8B7DdE054BE9D180c1Be7FaE0874697374A49832,0x940181a94A35A4569E4529A3CDfB74e38FD98631,0x940181a94A35A4569E4529A3CDfB74e38FD98631,18,18,18,0,0,0.0,0.0,0,794717395197,91543782248886962170,91.54378224888696,0.0,0,0,0,nan,0
vAMM-MORPHO/ZEN,2.6308263130991184e-05,0x393824EA50b1A4B953A94C5743Fd08199797f363,0x4D4e89CbBf9Bac44ed956fd351e22E85D31Eb6a1,0xBAa5CC21fd487B8Fcc2F632f3F4E8D37262a0842,0xf43eB8De897Fbc7F2502483B2Bef7Bb9EA179229,0x940181a94A35A4569E4529A3CDfB74e38FD98631,18,18,18,0,0,0.0,0.0,0,1323914687582,152502208468762362295,152.50220846876238,0.0,0,0,0,nan,0
vAMM-VIRTUAL/CLANKER,1.5792282194412888e-05,0x25702eCc9494349698cBE16dcDBF58A75ee17EA4,0x362F7691E9d423502Ba9c95E602D010eFF3169d0,0x0b3e328455c4059EEb9e3f84b5543F74E24e7E1b,0x1bc0c42215582d5A085795f4baDbaC3ff36d1Bcb,0x940181a94A35A4569E4529A3CDfB74e38FD98631,18,18,18,0,0,0.0,0.0,0,794720025204,91543782248886962170,91.54378224888696,0.0,0,0,0,nan,0
vAMM-ETHFI/PENDLE,1.5792282194412888e-05,0x034A914B8280e138b470C9a28EA1BD56CDaCf02A,0x7EB68c4F7ADa7F3FFDf3b610fD213A8710206eCf,0x6C240DDA6b5c336DF09A4D011139beAAa1eA2Aa2,0xA99F6e6785Da0F5d6fB42495Fe424BCE029Eeb3E,0x940181a94A35A4569E4529A3CDfB74e38FD98631,18,18,18,0,0,0.0,0.0,0,794720025204,91543782248886962170,91.54378224888696,0.0,0,0,0,nan,0
sAMM-BD/USDC,0.0655352812710812,0xfFDf1e3160b60C2E499fA25E51b5C192b9b15E3B,0xEd7AAA8C9De5161F8fcF8485137eBdBA6b5Bf674,0x252D36F435582EcB01686448d21e8C9eA0B2Ca65,0x833589fCD6eDb6E08f4c7C32D4f71b54bdA02913,0x940181a94A35A4569E4529A3CDfB74e38FD98631,18,18,6,0,0,0.0,0.0,0,3297974571522317,379891104049667452906719,379891.1040496675,3.381161828501428e-23,12.844733,0,12.844733,29575.632599733097,1788998400
vAMM-weETH/ETHFI,9.61601371666721e-07,0xeAd14cE57F42eD6A9265DeF95FD509aCdf9Da1Ce,0x43D439DFA6a2285046dB586D6f1b06dCf66ccB83,0x04C0599Ae5A44757c0af6F9eC3b93da8976c150A,0x6C240DDA6b5c336DF09A4D011139beAAa1eA2Aa2,0x940181a94A35A4569E4529A3CDfB74e38FD98631,18,18,18,0,0,0.0,0.0,0,48391043338,5574154862128334526,5.574154862128335,4.648611129245327e-22,0.0025912078328226727,0,0.0025912078328226727,2151.180152946766,1788998400
vAMM-CHECK/AERO,1.4412261113402774e-05,0x0E7D30b7532A48D66b49eE193feb0c8128608fDa,0xb0b37D6eb587a07aD55b24C56e64407b8428219F,0x9126236476eFBA9Ad8aB77855c60eB5BF37586Eb,0x940181a94A35A4569E4529A3CDfB74e38FD98631,0x940181a94A35A4569E4529A3CDfB74e38FD98631,18,18,18,0,0,0.0,0.0,0,725273874074,83544156369382457164,83.54415636938246,3.5174119538844703e-22,0.029385921429085925,0,0.029385921429085925,2842.9993788349,1788998400
vAMM-USDC/Basecat,2.317743164193918e-06,0x48daEB28eFB7FB378b9986dCb09180fe8869ED80,0xDecA9B3278142d8BeF2d1D5fE8ddc2c5003ef267,0x833589fCD6eDb6E08f4c7C32D4f71b54bdA02913,0xB2000000000000000000004c27f6523082f41D01,0x940181a94A35A4569E4529A3CDfB74e38FD98631,18,6,18,0,0,0.0,0.0,0,875584958,13435358672027728263,13.435358672027728,0.0,0,0,0,nan,0
CL-WETH/USD+,0.002862791539687379,0x4D69971CCd4A636c403a3C1B00c85e99bB9B5606,0xcC2714BF50F3c7174a868bec8f4D4d284A0b07cc,0x4200000000000000000000000000000000000006,0xB79DD08EA68A908A97220C76d19A6aA9cBDE4376,0x940181a94A35A4569E4529A3CDfB74e38FD98631,18,18,6,346224758289680,915505,0.00034622475828968,0.915505,346224759205185,144023985639064,16594863371034148916502,16594.86337103415,2.7311790852732346e-21,45.323543761935355,0,45.323543761935355,366.142229702948,1788998400
CL-USDC/USD+,0.00014878444479531931,0x0c1A09d5D0445047DA3Ab4994262b22404288A3B,0xeA22A3AAdA580bD75Fb6caC35034e09046cbFf72,0x833589fCD6eDb6E08f4c7C32D4f71b54bdA02913,0xB79DD08EA68A908A97220C76d19A6aA9cBDE4376,0x940181a94A35A4569E4529A3CDfB74e38FD98631,18,6,6,7136,2568,0.007136,0.002568,9704,7485186554259,862465009723733412215,862.4650097237335,8.964901338496483e-22,0.773191372007868,0,0.773191372007868,1115.4612440695432,1788998400
CL-WETH/PRIME,0.0017171204464855314,0x87Cd18069B6547a0E88b6155DD657E71779500eA,0xf9f8138150F67a469Fa5437e75ad16EAAab8C09e,0x4200000000000000000000000000000000000006,0xfA980cEd6895AC314E7dE34Ef1bFAE90a5AdD21b,0x940181a94A35A4569E4529A3CDfB74e38FD98631,18,18,18,28349136899008,870375354865661426,2.8349136899008e-05,0.8703753548656614,870403704002560434,86387132548024,9953703860724796148424,9953.703860724796,2.5301444907140012e-21,25.18430898541153,0,25.18430898541153,395.23434478550354,1788998400
CL-wBLT/USDC,0.012349790415607576,0x7cE345561E1690445eEfA0dB04F59d64b65598A8,0xf00d67799Cd4E1A77D14671149b599A96DcD38eC,0x4E74D4Db6c0726ccded4656d0BCE448876BB4C7A,0x833589fCD6eDb6E08f4c7C32D4f71b54bdA02913,0x940181a94A35A4569E4529A3CDfB74e38FD98631,18,18,6,11687474017523258220,72564,11.687474017523257,0.072564,11687474017523330784,620811232817831,71588546272668829266842,71588.54627266883,4.8120053122759656e-21,344.48446496219617,0,344.48446496219617,207.81356941749166,1788998400
CL-WETH/doginme,0.11773725121717932,0x088c39ee29fC30DF8Adc394e9f7dEa33E3A26507,0x42d80fdf14f13CA7019FD5A77fd53F1C1f4099a6,0x4200000000000000000000000000000000000006,0x6921B130D297cc43754afba22e5EAc0FBf8Db75b,0x940181a94A35A4569E4529A3CDfB74e38FD98631,18,18,18,1507240759807083,67140972596742650177957,0.001507240759807083,67140.97259674265,67140974103983409985040,5923270272381952,682492445064154483271469,682492.4450641545,2.337069074984417e-21,1595.0319872699365,0,1595.0319872699365,427.8863687444359,1788998400
CL-HIGHER/WETH,0.00039574773883526847,0xd9932A538e4c7621D9Ab1b45DE31a5D60E672B1c,0x63806fa58774B013458aA4C9a7FDD8a72db5Fe70,0x0578d8A44db98B23BF096A382e016e29a5Ce0ffe,0x4200000000000000000000000000000000000006,0x940181a94A35A4569E4529A3CDfB74e38FD98631,18,18,18,1422365496894413623238,224055993759264,1422.3654968944136,0.000224055993759264,1422365720950407382502,0,2294047458336471493116,2294.0474583364717,0.0,0,0,0,nan,0
CL-WETH/KEYCAT,0.020653510879252632,0xB211a9DDff3a10806c8fdb92Dbc4c34596A23F84,0xA9edd05F8d82f4050d4649FEf30bEC9378f499e7,0x4200000000000000000000000000000000000006,0x9a26F5433671751C3276a065f57e5a02D2817973,0x940181a94A35A4569E4529A3CDfB74e38FD98631,18,18,18,262647301757608,3539038528354193399245,0.000262647301757608,3539.038528354193,3539038791001495156853,1032026798547224,119723069745690526092204,119723.06974569052,2.483805087440155e-21,297.3687697182986,0,297.3687697182986,402.6080810675101,1788998400
CL-WETH/ROOST,1.1777404036101806e-05,0xAA500dbEDa452Cc2807185DA993b6E3779333Aca,0x4A7212433200428571B069AeC82620573eE2cbc0,0x4200000000000000000000000000000000000006,0xE1aBD004250AC8D1F199421d647e01d094FAa180,0x0000000000000000000000000000000000000000,18,18,18,0,0,0.0,0.0,0,0,68270570223187968200,68.27057022318797,0.0,0,0,0,nan,0
CL-tBTC/cbETH,1.7133167020703026e-08,0xEeB9b3B819C93Db45B731730af290ab6aF82f0D2,0xFC9C7A01517F958736c468229D59cFe34F80C83f,0x236aa50979D5f3De3Bd1Eeb40E81137F22ab794b,0x2Ae3F1Ec7F1F5012CFEab0185bfc7aa3cf0DEc22,0x0000000000000000000000000000000000000000,18,18,18,0,0,0.0,0.0,0,0,99316545364921468,0.09931654536492147,0.0,0,0,0,nan,0
CL-WETH/AERO,0.08168140239249759,0x82321f3BEB69f503380D6B233857d5C43562e2D0,0xdE8FF0D3e8ab225110B088a250b546015C567E27,0x4200000000000000000000000000000000000006,0x940181a94A35A4569E4529A3CDfB74e38FD98631,0x940181a94A35A4569E4529A3CDfB74e38FD98631,18,18,18,3839287970807873792,15519429554116678124413,3.8392879708078738,15519.429554116678,15523268842087485998205,0,473485999195729426040675,473485.99919572944,0.0,0,0,0,nan,0
CL-Mog/WETH,0.005267544343802039,0xC29dc26B28FFF463e32834Ce6325B5c74fAC7098,0x44e6F4D58A81531338d11aE6374F199A35c787Be,0x2Da56AcB9Ea78330f947bD57C54119Debda7AF71,0x4200000000000000000000000000000000000006,0x940181a94A35A4569E4529A3CDfB74e38FD98631,18,18,18,115034921496559812131277382,9046835573343380,115034921.49655981,0.00904683557334338,115034921505606647704620762,0,30534594459436024924486,30534.594459436026,0.0,0,0,0,nan,0
CL-WETH/DOG,0.0016187288543911887,0xa4eb9849F46e1E9Db3700BCDadB62096a7bc4aAB,0x3E848AF39c45Cf45c97A622440411C4141dF3e82,0x4200000000000000000000000000000000000006,0xAfb89a09D82FBDE58f18Ac6437B3fC81724e4dF6,0x940181a94A35A4569E4529A3CDfB74e38FD98631,18,18,18,340719501170756,2896509879516552357888,0.000340719501170756,2896.5098795165522,2896510220236053528644,18425096797954,9383353206467085303379,9383.353206467085,0.0,0,0,0,nan,1788998400
CL-LUSD/USDC,3.832808400365712e-08,0x95b9Ff408700af5a1092Cd218E33084a71e4bE97,0xBF58afee32FFa0Bd24E4c6e43b443aa9679b7c64,0x368181499736d0c0CC614DBB145E2EC1AC86b8c6,0x833589fCD6eDb6E08f4c7C32D4f71b54bdA02913,0x0000000000000000000000000000000000000000,18,18,6,0,0,0.0,0.0,0,0,222178006500489750,0.22217800650048977,0.0,0,0,0,nan,0
CL-USDC/rgUSD,0.0005084233673806791,0xDEfE76cd3c5c25728Fd45De93b000C23048c992f,0x601377635D6C852e27CC49633694449B6E9475c8,0x833589fCD6eDb6E08f4c7C32D4f71b54bdA02913,0x8E5E9DF4F0EA39aE5270e79bbABFCc34203A3470,0x940181a94A35A4569E4529A3CDfB74e38FD98631,18,6,18,6040934,9113978706070155399,6.040934,9.113978706070155,9113978706076196333,0,2947198983704145597644,2947.198983704146,0.0,0,0,0,nan,0
CL-WETH/bsdETH,0.1633649446284381,0x2ae9DF02539887d4EbcE0230168a302d34784c82,0x0b537aC41400433F09d97Cd370C1ea9CE78D8a74,0x4200000000000000000000000000000000000006,0xCb327b99fF831bF8223cCEd12B1338FF3aA322Ff,0x940181a94A35A4569E4529A3CDfB74e38FD98631,18,18,18,2810325417663,5088936213074,2.810325417663e-06,5.088936213074e-06,7899261630737,8218782629360294,946984402511381118175368,946984.4025113812,2.174666417949139e-24,2.059375178463131,0,2.059375178463131,459840.641188118,1788998400
CL-tBTC/USDC,0.07095291991843847,0xf81e1a62cBfA487E807044618661bFD4802B4982,0x37E1a626b09faDE99E94752942a88f17EA2170fd,0x236aa50979D5f3De3Bd1Eeb40E81137F22ab794b,0x833589fCD6eDb6E08f4c7C32D4f71b54bdA02913,0x940181a94A35A4569E4529A3CDfB74e38FD98631,18,18,6,18878544120182,11473398,1.8878544120182e-05,11.473398,18878555593580,3569594609506827,411295756431847502625983,411295.7564318475,1.808581893769548e-21,743.8620580668895,0,743.8620580668895,552.9193913999349,1788998400
CL-tBTC/SATS,5.410966408061883e-07,0x86BB57004D5E55a6Ab978287211a53CD3615cAF9,0x1e210791d844A37435d0B1aCCeFD1c94013218A7,0x236aa50979D5f3De3Bd1Eeb40E81137F22ab794b,0x9d36F8f62347538440a212e9162f534f797542df,0x0000000000000000000000000000000000000000,18,18,18,0,0,0.0,0.0,0,0,3136597513378429026,3.1365975133784287,0.0,0,0,0,nan,0
CL-tBTC/WETH,0.011759993778649206,0xA33f162da19C7273BA1205BFD9D4340dA2446E3a,0x996802075582Af2eE133fb30Cc5A9E8A671d3c3a,0x236aa50979D5f3De3Bd1Eeb40E81137F22ab794b,0x4200000000000000000000000000000000000006,0x940181a94A35A4569E4529A3CDfB74e38FD98631,18,18,18,89976120731309,107724250796,8.9976120731309e-05,1.07724250796e-07,90083844982105,591637531596372,68169647456135223794676,68169.64745613522,6.306149500757083e-21,429.88798827229346,0,429.88798827229346,158.5753715290044,1788998400
CL-USDC/eUSD,0.16339046276145153,0x988702fe529a3461ec7Fd09Eea3f962856709FD9,0xE62Adb491707513EA98B957d9Adb73D8D23e191C,0x833589fCD6eDb6E08f4c7C32D4f71b54bdA02913,0xCfA3Ef56d303AE4fAabA0592388F19d7C3399FB4,0x940181a94A35A4569E4529A3CDfB74e38FD98631,18,6,18,2142249,38538743803951560,2.142249,0.03853874380395156,38538743806093809,8220157772132612,947132324539573291213742,947132.3245395733,0.0,0,0,0,nan,0
CL-USDC/XPRT,1.0013002957598236e-08,0x75118B598433430DA15FB1340e486461f2A7c07F,0x2cA011C7eAb0C8586E0eFe3bc0D474547f3080fA,0x833589fCD6eDb6E08f4c7C32D4f71b54bdA02913,0xc7Edf7B7b3667a06992508e7B156eff794a9e1c8,0x940181a94A35A4569E4529A3CDfB74e38FD98631,18,6,6,24746012,139943423,24.746012,139.943423,164689435,0,58042792746707986,0.05804279274670798,0.0,0,0,0,nan,0
CL-tBTC/T,0.06937593284575735,0xC35D9e6fC72e8EC2935fae56f07afaD2Ce4DCb1b,0xa8deC3aF01E62f7F0011214B520414FCbbA0cFdf,0x236aa50979D5f3De3Bd1Eeb40E81137F22ab794b,0x26f3901aC8a79c50fb0d8289C74f0d09AdC42E29,0x940181a94A35A4569E4529A3CDfB74e38FD98631,18,18,18,2564613008776,560452578212430300866,2.564613008776e-06,560.4525782124304,560452580777043309642,3490296214006121,402154369556054242902021,402154.36955605424,0.0,0,0,0,nan,0
CL-USD+/wstETH,7.703611726545186e-06,0xa01A2513E95263b9BaCe60B573ce874E1e7a5246,0xa53bA46F4F0280b42575A3BaadAC54a61DB578d0,0xB79DD08EA68A908A97220C76d19A6aA9cBDE4376,0xc1CBa3fCea344f92D9239c08C0568f6F2F0ee452,0x940181a94A35A4569E4529A3CDfB74e38FD98631,18,6,18,42918169,17723008108666656,42.918169,0.017723008108666657,17723008151584825,0,44655848074594425342,44.655848074594424,0.0,0,0,0,nan,0
CL-DEGEN/USD+,0.0029459885446715267,0xa19acc3B4f11c46c2b1Fc36B5f592AF422Ee338c,0xFDb47B2dFcC65899E21aD86197fcEE79c38dFAB5,0x4ed4E862860beD51a9570b96d89aF5E1B0Efefed,0xB79DD08EA68A908A97220C76d19A6aA9cBDE4376,0x940181a94A35A4569E4529A3CDfB74e38FD98631,18,18,6,526307446933375926420,1,526.3074469333759,1e-06,526307446933375926421,148212387815138,17077134927118861226450,17077.134927118863,0.0,0,0,0,nan,0
CL-PRE/AERO,1.644080114779072e-05,0xc286ecD3910c62dF30fBBFD2C95A3043076d3912,0x35984A6297D9C88A48C20fC99D408555f882dCbF,0x3816dD4bd44c8830c2FA020A5605bAC72FA3De7A,0x940181a94A35A4569E4529A3CDfB74e38FD98631,0x940181a94A35A4569E4529A3CDfB74e38FD98631,18,18,18,10911209388122151483694,60194353391064433477,10911.209388122152,60.19435339106443,10971403741513215917171,0,95303079171360909523,95.30307917136092,0.0,0,0,0,nan,0
CL-WETH/CHOMP,0.000807761394979127,0x0a7021C9843c2fB3b98c02Ed7f93354774286109,0x243Bc7b24dC4f2552EA9336391E79967d3387652,0x4200000000000000000000000000000000000006,0xebfF2db643Cf955247339c8c6bCD8406308ca437,0x940181a94A35A4569E4529A3CDfB74e38FD98631,18,18,18,37175337436037741,1514331291432366125480,0.03717533743603774,1514.331291432366,1514368466769802163221,0,4682384239384183133845,4682.384239384183,0.0,0,0,0,nan,0
CL-WETH/PRIME,4.311061783115607e-06,0x8216144205B2Ac3523BAc7a8dC46d3c970e84876,0x7396905bE2C4c89C7c0445C7F72681515391730a,0x4200000000000000000000000000000000000006,0xfA980cEd6895AC314E7dE34Ef1bFAE90a5AdD21b,0x940181a94A35A4569E4529A3CDfB74e38FD98631,18,18,18,12361981496206798,8141125681473876625,0.012361981496206797,8.141125681473877,8153487662970083423,0,24990112022862409873,24.99011202286241,0.0,0,0,0,nan,0
CL-WETH/BOOMER,0.00012184542720034331,0xa7423f6BEc29a511d365B0c934e8000720128aE3,0x25206a301486De7fE19eAB25ACE698Aa7DB03Db6,0x4200000000000000000000000000000000000006,0xcdE172dc5ffC46D228838446c57C1227e0B82049,0x0000000000000000000000000000000000000000,18,18,18,0,0,0.0,0.0,0,0,706306480490644298734,706.3064804906443,0.0,0,0,0,nan,0
CL-WETH/APX,6.956723614489003e-08,0x0C9A0e17eAB266DCF8dcFB4bc12792a9712FEd1E,0x1d94aE3D754D68A42CcC095A9305f3A2A2F3d9e8,0x4200000000000000000000000000000000000006,0xcacf1ca03983CE6c7E235fb20C70aCC70ed13509,0x940181a94A35A4569E4529A3CDfB74e38FD98631,18,18,18,386200154765669,31309714088157426622972,0.000386200154765669,31309.714088157427,31309714474357581388641,0,403263305385828815,0.4032633053858288,0.0,0,0,0,nan,0
CL-USDz/WETH,0.007110443131761776,0xcf88B8bf7CCCe2D836878E538197eB20fC673BCE,0x549690894f61bf0D3a5799D03fDED6e775A424aA,0x04D5ddf5f3a8939889F11E97f8c4BB48317F1938,0x4200000000000000000000000000000000000006,0x940181a94A35A4569E4529A3CDfB74e38FD98631,18,18,18,36342218765657542,3778881343060,0.03634221876565754,3.77888134306e-06,36345997647000602,357728739508816,41217402889202427462235,41217.40288920243,1.187245770175376e-22,4.89351872378199,0,4.89351872378199,8422.855866248177,1788998400
CL-EXTRA/WETH,0.00663310178877667,0x5A1401c002f67ca00557E7179D34C3FE6d753b28,0x283a6fFdd95F1145988e324F01663fF95247CcE0,0x2dAD3a13ef0C6366220f989157009e501e7938F8,0x4200000000000000000000000000000000000006,0x940181a94A35A4569E4529A3CDfB74e38FD98631,18,18,18,342455016453845768965,13666766746670,342.45501645384576,1.366676674667e-05,342455030120612515635,333715997317441,38450378375413056510849,38450.378375413056,3.506411618421024e-22,13.482285346823282,0,13.482285346823282,2851.9184534595834,1788998400
CL-WETH/MIGGLES,0.0036728173187192685,0x326841EFD63340767e02ec88E583f18a82AF4A48,0xAfabcBbab5e4261B1d655c906738176191819164,0x4200000000000000000000000000000000000006,0xB1a03EdA10342529bBF8EB700a06C60441fEf25d,0x940181a94A35A4569E4529A3CDfB74e38FD98631,18,18,18,16195024933967,40222675527694243108,1.6195024933967e-05,40.22267552769424,40222691722719177075,184780650871480,21290373660098936952939,21290.373660098936,2.209946677733939e-21,47.05059053784981,0,47.05059053784981,452.49960556758396,1788998400
CL-USDC/USDT,0.0047838262915592105,0xa41Bc0AFfbA7Fd420d186b84899d7ab2aC57fcD1,0xBd85D45f1636fCEB2359d9Dcf839f12b3cF5AF3F,0x833589fCD6eDb6E08f4c7C32D4f71b54bdA02913,0xfde4C96c8593536E31F229EA8f37b2ADa2699bb2,0x940181a94A35A4569E4529A3CDfB74e38FD98631,18,6,6,9490985,9533127,9.490985,9.533127,19024112,240675878787964,27730605808572160007941,27730.60580857216,1.825770234359961e-20,506.2971466606049,0,506.2971466606049,54.77140448346494,1788998400
CL-WETH/USDT,1.6157930211066323,0x9785eF59E2b499fB741674ecf6fAF912Df7b3C1b,0x2c0CbF25Bb64687d11ea2E4a3dc893D56Ca39c10,0x4200000000000000000000000000000000000006,0xfde4C96c8593536E31F229EA8f37b2ADa2699bb2,0x940181a94A35A4569E4529A3CDfB74e38FD98631,18,18,6,169019329858004488,423466369,0.1690193298580045,423.466369,169019330281470857,81291079899882565,9366334938960723122784274,9366334.938960722,1.7363987799291837e-21,16263.692560419484,0,16263.692560419484,575.9045742020064,1788998400
CL-BITCOIN/WETH,0.0016042329517950587,0xfD22D75b2FB405EE185155D57B0277b9DB2F8E29,0x4D046a24DA2B4C01B89Df7eAe9b4794586489769,0x2a06A17CBC6d0032Cac2c6696DA90f29D39a1a29,0x4200000000000000000000000000000000000006,0x940181a94A35A4569E4529A3CDfB74e38FD98631,18,8,18,120261128,1,1.20261128,1e-18,120261129,80709488999451,9299324202018907310890,9299.324202018908,8.367100213439282e-21,77.80837751555347,0,77.80837751555347,119.5157192444994,1788998400
CL-WETH/PEPE,0.0019435849052851979,0x3333E1d9174720D6eC2cF815e65B82915a9eaE1e,0x399fFB6b1263a12Ed23c27BA07043f07D74c19DA,0x4200000000000000000000000000000000000006,0xB4fDe59a779991bfB6a52253B51947828b982be3,0x940181a94A35A4569E4529A3CDfB74e38FD98631,18,18,18,11984239400289261,8362296881489447660235351,0.01198423940028926,8362296.881489447,8362296893473687060524612,0,11266459854333068139299,11266.459854333069,0.0,0,0,0,nan,0
CL-USD+/USDT,1.0555791199457413e-07,0xE9C137071861fbA0359eEcCB5865C2588D1Be2BE,0x9cc802bf83AED8e8C1B19d051Dd2D85e1f931973,0xB79DD08EA68A908A97220C76d19A6aA9cBDE4376,0xfde4C96c8593536E31F229EA8f37b2ADa2699bb2,0x940181a94A35A4569E4529A3CDfB74e38FD98631,18,6,6,15848683,15880611,15.848683,15.880611,31729294,0,611891960346122493,0.6118919603461225,0.0,0,0,0,nan,0
CL-BRETT/USD+,2.6678789765035915e-05,0xFAD14c545E464e04c737d00643296144eb20c7F8,0x5E3F10AcAa0CE7315Fd9c29839569Ad827a6500a,0x532f27101965dd16442E59d40670FaF5eBB142E4,0xB79DD08EA68A908A97220C76d19A6aA9cBDE4376,0x940181a94A35A4569E4529A3CDfB74e38FD98631,18,18,6,1,1,1e-18,1e-06,2,1342227595254,154650055694820939990,154.65005569482094,3.4879119933499426e-21,0.5394057840302026,0,0.5394057840302026,286.70448162298857,1788998400
CL-EURC/USDC,0.18124417550907151,0xE846373C1a92B167b4E9cd5d8E4d6B1Db9E90EC7,0x1f6c9d116CE22b51b0BC666f86B038a6c19900B8,0x60a3E35Cc302bFA44Cb288Bc5a4F316Fdb1adb42,0x833589fCD6eDb6E08f4c7C32D4f71b54bdA02913,0x940181a94A35A4569E4529A3CDfB74e38FD98631,18,6,6,20287798,28037981,20.287798,28.037981,48325779,9118467921464964,1050625687435566206827293,1050625.6874355662,1.769349264395916e-21,1858.9237872195727,0,1858.9237872195727,565.179538106297,1788998400
CL-WETH/superOETHb,0.0145960926153103,0x6446021F4E396dA3df4235C62537431372195D38,0xdD234DBe2efF53BED9E8fC0e427ebcd74ed4F429,0x4200000000000000000000000000000000000006,0xDBFeFD2e8460a6Ee4955A68582F85708BAEA60A3,0x940181a94A35A4569E4529A3CDfB74e38FD98631,18,18,18,20584260449590,36494549452671,2.058426044959e-05,3.6494549452671e-05,57078809902261,734340744090115,84609780119891572005223,84609.78011989157,1.8486698612127716e-22,15.641555047148309,0,15.641555047148309,5409.294655477187,1788998400
CL-WETH/uBTC,1.6062821702479908e-08,0xDdF56Af090c09bB0F993E00D7c676076CC59C72e,0xe5FfE849A481028a8F772b7113bAb7bFae6f2A82,0x4200000000000000000000000000000000000006,0xF1143f3A8D76f1Ca740d29D5671d365F66C44eD1,0x940181a94A35A4569E4529A3CDfB74e38FD98631,18,18,18,35199970098168735,872203150569359,0.035199970098168734,0.000872203150569359,36072173248738094,0,93112029922739330,0.09311202992273933,0.0,0,0,0,nan,0
CL-WETH/EURC,0.0005127849834719806,0x5d4e504EB4c526995E0cC7A6E327FDa75D8B52b5,0xb0C500d53720ff63F000de6D26f7Fe5c66571e3d,0x4200000000000000000000000000000000000006,0x60a3E35Cc302bFA44Cb288Bc5a4F316Fdb1adb42,0x940181a94A35A4569E4529A3CDfB74e38FD98631,18,18,6,219262413645695634,383507633,0.21926241364569563,383.507633,219262414029203267,0,2972482145998231961081,2972.482145998232,0.0,0,0,0,nan,0
CL-EURC/cbBTC,0.11348995312625619,0xb07d7EeCe8866E549601AF5C7622D8cdbEdC914e,0x017a82B26d612cAD89d240206F652E76ae8C4B31,0x60a3E35Cc302bFA44Cb288Bc5a4F316Fdb1adb42,0xcbB7C0000aB88B473b1f5aFd9ef808440eed33Bf,0x940181a94A35A4569E4529A3CDfB74e38FD98631,18,6,8,29842385,44809,29.842385,0.00044809,29887194,5671053218253727,657871954700884796976885,657871.9547008848,0.0,0,0,0,nan,0
CL-WETH/stTAO,0.0002359641443194195,0x266f421f80016d670C9de757d561a5C4a6A9FFAc,0x41513004596B32B5483620f55774E3a2a5cB9052,0x4200000000000000000000000000000000000006,0x806041B6473DA60abbe1b256d9A2749A151be6C6,0x940181a94A35A4569E4529A3CDfB74e38FD98631,18,18,9,1,32433,1e-18,3.2433e-05,32434,11871622929988,1367823217708461044127,1367.823217708461,0.0,0,0,0,nan,0
CL-xPufETH/WETH,9.361085622782447e-05,0xCDf927C0F7b81b146C0C9e9323eb5A28D1BFA183,0x7d90e903936dad918fac797913925C7598d233f8,0x23dA5F2d509cb43A59d43C108a43eDf34510eff1,0x4200000000000000000000000000000000000006,0x940181a94A35A4569E4529A3CDfB74e38FD98631,18,18,18,836449689864,4047173770686,8.36449689864e-07,4.047173770686e-06,4883623460550,4709668032383,542637962845142579588,542.6379628451426,0.0,0,0,0,nan,0
CL-uSOL/cbBTC,0.005988053076532766,0xC900eA56B5227aE2d95c288a2597B278Cbf741dd,0xBa5377EA1eD9bd016dC07182427340874d94231A,0x9B8Df6E244526ab5F6e6400d331DB28C8fdDdb55,0xcbB7C0000aB88B473b1f5aFd9ef808440eed33Bf,0x940181a94A35A4569E4529A3CDfB74e38FD98631,18,18,8,16463691026378232,1563,0.016463691026378232,1.563e-05,16463691026379795,301265721596791,34711197544761997434580,34711.197544762,0.0,0,0,0,nan,0
CL-cbBTC/uBTC,7.109377372048171e-06,0x9ed7EB51A8e6Af23d77180acC32a3312A06bDC79,0x381BaA9990C5aA04015936a2ec37D4d2da519899,0xcbB7C0000aB88B473b1f5aFd9ef808440eed33Bf,0xF1143f3A8D76f1Ca740d29D5671d365F66C44eD1,0x940181a94A35A4569E4529A3CDfB74e38FD98631,18,8,18,5412,47094433587836,5.412e-05,4.7094433587836e-05,47094433593248,0,41211224955326199788,41.2112249553262,0.0,0,0,0,nan,0
CL-WETH/ETHFI,0.006198069154979272,0xFefe4e80F2D747A484154F7ae18B20d478E49D40,0xD33e1Ccbd216Cb3e2D63B114E119862002442196,0x4200000000000000000000000000000000000006,0x6C240DDA6b5c336DF09A4D011139beAAa1eA2Aa2,0x940181a94A35A4569E4529A3CDfB74e38FD98631,18,18,18,4900629019033079,16902677092686778184,0.004900629019033079,16.90267709268678,16907577721705811263,312285748423988,35928606524502355718204,35928.60652450236,0.0,0,0,0,nan,0
CL-USDz/cbBTC,4.997546941910101e-09,0x7f770A81811B58094b75CeA1dE76304aa8EAE72c,0x384Ce87727323eDeDdc95D3206399806A3da7F02,0x04D5ddf5f3a8939889F11E97f8c4BB48317F1938,0xcbB7C0000aB88B473b1f5aFd9ef808440eed33Bf,0x940181a94A35A4569E4529A3CDfB74e38FD98631,18,18,8,91955452960064316,165,0.09195545296006431,1.65e-06,91955452960064481,0,28969489235106558,0.02896948923510656,0.0,0,0,0,nan,0
CL-WETH/TRVL,9.952364394654036e-06,0x0511a888D009029781f34696996742B0a55Db585,0x1E81Aaa4aeCe5123f70bF5607876C8d28FcdF89D,0x4200000000000000000000000000000000000006,0x74aa9bB52B36a378a6E641B86d7acb76Dc9b3940,0x940181a94A35A4569E4529A3CDfB74e38FD98631,18,18,18,1,1,1e-18,1e-18,2,500719145735,57691286654446460931,57.69128665444646,0.0,0,0,0,nan,0
CL-WETH/SPX,0.01587445929391104,0x4BA1e3E9280facbAcaFA7baF4aE0b78Bea60beCa,0x9D312ED8646cE9a4eC2A44279C07CFCcfefAB012,0x4200000000000000000000000000000000000006,0x50dA645f148798F68EF2d7dB7C1CB22A6819bb2C,0x940181a94A35A4569E4529A3CDfB74e38FD98631,18,18,8,2753400156144084,1084173744,0.002753400156144084,10.84173744,2753401240317828,798667282860805,92020141676213125818435,92020.14167621313,0.0,0,0,0,nan,0
CL-WETH/uSUI,0.003498378525482299,0x5C45b0F48c326f79b56709d8F63CE2beE7697106,0xeD5355807FB4e7A04A7Ff8Bbc20cf65d425cB868,0x4200000000000000000000000000000000000006,0xb0505e5a99abd03d94a1169e638B78EDfEd26ea4,0x940181a94A35A4569E4529A3CDfB74e38FD98631,18,18,18,399135896883866,2169993964918700957,0.000399135896883866,2.169993964918701,2170393100815584823,176008544268165,20279197016517092976446,20279.197016517093,0.0,0,0,0,nan,0
CL-WETH/mooBIFI,0.00962506598204095,0xb378137c90444BbceCD44a1f766851fbf53D2a9E,0x6E415053AAcDDDc8b678a806a5279A8DCDD4f6f1,0x4200000000000000000000000000000000000006,0xc55E93C62874D8100dBd2DfE307EDc1036ad5434,0x940181a94A35A4569E4529A3CDfB74e38FD98631,18,18,18,8136807569934,1,8.136807569934e-06,1e-18,8136807569935,484252246508504,55794022266322821384154,55794.02226632283,0.0,0,0,0,nan,0
CL-WETH/OVN,3.4604820887336926e-08,0x1DA71Ce5Ebf772f9fdD44E29Bec53C7185E188BA,0x7a8464B293e1A035A2546Dd38fb9cF8BE4c5AB44,0x4200000000000000000000000000000000000006,0xA3d1a8DEB97B111454B294E2324EfAD13a9d8396,0x940181a94A35A4569E4529A3CDfB74e38FD98631,18,18,18,384387118574635483,776006191001071140778,0.3843871185746355,776.0061910010711,776390578119645776261,0,200595211577010362,0.20059521157701038,0.0,0,0,0,nan,0
CL-Mog/USD+,0.0008062539472864865,0x08361c463C8EC4fC1c7AddfADB006f5Ca7951fc1,0xDE199C94Fc91fA302ceae3A34c85c386966fDce5,0x2Da56AcB9Ea78330f947bD57C54119Debda7AF71,0xB79DD08EA68A908A97220C76d19A6aA9cBDE4376,0x940181a94A35A4569E4529A3CDfB74e38FD98631,18,18,6,62166630054741334678396576,31060670,62166630.05474134,31.06067,62166630054741334709457246,0,4673645954339132262636,4673.645954339132,0.0,0,0,0,nan,0
CL-WIF/USD+,4.759173916968598e-06,0x090d9C28E1Edca0e693a9e553B256E07Ca2af021,0xF36283a09895eDff51E9451cd70c64e53B5dc2Bb,0x1fba65dE0a9cBD2D1DF82d141897042d36Bb6c86,0xB79DD08EA68A908A97220C76d19A6aA9cBDE4376,0x940181a94A35A4569E4529A3CDfB74e38FD98631,18,18,6,1612328196336362748,554465,1.6123281963363627,0.554465,1612328196336917213,0,27587702358414755267,27.587702358414752,0.0,0,0,0,nan,0
CL-KEYCAT/USD+,1.8667539578368175e-12,0x5D7411A51442D287d742FfefC02658D2c9865F29,0x13DBd71e42055a440337F0c3794d82cD82703e74,0x9a26F5433671751C3276a065f57e5a02D2817973,0xB79DD08EA68A908A97220C76d19A6aA9cBDE4376,0x940181a94A35A4569E4529A3CDfB74e38FD98631,18,18,6,1887650763617552605152,4588941,1887.6507636175527,4.588941,1887650763617557194093,0,10821090690041,1.0821090690041e-05,0.0,0,0,0,nan,0
CL-MIGGLES/USD+,8.620502392301735e-07,0xaeA775CB2879F54E197eC085f9bB08E4B59f1d9E,0x871f78b2C1324fbdEFC9A6Ac9Ac409C9202dEd4F,0xB1a03EdA10342529bBF8EB700a06C60441fEf25d,0xB79DD08EA68A908A97220C76d19A6aA9cBDE4376,0x940181a94A35A4569E4529A3CDfB74e38FD98631,18,18,6,1160810295210198882420,29743862,1160.8102952101988,29.743862,1160810295210228626282,0,4997082651904938879,4.997082651904939,0.0,0,0,0,nan,0
CL-USDz/BRETT,5.432192370742953e-06,0xaf61a867867A95836A08A025220F8E6879F8bAdb,0x3E3E749FD28c2Ee7C6Dd05fa2D70b1b37dba5607,0x04D5ddf5f3a8939889F11E97f8c4BB48317F1938,0x532f27101965dd16442E59d40670FaF5eBB142E4,0x940181a94A35A4569E4529A3CDfB74e38FD98631,18,18,18,1160289381060491614210,22190874070198185987383,1160.2893810604917,22190.874070198184,23351163451258677601593,0,31489016558815711239,31.48901655881571,0.0,0,0,0,nan,0
CL-USDz/DEGEN,0.0008063956105333309,0x24Ee0b4DcCE323A03fba842190CeaA451Ff7cA5B,0x9918C85E4e5937DA606d65C9935Ea3ffe4DE06A4,0x04D5ddf5f3a8939889F11E97f8c4BB48317F1938,0x4ed4E862860beD51a9570b96d89aF5E1B0Efefed,0x940181a94A35A4569E4529A3CDfB74e38FD98631,18,18,18,3079636852344504629,1960354019075761298757,3.0796368523445046,1960.3540190757612,1963433655928105803386,0,4674467139603056836599,4674.467139603057,0.0,0,0,0,nan,0
CL-WETH/DOG,9.964588633129022e-06,0x6bFdf73DC419f2d9393AF8e68459491395Ea88a2,0x85b720eFdAC1BbE7671003AB8E349945B915A611,0x4200000000000000000000000000000000000006,0x9E53e88dCff56d3062510A745952DEC4cEFDff9E,0x940181a94A35A4569E4529A3CDfB74e38FD98631,18,18,18,336061371795161,5071154086947057765193,0.000336061371795161,5071.154086947058,5071154423008429560354,0,57762147408537370814,57.76214740853737,0.0,0,0,0,nan,0
CL-WETH/uNEAR,0.0017396610765801816,0x864cc817099761c7b7F8228822f2BDe0B74A6588,0xB95276137089404eD801c65d5Fba51BDf2c084DF,0x4200000000000000000000000000000000000006,0x5ed25E305E08F58AFD7995EaC72563E6BE65A617,0x940181a94A35A4569E4529A3CDfB74e38FD98631,18,18,18,368351718102067,415732049980140448,0.000368351718102067,0.41573204998014046,416100401698242515,87525091887081,10084366073300215471444,10084.366073300214,3.44468366347196e-20,347.3745106916813,0,347.3745106916813,29.030241894319015,1788998400
CL-BOTTO/WETH,2.4618344727915305e-05,0x6641fFD33CF3eF95c75f2afC75A4791Cd2C1B448,0xa3E705674531E59718D97c5fDA03e41263F14351,0x24914CB6BD01E6a0CF2a9c0478e33c25926e6a0c,0x4200000000000000000000000000000000000006,0x940181a94A35A4569E4529A3CDfB74e38FD98631,18,18,18,272444984457905439648,11875271040603730,272.44498445790543,0.01187527104060373,272456859728946043378,0,142706187830003981871,142.70618783000398,0.0,0,0,0,nan,0
CL-WETH/CHAD,9.052521016997565e-05,0x36104bB6Ce1EdF37076f1CF6FBaBbCDF67DDff1B,0x3c63fa8945D6b2AA673a5E1B8ab70022c1796d6c,0x4200000000000000000000000000000000000006,0xecaF81Eb42cd30014EB44130b89Bcd6d4Ad98B92,0x940181a94A35A4569E4529A3CDfB74e38FD98631,18,18,18,8973478051414590,610615564668566293305682,0.00897347805141459,610615.5646685663,610615573642044344720272,0,524751269374278428145,524.7512693742784,0.0,0,0,0,nan,0
CL-USDz/KEYCAT,8.53481991473184e-05,0x2C206C7dE24787f85B5c52d2ea339aDC6D5af40F,0xE7CfAea003D352B7c94a255566Da36b2DcE39B88,0x04D5ddf5f3a8939889F11E97f8c4BB48317F1938,0x9a26F5433671751C3276a065f57e5a02D2817973,0x940181a94A35A4569E4529A3CDfB74e38FD98631,18,18,18,1,4933551381576621314,1e-18,4.933551381576621,4933551381576621315,4294002477453,494741473201443375100,494.7414732014434,7.865884182012345e-22,0.38915791282407175,0,0.38915791282407175,1271.3128961227194,1788998400
CL-WETH/msETH,0.20359764788966886,0x74F72788F4814D7fF3C49B44684aa98Eee140C0E,0x4f665e05d23a5AB1D1A581e8040B585Fb4d0453d,0x4200000000000000000000000000000000000006,0x7Ba6F01772924a82D9626c126347A28299E98c98,0x940181a94A35A4569E4529A3CDfB74e38FD98631,18,18,18,7527791401718721,8945455193222265,0.007527791401718721,0.008945455193222264,16473246594940986,10156925971835480,1180202995067510310950107,1180202.9950675103,3.3359726947108495e-21,3937.124965761178,0,3937.124965761178,299.7626454153806,1788998400
CL-msUSD/USDC,0.2669364427795091,0x7501bc8Bb51616F79bfA524E464fb7B41f0B10fB,0x3d86AED6eCC8dAf71C8b50d06f38455b663265d8,0x526728DBc96689597F85ae4cd716d4f7fCcBAE9d,0x833589fCD6eDb6E08f4c7C32D4f71b54bdA02913,0x940181a94A35A4569E4529A3CDfB74e38FD98631,18,18,6,48942595484490928124,35141879,48.94259548449093,35.141879,48942595484526070003,13294617213600304,1547361634706929066135397,1547361.634706929,2.4275137848908756e-21,3756.2416984623496,0,3756.2416984623496,411.94410768091814,1788998400
CL-WETH/WELL,0.013828149566257964,0x3Ba9ce0f19cF3CcB631b973c83712C7E6E9585ae,0xe871A267A418C200F8b92Ae21397221122B79808,0x4200000000000000000000000000000000000006,0xA88594D404727625A9437C3f886C7643872296AE,0x940181a94A35A4569E4529A3CDfB74e38FD98631,18,18,18,355407801858351,590019027657261744121,0.000355407801858351,590.0190276572617,590019383065063602472,695723219397637,80158212550584521488483,80158.21255058452,6.3285350152692446e-21,507.2840548877688,0,507.2840548877688,158.01445320081797,1788998400
CL-BTCB/AERO,1.3090309289019767e-07,0x1a1fa53D4D84D016BF660f2CF0f86f481a537752,0x627AC3BEA1d3544270A924e5a13fd826Ae2a29Ab,0x0c41F1FC9022FEB69aF6dc666aBfE73C9FFDA7ce,0x940181a94A35A4569E4529A3CDfB74e38FD98631,0x0000000000000000000000000000000000000000,18,18,18,0,0,0.0,0.0,0,0,758811429768247461,0.7588114297682474,0.0,0,0,0,nan,0
CL-RUSSELL/WETH,8.95205276753516e-07,0x6bcE1AAa2eFE9dE37BEC193f3499484082B261c2,0x985a58248b44Ca5914b03b6de3f0934A2078720B,0x0C5142BC58f9A61AB8C3D2085DD2F4e550c5cE0B,0x4200000000000000000000000000000000000006,0x940181a94A35A4569E4529A3CDfB74e38FD98631,18,18,18,132856623553133802671151,273015724526727913,132856.6235531338,0.2730157245267279,132856896568858329399064,0,5189273843660892491,5.189273843660892,0.0,0,0,0,nan,0
CL-LOGX/USDC,1.4535286198736137e-05,0x68ae3F59217490F3E02b8076aE117c9f9Dc0fEbE,0xf661ede7D6318e43fCF252351A05C3ce377F1E9D,0x04055057677807D2a53d2b25a80FF3b4d932aE1a,0x833589fCD6eDb6E08f4c7C32D4f71b54bdA02913,0x940181a94A35A4569E4529A3CDfB74e38FD98631,18,18,6,1115905809000634000002,9902725,1115.905809000634,9.902725,1115905809000643902727,0,84257301023477632445,84.25730102347762,0.0,0,0,0,nan,0
CL-WETH/ElonRWA,2.4852359350295844e-07,0x5Ca1C5d0db6c558ca0a4c1Bb7792831aB5805672,0x6c58108057d0Cb05D36518B2642DAaAEDe49828D,0x4200000000000000000000000000000000000006,0xAa6Cccdce193698D33deb9ffd4be74eAa74c4898,0x940181a94A35A4569E4529A3CDfB74e38FD98631,18,18,18,51388134594392,1561258071810083162578,5.1388134594392e-05,1561.2580718100833,1561258123198217756970,0,1440627101724073089,1.4406271017240733,0.0,0,0,0,nan,0
CL-uXRP/WETH,0.00541870163183826,0x61C6e9E93592e535Efc1BEE07f491A517e98f6d0,0x4b9C4828A512ed379b8F2b656aCc839A62265ADb,0x2615a94df961278DcbC41Fb0a54fEc5f10a693aE,0x4200000000000000000000000000000000000006,0x940181a94A35A4569E4529A3CDfB74e38FD98631,18,18,18,7958847289784577843,5945239583398,7.958847289784578,5.945239583398e-06,7958853235024161241,272626453098355,31410814228749396848228,31410.814228749397,1.1726364014762834e-20,368.33464164640736,0,368.33464164640736,85.27792576974892,1788998400
CL-SEAM/USDC,0.002149962909005909,0x948e80fBB383694b462f79557a3A44a25416dc72,0x843b7a6e1aa033572d72df5b318Fc90a37Eaa2fb,0x1C7a460413dD4e964f96D8dFC56E7223cE88CD85,0x833589fCD6eDb6E08f4c7C32D4f71b54bdA02913,0x940181a94A35A4569E4529A3CDfB74e38FD98631,18,18,6,303852963202403412,1,0.3038529632024034,1e-06,303852963202403413,108169469301323,12462779854253834084852,12462.779854253835,0.0,0,0,0,nan,0
CL-AERO/cbBTC,0.746426866051547,0xdFe5F275020def30993f042174Fc2D335678b626,0x2B74B62c564456C48055bd515A62594742b3f545,0x940181a94A35A4569E4529A3CDfB74e38FD98631,0xcbB7C0000aB88B473b1f5aFd9ef808440eed33Bf,0x940181a94A35A4569E4529A3CDfB74e38FD98631,18,18,8,1200748486284100082931,829889,1200.7484862841002,0.00829889,1200748486284100912820,37554462218874000,4326843812018283693453061,4326843.812018284,0.0,0,0,0,nan,0
CL-ANON/WETH,1.6431695480961968e-07,0xDB20b9455DEB2D616727cbdae4aC9F8eeB9AC899,0xf823D416eF26B5233dAE227BA7B8F3159a68C2fc,0x0Db510e79909666d6dEc7f5e49370838c16D950f,0x4200000000000000000000000000000000000006,0x940181a94A35A4569E4529A3CDfB74e38FD98631,18,18,18,727900930472079427984474,175067662286394531,727900.9304720794,0.17506766228639453,727901105539741714379005,0,952502959718751855,0.9525029597187519,0.0,0,0,0,nan,0
CL-WETH/MORPHO,2.3872221925360426,0xB5F0b4aE66C14F7EFaA9aA1468E8FC536A3E288c,0xf008577BfbB3B8EAAaC22C1933C9a8cd876fCFd2,0x4200000000000000000000000000000000000006,0xBAa5CC21fd487B8Fcc2F632f3F4E8D37262a0842,0x940181a94A35A4569E4529A3CDfB74e38FD98631,18,18,18,168523072870466784,289662692017864983713,0.16852307287046678,289.66269201786497,289831215090735450497,120107004852609870,13838110659556542177612005,13838110.659556542,0.0,0,0,0,nan,0
CL-WETH/SAINT,4.254428964898963e-07,0xeb4ab2038eF5662ff00AcabBB76A09aBd7440D10,0x7cFfFd69796e607a38a36BE004074941cF58b7B9,0x4200000000000000000000000000000000000006,0x7588880d9c78E81FAde7b7e8DC0781E95995a792,0x940181a94A35A4569E4529A3CDfB74e38FD98631,18,18,18,16805761541388017,32245293797666457912521,0.016805761541388017,32245.293797666458,32245310603427999300538,0,2466182619848678762,2.466182619848679,0.0,0,0,0,nan,0
CL-WETH/DOGE,4.900563033133403e-05,0x03Cd22d89bba07b109b869DA1B5fD344d0Ad6B40,0x8118696CDb46892a6314b70c71B2fBcD2EcD5E5d,0x4200000000000000000000000000000000000006,0x67f0870BB897F5E1c369976b4A2962d527B9562c,0x940181a94A35A4569E4529A3CDfB74e38FD98631,18,18,18,9314320363998826,8732361509423406111428,0.009314320363998827,8732.361509423406,8732370823743770110254,0,284072985575716204008,284.0729855757162,0.0,0,0,0,nan,0
CL-WETH/PEPE,0.0013695257477990006,0x47f6F4b438B9D91E7387d6c1CF953A86BF5de1A5,0x16cb808aEB948836695d5033a8CAC675f916835A,0x4200000000000000000000000000000000000006,0x52b492a33E447Cdb854c7FC19F1e57E8BfA1777D,0x940181a94A35A4569E4529A3CDfB74e38FD98631,18,18,18,2670639445936320,1245792767845372225492606094,0.00267063944593632,1245792767.8453722,1245792767848042864938542414,0,7938787142817817171493,7938.787142817817,0.0,0,0,0,nan,0
CL-USDS/USDC,1.6171633588414554e-05,0xA441378a1CB4DF371535296e539a1E0deF6924e4,0xe2a2B1D8AA4bD8A05e517Ccf61E96A727831B63e,0x820C137fa70C8691f0e44Dc420a5e53c168921Dc,0x833589fCD6eDb6E08f4c7C32D4f71b54bdA02913,0x940181a94A35A4569E4529A3CDfB74e38FD98631,18,18,6,19824714674465170,18587,0.01982471467446517,0.018587,19824714674483757,813647512141,93742784329826627105,93.74278432982663,2.3142161145496393e-20,2.169410621188362,0,2.169410621188362,43.21117607439209,1788998400
CL-cbBTC/superOETHb,0.0009304426721777103,0x4d9199269D4F89a367965e90d07D6F4AF7750eD0,0x0c240E7B77FF16839bCf9E9CE15193Baf4CA5911,0xcbB7C0000aB88B473b1f5aFd9ef808440eed33Bf,0xDBFeFD2e8460a6Ee4955A68582F85708BAEA60A3,0x940181a94A35A4569E4529A3CDfB74e38FD98631,18,8,18,41,4314957207425,4.1e-07,4.314957207425e-06,4314957207466,46813198260379,5393535926494722320150,5393.535926494723,0.0,0,0,0,nan,0
CL-WETH/HEU,6.861739519809594e-05,0x7C42dD1556754Be827E187cE0870e70c5E571f35,0x54A9d2003b547E54c4cf6dDCf1588032c4386687,0x4200000000000000000000000000000000000006,0xEF22cb48B8483dF6152e1423b19dF5553BbD818b,0x940181a94A35A4569E4529A3CDfB74e38FD98631,18,18,18,106965606841,1,1.06965606841e-07,1e-18,106965606842,3452340091214,397757322670097078336,397.7573226700971,0.0,0,0,0,nan,0
CL-WETH/FAI,0.02456657668827296,0x28A9eC9928A689410e82E579FD9418FbBF6452F3,0x093b5fa753c6a4C94B0aE98326919A5e241901a0,0x4200000000000000000000000000000000000006,0xb33Ff54b9F7242EF1593d2C9Bcd8f9df46c77935,0x940181a94A35A4569E4529A3CDfB74e38FD98631,18,18,18,173814368032352,5450878433607154219667,0.000173814368032352,5450.878433607154,5450878607421522252019,1236015697768563,142406101870917738559768,142406.10187091774,6.391425766042942e-21,910.1780287395196,0,910.1780287395196,156.45961270690307,1788998400
CL-Mog/wBLT,0.00012655418957268353,0x48d0CC084D274889131986925FB3B348a4405811,0xCB32e7190785E7bF4f02c56Cb576bf38BeBB2b17,0x2Da56AcB9Ea78330f947bD57C54119Debda7AF71,0x4E74D4Db6c0726ccded4656d0BCE448876BB4C7A,0x940181a94A35A4569E4529A3CDfB74e38FD98631,18,18,18,13412503973719948380231776,10140108318805059227,13412503.973719949,10.140108318805058,13412514113828267185291003,0,733601960141316138606,733.6019601413161,0.0,0,0,0,nan,0
CL-WETH/PENDLE,0.04617448049008296,0x016df91005F30039c9f1A89b44db5e8c60613603,0xB2025A9813914b7a0eB85a2b87848028fbE4d203,0x4200000000000000000000000000000000000006,0xA99F6e6785Da0F5d6fB42495Fe424BCE029Eeb3E,0x940181a94A35A4569E4529A3CDfB74e38FD98631,18,18,18,6973675492870740,8600530925581379787,0.00697367549287074,8.60053092558138,8607504601074250527,2323171984694746,267661540960500840762742,267661.54096050083,0.0,0,0,0,nan,0
CL-WETH/REI,0.0011871485601012144,0x54cdD0222dF6B3BC17754c2C1B3d7D4203FE3d89,0xa4A7e0daE53e9dE540ddEf4Bb7214499DfDEA07D,0x4200000000000000000000000000000000000006,0x6B2504A03ca4D43d0D73776F6aD46dAb2F2a4cFD,0x940181a94A35A4569E4529A3CDfB74e38FD98631,18,18,18,81288591451067921,6406628669740695053196,0.08128859145106793,6406.628669740695,6406709958332146121117,0,6881593676272672531214,6881.593676272672,0.0,0,0,0,nan,0
CL-eBTC/cbBTC,1.7890095112781066e-07,0xD64C5b0C64748445b625076dA10c4168D6289db2,0xEd7AF8228b789c00657d4F0019F8aad0222751Ae,0x657e8C867D8B37dCC18fA4Caead9C45EB088C642,0xcbB7C0000aB88B473b1f5aFd9ef808440eed33Bf,0x940181a94A35A4569E4529A3CDfB74e38FD98631,18,8,8,967,971,9.67e-06,9.71e-06,1938,0,1037042620727556399,1.0370426207275563,0.0,0,0,0,nan,0
CL-AERO/CHAMP,4.932177330445394e-10,0xee16Ce7cf7F4714C9Fc20463ab6c5223E826A2eb,0x869305781fff479f0311974d55FeeB6Fc9DE96a2,0x940181a94A35A4569E4529A3CDfB74e38FD98631,0xEb6d78148F001F3aA2f588997c5E102E489Ad341,0x940181a94A35A4569E4529A3CDfB74e38FD98631,18,18,18,36865114010413388157,8010021043394755941557,36.865114010413386,8010.021043394756,8046886157405169329714,0,2859055847614782,0.002859055847614782,0.0,0,0,0,nan,0
CL-WETH/CHAMP,0.0012995653852219758,0x5535B3174F3d335C87475e54D3682099C1F9fB70,0xB9E4E0368A9F281584C9adB685e6C9F4b9F37dBb,0x4200000000000000000000000000000000000006,0xEb6d78148F001F3aA2f588997c5E102E489Ad341,0x940181a94A35A4569E4529A3CDfB74e38FD98631,18,18,18,4928763538941804,5177022739474800557014,0.004928763538941804,5177.022739474801,5177027668238339498818,0,7533244985011762886094,7533.244985011763,0.0,0,0,0,nan,0
CL-WETH/ZEREBRO,4.578830311596797e-09,0xcBD3c500a97538ACa280a280799176D1eAc04DE4,0xfc6087cD934B4FFa50118457Cc16b8537eC55873,0x4200000000000000000000000000000000000006,0xD2e92077ad4d7d50D7d60be13FffE3FB52cc0B9f,0x940181a94A35A4569E4529A3CDfB74e38FD98631,18,18,18,42334042301321708,1757822507818438393345,0.042334042301321706,1757.8225078184385,1757864841860739715053,0,26542297043534040,0.02654229704353404,0.0,0,0,0,nan,0
CL-WETH/COOKIE,0.0011737218471945332,0xE8833415Bd6Aee9c0c7B6aaD7DC80421C3F28ca1,0x282ece21a112950f62EC4493E2Bd2b27a74c7937,0x4200000000000000000000000000000000000006,0xC0041EF357B183448B235a8Ea73Ce4E4eC8c265F,0x940181a94A35A4569E4529A3CDfB74e38FD98631,18,18,18,2083149339843992333,359603339534815251183630,2.083149339843992,359603.3395348152,359605422684155095175963,0,6803762488385060527902,6803.76248838506,0.0,0,0,0,nan,0
CL-WETH/ACOLYT,5.928345910481681e-06,0x984FaEED533D60B53F142ad76b629D64849ea507,0x792F8CAB72d9B67cc310C8dBd2A87b9FDC327Fb7,0x4200000000000000000000000000000000000006,0x79dacb99A8698052a9898E81Fdf883c29efb93cb,0x940181a94A35A4569E4529A3CDfB74e38FD98631,18,18,18,127390252205256,5215968409480991796266,0.000127390252205256,5215.968409480992,5215968536871244001522,0,34365090519799353914,34.36509051979935,0.0,0,0,0,nan,0
CL-WETH/AION,6.796686809348047e-05,0x1d6aaA7ae38856fFfc37e5e3C99D1c392631f450,0x41aD48761d843B7b2c33fE4aAd944Ab229599dF8,0x4200000000000000000000000000000000000006,0xfc48314ad4aD5bD36a84E8307b86A68A01D95d9C,0x940181a94A35A4569E4529A3CDfB74e38FD98631,18,18,18,5172039254845381,826049786044513128459,0.005172039254845381,826.0497860445131,826054958083767973840,0,393986385013411524612,393.98638501341156,0.0,0,0,0,nan,0
CL-WETH/GEKKO,2.4691141331646715e-05,0x027256310dDD3773bc410f1CBd83524C42321Cd0,0xe3D090Ce1684Ada21EFeffF4eBc469e2def2d6D3,0x4200000000000000000000000000000000000006,0xf7b0dd0B642a6ccc2fc4d8FfE2BfFb0caC8C43C8,0x940181a94A35A4569E4529A3CDfB74e38FD98631,18,18,18,125698152825597,947725612378685624065,0.000125698152825597,947.7256123786856,947725738076838449662,0,143128170945452894470,143.1281709454529,0.0,0,0,0,nan,0
CL-BNKR/WETH,0.21806914798048072,0xCDD442e2De893c07146B2F1072f8e077559f9aa4,0x28dCF4ABc65a3E0971602BdBaa95f14CEEC09a2a,0x22aF33FE49fD1Fa80c7149773dDe5890D3c76F3b,0x4200000000000000000000000000000000000006,0x940181a94A35A4569E4529A3CDfB74e38FD98631,18,18,18,296729001712664186914934,27428368449149541,296729.0017126642,0.027428368449149542,296729029141032636064475,10904145748842597,1264090544493185949563825,1264090.5444931858,0.0,0,0,0,nan,0
CL-WETH/DKING,9.65329110794556e-07,0x18D9600F64149AC0dB8517a74D0827b57960C4d3,0x16fe97736520c893E57807fC2d6B08030bDa96f1,0x4200000000000000000000000000000000000006,0x57eDc3F1fd42c0D48230e964b1C5184B9c89B2ed,0x940181a94A35A4569E4529A3CDfB74e38FD98631,18,18,18,74493591886379,215081698550601088649,7.4493591886379e-05,215.0816985506011,215081773044192975028,0,5595763603334839960,5.595763603334841,0.0,0,0,0,nan,0
CL-USDC/TRUMP,2.9311560828988444e-06,0x0c40e7F5b43f6759060a3c4D2fb406DFecF03B57,0x0c1D14b66e74FBB35d53A0c97Dbe93fa8a97BbE7,0x833589fCD6eDb6E08f4c7C32D4f71b54bdA02913,0xc27468b12ffA6d714B1b5fBC87eF403F38b82AD4,0x940181a94A35A4569E4529A3CDfB74e38FD98631,18,6,18,3858336,1311782735617004680,3.858336,1.3117827356170046,1311782735620863016,33370361169,16991154976025171247,16.99115497602517,0.0,0,0,0,nan,0
CL-WETH/USDC,0.0017077827624645777,0x0652202C4b2D09CB93aEDeFAdc14B36869483a98,0x9017Bdde03D36636113a55Aa97CF159048843498,0x4200000000000000000000000000000000000006,0x833589fCD6eDb6E08f4c7C32D4f71b54bdA02913,0x940181a94A35A4569E4529A3CDfB74e38FD98631,18,18,6,419248870150242,13545638,0.000419248870150242,13.545638,419248883695880,85924841218888,9899575717483695152937,9899.575717483694,0.0,0,0,0,nan,0
CL-WETH/ANZ,2.8829253657258197e-05,0xaE092538552D0B772014346d9E9a6273C24C5612,0x52abaB90414f807E624cF86973eD85aE9de50Ed7,0x4200000000000000000000000000000000000006,0xeeC468333ccc16D4BF1cEf497A56cf8C0aAe4Ca3,0x940181a94A35A4569E4529A3CDfB74e38FD98631,18,18,18,1,11793103526440055162,1e-18,11.793103526440055,11793103526440055163,1450496829686,167115739619424135984,167.11573961942415,0.0,0,0,0,nan,0
CL-WETH/VVV,0.26030500190658235,0x46D398A5b33709877f50c8918A7eE96F1Be1d7dd,0x6831125a82Af7417e0cde3A214c03fE248Ff6AA8,0x4200000000000000000000000000000000000006,0xacfE6019Ed1A7Dc6f7B508C02d1b04ec88cC21bf,0x940181a94A35A4569E4529A3CDfB74e38FD98631,18,18,18,324427219702287155,25778877939413739095,0.32442721970228716,25.77887793941374,26103305159116026250,12999940854286588,1508920884231842725288107,1508920.8842318428,0.0,0,0,0,nan,0
CL-WETH/VVV,0.09416141492805666,0x7eC6C9D993D9832Aa654593f2Dbc21303650Bc6c,0x5d05eF25a5f933271E1f0FDc02dC3EaB6a4eA687,0x4200000000000000000000000000000000000006,0xacfE6019Ed1A7Dc6f7B508C02d1b04ec88cC21bf,0x940181a94A35A4569E4529A3CDfB74e38FD98631,18,18,18,748674951096768910,194972635275166885478,0.748674951096769,194.97263527516688,195721310226263654388,0,545829409473870845667049,545829.4094738709,0.0,0,0,0,nan,0
CL-WETH/AAVE,0.39708897226348927,0x4a79B0168296c0eF7b8F314973B82aD406a29f1B,0x28047b764D603A25146A0b8a8D414740dC1E650E,0x4200000000000000000000000000000000000006,0x63706e401c06ac8513145b7687A14804d17f814b,0x940181a94A35A4569E4529A3CDfB74e38FD98631,18,18,18,3252927612106177,636615187550643976,0.003252927612106177,0.636615187550644,639868115162750153,19978993124780286,2301822242207887690278322,2301822.2422078876,0.0,0,0,0,nan,0
CL-WETH/TIBBIR,0.002112622290549559,0x0f664afFB82f074937D5cFCD61b97F3F32d5dC50,0x2335A595b567CddDec56DE21261795ba7e7Aad98,0x4200000000000000000000000000000000000006,0xA4A2E2ca3fBfE21aed83471D28b6f65A233C6e00,0x940181a94A35A4569E4529A3CDfB74e38FD98631,18,18,18,462843768915126598,6862313350301894452137,0.4628437689151266,6862.313350301894,6862776194070809578735,0,12246325930563424356888,12246.325930563426,0.0,0,0,0,nan,0
CL-WETH/COW,0.00013281811646390163,0x6D99904cd4ec6F558D279a643b64d2Dc8E2E4C18,0xFB0232F10272848b303C2DDa79C6bb568e19c18d,0x4200000000000000000000000000000000000006,0xc694a91e6b071bF030A18BD3053A7fE09B6DaE69,0x940181a94A35A4569E4529A3CDfB74e38FD98631,18,18,18,55054790112764,862886392125288221,5.5054790112764e-05,0.8628863921252882,862941446915400985,0,769912326958057072041,769.9123269580572,0.0,0,0,0,nan,0
CL-WETH/LINKS,9.938438339151778e-08,0x4Ba79157c6e7aB14bce06a869aF2d14C51C8E269,0x93eE62191632cdb63710f6dBe497Dbc6640242F4,0x4200000000000000000000000000000000000006,0x901F1D2BF312e6Fa1716Df603df8F86315bcb355,0x940181a94A35A4569E4529A3CDfB74e38FD98631,18,18,18,66092121767871804,2359799035408148997027339,0.0660921217678718,2359799.035408149,2359799101500270764899143,1131477345,576105609064646042,0.576105609064646,0.0,0,0,0,nan,0
CL-MXNe/USDC,1.211542944471917e-07,0x256D96010e9D9801B1F4c2320B2AD44715c8078F,0xab205bb675a7DDAF1f5808da0D89bdbdC8F9F646,0x269caE7Dc59803e5C596c95756faEeBb6030E0aF,0x833589fCD6eDb6E08f4c7C32D4f71b54bdA02913,0x940181a94A35A4569E4529A3CDfB74e38FD98631,18,6,6,1,1,1e-06,1e-06,2,6096154975,702300162373939871,0.7023001623739399,0.0,0,0,0,nan,0
CL-oUSDT/WETH,0.014363414539656847,0x93617b2909a7c207E4180dE0E667ea80c9BdfE9e,0x3D7981a71dEe2e73656566f3003D3C6a19C45EE6,0x1217BfE6c773EEC6cc4A38b5Dc45B92292B6E189,0x4200000000000000000000000000000000000006,0x940181a94A35A4569E4529A3CDfB74e38FD98631,18,6,18,8378426,3431856982002831,8.378426,0.003431856982002831,3431856990381257,722723665579663,83261005393763273848290,83261.00539376328,0.0,0,0,0,nan,0
CL-oUSDT/cbBTC,0.00832896692749419,0x85c99e6B9adaB159A33A999a6303933212ac091E,0x5743b100361F2d6b13282C731426215294689a71,0x1217BfE6c773EEC6cc4A38b5Dc45B92292B6E189,0xcbB7C0000aB88B473b1f5aFd9ef808440eed33Bf,0x940181a94A35A4569E4529A3CDfB74e38FD98631,18,6,8,13642473,18461,13.642473,0.00018461,13660934,408916838805727,48280870705214456440608,48280.87070521445,0.0,0,0,0,nan,0
CL-WETH/KTA,0.07031153743034398,0x46D710c35BdfB800a18A820712310048Ef8B5256,0x6bf4D7E9cC3BF9fEA7ee88bA7cfde9626E77eFd4,0x4200000000000000000000000000000000000006,0xc0634090F2Fe6c6d75e61Be2b949464aBB498973,0x940181a94A35A4569E4529A3CDfB74e38FD98631,18,18,18,5941243180841516,141090617299236325764,0.005941243180841516,141.09061729923633,141096558542417167280,3537664985572185,407577827755956412150988,407577.82775595644,0.0,0,0,0,nan,0
CL-USDC/CARV,0.024287503088148484,0x4b241E7E1Ba2D76c888aaACb6F099b42F57Aec2b,0xcaFd2e14dE4Db4fEa855000A96029286f0Ad3899,0x833589fCD6eDb6E08f4c7C32D4f71b54bdA02913,0xc08Cd26474722cE93F4D0c34D16201461c10AA8C,0x940181a94A35A4569E4529A3CDfB74e38FD98631,18,6,18,3395905,162713850529698392361,3.395905,162.7138505296984,162713850529701788266,1222004985270578,140788384268945920124326,140788.38426894593,3.919241083138623e-21,551.7836196555603,0,551.7836196555603,255.15143845123603,1788998400
CL-USDC/PROS,1.3143186039787589e-05,0x3115267471EA743bFe311C3FCdcd1b52c584269B,0x3C2552aF840c08471C4f92996B0Fb8091C702C17,0x833589fCD6eDb6E08f4c7C32D4f71b54bdA02913,0x915424Ac489433130d92B04096F3b96c82e92a9D,0x940181a94A35A4569E4529A3CDfB74e38FD98631,18,6,18,155928,3514171681808436811,0.155928,3.514171681808437,3514171681808592739,0,76187655848031571337,76.18765584803157,0.0,0,0,0,nan,0
CL-WETH/$PAAL,0.0001260256059725594,0x0bD7cfd63dB4B508C616368FC83635bACA65c710,0x7e9DC9928EDa29c5EC28D12e8144Fd12ae6B0187,0x4200000000000000000000000000000000000006,0xd52333441c0553fACb259600FA833a69186893A5,0x940181a94A35A4569E4529A3CDfB74e38FD98631,18,18,18,1895013315363,960462547095943897,1.895013315363e-06,0.9604625470959439,960464442109259260,6340875536966,730537897493853230151,730.5378974938533,7.75985732618478e-21,5.668869855923304,0,5.668869855923304,128.86834872924925,1788998400
CL-WETH/LINK,0.177275415514886,0x72bE417AFB0aBEa66913141C605D313BB389b59C,0xd66c27Ec3C0dfcD20678ff5F5C3CbB6EdE033b92,0x4200000000000000000000000000000000000006,0x88Fb150BDc53A65fe94Dea0c9BA0a6dAf8C6e196,0x940181a94A35A4569E4529A3CDfB74e38FD98631,18,18,18,4666099773641341,1382985513108298674,0.004666099773641341,1.3829855131082986,1387651612881940015,8919467888046610,1027619810499403809198004,1027619.8104994037,2.0682006926283553e-21,2125.324003833486,0,2125.324003833486,483.5120709340632,1788998400
CL-WETH/RED,0.000524659535015237,0x80866012A372c686A3b71a2aB05D004e29B36E1b,0x4bFE96D4f9E60aFD1E577C61E4BCC679e9A21cfB,0x4200000000000000000000000000000000000006,0x4eB92702bA4cfbF80561BAd64D89C706Ac824960,0x940181a94A35A4569E4529A3CDfB74e38FD98631,18,18,18,942454846698455237,15125265330647605150662,0.9424548466984553,15125.265330647606,15126207785494303605899,0,3041315855236509989272,3041.31585523651,0.0,0,0,0,nan,0
CL-WETH/RWAX,0.00020915470341748135,0x7A9b4Ccc4F80506259c301BB07cf9A97b4d8805e,0xCA635E72A2Dca090eFD8b9E14202D48c2D99a5a0,0x4200000000000000000000000000000000000006,0xe0023E73aab4fE9a22f059a9d27E857E027eE3dc,0x940181a94A35A4569E4529A3CDfB74e38FD98631,18,18,18,1,1,1e-18,1e-18,2,10523448247731,1212415811107678148940,1212.415811107678,6.940115727386308e-20,84.14306038800223,0,84.14306038800223,14.40898162625606,1788998400
CL-BIO/WETH,0.10708938631374448,0x222cCBE78890A4d9Ef8d22d7FC1B968Be0F2c653,0x6f29b7B27e2043849A21E1E6ea9ED6d2678E11F3,0x226A2FA2556C48245E57cd1cbA4C6c9e67077DD2,0x4200000000000000000000000000000000000006,0x940181a94A35A4569E4529A3CDfB74e38FD98631,18,18,18,4118643815374096420440,20209195052408206,4118.643815374096,0.020209195052408205,4118664024569148828646,5330166991036238,620769521541393749747933,620769.5215413938,1.3207982901251726e-20,8199.113226136944,0,8199.113226136944,75.71178789951566,1788998400
CL-WETH/XION,2.7994761714678823e-05,0x0c5BF61d127cd801fe4F77F344321ff1f163BF17,0xB5c7edC19d639a01eA8f976897D5401753264643,0x4200000000000000000000000000000000000006,0xe4c3461a20f50daD7B9E88ca0222A255C4126fC0,0x940181a94A35A4569E4529A3CDfB74e38FD98631,18,18,6,1775735149852800,15814764,0.0017757351498528,15.814764,1775735165667564,0,162278405297538483218,162.2784052975385,0.0,0,0,0,nan,0
CL-yTRYB/USDC,0.000562219896356153,0xE98654b21d013EfF949A6D8ff80A9b23B284f8dd,0x7Cb174B263dCeb4f730265e8277ee33BfB693C72,0x1A9Be8a692De04bCB7cE5cDDD03afCA97D732c62,0x833589fCD6eDb6E08f4c7C32D4f71b54bdA02913,0x940181a94A35A4569E4529A3CDfB74e38FD98631,18,8,6,1369323951,1110511,13.69323951,1.110511,1370434462,0,3259043571690234216643,3259.0435716902343,0.0,0,0,0,nan,0
CL-cbBTC/EDGE,0.00732426219954326,0x5230845439Fa66FBEA20aF7cf09BC413B99E10B7,0x1A82875FDFCda393BC1CC44492515586CBC8697b,0xcbB7C0000aB88B473b1f5aFd9ef808440eed33Bf,0xED6E000dEF95780fb89734c07EE2ce9F6dcAf110,0x940181a94A35A4569E4529A3CDfB74e38FD98631,18,8,18,50132,964627272701051697848,0.00050132,964.6272727010517,964627272701051747980,368514828873173,42456856816170194412114,42456.85681617019,7.500264199017565e-20,3184.3764318113617,0,3184.3764318113617,13.332863662735864,1788998400
CL-USDC/KLIMA,1.305536509816473e-05,0x2DB199a5D0EffAe36236E13FDb62aa43Eb3e14eC,0x3978aB83e3C0823Dcc432B2CE30E6414AD857914,0x833589fCD6eDb6E08f4c7C32D4f71b54bdA02913,0xDCEFd8C8fCc492630B943ABcaB3429F12Ea9Fea2,0x940181a94A35A4569E4529A3CDfB74e38FD98631,18,6,9,55625,145159613,0.055625,0.145159613,145215238,0,75678580525171683648,75.67858052517168,0.0,0,0,0,nan,0
CL-oUSDT/USDC,0.004030428151977302,0x4858bA5A92a23de1B2dBB3509B01D0A9F0E0756A,0x2ce6eBFb4E00eE53f7B138C46850F0bD3B33a83B,0x1217BfE6c773EEC6cc4A38b5Dc45B92292B6E189,0x833589fCD6eDb6E08f4c7C32D4f71b54bdA02913,0x940181a94A35A4569E4529A3CDfB74e38FD98631,18,6,6,1105989,1081329,1.105989,1.081329,2187318,202791451760066,23363351323909830461334,23363.351323909832,3.6483804436110964e-21,85.23839406736805,0,85.23839406736805,274.09422220513255,1788998400
CL-PROMPT/cbBTC,0.0005881692108091998,0x41D60eD9C8327EA0c6b16a44343c177E0402FeeA,0x6d5EBd01df7091d15FFd730281e71715160B1587,0x30c7235866872213F68cb1F08c37Cb9eCCB93452,0xcbB7C0000aB88B473b1f5aFd9ef808440eed33Bf,0x940181a94A35A4569E4529A3CDfB74e38FD98631,18,18,8,2649896852088119571,39,2.6498968520881196,3.9e-07,2649896852088119610,29593396213692,3409465047354975513084,3409.4650473549755,2.634807545125705e-21,8.983284231613258,0,8.983284231613258,379.5343617601075,1788998400
CL-USDC/CTX,0.016591279961608744,0x562d63bFCea2eae8be3265B1f841D42Af6DdE0B7,0x09f0FCCB52931ac063290E1498f391680573E74d,0x833589fCD6eDb6E08f4c7C32D4f71b54bdA02913,0xBB22Ff867F8Ca3D5F2251B4084F6Ec86D4666E14,0x940181a94A35A4569E4529A3CDfB74e38FD98631,18,6,18,1,1533544074087465706,1e-06,1.5335440740874657,1533544074087465707,834780727336422,96175366000816207985723,96175.36600081621,7.031921989201648e-22,67.6297671000656,0,67.6297671000656,1422.0863108771953,1788998400
CL-MOCA/USDC,0.0005874667479640523,0xbf4f004307F623C2Fa2c6cf8Ce8095200e389B13,0x5f42dc8b628b61F268BB832cBF04780a18CF6dD8,0x2B11834Ed1FeAEd4b4b3a86A6F571315E25A884D,0x833589fCD6eDb6E08f4c7C32D4f71b54bdA02913,0x940181a94A35A4569E4529A3CDfB74e38FD98631,18,18,6,8760904370512491003,3526,8.760904370512492,0.003526,8760904370512494529,29558096503432,3405393051620446942927,3405.3930516204473,1.0055042547799055e-21,3.424137202602286,0,3.424137202602286,994.5258761922292,1788998400
CL-WETH/uHBAR,0.0018961035043406982,0x006B41C8B19E73324808ecE954DDDfF978c9c8F3,0x760E67cD9Ef0B4b14a804b3C20fBf762A3e94117,0x4200000000000000000000000000000000000006,0xc79e06860Aa9564f95E08fb7E5b61458d0C63898,0x940181a94A35A4569E4529A3CDfB74e38FD98631,18,18,18,4419930344195756,97055819812274874821,0.004419930344195756,97.05581981227488,97060239742619070577,0,10991222432950541827190,10991.222432950542,0.0,0,0,0,nan,0
CL-WETH/Base is for everyone,0.0004061634074086787,0x9aa26B650357bF9cc5439123BCd7e0C0200d90e6,0x78495D7753540ebEAc1fB45A27fB790868cB811e,0x4200000000000000000000000000000000000006,0xD769d56f479E9E72a77bB1523e866A33098Feec5,0x940181a94A35A4569E4529A3CDfB74e38FD98631,18,18,18,4532087098582,116313110186528174477,4.532087098582e-06,116.31311018652818,116313114718615273059,20436449073157,2354424399688125859354,2354.424399688126,1.4055496708291734e-20,33.09260439973819,0,33.09260439973819,71.14654293292047,1788998400
CL-WETH/HYPER,0.0007204553685077744,0x29AF315b3Bd7566005f14d81C582b59E1C632fFd,0x29C4ff5Cfb44a14974cCC2447e9555f753B3489D,0x4200000000000000000000000000000000000006,0xC9d23ED2ADB0f551369946BD377f8644cE1ca5c4,0x940181a94A35A4569E4529A3CDfB74e38FD98631,18,18,18,10262437062395,440060057869018780,1.0262437062395e-05,0.4400600578690188,440070320306081175,36249298301758,4176293746704370107290,4176.29374670437,8.751674315472476e-22,3.6549562716900956,0,3.6549562716900956,1142.6384985922696,1788998400
CL-USDC/TRYB,0.0011453101145959222,0xeAd784aFe3Bdf564367D36DeBD3619a31ef2bd6a,0x2420CBAC5cA9DA04344A8752395912B87a2f4A2e,0x833589fCD6eDb6E08f4c7C32D4f71b54bdA02913,0xFb8718a69aed7726AFb3f04D2Bd4bfDE1BdCb294,0x940181a94A35A4569E4529A3CDfB74e38FD98631,18,6,6,213159,108880925,0.213159,108.880925,109094084,13039584619733,6639067010536963185227,6639.067010536963,0.0,0,0,0,nan,1788998400
CL-ZORA/USDC,0.5185657042477168,0x3f53f1Fd5b7723DDf38D93a584D280B9b94C3111,0xaDEfE661847835C6566b1caAbECfcF09C586F300,0x1111111111166b7FE7bd91427724B487980aFc69,0x833589fCD6eDb6E08f4c7C32D4f71b54bdA02913,0x940181a94A35A4569E4529A3CDfB74e38FD98631,18,18,6,15785970559600319549292,219182180,15785.970559600319,219.18218,15785970559600538731472,26187130568376238,3005991491729327392244855,3005991.4917293275,9.562960615746409e-21,28746.178246676354,0,28746.178246676354,104.5701263637326,1788998400
CL-cbXRP/cbBTC,0.0258101516129913,0x95Ff4985af7ED78421215be100c18a2b987f7E90,0x2db769AcFc04a1F27f4EF1Cc84B90CBde34e0A5a,0xcb585250f852C6c6bf90434AB21A00f02833a4af,0xcbB7C0000aB88B473b1f5aFd9ef808440eed33Bf,0x940181a94A35A4569E4529A3CDfB74e38FD98631,18,6,8,146358279,379049,146.358279,0.00379049,146737328,0,149614784613356815126146,149614.7846133568,0.0,0,0,0,nan,0
CL-WETH/cbXRP,0.023757664315326162,0xA6da283cf7D06b2279626E787c329d6aCF7e2994,0xB2d7D02733ae07695dF556d3AF2d09FC48f34D0F,0x4200000000000000000000000000000000000006,0xcb585250f852C6c6bf90434AB21A00f02833a4af,0x940181a94A35A4569E4529A3CDfB74e38FD98631,18,18,6,3128978192724529236,4874423451,3.1289781927245293,4874.423451,3128978197598952687,0,137717045709442206740151,137717.0457094422,0.0,0,0,0,nan,0
CL-WETH/cbDOGE,0.08807551337493191,0xfb338cb462c9e44cAE9f442fEb09e8E904fFed47,0x34d4C2189A3F5ACD106731a6A236F6FFBB691577,0x4200000000000000000000000000000000000006,0xcbD06E5A2B0C65597161de254AA074E489dEb510,0x940181a94A35A4569E4529A3CDfB74e38FD98631,18,18,8,3438629293000278,37026290177,0.003438629293000278,370.26290177,3438666319290455,4431508186593413,510551009575183741678414,510551.00957518374,0.0,0,0,0,nan,0
CL-cbBTC/cbDOGE,4.428307649796955e-05,0x363d1607b8DA83d6B6EA76D017CeEcf1316BB08A,0x648Eec151f6642Eb57B259A7AA0f963B826a7284,0xcbB7C0000aB88B473b1f5aFd9ef808440eed33Bf,0xcbD06E5A2B0C65597161de254AA074E489dEb510,0x940181a94A35A4569E4529A3CDfB74e38FD98631,18,8,8,268934,192563901938,0.00268934,1925.63901938,192564170872,0,256697560386498517999,256.69756038649854,0.0,0,0,0,nan,0
CL-USDC/VIRGEN,2.5997013137323317e-05,0xda353757c951289C0d2aC757dF4A2a6005f866Fd,0xd6F600AC3A4A9eB421FBb5923EB9F482946E4f09,0x833589fCD6eDb6E08f4c7C32D4f71b54bdA02913,0xbf8566956b4e2D8BEB90c4c19dbb8c67A9290C36,0x940181a94A35A4569E4529A3CDfB74e38FD98631,18,6,18,12244657,14651316861349212395335,12.244657,14651.316861349213,14651316861349224639992,0,150697972621496451866,150.69797262149646,0.0,0,0,0,nan,0
CL-WETH/DEGEN,2.744616854408057e-07,0x68a5aEA4DE3D938a755D85d1868Fe79A9C7B6ae1,0x6a7d1B43b42F8A30B729bfFbdAe2884b683b545c,0x4200000000000000000000000000000000000006,0x4ed4E862860beD51a9570b96d89aF5E1B0Efefed,0x940181a94A35A4569E4529A3CDfB74e38FD98631,18,18,18,224292449514053,321527803876253952888,0.000224292449514053,321.5278038762539,321528028168703466941,0,1590983523365902473,1.5909835233659027,0.0,0,0,0,nan,0
CL-NATION/WETH,0.0001241796422077714,0xE8898C5653f5843f4979c8e11f575C3EC1D48FC0,0xa9AC50eb0f10FB68C309073763bBbB1EB24e69a8,0x2f74f818e81685c8086Dd783837a4605a90474B8,0x4200000000000000000000000000000000000006,0x940181a94A35A4569E4529A3CDfB74e38FD98631,18,18,18,235631440863633108493000,315092494011861,235631.44086363312,0.000315092494011861,235631441178725602504861,0,719837322184802819449,719.8373221848028,0.0,0,0,0,nan,0
CL-WETH/noice,0.003491177366629473,0x9Ea86AA9f7203da077371bb2F82ec555E6E22f81,0x3e2B0d294BeE08c601483B97f758824A81f81d25,0x4200000000000000000000000000000000000006,0x9Cb41FD9dC6891BAe8187029461bfAADF6CC0C69,0x940181a94A35A4569E4529A3CDfB74e38FD98631,18,18,18,74738968864060,2186078630392668500554,7.473896886406e-05,2186.0786303926684,2186078705131637364614,175658142521500,20237453758016049614655,20237.45375801605,1.187625890600169e-20,240.3452404284355,0,240.3452404284355,84.20159984005133,1788998400
CL-WETH/JKL,5.422752657397727e-07,0x30e8b965852FFB425AAc5B265Dd985aB43123c3d,0x473A8A08738AD2C04B4B2b3A7eEe2a3124aE79b6,0x4200000000000000000000000000000000000006,0x4eeD0d2deb4C588393c80869B122327581B0D98e,0x940181a94A35A4569E4529A3CDfB74e38FD98631,18,18,6,2467451283974406,2692220061,0.002467451283974406,2692.220061,2467453976194467,6173973655,3143429697792618550,3.1434296977926186,0.0,0,0,0,nan,1788998400
CL-BIOS/USDC,7.11453612185177e-07,0x5E8961929dd762300ec192C85615502c3A516087,0x17eD47514fD512B8cE273FAd376eaBA4d926Fb9F,0x73Cb479f2ccf77BAd90BcDA91e3987358437240A,0x833589fCD6eDb6E08f4c7C32D4f71b54bdA02913,0x940181a94A35A4569E4529A3CDfB74e38FD98631,18,18,6,8894861956140115836822,22711363,8894.861956140116,22.711363,8894861956140138548185,0,4124112889592727052,4.124112889592727,0.0,0,0,0,nan,0
CL-TIG/USDC,0.036316503995601525,0x3F5E98C7ebfF35056ab4346BCcd722A537c1aEfA,0x03fDf6f0f980Aa6eb2bc5387a27883360414Bf6C,0x0C03Ce270B4826Ec62e7DD007f0B716068639F7B,0x833589fCD6eDb6E08f4c7C32D4f71b54bdA02913,0x940181a94A35A4569E4529A3CDfB74e38FD98631,18,18,6,8892503149527409472,6639906,8.892503149527409,6.639906,8892503149534049378,1807892298465781,210517396592011479184757,210517.3965920115,0.0,0,0,0,nan,0
CL-WETH/SYRUP,0.04484500324233221,0x7432aaB631B801a10BEF7d70c1507a32755595fa,0x152cF5b5Fa1A41D00140A83e39328D8C5F0cDdB8,0x4200000000000000000000000000000000000006,0x688AEe022AA544f150678B8E5720b6b96a9E9a2F,0x940181a94A35A4569E4529A3CDfB74e38FD98631,18,18,18,6831699145021676,116439096077692297161,0.006831699145021676,116.4390960776923,116445927776837318837,2237004709942626,259954904631775525378038,259954.90463177554,0.0,0,0,0,nan,0
CL-VCHF/USDC,0.001270814167504018,0x44B7CbBb1E326617d439a2966C4475e78b9D42E6,0x38B25d8551c8f4Dd17557Bb319c9f8D9846C48Eb,0x1fcA74D9ef54a6AC80ffE7D3b14e76c4330Fd5D8,0x833589fCD6eDb6E08f4c7C32D4f71b54bdA02913,0x940181a94A35A4569E4529A3CDfB74e38FD98631,18,18,6,1845609578072818156,1,1.8456095780728181,1e-06,1845609578072818157,63941255500605,7366581599583262494385,7366.581599583263,0.0,0,0,0,nan,0
CL-VIRTUAL/MAMO,0.6168256645364679,0x4A021bA3ab1F0121e7DF76f345C547db86Cb3468,0xa1d2b60242f36Df5Ce0Bc09a7AC2DE0943F52059,0x0b3e328455c4059EEb9e3f84b5543F74E24e7E1b,0x7300B37DfdfAb110d83290A29DfB31B1740219fE,0x940181a94A35A4569E4529A3CDfB74e38FD98631,18,18,18,4003378823811055810,1,4.0033788238110555,1e-18,4003378823811055811,31038084654919215,3575579110397898979823418,3575579.110397899,0.0,0,0,0,nan,0
CL-USDC/VGBP,1.1930705384381487e-06,0x02bC3eA058FD3aA62C8aA19912F1D0908685E7e1,0xa4972a1Bb2Eb82a7aF5d11bcf559534567de4536,0x833589fCD6eDb6E08f4c7C32D4f71b54bdA02913,0xAEB4bb7DebD1E5e82266f7c3b5cFf56B3A7BF411,0x940181a94A35A4569E4529A3CDfB74e38FD98631,18,6,18,693,514359492709041,0.000693,0.000514359492709041,514359492709734,60029877355,6915921855612751812,6.915921855612752,0.0,0,0,0,nan,0
CL-ZORA/WETH,0.17052409428069018,0xAdB8Fb846DBD3Bd6A23335CEe65Bb610C1cf0ea3,0x6b82714e0e4964595A97fE2b1c3Ad03Dbb246fdF,0x1111111111166b7FE7bd91427724B487980aFc69,0x4200000000000000000000000000000000000006,0x940181a94A35A4569E4529A3CDfB74e38FD98631,18,18,18,10110149528309199711710,35992571657918888,10110.149528309199,0.03599257165791889,10110185520880857630598,8541255084858841,988484144523642286262513,988484.1445236423,0.0,0,0,0,nan,0
CL-WETH/ADM,0.0008971936089808381,0x304Bd2Fc8059CC38b09d6E9cdfE62A57A5f456bE,0xA5374a774f297310F5b7124b32836E2540675CB1,0x4200000000000000000000000000000000000006,0x55fF51DA774b8ce0ed1ABAeD1CB76236bc6b2f16,0x940181a94A35A4569E4529A3CDfB74e38FD98631,18,18,18,11366477747381383,24742538176538317253213,0.011366477747381382,24742.538176538317,24742549543016064634596,0,5200799692187131401304,5200.799692187132,0.0,0,0,0,nan,0
CL-WETH/AAA,1.0258557583422053e-05,0xeE43F28bf16AbaA17D5874e57B3A8FfdC99ECBBA,0xeC465874335285521e8A9D97959c8B799862f107,0x4200000000000000000000000000000000000006,0xaaa843fb2916c0B57454270418E121C626402AAa,0x940181a94A35A4569E4529A3CDfB74e38FD98631,18,18,18,75960609923,146578380259510251,7.5960609923e-08,0.14657838025951025,146578456220120174,516165070200,59466209509395726789,59.466209509395725,0.0,0,0,0,nan,0
CL-WETH/A0X,7.674673367757551e-05,0x035D6b8ac7Fe438F8B3b52Eac81e346377f7509F,0x688da366bFe09A22f2AF5f54FC463c4E0c137a0f,0x4200000000000000000000000000000000000006,0x820C5F0fB255a1D18fd0eBB0F1CCefbC4D546dA7,0x940181a94A35A4569E4529A3CDfB74e38FD98631,18,18,18,140467335641,1,1.40467335641e-07,1e-18,140467335642,3861554887642,444880998807055981928,444.88099880705596,0.0,0,0,0,nan,0
CL-WETH/MAMO,0.031717084581199075,0xAa067F08FeF60420d050A92E7800E588748B7d67,0x6165cEeE2Df1cB4811698be5BfEf218AA6414868,0x4200000000000000000000000000000000000006,0x7300B37DfdfAb110d83290A29DfB31B1740219fE,0x940181a94A35A4569E4529A3CDfB74e38FD98631,18,18,18,2380990447508499,770608883030136644650,0.002380990447508499,770.6088830301367,770611264020584153149,1588567099278030,183855749835703974408018,183855.74983570396,8.2470707325237615e-22,151.62713734762445,0,151.62713734762445,1212.5517440469202,1788998400
CL-TOWNS/USDC,0.0001344168147654013,0xF099ceFE04717710dd2EC40f2e0c9C06134F5Eb5,0x83e1dd4273a7eeC62982f4e5B9AE3452f8fCC6f5,0x00000000A22C618fd6b4D7E9A335C4B96B189a38,0x833589fCD6eDb6E08f4c7C32D4f71b54bdA02913,0x940181a94A35A4569E4529A3CDfB74e38FD98631,18,18,6,3844863657168476708,15875,3.8448636571684767,0.015875,3844863657168492583,6763302073709,779179568221383108029,779.1795682213832,1.0221632383133944e-20,7.964487106808015,0,7.964487106808015,97.83173200887516,1788998400
CL-WETH/docker,1.577555130707574e-05,0xC172acE2c8ed86acDFdd5723d0118f16C00117DD,0x655CB374D5d086916168aCF703B967e5064B94B0,0x4200000000000000000000000000000000000006,0x56f8AD6112C2DB9F9848243531B277cE1C3BE30c,0x940181a94A35A4569E4529A3CDfB74e38FD98631,18,18,18,151866772809844,9387758436079139784681,0.000151866772809844,9387.75843607914,9387758587945912594525,0,91446797614977345949,91.44679761497736,0.0,0,0,0,nan,0
CL-1000X/USDC,0.0009682324994504555,0x458F1d779E5F9ee149b53B8f77c5d62C2Bc28d8e,0x3494963a2a8407f2c15d0af6cA417292882a87ed,0x352b850b733ab8baB50aED1Dab5D22E3186ce984,0x833589fCD6eDb6E08f4c7C32D4f71b54bdA02913,0x940181a94A35A4569E4529A3CDfB74e38FD98631,18,18,6,1,1,1e-18,1e-06,2,48720567239518,5612593797706213498286,5612.593797706214,3.147975013567633e-20,176.68305036483832,0,176.68305036483832,31.766452900357983,1788998400
CL-USDC/TOWER,0.0010954946410841673,0xd59858F403aB4246Db7a29Aedf0BfD7573d9B8E5,0x391b58a68728d6aF0f4B91cf6cf729eB87fD90f3,0x833589fCD6eDb6E08f4c7C32D4f71b54bdA02913,0xf7C1CEfCf7E1dd8161e00099facD3E1Db9e528ee,0x940181a94A35A4569E4529A3CDfB74e38FD98631,18,6,18,264,7352891385619646784,0.000264,7.352891385619647,7352891385619647048,55120791180141,6350299573149181812617,6350.299573149182,0.0,0,0,0,nan,0
CL-WETH/ORDER,0.0008452363524032279,0x27bd426eC343845995c527d634c4E07f0608AaCd,0x6EA5161E3f223dE6ab0e079F0977AEf1056C4b3e,0x4200000000000000000000000000000000000006,0x4E200fE2f3eFb977d5fd9c430A41531FB04d97B8,0x940181a94A35A4569E4529A3CDfB74e38FD98631,18,18,18,277125167175012,10450672359871437536,0.000277125167175012,10.450672359871438,10450949485038612548,42529307819772,4899616891383772229665,4899.616891383773,6.477392459513309e-21,31.73674150675329,0,31.73674150675329,154.38311114394585,1788998400
CL-USDC/GHST,0.014205838280647125,0x56C11053159a24c0731b4b12356BC1f0578FB474,0x8cA6075D8109bBb56d4af4B1056D2ba946c8086B,0x833589fCD6eDb6E08f4c7C32D4f71b54bdA02913,0xcD2F22236DD9Dfe2356D7C543161D4d260FD9BcB,0x940181a94A35A4569E4529A3CDfB74e38FD98631,18,6,18,313012383,3923159601769967184916,313.012383,3923.159601769967,3923159601770280197299,0,82347576507121200401711,82347.5765071212,0.0,0,0,0,nan,0
CL-USDC/SAPIEN,0.10682125356602813,0x80Cc08712Aa61cE9dc7604F9cE7560A25094B862,0x96FA1A659f080067b554d1d60DfF183EDCe0b027,0x833589fCD6eDb6E08f4c7C32D4f71b54bdA02913,0xC729777d0470F30612B1564Fd96E8Dd26f5814E3,0x940181a94A35A4569E4529A3CDfB74e38FD98631,18,6,18,21878620,323729953243810794794,21.87862,323.72995324381077,323729953243832673414,5374832609716229,619215225235858752032976,619215.2252358587,3.6005036591850246e-21,2229.4866842847887,0,2229.4866842847887,277.7389206226637,1788998400
CL-USDC/DIEM,0.6980118077016981,0xBc3231036Ee1ECa03E5F67FEceDC640D21610823,0x2f63384822b36516aCd8A9C0645a01806B935c2d,0x833589fCD6eDb6E08f4c7C32D4f71b54bdA02913,0xF4d97F2da56e8c3098f3a8D538DB630A2606a024,0x940181a94A35A4569E4529A3CDfB74e38FD98631,18,6,18,918948983,350994975212560292,918.948983,0.3509949752125603,350994976131509275,35121256311442472,4046194219731126123970807,4046194.219731126,0.0,0,0,0,nan,0
CL-WETH/DIEM,1.0226528342893767e-09,0x9b5AFE0fea549Df6C1A56F3aee6426969B1ac323,0x968a4B8DEC71776009Ba68aD218D199c4649918c,0x4200000000000000000000000000000000000006,0xF4d97F2da56e8c3098f3a8D538DB630A2606a024,0x0000000000000000000000000000000000000000,18,18,18,0,0,0.0,0.0,0,0,5928054427213470,0.00592805442721347,0.0,0,0,0,nan,0
CL-WETH/LCAP,0.11132142355908818,0x3a88eF38879EFb900c2D7b6199d21C139cEf5Fa7,0x48C36c950A7471b82295E0901c465851A860d687,0x4200000000000000000000000000000000000006,0x4dA9A0f397dB1397902070f93a4D6ddBC0E0E6e8,0x940181a94A35A4569E4529A3CDfB74e38FD98631,18,18,18,218014236392958,1007150154679708501,0.000218014236392958,1.0071501546797086,1007368168916101459,5601369036837095,645301548723252595795259,645301.5487232526,1.7639383575595715e-21,1138.272153985542,0,1138.272153985542,566.9132346458588,1788998400
CL-LCAP/uSOL,0.0006348052095445999,0xd52C89A57ACC47E300aC1468441b3495676280Ad,0x25610a80aB993311a8f597fECE6C8068b91c1EF1,0x4dA9A0f397dB1397902070f93a4D6ddBC0E0E6e8,0x9B8Df6E244526ab5F6e6400d331DB28C8fdDdb55,0x940181a94A35A4569E4529A3CDfB74e38FD98631,18,18,18,1,30253134057,1e-18,3.0253134057e-08,30253134058,31941496983797,3679801890417673526416,3679.801890417674,3.185485528947161e-22,1.1721955671317907,0,1.1721955671317907,3139.238872419274,1788998400
CL-USDC/frxUSD,0.0002920915013388854,0xD3d9f0f7D0d477e0A19222965B59233Ad7f6Bc6b,0x4A3Ee54B82c1aE22b81EEb95cA53f9F7234fEE5b,0x833589fCD6eDb6E08f4c7C32D4f71b54bdA02913,0xe5020A6d073a794B6E7f05678707dE47986Fb0b6,0x940181a94A35A4569E4529A3CDfB74e38FD98631,18,6,18,123641,157789141887351443,0.123641,0.15778914188735144,157789141887475084,14697012660021,1693179014036196819778,1693.179014036197,0.0,0,0,0,nan,0
CL-uPUMP/WETH,0.016141931697079562,0x777820ca027BdeE7D12Cae14355Da487328aE8d2,0xA41d7b78C7796289B6eC774A692BeF49Bc0e5271,0x20FbD133897Ef802e0235dB77bB19a071E257d41,0x4200000000000000000000000000000000000006,0x940181a94A35A4569E4529A3CDfB74e38FD98631,18,18,18,21880043856695144554221,19201752553471073,21880.043856695145,0.019201752553471074,21880063058447698025294,0,93570610134908010812977,93570.61013490801,0.0,0,0,0,nan,0
CL-FLOCK/USDC,1.4276951157629714,0xd7338B6F338DA54b922bbBC6fBE3EFEDD5Ce35fa,0xfC0d4756FaD40dB4B71225DeF4eEC42e9c9EF070,0x5aB3D4c385B400F3aBB49e80DE2fAF6a88A7B691,0x833589fCD6eDb6E08f4c7C32D4f71b54bdA02913,0x940181a94A35A4569E4529A3CDfB74e38FD98631,18,18,6,1761377539813858312689,104290561,1761.3775398138582,104.290561,1761377539813962603250,71836575507466430,8275979949335235168285631,8275979.949335235,1.0774088305504856e-21,8916.613878872544,0,8916.613878872544,928.1527788194061,1788998400
CL-WETH/USDC,0.003184220542440862,0xdbc6998296caA1652A810dc8D3BaF4A8294330f1,0x45C6e6A47a711B14D8357D5243F46704904578e3,0x4200000000000000000000000000000000000006,0x833589fCD6eDb6E08f4c7C32D4f71b54bdA02913,0x940181a94A35A4569E4529A3CDfB74e38FD98631,18,18,6,291085258521922822,673903789,0.2910852585219228,673.903789,291085259195826611,0,18458104305707408061627,18458.10430570741,0.0,0,0,0,nan,0
CL-WETH/cbBTC,0.00036256759158340027,0x22AEe3699b6A0fEd71490C103Bd4E5f3309891D5,0x83e2E9493996651ed63033d81f5052cBE2fEB6A1,0x4200000000000000000000000000000000000006,0xcbB7C0000aB88B473b1f5aFd9ef808440eed33Bf,0x940181a94A35A4569E4529A3CDfB74e38FD98631,18,18,8,288116858407302629,1281131,0.2881168584073026,0.01281131,288116858408583760,0,2101710711967689520348,2101.7107119676893,0.0,0,0,0,nan,0
CL-USDC/CARV,0.0015757202379017862,0xff862675c47B6a2C9072DCBe2f37a78A445c4f37,0xE0C13dfDc050722b5AE99A77Db52c0f57af0f83D,0x833589fCD6eDb6E08f4c7C32D4f71b54bdA02913,0xc08Cd26474722cE93F4D0c34D16201461c10AA8C,0x940181a94A35A4569E4529A3CDfB74e38FD98631,18,6,18,102522,3919694696989377673,0.102522,3.9196946969893776,3919694696989480195,79284855095186,9134043361679441941925,9134.043361679442,2.487550490420739e-21,22.721394043869992,0,22.721394043869992,402.00189055493786,1788998400
CL-USDC/MIRROR,1.878644959615102e-05,0x3c2dfe6d969AD9de9d566727607eB2e9139D3596,0xff1f9d7a1DAd3D1FEAdBb22Cc77eBaaa88eC5bd4,0x833589fCD6eDb6E08f4c7C32D4f71b54bdA02913,0xe1bfA25468AF64e366ddAFC9D91bCc6c97439A14,0x940181a94A35A4569E4529A3CDfB74e38FD98631,18,6,18,35,1,3.5e-05,1e-18,36,945268497134,108900197570442144020,108.90019757044215,1.4581878790312234e-21,0.15879694812132422,0,0.15879694812132422,685.782685743054,1788998400
CL-AVNT/USDC,0.08612122715388304,0xe30d5BF485F7476AC15884a28ffb3C9cEA635DCB,0x26b130316314259fa5047656c6BB16fE521Ea082,0x696F9436B67233384889472Cd7cD58A6fB5DF4f1,0x833589fCD6eDb6E08f4c7C32D4f71b54bdA02913,0x940181a94A35A4569E4529A3CDfB74e38FD98631,18,18,6,159196587149841949299,14763974,159.19658714984195,14.763974,159196587149856713273,4313892871311986,499222516956492365746296,499222.5169564924,0.0,0,0,0,nan,0
CL-USDC/VNXAU,5.687501897638537e-06,0xafF8b2C5EeECf3f19cf2066268a4B0B3d2F89E2D,0x9C6CbA0122111c5b2E7Cc4a273F97BF90FEFcf19,0x833589fCD6eDb6E08f4c7C32D4f71b54bdA02913,0xAc3FE22294beaED9d1FD752323a6d06D12Ff3098,0x940181a94A35A4569E4529A3CDfB74e38FD98631,18,6,18,34998,410387155863177,0.034998,0.000410387155863177,410387155898175,0,32968979964260959830,32.96897996426096,0.0,0,0,0,nan,0
CL-VVV/DIEM,0.0005655546655790963,0x782D7C494d5DDC20c246a82aC8fe277e2728d002,0x8add35fF47e34f0A11b46Ea5B638389BF52b2f8E,0xacfE6019Ed1A7Dc6f7B508C02d1b04ec88cC21bf,0xF4d97F2da56e8c3098f3a8D538DB630A2606a024,0x940181a94A35A4569E4529A3CDfB74e38FD98631,18,18,18,10999333006315590642,86257195091375940,10.99933300631559,0.08625719509137594,11085590201406966582,0,3278374367824525964229,3278.374367824526,0.0,0,0,0,nan,0
CL-USDC/AERO,0.05821379243000712,0xCCd9cC53b63662088c738B8BC06E9078Fb8D9ad4,0x491300eC768Cf28B13A8d3BbFd87713dD728b0AD,0x833589fCD6eDb6E08f4c7C32D4f71b54bdA02913,0x940181a94A35A4569E4529A3CDfB74e38FD98631,0x940181a94A35A4569E4529A3CDfB74e38FD98631,18,6,18,26507043,76243342259027849173,26.507043,76.24334225902786,76243342259054356216,2900335710904717,337450323676450562573408,337450.3236764506,1.1888671247414735e-20,4011.8359605230135,0,4011.8359605230135,84.11368934248698,1788998400
CL-BIO/VITA,0.0005661984204005569,0x5bd27255061a0e8BCE2fC32BBB50D3be4e0B28BD,0xdC2FF82fB3C5184C61b034505FC8ecd51df5f482,0x226A2FA2556C48245E57cd1cbA4C6c9e67077DD2,0x490a4B510d0Ea9f835D2dF29Eb73b4FcA5071937,0x940181a94A35A4569E4529A3CDfB74e38FD98631,18,18,18,1,89977031394941310,1e-18,0.08997703139494131,89977031394941311,28489314553029,3282106048304394214645,3282.106048304394,9.067994208601525e-21,29.762118638040285,0,29.762118638040285,110.2779707392668,1788998400
CL-LINK/AERO,0.0002867323108247114,0x07b1Be2F179313C4F3C7124893d46990672c3F1a,0x1c484bA49128bF0D9191ADb349AF154c1196EA4a,0x88Fb150BDc53A65fe94Dea0c9BA0a6dAf8C6e196,0x940181a94A35A4569E4529A3CDfB74e38FD98631,0x940181a94A35A4569E4529A3CDfB74e38FD98631,18,18,18,7376632579168209,174017279324857358,0.007376632579168209,0.17401727932485736,181393911904025567,14427463414368,1662113170390531874334,1662.1131703905319,8.505390812893502e-21,14.136922089428923,0,14.136922089428923,117.57249278705439,1788998400
CL-WETH/WCT,0.0003730733443239645,0xEBd2eeaB20CeFa41C94343F506ac506bfc3F681e,0xC5135Bcc045dc47Fc2a79483E3aD8E7B9C6512EF,0x4200000000000000000000000000000000000006,0xeF4461891DfB3AC8572cCf7C794664A8DD927945,0x940181a94A35A4569E4529A3CDfB74e38FD98631,18,18,18,156559356318574,20280349762332026581,0.000156559356318574,20.280349762332026,20280506321688345155,18771961519664,2162609847976233279541,2162.609847976233,0.0,0,0,0,nan,0
CL-XSGD/USDC,0.004610992861765337,0x892A6AB3fa0f1F839fCb0Ae264a8c4bbfb030725,0x131B41209b9777d12641Da25357425021Ba55304,0x0A4C9cb2778aB3302996A34BeFCF9a8Bc288C33b,0x833589fCD6eDb6E08f4c7C32D4f71b54bdA02913,0x940181a94A35A4569E4529A3CDfB74e38FD98631,18,6,6,7898087,6230718,7.898087,6.230718,14128805,232013060807225,26728735042358513391025,26728.735042358516,0.0,0,0,0,nan,0
CL-WETH/APU,0.001388251674828201,0x7f94857597C318056d0313CE32a6e154298c1a8e,0xdA6d1A0ec6A40B1F97b901d99c9CeBe8553F90F9,0x4200000000000000000000000000000000000006,0xB9926b3fBc5873Db0182016D55727D5ae89E5EFd,0x940181a94A35A4569E4529A3CDfB74e38FD98631,18,18,18,1,1,1e-18,1e-18,2,69852771354405,8047336506694822438922,8047.336506694823,0.0,0,0,0,nan,0
CL-VFY/ZEN,0.008981013222761836,0x700d91F1C3C5e430eA776245e741B84402e8de2E,0x30765db9bc45c107eb37B999Ea9C34684b88f938,0xa749dE6c28262B7ffbc5De27dC845DD7eCD2b358,0xf43eB8De897Fbc7F2502483B2Bef7Bb9EA179229,0x940181a94A35A4569E4529A3CDfB74e38FD98631,18,18,18,338248212093230100529,263468403953320274,338.2482120932301,0.2634684039533203,338511680497183420803,0,52060614717849486631720,52060.61471784949,0.0,0,0,0,nan,0
CL-AUDD/USDC,0.00010838737111188321,0xCde41D0B1AD079C3CeB7271559F738f503102852,0x9fDbD9eFFeD52f89978Ef42aDe2307FD9BBDd66b,0x449B3317a6d1efb1Bc3ba0700C9EaA4FFFf4Ae65,0x833589fCD6eDb6E08f4c7C32D4f71b54bdA02913,0x940181a94A35A4569E4529A3CDfB74e38FD98631,18,6,6,2051,2437,0.002051,0.002437,4488,5453768088221,628293604271198023150,628.2936042711981,0.0,0,0,0,nan,0
CL-XSGD/WETH,0.00743768008521112,0xfEbEeBAa6C9585Fd97aa9157E3B7aACe804b688C,0xF3fa5d26f7385d415D31310b715BA09892Ae373f,0x0A4C9cb2778aB3302996A34BeFCF9a8Bc288C33b,0x4200000000000000000000000000000000000006,0x940181a94A35A4569E4529A3CDfB74e38FD98631,18,6,18,7228224,2082056964794371,7.228224,0.002082056964794371,2082056972022595,374244544203026,43114311014422867601960,43114.31101442287,7.147960459811178e-21,308.17939038309623,0,308.17939038309623,139.9000464009864,1788998400
CL-WETH/AUDD,0.00072768541568118,0xBdb6f998176b2766beFB2037033dfB3F8e368d52,0x0caC405DEB53494D37158f70e46cD98A275D69f2,0x4200000000000000000000000000000000000006,0x449B3317a6d1efb1Bc3ba0700C9EaA4FFFf4Ae65,0x940181a94A35A4569E4529A3CDfB74e38FD98631,18,18,6,2628587926476,13745,2.628587926476e-06,0.013745,2628587940221,36615220551941,4218204463340726576507,4218.204463340727,2.162659080565665e-22,0.9122538186326439,0,0.9122538186326439,4623.937304711199,1788998400
CL-USDC/CYPR,0.0015665797991999113,0xE6C694f8B9EE84353a10de59c9b4cDEFa0F5b4Ad,0x95B033e94C9820dAe254Da568b9070e79a392F61,0x833589fCD6eDb6E08f4c7C32D4f71b54bdA02913,0xD262A4c7108C8139b2B189758e8D17c3DFC91a38,0x940181a94A35A4569E4529A3CDfB74e38FD98631,18,6,18,4501,240601326282302572472,0.004501,240.60132628230258,240601326282302576973,78826184535012,9081058598623486327770,9081.058598623486,0.0,0,0,0,nan,0
CL-USDC/ZEN,0.0009632401780032448,0xbFA5184f90B071C34C85d065b8c7877617248ef7,0x78F5a590Da87B546311dC0E7F4f3Be77CFeeB2a0,0x833589fCD6eDb6E08f4c7C32D4f71b54bdA02913,0xf43eB8De897Fbc7F2502483B2Bef7Bb9EA179229,0x940181a94A35A4569E4529A3CDfB74e38FD98631,18,6,18,1272405,263336276726911800,1.272405,0.2633362767269118,263336276728184205,48469073778690,5583654599314636153812,5583.654599314636,6.911377040332915e-20,385.90742198852456,0,385.90742198852456,14.46889663469772,1788998400
CL-WETH/uZEC,0.0013180177098697685,0x3054f64E28140EE00428bE94Eac4aD6F7241712a,0x76E017276E8861968A86A56919B2235c505B6438,0x4200000000000000000000000000000000000006,0x83f31af747189c2FA9E5DeB253200c505eff6ed2,0x940181a94A35A4569E4529A3CDfB74e38FD98631,18,18,18,2328598219846758,7419424588439772,0.002328598219846758,0.007419424588439772,9748022808286530,65605932129538,7640208346529005963384,7640.208346529005,0.0,0,0,0,nan,0
CL-kVCM/USDC,9.466876678414343e-05,0x5aAdAcac0deDeDd534990Ddc0Ea6565d104B48DE,0x740546B5d6Ef109D33124b7E93B8ebf5f8f78d1B,0x00fBAC94Fec8D4089d3fe979F39454F48c71A65d,0x833589fCD6eDb6E08f4c7C32D4f71b54bdA02913,0x940181a94A35A4569E4529A3CDfB74e38FD98631,18,18,6,293065316458248029883,12808105,293.06531645824805,12.808105,293065316458260837988,1077919228978,548770397183272831983,548.7703971832728,0.0,0,0,0,nan,0
CL-BIO/USDC,0.018707609819887124,0xd40BffA9C9E35493B88a2b6744C49D8716b00898,0x134cE8d4299dF4B6b4938754a1D13a3aD2c24D54,0x226A2FA2556C48245E57cd1cbA4C6c9e67077DD2,0x833589fCD6eDb6E08f4c7C32D4f71b54bdA02913,0x940181a94A35A4569E4529A3CDfB74e38FD98631,18,18,6,737462351201131579435,9607122,737.4623512011316,9.607122,737462351201141186557,931650319566425,108443183744194383374949,108443.18374419438,9.598086955267057e-21,1040.8471072827806,0,1040.8471072827806,104.18742866788041,1788998400
CL-USDC/TITN,0.0004568338742064213,0x611865e603862a3D1cd29146458564a684e1cBbb,0xf852a8F5BF12A588f1c4605E62D324a831D76854,0x833589fCD6eDb6E08f4c7C32D4f71b54bdA02913,0xe62bfbE57763ec24c0F130426F34DbCe11Fc5B06,0x940181a94A35A4569E4529A3CDfB74e38FD98631,18,6,18,1,1,1e-06,1e-18,2,22986927162264,2648148012391998899400,2648.1480123919987,1.1976673456571859e-21,3.1716004009088774,0,3.1716004009088774,834.9563872022231,1788998400
CL-WETH/COMMON,0.0012246137952895081,0x45dF01EFA0dE71725d4d8fC1165b102bC2E989Fb,0xB716cB1E4c8b6c1Dc78C9E72ea47D99562e52657,0x4200000000000000000000000000000000000006,0x4c87da04887a1F9F21F777E3A8dD55C3C9f84701,0x940181a94A35A4569E4529A3CDfB74e38FD98631,18,18,18,10324987896351,7944334648937975665937,1.0324987896351e-05,7944.3346489379755,7944334659262963562288,61619695049947,7098769970981609641305,7098.76997098161,0.0,0,0,0,nan,0
CL-USDC/CHECK,0.0015481524842433042,0xf0125d06B76CEbC2Ab3831A938E07Ab6988B00c9,0xd54F8A71BFE766963EE3c8d3C76bCe35C64A5f6B,0x833589fCD6eDb6E08f4c7C32D4f71b54bdA02913,0x9126236476eFBA9Ad8aB77855c60eB5BF37586Eb,0x940181a94A35A4569E4529A3CDfB74e38FD98631,18,6,18,149500117,3168435022887603752854,149.500117,3168.4350228876037,3168435022887753252971,0,8974240211828441224163,8974.24021182844,0.0,0,0,0,nan,0
CL-WETH/SAND,0.0005546820914151118,0xA69CDf524D072c366FD050957880552916D29405,0xC77386D4B892e6E4D36d43d6A59EEaCA770E4295,0x4200000000000000000000000000000000000006,0xac531Eb26Ca1d21b85126De8FB87E80E09002DcF,0x940181a94A35A4569E4529A3CDfB74e38FD98631,18,18,18,2145977081602427530,820693463762104844791767113512,2.1459770816024277,820693463762.1049,820693463764250821873369541042,0,3215348862739213203993,3215.348862739213,0.0,0,0,0,nan,0
CL-USDC/cbBTC,1.6511714939982783e-08,0x4F5905e36ac07eE1F01ffB939aA7f212A58D5CDF,0xfd548a1C01f1547b305313e4D42BD9C714EFdF6a,0x833589fCD6eDb6E08f4c7C32D4f71b54bdA02913,0xcbB7C0000aB88B473b1f5aFd9ef808440eed33Bf,0x940181a94A35A4569E4529A3CDfB74e38FD98631,18,6,8,365730196,579307,365.730196,0.00579307,366309503,0,95714148114465879,0.09571414811446587,0.0,0,0,0,nan,0
CL-CHECK/TOWER,6.815914657489573e-05,0xB5a64B150730b6c475CDC9C40632CE1D1ebf3ceC,0x58700106298036e6D74A3deb237B9ADAe17D2FAe,0x9126236476eFBA9Ad8aB77855c60eB5BF37586Eb,0xf7C1CEfCf7E1dd8161e00099facD3E1Db9e528ee,0x940181a94A35A4569E4529A3CDfB74e38FD98631,18,18,18,1002964949125944096,2038225104643921125722,1.002964949125944,2038.2251046439212,2039228069593047069818,3429705453571,395100973723082058458,395.100973723082,0.0,0,0,0,nan,0
CL-WETH/LITKEY,0.01557110491361814,0xCd1F9777571493AEAcb7eaE45cD30a226d3e612d,0x413112E5434C7d3b00cAD0948d89dCA460f6fB46,0x4200000000000000000000000000000000000006,0xF732A566121Fa6362E9E0FBdd6D66E5c8C925E49,0x940181a94A35A4569E4529A3CDfB74e38FD98631,18,18,18,518664740793999,15946700418254517065,0.000518664740793999,15.946700418254517,15947219082995311064,783500317977933,90261674661002113244968,90261.67466100211,8.066431740787685e-21,728.089637462159,0,728.089637462159,123.9705525484742,1788998400
CL-WETH/ROOM,1.2070660443773611e-06,0x827F373b058CcfDa902E0Fbd11702d56e92784DD,0xb7A4B01d15981Dc4a641303c87BFBC2c9662517E,0x4200000000000000000000000000000000000006,0x6555255b8dEd3c538Cb398d9E36769f45D7d3ea7,0x940181a94A35A4569E4529A3CDfB74e38FD98631,18,18,18,12555448947188,873850706321909738997,1.2555448947188e-05,873.8507063219097,873850718877358686185,0,6997050189845250029,6.99705018984525,0.0,0,0,0,nan,1788998400
CL-msUSD/USDC,0.0009828431179550313,0x054B67943BA17b2cD8C420544C88BdE71a81Ef9f,0xA0B1Db34fa530B9A001965C8A212c1a54Dab8510,0x526728DBc96689597F85ae4cd716d4f7fCcBAE9d,0x833589fCD6eDb6E08f4c7C32D4f71b54bdA02913,0x940181a94A35A4569E4529A3CDfB74e38FD98631,18,18,6,5310622117989753,2713,0.005310622117989753,0.002713,5310622117992466,49454287265555,5697287780655533579740,5697.287780655533,0.0,0,0,0,nan,0
CL-WETH/PING,0.005349738900164973,0x5D28f920C9d23100E4A38b2bA2D8aE617c3b2615,0xcc049DFa700197b49db9E8BeC3Af462d22b68621,0x4200000000000000000000000000000000000006,0xd85c31854c2B0Fb40aaA9E2Fc4Da23C21f829d46,0x940181a94A35A4569E4529A3CDfB74e38FD98631,18,18,18,217943184967726,846827680751610495506,0.000217943184967726,846.8276807516105,846827898694795463232,269187696838046,31011055079699909809962,31011.055079699912,1.5230273135076257e-20,472.30683907072364,0,472.30683907072364,65.65870428790528,1788998400
CL-ICP/WETH,0.06647515779703238,0xBe762d548f8CA86A78E9Da6e3DdC87F91457e398,0x7140E2eE393c885FDa93A4a6b0a05564c6AdEdFc,0x00f3C42833C3170159af4E92dbb451Fb3F708917,0x4200000000000000000000000000000000000006,0x940181a94A35A4569E4529A3CDfB74e38FD98631,18,8,18,1516757628,17314421328516724,15.16757628,0.017314421328516724,17314422845274352,3325548899172639,385339325590627197656739,385339.3255906272,0.0,0,0,0,nan,0
CL-USDC/elizaOS,0.0013035300205795517,0x84b783723DaC9B89d0981FFf3dcE369bC5870C16,0x757319eb2053b7Be8b4Da20652324FD812f45bf2,0x833589fCD6eDb6E08f4c7C32D4f71b54bdA02913,0xea17Df5Cf6D172224892B5477A16ACb111182478,0x940181a94A35A4569E4529A3CDfB74e38FD98631,18,6,9,1,14858010366,1e-06,14.858010366,14858010367,65591295158628,7556226952494498424565,7556.226952494498,0.0,0,0,0,nan,0
CL-WETH/jesse,0.0034190878822910374,0x4e40ff3Be6bdA5b131c91520Fa73515076eEE098,0x474716f0164cbe5d2F55336492C51FE0bF04373E,0x4200000000000000000000000000000000000006,0x50F88fe97f72CD3E75b9Eb4f747F59BcEBA80d59,0x940181a94A35A4569E4529A3CDfB74e38FD98631,18,18,18,63724574028731,42616222736241819567,6.3724574028731e-05,42.61622273624182,42616286460815848298,172043074658399,19819569631107081882180,19819.569631107082,4.959511564484543e-21,98.29538478858223,0,98.29538478858223,201.63275899205067,1788998400
CL-USDai/USDC,4.6055723069788735e-05,0x2595b1BD2944D213360e73c928c5d1636cCC2d99,0xDe7bDBb10EAE1546D88d506C9250F57D14B3A221,0x0A1a1A107E45b7Ced86833863f482BC5f4ed82EF,0x833589fCD6eDb6E08f4c7C32D4f71b54bdA02913,0x940181a94A35A4569E4529A3CDfB74e38FD98631,18,18,6,1,1,1e-18,1e-06,2,2317494429119,266973134858708907060,266.97313485870893,3.0444515122889855e-22,0.08127867641611276,0,0.08127867641611276,3284.663907319533,1788998400
CL-WETH/REI,0.0027580851026200517,0x34E3334E845d101205394e0Bd8821fDdc7Cd5559,0x7A01529B70dD997d7723D4AA2EeC0CC301E0E6CF,0x4200000000000000000000000000000000000006,0x6B2504A03ca4D43d0D73776F6aD46dAb2F2a4cFD,0x940181a94A35A4569E4529A3CDfB74e38FD98631,18,18,18,663224080081705552,51769088827158807565975,0.6632240800817055,51769.088827158805,51769752051238889271527,0,15987907190986953700335,15987.907190986954,0.0,0,0,0,nan,0
CL-BITCOIN/APU,0.0009061983205008283,0x3d6a88675979AB63fe60beDd62550A5cF7387f39,0xB93E0F044FBFc816dF3c26620021Eb64Fea735b3,0x2a06A17CBC6d0032Cac2c6696DA90f29D39a1a29,0xB9926b3fBc5873Db0182016D55727D5ae89E5EFd,0x940181a94A35A4569E4529A3CDfB74e38FD98631,18,8,18,201036565,1,2.01036565,1e-18,201036566,45599249584616,5252997679815016453419,5252.997679815016,4.491822385811334e-21,23.59553257080809,0,23.59553257080809,222.62679022188792,1788998400
CL-SOL/cbBTC,0.024207755885317348,0xa25773F75d7190E130D501509D22592151dB3915,0xAB69fc62A7F435cD87b84DEe6ed545145E63770f,0x311935Cd80B76769bF2ecC9D8Ab7635b2139cf82,0xcbB7C0000aB88B473b1f5aFd9ef808440eed33Bf,0x940181a94A35A4569E4529A3CDfB74e38FD98631,18,9,8,4683164374,563583,4.683164374,0.00563583,4683727957,0,140326110325189139672461,140326.11032518913,0.0,0,0,0,nan,0
CL-USDC/DeprecatedDGLD,6.984616087529442e-06,0x9E2E1D6118971698D410DB64ed20209946Dd5b2F,0xFc836EfAE8359a946393c95E4c07F8D81Ea906De,0x833589fCD6eDb6E08f4c7C32D4f71b54bdA02913,0xd02f50E1017F493ffFFa70c8fCf09e349e11d6c9,0x940181a94A35A4569E4529A3CDfB74e38FD98631,18,6,18,111348612,211018500469197886348,111.348612,211.01850046919787,211018500469309234960,0,40488016002847199475,40.4880160028472,0.0,0,0,0,nan,0
CL-MYRC/USDC,5.822706671610664e-05,0x8d15046288Df104C9757a18fABaf587a88209D48,0x81Fbc2c15CaAf32CD5fdc0427cBA2817d7629238,0x3eD03E95DD894235090B3d4A49E0C3239EDcE59e,0x833589fCD6eDb6E08f4c7C32D4f71b54bdA02913,0x940181a94A35A4569E4529A3CDfB74e38FD98631,18,18,6,926880284664600,1,0.0009268802846646,1e-06,926880284664601,2929915152033,337527271285494244733,337.52727128549424,0.0,0,0,0,nan,0
CL-RAVE/USDC,0.07625317838566024,0x51663B8A28E7Ea197c5CcF983AfC084Da0a8023D,0x8eF58803e5522986Be1896c1Ea024553A50e0940,0x1aA8fD5BCce2231C6100d55Bf8B377cff33Acfc3,0x833589fCD6eDb6E08f4c7C32D4f71b54bdA02913,0x940181a94A35A4569E4529A3CDfB74e38FD98631,18,18,6,257336520662359216184,38078455,257.3365206623592,38.078455,257336520662397294639,3798233266509392,442019986217826733983901,442019.9862178268,0.0,0,0,0,nan,0
CL-THQ/USDC,5.816103781074173e-05,0x00D43aad1B34E7bA8D037E060517F7b5318c0B83,0x6CC472a3E4E23f4e7B3188E424Fb40F7BFAd8A77,0x0b2558bdBC7FFEC0f327fB3579c23daBD1699706,0x833589fCD6eDb6E08f4c7C32D4f71b54bdA02913,0x940181a94A35A4569E4529A3CDfB74e38FD98631,18,18,6,164738354521860125643,442484,164.73835452186012,0.442484,164738354521860568127,5831891412,337144518770028386639,337.14451877002836,0.0,0,0,0,nan,0
CL-BRACKY/USDC,0.0005442494198136353,0x8c30Ecf71C809D295222E00351Eff6058d3497bA,0x50bEed7938E571a90bEd95ae092febb2a85e3783,0x06f71fb90F84b35302d132322A3C90E4477333b0,0x833589fCD6eDb6E08f4c7C32D4f71b54bdA02913,0x940181a94A35A4569E4529A3CDfB74e38FD98631,18,18,6,1,6106,1e-18,0.006106,6107,27386129331692,3154873359224109882598,3154.8733592241097,1.7361386849791372e-21,5.477297685159059,0,5.477297685159059,575.9908517976585,1788998400
CL-AERO/DIEM,6.370777628152748e-05,0xD1edC6961222bf35AFAC0989Ce602212f28464F6,0x289541d6ce255535A859C96B022d78C0cd80D545,0x940181a94A35A4569E4529A3CDfB74e38FD98631,0xF4d97F2da56e8c3098f3a8D538DB630A2606a024,0x940181a94A35A4569E4529A3CDfB74e38FD98631,18,18,18,92316066173495056,12458715636143,0.09231606617349505,1.2458715636143e-05,92328524889131199,3205729612847,369297529494518753908,369.29752949451876,0.0,0,0,0,nan,0
CL-MOCA/CHECK,3.2338172928315796e-06,0xD4E145Efdbbbb97CE8C23d4C0Fd59C902Bc34dFa,0x181aBe1152ECC190889DD4A25991c0D214AC9695,0x2B11834Ed1FeAEd4b4b3a86A6F571315E25A884D,0x9126236476eFBA9Ad8aB77855c60eB5BF37586Eb,0x940181a94A35A4569E4529A3CDfB74e38FD98631,18,18,18,1257911631965221079,322594028079916696,1.257911631965221,0.3225940280799167,1580505660045137775,162723366961,18745603861637742578,18.745603861637743,3.631045610194487e-20,0.6806614261224455,0,0.6806614261224455,27.540276475525676,1788998400
CL-PORTAL/USDC,0.0002852358155129111,0x6133d984A2ea4d20C56dB083Fb0B0D093a9F5B42,0x162A77D0b9064D60e626a0eE515594a422aDe40d,0x0FfebC403F2d3dd9EA5501ca03916E98967aCB2D,0x833589fCD6eDb6E08f4c7C32D4f71b54bdA02913,0x940181a94A35A4569E4529A3CDfB74e38FD98631,18,18,6,142677485191048974170856,2362748249,142677.48519104897,2362.748249,142677485191051336919105,0,1653438373469261507294,1653.4383734692615,0.0,0,0,0,nan,0
CL-USDC/ACU,0.011732334169789475,0x6d76a0f856a2ba951DA45Da9be399509Ad602e6A,0x68ba7CA9Fc65C393a86D7Cd00ff1b70C2882b633,0x833589fCD6eDb6E08f4c7C32D4f71b54bdA02913,0xc5fEd7c8cCC75D8A72b601a66DffD7A489073F0b,0x940181a94A35A4569E4529A3CDfB74e38FD98631,18,6,12,1777912,17741200415513,1.777912,17.741200415513,17741202193425,590366990969615,68009311845399981976897,68009.31184539999,4.10887608552886e-21,279.4418350348386,0,279.4418350348386,243.37555554958735,1788998400
CL-WETH/MOLT,6.440391498929134e-06,0x85Fb468A5E65a537C5Ac767776599708a3D41046,0x83c20bA54325741fE1D84632E423D187C8b4f3c2,0x4200000000000000000000000000000000000006,0xB695559b26BB2c9703ef1935c37AeaE9526bab07,0x940181a94A35A4569E4529A3CDfB74e38FD98631,18,18,18,1335623737265,1629655672172128271791,1.335623737265e-06,1629.6556721721283,1629655673507752009056,324079584411,37333286583755235015,37.33328658375523,4.404994303076909e-20,1.6445291471657941,0,1.6445291471657941,22.70150495544331,1788998400
CL-UP/cbBTC,0.021627389593069753,0x1E726F3177a933cc134Fd0ea7C326EAb270E0137,0x46ded54E6C6B8bDdcc4F034f670Efc284A1B490B,0x5b2193fDc451C1f847bE09CA9d13A4Bf60f8c86B,0xcbB7C0000aB88B473b1f5aFd9ef808440eed33Bf,0x0000000000000000000000000000000000000000,18,18,8,0,0,0.0,0.0,0,0,125368393190204555556324,125368.39319020456,0.0,0,0,0,nan,0
CL-USDC/RNBW,0.004206376916527415,0x4bf85cA48a620BAf9DDE3b6A7A6d88b219827caA,0x0099140A97ACc1cc831ECB39Ab5FD60FC9F6BB64,0x833589fCD6eDb6E08f4c7C32D4f71b54bdA02913,0xa53887F7e7c1bf5010b8627F1C1ba94fE7a5d6E0,0x940181a94A35A4569E4529A3CDfB74e38FD98631,18,6,18,2752376,139540767615312768581,2.752376,139.54076761531277,139540767615315520957,205779466213626,24383280881313172228415,24383.28088131317,6.860699726539166e-20,1672.8636847455296,0,1672.8636847455296,14.575772732505861,1788998400
CL-UP/USDC,0.0026216366565563584,0xb1857B20d91c216f51656B63081f35C7cD0A489d,0xe897425DACD719e509f73987b289DAD6cd256EE6,0x5b2193fDc451C1f847bE09CA9d13A4Bf60f8c86B,0x833589fCD6eDb6E08f4c7C32D4f71b54bdA02913,0x940181a94A35A4569E4529A3CDfB74e38FD98631,18,18,6,211303674594123871222,17240121,211.30367459412386,17.240121,211303674594141111343,131920383765113,15196950780704919219543,15196.95078070492,1.4523010055727467e-20,220.70546900457293,0,220.70546900457293,68.85624923227455,1788998400
CL-wtCOIN/USDC,1.190946410695974,0x4618dFcbC52d9fbCd45Ec4A65fc61B5DA57Ad205,0x9a48ed41616C312C9Dd5D221B06828C21f8CD207,0x5cDa0E1CA4ce2af96315f7F8963C85399c172204,0x833589fCD6eDb6E08f4c7C32D4f71b54bdA02913,0x940181a94A35A4569E4529A3CDfB74e38FD98631,18,18,6,297099343923481041,41479847,0.29709934392348103,41.479847,297099343964960888,59928911046513199,6903608835549871723978086,6903608.835549871,0.0,0,0,0,nan,0
CL-KellyClaude/USDC,0.009592366967007094,0xCBBA009BDe5731E68C97707e6B6edBfAb9926CF9,0x8612abc6Bf9735f192cd7E4005b8494DFe3d773d,0x50D2280441372486BeecdD328c1854743EBaCb07,0x833589fCD6eDb6E08f4c7C32D4f71b54bdA02913,0x940181a94A35A4569E4529A3CDfB74e38FD98631,18,18,6,9523664794647242440830,46682,9523.664794647242,0.046682,9523664794647242487512,482689374510009,55604474519191538315409,55604.474519191535,0.0,0,0,0,nan,0
CL-USDC/FELIX,0.0001922309367358034,0x1F9bA3e5Ebcd2f4CA3cDEffa5eCdF1c03cf1865d,0xBc24a215368B5e2a3baad4904d6C810148D2b258,0x833589fCD6eDb6E08f4c7C32D4f71b54bdA02913,0xf30Bf00edd0C22db54C9274B90D2A4C21FC09b07,0x940181a94A35A4569E4529A3CDfB74e38FD98631,18,6,18,450,1,0.00045,1e-18,451,9673104671644,1114313105440057572200,1114.3131054400576,0.0,0,0,0,nan,0
CL-USDC/MUSD,1.1623981864333975e-05,0x78595D8e45E1Df1CbA5775E8368827cdaC50aF9c,0x4fE3512bbbBD252B31ebA69F9648C9e41F668677,0x833589fCD6eDb6E08f4c7C32D4f71b54bdA02913,0xdD468A1DDc392dcdbEf6db6e34E89AA338F9F186,0x940181a94A35A4569E4529A3CDfB74e38FD98631,18,6,18,185964627,369480103517472015749,185.964627,369.480103517472,369480103517657980376,0,67381221507684742243,67.38122150768474,0.0,0,0,0,nan,0
CL-WBTC/cbBTC,7.134359605809588e-06,0x383567feDD4e7Dfdd44c8df9624C19eFdB6D7B35,0xdF383F80C8067Ff91528651b28e063D8Fc953ADb,0x0555E30da8f98308EdB960aa94C0Db47230d2B9c,0xcbB7C0000aB88B473b1f5aFd9ef808440eed33Bf,0x940181a94A35A4569E4529A3CDfB74e38FD98631,18,8,8,1,1,1e-08,1e-08,2,359004981956,41356040513925765636,41.35604051392577,0.0,0,0,0,nan,1788998400
CL-MEZO/MUSD,1.5105559284694631e-06,0x0DD2076128FaE11da3D0F5522D3a52B532af3741,0x73aA1980FE058652313E58b0836347106aDBBB10,0x8e4cbBcc33dB6c0a18561fDE1F6bA35906d4848b,0xdD468A1DDc392dcdbEf6db6e34E89AA338F9F186,0x940181a94A35A4569E4529A3CDfB74e38FD98631,18,18,18,1010887792690094903,10038590446708126,1.010887792690095,0.010038590446708125,1020926383136803029,0,8756302685592602105,8.756302685592601,0.0,0,0,0,nan,1788998400
CL-USDC/KAT,5.0479448548476386e-05,0x7bD36Ffa2AA69b9035782D2e85f60d3Dd0B5124c,0x3d292E05F13Dd7Ea9A30D73d79e00541Ad3c4Ef7,0x833589fCD6eDb6E08f4c7C32D4f71b54bdA02913,0xD5390300c5DB71F80d46f0fA9983Fc72D4d1e3da,0x940181a94A35A4569E4529A3CDfB74e38FD98631,18,6,18,1,6306680329950736291,1e-06,6.306680329950736,6306680329950736292,2540154199769,292616329234573530994,292.6163292345735,0.0,0,0,0,nan,0
CL-USDC/PENDLE,0.0002617218089807169,0xa2440Bc42F9933914A2d246Ab471e5B2D7aa5045,0x55E13F1653FB7C40c9E2934b0B1fFaCF10AFFA18,0x833589fCD6eDb6E08f4c7C32D4f71b54bdA02913,0xA99F6e6785Da0F5d6fB42495Fe424BCE029Eeb3E,0x940181a94A35A4569E4529A3CDfB74e38FD98631,18,6,18,3266,1003738407511793,0.003266,0.001003738407511793,1003738407515059,13624224431655,1517133749015194876071,1517.133749015195,0.0,0,0,0,nan,0
CL-USDC/WARD,0.0006076710795447506,0x2AEdf455E810B7511D2835bF485FB13912b1AD27,0x80F062cD33826fc02CC0E9eA6199B91592C17504,0x833589fCD6eDb6E08f4c7C32D4f71b54bdA02913,0xf09e4C8193F16019F0573F370F9A997b11f56638,0x940181a94A35A4569E4529A3CDfB74e38FD98631,18,6,18,1299,488062731849060938,0.001299,0.48806273184906096,488062731849062237,30579564304776,3522512344952358280417,3522.5123449523585,3.769155765475025e-22,1.3276897713934133,0,1.3276897713934133,2653.11401868787,1788998400
CL-USDC/CHECK,0.021657676026287313,0x3c4384F3664B37A3Cb5A5cB3452B4B4A3Aa1256f,0xFBd7De67837D3CEeCaEa3cd98AccAcE26f94aF00,0x833589fCD6eDb6E08f4c7C32D4f71b54bdA02913,0x9126236476eFBA9Ad8aB77855c60eB5BF37586Eb,0x940181a94A35A4569E4529A3CDfB74e38FD98631,18,6,18,610187,48806722361048617275,0.610187,48.806722361048614,48806722361049227462,1089829209906709,125543955823485293634852,125543.95582348529,0.0,0,0,0,nan,0
CL-SOL/cbBTC,0.6500197276957634,0xCcfA472815563ff9eB2de95C7b2bE1Ccf91f7F31,0xBe13347c7e999D57a85138406b7e0116312eB055,0x311935Cd80B76769bF2ecC9D8Ab7635b2139cf82,0xcbB7C0000aB88B473b1f5aFd9ef808440eed33Bf,0x940181a94A35A4569E4529A3CDfB74e38FD98631,18,9,8,1133513703,152135,1.133513703,0.00152135,1133665838,32712678555039838,3767996523688892378140349,3767996.5236888924,1.9017533293707135e-21,7165.799933982626,0,7165.799933982626,525.8305504483582,1788998400
CL-UP/cbBTC,0.09894364041831502,0x37e1490f7f6F98d263f826E1244C7E7f128632F2,0x9beDC4b57DD354fb8F585d79Ec30763edA265319,0x5b2193fDc451C1f847bE09CA9d13A4Bf60f8c86B,0xcbB7C0000aB88B473b1f5aFd9ef808440eed33Bf,0x940181a94A35A4569E4529A3CDfB74e38FD98631,18,18,8,2795202196019531919079,390603,2795.202196019532,0.00390603,2795202196019532309682,4959569951550287,573550735850635539509761,573550.7358506356,1.876056200415201e-21,1076.013414245286,0,1076.013414245286,533.0330721322123,1788998400
CL-WETH/cbXRP,0.23916204965980034,0xB90fe999Be6869AF0aFC557DCCfBE169EA3403D6,0x847A399203C63b03AF1C2FC6Fc7cCf4E1386Fe63,0x4200000000000000000000000000000000000006,0xcb585250f852C6c6bf90434AB21A00f02833a4af,0x940181a94A35A4569E4529A3CDfB74e38FD98631,18,18,6,21122371526422452,54344852,0.02112237152642245,54.344852,21122371580767304,11940198192201591,1386360649254355521749307,1386360.6492543556,4.795943255558288e-21,6648.907005562836,0,6648.907005562836,208.5095562465306,1788998400
CL-SOL/USDC,0.6083637091364643,0x1131DB5977242a03eBeaD1aCD18F80A9A29e5922,0xC58eC2d32FFA0c8c0cf5d15ceF7AE3cC70d2fa69,0x311935Cd80B76769bF2ecC9D8Ab7635b2139cf82,0x833589fCD6eDb6E08f4c7C32D4f71b54bdA02913,0x940181a94A35A4569E4529A3CDfB74e38FD98631,18,9,6,2656020168,247662744,2.656020168,247.662744,2903682912,30613273829717377,3526527339855716856300052,3526527.339855717,3.1606528861501186e-21,11146.128814802272,0,11146.128814802272,316.3903269422493,1788998400
CL-MEZO/MUSD,0.03174578022372569,0xEF458A3263d2a8C7f3ed9e949aE2F9B345D08b1F,0x25B2cd9d8864D3d3b5dCA9f89fd32357e149c063,0x8e4cbBcc33dB6c0a18561fDE1F6bA35906d4848b,0xdD468A1DDc392dcdbEf6db6e34E89AA338F9F186,0x940181a94A35A4569E4529A3CDfB74e38FD98631,18,18,18,2584747532078340226607,223312122674209085,2584.74753207834,0.22331212267420908,2584970844201014435692,1597481348066476,184022091066098022611399,184022.09106609804,1.082305472190835e-20,1989.7594242770733,1.9217373713075685,1991.6811616483808,92.39535655084237,1788998400
CL-USDC/MUSD,0.07708358209701047,0xFF56D037D948faD1027a1AC82ae610e4b694c641,0x18fbca64a478ACF51f9dC6f98b36EE8D6594072b,0x833589fCD6eDb6E08f4c7C32D4f71b54bdA02913,0xdD468A1DDc392dcdbEf6db6e34E89AA338F9F186,0x940181a94A35A4569E4529A3CDfB74e38FD98631,18,6,18,20415953,1278132328483624166,20.415953,1.2781323284836241,1278132328504040119,3879852123100388,446833622118875013900213,446833.62211887504,2.7952661571023224e-22,116.21690259264989,8.684987583784016,124.90189017643391,3577.4768619408947,1788998400
CL-EURC/USDC,0.19913059823299176,0xf39B7c34BE147F5DC1bC374f27AF2E9f03AD3113,0x3b798f9C872586CF0ba103400650Cf9E1acAF27F,0x60a3E35Cc302bFA44Cb288Bc5a4F316Fdb1adb42,0x833589fCD6eDb6E08f4c7C32D4f71b54bdA02913,0x940181a94A35A4569E4529A3CDfB74e38FD98631,18,6,6,29329709,32747605,29.329709,32.747605,62077314,10020463011609373,1154308661618321522841262,1154308.6616183214,0.0,0,0,0,nan,0
CL-WETH/USDC,0.06358498829449559,0x4e392fBfE4D0557C82D2F97F02ec39daA31516dd,0x6BFdC817fd78c72A0E330e3D958108fAc96201f4,0x4200000000000000000000000000000000000006,0x833589fCD6eDb6E08f4c7C32D4f71b54bdA02913,0x940181a94A35A4569E4529A3CDfB74e38FD98631,18,18,6,9412454007738471,23555636,0.00941245400773847,23.555636,9412454031294107,3207620256309074,368585759238057479830915,368585.7592380575,0.0,0,0,0,nan,0
CL-USDC/cbBTC,0.08626588975931389,0x9D14ff91AE2c6e3D1A760542248B6c7F206894b0,0xF2d990b13af7c0cd72Cc937625dEB29E4022b81D,0x833589fCD6eDb6E08f4c7C32D4f71b54bdA02913,0xcbB7C0000aB88B473b1f5aFd9ef808440eed33Bf,0x940181a94A35A4569E4529A3CDfB74e38FD98631,18,6,8,27115252,35218,27.115252,0.00035218,27150470,4316725227917943,500061088727696041698196,500061.08872769604,0.0,0,0,0,nan,0
CL-WETH/cbBTC,1.64320090360114,0x7C7420DD105E2779316423Ba3E973f434315EFA9,0xe3aE44A6cD6cf1b47295209539b7bB675F500873,0x4200000000000000000000000000000000000006,0xcbB7C0000aB88B473b1f5aFd9ef808440eed33Bf,0x940181a94A35A4569E4529A3CDfB74e38FD98631,18,18,8,99408923854202996,343687,0.099408923854203,0.00343687,99408923854546683,82791501033586951,9525211356953554362413560,9525211.356953554,0.0,0,0,0,nan,0
CL-IDRX/frxUSD,0.0006408617884558265,0xe2a363898DCCFb6E509CDe97A77cF51AEa6813A0,0xd1e537fdC08582dCf607423F85d54e120DEB191b,0x18Bc5bcC660cf2B9cE3cd51a404aFe1a0cBD3C22,0xe5020A6d073a794B6E7f05678707dE47986Fb0b6,0x940181a94A35A4569E4529A3CDfB74e38FD98631,18,2,18,1,59054437097892443,0.01,0.059054437097892445,59054437097892444,32249354674638,3714910314532503684188,3714.9103145325034,0.0,0,0,0,nan,0
CL-LFI/USDC,0.46793245900120256,0x8343C68279587498526114e6385F0a87f248E0D9,0xE9C73937382C621770f5b7018A407C0749df6aaE,0x3722264aB15a1dfCe5a5af89e6547F7949A8ABA3,0x833589fCD6eDb6E08f4c7C32D4f71b54bdA02913,0x940181a94A35A4569E4529A3CDfB74e38FD98631,18,18,6,3586710077982273270989004,115701184,3586710.0779822734,115.701184,3586710077982273386690188,23547091653049141,2712483642747167901492183,2712483.6427471675,0.0,0,0,0,nan,0
CL-AORA/USDC,0.02722840575762108,0x0aeD2Bd5AbdFfCDe57c0bCf30E75cd594b8876A9,0x5B16F52bfA905Df8eB6d1C3d2ed111c8dE6f4920,0x6E84030FA86EBf585E3E18fe557e5612f7e93Bff,0x833589fCD6eDb6E08f4c7C32D4f71b54bdA02913,0x940181a94A35A4569E4529A3CDfB74e38FD98631,18,18,6,419714446428513789300,4575547,419.7144464285138,4.575547,419714446428518364847,1370175873906338,157836037690730456857924,157836.03769073045,7.189594559371694e-21,1134.7771178540613,0,1134.7771178540613,139.08990162685765,1788998400
CL-VIRTUAL/USDC,0.0001952783155249839,0x86c21942420B5648bb813637dcD33b97cC57EdE9,0x10E57B782F0f8D6D6cc53774B7afB0e424d21027,0x0b3e328455c4059EEb9e3f84b5543F74E24e7E1b,0x833589fCD6eDb6E08f4c7C32D4f71b54bdA02913,0x940181a94A35A4569E4529A3CDfB74e38FD98631,18,18,6,66052637123205352,1,0.06605263712320535,1e-06,66052637123205353,9826759919687,1131977973435217324574,1131.9779734352173,1.809292581261387e-20,20.48079349487638,0,20.48079349487638,55.27022054679673,1788998400
CL-GITLAWB/USDC,0.10427181169038395,0xB5E4b3e29a79FEb2aa96c68a4EA24FEdAa559aB2,0x3C2A9058D449E9ccee5bdbE0b57C8B69E6F2dbf6,0x5F980Dcfc4c0fa3911554cf5ab288ed0eb13DBa3,0x833589fCD6eDb6E08f4c7C32D4f71b54bdA02913,0x940181a94A35A4569E4529A3CDfB74e38FD98631,18,18,6,2054488261994662578323667,42030277,2054488.2619946627,42.030277,2054488261994662620353944,5237418171617355,604436768959112730745618,604436.7689591127,1.605615844558634e-20,9704.932532745777,0,9704.932532745777,62.281398342508815,1788998400
CL-WETH/RSC,0.020312854610750275,0x6cdA37dDB9e099bB49495a9ca7Df9Cd445A6965F,0xB5032EA9aFbEd3bd359e13760e6042FEE3c5f6Ca,0x4200000000000000000000000000000000000006,0xFbB75A59193A3525a8825BeBe7D4b56899E2f7e1,0x940181a94A35A4569E4529A3CDfB74e38FD98631,18,18,18,4892379896277757,112730900031036459630,0.004892379896277757,112.73090003103646,112735792410932737387,1022179779699312,117748373316030022973338,117748.37331603003,9.814549072470041e-21,1155.6471881136986,0,1155.6471881136986,101.88955117714121,1788998400
CL-VIRTUAL/WETH,0.21259093271463317,0x9520E1a3BFd86DA6c1E9e5Ee4B9c2F11c413358F,0xF0B0F3d39BaA91FcE3e97A08E30975CE1F365F31,0x0b3e328455c4059EEb9e3f84b5543F74E24e7E1b,0x4200000000000000000000000000000000000006,0x940181a94A35A4569E4529A3CDfB74e38FD98631,18,18,18,126444790097339312403,28257871126563939,126.44479009733931,0.02825787112656394,126473047968465876342,10630134675213596,1232334745094749446506513,1232334.7450947494,0.0,0,0,0,nan,0
CL-cbBTC/cbDOGE,0.0029423825899111146,0xde201C571eA87D8769F088ad0766C61ba1D6ccb3,0xAAC36eBA6eF97577800335aFffd7F129c7ccc5FA,0xcbB7C0000aB88B473b1f5aFd9ef808440eed33Bf,0xcbD06E5A2B0C65597161de254AA074E489dEb510,0x940181a94A35A4569E4529A3CDfB74e38FD98631,18,8,8,18929,17333346951,0.00018929,173.33346951,17333365880,44342237575456,17056232138445080798668,17056.23213844508,0.0,0,0,0,nan,0
CL-USDC/PROS,0.0037532117456149936,0x8A8e4170C09074b109352190d47e54d7c1F61e4E,0x298E7A376F0942A050CFa2d7B850c3FE8337A4b9,0x833589fCD6eDb6E08f4c7C32D4f71b54bdA02913,0x8B7DdE054BE9D180c1Be7FaE0874697374A49832,0x940181a94A35A4569E4529A3CDfB74e38FD98631,18,6,18,4609787,11035768356118743507,4.609787,11.035768356118744,11035768356123353294,188868581234975,21756399394642234504630,21756.399394642234,0.0,0,0,0,nan,0
CL-USDC/OPG,0.055419598172108286,0xB828dC3D77360F053F1379Cd8676BaC6141684f3,0xE6671F550341f1763D78970b66A2CdeAf7B9909A,0x833589fCD6eDb6E08f4c7C32D4f71b54bdA02913,0xFbC2051AE2265686a469421b2C5A2D5462FbF5eB,0x940181a94A35A4569E4529A3CDfB74e38FD98631,18,6,18,7727382,87298946929115934432,7.727382,87.29894692911593,87298946929123661814,2788817042259214,321253101035844676870914,321253.10103584465,0.0,0,0,0,nan,0
CL-AERO/cbBTC,0.4887829001633355,0xCDBe19a6EF1B633BE744920C93eE40521d5cf2A6,0x7487eeD4266C774B84Db9f61b5f0222076Db9676,0x940181a94A35A4569E4529A3CDfB74e38FD98631,0xcbB7C0000aB88B473b1f5aFd9ef808440eed33Bf,0x940181a94A35A4569E4529A3CDfB74e38FD98631,18,18,8,190020444910260630254,373074,190.02044491026064,0.00373074,190020444910261003328,24643966541367618,2833348266494507495400633,2833348.2664945074,0.0,0,0,0,nan,0
CL-USDC/MXNB,0.03769176323801927,0x82312aE1BBF1864CE00dfCeb974A10e0d6245b48,0x982e2BaB389a617dBF65Ea295dBb614Ef3950b28,0x833589fCD6eDb6E08f4c7C32D4f71b54bdA02913,0xF197FFC28c23E0309B5559e7a166f2c6164C80aA,0x940181a94A35A4569E4529A3CDfB74e38FD98631,18,6,6,77803,18268502,0.077803,18.268502,18346305,1896724339356041,218489419322722266383252,218489.41932272227,0.0,0,0,0,nan,0
CL-KellyClaude/USDC,0.0005099540000942293,0xD03FF08155a70D5Ba88E5Ff204B43fa09a2EE0D9,0x434be5E1979a85F379E65Eb3F3207d70718eD939,0x50D2280441372486BeecdD328c1854743EBaCb07,0x833589fCD6eDb6E08f4c7C32D4f71b54bdA02913,0x940181a94A35A4569E4529A3CDfB74e38FD98631,18,18,6,1,1916,1e-18,0.001916,1917,25661897476715,2956071666328943032712,2956.071666328943,0.0,0,0,0,nan,0
CL-CTR/USDC,0.001100085522841485,0x0ab02e160f0df68dc049B012c514857306960Eae,0x99deB55adA693737B57c3cBD293A17b6b20D510c,0x11030f79109269d796fd0FB956D6244e502757f7,0x833589fCD6eDb6E08f4c7C32D4f71b54bdA02913,0x940181a94A35A4569E4529A3CDfB74e38FD98631,18,18,6,71785309756623251053,626859,71.78530975662325,0.626859,71785309756623877912,55358487035224,6376911729311825860331,6376.911729311826,9.288073414850627e-21,59.2292243018703,0,59.2292243018703,107.66495432746129,1788998400
CL-USDC/PSG,0.006672784344739892,0x76F9AeFA6aBcbcEb10CC149e071209366f64Ce9D,0xb9dd4FacCc297796d8Dd63e0eA5CcD5Ce6feb099,0x833589fCD6eDb6E08f4c7C32D4f71b54bdA02913,0xDD15623d107c639aF0C5127AFFA26d3f20327EC8,0x940181a94A35A4569E4529A3CDfB74e38FD98631,18,6,18,535849,1746167441821519801,0.535849,1.7461674418215198,1746167441822055650,335787752831252,38680407906132923035111,38680.407906132925,0.0,0,0,0,nan,0
CL-AFC/USDC,0.00031816629198083343,0xb4580451325C61344712E811392C881a634151d8,0x75aF4B1123E1d9eEc4B0Cd0A342Ca63f4cEB6A2e,0x580edA966a8129C3c01D149871B47feFcC599D28,0x833589fCD6eDb6E08f4c7C32D4f71b54bdA02913,0x940181a94A35A4569E4529A3CDfB74e38FD98631,18,18,6,277569809220403614936,51237678,277.5698092204036,51.237678,277569809220454852614,0,1844327842769531574570,1844.3278427695316,0.0,0,0,0,nan,0
CL-FXUSD/USDC,0.015391112348485074,0x96b9E829c934324a33f4130C7acc8a18e2351199,0x9516250955c97Bb496766Eef9F3E898eB1545f11,0x55380fe7A1910dFf29A47B622057ab4139DA42C5,0x833589fCD6eDb6E08f4c7C32D4f71b54bdA02913,0x940181a94A35A4569E4529A3CDfB74e38FD98631,18,18,6,2327094769628032758,1,2.3270947696280326,1e-06,2327094769628032759,774516448893883,89218304235745320334234,89218.30423574532,2.647874922766689e-22,23.62389104375991,0,23.62389104375991,3776.6134321598865,1788998400
CL-SUMR/USDC,7.526942118005681e-05,0xDDae632a9f43F8C911b6F99A4BD5c7b108D4A8d7,0x46340da51cd5E45A2061F085a6b4016CcCFF527f,0x194f360D130F2393a5E9F3117A6a1B78aBEa1624,0x833589fCD6eDb6E08f4c7C32D4f71b54bdA02913,0x940181a94A35A4569E4529A3CDfB74e38FD98631,18,18,6,2123474111096114140827,1,2123.474111096114,1e-06,2123474111096114140828,1433680486162,436317399707094600681,436.31739970709464,0.0,0,0,0,nan,0
CL-USDC/deSPXA,0.001359447927186208,0x7AE311B9cB94635dD4De5f42220469F6f5501d54,0x9E165254B0b7598186F14b7886E4C7a9a98C0aC8,0x833589fCD6eDb6E08f4c7C32D4f71b54bdA02913,0x9c5C365e764829876243d0b289733B9D2b729685,0x940181a94A35A4569E4529A3CDfB74e38FD98631,18,6,18,2306,248868065010,0.002306,2.4886806501e-07,248868067316,68410220585519,7880368618860132506443,7880.368618860132,0.0,0,0,0,nan,0
CL-USDC/hTEA,0.04076847558647718,0xAbe1f289107C20081F591BB3972b8289aDd64f6C,0x1E488b80243E72408d8c580e302b452988F9E00F,0x833589fCD6eDb6E08f4c7C32D4f71b54bdA02913,0xa1A0B2E02B0E6830aD5A4A7211691200945d8919,0x940181a94A35A4569E4529A3CDfB74e38FD98631,18,6,18,2608051,10153257528846791623403,2.608051,10153.257528846792,10153257528846794231454,2051553687369939,236324326386967753907152,236324.32638696776,0.0,0,0,0,nan,0
CL-VFY/ZEN,0.043491857832578217,0xc0113E59471A17Ce37B708572114162c3030307e,0x45343aad2894Ae9a9241Bc9072d25C549dd4D189,0xa749dE6c28262B7ffbc5De27dC845DD7eCD2b358,0xf43eB8De897Fbc7F2502483B2Bef7Bb9EA179229,0x940181a94A35A4569E4529A3CDfB74e38FD98631,18,18,18,3496948871862082592995,2539415182172816358,3496.948871862083,2.5394151821728164,3499488287044255409353,2189012850037446,252111070079134056172250,252111.07007913408,0.0,0,0,0,nan,0
CL-WETH/RNBW,2.12689336345266e-08,0xfb08565d4e73655B030e4E88dFE51D33591eB353,0xEE6f72d5F7dE012A73Ac2EeD9F55F80654351069,0x4200000000000000000000000000000000000006,0xa53887F7e7c1bf5010b8627F1C1ba94fE7a5d6E0,0x0000000000000000000000000000000000000000,18,18,18,0,0,0.0,0.0,0,1071442737,123290516553330645,0.12329051655333063,0.0,0,0,0,nan,0
CL-PORTAL/USDC,0.026207186745769353,0xfE8513f8aa444fAaBB1c35e1E0F24D08c4C9BE15,0x8bA61cff54Ef589C7fd662D028e2722aB94875dc,0x0FfebC403F2d3dd9EA5501ca03916E98967aCB2D,0x833589fCD6eDb6E08f4c7C32D4f71b54bdA02913,0x940181a94A35A4569E4529A3CDfB74e38FD98631,18,18,6,2419016573253781035248,38491377,2419.016573253781,38.491377,2419016573253819526625,1277802531321666,151916294761969182811799,151916.29476196918,8.511150134265474e-21,1292.9823925604474,0,1292.9823925604474,117.49293388375901,1788998400
CL-WETH/COOKIE,0.03257418120628112,0x17EA71d7E2dFb58F6b7e95C2ddDAD863E225091c,0xc4F34E44A3951D92334695cAc10A08506234C6CC,0x4200000000000000000000000000000000000006,0xC0041EF357B183448B235a8Ea73Ce4E4eC8c265F,0x940181a94A35A4569E4529A3CDfB74e38FD98631,18,18,18,1451384645155498,847409158759884271015,0.001451384645155498,847.4091587598842,847410610144529426513,1629518546526256,188824117665435722615745,188824.1176654357,1.1864378952807536e-20,2240.2808874122493,0,2240.2808874122493,84.28591197041663,1788998400
CL-WETH/SERV,0.49850476833618823,0x3416f5Fa0adE2D3de6935d4B204d9fe0b68C0eA6,0xD7615D69A287bE98B3309e70f7881568aBf361E5,0x4200000000000000000000000000000000000006,0x5576D6ed9181F2225afF5282Ac0ED29f755437Ea,0x940181a94A35A4569E4529A3CDfB74e38FD98631,18,18,18,46535122013414561,4835085992773348606146,0.04653512201341456,4835.085992773348,4835132527895362020707,25133760205494192,2889703426066243218249082,2889703.426066243,0.0,0,0,0,nan,0
CL-SOL/WETH,0.05693892533932778,0xFCCE67a155DF9a1a95BeCfe7D09E32DfbE6F9816,0x0f41c2D69a2d3e73C5Bd97F93076193459D1983B,0x311935Cd80B76769bF2ecC9D8Ab7635b2139cf82,0x4200000000000000000000000000000000000006,0x940181a94A35A4569E4529A3CDfB74e38FD98631,18,9,18,149370731,6106127950154531,0.149370731,0.006106127950154531,6106128099525262,2865327150150140,330060248327701372423038,330060.24832770135,3.2064142713060945e-21,1058.309890628775,0,1058.309890628775,311.8748593869818,1788998400
CL-USDC/FOLKS,0.05385742369689318,0x94a734bf60cDe88ab10a9951b17278a3CE129860,0xf1D60F16B6aBb78932aD53ed843b19cb331AFEe0,0x833589fCD6eDb6E08f4c7C32D4f71b54bdA02913,0xFF7F8F301F7A706E3CfD3D2275f5dc0b9EE8009B,0x940181a94A35A4569E4529A3CDfB74e38FD98631,18,6,6,47494532,28363101,47.494532,28.363101,75857633,2700585326890524,312197578962888333631062,312197.57896288834,0.0,0,0,0,nan,0
CL-WETH/AERO,0.0001321960042355771,0x9Be74093980230702f766bc6F8234177E58237E4,0x7f36b3830fd5B90bec07Fd976a612fc6fB91e099,0x4200000000000000000000000000000000000006,0x940181a94A35A4569E4529A3CDfB74e38FD98631,0x940181a94A35A4569E4529A3CDfB74e38FD98631,18,18,18,1239908316125,8248380113028751,1.239908316125e-06,0.008248380113028751,8249620021344876,6809853009260,766306103002392174761,766.3061030023922,4.9907406142693575e-21,3.824434991216516,0,3.824434991216516,200.3710625915588,1788998400
CL-wtSGOV/USDC,0.015169838761188851,0xD5B83c33A8711e727C0Abb6f72ee508755D37e10,0x74dC05b8FB6EBe3b604993Cb3f63e25322880121,0x78c31580c97101694C70022c83D570150c11e935,0x833589fCD6eDb6E08f4c7C32D4f71b54bdA02913,0x940181a94A35A4569E4529A3CDfB74e38FD98631,18,18,6,18721735783787571,193405,0.01872173578378757,0.193405,18721735783980976,763390172446948,87935638383938174467281,87935.63838393817,0.0,0,0,0,nan,0
CL-USDC/POD,0.17687591348943682,0x48C5D4a6677ED59646A9C6465db2562bE4a20AEC,0xE19269EAeA05713Ab3927846A1d465e05937d460,0x833589fCD6eDb6E08f4c7C32D4f71b54bdA02913,0xeD664536023d8E4b1640C394777D34aBAFF1dF8F,0x940181a94A35A4569E4529A3CDfB74e38FD98631,18,6,18,97414869,184172089646624066284,97.414869,184.17208964662407,184172089646721481153,8900907664613238,1025304000410938738676368,1025304.0004109388,0.0,0,0,0,nan,0
CL-USDC/wtSKHY,0.003942944431071488,0x7313B413727eD86b01CcE08c2e2F9E0A8462f5C0,0x77e593C8f308Eda04A6D4da461bFF62Ce14E44FB,0x833589fCD6eDb6E08f4c7C32D4f71b54bdA02913,0xFcD17aC4c4BF6a72c93018096F3fC09e66573Ff9,0x940181a94A35A4569E4529A3CDfB74e38FD98631,18,6,18,5100264,28949862197846908,5.100264,0.02894986219784691,28949862202947172,198421386414964,22856230782474876825129,22856.230782474875,4.678541576592411e-21,106.933826,0,106.933826,213.74182181113463,1788998400
CL-USDC/AAPLc,2.008727746768667,0xA3b1E3f9747065e2073722Ff4c9027d3eA4994F0,0x43021fBbD01b967704aB2379F6e90E2d367042F3,0x833589fCD6eDb6E08f4c7C32D4f71b54bdA02913,0xb200000000000000000000C2e324d24d7eEcd1fb,0x940181a94A35A4569E4529A3CDfB74e38FD98631,18,6,8,548686869,198977962,548.686869,1.98977962,747664831,101090149190202846,11644076086263511439170973,11644076.086263511,0.0,0,0,0,nan,0
CL-USDC/NVDAc,2.0214508218452614,0x853F5f1B92b16714Fe6CDA67CAad0856B83C7ab9,0x30d1E5Af5CE39863E6F69a1F73ffb0e1AC9771A8,0x833589fCD6eDb6E08f4c7C32D4f71b54bdA02913,0xb20000000000000000000078ee7ce2fE4908108C,0x940181a94A35A4569E4529A3CDfB74e38FD98631,18,6,8,566926729,254165485,566.926729,2.54165485,821092214,101717769361574710,11717828467332289642218256,11717828.467332289,0.0,0,0,0,nan,0
CL-USDC/GOOGLc,1.9484808466669106,0xB1987CAD1682841b4b641d50E520777eC5Ab5542,0x225fc4369972420683dA720F6cb39C5547C4a74e,0x833589fCD6eDb6E08f4c7C32D4f71b54bdA02913,0xb2000000000000000000002D0BA3164cc74f58B7,0x940181a94A35A4569E4529A3CDfB74e38FD98631,18,6,8,297378340,108140092,297.37834,1.08140092,405518432,98094146193495009,11294840362370683082867241,11294840.362370683,0.0,0,0,0,nan,0
CL-USDC/METAc,2.0769130113671657,0xEAF57753BC382E0324a1D43F72E7027705a2273E,0x536DF7362915337ddc86C9b57D322905CA819d65,0x833589fCD6eDb6E08f4c7C32D4f71b54bdA02913,0xb2000000000000000000008bC8786B856E61707C,0x940181a94A35A4569E4529A3CDfB74e38FD98631,18,6,8,450191247,58129296,450.191247,0.58129296,508320543,104517308839945662,12039328459425640935254894,12039328.459425641,0.0,0,0,0,nan,0
CL-USDC/TAO,1.3192695137601984,0x99f0364e162A36a77e5d77b5EeB56539563735a3,0xdEBc2aeAb66bCDC35225Fa0C449CD480f47D3C7D,0x833589fCD6eDb6E08f4c7C32D4f71b54bdA02913,0xf3081494B87e8D5fb7960f066E931D1D0e6E3d67,0x940181a94A35A4569E4529A3CDfB74e38FD98631,18,6,18,95810432,459072356550148151,95.810432,0.45907235655014816,459072356645958583,66497099562329355,7647464730460922089310164,7647464.730460921,0.0,0,0,0,nan,0
CL-USDC/MAG7,0.010511770901383582,0xe942B86f5c6d4a780fd673317Ee7E565d25aB7F3,0x017BB6502758eCF478446e97e66831989bd109d6,0x833589fCD6eDb6E08f4c7C32D4f71b54bdA02913,0xCEF8Db49E456f872E288E1C042F916E9ceD7c781,0x940181a94A35A4569E4529A3CDfB74e38FD98631,18,6,18,618968,13750374092455831,0.618968,0.01375037409245583,13750374093074799,528993694023878,60934021732900017867415,60934.02173290002,5.033255525081409e-22,30.66965015525497,0,30.66965015525497,1986.7856797988131,1788998400
CL-WETH/Basecat,1.3808293169213228,0xfbA22a6B7629a2FEC052CC2a6Eddd2C9D6Da5eA5,0x7f015f6607A700291d6dCe512c3e0db842a223F2,0x4200000000000000000000000000000000000006,0xB2000000000000000000004c27f6523082f41D01,0x940181a94A35A4569E4529A3CDfB74e38FD98631,18,18,18,180523100817480835,15368949656424573209317,0.18052310081748082,15368.949656424573,15369130179525390690152,69488779391900859,8004311014391945730627935,8004311.014391946,2.009488454918857e-21,16084.570573000457,0,16084.570573000457,497.63908697867095,1788998400
CL-USDC/AMZNc,1.0978003132820386,0xd03Bc8C7F2FAedCe2aac81bF0444AEA08Ea06E9b,0xE0328A955aa56A45E5C98903cf43F764c33C0567,0x833589fCD6eDb6E08f4c7C32D4f71b54bdA02913,0xb200000000000000000000d9192b6B456483C2E8,0x940181a94A35A4569E4529A3CDfB74e38FD98631,18,6,8,66007116,20981003,66.007116,0.20981003,86988119,55406009809392152,6363664959546210862604312,6363664.959546211,1.6131306857380534e-22,1026.542322,0,1026.542322,6199.125767311726,1788998400
CL-USDC/MSFTc,1.0978000598152364,0x7103eB3c9590d1281f7dc03b2A9EE27C39dF5D54,0x2C2B9AC9Fd5C072000ADD476De7694f44E111104,0x833589fCD6eDb6E08f4c7C32D4f71b54bdA02913,0xB200000000000000000000Ab99cFa739E253872B,0x940181a94A35A4569E4529A3CDfB74e38FD98631,18,6,8,52577419,12834739,52.577419,0.12834739,65412158,55372214007232042,6363663490264604129318690,6363663.490264604,1.0248052619339292e-22,652.151583,0,652.151583,9757.951458142215,1788998400
CL-USDC/MSTRc,1.0947692752596545,0x8b27f626ab668197000BC722A1012022CAeD10E2,0x79C3aeDB356A3884E75cB723DBb96CeE4421C2b5,0x833589fCD6eDb6E08f4c7C32D4f71b54bdA02913,0xb2000000000000000000004884b426556b92883d,0x940181a94A35A4569E4529A3CDfB74e38FD98631,18,6,8,131513580,106712700,131.51358,1.067127,238226280,55132900307941714,6346094814756915411857898,6346094.814756916,9.330947634489166e-23,592.150784,0,592.150784,10717.025099399201,1788998400
CL-USDC/SNDKc,1.0978000598152364,0x5A8236f575471e7BfCA2C8462a200c28f737246E,0x92c488fBC3A6900C953Fac9b7df7d69f7bF6f395,0x833589fCD6eDb6E08f4c7C32D4f71b54bdA02913,0xb200000000000000000000397293Cb8cda9a10c5,0x940181a94A35A4569E4529A3CDfB74e38FD98631,18,6,8,62882539,3506591,62.882539,0.03506591,66389130,55307636642954295,6363663490264604129318690,6363663.490264604,1.3307260280112462e-22,846.829264,0,846.829264,7514.694827863913,1788998400
CL-USDC/SPCXc,1.0978345203091084,0x0bf58fe0FAc935Ac69595c19B12Ba0d75E3F8c0E,0x3eb54a7BCDDFb4DBD56A95e2436Cdf42d8333cDe,0x833589fCD6eDb6E08f4c7C32D4f71b54bdA02913,0xb2000000000000000000007b9fcbd005511aCBd5,0x940181a94A35A4569E4529A3CDfB74e38FD98631,18,6,8,70498026,49281125,70.498026,0.49281125,119779151,55297900225917467,6363863248849739233397663,6363863.248849739,0.0,0,0,0,nan,0
CL-USDC/TSLAc,1.0978335740620115,0x469337fDcc5E8f38e2E4B670B04F57865D13a7BB,0xA7d474C6BA8beA20263805370fb8e3Ddda6cc642,0x833589fCD6eDb6E08f4c7C32D4f71b54bdA02913,0xb2000000000000000000001e800a7f5189430cD0,0x940181a94A35A4569E4529A3CDfB74e38FD98631,18,6,8,65810734,16007534,65.810734,0.16007534,81818268,55310408677736352,6363857763699643549417023,6363857.763699644,0.0,0,0,0,nan,0
CL-wtSPYM/USDC,0.03307650350733664,0x36622e47536a93b03DE0e235c377f13c613b8f8D,0xEA92eA0A4dEA7f143c6b5de0eBE527dB13068e8C,0x31C2C14134e6E3B7ef9478297F199331133Fc2d8,0x833589fCD6eDb6E08f4c7C32D4f71b54bdA02913,0x940181a94A35A4569E4529A3CDfB74e38FD98631,18,18,6,159893568887056894,21209770,0.15989356888705689,21.20977,159893568908266664,2082330607406060,191735950342973276039264,191735.95034297326,0.0,0,0,0,nan,0
CL-WETH/NVDAc,0.01678843251106819,0x20E5fAd2661Ee9Eb0c04824524030AF31943B62D,0x115a146841eafd52D154D7E3c044C4f9A192f101,0x4200000000000000000000000000000000000006,0xb20000000000000000000078ee7ce2fE4908108C,0x940181a94A35A4569E4529A3CDfB74e38FD98631,18,18,8,18681305779890516,23103661,0.018681305779890515,0.23103661,18681305802994177,78357214639264,97318208424434600331437,97318.2084244346,2.8104728626313345e-20,2735.101838167736,0,2735.101838167736,35.581201060370304,1788998400
CL-WETH/GOOGLc,0.009887461822923028,0x25F63549b2Bb9ffF114cDc39e8cfb16B450E2f9b,0x667347Bd1f0add904505a18604a5FCA0aC41d6B2,0x4200000000000000000000000000000000000006,0xb2000000000000000000002D0BA3164cc74f58B7,0x940181a94A35A4569E4529A3CDfB74e38FD98631,18,18,8,12339708476918230,9724824,0.01233970847691823,0.09724824,12339708486643054,102330858279137,57315063204232403751623,57315.06320423241,3.7656601229100306e-20,2158.2904795024597,0,2158.2904795024597,26.55576890532593,1788998400
CL-USDC/LAPTOP,47.087935345563885,0x99cf3E8bfB02c300312c53Aac5D0B082e3D5975C,0x334C37C4133aC56961Ef428696D2D375E89cCA03,0x833589fCD6eDb6E08f4c7C32D4f71b54bdA02913,0xB095274743941e953c746F9C228DA9c18Bb6ec29,0x940181a94A35A4569E4529A3CDfB74e38FD98631,18,6,18,11077121421,13306815132117337891881,11077.121421,13306.815132117337,13306815132128415013302,378027655898545835,272956602899928363248583947,272956602.89992833,8.224645879566288e-23,22449.435411960207,0.27858145286447666,22449.713993413072,12158.578188569174,1788998400
CL-LAPTOP/AAPLc,2.4331567042434568,0xCb4bC943314405c01907Ae910E57AFC2D0549706,0x70ECB8B5131B8f519702D9f39d84E3DFc3aDd178,0xB095274743941e953c746F9C228DA9c18Bb6ec29,0xb200000000000000000000C2e324d24d7eEcd1fb,0x940181a94A35A4569E4529A3CDfB74e38FD98631,18,18,8,1073362291157555674331,276651664,1073.3622911575558,2.76651664,1073362291157832325995,122447353032166238,14104381163444838130528002,14104381.163444838,2.4395758747512636e-25,3.4408708014636185,0,3.4408708014636185,4099073.164108736,1788998400
TOTAL,100.0,,,,,,,,,311871095521111758553551248353511,822079021511761543838735056055,311871095565286.7,822079060920.0059,312693174542623520097389983409566,3017934191061564091,579674179589280655309298096,,6.147542987132377e-22,356346.3084491716,10.885306407956062,356357.1937555796,1626.6661365250031,
