name,vote_pct,address,gauge,token0,token1,emissions_token,emissions_decimals,token0_decimals,token1_decimals,token0_fees_raw,token1_fees_raw,token0_fees,token1_fees,fees_raw,emissions_raw,votes_raw,votes,ratio,tfv,tbv,tvv,votes_per_tvv,rewards_epoch_ts
vAMM-tBTC/USDbC,0.003255700535621037,0x723AEf6543aecE026a15662Be4D3fb3424D502A9,0x50f0249B824033Cf0AF0C8b9fe1c67c2842A34d5,0x236aa50979D5f3De3Bd1Eeb40E81137F22ab794b,0xd9aAEc86B65D86f6A7B5B1b0c42FFA531710b6CA,0x940181a94A35A4569E4529A3CDfB74e38FD98631,18,18,6,1524865009662,281581,1.524865009662e-06,0.281581,1524865291243,155368663360490,21819740157476527485372,21819.740157476528,4.475158423605956e-22,9.764679396662423,0,9.764679396662423,2234.5577638662194,1787788800
vAMM-tBTC/WETH,0.0013765794848257708,0x2722C8f9B5E2aC72D1f225f8e8c990E449ba0078,0xfaE8C18D83655Fbf31af10d2e9A1Ad5bA77D0377,0x236aa50979D5f3De3Bd1Eeb40E81137F22ab794b,0x4200000000000000000000000000000000000006,0x940181a94A35A4569E4529A3CDfB74e38FD98631,18,18,18,0,0,0.0,0.0,0,65693177928003,9225850576973175981120,9225.850576973176,2.8398877199533023e-21,26.200379759670213,0,26.200379759670213,352.12659746155157,1787788800
vAMM-T/WETH,5.916773658210272e-07,0xAf58FDeE432a104a932a899968d60F92838886cd,0xaD3d4aFd779e4A57734557CcE25F87032614fE47,0x26f3901aC8a79c50fb0d8289C74f0d09AdC42E29,0x4200000000000000000000000000000000000006,0x940181a94A35A4569E4529A3CDfB74e38FD98631,18,18,18,3773962984591647123762,3831041239417700,3773.962984591647,0.0038310412394177,3773966815632886541462,0,3965428096970939228,3.9654280969709395,0.0,0,0,0,nan,0
vAMM-EXTRA/USDbC,2.0517408357276213e-05,0x2B7704f1cb9324cD8586B33C6c540CbD64E58237,0xf05a3De3dD6910042f506c6105bC14920C4289B6,0x2dAD3a13ef0C6366220f989157009e501e7938F8,0xd9aAEc86B65D86f6A7B5B1b0c42FFA531710b6CA,0x940181a94A35A4569E4529A3CDfB74e38FD98631,18,18,6,3803925014953742870203,42229308,3803.925014953743,42.229308,3803925014953785099511,0,137507892437412648059,137.50789243741264,0.0,0,0,0,nan,0
sAMM-DOLA/USDbC,0.00033234233263099416,0x0B25c51637c43decd6CC1C1e3da4518D54ddb528,0xeAE066C25106006fB386A3a8b1698A0cB6931c1a,0x4621b7A9c75199271F773Ebd9A499dbd165c3191,0xd9aAEc86B65D86f6A7B5B1b0c42FFA531710b6CA,0x940181a94A35A4569E4529A3CDfB74e38FD98631,18,18,6,0,0,0.0,0.0,0,15860053292380,2227361903220822833221,2227.361903220823,2.1287052739592755e-21,4.741397030402135,0,4.741397030402135,469.7691184557713,1787788800
vAMM-WETH/UNIDX,1.8997526401338763e-05,0xA819Af1CC8AbE618eA8abaDeb464960F7451CEAB,0x98F44CE76BDCaD37f00a98B275631B1D796862fa,0x4200000000000000000000000000000000000006,0x6B4712AE9797C199edd44F897cA09BC57628a1CF,0x940181a94A35A4569E4529A3CDfB74e38FD98631,18,18,18,66824064630132120,226353425106970930750,0.06682406463013212,226.35342510697092,226420249171601062870,0,127321627151110355016,127.32162715111036,0.0,0,0,0,nan,0
vAMM-ERN/stERN,6.487935060015196e-05,0x218F511431194B2C756D67a137DE536beA74E498,0x109Cc0f2640457b2A483C2eef189827750A676bB,0xa334884bF6b0A066d553D19e507315E839409e62,0xf7A0dd3317535eC4f4d29ADF9d620B3d8D5D5069,0x940181a94A35A4569E4529A3CDfB74e38FD98631,18,18,18,238963071307246622,118363806790615403,0.23896307130724662,0.11836380679061541,357326878097862025,0,434822108542330684198,434.8221085423307,0.0,0,0,0,nan,0
sAMM-MAI/USDbC,4.160587996524536e-05,0xf6Aec4F97623E691a9426a69BaF5501509fCa05D,0xC01E2ff20501839db7B28F5Cb3eD2876fEa3d6b1,0xbf1aeA8670D2528E08334083616dD9C5F3B087aE,0xd9aAEc86B65D86f6A7B5B1b0c42FFA531710b6CA,0x940181a94A35A4569E4529A3CDfB74e38FD98631,18,18,6,31235724890461331386,9323418,31.23572489046133,9.323418,31235724890470654804,0,278843056949536182548,278.8430569495362,0.0,0,0,0,nan,0
sAMM-DOLA/MAI,9.842634276589009e-05,0x8b432C54d6e8E1B8D1802753514AB53044Af1861,0xDe23611176b16720346f4Df071D1aA01752c68C1,0x4621b7A9c75199271F773Ebd9A499dbd165c3191,0xbf1aeA8670D2528E08334083616dD9C5F3B087aE,0x940181a94A35A4569E4529A3CDfB74e38FD98631,18,18,18,10703182514482607944,12258004324385394932,10.703182514482608,12.258004324385395,22961186838868002876,0,659654412408287255581,659.6544124082873,0.0,0,0,0,nan,0
vAMM-USDbC/STG,9.035241580627122e-08,0xb680190fB16f417647e69D6A84719aE9c7E5E20a,0x9a8D9F5C698C1F2B0d48a955BC531F2c7D67Af84,0xd9aAEc86B65D86f6A7B5B1b0c42FFA531710b6CA,0xE3B53AF74a4BF62Ae5511055290838050bf764Df,0x940181a94A35A4569E4529A3CDfB74e38FD98631,18,6,18,60493921,320665179907205351292,60.493921,320.66517990720536,320665179907265845213,0,605542866711187967,0.605542866711188,0.0,0,0,0,nan,0
vAMM-WETH/TAROT,0.05836332849548161,0x2d25E0514f23c6367687dE89Bd5167dc754D4934,0xa81dac2e9caa218Fcd039D7CEdEB7847cf362213,0x4200000000000000000000000000000000000006,0xF544251D25f3d243A36B07e7E7962a678f952691,0x940181a94A35A4569E4529A3CDfB74e38FD98631,18,18,18,71821588195224,82748232854282159698,7.1821588195224e-05,82.74823285428216,82748304675870354922,2785216956657989,391151658011425348572625,391151.65801142534,2.632561000023476e-22,102.97305999753986,0,102.97305999753986,3798.5824449692996,1787788800
sAMM-MIM/USDbC,9.035241580627122e-08,0x982A169edFC1cf8Fd38dBeE76735547b23875BD1,0xBb0b5819Fa91076a1D6aaFa0D018E27a416DE029,0x4A3A6Dd60A34bB2Aba60D73B4C88315E9CeB6A3D,0xd9aAEc86B65D86f6A7B5B1b0c42FFA531710b6CA,0x940181a94A35A4569E4529A3CDfB74e38FD98631,18,18,6,2416512788164652441,2464435,2.4165127881646526,2.464435,2416512788167116876,0,605542866711187967,0.605542866711188,0.0,0,0,0,nan,0
vAMM-WETH/HOP,0.010839653355757284,0x75D18ee68bB93BE5cB2dcCFa0d8151E25CBC8Eb8,0xb42A9e58773993ed15A5eED65633e85870185e13,0x4200000000000000000000000000000000000006,0xc5102fE9359FD9a28f877a67E36B0F050d81a3CC,0x940181a94A35A4569E4529A3CDfB74e38FD98631,18,18,18,0,0,0.0,0.0,0,517290344965283,72647473879112681193110,72647.47387911267,4.5990948137405107e-23,3.3411262034877636,0,3.3411262034877636,21743.409094597147,1787788800
sAMM-DAI+/USD+,0.0001733042843780115,0x1b05e4e814b3431a48b8164c41eaC834d9cE2Da6,0x87803Cb321624921cedaAD4555F07Daa0D1Ed325,0x65a2508C429a6078a7BC2f7dF81aB575BD9D9275,0xB79DD08EA68A908A97220C76d19A6aA9cBDE4376,0x940181a94A35A4569E4529A3CDfB74e38FD98631,18,18,6,4223084333663945239,7125776,4.223084333663945,7.125776,4223084333671071015,0,1161487185916595141654,1161.487185916595,0.0,0,0,0,nan,0
sAMM-USD+/USDbC,0.00011720439069597618,0x4a3636608d7Bc5776CB19Eb72cAa36EbB9Ea683B,0xa5972f0C07a2D1cc5A8457c28d88ec4f3C009864,0xB79DD08EA68A908A97220C76d19A6aA9cBDE4376,0xd9aAEc86B65D86f6A7B5B1b0c42FFA531710b6CA,0x940181a94A35A4569E4529A3CDfB74e38FD98631,18,6,6,37904779,18264839,37.904779,18.264839,56169618,0,785505092474278257099,785.5050924742783,0.0,0,0,0,nan,0
vAMM-WETH/DEUS,0.15714093286695333,0x9e4CB8b916289864321661CE02cf66aa5BA63C94,0x7eC1926A50D2D253011cC9891935eBc476713bb1,0x4200000000000000000000000000000000000006,0xDE5ed76E7c05eC5e4572CfC88d1ACEA165109E44,0x940181a94A35A4569E4529A3CDfB74e38FD98631,18,18,18,28397545887927,0,2.8397545887927e-05,0.0,28397545887927,7499086837926663,1053160229494612626661801,1053160.2294946127,4.3059904613800204e-23,45.34897902508595,0,45.34897902508595,23223.460640911675,1787788800
sAMM-DAI/USDbC,1.177561331769876e-06,0x6EAB8c1B93f5799daDf2C687a30230a540DbD636,0xCF1D5Aa63083fda05c7f8871a9fDbfed7bA49060,0x50c5725949A6F0c72E6C4a641F24049A917DB0Cb,0xd9aAEc86B65D86f6A7B5B1b0c42FFA531710b6CA,0x940181a94A35A4569E4529A3CDfB74e38FD98631,18,18,6,22867250792049087640,21998290,22.867250792049088,21.99829,22867250792071085930,0,7892028765418826011,7.892028765418826,0.0,0,0,0,nan,0
vAMM-AERO/USDbC,0.02948035509830825,0x2223F9FE624F69Da4D8256A7bCc9104FBA7F8f75,0x9a202c932453fB3d04003979B121E80e5A14eE7b,0x940181a94A35A4569E4529A3CDfB74e38FD98631,0xd9aAEc86B65D86f6A7B5B1b0c42FFA531710b6CA,0x940181a94A35A4569E4529A3CDfB74e38FD98631,18,18,6,1281760204242042376,3796285,1.2817602042420424,3.796285,1281760204245838661,1419476595325875,197577658312643738555969,197577.65831264373,4.1213114621310494e-21,814.2790678649105,0,814.2790678649105,242.64121001010676,1787788800
vAMM-cbETH/WETH,0.001060068523295403,0x44Ecc644449fC3a9858d2007CaA8CFAa4C561f91,0xDf9D427711CCE46b52fEB6B2a20e4aEaeA12B2b7,0x2Ae3F1Ec7F1F5012CFEab0185bfc7aa3cf0DEc22,0x4200000000000000000000000000000000000006,0x940181a94A35A4569E4529A3CDfB74e38FD98631,18,18,18,3278422026047258,3494083217796766,0.003278422026047258,0.003494083217796766,6772505243844024,50588656876790,7104590693877604240001,7104.590693877604,0.0,0,0,0,nan,0
vAMM-WETH/fBOMB,0.016037862103923786,0x4F9Dc2229f2357B27C22db56cB39582c854Ad6d5,0x76c48576822Cd955C320f5d5A163E738dbFEcc01,0x4200000000000000000000000000000000000006,0x74ccbe53F77b08632ce0CB91D3A545bF6B8E0979,0x940181a94A35A4569E4529A3CDfB74e38FD98631,18,18,18,0,0,0.0,0.0,0,765359594204815,107485925059844018472706,107485.92505984401,0.0,0,0,0,nan,0
vAMM-WETH/WELL,0.0013543307371802402,0xffA3F8737C39e36dec4300B162c2153c67c8352f,0xcEa0a2228145d0fD25dE083e3786ddB1eA184296,0x4200000000000000000000000000000000000006,0xFF8adeC2221f9f4D8dfbAFa6B9a297d17603493D,0x940181a94A35A4569E4529A3CDfB74e38FD98631,18,18,18,0,0,0.0,0.0,0,64631433835172,9076739229924133157917,9076.739229924133,0.0,0,0,0,nan,0
vAMM-USD+/stERN,2.0270599057186943e-07,0x607363389331f4B2D1b955d009506A67c565D75E,0xe5Cf7Ec83BA94c4AdF833d7DCdb800a53f28410E,0xB79DD08EA68A908A97220C76d19A6aA9cBDE4376,0xf7A0dd3317535eC4f4d29ADF9d620B3d8D5D5069,0x940181a94A35A4569E4529A3CDfB74e38FD98631,18,6,18,401403,3043838599867921847,0.401403,3.043838599867922,3043838599868323250,0,1358537738422055515,1.3585377384220554,0.0,0,0,0,nan,0
vAMM-USD+/USDbC,9.035241580627122e-08,0xdC0F1F6eCd03ec1C9FFC2A17BaBAbd313477b20E,0xD2121Cb13A28Ab16Cb0f0F19A665e9a9311F9aBb,0xB79DD08EA68A908A97220C76d19A6aA9cBDE4376,0xd9aAEc86B65D86f6A7B5B1b0c42FFA531710b6CA,0x940181a94A35A4569E4529A3CDfB74e38FD98631,18,6,6,5515,2659,0.005515,0.002659,8174,0,605542866711187967,0.605542866711188,0.0,0,0,0,nan,0
vAMM-USDbC/THALES,0.0002998566908359839,0x5F43555b02507133eCd5b78218283ed849b07Eac,0x2692CC440416B7f8252406D84e9D66f0C48C069E,0xd9aAEc86B65D86f6A7B5B1b0c42FFA531710b6CA,0xf34e0cff046e154CAfCae502C7541b9E5FD8C249,0x940181a94A35A4569E4529A3CDfB74e38FD98631,18,6,18,40060294,209155087965794172250,40.060294,209.15508796579417,209155087965834232544,0,2009642781004082510685,2009.6427810040825,0.0,0,0,0,nan,0
vAMM-WETH/THALES,6.777044373036849e-05,0x3f386Acc3A8E9194cF6279C219DF8DD3C5B71974,0x62052D68A7DBa58079B7D70a40796CAbAab2a95f,0x4200000000000000000000000000000000000006,0xf34e0cff046e154CAfCae502C7541b9E5FD8C249,0x940181a94A35A4569E4529A3CDfB74e38FD98631,18,18,18,2546741783814414,39236288817623306922,0.002546741783814414,39.236288817623304,39238835559407121336,0,454198245930334209316,454.1982459303342,0.0,0,0,0,nan,0
vAMM-EXTRA/WETH,0.05416392344693516,0x84Ff3B6e2046579Fb2f2b891CE18eE10b5fbDbF2,0xE5Ff63862097b32d3ed30551e290D66f1548973F,0x2dAD3a13ef0C6366220f989157009e501e7938F8,0x4200000000000000000000000000000000000006,0x940181a94A35A4569E4529A3CDfB74e38FD98631,18,18,18,77075085806191778555,21540606362068,77.07508580619178,2.1540606362068e-05,77075107346798140623,2584814168276407,363007200014523057334997,363007.20001452306,1.0825329035544352e-22,39.296723824288726,0,39.296723824288726,9237.594503747248,1787788800
vAMM-fBOMB/AERO,2.35589286142046,0xbBf71AAD6E1F8D180D3B1D898528654c1d18b2fF,0x12E45bE50dd4f3Bc430B65d399B1e3b90275661c,0x74ccbe53F77b08632ce0CB91D3A545bF6B8E0979,0x940181a94A35A4569E4529A3CDfB74e38FD98631,0x940181a94A35A4569E4529A3CDfB74e38FD98631,18,18,18,1011149003231795400266,179480705323018841147,1011.1490032317954,179.48070532301884,1190629708554814241413,112439598438206948,15789219405353756856177356,15789219.405353757,2.168999405101205e-22,3424.68074972247,0,3424.68074972247,4610.42081269423,1787788800
vAMM-EURA/USDbC,7.193766051753908e-06,0xA56bE957d432a5d0eDc040B27078d9726f54E7f6,0x275535F82F287073CEEbC653862E4E43868AA65C,0xA61BeB4A3d02decb01039e378237032B351125B4,0xd9aAEc86B65D86f6A7B5B1b0c42FFA531710b6CA,0x940181a94A35A4569E4529A3CDfB74e38FD98631,18,18,6,2680597595285779521,2761983,2.6805975952857795,2.761983,2680597595288541504,0,48212697785180123453,48.212697785180126,0.0,0,0,0,nan,0
vAMM-SONNE/USDbC,0.0019693870428035467,0x554EcA2a48136724294CE47fb7bfE9AADfceE3c6,0x744462994510ccd987F697752bD46d1155F8022F,0x22a2488fE295047Ba13BD8cCCdBC8361DBD8cf7c,0xd9aAEc86B65D86f6A7B5B1b0c42FFA531710b6CA,0x940181a94A35A4569E4529A3CDfB74e38FD98631,18,18,6,13886115659486041833291,4163352,13886.115659486042,4.163352,13886115659486045996643,0,13198853233986864757364,13198.853233986865,0.0,0,0,0,nan,0
sAMM-AERO/USDbC,9.035241580627122e-08,0xB304b47e039E20AFAd75FA2ada6CD8D95a9eea41,0x46110ac9100A027bAec01bf1C211522ce0B02540,0x940181a94A35A4569E4529A3CDfB74e38FD98631,0xd9aAEc86B65D86f6A7B5B1b0c42FFA531710b6CA,0x940181a94A35A4569E4529A3CDfB74e38FD98631,18,18,6,1478337234571718935223,1333938572,1478.337234571719,1333.938572,1478337234573052873795,0,605542866711187967,0.605542866711188,0.0,0,0,0,nan,0
vAMM-EXTRA/AERO,0.00021116847115967887,0x688F778C51dB4D990bF1abaF8d33fD95e48C6641,0x6664867531c0FDd058881153FaBE7D2162833b07,0x2dAD3a13ef0C6366220f989157009e501e7938F8,0x940181a94A35A4569E4529A3CDfB74e38FD98631,0x940181a94A35A4569E4529A3CDfB74e38FD98631,18,18,18,0,0,0.0,0.0,0,10077395089030,1415253374732404479215,1415.2533747324046,1.2499022819620236e-20,17.689284226324872,0,17.689284226324872,80.00625444336805,1787788800
sAMM-DAI+/USDbC,9.035241580627122e-08,0x4f7f293e7B7b6D1cAA1ca48784C5986f3dE5E19c,0x2d8b33A0dc95F0eb9429551eA4d2297729828558,0x65a2508C429a6078a7BC2f7dF81aB575BD9D9275,0xd9aAEc86B65D86f6A7B5B1b0c42FFA531710b6CA,0x940181a94A35A4569E4529A3CDfB74e38FD98631,18,18,6,50433405726722813,35368,0.050433405726722814,0.035368,50433405726758181,0,605542866711187967,0.605542866711188,0.0,0,0,0,nan,0
sAMM-DAI/MAI,1.7520447121674837e-07,0x30A30f266e1173a75985997B2523EcbC19c60fF3,0xc16A2c13d3A62937FB3b0FE03Fa24B0C6161245E,0x50c5725949A6F0c72E6C4a641F24049A917DB0Cb,0xbf1aeA8670D2528E08334083616dD9C5F3B087aE,0x940181a94A35A4569E4529A3CDfB74e38FD98631,18,18,18,11155958481521998911,11332301023467000347,11.155958481522,11.332301023467,22488259504988999258,0,1174222258635433511,1.1742222586354334,0.0,0,0,0,nan,0
sAMM-WETH/USDbC,8.812442574304875e-07,0x44d7Dd237001AeF7fC7D8CB13ab4452f65CE5E40,0x1AF743E6EbF9C4f90aE9A37E6e61Bca31a867676,0x4200000000000000000000000000000000000006,0xd9aAEc86B65D86f6A7B5B1b0c42FFA531710b6CA,0x940181a94A35A4569E4529A3CDfB74e38FD98631,18,18,6,124041823596480305,310306019,0.1240418235964803,310.306019,124041823906786324,0,5906108532409502377,5.906108532409503,0.0,0,0,0,nan,0
vAMM-FREN/WETH,0.0004717849870499384,0x679d601AAA86cd555E8bfD48ddC8b4aaDe2A0F27,0x5C84541A91c4dAF68964197E7ED1c7de79A82Ec3,0x12063CC18A7096D170e5Fc410d8623Ad97ee24B3,0x4200000000000000000000000000000000000006,0x940181a94A35A4569E4529A3CDfB74e38FD98631,18,18,18,7536126267381373714632,19233165757456107,7536.1262673813735,0.019233165757456108,7536145500547131170739,0,3161908079381884072978,3161.908079381884,0.0,0,0,0,nan,0
sAMM-DOLA/USD+,8.321106726107454e-05,0x8E9154AC849e839d60299E85156bcb589De2693A,0x969c70383A95704C6a35497d8C77BF38dc152e63,0x4621b7A9c75199271F773Ebd9A499dbd165c3191,0xB79DD08EA68A908A97220C76d19A6aA9cBDE4376,0x940181a94A35A4569E4529A3CDfB74e38FD98631,18,18,6,0,0,0.0,0.0,0,3971016930956,557681471621163039869,557.681471621163,4.337763832750618e-21,2.419090517793421,0,2.419090517793421,230.53352800119833,1787788800
vAMM-DAI+/USD+,1.8333359471131466e-06,0x3CF04A380e54FA4eD31eA48acb9132EA35e2E8D9,0x18f880A04F8aD0da98414672184146D17fe1d2dA,0x65a2508C429a6078a7BC2f7dF81aB575BD9D9275,0xB79DD08EA68A908A97220C76d19A6aA9cBDE4376,0x940181a94A35A4569E4529A3CDfB74e38FD98631,18,18,6,2863874804654989,4656,0.002863874804654989,0.004656,2863874804659645,0,12287037321059777189,12.287037321059776,0.0,0,0,0,nan,0
sAMM-USDC/USDbC,0.00030900073603347167,0x27a8Afa3Bd49406e48a074350fB7b2020c43B2bD,0x1Cfc45C5221A07DA0DE958098A319a29FbBD66fE,0x833589fCD6eDb6E08f4c7C32D4f71b54bdA02913,0xd9aAEc86B65D86f6A7B5B1b0c42FFA531710b6CA,0x940181a94A35A4569E4529A3CDfB74e38FD98631,18,6,6,0,0,0.0,0.0,0,14746201375078,2070926270690686943037,2070.926270690687,3.5707055845758135e-21,7.394667999999999,0,7.394667999999999,280.05669364610924,1787788800
vAMM-WETH/USDC,0.863979282582562,0xcDAC0d6c6C59727a65F871236188350531885C43,0x519BBD1Dd8C6A94C46080E24f316c14Ee758C025,0x4200000000000000000000000000000000000006,0x833589fCD6eDb6E08f4c7C32D4f71b54bdA02913,0x940181a94A35A4569E4529A3CDfB74e38FD98631,18,18,6,353114851752235731,864669089,0.3531148517522357,864.669089,353114852616904820,40605748928366070,5790398484484212219299739,5790398.484484212,0.0,0,0,0,nan,0
vAMM-USDC/AERO,8.74916803474058,0x6cDcb1C4A4D1C3C6d054b27AC5B77e89eAFb971d,0x4F09bAb2f0E15e2A078A227FE1537665F55b8360,0x833589fCD6eDb6E08f4c7C32D4f71b54bdA02913,0x940181a94A35A4569E4529A3CDfB74e38FD98631,0x940181a94A35A4569E4529A3CDfB74e38FD98631,18,6,18,1480683471,3120948961889096874821,1480.683471,3120.948961889097,3120948961890577558292,416807286757552548,58637018676449996103708814,58637018.67645,0.0,0,0,0,nan,0
sAMM-DAI/USDC,6.62563054621429e-06,0x67b00B46FA4f4F24c03855c5C8013C0B938B3eEc,0x640e9ef68e1353112fF18826c4eDa844E1dC5eD0,0x50c5725949A6F0c72E6C4a641F24049A917DB0Cb,0x833589fCD6eDb6E08f4c7C32D4f71b54bdA02913,0x940181a94A35A4569E4529A3CDfB74e38FD98631,18,18,6,0,0,0.0,0.0,0,316189916668,44405047490111958111,44.405047490111954,0.0,0,0,0,nan,0
vAMM-WETH/USD+,3.4341556130496e-06,0x08B935148AB10d3699Cb8d944519e8213abE6f1D,0x1cb5503Ed87CAf12fa56e67219baC798eb51F5a7,0x4200000000000000000000000000000000000006,0xB79DD08EA68A908A97220C76d19A6aA9cBDE4376,0x940181a94A35A4569E4529A3CDfB74e38FD98631,18,18,6,16497286651561737,154926988,0.01649728665156174,154.926988,16497286806488725,0,23015748014056261285,23.01574801405626,0.0,0,0,0,nan,0
vAMM-WETH/AAG,0.00010770300901267567,0x6689a0582BAfcC286A81dc38D76e0470AcD17275,0xd962615116fAf0d2A9DB99310Db8126CF700ec1b,0x4200000000000000000000000000000000000006,0x96e890c6b2501a69cAD5Dba402BFB871a2A2874C,0x940181a94A35A4569E4529A3CDfB74e38FD98631,18,18,18,3615336025269596,37250172896660853802083,0.003615336025269596,37250.17289666086,37250176511996879071679,0,721826729799844593836,721.8267297998447,0.0,0,0,0,nan,0
sAMM-USD+/MAI,4.330770405947213e-05,0x3FF5bfE3ff5e1877664Fe25862871554e632b9C9,0xC8a2a224aA2Ff37435Ef49903fC6a4e5CA741645,0xB79DD08EA68A908A97220C76d19A6aA9cBDE4376,0xbf1aeA8670D2528E08334083616dD9C5F3B087aE,0x940181a94A35A4569E4529A3CDfB74e38FD98631,18,6,18,7810427,1346240841088372441,7.810427,1.3462408410883724,1346240841096182868,0,290248700411973884605,290.2487004119739,0.0,0,0,0,nan,0
vAMM-OVN/USD+,0.006097703255198508,0x61366A4e6b1DB1b85DD701f2f4BFa275EF271197,0x00B2149d89677a5069eD4D303941614A33700146,0xA3d1a8DEB97B111454B294E2324EfAD13a9d8396,0xB79DD08EA68A908A97220C76d19A6aA9cBDE4376,0x940181a94A35A4569E4529A3CDfB74e38FD98631,18,18,6,0,0,0.0,0.0,0,291069360692978,40866873083107561883781,40866.873083107566,8.312394074281387e-22,33.97015536504328,0,33.97015536504328,1203.022848849296,1787788800
sAMM-cbETH/WETH,3.026725273244342e-07,0x9E8bfEB5c73F3f897BebdB49CC4161FecE0B0c55,0x00Aa4579C145FeA0b1EE133D6f792b7edEe1A6F4,0x2Ae3F1Ec7F1F5012CFEab0185bfc7aa3cf0DEc22,0x4200000000000000000000000000000000000006,0x940181a94A35A4569E4529A3CDfB74e38FD98631,18,18,18,0,0,0.0,0.0,0,14444215462,2028514547566054218,2.028514547566054,2.0640761618627055e-20,0.04187008521622804,0,0.04187008521622804,48.44782467220394,1787788800
vAMM-AERO/DOG,0.0007033699956126252,0x656D48D3F337c6b3cD2ED8471B135fF54b1F96Ad,0xDcC24121BAe131F952B09A08E65b95642F093794,0x940181a94A35A4569E4529A3CDfB74e38FD98631,0x9E53e88dCff56d3062510A745952DEC4cEFDff9E,0x940181a94A35A4569E4529A3CDfB74e38FD98631,18,18,18,221017529946864131020,903765662954726616027386,221.01752994686413,903765.6629547266,903986680484673480158406,0,4713993308326597849420,4713.993308326598,0.0,0,0,0,nan,0
vAMM-tBTC/T,1.3290960145147582e-05,0xfd8aA87c97D32345BFe4F753ACf25729008331C9,0x76BB14cc51d409987Ea34a158Ba51643F81BB82e,0x236aa50979D5f3De3Bd1Eeb40E81137F22ab794b,0x26f3901aC8a79c50fb0d8289C74f0d09AdC42E29,0x940181a94A35A4569E4529A3CDfB74e38FD98631,18,18,18,206959568876039,1773625916897798216890,0.000206959568876039,1773.625916897798,1773626123857367092929,0,89076158460371774978,89.07615846037179,0.0,0,0,0,nan,0
vAMM-SONNE/USDC,5.236623772838609e-05,0x4cC2FeFB2635C86b1bae1b58E0f60Fb43E95e264,0xCbfeaED3dd9310406c046FB496C7E77f7571a808,0x22a2488fE295047Ba13BD8cCCdBC8361DBD8cf7c,0x833589fCD6eDb6E08f4c7C32D4f71b54bdA02913,0x940181a94A35A4569E4529A3CDfB74e38FD98631,18,18,6,70727670076095065092281,20716579,70727.67007609506,20.716579,70727670076095085808860,0,350959090910389825098,350.9590909103898,0.0,0,0,0,nan,0
vAMM-cbETH/AERO,6.753997632121522e-08,0x325a5FC7a92d3166ffabe7233c992143CF5EDd2c,0x93c2EE357213Fa873A49Ad8d453007417D7aE399,0x2Ae3F1Ec7F1F5012CFEab0185bfc7aa3cf0DEc22,0x940181a94A35A4569E4529A3CDfB74e38FD98631,0x940181a94A35A4569E4529A3CDfB74e38FD98631,18,18,18,803173166073457,3480317639500664683,0.000803173166073457,3.4803176395006648,3481120812666738140,0,452653650864703704,0.45265365086470366,0.0,0,0,0,nan,0
vAMM-AERO/TAROT,0.04985162607556992,0x7810F8f3253ced11e8c56C6C8497f3134055D44C,0x65B4A4b9813E37DA640bbEf8AbDD8E47100bE5f8,0x940181a94A35A4569E4529A3CDfB74e38FD98631,0xF544251D25f3d243A36B07e7E7962a678f952691,0x940181a94A35A4569E4529A3CDfB74e38FD98631,18,18,18,222835479278896863,35209466254382570756,0.22283547927889685,35.20946625438257,35432301733661467619,2379032000634659,334106136450637893648566,334106.1364506379,9.260925627810406e-22,309.41320814644325,0,309.41320814644325,1079.8056697453835,1787788800
vAMM-tBTC/USDC,0.00018060462570669003,0x323121CD6F6274c9aeB9f87e0664C8FDa5d343A5,0x434a8eEA016357bE462Eb6adE1b99F9f9F5Ff2c3,0x236aa50979D5f3De3Bd1Eeb40E81137F22ab794b,0x833589fCD6eDb6E08f4c7C32D4f71b54bdA02913,0x940181a94A35A4569E4529A3CDfB74e38FD98631,18,18,6,0,0,0.0,0.0,0,8618918510678,1210414152358939358862,1210.4141523589394,3.6916115547937395e-23,0.0446837887093413,0,0.0446837887093413,27088.440513234684,1787788800
vAMM-WETH/JARVIS,0.006827312132602076,0xeff0891e5a1bd47a8F1e77ABebfEE4145974D088,0xf460124c6146800c6C061A6fC40C14677523BC90,0x4200000000000000000000000000000000000006,0x777b2839832982B35213063d850848369390EE16,0x940181a94A35A4569E4529A3CDfB74e38FD98631,18,18,18,4969391177,0,4.969391177e-09,0.0,4969391177,325814786903919,45756719660626777895898,45756.71966062678,1.9044289802597398e-22,8.714042296331824,0,8.714042296331824,5250.917783574228,1787788800
vAMM-cbETH/USDC,3.767865733547966e-05,0xa1d2ee6212D4375F154393E59895A5D27859C4e4,0x1a3FD3c084E5680655768b41Da653ca6e84b5981,0x2Ae3F1Ec7F1F5012CFEab0185bfc7aa3cf0DEc22,0x833589fCD6eDb6E08f4c7C32D4f71b54bdA02913,0x940181a94A35A4569E4529A3CDfB74e38FD98631,18,18,6,33449197022719691,92275630,0.033449197022719694,92.27563,33449197114995321,0,252522768463389149031,252.52276846338916,0.0,0,0,0,nan,0
sAMM-USDC/MAI,0.23057796251656307,0x2a1463CeBE85315224c536AfD389b381B43F3206,0x9280df579CeA690cAf5c31601cb71564Bb6FA6B7,0x833589fCD6eDb6E08f4c7C32D4f71b54bdA02913,0xbf1aeA8670D2528E08334083616dD9C5F3B087aE,0x940181a94A35A4569E4529A3CDfB74e38FD98631,18,6,18,652682,3714816230166610676,0.652682,3.7148162301666106,3714816230167263358,11003775022440683,1545335995465583693953605,1545335.9954655836,3.655536042385023e-23,56.490314290193794,0,56.490314290193794,27355.769124014947,1787788800
vAMM-MST/WETH,4.00474088139444e-06,0x52E9cC1aD755347BDF666ddf6Ad88EdfFe76fe68,0x44283e26C3610f7a6f93fe37ab80aA6Fca57839E,0x2F3b1A07E3eFb1fCc64BD09b86bD0Fa885D93552,0x4200000000000000000000000000000000000006,0x940181a94A35A4569E4529A3CDfB74e38FD98631,18,18,18,2080870484642075729318,2759362703926278,2080.8704846420756,0.002759362703926278,2080873244004779655596,0,26839816645907110505,26.839816645907113,0.0,0,0,0,nan,0
vAMM-oBMX/USDC,8.220195857727581e-07,0xA8D5DB293917EA106A5fc4dA5A25340e8b428966,0x432146f6A9E1297C88268a1E67ddBFAC804bE6C2,0x3Ff7AB26F2dfD482C40bDaDfC0e88D01BFf79713,0x833589fCD6eDb6E08f4c7C32D4f71b54bdA02913,0x940181a94A35A4569E4529A3CDfB74e38FD98631,18,18,6,9026808799603607845,5599020,9.026808799603607,5.59902,9026808799609206865,0,5509184143220550715,5.50918414322055,0.0,0,0,0,nan,0
sAMM-eUSD/USDbC,1.5108600798825477e-06,0x5BfB340FA9305abB164Fb0248D0D82FC3D82C3bb,0x1457Da0dcBe22249408BB2D1e24Bd2f1484d7620,0xCfA3Ef56d303AE4fAabA0592388F19d7C3399FB4,0xd9aAEc86B65D86f6A7B5B1b0c42FFA531710b6CA,0x940181a94A35A4569E4529A3CDfB74e38FD98631,18,18,6,10918532710555958847,11409423,10.918532710555958,11.409423,10918532710567368270,0,10125800575528955765,10.125800575528956,0.0,0,0,0,nan,0
vAMM-hyUSD/eUSD,0.0004845262520167909,0xb5E331615FdbA7DF49e05CdEACEb14Acdd5091c3,0x025137c819298654162de2609f407514De4bb027,0xCc7FF230365bD730eE4B352cC2492CEdAC49383e,0xCfA3Ef56d303AE4fAabA0592388F19d7C3399FB4,0x940181a94A35A4569E4529A3CDfB74e38FD98631,18,18,18,0,10971896852211,0.0,1.0971896852211e-05,10971896852211,23122689351839,3247300174819570988135,3247.300174819571,0.0,0,0,0,nan,0
sAMM-LUSD/USDbC,2.6645994948181923e-06,0x8c7D15fCB443e07C5dc980901A6281f96D87C10F,0xe69e310cE7dBC2F43A8671e140d435c0128a725E,0x368181499736d0c0CC614DBB145E2EC1AC86b8c6,0xd9aAEc86B65D86f6A7B5B1b0c42FFA531710b6CA,0x940181a94A35A4569E4529A3CDfB74e38FD98631,18,18,6,5442986603090874953,4923923,5.442986603090875,4.923923,5442986603095798876,0,17858174597002851894,17.85817459700285,0.0,0,0,0,nan,0
vAMM-WETH/VELA,0.0003558103638801166,0x951FdfA193D92C74c9e35Ea8C8C757CBCBB85147,0xA0eBBC0F5AdCc34E7ca3Ea5BaC654C00817B8F0B,0x4200000000000000000000000000000000000006,0x5A76A56ad937335168b30dF3AA1327277421C6Ae,0x940181a94A35A4569E4529A3CDfB74e38FD98631,18,18,18,7036090172747505,4069652919494529954337,0.007036090172747505,4069.65291949453,4069659955584702701842,0,2384644902151715785546,2384.644902151716,0.0,0,0,0,nan,0
vAMM-WETH/OVN,2.369589649478282e-09,0xBE0aBf47Dd240d84941024433724004F0C92CDe5,0xc641c66daB86250414628aB98848A4762d288650,0x4200000000000000000000000000000000000006,0xA3d1a8DEB97B111454B294E2324EfAD13a9d8396,0x940181a94A35A4569E4529A3CDfB74e38FD98631,18,18,18,2133318983493169,7542896553401086499,0.002133318983493169,7.542896553401087,7545029872384579668,0,15881015426868585,0.015881015426868584,0.0,0,0,0,nan,0
sAMM-WETH/USDC,0.0005204800793229262,0x3548029694fbB241D45FB24Ba0cd9c9d4E745f16,0xaeBA79D1108788E5754Eb30aaC64EB868a3247FC,0x4200000000000000000000000000000000000006,0x833589fCD6eDb6E08f4c7C32D4f71b54bdA02913,0x940181a94A35A4569E4529A3CDfB74e38FD98631,18,18,6,0,0,0.0,0.0,0,24838487363503,3488263113794856522469,3488.2631137948565,2.254186771630833e-21,7.863196567084145,0,7.863196567084145,443.61896386985336,1787788800
vAMM-SEAM/WETH,3.25526812948335e-05,0x1B00a1aFE48aDB8D8C76b854da22a70011446481,0x8362A202E02f1B5DD75d86E9B6A4Ddf3FbAe37E4,0x1C7a460413dD4e964f96D8dFC56E7223cE88CD85,0x4200000000000000000000000000000000000006,0x940181a94A35A4569E4529A3CDfB74e38FD98631,18,18,18,352127943126439707723,24703136895324116,352.12794312643973,0.024703136895324117,352152646263335031839,0,218168421668709422546,218.16842166870944,0.0,0,0,0,nan,0
vAMM-SEAM/USDC,0.000830539353292509,0xB0d931138BF96501654f2268Cdd84420151fF52e,0xfbE95C0DcE6a5A9D61068281523A1DA37F332bd3,0x1C7a460413dD4e964f96D8dFC56E7223cE88CD85,0x833589fCD6eDb6E08f4c7C32D4f71b54bdA02913,0x940181a94A35A4569E4529A3CDfB74e38FD98631,18,18,6,0,0,0.0,0.0,0,39635231739498,5566283717167578615590,5566.283717167579,0.0,0,0,0,nan,0
vAMM-SEAM/USDbC,5.073154733706035e-05,0x42e8dC1b1891C103291Ec01D903451E729DaAACc,0xf2669b18Eb18052A6fa7aA87294C629e3B158c1D,0x1C7a460413dD4e964f96D8dFC56E7223cE88CD85,0xd9aAEc86B65D86f6A7B5B1b0c42FFA531710b6CA,0x940181a94A35A4569E4529A3CDfB74e38FD98631,18,18,6,0,0,0.0,0.0,0,2421025117276,340003378249966243386,340.0033782499662,0.0,0,0,0,nan,0
sAMM-DOLA/USDC,0.003952570082653737,0xf213F2D02837012dC0236cC105061e121bB03e37,0xCCff5627cd544b4cBb7d048139C1A6b6Bde67885,0x4621b7A9c75199271F773Ebd9A499dbd165c3191,0x833589fCD6eDb6E08f4c7C32D4f71b54bdA02913,0x940181a94A35A4569E4529A3CDfB74e38FD98631,18,18,6,0,0,0.0,0.0,0,188625657016181,26490167389203289235461,26490.16738920329,7.616993922692082e-22,20.17754440146574,0,20.17754440146574,1312.8538766728714,1787788800
sAMM-eUSD/USDC,0.04753998103233562,0x7A034374C89C463DD65D8C9BCfe63BcBCED41f4F,0x793F22aB88dC91793E5Ce6ADbd7E733B0BD4733e,0x833589fCD6eDb6E08f4c7C32D4f71b54bdA02913,0xCfA3Ef56d303AE4fAabA0592388F19d7C3399FB4,0x940181a94A35A4569E4529A3CDfB74e38FD98631,18,6,18,680,341407164575922,0.00068,0.000341407164575922,341407164576602,2268730498532969,318613466400728179531997,318613.4664007282,2.0557898290491926e-23,6.550023236247236,0,6.550023236247236,48643.1047507664,1787788800
sAMM-LUSD/USDC,0.0002834680761960351,0xf53B7Af40BE75043eeBa493C622F4f56b3C27A31,0xA8C37a644bDf3297C6E19A48150aF3b7069294FC,0x368181499736d0c0CC614DBB145E2EC1AC86b8c6,0x833589fCD6eDb6E08f4c7C32D4f71b54bdA02913,0x940181a94A35A4569E4529A3CDfB74e38FD98631,18,18,6,45113467039971475049,44959263,45.113467039971475,44.959263,45113467040016434312,0,1899806108659005806540,1899.8061086590058,0.0,0,0,0,nan,0
vAMM-USDC/YFX,2.627222787835749e-05,0x8f24dD646e2ae3615767EbdCCc6691C54C41793F,0x32cD891Fa6c52BD324b9ef1B35F2e6E948eEEaf3,0x833589fCD6eDb6E08f4c7C32D4f71b54bdA02913,0x8901cB2e82CC95c01e42206F8d1F417FE53e7Af0,0x940181a94A35A4569E4529A3CDfB74e38FD98631,18,6,18,2721260369,651434026860101513092,2721.260369,651.4340268601015,651434026862822773461,0,176076755030671500000,176.07675503067148,0.0,0,0,0,nan,0
vAMM-EXTRA/USDC,1.786267913757071e-06,0x68B41faC96b9A6E6dC6219D13834BdE39c22424d,0xA7A488EdcE2cd50255068B7ECE4Db4C8e6E9a010,0x2dAD3a13ef0C6366220f989157009e501e7938F8,0x833589fCD6eDb6E08f4c7C32D4f71b54bdA02913,0x940181a94A35A4569E4529A3CDfB74e38FD98631,18,18,6,19491958982878561896,670225,19.49195898287856,0.670225,19491958982879232121,0,11971586853083275271,11.971586853083275,0.0,0,0,0,nan,0
vAMM-USDC/MTA,8.349327033851759e-05,0x1307f36BC34081401497A873522570AebA4CdE90,0x350545d8d440FfabaC5f38dC2b6a917a0DfDDbB5,0x833589fCD6eDb6E08f4c7C32D4f71b54bdA02913,0xba7D47f471ADD16875e765edEe0858C3413A56Fd,0x940181a94A35A4569E4529A3CDfB74e38FD98631,18,6,18,10818610,497270631268087155762,10.81861,497.27063126808713,497270631268097974372,0,559572799694515075401,559.5727996945151,0.0,0,0,0,nan,0
sAMM-USDC/USD+,2.046631769225686e-06,0x418457Ca08fA5EC77f811B105F2c585cd051Ac10,0x9701A079C6e80D91CE4c464C4a996237A27FE537,0x833589fCD6eDb6E08f4c7C32D4f71b54bdA02913,0xB79DD08EA68A908A97220C76d19A6aA9cBDE4376,0x940181a94A35A4569E4529A3CDfB74e38FD98631,18,6,6,0,0,0.0,0.0,0,97670580902,13716548224857680124,13.71654822485768,0.0,0,0,0,nan,1787788800
vAMM-SNX/USDC,0.0008778150864207475,0xcC79bfA7a3212d94390c358E88afcD39294549ca,0xe8cDa9cD77E847a283766E7122452c9155fd094f,0x22e6966B799c4D5B13BE962E1D117b56327FDa66,0x833589fCD6eDb6E08f4c7C32D4f71b54bdA02913,0x940181a94A35A4569E4529A3CDfB74e38FD98631,18,18,6,1041537781698988659,347811,1.0415377816989886,0.347811,1041537781699336470,41891614654407,5883126191260669341893,5883.12619126067,2.15785118028429e-21,12.694910795573255,0,12.694910795573255,463.4239882419756,1787788800
vAMM-USDC/DEUS,0.014741003976391085,0xf185f82A1948d014baE23d30b06FA8Da35110315,0xC5170E37875cfD19872692E1086C49F205b5Fca6,0x833589fCD6eDb6E08f4c7C32D4f71b54bdA02913,0xDE5ed76E7c05eC5e4572CfC88d1ACEA165109E44,0x940181a94A35A4569E4529A3CDfB74e38FD98631,18,6,18,659334,0,0.659334,0.0,659334,703478976097350,98794367880590956761796,98794.36788059096,1.736740911239087e-22,17.158022049822712,0,17.158022049822712,5757.911232059046,1787788800
vAMM-WETH/NPC,0.007259317881606983,0x5E14319D52c9C18a04BFBBE12dd3a0FE3C1A816a,0xd1D3cbD443443d6cfee567C5A85B94Df633CdCAB,0x4200000000000000000000000000000000000006,0xB166E8B140D35D9D8226E40C09f757BAC5A4d87d,0x940181a94A35A4569E4529A3CDfB74e38FD98631,18,18,18,9355083254492239,810820942992243733818,0.009355083254492238,810.8209429922438,810830298075498226057,146594903737862,48652026856939601928825,48652.02685693961,1.1705157683597633e-20,568.5609438682736,0.9187021188312926,569.479645987105,85.43242449448537,1787788800
vAMM-SEAM/AERO,0.0007200389977328299,0xB77d96D27E0D3C0C04d02771d564A6E242992af0,0x0C6612326e1b28Ad3F20C62F8aef1dB88e0C293c,0x1C7a460413dD4e964f96D8dFC56E7223cE88CD85,0x940181a94A35A4569E4529A3CDfB74e38FD98631,0x940181a94A35A4569E4529A3CDfB74e38FD98631,18,18,18,802830542785840551390,205289323450358500326,802.8305427858405,205.2893234503585,1008119866236199051716,0,4825709140593066127251,4825.709140593067,0.0,0,0,0,nan,0
sAMM-WETH/AERO,0.00025052743757571965,0x80aBe24A3ef1fc593aC5Da960F232ca23B2069d0,0x3d2a91023E9C815Ba14335cd9650AE9A518b6D63,0x4200000000000000000000000000000000000006,0x940181a94A35A4569E4529A3CDfB74e38FD98631,0x940181a94A35A4569E4529A3CDfB74e38FD98631,18,18,18,749036350323808414,2257143393650018289686,0.7490363503238084,2257.1433936500184,2257892430000342098100,0,1679037592804240923328,1679.0375928042408,0.0,0,0,0,nan,0
sAMM-USDC+/USD+,1.1961165137838497e-06,0xE96c788E66a97Cf455f46C5b27786191fD3bC50B,0x526b3D92fF55263dd24E3e14ccD0f5c2Dab81d3b,0x85483696Cc9970Ad9EdD786b2C5ef735F38D156f,0xB79DD08EA68A908A97220C76d19A6aA9cBDE4376,0x940181a94A35A4569E4529A3CDfB74e38FD98631,18,6,6,46364699,56374735,46.364699,56.374735,102739434,0,8016385795707657231,8.016385795707658,0.0,0,0,0,nan,0
vAMM-wBaseDOGE/WETH,0.0009876817532887842,0x9D933f0AF9dc01A6f9e5D2e6dcB25B6D0837EA81,0x67d128F56EBacE1341f17e0BD20e0653034F7cCb,0x373504DA48418C67E6FCD071F33Cb0b3B47613C7,0x4200000000000000000000000000000000000006,0x940181a94A35A4569E4529A3CDfB74e38FD98631,18,18,18,681230486033229580342290782,33899086612812570,681230486.0332296,0.03389908661281257,681230486067128666955103352,0,6619453779378755117457,6619.453779378755,0.0,0,0,0,nan,0
sAMM-MAI/eUSD,1.9747237481192263e-06,0x413d78628d688edcdE29518199A3A3DB955068EC,0x2cC76EF706B2fC694F86c633b880a6dde81687F1,0xbf1aeA8670D2528E08334083616dD9C5F3B087aE,0xCfA3Ef56d303AE4fAabA0592388F19d7C3399FB4,0x940181a94A35A4569E4529A3CDfB74e38FD98631,18,18,18,1375082049936378558640,718602490461480631817,1375.0820499363786,718.6024904614807,2093684540397859190457,0,13234619890659094483,13.234619890659095,0.0,0,0,0,nan,0
vAMM-WETH/TKN,0.006105283890998442,0x1a9f461a371559f82976fa18C46A6A0d29f131d0,0xe157D5a0C9a533ebbdEaDb43633ce76d61816778,0x4200000000000000000000000000000000000006,0x78b3C724A2F663D11373C4a1978689271895256f,0x940181a94A35A4569E4529A3CDfB74e38FD98631,18,18,18,2984957512849,34281862688514734934,2.984957512849e-06,34.281862688514735,34281865673472247783,291360047806405,40917678586123970027304,40917.67858612397,7.272584020762684e-22,29.757725545214864,0,29.757725545214864,1375.0270841080346,1787788800
vAMM-WETH/TOSHI,6.33769633193486e-05,0x081E4455d91726212D1fa9AfFeE80637D1f7bE8E,0x3356d4D0D25B033d28f566c9D62d4D8112F4BC29,0x4200000000000000000000000000000000000006,0xAC1Bd2486aAf3B5C0fc3Fd868558b082a531B2B4,0x940181a94A35A4569E4529A3CDfB74e38FD98631,18,18,18,27756935054137216,147186774494226004707518,0.027756935054137215,147186.774494226,147186802251161058844734,0,424753092757752782095,424.75309275775277,0.0,0,0,0,nan,0
vAMM-WETH/BETS,1.726508211853288e-07,0xb7A0B6322834014F95841e643Dffa7Bb9b9Dc0ED,0xCa311e2460EaB52b3f2008B5cDeF0486556Bafb3,0x4200000000000000000000000000000000000006,0x94025780a1aB58868D9B2dBBB775f44b32e8E6e5,0x940181a94A35A4569E4529A3CDfB74e38FD98631,18,18,18,27887102552070048,730685223347427068961118,0.027887102552070046,730685.2233474271,730685251234529621031166,0,1157107668540593198,1.1571076685405932,0.0,0,0,0,nan,0
vAMM-AERO/ZOOMER,0.0011116092423761941,0x45D8c7BF5be7c99D39cDC724f60497BD79546458,0xaCF2c5e2c6e54b0AE44DaeF6C12136bCEab88d07,0x940181a94A35A4569E4529A3CDfB74e38FD98631,0xD1dB4851bcF5B41442cAA32025Ce0Afe6B8EabC2,0x940181a94A35A4569E4529A3CDfB74e38FD98631,18,18,18,93773763089949785838,42769008598680219158059008,93.77376308994978,42769008.59868022,42769102372443309107844846,0,7450017149894643817725,7450.017149894644,0.0,0,0,0,nan,0
vAMM-AERO/DOG,1.51090038141883e-08,0xa99e526aB91d3E5d5bAC58551D1a27C8a253591c,0xeC4C5DAD3bac5399fb0FF04C95D02dC15a3472CD,0x940181a94A35A4569E4529A3CDfB74e38FD98631,0xAfb89a09D82FBDE58f18Ac6437B3fC81724e4dF6,0x940181a94A35A4569E4529A3CDfB74e38FD98631,18,18,18,18937701264435847306,11887242084669523806129,18.937701264435848,11887.242084669524,11906179785933959653435,0,101260706768604499,0.10126070676860449,0.0,0,0,0,nan,0
vAMM-WETH/WELS,0.0003261337914570228,0xCaedc2561356B6a01a94E3C0438011459E91FBb9,0xdE41799DE5fB357f501dd9386ACee424E816f7a6,0x4200000000000000000000000000000000000006,0x7F62ac1e974D65Fab4A81821CA6AF659A5F46298,0x940181a94A35A4569E4529A3CDfB74e38FD98631,18,18,18,0,0,0.0,0.0,0,15563959436141,2185752193208839526034,2185.7521932088393,2.831279742930004e-20,61.88475907697015,0,61.88475907697015,35.319717258497775,1787788800
vAMM-WETH/axlOP,0.04971636736049019,0x6a071315B5Ae7da81CA56901ff13893F84776c7B,0xf2B43787C9F841B69567Df52DD6669F4D6De293f,0x4200000000000000000000000000000000000006,0x994ac01750047B9d35431a7Ae4Ed312ee955E030,0x940181a94A35A4569E4529A3CDfB74e38FD98631,18,18,18,11534557464755962,61325385946764082151,0.011534557464755962,61.32538594676408,61336920504228838113,0,333199631081122755627915,333199.6310811228,0.0,0,0,0,nan,0
vAMM-wBaseDOGE/AERO,0.0032560364286069008,0xDab27FB1923FC017e941D837040add59b9aFF9fD,0xEacFC84B210f27CC5999191a55BA39cb4E4c8902,0x373504DA48418C67E6FCD071F33Cb0b3B47613C7,0x940181a94A35A4569E4529A3CDfB74e38FD98631,0x940181a94A35A4569E4529A3CDfB74e38FD98631,18,18,18,130840145868000149236549662,24792506855132662399,130840145.86800015,24.79250685513266,130840170660507004369212061,0,21821991315896067800782,21821.99131589607,0.0,0,0,0,nan,0
vAMM-WETH/AYB,5.732821792942199e-05,0x35D057C5c0Af0caE0Db29946872B486aFC1E0e17,0x521221892F5398B45d3A1a843f01FdeCED76BBB6,0x4200000000000000000000000000000000000006,0x7ED613AB8b2b4c6A781DDC97eA98a666c6437511,0x940181a94A35A4569E4529A3CDfB74e38FD98631,18,18,18,20921426724269732,68321883704667333591339328,0.02092142672426973,68321883.70466733,68321883725588760315609060,0,384214335816535254588,384.21433581653525,0.0,0,0,0,nan,0
vAMM-BMX/USDC,0.0019024343855616583,0x2F48C208d7Bd2b4Ff6Da005A9427eF38F035b2d8,0x7062ADe77b3b2894cBc5bCa78d5E784214B1A390,0x548f93779fBC992010C07467cBaf329DD5F059B7,0x833589fCD6eDb6E08f4c7C32D4f71b54bdA02913,0x940181a94A35A4569E4529A3CDfB74e38FD98631,18,18,6,0,0,0.0,0.0,0,90789740300659,12750135801935972511341,12750.135801935972,7.488805227152214e-20,954.8328364043869,0,954.8328364043869,13.353264902314365,1787788800
vAMM-WETH/doginme,0.2310692759101898,0x139E9f235588A9720e7Eab045da29dC781c4b658,0x666c383e4EAb3328660A85d1C41FFDce9D85D8eE,0x4200000000000000000000000000000000000006,0x6921B130D297cc43754afba22e5EAc0FBf8Db75b,0x940181a94A35A4569E4529A3CDfB74e38FD98631,18,18,18,12258378425622833,188690212149707491851549,0.012258378425622832,188690.21214970748,188690224408085917474382,11375394916339770,1548628783136787114816794,1548628.783136787,0.0,0,0,0,nan,0
vAMM-DEGEN/USDC,2.01758947172731e-06,0x637ad8d2611d3efE2ef41fdBb40b9F21AbAF9585,0xF2478BEB6030CbA9069cD471c6C653B34dD7c093,0x4ed4E862860beD51a9570b96d89aF5E1B0Efefed,0x833589fCD6eDb6E08f4c7C32D4f71b54bdA02913,0x940181a94A35A4569E4529A3CDfB74e38FD98631,18,18,6,253610558297452034305750,464528072,253610.55829745202,464.528072,253610558297452498833822,0,13521906433311636055,13.521906433311635,0.0,0,0,0,nan,0
vAMM-AERO/TOSHI,0.0013716038448501847,0x4660Ff55A4Db144734AE76550Ee3093e0BA7F8D1,0xDA58433E3eE06c5CCC27D9E2794aC9CE54576A2c,0x940181a94A35A4569E4529A3CDfB74e38FD98631,0xAC1Bd2486aAf3B5C0fc3Fd868558b082a531B2B4,0x940181a94A35A4569E4529A3CDfB74e38FD98631,18,18,18,0,0,0.0,0.0,0,65457010454006,9192503784110443721243,9192.503784110444,0.0,0,0,0,nan,0
vAMM-WETH/FARM,5.627712283933358e-05,0x5A5Fb78963938B4855BF257b186e1c4daFC9f482,0x47B8a299407Ee3b2B1cd9D98846E1D67c8817a20,0x4200000000000000000000000000000000000006,0xD08a2917653d4E460893203471f0000826fb4034,0x940181a94A35A4569E4529A3CDfB74e38FD98631,18,18,18,148143415496750421,28035406367096225943,0.14814341549675042,28.035406367096225,28183549782592976364,0,377169885168941075875,377.16988516894105,0.0,0,0,0,nan,0
vAMM-wBaseDOGE/DOG,2.1049168741779777e-09,0x2d9Fef5A2EF3A66b8b458C547F8D6F4af4C413Ad,0xA53FdF59E0Ecd1adC7e41c161b54aE3D32B2f0a5,0x373504DA48418C67E6FCD071F33Cb0b3B47613C7,0xAfb89a09D82FBDE58f18Ac6437B3fC81724e4dF6,0x940181a94A35A4569E4529A3CDfB74e38FD98631,18,18,18,265049724023703167596204,54294675846295320050,265049.7240237032,54.29467584629532,265104018699549462916254,0,14107175627837684,0.014107175627837684,0.0,0,0,0,nan,0
sAMM-USDC/STAR,0.00012831242234967504,0xF45F6cDBcd0D2D4Bf4d9758b032a66A2cf4e55C8,0xc115982d35fe4304274FEEf5b351256342BB6C2e,0x833589fCD6eDb6E08f4c7C32D4f71b54bdA02913,0xC19669A405067927865B40Ea045a2baabbbe57f5,0x940181a94A35A4569E4529A3CDfB74e38FD98631,18,6,18,0,0,0.0,0.0,0,6123448917699,859951240605190268808,859.9512406051904,1.0362949517208395e-20,8.911631293652317,0,8.911631293652317,96.4976234169076,1787788800
vAMM-WETH/VITA,6.23705961228952e-07,0x152f55611636A3E6273D1367F6E0360aBad7D319,0xB193Cf7E7820655F1837CcBB0fe3c96Db90faF1f,0x4200000000000000000000000000000000000006,0x490a4B510d0Ea9f835D2dF29Eb73b4FcA5071937,0x940181a94A35A4569E4529A3CDfB74e38FD98631,18,18,18,8051440336002607,36267745204462535222,0.008051440336002608,36.267745204462535,36275796644798537829,0,4180084089364464670,4.180084089364465,0.0,0,0,0,nan,0
vAMM-WETH/SPX,0.06194372125162951,0xe96a4E9EA3a2C6Db214174738a19Eb7Dbb8A3069,0xCC38E1fc0f8BD866143f672D9E4340f05D262543,0x4200000000000000000000000000000000000006,0x50dA645f148798F68EF2d7dB7C1CB22A6819bb2C,0x940181a94A35A4569E4529A3CDfB74e38FD98631,18,18,8,94998137781685417,33628204355,0.09499813778168542,336.28204355,94998171409889772,2370624197482194,415147488938165051332299,415147.488938165,5.449161271983152e-21,2262.205618882903,0,2262.205618882903,183.51448050207236,1787788800
sAMM-DEGEN/DOG,5.082256463569342e-06,0x56EA567EfCf632E3427D84E3D70c7DE24377AfB8,0xf6B598c9E06322571901eEe8F33AB39B10a58904,0x4ed4E862860beD51a9570b96d89aF5E1B0Efefed,0xAfb89a09D82FBDE58f18Ac6437B3fC81724e4dF6,0x940181a94A35A4569E4529A3CDfB74e38FD98631,18,18,18,172421329653426249548,280071403278181703405,172.42132965342626,280.0714032781817,452492732931607952953,0,34061337716856462873,34.061337716856464,0.0,0,0,0,nan,0
vAMM-YFX/AERO,2.62976015608042e-05,0x448686cA47fBE77d8fc9EEc6829837bF45E8ea75,0xCEc1D4EFF7d6a785447Ff48C336feE57A29804d0,0x8901cB2e82CC95c01e42206F8d1F417FE53e7Af0,0x940181a94A35A4569E4529A3CDfB74e38FD98631,0x940181a94A35A4569E4529A3CDfB74e38FD98631,18,18,18,8231470961741029332,17676757071641187082,8.23147096174103,17.676757071641187,25908228033382216414,0,176246809724513266552,176.24680972451324,0.0,0,0,0,nan,0
vAMM-TYBG/wBLT,4.969501115746657e-06,0x1AFc638D3d53F0993096350403B5845bE7c77f43,0x89C56c18a1d9DBA342028C00C3e1bE3A96507E4b,0x0d97F261b1e88845184f678e2d1e7a98D9FD38dE,0x4E74D4Db6c0726ccded4656d0BCE448876BB4C7A,0x940181a94A35A4569E4529A3CDfB74e38FD98631,18,18,18,1712257708289205436414372,54850210034191601240,1712257.7082892053,54.850210034191605,1712312558499239628015612,0,33305650157777091712,33.305650157777094,0.0,0,0,0,nan,0
vAMM-MAVIA/WETH,0.010602867708277538,0xC90E88d30b99442B6994915F3b146cE3D55982D9,0x3d0f8DF262c1AE46b4af8381f769F7F2872A0d5d,0x24fcFC492C1393274B6bcd568ac9e225BEc93584,0x4200000000000000000000000000000000000006,0x940181a94A35A4569E4529A3CDfB74e38FD98631,18,18,18,0,0,0.0,0.0,0,506000257838154,71060533911969054937753,71060.53391196905,2.0586463731883245e-21,146.28851041470102,0,146.28851041470102,485.75608371789076,1787788800
vAMM-WETH/TN100x,0.04460165613544511,0x8f5F1D63599362115e7F9fe71BFD5ab883D82c82,0x931143b901A1c81bA1657cF0F2AcD126F75ca4Fd,0x4200000000000000000000000000000000000006,0x5B5dee44552546ECEA05EDeA01DCD7Be7aa6144A,0x940181a94A35A4569E4529A3CDfB74e38FD98631,18,18,18,0,0,0.0,0.0,0,2128523162363427,298920781202282873780499,298920.7812022829,0.0,0,0,0,nan,0
sAMM-USDC/USX,0.003674045603795354,0x1f019b4420936a800fF6f54c00d9da05445DE433,0x62b2Da7b10dde762B3b020AAEe409786b548684C,0x833589fCD6eDb6E08f4c7C32D4f71b54bdA02913,0xc142171B138DB17a1B7Cb999C44526094a4dae05,0x940181a94A35A4569E4529A3CDfB74e38FD98631,18,6,18,0,0,0.0,0.0,0,175336340505148,24623493323301455731959,24623.493323301456,0.0,0,0,0,nan,0
sAMM-BRETT/AERO,0.00018769919473512347,0xFfa80952B3800240F11AD25E45e8d3E5C1593E70,0xCab96B63cB77Eb0f771D09197860cE159F197Cc6,0x532f27101965dd16442E59d40670FaF5eBB142E4,0x940181a94A35A4569E4529A3CDfB74e38FD98631,0x940181a94A35A4569E4529A3CDfB74e38FD98631,18,18,18,0,0,0.0,0.0,0,8957563219230,1257962030622309533330,1257.9620306223096,3.999043356584859e-21,5.030644701396146,0,5.030644701396146,250.0598045163455,1787788800
vAMM-WETH/CHAD,0.0009870758016411688,0x17Cf4aBb54a9D18c90FA0e36B8669aB0f4936f2e,0x346C6cfaC949E9d7FCA69cFf0a882c06e86C9245,0x4200000000000000000000000000000000000006,0xecaF81Eb42cd30014EB44130b89Bcd6d4Ad98B92,0x940181a94A35A4569E4529A3CDfB74e38FD98631,18,18,18,362358301143037934,58978206527144194630099518,0.3623583011430379,58978206.52714419,58978206889502495773137452,0,6615392684891008078635,6615.392684891008,0.0,0,0,0,nan,0
vAMM-fBOMB/wstETH,0.03127786857087649,0xBd1F3d188de7eE07B1b323C0D26D6720CAfB8780,0x56b13a025EE67FE7645cd4c09033673e3Cb207Ba,0x74ccbe53F77b08632ce0CB91D3A545bF6B8E0979,0xc1CBa3fCea344f92D9239c08C0568f6F2F0ee452,0x940181a94A35A4569E4529A3CDfB74e38FD98631,18,18,18,0,0,0.0,0.0,0,1492672813443846,209624613022352866669769,209624.61302235286,5.369237985861496e-22,112.55244350111334,0,112.55244350111334,1862.4616800991912,1787788800
vAMM-cbETH/fBOMB,6.039104422799226e-07,0x40834a402B9013f1fD7575EABa84E1589205099d,0x33BD3859141EEB7FCf8d71A9A52F554C6Ca5a278,0x2Ae3F1Ec7F1F5012CFEab0185bfc7aa3cf0DEc22,0x74ccbe53F77b08632ce0CB91D3A545bF6B8E0979,0x940181a94A35A4569E4529A3CDfB74e38FD98631,18,18,18,3438735079827918,502448838922866550627,0.003438735079827918,502.44883892286657,502452277657946378545,0,4047414307538898338,4.047414307538898,0.0,0,0,0,nan,0
vAMM-DEGEN/MAI,0.0003798835400233329,0xe7c22c22Be0ba467AD5a32F607112e10d89778af,0x44d708dba44160FA748c25a7d3fbC4C73dE4b87F,0x4ed4E862860beD51a9570b96d89aF5E1B0Efefed,0xbf1aeA8670D2528E08334083616dD9C5F3B087aE,0x940181a94A35A4569E4529A3CDfB74e38FD98631,18,18,18,4257287745463566908097,11292780446917385139,4257.287745463567,11.292780446917385,4268580525910484293236,0,2545983588699538788138,2545.983588699539,0.0,0,0,0,nan,0
sAMM-WETH/rETH,3.508274511250971e-05,0xb8866732424AcDdd729C6fcf7146b19bFE4A2e36,0xAa3D51d36BfE7C5C63299AF71bc19988BdBa0A06,0x4200000000000000000000000000000000000006,0xB6fe221Fe9EeF5aBa221c348bA20A1Bf5e73624c,0x940181a94A35A4569E4529A3CDfB74e38FD98631,18,18,18,0,0,0.0,0.0,0,1674300218864,235124936704266101517,235.1249367042661,6.225039320182558e-24,0.0014636619761394917,0,0.0014636619761394917,160641.5555895113,1787788800
vAMM-WETH/WELL,0.015781054772638105,0x89D0F320ac73dd7d9513FFC5bc58D1161452a657,0x7b6964440b615aC1d31bc95681B133E112fB2684,0x4200000000000000000000000000000000000006,0xA88594D404727625A9437C3f886C7643872296AE,0x940181a94A35A4569E4529A3CDfB74e38FD98631,18,18,18,687226386534156322,520116560102646327080007,0.6872263865341564,520116.56010264636,520117247329032861236329,598291702430462,105764799551560846437174,105764.79955156085,8.252978641299462e-21,872.8746317003506,0,872.8746317003506,121.16837368217716,1787788800
vAMM-BAVA/AERO,8.964030732751312e-05,0xD3c2fa602B8da5b0b9c25dFBE7F2f31Bb512dB13,0xE3Da183CDBbd0F01867605C632F1E275e7eD6E3D,0x3fbdE9864362CE4Abb244EbeF2EF0482ABA8eA39,0x940181a94A35A4569E4529A3CDfB74e38FD98631,0x940181a94A35A4569E4529A3CDfB74e38FD98631,18,18,18,4734842580037602541857569,2756507473379413134042,4734842.580037602,2756.507473379413,4737599087510981954991611,0,600770307994428256912,600.7703079944282,0.0,0,0,0,nan,0
vAMM-Mog/WETH,0.0013807258345088272,0x4A311ac4563abc30E71D0631C88A6232C1309ac5,0x8FCc385d8d7f3A2e087853a79531630Bf96575e8,0x2Da56AcB9Ea78330f947bD57C54119Debda7AF71,0x4200000000000000000000000000000000000006,0x940181a94A35A4569E4529A3CDfB74e38FD98631,18,18,18,9411381546181795270810208215,583594681545579968,9411381546.181795,0.5835946815455799,9411381546765389952355788183,0,9253639457337465307181,9253.639457337466,0.0,0,0,0,nan,0
vAMM-USD+/sFRAX,6.843032286465489e-08,0xbB38EeBd670A9F3cafe6D3170862ccD930cB25f9,0xEc4288995734ca01eAfC97588658F37515823502,0xB79DD08EA68A908A97220C76d19A6aA9cBDE4376,0xe4796cCB6bB5DE2290C417Ac337F2b66CA2E770E,0x940181a94A35A4569E4529A3CDfB74e38FD98631,18,6,18,71081656,57760147698720968727,71.081656,57.76014769872097,57760147698792050383,0,458620763016268660,0.4586207630162687,0.0,0,0,0,nan,0
vAMM-WELS/USDC,0.0004327710776341739,0xfEA9E8a7daEf9497ffF3e3501eD504984f96aa33,0xE4be724E22FeFeB2969f53865222E58c496ef5d7,0x7F62ac1e974D65Fab4A81821CA6AF659A5F46298,0x833589fCD6eDb6E08f4c7C32D4f71b54bdA02913,0x940181a94A35A4569E4529A3CDfB74e38FD98631,18,18,6,31897873247123072677342,46165191,31897.873247123072,46.165191,31897873247123118842533,0,2900436437053169395503,2900.4364370531694,0.0,0,0,0,nan,0
vAMM-DEGEN/TKN,0.004087024847896749,0xc01162ED99a018D02b8a12f4712B0b9b87a9852F,0x519b415fBC1007d3871BD9F7F679d0593a459888,0x4ed4E862860beD51a9570b96d89aF5E1B0Efefed,0x78b3C724A2F663D11373C4a1978689271895256f,0x940181a94A35A4569E4529A3CDfB74e38FD98631,18,18,18,0,0,0.0,0.0,0,195045751870220,27391284678228581007478,27391.28467822858,3.005098030018235e-22,8.231349562621338,0,8.231349562621338,3327.6784650979653,1787788800
vAMM-ANIME/WETH,0.0007927526696433031,0xeB956b77D455e33b41bBE6052dBE4388dCfD729B,0x93a7ddBd64f0835f99b6D248Ce058Fd90C68666c,0x0e0c9756a3290cD782CF4aB73ac24D25291c9564,0x4200000000000000000000000000000000000006,0x940181a94A35A4569E4529A3CDfB74e38FD98631,18,18,18,12129494328163224277397033,47692988564867492,12129494.328163225,0.04769298856486749,12129494375856212842264525,0,5313036955182708443626,5313.036955182708,0.0,0,0,0,nan,0
vAMM-ezETH/WETH,9.131960728361936e-07,0x0C8bF3cb3E1f951B284EF14aa95444be86a33E2f,0x6318373c5a01224094BF0B1AC88562345B2Fb91E,0x2416092f143378750bb29b79eD961ab195CcEea5,0x4200000000000000000000000000000000000006,0x940181a94A35A4569E4529A3CDfB74e38FD98631,18,18,18,0,0,0.0,0.0,0,43580604781,6120249944398787939,6.120249944398788,4.243667236678604e-21,0.02597230416932918,0,0.02597230416932918,235.64524366021482,1787788800
sAMM-ezETH/WETH,9.105648013417184e-06,0x497139e8435E01555AC1e3740fccab7AFf149e02,0x4Fa58b3Bec8cE12014c7775a0B3da7e6AdC3c7eA,0x2416092f143378750bb29b79eD961ab195CcEea5,0x4200000000000000000000000000000000000006,0x940181a94A35A4569E4529A3CDfB74e38FD98631,18,18,18,0,0,0.0,0.0,0,434550321844,61026151344200893208,61.02615134420089,2.1564573430996945e-20,1.316002921873153,0,1.316002921873153,46.37235246965742,1787788800
vAMM-USDC/WELL,9.124318181318804e-07,0x81A8c12738F7346094526ECC2487a63f45dD1935,0x47C84ff870c7EeA60420EC8c98B7FBa9D37b478B,0x833589fCD6eDb6E08f4c7C32D4f71b54bdA02913,0xA88594D404727625A9437C3f886C7643872296AE,0x940181a94A35A4569E4529A3CDfB74e38FD98631,18,6,18,75643334,3177886717420926867938,75.643334,3177.8867174209267,3177886717421002511272,0,6115127901115079251,6.11512790111508,0.0,0,0,0,nan,0
vAMM-WETH/RSR,0.0015417982961220887,0xd204058452F57464E0E5ab8C3Cc9cbCb6B41D4EE,0x40334F3E5e59c5A7aeAf6b47FfF6be1917c71ba6,0x4200000000000000000000000000000000000006,0xaB36452DbAC151bE02b16Ca17d8919826072f64a,0x940181a94A35A4569E4529A3CDfB74e38FD98631,18,18,18,0,0,0.0,0.0,0,73581304245665,10333148834957806799465,10333.148834957809,2.6214456031685074e-22,2.708778758028593,0,2.708778758028593,3814.6891119591155,1787788800
vAMM-USDA/EURA,2.9749092249338753e-08,0x79eF3eCDa775860a2351ae2A7B80C4d80ba47F72,0x3fd91fAC3Ccc67d818A6E17e7296A82Ba7a4aCAa,0x0000206329b97DB379d5E1Bf586BbDB969C63274,0xA61BeB4A3d02decb01039e378237032B351125B4,0x940181a94A35A4569E4529A3CDfB74e38FD98631,18,18,18,8509593178231095407,5549579082724032956,8.509593178231096,5.5495790827240326,14059172260955128363,0,199378737601721378,0.19937873760172137,0.0,0,0,0,nan,0
vAMM-LUSD/POOL,0.0011050249248583041,0x0b15b1d434f86eCaa83d14398C8Db6d162F3921e,0x5b41A91Cc14496E7fcc381595Dc2680EF71B6462,0x368181499736d0c0CC614DBB145E2EC1AC86b8c6,0xd652C5425aea2Afd5fb142e120FeCf79e18fafc3,0x940181a94A35A4569E4529A3CDfB74e38FD98631,18,18,18,7517305171291398,0,0.007517305171291398,0.0,7517305171291398,52735312404726,7405888982766619682927,7405.88898276662,1.274177977909971e-21,9.436420648687303,0,9.436420648687303,784.8197169757211,1787788800
vAMM-WETH/BUIDL,4.88697843471385e-05,0x6eB0f4B90EeB237f6ee6d5D8d69C15810b81fa05,0x136805463D527bA9c507fF7640e9cF84f0328278,0x4200000000000000000000000000000000000006,0xdADc4F8E9d8d37294de0E02A2Ce8Cc0c90A4F6c2,0x940181a94A35A4569E4529A3CDfB74e38FD98631,18,18,18,93805602303200337,78063367615692379063071,0.09380560230320034,78063.36761569238,78063461421294682263408,0,327525822580936522456,327.52582258093656,0.0,0,0,0,nan,0
vAMM-VIRTUAL/AERO,0.036156967135082554,0x8B49c7eC53Cb4CA3666bB16727FC5C5F6d12226f,0x57538a02972c01440113cC7A7Ff8F1d954d01239,0x0b3e328455c4059EEb9e3f84b5543F74E24e7E1b,0x940181a94A35A4569E4529A3CDfB74e38FD98631,0x940181a94A35A4569E4529A3CDfB74e38FD98631,18,18,18,0,0,0.0,0.0,0,720897897067592,242324384303185737607094,242324.38430318574,0.0,0,0,0,nan,0
vAMM-tBTC/AERO,1.4879448243707062e-07,0x5E19947708Ed0686ecE3BE487126b2c1c5378641,0x80Cdc20a68ff14f5f3b642786977F09a0fb11b64,0x236aa50979D5f3De3Bd1Eeb40E81137F22ab794b,0x940181a94A35A4569E4529A3CDfB74e38FD98631,0x940181a94A35A4569E4529A3CDfB74e38FD98631,18,18,18,71892571394351,9287121342367681042,7.1892571394351e-05,9.287121342367682,9287193234939075393,0,997222228556034548,0.9972222285560346,0.0,0,0,0,nan,0
vAMM-PRE/USDC,0.00046289211693382635,0x8a24D81C24f125341b46a52de3e4CF0e0C7E7F72,0x6169fA980Ab79355F7da28B13d08de0182131b13,0x3816dD4bd44c8830c2FA020A5605bAC72FA3De7A,0x833589fCD6eDb6E08f4c7C32D4f71b54bdA02913,0x940181a94A35A4569E4529A3CDfB74e38FD98631,18,18,6,0,0,0.0,0.0,0,22091139292388,3102307967803827064887,3102.307967803827,0.0,0,0,0,nan,0
vAMM-KWENTA/AERO,1.156777246243235e-06,0xBaDA36C1e87109546eCEFcD3bB16A58B2Da0B0eA,0xa7c66862208D8cD6bC993BbaAd64De42F8746247,0x37Ab9F42051C112CAAba55AB6487dd74286A0B29,0x940181a94A35A4569E4529A3CDfB74e38FD98631,0x940181a94A35A4569E4529A3CDfB74e38FD98631,18,18,18,41905886436304119,553455243678947970,0.04190588643630412,0.5534552436789479,595361130115252089,0,7752733599711711903,7.752733599711712,0.0,0,0,0,nan,0
sAMM-DEGEN/USDC,6.665507014189528e-08,0x67fBd3c6fFBd29506f3Ca395cB4C6092e5eeFC9C,0xabe274A025D2404aE4669CA4811Ec7F58C8167c1,0x4ed4E862860beD51a9570b96d89aF5E1B0Efefed,0x833589fCD6eDb6E08f4c7C32D4f71b54bdA02913,0x940181a94A35A4569E4529A3CDfB74e38FD98631,18,18,6,0,0,0.0,0.0,0,3181722899,446723000092235295,0.44672300009223526,1.0639188794626864e-24,4.752770336883405e-07,0,4.752770336883405e-07,939921.2846989165,1787788800
vAMM-AERO/GHST,4.890929919744681e-08,0x59Da7538Bbea7facC9185b412e0D43da67A84Ab7,0x785369676686874713ca132C2002E7736A36FE44,0x940181a94A35A4569E4529A3CDfB74e38FD98631,0xcD2F22236DD9Dfe2356D7C543161D4d260FD9BcB,0x940181a94A35A4569E4529A3CDfB74e38FD98631,18,18,18,22586640043286430,54582803224445105,0.02258664004328643,0.05458280322444511,77169443267731535,0,327790651534538225,0.32779065153453824,0.0,0,0,0,nan,0
vAMM-WETH/NORMILIO,8.289825534094738e-05,0x7D68c4E183e31971deb223e6F8A064751d0599d0,0xE531DEd40AeA2Fd2ba7476BB6cE30cF9e2cfd2D0,0x4200000000000000000000000000000000000006,0xcDE90558fc317C69580DeeAF3eFC509428Df9080,0x940181a94A35A4569E4529A3CDfB74e38FD98631,18,18,18,368076959684370710,789306075402777733115020,0.3680769596843707,789306.0754027778,789306443479737417485730,0,555585002753508385365,555.5850027535083,0.0,0,0,0,nan,0
vAMM-WETH/GHST,0.005300342094290892,0x0DFb9Cb66A18468850d6216fCc691aa20ad1e091,0xe3800a58B5535935850a10e082952Ec3577D8DCc,0x4200000000000000000000000000000000000006,0xcD2F22236DD9Dfe2356D7C543161D4d260FD9BcB,0x940181a94A35A4569E4529A3CDfB74e38FD98631,18,18,18,0,0,0.0,0.0,0,252949492649876,35522949969690979475426,35522.94996969098,1.7364134631138348e-20,616.825285768906,0,616.825285768906,57.58997043289122,1787788800
vAMM-VIRTUAL/WAI,0.012608372090396685,0x37E769D2dcF3e3E8dFC37c0Df83EEB56edfC0fD2,0x57E0f09B66baD2f184d30B58973690C15d7f6243,0x0b3e328455c4059EEb9e3f84b5543F74E24e7E1b,0x23471E7250bCD7ee21Df3f39Ed6151931D1E076b,0x940181a94A35A4569E4529A3CDfB74e38FD98631,18,18,18,0,0,0.0,0.0,0,601716870074020,84501445944184878641465,84501.44594418489,9.682985276506017e-23,8.182262569210113,0,8.182262569210113,10327.393582083783,1787788800
vAMM-USDC/KLIMA,0.0030927670736869777,0x958682eC6282BC7E939FA8Ba9397805C214c3A09,0x950aD950D6f07491ef2c150545A6A2AB7AdC03f4,0x833589fCD6eDb6E08f4c7C32D4f71b54bdA02913,0xDCEFd8C8fCc492630B943ABcaB3429F12Ea9Fea2,0x940181a94A35A4569E4529A3CDfB74e38FD98631,18,6,9,0,0,0.0,0.0,0,147596836069448,20727758335603863295920,20727.758335603863,0.0,0,0,0,nan,0
vAMM-GROW/VITA,1.9657786356795828e-08,0xDaD0D8F40Bf19c295B982dB2d1Ee47eE12DA92f0,0x8AC0f40EF2c222044B857d52508E18f94cA90c45,0x321725ee44CB4bfA544CF45a5A585b925d30A58C,0x490a4B510d0Ea9f835D2dF29Eb73b4FcA5071937,0x940181a94A35A4569E4529A3CDfB74e38FD98631,18,18,18,1077475596403895003555,776342348051760185383,1077.475596403895,776.3423480517602,1853817944455655188938,0,131746696504644157,0.13174669650464416,0.0,0,0,0,nan,0
vAMM-WETH/wrsETH,1.5763484268332284e-05,0xA24382874A6FD59de45BbccFa160488647514c28,0x2da7789a6371F550caF9054694F5A5A6682903f9,0x4200000000000000000000000000000000000006,0xEDfa23602D0EC14714057867A78d01e94176BEA0,0x940181a94A35A4569E4529A3CDfB74e38FD98631,18,18,18,84186920289890724,109350180541593728,0.08418692028989072,0.10935018054159373,193537100831484452,0,105647041841908453965,105.64704184190845,0.0,0,0,0,nan,0
vAMM-weETH.base/WETH,0.053963496207515324,0x91F0f34916Ca4E2cCe120116774b0e4fA0cdcaA8,0xf8d47b641eD9DF1c924C0F7A6deEEA2803b9CfeF,0x04C0599Ae5A44757c0af6F9eC3b93da8976c150A,0x4200000000000000000000000000000000000006,0x940181a94A35A4569E4529A3CDfB74e38FD98631,18,18,18,0,0,0.0,0.0,0,2575313742794818,361663934490936779465748,361663.93449093675,1.0756463764629185e-25,0.03890225006324985,0,0.03890225006324985,9296735.636188643,1787788800
vAMM-WETH/SAM,0.08771752700625622,0x598299Fb3f3829F7Ba08662948706cDFf7eC2350,0xf96Bc096dd1E52dcE4d595B6C4B8c5d2200db1E5,0x4200000000000000000000000000000000000006,0xed1779845520339693CDBffec49a74246E7D671b,0x940181a94A35A4569E4529A3CDfB74e38FD98631,18,18,18,0,0,0.0,0.0,0,4186165994777168,587883813511688150120765,587883.8135116881,1.2531202987884913e-22,73.66891400406844,0,73.66891400406844,7980.079813301193,1787788800
vAMM-BET/USDC,0.010234685444649548,0xF471D220F16Cc9c3400B5BD97d728072A87b9C75,0x34BF49C57c8a6A766c99909a3513258A3dB7E393,0x80F6BcedD3d4fa1035285affA30e38f464Db3895,0x833589fCD6eDb6E08f4c7C32D4f71b54bdA02913,0x940181a94A35A4569E4529A3CDfB74e38FD98631,18,18,6,0,0,0.0,0.0,0,488432513294373,68592972404067091524628,68592.9724040671,2.0993829083019822e-22,14.400291389472798,0,14.400291389472798,4763.304474117195,1787788800
vAMM-WETH/MASA,1.2267491173793185e-06,0x33c3782446dF290bE025A24A0Ac94562E9A995D6,0x29Ff29c57474857a6F1fB6C5839CF82adA2BB6b5,0x4200000000000000000000000000000000000006,0x944824290CC12F31ae18Ef51216A223Ba4063092,0x940181a94A35A4569E4529A3CDfB74e38FD98631,18,18,18,6142823369811264,3926642504789293548615088,0.006142823369811264,3926642.5047892937,3926642510932116918426352,0,8221685835894741508,8.221685835894743,0.0,0,0,0,nan,0
vAMM-WETH/LBM,3.978153733177593e-06,0x0b8711D0F80Eacb3dE9f653BD554aF3bA654fA1f,0x150db5aF367A67385F78DE9Fc34937fB28F12a65,0x4200000000000000000000000000000000000006,0x56A38E7216304108E841579041249fEb236C887b,0x940181a94A35A4569E4529A3CDfB74e38FD98631,18,18,18,4199360335603720,662288568469988625042,0.00419936033560372,662.2885684699886,662292767830324228762,0,26661629291366144778,26.661629291366147,0.0,0,0,0,nan,0
vAMM-wBLT/BMX,0.00601916980331503,0x61907C8C3E6ef7eD813aCc2fBbBf8C05ac0F31d5,0xeB86878fBF8329b1ED8C40d8f6736Ae7fc965Be8,0x4E74D4Db6c0726ccded4656d0BCE448876BB4C7A,0x548f93779fBC992010C07467cBaf329DD5F059B7,0x940181a94A35A4569E4529A3CDfB74e38FD98631,18,18,18,0,0,0.0,0.0,0,127017612329433,40340541040274177955679,40340.54104027418,6.703433646466532e-20,2704.2014012603795,0,2704.2014012603795,14.917728029233395,1787788800
sAMM-zunUSD/USDC,6.753997632121522e-08,0xaeb41e05E27EDa32dB13c5875834a19a2c15F70E,0xCb803c34e058cd828EE8d3732b2fAEA5cb988397,0x6ef3864876424ADE834a7C1BE8C0CF3d71208B84,0x833589fCD6eDb6E08f4c7C32D4f71b54bdA02913,0x940181a94A35A4569E4529A3CDfB74e38FD98631,18,18,6,2156731204755235697,396082,2.1567312047552356,0.396082,2156731204755631779,0,452653650864703704,0.45265365086470366,0.0,0,0,0,nan,0
vAMM-CRYO/WETH,0.00022155768243982242,0x65Ee5A0ee82027D054EFeb31a1f7079C37c5DbD8,0x7ac1193Dd817aD9b0b1b57582a2542572c6baC21,0x1f4446fAAAed23090f324f051C3F8c5ce5aD1c36,0x4200000000000000000000000000000000000006,0x940181a94A35A4569E4529A3CDfB74e38FD98631,18,18,18,0,0,0.0,0.0,0,10573568309383,1484881980955124657834,1484.8819809551246,7.607169336945181e-21,11.29574867450424,0,11.29574867450424,131.4549414778206,1787788800
vAMM-pHAM/pwBLT,3.2619782398637456e-05,0x03FF264046b085450649A993Cdd65dCDD01A893e,0x19b05F319aC12296CB073218E912D0816030548F,0x2C8D2FC58B80aCb3b307C165af8F3eE296e6A271,0x3Dd79d6BD927615787Cc95F2c7A77C9aC1AF26F4,0x940181a94A35A4569E4529A3CDfB74e38FD98631,18,18,18,0,0,0.0,0.0,0,1556751290951,218618133991222810847,218.6181339912228,0.0,0.0,0,0.0,nan,1787788800
vAMM-WETH/TRUF,2.3247326828802546e-06,0xcE2D4E04e3d782EcB8bf2e265f421bA510F4e8F7,0xE81B7a527AA65b714cD44c034dDA915097bb3CdB,0x4200000000000000000000000000000000000006,0xB59c8912c83157a955f9D715E556257F432C35D7,0x940181a94A35A4569E4529A3CDfB74e38FD98631,18,18,18,915201160975425376,50870143359451595707957,0.9152011609754254,50870.1433594516,50871058560612571133333,0,15580383552188237583,15.580383552188238,0.0,0,0,0,nan,0
vAMM-AERO/BENJI,0.0003107771447853784,0x0f3027d68FE4E2A56860D7B18b3D80CAe8d716D1,0x2e8300243d49d81684e154821f879A5045e2d132,0x940181a94A35A4569E4529A3CDfB74e38FD98631,0xBC45647eA894030a4E9801Ec03479739FA2485F0,0x940181a94A35A4569E4529A3CDfB74e38FD98631,18,18,18,0,0,0.0,0.0,0,14831465487927,2082831781334551635980,2082.8317813345516,0.0,0,0,0,nan,0
vAMM-WETH/HLSp,5.792361894214109e-05,0x1536960c83d4f3a55430a9B3B6294843b831171A,0x10b70e962d032b74e2F40a11445F7f769aa4fc0e,0x4200000000000000000000000000000000000006,0xe54b0C7dad72fb102ADE2b1B9F4EEce69408Ab36,0x940181a94A35A4569E4529A3CDfB74e38FD98631,18,18,6,5495219273861836,15050819,0.005495219273861836,15.050819,5495219288912655,0,388204719835239577437,388.20471983523953,0.0,0,0,0,nan,0
sAMM-DOLA/rgUSD,2.9105377618255937e-06,0xBA15D0494fE4f0cAECD7730F6D77BeB6DD0feca9,0x7139bFd55643Aa37C875c6D3f4d6663DbFd481f2,0x4621b7A9c75199271F773Ebd9A499dbd165c3191,0x8E5E9DF4F0EA39aE5270e79bbABFCc34203A3470,0x940181a94A35A4569E4529A3CDfB74e38FD98631,18,18,18,273072010407004465,691246771354701328,0.27307201040700446,0.6912467713547014,964318781761705793,0,19506455519086473360,19.506455519086472,0.0,0,0,0,nan,0
sAMM-USDz/USDC,0.0028971782561048585,0x6d0b9C9E92a3De30081563c3657B5258b3fFa38B,0xb7E4bBee04285F4B55d0A93b34E5dA95C3a7faf9,0x04D5ddf5f3a8939889F11E97f8c4BB48317F1938,0x833589fCD6eDb6E08f4c7C32D4f71b54bdA02913,0x940181a94A35A4569E4529A3CDfB74e38FD98631,18,18,6,25741006103090481679,26313712,25.74100610309048,26.313712,25741006103116795391,138265262781982,19416919967438088118699,19416.919967438087,1.3996592517121703e-20,271.77071672179494,0,271.77071672179494,71.44596077771953,1787788800
sAMM-rgUSD/USD3,1.4848109701983865e-07,0xD42cd5b74B6cb892eCdE3cAb2765b6bD57C83346,0x73f294Df4543E5e0B5063C0ceE8339e4295047b3,0x8E5E9DF4F0EA39aE5270e79bbABFCc34203A3470,0xEFb97aaF77993922aC4be4Da8Fbc9A2425322677,0x940181a94A35A4569E4529A3CDfB74e38FD98631,18,18,18,13156629902745990484,28490853482958860495,13.15662990274599,28.49085348295886,41647483385704850979,0,995121916104588705,0.9951219161045887,0.0,0,0,0,nan,0
vAMM-WETH/APX,4.2532068057841384e-06,0x898e0DE33B19A3494723f437734C788C2c10Ed04,0x4927B42B4B60148D60ED3b54F21FD2E57176cE83,0x4200000000000000000000000000000000000006,0xcacf1ca03983CE6c7E235fb20C70aCC70ed13509,0x940181a94A35A4569E4529A3CDfB74e38FD98631,18,18,18,592548616677967,59729730795967464989366,0.000592548616677967,59729.730795967465,59729731388516081667333,0,28505037955070384826,28.505037955070385,0.0,0,0,0,nan,0
vAMM-AERO/TRUF,1.547069712943301e-05,0x56ae4A50252C505C2663346660Edb711648221DC,0xbC22B1450A6Bb9a7CD86c22d835f18d77077562b,0x940181a94A35A4569E4529A3CDfB74e38FD98631,0xB59c8912c83157a955f9D715E556257F432C35D7,0x940181a94A35A4569E4529A3CDfB74e38FD98631,18,18,18,7885950310810927070,135737131842022812334,7.8859503108109275,135.73713184202282,143623082152833739404,0,103684779274348791348,103.68477927434878,0.0,0,0,0,nan,0
vAMM-WETH/RWAX,0.0010817282915563798,0xd448670823ff9667848C821BeE829c642F67E064,0x4a64623FC6b1B008aA9D655F748C01f8b5552A26,0x4200000000000000000000000000000000000006,0xe0023E73aab4fE9a22f059a9d27E857E027eE3dc,0x940181a94A35A4569E4529A3CDfB74e38FD98631,18,18,18,0,0,0.0,0.0,0,51624532507358,7249754694729273436722,7249.754694729273,0.0,0,0,0,nan,0
vAMM-WETH/OX,0.0026117540416570654,0xe140c5930889c4064A3d11b17Bb04fE7224a5CDC,0xD4ECF20068e5fA849Abe62F9523A90F8c073f203,0x4200000000000000000000000000000000000006,0xba0Dda8762C24dA9487f5FA026a9B64b695A07Ea,0x940181a94A35A4569E4529A3CDfB74e38FD98631,18,18,18,0,0,0.0,0.0,0,124643667432194,17504003799085797562746,17504.003799085796,1.4489306775966828e-22,2.536208808526429,0,2.536208808526429,6901.641434348559,1787788800
sAMM-GROW/VITA,2.4831845544967637e-11,0xD6871bc7f13a7b0f6E35f54349e1466Fd926ff7d,0xB6F959E169C544608b860a4fFe3C0982a46aD136,0x321725ee44CB4bfA544CF45a5A585b925d30A58C,0x490a4B510d0Ea9f835D2dF29Eb73b4FcA5071937,0x940181a94A35A4569E4529A3CDfB74e38FD98631,18,18,18,1392545918834282644,469560119818986084,1.3925459188342826,0.4695601198189861,1862106038653268728,0,166423297073430,0.00016642329707343,0.0,0,0,0,nan,0
vAMM-wXCH/WETH,8.882745055007966e-05,0x0522d1c88Ef60F22fA4D3EEC6F8C6F48631D7ec3,0x9a4e4020E9e20C0b12a93C196fdB60393e2C8e36,0x36be1d329444aeF5D28df3662Ec5B4F965Cd93E9,0x4200000000000000000000000000000000000006,0x940181a94A35A4569E4529A3CDfB74e38FD98631,18,18,18,3288276981422765868,6490607051165871,3.288276981422766,0.006490607051165871,3294767588473931739,0,595322533091673497605,595.3225330916734,0.0,0,0,0,nan,0
vAMM-wXCH/USDC,0.004185106246404318,0xd16Cc119b7c113660580291580cbEB588C9e2653,0x543a172C6805a7eC512188Fba90Fb9ac62ffa4D5,0x36be1d329444aeF5D28df3662Ec5B4F965Cd93E9,0x833589fCD6eDb6E08f4c7C32D4f71b54bdA02913,0x940181a94A35A4569E4529A3CDfB74e38FD98631,18,18,6,0,0,0.0,0.0,0,199697950395252,28048627270491543972380,28048.627270491543,0.0,0,0,0,nan,0
vAMM-USDC/CTX,2.5175172768688224e-09,0xf629864E8B4914284f79641EF9Ce034C161F26AE,0xD1E5855ACcb803C0ec03Aa382a4f115aCd3903B6,0x833589fCD6eDb6E08f4c7C32D4f71b54bdA02913,0xBB22Ff867F8Ca3D5F2251B4084F6Ec86D4666E14,0x940181a94A35A4569E4529A3CDfB74e38FD98631,18,6,18,33236864,16150940678101791003,33.236864,16.15094067810179,16150940678135027867,0,16872427983539094,0.016872427983539093,0.0,0,0,0,nan,0
sAMM-WETH/msETH,0.0666562819591516,0xDE4FB30cCC2f1210FcE2c8aD66410C586C8D1f9A,0x62940D9643a130b80CA0f8bc7e94De5b7ec496C5,0x4200000000000000000000000000000000000006,0x7Ba6F01772924a82D9626c126347A28299E98c98,0x940181a94A35A4569E4529A3CDfB74e38FD98631,18,18,18,3634705282389152,4997706699951060,0.003634705282389152,0.00499770669995106,8632411982340212,3205380765522852,446731121704577141901126,446731.1217045771,0.0,0,0,0,nan,0
sAMM-msUSD/USDC,0.32461433388561417,0xcEFC8B799a8EE5D9b312aeca73262645D664AaF7,0xDBF852464fC906C744E52Dbd68C1b07dD33A922a,0x526728DBc96689597F85ae4cd716d4f7fCcBAE9d,0x833589fCD6eDb6E08f4c7C32D4f71b54bdA02913,0x940181a94A35A4569E4529A3CDfB74e38FD98631,18,18,6,12448005915071217093,3009217,12.448005915071217,3.009217,12448005915074226310,15491625675362431,2175568772152233666135812,2175568.7721522334,0.0,0,0,0,nan,0
vAMM-USDC/OX,0.00012998030803370802,0x33A20Ce534aE0F2fC00BC28e7133836B34415E7B,0x271cc28Fac66b40515a31D28FB95Eed8D17e2853,0x833589fCD6eDb6E08f4c7C32D4f71b54bdA02913,0xba0Dda8762C24dA9487f5FA026a9B64b695A07Ea,0x940181a94A35A4569E4529A3CDfB74e38FD98631,18,6,18,997398927,260646022512143301488178,997.398927,260646.0225121433,260646022512144298887105,0,871129428475909888438,871.1294284759099,0.0,0,0,0,nan,0
vAMM-AERO/APX,0.00047249020441473096,0x4634274a24443fAe01B1bAcd6212C65D1283B72c,0xb023a82C4AC8fcD103876fd07EAA1dF1df5782c2,0x940181a94A35A4569E4529A3CDfB74e38FD98631,0xcacf1ca03983CE6c7E235fb20C70aCC70ed13509,0x940181a94A35A4569E4529A3CDfB74e38FD98631,18,18,18,5897623485789303418,166350745851084107871028,5.897623485789303,166350.7458510841,166356643474569897174446,0,3166634453778410018900,3166.63445377841,0.0,0,0,0,nan,0
vAMM-USDC/CHEX,1.5496931567858415e-05,0x6466e1a3b42Ef91f8f7C135970db4495e89F9C0A,0x1249abBD38f8B98114E35babda2827862bd19CfF,0x833589fCD6eDb6E08f4c7C32D4f71b54bdA02913,0xc43F3Ae305a92043bd9b62eBd2FE14F7547ee485,0x940181a94A35A4569E4529A3CDfB74e38FD98631,18,6,18,1285224881,8232648862707953347256,1285.224881,8232.648862707953,8232648862709238572137,0,103860602764057555874,103.86060276405756,0.0,0,0,0,nan,0
vAMM-WETH/OGN,5.8924963950315674e-05,0x8eA4C49B712217fd6e29Db920E3dd48287a0d50D,0xA88BcfEcC886dEA1e8B3108179F0532d53c8c055,0x4200000000000000000000000000000000000006,0x7002458B1DF59EccB57387bC79fFc7C29E22e6f7,0x940181a94A35A4569E4529A3CDfB74e38FD98631,18,18,18,76268499328149237,4873909824147562418361,0.07626849932814923,4873.909824147562,4873986092646890567598,0,394915744896452000000,394.915744896452,0.0,0,0,0,nan,0
vAMM-USDC/APX,2.442424448249108e-06,0x4C7d96aaf20081cF617EBf6da4814aE91e6D5D06,0x1C669D3d0B3C49Cda1f47C80896D30D7A79E4f83,0x833589fCD6eDb6E08f4c7C32D4f71b54bdA02913,0xcacf1ca03983CE6c7E235fb20C70aCC70ed13509,0x940181a94A35A4569E4529A3CDfB74e38FD98631,18,6,18,6693378,686140397048088689995516,6.693378,686140.3970480887,686140397048088696688894,0,16369155034984708704,16.369155034984708,0.0,0,0,0,nan,0
sAMM-jEUR/EURA,7.142435052258595e-07,0xe7e01f38470136dE763d22e534e53C8BCdbA3f39,0xb5FFE35051b62DfE687aaB959625a29bEd54575a,0x4154550f4Db74Dc38d1FE98e1F3F28ed6daD627d,0xA61BeB4A3d02decb01039e378237032B351125B4,0x940181a94A35A4569E4529A3CDfB74e38FD98631,18,18,18,19282017628498939416,19542056831519172432,19.282017628498938,19.542056831519172,38824074460018111848,0,4786867687209032544,4.786867687209033,0.0,0,0,0,nan,0
vAMM-USDC/EMT,3.4001224033274578e-06,0x68426A1D8ab4AC250ae5E2DA0b9d684594c83BB0,0x8b02968e7FaF61d251b6B9c06c375E5f0c69b7CB,0x833589fCD6eDb6E08f4c7C32D4f71b54bdA02913,0xe2c86869216aC578bd62a4b8313770d9EE359A05,0x940181a94A35A4569E4529A3CDfB74e38FD98631,18,6,18,2146694629,562580967746612297558617,2146.694629,562580.9677466123,562580967746614444253246,0,22787657074875208353,22.78765707487521,0.0,0,0,0,nan,0
vAMM-USDz/WETH,3.1635566342318194e-05,0x2ce63497999F520CC2afaaadbCFC37Afd9deF4b0,0xc15B32d92E265832c87EC4b36B7e598ae2daad42,0x04D5ddf5f3a8939889F11E97f8c4BB48317F1938,0x4200000000000000000000000000000000000006,0x940181a94A35A4569E4529A3CDfB74e38FD98631,18,18,18,0,0,0.0,0.0,0,1509787290971,212021907350369894559,212.0219073503699,1.6310995760312003e-20,3.4582884318851477,0,3.4582884318851477,61.30833547472344,1787788800
vAMM-FUSE/WETH,1.4840475141169273e-06,0xc238f8Eaa625BAC4014FfD0E702a4B9a9d12019e,0x51Df914e8ae011028041132b6c65792c94ab9c9c,0x01facC69EC7360640AA5898E852326752801674A,0x4200000000000000000000000000000000000006,0x940181a94A35A4569E4529A3CDfB74e38FD98631,18,18,18,14803379001801875873578,37560105075261760,14803.379001801875,0.03756010507526176,14803416561906951135338,0,9946102470141171285,9.946102470141172,0.0,0,0,0,nan,0
vAMM-ION/WETH,0.0014858474048424592,0x0FAc819628a7F612AbAc1CaD939768058cc0170c,0x9b42e5F8c45222b2715F804968251c747c588fd7,0x3eE5e23eEE121094f1cFc0Ccc79d6C809Ebd22e5,0x4200000000000000000000000000000000000006,0x940181a94A35A4569E4529A3CDfB74e38FD98631,18,18,18,0,0,0.0,0.0,0,70911110151043,9958165357225922088410,9958.165357225922,1.706841188588897e-21,16.997006794492272,0,16.997006794492272,585.8775887795007,1787788800
vAMM-HBR/AERO,5.7515782735423935e-05,0xCCa6105c83C59C600aab47589466BC36288D2377,0xdFE422acDA41b39683403068F2d3A4610ff87Bf9,0x416bd43Bc76D496ff49923c20eCaf86b52Ab078d,0x940181a94A35A4569E4529A3CDfB74e38FD98631,0x940181a94A35A4569E4529A3CDfB74e38FD98631,18,18,18,17980565174318259575,197160750116946735,17.980565174318258,0.19716075011694673,18177725924435206310,0,385471397172416174113,385.4713971724162,0.0,0,0,0,nan,0
vAMM-BTCB/WETH,2.9741472264043282e-06,0xb22c77a609097187a7e084754E1a557B5116D3bE,0xDA14cBF0bD19fA531Fe0A6fFA8370795e7004999,0x0c41F1FC9022FEB69aF6dc666aBfE73C9FFDA7ce,0x4200000000000000000000000000000000000006,0x940181a94A35A4569E4529A3CDfB74e38FD98631,18,18,18,87669407617579762477,7219945128894038,87.66940761757976,0.007219945128894038,87676627562708656515,0,19932766837796084346,19.932766837796084,0.0,0,0,0,nan,0
vAMM-USDz/sUSDz,3.0441496894201274e-06,0x7818B53F423457151407103321d8F961773815D1,0xc4021e049F13e137Cd1D40e7Ddb2173C7F8F02a3,0x04D5ddf5f3a8939889F11E97f8c4BB48317F1938,0xe31eE12bDFDD0573D634124611e85338e2cBF0cF,0x940181a94A35A4569E4529A3CDfB74e38FD98631,18,18,18,0,0,0.0,0.0,0,145280082758,20401924101087418241,20.401924101087417,1.2147236725684395e-21,0.024782700171535464,0,0.024782700171535464,823.2324952436114,1787788800
vAMM-WETH/MOZ,3.856498095254352e-06,0xA32ECde2C559C462610eD35740CC2B9642133c9B,0x68dBA60bEef5fDd4663588950A196FcCC8B7a166,0x4200000000000000000000000000000000000006,0xC227717ef4Ae4D982E14789eB33bA942243c3FEe,0x940181a94A35A4569E4529A3CDfB74e38FD98631,18,18,18,117763918066737697,1906209565385090574241528,0.1177639180667377,1906209.5653850907,1906209683149008640979225,0,25846291891892824134,25.846291891892825,0.0,0,0,0,nan,0
vAMM-ZRO/AERO,6.359844496651696e-07,0x04c7d6172aEf0FF6fA09D21eb929a45a41C8c13e,0x6bA7c122CaEbA0cE6334e72326a5B4568571982b,0x6985884C4392D348587B19cb9eAAf157F13271cd,0x940181a94A35A4569E4529A3CDfB74e38FD98631,0x940181a94A35A4569E4529A3CDfB74e38FD98631,18,18,18,5056583424845207453,17329534807928825292,5.056583424845208,17.329534807928827,22386118232774032745,0,4262374651494972008,4.262374651494972,0.0,0,0,0,nan,0
vAMM-WETH/sUSDz,3.924789356862988e-06,0x5346a22ee56d200971eC63F98c83e233bd07648d,0xA28731068548A4FC77A5942E23037697D80FDE9F,0x4200000000000000000000000000000000000006,0xe31eE12bDFDD0573D634124611e85338e2cBF0cF,0x940181a94A35A4569E4529A3CDfB74e38FD98631,18,18,18,60559820040649219,177455650774655996501,0.06055982004064922,177.455650774656,177516210594696645720,0,26303980664869124722,26.303980664869126,0.0,0,0,0,nan,0
vAMM-JOJO/WETH,1.5934047367258002e-08,0xaC8caC537EFc414C5A2f10D03BCCb13d70cE1de4,0xCeA71355737c796f4d03334fAD8Ca9013E69D345,0x0645bC5cDff2376089323Ac20Df4119e48e4BCc4,0x4200000000000000000000000000000000000006,0x940181a94A35A4569E4529A3CDfB74e38FD98631,18,18,18,7652609821292786289226,6030526815199337,7652.609821292786,0.006030526815199337,7652615851819601488563,0,106790157573313764,0.10679015757331375,0.0,0,0,0,nan,0
vAMM-WETH/PDT,0.08797631950991158,0x04e5A1c883Dafd1eAE6b11BD6d3Eb784D90ce515,0x9EedfC62b0B6C3Ede0887B6E1178305543f8C650,0x4200000000000000000000000000000000000006,0xeff2A458E464b07088bDB441C21A42AB4b61e07E,0x940181a94A35A4569E4529A3CDfB74e38FD98631,18,18,18,0,0,0.0,0.0,0,4264598161032675,589618243666636470678636,589618.2436666365,0.0,0,0,0,nan,0
vAMM-AERO/PRIME,8.684710232769931e-09,0xc0f9A9a1c8354f3D00B540b4a272ac0151255854,0xEeFCB46D600f084dFdF69c33e269deE52e956341,0x940181a94A35A4569E4529A3CDfB74e38FD98631,0xfA980cEd6895AC314E7dE34Ef1bFAE90a5AdD21b,0x940181a94A35A4569E4529A3CDfB74e38FD98631,18,18,18,83254336972261185022,26928904464766956779,83.25433697226119,26.92890446476696,110183241437028141801,0,58205021791376129,0.05820502179137613,0.0,0,0,0,nan,0
vAMM-USDC/sUSDz,2.9016745080180553e-06,0x081064f90247b52914c6c04A3C053543705887D3,0xB1A5FA12346926547CFa90BF3A561a3629FcF742,0x833589fCD6eDb6E08f4c7C32D4f71b54bdA02913,0xe31eE12bDFDD0573D634124611e85338e2cBF0cF,0x940181a94A35A4569E4529A3CDfB74e38FD98631,18,6,18,99,17666860344713942,9.9e-05,0.01766686034471394,17666860344714041,0,19447053896328388316,19.447053896328388,0.0,0,0,0,nan,0
vAMM-AERO/MIGGLES,6.227170890993004e-05,0xD2b0960C6bBAA4dC6d00470ba283B34D2CC97b00,0xa15a735782145B87A741454A108D25Ea45b80166,0x940181a94A35A4569E4529A3CDfB74e38FD98631,0xB1a03EdA10342529bBF8EB700a06C60441fEf25d,0x940181a94A35A4569E4529A3CDfB74e38FD98631,18,18,18,51365700117557240511,1424124892050815361095,51.36570011755724,1424.1248920508153,1475490592168372601606,0,417345665766984457355,417.34566576698444,0.0,0,0,0,nan,0
vAMM-WETH/MOXIE,5.654926367819881e-05,0xc02Dc3a9b6eaD739C56CDEa716D8fEC4Ffe4C799,0xEa2c1c05C17Eed888D0027F17EE23637dfF66FEb,0x4200000000000000000000000000000000000006,0x8C9037D1Ef5c6D1f6816278C7AAF5491d24CD527,0x940181a94A35A4569E4529A3CDfB74e38FD98631,18,18,18,76440970762848068,7558201008829459396345043,0.07644097076284807,7558201.00882946,7558201085270430159193111,0,378993776010653355249,378.99377601065333,0.0,0,0,0,nan,0
vAMM-YFI/wstETH,0.09216003500253611,0x1524a14C55f097bb54F0b24383f3ae3e3743804A,0x8b87e30B3ad8BD645c3f83aea6E1156525081084,0x9EaF8C1E34F05a589EDa6BAfdF391Cf6Ad3CB239,0xc1CBa3fCea344f92D9239c08C0568f6F2F0ee452,0x940181a94A35A4569E4529A3CDfB74e38FD98631,18,18,18,0,0,0.0,0.0,0,4494371007960182,617657550090273078485584,617657.550090273,1.9829328035446493e-21,1224.7734174310249,0,1224.7734174310249,504.3035236556785,1787788800
vAMM-WETH/TIMI,4.801605444234554e-06,0xAcb7907c232907934B2578315dFcFa1bA60E87Af,0xe3f0820BAd87cF3bf736429a3C54a3aC78fEdFFf,0x4200000000000000000000000000000000000006,0x9bEec80e62aA257cED8b0edD8692f79EE8783777,0x940181a94A35A4569E4529A3CDfB74e38FD98631,18,18,18,2514761558436803,30102063144444212366314,0.002514761558436803,30102.06314444421,30102065659205770803117,0,32180411553711097197,32.180411553711096,0.0,0,0,0,nan,0
vAMM-EURC/USDC,7.43529378242546e-08,0xFDF5139b38525627B47538536042A7c8d2686BD9,0x1f077baf21b95314bD251b21aD1f0Cc8D5D86781,0x60a3E35Cc302bFA44Cb288Bc5a4F316Fdb1adb42,0x833589fCD6eDb6E08f4c7C32D4f71b54bdA02913,0x940181a94A35A4569E4529A3CDfB74e38FD98631,18,6,6,43395984,109240556,43.395984,109.240556,152636540,0,498314192450987272,0.49831419245098724,0.0,0,0,0,nan,0
vAMM-OGN/OETHb,0.021518598556876697,0x6FB655476fDCFB9712dD200308D941A1c6D1119e,0x147587251C3A4f8C907eDbC0e5A5eA953bdA743d,0x7002458B1DF59EccB57387bC79fFc7C29E22e6f7,0xDBFeFD2e8460a6Ee4955A68582F85708BAEA60A3,0x940181a94A35A4569E4529A3CDfB74e38FD98631,18,18,18,0,0,0.0,0.0,0,1026970996448152,144217879969889293636103,144217.8799698893,3.0165535561809543e-21,435.04095868804757,0,435.04095868804757,331.504142517539,1787788800
vAMM-TKN/USD+,0.00010594321263589362,0x8f72e491E293ecB223E77123A046521d6d7cAd49,0x668584C6Db676352d50052bF303CC5041C70528f,0x78b3C724A2F663D11373C4a1978689271895256f,0xB79DD08EA68A908A97220C76d19A6aA9cBDE4376,0x940181a94A35A4569E4529A3CDfB74e38FD98631,18,18,6,0,0,0.0,0.0,0,5056106816465,710032555473510755459,710.0325554735107,5.574547271489293e-21,3.958110044783429,0,3.958110044783429,179.38676475387402,1787788800
vAMM-MODE/WETH,6.821007226324789e-05,0x9Bf387B4cdb6BCDB2107981E0e7C16d71576A970,0x224e14Bc695DCDD23602d571dF2203Cf2B515fcF,0x084382D1cc4f4DFD1769b1cC1Ac2A9b1f8365e90,0x4200000000000000000000000000000000000006,0x940181a94A35A4569E4529A3CDfB74e38FD98631,18,18,18,0,0,0.0,0.0,0,3255305604682,457144641106514476459,457.1446411065145,9.957108089444684e-21,4.551838604007962,0,4.551838604007962,100.43076674642897,1787788800
vAMM-COMP/sFRAX,3.252630023764632e-08,0xe253155a71707AAE3b604f6E71Fa2B3F14927949,0xBFe0639305a781459dE0C343f32F82c0D6AB4597,0x9e1028F5F1D5eDE59748FFceE5532509976840E0,0xe4796cCB6bB5DE2290C417Ac337F2b66CA2E770E,0x940181a94A35A4569E4529A3CDfB74e38FD98631,18,18,18,32754071547416219,1526280949949796038,0.03275407154741622,1.526280949949796,1559035021497212257,0,217991615538475485,0.21799161553847549,0.0,0,0,0,nan,0
sAMM-weETH/cbETH,1.221900472422853e-05,0x24Be4F7A32E5d131B30370BC53E93661e09E7dAB,0x284F8F51e047beF175680AC4D69C5C196C62c84a,0x04C0599Ae5A44757c0af6F9eC3b93da8976c150A,0x2Ae3F1Ec7F1F5012CFEab0185bfc7aa3cf0DEc22,0x940181a94A35A4569E4529A3CDfB74e38FD98631,18,18,18,4049669331052440,3954316319343659,0.00404966933105244,0.003954316319343659,8003985650396099,0,81891901650219421465,81.89190165021942,0.0,0,0,0,nan,0
vAMM-MODE/ION,6.171560994494782e-08,0x9E9F21e7812Bb0B47561bf619b275D91D3411721,0x7939EF558975FE95149f1613d90aFE5D22d64714,0x084382D1cc4f4DFD1769b1cC1Ac2A9b1f8365e90,0x3eE5e23eEE121094f1cFc0Ccc79d6C809Ebd22e5,0x940181a94A35A4569E4529A3CDfB74e38FD98631,18,18,18,46146071,57981681,4.6146071e-11,5.7981681e-11,104127752,0,413618684496749408,0.41361868449674943,0.0,0,0,0,nan,0
vAMM-WIF/WETH,1.5016961131475467e-08,0x0aCBE7A8486e77a0476142b54024BF487e5630B7,0x09e834dfa12d94C6366FBCc95C3523CFA77179B2,0x1fba65dE0a9cBD2D1DF82d141897042d36Bb6c86,0x4200000000000000000000000000000000000006,0x940181a94A35A4569E4529A3CDfB74e38FD98631,18,18,18,750030556355641970,119957526308542,0.750030556355642,0.000119957526308542,750150513881950512,0,100643835714827466,0.10064383571482748,0.0,0,0,0,nan,0
vAMM-WETH/RECORD,0.00036743039609317223,0x0AA3E62f4d97C404012352E881a2D0f2712c24A2,0x8351616F224a035Aa5ee6b9f74A68659701af3e9,0x4200000000000000000000000000000000000006,0xE642657E4F43e6DcF0bd73Ef24008394574Dee28,0x940181a94A35A4569E4529A3CDfB74e38FD98631,18,18,18,0,0,0.0,0.0,0,17535513643030,2462522483562014528559,2462.5224835620143,3.2489637373459053e-21,8.000646251491963,0,8.000646251491963,307.79044669082856,1787788800
vAMM-EURC/APX,1.84817437030459e-08,0x642849BC08552c0F38628d4DD2058756A7aC78F9,0xF4Be61A42fd3e1e211c88A8EEF180019A8C46486,0x60a3E35Cc302bFA44Cb288Bc5a4F316Fdb1adb42,0xcacf1ca03983CE6c7E235fb20C70aCC70ed13509,0x940181a94A35A4569E4529A3CDfB74e38FD98631,18,6,18,171529,33572580583419116391604,0.171529,33572.58058341912,33572580583419116563133,0,123864845935719615,0.12386484593571961,0.0,0,0,0,nan,0
vAMM-PEGG/AERO,1.0205084451171451e-06,0x3225b7a01F8f3e68D89292141E22F1C6829e08CD,0xC601B888DB7f9F1792c332C538736B8dd03c3279,0x82B0E1A2374EA0198f62A48B14FFaB53DB6C1E36,0x940181a94A35A4569E4529A3CDfB74e38FD98631,0x940181a94A35A4569E4529A3CDfB74e38FD98631,18,18,18,0,0,0.0,0.0,0,48703490870,6839458622602999039,6.839458622602999,1.3253572014875778e-18,9.064725739743194,0,9.064725739743194,0.7545135748140972,1787788800
vAMM-WETH/LRDS,0.29797970048128564,0x14f7Ce67e16c435C876AFF4092eb547584121312,0x2BED28EDa5B8902FF20256ac001aa6A4bEb1cEc2,0x4200000000000000000000000000000000000006,0xB676f87A6E701f0DE8De5Ab91B56b66109766DB1,0x940181a94A35A4569E4529A3CDfB74e38FD98631,18,18,18,14367220631003153,2400838799925863077436,0.014367220631003152,2400.838799925863,2400853167146494080589,14220445973130582,1997063171371836918711938,1997063.171371837,5.818157054954878e-22,1161.9227179707616,0,1161.9227179707616,1718.757315339875,1787788800
vAMM-APX/cbBTC,2.2096725860767676e-09,0xAA342cCCdc06A1adFF2b41ae046E214c9B197Bb5,0xD3756Dc2545ddBfa4798c9A75062e8491658b482,0xcacf1ca03983CE6c7E235fb20C70aCC70ed13509,0xcbB7C0000aB88B473b1f5aFd9ef808440eed33Bf,0x940181a94A35A4569E4529A3CDfB74e38FD98631,18,18,8,108553829705411647311750,1448,108553.82970541164,1.448e-05,108553829705411647313198,0,14809249540543866,0.014809249540543867,0.0,0,0,0,nan,0
vAMM-USDC/cbBTC,0.004587081985848429,0x9c38b55f9A9Aba91BbCEDEb12bf4428f47A6a0B8,0xEDC76895e053A9bbAC456B5a9c5B49144eee0080,0x833589fCD6eDb6E08f4c7C32D4f71b54bdA02913,0xcbB7C0000aB88B473b1f5aFd9ef808440eed33Bf,0x940181a94A35A4569E4529A3CDfB74e38FD98631,18,6,8,0,0,0.0,0.0,0,218920108023617,30742673018346817320298,30742.673018346817,0.0,0,0,0,nan,0
vAMM-WETH/cbBTC,0.04238291894376829,0x2578365B3dfA7FfE60108e181EFb79FeDdec2319,0xAFdEBa12B6a870d6639d043030b4b49F9C7c62BB,0x4200000000000000000000000000000000000006,0xcbB7C0000aB88B473b1f5aFd9ef808440eed33Bf,0x940181a94A35A4569E4529A3CDfB74e38FD98631,18,18,8,14215463223015762,38850,0.014215463223015761,0.0003885,14215463223054612,3316323928778376,284050780577092479693707,284050.7805770925,0.0,0,0,0,nan,0
vAMM-AERO/KLIMA,2.148627317191869e-08,0xf597b0EE3D51Dab24c213199E02E1b7ab9d7B5e7,0x9C25C4681666fC54c45199F8bc51C736f95F27F0,0x940181a94A35A4569E4529A3CDfB74e38FD98631,0xDCEFd8C8fCc492630B943ABcaB3429F12Ea9Fea2,0x940181a94A35A4569E4529A3CDfB74e38FD98631,18,18,9,62173679758015656921,311908706917,62.17367975801566,311.908706917,62173680069924363838,0,144001234890725212,0.14400123489072522,0.0,0,0,0,nan,0
vAMM-cbBTC/KLIMA,0.00011883663467415989,0x6CD89bc86E4a418f7f11e453384904B4493C4077,0xC913c26A4e8a79604fcd3d5a44560F5bE38aE32c,0xcbB7C0000aB88B473b1f5aFd9ef808440eed33Bf,0xDCEFd8C8fCc492630B943ABcaB3429F12Ea9Fea2,0x940181a94A35A4569E4529A3CDfB74e38FD98631,18,8,9,0,0,0.0,0.0,0,5671483925936,796444409247398156992,796.4444092473981,0.0,0,0,0,nan,0
vAMM-WELS/PEGG,0.00033614415592647824,0x6D7Da1A335daBcA718E4ee5357041C96550D7563,0x076C466b97b7C0DAFacFDf855de150EB0E5adb58,0x7F62ac1e974D65Fab4A81821CA6AF659A5F46298,0x82B0E1A2374EA0198f62A48B14FFaB53DB6C1E36,0x940181a94A35A4569E4529A3CDfB74e38FD98631,18,18,18,6388369290811198852861,209350199898264950579,6388.369290811199,209.35019989826495,6597719490709463803440,0,2252841764014064006911,2252.8417640140638,0.0,0,0,0,nan,0
sAMM-DOLA/zunUSD,1.9653597562617342e-05,0x557c843afA9D8214534A2101D7B1200F1b0F6f6a,0x4C601a90a08A4660D439D8b22a11b739592263E3,0x4621b7A9c75199271F773Ebd9A499dbd165c3191,0xD5B9dDB04f20eA773C9b56607250149B26049B1F,0x940181a94A35A4569E4529A3CDfB74e38FD98631,18,18,18,3707670806605054901,9946207702829917764,3.707670806605055,9.946207702829918,13653878509434972665,0,131718623160813013160,131.71862316081302,0.0,0,0,0,nan,0
sAMM-jEUR/EURC,0.020336094203307495,0xC75799e0646470128a42D07335aB3BFa9E8Ee7C2,0x533eb2cEf740654D09764334Bd86E62F0a253d1a,0x4154550f4Db74Dc38d1FE98e1F3F28ed6daD627d,0x60a3E35Cc302bFA44Cb288Bc5a4F316Fdb1adb42,0x940181a94A35A4569E4529A3CDfB74e38FD98631,18,18,6,10450803436537667468,2199660,10.450803436537667,2.19966,10450803436539867128,970541215672244,136292723018977348357460,136292.72301897735,7.440518359396237e-22,101.4088507874807,0,101.4088507874807,1343.9923829193337,1787788800
vAMM-WETH/Silo,8.971855098151219e-05,0x57bd5C33c8002A634b389Ab4de5e09eC1C31Dce7,0x99c34f5E11d91BF19A40CE316C5fBEAb44259D23,0x4200000000000000000000000000000000000006,0xF734eFdE0C424BA2B547b186586dE417b0954802,0x940181a94A35A4569E4529A3CDfB74e38FD98631,18,18,18,81752104285939287,7846451031252817424730,0.08175210428593929,7846.451031252817,7846532783357103364017,0,601294697808709969488,601.29469780871,0.0,0,0,0,nan,0
vAMM-WMTX/WETH,0.007530851204491308,0x1DDa8b6469df243971381f1f3F4137814ca68722,0xf2470b185647d1Fd0F432C223Ab0e80e0b23dCD3,0x3e31966d4f81C72D2a55310A6365A56A4393E98D,0x4200000000000000000000000000000000000006,0x940181a94A35A4569E4529A3CDfB74e38FD98631,18,6,18,0,0,0.0,0.0,0,359884024995552,50471846119985542474042,50471.846119985545,3.783038151327779e-21,190.93691943985027,0,190.93691943985027,264.33780469515426,1787788800
vAMM-cbBTC/TAROT,0.04773624868243905,0x2E26a29f782e51296d9D31f78D4883462a2d339d,0xD9f451A489d622E46E77b74dBD95A5616bca41e2,0xcbB7C0000aB88B473b1f5aFd9ef808440eed33Bf,0xF544251D25f3d243A36B07e7E7962a678f952691,0x940181a94A35A4569E4529A3CDfB74e38FD98631,18,8,18,0,0,0.0,0.0,0,2278225061965987,319928854311784492824524,319928.85431178444,1.14473955953837e-22,36.62352157684875,0,36.62352157684875,8735.611446880213,1787788800
vAMM-WETH/Neiro,2.3182067023279145e-05,0xd661D3D5ad3D3DEB7E781f5C6823da8d3a3B0CE8,0xF8a98eaA0c0033DE1Fb0D9580e16A2b7343F439e,0x4200000000000000000000000000000000000006,0x5Ca35eBC4f25B042d2cAE75914c7e882E631fA9A,0x940181a94A35A4569E4529A3CDfB74e38FD98631,18,18,9,0,0,0.0,0.0,0,1106370264490,155366463600334770347,155.36646360033475,0.0,0,0,0,nan,0
vAMM-USDC/CARV,6.432989176561422e-06,0xbe54ED1762172820d088aa676a8E2947AeEB10b0,0xCe3Dff721ef6E293664da2Bb4Dcbca563aa43055,0x833589fCD6eDb6E08f4c7C32D4f71b54bdA02913,0xc08Cd26474722cE93F4D0c34D16201461c10AA8C,0x940181a94A35A4569E4529A3CDfB74e38FD98631,18,6,18,6582318,31715557499586455352,6.582318,31.715557499586456,31715557499593037670,0,43113962949806059481,43.11396294980606,0.0,0,0,0,nan,0
vAMM-WETH/TALENT,5.68358731793039e-08,0x53C1d63A83506623B866e880546FF87885b2120E,0x2b3197894d2D8D0355e344bda8Ece023a82C6251,0x4200000000000000000000000000000000000006,0x9a33406165f562E16C3abD82fd1185482E01b49a,0x940181a94A35A4569E4529A3CDfB74e38FD98631,18,18,18,3055128343603969,154431294202855695159,0.003055128343603969,154.4312942028557,154434349331199299128,0,380914635982986203,0.3809146359829862,0.0,0,0,0,nan,0
vAMM-WETH/VRTX,4.418844720559772e-06,0xe20eEb487186EC2e9272B9D2B5732d31e115d3e3,0x30cf555B45c81CEc2e5770CCE484De79f37e6eA6,0x4200000000000000000000000000000000000006,0xFB0c734Fc3008683c5efF45bcf8128836C4D97D0,0x940181a94A35A4569E4529A3CDfB74e38FD98631,18,18,18,3412379052805663,22492999625404871994330,0.003412379052805663,22492.99962540487,22493003037783924799993,0,29615145049100502613,29.6151450491005,0.0,0,0,0,nan,0
vAMM-WETH/YFI,3.26842700637554e-06,0xA5B1C80B6ddC11e751e405d9374265055762F66e,0x3DcB77970F4f6b6dCa82e845AAb2e2128fc280D6,0x4200000000000000000000000000000000000006,0x9EaF8C1E34F05a589EDa6BAfdF391Cf6Ad3CB239,0x940181a94A35A4569E4529A3CDfB74e38FD98631,18,18,18,0,0,0.0,0.0,0,155987739439,21905033101943243051,21.905033101943243,0.0,0,0,0,nan,0
vAMM-WETH/SYRUP,0.0011158460551420313,0xFC42A013ebD8B160C35c6A0FE876DE4e42da262a,0x9b872778b8010F6Ebf9f230f13A7e97da09a762F,0x4200000000000000000000000000000000000006,0x688AEe022AA544f150678B8E5720b6b96a9E9a2F,0x940181a94A35A4569E4529A3CDfB74e38FD98631,18,18,18,0,0,0.0,0.0,0,53254456460389,7478412314816904141805,7478.412314816905,4.6167440345445345e-21,34.52591544229533,0,34.52591544229533,216.60286828066592,1787788800
vAMM-fBOMB/USDC,0.12379301619682279,0xFf8e0bD2d8F02904e7e18Dd00ea50aeC68f37A10,0x0254263E74061b410Cbc33bf11fCe4A961ea8fE1,0x74ccbe53F77b08632ce0CB91D3A545bF6B8E0979,0x833589fCD6eDb6E08f4c7C32D4f71b54bdA02913,0x940181a94A35A4569E4529A3CDfB74e38FD98631,18,18,6,137481165612218929827,12888720,137.48116561221892,12.88872,137481165612231818547,6095220141409551,829662131750611303349271,829662.1317506112,0.0,0,0,0,nan,0
vAMM-USDC/RECORD,2.1005408224734915e-06,0x2508ec71d3E0f227D2AA3F190f055E288770Bb20,0xC27d16C68AD5C22Ff15d20117DA3a40b6A7e89cf,0x833589fCD6eDb6E08f4c7C32D4f71b54bdA02913,0xE642657E4F43e6DcF0bd73Ef24008394574Dee28,0x940181a94A35A4569E4529A3CDfB74e38FD98631,18,6,18,212103,236055848409943581150,0.212103,236.0558484099436,236055848409943793253,0,14077847282044555790,14.077847282044555,0.0,0,0,0,nan,0
vAMM-EXTRA/cbBTC,0.0010689414345792694,0x112aAB1af0393325Ae24ba4cF4555783574E16F7,0x0c807068a3b80B56Ae3547Dc1Cee72F6f0D550B6,0x2dAD3a13ef0C6366220f989157009e501e7938F8,0xcbB7C0000aB88B473b1f5aFd9ef808440eed33Bf,0x940181a94A35A4569E4529A3CDfB74e38FD98631,18,18,8,0,0,0.0,0.0,0,51017595003502,7164057041146356704178,7164.057041146357,1.329029337219162e-21,9.521241981195013,0,9.521241981195013,752.4288380965185,1787788800
vAMM-HENLO/WETH,3.065763540376588e-07,0x9342001C286d21C7507694Cd52A9AA73C3d5ce56,0xeD34DbC85cb8D0dE1dFc53309B7837D8bda43Cba,0x23A96680Ccde03Bd4Bdd9a3e9a0Cb56A5D27F7c9,0x4200000000000000000000000000000000000006,0x940181a94A35A4569E4529A3CDfB74e38FD98631,18,18,18,311601759921104639026076924161684,40298960239686980141,311601759921104.6,40.29896023968698,311601759921144937986316611141825,0,2054678036366822742,2.0546780363668224,0.0,0,0,0,nan,0
vAMM-WETH/CHAMP,0.0007609609044772972,0x26029Ed89A19B919b5698F10cf776a4f4AEA1529,0xf2c38dE50A250C0060fB45eBE4504B67f6F1be3C,0x4200000000000000000000000000000000000006,0xEb6d78148F001F3aA2f588997c5E102E489Ad341,0x940181a94A35A4569E4529A3CDfB74e38FD98631,18,18,18,0,0,0.0,0.0,0,36317338909610,5099968201628739175722,5099.968201628739,6.291820032815252e-21,32.088082097728474,0,32.088082097728474,158.93652310213227,1787788800
vAMM-USDC/MCADE,0.00047350465907133085,0x1c3FCeA97a3161434901097878faF90227cD3394,0x918A82Cc55E919087944849812C44D07a7f2d5aD,0x833589fCD6eDb6E08f4c7C32D4f71b54bdA02913,0xc48823EC67720a04A9DFD8c7d109b2C3D6622094,0x940181a94A35A4569E4529A3CDfB74e38FD98631,18,6,18,16241286,8592064912134197137484,16.241286,8592.064912134198,8592064912134213378770,0,3173433339844978075641,3173.4333398449785,0.0,0,0,0,nan,0
vAMM-WETH/DOGE,2.5922244119718862e-05,0x43Cdb48293FbDF1FA1dc56965AC97e0df211D7e8,0xE737086945b0288D09Dd18dCeE8C82971A0a0e04,0x4200000000000000000000000000000000000006,0x67f0870BB897F5E1c369976b4A2962d527B9562c,0x940181a94A35A4569E4529A3CDfB74e38FD98631,18,18,18,265048691806375,379097883144953020093,0.000265048691806375,379.097883144953,379098148193644826468,0,173731160099786615049,173.73116009978662,0.0,0,0,0,nan,0
vAMM-WETH/FAI,0.0005066980653282702,0x5447F7FE76894d98753A0A6d69B9cb840037c13D,0xC8A601c97574088a50A63fca15aF9448fd36579A,0x4200000000000000000000000000000000000006,0xb33Ff54b9F7242EF1593d2C9Bcd8f9df46c77935,0x940181a94A35A4569E4529A3CDfB74e38FD98631,18,18,18,83211299745522085,46293884018114136089470,0.08321129974552209,46293.884018114135,46293967229413881611555,24182741787643,3395895907130766145583,3395.895907130766,0.0,0,0,0,nan,0
vAMM-INTX/USDC,1.2260443474724987e-05,0xA3fCbeF28465ddBAE92F5Bf6EF2D22a6C23ea160,0x5A303807a8EC667Be61f500bF09A8ACCF1B58303,0x7D27187eb33a7B1d99258FF222633670F84fa342,0x833589fCD6eDb6E08f4c7C32D4f71b54bdA02913,0x940181a94A35A4569E4529A3CDfB74e38FD98631,18,18,6,1774846307290070491749,100732671,1774.8463072900704,100.732671,1774846307290171224420,0,82169624603663825649,82.16962460366382,0.0,0,0,0,nan,0
vAMM-USDC/MET,0.19143197114018295,0xdA9b1279A069A7166560f3D7f20B5b0237af8459,0x0472A241929cC4E34951bD761dFAc665c4692171,0x833589fCD6eDb6E08f4c7C32D4f71b54bdA02913,0x93dc5Cb35627A759848c7A7F0079EA7b49E435a5,0x940181a94A35A4569E4529A3CDfB74e38FD98631,18,6,18,0,0,0.0,0.0,0,9136246602557948,1282979138410087397185972,1282979.1384100874,5.366979146629642e-23,68.85722281407806,0,68.85722281407806,18632.455477826483,1787788800
vAMM-USDC/AUKI,0.010974058352827686,0x437846Bee5e09A17d4fd944e97fD29a54c30Ed7f,0x71dC14Ae59089140c2DD12cE22d1d0517226885D,0x833589fCD6eDb6E08f4c7C32D4f71b54bdA02913,0xF9569cFb8FD265e91aa478d86ae8c78b8AF55Df4,0x940181a94A35A4569E4529A3CDfB74e38FD98631,18,6,18,0,0,0.0,0.0,0,523745865150572,73548257621307543306218,73548.25762130755,6.795332038220934e-21,499.78483136939815,0,499.78483136939815,147.15984360667196,1787788800
vAMM-OX/cbBTC,8.71904932347801e-05,0xdC4260f59CBc870c6BE271100430C23FD632D33E,0x5AFCf03d8D37bcB6f3152C250F168bd70Fcb8119,0xba0Dda8762C24dA9487f5FA026a9B64b695A07Ea,0xcbB7C0000aB88B473b1f5aFd9ef808440eed33Bf,0x940181a94A35A4569E4529A3CDfB74e38FD98631,18,18,8,0,0,0.0,0.0,0,4161236502419,584351627482290169418,584.3516274822902,1.1606169356766399e-22,0.0678208395246153,0,0.0678208395246153,8616.107255207333,1787788800
vAMM-AERO/AUKI,0.0003013692353861691,0x16f7e8199B46Ff86D33be983Ee6c642d9c14A5ae,0x7a1b8b9a035b9B578714987D4887177daB22c709,0x940181a94A35A4569E4529A3CDfB74e38FD98631,0xF9569cFb8FD265e91aa478d86ae8c78b8AF55Df4,0x940181a94A35A4569E4529A3CDfB74e38FD98631,18,18,18,0,0,0.0,0.0,0,14383089445525,2019779870917775313811,2019.7798709177753,1.1322423361968256e-20,22.868802796512647,0,22.868802796512647,88.3203151861443,1787788800
vAMM-MET/cbBTC,0.030631197000996067,0x5aAc53d1b18F1eAf908C223a94916B339B74309F,0x72Ee712cA4Ea8E2D3d91E0846d04EDf31485c435,0x93dc5Cb35627A759848c7A7F0079EA7b49E435a5,0xcbB7C0000aB88B473b1f5aFd9ef808440eed33Bf,0x940181a94A35A4569E4529A3CDfB74e38FD98631,18,18,8,0,0,0.0,0.0,0,1461898803349311,205290613175734078421678,205290.6131757341,4.505617796953242e-23,9.249610402720313,0,9.249610402720313,22194.514605216027,1787788800
vAMM-VIRTUAL/AIXBT,0.0006248099066669865,0xeb3458046d3aA2fdbBbF4FEe58C755744ec42ce2,0xBE208720227e7b8832BC3DE3B75E02C187783BD8,0x0b3e328455c4059EEb9e3f84b5543F74E24e7E1b,0x4F9Fd6Be4a90f2620860d680c0d4d5Fb53d1A825,0x940181a94A35A4569E4529A3CDfB74e38FD98631,18,18,18,0,0,0.0,0.0,0,29819977011787,4187482743614877664403,4187.482743614877,2.4555261269009167e-22,1.0282473282893065,0,1.0282473282893065,4072.446996367679,1787788800
vAMM-WETH/HEU,0.0008718384966964597,0xF930E1342fC23c5c7BceaE58cBbc776Eeb4cFb87,0xa936fcE0237cA8F36d66BC2605B0f28584f8036b,0x4200000000000000000000000000000000000006,0xEF22cb48B8483dF6152e1423b19dF5553BbD818b,0x940181a94A35A4569E4529A3CDfB74e38FD98631,18,18,18,7292195722813,15068151616983967937,7.292195722813e-06,15.068151616983968,15068158909179690750,41609484402665,5843071022369981266712,5843.071022369981,1.2843217105711673e-21,7.504382970439034,0,7.504382970439034,778.6211132063453,1787788800
vAMM-BTCB/MIGGLES,6.753997632121522e-08,0x45b09f8238B10555b0D4A46692e75afbD77faC25,0x432Dcaa35D9cD4d2b421e3815a372Dc135Be1845,0x0c41F1FC9022FEB69aF6dc666aBfE73C9FFDA7ce,0xB1a03EdA10342529bBF8EB700a06C60441fEf25d,0x940181a94A35A4569E4529A3CDfB74e38FD98631,18,18,18,1604026898471997906,8401470243220538976,1.6040268984719979,8.401470243220539,10005497141692536882,0,452653650864703704,0.45265365086470366,0.0,0,0,0,nan,0
vAMM-WETH/MCADE,0.0003304840504569501,0x2b4A56fC7F4b78b7E27801Df979d350AFDFA26b5,0x3cC1Cf416751439bd4c8232E0B2023BF6CC2c94e,0x4200000000000000000000000000000000000006,0xc48823EC67720a04A9DFD8c7d109b2C3D6622094,0x940181a94A35A4569E4529A3CDfB74e38FD98631,18,18,18,338055570098269565,365891694294499845140349,0.3380555700982696,365891.6942944999,365892032350069943409914,0,2214907676017405581797,2214.9076760174053,0.0,0,0,0,nan,0
vAMM-WETH/AIXCB,0.00020117807894844822,0x19C3c7EEfb070EE00ddE367A9768De1DF52cbE5d,0x8D02e0814526448e6be0Faca8e00925691Cda345,0x4200000000000000000000000000000000000006,0x76C71F1703Fbf19FFdcF3051E1e684Cb9934510f,0x940181a94A35A4569E4529A3CDfB74e38FD98631,18,18,18,0,0,0.0,0.0,0,9601526518325,1348297658217541222428,1348.297658217541,2.2263250419891586e-20,30.017488405450514,0,30.017488405450514,44.91707100893624,1787788800
vAMM-WETH/SAINT,0.0013107243277112365,0x971342176D5580cCf41d028D8bdf9DA71946fFDb,0x8890a5c5698e2ec7Fd9B496b7c661B14c8D68AeD,0x4200000000000000000000000000000000000006,0x7588880d9c78E81FAde7b7e8DC0781E95995a792,0x940181a94A35A4569E4529A3CDfB74e38FD98631,18,18,18,19300725413180166,50549231370282195098902,0.019300725413180165,50549.23137028219,50549250671007608279068,0,8784488602630892891138,8784.488602630892,0.0,0,0,0,nan,0
vAMM-cbETH/SPECTRA,0.008487190468048123,0xEf70044C0249a07234E07D673606e09b364dC977,0xeF495e3a8345e2E2683745Fa472640C8D360b55b,0x2Ae3F1Ec7F1F5012CFEab0185bfc7aa3cf0DEc22,0x64FCC3A02eeEba05Ef701b7eed066c6ebD5d4E51,0x940181a94A35A4569E4529A3CDfB74e38FD98631,18,18,18,0,0,0.0,0.0,0,397241465561800,56881242194622273033381,56881.24219462227,1.880833491000489e-20,1069.8414532935572,0,1069.8414532935572,53.16791756340221,1787788800
vAMM-cbBTC/DEUS,0.04411117847086875,0x982534133b2B71Ab012404256Be316344Bb9f261,0x0Cf6C003718eBEe0F5C7a6C1445Cc73FE3e8fbEc,0xcbB7C0000aB88B473b1f5aFd9ef808440eed33Bf,0xDE5ed76E7c05eC5e4572CfC88d1ACEA165109E44,0x940181a94A35A4569E4529A3CDfB74e38FD98631,18,8,18,0,0,0.0,0.0,0,2105256190821606,295633594596202459457202,295633.5945962025,6.161451273745859e-23,18.215319879868385,0,18.215319879868385,16229.942517942682,1787788800
vAMM-USR/USDC,4.875812974148297e-08,0x8E5a94965005FF2eB41B69B9ADf41273f38d872a,0x2d1102727dFB75aDa41272761C132c47fAECfEdC,0x35E5dB674D8e93a03d814FA0ADa70731efe8a4b9,0x833589fCD6eDb6E08f4c7C32D4f71b54bdA02913,0x940181a94A35A4569E4529A3CDfB74e38FD98631,18,18,6,257488445314352846337,76674203,257.4884453143529,76.674203,257488445314429520540,0,326777512207751551,0.32677751220775153,0.0,0,0,0,nan,0
vAMM-WETH/ODOS,5.764735324408101e-06,0xd085Ef129A79d1fDE3912cD288A0F9558b33A282,0x5e6334757f1ae0054EFd7E6f33f56F5a54799597,0x4200000000000000000000000000000000000006,0xca73ed1815e5915489570014e024b7EbE65dE679,0x940181a94A35A4569E4529A3CDfB74e38FD98631,18,18,18,26099439898260098,23370329088559154662442,0.026099439898260097,23370.329088559156,23370355187999052922540,0,38635318414264708257,38.6353184142647,0.0,0,0,0,nan,0
vAMM-WETH/GEKKO,7.227498341908433e-08,0x1977911144b93b6f949dECFF7D7EA7E081F7F08C,0xd4c7c645D4B4e991D0eF00D652CA32e472033a95,0x4200000000000000000000000000000000000006,0xf7b0dd0B642a6ccc2fc4d8FfE2BfFb0caC8C43C8,0x940181a94A35A4569E4529A3CDfB74e38FD98631,18,18,18,148261810990365774,262636671342187912580406,0.14826181099036578,262636.6713421879,262636819603998902946180,0,484387719581685061,0.4843877195816851,0.0,0,0,0,nan,0
vAMM-Anon/USDC,0.025684123438552975,0x3667af77FF1481aca513d2C97A32C0ac31ba813D,0x0c41ADAA6489213FE6ab44A4794a8212e84a6eF4,0x79bbF4508B1391af3A0F4B30bb5FC4aa9ab0E07C,0x833589fCD6eDb6E08f4c7C32D4f71b54bdA02913,0x940181a94A35A4569E4529A3CDfB74e38FD98631,18,18,6,10953928884927168370,3222823,10.95392888492717,3.222823,10953928884930391193,1679478184865801,172135272722457593482855,172135.2727224576,2.8822443945526513e-21,496.1359249090953,0,496.1359249090953,346.95184138096255,1787788800
vAMM-WETH/FLOCK,0.0071918674998702236,0x4910C78a1C75E36548F1f2f1f4dCb71A4F69fC07,0x35388feDFe7C0d8EA803f2Ae5534F357b0b361ff,0x4200000000000000000000000000000000000006,0x5aB3D4c385B400F3aBB49e80DE2fAF6a88A7B691,0x940181a94A35A4569E4529A3CDfB74e38FD98631,18,18,18,0,22480326826669060887,0.0,22.48032682666906,22480326826669060887,343253954044476,48199973669947705166008,48199.9736699477,0.0,0,0,0,nan,0
vAMM-BNKR/wBLT,0.0018044914609511454,0x17c9A4b6CAD28F5074C81B056C32bAD334329f25,0x378d2D0f69C0c838DF8019f62De8a891655381B9,0x22aF33FE49fD1Fa80c7149773dDe5890D3c76F3b,0x4E74D4Db6c0726ccded4656d0BCE448876BB4C7A,0x940181a94A35A4569E4529A3CDfB74e38FD98631,18,18,18,0,0,0.0,0.0,0,86122100692728,12093721263226855194063,12093.721263226857,0.0,0,0,0,nan,0
vAMM-USDC/SEND,0.0008868323717326423,0x69bc1d350fE13F499c6AedEd2C5eA9471b2a599A,0x342D92F92b2365e15126b852A56820427Af56900,0x833589fCD6eDb6E08f4c7C32D4f71b54bdA02913,0xEab49138BA2Ea6dd776220fE26b7b8E446638956,0x940181a94A35A4569E4529A3CDfB74e38FD98631,18,6,18,0,0,0.0,0.0,0,42328227704209,5943560134824783021590,5943.560134824783,0.0,0,0,0,nan,0
sAMM-Bold/USDC,2.8949079714270844e-06,0xeb754F9750e1d2CD87835592d37eE9f15c217b50,0xc6081F7DA8762D5f76E1897Bf6dcC773aa62Ae7c,0x087C440F251Ff6Cfe62B86DdE1bE558B95b4bb9b,0x833589fCD6eDb6E08f4c7C32D4f71b54bdA02913,0x940181a94A35A4569E4529A3CDfB74e38FD98631,18,18,6,457269994563672917,405941,0.4572699945636729,0.405941,457269994564078858,0,19401704495004265347,19.401704495004267,0.0,0,0,0,nan,0
vAMM-AERO/uADA,9.600029928940411e-07,0xa65bC40C8368Ac2f814b13caCC75a47A30a2ac81,0x6a1a65e681FB4a3DE02556c418f580ade8397e18,0x940181a94A35A4569E4529A3CDfB74e38FD98631,0xa3A34A0D9A08CCDDB6Ed422Ac0A28a06731335aA,0x940181a94A35A4569E4529A3CDfB74e38FD98631,18,18,18,11408852174452796814,13888891988572696362,11.408852174452797,13.888891988572697,25297744163025493176,0,6433950428230047049,6.433950428230046,0.0,0,0,0,nan,0
vAMM-wIRON/USDC,0.003462020573732452,0x9941dfa4d724fd7a2E5E5d9777560b20de98cE0d,0x9d21b1fc0Ccd64Cff8bDf29F45eb426f97f47680,0x166e70941262AE7cBf9df5c8897A6242c546457d,0x833589fCD6eDb6E08f4c7C32D4f71b54bdA02913,0x940181a94A35A4569E4529A3CDfB74e38FD98631,18,8,6,0,0,0.0,0.0,0,165230746286754,23202499281547189171862,23202.499281547192,0.0,0,0,0,nan,0
vAMM-Bold/POOL,3.7248516078455337e-06,0x72cCcbd837E15500169323d3cC3FCC266db03700,0x191863cC6560E877B09dD3d7847DFD4CB84d6575,0x087C440F251Ff6Cfe62B86DdE1bE558B95b4bb9b,0xd652C5425aea2Afd5fb142e120FeCf79e18fafc3,0x940181a94A35A4569E4529A3CDfB74e38FD98631,18,18,18,9399039588961572171,45332012564554350237,9.399039588961573,45.33201256455435,54731052153515922408,0,24963995711247023403,24.963995711247023,0.0,0,0,0,nan,0
sAMM-USDC/cUSDO,4.028819207108292e-05,0x5feDe9d65714907381A76AA9bF949219dD1c5023,0x78Fff283c03557ca8BBa0A134386b717e04490dc,0x833589fCD6eDb6E08f4c7C32D4f71b54bdA02913,0x83dB73EF5192de4B6a4c92bD0141Ba1a0Dc87c65,0x940181a94A35A4569E4529A3CDfB74e38FD98631,18,6,18,0,0,0.0,0.0,0,1922836060098,270011898449329590225,270.0118984493296,2.442537925696755e-22,0.06595143023518683,0,0.06595143023518683,4094.1022429149853,1787788800
vAMM-USDC/SQD,0.05286212534634595,0xa6C7Fbd1b4c71673DFDaDfaa9D17F14833D3245E,0x1EfB3Df7B4cc8C41dA408be577732cb1E8Af1546,0x833589fCD6eDb6E08f4c7C32D4f71b54bdA02913,0xd4554BEa546EFa83C1E6B389ecac40EA999B3E78,0x940181a94A35A4569E4529A3CDfB74e38FD98631,18,6,18,0,0,0.0,0.0,0,2522996171585929,354282535082484138000403,354282.53508248413,0.0,0,0,0,nan,0
vAMM-DRB/WETH,1.7656672300065653e-05,0xDb6556a14976894a01085c2AbF3c85C86D1C15C8,0x0d3205883Db8C717E79C131046e21aB3C1A3eBAD,0x3ec2156D4c0A9CBdAB4a016633b7BcF6a8d68Ea2,0x4200000000000000000000000000000000000006,0x940181a94A35A4569E4529A3CDfB74e38FD98631,18,18,18,0,0,0.0,0.0,0,842795214499,118335208480609059280,118.33520848060905,0.0,0,0,0,nan,0
vAMM-USDC/AITECH,0.0011683902002056355,0x95b9662f58d638b65Ac957ACb1365697c34c832b,0x018F92c3FeF19f88a03D4d9E700Afe9FAd496D60,0x833589fCD6eDb6E08f4c7C32D4f71b54bdA02913,0xD71552d9e08E5351AdB52163B3bbbC4d7DE53Ce1,0x940181a94A35A4569E4529A3CDfB74e38FD98631,18,6,18,0,0,0.0,0.0,0,55763783262604,7830563742609661958944,7830.563742609662,0.0,0,0,0,nan,0
vAMM-BNKR/USDC,1.3596060882804818e-05,0xbd583f38ea4A388E938E7cC5Aa993CCCb91A704e,0xa8d13F77c9598cF68237d6e547ef84242592252B,0x22aF33FE49fD1Fa80c7149773dDe5890D3c76F3b,0x833589fCD6eDb6E08f4c7C32D4f71b54bdA02913,0x940181a94A35A4569E4529A3CDfB74e38FD98631,18,18,6,168050557293007587461656,85096187,168050.5572930076,85.096187,168050557293007672557843,0,91120946899817542198,91.12094689981754,0.0,0,0,0,nan,0
vAMM-OVER/USDC,0.05895950172268259,0x889339213a0CC0a795F69cae5b1Db2223f944A4E,0xD4Ab5057b2eD8f62C61F9259Ce94975D60807A7D,0x7750C092e284e2c7366f50C8306F43c7EB2e82a2,0x833589fCD6eDb6E08f4c7C32D4f71b54bdA02913,0x940181a94A35A4569E4529A3CDfB74e38FD98631,18,18,6,0,0,0.0,0.0,0,2814414210979690,395147217419928623335265,395147.21741992864,4.078303931207056e-22,161.15304502092243,0,161.15304502092243,2451.9996961188467,1787788800
vAMM-WETH/OVER,0.005513369690881572,0xB452f81D9322936C2c8Ac6445f6892cB957aFB4c,0x07005714c9b5DEac0449B1f4054d8000b210C97C,0x4200000000000000000000000000000000000006,0x7750C092e284e2c7366f50C8306F43c7EB2e82a2,0x940181a94A35A4569E4529A3CDfB74e38FD98631,18,18,18,0,0,0.0,0.0,0,263136849616590,36950663223144036817570,36950.66322314404,0.0,0,0,0,nan,0
sAMM-msUSD/USDT,1.28665490021652e-06,0x5bD7A6393Bc746E9a9a8481A1e4b1dc5792bb242,0x4804726Db38Cd188Ee52B7E3e6aBdB6124552A9f,0x526728DBc96689597F85ae4cd716d4f7fCcBAE9d,0xfde4C96c8593536E31F229EA8f37b2ADa2699bb2,0x940181a94A35A4569E4529A3CDfB74e38FD98631,18,18,6,884595047818152,490,0.000884595047818152,0.00049,884595047818642,0,8623175039565808349,8.623175039565808,0.0,0,0,0,nan,0
vAMM-WETH/ZENT,9.498736490405371e-05,0x82bdbC291762b478dE875E44fFF7b9717651bfe5,0xc771e723363c5434E4f69694F3404008F675410C,0x4200000000000000000000000000000000000006,0xdf49c226ED9CF05Be0e38cdb86Df4E8A945158B1,0x940181a94A35A4569E4529A3CDfB74e38FD98631,18,18,18,0,0,0.0,0.0,0,4533483761462,636606345630772611298,636.6063456307726,1.3882630231403267e-21,0.8837770499356922,0,0.8837770499356922,720.3245950741707,1787788800
vAMM-cbBTC/EDGE,0.009467280003090765,0x594b83709464A83F37aC77E69DDD447a8A33c0EE,0x6e64524E3620C0Cd6af727B3D9Bd998396441aD0,0xcbB7C0000aB88B473b1f5aFd9ef808440eed33Bf,0xED6E000dEF95780fb89734c07EE2ce9F6dcAf110,0x940181a94A35A4569E4529A3CDfB74e38FD98631,18,8,18,26369,384033096888326961332,0.00026369,384.03309688832695,384033096888326987701,461802785312933,63449812845305015634755,63449.812845305016,0.0,0,0,0,nan,0
vAMM-ZORA/WETH,2.6693449834234356e-08,0x84e6bEA6Efe00399B6697fE9BE3D303FCf3F4f8e,0x9e2f066e89B669e1b5cdb7b9e6e4b2B14ec02255,0x1111111111166b7FE7bd91427724B487980aFc69,0x4200000000000000000000000000000000000006,0x940181a94A35A4569E4529A3CDfB74e38FD98631,18,18,18,1587210298557925372842,15959494322424012,1587.2102985579254,0.015959494322424012,1587226258052247796854,0,178899789128954746,0.17889978912895474,0.0,0,0,0,nan,0
vAMM-WETH/KING,4.8070056615603175e-05,0xdc5f7C7916C7792603FDc17F05f7929b423015ac,0x58dA2a684342294d3E4991924Ce59a80538f8432,0x4200000000000000000000000000000000000006,0xE22C243c7559C667a1EB94B593369D192c5fbac0,0x940181a94A35A4569E4529A3CDfB74e38FD98631,18,18,18,0,0,0.0,0.0,0,2294251030439,322166038685609630446,322.16603868560964,1.4785578195010328e-20,4.763411156762803,0,4.763411156762803,67.63347275370461,1787788800
vAMM-AERO/TOWER,8.669459779368935e-05,0x41fe2f2FD39E87E7e92a62E04e689bE807066A44,0xaB0666D38CB5983570c5106E5eD39523AF38f099,0x940181a94A35A4569E4529A3CDfB74e38FD98631,0xf7C1CEfCf7E1dd8161e00099facD3E1Db9e528ee,0x940181a94A35A4569E4529A3CDfB74e38FD98631,18,18,18,0,0,0.0,0.0,0,4137719602976,581028130879488198096,581.0281308794882,0.0,0,0,0,nan,0
vAMM-BOLD/POOL,4.7406403191869655e-05,0xAa10db59a60e511872a70aAAf1aff09fb173ba75,0xD51CEdaA7cD1Cd3cb8bc8F4C189698e9967240ff,0x03569CC076654F82679C4BA2124D64774781B01D,0xd652C5425aea2Afd5fb142e120FeCf79e18fafc3,0x940181a94A35A4569E4529A3CDfB74e38FD98631,18,18,18,0,0,0.0,0.0,0,2262590850936,317718226271031093455,317.7182262710311,2.5532147521437858e-20,8.112028623401539,0,8.112028623401539,39.16630981237901,1787788800
vAMM-WETH/APU,0.000594333849834384,0x24dFbc9e3eEDA5A4d5C8851eD4E656d306815498,0x29Ea6bdB07e55c53b32475E0836c01557803E099,0x4200000000000000000000000000000000000006,0xB9926b3fBc5873Db0182016D55727D5ae89E5EFd,0x940181a94A35A4569E4529A3CDfB74e38FD98631,18,18,18,0,0,0.0,0.0,0,28366105789007,3983231881523525613415,3983.2318815235258,0.0,0,0,0,nan,0
vAMM-WETH/TLOS,0.555326316145484,0xC3b22240657fa67b77D0f1b7A1C1012DB60D46fb,0x44B8B5521723D05E82e5DAfCE8b37a1082b6d3B2,0x4200000000000000000000000000000000000006,0x7252c865c05378Ffc15120F428dd65804dD0CE63,0x940181a94A35A4569E4529A3CDfB74e38FD98631,18,18,18,10207778036331090,1997644392644870427935,0.01020777803633109,1997.6443926448703,1997654600422906759025,26503362000212320,3721802969385126911850121,3721802.969385127,0.0,0,0,0,nan,0
vAMM-USDC/cbXRP,1.5213830850129621e-07,0x956f325E63c54DE57E6e8A7c674ed8615F7Abf6B,0x9A4818C9bbAF0BC276E6f9410C7EEb84bACc0691,0x833589fCD6eDb6E08f4c7C32D4f71b54bdA02913,0xcb585250f852C6c6bf90434AB21A00f02833a4af,0x940181a94A35A4569E4529A3CDfB74e38FD98631,18,6,6,0,0,0.0,0.0,0,7262191054,1019632586958141663,1.0196325869581417,0.0,0,0,0,nan,1787788800
vAMM-wstETH/cbBTC,5.3071126882112974e-11,0xc0734F84e402D69A445D93C60aD2C72258F159b6,0x2256edefD747c76973da71475311DdAec4265CB6,0xc1CBa3fCea344f92D9239c08C0568f6F2F0ee452,0xcbB7C0000aB88B473b1f5aFd9ef808440eed33Bf,0x940181a94A35A4569E4529A3CDfB74e38FD98631,18,18,8,2189721446420,31,2.18972144642e-06,3.1e-07,2189721446451,0,355683265632808,0.000355683265632808,0.0,0,0,0,nan,0
vAMM-AERO/QI,5.24904047184497e-05,0x44D92817E3409556E15BA0F7bD3FD48b49c907d6,0xa64343E14AAD53467E9941B17549C5ACdf7891C6,0x940181a94A35A4569E4529A3CDfB74e38FD98631,0xD3FDCb837DAfdb7C9C3eBD48FE22a53F6Dd3d7D7,0x940181a94A35A4569E4529A3CDfB74e38FD98631,18,18,18,18997704830990601,848592916755580609,0.0189977048309906,0.8485929167555806,867590621586571210,0,351791259419035277648,351.7912594190353,0.0,0,0,0,nan,0
vAMM-RIPE/WETH,5.1831768351425434e-09,0x765824aD2eD0ECB70ECc25B0Cf285832b335d6A9,0x49AAAFd906FB80959721c71a297B071Fc0693A95,0x2A0a59d6B975828e781EcaC125dBA40d7ee5dDC0,0x4200000000000000000000000000000000000006,0x940181a94A35A4569E4529A3CDfB74e38FD98631,18,18,18,2030690963940254208335,4935680622619822136,2030.6909639402543,4.935680622619822,2035626644562874030471,0,34737707137271592,0.03473770713727159,0.0,0,0,0,nan,0
vAMM-EIGEN/KING,1.0818291923786284e-06,0x6F01b54c399b27AA0D9D84931b1e730eE55D1080,0xA0e41131422843F4519B8C31D176C9cf902a543C,0x2081Ab0D9EC9e4303234Ab26D86b20B3367946ee,0xE22C243c7559C667a1EB94B593369D192c5fbac0,0x940181a94A35A4569E4529A3CDfB74e38FD98631,18,18,18,0,0,0.0,0.0,0,51633951654,7250430933129902115,7.250430933129902,0.0,0,0,0,nan,0
vAMM-FLOCK/cbBTC,0.008450020956165512,0xd162C4444d5eFEaD433F080696D1f4Dc2BCD58Fb,0xC5a4F78f5a2F5A72E6a2F9f833939CFc4Be4fF91,0x5aB3D4c385B400F3aBB49e80DE2fAF6a88A7B691,0xcbB7C0000aB88B473b1f5aFd9ef808440eed33Bf,0x940181a94A35A4569E4529A3CDfB74e38FD98631,18,18,8,22930756334295403502,207,22.930756334295403,2.07e-06,22930756334295403709,407881685318665,56632131724483740624663,56632.13172448374,3.1104670324407406e-21,176.15237870584807,0,176.15237870584807,321.4951290499015,1787788800
vAMM-VVV/DIEM,0.00011127403589827042,0xbB345D35450BF9Ee76F3D2cE214E8e7AC5e1071d,0x193446fb206192686CD790eA6Ab393e45b27364E,0xacfE6019Ed1A7Dc6f7B508C02d1b04ec88cC21bf,0xF4d97F2da56e8c3098f3a8D538DB630A2606a024,0x940181a94A35A4569E4529A3CDfB74e38FD98631,18,18,18,0,0,0.0,0.0,0,5310948604320,745759790560967987541,745.7597905609681,2.539247961349906e-22,0.1893669027838671,0,0.1893669027838671,3938.1738814841206,1787788800
vAMM-SIRE/USDC,0.0006164076707115893,0xeF6F90aCDa6e8102093F3F4e28D952B0276E4ABB,0xD29D5597c1225B874a9d9EBEE693f88892942118,0x7Ce02e86354EA0Cc3b302AeAdC0Ab56bC7EB44b8,0x833589fCD6eDb6E08f4c7C32D4f71b54bdA02913,0x940181a94A35A4569E4529A3CDfB74e38FD98631,18,18,6,71128063717452257880772,4769681624,71128.06371745226,4769.681624,71128063717457027562396,0,4131170867481711387241,4131.170867481712,0.0,0,0,0,nan,0
vAMM-AERO/MAI,0.0009352932871033666,0x104DAaf3D7108B5e52A4c200E58A7083171B3054,0xb3c6adc4F8939e3C778929B09f9c5Df74E4Ef6A0,0x940181a94A35A4569E4529A3CDfB74e38FD98631,0xbf1aeA8670D2528E08334083616dD9C5F3B087aE,0x940181a94A35A4569E4529A3CDfB74e38FD98631,18,18,18,0,0,0.0,0.0,0,44642604817096,6268345713109229449852,6268.345713109229,0.0,0,0,0,nan,0
vAMM-WETH/PHI,0.0003518685559539189,0x99ba9f844FCDC60Fc9e52af59f165cD91F86360E,0xB27773092F3D548044d6d8527d468072426603Cc,0x4200000000000000000000000000000000000006,0xFb3aD5550ca5730A6F91350032c4Da1eFdfDE3E8,0x940181a94A35A4569E4529A3CDfB74e38FD98631,18,18,18,0,0,0.0,0.0,0,16794630085726,2358226862851332283501,2358.226862851332,3.9698745512026275e-21,9.361864808795913,0,9.361864808795913,251.8971285117968,1787788800
vAMM-kVCM/WETH,0.0001379850715404713,0x5e710Fe3C079182a6a2be9cA3c200317d6C34A5D,0x3d4a5eAC08225e29EbbAeDE8721B23F57541Eb10,0x00fBAC94Fec8D4089d3fe979F39454F48c71A65d,0x4200000000000000000000000000000000000006,0x940181a94A35A4569E4529A3CDfB74e38FD98631,18,18,18,0,0,0.0,0.0,0,6582988100573,924777439964874447373,924.7774399648744,1.2746928578167699e-21,1.1788071977933021,0,1.1788071977933021,784.5027089213867,1787788800
vAMM-LCAP/eUSD,0.07060374262445342,0xe39E901F5C53fDA90eF90FeEF3ed1F0126b557a7,0xe3F63B420E0B046C8b27Ca54BBfE0AB64fd928C0,0x4dA9A0f397dB1397902070f93a4D6ddBC0E0E6e8,0xCfA3Ef56d303AE4fAabA0592388F19d7C3399FB4,0x940181a94A35A4569E4529A3CDfB74e38FD98631,18,18,18,297390909673904839,2486986019753364983,0.29739090967390486,2.486986019753365,2784376929427269822,3369905380806118,473187045723496475940429,473187.04572349647,1.6972410263035339e-22,80.31124671172843,0,80.31124671172843,5891.91508160704,1787788800
vAMM-kVCM/USDC,0.016437835828254706,0x5C0D76fab1822bDeb47308eD6028231761ED723E,0x57387e4639048B67C30C911a145368bC5B33fE3b,0x00fBAC94Fec8D4089d3fe979F39454F48c71A65d,0x833589fCD6eDb6E08f4c7C32D4f71b54bdA02913,0x940181a94A35A4569E4529A3CDfB74e38FD98631,18,18,6,12313502911897168793,651166,12.313502911897169,0.651166,12313502911897819959,784570053732604,110166553280785111907343,110166.55328078511,4.087355873752464e-22,45.02899086432808,0,45.02899086432808,2446.5694470639123,1787788800
vAMM-WETH/EDEL,0.016328015960142467,0x566beE7EF7b39f29d150AB3be6b6242C17CC5A31,0xde43127cb5381E4466A8046E1c2C2Dc2d30999D7,0x4200000000000000000000000000000000000006,0xFb31f85A8367210B2e4Ed2360D2dA9Dc2D2Ccc95,0x940181a94A35A4569E4529A3CDfB74e38FD98631,18,18,18,0,0,0.0,0.0,0,779346490344842,109430539338433913559458,109430.53933843391,0.0,0,0,0,nan,0
vAMM-USDC/coinage,0.0006515770560871149,0x0F9C19e1aaf9C989617b6e7154df3e6Bc5d143d2,0xC3e51aC2Ba4332b61BbEe34e57ACA96150f7E7C6,0x833589fCD6eDb6E08f4c7C32D4f71b54bdA02913,0xF4d7fD100b5B03e51261a2E6a673632eF2c68896,0x940181a94A35A4569E4529A3CDfB74e38FD98631,18,6,18,0,0,0.0,0.0,0,31102978289060,4366876468164589043263,4366.876468164589,2.0897285154117864e-21,9.125586278804253,0,9.125586278804253,478.53105923806913,1787788800
sAMM-SOL/uSOL,0.004980496017130076,0xA260A129622c5600E67D75B6006fB3C612cF26C3,0x351c645031Eec5596E62C93bd7Eb28B2F4674822,0x311935Cd80B76769bF2ecC9D8Ab7635b2139cf82,0x9B8Df6E244526ab5F6e6400d331DB28C8fdDdb55,0x940181a94A35A4569E4529A3CDfB74e38FD98631,18,9,18,40804,26568550259974,4.0804e-05,2.6568550259974e-05,26568550300778,245169702768026,33379338105614566308481,33379.338105614566,0.0,0,0,0,nan,0
vAMM-PHNM/USDC,0.000155080264517527,0xF687f5a1A37B03fAB632AB0f9E41A62b2b0EA4D8,0x19c38452e702d749978Ecc82AB66ADDF28A37AF1,0x3fDa9cc61B1FEf8b2fFd715F0A9EeF7182e48F37,0x833589fCD6eDb6E08f4c7C32D4f71b54bdA02913,0x940181a94A35A4569E4529A3CDfB74e38FD98631,18,18,6,0,0,0.0,0.0,0,7402327582745,1039349607957628645494,1039.3496079576287,3.803947385401086e-21,3.9536312237080646,0,3.9536312237080646,262.884813769463,1787788800
sAMM-eUSD/frxUSD,0.003730451859502244,0x0cd7AdBda66220D98aE8f85564Cc7E87dA5B67CF,0x93c6506b5e5CD71f49e5B0F728A3b1d922d503c8,0xCfA3Ef56d303AE4fAabA0592388F19d7C3399FB4,0xe5020A6d073a794B6E7f05678707dE47986Fb0b6,0x940181a94A35A4569E4529A3CDfB74e38FD98631,18,18,18,0,0,0.0,0.0,0,178066338382865,25001528658343644788878,25001.528658343646,1.114490811865775e-22,2.786397397232285,0,2.786397397232285,8972.70744050276,1787788800
vAMM-VIRTUAL/FLOCK,0.0007163925796821364,0xB7E0c9CaeB559429B5b8B37c118E1d2764550416,0x4aFe38a5e227fe4F04e0aEFcA6104Cf3399834Af,0x0b3e328455c4059EEb9e3f84b5543F74E24e7E1b,0x5aB3D4c385B400F3aBB49e80DE2fAF6a88A7B691,0x940181a94A35A4569E4529A3CDfB74e38FD98631,18,18,18,0,0,0.0,0.0,0,34195929900654,4801270807429083440424,4801.270807429083,0.0,0,0,0,nan,0
vAMM-FLOCK/VVV,0.0011907750972341613,0xef724d142f283411f66bDe8De4d863e7295b9972,0xE6b378617777257988bF89e731a9C8cd9e0a5a8c,0x5aB3D4c385B400F3aBB49e80DE2fAF6a88A7B691,0xacfE6019Ed1A7Dc6f7B508C02d1b04ec88cC21bf,0x940181a94A35A4569E4529A3CDfB74e38FD98631,18,18,18,0,0,0.0,0.0,0,56840048864744,7980587564294209033868,7980.587564294209,0.0,0,0,0,nan,0
vAMM-AERO/POD,4.5488395349966044e-05,0x92CAcBee088CBE97b226544F6d669D4b972B4cEe,0x9B913b303a32F67FFeb1e8e55753cc3d8b7B093d,0x940181a94A35A4569E4529A3CDfB74e38FD98631,0xeD664536023d8E4b1640C394777D34aBAFF1dF8F,0x940181a94A35A4569E4529A3CDfB74e38FD98631,18,18,18,0,0,0.0,0.0,0,2171364107510,304863716996468492985,304.8637169964685,7.1364644362086e-22,0.2175649074235661,0,0.2175649074235661,1401.254092889828,1787788800
vAMM-AERO/SAPIEN,6.41780736123383e-05,0x9F12a2CB7ad24E7BeF73174677a171617C83D2EC,0xf2D96b3EeB3ECfcAa357d5A3E2B4008E63e76FdA,0x940181a94A35A4569E4529A3CDfB74e38FD98631,0xC729777d0470F30612B1564Fd96E8Dd26f5814E3,0x940181a94A35A4569E4529A3CDfB74e38FD98631,18,18,18,0,0,0.0,0.0,0,3063455177691,430122142594881189990,430.12214259488115,2.924777222637663e-22,0.12580114456136174,0,0.12580114456136174,3419.063825648116,1787788800
vAMM-ETHFI/AERO,2.6838153256479968e-06,0x64d50f160871854B85d89c3901C55DBe74E41D27,0xBd48f2f4b8fD156e464945025dcC20b62EfA831d,0x6C240DDA6b5c336DF09A4D011139beAAa1eA2Aa2,0x940181a94A35A4569E4529A3CDfB74e38FD98631,0x940181a94A35A4569E4529A3CDfB74e38FD98631,18,18,18,0,0,0.0,0.0,0,128111284524,17986959302791641086,17.98695930279164,0.0,0,0,0,nan,0
vAMM-HYPE/AVNT,4.5488395349966044e-05,0x92C6B33BC74e4146B59b07b84a4B0906Aa71d686,0xC950c64FE525Ff844650850684d5Af8d3a3E27B7,0x15D0e0c55a3E7eE67152aD7E89acf164253Ff68d,0x696F9436B67233384889472Cd7cD58A6fB5DF4f1,0x940181a94A35A4569E4529A3CDfB74e38FD98631,18,18,18,0,0,0.0,0.0,0,2171377703811,304863716996468492985,304.8637169964685,0.0,0,0,0,nan,0
vAMM-AERO/VVV,7.874679522593997e-06,0xE46d786F1FC1c43BfFaDc2D8704AdbdbA5B45209,0x788e7E7cF8fB92F47c17610dd200A532e8fA930e,0x940181a94A35A4569E4529A3CDfB74e38FD98631,0xacfE6019Ed1A7Dc6f7B508C02d1b04ec88cC21bf,0x940181a94A35A4569E4529A3CDfB74e38FD98631,18,18,18,10294518607903678,173249373101841,0.010294518607903678,0.000173249373101841,10467767981005519,375895949031,52776187221908104906,52.7761872219081,0.0,0,0,0,nan,0
vAMM-ZRO/PENDLE,4.5488395349966044e-05,0xe58DB5232C89dC338A572d6ef87C7dFb3D39DfB7,0xe92906196a7A34Ec309A2194E234E550F2e0c10b,0x6985884C4392D348587B19cb9eAAf157F13271cd,0xA99F6e6785Da0F5d6fB42495Fe424BCE029Eeb3E,0x940181a94A35A4569E4529A3CDfB74e38FD98631,18,18,18,0,0,0.0,0.0,0,2171377703811,304863716996468492985,304.8637169964685,0.0,0,0,0,nan,0
vAMM-HYPE/AERO,1.3168527778331159e-05,0x9EeCe9Af59f90111C7bb84eB78b310704BcBC588,0xD1431330558e66d86d9ee97665611F4eccDA0412,0x15D0e0c55a3E7eE67152aD7E89acf164253Ff68d,0x940181a94A35A4569E4529A3CDfB74e38FD98631,0x940181a94A35A4569E4529A3CDfB74e38FD98631,18,18,18,0,0,0.0,0.0,0,400321042317,88255615415466198275,88.2556154154662,0.0,0,0,0,nan,0
vAMM-AERO/VELVET,0.00011382863040435363,0xD65D88c80007E665bE115FFB88D206C3449ED111,0x901bede59b17a93816DCA696Dbff136053931Ad4,0x940181a94A35A4569E4529A3CDfB74e38FD98631,0xbF927b841994731C573BDF09ceB0c6B0Aa887cDd,0x940181a94A35A4569E4529A3CDfB74e38FD98631,18,18,18,0,0,0.0,0.0,0,5433600503677,762880710535206339356,762.8807105352064,0.0,0,0,0,nan,0
vAMM-PROS/AERO,2.2744197674983022e-05,0xfbc8430728e4f114b4cD1B3A9FDd1382c133F63c,0x85C68ff71dc14A44c3d645768769aD25F8Acc0c2,0x8B7DdE054BE9D180c1Be7FaE0874697374A49832,0x940181a94A35A4569E4529A3CDfB74e38FD98631,0x940181a94A35A4569E4529A3CDfB74e38FD98631,18,18,18,0,0,0.0,0.0,0,1085692444013,152431858498234246492,152.43185849823425,0.0,0,0,0,nan,0
vAMM-ETHFI/PENDLE,4.0939555814969444e-05,0x034A914B8280e138b470C9a28EA1BD56CDaCf02A,0x7EB68c4F7ADa7F3FFDf3b610fD213A8710206eCf,0x6C240DDA6b5c336DF09A4D011139beAAa1eA2Aa2,0xA99F6e6785Da0F5d6fB42495Fe424BCE029Eeb3E,0x940181a94A35A4569E4529A3CDfB74e38FD98631,18,18,18,0,0,0.0,0.0,0,1954259330944,274377345296821643686,274.37734529682166,0.0,0,0,0,nan,0
vAMM-ENA/PENDLE,7.208901958558987e-05,0x06Fa83a634B278cAB6ccD6728Ea849Eab9B64101,0xE07D5b2379B0E51dC1FC85bd07E777C34540a40e,0x58538e6A46E07434d7E7375Bc268D3cb839C0133,0xA99F6e6785Da0F5d6fB42495Fe424BCE029Eeb3E,0x940181a94A35A4569E4529A3CDfB74e38FD98631,18,18,18,0,0,0.0,0.0,0,3441186926029,483141387960842805362,483.1413879608428,1.2604736708122945e-21,0.6089869988043504,0,0.6089869988043504,793.3525492488583,1787788800
sAMM-BD/USDC,0.0848067719641625,0xfFDf1e3160b60C2E499fA25E51b5C192b9b15E3B,0xEd7AAA8C9De5161F8fcF8485137eBdBA6b5Bf674,0x252D36F435582EcB01686448d21e8C9eA0B2Ca65,0x833589fCD6eDb6E08f4c7C32D4f71b54bdA02913,0x940181a94A35A4569E4529A3CDfB74e38FD98631,18,18,6,1407720652279162276,806932,1.4077206522791623,0.806932,1407720652279969208,4048297285797928,568375901777897611241164,568375.9017778976,0.0,0,0,0,nan,0
vAMM-weETH/ETHFI,6.367985230492082e-07,0xeAd14cE57F42eD6A9265DeF95FD509aCdf9Da1Ce,0x43D439DFA6a2285046dB586D6f1b06dCf66ccB83,0x04C0599Ae5A44757c0af6F9eC3b93da8976c150A,0x6C240DDA6b5c336DF09A4D011139beAAa1eA2Aa2,0x940181a94A35A4569E4529A3CDfB74e38FD98631,18,18,18,0,0,0.0,0.0,0,30397732755,4267830580108336003,4.2678305801083365,5.13420045845712e-21,0.021911897721009536,0,0.021911897721009536,194.7722937761005,1787788800
vAMM-CHECK/AERO,2.155746457824138e-05,0x0E7D30b7532A48D66b49eE193feb0c8128608fDa,0xb0b37D6eb587a07aD55b24C56e64407b8428219F,0x9126236476eFBA9Ad8aB77855c60eB5BF37586Eb,0x940181a94A35A4569E4529A3CDfB74e38FD98631,0x940181a94A35A4569E4529A3CDfB74e38FD98631,18,18,18,0,0,0.0,0.0,0,1029050827593,144478360464902163267,144.47836046490215,1.2351850761560285e-21,0.17845751467373833,0,0.17845751467373833,809.5952738613561,1787788800
vAMM-fBOMB/USDbC,1.716208843281223,0xC395664B295ed5bf1D249Ae8be9740655AA174ef,0x81F1f6FC6A1447F11a83f9FB9c66376B112fc877,0x74ccbe53F77b08632ce0CB91D3A545bF6B8E0979,0xd9aAEc86B65D86f6A7B5B1b0c42FFA531710b6CA,0x940181a94A35A4569E4529A3CDfB74e38FD98631,18,18,6,865699109407680609085,67818996,865.6991094076806,67.818996,865699109407748428081,81924160549982189,11502050205983223517746618,11502050.205983223,5.500958168856071e-23,632.7229703919606,0,632.7229703919606,18178.651233189634,1787788800
CL-USDC/USDbC,0.017563956157803925,0x98c7A2338336d2d354663246F64676009c7bDa97,0x4a3E1294d7869567B387FC3d5e5Ccf14BE2Bbe0a,0x833589fCD6eDb6E08f4c7C32D4f71b54bdA02913,0xd9aAEc86B65D86f6A7B5B1b0c42FFA531710b6CA,0x940181a94A35A4569E4529A3CDfB74e38FD98631,18,6,6,1914658,1067938,1.914658,1.067938,2982596,839834923823566,117713823893660674134644,117713.82389366068,0.0,0,0,0,nan,0
CL-WETH/USDC,7.132428448292552,0xb2cc224c1c9feE385f8ad6a55b4d94E92359DC59,0xF33a96b5932D9E9B9A0eDA447AbD8C9d48d2e0c8,0x4200000000000000000000000000000000000006,0x833589fCD6eDb6E08f4c7C32D4f71b54bdA02913,0x940181a94A35A4569E4529A3CDfB74e38FD98631,18,18,6,1330203739023756890,3128708265,1.3302037390237569,3128.708265,1330203742152465155,340364640583415175,47801612504219599988576543,47801612.5042196,0.0,0,0,0,nan,0
CL-cbETH/WETH,0.17889101516522884,0x47cA96Ea59C13F72745928887f84C9F52C3D7348,0xF5550F8F0331B8CAA165046667f4E6628E9E3Aac,0x2Ae3F1Ec7F1F5012CFEab0185bfc7aa3cf0DEc22,0x4200000000000000000000000000000000000006,0x940181a94A35A4569E4529A3CDfB74e38FD98631,18,18,18,50829907234362219,16585066802608206,0.05082990723436222,0.016585066802608205,67414974036970425,8537354898499484,1198929515999820671404234,1198929.5159998205,0.0,0,0,0,nan,0
CL-WETH/wstETH,0.20439881640070312,0x861A2922bE165a5Bd41b1E482B49216b465e1B5F,0x2A1f7bf46bd975b5004b61c6040597E1B6117040,0x4200000000000000000000000000000000000006,0xc1CBa3fCea344f92D9239c08C0568f6F2F0ee452,0x940181a94A35A4569E4529A3CDfB74e38FD98631,18,18,18,9660611988734894,45615785129171275,0.009660611988734894,0.04561578512917128,55276397117906169,9754643301461704,1369883075412630140416171,1369883.0754126303,0.0,0,0,0,nan,0
CL-WETH/DEGEN,0.02217098382468462,0xaFB62448929664Bfccb0aAe22f232520e765bA88,0x319e23D38d8ee58783Ff5331507b808709bd00b0,0x4200000000000000000000000000000000000006,0x4ed4E862860beD51a9570b96d89aF5E1B0Efefed,0x940181a94A35A4569E4529A3CDfB74e38FD98631,18,18,18,2604996445421777,6860326987348223411088,0.002604996445421777,6860.326987348223,6860329592344668832865,1112641191547589,148590173081736936288862,148590.17308173692,0.0,0,0,0,nan,0
CL-ezETH/WETH,0.0008446894383207632,0xDC7EAd706795eDa3FEDa08Ad519d9452BAdF2C0d,0xC6B4fe83Fb284bDdE1f1d19F0B5beB31011B280A,0x2416092f143378750bb29b79eD961ab195CcEea5,0x4200000000000000000000000000000000000006,0x940181a94A35A4569E4529A3CDfB74e38FD98631,18,18,18,42604340100692870,90958674108735843,0.04260434010069287,0.09095867410873584,133563014209428713,2162668823996,5661117739874710354272,5661.1177398747095,0.0,0,0,0,nan,0
CL-WETH/BRETT,0.29594853435942564,0x4e829F8A5213c42535AB84AA40BD4aDCCE9cBa02,0xFd73Ab1100a60Ba64686ef9dcdE36d0209773f6a,0x4200000000000000000000000000000000000006,0x532f27101965dd16442E59d40670FaF5eBB142E4,0x940181a94A35A4569E4529A3CDfB74e38FD98631,18,18,18,36218089444271853,23481641635097421207088,0.03621808944427185,23481.64163509742,23481677853186865478941,14118574509368128,1983450274082682335258825,1983450.2740826823,0.0,0,0,0,nan,0
CL-WETH/PRIME,0.0016173719702667663,0x87Cd18069B6547a0E88b6155DD657E71779500eA,0xf9f8138150F67a469Fa5437e75ad16EAAab8C09e,0x4200000000000000000000000000000000000006,0xfA980cEd6895AC314E7dE34Ef1bFAE90a5AdD21b,0x940181a94A35A4569E4529A3CDfB74e38FD98631,18,18,18,129427687062713,1476666167568843082,0.000129427687062713,1.476666167568843,1476795595255905795,77187091058976,10839644415414539368003,10839.64441541454,0.0,0,0,0,nan,0
CL-wBLT/USDC,0.023423126502931456,0x7cE345561E1690445eEfA0dB04F59d64b65598A8,0xf00d67799Cd4E1A77D14671149b599A96DcD38eC,0x4E74D4Db6c0726ccded4656d0BCE448876BB4C7A,0x833589fCD6eDb6E08f4c7C32D4f71b54bdA02913,0x940181a94A35A4569E4529A3CDfB74e38FD98631,18,18,6,182326411582591374727,138309128,182.32641158259136,138.309128,182326411582729683855,1117836051270737,156982046836864441633628,156982.04683686444,0.0,0,0,0,nan,0
CL-WETH/doginme,0.2577765707850298,0x088c39ee29fC30DF8Adc394e9f7dEa33E3A26507,0x42d80fdf14f13CA7019FD5A77fd53F1C1f4099a6,0x4200000000000000000000000000000000000006,0x6921B130D297cc43754afba22e5EAc0FBf8Db75b,0x940181a94A35A4569E4529A3CDfB74e38FD98631,18,18,18,46292798409963247,1286892383206502060092955,0.04629279840996325,1286892.383206502,1286892429499300470056202,12474289119637919,1727621361877433615043911,1727621.3618774335,0.0,0,0,0,nan,0
CL-HIGHER/WETH,0.00034229241434330143,0xd9932A538e4c7621D9Ab1b45DE31a5D60E672B1c,0x63806fa58774B013458aA4C9a7FDD8a72db5Fe70,0x0578d8A44db98B23BF096A382e016e29a5Ce0ffe,0x4200000000000000000000000000000000000006,0x940181a94A35A4569E4529A3CDfB74e38FD98631,18,18,18,1335800945840864462068,220986291788466,1335.8009458408644,0.000220986291788466,1335801166827156250534,0,2294047458336471493116,2294.0474583364717,0.0,0,0,0,nan,0
CL-WETH/KEYCAT,0.05188657338107829,0xB211a9DDff3a10806c8fdb92Dbc4c34596A23F84,0xA9edd05F8d82f4050d4649FEf30bEC9378f499e7,0x4200000000000000000000000000000000000006,0x9a26F5433671751C3276a065f57e5a02D2817973,0x940181a94A35A4569E4529A3CDfB74e38FD98631,18,18,18,11217778199193487,38987582509763436635101,0.011217778199193488,38987.58250976344,38987593727541635828588,2479232725264801,347744375273447780921302,347744.37527344783,0.0,0,0,0,nan,0
CL-WETH/ROOST,1.018658015350501e-05,0xAA500dbEDa452Cc2807185DA993b6E3779333Aca,0x4A7212433200428571B069AeC82620573eE2cbc0,0x4200000000000000000000000000000000000006,0xE1aBD004250AC8D1F199421d647e01d094FAa180,0x0000000000000000000000000000000000000000,18,18,18,0,0,0.0,0.0,0,0,68270570223187968200,68.27057022318797,0.0,0,0,0,nan,0
CL-USDC/rgUSD,0.000439748468156692,0xDEfE76cd3c5c25728Fd45De93b000C23048c992f,0x601377635D6C852e27CC49633694449B6E9475c8,0x833589fCD6eDb6E08f4c7C32D4f71b54bdA02913,0x8E5E9DF4F0EA39aE5270e79bbABFCc34203A3470,0x940181a94A35A4569E4529A3CDfB74e38FD98631,18,6,18,6040934,9113978706070155399,6.040934,9.113978706070155,9113978706076196333,0,2947198983704145597644,2947.198983704146,0.0,0,0,0,nan,0
CL-WETH/bsdETH,0.14117895231621552,0x2ae9DF02539887d4EbcE0230168a302d34784c82,0x0b537aC41400433F09d97Cd370C1ea9CE78D8a74,0x4200000000000000000000000000000000000006,0xCb327b99fF831bF8223cCEd12B1338FF3aA322Ff,0x940181a94A35A4569E4529A3CDfB74e38FD98631,18,18,18,29571619883334,27675428027401,2.9571619883334e-05,2.7675428027401e-05,57247047910735,6737593320689958,946182863423885812988114,946182.8634238858,7.81814187425544e-23,73.97391865237198,0,73.97391865237198,12790.763023793743,1787788800
CL-tBTC/USDC,0.06320512619146303,0xf81e1a62cBfA487E807044618661bFD4802B4982,0x37E1a626b09faDE99E94752942a88f17EA2170fd,0x236aa50979D5f3De3Bd1Eeb40E81137F22ab794b,0x833589fCD6eDb6E08f4c7C32D4f71b54bdA02913,0x940181a94A35A4569E4529A3CDfB74e38FD98631,18,18,6,655579289027183,48017859,0.000655579289027183,48.017859,655579337045042,3016065542153378,423601438470496555521235,423601.43847049656,2.780921337612853e-21,1178.002278886102,0,1178.002278886102,359.59305517731815,1787788800
CL-tBTC/SATS,4.6800842405241415e-07,0x86BB57004D5E55a6Ab978287211a53CD3615cAF9,0x1e210791d844A37435d0B1aCCeFD1c94013218A7,0x236aa50979D5f3De3Bd1Eeb40E81137F22ab794b,0x9d36F8f62347538440a212e9162f534f797542df,0x0000000000000000000000000000000000000000,18,18,18,0,0,0.0,0.0,0,0,3136597513378429026,3.1365975133784287,0.0,0,0,0,nan,0
CL-tBTC/WETH,0.05073452521794844,0xA33f162da19C7273BA1205BFD9D4340dA2446E3a,0x996802075582Af2eE133fb30Cc5A9E8A671d3c3a,0x236aa50979D5f3De3Bd1Eeb40E81137F22ab794b,0x4200000000000000000000000000000000000006,0x940181a94A35A4569E4529A3CDfB74e38FD98631,18,18,18,164308002830137,10263529536478573,0.000164308002830137,0.010263529536478574,10427837539308710,2421243341367139,340023336039845004466659,340023.336039845,2.751870786032849e-21,935.7002850174799,0,935.7002850174799,363.38915514329784,1787788800
CL-PSTAKE/USDC,0.00014290794957550734,0x178904D6F5f49074fC3fDb918F0170E0DBB1677e,0xBb9FA2e124dD7fA35621aDe57d42C2d40cB9Ab7A,0x38815A4455921667d673B4cb3d48F0383eE93400,0x833589fCD6eDb6E08f4c7C32D4f71b54bdA02913,0x940181a94A35A4569E4529A3CDfB74e38FD98631,18,18,6,649422815181672836646,21880333,649.4228151816728,21.880333,649422815181694716979,0,957770621732111206974,957.7706217321113,0.0,0,0,0,nan,0
CL-WETH/SPEC,0.00025543035760621023,0xfD7aBC461df4e496A25898CaB0c6EA88cDd94Cf9,0x79eFe300783f448283E54ce7caD08118A52849f6,0x4200000000000000000000000000000000000006,0x96419929d7949D6A801A6909c145C8EEf6A40431,0x940181a94A35A4569E4529A3CDfB74e38FD98631,18,18,18,4745605543815091,85721680458139565097,0.004745605543815091,85.72168045813956,85726426063683380188,0,1711897015809429748420,1711.8970158094298,0.0,0,0,0,nan,0
CL-WETH/SKI,0.0053662531468236145,0xe782B72A1157b7bEa1A9452835Cce214962aD43B,0x1Dd8e44b202fe7D3E85ce7788311374E2E9df950,0x4200000000000000000000000000000000000006,0x768BE13e1680b5ebE0024C42c896E3dB59ec0149,0x940181a94A35A4569E4529A3CDfB74e38FD98631,18,18,9,161571187655641,85992349865,0.000161571187655641,85.992349865,161657180005506,256097977866314,35964686555729739538205,35964.686555729735,2.085407068542405e-21,75.0010115612308,0,75.0010115612308,479.52268652227684,1787788800
CL-WETH/BENJI,0.00018324678640642975,0xeBeC4772aBA30d82bC64BBB99187B4Ca29928e2E,0x6c44652cbF0fc9c31149682Eba60aA0D601B6787,0x4200000000000000000000000000000000000006,0xBC45647eA894030a4E9801Ec03479739FA2485F0,0x940181a94A35A4569E4529A3CDfB74e38FD98631,18,18,18,4531892924107,6912521250248132526,4.531892924107e-06,6.912521250248132,6912525782141056633,8745232504911,1228121941908944667420,1228.1219419089446,0.0,0,0,0,nan,0
CL-DOLA/USD+,1.4861594961608043e-10,0x96331Fcb46A7757854d9E26AFf3aCA2815D623fD,0xCB4B8aeD321e22B0B87D9e41538408404433Ac70,0x4621b7A9c75199271F773Ebd9A499dbd165c3191,0xB79DD08EA68A908A97220C76d19A6aA9cBDE4376,0x940181a94A35A4569E4529A3CDfB74e38FD98631,18,18,6,4809341593614445743,9258940,4.8093415936144455,9.25894,4809341593623704683,0,996025699661265,0.000996025699661265,0.0,0,0,0,nan,0
CL-USD+/USDbC,0.00010379381992751613,0x20086910E220D5f4c9695B784d304A72a0de403B,0x7E62007c19C9b9D581354B29c57c61C41b50851a,0xB79DD08EA68A908A97220C76d19A6aA9cBDE4376,0xd9aAEc86B65D86f6A7B5B1b0c42FFA531710b6CA,0x940181a94A35A4569E4529A3CDfB74e38FD98631,18,6,6,18148,10612,0.018148,0.010612,28760,4953435231468,695627302324444464183,695.6273023244445,0.0,0,0,0,nan,0
CL-USD+/sFRAX,0.00012311740827325354,0x8e62bE92c6Fb091428d0d6cBa0C0e32529B27e51,0x472b62c9A91E39C2F473BC49bF15Bd0195040E43,0xB79DD08EA68A908A97220C76d19A6aA9cBDE4376,0xe4796cCB6bB5DE2290C417Ac337F2b66CA2E770E,0x0000000000000000000000000000000000000000,18,6,18,0,0,0.0,0.0,0,0,825134200149002290933,825.1342001490023,0.0,0,0,0,nan,0
CL-TKN/USD+,2.9292583076705724e-07,0x6f8e210030f6eE6933b032628a0e148a1CcfF6a6,0x72E51ee5e566d4546a3fB695cb0502A7dc6403cD,0x78b3C724A2F663D11373C4a1978689271895256f,0xB79DD08EA68A908A97220C76d19A6aA9cBDE4376,0x0000000000000000000000000000000000000000,18,18,6,0,0,0.0,0.0,0,0,1963192081955693941,1.9631920819556938,0.0,0,0,0,nan,0
CL-USDC/AERO,6.57400416805322,0xBE00fF35AF70E8415D0eB605a286D8A45466A4c1,0x430C09546ae9249AB75B9A4ef7B5FD9a4006D6f3,0x833589fCD6eDb6E08f4c7C32D4f71b54bdA02913,0x940181a94A35A4569E4529A3CDfB74e38FD98631,0x940181a94A35A4569E4529A3CDfB74e38FD98631,18,6,18,812405723,2310246929556866478639,812.405723,2310.2469295568667,2310246929557678884362,313738682795243973,44059046946013610579878522,44059046.946013615,1.6620047356407626e-21,73226.3446720933,0,73226.3446720933,601.6830027950938,1787788800
CL-WETH/OKAYEG,2.524227050134824e-05,0xAD04bE2b6613586f83049d5953611bAa23971340,0x1bED19abF408e7f05C0DF7c215A429321A2a171F,0x4200000000000000000000000000000000000006,0xdb6e0e5094A25a052aB6845a9f1e486B9A9B3DdE,0x0000000000000000000000000000000000000000,18,18,18,0,0,0.0,0.0,0,0,169173969564461190406,169.1739695644612,0.0,0,0,0,nan,0
CL-hyUSD/eUSD,1.5836467677467578e-07,0x919e084BdC0B4b58513C6d9f2b0a3F40dABC9D6d,0x76de16EDd3e7C15ac6cE2CaD5d9bF082A6f36e94,0xCc7FF230365bD730eE4B352cC2492CEdAC49383e,0xCfA3Ef56d303AE4fAabA0592388F19d7C3399FB4,0x940181a94A35A4569E4529A3CDfB74e38FD98631,18,18,18,299989694998007,475347870263836,0.000299989694998007,0.000475347870263836,775337565261843,0,1061361774382925152,1.0613617743829251,0.0,0,0,0,nan,0
CL-USDC/eUSD,0.1412009943624865,0x988702fe529a3461ec7Fd09Eea3f962856709FD9,0xE62Adb491707513EA98B957d9Adb73D8D23e191C,0x833589fCD6eDb6E08f4c7C32D4f71b54bdA02913,0xCfA3Ef56d303AE4fAabA0592388F19d7C3399FB4,0x940181a94A35A4569E4529A3CDfB74e38FD98631,18,6,18,1476313,189228907585974507,1.476313,0.18922890758597452,189228907587450820,6738697014320311,946330589456089950815320,946330.58945609,1.7821324109330982e-22,168.64864149271216,0,168.64864149271216,5611.2553358277955,1787788800
CL-USDC/XPRT,8.660504207225747e-09,0x75118B598433430DA15FB1340e486461f2A7c07F,0x2cA011C7eAb0C8586E0eFe3bc0D474547f3080fA,0x833589fCD6eDb6E08f4c7C32D4f71b54bdA02913,0xc7Edf7B7b3667a06992508e7B156eff794a9e1c8,0x940181a94A35A4569E4529A3CDfB74e38FD98631,18,6,6,24746012,139943423,24.746012,139.943423,164689435,0,58042792746707986,0.05804279274670798,0.0,0,0,0,nan,0
CL-WETH/PRIME,3.728748395300426e-06,0x8216144205B2Ac3523BAc7a8dC46d3c970e84876,0x7396905bE2C4c89C7c0445C7F72681515391730a,0x4200000000000000000000000000000000000006,0xfA980cEd6895AC314E7dE34Ef1bFAE90a5AdD21b,0x940181a94A35A4569E4529A3CDfB74e38FD98631,18,18,18,12361981496206798,8141125681473876625,0.012361981496206797,8.141125681473877,8153487662970083423,0,24990112022862409873,24.99011202286241,0.0,0,0,0,nan,0
CL-WETH/BOOMER,0.00010538724889709877,0xa7423f6BEc29a511d365B0c934e8000720128aE3,0x25206a301486De7fE19eAB25ACE698Aa7DB03Db6,0x4200000000000000000000000000000000000006,0xcdE172dc5ffC46D228838446c57C1227e0B82049,0x0000000000000000000000000000000000000000,18,18,18,0,0,0.0,0.0,0,0,706306480490644298734,706.3064804906443,0.0,0,0,0,nan,0
CL-WETH/APX,6.017049469267332e-08,0x0C9A0e17eAB266DCF8dcFB4bc12792a9712FEd1E,0x1d94aE3D754D68A42CcC095A9305f3A2A2F3d9e8,0x4200000000000000000000000000000000000006,0xcacf1ca03983CE6c7E235fb20C70aCC70ed13509,0x940181a94A35A4569E4529A3CDfB74e38FD98631,18,18,18,385947537849167,30963102562437657336553,0.000385947537849167,30963.102562437656,30963102948385195185720,0,403263305385828815,0.4032633053858288,0.0,0,0,0,nan,0
CL-USDz/WETH,0.006150005439789975,0xcf88B8bf7CCCe2D836878E538197eB20fC673BCE,0x549690894f61bf0D3a5799D03fDED6e775A424aA,0x04D5ddf5f3a8939889F11E97f8c4BB48317F1938,0x4200000000000000000000000000000000000006,0x940181a94A35A4569E4529A3CDfB74e38FD98631,18,18,18,801007527367485890,315703433455672,0.8010075273674859,0.000315703433455672,801323230800941562,293505099669539,41217402889202427462235,41217.40288920243,0.0,0,0,0,nan,0
CL-EXTRA/WETH,0.005827757840285777,0x5A1401c002f67ca00557E7179D34C3FE6d753b28,0x283a6fFdd95F1145988e324F01663fF95247CcE0,0x2dAD3a13ef0C6366220f989157009e501e7938F8,0x4200000000000000000000000000000000000006,0x940181a94A35A4569E4529A3CDfB74e38FD98631,18,18,18,107715318053636615642,23721001705252,107.71531805363662,2.3721001705252e-05,107715341774638320894,278127927291074,39057695996439661375731,39057.69599643966,0.0,0,0,0,nan,0
CL-WETH/MIGGLES,0.004316817012675792,0x326841EFD63340767e02ec88E583f18a82AF4A48,0xAfabcBbab5e4261B1d655c906738176191819164,0x4200000000000000000000000000000000000006,0xB1a03EdA10342529bBF8EB700a06C60441fEf25d,0x940181a94A35A4569E4529A3CDfB74e38FD98631,18,18,18,565490045373344,147866115949004341870,0.000565490045373344,147.86611594900435,147866681439049715214,206017347458450,28931354248769198697242,28931.3542487692,0.0,0,0,0,nan,0
CL-USDC/USDT,0.029085976192484334,0xa41Bc0AFfbA7Fd420d186b84899d7ab2aC57fcD1,0xBd85D45f1636fCEB2359d9Dcf839f12b3cF5AF3F,0x833589fCD6eDb6E08f4c7C32D4f71b54bdA02913,0xfde4C96c8593536E31F229EA8f37b2ADa2699bb2,0x940181a94A35A4569E4529A3CDfB74e38FD98631,18,6,6,6257966,7344953,6.257966,7.344953,13602919,1388109722005792,194934526625771210101678,194934.5266257712,0.0,0,0,0,nan,0
CL-WETH/USDT,1.447668320690982,0x9785eF59E2b499fB741674ecf6fAF912Df7b3C1b,0x2c0CbF25Bb64687d11ea2E4a3dc893D56Ca39c10,0x4200000000000000000000000000000000000006,0xfde4C96c8593536E31F229EA8f37b2ADa2699bb2,0x940181a94A35A4569E4529A3CDfB74e38FD98631,18,18,6,263099865812256797,686942247,0.2630998658122568,686.942247,263099866499199044,69089050231368941,9702288722836158475137424,9702288.72283616,0.0,0,0,0,nan,0
CL-WIF/WETH,1.3425041441730574e-05,0x3caCB8007d50f3E4166D7c5FD303c1a6ed337531,0x1C664940858DCEa1e5a3B87951f1f74911102CB5,0x1fba65dE0a9cBD2D1DF82d141897042d36Bb6c86,0x4200000000000000000000000000000000000006,0x940181a94A35A4569E4529A3CDfB74e38FD98631,18,18,18,89473020654937981973,27826109086628930,89.47302065493798,0.02782610908662893,89500846764024610903,0,89974772758403437504,89.97477275840343,0.0,0,0,0,nan,0
CL-WETH/POKT,0.010133962537212503,0x32bb4aD5Fed77f7Abf97d1435f8D6aaae59aA64e,0x470Cb18F662BB91b972C81Fdb385412D5509442a,0x4200000000000000000000000000000000000006,0x764A726d9ceD0433A8D7643335919dEb03a9a935,0x940181a94A35A4569E4529A3CDfB74e38FD98631,18,18,6,974497154190906,316915753,0.000974497154190906,316.915753,974497471106659,483640548573966,67917926390425485781938,67917.92639042549,0.0,0,0,0,nan,0
CL-EURC/USD+,0.002133297715388014,0xA51C7A5a121aD3d73E2E9888Bb016e07bdd5BA94,0xf3295461eB9F0acEC52F2Efb9E9788eD86F57f47,0x60a3E35Cc302bFA44Cb288Bc5a4F316Fdb1adb42,0xB79DD08EA68A908A97220C76d19A6aA9cBDE4376,0x940181a94A35A4569E4529A3CDfB74e38FD98631,18,6,6,188841,66059,0.188841,0.066059,254900,101811041194715,14297384332194294000881,14297.384332194293,0.0,0,0,0,nan,0
CL-USDC/sUSX,0.017198312751972252,0xF1a662b3ff0aa7002Bb0F0677067709fd31da422,0x01994190cffB892a899694dBD6803F89FBAa4997,0x833589fCD6eDb6E08f4c7C32D4f71b54bdA02913,0xbC404429558292eE2D769E57d57D6E74bbd2792d,0x940181a94A35A4569E4529A3CDfB74e38FD98631,18,6,18,3158330,1199629340630205647,3.15833,1.1996293406302057,1199629340633363977,0,115263277838134101337064,115263.2778381341,0.0,0,0,0,nan,0
CL-wstETH/wrsETH,0.0001306020346370103,0x14dcCDd311Ab827c42CCA448ba87B1ac1039e2A4,0x4197186D3D65f694018Ae4B80355225Ce1dD64AD,0xc1CBa3fCea344f92D9239c08C0568f6F2F0ee452,0xEDfa23602D0EC14714057867A78d01e94176BEA0,0x940181a94A35A4569E4529A3CDfB74e38FD98631,18,18,18,528186893758469,48480752751189774,0.000528186893758469,0.04848075275118977,49008939644948243,0,875296246887069168708,875.2962468870692,0.0,0,0,0,nan,0
CL-uDOGE/WETH,9.35548959762549e-06,0xBE700f5c75dFCbEf3Cae37873aEEB1724daED3f6,0x18835e2b9f96fb3356F6Cc91405e3368D8bF6B1e,0x12E96C2BFEA6E835CF8Dd38a5834fa61Cf723736,0x4200000000000000000000000000000000000006,0x940181a94A35A4569E4529A3CDfB74e38FD98631,18,18,18,181319024442004032634,8158314725834537,181.31902444200404,0.008158314725834536,181327182756729867171,0,62700592340328215084,62.70059234032822,0.0,0,0,0,nan,0
CL-WETH/cbBTC,5.310865523092577,0x70aCDF2Ad0bf2402C957154f944c19Ef4e1cbAE1,0x41b2126661C673C2beDd208cC72E85DC51a5320a,0x4200000000000000000000000000000000000006,0xcbB7C0000aB88B473b1f5aFd9ef808440eed33Bf,0x940181a94A35A4569E4529A3CDfB74e38FD98631,18,18,8,1746561720233903056,5251665,1.746561720233903,0.05251665,1746561720239154721,253457193382298968,35593478103192871456041592,35593478.10319287,0.0,0,0,0,nan,0
CL-USDC/cbBTC,2.4570854588811857,0x4e962BB3889Bf030368F56810A9c96B83CB3E778,0x6399ed6725cC163D019aA64FF55b22149D7179A8,0x833589fCD6eDb6E08f4c7C32D4f71b54bdA02913,0xcbB7C0000aB88B473b1f5aFd9ef808440eed33Bf,0x940181a94A35A4569E4529A3CDfB74e38FD98631,18,6,8,1525332585,1852587,1525.332585,0.01852587,1527185172,117250289114953714,16467413286607632262574001,16467413.28660763,0.0,0,0,0,nan,0
CL-IBTC/WETH,7.448145181231605e-11,0x9f093177c5087DD280bd61a1Afab564814807014,0xC5104cbB08A30b6cB3F52E38dA8878acDE1809cF,0x12418783e860997eb99e8aCf682DF952F721cF62,0x4200000000000000000000000000000000000006,0x940181a94A35A4569E4529A3CDfB74e38FD98631,18,8,18,865,64192685218985,8.65e-06,6.4192685218985e-05,64192685219850,0,499175494587170,0.00049917549458717,0.0,0,0,0,nan,0
CL-tBTC/cbBTC,0.005988418098255589,0x138aceE5573fA09e7F215965ff60898cc33c6330,0xB57eC27f68Bd356e300D57079B6cdbe57d50830d,0x236aa50979D5f3De3Bd1Eeb40E81137F22ab794b,0xcbB7C0000aB88B473b1f5aFd9ef808440eed33Bf,0x940181a94A35A4569E4529A3CDfB74e38FD98631,18,18,8,10443680941776,1311,1.0443680941776e-05,1.311e-05,10443680943087,285797532715175,40134442780789030035949,40134.44278078903,0.0,0,0,0,nan,0
CL-USD+/cbBTC,4.504142325163248e-07,0xe05ce080119b33dd30482A6eC9b8911508AE226e,0x1e6490C37841024B9eE55F505cCB24cefa7FCE9c,0xB79DD08EA68A908A97220C76d19A6aA9cBDE4376,0xcbB7C0000aB88B473b1f5aFd9ef808440eed33Bf,0x940181a94A35A4569E4529A3CDfB74e38FD98631,18,6,8,5891301,6465,5.891301,6.465e-05,5897766,0,3018681051652900195,3.0186810516529006,0.0,0,0,0,nan,0
CL-WETH/uBTC,1.3893148291610245e-08,0xDdF56Af090c09bB0F993E00D7c676076CC59C72e,0xe5FfE849A481028a8F772b7113bAb7bFae6f2A82,0x4200000000000000000000000000000000000006,0xF1143f3A8D76f1Ca740d29D5671d365F66C44eD1,0x940181a94A35A4569E4529A3CDfB74e38FD98631,18,18,18,35199970085971159,872203150250231,0.03519997008597116,0.000872203150250231,36072173236221390,0,93112029922739330,0.09311202992273933,0.0,0,0,0,nan,0
CL-WETH/EURC,0.0004435209422754934,0x5d4e504EB4c526995E0cC7A6E327FDa75D8B52b5,0xb0C500d53720ff63F000de6D26f7Fe5c66571e3d,0x4200000000000000000000000000000000000006,0x60a3E35Cc302bFA44Cb288Bc5a4F316Fdb1adb42,0x940181a94A35A4569E4529A3CDfB74e38FD98631,18,18,6,217245554457522171,379035787,0.21724555445752217,379.035787,217245554836557958,0,2972482145998231961081,2972.482145998232,0.0,0,0,0,nan,0
CL-WETH/SPX,0.026489500507092135,0x4BA1e3E9280facbAcaFA7baF4aE0b78Bea60beCa,0x9D312ED8646cE9a4eC2A44279C07CFCcfefAB012,0x4200000000000000000000000000000000000006,0x50dA645f148798F68EF2d7dB7C1CB22A6819bb2C,0x940181a94A35A4569E4529A3CDfB74e38FD98631,18,18,8,14132441203257643,5687040030,0.014132441203257642,56.8704003,14132446890297673,1264325538694012,177532918535407816742302,177532.9185354078,3.3151867714756254e-21,588.5547830300438,0,588.5547830300438,301.64213027276566,1787788800
CL-WETH/uSUI,0.004700913754526507,0x5C45b0F48c326f79b56709d8F63CE2beE7697106,0xeD5355807FB4e7A04A7Ff8Bbc20cf65d425cB868,0x4200000000000000000000000000000000000006,0xb0505e5a99abd03d94a1169e638B78EDfEd26ea4,0x940181a94A35A4569E4529A3CDfB74e38FD98631,18,18,18,1286635317651583,4318928889487647118,0.001286635317651583,4.318928889487647,4320215524805298701,224352149793899,31505574761626429674486,31505.57476162643,1.7995180073013585e-20,566.9484911392597,0,566.9484911392597,55.57043585796882,1787788800
CL-WETH/mooBIFI,0.01806318274268766,0xb378137c90444BbceCD44a1f766851fbf53D2a9E,0x6E415053AAcDDDc8b678a806a5279A8DCDD4f6f1,0x4200000000000000000000000000000000000006,0xc55E93C62874D8100dBd2DfE307EDc1036ad5434,0x940181a94A35A4569E4529A3CDfB74e38FD98631,18,18,18,1492003232155,5445876763499034,1.492003232155e-06,0.005445876763499034,5447368766731189,862069855401588,121059645858145981231277,121059.64585814597,3.0441490211391542e-21,368.52360243852775,0,368.52360243852775,328.49902979644173,1787788800
CL-WETH/OVN,2.9930601054866864e-08,0x1DA71Ce5Ebf772f9fdD44E29Bec53C7185E188BA,0x7a8464B293e1A035A2546Dd38fb9cF8BE4c5AB44,0x4200000000000000000000000000000000000006,0xA3d1a8DEB97B111454B294E2324EfAD13a9d8396,0x940181a94A35A4569E4529A3CDfB74e38FD98631,18,18,18,376274034548486141,754090510800736343647,0.3762740345484861,754.0905108007363,754466784835284829788,0,200595211577010362,0.20059521157701038,0.0,0,0,0,nan,0
CL-Mog/USD+,0.0006973498092566079,0x08361c463C8EC4fC1c7AddfADB006f5Ca7951fc1,0xDE199C94Fc91fA302ceae3A34c85c386966fDce5,0x2Da56AcB9Ea78330f947bD57C54119Debda7AF71,0xB79DD08EA68A908A97220C76d19A6aA9cBDE4376,0x940181a94A35A4569E4529A3CDfB74e38FD98631,18,18,6,62166630054741334678396576,31060670,62166630.05474134,31.06067,62166630054741334709457246,0,4673645954339132262636,4673.645954339132,0.0,0,0,0,nan,0
CL-WIF/USD+,4.116332123875856e-06,0x090d9C28E1Edca0e693a9e553B256E07Ca2af021,0xF36283a09895eDff51E9451cd70c64e53B5dc2Bb,0x1fba65dE0a9cBD2D1DF82d141897042d36Bb6c86,0xB79DD08EA68A908A97220C76d19A6aA9cBDE4376,0x940181a94A35A4569E4529A3CDfB74e38FD98631,18,18,6,1612328196336362748,554465,1.6123281963363627,0.554465,1612328196336917213,0,27587702358414755267,27.587702358414752,0.0,0,0,0,nan,0
CL-KEYCAT/USD+,1.6146035883703532e-12,0x5D7411A51442D287d742FfefC02658D2c9865F29,0x13DBd71e42055a440337F0c3794d82cD82703e74,0x9a26F5433671751C3276a065f57e5a02D2817973,0xB79DD08EA68A908A97220C76d19A6aA9cBDE4376,0x940181a94A35A4569E4529A3CDfB74e38FD98631,18,18,6,1887650763617552605152,4588940,1887.6507636175527,4.58894,1887650763617557194092,0,10821090690041,1.0821090690041e-05,0.0,0,0,0,nan,0
CL-MIGGLES/USD+,7.456094595505497e-07,0xaeA775CB2879F54E197eC085f9bB08E4B59f1d9E,0x871f78b2C1324fbdEFC9A6Ac9Ac409C9202dEd4F,0xB1a03EdA10342529bBF8EB700a06C60441fEf25d,0xB79DD08EA68A908A97220C76d19A6aA9cBDE4376,0x940181a94A35A4569E4529A3CDfB74e38FD98631,18,18,6,1160810295210198882420,29743862,1160.8102952101988,29.743862,1160810295210228626282,0,4997082651904938879,4.997082651904939,0.0,0,0,0,nan,0
CL-SolvBTC/cbBTC,3.969019485874653e-05,0x83eE4a0d418aA520A7BC1A3782bDb445F31b8e29,0x2d3825c93f79E97548FE7b7779ADfE6C3b962afb,0x3B86Ad95859b6AB773f55f8d94B4b9d443EE931f,0xcbB7C0000aB88B473b1f5aFd9ef808440eed33Bf,0x940181a94A35A4569E4529A3CDfB74e38FD98631,18,18,8,1,1,1e-18,1e-08,2,1894225020550,266004114672746357465,266.00411467274637,2.4338688022036126e-22,0.06474191159597896,0,0.06474191159597896,4108.684901563326,1787788800
CL-SolvBTC/xSolvBTC,2.112660111269534e-05,0x0c0E3d9b455B1097D4B4B2fd0B34E51d31AD2d1A,0x04917fBA393848554F344c2877A17e9E0650622A,0x3B86Ad95859b6AB773f55f8d94B4b9d443EE931f,0xC26C9099BD3789107888c35bb41178079B282561,0x940181a94A35A4569E4529A3CDfB74e38FD98631,18,18,18,3749098008728,3344770206150,3.749098008728e-06,3.34477020615e-06,7093868214878,0,141590708864669502603,141.5907088646695,0.0,0,0,0,nan,0
CL-jEUR/USDC,2.4206080556695857e-05,0xf11fD84609D5d55f5A2787eF5c8774C17a609B25,0x8f28db1048a89e878FdC18aBbf5D7b5bF242d280,0x4154550f4Db74Dc38d1FE98e1F3F28ed6daD627d,0x833589fCD6eDb6E08f4c7C32D4f71b54bdA02913,0x940181a94A35A4569E4529A3CDfB74e38FD98631,18,18,6,42199271043806597,43387,0.042199271043806594,0.043387,42199271043849984,0,162229413362583118563,162.2294133625831,0.0,0,0,0,nan,0
CL-VIRTUAL/WETH,0.3319665101515297,0xC200F21EfE67c7F41B81A854c26F9cdA80593065,0xBDA319Bc7Cc8F0829df39eC0FFF5D1E061FFadf7,0x0b3e328455c4059EEb9e3f84b5543F74E24e7E1b,0x4200000000000000000000000000000000000006,0x940181a94A35A4569E4529A3CDfB74e38FD98631,18,18,18,514030175423715640204,149397042471151533,514.0301754237156,0.14939704247115154,514179572466186791737,15843190781066278,2224843136903856282333811,2224843.1369038564,3.829386576340413e-21,8519.784442922723,0,8519.784442922723,261.13843041557294,1787788800
CL-msUSD/USDC,1.5026319669952748,0x7501bc8Bb51616F79bfA524E464fb7B41f0B10fB,0x3d86AED6eCC8dAf71C8b50d06f38455b663265d8,0x526728DBc96689597F85ae4cd716d4f7fCcBAE9d,0x833589fCD6eDb6E08f4c7C32D4f71b54bdA02913,0x940181a94A35A4569E4529A3CDfB74e38FD98631,18,18,6,397608219468098680649,65578452,397.6082194680987,65.578452,397608219468164259101,71697587560380205,10070655674079217238863635,10070655.674079217,7.092881924816188e-22,7142.997160172406,0,7142.997160172406,1409.8641576158973,1787788800
CL-LOGX/USDC,1.2571943482934859e-05,0x68ae3F59217490F3E02b8076aE117c9f9Dc0fEbE,0xf661ede7D6318e43fCF252351A05C3ce377F1E9D,0x04055057677807D2a53d2b25a80FF3b4d932aE1a,0x833589fCD6eDb6E08f4c7C32D4f71b54bdA02913,0x940181a94A35A4569E4529A3CDfB74e38FD98631,18,18,6,1115901323852211033084,9902723,1115.9013238522111,9.902723,1115901323852220935807,0,84257301023477632445,84.25730102347762,0.0,0,0,0,nan,0
CL-WETH/ElonRWA,2.1495445834198598e-07,0x5Ca1C5d0db6c558ca0a4c1Bb7792831aB5805672,0x6c58108057d0Cb05D36518B2642DAaAEDe49828D,0x4200000000000000000000000000000000000006,0xAa6Cccdce193698D33deb9ffd4be74eAa74c4898,0x940181a94A35A4569E4529A3CDfB74e38FD98631,18,18,18,29382599356424,990172274954335650051,2.9382599356424e-05,990.1722749543356,990172304336935006475,0,1440627101724073089,1.4406271017240733,0.0,0,0,0,nan,0
CL-uXRP/WETH,0.010464279995360166,0x61C6e9E93592e535Efc1BEE07f491A517e98f6d0,0x4b9C4828A512ed379b8F2b656aCc839A62265ADb,0x2615a94df961278DcbC41Fb0a54fEc5f10a693aE,0x4200000000000000000000000000000000000006,0x940181a94A35A4569E4529A3CDfB74e38FD98631,18,18,18,3233127397908906459,3029282496825759,3.2331273979089064,0.003029282496825759,3236156680405732218,363100357333786,70131717562986524533458,70131.71756298652,0.0,0,0,0,nan,0
CL-USDC/CHAMP,0.00027901476731572936,0x58c5649e6BC93969f4530673E8892faf762Cc7E7,0x0e956C897bBFCbd2155D3DfdD27c87fa5A0FaD39,0x833589fCD6eDb6E08f4c7C32D4f71b54bdA02913,0xEb6d78148F001F3aA2f588997c5E102E489Ad341,0x940181a94A35A4569E4529A3CDfB74e38FD98631,18,6,18,36182,525132926660661851425,0.036182,525.1329266606618,525132926660661887607,13316155673400,1869959984439009402943,1869.9599844390095,0.0,0,0,0,nan,0
CL-WETH/uADA,8.216280677099095e-06,0xB79C8a96D89f5CCa7B907D3d1229b61373C3D439,0xC397805B44426d10a304D339D405f35d69A2Eb1b,0x4200000000000000000000000000000000000006,0xa3A34A0D9A08CCDDB6Ed422Ac0A28a06731335aA,0x940181a94A35A4569E4529A3CDfB74e38FD98631,18,18,18,2302782998396202,18869577252834591721,0.002302782998396202,18.869577252834592,18871880035832987923,0,55065601849342014550,55.065601849342016,0.0,0,0,0,nan,0
CL-LUM/WETH,3.2054387515911926e-05,0x80FDA26eEf8eAEfBbB2c75b84bF351c99c2a6D47,0x930b91c3DDd7D344ef8d599D1D6D68b17bb14c16,0x0fD7a301B51d0A83FCAf6718628174D527B373b6,0x4200000000000000000000000000000000000006,0x940181a94A35A4569E4529A3CDfB74e38FD98631,18,18,18,1,1,1e-18,1e-18,2,1529816124540,214828851379858560582,214.82885137985858,0.0,0,0,0,nan,0
CL-WETH/AIXBT,0.023126432023431003,0x22A52bB644f855ebD5ca2edB643FF70222D70C31,0xC23924a846eca931Ec3014253E94f15b038bd0C8,0x4200000000000000000000000000000000000006,0x4F9Fd6Be4a90f2620860d680c0d4d5Fb53d1A825,0x940181a94A35A4569E4529A3CDfB74e38FD98631,18,18,18,26634071648234294,3162568016335839300781,0.026634071648234295,3162.5680163358393,3162594650407487535075,1103723548244493,154993597230388958987792,154993.59723038896,0.0,0,0,0,nan,0
CL-SEKOIA/WETH,0.0001946596040404865,0x52f38A65DAb3Cf23478cc567110BEC90162aB832,0x0592D3036ed8BFDF4545410EDfc7F075227324A2,0x1185cB5122Edad199BdBC0cbd7a0457E448f23c7,0x4200000000000000000000000000000000000006,0x940181a94A35A4569E4529A3CDfB74e38FD98631,18,18,18,15525159759767873867477,1105321612152609,15525.159759767874,0.001105321612152609,15525160865089486020086,0,1304610768972482379948,1304.6107689724824,0.0,0,0,0,nan,0
CL-RSR/bsdETH,0.00013064698028199037,0xe2cb3a61D580004306e70F32341e00D596b4ecc4,0x0DED14A7A643344eC12e38d87dbDeF8245551e38,0xaB36452DbAC151bE02b16Ca17d8919826072f64a,0xCb327b99fF831bF8223cCEd12B1338FF3aA322Ff,0x940181a94A35A4569E4529A3CDfB74e38FD98631,18,18,18,1525216594204933933,1,1.5252165942049338,1e-18,1525216594204933934,6235275809564,875597473085223840381,875.5974730852239,0.0,0,0,0,nan,0
CL-SIMMI/WETH,0.0014547435469225711,0xBae6f0e8D43E6158D3Df940B332adC75BEEBA75f,0x1c553B8CBCfa13c5F93394A3138e6C6Ca16E3737,0x161e113B8E9BBAEfb846F73F31624F6f9607bd44,0x4200000000000000000000000000000000000006,0x940181a94A35A4569E4529A3CDfB74e38FD98631,18,18,18,412622416577872423187577,171149256431252,412622.4165778724,0.000171149256431252,412622416749021679618829,3725239342138,9749706965466140098263,9749.70696546614,0.0,0,0,0,nan,0
CL-HENLO/WETH,0.0005433084637758732,0xa1B6F148F208FFe9Eb04C68BcBFEa3525f2536d6,0xB592a97283c160FFD764E614d6cA4ddbCEa395A3,0x23A96680Ccde03Bd4Bdd9a3e9a0Cb56A5D27F7c9,0x4200000000000000000000000000000000000006,0x940181a94A35A4569E4529A3CDfB74e38FD98631,18,18,18,75877321379200893845865296226,39957560763823735,75877321379.2009,0.039957560763823737,75877321379240851406629119961,0,3641259192988382510090,3641.2591929883824,0.0,0,0,0,nan,0
CL-GAME/WETH,0.0017348487768766665,0x2A36148a416cBa81699B555120Bd65f4682BDFD2,0x6366138fD616Df7E5906D7B00250634da342Ee20,0x1C4CcA7C5DB003824208aDDA61Bd749e55F463a3,0x4200000000000000000000000000000000000006,0x940181a94A35A4569E4529A3CDfB74e38FD98631,18,18,18,442669323607703501321,1018448342629866,442.6693236077035,0.001018448342629866,442670342056046131187,82797069628899,11626975242286544940725,11626.975242286546,0.0,0,0,0,nan,0
CL-WETH/PEPE,0.0011845381002026799,0x47f6F4b438B9D91E7387d6c1CF953A86BF5de1A5,0x16cb808aEB948836695d5033a8CAC675f916835A,0x4200000000000000000000000000000000000006,0x52b492a33E447Cdb854c7FC19F1e57E8BfA1777D,0x940181a94A35A4569E4529A3CDfB74e38FD98631,18,18,18,2670560084046786,1245717984726000684594445058,0.002670560084046786,1245717984.7260008,1245717984728671244678491844,0,7938787142817817171493,7938.787142817817,0.0,0,0,0,nan,0
CL-USDz/sUSDz,0.0003494391914373524,0x96CC4b6A75fA1dFea66091589d1f25AfF3aa0318,0xb1C4225d490B881d2e011decc9E0F7439F2AC174,0x04D5ddf5f3a8939889F11E97f8c4BB48317F1938,0xe31eE12bDFDD0573D634124611e85338e2cBF0cF,0x940181a94A35A4569E4529A3CDfB74e38FD98631,18,18,18,4885168069692396,57169790513165877,0.004885168069692396,0.057169790513165876,62054958582858273,894848308635,2341945235619556540882,2341.9452356195566,0.0,0,0,0,nan,0
CL-USDS/USDC,1.755656244729883e-05,0xA441378a1CB4DF371535296e539a1E0deF6924e4,0xe2a2B1D8AA4bD8A05e517Ccf61E96A727831B63e,0x820C137fa70C8691f0e44Dc420a5e53c168921Dc,0x833589fCD6eDb6E08f4c7C32D4f71b54bdA02913,0x940181a94A35A4569E4529A3CDfB74e38FD98631,18,18,6,93965997635898543,109067,0.09396599763589854,0.109067,93965997636007610,837913210192,117664271165989426977,117.66427116598942,0.0,0,0,0,nan,0
CL-WETH/USDS,8.213730929691549e-05,0x4289a0666397f517c2A761652AaebAf6A4f7A693,0x0C8a0BA64139c17eB90a9Fe63158498be41467eb,0x4200000000000000000000000000000000000006,0x820C137fa70C8691f0e44Dc420a5e53c168921Dc,0x940181a94A35A4569E4529A3CDfB74e38FD98631,18,18,18,1114397144520661,2734976988047806291,0.001114397144520661,2.7349769880478063,2736091385192326952,1161661120383,550485134146745267335,550.4851341467453,4.808935884666083e-20,26.47247715573506,0,26.47247715573506,20.79462117988784,1787788800
CL-WETH/FAI,0.0704444841498504,0x28A9eC9928A689410e82E579FD9418FbBF6452F3,0x093b5fa753c6a4C94B0aE98326919A5e241901a0,0x4200000000000000000000000000000000000006,0xb33Ff54b9F7242EF1593d2C9Bcd8f9df46c77935,0x940181a94A35A4569E4529A3CDfB74e38FD98631,18,18,18,13041238261749124,9585208719661009826642,0.013041238261749124,9585.20871966101,9585221760899271575766,3362043171520516,472119693706413244219277,472119.69370641327,1.636871981236882e-21,772.7994984181665,0,772.7994984181665,610.9213252244457,1787788800
CL-Mog/wBLT,0.00010945997877735243,0x48d0CC084D274889131986925FB3B348a4405811,0xCB32e7190785E7bF4f02c56Cb576bf38BeBB2b17,0x2Da56AcB9Ea78330f947bD57C54119Debda7AF71,0x4E74D4Db6c0726ccded4656d0BCE448876BB4C7A,0x940181a94A35A4569E4529A3CDfB74e38FD98631,18,18,18,13412503973719948380231776,10140108318805059227,13412503.973719949,10.140108318805058,13412514113828267185291003,0,733601960141316138606,733.6019601413161,0.0,0,0,0,nan,0
CL-WETH/REI,0.0013850353244594688,0x54cdD0222dF6B3BC17754c2C1B3d7D4203FE3d89,0xa4A7e0daE53e9dE540ddEf4Bb7214499DfDEA07D,0x4200000000000000000000000000000000000006,0x6B2504A03ca4D43d0D73776F6aD46dAb2F2a4cFD,0x940181a94A35A4569E4529A3CDfB74e38FD98631,18,18,18,73693816215360621,5423056840791323891436,0.07369381621536063,5423.056840791324,5423130534607539252057,0,9282521705537334737436,9282.521705537336,0.0,0,0,0,nan,0
CL-USDC/ODOS,0.026118245922686065,0xb7068556049dF8Fb3ae77CCbb9611FE0e85B2641,0x417e10d1d0b491aeBeF222c9Df0263618EFCCB39,0x833589fCD6eDb6E08f4c7C32D4f71b54bdA02913,0xca73ed1815e5915489570014e024b7EbE65dE679,0x940181a94A35A4569E4529A3CDfB74e38FD98631,18,6,18,5518193,7560883126788208539729,5.518193,7560.883126788209,7560883126788214057922,1246523009092780,175044766300464254565875,175044.76630046425,3.9403773687618784e-21,689.7424356505613,0,689.7424356505613,253.78279956830983,1787788800
CL-uSHIB/WETH,3.7233076977798476e-07,0x83212D59403D96A95Fd750d5b6880F77d0CAb337,0xbE1F88D873Ed7Cb52160e5C3aaf6bB04bc0aF982,0x239b9C1F24F3423062B0d364796e07Ee905E9FcE,0x4200000000000000000000000000000000000006,0x940181a94A35A4569E4529A3CDfB74e38FD98631,18,18,18,2992518478765168978103201,20176183899850310,2992518.478765169,0.02017618389985031,2992518498941352877953511,0,2495364840930963729,2.495364840930964,0.0,0,0,0,nan,0
CL-WETH/uLINK,0.0002648724255650498,0xFd4F716cb3c493aFDDd40C67d3f42426aEb2d902,0xfd4fbaF8B074e7c275b9fCA2de88A912cAeEA9c3,0x4200000000000000000000000000000000000006,0xd403D1624DAEF243FbcBd4A80d8A6F36afFe32b2,0x940181a94A35A4569E4529A3CDfB74e38FD98631,18,18,18,133291404258841,1,0.000133291404258841,1e-18,133291404258842,12641342426354,1775177857261825515506,1775.1778572618255,6.277160462479957e-21,11.143076259473819,0,11.143076259473819,159.3077006677194,1787788800
CL-VIRTUAL/WETH,0.26181288020233967,0x3f0296BF652e19bca772EC3dF08b32732F93014A,0x5013Ea8783Bfeaa8c4850a54eacd54D7A3B7f889,0x0b3e328455c4059EEb9e3f84b5543F74E24e7E1b,0x4200000000000000000000000000000000000006,0x940181a94A35A4569E4529A3CDfB74e38FD98631,18,18,18,540600812660851435073,162178101058051401,540.6008126608515,0.1621781010580514,540762990761909486474,12495411753298324,1754672751192046104062083,1754672.751192046,2.956846166191073e-21,5188.297397282144,0,5188.297397282144,338.1981827239164,1787788800
CL-EMP/WETH,0.0013082077934510378,0xb0f400ded843b39370B059aD49AcFF6eB7365EEF,0x72Ef9Eef04485fC4dE5Bb9205498e3d649A06596,0x39D5313C3750140E5042887413bA8AA6145a9bd2,0x4200000000000000000000000000000000000006,0x940181a94A35A4569E4529A3CDfB74e38FD98631,18,18,18,327855564795885558,543342711430949,0.32785556479588557,0.000543342711430949,328398907507316507,62436402959827,8767622762835695201043,8767.622762835696,3.51358986670493e-21,30.805830494590985,0,30.805830494590985,284.60919968949224,1787788800
CL-WETH/GEKKO,2.1356004216663487e-05,0x027256310dDD3773bc410f1CBd83524C42321Cd0,0xe3D090Ce1684Ada21EFeffF4eBc469e2def2d6D3,0x4200000000000000000000000000000000000006,0xf7b0dd0B642a6ccc2fc4d8FfE2BfFb0caC8C43C8,0x940181a94A35A4569E4529A3CDfB74e38FD98631,18,18,18,125698152825597,947725612378685624065,0.000125698152825597,947.7256123786856,947725738076838449662,0,143128170945452894470,143.1281709454529,0.0,0,0,0,nan,0
CL-BNKR/WETH,0.7383697112694186,0xCDD442e2De893c07146B2F1072f8e077559f9aa4,0x28dCF4ABc65a3E0971602BdBaa95f14CEEC09a2a,0x22aF33FE49fD1Fa80c7149773dDe5890D3c76F3b,0x4200000000000000000000000000000000000006,0x940181a94A35A4569E4529A3CDfB74e38FD98631,18,18,18,415003684895167003734154,35469310683489058,415003.684895167,0.03546931068348906,415003720364477687223212,35284730486428999,4948561780721777249428381,4948561.780721778,1.1418284537926138e-21,5650.408646578771,0,5650.408646578771,875.7882996158252,1787788800
CL-WETH/VEIL,0.00021850294576625324,0x8caD4aF4c6b4dd0eFd195407498E55eB9C328CD3,0x40a844835DF0a7b09E2B4D4D85443714c473624d,0x4200000000000000000000000000000000000006,0x767A739D1A152639e9Ea1D8c1BD55FDC5B217D7f,0x940181a94A35A4569E4529A3CDfB74e38FD98631,18,18,18,280685599807152,44437470344150476460,0.000280685599807152,44.437470344150476,44437751029750283612,10429390502239,1464409102771910653655,1464.4091027719105,2.430115538631688e-20,35.586833155597084,0,35.586833155597084,41.15030681064097,1787788800
CL-WETH/WELS,3.6104832181441415e-07,0x39d8E6Ce85Be6fDb679b1515a0A8cbC919df948b,0x977EFe76abA185f61A70A67D491e780b205ed908,0x4200000000000000000000000000000000000006,0x7F62ac1e974D65Fab4A81821CA6AF659A5F46298,0x940181a94A35A4569E4529A3CDfB74e38FD98631,18,18,18,177014753019548,169991742830608241318,0.000177014753019548,169.99174283060825,169991919845361260866,0,2419749752807264060,2.4197497528072645,0.0,0,0,0,nan,0
CL-WETH/VVV,0.737137500829947,0x46D398A5b33709877f50c8918A7eE96F1Be1d7dd,0x6831125a82Af7417e0cde3A214c03fE248Ff6AA8,0x4200000000000000000000000000000000000006,0xacfE6019Ed1A7Dc6f7B508C02d1b04ec88cC21bf,0x940181a94A35A4569E4529A3CDfB74e38FD98631,18,18,18,68275186216259975,15006205284025270791,0.06827518621625997,15.00620528402527,15074480470241530766,35178562669159804,4940303493046227046450144,4940303.493046227,0.0,0,0,0,nan,0
CL-WETH/VVV,0.08144315198626305,0x7eC6C9D993D9832Aa654593f2Dbc21303650Bc6c,0x5d05eF25a5f933271E1f0FDc02dC3EaB6a4eA687,0x4200000000000000000000000000000000000006,0xacfE6019Ed1A7Dc6f7B508C02d1b04ec88cC21bf,0x940181a94A35A4569E4529A3CDfB74e38FD98631,18,18,18,748672597320581197,194972388484003461935,0.7486725973205812,194.97238848400346,195721061081324043132,0,545832884352536368409863,545832.8843525364,0.0,0,0,0,nan,0
CL-WETH/FLAY,1.4211651136467071e-06,0x6eAF8196a9A3207A9CdF06EFd112fef7a27E34Fb,0x5B75d4Ae48E15892D3810b227D34dB45198C439B,0x4200000000000000000000000000000000000006,0xF1A7000000950C7ad8Aff13118Bb7aB561A448ee,0x940181a94A35A4569E4529A3CDfB74e38FD98631,18,18,18,242819831726279,83363777515320516096,0.000242819831726279,83.36377751532052,83364020335152242375,3639422002,9524663942940495978,9.524663942940496,0.0,0,0,0,nan,0
CL-WETH/AAVE,0.7732884163631563,0x4a79B0168296c0eF7b8F314973B82aD406a29f1B,0x28047b764D603A25146A0b8a8D414740dC1E650E,0x4200000000000000000000000000000000000006,0x63706e401c06ac8513145b7687A14804d17f814b,0x940181a94A35A4569E4529A3CDfB74e38FD98631,18,18,18,361621594797047845,8047552725299535607,0.36162159479704786,8.047552725299536,8409174320096583452,36904215923483432,5182587319448289909650635,5182587.31944829,0.0,0,0,0,nan,0
CL-WETH/TIBBIR,0.0018272614432515853,0x0f664afFB82f074937D5cFCD61b97F3F32d5dC50,0x2335A595b567CddDec56DE21261795ba7e7Aad98,0x4200000000000000000000000000000000000006,0xA4A2E2ca3fBfE21aed83471D28b6f65A233C6e00,0x940181a94A35A4569E4529A3CDfB74e38FD98631,18,18,18,461987764741782440,6851577694573615741178,0.46198776474178244,6851.577694573616,6852039682338357523618,0,12246325930563424356888,12246.325930563426,0.0,0,0,0,nan,0
CL-WETH/W,0.006885604926152549,0xf1Eef36d55978eDfD427e95c3D0C9B9359EF0AEF,0xA2292a26d33117f52Fd511aafD98A73C2172a990,0x4200000000000000000000000000000000000006,0xB0fFa8000886e57F86dd5264b9582b2Ad87b2b91,0x940181a94A35A4569E4529A3CDfB74e38FD98631,18,18,18,1328890843928084,356278480161467233779,0.001328890843928084,356.27848016146726,356279809052311161863,328642185315011,46147398592674847518109,46147.39859267485,0.0,0,0,0,nan,0
CL-WETH/KAITO,0.10068193766030376,0x56b92E5B391DbFb8b8028AC95A4b97f52ffEB416,0x6205DfbE68444cFF504A20a712cEa794c6b6Cf04,0x4200000000000000000000000000000000000006,0x98d0baa52b2D063E780DE12F615f963Fe8537553,0x940181a94A35A4569E4529A3CDfB74e38FD98631,18,18,18,95248986639619106,778402036121189578445,0.0952489866396191,778.4020361211896,778497285107829197551,4805216276354719,674771433755353084136541,674771.4337553531,0.0,0,0,0,nan,0
CL-WETH/RIZ,4.705872844774366e-05,0x78abF9026c500744Cb033842744b87ffA0F73689,0x5983adac7383396B31A3F4c5654623702ad27FaC,0x4200000000000000000000000000000000000006,0x67543CF0304C19CA62AC95ba82FD4F4B40788dc1,0x940181a94A35A4569E4529A3CDfB74e38FD98631,18,18,8,219763642839001,54070100585,0.000219763642839001,540.70100585,219817712939586,0,315388106380351682257,315.3881063803517,0.0,0,0,0,nan,0
CL-WETH/COW,0.00011487781051323372,0x6D99904cd4ec6F558D279a643b64d2Dc8E2E4C18,0xFB0232F10272848b303C2DDa79C6bb568e19c18d,0x4200000000000000000000000000000000000006,0xc694a91e6b071bF030A18BD3053A7fE09B6DaE69,0x940181a94A35A4569E4529A3CDfB74e38FD98631,18,18,18,55052651510100,862862430562368583,5.50526515101e-05,0.8628624305623686,862917483213878683,0,769912326958057072041,769.9123269580572,0.0,0,0,0,nan,0
CL-WETH/LINKS,8.59601134784077e-08,0x4Ba79157c6e7aB14bce06a869aF2d14C51C8E269,0x93eE62191632cdb63710f6dBe497Dbc6640242F4,0x4200000000000000000000000000000000000006,0x901F1D2BF312e6Fa1716Df603df8F86315bcb355,0x940181a94A35A4569E4529A3CDfB74e38FD98631,18,18,18,66090224407850638,2356657580071665290202781,0.06609022440785063,2356657.5800716653,2356657646161889698053419,220134309,576105609064646042,0.576105609064646,0.0,0,0,0,nan,1787788800
CL-MXNe/USDC,1.0478947037433513e-07,0x256D96010e9D9801B1F4c2320B2AD44715c8078F,0xab205bb675a7DDAF1f5808da0D89bdbdC8F9F646,0x269caE7Dc59803e5C596c95756faEeBb6030E0aF,0x833589fCD6eDb6E08f4c7C32D4f71b54bdA02913,0x940181a94A35A4569E4529A3CDfB74e38FD98631,18,6,6,1,1,1e-06,1e-06,2,5001335258,702300162373939871,0.7023001623739399,0.0,0,0,0,nan,1787788800
CL-oUSDT/WETH,0.08149622036707269,0x93617b2909a7c207E4180dE0E667ea80c9BdfE9e,0x3D7981a71dEe2e73656566f3003D3C6a19C45EE6,0x1217BfE6c773EEC6cc4A38b5Dc45B92292B6E189,0x4200000000000000000000000000000000000006,0x940181a94A35A4569E4529A3CDfB74e38FD98631,18,6,18,31537595,12980788026012629,31.537595,0.01298078802601263,12980788057550224,3889602066887914,546188549213961803019570,546188.5492139618,2.1166647558327375e-21,1156.0980521606075,0,1156.0980521606075,472.4413713812608,1787788800
CL-oUSDT/cbBTC,0.03223517575503014,0x85c99e6B9adaB159A33A999a6303933212ac091E,0x5743b100361F2d6b13282C731426215294689a71,0x1217BfE6c773EEC6cc4A38b5Dc45B92292B6E189,0xcbB7C0000aB88B473b1f5aFd9ef808440eed33Bf,0x940181a94A35A4569E4529A3CDfB74e38FD98631,18,6,8,32602368,38891,32.602368,0.00038891,32641259,1538501147322883,216040496111284918526186,216040.49611128494,1.0203338291134428e-20,2204.334266407952,0,2204.334266407952,98.00713957204472,1787788800
CL-USDC/PROS,1.1367880192979994e-05,0x3115267471EA743bFe311C3FCdcd1b52c584269B,0x3C2552aF840c08471C4f92996B0Fb8091C702C17,0x833589fCD6eDb6E08f4c7C32D4f71b54bdA02913,0x915424Ac489433130d92B04096F3b96c82e92a9D,0x940181a94A35A4569E4529A3CDfB74e38FD98631,18,6,18,155928,3514171681808436811,0.155928,3.514171681808437,3514171681808592739,0,76187655848031571337,76.18765584803157,0.0,0,0,0,nan,0
CL-WETH/$PAAL,0.0002479678526834857,0x0bD7cfd63dB4B508C616368FC83635bACA65c710,0x7e9DC9928EDa29c5EC28D12e8144Fd12ae6B0187,0x4200000000000000000000000000000000000006,0xd52333441c0553fACb259600FA833a69186893A5,0x940181a94A35A4569E4529A3CDfB74e38FD98631,18,18,18,18070686125979,6907957327915361293,1.8070686125979e-05,6.907957327915361,6907975398601487272,11834771042683,1661883227208115059229,1661.883227208115,3.914591684598861e-21,6.505594262003207,0,6.505594262003207,255.45448429124548,1787788800
CL-WETH/LINK,0.14260923196512978,0x72bE417AFB0aBEa66913141C605D313BB389b59C,0xd66c27Ec3C0dfcD20678ff5F5C3CbB6EdE033b92,0x4200000000000000000000000000000000000006,0x88Fb150BDc53A65fe94Dea0c9BA0a6dAf8C6e196,0x940181a94A35A4569E4529A3CDfB74e38FD98631,18,18,18,146846381671744567,15894145620875020199,0.14684638167174457,15.89414562087502,16040992002546764766,6806314874960819,955768613080643900803084,955768.6130806439,2.8272303873060908e-21,2702.178066134994,0,2702.178066134994,353.7030460941119,1787788800
CL-WETH/RED,0.00045383759278535375,0x80866012A372c686A3b71a2aB05D004e29B36E1b,0x4bFE96D4f9E60aFD1E577C61E4BCC679e9A21cfB,0x4200000000000000000000000000000000000006,0x4eB92702bA4cfbF80561BAd64D89C706Ac824960,0x940181a94A35A4569E4529A3CDfB74e38FD98631,18,18,18,942454846698455237,15125265252046944270441,0.9424548466984553,15125.265252046944,15126207706893642725678,0,3041624449154719645096,3041.6244491547195,0.0,0,0,0,nan,0
CL-WETH/RWAX,0.00031214564024532946,0x7A9b4Ccc4F80506259c301BB07cf9A97b4d8805e,0xCA635E72A2Dca090eFD8b9E14202D48c2D99a5a0,0x4200000000000000000000000000000000000006,0xe0023E73aab4fE9a22f059a9d27E857E027eE3dc,0x940181a94A35A4569E4529A3CDfB74e38FD98631,18,18,18,19502393003882,1,1.9502393003882e-05,1e-18,19502393003883,14897786726374,2092003452689491848962,2092.003452689492,2.268268959424603e-20,47.45226494744671,0,47.45226494744671,44.08648259480094,1787788800
CL-BIO/WETH,0.5488665327622784,0x222cCBE78890A4d9Ef8d22d7FC1B968Be0F2c653,0x6f29b7B27e2043849A21E1E6ea9ED6d2678E11F3,0x226A2FA2556C48245E57cd1cbA4C6c9e67077DD2,0x4200000000000000000000000000000000000006,0x940181a94A35A4569E4529A3CDfB74e38FD98631,18,18,18,4928394238600785335263,42192675327211250,4928.394238600786,0.04219267532721125,4928436431276112546513,26196508854557657,3678509431372963366440862,3678509.4313729634,3.830304942023672e-21,14089.812854268548,0,14089.812854268548,261.07581906302954,1787788800
CL-WETH/XION,2.4213390591908203e-05,0x0c5BF61d127cd801fe4F77F344321ff1f163BF17,0xB5c7edC19d639a01eA8f976897D5401753264643,0x4200000000000000000000000000000000000006,0xe4c3461a20f50daD7B9E88ca0222A255C4126fC0,0x940181a94A35A4569E4529A3CDfB74e38FD98631,18,18,6,1775735149852800,15814764,0.0017757351498528,15.814764,1775735165667564,0,162278405297538483218,162.2784052975385,0.0,0,0,0,nan,0
CL-USDC/LsETH,5.404812683350427e-07,0x98eCc8425cc4C3f30dD4EF02360B05698008a8fc,0x9966c25d5EEbB6C648b34d60c5057Ea1b05b551A,0x833589fCD6eDb6E08f4c7C32D4f71b54bdA02913,0xB29749498954A3A821ec37BdE86e386dF3cE30B6,0x940181a94A35A4569E4529A3CDfB74e38FD98631,18,6,18,1,1191187163,1e-06,1.191187163e-09,1191187164,25795574430,3622311298604860637,3.6223112986048602,0.0,0,0,0,nan,1787788800
CL-LsETH/cbBTC,9.809210324616266e-06,0x4796eda5A091B8Ca92EFA7d7Ee6f4De113A626FE,0x8016E3AfB222702CAF92783582869149AA9C1282,0xB29749498954A3A821ec37BdE86e386dF3cE30B6,0xcbB7C0000aB88B473b1f5aFd9ef808440eed33Bf,0x940181a94A35A4569E4529A3CDfB74e38FD98631,18,18,8,2273710261875503,8884,0.002273710261875503,8.884e-05,2273710261884387,0,65741433553665290083,65.74143355366529,0.0,0,0,0,nan,0
CL-cbBTC/EDGE,0.018205039768041303,0x5230845439Fa66FBEA20aF7cf09BC413B99E10B7,0x1A82875FDFCda393BC1CC44492515586CBC8697b,0xcbB7C0000aB88B473b1f5aFd9ef808440eed33Bf,0xED6E000dEF95780fb89734c07EE2ce9F6dcAf110,0x940181a94A35A4569E4529A3CDfB74e38FD98631,18,8,18,225383,2718753903898684415449,0.00225383,2718.7539038986843,2718753903898684640832,786539028006885,122010373174391208271144,122010.3731743912,5.1671348129473035e-20,6304.440467700886,0,6304.440467700886,19.353085146807032,1787788800
CL-USDC/KLIMA,1.1291921598178008e-05,0x2DB199a5D0EffAe36236E13FDb62aa43Eb3e14eC,0x3978aB83e3C0823Dcc432B2CE30E6414AD857914,0x833589fCD6eDb6E08f4c7C32D4f71b54bdA02913,0xDCEFd8C8fCc492630B943ABcaB3429F12Ea9Fea2,0x940181a94A35A4569E4529A3CDfB74e38FD98631,18,6,9,55625,145159613,0.055625,0.145159613,145215238,0,75678580525171683648,75.67858052517168,0.0,0,0,0,nan,0
CL-oUSDT/USDC,0.00535546206963618,0x4858bA5A92a23de1B2dBB3509B01D0A9F0E0756A,0x2ce6eBFb4E00eE53f7B138C46850F0bD3B33a83B,0x1217BfE6c773EEC6cc4A38b5Dc45B92292B6E189,0x833589fCD6eDb6E08f4c7C32D4f71b54bdA02913,0x940181a94A35A4569E4529A3CDfB74e38FD98631,18,6,6,2779789,2594404,2.779789,2.594404,5374193,255604840196381,35892364639855436490956,35892.364639855434,4.205787608355628e-21,150.9556624368857,0,150.9556624368857,237.7675938778512,1787788800
CL-USDC/ZARP,0.00027837319390495665,0xB86D18195349aAA6941042BD539289F26142A87b,0xdaA5708f6fBF97B0Bc94005afCcD08EC04EfCB5e,0x833589fCD6eDb6E08f4c7C32D4f71b54bdA02913,0xb755506531786C8aC63B756BaB1ac387bACB0C04,0x940181a94A35A4569E4529A3CDfB74e38FD98631,18,6,18,797,1,0.000797,1e-18,798,13285976581180,1865660152509800518624,1865.6601525098006,1.0897575410031185e-21,2.0331172201465835,0,2.0331172201465835,917.6353109513727,1787788800
CL-PROMPT/cbBTC,0.0005074857565025142,0x41D60eD9C8327EA0c6b16a44343c177E0402FeeA,0x6d5EBd01df7091d15FFd730281e71715160B1587,0x30c7235866872213F68cb1F08c37Cb9eCCB93452,0xcbB7C0000aB88B473b1f5aFd9ef808440eed33Bf,0x940181a94A35A4569E4529A3CDfB74e38FD98631,18,18,8,20268106617324664357,759,20.268106617324666,7.59e-06,20268106617324665116,24220880543826,3401175021889109117996,3401.1750218891093,0.0,0,0,0,nan,0
CL-USDC/CTX,0.01430456045439478,0x562d63bFCea2eae8be3265B1f841D42Af6DdE0B7,0x09f0FCCB52931ac063290E1498f391680573E74d,0x833589fCD6eDb6E08f4c7C32D4f71b54bdA02913,0xBB22Ff867F8Ca3D5F2251B4084F6Ec86D4666E14,0x940181a94A35A4569E4529A3CDfB74e38FD98631,18,6,18,4331155,3785142171781229424,4.331155,3.7851421717812292,3785142171785560579,682716796596698,95869318681753404558583,95869.3186817534,0.0,0,0,0,nan,0
CL-USDC/rETH,4.7638138298005504e-06,0xcb1F3E1A6BB8A0e2D97bDC9d48DB093B2C0095f9,0xF3616d12202831496fEA710eB652918550687Cbe,0x833589fCD6eDb6E08f4c7C32D4f71b54bdA02913,0xB6fe221Fe9EeF5aBa221c348bA20A1Bf5e73624c,0x940181a94A35A4569E4529A3CDfB74e38FD98631,18,6,18,35,1,3.5e-05,1e-18,36,227363635803,31927131745553250780,31.927131745553254,0.0,0,0,0,nan,0
CL-USDC/RIZE,0.11456720614205491,0xEa5cb64754Ad7aA24F7A6BBe3b724F29B4f822B8,0xE590B6913D090A012BDBBd9c58A9f0D7309C9356,0x833589fCD6eDb6E08f4c7C32D4f71b54bdA02913,0x9818B6c09f5ECc843060927E8587c427C7C93583,0x940181a94A35A4569E4529A3CDfB74e38FD98631,18,6,18,43053942,8667954685072415592046,43.053942,8667.954685072416,8667954685072458645988,5468010542482911,767830653107299950356349,767830.6531073,0.0,0,0,0,nan,0
CL-WETH/GIZA,0.00010731316118910534,0x3C589883d42D5D45b50b9Fff4f07D990A1242A3F,0x1B5dD992cbd0De7a9B44A8736866214D093d2942,0x4200000000000000000000000000000000000006,0x590830dFDf9A3F68aFCDdE2694773dEBDF267774,0x940181a94A35A4569E4529A3CDfB74e38FD98631,18,18,18,4051214310246,457613472422867398,4.051214310246e-06,0.4576134724228674,457617523637177644,5121792845341,719213965475179972824,719.21396547518,0.0,0,0,0,nan,0
CL-GIZA/USDC,0.004648620212837523,0xe077DdFb9E9d9403A8eC42D3023D17e8417ee399,0xe9d34ea7240cD470Ef9e8A797c442c41E090117a,0x590830dFDf9A3F68aFCDdE2694773dEBDF267774,0x833589fCD6eDb6E08f4c7C32D4f71b54bdA02913,0x940181a94A35A4569E4529A3CDfB74e38FD98631,18,18,6,144771936987326315902446,1081792978,144771.9369873263,1081.792978,144771936987327397695424,0,31155102880357364713829,31155.102880357364,0.0,0,0,0,nan,0
CL-MAMO/cbBTC,0.005618234001472116,0xE2B3aA806e56603a244bFc111c9474F7DeDD03db,0x219A387d97D62cF1A9f853D41a4D13BB71EA818C,0x7300B37DfdfAb110d83290A29DfB31B1740219fE,0xcbB7C0000aB88B473b1f5aFd9ef808440eed33Bf,0x940181a94A35A4569E4529A3CDfB74e38FD98631,18,18,8,24659368148490250267146,1387399,24659.36814849025,0.01387399,24659368148490251654545,268142859331103,37653464965455424941663,37653.46496545543,8.723495792788864e-21,328.4698432100733,0,328.4698432100733,114.63294346133965,1787788800
CL-cbXRP/cbBTC,0.022570047034794014,0x95Ff4985af7ED78421215be100c18a2b987f7E90,0x2db769AcFc04a1F27f4EF1Cc84B90CBde34e0A5a,0xcb585250f852C6c6bf90434AB21A00f02833a4af,0xcbB7C0000aB88B473b1f5aFd9ef808440eed33Bf,0x940181a94A35A4569E4529A3CDfB74e38FD98631,18,6,8,146357913,378900,146.357913,0.003789,146736813,0,151264699026530097153359,151264.69902653008,0.0,0,0,0,nan,0
CL-WETH/cbXRP,0.021922619550601787,0xA6da283cf7D06b2279626E787c329d6aCF7e2994,0xB2d7D02733ae07695dF556d3AF2d09FC48f34D0F,0x4200000000000000000000000000000000000006,0xcb585250f852C6c6bf90434AB21A00f02833a4af,0x940181a94A35A4569E4529A3CDfB74e38FD98631,18,18,6,3128331159137029939,4873234645,3.12833115913703,4873.234645,3128331164010264584,0,146925633034028307985689,146925.63303402832,0.0,0,0,0,nan,0
CL-CADC/WETH,0.0029620563074787974,0x3debC1A83EDE28E30baaA43f9fa110E052d4Ccdd,0xf4533d9632Ad33983A39F3DdE529FDfFD5b0ad88,0x043eB4B75d0805c43D7C834902E335621983Cf03,0x4200000000000000000000000000000000000006,0x940181a94A35A4569E4529A3CDfB74e38FD98631,18,18,18,124871870588119730,33855001684952,0.12487187058811973,3.3855001684952e-05,124905725589804682,141372611767443,19851733368552307477738,19851.733368552308,1.3473419571482738e-21,26.74707328957096,0,26.74707328957096,742.2020777238744,1787788800
CL-cbADA/cbBTC,1.048267622638543,0x8782d97C8b25B4d17dBFbaa03f25dC18e51e909D,0x27f732A92CbDfD4047087b8aED4E0b88C29c4198,0xcbADA732173e39521CDBE8bf59a6Dc85A9fc7b8c,0xcbB7C0000aB88B473b1f5aFd9ef808440eed33Bf,0x940181a94A35A4569E4529A3CDfB74e38FD98631,18,6,8,1848045805,364103,1848.045805,0.00364103,1848409908,50385100915550837,7025500930203204856715172,7025500.930203205,3.467754274644457e-21,24362.71088223077,0,24362.71088223077,288.3710669212652,1787788800
CL-WETH/cbADA,0.5029586039689031,0xb862F23ba38c8C65e256782B31E8C08C9aefd612,0x0C8b92c57Af0105C5b027Da4645A24f3144AD6f4,0x4200000000000000000000000000000000000006,0xcbADA732173e39521CDBE8bf59a6Dc85A9fc7b8c,0x940181a94A35A4569E4529A3CDfB74e38FD98631,18,18,6,24858174649173491,328171185,0.02485817464917349,328.171185,24858174977344676,24005138347458863,3370833996707008855240545,3370833.996707009,2.452914204916806e-21,8268.366592939112,0,8268.366592939112,407.6783435782323,1787788800
CL-WETH/cbLTC,0.07721594998604588,0x200681425b0C8D78C6a467512C5D49FA56BaC88A,0x88040de1F5811090b638Fa70633B24a3e319D06f,0x4200000000000000000000000000000000000006,0xcb17C9Db87B595717C857a08468793f5bAb6445F,0x940181a94A35A4569E4529A3CDfB74e38FD98631,18,18,8,14340573643745933,72854239,0.014340573643745934,0.72854239,14340573716600172,3684708030516251,517502130885277048757459,517502.13088527706,5.043517937381645e-21,2610.0312797531187,0,2610.0312797531187,198.27430226592045,1787788800
CL-cbLTC/cbBTC,0.09583221406810266,0x6044c817e55A03DAdc5F6b8B7045aF1985aE90fA,0x3De827C30391B6C75Af11a946adAA83733b9EE62,0xcb17C9Db87B595717C857a08468793f5bAb6445F,0xcbB7C0000aB88B473b1f5aFd9ef808440eed33Bf,0x940181a94A35A4569E4529A3CDfB74e38FD98631,18,8,8,98537069,41274,0.98537069,0.00041274,98578343,4573866593979831,642268533854202980947799,642268.5338542031,2.881258110629875e-21,1850.5414223697808,0,1850.5414223697808,347.0706065210482,1787788800
CL-WETH/WOO,0.016807867075689646,0xAD06a870Fc2198398c18a6f2cA035Bf795EdEeFe,0xe75880892CC7B8F7D64614345c5422c3cc4FA41A,0x4200000000000000000000000000000000000006,0xF3df0A31ec5EA438150987805e841F960b9471b6,0x940181a94A35A4569E4529A3CDfB74e38FD98631,18,18,18,1159551459233995,644544760236554365293,0.001159551459233995,644.5447602365543,644545919788013599288,802203543778275,112646506698133803158050,112646.5066981338,3.677602731537846e-21,414.26910073125316,0,414.26910073125316,271.9162652954183,1787788800
CL-SEDA/WETH,0.0029614372165035355,0x681D6e4B0b020656cA04956dDAf76aDd7EF022F6,0x82F40418147828bcC8f0F1F551685FC2f6768176,0x306aCd0c07c430AbBBb2e74Ef7bdE94F32A898c0,0x4200000000000000000000000000000000000006,0x940181a94A35A4569E4529A3CDfB74e38FD98631,18,18,18,180339524305367280564,1583740046969993,180.3395243053673,0.001583740046969993,180341108045414250557,141349861513211,19847584214148745089239,19847.584214148745,2.733513338387688e-20,542.5363618414851,0,542.5363618414851,36.582956664474565,1787788800
CL-SUPR/WETH,1.9682049520624318e-05,0x1c6511ef0ec38b5b91208D1A21eF9f9D1aA532B3,0xA6b01B70982BF3D288d84182b44632CE6E34f6F0,0x17906b1Cd88aA8EfaEfC5e82891B52a22219BD45,0x4200000000000000000000000000000000000006,0x940181a94A35A4569E4529A3CDfB74e38FD98631,18,18,18,9237498628879707486044,2989205247208892,9237.498628879708,0.002989205247208892,9237501618084954694936,0,131909308490710905149,131.9093084907109,0.0,0,0,0,nan,0
CL-TIG/USDC,0.0896786906814145,0x3F5E98C7ebfF35056ab4346BCcd722A537c1aEfA,0x03fDf6f0f980Aa6eb2bc5387a27883360414Bf6C,0x0C03Ce270B4826Ec62e7DD007f0B716068639F7B,0x833589fCD6eDb6E08f4c7C32D4f71b54bdA02913,0x940181a94A35A4569E4529A3CDfB74e38FD98631,18,18,6,12318053817595382550,17977988,12.318053817595382,17.977988,12318053817613360538,4279851556955128,601027553646888385562378,601027.5536468885,1.9363654983082285e-21,1163.8090184144326,0,1163.8090184144326,516.4314282988847,1787788800
CL-WETH/SYRUP,0.09040469287894574,0x7432aaB631B801a10BEF7d70c1507a32755595fa,0x152cF5b5Fa1A41D00140A83e39328D8C5F0cDdB8,0x4200000000000000000000000000000000000006,0x688AEe022AA544f150678B8E5720b6b96a9E9a2F,0x940181a94A35A4569E4529A3CDfB74e38FD98631,18,18,18,9785324297136943,220333871372009940263,0.009785324297136943,220.33387137200995,220343656696307077206,4314824150719036,605893228216944347586106,605893.2282169443,2.710722860516376e-21,1642.4086247597365,0,1642.4086247597365,368.905288904933,1787788800
CL-VCHF/USDC,0.0015361900061756128,0x44B7CbBb1E326617d439a2966C4475e78b9D42E6,0x38B25d8551c8f4Dd17557Bb319c9f8D9846C48Eb,0x1fcA74D9ef54a6AC80ffE7D3b14e76c4330Fd5D8,0x833589fCD6eDb6E08f4c7C32D4f71b54bdA02913,0x940181a94A35A4569E4529A3CDfB74e38FD98631,18,18,6,1762035327064869399,1865016,1.7620353270648694,1.865016,1762035327066734415,73319102202699,10295562015156351850897,10295.562015156353,0.0,0,0,0,nan,0
CL-VIRTUAL/MAMO,0.00882122786275733,0x4A021bA3ab1F0121e7DF76f345C547db86Cb3468,0xa1d2b60242f36Df5Ce0Bc09a7AC2DE0943F52059,0x0b3e328455c4059EEb9e3f84b5543F74E24e7E1b,0x7300B37DfdfAb110d83290A29DfB31B1740219fE,0x940181a94A35A4569E4529A3CDfB74e38FD98631,18,18,18,3050263761297254714723,37106060587935263555795,3050.263761297255,37106.060587935266,40156324349232518270518,421018561911458,59119964422201156395044,59119.96442220116,0.0,0,0,0,nan,0
CL-USDC/VGBP,8.485315346688823e-07,0x02bC3eA058FD3aA62C8aA19912F1D0908685E7e1,0xa4972a1Bb2Eb82a7aF5d11bcf559534567de4536,0x833589fCD6eDb6E08f4c7C32D4f71b54bdA02913,0xAEB4bb7DebD1E5e82266f7c3b5cFf56B3A7BF411,0x940181a94A35A4569E4529A3CDfB74e38FD98631,18,6,18,10,18525906184600,1e-05,1.85259061846e-05,18525906184610,40498743523,5686867511101736952,5.686867511101737,0.0,0,0,0,nan,0
CL-VCHF/WETH,6.222340018897989e-09,0x89AB78D42bA0D381fE3C02666aBB4276E21e5a13,0x18fb83982A84Cd4C75c59Fae8a342b8c1B58A132,0x1fcA74D9ef54a6AC80ffE7D3b14e76c4330Fd5D8,0x4200000000000000000000000000000000000006,0x940181a94A35A4569E4529A3CDfB74e38FD98631,18,18,18,168129180157132,998437476,0.000168129180157132,9.98437476e-10,168130178594608,15935619,41702190019735065,0.04170219001973506,0.0,0,0,0,nan,0
CL-WETH/VGBP,1.162150491009495e-06,0xf935fa2e4ae1593953263f4C1674ea21dae64169,0x6936F0A25e723925C765EB1424cD5B3a7d0D7039,0x4200000000000000000000000000000000000006,0xAEB4bb7DebD1E5e82266f7c3b5cFf56B3A7BF411,0x940181a94A35A4569E4529A3CDfB74e38FD98631,18,18,18,5748578154,76955933593981,5.748578154e-09,7.6955933593981e-05,76961682172135,55467160322,7788745144176426052,7.788745144176426,0.0,0,0,0,nan,0
CL-ZRO/ZEN,0.005011684501965581,0x82685574957fEf6ab359D8c1083401B492dCa0CF,0xAc7aa2b1eA5B8847FCa2A79D3DdC191aF96e4669,0x6985884C4392D348587B19cb9eAAf157F13271cd,0xf43eB8De897Fbc7F2502483B2Bef7Bb9EA179229,0x940181a94A35A4569E4529A3CDfB74e38FD98631,18,18,18,3532770109888635909,925780378679990486,3.5327701098886357,0.9257803786799905,4458550488568626395,239197942711797,33588363667876943901914,33588.36366787694,1.7135164864414567e-20,575.5421489749838,0,575.5421489749838,58.3595201979497,1787788800
CL-cbBTC/ZEN,0.24104035262473814,0x47f9e291bb766Fc307Ad7BBa4f29f3Eab6A97101,0xB6abC5598A53C8432F9C849528d9D30E30c205FA,0xcbB7C0000aB88B473b1f5aFd9ef808440eed33Bf,0xf43eB8De897Fbc7F2502483B2Bef7Bb9EA179229,0x940181a94A35A4569E4529A3CDfB74e38FD98631,18,8,18,72405,18866022772280340420,0.00072405,18.866022772280342,18866022772280412825,11500464625334764,1615455046984241335287131,1615455.0469842413,1.534237282748433e-20,24784.913616873448,0,24784.913616873448,65.1789662032329,1787788800
CL-ZORA/WETH,0.2448053447138669,0xAdB8Fb846DBD3Bd6A23335CEe65Bb610C1cf0ea3,0x6b82714e0e4964595A97fE2b1c3Ad03Dbb246fdF,0x1111111111166b7FE7bd91427724B487980aFc69,0x4200000000000000000000000000000000000006,0x940181a94A35A4569E4529A3CDfB74e38FD98631,18,18,18,23157432969149395786356,45977165882688803,23157.432969149395,0.045977165882688804,23157478946315278475159,11682794224682849,1640688064634641847829594,1640688.0646346419,1.379472399708796e-20,22632.839016951293,0,22632.839016951293,72.49148299096801,1787788800
CL-WETH/A0X,0.0003117680639328719,0x035D6b8ac7Fe438F8B3b52Eac81e346377f7509F,0x688da366bFe09A22f2AF5f54FC463c4E0c137a0f,0x4200000000000000000000000000000000000006,0x820C5F0fB255a1D18fd0eBB0F1CCefbC4D546dA7,0x940181a94A35A4569E4529A3CDfB74e38FD98631,18,18,18,4534009358038,1,4.534009358038e-06,1e-18,4534009358039,14880087917592,2089472932164860321803,2089.4729321648606,0.0,0,0,0,nan,0
CL-WETH/MAMO,0.0021009971653264425,0xAa067F08FeF60420d050A92E7800E588748B7d67,0x6165cEeE2Df1cB4811698be5BfEf218AA6414868,0x4200000000000000000000000000000000000006,0x7300B37DfdfAb110d83290A29DfB31B1740219fE,0x940181a94A35A4569E4529A3CDfB74e38FD98631,18,18,18,215662724480339886,9883873378400076106565,0.21566272448033988,9883.873378400076,9884089041124556446451,100297024936673,14080905696774401599888,14080.9056967744,0.0,0,0,0,nan,0
CL-WETH/ZXBT,2.4721973381123268e-08,0x017FFF440a3Ad5Fa72EC1f1efA615B5892F9a72A,0xFc8AcA4F761832bd7aBB776931699433A80c561D,0x4200000000000000000000000000000000000006,0xE99D2F7988c5F2d013A34E7484f079cAB87f469F,0x940181a94A35A4569E4529A3CDfB74e38FD98631,18,18,18,62821993027831,2546386671573056389634,6.2821993027831e-05,2546.3866715730564,2546386734395049417465,0,165686932644517170,0.16568693264451717,0.0,0,0,0,nan,0
CL-WETH/docker,1.3644680726131171e-05,0xC172acE2c8ed86acDFdd5723d0118f16C00117DD,0x655CB374D5d086916168aCF703B967e5064B94B0,0x4200000000000000000000000000000000000006,0x56f8AD6112C2DB9F9848243531B277cE1C3BE30c,0x940181a94A35A4569E4529A3CDfB74e38FD98631,18,18,18,122459437333440,7839009812549023974542,0.00012245943733344,7839.009812549024,7839009935008461307982,0,91446797614977345949,91.44679761497736,0.0,0,0,0,nan,0
CL-USDC/TOWER,0.0009475215365739203,0xd59858F403aB4246Db7a29Aedf0BfD7573d9B8E5,0x391b58a68728d6aF0f4B91cf6cf729eB87fD90f3,0x833589fCD6eDb6E08f4c7C32D4f71b54bdA02913,0xf7C1CEfCf7E1dd8161e00099facD3E1Db9e528ee,0x940181a94A35A4569E4529A3CDfB74e38FD98631,18,6,18,2235939,4772556426674803713458,2.235939,4772.556426674803,4772556426674805949397,2426674300228,6350299573149181812617,6350.299573149182,0.0,0,0,0,nan,0
CL-USDC/GHST,0.012287041536507446,0x56C11053159a24c0731b4b12356BC1f0578FB474,0x8cA6075D8109bBb56d4af4B1056D2ba946c8086B,0x833589fCD6eDb6E08f4c7C32D4f71b54bdA02913,0xcD2F22236DD9Dfe2356D7C543161D4d260FD9BcB,0x940181a94A35A4569E4529A3CDfB74e38FD98631,18,6,18,313008821,3923120085918796254685,313.008821,3923.120085918796,3923120085919109263506,0,82347885101039410057535,82347.88510103941,0.0,0,0,0,nan,0
CL-GAI/WETH,2.39222553927798e-07,0x3A4eA0342da8841843cFE05495DccB1D9A746Ef2,0x1BEF11019be0c39d5A7A8788E3ed6B99d68a0c79,0x3489256FEBdb1dc930Dc3743617AD387Cd6D3568,0x4200000000000000000000000000000000000006,0x940181a94A35A4569E4529A3CDfB74e38FD98631,18,18,18,20160681095121838014,34484039317777,20.160681095121838,3.4484039317777e-05,20160715579161155791,612673136,1603272140481672848,1.603272140481673,0.0,0,0,0,nan,0
CL-WETH/PREDI,0.00012744725013270604,0x0c86A9584175ad79252316D46FB127002Ee9b3C6,0x16926Ce2985688C8A549c3F1EE346Fe65dFd223c,0x4200000000000000000000000000000000000006,0xaeA742f80922f7C94B8FD91686c9dFbDFE90d9E6,0x940181a94A35A4569E4529A3CDfB74e38FD98631,18,18,18,51508459067738,92642225594796519111,5.1508459067738e-05,92.64222559479651,92642277103255586849,0,854152847061562186227,854.1528470615622,0.0,0,0,0,nan,0
CL-USDC/SAPIEN,0.11361570479277634,0x80Cc08712Aa61cE9dc7604F9cE7560A25094B862,0x96FA1A659f080067b554d1d60DfF183EDCe0b027,0x833589fCD6eDb6E08f4c7C32D4f71b54bdA02913,0xC729777d0470F30612B1564Fd96E8Dd26f5814E3,0x940181a94A35A4569E4529A3CDfB74e38FD98631,18,6,18,90270266,1478788405755996068637,90.270266,1478.788405755996,1478788405756086338903,5421746907789688,761453680786414683252136,761453.6807864148,0.0,0,0,0,nan,0
CL-USDC/VELVET,0.46395605124494377,0x6b0F53cbD9272D8117e9535FE25371dedF39a1bE,0xc632BA1757eb3245d8f81d0Ea2ED3DE456DFfB73,0x833589fCD6eDb6E08f4c7C32D4f71b54bdA02913,0xbF927b841994731C573BDF09ceB0c6B0Aa887cDd,0x940181a94A35A4569E4529A3CDfB74e38FD98631,18,6,18,39097405,352883874452866567568,39.097405,352.88387445286656,352883874452905664973,22144097011933529,3109438467049446327525573,3109438.4670494464,0.0,0,0,0,nan,0
CL-uPUMP/WETH,0.013961572563925476,0x777820ca027BdeE7D12Cae14355Da487328aE8d2,0xA41d7b78C7796289B6eC774A692BeF49Bc0e5271,0x20FbD133897Ef802e0235dB77bB19a071E257d41,0x4200000000000000000000000000000000000006,0x940181a94A35A4569E4529A3CDfB74e38FD98631,18,18,18,20816596961489639727849,18064778299722836,20816.59696148964,0.018064778299722837,20816615026267939450685,0,93570610134908010812977,93570.61013490801,0.0,0,0,0,nan,0
CL-FLOCK/USDC,0.2742852596650892,0xd7338B6F338DA54b922bbBC6fBE3EFEDD5Ce35fa,0xfC0d4756FaD40dB4B71225DeF4eEC42e9c9EF070,0x5aB3D4c385B400F3aBB49e80DE2fAF6a88A7B691,0x833589fCD6eDb6E08f4c7C32D4f71b54bdA02913,0x940181a94A35A4569E4529A3CDfB74e38FD98631,18,18,6,3055852953239676133961,78587373,3055.852953239676,78.587373,3055852953239754721334,13091002828333956,1838262773076761431190957,1838262.7730767613,3.2207741804569447e-21,5920.6292764208165,0,5920.6292764208165,310.4843568567498,1787788800
CL-WETH/USDC,0.002754114377207621,0xdbc6998296caA1652A810dc8D3BaF4A8294330f1,0x45C6e6A47a711B14D8357D5243F46704904578e3,0x4200000000000000000000000000000000000006,0x833589fCD6eDb6E08f4c7C32D4f71b54bdA02913,0x940181a94A35A4569E4529A3CDfB74e38FD98631,18,18,6,289820675283624183,670751760,0.2898206752836242,670.75176,289820675954375943,0,18458104305707408061627,18458.10430570741,0.0,0,0,0,nan,0
CL-BIO/AUBRAI,0.0067872392662929725,0x6744257f30D991fF0de9f5Aa2AcD03f8093e7067,0xCcCc26Ff97FE100E6eD2D36E345A6171aA9Ec599,0x226A2FA2556C48245E57cd1cbA4C6c9e67077DD2,0x9d56c29e820Dd13b0580B185d0e0Dc301d27581d,0x940181a94A35A4569E4529A3CDfB74e38FD98631,18,18,18,1,703620909110650319,1e-18,0.7036209091106503,703620909110650320,323947418066541,45488150877760156516686,45488.150877760156,8.650213947252018e-21,393.48223715750504,0,393.48223715750504,115.60407708963983,1787788800
CL-AVNT/USDC,0.3716459399451151,0xc4ed25e61cBdE561c982789f740E3e9A8C317100,0x658CeF587d3D9e31DEF560c19c199914c07a4826,0x696F9436B67233384889472Cd7cD58A6fB5DF4f1,0x833589fCD6eDb6E08f4c7C32D4f71b54bdA02913,0x940181a94A35A4569E4529A3CDfB74e38FD98631,18,18,6,1566701341295127316254,143855381,1566.7013412951273,143.855381,1566701341295271171635,17738243078569664,2490775103993609488353600,2490775.1039936095,0.0,0,0,0,nan,0
CL-WETH/AUBRAI,3.76045946847055e-05,0xE2b2A0faeB9e0725513ba166d7A2fE849E480C6D,0xEe9AFdf35D0d825AC4A89728bb16425ABE0E9Cfe,0x4200000000000000000000000000000000000006,0x9d56c29e820Dd13b0580B185d0e0Dc301d27581d,0x940181a94A35A4569E4529A3CDfB74e38FD98631,18,18,18,232964382073022,406543750436290354,0.000232964382073022,0.4065437504362904,406776714818363376,96310124408,252026399777883554089,252.02639977788354,0.0,0,0,0,nan,0
CL-WETH/RETAKE,0.0003310206744601849,0x06c522A75A0413269FAE5069FF9B93D65C7c4B57,0x266F44F2BDE17b7A45489DFb0727Fe37451a50Cf,0x4200000000000000000000000000000000000006,0x5eeB2662615782b58251b6f0c3E107571ae1AB07,0x940181a94A35A4569E4529A3CDfB74e38FD98631,18,18,18,352138357450542,597426054660284979610905,0.000352138357450542,597426.054660285,597426055012423337061447,0,2218504135883642989512,2218.504135883643,0.0,0,0,0,nan,0
CL-WETH/BID,0.02091156393364125,0x1024C20c048ea6087293f46D4a1C042CB6705924,0x57676415De17E1c684D1028B8a39D1AcF8D6a63d,0x4200000000000000000000000000000000000006,0xa1832f7F4e534aE557f9B5AB76dE54B1873e498B,0x940181a94A35A4569E4529A3CDfB74e38FD98631,18,18,18,210582954827679,100865272273097181222,0.000210582954827679,100.86527227309718,100865482856052008901,998085801642357,140149527367839363912773,140149.52736783936,0.0,0,0,0,nan,0
CL-USDC/VNXAU,4.919266909406554e-06,0xafF8b2C5EeECf3f19cf2066268a4B0B3d2F89E2D,0x9C6CbA0122111c5b2E7Cc4a273F97BF90FEFcf19,0x833589fCD6eDb6E08f4c7C32D4f71b54bdA02913,0xAc3FE22294beaED9d1FD752323a6d06D12Ff3098,0x940181a94A35A4569E4529A3CDfB74e38FD98631,18,6,18,34809,410379615524382,0.034809,0.000410379615524382,410379615559191,0,32968979964260959830,32.96897996426096,0.0,0,0,0,nan,0
CL-SYND/WETH,0.03436192543741,0x50F8F7fFBD70c6C87b1668EEe4E03F5AC057DE3F,0xC2e94B700aDA596bF431Fc10558BA7Ab0c639914,0x11dC28D01984079b7efE7763b533e6ed9E3722B9,0x4200000000000000000000000000000000000006,0x940181a94A35A4569E4529A3CDfB74e38FD98631,18,18,18,993156872760020274441,3125036525297145,993.1568727600203,0.003125036525297145,993159997796545571586,1640056669362673,230293995455527383631037,230293.9954555274,0.0,0,0,0,nan,0
CL-VVV/DIEM,0.0006122441860842938,0x782D7C494d5DDC20c246a82aC8fe277e2728d002,0x8add35fF47e34f0A11b46Ea5B638389BF52b2f8E,0xacfE6019Ed1A7Dc6f7B508C02d1b04ec88cC21bf,0xF4d97F2da56e8c3098f3a8D538DB630A2606a024,0x940181a94A35A4569E4529A3CDfB74e38FD98631,18,18,18,10999315236550042858,86256913120067859,10.999315236550043,0.08625691312006786,11085572149670110717,0,4103267148536041545061,4103.2671485360415,0.0,0,0,0,nan,0
CL-USDC/AERO,0.16505917744231385,0xCCd9cC53b63662088c738B8BC06E9078Fb8D9ad4,0x491300eC768Cf28B13A8d3BbFd87713dD728b0AD,0x833589fCD6eDb6E08f4c7C32D4f71b54bdA02913,0x940181a94A35A4569E4529A3CDfB74e38FD98631,0x940181a94A35A4569E4529A3CDfB74e38FD98631,18,6,18,30915815,81041399600657536571,30.915815,81.04139960065754,81041399600688452386,7879017799746731,1106228390170747365893762,1106228.3901707474,4.235611749984315e-21,4685.553967573451,0,4685.553967573451,236.09340492638475,1787788800
CL-BIO/VITA,0.000488859120123189,0x5bd27255061a0e8BCE2fC32BBB50D3be4e0B28BD,0xdC2FF82fB3C5184C61b034505FC8ecd51df5f482,0x226A2FA2556C48245E57cd1cbA4C6c9e67077DD2,0x490a4B510d0Ea9f835D2dF29Eb73b4FcA5071937,0x940181a94A35A4569E4529A3CDfB74e38FD98631,18,18,18,13171700459827961560,34666129270350305797,13.171700459827962,34.666129270350304,47837829730178267357,23341962539587,3276339103671849368119,3276.3391036718494,1.7288886779260467e-21,5.6644255813846325,0,5.6644255813846325,578.4062402442172,1787788800
CL-LINK/AERO,0.0002480021622644777,0x07b1Be2F179313C4F3C7124893d46990672c3F1a,0x1c484bA49128bF0D9191ADb349AF154c1196EA4a,0x88Fb150BDc53A65fe94Dea0c9BA0a6dAf8C6e196,0x940181a94A35A4569E4529A3CDfB74e38FD98631,0x940181a94A35A4569E4529A3CDfB74e38FD98631,18,18,18,20836504539957622,551896659028824903,0.020836504539957623,0.5518966590288249,572733163568782525,11836942825891,1662113170390531874334,1662.1131703905319,9.6007337675328e-21,15.95750604042938,0,15.95750604042938,104.15870538788832,1787788800
CL-SPON/WETH,0.00027610280774759713,0xb51C06EE6a8459630F0b98A2372F8121aF8F61b1,0x1f5aB71271879f5C28832B26753CD868f49f1857,0x080D43c2164AFdBc3712422CE78Ab902ccaB5CA1,0x4200000000000000000000000000000000000006,0x940181a94A35A4569E4529A3CDfB74e38FD98631,18,18,18,5281946157934239593400,5061814037352426,5281.94615793424,0.005061814037352426,5281951219748276945826,707143590006,1850443999958698016516,1850.443999958698,0.0,0,0,0,nan,1787788800
CL-WETH/WCT,0.005523946507924866,0xEBd2eeaB20CeFa41C94343F506ac506bfc3F681e,0xC5135Bcc045dc47Fc2a79483E3aD8E7B9C6512EF,0x4200000000000000000000000000000000000006,0xeF4461891DfB3AC8572cCf7C794664A8DD927945,0x940181a94A35A4569E4529A3CDfB74e38FD98631,18,18,18,185522075032391,17170807490998463354,0.000185522075032391,17.170807490998463,17170993013073495745,263654469571361,37021549165217888749192,37021.54916521789,3.1799236557092047e-21,117.72569996147772,0,117.72569996147772,314.4729585581747,1787788800
CL-XSGD/USDC,0.023011654533527697,0x892A6AB3fa0f1F839fCb0Ae264a8c4bbfb030725,0x131B41209b9777d12641Da25357425021Ba55304,0x0A4C9cb2778aB3302996A34BeFCF9a8Bc288C33b,0x833589fCD6eDb6E08f4c7C32D4f71b54bdA02913,0x940181a94A35A4569E4529A3CDfB74e38FD98631,18,6,6,21079735,16798229,21.079735,16.798229,37877964,1098338969114027,154224357253242309485277,154224.3572532423,0.0,0,0,0,nan,0
CL-WETH/APU,0.0017388362879621779,0x7f94857597C318056d0313CE32a6e154298c1a8e,0xdA6d1A0ec6A40B1F97b901d99c9CeBe8553F90F9,0x4200000000000000000000000000000000000006,0xB9926b3fBc5873Db0182016D55727D5ae89E5EFd,0x940181a94A35A4569E4529A3CDfB74e38FD98631,18,18,18,157289291357174,1,0.000157289291357174,1e-18,157289291357175,82993555154161,11653699584654327430280,11653.699584654329,0.0,0,0,0,nan,0
CL-USDC/VFY,0.0005233150256091614,0xF81d3c731b3AC5a4DFC968f514860beDEEbeBAf2,0xC2607b22f95D6030B9560C872661509D928c2e45,0x833589fCD6eDb6E08f4c7C32D4f71b54bdA02913,0xa749dE6c28262B7ffbc5De27dC845DD7eCD2b358,0x940181a94A35A4569E4529A3CDfB74e38FD98631,18,6,18,198903,10847870584438838186,0.198903,10.847870584438839,10847870584439037089,24977494857664,3507262954428004630335,3507.2629544280044,0.0,0,0,0,nan,0
CL-VFY/ZEN,0.008402546713853999,0x700d91F1C3C5e430eA776245e741B84402e8de2E,0x30765db9bc45c107eb37B999Ea9C34684b88f938,0xa749dE6c28262B7ffbc5De27dC845DD7eCD2b358,0xf43eB8De897Fbc7F2502483B2Bef7Bb9EA179229,0x940181a94A35A4569E4529A3CDfB74e38FD98631,18,18,18,29847784129910963557,49010081235159119,29.847784129910963,0.04901008123515912,29896794211146122676,401048234937016,56313958839700072384467,56313.95883970007,3.108779751445751e-20,1750.6769496460906,0,1750.6769496460906,32.166961957821094,1787788800
CL-AUDD/USDC,6.866005493209408e-05,0xCde41D0B1AD079C3CeB7271559F738f503102852,0x9fDbD9eFFeD52f89978Ef42aDe2307FD9BBDd66b,0x449B3317a6d1efb1Bc3ba0700C9EaA4FFFf4Ae65,0x833589fCD6eDb6E08f4c7C32D4f71b54bdA02913,0x940181a94A35A4569E4529A3CDfB74e38FD98631,18,6,6,36765,379015,0.036765,0.379015,415780,3277122635555,460160429813788401150,460.16042981378837,4.078467364315069e-21,1.8767492953447307,0,1.8767492953447307,245.19014391278287,1787788800
CL-USDC/WCT,0.0003126121247822419,0x3f932B543490c477846288e48e4546A04FF1410e,0xd2E50D99b8e002b8B617c2Fe9e2F3617b4E277C0,0x833589fCD6eDb6E08f4c7C32D4f71b54bdA02913,0xeF4461891DfB3AC8572cCf7C794664A8DD927945,0x940181a94A35A4569E4529A3CDfB74e38FD98631,18,6,18,82096,3254690841556454594,0.082096,3.2546908415564544,3254690841556536690,14920872217523,2095129837094797310398,2095.1298370947975,0.0,0,0,0,nan,0
CL-XSGD/WETH,0.02636200342926829,0xfEbEeBAa6C9585Fd97aa9157E3B7aACe804b688C,0xF3fa5d26f7385d415D31310b715BA09892Ae373f,0x0A4C9cb2778aB3302996A34BeFCF9a8Bc288C33b,0x4200000000000000000000000000000000000006,0x940181a94A35A4569E4529A3CDfB74e38FD98631,18,6,18,20076693,6369687622804973,20.076693,0.006369687622804973,6369687642881666,1258250058816794,176678431742621999701510,176678.431742622,4.47855534730669e-21,791.2641352346798,0,791.2641352346798,223.28628820036334,1787788800
CL-WETH/AUDD,0.0006293938622340456,0xBdb6f998176b2766beFB2037033dfB3F8e368d52,0x0caC405DEB53494D37158f70e46cD98A275D69f2,0x4200000000000000000000000000000000000006,0x449B3317a6d1efb1Bc3ba0700C9EaA4FFFf4Ae65,0x940181a94A35A4569E4529A3CDfB74e38FD98631,18,18,6,10058497657014,32983,1.0058497657014e-05,0.032983,10058497689997,30040769333019,4218204463340726576507,4218.204463340727,5.729785437706939e-22,2.416940650732011,0,2.416940650732011,1745.2660503116504,1787788800
CL-USDC/CYPR,0.0013549752256519882,0xE6C694f8B9EE84353a10de59c9b4cDEFa0F5b4Ad,0x95B033e94C9820dAe254Da568b9070e79a392F61,0x833589fCD6eDb6E08f4c7C32D4f71b54bdA02913,0xD262A4c7108C8139b2B189758e8D17c3DFC91a38,0x940181a94A35A4569E4529A3CDfB74e38FD98631,18,6,18,1,1,1e-06,1e-18,2,64672537576527,9081058598623486327770,9081.058598623486,1.7331733571659314e-20,157.39048817996817,0,157.39048817996817,57.69763283432826,1787788800
CL-USDC/ZEN,0.02405434871652269,0xbFA5184f90B071C34C85d065b8c7877617248ef7,0x78F5a590Da87B546311dC0E7F4f3Be77CFeeB2a0,0x833589fCD6eDb6E08f4c7C32D4f71b54bdA02913,0xf43eB8De897Fbc7F2502483B2Bef7Bb9EA179229,0x940181a94A35A4569E4529A3CDfB74e38FD98631,18,6,18,1654054,366068549978706959,1.654054,0.36606854997870697,366068549980361013,1148137022148413,161212504930750700991321,161212.50493075073,0.0,0,0,0,nan,0
CL-RECALL/USDC,0.009404494279926543,0x5e3791F68EbCEAC82788f3becAb154C15141A2f4,0x40F207AE22ECd68149f05a7eFef6feC091E32177,0x1f16e03C1a5908818F47f6EE7bB16690b40D0671,0x833589fCD6eDb6E08f4c7C32D4f71b54bdA02913,0x940181a94A35A4569E4529A3CDfB74e38FD98631,18,18,6,412995434880606222415,20885351,412.99543488060624,20.885351,412995434880627107766,0,63029022250453430274414,63029.02225045343,0.0,0,0,0,nan,0
CL-RECALL/WETH,2.5277759053856755e-05,0x6Ee714d6d8dF7662BcA805f58CC1d5A8886D78eB,0x2e6C36a3120361EE3f6265A0AC998EaD69aEB1d4,0x1f16e03C1a5908818F47f6EE7bB16690b40D0671,0x4200000000000000000000000000000000000006,0x940181a94A35A4569E4529A3CDfB74e38FD98631,18,18,18,211302119427886399896,2869934306682970,211.3021194278864,0.00286993430668297,211304989362193082866,0,169411814226716986560,169.41181422671698,0.0,0,0,0,nan,0
CL-kVCM/USDC,0.00020929394290120394,0x5aAdAcac0deDeDd534990Ddc0Ea6565d104B48DE,0x740546B5d6Ef109D33124b7E93B8ebf5f8f78d1B,0x00fBAC94Fec8D4089d3fe979F39454F48c71A65d,0x833589fCD6eDb6E08f4c7C32D4f71b54bdA02913,0x940181a94A35A4569E4529A3CDfB74e38FD98631,18,18,6,265313802427378190609,12776021,265.31380242737816,12.776021,265313802427390966630,536042470238,1402690266095642831983,1402.6902660956428,0.0,0,0,0,nan,0
CL-USDC/LMTS,0.0039392342824600855,0xa5E0Da329eE5AA03f09228e534953496334080f5,0x23FD7a6fFeecababC8952F41E1490458ad28be9A,0x833589fCD6eDb6E08f4c7C32D4f71b54bdA02913,0x9EadbE35F3Ee3bF3e28180070C429298a1b02F93,0x940181a94A35A4569E4529A3CDfB74e38FD98631,18,6,18,12909823,148523648512497231358,12.909823,148.52364851249723,148523648512510141181,173330334364025,26400790712253484903533,26400.790712253485,3.889807739906463e-20,1026.9400005217426,0,1026.9400005217426,25.70821148152805,1787788800
CL-EURAU/EURC,5.117114488434438e-05,0xc87B179Bc04F98Acb376E4E90b36A8d52ad5BA0a,0xe217269D06AA942896C9ad70f7Fb9A356082D9fA,0x4933A85b5b5466Fbaf179F72D3DE273c287EC2c2,0x60a3E35Cc302bFA44Cb288Bc5a4F316Fdb1adb42,0x940181a94A35A4569E4529A3CDfB74e38FD98631,18,6,6,1,7020,1e-06,0.00702,7021,2442390588342,342949565760351591945,342.94956576035156,0.0,0,0,0,nan,0
CL-USDC/TITN,0.0023502532234908747,0x611865e603862a3D1cd29146458564a684e1cBbb,0xf852a8F5BF12A588f1c4605E62D324a831D76854,0x833589fCD6eDb6E08f4c7C32D4f71b54bdA02913,0xe62bfbE57763ec24c0F130426F34DbCe11Fc5B06,0x940181a94A35A4569E4529A3CDfB74e38FD98631,18,6,18,4939,4137463074865831435,0.004939,4.137463074865831,4137463074865836374,112177953937392,15751422491030884528654,15751.422491030884,0.0,0,0,0,nan,0
CL-WETH/TITN,3.034273307915075e-05,0xfe2313df3e27aD2608B16230695d835E18d409f4,0x52bf08d71F69282e729A16d14a4503c6957B7De4,0x4200000000000000000000000000000000000006,0xe62bfbE57763ec24c0F130426F34DbCe11Fc5B06,0x940181a94A35A4569E4529A3CDfB74e38FD98631,18,18,18,38747641068183,41987132490838076549,3.8747641068183e-05,41.98713249083808,41987171238479144732,77714152264,203357324855568977023,203.357324855569,0.0,0,0,0,nan,1787788800
CL-USDC/CHECK,0.0013390369662321737,0xf0125d06B76CEbC2Ab3831A938E07Ab6988B00c9,0xd54F8A71BFE766963EE3c8d3C76bCe35C64A5f6B,0x833589fCD6eDb6E08f4c7C32D4f71b54bdA02913,0x9126236476eFBA9Ad8aB77855c60eB5BF37586Eb,0x940181a94A35A4569E4529A3CDfB74e38FD98631,18,6,18,149500114,3168435003053630000054,149.500114,3168.43500305363,3168435003053779500168,0,8974240211828441224163,8974.24021182844,0.0,0,0,0,nan,0
CL-WETH/SAND,0.0007969279792052207,0xA69CDf524D072c366FD050957880552916D29405,0xC77386D4B892e6E4D36d43d6A59EEaCA770E4295,0x4200000000000000000000000000000000000006,0xac531Eb26Ca1d21b85126De8FB87E80E09002DcF,0x940181a94A35A4569E4529A3CDfB74e38FD98631,18,18,18,2145976173881872340,820339949066351371258810378897,2.1459761738818726,820339949066.3513,820339949068497347432692251237,0,5341019924967946494368,5341.019924967946,0.0,0,0,0,nan,0
CL-USDC/cbBTC,1.4281407616854799e-08,0x4F5905e36ac07eE1F01ffB939aA7f212A58D5CDF,0xfd548a1C01f1547b305313e4D42BD9C714EFdF6a,0x833589fCD6eDb6E08f4c7C32D4f71b54bdA02913,0xcbB7C0000aB88B473b1f5aFd9ef808440eed33Bf,0x940181a94A35A4569E4529A3CDfB74e38FD98631,18,6,8,365723759,572702,365.723759,0.00572702,366296461,0,95714148114465879,0.09571414811446587,0.0,0,0,0,nan,0
CL-WETH/ROOM,1.0440225175202554e-06,0x827F373b058CcfDa902E0Fbd11702d56e92784DD,0xb7A4B01d15981Dc4a641303c87BFBC2c9662517E,0x4200000000000000000000000000000000000006,0x6555255b8dEd3c538Cb398d9E36769f45D7d3ea7,0x940181a94A35A4569E4529A3CDfB74e38FD98631,18,18,18,12555448947188,826702596890405245991,1.2555448947188e-05,826.7025968904053,826702609445854193179,0,6997050189845250029,6.99705018984525,0.0,0,0,0,nan,0
CL-HYPE/WETH,0.5083279301257977,0x9E48d016eE76cf53e2De8dc8058c7549c8c202DF,0x9495E37F2dd9b54f6b473a46ede1F1641459868e,0x15D0e0c55a3E7eE67152aD7E89acf164253Ff68d,0x4200000000000000000000000000000000000006,0x940181a94A35A4569E4529A3CDfB74e38FD98631,18,18,18,2905986475920619264,93856425351198271,2.9059864759206193,0.09385642535119827,2999842901271817535,24262545580158882,3406819278609428380773216,3406819.2786094286,2.835374333262186e-21,9659.60794063197,0,9659.60794063197,352.6871172771988,1787788800
CL-WETH/LSK,0.00485592029253528,0x275BE3a43B66516e532BcaA36eE453EDd47614ea,0x90F6Ef29a0915Cd33dbf0ce779B46923DB5cbb22,0x4200000000000000000000000000000000000006,0xac485391EB2d7D88253a7F1eF18C37f4242D1A24,0x940181a94A35A4569E4529A3CDfB74e38FD98631,18,18,18,8737161855247918,268364853618651648144,0.008737161855247918,268.36485361865164,268373590780506896062,231775409777428,32544430253726002063486,32544.430253726005,9.29815337047582e-21,302.60310385389766,0,302.60310385389766,107.5482367472313,1787788800
CL-USDC/CHECK,0.11726296204916146,0x5a7B4970B2610aEe4776A6944d9F2171EE6060B0,0xeCCE253d45D14A8D8cdf230AD6DE75d7dA2E2151,0x833589fCD6eDb6E08f4c7C32D4f71b54bdA02913,0x9126236476eFBA9Ad8aB77855c60eB5BF37586Eb,0x940181a94A35A4569E4529A3CDfB74e38FD98631,18,6,18,57463298,3994059491234951288697,57.463298,3994.059491234951,3994059491235008751995,5597016551425695,785897638316007780501081,785897.6383160078,2.9023477938617115e-21,2280.9482767675945,0,2280.9482767675945,344.54864510550357,1787788800
CL-TRUST/USDC,0.009101262112987354,0x52448E17DABcb3b6654045974Afd572090BCC1F5,0x43cBf909CDE242941Ff0827c9Dd4653C7472900d,0x6cd905dF2Ed214b22e0d48FF17CD4200C1C6d8A3,0x833589fCD6eDb6E08f4c7C32D4f71b54bdA02913,0x940181a94A35A4569E4529A3CDfB74e38FD98631,18,18,6,115155417853550119797,5883920,115.15541785355012,5.88392,115155417853556003717,434407538365759,60996756992144122641870,60996.756992144125,6.518815491766285e-22,39.76266044278926,0,39.76266044278926,1534.0210215537916,1787788800
CL-USDC/elizaOS,0.001202478612397519,0x84b783723DaC9B89d0981FFf3dcE369bC5870C16,0x757319eb2053b7Be8b4Da20652324FD812f45bf2,0x833589fCD6eDb6E08f4c7C32D4f71b54bdA02913,0xea17Df5Cf6D172224892B5477A16ACb111182478,0x940181a94A35A4569E4529A3CDfB74e38FD98631,18,6,9,100002,1,0.100002,1e-09,100003,57394871992936,8059024649339208913001,8059.02464933921,0.0,0,0,0,nan,0
CL-USDC/TOWER,0.05642343907960928,0xD4dC229A997a73E86c13e3ce8019be02cD4827a6,0xF8b0f41537A00E0BDa5aB5733568F248157aFf74,0x833589fCD6eDb6E08f4c7C32D4f71b54bdA02913,0xf7C1CEfCf7E1dd8161e00099facD3E1Db9e528ee,0x940181a94A35A4569E4529A3CDfB74e38FD98631,18,6,18,3933092,4609800072185074930431,3.933092,4609.800072185075,4609800072185078863523,2693117869712903,378150498191761874535404,378150.49819176184,4.826122425419956e-22,182.50005995069904,0,182.50005995069904,2072.056843674003,1787788800
CL-WETH/jesse,0.0013781046444406278,0x4e40ff3Be6bdA5b131c91520Fa73515076eEE098,0x474716f0164cbe5d2F55336492C51FE0bF04373E,0x4200000000000000000000000000000000000006,0x50F88fe97f72CD3E75b9Eb4f747F59BcEBA80d59,0x940181a94A35A4569E4529A3CDfB74e38FD98631,18,18,18,214713645149907,783284500684328608061,0.000214713645149907,783.2845006843286,783284715397973757968,65777803046889,9236072213186565429700,9236.072213186566,1.9105609417928514e-20,176.46078826092509,0,176.46078826092509,52.34064918450652,1787788800
CL-USDai/USDC,5.510758606205618e-06,0x2595b1BD2944D213360e73c928c5d1636cCC2d99,0xDe7bDBb10EAE1546D88d506C9250F57D14B3A221,0x0A1a1A107E45b7Ced86833863f482BC5f4ed82EF,0x833589fCD6eDb6E08f4c7C32D4f71b54bdA02913,0x940181a94A35A4569E4529A3CDfB74e38FD98631,18,18,6,1033731172418,1,1.033731172418e-06,1e-06,1033731172419,263036471981,36933163705441124907,36.933163705441125,2.2929152553186426e-20,0.8468461448738676,0,0.8468461448738676,43.612601803769316,1787788800
CL-WETH/REI,0.002385538857451522,0x34E3334E845d101205394e0Bd8821fDdc7Cd5559,0x7A01529B70dD997d7723D4AA2EeC0CC301E0E6CF,0x4200000000000000000000000000000000000006,0x6B2504A03ca4D43d0D73776F6aD46dAb2F2a4cFD,0x940181a94A35A4569E4529A3CDfB74e38FD98631,18,18,18,661835057939600462,51537627529359733393111,0.6618350579396005,51537.627529359735,51538289364417672993573,0,15987907190986953700335,15987.907190986954,0.0,0,0,0,nan,0
CL-BITCOIN/APU,0.000929576338619402,0x3d6a88675979AB63fe60beDd62550A5cF7387f39,0xB93E0F044FBFc816dF3c26620021Eb64Fea735b3,0x2a06A17CBC6d0032Cac2c6696DA90f29D39a1a29,0xB9926b3fBc5873Db0182016D55727D5ae89E5EFd,0x940181a94A35A4569E4529A3CDfB74e38FD98631,18,8,18,442385634,3424437285429142735757,4.42385634,3424.437285429143,3424437285429585121391,44370006217903,6230030662615806543722,6230.030662615806,3.7428625825224985e-21,23.318148655072548,0,23.318148655072548,267.17518422117735,1787788800
CL-SOL/cbBTC,0.02097061857271517,0xa25773F75d7190E130D501509D22592151dB3915,0xAB69fc62A7F435cD87b84DEe6ed545145E63770f,0x311935Cd80B76769bF2ecC9D8Ab7635b2139cf82,0xcbB7C0000aB88B473b1f5aFd9ef808440eed33Bf,0x940181a94A35A4569E4529A3CDfB74e38FD98631,18,9,8,4649537157,558094,4.649537157,0.00558094,4650095251,0,140545312196814941210962,140545.31219681495,0.0,0,0,0,nan,0
CL-MYRC/USDC,0.00010766120824870249,0x8d15046288Df104C9757a18fABaf587a88209D48,0x81Fbc2c15CaAf32CD5fdc0427cBA2817d7629238,0x3eD03E95DD894235090B3d4A49E0C3239EDcE59e,0x833589fCD6eDb6E08f4c7C32D4f71b54bdA02913,0x940181a94A35A4569E4529A3CDfB74e38FD98631,18,18,6,596115776204593,1,0.000596115776204593,1e-06,596115776204594,5138772223529,721546580628168859125,721.546580628169,2.2440537607050275e-22,0.16191893177824956,0,0.16191893177824956,4456.221225670744,1787788800
CL-RAVE/USDC,0.27518016372962373,0x51663B8A28E7Ea197c5CcF983AfC084Da0a8023D,0x8eF58803e5522986Be1896c1Ea024553A50e0940,0x1aA8fD5BCce2231C6100d55Bf8B377cff33Acfc3,0x833589fCD6eDb6E08f4c7C32D4f71b54bdA02913,0x940181a94A35A4569E4529A3CDfB74e38FD98631,18,18,6,310320410218727729767,84710067,310.3204102187277,84.710067,310320410218812439834,13133369354775347,1844260429783933902212914,1844260.4297839338,2.892792975989244e-21,5335.063617173868,0,5335.063617173868,345.6866800701601,1787788800
CL-AERO/DIEM,5.510249690883028e-05,0xD1edC6961222bf35AFAC0989Ce602212f28464F6,0x289541d6ce255535A859C96B022d78C0cd80D545,0x940181a94A35A4569E4529A3CDfB74e38FD98631,0xF4d97F2da56e8c3098f3a8D538DB630A2606a024,0x940181a94A35A4569E4529A3CDfB74e38FD98631,18,18,18,36977626418331359,6455071712935,0.03697762641833136,6.455071712935e-06,36984081490044294,2663153292048,369297529494518753908,369.29752949451876,1.4647036205853917e-21,0.5409114285238621,0,0.5409114285238621,682.731977954922,1787788800
CL-cbBTC/USDT,5.442031595777468e-07,0x6567CB712b9BCf7c1c568eBe8c2657830E299442,0x774C988f7De1607098eefdaa47bc4E05B6655d1A,0xcbB7C0000aB88B473b1f5aFd9ef808440eed33Bf,0xfde4C96c8593536E31F229EA8f37b2ADa2699bb2,0x940181a94A35A4569E4529A3CDfB74e38FD98631,18,8,6,31,17220,3.1e-07,0.01722,17251,266543743,3647255453916952258,3.647255453916952,2.514477266797238e-19,0.9170940925076416,0,0.9170940925076416,3.9769697392163295,1787788800
CL-PORTAL/USDC,0.00024670780491745374,0x6133d984A2ea4d20C56dB083Fb0B0D093a9F5B42,0x162A77D0b9064D60e626a0eE515594a422aDe40d,0x0FfebC403F2d3dd9EA5501ca03916E98967aCB2D,0x833589fCD6eDb6E08f4c7C32D4f71b54bdA02913,0x940181a94A35A4569E4529A3CDfB74e38FD98631,18,18,6,138901005020500710577548,2294039208,138901.0050205007,2294.039208,138901005020503004616756,0,1653438373469261507294,1653.4383734692615,0.0,0,0,0,nan,0
CL-CHECK/SAND,0.00030212276353029253,0x3f985184335BD9e0A4774C79668Ce57EE2AaCFe2,0xfab8FcF5137630d186bC29A3f985661A152d1263,0x9126236476eFBA9Ad8aB77855c60eB5BF37586Eb,0xac531Eb26Ca1d21b85126De8FB87E80E09002DcF,0x940181a94A35A4569E4529A3CDfB74e38FD98631,18,18,18,728272613210265758312,28018637649201167712973322792,728.2726132102657,28018637649.201168,28018638377473780923239081104,0,2024830024679224665314,2024.8300246792248,0.0,0,0,0,nan,0
CL-WETH/MOLT,7.135465737945841e-05,0x85Fb468A5E65a537C5Ac767776599708a3D41046,0x83c20bA54325741fE1D84632E423D187C8b4f3c2,0x4200000000000000000000000000000000000006,0xB695559b26BB2c9703ef1935c37AeaE9526bab07,0x940181a94A35A4569E4529A3CDfB74e38FD98631,18,18,18,1,169561466415837939818,1e-18,169.56146641583794,169561466415837939819,3405894716516,478219684522844319831,478.2196845228443,1.5352550294235556e-20,7.341891758330428,0,7.341891758330428,65.13575795778188,1787788800
CL-UP/cbBTC,0.018706086411365497,0x1E726F3177a933cc134Fd0ea7C326EAb270E0137,0x46ded54E6C6B8bDdcc4F034f670Efc284A1B490B,0x5b2193fDc451C1f847bE09CA9d13A4Bf60f8c86B,0xcbB7C0000aB88B473b1f5aFd9ef808440eed33Bf,0x0000000000000000000000000000000000000000,18,18,8,0,0,0.0,0.0,0,0,125368393190204555556324,125368.39319020456,0.0,0,0,0,nan,0
CL-USDC/RNBW,0.009778885240092794,0x4bf85cA48a620BAf9DDE3b6A7A6d88b219827caA,0x0099140A97ACc1cc831ECB39Ab5FD60FC9F6BB64,0x833589fCD6eDb6E08f4c7C32D4f71b54bdA02913,0xa53887F7e7c1bf5010b8627F1C1ba94fE7a5d6E0,0x940181a94A35A4569E4529A3CDfB74e38FD98631,18,6,18,11887200,685647669098251780802,11.8872,685.6476690982518,685647669098263668002,466764956848437,65538194509620522989532,65538.19450962053,6.031019988956177e-21,395.2621611276194,0,395.2621611276194,165.8094322073497,1787788800
CL-msUSD/msETH,7.847307587018528e-05,0x8845126640B36df1D24bf3dF9B2903fD4c730FE6,0x019a8a996B6cb2e2e12fe95997FA9ef733c99765,0x526728DBc96689597F85ae4cd716d4f7fCcBAE9d,0x7Ba6F01772924a82D9626c126347A28299E98c98,0x940181a94A35A4569E4529A3CDfB74e38FD98631,18,18,18,424155577790449554264,289503111769624482,424.15557779044957,0.28950311176962445,424445080902219178746,0,525927402140124503311,525.9274021401245,0.0,0,0,0,nan,0
CL-wtCOIN/USDC,0.8987421427462503,0x4618dFcbC52d9fbCd45Ec4A65fc61B5DA57Ad205,0x9a48ed41616C312C9Dd5D221B06828C21f8CD207,0x5cDa0E1CA4ce2af96315f7F8963C85399c172204,0x833589fCD6eDb6E08f4c7C32D4f71b54bdA02913,0x940181a94A35A4569E4529A3CDfB74e38FD98631,18,18,6,1373685795683977319,283824065,1.3736857956839774,283.824065,1373685795967801384,44752779139856147,6023379548806112221918799,6023379.548806112,5.470878804914118e-22,3295.3179507516525,0,3295.3179507516525,1827.8599026938195,1787788800
CL-USDC/FELIX,0.00016626548932516266,0x1F9bA3e5Ebcd2f4CA3cDEffa5eCdF1c03cf1865d,0xBc24a215368B5e2a3baad4904d6C810148D2b258,0x833589fCD6eDb6E08f4c7C32D4f71b54bdA02913,0xf30Bf00edd0C22db54C9274B90D2A4C21FC09b07,0x940181a94A35A4569E4529A3CDfB74e38FD98631,18,6,18,56500,26505825726609285942666,0.0565,26505.825726609284,26505825726609285999166,7936224769117,1114313105440057572200,1114.3131054400576,0.0,0,0,0,nan,0
CL-WBTC/cbBTC,3.083531013674198e-05,0x383567feDD4e7Dfdd44c8df9624C19eFdB6D7B35,0xdF383F80C8067Ff91528651b28e063D8Fc953ADb,0x0555E30da8f98308EdB960aa94C0Db47230d2B9c,0xcbB7C0000aB88B473b1f5aFd9ef808440eed33Bf,0x940181a94A35A4569E4529A3CDfB74e38FD98631,18,8,8,14,12,1.4e-07,1.2e-07,26,1471843653114,206658581616312366296,206.65858161631235,0.0,0,0,0,nan,1787788800
CL-USDC/deSPXA,0.0007461756425531655,0xf840346faFEdc1c0466216F3A899A599E6D03E75,0x0fb1DAFCC2bD0bc30477bA7B96B2e8045ADd8a03,0x833589fCD6eDb6E08f4c7C32D4f71b54bdA02913,0x9c5C365e764829876243d0b289733B9D2b729685,0x940181a94A35A4569E4529A3CDfB74e38FD98631,18,6,18,19085,56541524868923,0.019085,5.6541524868923e-05,56541524888008,35616761392400,5000877216504320651942,5000.87721650432,8.823471199169038e-23,0.44125096090406496,0,0.44125096090406496,11333.408104671733,1787788800
CL-USDC/PENDLE,0.000741221507066899,0xa2440Bc42F9933914A2d246Ab471e5B2D7aa5045,0x55E13F1653FB7C40c9E2934b0B1fFaCF10AFFA18,0x833589fCD6eDb6E08f4c7C32D4f71b54bdA02913,0xA99F6e6785Da0F5d6fB42495Fe424BCE029Eeb3E,0x940181a94A35A4569E4529A3CDfB74e38FD98631,18,6,18,87460,36099417248672616,0.08746,0.03609941724867262,36099417248760076,35359312946686,4967674546961297727484,4967.674546961298,0.0,0,0,0,nan,0
CL-USDC/WARD,0.000848574590824571,0x2AEdf455E810B7511D2835bF485FB13912b1AD27,0x80F062cD33826fc02CC0E9eA6199B91592C17504,0x833589fCD6eDb6E08f4c7C32D4f71b54bdA02913,0xf09e4C8193F16019F0573F370F9A997b11f56638,0x940181a94A35A4569E4529A3CDfB74e38FD98631,18,6,18,44382,11276127749070810773,0.044382,11.276127749070811,11276127749070855155,40506252086649,5687156073922250964399,5687.1560739222505,3.600070557350115e-21,20.474163136782366,0,20.474163136782366,277.7723336445008,1787788800
CL-WETH/VVV,3.0395446489938105,0xA135B59Fe221C0c8D441294f97f96Fbc37Bc9fbE,0xCa9740aFFeDF731f95B3FBAb8d40835781c7aE4D,0x4200000000000000000000000000000000000006,0xacfE6019Ed1A7Dc6f7B508C02d1b04ec88cC21bf,0x940181a94A35A4569E4529A3CDfB74e38FD98631,18,18,18,417652515146794345,53361918041206718603,0.41765251514679436,53.36191804120672,53779570556353512948,145770393475055643,20371061070407068644260683,20371061.070407066,0.0,0,0,0,nan,0
CL-USDC/CHECK,0.018732281927676963,0x3c4384F3664B37A3Cb5A5cB3452B4B4A3Aa1256f,0xFBd7De67837D3CEeCaEa3cd98AccAcE26f94aF00,0x833589fCD6eDb6E08f4c7C32D4f71b54bdA02913,0x9126236476eFBA9Ad8aB77855c60eB5BF37586Eb,0x940181a94A35A4569E4529A3CDfB74e38FD98631,18,6,18,2130233,141712853822144122055,2.130233,141.71285382214413,141712853822146252288,894142551949324,125543955823485293634852,125543.95582348529,0.0,0,0,0,nan,0
CL-USDC/GHST,0.008732894118114426,0x41D4934322f2bd6fE1dbe4124070FE61651A2067,0x5b3f00bc7843Bd033100517D46AA4001E1e32A83,0x833589fCD6eDb6E08f4c7C32D4f71b54bdA02913,0xcD2F22236DD9Dfe2356D7C543161D4d260FD9BcB,0x940181a94A35A4569E4529A3CDfB74e38FD98631,18,6,18,9058246,198678948689344276802,9.058246,198.67894868934428,198678948689353335048,382436147342189,58527950711432335932580,58527.950711432335,0.0,0,0,0,nan,0
CL-WETH/TIBBIR,1.174700983986751,0x0E4409F7a8ebA3213F336daf608985302e79328c,0x5E0f61E5238Cf493eaE763797eA7aebBc19F2ad3,0x4200000000000000000000000000000000000006,0xA4A2E2ca3fBfE21aed83471D28b6f65A233C6e00,0x940181a94A35A4569E4529A3CDfB74e38FD98631,18,18,18,133348667965401511,1304776928283252218133,0.1333486679654015,1304.7769282832521,1304910276951217619644,56081648125672448,7872858683679138542686279,7872858.683679138,0.0,0,0,0,nan,0
CL-GIZA/USDC,0.010950655254506388,0xe9EEd359ef1e600cEC91F240768f463ED3c88730,0xbED18D5dd9BD7DbcC3E4d0C584ba02FFE02f9461,0x590830dFDf9A3F68aFCDdE2694773dEBDF267774,0x833589fCD6eDb6E08f4c7C32D4f71b54bdA02913,0x940181a94A35A4569E4529A3CDfB74e38FD98631,18,18,6,949744067172873753191,12639156,949.7440671728738,12.639156,949744067172886392347,522706349831132,73391409803560331524730,73391.40980356032,0.0,0,0,0,nan,0
CL-WETH/REI,0.5460890723773325,0xf8F33dB251d41942f3b6518e3925Df03c8C35F2c,0x901AC099C159be0A896c7A0161afEd2Cb1f305A9,0x4200000000000000000000000000000000000006,0x6B2504A03ca4D43d0D73776F6aD46dAb2F2a4cFD,0x940181a94A35A4569E4529A3CDfB74e38FD98631,18,18,18,142195769669840994,7592862380294637484236,0.142195769669841,7592.862380294638,7593004576064307325230,26387473601214066,3659894861871212893182918,3659894.8618712127,0.0,0,0,0,nan,0
CL-CHIP/USDC,0.15294936913156787,0x592E01EDEb601016a20A3E6cD5bF533eBBadBC8b,0x3808E53a5D0419D0670534C8918b7FD6A5B29cee,0x0C1c1C109FE34733fca54b82d7B46B75CFb71F6e,0x833589fCD6eDb6E08f4c7C32D4f71b54bdA02913,0x940181a94A35A4569E4529A3CDfB74e38FD98631,18,18,6,3610580460944209852129,156750950,3610.58046094421,156.75095,3610580460944366603079,7319219834838572,1025068324063216409890774,1025068.3240632165,0.0,0,0,0,nan,0
CL-USDC/cbBTC,2.828315877975041,0x160D7E9d948B16c163332a277b393c288408eb12,0x7B0f1103746648FBfce9222f1266f79B934E16b2,0x833589fCD6eDb6E08f4c7C32D4f71b54bdA02913,0xcbB7C0000aB88B473b1f5aFd9ef808440eed33Bf,0x940181a94A35A4569E4529A3CDfB74e38FD98631,18,6,8,1259059033,1547466,1259.059033,0.01547466,1260606499,134667963683852300,18955403565367684858959482,18955403.565367687,0.0,0,0,0,nan,0
CL-WETH/cbBTC,13.919175114000575,0x42d4a22CaD0F5a49681a5715cE994Af73A43B76b,0x61E0B10423a0009C3f83ab4313813d29437d0817,0x4200000000000000000000000000000000000006,0xcbB7C0000aB88B473b1f5aFd9ef808440eed33Bf,0x940181a94A35A4569E4529A3CDfB74e38FD98631,18,18,8,3155381244989546404,7815290,3.155381244989546,0.0781529,3155381244997361694,672303850915586400,93286461967538408087305934,93286461.9675384,0.0,0,0,0,nan,0
CL-WETH/USDC,12.392705186280462,0x3FE04A59Ebd38cF06080a6F60a98D124eb59392A,0xA0B61fdB9f1FB9b917Fe38b49427Fd4D87472D28,0x4200000000000000000000000000000000000006,0x833589fCD6eDb6E08f4c7C32D4f71b54bdA02913,0x940181a94A35A4569E4529A3CDfB74e38FD98631,18,18,6,2013470632542104552,5092831386,2.0134706325421043,5092.831386,2013470637634935938,572127864766767055,83056044023186103693453836,83056044.0231861,0.0,0,0,0,nan,0
CL-WETH/RED,0.41119641989795297,0x0040559f59e2391eC57162826df354B1BBb05c12,0x2e60483407832D535f235bEdBb0624A5536A52d2,0x4200000000000000000000000000000000000006,0x4eB92702bA4cfbF80561BAd64D89C706Ac824960,0x940181a94A35A4569E4529A3CDfB74e38FD98631,18,18,18,41783267519395004,760930656485792423911,0.041783267519395005,760.9306564857924,760972439753311818915,20145747060925233,2755842847857770081866128,2755842.84785777,0.0,0,0,0,nan,0
CL-LFI/USDC,1.331421933420204,0x8343C68279587498526114e6385F0a87f248E0D9,0xE9C73937382C621770f5b7018A407C0749df6aaE,0x3722264aB15a1dfCe5a5af89e6547F7949A8ABA3,0x833589fCD6eDb6E08f4c7C32D4f71b54bdA02913,0x940181a94A35A4569E4529A3CDfB74e38FD98631,18,18,6,1750461651931350242497965,309502453,1750461.6519313504,309.502453,1750461651931350552000418,63553437590927385,8923204179665813747780865,8923204.179665815,1.256519653594886e-21,11212.181424790127,0,11212.181424790127,795.8490717904916,1787788800
CL-TOWNS/WETH,0.38271845716877545,0x48Be08d21FCcF3F793783c23C33555F5E0C2B7cd,0xa69d26311035B324Dba7F4E97f43298d470086D5,0x00000000A22C618fd6b4D7E9A335C4B96B189a38,0x4200000000000000000000000000000000000006,0x940181a94A35A4569E4529A3CDfB74e38FD98631,18,18,18,63553205065624040142828,75475455269953833,63553.20506562404,0.07547545526995383,63553280541079310096661,18268937796383299,2564983234030780133455137,2564983.23403078,0.0,0,0,0,nan,0
CL-RECALL/USDC,0.40057246973813865,0x0abe41C8AAa9282429e06EBEd48bE36298981d94,0x38eac5F3c2b8f9A2ab5401E4cB0516757C4E3d32,0x1f16e03C1a5908818F47f6EE7bB16690b40D0671,0x833589fCD6eDb6E08f4c7C32D4f71b54bdA02913,0x940181a94A35A4569E4529A3CDfB74e38FD98631,18,18,6,4913317151913777772086,78204755,4913.317151913778,78.204755,4913317151913855976841,19120788473551784,2684641019127871026616803,2684641.019127871,0.0,0,0,0,nan,0
CL-msUSD/msETH,0.7943870017754966,0x00145e8Fc9F06a0b71bd57fEfBF451ec1dB9D69f,0xdf2bd73E1aB97CecCc583466c86C95d2eD1c1514,0x526728DBc96689597F85ae4cd716d4f7fCcBAE9d,0x7Ba6F01772924a82D9626c126347A28299E98c98,0x940181a94A35A4569E4529A3CDfB74e38FD98631,18,18,18,292591733938988273227,86883880246060181,292.5917339389883,0.08688388024606018,292678617819234333408,37949652202691127,5323990266786557440391984,5323990.266786558,2.3677167108898535e-21,12605.700723285461,0,12605.700723285461,422.3478237074115,1787788800
CL-USDC/MXNB,0.03259983164193809,0x82312aE1BBF1864CE00dfCeb974A10e0d6245b48,0x982e2BaB389a617dBF65Ea295dBb614Ef3950b28,0x833589fCD6eDb6E08f4c7C32D4f71b54bdA02913,0xF197FFC28c23E0309B5559e7a166f2c6164C80aA,0x940181a94A35A4569E4529A3CDfB74e38FD98631,18,6,6,1,1169,1e-06,0.001169,1170,1556119446130106,218484423804317629442207,218484.42380431763,3.7074447373736015e-23,8.10018927231421,0,8.10018927231421,26972.755383763644,1787788800
CL-KellyClaude/USDC,0.0011831872072054414,0xD03FF08155a70D5Ba88E5Ff204B43fa09a2EE0D9,0x434be5E1979a85F379E65Eb3F3207d70718eD939,0x50D2280441372486BeecdD328c1854743EBaCb07,0x833589fCD6eDb6E08f4c7C32D4f71b54bdA02913,0x940181a94A35A4569E4529A3CDfB74e38FD98631,18,18,6,6896161852116284360226,91185,6896.1618521162845,0.091185,6896161852116284451411,56478224849975,7929733443358117052338,7929.733443358117,6.659997291079658e-21,52.81200325174883,0,52.81200325174883,150.15021122296722,1787788800
CL-CTR/USDC,0.0024536356690044885,0x0ab02e160f0df68dc049B012c514857306960Eae,0x99deB55adA693737B57c3cBD293A17b6b20D510c,0x11030f79109269d796fd0FB956D6244e502757f7,0x833589fCD6eDb6E08f4c7C32D4f71b54bdA02913,0x940181a94A35A4569E4529A3CDfB74e38FD98631,18,18,6,102121901449610914635,881308,102.12190144961092,0.881308,102121901449611795943,117121775970906,16444292757589730491115,16444.29275758973,0.0,0,0,0,nan,0
CL-USDC/PSG,0.009603063732502698,0x76F9AeFA6aBcbcEb10CC149e071209366f64Ce9D,0xb9dd4FacCc297796d8Dd63e0eA5CcD5Ce6feb099,0x833589fCD6eDb6E08f4c7C32D4f71b54bdA02913,0xDD15623d107c639aF0C5127AFFA26d3f20327EC8,0x940181a94A35A4569E4529A3CDfB74e38FD98631,18,6,18,3319482,12333776364805234133,3.319482,12.333776364805233,12333776364808553615,459129179842266,64359836866545740078773,64359.83686654574,5.858930945431882e-21,377.07983986035254,0,377.07983986035254,170.67960167369517,1787788800
CL-AFC/USDC,0.0020924052599098956,0xb4580451325C61344712E811392C881a634151d8,0x75aF4B1123E1d9eEc4B0Cd0A342Ca63f4cEB6A2e,0x580edA966a8129C3c01D149871B47feFcC599D28,0x833589fCD6eDb6E08f4c7C32D4f71b54bdA02913,0x940181a94A35A4569E4529A3CDfB74e38FD98631,18,18,6,233410919790162164,1,0.23341091979016215,1e-06,233410919790162165,99878813789392,14023322653863818936750,14023.32265386382,3.4042276141432665e-21,47.73858222032405,0,47.73858222032405,293.7523906584218,1787788800
CL-USDC/AAA,0.010118316105248625,0x9cb312De396E90FA51850452718Bd7138dA2BdcF,0xf1352F9dCDa6a00aC9dB96396Cc26c6794Fa2Cba,0x833589fCD6eDb6E08f4c7C32D4f71b54bdA02913,0xaaa843fb2916c0B57454270418E121C626402AAa,0x940181a94A35A4569E4529A3CDfB74e38FD98631,18,6,18,65925,18216471674261229239,0.065925,18.21647167426123,18216471674261295164,482987416205341,67813063834392398059261,67813.06383439241,0.0,0,0,0,nan,0
CL-SUMR/USDC,0.0337390911609999,0xDDae632a9f43F8C911b6F99A4BD5c7b108D4A8d7,0x46340da51cd5E45A2061F085a6b4016CcCFF527f,0x194f360D130F2393a5E9F3117A6a1B78aBEa1624,0x833589fCD6eDb6E08f4c7C32D4f71b54bdA02913,0x940181a94A35A4569E4529A3CDfB74e38FD98631,18,18,6,21596939263486188858084,63936,21596.93926348619,0.063936,21596939263486188922020,1610501400529739,226119753407234735069745,226119.75340723473,0.0,0,0,0,nan,0
CL-USDC/deSPXA,0.0020125218520354936,0x7AE311B9cB94635dD4De5f42220469F6f5501d54,0x9E165254B0b7598186F14b7886E4C7a9a98C0aC8,0x833589fCD6eDb6E08f4c7C32D4f71b54bdA02913,0x9c5C365e764829876243d0b289733B9D2b729685,0x940181a94A35A4569E4529A3CDfB74e38FD98631,18,6,18,141931,429490259117478,0.141931,0.000429490259117478,429490259259409,96065695600194,13487943191397172615139,13487.943191397171,0.0,0,0,0,nan,0
CL-USDC/hTEA,0.0450832051366575,0xAbe1f289107C20081F591BB3972b8289aDd64f6C,0x1E488b80243E72408d8c580e302b452988F9E00F,0x833589fCD6eDb6E08f4c7C32D4f71b54bdA02913,0xa1A0B2E02B0E6830aD5A4A7211691200945d8919,0x940181a94A35A4569E4529A3CDfB74e38FD98631,18,6,18,279098,19988335857976584699496,0.279098,19988.335857976585,19988335857976584978594,2152001269706559,302148127810051323752950,302148.1278100513,3.8983410604246007e-22,117.78764529723432,0,117.78764529723432,2565.1937183020145,1787788800
CL-VFY/ZEN,0.03310005976273393,0xc0113E59471A17Ce37B708572114162c3030307e,0x45343aad2894Ae9a9241Bc9072d25C549dd4D189,0xa749dE6c28262B7ffbc5De27dC845DD7eCD2b358,0xf43eB8De897Fbc7F2502483B2Bef7Bb9EA179229,0x940181a94A35A4569E4529A3CDfB74e38FD98631,18,18,18,1209190869446432974693,2587163112852859069,1209.190869446433,2.587163112852859,1211778032559285833762,1580049878511692,221836958073304349745169,221836.95807330435,3.519481079654327e-22,78.0750976707065,0,78.0750976707065,2841.3279610476466,1787788800
CL-PORTAL/USDC,0.1800098154124771,0xfE8513f8aa444fAaBB1c35e1E0F24D08c4C9BE15,0x8bA61cff54Ef589C7fd662D028e2722aB94875dc,0x0FfebC403F2d3dd9EA5501ca03916E98967aCB2D,0x833589fCD6eDb6E08f4c7C32D4f71b54bdA02913,0x940181a94A35A4569E4529A3CDfB74e38FD98631,18,18,6,2719655839204131850372,38906820,2719.655839204132,38.90682,2719655839204170757192,8611071223906117,1206427727342044217952054,1206427.7273420442,0.0,0,0,0,nan,0
CL-WETH/COOKIE,0.11298932888658317,0x17EA71d7E2dFb58F6b7e95C2ddDAD863E225091c,0xc4F34E44A3951D92334695cAc10A08506234C6CC,0x4200000000000000000000000000000000000006,0xC0041EF357B183448B235a8Ea73Ce4E4eC8c265F,0x940181a94A35A4569E4529A3CDfB74e38FD98631,18,18,18,15832626319314012,4898831347077302671431,0.01583262631931401,4898.831347077303,4898847179703621985443,5393448546446332,757255702697059639574039,757255.7026970597,0.0,0,0,0,nan,0
CL-ZORA/AERO,0.00010165407807683379,0xf185893f57171Ee19729be11684A947CfDE8DCD6,0x0a68F665d30962888547495955198437038E7fF9,0x1111111111166b7FE7bd91427724B487980aFc69,0x940181a94A35A4569E4529A3CDfB74e38FD98631,0x940181a94A35A4569E4529A3CDfB74e38FD98631,18,18,18,4467938236420273950,6587911719826613,4.467938236420274,0.006587911719826613,4474526148140100563,4852369818838,681286729327898789874,681.2867293278988,4.0079215433219e-20,27.305437596526016,0,27.305437596526016,24.950588208649574,1787788800
CL-wtSGOV/USDC,0.00021124586430976228,0xBBC639746D66B3403812c89657176EC45C1D4276,0x393cd9c8b7b1D87e8F62e1f3E392C6Eae29b395B,0x78c31580c97101694C70022c83D570150c11e935,0x833589fCD6eDb6E08f4c7C32D4f71b54bdA02913,0x940181a94A35A4569E4529A3CDfB74e38FD98631,18,18,6,1,1,1e-18,1e-06,2,10080646023126,1415772064460256370781,1415.7720644602564,2.9907604625409754e-22,0.4234235114357748,0,0.4234235114357748,3343.63120191308,1787788800
CL-WETH/SERV,0.5642589642145668,0x3416f5Fa0adE2D3de6935d4B204d9fe0b68C0eA6,0xD7615D69A287bE98B3309e70f7881568aBf361E5,0x4200000000000000000000000000000000000006,0x5576D6ed9181F2225afF5282Ac0ED29f755437Ea,0x940181a94A35A4569E4529A3CDfB74e38FD98631,18,18,18,2974748808639042,13484823326117287718115,0.002974748808639042,13484.823326117288,13484826300866096357157,26952157124505154,3781669673233670492743066,3781669.6732336706,1.2193704618539794e-21,4611.256296030128,0,4611.256296030128,820.0953125267281,1787788800
CL-O/USDC,1.927010757391218,0x8D479A4C680A76D4Ae03f10203569558405DDFFF,0x96019f55c4bdA3E1946a3Ef05bCCc5Aa823E774b,0x182FA643E5f29d5EcA75e7b9CF9336A3fe4620b2,0x833589fCD6eDb6E08f4c7C32D4f71b54bdA02913,0x940181a94A35A4569E4529A3CDfB74e38FD98631,18,18,6,1068291231535964804149,431617751,1068.2912315359647,431.617751,1068291231536396421900,91998525530584972,12914846911409135165049897,12914846.911409134,2.2005353815630146e-21,28419.57757602562,0,28419.57757602562,454.4348654324802,1787788800
CL-SOL/WETH,0.13464609157198978,0xFCCE67a155DF9a1a95BeCfe7D09E32DfbE6F9816,0x0f41c2D69a2d3e73C5Bd97F93076193459D1983B,0x311935Cd80B76769bF2ecC9D8Ab7635b2139cf82,0x4200000000000000000000000000000000000006,0x940181a94A35A4569E4529A3CDfB74e38FD98631,18,9,18,935585703,42327061914734147,0.935585703,0.04232706191473415,42327062850319850,6386530998501469,902399560148791071330093,902399.5601487911,2.0543817313949325e-21,1853.873170788499,0,1853.873170788499,486.7644531286775,1787788800
CL-USDC/FOLKS,0.1175637751821464,0x94a734bf60cDe88ab10a9951b17278a3CE129860,0xf1D60F16B6aBb78932aD53ed843b19cb331AFEe0,0x833589fCD6eDb6E08f4c7C32D4f71b54bdA02913,0xFF7F8F301F7A706E3CfD3D2275f5dc0b9EE8009B,0x940181a94A35A4569E4529A3CDfB74e38FD98631,18,6,6,51151801,28290778,51.151801,28.290778,79442579,5630830312497954,787913691182625561672319,787913.6911826256,0.0,0,0,0,nan,0
CL-USDC/wtSKHY,0.035447631372410415,0x7313B413727eD86b01CcE08c2e2F9E0A8462f5C0,0x77e593C8f308Eda04A6D4da461bFF62Ce14E44FB,0x833589fCD6eDb6E08f4c7C32D4f71b54bdA02913,0xFcD17aC4c4BF6a72c93018096F3fC09e66573Ff9,0x940181a94A35A4569E4529A3CDfB74e38FD98631,18,6,18,7298067,19642377835031870,7.298067,0.01964237783503187,19642377842329937,1692089828324643,237570408359584697121373,237570.40835958472,5.497608473287398e-22,130.606909,0,130.606909,1818.9727494399604,1787788800
CL-USDC/AAPLc,1.0713409752777032,0xA3b1E3f9747065e2073722Ff4c9027d3eA4994F0,0x43021fBbD01b967704aB2379F6e90E2d367042F3,0x833589fCD6eDb6E08f4c7C32D4f71b54bdA02913,0xb200000000000000000000C2e324d24d7eEcd1fb,0x940181a94A35A4569E4529A3CDfB74e38FD98631,18,6,8,335328489,123278371,335.328489,1.23278371,458606860,51125190741930399,7180138788826853329189626,7180138.788826854,0.0,0,0,0,nan,0
CL-USDC/NVDAc,1.0762125744814501,0x853F5f1B92b16714Fe6CDA67CAad0856B83C7ab9,0x30d1E5Af5CE39863E6F69a1F73ffb0e1AC9771A8,0x833589fCD6eDb6E08f4c7C32D4f71b54bdA02913,0xb20000000000000000000078ee7ce2fE4908108C,0x940181a94A35A4569E4529A3CDfB74e38FD98631,18,6,8,1069019315,461473535,1069.019315,4.61473535,1530492850,51251876536727413,7212788299312881073934930,7212788.299312881,0.0,0,0,0,nan,0
CL-USDC/GOOGLc,1.0753056273437,0xB1987CAD1682841b4b641d50E520777eC5Ab5542,0x225fc4369972420683dA720F6cb39C5547C4a74e,0x833589fCD6eDb6E08f4c7C32D4f71b54bdA02913,0xb2000000000000000000002D0BA3164cc74f58B7,0x940181a94A35A4569E4529A3CDfB74e38FD98631,18,6,8,149484664,58793364,149.484664,0.58793364,208278028,51275568012444162,7206709929798930105929233,7206709.92979893,0.0,0,0,0,nan,0
CL-USDC/METAc,1.0705252592365389,0xEAF57753BC382E0324a1D43F72E7027705a2273E,0x536DF7362915337ddc86C9b57D322905CA819d65,0x833589fCD6eDb6E08f4c7C32D4f71b54bdA02913,0xb2000000000000000000008bC8786B856E61707C,0x940181a94A35A4569E4529A3CDfB74e38FD98631,18,6,8,228952981,55514759,228.952981,0.55514759,284467740,51093931160251651,7174671851107687859578616,7174671.851107688,0.0,0,0,0,nan,0
CL-jEUR/USDC,0.07099609798006823,0x02B6B7AB1eDE16F48C57893d2FdF6251C2CB3821,0x1567c3577d4d971e0C76262381D064169DD438FB,0x4154550f4Db74Dc38d1FE98e1F3F28ed6daD627d,0x833589fCD6eDb6E08f4c7C32D4f71b54bdA02913,0x940181a94A35A4569E4529A3CDfB74e38FD98631,18,18,6,8768230224772185214,4320572,8.768230224772186,4.320572,8768230224776505786,3389015444263370,475816615555009399784749,475816.6155550094,0.0,0,0,0,nan,0
CL-USDC/MAG7,0.004245112115502076,0xe942B86f5c6d4a780fd673317Ee7E565d25aB7F3,0x017BB6502758eCF478446e97e66831989bd109d6,0x833589fCD6eDb6E08f4c7C32D4f71b54bdA02913,0xCEF8Db49E456f872E288E1C042F916E9ceD7c781,0x940181a94A35A4569E4529A3CDfB74e38FD98631,18,6,18,122813,11767798198133002,0.122813,0.011767798198133003,11767798198255815,190561453990997,28450787253361984342025,28450.78725336198,2.3569554825614166e-21,67.057239,0,67.057239,424.276150906869,1787788800
CL-WETH/Basecat,0.6519694645271215,0xfbA22a6B7629a2FEC052CC2a6Eddd2C9D6Da5eA5,0x7f015f6607A700291d6dCe512c3e0db842a223F2,0x4200000000000000000000000000000000000006,0xB2000000000000000000004c27f6523082f41D01,0x940181a94A35A4569E4529A3CDfB74e38FD98631,18,18,18,144588597624515611,15405647066940621295764,0.14458859762451562,15405.64706694062,15405791655538245811375,31122224729039807,4369506393768269572043420,4369506.39376827,8.049213886703858e-25,3.517109154276085,0,3.517109154276085,1242357.3457923091,1787788800
CL-wtSPYM/USDC,0.051595990508481925,0x36622e47536a93b03DE0e235c377f13c613b8f8D,0xEA92eA0A4dEA7f143c6b5de0eBE527dB13068e8C,0x31C2C14134e6E3B7ef9478297F199331133Fc2d8,0x833589fCD6eDb6E08f4c7C32D4f71b54bdA02913,0x940181a94A35A4569E4529A3CDfB74e38FD98631,18,18,6,49793021308811922,1102179,0.04979302130881192,1.102179,49793021309914101,2466166547395090,345796885722460371322948,345796.88572246034,0.0,0,0,0,nan,0
CL-USDC/BLUECHIP,0.6519694645271215,0x3dfDeCc334A8f2618321C78A9dE0E9428438F871,0x82c0220215d13f1DFbB72f3182e6D0b61088B1b3,0x833589fCD6eDb6E08f4c7C32D4f71b54bdA02913,0xB200000000000000000000cFbdF64a8706a94a01,0x940181a94A35A4569E4529A3CDfB74e38FD98631,18,6,18,185857725,21156417620353230513849,185.857725,21156.41762035323,21156417620353416371574,31122224729039807,4369506393768269572043420,4369506.39376827,2.8854334709250554e-25,1.260792,0,1.260792,3465683.78746714,1787788800
TOTAL,100.0,,,,,,,,,311687961982488978833701649580283,849798512375116071685282069536,311687962000512.9,849798543621.6721,312537760494864094905386931649819,4748613318541877950,670201080189776478236848598,,5.038419390860403e-22,337674.49311825685,0.9187021188312926,337675.41182037577,1984.7494271992941,
