name,vote_pct,address,gauge,token0,token1,emissions_token,emissions_decimals,token0_decimals,token1_decimals,token0_fees_raw,token1_fees_raw,token0_fees,token1_fees,fees_raw,emissions_raw,votes_raw,votes,ratio,tfv,tbv,tvv,votes_per_tvv,rewards_epoch_ts
vAMM-tBTC/USDbC,0.0031046077421020874,0x723AEf6543aecE026a15662Be4D3fb3424D502A9,0x50f0249B824033Cf0AF0C8b9fe1c67c2842A34d5,0x236aa50979D5f3De3Bd1Eeb40E81137F22ab794b,0xd9aAEc86B65D86f6A7B5B1b0c42FFA531710b6CA,0x940181a94A35A4569E4529A3CDfB74e38FD98631,18,18,6,265840814118,3970,2.65840814118e-07,0.00397,265840818088,159095455165918,24277017384328920598933,24277.017384328923,2.118168844911964e-22,5.142282187087166,0,5.142282187087166,4721.058958081137,1776297600
vAMM-tBTC/WETH,0.002271050624288733,0x2722C8f9B5E2aC72D1f225f8e8c990E449ba0078,0xfaE8C18D83655Fbf31af10d2e9A1Ad5bA77D0377,0x236aa50979D5f3De3Bd1Eeb40E81137F22ab794b,0x4200000000000000000000000000000000000006,0x940181a94A35A4569E4529A3CDfB74e38FD98631,18,18,18,0,0,0.0,0.0,0,116379865925161,17758873283366198824563,17758.8732833662,1.2636428248637104e-21,22.44087280218954,0,22.44087280218954,791.362860077059,1776297600
vAMM-T/WETH,5.071091961466434e-07,0xAf58FDeE432a104a932a899968d60F92838886cd,0xaD3d4aFd779e4A57734557CcE25F87032614fE47,0x26f3901aC8a79c50fb0d8289C74f0d09AdC42E29,0x4200000000000000000000000000000000000006,0x940181a94A35A4569E4529A3CDfB74e38FD98631,18,18,18,3765021195572701429932,3802836854530282,3765.0211955727013,0.003802836854530282,3765024998409555960214,0,3965428096970939228,3.9654280969709395,0.0,0,0,0,nan,0
vAMM-EXTRA/USDbC,4.006886510509323e-05,0x2B7704f1cb9324cD8586B33C6c540CbD64E58237,0xf05a3De3dD6910042f506c6105bC14920C4289B6,0x2dAD3a13ef0C6366220f989157009e501e7938F8,0xd9aAEc86B65D86f6A7B5B1b0c42FFA531710b6CA,0x940181a94A35A4569E4529A3CDfB74e38FD98631,18,18,6,2733530344855013951924,38158677,2733.530344855014,38.158677,2733530344855052110601,0,313325423220146093721,313.3254232201461,0.0,0,0,0,nan,0
sAMM-DOLA/USDbC,0.0005392063285810507,0x0B25c51637c43decd6CC1C1e3da4518D54ddb528,0xeAE066C25106006fB386A3a8b1698A0cB6931c1a,0x4621b7A9c75199271F773Ebd9A499dbd165c3191,0xd9aAEc86B65D86f6A7B5B1b0c42FFA531710b6CA,0x940181a94A35A4569E4529A3CDfB74e38FD98631,18,18,6,0,1007,0.0,0.001007,1007,27631599029596,4216417177340111629520,4216.417177340111,2.4437405773413366e-21,10.303829747265052,0,10.303829747265052,409.2087389603148,1776297600
vAMM-WETH/UNIDX,1.6282218821721178e-05,0xA819Af1CC8AbE618eA8abaDeb464960F7451CEAB,0x98F44CE76BDCaD37f00a98B275631B1D796862fa,0x4200000000000000000000000000000000000006,0x6B4712AE9797C199edd44F897cA09BC57628a1CF,0x940181a94A35A4569E4529A3CDfB74e38FD98631,18,18,18,66823978677805527,226297110361035028534,0.06682397867780553,226.29711036103504,226363934339712834061,0,127321627151110355016,127.32162715111036,0.0,0,0,0,nan,0
vAMM-ERN/stERN,5.560617530755993e-05,0x218F511431194B2C756D67a137DE536beA74E498,0x109Cc0f2640457b2A483C2eef189827750A676bB,0xa334884bF6b0A066d553D19e507315E839409e62,0xf7A0dd3317535eC4f4d29ADF9d620B3d8D5D5069,0x940181a94A35A4569E4529A3CDfB74e38FD98631,18,18,18,237984017128961526,117960802477172340,0.23798401712896153,0.11796080247717235,355944819606133866,0,434822108542330684198,434.8221085423307,0.0,0,0,0,nan,0
sAMM-MAI/USDbC,3.5659170965365825e-05,0xf6Aec4F97623E691a9426a69BaF5501509fCa05D,0xC01E2ff20501839db7B28F5Cb3eD2876fEa3d6b1,0xbf1aeA8670D2528E08334083616dD9C5F3B087aE,0xd9aAEc86B65D86f6A7B5B1b0c42FFA531710b6CA,0x940181a94A35A4569E4529A3CDfB74e38FD98631,18,18,6,30528188895627622828,8590181,30.528188895627622,8.590181,30528188895636213009,0,278843056949536182548,278.8430569495362,0.0,0,0,0,nan,0
sAMM-DOLA/MAI,8.435831154433979e-05,0x8b432C54d6e8E1B8D1802753514AB53044Af1861,0xDe23611176b16720346f4Df071D1aA01752c68C1,0x4621b7A9c75199271F773Ebd9A499dbd165c3191,0xbf1aeA8670D2528E08334083616dD9C5F3B087aE,0x940181a94A35A4569E4529A3CDfB74e38FD98631,18,18,18,10035936627286763199,11559204165041681229,10.035936627286763,11.559204165041681,21595140792328444428,0,659654412408287255581,659.6544124082873,0.0,0,0,0,nan,0
vAMM-USDbC/STG,7.743838719577594e-08,0xb680190fB16f417647e69D6A84719aE9c7E5E20a,0x9a8D9F5C698C1F2B0d48a955BC531F2c7D67Af84,0xd9aAEc86B65D86f6A7B5B1b0c42FFA531710b6CA,0xE3B53AF74a4BF62Ae5511055290838050bf764Df,0x940181a94A35A4569E4529A3CDfB74e38FD98631,18,6,18,56415960,310428046968824412817,56.41596,310.4280469688244,310428046968880828777,0,605542866711187967,0.605542866711188,0.0,0,0,0,nan,0
vAMM-WETH/TAROT,0.023742490389643142,0x2d25E0514f23c6367687dE89Bd5167dc754D4934,0xa81dac2e9caa218Fcd039D7CEdEB7847cf362213,0x4200000000000000000000000000000000000006,0xF544251D25f3d243A36B07e7E7962a678f952691,0x940181a94A35A4569E4529A3CDfB74e38FD98631,18,18,18,9859980813050,1690869394438555364,9.85998081305e-06,1.6908693944385553,1690879254419368414,1216682630816072,185658511418372746006962,185658.51141837274,4.1524029536964437e-22,77.0928951192536,0,77.0928951192536,2408.2441206959597,1776297600
sAMM-MIM/USDbC,7.743838719577594e-08,0x982A169edFC1cf8Fd38dBeE76735547b23875BD1,0xBb0b5819Fa91076a1D6aaFa0D018E27a416DE029,0x4A3A6Dd60A34bB2Aba60D73B4C88315E9CeB6A3D,0xd9aAEc86B65D86f6A7B5B1b0c42FFA531710b6CA,0x940181a94A35A4569E4529A3CDfB74e38FD98631,18,18,6,2399985323314516483,2456722,2.3999853233145165,2.456722,2399985323316973205,0,605542866711187967,0.605542866711188,0.0,0,0,0,nan,0
vAMM-WETH/HOP,0.009290346762071446,0x75D18ee68bB93BE5cB2dcCFa0d8151E25CBC8Eb8,0xb42A9e58773993ed15A5eED65633e85870185e13,0x4200000000000000000000000000000000000006,0xc5102fE9359FD9a28f877a67E36B0F050d81a3CC,0x940181a94A35A4569E4529A3CDfB74e38FD98631,18,18,18,0,0,0.0,0.0,0,476089613208912,72647473879112681193110,72647.47387911267,1.9780969615702755e-24,0.14370374734602875,0,0.14370374734602875,505536.39150538325,1776297600
sAMM-DAI+/USD+,0.00014853398391833405,0x1b05e4e814b3431a48b8164c41eaC834d9cE2Da6,0x87803Cb321624921cedaAD4555F07Daa0D1Ed325,0x65a2508C429a6078a7BC2f7dF81aB575BD9D9275,0xB79DD08EA68A908A97220C76d19A6aA9cBDE4376,0x940181a94A35A4569E4529A3CDfB74e38FD98631,18,18,6,4154527384264207354,7026280,4.154527384264207,7.02628,4154527384271233634,0,1161487185916595141654,1161.487185916595,0.0,0,0,0,nan,0
sAMM-USD+/USDbC,0.00010045242185024172,0x4a3636608d7Bc5776CB19Eb72cAa36EbB9Ea683B,0xa5972f0C07a2D1cc5A8457c28d88ec4f3C009864,0xB79DD08EA68A908A97220C76d19A6aA9cBDE4376,0xd9aAEc86B65D86f6A7B5B1b0c42FFA531710b6CA,0x940181a94A35A4569E4529A3CDfB74e38FD98631,18,6,6,36612140,17177184,36.61214,17.177184,53789324,0,785505092474278257099,785.5050924742783,0.0,0,0,0,nan,0
vAMM-WETH/DEUS,0.13434903218097105,0x9e4CB8b916289864321661CE02cf66aa5BA63C94,0x7eC1926A50D2D253011cC9891935eBc476713bb1,0x4200000000000000000000000000000000000006,0xDE5ed76E7c05eC5e4572CfC88d1ACEA165109E44,0x940181a94A35A4569E4529A3CDfB74e38FD98631,18,18,18,2610040256772,0,2.610040256772e-06,0.0,2610040256772,6884799933104841,1050565501591134797930362,1050565.5015911348,2.699703910119219e-23,28.362157924819453,0,28.362157924819453,37041.09907207713,1776297600
sAMM-DAI/USDbC,1.0092530403602113e-06,0x6EAB8c1B93f5799daDf2C687a30230a540DbD636,0xCF1D5Aa63083fda05c7f8871a9fDbfed7bA49060,0x50c5725949A6F0c72E6C4a641F24049A917DB0Cb,0xd9aAEc86B65D86f6A7B5B1b0c42FFA531710b6CA,0x940181a94A35A4569E4529A3CDfB74e38FD98631,18,18,6,23252559534699938944,22398357,23.252559534699937,22.398357,23252559534722337301,0,7892028765418826011,7.892028765418826,0.0,0,0,0,nan,0
vAMM-AERO/USDbC,0.023977498677486515,0x2223F9FE624F69Da4D8256A7bCc9104FBA7F8f75,0x9a202c932453fB3d04003979B121E80e5A14eE7b,0x940181a94A35A4569E4529A3CDfB74e38FD98631,0xd9aAEc86B65D86f6A7B5B1b0c42FFA531710b6CA,0x940181a94A35A4569E4529A3CDfB74e38FD98631,18,18,6,8183955229581288212,0,8.183955229581288,0.0,8183955229581288212,1228741871905812,187496199385217776441076,187496.19938521777,3.3520774737635944e-21,628.5017863754761,0,628.5017863754761,298.3224605716631,1776297600
vAMM-cbETH/WETH,0.0010213756785260185,0x44Ecc644449fC3a9858d2007CaA8CFAa4C561f91,0xDf9D427711CCE46b52fEB6B2a20e4aEaeA12B2b7,0x2Ae3F1Ec7F1F5012CFEab0185bfc7aa3cf0DEc22,0x4200000000000000000000000000000000000006,0x940181a94A35A4569E4529A3CDfB74e38FD98631,18,18,18,0,0,0.0,0.0,0,52341552866196,7986823831959490814963,7986.823831959491,1.1687519535898174e-21,9.334615956580366,0,9.334615956580366,855.6135430862842,1776297600
vAMM-WETH/fBOMB,0.011080581464262306,0x4F9Dc2229f2357B27C22db56cB39582c854Ad6d5,0x76c48576822Cd955C320f5d5A163E738dbFEcc01,0x4200000000000000000000000000000000000006,0x74ccbe53F77b08632ce0CB91D3A545bF6B8E0979,0x940181a94A35A4569E4529A3CDfB74e38FD98631,18,18,18,0,0,0.0,0.0,0,567836940602372,86646523871073715935539,86646.52387107372,3.27589478461515e-21,283.8448956542825,0,283.8448956542825,305.2601092978874,1776297600
vAMM-WETH/WELL,0.0011772721953091432,0xffA3F8737C39e36dec4300B162c2153c67c8352f,0xcEa0a2228145d0fD25dE083e3786ddB1eA184296,0x4200000000000000000000000000000000000006,0xFF8adeC2221f9f4D8dfbAFa6B9a297d17603493D,0x940181a94A35A4569E4529A3CDfB74e38FD98631,18,18,18,259159620494,0,2.59159620494e-07,0.0,259159620494,60330646347094,9205883617443912353023,9205.883617443913,1.8175308739482213e-23,0.16731977696678446,0,0.16731977696678446,55019.69811537235,1776297600
vAMM-USD+/stERN,1.7373331797198296e-07,0x607363389331f4B2D1b955d009506A67c565D75E,0xe5Cf7Ec83BA94c4AdF833d7DCdb800a53f28410E,0xB79DD08EA68A908A97220C76d19A6aA9cBDE4376,0xf7A0dd3317535eC4f4d29ADF9d620B3d8D5D5069,0x940181a94A35A4569E4529A3CDfB74e38FD98631,18,6,18,397906,3042380725454152831,0.397906,3.042380725454153,3042380725454550737,0,1358537738422055515,1.3585377384220554,0.0,0,0,0,nan,0
vAMM-USD+/USDbC,7.743838719577594e-08,0xdC0F1F6eCd03ec1C9FFC2A17BaBAbd313477b20E,0xD2121Cb13A28Ab16Cb0f0F19A665e9a9311F9aBb,0xB79DD08EA68A908A97220C76d19A6aA9cBDE4376,0xd9aAEc86B65D86f6A7B5B1b0c42FFA531710b6CA,0x940181a94A35A4569E4529A3CDfB74e38FD98631,18,6,6,5485,2659,0.005485,0.002659,8144,0,605542866711187967,0.605542866711188,0.0,0,0,0,nan,0
vAMM-USDbC/THALES,0.0002569983140017968,0x5F43555b02507133eCd5b78218283ed849b07Eac,0x2692CC440416B7f8252406D84e9D66f0C48C069E,0xd9aAEc86B65D86f6A7B5B1b0c42FFA531710b6CA,0xf34e0cff046e154CAfCae502C7541b9E5FD8C249,0x940181a94A35A4569E4529A3CDfB74e38FD98631,18,6,18,38831732,193539796623181159089,38.831732,193.53979662318116,193539796623219990821,0,2009642781004082510685,2009.6427810040825,0.0,0,0,0,nan,0
vAMM-WETH/THALES,0.00024737385513176917,0x3f386Acc3A8E9194cF6279C219DF8DD3C5B71974,0x62052D68A7DBa58079B7D70a40796CAbAab2a95f,0x4200000000000000000000000000000000000006,0xf34e0cff046e154CAfCae502C7541b9E5FD8C249,0x940181a94A35A4569E4529A3CDfB74e38FD98631,18,18,18,2070674212000296,34156170058607834255,0.002070674212000296,34.156170058607835,34158240732819834551,0,1934382659690264873212,1934.3826596902647,0.0,0,0,0,nan,0
vAMM-EXTRA/WETH,0.05757704002532086,0x84Ff3B6e2046579Fb2f2b891CE18eE10b5fbDbF2,0xE5Ff63862097b32d3ed30551e290D66f1548973F,0x2dAD3a13ef0C6366220f989157009e501e7938F8,0x4200000000000000000000000000000000000006,0x940181a94A35A4569E4529A3CDfB74e38FD98631,18,18,18,0,4935165419012,0.0,4.935165419012e-06,4935165419012,2950629869089200,450233626192816868648647,450233.6261928168,1.3850976472949011e-22,62.36175363727226,0,62.36175363727226,7219.70759211816,1776297600
vAMM-fBOMB/AERO,0.011516986843559979,0xbBf71AAD6E1F8D180D3B1D898528654c1d18b2fF,0x12E45bE50dd4f3Bc430B65d399B1e3b90275661c,0x74ccbe53F77b08632ce0CB91D3A545bF6B8E0979,0x940181a94A35A4569E4529A3CDfB74e38FD98631,0x940181a94A35A4569E4529A3CDfB74e38FD98631,18,18,18,0,0,0.0,0.0,0,581782104485316,90059071239344728635651,90059.07123934473,1.0205899252338536e-20,919.1338078279314,0,919.1338078279314,97.98254668944182,1776297600
vAMM-EURA/USDbC,6.165564428360109e-06,0xA56bE957d432a5d0eDc040B27078d9726f54E7f6,0x275535F82F287073CEEbC653862E4E43868AA65C,0xA61BeB4A3d02decb01039e378237032B351125B4,0xd9aAEc86B65D86f6A7B5B1b0c42FFA531710b6CA,0x940181a94A35A4569E4529A3CDfB74e38FD98631,18,18,6,2598542057896039809,2663443,2.5985420578960396,2.663443,2598542057898703252,0,48212697785180123453,48.212697785180126,0.0,0,0,0,nan,0
vAMM-SONNE/USDbC,0.0016879034721767785,0x554EcA2a48136724294CE47fb7bfE9AADfceE3c6,0x744462994510ccd987F697752bD46d1155F8022F,0x22a2488fE295047Ba13BD8cCCdBC8361DBD8cf7c,0xd9aAEc86B65D86f6A7B5B1b0c42FFA531710b6CA,0x940181a94A35A4569E4529A3CDfB74e38FD98631,18,18,6,6623400378570238188504,3932295,6623.400378570238,3.932295,6623400378570242120799,0,13198853233986864757364,13198.853233986865,0.0,0,0,0,nan,0
sAMM-AERO/USDbC,7.743838719577594e-08,0xB304b47e039E20AFAd75FA2ada6CD8D95a9eea41,0x46110ac9100A027bAec01bf1C211522ce0B02540,0x940181a94A35A4569E4529A3CDfB74e38FD98631,0xd9aAEc86B65D86f6A7B5B1b0c42FFA531710b6CA,0x940181a94A35A4569E4529A3CDfB74e38FD98631,18,18,6,1432111671814335529359,1312393695,1432.1116718143355,1312.393695,1432111671815647923054,0,605542866711187967,0.605542866711188,0.0,0,0,0,nan,0
vAMM-EXTRA/AERO,0.0006582249234888895,0x688F778C51dB4D990bF1abaF8d33fD95e48C6641,0x6664867531c0FDd058881153FaBE7D2162833b07,0x2dAD3a13ef0C6366220f989157009e501e7938F8,0x940181a94A35A4569E4529A3CDfB74e38FD98631,0x940181a94A35A4569E4529A3CDfB74e38FD98631,18,18,18,0,2054125001471239,0.0,0.002054125001471239,2054125001471239,33731815997681,5147103672272195616986,5147.103672272196,4.453709893767999e-21,22.923706549448276,0,22.923706549448276,224.53191246230097,1776297600
sAMM-DAI+/USDbC,7.743838719577594e-08,0x4f7f293e7B7b6D1cAA1ca48784C5986f3dE5E19c,0x2d8b33A0dc95F0eb9429551eA4d2297729828558,0x65a2508C429a6078a7BC2f7dF81aB575BD9D9275,0xd9aAEc86B65D86f6A7B5B1b0c42FFA531710b6CA,0x940181a94A35A4569E4529A3CDfB74e38FD98631,18,18,6,46204523741394779,31275,0.046204523741394776,0.031275,46204523741426054,0,605542866711187967,0.605542866711188,0.0,0,0,0,nan,0
sAMM-DAI/MAI,1.5016257793930553e-07,0x30A30f266e1173a75985997B2523EcbC19c60fF3,0xc16A2c13d3A62937FB3b0FE03Fa24B0C6161245E,0x50c5725949A6F0c72E6C4a641F24049A917DB0Cb,0xbf1aeA8670D2528E08334083616dD9C5F3B087aE,0x940181a94A35A4569E4529A3CDfB74e38FD98631,18,18,18,11155931332642330704,11332260776200400459,11.15593133264233,11.3322607762004,22488192108842731163,0,1174222258635433511,1.1742222586354334,0.0,0,0,0,nan,0
sAMM-WETH/USDbC,7.552884271216086e-07,0x44d7Dd237001AeF7fC7D8CB13ab4452f65CE5E40,0x1AF743E6EbF9C4f90aE9A37E6e61Bca31a867676,0x4200000000000000000000000000000000000006,0xd9aAEc86B65D86f6A7B5B1b0c42FFA531710b6CA,0x940181a94A35A4569E4529A3CDfB74e38FD98631,18,18,6,122549552685830382,307448066,0.12254955268583038,307.448066,122549552993278448,0,5906108532409502377,5.906108532409503,0.0,0,0,0,nan,0
vAMM-FREN/WETH,0.00040435297910198755,0x679d601AAA86cd555E8bfD48ddC8b4aaDe2A0F27,0x5C84541A91c4dAF68964197E7ED1c7de79A82Ec3,0x12063CC18A7096D170e5Fc410d8623Ad97ee24B3,0x4200000000000000000000000000000000000006,0x940181a94A35A4569E4529A3CDfB74e38FD98631,18,18,18,7536056931416908792415,19233165757456107,7536.056931416909,0.019233165757456108,7536076164582666248522,0,3161908079381884072978,3161.908079381884,0.0,0,0,0,nan,0
sAMM-WETH/BASED,0.000249283545620089,0x5F45e48F9C053286cE9Ca08Db897f8b7eb3f7992,0xA7919a78183d4B3980c01DfDaCd0158772eB5632,0x4200000000000000000000000000000000000006,0x9CBD543f1B1166b2Df36b68Eb6bB1DcE24E6aBDf,0x940181a94A35A4569E4529A3CDfB74e38FD98631,18,18,18,878825926775581947,4748656830468847977,0.8788259267755819,4.748656830468848,5627482757244429924,0,1949315814869552503461,1949.3158148695527,0.0,0,0,0,nan,0
vAMM-BASED/USDbC,4.316602781159758e-07,0xb905d9195019778CFbaa4e9eD90dF3FC5871CD9A,0x1202cEE03f9Dc305e14c3C34afaedE7BcE47b373,0xBa5E6fa2f33f3955f0cef50c63dCC84861eAb663,0xd9aAEc86B65D86f6A7B5B1b0c42FFA531710b6CA,0x940181a94A35A4569E4529A3CDfB74e38FD98631,18,18,6,41047168293617294,350188,0.04104716829361729,0.350188,41047168293967482,0,3375442228605126725,3.3754422286051264,0.0,0,0,0,nan,0
sAMM-DAI/AERO,7.82723044400932e-08,0xE2D3b2f9d4bAAb9A0de671E95FeBAc27E37050f2,0x4b6F6Be7e8622bD8e56b50158D03312EEC5bA480,0x50c5725949A6F0c72E6C4a641F24049A917DB0Cb,0x940181a94A35A4569E4529A3CDfB74e38FD98631,0x940181a94A35A4569E4529A3CDfB74e38FD98631,18,18,18,1635901599015207516,2109751835466105329,1.6359015990152075,2.1097518354661053,3745653434481312845,0,612063826883655389,0.6120638268836555,0.0,0,0,0,nan,0
vAMM-YFX/USD+,5.095196729856802e-08,0xc3B5ac236fb5AbE245310FeCa2526F89667D4CAe,0x9B3920fB28242261B9be3a10c10310fc42E23a0F,0x8901cB2e82CC95c01e42206F8d1F417FE53e7Af0,0xB79DD08EA68A908A97220C76d19A6aA9cBDE4376,0x940181a94A35A4569E4529A3CDfB74e38FD98631,18,18,6,81291344509999872,117011,0.08129134450999988,0.117011,81291344510116883,0,398427723766341120,0.3984277237663411,0.0,0,0,0,nan,0
sAMM-DOLA/USD+,0.0003797673054805071,0x8E9154AC849e839d60299E85156bcb589De2693A,0x969c70383A95704C6a35497d8C77BF38dc152e63,0x4621b7A9c75199271F773Ebd9A499dbd165c3191,0xB79DD08EA68A908A97220C76d19A6aA9cBDE4376,0x940181a94A35A4569E4529A3CDfB74e38FD98631,18,18,6,0,0,0.0,0.0,0,19461798563481,2969656150798472684726,2969.6561507984725,0.0,0,0,0,nan,0
vAMM-DAI+/USD+,1.5712980960784505e-06,0x3CF04A380e54FA4eD31eA48acb9132EA35e2E8D9,0x18f880A04F8aD0da98414672184146D17fe1d2dA,0x65a2508C429a6078a7BC2f7dF81aB575BD9D9275,0xB79DD08EA68A908A97220C76d19A6aA9cBDE4376,0x940181a94A35A4569E4529A3CDfB74e38FD98631,18,18,6,2863874804654989,4632,0.002863874804654989,0.004632,2863874804659621,0,12287037321059777189,12.287037321059776,0.0,0,0,0,nan,0
sAMM-USDC/USDbC,0.0002653113266051082,0x27a8Afa3Bd49406e48a074350fB7b2020c43B2bD,0x1Cfc45C5221A07DA0DE958098A319a29FbBD66fE,0x833589fCD6eDb6E08f4c7C32D4f71b54bdA02913,0xd9aAEc86B65D86f6A7B5B1b0c42FFA531710b6CA,0x940181a94A35A4569E4529A3CDfB74e38FD98631,18,6,6,0,0,0.0,0.0,0,13596449062912,2074647821334906710765,2074.647821334907,0.0,0,0,0,nan,0
vAMM-OVN/USD+,0.007627081360402147,0x61366A4e6b1DB1b85DD701f2f4BFa275EF271197,0x00B2149d89677a5069eD4D303941614A33700146,0xA3d1a8DEB97B111454B294E2324EfAD13a9d8396,0xB79DD08EA68A908A97220C76d19A6aA9cBDE4376,0x940181a94A35A4569E4529A3CDfB74e38FD98631,18,18,6,0,792,0.0,0.000792,792,390870052320475,59641282300224770756153,59641.28230022477,1.6247947440704947e-21,96.90484201102983,0,96.90484201102983,615.4623552601873,1776297600
sAMM-cbETH/WETH,2.594116842955159e-07,0x9E8bfEB5c73F3f897BebdB49CC4161FecE0B0c55,0x00Aa4579C145FeA0b1EE133D6f792b7edEe1A6F4,0x2Ae3F1Ec7F1F5012CFEab0185bfc7aa3cf0DEc22,0x4200000000000000000000000000000000000006,0x940181a94A35A4569E4529A3CDfB74e38FD98631,18,18,18,0,0,0.0,0.0,0,13294241115,2028514547566054218,2.028514547566054,1.914004863226806e-20,0.03882586709167751,0,0.03882586709167751,52.2464712192062,1776297600
vAMM-AERO/DOG,0.0006028376505054243,0x656D48D3F337c6b3cD2ED8471B135fF54b1F96Ad,0xDcC24121BAe131F952B09A08E65b95642F093794,0x940181a94A35A4569E4529A3CDfB74e38FD98631,0x9E53e88dCff56d3062510A745952DEC4cEFDff9E,0x940181a94A35A4569E4529A3CDfB74e38FD98631,18,18,18,214298593019060234742,737293551984082190333999,214.29859301906023,737293.5519840822,737507850577101250568741,0,4713993308326597849420,4713.993308326598,0.0,0,0,0,nan,0
vAMM-tBTC/T,1.1391289416437803e-05,0xfd8aA87c97D32345BFe4F753ACf25729008331C9,0x76BB14cc51d409987Ea34a158Ba51643F81BB82e,0x236aa50979D5f3De3Bd1Eeb40E81137F22ab794b,0x26f3901aC8a79c50fb0d8289C74f0d09AdC42E29,0x940181a94A35A4569E4529A3CDfB74e38FD98631,18,18,18,194065642355856,1578053043368431095095,0.000194065642355856,1578.0530433684312,1578053237434073450951,0,89076158460371774978,89.07615846037179,0.0,0,0,0,nan,0
vAMM-SONNE/USDC,4.488155581685455e-05,0x4cC2FeFB2635C86b1bae1b58E0f60Fb43E95e264,0xCbfeaED3dd9310406c046FB496C7E77f7571a808,0x22a2488fE295047Ba13BD8cCCdBC8361DBD8cf7c,0x833589fCD6eDb6E08f4c7C32D4f71b54bdA02913,0x940181a94A35A4569E4529A3CDfB74e38FD98631,18,18,6,37080973165655202900955,19594285,37080.9731656552,19.594285,37080973165655222495240,0,350959090910389825098,350.9590909103898,0.0,0,0,0,nan,0
vAMM-cbETH/AERO,5.788651903641502e-08,0x325a5FC7a92d3166ffabe7233c992143CF5EDd2c,0x93c2EE357213Fa873A49Ad8d453007417D7aE399,0x2Ae3F1Ec7F1F5012CFEab0185bfc7aa3cf0DEc22,0x940181a94A35A4569E4529A3CDfB74e38FD98631,0x940181a94A35A4569E4529A3CDfB74e38FD98631,18,18,18,695697203957147,2984252785260384410,0.000695697203957147,2.9842527852603844,2984948482464341557,0,452653650864703704,0.45265365086470366,0.0,0,0,0,nan,0
vAMM-AERO/TAROT,0.039305857263662834,0x7810F8f3253ced11e8c56C6C8497f3134055D44C,0x65B4A4b9813E37DA640bbEf8AbDD8E47100bE5f8,0x940181a94A35A4569E4529A3CDfB74e38FD98631,0xF544251D25f3d243A36B07e7E7962a678f952691,0x940181a94A35A4569E4529A3CDfB74e38FD98631,18,18,18,44990715093969288,18309636518282199,0.04499071509396929,0.0183096365182822,63300351612251487,2014333105834204,307358951391971433047860,307358.95139197144,0.0,0,0,0,nan,0
vAMM-WETH/XEN,1.063035996031775e-06,0xC95582235D8905Ea7dAC517286bEc72F653fa24B,0x50793B917AE25Ab859F67406f271eEb05C7521FA,0x4200000000000000000000000000000000000006,0x981D41C115a2d48Cb1215D13Bda8f989d407c9c5,0x940181a94A35A4569E4529A3CDfB74e38FD98631,18,18,18,50013785681811289,4747411109967666376212177,0.050013785681811286,4747411.109967667,4747411159981452058023466,0,8312593892572402034,8.312593892572401,0.0,0,0,0,nan,0
vAMM-tBTC/USDC,0.000275709792300908,0x323121CD6F6274c9aeB9f87e0664C8FDa5d343A5,0x434a8eEA016357bE462Eb6adE1b99F9f9F5Ff2c3,0x236aa50979D5f3De3Bd1Eeb40E81137F22ab794b,0x833589fCD6eDb6E08f4c7C32D4f71b54bdA02913,0x940181a94A35A4569E4529A3CDfB74e38FD98631,18,18,6,210140575586,0,2.10140575586e-07,0.0,210140575586,14129480970456,2155960422937952603981,2155.9604229379524,0.0,0,0,0,nan,0
vAMM-WETH/JARVIS,0.01405560556949001,0xeff0891e5a1bd47a8F1e77ABebfEE4145974D088,0xf460124c6146800c6C061A6fC40C14677523BC90,0x4200000000000000000000000000000000000006,0x777b2839832982B35213063d850848369390EE16,0x940181a94A35A4569E4529A3CDfB74e38FD98631,18,18,18,0,0,0.0,0.0,0,720316858407401,109910239586898145433288,109910.23958689814,0.0,0,0,0,nan,0
vAMM-cbETH/USDC,3.229326443266301e-05,0xa1d2ee6212D4375F154393E59895A5D27859C4e4,0x1a3FD3c084E5680655768b41Da653ca6e84b5981,0x2Ae3F1Ec7F1F5012CFEab0185bfc7aa3cf0DEc22,0x833589fCD6eDb6E08f4c7C32D4f71b54bdA02913,0x940181a94A35A4569E4529A3CDfB74e38FD98631,18,18,6,32087769649495925,89238023,0.032087769649495924,89.238023,32087769738733948,0,252522768463389149031,252.52276846338916,0.0,0,0,0,nan,0
sAMM-USDC/MAI,0.23580362825759402,0x2a1463CeBE85315224c536AfD389b381B43F3206,0x9280df579CeA690cAf5c31601cb71564Bb6FA6B7,0x833589fCD6eDb6E08f4c7C32D4f71b54bdA02913,0xbf1aeA8670D2528E08334083616dD9C5F3B087aE,0x940181a94A35A4569E4529A3CDfB74e38FD98631,18,6,18,315119,0,0.315119,0.0,315119,12084543414627129,1843907268820179414867343,1843907.2688201794,0.0,0,0,0,nan,0
vAMM-MST/WETH,3.4323451368153755e-06,0x52E9cC1aD755347BDF666ddf6Ad88EdfFe76fe68,0x44283e26C3610f7a6f93fe37ab80aA6Fca57839E,0x2F3b1A07E3eFb1fCc64BD09b86bD0Fa885D93552,0x4200000000000000000000000000000000000006,0x940181a94A35A4569E4529A3CDfB74e38FD98631,18,18,18,2080870484642075729318,2759089940768719,2080.8704846420756,0.002759089940768719,2080873243732016498037,0,26839816645907110505,26.839816645907113,0.0,0,0,0,nan,0
vAMM-oBMX/USDC,7.045287101350968e-07,0xA8D5DB293917EA106A5fc4dA5A25340e8b428966,0x432146f6A9E1297C88268a1E67ddBFAC804bE6C2,0x3Ff7AB26F2dfD482C40bDaDfC0e88D01BFf79713,0x833589fCD6eDb6E08f4c7C32D4f71b54bdA02913,0x940181a94A35A4569E4529A3CDfB74e38FD98631,18,18,6,9026781420547729485,5599020,9.02678142054773,5.59902,9026781420553328505,0,5509184143220550715,5.50918414322055,0.0,0,0,0,nan,0
sAMM-eUSD/USDbC,1.2949135540044413e-06,0x5BfB340FA9305abB164Fb0248D0D82FC3D82C3bb,0x1457Da0dcBe22249408BB2D1e24Bd2f1484d7620,0xCfA3Ef56d303AE4fAabA0592388F19d7C3399FB4,0xd9aAEc86B65D86f6A7B5B1b0c42FFA531710b6CA,0x940181a94A35A4569E4529A3CDfB74e38FD98631,18,18,6,9184958875790715219,9700976,9.184958875790715,9.700976,9184958875800416195,0,10125800575528955765,10.125800575528956,0.0,0,0,0,nan,0
vAMM-hyUSD/eUSD,0.0006929755444313333,0xb5E331615FdbA7DF49e05CdEACEb14Acdd5091c3,0x025137c819298654162de2609f407514De4bb027,0xCc7FF230365bD730eE4B352cC2492CEdAC49383e,0xCfA3Ef56d303AE4fAabA0592388F19d7C3399FB4,0x940181a94A35A4569E4529A3CDfB74e38FD98631,18,18,18,0,13671084761789,0.0,1.3671084761789e-05,13671084761789,35509850076596,5418842165124344156449,5418.842165124344,2.805217612440244e-24,0.015201031480640635,0,0.015201031480640635,356478.58318203886,1776297600
vAMM-WETH/wstETH,0.0004317876729721736,0xA6385c73961dd9C58db2EF0c4EB98cE4B60651e8,0xDf7c8F17Ab7D47702A4a4b6D951d2A4c90F99bf4,0x4200000000000000000000000000000000000006,0xc1CBa3fCea344f92D9239c08C0568f6F2F0ee452,0x940181a94A35A4569E4529A3CDfB74e38FD98631,18,18,18,0,0,0.0,0.0,0,22125911448645,3376438414724437678821,3376.4384147244377,8.183830892818816e-21,27.632201006122045,0,27.632201006122045,122.19216319309388,1776297600
vAMM-AERO/wstETH,0.005958018317859282,0x82a0c1a0d4EF0c0cA3cFDA3AD1AA78309Cc6139b,0x26D6D4E9e3fAf1C7C19992B1Ca792e4A9ea4F833,0x940181a94A35A4569E4529A3CDfB74e38FD98631,0xc1CBa3fCea344f92D9239c08C0568f6F2F0ee452,0x940181a94A35A4569E4529A3CDfB74e38FD98631,18,18,18,5069084177788179015,0,5.069084177788179,0.0,5069084177788179015,305304189911078,46589755065444819315895,46589.75506544482,5.815380491048284e-21,270.93715269030577,0,270.93715269030577,171.95779391207805,1776297600
sAMM-LUSD/USDbC,2.2837495329823633e-06,0x8c7D15fCB443e07C5dc980901A6281f96D87C10F,0xe69e310cE7dBC2F43A8671e140d435c0128a725E,0x368181499736d0c0CC614DBB145E2EC1AC86b8c6,0xd9aAEc86B65D86f6A7B5B1b0c42FFA531710b6CA,0x940181a94A35A4569E4529A3CDfB74e38FD98631,18,18,6,5438232407033510747,4919187,5.438232407033511,4.919187,5438232407038429934,0,17858174597002851894,17.85817459700285,0.0,0,0,0,nan,0
vAMM-WETH/VELA,0.0003049545546794994,0x951FdfA193D92C74c9e35Ea8C8C757CBCBB85147,0xA0eBBC0F5AdCc34E7ca3Ea5BaC654C00817B8F0B,0x4200000000000000000000000000000000000006,0x5A76A56ad937335168b30dF3AA1327277421C6Ae,0x940181a94A35A4569E4529A3CDfB74e38FD98631,18,18,18,6959839935680856,3736183561465856833502,0.006959839935680856,3736.1835614658567,3736190521305792514358,0,2384644902151715785546,2384.644902151716,0.0,0,0,0,nan,0
vAMM-WETH/OVN,2.0309053071126185e-09,0xBE0aBf47Dd240d84941024433724004F0C92CDe5,0xc641c66daB86250414628aB98848A4762d288650,0x4200000000000000000000000000000000000006,0xA3d1a8DEB97B111454B294E2324EfAD13a9d8396,0x940181a94A35A4569E4529A3CDfB74e38FD98631,18,18,18,2004398483591260,7269212306225231608,0.00200439848359126,7.269212306225231,7271216704708822868,0,15881015426868585,0.015881015426868584,0.0,0,0,0,nan,0
sAMM-WETH/USDC,0.0011881006798775953,0x3548029694fbB241D45FB24Ba0cd9c9d4E745f16,0xaeBA79D1108788E5754Eb30aaC64EB868a3247FC,0x4200000000000000000000000000000000000006,0x833589fCD6eDb6E08f4c7C32D4f71b54bdA02913,0x940181a94A35A4569E4529A3CDfB74e38FD98631,18,18,6,83950099346854,193940,8.3950099346854e-05,0.19394,83950099540794,60881336083767,9290558826021550559984,9290.55882602155,1.5939184949976173e-21,14.8083935416591,0,14.8083935416591,627.384651811506,1776297600
vAMM-SEAM/WETH,2.789994175446323e-05,0x1B00a1aFE48aDB8D8C76b854da22a70011446481,0x8362A202E02f1B5DD75d86E9B6A4Ddf3FbAe37E4,0x1C7a460413dD4e964f96D8dFC56E7223cE88CD85,0x4200000000000000000000000000000000000006,0x940181a94A35A4569E4529A3CDfB74e38FD98631,18,18,18,131704949543939722637,22024079153012834,131.70494954393973,0.022024079153012834,131726973623092735471,0,218168421668709422546,218.16842166870944,0.0,0,0,0,nan,0
vAMM-SEAM/USDC,0.0033476624955367175,0xB0d931138BF96501654f2268Cdd84420151fF52e,0xfbE95C0DcE6a5A9D61068281523A1DA37F332bd3,0x1C7a460413dD4e964f96D8dFC56E7223cE88CD85,0x833589fCD6eDb6E08f4c7C32D4f71b54bdA02913,0x940181a94A35A4569E4529A3CDfB74e38FD98631,18,18,6,0,0,0.0,0.0,0,171542840550171,26177626081027282822210,26177.626081027283,3.25054109691386e-21,85.0914493960233,0,85.0914493960233,307.6410881097376,1776297600
vAMM-SEAM/USDbC,8.735951826694668e-05,0x42e8dC1b1891C103291Ec01D903451E729DaAACc,0xf2669b18Eb18052A6fa7aA87294C629e3B158c1D,0x1C7a460413dD4e964f96D8dFC56E7223cE88CD85,0xd9aAEc86B65D86f6A7B5B1b0c42FFA531710b6CA,0x940181a94A35A4569E4529A3CDfB74e38FD98631,18,18,6,0,0,0.0,0.0,0,4476585726217,683122867630704357956,683.1228676307043,5.564818031083767e-21,3.8014544512369923,0,3.8014544512369923,179.7003953074898,1776297600
sAMM-DOLA/USDC,0.0039721047225821406,0xf213F2D02837012dC0236cC105061e121bB03e37,0xCCff5627cd544b4cBb7d048139C1A6b6Bde67885,0x4621b7A9c75199271F773Ebd9A499dbd165c3191,0x833589fCD6eDb6E08f4c7C32D4f71b54bdA02913,0x940181a94A35A4569E4529A3CDfB74e38FD98631,18,18,6,20074118502307,15,2.0074118502307e-05,1.5e-05,20074118502322,203543559498760,31060560113532932514142,31060.560113532934,1.5302076620297696e-21,47.529107072664345,0,47.529107072664345,653.5060729427621,1776297600
sAMM-eUSD/USDC,0.040409685411794696,0x7A034374C89C463DD65D8C9BCfe63BcBCED41f4F,0x793F22aB88dC91793E5Ce6ADbd7E733B0BD4733e,0x833589fCD6eDb6E08f4c7C32D4f71b54bdA02913,0xCfA3Ef56d303AE4fAabA0592388F19d7C3399FB4,0x940181a94A35A4569E4529A3CDfB74e38FD98631,18,6,18,1140,0,0.00114,0.0,1140,2070723654434495,315990526575561152888530,315990.52657556115,4.083009975663158e-23,12.901924722230703,0,12.901924722230703,24491.73540991854,1776297600
sAMM-LUSD/USDC,0.00024320150800925577,0xf53B7Af40BE75043eeBa493C622F4f56b3C27A31,0xA8C37a644bDf3297C6E19A48150aF3b7069294FC,0x368181499736d0c0CC614DBB145E2EC1AC86b8c6,0x833589fCD6eDb6E08f4c7C32D4f71b54bdA02913,0x940181a94A35A4569E4529A3CDfB74e38FD98631,18,18,6,41188250502200014121,41066089,41.18825050220001,41.066089,41188250502241080210,0,1901756269485449900999,1901.7562694854498,0.0,0,0,0,nan,0
vAMM-USDC/YFX,2.2517150612797416e-05,0x8f24dD646e2ae3615767EbdCCc6691C54C41793F,0x32cD891Fa6c52BD324b9ef1B35F2e6E948eEEaf3,0x833589fCD6eDb6E08f4c7C32D4f71b54bdA02913,0x8901cB2e82CC95c01e42206F8d1F417FE53e7Af0,0x940181a94A35A4569E4529A3CDfB74e38FD98631,18,6,18,2718207415,646815720772408363171,2718.207415,646.8157207724083,646815720775126570586,0,176076755030671500000,176.07675503067148,0.0,0,0,0,nan,0
vAMM-EXTRA/USDC,1.5309574747564196e-06,0x68B41faC96b9A6E6dC6219D13834BdE39c22424d,0xA7A488EdcE2cd50255068B7ECE4Db4C8e6E9a010,0x2dAD3a13ef0C6366220f989157009e501e7938F8,0x833589fCD6eDb6E08f4c7C32D4f71b54bdA02913,0x940181a94A35A4569E4529A3CDfB74e38FD98631,18,18,6,16511958149847323933,659047,16.511958149847324,0.659047,16511958149847982980,0,11971586853083275271,11.971586853083275,0.0,0,0,0,nan,0
vAMM-USDC/MTA,7.155961618756135e-05,0x1307f36BC34081401497A873522570AebA4CdE90,0x350545d8d440FfabaC5f38dC2b6a917a0DfDDbB5,0x833589fCD6eDb6E08f4c7C32D4f71b54bdA02913,0xba7D47f471ADD16875e765edEe0858C3413A56Fd,0x940181a94A35A4569E4529A3CDfB74e38FD98631,18,6,18,9308474,445283104481288218957,9.308474,445.2831044812882,445283104481297527431,0,559572799694515075401,559.5727996945151,0.0,0,0,0,nan,0
sAMM-USDC/USD+,9.374867892649616e-05,0x418457Ca08fA5EC77f811B105F2c585cd051Ac10,0x9701A079C6e80D91CE4c464C4a996237A27FE537,0x833589fCD6eDb6E08f4c7C32D4f71b54bdA02913,0xB79DD08EA68A908A97220C76d19A6aA9cBDE4376,0x940181a94A35A4569E4529A3CDfB74e38FD98631,18,6,6,0,0,0.0,0.0,0,4803987089897,733084014831261922489,733.0840148312619,0.0,0,0,0,nan,1776297600
vAMM-SNX/USDC,0.0017356596447674762,0xcC79bfA7a3212d94390c358E88afcD39294549ca,0xe8cDa9cD77E847a283766E7122452c9155fd094f,0x22e6966B799c4D5B13BE962E1D117b56327FDa66,0x833589fCD6eDb6E08f4c7C32D4f71b54bdA02913,0x940181a94A35A4569E4529A3CDfB74e38FD98631,18,18,6,35411774021322160,15921,0.03541177402132216,0.015921,35411774021338081,88949667505946,13572290888113303919746,13572.290888113303,2.4068178764866147e-22,3.266603233438749,0,3.266603233438749,4154.863605466333,1776297600
vAMM-WETH/DEGEN,0.0052266566720224035,0x2C4909355b0C036840819484c3A882A95659aBf3,0x86A1260AB9f758026Ce1a5830BdfF66DBcF736d5,0x4200000000000000000000000000000000000006,0x4ed4E862860beD51a9570b96d89aF5E1B0Efefed,0x940181a94A35A4569E4529A3CDfB74e38FD98631,18,18,18,0,0,0.0,0.0,0,267857453819187,40870746138992990572652,40870.74613899299,3.9139795290667354e-22,15.996726372570187,0,15.996726372570187,2554.944379687249,1776297600
vAMM-TYBG/WETH,0.022507125135481004,0x20000FbfeDFD172821821C9c59284129B04ffB2e,0xa1D8F6a8EC2236A9919eB7E990Bb27791C139a37,0x0d97F261b1e88845184f678e2d1e7a98D9FD38dE,0x4200000000000000000000000000000000000006,0x940181a94A35A4569E4529A3CDfB74e38FD98631,18,18,18,0,0,0.0,0.0,0,1153502290957269,175998359076233819219115,175998.35907623384,2.8133224944866153e-22,49.51401425819012,0,49.51401425819012,3554.5160640479057,1776297600
vAMM-WETH/NPC,0.008122791018816978,0x5E14319D52c9C18a04BFBBE12dd3a0FE3C1A816a,0xd1D3cbD443443d6cfee567C5A85B94Df633CdCAB,0x4200000000000000000000000000000000000006,0xB166E8B140D35D9D8226E40C09f757BAC5A4d87d,0x940181a94A35A4569E4529A3CDfB74e38FD98631,18,18,18,19333286535552,25622106958063370472,1.9333286535552e-05,25.62210695806337,25622126291349906024,416297416607946,63517569739606182733253,63517.56973960619,9.89495603289236e-22,62.85035598895775,0,62.85035598895775,1010.6159104455297,1776297600
vAMM-SEAM/AERO,0.0006171241599344509,0xB77d96D27E0D3C0C04d02771d564A6E242992af0,0x0C6612326e1b28Ad3F20C62F8aef1dB88e0C293c,0x1C7a460413dD4e964f96D8dFC56E7223cE88CD85,0x940181a94A35A4569E4529A3CDfB74e38FD98631,0x940181a94A35A4569E4529A3CDfB74e38FD98631,18,18,18,376188272220112704480,174981416844684741873,376.1882722201127,174.98141684468473,551169689064797446353,0,4825709140593066127251,4825.709140593067,0.0,0,0,0,nan,0
sAMM-WETH/AERO,0.00021471966788084057,0x80aBe24A3ef1fc593aC5Da960F232ca23B2069d0,0x3d2a91023E9C815Ba14335cd9650AE9A518b6D63,0x4200000000000000000000000000000000000006,0x940181a94A35A4569E4529A3CDfB74e38FD98631,0x940181a94A35A4569E4529A3CDfB74e38FD98631,18,18,18,740209339678105578,2221793160038347866535,0.7402093396781055,2221.7931600383477,2222533369378025972113,0,1679037592804240923328,1679.0375928042408,0.0,0,0,0,nan,0
sAMM-USDC+/USD+,1.4087881552561877e-06,0xE96c788E66a97Cf455f46C5b27786191fD3bC50B,0x526b3D92fF55263dd24E3e14ccD0f5c2Dab81d3b,0x85483696Cc9970Ad9EdD786b2C5ef735F38D156f,0xB79DD08EA68A908A97220C76d19A6aA9cBDE4376,0x940181a94A35A4569E4529A3CDfB74e38FD98631,18,6,6,43628746,53348882,43.628746,53.348882,96977628,0,11016262722077086342,11.016262722077085,0.0,0,0,0,nan,0
vAMM-wBaseDOGE/WETH,0.0009495626491478711,0x9D933f0AF9dc01A6f9e5D2e6dcB25B6D0837EA81,0x67d128F56EBacE1341f17e0BD20e0653034F7cCb,0x373504DA48418C67E6FCD071F33Cb0b3B47613C7,0x4200000000000000000000000000000000000006,0x940181a94A35A4569E4529A3CDfB74e38FD98631,18,18,18,208437102161134085467646943,10058140055414096,208437102.1611341,0.010058140055414095,208437102171192225523061039,0,7425269423976803710537,7425.269423976803,0.0,0,0,0,nan,0
sAMM-MAI/eUSD,1.6924774046931094e-06,0x413d78628d688edcdE29518199A3A3DB955068EC,0x2cC76EF706B2fC694F86c633b880a6dde81687F1,0xbf1aeA8670D2528E08334083616dD9C5F3B087aE,0xCfA3Ef56d303AE4fAabA0592388F19d7C3399FB4,0x940181a94A35A4569E4529A3CDfB74e38FD98631,18,18,18,1368906215694737608066,712490867105137680944,1368.9062156947375,712.4908671051377,2081397082799875289010,0,13234619890659094483,13.234619890659095,0.0,0,0,0,nan,0
vAMM-WETH/TKN,0.005232658514687504,0x1a9f461a371559f82976fa18C46A6A0d29f131d0,0xe157D5a0C9a533ebbdEaDb43633ce76d61816778,0x4200000000000000000000000000000000000006,0x78b3C724A2F663D11373C4a1978689271895256f,0x940181a94A35A4569E4529A3CDfB74e38FD98631,18,18,18,1003885483977,0,1.003885483977e-06,0.0,1003885483977,268176568449158,40917678586123970027304,40917.67858612397,4.557490722836042e-22,18.6481940556247,0,18.6481940556247,2194.1898751199615,1776297600
vAMM-WETH/TOSHI,5.4318523539417796e-05,0x081E4455d91726212D1fa9AfFeE80637D1f7bE8E,0x3356d4D0D25B033d28f566c9D62d4D8112F4BC29,0x4200000000000000000000000000000000000006,0xAC1Bd2486aAf3B5C0fc3Fd868558b082a531B2B4,0x940181a94A35A4569E4529A3CDfB74e38FD98631,18,18,18,26412987351981588,128659224504770120889337,0.02641298735198159,128659.22450477011,128659250917757472870925,0,424753092757752782095,424.75309275775277,0.0,0,0,0,nan,0
vAMM-WETH/BETS,1.479739199147146e-07,0xb7A0B6322834014F95841e643Dffa7Bb9b9Dc0ED,0xCa311e2460EaB52b3f2008B5cDeF0486556Bafb3,0x4200000000000000000000000000000000000006,0x94025780a1aB58868D9B2dBBB775f44b32e8E6e5,0x940181a94A35A4569E4529A3CDfB74e38FD98631,18,18,18,27333847914365575,666948693646345582892445,0.027333847914365574,666948.6936463456,666948720980193497258020,0,1157107668540593198,1.1571076685405932,0.0,0,0,0,nan,0
vAMM-AERO/ZOOMER,0.0009527274523140765,0x45D8c7BF5be7c99D39cDC724f60497BD79546458,0xaCF2c5e2c6e54b0AE44DaeF6C12136bCEab88d07,0x940181a94A35A4569E4529A3CDfB74e38FD98631,0xD1dB4851bcF5B41442cAA32025Ce0Afe6B8EabC2,0x940181a94A35A4569E4529A3CDfB74e38FD98631,18,18,18,45432874177742736289,29742750195550056858055910,45.43287417774274,29742750.195550058,29742795628424234600792199,0,7450017149894643817725,7450.017149894644,0.0,0,0,0,nan,0
vAMM-suUSD/eMTRG,4.8272883178160555e-06,0x70fAaFB3c7990771F6724C00F2574437bf805A9f,0x68b896E8B47f3d7a2399376D76706204B0B6e32E,0x8BF591Eae535f93a242D5A954d3Cde648b48A5A8,0xa023E6f6B4862EA38cbe45e377abD908abAb2f82,0x940181a94A35A4569E4529A3CDfB74e38FD98631,18,18,18,1711645209101034178,16267927902979325426,1.7116452091010341,16.267927902979327,17979573112080359604,0,37747816196399443400,37.74781619639944,0.0,0,0,0,nan,0
vAMM-WETH/MET,0.23827165837572872,0xF91E0Dfe1265B914182De54E08C9CA2068bedDDE,0x4aCfd43DaD13c5312FD0021C837167d294d7fCF9,0x4200000000000000000000000000000000000006,0x93dc5Cb35627A759848c7A7F0079EA7b49E435a5,0x940181a94A35A4569E4529A3CDfB74e38FD98631,18,18,18,26195218067983,97605065104974421,2.6195218067983e-05,0.09760506510497442,97631260323042404,12211672050091381,1863206457336160733590090,1863206.4573361608,8.910174198776925e-23,166.0149410315122,0,166.0149410315122,11223.12513415582,1776297600
vAMM-WETH/DOG,0.0028940766617997567,0xa01fd0F24a2E6fEf6b2ed7573Cb6F59164D396E0,0x040a3f6bc2d8DCD26879d29CaF6Bc4581d6477aA,0x4200000000000000000000000000000000000006,0xAfb89a09D82FBDE58f18Ac6437B3fC81724e4dF6,0x940181a94A35A4569E4529A3CDfB74e38FD98631,18,18,18,0,0,0.0,0.0,0,148324460083255,22630733176785005337536,22630.73317678501,3.561905483181464e-21,80.60853259080719,0,80.60853259080719,280.7486062507219,1776297600
vAMM-WETH/DHT,0.0012900780693210878,0x688b0380360C84135769D4F75d70038119846a8E,0xF42c2da9E11AE1B272c0F4DFd03ab40D06aA709E,0x4200000000000000000000000000000000000006,0x54BC229d1cB15F8B6415EfEab4290a40bc8b7D84,0x940181a94A35A4569E4529A3CDfB74e38FD98631,18,18,18,0,0,0.0,0.0,0,66117852240411,10087988666434137852445,10087.988666434137,1.8536933421317016e-23,0.18700037426469024,0,0.18700037426469024,53946.35548779739,1776297600
vAMM-AERO/DOG,1.2949480952609572e-08,0xa99e526aB91d3E5d5bAC58551D1a27C8a253591c,0xeC4C5DAD3bac5399fb0FF04C95D02dC15a3472CD,0x940181a94A35A4569E4529A3CDfB74e38FD98631,0xAfb89a09D82FBDE58f18Ac6437B3fC81724e4dF6,0x940181a94A35A4569E4529A3CDfB74e38FD98631,18,18,18,18026298806696870479,10796785253993020652644,18.02629880669687,10796.78525399302,10814811552799717523123,0,101260706768604499,0.10126070676860449,0.0,0,0,0,nan,0
vAMM-WETH/WELS,0.00028205816834334145,0xCaedc2561356B6a01a94E3C0438011459E91FBb9,0xdE41799DE5fB357f501dd9386ACee424E816f7a6,0x4200000000000000000000000000000000000006,0x7F62ac1e974D65Fab4A81821CA6AF659A5F46298,0x940181a94A35A4569E4529A3CDfB74e38FD98631,18,18,18,0,0,0.0,0.0,0,14455776546562,2205602647768604581500,2205.6026477686046,0.0,0,0,0,nan,0
vAMM-WETH/bsdETH,0.04005992864862934,0x6B87B8663eE63191887F18225F79D9eEb2DE0d34,0x25F30f8be46a9dc4A02eAF5a70c48bcB47A11807,0x4200000000000000000000000000000000000006,0xCb327b99fF831bF8223cCEd12B1338FF3aA322Ff,0x940181a94A35A4569E4529A3CDfB74e38FD98631,18,18,18,978267470441,0,9.78267470441e-07,0.0,978267470441,2053133672761213,313255543052682111008501,313255.5430526821,5.150213877046761e-25,0.16133330448917424,0,0.16133330448917424,1941666.9363125956,1776297600
vAMM-WETH/L2VE,0.00021591077939285623,0x253Da544f498b85429F6ACDc6E98B36b36c1C824,0x3d9E2D8AF6FF16a62217c8a559Ee5987c72acb86,0x4200000000000000000000000000000000000006,0xA19328fb05ce6FD204D16c2a2A98F7CF434c12F4,0x940181a94A35A4569E4529A3CDfB74e38FD98631,18,18,18,81498938110252434,1587408897143039578077661,0.08149893811025244,1587408.8971430396,1587408978641977688330095,0,1688351695353086434746,1688.3516953530864,0.0,0,0,0,nan,0
vAMM-AERO/BASED,3.9932225702246754e-07,0x4b1aFCB3F6b525030c9B548839a0E66c058d9B3F,0xB14FAFC5194250477156b6bE22f7b41E95cC0F81,0x940181a94A35A4569E4529A3CDfB74e38FD98631,0xBa5E6fa2f33f3955f0cef50c63dCC84861eAb663,0x940181a94A35A4569E4529A3CDfB74e38FD98631,18,18,18,1618126012145884972,84324485586913191057,1.618126012145885,84.32448558691318,85942611599059076029,0,3122569477688666806,3.1225694776886668,0.0,0,0,0,nan,0
vAMM-GB/WETH,4.832343069664477e-05,0x284ddaDA0B71F2D0D4e395B69b1013dBf6f3e6C1,0x83FC503345Dcde6197b2BD8eaa82ccb4b737Be40,0x2aF864fb54b55900Cd58d19c7102d9e4FA8D84a3,0x4200000000000000000000000000000000000006,0x940181a94A35A4569E4529A3CDfB74e38FD98631,18,18,18,1030147743164939051282210,647672973374843380,1030147.7431649391,0.6476729733748434,1030148390837912426125590,0,377873427030281022205,377.87342703028105,0.0,0,0,0,nan,0
vAMM-BMX/USDC,0.0042328528499479875,0x2F48C208d7Bd2b4Ff6Da005A9427eF38F035b2d8,0x7062ADe77b3b2894cBc5bCa78d5E784214B1A390,0x548f93779fBC992010C07467cBaf329DD5F059B7,0x833589fCD6eDb6E08f4c7C32D4f71b54bdA02913,0x940181a94A35A4569E4529A3CDfB74e38FD98631,18,18,6,0,0,0.0,0.0,0,216940294484743,33099525208912673478237,33099.52520891267,2.3174104125680266e-21,76.70518437019211,0,76.70518437019211,431.5161417143436,1776297600
vAMM-WETH/doginme,0.02760657764052664,0x139E9f235588A9720e7Eab045da29dC781c4b658,0x666c383e4EAb3328660A85d1C41FFDce9D85D8eE,0x4200000000000000000000000000000000000006,0x6921B130D297cc43754afba22e5EAc0FBf8Db75b,0x940181a94A35A4569E4529A3CDfB74e38FD98631,18,18,18,0,0,0.0,0.0,0,1414880057341324,215874410223271684396520,215874.4102232717,5.626925856403373e-21,1214.7093006211562,0,1214.7093006211562,177.71693203705752,1776297600
vAMM-DEGEN/USDC,1.7292163504375962e-06,0x637ad8d2611d3efE2ef41fdBb40b9F21AbAF9585,0xF2478BEB6030CbA9069cD471c6C653B34dD7c093,0x4ed4E862860beD51a9570b96d89aF5E1B0Efefed,0x833589fCD6eDb6E08f4c7C32D4f71b54bdA02913,0x940181a94A35A4569E4529A3CDfB74e38FD98631,18,18,6,278159392062427819195183,461438678,278159.3920624278,461.438678,278159392062428280633861,0,13521906433311636055,13.521906433311635,0.0,0,0,0,nan,0
vAMM-AERO/TOSHI,0.0008259361846414324,0x4660Ff55A4Db144734AE76550Ee3093e0BA7F8D1,0xDA58433E3eE06c5CCC27D9E2794aC9CE54576A2c,0x940181a94A35A4569E4529A3CDfB74e38FD98631,0xAC1Bd2486aAf3B5C0fc3Fd868558b082a531B2B4,0x940181a94A35A4569E4529A3CDfB74e38FD98631,18,18,18,0,0,0.0,0.0,0,42330514542673,6458550895486047937325,6458.550895486049,3.495442530729567e-21,22.575493486963467,0,22.575493486963467,286.08680909746795,1776297600
vAMM-WETH/FARM,4.8233459944676736e-05,0x5A5Fb78963938B4855BF257b186e1c4daFC9f482,0x47B8a299407Ee3b2B1cd9D98846E1D67c8817a20,0x4200000000000000000000000000000000000006,0xD08a2917653d4E460893203471f0000826fb4034,0x940181a94A35A4569E4529A3CDfB74e38FD98631,18,18,18,101928032212729889,14492943755395903599,0.10192803221272989,14.492943755395904,14594871787608633488,0,377169885168941075875,377.16988516894105,0.0,0,0,0,nan,0
vAMM-WELS/AERO,9.34913350320473e-05,0x90359da9715411B828769ab9343Fa2732F726E19,0xb4F1CD310453F86ecF52554b6bCBAb543667a446,0x7F62ac1e974D65Fab4A81821CA6AF659A5F46298,0x940181a94A35A4569E4529A3CDfB74e38FD98631,0x940181a94A35A4569E4529A3CDfB74e38FD98631,18,18,18,67436892589835068556576,152422663001505107043,67436.89258983507,152.4226630015051,67589315252836573663619,0,731071669724161374416,731.0716697241613,0.0,0,0,0,nan,0
vAMM-HPC/WETH,1.7782664598281016e-08,0xd07B4d7CeA966B6E8087C8be3347E4B790679785,0x77ABe39cd429eA55b0fb065B74ca3e3B3c7C13DA,0x1f3BA804eFB9CFe17D595e7262CEA4782dbF6e4E,0x4200000000000000000000000000000000000006,0x940181a94A35A4569E4529A3CDfB74e38FD98631,18,18,18,890502595674563006486471,205449811707055694,890502.595674563,0.2054498117070557,890502801124374713542165,0,139054622501151690,0.1390546225011517,0.0,0,0,0,nan,0
sAMM-hyUSD/eUSD,1.2780368139533958e-07,0x145AdA46F76eC16B80d8E0B17D6A03fcdc9610E5,0xb2dd7F23Bcb81637C22f8eA5004AaEE29e6056E9,0xCc7FF230365bD730eE4B352cC2492CEdAC49383e,0xCfA3Ef56d303AE4fAabA0592388F19d7C3399FB4,0x940181a94A35A4569E4529A3CDfB74e38FD98631,18,18,18,5893051609662951275,6406220932640132417,5.893051609662951,6.4062209326401325,12299272542303083692,0,999382998676381155,0.9993829986763811,0.0,0,0,0,nan,0
vAMM-GROW/WETH,0.0006484358507509528,0xDa74029240F657a7be372906290300dBb8F1BcCd,0x8c021a56b951b22491Aa74404275732281367ba5,0x321725ee44CB4bfA544CF45a5A585b925d30A58C,0x4200000000000000000000000000000000000006,0x940181a94A35A4569E4529A3CDfB74e38FD98631,18,18,18,244650656536036518419,30790859747426168,244.6506565360365,0.030790859747426166,244681447395783944587,0,5070556324337528512178,5070.556324337528,0.0,0,0,0,nan,0
vAMM-KWENTA/WETH,4.841168689875083e-05,0xc91cE85Da7FB4523926a2930e930A8B52a7B85B2,0xc7D62524C372125830A234f0E197C335d0F973FE,0x37Ab9F42051C112CAAba55AB6487dd74286A0B29,0x4200000000000000000000000000000000000006,0x940181a94A35A4569E4529A3CDfB74e38FD98631,18,18,18,93849436856815548,72740055945466,0.09384943685681554,7.2740055945466e-05,93922176912761014,0,378563561672331858655,378.5635616723319,0.0,0,0,0,nan,0
vAMM-USDC/DOG,4.578382866860963e-06,0x1bA78f0373178F4d7996267D005eCbc29e14c99F,0xc3ef893d3E8F7521525fE138505262AE8B3D99BA,0x833589fCD6eDb6E08f4c7C32D4f71b54bdA02913,0x9E53e88dCff56d3062510A745952DEC4cEFDff9E,0x940181a94A35A4569E4529A3CDfB74e38FD98631,18,6,18,1600468,9480877274169960973821,1.600468,9480.877274169961,9480877274169962574289,0,35801456958179031303,35.80145695817903,0.0,0,0,0,nan,0
vAMM-YFX/AERO,2.2538897646657628e-05,0x448686cA47fBE77d8fc9EEc6829837bF45E8ea75,0xCEc1D4EFF7d6a785447Ff48C336feE57A29804d0,0x8901cB2e82CC95c01e42206F8d1F417FE53e7Af0,0x940181a94A35A4569E4529A3CDfB74e38FD98631,0x940181a94A35A4569E4529A3CDfB74e38FD98631,18,18,18,7849563654985502390,16856433681484358121,7.849563654985502,16.856433681484358,24705997336469860511,0,176246809724513266552,176.24680972451324,0.0,0,0,0,nan,0
vAMM-TYBG/wBLT,4.25921264126642e-06,0x1AFc638D3d53F0993096350403B5845bE7c77f43,0x89C56c18a1d9DBA342028C00C3e1bE3A96507E4b,0x0d97F261b1e88845184f678e2d1e7a98D9FD38dE,0x4E74D4Db6c0726ccded4656d0BCE448876BB4C7A,0x940181a94A35A4569E4529A3CDfB74e38FD98631,18,18,18,1106274456955576125040216,41642118613088966396,1106274.456955576,41.64211861308897,1106316099074189214006612,0,33305650157777091712,33.305650157777094,0.0,0,0,0,nan,0
vAMM-MAVIA/WETH,0.009111632162091774,0xC90E88d30b99442B6994915F3b146cE3D55982D9,0x3d0f8DF262c1AE46b4af8381f769F7F2872A0d5d,0x24fcFC492C1393274B6bcd568ac9e225BEc93584,0x4200000000000000000000000000000000000006,0x940181a94A35A4569E4529A3CDfB74e38FD98631,18,18,18,0,0,0.0,0.0,0,466989958861103,71249984144192972814249,71249.98414419297,2.413513488222364e-21,171.9627977676393,0,171.9627977676393,414.3337109487358,1776297600
vAMM-WETH/TOWER,0.0015882616536590842,0xAaCE080ea9CE5e7942Ea826d311b6170BdfCf73B,0xb00ec5Ccd55b47d92e29496ca322B1F64a5c24B5,0x4200000000000000000000000000000000000006,0xf7C1CEfCf7E1dd8161e00099facD3E1Db9e528ee,0x940181a94A35A4569E4529A3CDfB74e38FD98631,18,18,18,0,0,0.0,0.0,0,81401688644622,12419686794518303583345,12419.686794518304,3.6240192204935165e-21,45.00918365584384,0,45.00918365584384,275.93672636863687,1776297600
vAMM-WETH/WAMPL,1.1664704728467747e-05,0xfa4d06CA791C0316baD2d97910ac391cF9a71BD2,0x93964594cEcbe653273BEA3eae3bdB8D6d720fA5,0x4200000000000000000000000000000000000006,0x489fe42C267fe0366B16b0c39e7AEEf977E841eF,0x940181a94A35A4569E4529A3CDfB74e38FD98631,18,18,18,711366463616832,52942804846303942,0.000711366463616832,0.05294280484630394,53654171309920774,0,91214176797850489099,91.21417679785048,0.0,0,0,0,nan,0
vAMM-WETH/TN100x,0.038353264597528136,0x8f5F1D63599362115e7F9fe71BFD5ab883D82c82,0x931143b901A1c81bA1657cF0F2AcD126F75ca4Fd,0x4200000000000000000000000000000000000006,0x5B5dee44552546ECEA05EDeA01DCD7Be7aa6144A,0x940181a94A35A4569E4529A3CDfB74e38FD98631,18,18,18,0,0,0.0,0.0,0,1900720769771329,299909988225926533806767,299909.9882259265,1.674171427514888e-20,5021.007331141726,0,5021.007331141726,59.731039699105565,1776297600
sAMM-USDC/USX,0.003148915980859645,0x1f019b4420936a800fF6f54c00d9da05445DE433,0x62b2Da7b10dde762B3b020AAEe409786b548684C,0x833589fCD6eDb6E08f4c7C32D4f71b54bdA02913,0xc142171B138DB17a1B7Cb999C44526094a4dae05,0x940181a94A35A4569E4529A3CDfB74e38FD98631,18,6,18,0,0,0.0,0.0,0,161390580030320,24623493323301455731959,24623.493323301456,0.0,0.0,0,0.0,nan,1776297600
vAMM-USDC/SPOT,1.289644724301339e-05,0xa43455d99Eb63473cFA186b388c1BC2EA1B63924,0xD90C0E9728fe44905384C89d867Ba095e2Dc3E2e,0x833589fCD6eDb6E08f4c7C32D4f71b54bdA02913,0x8f2E6758C4D6570344bd5007DEc6301cd57590A0,0x940181a94A35A4569E4529A3CDfB74e38FD98631,18,6,9,69811436,57951870817,69.811436,57.951870817,58021682253,0,100846000500768479001,100.84600050076847,0.0,0,0,0,nan,0
sAMM-BRETT/AERO,0.0001608714364583153,0xFfa80952B3800240F11AD25E45e8d3E5C1593E70,0xCab96B63cB77Eb0f771D09197860cE159F197Cc6,0x532f27101965dd16442E59d40670FaF5eBB142E4,0x940181a94A35A4569E4529A3CDfB74e38FD98631,0x940181a94A35A4569E4529A3CDfB74e38FD98631,18,18,18,736597868850387131,63186755515470853,0.7365978688503871,0.06318675551547086,799784624365857984,8245102313981,1257962030622309533330,1257.9620306223096,2.6959950798429085e-21,3.391459445186941,0,3.391459445186941,370.92055822975334,1776297600
vAMM-WETH/CHAD,0.0008459935181253266,0x17Cf4aBb54a9D18c90FA0e36B8669aB0f4936f2e,0x346C6cfaC949E9d7FCA69cFf0a882c06e86C9245,0x4200000000000000000000000000000000000006,0xecaF81Eb42cd30014EB44130b89Bcd6d4Ad98B92,0x940181a94A35A4569E4529A3CDfB74e38FD98631,18,18,18,342634163001004012,50092293763748303288445707,0.342634163001004,50092293.7637483,50092294106382466289449719,0,6615392684891008078635,6615.392684891008,0.0,0,0,0,nan,0
vAMM-fBOMB/wstETH,0.005871273471342617,0xBd1F3d188de7eE07B1b323C0D26D6720CAfB8780,0x56b13a025EE67FE7645cd4c09033673e3Cb207Ba,0x74ccbe53F77b08632ce0CB91D3A545bF6B8E0979,0xc1CBa3fCea344f92D9239c08C0568f6F2F0ee452,0x940181a94A35A4569E4529A3CDfB74e38FD98631,18,18,18,0,0,0.0,0.0,0,300918867577385,45911438729913121115813,45911.43872991312,2.0544022429059735e-21,94.3205627017737,0,94.3205627017737,486.75959318730565,1776297600
vAMM-WETH/WELL,0.013440047976392887,0x89D0F320ac73dd7d9513FFC5bc58D1161452a657,0x7b6964440b615aC1d31bc95681B133E112fB2684,0x4200000000000000000000000000000000000006,0xA88594D404727625A9437C3f886C7643872296AE,0x940181a94A35A4569E4529A3CDfB74e38FD98631,18,18,18,1059783625573,23305451825081982268,1.059783625573e-06,23.30545182508198,23305452884865607841,688839318587733,105096780486729775929678,105096.78048672977,3.0277157586089603e-21,318.2031784587384,0,318.2031784587384,330.281994654424,1776297600
vAMM-USDC/sFRAX,1.3675749555204799e-06,0xf0e08Fa759B9C3099B0Dd63f73f79984AEb6254f,0x29b1f2295031d7e98CCD428fAcc65Ef30821771e,0x833589fCD6eDb6E08f4c7C32D4f71b54bdA02913,0xe4796cCB6bB5DE2290C417Ac337F2b66CA2E770E,0x940181a94A35A4569E4529A3CDfB74e38FD98631,18,6,18,31149666,28285496065685451817,31.149666,28.28549606568545,28285496065716601483,0,10693988976225330758,10.69398897622533,0.0,0,0,0,nan,0
vAMM-FXS/USDC,3.1053783542810476e-06,0xa2D4414421e5531E727d532ef018109f59d22340,0x9a27275AE67A5E19630B2D096D4989992028A154,0x23432452B720C80553458496D4D9d7C5003280d0,0x833589fCD6eDb6E08f4c7C32D4f71b54bdA02913,0x940181a94A35A4569E4529A3CDfB74e38FD98631,18,18,6,1925577831134458598,3621014,1.9255778311344587,3.621014,1925577831138079612,0,24283043319590076243,24.283043319590078,0.0,0,0,0,nan,0
vAMM-sfrxETH/FXS,5.6213910793872596e-11,0x1bDEb67E8B0D700b7717C7F3a7341859B7Dac784,0x8B207A66E66e08CC1CE51bc38d1dFe3d8Cb36322,0x1f55a02A049033E3419a8E2975cF3F572F4e6E9A,0x23432452B720C80553458496D4D9d7C5003280d0,0x940181a94A35A4569E4529A3CDfB74e38FD98631,18,18,18,3548429801129035,8608873978795411016,0.003548429801129035,8.608873978795412,8612422408596540051,0,439574401325153,0.000439574401325153,0.0,0,0,0,nan,0
vAMM-WETH/QI,0.012229608963104899,0x06709C364dd4E2f5b0c10b1eBf80B2Ce483dbdC5,0xdd1fd2BeEE67A3adA2277fc44aA69C5C0d753449,0x4200000000000000000000000000000000000006,0xD3FDCb837DAfdb7C9C3eBD48FE22a53F6Dd3d7D7,0x940181a94A35A4569E4529A3CDfB74e38FD98631,18,18,18,0,0,0.0,0.0,0,626807219117385,95631543197729879675749,95631.54319772987,4.2767996376462585e-23,4.089969492956037,0,4.089969492956037,23381.96980745984,1776297600
vAMM-sfrxETH/AERO,6.537510454890896e-06,0xE25bc9133D26F62C9FA03b6750f3F3Ba57E9eB44,0xEab862191A4d917D2D16E2FAF0859448Ff5BEdB7,0x1f55a02A049033E3419a8E2975cF3F572F4e6E9A,0x940181a94A35A4569E4529A3CDfB74e38FD98631,0x940181a94A35A4569E4529A3CDfB74e38FD98631,18,18,18,7147354080127935,30682256905269361821,0.007147354080127935,30.682256905269362,30689404259349489756,0,51121194092029528727,51.121194092029526,0.0,0,0,0,nan,0
vAMM-BAVA/AERO,7.682806004944151e-05,0xD3c2fa602B8da5b0b9c25dFBE7F2f31Bb512dB13,0xE3Da183CDBbd0F01867605C632F1E275e7eD6E3D,0x3fbdE9864362CE4Abb244EbeF2EF0482ABA8eA39,0x940181a94A35A4569E4529A3CDfB74e38FD98631,0x940181a94A35A4569E4529A3CDfB74e38FD98631,18,18,18,4678035113531730286865412,2756315155325438328041,4678035.11353173,2756.3151553254384,4680791428687055725193453,0,600770307994428256912,600.7703079944282,0.0,0,0,0,nan,0
vAMM-Mog/WETH,0.0013152449039876917,0x4A311ac4563abc30E71D0631C88A6232C1309ac5,0x8FCc385d8d7f3A2e087853a79531630Bf96575e8,0x2Da56AcB9Ea78330f947bD57C54119Debda7AF71,0x4200000000000000000000000000000000000006,0x940181a94A35A4569E4529A3CDfB74e38FD98631,18,18,18,3509125470781258159497189321,219849013968414615,3509125470.781258,0.2198490139684146,3509125471001107173465603936,0,10284785084359706201617,10284.785084359708,0.0,0,0,0,nan,0
vAMM-VIRTUAL/WETH,0.7890745538377341,0x21594b992F68495dD28d605834b58889d0a727c7,0xBD62Cad65b49b4Ad9C7aa9b8bDB89d63221F7af5,0x0b3e328455c4059EEb9e3f84b5543F74E24e7E1b,0x4200000000000000000000000000000000000006,0x940181a94A35A4569E4529A3CDfB74e38FD98631,18,18,18,8619167280248403054,29736796129354343,8.619167280248403,0.029736796129354343,8648904076377757397,40444676575263288,6170304995786596902615993,6170304.995786597,1.403462999834102e-21,8659.794759278004,0,8659.794759278004,712.5232372482966,1776297600
vAMM-HIGHER/WETH,0.0017071414011775028,0xcEdF590857aE7Fbd4A342Ce9Ee9CA111570A1ca2,0x8Ee017223529FC20FA5B8D6f1D048003A424D9CC,0x0578d8A44db98B23BF096A382e016e29a5Ce0ffe,0x4200000000000000000000000000000000000006,0x940181a94A35A4569E4529A3CDfB74e38FD98631,18,18,18,17974244373410078891062,2307119855055407,17974.244373410078,0.002307119855055407,17974246680529933946469,0,13349287548266080198429,13349.287548266082,0.0,0,0,0,nan,0
vAMM-BRETT/AERO,0.0029849913669523194,0x43BBb129b56A998732767725A183b7a566843dBA,0x80c6eF2039c429d905D125Bba5FD99125646aee9,0x532f27101965dd16442E59d40670FaF5eBB142E4,0x940181a94A35A4569E4529A3CDfB74e38FD98631,0x940181a94A35A4569E4529A3CDfB74e38FD98631,18,18,18,0,0,0.0,0.0,0,152992030192347,23341656443369880502268,23341.65644336988,2.7864238263300264e-21,65.03974765981562,0,65.03974765981562,358.882949015366,1776297600
vAMM-USD+/sFRAX,5.8649608764055886e-08,0xbB38EeBd670A9F3cafe6D3170862ccD930cB25f9,0xEc4288995734ca01eAfC97588658F37515823502,0xB79DD08EA68A908A97220C76d19A6aA9cBDE4376,0xe4796cCB6bB5DE2290C417Ac337F2b66CA2E770E,0x940181a94A35A4569E4529A3CDfB74e38FD98631,18,6,18,69718828,56852726695590023273,69.718828,56.85272669559002,56852726695659742101,0,458620763016268660,0.4586207630162687,0.0,0,0,0,nan,0
vAMM-WELS/USDC,0.0003709153095455172,0xfEA9E8a7daEf9497ffF3e3501eD504984f96aa33,0xE4be724E22FeFeB2969f53865222E58c496ef5d7,0x7F62ac1e974D65Fab4A81821CA6AF659A5F46298,0x833589fCD6eDb6E08f4c7C32D4f71b54bdA02913,0x940181a94A35A4569E4529A3CDfB74e38FD98631,18,18,6,31304647248374116824158,45898133,31304.647248374116,45.898133,31304647248374162722291,0,2900436437053169395503,2900.4364370531694,0.0,0,0,0,nan,0
vAMM-DEGEN/TKN,0.003502868294399479,0xc01162ED99a018D02b8a12f4712B0b9b87a9852F,0x519b415fBC1007d3871BD9F7F679d0593a459888,0x4ed4E862860beD51a9570b96d89aF5E1B0Efefed,0x78b3C724A2F663D11373C4a1978689271895256f,0x940181a94A35A4569E4529A3CDfB74e38FD98631,18,18,18,0,0,0.0,0.0,0,179535169779652,27391284678228581007478,27391.28467822858,1.3721388044899703e-22,3.758464461182901,0,3.758464461182901,7287.892425516704,1776297600
vAMM-ANIME/WETH,0.0006794449006648722,0xeB956b77D455e33b41bBE6052dBE4388dCfD729B,0x93a7ddBd64f0835f99b6D248Ce058Fd90C68666c,0x0e0c9756a3290cD782CF4aB73ac24D25291c9564,0x4200000000000000000000000000000000000006,0x940181a94A35A4569E4529A3CDfB74e38FD98631,18,18,18,11527728301688938774992914,46061439171381894,11527728.30168894,0.0460614391713819,11527728347750377946374808,0,5313036955182708443626,5313.036955182708,0.0,0,0,0,nan,0
vAMM-ezETH/WETH,9.795906516143796e-05,0x0C8bF3cb3E1f951B284EF14aa95444be86a33E2f,0x6318373c5a01224094BF0B1AC88562345B2Fb91E,0x2416092f143378750bb29b79eD961ab195CcEea5,0x4200000000000000000000000000000000000006,0x940181a94A35A4569E4529A3CDfB74e38FD98631,18,18,18,0,0,0.0,0.0,0,5020820206214,766007858457063428006,766.0078584570634,5.117248456090288e-26,3.919852531042436e-05,0,3.919852531042436e-05,19541751.950891715,1776297600
sAMM-ezETH/WETH,8.389159516174542e-05,0x497139e8435E01555AC1e3740fccab7AFf149e02,0x4Fa58b3Bec8cE12014c7775a0B3da7e6AdC3c7eA,0x2416092f143378750bb29b79eD961ab195CcEea5,0x4200000000000000000000000000000000000006,0x940181a94A35A4569E4529A3CDfB74e38FD98631,18,18,18,0,0,0.0,0.0,0,4299802324833,656004842905467367974,656.0048429054674,6.236288076532404e-22,0.40910351799588784,0,0.40910351799588784,1603.517970510489,1776297600
vAMM-USDC/WELL,7.8201836433175e-07,0x81A8c12738F7346094526ECC2487a63f45dD1935,0x47C84ff870c7EeA60420EC8c98B7FBa9D37b478B,0x833589fCD6eDb6E08f4c7C32D4f71b54bdA02913,0xA88594D404727625A9437C3f886C7643872296AE,0x940181a94A35A4569E4529A3CDfB74e38FD98631,18,6,18,75122398,3044437180534946914974,75.122398,3044.437180534947,3044437180535022037372,0,6115127901115079251,6.11512790111508,0.0,0,0,0,nan,0
vAMM-BITCOIN/WETH,0.0009717779784363078,0xaa46e69d85c79bb3EfFe0902c1Ad69f712b5b382,0x7d7bb62DB5614b191E154DB763F8e6daABDFa55b,0x2a06A17CBC6d0032Cac2c6696DA90f29D39a1a29,0x4200000000000000000000000000000000000006,0x940181a94A35A4569E4529A3CDfB74e38FD98631,18,8,18,0,0,0.0,0.0,0,49807769215090,7598986034941897407015,7598.986034941897,2.9548152692534115e-22,2.2453599966889755,0,2.2453599966889755,3384.3063233278485,1776297600
vAMM-REGEN/WETH,0.0002706786762202845,0x11D9944cB1886F5Ca08673C0B61b4d159946AcDa,0x4C73598c779cBED9002a52Ac14C3490d3d876DE7,0x1D653f09f216682eDE4549455D6Cf45f93C730cf,0x4200000000000000000000000000000000000006,0x940181a94A35A4569E4529A3CDfB74e38FD98631,18,18,18,20777227708600764794061,9664596199677838,20777.227708600763,0.009664596199677838,20777237373196964471899,0,2116618740284938021674,2116.618740284938,0.0,0,0,0,nan,0
vAMM-AERO/WELL,0.0011935155232820653,0xCd401DE1cBAa0d770eE5FB70ff622c752C92B8c5,0x57c198edE5e375a273935f5ED8B4D22fE836f080,0x940181a94A35A4569E4529A3CDfB74e38FD98631,0xA88594D404727625A9437C3f886C7643872296AE,0x940181a94A35A4569E4529A3CDfB74e38FD98631,18,18,18,0,0,0.0,0.0,0,61172764826299,9332901130874120769120,9332.901130874121,0.0,0,0,0,nan,0
vAMM-WETH/BENJI,3.705082721465918e-08,0x9409dBe9d0aE5961A28cf395786Bddc0911eFBec,0x9E5AE7b0CeB4b8E5e2Bb986e63147b912072d2Be,0x4200000000000000000000000000000000000006,0xBC45647eA894030a4E9801Ec03479739FA2485F0,0x940181a94A35A4569E4529A3CDfB74e38FD98631,18,18,18,20245910850913,13766810923698932071,2.0245910850913e-05,13.766810923698932,13766831169609782984,0,289725353768853210,0.28972535376885317,0.0,0,0,0,nan,0
vAMM-WETH/RSR,0.001164011406555763,0xd204058452F57464E0E5ab8C3Cc9cbCb6B41D4EE,0x40334F3E5e59c5A7aeAf6b47FfF6be1917c71ba6,0x4200000000000000000000000000000000000006,0xaB36452DbAC151bE02b16Ca17d8919826072f64a,0x940181a94A35A4569E4529A3CDfB74e38FD98631,18,18,18,0,0,0.0,0.0,0,59659566241073,9102188585466136901148,9102.188585466138,3.09162656824883e-22,2.8140568060038347,0,2.8140568060038347,3234.543299213603,1776297600
vAMM-USDA/EURA,2.5497068382395746e-08,0x79eF3eCDa775860a2351ae2A7B80C4d80ba47F72,0x3fd91fAC3Ccc67d818A6E17e7296A82Ba7a4aCAa,0x0000206329b97DB379d5E1Bf586BbDB969C63274,0xA61BeB4A3d02decb01039e378237032B351125B4,0x940181a94A35A4569E4529A3CDfB74e38FD98631,18,18,18,8335326874521988911,5391901020097238289,8.33532687452199,5.391901020097238,13727227894619227200,0,199378737601721378,0.19937873760172137,0.0,0,0,0,nan,0
vAMM-GENOME/WETH,0.008413635790310575,0x963ceee215e5b0B1dCB221C3bA398De66abC73D9,0xa4F335B6ee0f8e34F31d4C8b702080196252dAc3,0x1db0c569ebb4a8b57AC01833B9792F526305e062,0x4200000000000000000000000000000000000006,0x940181a94A35A4569E4529A3CDfB74e38FD98631,18,18,18,0,0,0.0,0.0,0,431240451611051,65791880750925887377457,65791.88075092588,6.874225867987299e-22,45.226824856155034,0,45.226824856155034,1454.7092562915589,1776297600
vAMM-WETH/BUIDL,4.1884848885082196e-05,0x6eB0f4B90EeB237f6ee6d5D8d69C15810b81fa05,0x136805463D527bA9c507fF7640e9cF84f0328278,0x4200000000000000000000000000000000000006,0xdADc4F8E9d8d37294de0E02A2Ce8Cc0c90A4F6c2,0x940181a94A35A4569E4529A3CDfB74e38FD98631,18,18,18,93805376262925078,77923075782246661040304,0.09380537626292508,77923.07578224665,77923169587622923965382,0,327525822580936522456,327.52582258093656,0.0,0,0,0,nan,0
vAMM-VIRTUAL/AERO,0.011624929078893185,0x8B49c7eC53Cb4CA3666bB16727FC5C5F6d12226f,0x57538a02972c01440113cC7A7Ff8F1d954d01239,0x0b3e328455c4059EEb9e3f84b5543F74E24e7E1b,0x940181a94A35A4569E4529A3CDfB74e38FD98631,0x940181a94A35A4569E4529A3CDfB74e38FD98631,18,18,18,86784410307837380,761924653243009680,0.08678441030783739,0.7619246532430097,848709063550847060,595835117049116,90903144224202140238513,90903.14422420214,3.0784043237915344e-21,279.83663222602934,0,279.83663222602934,324.84361858235184,1776297600
vAMM-tBTC/AERO,1.275273565265004e-07,0x5E19947708Ed0686ecE3BE487126b2c1c5378641,0x80Cdc20a68ff14f5f3b642786977F09a0fb11b64,0x236aa50979D5f3De3Bd1Eeb40E81137F22ab794b,0x940181a94A35A4569E4529A3CDfB74e38FD98631,0x940181a94A35A4569E4529A3CDfB74e38FD98631,18,18,18,71632366444895,9252116722528816444,7.1632366444895e-05,9.252116722528816,9252188354895261339,0,997222228556034548,0.9972222285560346,0.0,0,0,0,nan,0
vAMM-PRE/USDC,0.0032316113737846054,0x8a24D81C24f125341b46a52de3e4CF0e0C7E7F72,0x6169fA980Ab79355F7da28B13d08de0182131b13,0x3816dD4bd44c8830c2FA020A5605bAC72FA3De7A,0x833589fCD6eDb6E08f4c7C32D4f71b54bdA02913,0x940181a94A35A4569E4529A3CDfB74e38FD98631,18,18,6,0,0,0.0,0.0,0,165636067806405,25270144255854969522009,25270.144255854968,1.1308348768264044e-21,28.576360466955226,0,28.576360466955226,884.3024039074725,1776297600
vAMM-KWENTA/AERO,9.914396144749187e-07,0xBaDA36C1e87109546eCEFcD3bB16A58B2Da0B0eA,0xa7c66862208D8cD6bC993BbaAd64De42F8746247,0x37Ab9F42051C112CAAba55AB6487dd74286A0B29,0x940181a94A35A4569E4529A3CDfB74e38FD98631,0x940181a94A35A4569E4529A3CDfB74e38FD98631,18,18,18,41905886436304119,553455243678947970,0.04190588643630412,0.5534552436789479,595361130115252089,0,7752733599711711903,7.752733599711712,0.0,0,0,0,nan,0
vAMM-AERO/GHST,4.1918715896283306e-08,0x59Da7538Bbea7facC9185b412e0D43da67A84Ab7,0x785369676686874713ca132C2002E7736A36FE44,0x940181a94A35A4569E4529A3CDfB74e38FD98631,0xcD2F22236DD9Dfe2356D7C543161D4d260FD9BcB,0x940181a94A35A4569E4529A3CDfB74e38FD98631,18,18,18,21039027103675913,39641351443042455,0.021039027103675913,0.039641351443042455,60680378546718368,0,327790651534538225,0.32779065153453824,0.0,0,0,0,nan,0
vAMM-WETH/NORMILIO,7.104964640581328e-05,0x7D68c4E183e31971deb223e6F8A064751d0599d0,0xE531DEd40AeA2Fd2ba7476BB6cE30cF9e2cfd2D0,0x4200000000000000000000000000000000000006,0xcDE90558fc317C69580DeeAF3eFC509428Df9080,0x940181a94A35A4569E4529A3CDfB74e38FD98631,18,18,18,367258544815235675,765740322993382542210983,0.3672585448152357,765740.3229933826,765740690251927357446658,0,555585002753508385365,555.5850027535083,0.0,0,0,0,nan,0
vAMM-WETH/GHST,0.16262028347345417,0x0DFb9Cb66A18468850d6216fCc691aa20ad1e091,0xe3800a58B5535935850a10e082952Ec3577D8DCc,0x4200000000000000000000000000000000000006,0xcD2F22236DD9Dfe2356D7C543161D4d260FD9BcB,0x940181a94A35A4569E4529A3CDfB74e38FD98631,18,18,18,3800156476450759,126609855022179377066,0.003800156476450759,126.60985502217937,126613655178655827825,8333357360451506,1271637442434660265386525,1271637.4424346604,2.4889827508184007e-21,3165.0836595146966,0,3165.0836595146966,401.7705625606247,1776297600
vAMM-GNUS/AERO,4.027821563964511e-08,0x73DdDbe505F9197138785E1ccFa2988705ce4BFD,0x0BF71380275DA393bbf593546D5050bb1deEf779,0x614577036F0a024DBC1C88BA616b394DD65d105a,0x940181a94A35A4569E4529A3CDfB74e38FD98631,0x940181a94A35A4569E4529A3CDfB74e38FD98631,18,18,18,2643314112977809186,6081738039043451815,2.643314112977809,6.081738039043452,8725052152021261001,0,314962475945941748,0.31496247594594173,0.0,0,0,0,nan,0
vAMM-SOFT/WETH,0.001589413278735714,0x28495d9ee2F7f0e6b285db0810b9657CE09a5004,0xFdcF81330bb3E101515d924B63E65842342773a5,0x04D1963C76EB1BEc59d0eEb249Ed86F736B82993,0x4200000000000000000000000000000000000006,0x940181a94A35A4569E4529A3CDfB74e38FD98631,18,18,18,40989107083874917893466,29317282880846751,40989.107083874915,0.02931728288084675,40989136401157798740217,0,12428692126053889645212,12428.692126053891,0.0,0,0,0,nan,0
vAMM-AERO/BUIDL,1.4626376968071763e-07,0x6F9793007764dC4b6334Bbeba043D33FAaFE2584,0x940c8E211cE94Ad404d31836988D850D0CbACC8F,0x940181a94A35A4569E4529A3CDfB74e38FD98631,0xdADc4F8E9d8d37294de0E02A2Ce8Cc0c90A4F6c2,0x940181a94A35A4569E4529A3CDfB74e38FD98631,18,18,18,392870930054648144,1200726841188546558886,0.3928709300546481,1200.7268411885466,1201119712118601207030,0,1143734852903520734,1.1437348529035207,0.0,0,0,0,nan,0
vAMM-WETH/KLIMA,0.0058884598090507435,0xB37642E87613d8569Fd8Ec80888eA6c63684E79e,0x44A927DD8f6def04f76B00cece9804BF441dc6b1,0x4200000000000000000000000000000000000006,0xDCEFd8C8fCc492630B943ABcaB3429F12Ea9Fea2,0x940181a94A35A4569E4529A3CDfB74e38FD98631,18,18,9,160594412118,2416331,1.60594412118e-07,0.002416331,160596828449,301749811544794,46045830271122970996872,46045.83027112298,0.0,0,0,0,nan,0
vAMM-USDC/KLIMA,0.0026520114563806105,0x958682eC6282BC7E939FA8Ba9397805C214c3A09,0x950aD950D6f07491ef2c150545A6A2AB7AdC03f4,0x833589fCD6eDb6E08f4c7C32D4f71b54bdA02913,0xDCEFd8C8fCc492630B943ABcaB3429F12Ea9Fea2,0x940181a94A35A4569E4529A3CDfB74e38FD98631,18,6,9,238,0,0.000238,0.0,238,135900385351613,20737862422000770788046,20737.86242200077,6.191232278311152e-22,12.839292321026706,0,12.839292321026706,1615.187340819299,1776297600
vAMM-GROW/VITA,1.684810812998471e-08,0xDaD0D8F40Bf19c295B982dB2d1Ee47eE12DA92f0,0x8AC0f40EF2c222044B857d52508E18f94cA90c45,0x321725ee44CB4bfA544CF45a5A585b925d30A58C,0x490a4B510d0Ea9f835D2dF29Eb73b4FcA5071937,0x940181a94A35A4569E4529A3CDfB74e38FD98631,18,18,18,1077054999673764248283,776222213242942875809,1077.0549996737643,776.2222132429429,1853277212916707124092,0,131746696504644157,0.13174669650464416,0.0,0,0,0,nan,0
vAMM-WETH/wrsETH,5.722335015960854e-05,0xA24382874A6FD59de45BbccFa160488647514c28,0x2da7789a6371F550caF9054694F5A5A6682903f9,0x4200000000000000000000000000000000000006,0xEDfa23602D0EC14714057867A78d01e94176BEA0,0x940181a94A35A4569E4529A3CDfB74e38FD98631,18,18,18,0,0,0.0,0.0,0,2932397774096,447467887094084534679,447.4678870940845,4.237291552696009e-21,1.8960518980864958,0,1.8960518980864958,235.99980968119658,1776297600
vAMM-WETH/XCAD,5.994489114684221e-05,0x63b9877618E27081181a59F9Ca52040Ada1332fc,0xC418D71a9c4756c54F414E128Ecc6A2448DEd100,0x4200000000000000000000000000000000000006,0x750cF88d9E0c2BCedEEC31d5FaAd6eD6E3F1abC6,0x940181a94A35A4569E4529A3CDfB74e38FD98631,18,18,18,0,0,0.0,0.0,0,3071862532989,468749447712270654433,468.74944771227064,0.0,0,0,0,nan,0
vAMM-weETH.base/WETH,0.045655241755469096,0x91F0f34916Ca4E2cCe120116774b0e4fA0cdcaA8,0xf8d47b641eD9DF1c924C0F7A6deEEA2803b9CfeF,0x04C0599Ae5A44757c0af6F9eC3b93da8976c150A,0x4200000000000000000000000000000000000006,0x940181a94A35A4569E4529A3CDfB74e38FD98631,18,18,18,0,112041067433,0.0,1.12041067433e-07,112041067433,2339592647514299,357009061966971257674508,357009.06196697126,8.942216470231121e-24,3.192452313942813,0,3.192452313942813,111829.09777783025,1776297600
vAMM-WETH/SAM,0.07442398910971204,0x598299Fb3f3829F7Ba08662948706cDFf7eC2350,0xf96Bc096dd1E52dcE4d595B6C4B8c5d2200db1E5,0x4200000000000000000000000000000000000006,0xed1779845520339693CDBffec49a74246E7D671b,0x940181a94A35A4569E4529A3CDfB74e38FD98631,18,18,18,3362062777722,8835965241939281686021,3.362062777722e-06,8835.965241939282,8835965245301344463743,3813840668117989,581971259339909669773279,581971.2593399097,2.028815096960233e-22,118.07120769457677,0,118.07120769457677,4928.98540383644,1776297600
vAMM-BET/USDC,0.008995775442824353,0xF471D220F16Cc9c3400B5BD97d728072A87b9C75,0x34BF49C57c8a6A766c99909a3513258A3dB7E393,0x80F6BcedD3d4fa1035285affA30e38f464Db3895,0x833589fCD6eDb6E08f4c7C32D4f71b54bdA02913,0x940181a94A35A4569E4529A3CDfB74e38FD98631,18,18,6,0,0,0.0,0.0,0,449559086276467,70344022482884330228857,70344.02248288433,0.0,0,0,0,nan,0
sAMM-rgUSD/eUSD,4.0500561906357086e-10,0xd7AdbF474E991f4AEbF95C0b095001ce661aAD17,0x1Efd219BFfFf88F89791Bc850b7347F6da67D933,0x8E5E9DF4F0EA39aE5270e79bbABFCc34203A3470,0xCfA3Ef56d303AE4fAabA0592388F19d7C3399FB4,0x940181a94A35A4569E4529A3CDfB74e38FD98631,18,18,18,129411491415775331989,153088304658143137177,129.41149141577534,153.08830465814313,282499796073918469166,0,3167011510478252,0.003167011510478252,0.0,0,0,0,nan,0
sAMM-USDC/rgUSD,5.91812223565187e-10,0xF8CCE695B387424122d59ae2d01fA8CE359CfB00,0xc78a90ed0E25F3bf3f000c18947C683C2351777d,0x833589fCD6eDb6E08f4c7C32D4f71b54bdA02913,0x8E5E9DF4F0EA39aE5270e79bbABFCc34203A3470,0x940181a94A35A4569E4529A3CDfB74e38FD98631,18,6,18,935428,987095264091875863,0.935428,0.9870952640918759,987095264092811291,0,4627778074798720,0.00462777807479872,0.0,0,0,0,nan,0
vAMM-WETH/MASA,1.051410438735634e-06,0x33c3782446dF290bE025A24A0Ac94562E9A995D6,0x29Ff29c57474857a6F1fB6C5839CF82adA2BB6b5,0x4200000000000000000000000000000000000006,0x944824290CC12F31ae18Ef51216A223Ba4063092,0x940181a94A35A4569E4529A3CDfB74e38FD98631,18,18,18,6008630734555423,3760999994185481705571732,0.006008630734555423,3760999.9941854817,3761000000194112440127155,0,8221685835894741508,8.221685835894743,0.0,0,0,0,nan,0
vAMM-WETH/LBM,3.4095580772810496e-06,0x0b8711D0F80Eacb3dE9f653BD554aF3bA654fA1f,0x150db5aF367A67385F78DE9Fc34937fB28F12a65,0x4200000000000000000000000000000000000006,0x56A38E7216304108E841579041249fEb236C887b,0x940181a94A35A4569E4529A3CDfB74e38FD98631,18,18,18,4065578153643927,510817621626174981370,0.004065578153643927,510.81762162617497,510821687204328625297,0,26661629291366144778,26.661629291366147,0.0,0,0,0,nan,0
vAMM-pwBLT/USDC,4.449346771037257e-06,0x9b0025d10E824E7E2b148953009A40B0C0792F30,0xF8Bbe737e94134cfc95e56b7539549C15EC450E1,0x3Dd79d6BD927615787Cc95F2c7A77C9aC1AF26F4,0x833589fCD6eDb6E08f4c7C32D4f71b54bdA02913,0x940181a94A35A4569E4529A3CDfB74e38FD98631,18,18,6,0,0,0.0,0.0,0,228008041762,34792436881653363960,34.792436881653366,0.0,0.0,0,0.0,nan,1776297600
vAMM-weETH/AERO,1.9556633363009826e-05,0xc5aDfb267a95df1233a2b5F7f48041E7Fb384BcA,0x0A5f63A1aC754b4418cc5381eE17E04CCad42F56,0x04C0599Ae5A44757c0af6F9eC3b93da8976c150A,0x940181a94A35A4569E4529A3CDfB74e38FD98631,0x940181a94A35A4569E4529A3CDfB74e38FD98631,18,18,18,18685307933389608,67778556409878417027,0.018685307933389607,67.77855640987842,67797241717811806635,0,152926478180870493770,152.92647818087048,0.0,0,0,0,nan,0
vAMM-WETH/ATH,0.0006106064524189672,0x7C36577aEC1d99d9b872b7075bD86C8F1334EcF2,0x39b68a3Fd59F88C31B2110A2550640b92cF42449,0x4200000000000000000000000000000000000006,0x58D75a1c4477914f9a98A8708fEaeD1DbE40b8a3,0x940181a94A35A4569E4529A3CDfB74e38FD98631,18,18,18,0,0,0.0,0.0,0,31290701459752,4774742799011944985259,4774.742799011945,1.4984530046163427e-21,7.154727693449694,0,7.154727693449694,667.3549299973113,1776297600
vAMM-USDC/XSWAP,0.0009243913041014946,0xCdB55B284257fd5f879598Ba9E4B852bb0C3EDF1,0xAd978Bdbcc8a44dea4d773A8Df9fF7f73dD288d8,0x833589fCD6eDb6E08f4c7C32D4f71b54bdA02913,0x8Fe815417913a93Ea99049FC0718ee1647A2a07c,0x940181a94A35A4569E4529A3CDfB74e38FD98631,18,6,18,37983642,5354303581425862949344,37.983642,5354.303581425863,5354303581425900932986,0,7228437736356238422460,7228.437736356239,0.0,0,0,0,nan,0
vAMM-WETH/stTAO,0.006161512216577576,0x3a1d086839AF6e86f48D96CA6648b48244f91A89,0x21F1f74E4fB3f026F072B65dF81aA0f19Ee6e7d5,0x4200000000000000000000000000000000000006,0x806041B6473DA60abbe1b256d9A2749A151be6C6,0x940181a94A35A4569E4529A3CDfB74e38FD98631,18,18,9,0,0,0.0,0.0,0,315748447376805,48181010814051549083318,48181.01081405155,2.688494457016007e-22,12.953438050700589,0,12.953438050700589,3719.553884109221,1776297600
vAMM-HBR/USDC,8.933197626339037e-07,0x68cfB52C74827f91E1F664fFeD634F849AEce455,0xce0358DFf7Bcf904f21425f6fee7F8E6115372cd,0x416bd43Bc76D496ff49923c20eCaf86b52Ab078d,0x833589fCD6eDb6E08f4c7C32D4f71b54bdA02913,0x940181a94A35A4569E4529A3CDfB74e38FD98631,18,18,6,112767986270559270916576,25990179,112767.98627055927,25.990179,112767986270559296906755,0,6985468441995122030,6.985468441995121,0.0,0,0,0,nan,0
vAMM-wBLT/BMX,0.0045166534893140734,0x61907C8C3E6ef7eD813aCc2fBbBf8C05ac0F31d5,0xeB86878fBF8329b1ED8C40d8f6736Ae7fc965Be8,0x4E74D4Db6c0726ccded4656d0BCE448876BB4C7A,0x548f93779fBC992010C07467cBaf329DD5F059B7,0x940181a94A35A4569E4529A3CDfB74e38FD98631,18,18,18,0,0,0.0,0.0,0,231459490071984,35318753410317955273847,35318.75341031796,4.536052856316137e-20,1602.0773228839807,0,1602.0773228839807,22.0455984900522,1776297600
sAMM-zunUSD/USDC,5.788651903641502e-08,0xaeb41e05E27EDa32dB13c5875834a19a2c15F70E,0xCb803c34e058cd828EE8d3732b2fAEA5cb988397,0x6ef3864876424ADE834a7C1BE8C0CF3d71208B84,0x833589fCD6eDb6E08f4c7C32D4f71b54bdA02913,0x940181a94A35A4569E4529A3CDfB74e38FD98631,18,18,6,2138329362374681249,396082,2.138329362374681,0.396082,2138329362375077331,0,452653650864703704,0.45265365086470366,0.0,0,0,0,nan,0
vAMM-CRYO/WETH,4.463059742760066e-05,0x65Ee5A0ee82027D054EFeb31a1f7079C37c5DbD8,0x7ac1193Dd817aD9b0b1b57582a2542572c6baC21,0x1f4446fAAAed23090f324f051C3F8c5ce5aD1c36,0x4200000000000000000000000000000000000006,0x940181a94A35A4569E4529A3CDfB74e38FD98631,18,18,18,0,0,0.0,0.0,0,2287130360263,348996678365952072654,348.9966783659521,5.3862374831101753e-20,18.79778990495637,0,18.79778990495637,18.5658356716676,1776297600
vAMM-pHAM/pwBLT,1.6806889567909973e-05,0x03FF264046b085450649A993Cdd65dCDD01A893e,0x19b05F319aC12296CB073218E912D0816030548F,0x2C8D2FC58B80aCb3b307C165af8F3eE296e6A271,0x3Dd79d6BD927615787Cc95F2c7A77C9aC1AF26F4,0x940181a94A35A4569E4529A3CDfB74e38FD98631,18,18,18,0,0,0.0,0.0,0,861282384909,131424380827054580913,131.4243808270546,0.0,0,0,0,nan,0
vAMM-WETH/TRUF,1.9924597258091357e-06,0xcE2D4E04e3d782EcB8bf2e265f421bA510F4e8F7,0xE81B7a527AA65b714cD44c034dDA915097bb3CdB,0x4200000000000000000000000000000000000006,0xB59c8912c83157a955f9D715E556257F432C35D7,0x940181a94A35A4569E4529A3CDfB74e38FD98631,18,18,18,910899223045609873,48347713903098225974895,0.9108992230456099,48347.71390309823,48348624802321271584768,0,15580383552188237583,15.580383552188238,0.0,0,0,0,nan,0
vAMM-AERO/BENJI,0.00035295740635376096,0x0f3027d68FE4E2A56860D7B18b3D80CAe8d716D1,0x2e8300243d49d81684e154821f879A5045e2d132,0x940181a94A35A4569E4529A3CDfB74e38FD98631,0xBC45647eA894030a4E9801Ec03479739FA2485F0,0x940181a94A35A4569E4529A3CDfB74e38FD98631,18,18,18,0,0,0.0,0.0,0,18087582207724,2760011506051362499668,2760.011506051362,9.87721568994621e-22,2.726122895200258,0,2.726122895200258,1012.4310649790477,1776297600
vAMM-WETH/HLSp,4.964462312817065e-05,0x1536960c83d4f3a55430a9B3B6294843b831171A,0x10b70e962d032b74e2F40a11445F7f769aa4fc0e,0x4200000000000000000000000000000000000006,0xe54b0C7dad72fb102ADE2b1B9F4EEce69408Ab36,0x940181a94A35A4569E4529A3CDfB74e38FD98631,18,18,6,4747431516404035,13466083,0.004747431516404035,13.466083,4747431529870118,0,388204719835239577437,388.20471983523953,0.0,0,0,0,nan,0
sAMM-DOLA/rgUSD,2.4945359583017777e-06,0xBA15D0494fE4f0cAECD7730F6D77BeB6DD0feca9,0x7139bFd55643Aa37C875c6D3f4d6663DbFd481f2,0x4621b7A9c75199271F773Ebd9A499dbd165c3191,0x8E5E9DF4F0EA39aE5270e79bbABFCc34203A3470,0x940181a94A35A4569E4529A3CDfB74e38FD98631,18,18,18,255164202492571879,662798817710685350,0.2551642024925719,0.6627988177106854,917963020203257229,0,19506455519086473360,19.506455519086472,0.0,0,0,0,nan,0
sAMM-USDz/USDC,0.0010653527546351674,0x6d0b9C9E92a3De30081563c3657B5258b3fFa38B,0xb7E4bBee04285F4B55d0A93b34E5dA95C3a7faf9,0x04D5ddf5f3a8939889F11E97f8c4BB48317F1938,0x833589fCD6eDb6E08f4c7C32D4f71b54bdA02913,0x940181a94A35A4569E4529A3CDfB74e38FD98631,18,18,6,0,0,0.0,0.0,0,54594846808159,8330710187306555806415,8330.710187306557,0.0,0,0,0,nan,0
sAMM-rgUSD/USD3,1.2725876314065056e-07,0xD42cd5b74B6cb892eCdE3cAb2765b6bD57C83346,0x73f294Df4543E5e0B5063C0ceE8339e4295047b3,0x8E5E9DF4F0EA39aE5270e79bbABFCc34203A3470,0xEFb97aaF77993922aC4be4Da8Fbc9A2425322677,0x940181a94A35A4569E4529A3CDfB74e38FD98631,18,18,18,13154760666385125012,28490204839870027091,13.154760666385124,28.490204839870028,41644965506255152103,0,995121916104588705,0.9951219161045887,0.0,0,0,0,nan,0
vAMM-WETH/APX,3.645297942627463e-06,0x898e0DE33B19A3494723f437734C788C2c10Ed04,0x4927B42B4B60148D60ED3b54F21FD2E57176cE83,0x4200000000000000000000000000000000000006,0xcacf1ca03983CE6c7E235fb20C70aCC70ed13509,0x940181a94A35A4569E4529A3CDfB74e38FD98631,18,18,18,585374570047227,49913198640982888867718,0.000585374570047227,49913.19864098289,49913199226357458914945,0,28505037955070384826,28.505037955070385,0.0,0,0,0,nan,0
vAMM-SNX/sUSDCy,1.9092434410395033e-06,0xFF808Ffcf1Fd541c8291c5D073da327b1B084248,0xDB6Fd3392E66f57C30704a6cdB1d338a708cc284,0x22e6966B799c4D5B13BE962E1D117b56327FDa66,0xC1E02884AF4A283cA25ab63C45360d220d69DA52,0x940181a94A35A4569E4529A3CDfB74e38FD98631,18,18,18,25172384315138501056,12229705675570186361,25.1723843151385,12.229705675570186,37402089990708687417,0,14929659415732995318,14.929659415732996,0.0,0,0,0,nan,0
vAMM-BCT/USDC,0.00010020706490377341,0x77e09a5043820820390904357463BfB739a76104,0xb0FC063ff618F6110ADb3565c4F13B1A3B9527a8,0x576Bca23DcB6d94fF8E537D88b0d3E1bEaD444a2,0x833589fCD6eDb6E08f4c7C32D4f71b54bdA02913,0x940181a94A35A4569E4529A3CDfB74e38FD98631,18,18,6,949323067373446466625,161884777,949.3230673734465,161.884777,949323067373608351402,0,783586481380838210312,783.5864813808382,0.0,0,0,0,nan,0
vAMM-BCT/KLIMA,1.2928876893699963e-06,0x6e2f9520919bd95889b27E0B2f735ac7ED149837,0x174F6439F572b1Acca20219F5Ba4c129D86d8f5a,0x576Bca23DcB6d94fF8E537D88b0d3E1bEaD444a2,0xDCEFd8C8fCc492630B943ABcaB3429F12Ea9Fea2,0x940181a94A35A4569E4529A3CDfB74e38FD98631,18,18,9,3204223834547796049,2899075396,3.204223834547796,2.899075396,3204223837446871445,0,10109958976514124564,10.109958976514124,0.0,0,0,0,nan,0
sAMM-GROW/VITA,2.1282641453881746e-11,0xD6871bc7f13a7b0f6E35f54349e1466Fd926ff7d,0xB6F959E169C544608b860a4fFe3C0982a46aD136,0x321725ee44CB4bfA544CF45a5A585b925d30A58C,0x490a4B510d0Ea9f835D2dF29Eb73b4FcA5071937,0x940181a94A35A4569E4529A3CDfB74e38FD98631,18,18,18,1392545918834282644,469560119818986084,1.3925459188342826,0.4695601198189861,1862106038653268728,0,166423297073430,0.00016642329707343,0.0,0,0,0,nan,0
vAMM-wXCH/WETH,7.613138451172741e-05,0x0522d1c88Ef60F22fA4D3EEC6F8C6F48631D7ec3,0x9a4e4020E9e20C0b12a93C196fdB60393e2C8e36,0x36be1d329444aeF5D28df3662Ec5B4F965Cd93E9,0x4200000000000000000000000000000000000006,0x940181a94A35A4569E4529A3CDfB74e38FD98631,18,18,18,1841129197605337460,5198259873749100,1.8411291976053374,0.0051982598737491,1846327457479086560,0,595322533091673497605,595.3225330916734,0.0,0,0,0,nan,0
vAMM-wXCH/USDC,0.003881892750378694,0xd16Cc119b7c113660580291580cbEB588C9e2653,0x543a172C6805a7eC512188Fba90Fb9ac62ffa4D5,0x36be1d329444aeF5D28df3662Ec5B4F965Cd93E9,0x833589fCD6eDb6E08f4c7C32D4f71b54bdA02913,0x940181a94A35A4569E4529A3CDfB74e38FD98631,18,18,6,0,0,0.0,0.0,0,198932646281998,30355131988827295567866,30355.131988827296,0.0,0,0,0,nan,0
vAMM-WETH/SKR,1.1903794883898351e-08,0xaa721DC836b5195F33F09b7713F73171A0030e36,0xf07FCB6f97622972f19ef0dE444268cE23a4a75B,0x4200000000000000000000000000000000000006,0xe2dCA969624795985F2f083BcD0b674337ba130a,0x940181a94A35A4569E4529A3CDfB74e38FD98631,18,18,18,33397295282093878,264559528558477381760425,0.033397295282093876,264559.5285584774,264559561955772663854303,0,93083783634519857,0.09308378363451986,0.0,0,0,0,nan,0
vAMM-sfrxETH/sFRAX,5.140454285289521e-06,0xD73a3EF449043AAc66bFF3FEE37E83B4f8DAE998,0xb41f81b476bdB6E02FF7b6cDC2100077D595Fa40,0x1f55a02A049033E3419a8E2975cF3F572F4e6E9A,0xe4796cCB6bB5DE2290C417Ac337F2b66CA2E770E,0x940181a94A35A4569E4529A3CDfB74e38FD98631,18,18,18,0,0,0.0,0.0,0,263429270158,40196671661594480795,40.196671661594486,0.0,0.0,0,0.0,nan,1776297600
vAMM-USDC/CTX,2.157689707779701e-09,0xf629864E8B4914284f79641EF9Ce034C161F26AE,0xD1E5855ACcb803C0ec03Aa382a4f115aCd3903B6,0x833589fCD6eDb6E08f4c7C32D4f71b54bdA02913,0xBB22Ff867F8Ca3D5F2251B4084F6Ec86D4666E14,0x940181a94A35A4569E4529A3CDfB74e38FD98631,18,6,18,33235329,16132286748610352721,33.235329,16.13228674861035,16132286748643588050,0,16872427983539094,0.016872427983539093,0.0,0,0,0,nan,0
sAMM-WETH/msETH,1.394158384092829,0xDE4FB30cCC2f1210FcE2c8aD66410C586C8D1f9A,0x62940D9643a130b80CA0f8bc7e94De5b7ec496C5,0x4200000000000000000000000000000000000006,0x7Ba6F01772924a82D9626c126347A28299E98c98,0x940181a94A35A4569E4529A3CDfB74e38FD98631,18,18,18,96038722198843,588717659223095,9.6038722198843e-05,0.000588717659223095,684756381421938,71682169394984811,10901862695289440001789965,10901862.69528944,3.199608849574371e-23,348.81696356692805,0,348.81696356692805,31253.8202953472,1776297600
sAMM-msUSD/USDC,1.3138242162288885,0xcEFC8B799a8EE5D9b312aeca73262645D664AaF7,0xDBF852464fC906C744E52Dbd68C1b07dD33A922a,0x526728DBc96689597F85ae4cd716d4f7fCcBAE9d,0x833589fCD6eDb6E08f4c7C32D4f71b54bdA02913,0x940181a94A35A4569E4529A3CDfB74e38FD98631,18,18,6,646219388671880641,18880,0.6462193886718807,0.01888,646219388671899521,67378984047683976,10273675770628878200557472,10273675.770628879,1.4892442032267923e-23,153.00012087240606,0,153.00012087240606,67148.15460307105,1776297600
vAMM-USDC/OX,0.00011140228328728184,0x33A20Ce534aE0F2fC00BC28e7133836B34415E7B,0x271cc28Fac66b40515a31D28FB95Eed8D17e2853,0x833589fCD6eDb6E08f4c7C32D4f71b54bdA02913,0xba0Dda8762C24dA9487f5FA026a9B64b695A07Ea,0x940181a94A35A4569E4529A3CDfB74e38FD98631,18,6,18,997394430,257358045659972145501817,997.39443,257358.04565997215,257358045659973142896247,0,871129428475909888438,871.1294284759099,0.0,0,0,0,nan,0
vAMM-AERO/APX,0.00040495740007805847,0x4634274a24443fAe01B1bAcd6212C65D1283B72c,0xb023a82C4AC8fcD103876fd07EAA1dF1df5782c2,0x940181a94A35A4569E4529A3CDfB74e38FD98631,0xcacf1ca03983CE6c7E235fb20C70aCC70ed13509,0x940181a94A35A4569E4529A3CDfB74e38FD98631,18,18,18,5874984403534212702,161827511531755694089271,5.874984403534213,161827.5115317557,161833386516159228301973,0,3166634453778410018900,3166.63445377841,0.0,0,0,0,nan,0
vAMM-USDC/CHEX,1.3281962373550271e-05,0x6466e1a3b42Ef91f8f7C135970db4495e89F9C0A,0x1249abBD38f8B98114E35babda2827862bd19CfF,0x833589fCD6eDb6E08f4c7C32D4f71b54bdA02913,0xc43F3Ae305a92043bd9b62eBd2FE14F7547ee485,0x940181a94A35A4569E4529A3CDfB74e38FD98631,18,6,18,1279185838,7852704422332254042606,1279.185838,7852.704422332254,7852704422333533228444,0,103860602764057555874,103.86060276405756,0.0,0,0,0,nan,0
vAMM-WETH/OGN,5.05028463618011e-05,0x8eA4C49B712217fd6e29Db920E3dd48287a0d50D,0xA88BcfEcC886dEA1e8B3108179F0532d53c8c055,0x4200000000000000000000000000000000000006,0x7002458B1DF59EccB57387bC79fFc7C29E22e6f7,0x940181a94A35A4569E4529A3CDfB74e38FD98631,18,18,18,79335407528571070,5019740475963175986481,0.07933540752857107,5019.740475963176,5019819811370704557551,0,394915744896452000000,394.915744896452,0.0,0,0,0,nan,0
vAMM-WETH/SKOP,1.788389598943816e-09,0x18c55864D9BC0D7C3F6Dc18e3A1d20E50f551891,0x3FC41388699Ab1876AA48577bBa493F71845Ae02,0x4200000000000000000000000000000000000006,0x6d3B8C76c5396642960243Febf736C6BE8b60562,0x940181a94A35A4569E4529A3CDfB74e38FD98631,18,18,18,5603119877713457,930356079549649012290,0.005603119877713457,930.356079549649,930361682669526725747,0,13984621887889498,0.013984621887889497,0.0,0,0,0,nan,0
vAMM-WETH/RFL,0.026211018867399176,0x37785d5bE19D0d9559D4634a5385c72c419b25Da,0x937c527EB4f27030f6667078C64982B3202257d5,0x4200000000000000000000000000000000000006,0x6e2c81b6c2C0e02360F00a0dA694e489acB0b05e,0x940181a94A35A4569E4529A3CDfB74e38FD98631,18,18,18,2009747943575,0,2.009747943575e-06,0.0,2009747943575,1343231102366744,204961596943637058925922,204961.59694363707,1.0884823944958166e-21,223.0970898208965,0,223.0970898208965,918.7103117668693,1776297600
vAMM-sfrxETH/wstETH,2.621009528955285e-05,0x456c166e63634D75a4B49EDEC86cB51424D4C926,0xCe7Cb6260fCBf17485cd2439B89FdDf8B0Eb39cC,0x1f55a02A049033E3419a8E2975cF3F572F4e6E9A,0xc1CBa3fCea344f92D9239c08C0568f6F2F0ee452,0x940181a94A35A4569E4529A3CDfB74e38FD98631,18,18,18,0,0,0.0,0.0,0,1343183771948,204954374866874523168,204.95437486687453,1.1656084113626375e-22,0.02388965432904001,0,0.02388965432904001,8579.21056721755,1776297600
vAMM-USDC/APX,2.0933298620977896e-06,0x4C7d96aaf20081cF617EBf6da4814aE91e6D5D06,0x1C669D3d0B3C49Cda1f47C80896D30D7A79E4f83,0x833589fCD6eDb6E08f4c7C32D4f71b54bdA02913,0xcacf1ca03983CE6c7E235fb20C70aCC70ed13509,0x940181a94A35A4569E4529A3CDfB74e38FD98631,18,6,18,6308119,557920842511379964362402,6.308119,557920.84251138,557920842511379970670521,0,16369155034984708704,16.369155034984708,0.0,0,0,0,nan,0
sAMM-jEUR/EURA,6.121570144658972e-07,0xe7e01f38470136dE763d22e534e53C8BCdbA3f39,0xb5FFE35051b62DfE687aaB959625a29bEd54575a,0x4154550f4Db74Dc38d1FE98e1F3F28ed6daD627d,0xA61BeB4A3d02decb01039e378237032B351125B4,0x940181a94A35A4569E4529A3CDfB74e38FD98631,18,18,18,17888052047381652979,18120857983363003680,17.888052047381652,18.120857983363003,36008910030744656659,0,4786867687209032544,4.786867687209033,0.0,0,0,0,nan,0
vAMM-USDC/EMT,2.9141444955545803e-06,0x68426A1D8ab4AC250ae5E2DA0b9d684594c83BB0,0x8b02968e7FaF61d251b6B9c06c375E5f0c69b7CB,0x833589fCD6eDb6E08f4c7C32D4f71b54bdA02913,0xe2c86869216aC578bd62a4b8313770d9EE359A05,0x940181a94A35A4569E4529A3CDfB74e38FD98631,18,6,18,2066700025,413835963742472955032099,2066.700025,413835.96374247293,413835963742475021732124,0,22787657074875208353,22.78765707487521,0.0,0,0,0,nan,0
vAMM-USDz/WETH,0.0001275981721405816,0x2ce63497999F520CC2afaaadbCFC37Afd9deF4b0,0xc15B32d92E265832c87EC4b36B7e598ae2daad42,0x04D5ddf5f3a8939889F11E97f8c4BB48317F1938,0x4200000000000000000000000000000000000006,0x940181a94A35A4569E4529A3CDfB74e38FD98631,18,18,18,0,0,0.0,0.0,0,6539064154821,997775983502534650090,997.7759835025346,1.5565944555260353e-21,1.5531325637770823,0,1.5531325637770823,642.4280880931573,1776297600
vAMM-FUSE/WETH,1.402628024216045e-05,0xc238f8Eaa625BAC4014FfD0E702a4B9a9d12019e,0x51Df914e8ae011028041132b6c65792c94ab9c9c,0x01facC69EC7360640AA5898E852326752801674A,0x4200000000000000000000000000000000000006,0x940181a94A35A4569E4529A3CDfB74e38FD98631,18,18,18,12547455998337182085713,34889117113130491,12547.455998337182,0.03488911711313049,12547490887454295216204,0,109680925116111319581,109.68092511611133,0.0,0,0,0,nan,0
vAMM-ION/WETH,0.001717440346837932,0x0FAc819628a7F612AbAc1CaD939768058cc0170c,0x9b42e5F8c45222b2715F804968251c747c588fd7,0x3eE5e23eEE121094f1cFc0Ccc79d6C809Ebd22e5,0x4200000000000000000000000000000000000006,0x940181a94A35A4569E4529A3CDfB74e38FD98631,18,18,18,0,0,0.0,0.0,0,88014212285729,13429821935734048395765,13429.82193573405,9.548170760985708e-24,0.12823023313202034,0,0.12823023313202034,104732.10262284466,1776297600
vAMM-bsdETH/eUSD,8.612712029231742e-09,0xe593Cb44256A78E4C280CC491C201cF60e849135,0x66C48B791ffFc09f235814Ba783CbD6B8E5d72c9,0xCb327b99fF831bF8223cCEd12B1338FF3aA322Ff,0xCfA3Ef56d303AE4fAabA0592388F19d7C3399FB4,0x940181a94A35A4569E4529A3CDfB74e38FD98631,18,18,18,106392742424077,60598191270097148,0.000106392742424077,0.06059819127009715,60704584012521225,0,67348591844425798,0.0673485918444258,0.0,0,0,0,nan,0
sAMM-USDz/DOLA,0.00022461055357827887,0xcEa8ef6ce6235F2C2CdD13C9E8a3ED470725a638,0x528aD6E380E7B3B9D7eE3a492a52c4D3AC8f5958,0x04D5ddf5f3a8939889F11E97f8c4BB48317F1938,0x4621b7A9c75199271F773Ebd9A499dbd165c3191,0x940181a94A35A4569E4529A3CDfB74e38FD98631,18,18,18,0,0,0.0,0.0,0,11510688555006,1756381084790941160106,1756.3810847909413,0.0,0,0,0,nan,0
vAMM-ZUN/USDC,3.677567483786702e-06,0x80326ED67271fB298D674c43AEF3BC437B801B0e,0xf1AE7589f6fA9345f39370Fa50CE0bFeABe2B9bf,0x1db0Fc8933f545648b54A9eE4326209a9A259643,0x833589fCD6eDb6E08f4c7C32D4f71b54bdA02913,0x940181a94A35A4569E4529A3CDfB74e38FD98631,18,18,6,24489898066866351635856,33396542,24489.89806686635,33.396542,24489898066866385032398,0,28757375215292741433,28.75737521529274,0.0,0,0,0,nan,0
vAMM-HBR/AERO,4.929507876008275e-05,0xCCa6105c83C59C600aab47589466BC36288D2377,0xdFE422acDA41b39683403068F2d3A4610ff87Bf9,0x416bd43Bc76D496ff49923c20eCaf86b52Ab078d,0x940181a94A35A4569E4529A3CDfB74e38FD98631,0x940181a94A35A4569E4529A3CDfB74e38FD98631,18,18,18,17980533984390115780,197160750116946735,17.980533984390117,0.19716075011694673,18177694734507062515,0,385471397172416174113,385.4713971724162,0.0,0,0,0,nan,0
vAMM-USDz/sUSDz,7.959915444210745e-05,0x7818B53F423457151407103321d8F961773815D1,0xc4021e049F13e137Cd1D40e7Ddb2173C7F8F02a3,0x04D5ddf5f3a8939889F11E97f8c4BB48317F1938,0xe31eE12bDFDD0573D634124611e85338e2cBF0cF,0x940181a94A35A4569E4529A3CDfB74e38FD98631,18,18,18,0,0,0.0,0.0,0,4079243211987,622439360039894459594,622.4393600398945,6.59132528791975e-23,0.04102700294027543,0,0.04102700294027543,15171.455759174103,1776297600
vAMM-WETH/MOZ,3.305290622891688e-06,0xA32ECde2C559C462610eD35740CC2B9642133c9B,0x68dBA60bEef5fDd4663588950A196FcCC8B7a166,0x4200000000000000000000000000000000000006,0xC227717ef4Ae4D982E14789eB33bA942243c3FEe,0x940181a94A35A4569E4529A3CDfB74e38FD98631,18,18,18,116952837673576773,1788781758116412535589386,0.11695283767357677,1788781.7581164124,1788781875069250209166159,0,25846291891892824134,25.846291891892825,0.0,0,0,0,nan,0
vAMM-ZRO/AERO,5.450834891815427e-07,0x04c7d6172aEf0FF6fA09D21eb929a45a41C8c13e,0x6bA7c122CaEbA0cE6334e72326a5B4568571982b,0x6985884C4392D348587B19cb9eAAf157F13271cd,0x940181a94A35A4569E4529A3CDfB74e38FD98631,0x940181a94A35A4569E4529A3CDfB74e38FD98631,18,18,18,4286661739596052788,15711532499528359095,4.2866617395960525,15.711532499528358,19998194239124411883,0,4262374651494972008,4.262374651494972,0.0,0,0,0,nan,0
vAMM-WETH/MIGGLES,1.2715995788088092e-07,0x27e13dfA957231A606ab7F535b34275865a66f44,0x1752286215B2b34D645515a32a23d2BD48920c37,0x4200000000000000000000000000000000000006,0xB1a03EdA10342529bBF8EB700a06C60441fEf25d,0x940181a94A35A4569E4529A3CDfB74e38FD98631,18,18,18,4270011462494857,1450107307380585132799,0.004270011462494857,1450.107307380585,1450111577392047627656,0,994349291280988092,0.994349291280988,0.0,0,0,0,nan,0
vAMM-AERO/L2VE,0.00047441639459160225,0xFC13b664e814098F08F10bA0fb23b1Bb916F344e,0x9B49ca7C6C41f01971e2453078a357415Cb3Adda,0x940181a94A35A4569E4529A3CDfB74e38FD98631,0xA19328fb05ce6FD204D16c2a2A98F7CF434c12F4,0x940181a94A35A4569E4529A3CDfB74e38FD98631,18,18,18,32270902732529850775,864535814067593313014104,32.27090273252985,864535.8140675933,864568084970325842864879,0,3709781078853037928889,3709.781078853038,0.0,0,0,0,nan,0
vAMM-WETH/sUSDz,3.363821046360127e-06,0x5346a22ee56d200971eC63F98c83e233bd07648d,0xA28731068548A4FC77A5942E23037697D80FDE9F,0x4200000000000000000000000000000000000006,0xe31eE12bDFDD0573D634124611e85338e2cBF0cF,0x940181a94A35A4569E4529A3CDfB74e38FD98631,18,18,18,60545526614878140,177428379393792419717,0.06054552661487814,177.42837939379243,177488924920407297857,0,26303980664869124722,26.303980664869126,0.0,0,0,0,nan,0
vAMM-WETH/MOXIE,0.0002697063055885201,0xc02Dc3a9b6eaD739C56CDEa716D8fEC4Ffe4C799,0xEa2c1c05C17Eed888D0027F17EE23637dfF66FEb,0x4200000000000000000000000000000000000006,0x8C9037D1Ef5c6D1f6816278C7AAF5491d24CD527,0x940181a94A35A4569E4529A3CDfB74e38FD98631,18,18,18,74810021920565396,4750786177269418499713753,0.07481002192056539,4750786.177269419,4750786252079440420279149,0,2109015119894758982582,2109.015119894759,0.0,0,0,0,nan,0
vAMM-YFI/wstETH,0.07671019329869222,0x1524a14C55f097bb54F0b24383f3ae3e3743804A,0x8b87e30B3ad8BD645c3f83aea6E1156525081084,0x9EaF8C1E34F05a589EDa6BAfdF391Cf6Ad3CB239,0xc1CBa3fCea344f92D9239c08C0568f6F2F0ee452,0x940181a94A35A4569E4529A3CDfB74e38FD98631,18,18,18,0,0,0.0,0.0,0,3931230704796126,599848628544180770622656,599848.6285441808,1.5312594560862171e-21,918.5238846786256,0,918.5238846786256,653.0571915982965,1776297600
vAMM-WETH/TIMI,4.115314219702061e-06,0xAcb7907c232907934B2578315dFcFa1bA60E87Af,0xe3f0820BAd87cF3bf736429a3C54a3aC78fEdFFf,0x4200000000000000000000000000000000000006,0x9bEec80e62aA257cED8b0edD8692f79EE8783777,0x940181a94A35A4569E4529A3CDfB74e38FD98631,18,18,18,2384703290876739,25265288529725307401481,0.002384703290876739,25265.28852972531,25265290914428598278220,0,32180411553711097197,32.180411553711096,0.0,0,0,0,nan,0
vAMM-EURC/USDC,6.372570713243116e-08,0xFDF5139b38525627B47538536042A7c8d2686BD9,0x1f077baf21b95314bD251b21aD1f0Cc8D5D86781,0x60a3E35Cc302bFA44Cb288Bc5a4F316Fdb1adb42,0x833589fCD6eDb6E08f4c7C32D4f71b54bdA02913,0x940181a94A35A4569E4529A3CDfB74e38FD98631,18,6,6,34200692,98479260,34.200692,98.47926,132679952,0,498314192450987272,0.49831419245098724,0.0,0,0,0,nan,0
vAMM-WETH/EURC,0.0012387009157634435,0x9DFf4b5AE4fD673213502Ab8fbf6d36015efb3E1,0x21D4eF9D2b66069f3307765A0349526f8E988294,0x4200000000000000000000000000000000000006,0x60a3E35Cc302bFA44Cb288Bc5a4F316Fdb1adb42,0x940181a94A35A4569E4529A3CDfB74e38FD98631,18,18,6,0,0,0.0,0.0,0,63480730066043,9686236125151178282010,9686.23612515118,0.0,0,0,0,nan,0
vAMM-OGN/OETHb,0.193691474715317,0x6FB655476fDCFB9712dD200308D941A1c6D1119e,0x147587251C3A4f8C907eDbC0e5A5eA953bdA743d,0x7002458B1DF59EccB57387bC79fFc7C29E22e6f7,0xDBFeFD2e8460a6Ee4955A68582F85708BAEA60A3,0x940181a94A35A4569E4529A3CDfB74e38FD98631,18,18,18,0,0,0.0,0.0,0,9984472691729250,1514603998145100842738531,1514603.998145101,3.6059339596306996e-22,546.1561992303853,0,546.1561992303853,2773.2066399308505,1776297600
vAMM-TKN/USD+,0.00010324781900569819,0x8f72e491E293ecB223E77123A046521d6d7cAd49,0x668584C6Db676352d50052bF303CC5041C70528f,0x78b3C724A2F663D11373C4a1978689271895256f,0xB79DD08EA68A908A97220C76d19A6aA9cBDE4376,0x940181a94A35A4569E4529A3CDfB74e38FD98631,18,18,6,0,0,0.0,0.0,0,5291278851218,807364184178137287581,807.3641841781372,2.8018730098126318e-21,2.2621319167381175,0,2.2621319167381175,356.90411253394825,1776297600
vAMM-WETH/uSOL,2.2662292500063286e-06,0x80BEDFB71d9f447AA82184D1BEA40b33c161906e,0x2cc038D9579b88190f03f74e946477CA0434EeC5,0x4200000000000000000000000000000000000006,0x9B8Df6E244526ab5F6e6400d331DB28C8fdDdb55,0x940181a94A35A4569E4529A3CDfB74e38FD98631,18,18,18,2101404031545837,60290065343143800,0.002101404031545837,0.0602900653431438,62391469374689637,0,17721171712992919020,17.72117171299292,0.0,0,0,0,nan,0
vAMM-MODE/ION,5.2894626627223356e-08,0x9E9F21e7812Bb0B47561bf619b275D91D3411721,0x7939EF558975FE95149f1613d90aFE5D22d64714,0x084382D1cc4f4DFD1769b1cC1Ac2A9b1f8365e90,0x3eE5e23eEE121094f1cFc0Ccc79d6C809Ebd22e5,0x940181a94A35A4569E4529A3CDfB74e38FD98631,18,18,18,46146071,57981681,4.6146071e-11,5.7981681e-11,104127752,0,413618684496749408,0.41361868449674943,0.0,0,0,0,nan,0
vAMM-WIF/WETH,1.2870593887567096e-08,0x0aCBE7A8486e77a0476142b54024BF487e5630B7,0x09e834dfa12d94C6366FBCc95C3523CFA77179B2,0x1fba65dE0a9cBD2D1DF82d141897042d36Bb6c86,0x4200000000000000000000000000000000000006,0x940181a94A35A4569E4529A3CDfB74e38FD98631,18,18,18,663757795982080913,115221401846111,0.663757795982081,0.000115221401846111,663873017383927024,0,100643835714827466,0.10064383571482748,0.0,0,0,0,nan,0
vAMM-WETH/RECORD,0.0009255088863071082,0x0AA3E62f4d97C404012352E881a2D0f2712c24A2,0x8351616F224a035Aa5ee6b9f74A68659701af3e9,0x4200000000000000000000000000000000000006,0xE642657E4F43e6DcF0bd73Ef24008394574Dee28,0x940181a94A35A4569E4529A3CDfB74e38FD98631,18,18,18,0,0,0.0,0.0,0,47431260369419,7237176863771969772150,7237.176863771971,7.902194894892348e-22,5.718958206633188,0,5.718958206633188,1265.471192878777,1776297600
vAMM-PEGG/AERO,4.1384923426388315e-05,0x3225b7a01F8f3e68D89292141E22F1C6829e08CD,0xC601B888DB7f9F1792c332C538736B8dd03c3279,0x82B0E1A2374EA0198f62A48B14FFaB53DB6C1E36,0x940181a94A35A4569E4529A3CDfB74e38FD98631,0x940181a94A35A4569E4529A3CDfB74e38FD98631,18,18,18,0,0,0.0,0.0,0,2120929477228,323616568961874693855,323.61656896187475,3.574434050978134e-20,11.567460835580386,0,11.567460835580386,27.9764568526968,1776297600
vAMM-APX/cbBTC,1.8938451149263858e-09,0xAA342cCCdc06A1adFF2b41ae046E214c9B197Bb5,0xD3756Dc2545ddBfa4798c9A75062e8491658b482,0xcacf1ca03983CE6c7E235fb20C70aCC70ed13509,0xcbB7C0000aB88B473b1f5aFd9ef808440eed33Bf,0x940181a94A35A4569E4529A3CDfB74e38FD98631,18,18,8,91110379898081298277118,1403,91110.3798980813,1.403e-05,91110379898081298278521,0,14809249540543866,0.014809249540543867,0.0,0,0,0,nan,0
vAMM-USDC/cbBTC,0.005737927932992675,0x9c38b55f9A9Aba91BbCEDEb12bf4428f47A6a0B8,0xEDC76895e053A9bbAC456B5a9c5B49144eee0080,0x833589fCD6eDb6E08f4c7C32D4f71b54bdA02913,0xcbB7C0000aB88B473b1f5aFd9ef808440eed33Bf,0x940181a94A35A4569E4529A3CDfB74e38FD98631,18,6,8,322404,500,0.322404,5e-06,322904,294062172494832,44868720221953604897850,44868.720221953605,9.795927938790287e-22,43.953075,0,43.953075,1020.8323358935321,1776297600
vAMM-VIRTUAL/cbBTC,0.09155800005296635,0xb909F567c5c2Bb1A4271349708CC4637D7318b4A,0x8c44e7F913D0893Cd5A3CBBb2fCd59785a7801ab,0x0b3e328455c4059EEb9e3f84b5543F74E24e7E1b,0xcbB7C0000aB88B473b1f5aFd9ef808440eed33Bf,0x940181a94A35A4569E4529A3CDfB74e38FD98631,18,18,8,4148618340092967518,9210,4.148618340092968,9.21e-05,4148618340092976728,4702082237368557,715953622358506119348477,715953.6223585062,8.042473889337536e-22,575.8038313794913,0,575.8038313794913,1243.3985036939557,1776297600
vAMM-fBOMB/cbBTC,0.0006016576404875206,0x3d36Cf85a0c275cF4894315a6c1D6C558D6d984C,0xA95EbEfbCB77Ae1daf0d2123784594F8ccE90274,0x74ccbe53F77b08632ce0CB91D3A545bF6B8E0979,0xcbB7C0000aB88B473b1f5aFd9ef808440eed33Bf,0x940181a94A35A4569E4529A3CDfB74e38FD98631,18,18,8,0,0,0.0,0.0,0,30834564390563,4704766015831689860192,4704.766015831689,5.5675313519278025e-21,26.193932296627388,0,26.193932296627388,179.61281882206947,1776297600
vAMM-BRETT/cbBTC,3.403441766431121e-07,0xeC394d416D2FD269a051627DBBF1934A37a5D04E,0xD0c22E9B6A86381368B0b33928f12aE31dc7020F,0x532f27101965dd16442E59d40670FaF5eBB142E4,0xcbB7C0000aB88B473b1f5aFd9ef808440eed33Bf,0x940181a94A35A4569E4529A3CDfB74e38FD98631,18,18,8,142087500236737656067,6288,142.08750023673767,6.288e-05,142087500236737662355,0,2661380174045913717,2.6613801740459135,0.0,0,0,0,nan,0
vAMM-WETH/cbBTC,0.034205768352703225,0x2578365B3dfA7FfE60108e181EFb79FeDdec2319,0xAFdEBa12B6a870d6639d043030b4b49F9C7c62BB,0x4200000000000000000000000000000000000006,0xcbB7C0000aB88B473b1f5aFd9ef808440eed33Bf,0x940181a94A35A4569E4529A3CDfB74e38FD98631,18,18,8,12834115900477,0,1.2834115900477e-05,0.0,12834115900477,1695539275170596,267477923758781232645922,267477.9237587812,3.5110402163462295e-21,939.1257473018716,0,939.1257473018716,284.81587745544306,1776297600
vAMM-AERO/KLIMA,1.841525017824445e-08,0xf597b0EE3D51Dab24c213199E02E1b7ab9d7B5e7,0x9C25C4681666fC54c45199F8bc51C736f95F27F0,0x940181a94A35A4569E4529A3CDfB74e38FD98631,0xDCEFd8C8fCc492630B943ABcaB3429F12Ea9Fea2,0x940181a94A35A4569E4529A3CDfB74e38FD98631,18,18,9,62044110434858023582,292749219739,62.04411043485803,292.749219739,62044110727607243321,0,144001234890725212,0.14400123489072522,0.0,0,0,0,nan,0
vAMM-cbBTC/KLIMA,0.00010180743465708841,0x6CD89bc86E4a418f7f11e453384904B4493C4077,0xC913c26A4e8a79604fcd3d5a44560F5bE38aE32c,0xcbB7C0000aB88B473b1f5aFd9ef808440eed33Bf,0xDCEFd8C8fCc492630B943ABcaB3429F12Ea9Fea2,0x940181a94A35A4569E4529A3CDfB74e38FD98631,18,8,9,0,0,0.0,0.0,0,5217565087062,796100849555503601136,796.1008495555036,2.5339223823233415e-21,2.0172577612753178,0,2.0172577612753178,394.645079492571,1776297600
sAMM-tBTC/cbBTC,0.0029885192869395457,0x488d6ea6064eEE9352fdCDB7BC50d98A7fF3AD4E,0x80AAd55965d1eA36bAf15Ae6Ed798145ec65916F,0x236aa50979D5f3De3Bd1Eeb40E81137F22ab794b,0xcbB7C0000aB88B473b1f5aFd9ef808440eed33Bf,0x940181a94A35A4569E4529A3CDfB74e38FD98631,18,18,8,0,0,0.0,0.0,0,153159677837567,23369243624094498506443,23369.2436240945,0.0,0,0,0,nan,0
vAMM-DAI/OX,4.156920229491561e-07,0xaCC2c24D1e380De50eD04bE8d68F4E985a28bf2F,0x2D8aC6651a090E085E3638c166851eF9E5688540,0x50c5725949A6F0c72E6C4a641F24049A917DB0Cb,0xba0Dda8762C24dA9487f5FA026a9B64b695A07Ea,0x940181a94A35A4569E4529A3CDfB74e38FD98631,18,18,18,8578982438098300823,2714778764574205593327,8.5789824380983,2714.7787645742055,2723357747012303894150,0,3250575694574067081,3.250575694574067,0.0,0,0,0,nan,0
vAMM-USDC/superOETHb,0.0016051636097977591,0x295e0F68384aC506b0C033592Eef9674da5e4f99,0x634639c606BE9877856Fd7A4eD215D7839133fc0,0x833589fCD6eDb6E08f4c7C32D4f71b54bdA02913,0xDBFeFD2e8460a6Ee4955A68582F85708BAEA60A3,0x940181a94A35A4569E4529A3CDfB74e38FD98631,18,6,18,0,0,0.0,0.0,0,82264411594904,12551854564843436065246,12551.854564843436,7.948544742716949e-22,9.976897761273403,0,9.976897761273403,1258.0919304961765,1776297600
vAMM-WETH/MOR,0.008448550789396799,0x1eB79B7111fC98BBcbe79dd8043c2C98bc5698bd,0xABB4aC5F627eb41440950043012BECF7E749d342,0x4200000000000000000000000000000000000006,0x7431aDa8a591C955a994a21710752EF9b882b8e3,0x940181a94A35A4569E4529A3CDfB74e38FD98631,18,18,18,0,0,0.0,0.0,0,432987052084343,66064904627113272005784,66064.90462711327,1.7551484289930797e-21,115.95371356785549,0,115.95371356785549,569.752383035602,1776297600
sAMM-jEUR/EURC,0.009121732881304393,0xC75799e0646470128a42D07335aB3BFa9E8Ee7C2,0x533eb2cEf740654D09764334Bd86E62F0a253d1a,0x4154550f4Db74Dc38d1FE98e1F3F28ed6daD627d,0x60a3E35Cc302bFA44Cb288Bc5a4F316Fdb1adb42,0x940181a94A35A4569E4529A3CDfB74e38FD98631,18,18,6,0,0,0.0,0.0,0,467487540600889,71328968465656073665015,71328.96846565607,0.0,0.0,0,0.0,nan,1776297600
vAMM-WETH/Silo,7.689512037450225e-05,0x57bd5C33c8002A634b389Ab4de5e09eC1C31Dce7,0x99c34f5E11d91BF19A40CE316C5fBEAb44259D23,0x4200000000000000000000000000000000000006,0xF734eFdE0C424BA2B547b186586dE417b0954802,0x940181a94A35A4569E4529A3CDfB74e38FD98631,18,18,18,81743270428922447,7821220142081981141461,0.08174327042892245,7821.220142081981,7821301885352410063908,0,601294697808709969488,601.29469780871,0.0,0,0,0,nan,0
vAMM-fBOMB/USX,1.1528513279547382e-06,0x49d88e65ef336487a0A513ba0738b85fccaeCCb0,0xfBeD71d6F9b3Fab9dd408C0D0183f1c8937AB53b,0x74ccbe53F77b08632ce0CB91D3A545bF6B8E0979,0xc142171B138DB17a1B7Cb999C44526094a4dae05,0x940181a94A35A4569E4529A3CDfB74e38FD98631,18,18,18,3812368235314859203,60203870121188416,3.8123682353148594,0.06020387012118841,3872572105436047619,0,9014920419979920279,9.014920419979921,0.0,0,0,0,nan,0
vAMM-WMTX/WETH,0.013047086581371884,0x1DDa8b6469df243971381f1f3F4137814ca68722,0xf2470b185647d1Fd0F432C223Ab0e80e0b23dCD3,0x3e31966d4f81C72D2a55310A6365A56A4393E98D,0x4200000000000000000000000000000000000006,0x940181a94A35A4569E4529A3CDfB74e38FD98631,18,6,18,0,0,0.0,0.0,0,668661371397252,102023950869988661353158,102023.95086998865,2.0442427464675226e-21,208.5617215319332,0,208.5617215319332,489.1786954988651,1776297600
vAMM-JARVIS/wstETH,9.52167267033144e-11,0xa5061aa5eB2e8abCE384B36a855549e8D9C8cEd5,0xc498a9a90516Ca3aD2d096BbAFaD169E7583Aa04,0x777b2839832982B35213063d850848369390EE16,0xc1CBa3fCea344f92D9239c08C0568f6F2F0ee452,0x940181a94A35A4569E4529A3CDfB74e38FD98631,18,18,18,49247211619042995,40440742626,0.049247211619042996,4.0440742626e-08,49247252059785621,0,744563668416971,0.000744563668416971,0.0,0,0,0,nan,0
vAMM-BOTTO/WETH,0.018356886661342053,0x55F618171d851d57906431ce9FEEe96Dc6f3877e,0xc6fC7E3838BCb2B0CC6da0251c4F32b8865Ed725,0x24914CB6BD01E6a0CF2a9c0478e33c25926e6a0c,0x4200000000000000000000000000000000000006,0x940181a94A35A4569E4529A3CDfB74e38FD98631,18,18,18,0,749441538033,0.0,7.49441538033e-07,749441538033,940787886475898,143544851272519498160431,143544.8512725195,0.0,0,0,0,nan,0
vAMM-cbBTC/TAROT,0.05028432000261965,0x2E26a29f782e51296d9D31f78D4883462a2d339d,0xD9f451A489d622E46E77b74dBD95A5616bca41e2,0xcbB7C0000aB88B473b1f5aFd9ef808440eed33Bf,0xF544251D25f3d243A36B07e7E7962a678f952691,0x940181a94A35A4569E4529A3CDfB74e38FD98631,18,8,18,15,0,1.5e-07,0.0,15,2577089971845786,393206940222406366877194,393206.94022240635,2.7835438128255933e-23,10.945087456161621,0,10.945087456161621,35925.42698240821,1776297600
vAMM-BAVA/USDC,1.0450331713823184e-06,0x2215Ae205C5F28af4103e77478D65AF1044559F6,0x73e01eC7c5b11dFDf9b140708AbB8e63f002F10f,0x3fbdE9864362CE4Abb244EbeF2EF0482ABA8eA39,0x833589fCD6eDb6E08f4c7C32D4f71b54bdA02913,0x940181a94A35A4569E4529A3CDfB74e38FD98631,18,18,6,105146949759676602397831,6355234,105146.9497596766,6.355234,105146949759676608753065,0,8171817690460003505,8.171817690460003,0.0,0,0,0,nan,0
vAMM-USDC/CARV,5.7071781199732774e-05,0xbe54ED1762172820d088aa676a8E2947AeEB10b0,0xCe3Dff721ef6E293664da2Bb4Dcbca563aa43055,0x833589fCD6eDb6E08f4c7C32D4f71b54bdA02913,0xc08Cd26474722cE93F4D0c34D16201461c10AA8C,0x940181a94A35A4569E4529A3CDfB74e38FD98631,18,6,18,6351582,26661859482819110699,6.351582,26.66185948281911,26661859482825462281,0,446282667388571175326,446.28266738857116,0.0,0,0,0,nan,0
vAMM-WETH/TALENT,4.871234835940565e-08,0x53C1d63A83506623B866e880546FF87885b2120E,0x2b3197894d2D8D0355e344bda8Ece023a82C6251,0x4200000000000000000000000000000000000006,0x9a33406165f562E16C3abD82fd1185482E01b49a,0x940181a94A35A4569E4529A3CDfB74e38FD98631,18,18,18,3054710386352055,147451592669606352384,0.003054710386352055,147.45159266960636,147454647379992704439,0,380914635982986203,0.3809146359829862,0.0,0,0,0,nan,0
vAMM-WETH/VRTX,3.7872613075716707e-06,0xe20eEb487186EC2e9272B9D2B5732d31e115d3e3,0x30cf555B45c81CEc2e5770CCE484De79f37e6eA6,0x4200000000000000000000000000000000000006,0xFB0c734Fc3008683c5efF45bcf8128836C4D97D0,0x940181a94A35A4569E4529A3CDfB74e38FD98631,18,18,18,3393294249893175,21846532107727479918937,0.003393294249893175,21846.53210772748,21846535501021729812112,0,29615145049100502613,29.6151450491005,0.0,0,0,0,nan,0
vAMM-WETH/SYRUP,0.0011163101489115922,0xFC42A013ebD8B160C35c6A0FE876DE4e42da262a,0x9b872778b8010F6Ebf9f230f13A7e97da09a762F,0x4200000000000000000000000000000000000006,0x688AEe022AA544f150678B8E5720b6b96a9E9a2F,0x940181a94A35A4569E4529A3CDfB74e38FD98631,18,18,18,0,0,0.0,0.0,0,57211307423066,8729180348265197499781,8729.180348265198,0.0,0,0,0,nan,0
vAMM-fBOMB/USDC,1.4601781847320705,0xFf8e0bD2d8F02904e7e18Dd00ea50aeC68f37A10,0x0254263E74061b410Cbc33bf11fCe4A961ea8fE1,0x74ccbe53F77b08632ce0CB91D3A545bF6B8E0979,0x833589fCD6eDb6E08f4c7C32D4f71b54bdA02913,0x940181a94A35A4569E4529A3CDfB74e38FD98631,18,18,6,0,27461,0.0,0.027461,27461,74835413797406024,11418115948830445380745116,11418115.948830446,5.612914897786492e-23,640.8891311384396,0,640.8891311384396,17816.05490570256,1776297600
vAMM-USDC/RECORD,1.8003115033471607e-06,0x2508ec71d3E0f227D2AA3F190f055E288770Bb20,0xC27d16C68AD5C22Ff15d20117DA3a40b6A7e89cf,0x833589fCD6eDb6E08f4c7C32D4f71b54bdA02913,0xE642657E4F43e6DcF0bd73Ef24008394574Dee28,0x940181a94A35A4569E4529A3CDfB74e38FD98631,18,6,18,212073,223665847648360934125,0.212073,223.66584764836094,223665847648361146198,0,14077847282044555790,14.077847282044555,0.0,0,0,0,nan,0
vAMM-WETH/VIS,1.741163613426106e-05,0xDbdfAc0F9268EF02c34Ed58c9Fab3517a98444dc,0x018b51fe7a1B422447f069c360f5759f64E72dB6,0x4200000000000000000000000000000000000006,0xFc60AA1fFCA50Ce08b3cDeC9626c0Bb9E9b09BeC,0x940181a94A35A4569E4529A3CDfB74e38FD98631,18,18,18,247775330596114578,16223664394025101770529,0.2477753305961146,16223.664394025102,16223912169355697885107,0,136153301233108184956,136.15330123310818,0.0,0,0,0,nan,0
vAMM-EXTRA/cbBTC,0.0009135205220840177,0x112aAB1af0393325Ae24ba4cF4555783574E16F7,0x0c807068a3b80B56Ae3547Dc1Cee72F6f0D550B6,0x2dAD3a13ef0C6366220f989157009e501e7938F8,0xcbB7C0000aB88B473b1f5aFd9ef808440eed33Bf,0x940181a94A35A4569E4529A3CDfB74e38FD98631,18,18,8,5618039553657423421,0,5.6180395536574235,0.0,5618039553657423421,46818728698596,7143431775557839527553,7143.4317755578395,7.20030967685733e-22,5.143492093951925,0,5.143492093951925,1388.8291544100132,1776297600
vAMM-HENLO/WETH,2.6275753887910656e-07,0x9342001C286d21C7507694Cd52A9AA73C3d5ce56,0xeD34DbC85cb8D0dE1dFc53309B7837D8bda43Cba,0x23A96680Ccde03Bd4Bdd9a3e9a0Cb56A5D27F7c9,0x4200000000000000000000000000000000000006,0x940181a94A35A4569E4529A3CDfB74e38FD98631,18,18,18,290231194820827949303629962930220,40291175568016813091,290231194820827.94,40.29117556801681,290231194820868240479197979743311,0,2054678036366822742,2.0546780363668224,0.0,0,0,0,nan,0
vAMM-USDC/G,0.00036773557509465636,0x637E0567eDD057f865Afb4602F3B961909E09774,0x509C953cDC289C476EA19f124c3E5804d479a1fb,0x833589fCD6eDb6E08f4c7C32D4f71b54bdA02913,0x9C7BEBa8F6eF6643aBd725e45a4E8387eF260649,0x940181a94A35A4569E4529A3CDfB74e38FD98631,18,6,18,937876,114716050602824575351,0.937876,114.71605060282458,114716050602825513227,0,2875571953371623376189,2875.5719533716233,0.0,0,0,0,nan,0
vAMM-USDC/MCADE,0.00040634879955249665,0x1c3FCeA97a3161434901097878faF90227cD3394,0x918A82Cc55E919087944849812C44D07a7f2d5aD,0x833589fCD6eDb6E08f4c7C32D4f71b54bdA02913,0xc48823EC67720a04A9DFD8c7d109b2C3D6622094,0x940181a94A35A4569E4529A3CDfB74e38FD98631,18,6,18,11951395,3890497866810750245113,11.951395,3890.49786681075,3890497866810762196508,0,3177514742702320751075,3177.5147427023207,0.0,0,0,0,nan,0
vAMM-WETH/DOGE,7.385299124439453e-05,0x43Cdb48293FbDF1FA1dc56965AC97e0df211D7e8,0xE737086945b0288D09Dd18dCeE8C82971A0a0e04,0x4200000000000000000000000000000000000006,0x67f0870BB897F5E1c369976b4A2962d527B9562c,0x940181a94A35A4569E4529A3CDfB74e38FD98631,18,18,18,241261531914617,348662341657618763763,0.000241261531914617,348.66234165761875,348662582919150678380,0,577506242740633257730,577.5062427406333,0.0,0,0,0,nan,0
vAMM-WETH/FAI,0.010516048281830958,0x5447F7FE76894d98753A0A6d69B9cb840037c13D,0xC8A601c97574088a50A63fca15aF9448fd36579A,0x4200000000000000000000000000000000000006,0xb33Ff54b9F7242EF1593d2C9Bcd8f9df46c77935,0x940181a94A35A4569E4529A3CDfB74e38FD98631,18,18,18,0,0,0.0,0.0,0,538962053820818,82232058978115361317173,82232.05897811537,8.683889064265914e-22,71.40940776921258,0,71.40940776921258,1151.5577785476169,1776297600
vAMM-fBOMB/uSOL,1.6890684496912418e-07,0xCDD9bc6a949d18868254372f505E2829B6A0dCa0,0xe849F5aFF4654012F025F93bD6A8357d3c549e65,0x74ccbe53F77b08632ce0CB91D3A545bF6B8E0979,0x9B8Df6E244526ab5F6e6400d331DB28C8fdDdb55,0x940181a94A35A4569E4529A3CDfB74e38FD98631,18,18,18,811031713656778902,94000358971674,0.811031713656779,9.4000358971674e-05,811125714015750576,0,1320796297722026642,1.3207962977220267,0.0,0,0,0,nan,0
vAMM-WETH/COOKIE,2.202470567828896e-05,0xeD445A77E75F18B04818d940d0E490C15C6072B7,0x6cf5A745dd93e1Bf18f5893409b1B1DaCBe7cc11,0x4200000000000000000000000000000000000006,0xC0041EF357B183448B235a8Ea73Ce4E4eC8c265F,0x940181a94A35A4569E4529A3CDfB74e38FD98631,18,18,18,0,0,0.0,0.0,0,1128796700912,172225996664723527322,172.22599666472354,1.8263437611291273e-21,0.3145438745128637,0,0.3145438745128637,547.5420461817962,1776297600
vAMM-INTX/USDC,1.0508064012625768e-05,0xA3fCbeF28465ddBAE92F5Bf6EF2D22a6C23ea160,0x5A303807a8EC667Be61f500bF09A8ACCF1B58303,0x7D27187eb33a7B1d99258FF222633670F84fa342,0x833589fCD6eDb6E08f4c7C32D4f71b54bdA02913,0x940181a94A35A4569E4529A3CDfB74e38FD98631,18,18,6,1774631771558623953456,100727345,1774.631771558624,100.727345,1774631771558724680801,0,82169624603663825649,82.16962460366382,0.0,0,0,0,nan,0
vAMM-AIXBT/AERO,2.841248953979295e-06,0xEdBB53445B0Ff73852AB86C3605b3426CF9123c7,0xE741938F18152c16573465457636b5BA7078366C,0x4F9Fd6Be4a90f2620860d680c0d4d5Fb53d1A825,0x940181a94A35A4569E4529A3CDfB74e38FD98631,0x940181a94A35A4569E4529A3CDfB74e38FD98631,18,18,18,1605294960141696818094,194605427493901070289,1605.2949601416967,194.60542749390106,1799900387635597888383,0,22217637775475716303,22.217637775475716,0.0,0,0,0,nan,0
vAMM-USDC/MET,0.11051193908078105,0xdA9b1279A069A7166560f3D7f20B5b0237af8459,0x0472A241929cC4E34951bD761dFAc665c4692171,0x833589fCD6eDb6E08f4c7C32D4f71b54bdA02913,0x93dc5Cb35627A759848c7A7F0079EA7b49E435a5,0x940181a94A35A4569E4529A3CDfB74e38FD98631,18,6,18,0,0,0.0,0.0,0,5663890090881990,864167227909914673096719,864167.2279099147,1.0054905826261402e-22,86.89120094775566,0,86.89120094775566,9945.393992534471,1776297600
vAMM-USDC/AUKI,0.015375035660311707,0x437846Bee5e09A17d4fd944e97fD29a54c30Ed7f,0x71dC14Ae59089140c2DD12cE22d1d0517226885D,0x833589fCD6eDb6E08f4c7C32D4f71b54bdA02913,0xF9569cFb8FD265e91aa478d86ae8c78b8AF55Df4,0x940181a94A35A4569E4529A3CDfB74e38FD98631,18,6,18,0,0,0.0,0.0,0,787864206818418,120227751463808154629721,120227.75146380815,1.847774291916251e-21,222.15374832972114,0,222.15374832972114,541.1916403290473,1776297600
vAMM-cbBTC/CHAMP,0.0003981260396775005,0x32450CEBe156B2Ca77Dd517e0182409d89b723Ff,0xCFede447ca3b4885720B5a327e3BFb02078f06e8,0xcbB7C0000aB88B473b1f5aFd9ef808440eed33Bf,0xEb6d78148F001F3aA2f588997c5E102E489Ad341,0x940181a94A35A4569E4529A3CDfB74e38FD98631,18,8,18,0,0,0.0,0.0,0,20404781446735,3113215449195669831088,3113.21544919567,2.8801668539445465e-21,8.96657994596145,0,8.96657994596145,347.2021069301749,1776297600
vAMM-SKI/AERO,2.7637089916460107e-07,0x9EFC401fc56c277aF2024659862A7a05892B5980,0x4A6dA782B6ca505fb82FD57784f39734D073D0D6,0x768BE13e1680b5ebE0024C42c896E3dB59ec0149,0x940181a94A35A4569E4529A3CDfB74e38FD98631,0x940181a94A35A4569E4529A3CDfB74e38FD98631,18,9,18,117,29531823889886401,1.17e-07,0.0295318238898864,29531823889886518,0,2161130062440271853,2.161130062440272,0.0,0,0,0,nan,0
vAMM-AERO/MORPHO,0.002222363232580856,0xd433B339c5C801228E1343C678Dc26213A7B8Aac,0x3B1A591878D6B27dE5116741BCbd5f48B547D204,0x940181a94A35A4569E4529A3CDfB74e38FD98631,0xBAa5CC21fd487B8Fcc2F632f3F4E8D37262a0842,0x940181a94A35A4569E4529A3CDfB74e38FD98631,18,18,18,0,0,0.0,0.0,0,113900703638491,17378153800237725914405,17378.153800237724,4.0536868492871006e-21,70.44559352491231,0,70.44559352491231,246.68901106060142,1776297600
vAMM-OX/cbBTC,7.472839674129606e-05,0xdC4260f59CBc870c6BE271100430C23FD632D33E,0x5AFCf03d8D37bcB6f3152C250F168bd70Fcb8119,0xba0Dda8762C24dA9487f5FA026a9B64b695A07Ea,0xcbB7C0000aB88B473b1f5aFd9ef808440eed33Bf,0x940181a94A35A4569E4529A3CDfB74e38FD98631,18,18,8,0,0,0.0,0.0,0,3829984606398,584351627482290169418,584.3516274822902,8.694227804603258e-23,0.050804861673216926,0,0.050804861673216926,11501.88403702211,1776297600
vAMM-AERO/AUKI,0.0004309364776459556,0x16f7e8199B46Ff86D33be983Ee6c642d9c14A5ae,0x7a1b8b9a035b9B578714987D4887177daB22c709,0x940181a94A35A4569E4529A3CDfB74e38FD98631,0xF9569cFb8FD265e91aa478d86ae8c78b8AF55Df4,0x940181a94A35A4569E4529A3CDfB74e38FD98631,18,18,18,0,0,0.0,0.0,0,22086384128289,3369782345601173629669,3369.782345601174,0.0,0,0,0,nan,0
sAMM-USR/USDC,0.0012986977577219676,0xd3eE0a3B349237D68517DF30bFB66Be971f46Ad9,0xBbebd633E692C892EAa6DDfbbD1517bEb3F0358A,0x35E5dB674D8e93a03d814FA0ADa70731efe8a4b9,0x833589fCD6eDb6E08f4c7C32D4f71b54bdA02913,0x940181a94A35A4569E4529A3CDfB74e38FD98631,18,18,6,0,0,0.0,0.0,0,66560941186233,10155391811223685031047,10155.391811223684,6.446816245479135e-22,6.546994490780262,0,6.546994490780262,1551.1532544475042,1776297600
vAMM-VIRTUAL/AIXBT,0.0005355061183972954,0xeb3458046d3aA2fdbBbF4FEe58C755744ec42ce2,0xBE208720227e7b8832BC3DE3B75E02C187783BD8,0x0b3e328455c4059EEb9e3f84b5543F74E24e7E1b,0x4F9Fd6Be4a90f2620860d680c0d4d5Fb53d1A825,0x940181a94A35A4569E4529A3CDfB74e38FD98631,18,18,18,0,0,0.0,0.0,0,27446157211959,4187482743614877664403,4187.482743614877,6.030259592378206e-22,2.525160798260182,0,2.525160798260182,1658.3034025001589,1776297600
vAMM-WETH/HEU,0.00141643102731695,0xF930E1342fC23c5c7BceaE58cBbc776Eeb4cFb87,0xa936fcE0237cA8F36d66BC2605B0f28584f8036b,0x4200000000000000000000000000000000000006,0xEF22cb48B8483dF6152e1423b19dF5553BbD818b,0x940181a94A35A4569E4529A3CDfB74e38FD98631,18,18,18,0,0,0.0,0.0,0,72595974761199,11076027482490810595885,11076.02748249081,2.44163411560941e-21,27.04360656667697,0,27.04360656667697,409.56177406228977,1776297600
vAMM-WETH/ANZ,0.017096442175389234,0xE4faa73134C66832c272f067adC401f0963A9D7a,0xED2fE03dE7F663CC1265bCfF93af9f15Ff60AcC1,0x4200000000000000000000000000000000000006,0xeeC468333ccc16D4BF1cEf497A56cf8C0aAe4Ca3,0x940181a94A35A4569E4529A3CDfB74e38FD98631,18,18,18,174380617332880,0,0.00017438061733288,0.0,174380617332880,876248243838881,133688587538299926570056,133688.58753829994,4.247652264442639e-22,56.78626315871976,0,56.78626315871976,2354.2416792708345,1776297600
vAMM-BTCB/MIGGLES,5.788651903641502e-08,0x45b09f8238B10555b0D4A46692e75afbD77faC25,0x432Dcaa35D9cD4d2b421e3815a372Dc135Be1845,0x0c41F1FC9022FEB69aF6dc666aBfE73C9FFDA7ce,0xB1a03EdA10342529bBF8EB700a06C60441fEf25d,0x940181a94A35A4569E4529A3CDfB74e38FD98631,18,18,18,1604026898471997906,8401470243220538976,1.6040268984719979,8.401470243220539,10005497141692536882,0,452653650864703704,0.45265365086470366,0.0,0,0,0,nan,0
vAMM-WETH/CXT,0.0019025061357546811,0x923BeBD9FbCAf0F85251a3d5A11BF5BFAa19942F,0x8D4b9bB3d47f27634511fb62e93CEB03e569bC26,0x4200000000000000000000000000000000000006,0xB1E1f3Cc2B6fE4420C1Ac82022b457018Eb628ff,0x940181a94A35A4569E4529A3CDfB74e38FD98631,18,18,18,0,0,0.0,0.0,0,97509624707035,14876975891400737847398,14876.975891400738,2.7844215051409234e-21,41.423771603479274,0,41.423771603479274,359.1410273745133,1776297600
vAMM-WETH/SYMM,0.03717894604645556,0x3eB2a8015dE1419a5089dAb37b0056F0fc24f821,0x925bC135a96716D48aD5FE9AB553076146147785,0x4200000000000000000000000000000000000006,0x800822d361335b4d5F352Dac293cA4128b5B605f,0x940181a94A35A4569E4529A3CDfB74e38FD98631,18,18,18,0,0,0.0,0.0,0,1924230895900121,290727201140616429469324,290727.20114061644,1.8311642769616732e-21,532.3692650697478,0,532.3692650697478,546.1006489593781,1776297600
vAMM-USR/USDC,4.178915302008747e-08,0x8E5a94965005FF2eB41B69B9ADf41273f38d872a,0x2d1102727dFB75aDa41272761C132c47fAECfEdC,0x35E5dB674D8e93a03d814FA0ADa70731efe8a4b9,0x833589fCD6eDb6E08f4c7C32D4f71b54bdA02913,0x940181a94A35A4569E4529A3CDfB74e38FD98631,18,18,6,237746471222947259215,73118228,237.74647122294726,73.118228,237746471223020377443,0,326777512207751551,0.32677751220775153,0.0,0,0,0,nan,0
vAMM-WETH/ODOS,4.940784395736067e-06,0xd085Ef129A79d1fDE3912cD288A0F9558b33A282,0x5e6334757f1ae0054EFd7E6f33f56F5a54799597,0x4200000000000000000000000000000000000006,0xca73ed1815e5915489570014e024b7EbE65dE679,0x940181a94A35A4569E4529A3CDfB74e38FD98631,18,18,18,21736618220832258,14485816806892317646426,0.021736618220832258,14485.816806892317,14485838543510538478684,0,38635318414264708257,38.6353184142647,0.0,0,0,0,nan,0
vAMM-eBTC/cbBTC,3.0238384554903386e-08,0x14048DFa85509B75d3951F318152Ec363999eAC0,0xC8360CBb1b81eDB6dC8107FDF37BDAe0759F3dAc,0x657e8C867D8B37dCC18fA4Caead9C45EB088C642,0xcbB7C0000aB88B473b1f5aFd9ef808440eed33Bf,0x940181a94A35A4569E4529A3CDfB74e38FD98631,18,8,8,86234,86060,0.00086234,0.0008606,172294,0,236454279733376232,0.2364542797333762,0.0,0,0,0,nan,0
vAMM-VIRTUAL/GAME,2.3048055710982424e-05,0x9f7700b6030471D89c643f30b2315A670Ab13bB4,0x08d745c2193617D1d50c8703907605d7903343d8,0x0b3e328455c4059EEb9e3f84b5543F74E24e7E1b,0x1C4CcA7C5DB003824208aDDA61Bd749e55F463a3,0x940181a94A35A4569E4529A3CDfB74e38FD98631,18,18,18,31787493783236967603,1457846437006748877668,31.787493783236968,1457.8464370067488,1489633930789985845271,0,180228259300689054490,180.22825930068905,0.0,0,0,0,nan,0
vAMM-WETH/GEKKO,6.194475378030645e-08,0x1977911144b93b6f949dECFF7D7EA7E081F7F08C,0xd4c7c645D4B4e991D0eF00D652CA32e472033a95,0x4200000000000000000000000000000000000006,0xf7b0dd0B642a6ccc2fc4d8FfE2BfFb0caC8C43C8,0x940181a94A35A4569E4529A3CDfB74e38FD98631,18,18,18,148117998676952726,259952678309743987195795,0.14811799867695272,259952.678309744,259952826427742664148521,0,484387719581685061,0.4843877195816851,0.0,0,0,0,nan,0
vAMM-Anon/USDC,0.004111344014484901,0x3667af77FF1481aca513d2C97A32C0ac31ba813D,0x0c41ADAA6489213FE6ab44A4794a8212e84a6eF4,0x79bbF4508B1391af3A0F4B30bb5FC4aa9ab0E07C,0x833589fCD6eDb6E08f4c7C32D4f71b54bdA02913,0x940181a94A35A4569E4529A3CDfB74e38FD98631,18,18,6,0,0,0.0,0.0,0,210726626851417,32149365847108860069664,32149.36584710886,4.282568416708222e-21,137.68185879402637,0,137.68185879402637,233.50473423811542,1776297600
vAMM-WETH/FLOCK,0.020278528466347236,0x4910C78a1C75E36548F1f2f1f4dCb71A4F69fC07,0x35388feDFe7C0d8EA803f2Ae5534F357b0b361ff,0x4200000000000000000000000000000000000006,0x5aB3D4c385B400F3aBB49e80DE2fAF6a88A7B691,0x940181a94A35A4569E4529A3CDfB74e38FD98631,18,18,18,9648363144822746,282431852939738830870,0.009648363144822746,282.4318529397388,282441501302883653616,1039271761527637,158571461840390048534525,158571.46184039005,3.663609818015742e-21,580.9439644555615,0,580.9439644555615,272.95483134762776,1776297600
vAMM-ATH/AERO,5.788651903641502e-08,0xBc91c004F5373e3D048d22579209e865007AC4B5,0x93795d7b30d50179bC409a21C5F2184638697eC3,0x58D75a1c4477914f9a98A8708fEaeD1DbE40b8a3,0x940181a94A35A4569E4529A3CDfB74e38FD98631,0x940181a94A35A4569E4529A3CDfB74e38FD98631,18,18,18,39279,21968,3.9279e-14,2.1968e-14,61247,0,452653650864703704,0.45265365086470366,0.0,0,0,0,nan,0
vAMM-1000X/WETH,0.0002957862895489611,0x23dA62CE083687cD72EBCBA36eEc6752fa51B715,0x7d1a8AA63DBA54E39b141098f16Dd9EccB5aDE62,0x352b850b733ab8baB50aED1Dab5D22E3186ce984,0x4200000000000000000000000000000000000006,0x940181a94A35A4569E4529A3CDfB74e38FD98631,18,18,18,0,0,0.0,0.0,0,15159457415460,2312952066712379235921,2312.9520667123793,9.97478756914162e-21,23.07120552306306,0,23.07120552306306,100.25276158197472,1776297600
vAMM-BNKR/wBLT,0.0015501089434902836,0x17c9A4b6CAD28F5074C81B056C32bAD334329f25,0x378d2D0f69C0c838DF8019f62De8a891655381B9,0x22aF33FE49fD1Fa80c7149773dDe5890D3c76F3b,0x4E74D4Db6c0726ccded4656d0BCE448876BB4C7A,0x940181a94A35A4569E4529A3CDfB74e38FD98631,18,18,18,0,0,0.0,0.0,0,79450225242893,12121345076346818238599,12121.345076346819,1.1334561923739618e-21,13.739013636686934,0,13.739013636686934,882.2573000422318,1776297600
vAMM-USDC/SEND,0.001878956098431654,0x69bc1d350fE13F499c6AedEd2C5eA9471b2a599A,0x342D92F92b2365e15126b852A56820427Af56900,0x833589fCD6eDb6E08f4c7C32D4f71b54bdA02913,0xEab49138BA2Ea6dd776220fE26b7b8E446638956,0x940181a94A35A4569E4529A3CDfB74e38FD98631,18,6,18,0,0,0.0,0.0,0,96283500659371,14692822300034114904931,14692.822300034115,1.1010183251474204e-21,16.17706660047223,0,16.17706660047223,908.2500964424052,1776297600
vAMM-WETH/BID,0.08094266869728058,0x74F22A01Da78294f8dF640C98A414FE209e33f60,0x1AEeafdeAB8D8F99853CD5B7a8844cC4ffe0fC70,0x4200000000000000000000000000000000000006,0xa1832f7F4e534aE557f9B5AB76dE54B1873e498B,0x940181a94A35A4569E4529A3CDfB74e38FD98631,18,18,18,0,0,0.0,0.0,0,4161107625877297,632945202206881888374297,632945.2022068818,1.7727401567996408e-21,1122.0473770058081,0,1122.0473770058081,564.0984642697538,1776297600
sAMM-Bold/USDC,2.4811401265482166e-06,0xeb754F9750e1d2CD87835592d37eE9f15c217b50,0xc6081F7DA8762D5f76E1897Bf6dcC773aa62Ae7c,0x087C440F251Ff6Cfe62B86DdE1bE558B95b4bb9b,0x833589fCD6eDb6E08f4c7C32D4f71b54bdA02913,0x940181a94A35A4569E4529A3CDfB74e38FD98631,18,18,6,451697589209605502,401237,0.4516975892096055,0.401237,451697589210006739,0,19401704495004265347,19.401704495004267,0.0,0,0,0,nan,0
vAMM-WETH/VVV,1.8142013542808553,0x01784ef301D79e4B2DF3a21ad9a536d4cF09A5Ce,0x37a70295FCefebBB0a29735A53E2e6786A02F930,0x4200000000000000000000000000000000000006,0xacfE6019Ed1A7Dc6f7B508C02d1b04ec88cC21bf,0x940181a94A35A4569E4529A3CDfB74e38FD98631,18,18,18,77827935329116222,25980641418159504126,0.07782793532911622,25.980641418159504,26058469353488620348,92985499949597805,14186461374578745609056773,14186461.374578746,7.124377682866434e-22,10106.970881589548,0,10106.970881589548,1403.6313689614199,1776297600
vAMM-AERO/uADA,8.227902132935843e-07,0xa65bC40C8368Ac2f814b13caCC75a47A30a2ac81,0x6a1a65e681FB4a3DE02556c418f580ade8397e18,0x940181a94A35A4569E4529A3CDfB74e38FD98631,0xa3A34A0D9A08CCDDB6Ed422Ac0A28a06731335aA,0x940181a94A35A4569E4529A3CDfB74e38FD98631,18,18,18,11408842279373097503,13888800198690618231,11.408842279373097,13.888800198690618,25297642478063715734,0,6433950428230047049,6.433950428230046,0.0,0,0,0,nan,0
vAMM-wIRON/USDC,0.0035568016028594217,0x9941dfa4d724fd7a2E5E5d9777560b20de98cE0d,0x9d21b1fc0Ccd64Cff8bDf29F45eb426f97f47680,0x166e70941262AE7cBf9df5c8897A6242c546457d,0x833589fCD6eDb6E08f4c7C32D4f71b54bdA02913,0x940181a94A35A4569E4529A3CDfB74e38FD98631,18,8,6,0,0,0.0,0.0,0,182259666570744,27813025515024240767744,27813.02551502424,2.3248767035583823e-21,64.66185507535474,0,64.66185507535474,430.130337006445,1776297600
vAMM-Bold/POOL,3.1924603064695304e-06,0x72cCcbd837E15500169323d3cC3FCC266db03700,0x191863cC6560E877B09dD3d7847DFD4CB84d6575,0x087C440F251Ff6Cfe62B86DdE1bE558B95b4bb9b,0xd652C5425aea2Afd5fb142e120FeCf79e18fafc3,0x940181a94A35A4569E4529A3CDfB74e38FD98631,18,18,18,9326186396963277597,43449977690717004116,9.326186396963278,43.449977690717006,52776164087680281713,0,24963995711247023403,24.963995711247023,0.0,0,0,0,nan,0
sAMM-USDC/cUSDO,3.452981958675825e-05,0x5feDe9d65714907381A76AA9bF949219dD1c5023,0x78Fff283c03557ca8BBa0A134386b717e04490dc,0x833589fCD6eDb6E08f4c7C32D4f71b54bdA02913,0x83dB73EF5192de4B6a4c92bD0141Ba1a0Dc87c65,0x940181a94A35A4569E4529A3CDfB74e38FD98631,18,6,18,0,0,0.0,0.0,0,1769396808517,270011898449329590225,270.0118984493296,0.0,0,0,0,nan,0
vAMM-USDC/SQD,0.03832125043810084,0xa6C7Fbd1b4c71673DFDaDfaa9D17F14833D3245E,0x1EfB3Df7B4cc8C41dA408be577732cb1E8Af1546,0x833589fCD6eDb6E08f4c7C32D4f71b54bdA02913,0xd4554BEa546EFa83C1E6B389ecac40EA999B3E78,0x940181a94A35A4569E4529A3CDfB74e38FD98631,18,6,18,0,0,0.0,0.0,0,1963679481533994,299659647967342123981722,299659.6479673421,9.95128974969737e-22,298.19999832153337,0,298.19999832153337,1004.8948680550792,1776297600
vAMM-WETH/RIZ,6.785217296503696e-05,0x04B27c418aaAD06539210ae9A0298076904Cd70B,0x055Ea0Fde71dDe3A4bb80856f5768016E99DCB3c,0x4200000000000000000000000000000000000006,0x67543CF0304C19CA62AC95ba82FD4F4B40788dc1,0x940181a94A35A4569E4529A3CDfB74e38FD98631,18,18,8,8947651635508420,1245746624818,0.00894765163550842,12457.46624818,8948897382133238,0,530581805971199915743,530.5818059711999,0.0,0,0,0,nan,0
vAMM-WETH/KTA,0.0064345476904676905,0xd9eDC75a3a797Ec92Ca370F19051BAbebfb2edEe,0x0e62c181134Ca74837694a7D6d7501C3D4fe6363,0x4200000000000000000000000000000000000006,0xc0634090F2Fe6c6d75e61Be2b949464aBB498973,0x940181a94A35A4569E4529A3CDfB74e38FD98631,18,18,18,9532169179884613,112982660094509326635,0.009532169179884612,112.98266009450933,112992192263689211248,329726052309060,50316058941478018384039,50316.05894147802,0.0,0,0,0,nan,0
sAMM-oUSDT/USDC,0.0005858247990814925,0xc84f7c63742EA1894EE04e5F49fbaE8C3a4a734d,0xe68921DD3923E90e7970c109B0d6f3c4a8B28Ca7,0x1217BfE6c773EEC6cc4A38b5Dc45B92292B6E189,0x833589fCD6eDb6E08f4c7C32D4f71b54bdA02913,0x940181a94A35A4569E4529A3CDfB74e38FD98631,18,6,6,0,0,0.0,0.0,0,30019467977841,4580958373131805938376,4580.958373131806,0.0,0,0,0,nan,0
vAMM-USDC/AITECH,0.003561567161104667,0x95b9662f58d638b65Ac957ACb1365697c34c832b,0x018F92c3FeF19f88a03D4d9E700Afe9FAd496D60,0x833589fCD6eDb6E08f4c7C32D4f71b54bdA02913,0xD71552d9e08E5351AdB52163B3bbbC4d7DE53Ce1,0x940181a94A35A4569E4529A3CDfB74e38FD98631,18,6,18,0,0,0.0,0.0,0,182505676631215,27850290622237914046912,27850.290622237913,0.0,0,0,0,nan,0
vAMM-BNKR/USDC,1.1652782248096854e-05,0xbd583f38ea4A388E938E7cC5Aa993CCCb91A704e,0xa8d13F77c9598cF68237d6e547ef84242592252B,0x22aF33FE49fD1Fa80c7149773dDe5890D3c76F3b,0x833589fCD6eDb6E08f4c7C32D4f71b54bdA02913,0x940181a94A35A4569E4529A3CDfB74e38FD98631,18,18,6,180390720339306270442101,91549264,180390.72033930628,91.549264,180390720339306361991365,0,91120946899817542198,91.12094689981754,0.0,0,0,0,nan,0
vAMM-STPT/USDC,7.41905825246968e-05,0x3B85f7EaBBD2548CC5AfFb7BdF4bd2ca063404ad,0x12Cfd0322fF97062A06d36E70e24F1691a7b6517,0x4489d0a0345eCB216A3994De780d453c7fA6312C,0x833589fCD6eDb6E08f4c7C32D4f71b54bdA02913,0x940181a94A35A4569E4529A3CDfB74e38FD98631,18,18,6,50426152715321353881357,2957153923,50426.152715321354,2957.153923,50426152715324311035280,0,580146096165448435702,580.1460961654484,0.0,0,0,0,nan,0
vAMM-WETH/ZENT,8.141086518282144e-05,0x82bdbC291762b478dE875E44fFF7b9717651bfe5,0xc771e723363c5434E4f69694F3404008F675410C,0x4200000000000000000000000000000000000006,0xdf49c226ED9CF05Be0e38cdb86Df4E8A945158B1,0x940181a94A35A4569E4529A3CDfB74e38FD98631,18,18,18,0,0,0.0,0.0,0,4171784994669,636606345630772611298,636.6063456307726,0.0,0,0,0,nan,0
vAMM-cbBTC/EDGE,0.5348132511834258,0x594b83709464A83F37aC77E69DDD447a8A33c0EE,0x6e64524E3620C0Cd6af727B3D9Bd998396441aD0,0xcbB7C0000aB88B473b1f5aFd9ef808440eed33Bf,0xED6E000dEF95780fb89734c07EE2ce9F6dcAf110,0x940181a94A35A4569E4529A3CDfB74e38FD98631,18,8,18,5,86132722578603818298,5e-08,86.13272257860382,86132722578603818303,27551267998908845,4182064748559324366235863,4182064.7485593245,9.863098180472994e-23,412.48115212135724,0,412.48115212135724,10138.802044775388,1776297600
vAMM-WETH/KING,0.00011098528338814484,0xdc5f7C7916C7792603FDc17F05f7929b423015ac,0x58dA2a684342294d3E4991924Ce59a80538f8432,0x4200000000000000000000000000000000000006,0xE22C243c7559C667a1EB94B593369D192c5fbac0,0x940181a94A35A4569E4529A3CDfB74e38FD98631,18,18,18,0,0,0.0,0.0,0,5687284354833,867868625617202141367,867.8686256172022,0.0,0,0,0,nan,0
vAMM-AERO/TOWER,0.0001808593043268381,0x41fe2f2FD39E87E7e92a62E04e689bE807066A44,0xaB0666D38CB5983570c5106E5eD39523AF38f099,0x940181a94A35A4569E4529A3CDfB74e38FD98631,0xf7C1CEfCf7E1dd8161e00099facD3E1Db9e528ee,0x940181a94A35A4569E4529A3CDfB74e38FD98631,18,18,18,0,0,0.0,0.0,0,9267971980544,1414260621629250765718,1414.2606216292509,1.1681731130868457e-20,16.521012330847796,0,16.521012330847796,85.60375074525935,1776297600
vAMM-AERO/CHAMP,0.0006043645244481575,0x48a346A833775ed92bF52Dd598246e5a71f3d4A5,0x987fe7bBbfa94404d8F38D3B6F52e8c912d4F36A,0x940181a94A35A4569E4529A3CDfB74e38FD98631,0xEb6d78148F001F3aA2f588997c5E102E489Ad341,0x940181a94A35A4569E4529A3CDfB74e38FD98631,18,18,18,0,0,0.0,0.0,0,30970115137115,4725932963294510473462,4725.932963294511,6.208264314018625e-22,2.9339840966465602,0,2.9339840966465602,1610.7561621401032,1776297600
vAMM-AWE/USDC,0.0016113742755479571,0xcb7f520d18141E36956fE0b3A6Bc3D4F11245521,0xC7a0De60A7572e86d973B39b1deE9BE8829c8d91,0x1B4617734C43F6159F3a70b7E06d883647512778,0x833589fCD6eDb6E08f4c7C32D4f71b54bdA02913,0x940181a94A35A4569E4529A3CDfB74e38FD98631,18,18,6,0,0,0.0,0.0,0,82573421873617,12600419940217952245539,12600.419940217953,1.086522803361151e-22,1.3690643596973358,0,1.3690643596973358,9203.672457738638,1776297600
sAMM-BOLD/USDC,0.0024350578351830447,0x2De3fE21d32319a1550264dA37846737885Ad7A1,0x7fDCBc8C442C667D41a1041bdc6e588393cEb6fe,0x03569CC076654F82679C4BA2124D64774781B01D,0x833589fCD6eDb6E08f4c7C32D4f71b54bdA02913,0x940181a94A35A4569E4529A3CDfB74e38FD98631,18,18,6,3276510432485318,552,0.003276510432485318,0.000552,3276510432485870,124782343222435,19041356044728062061574,19041.35604472806,5.502110385911637e-22,10.47676428555396,0,10.47676428555396,1817.4844375360735,1776297600
sAMM-BOLD/LUSD,0.0001366089234748846,0xEf3EFc734a3FE0bF20762992ec839939bA3Af050,0x152cB3894E3f2160De21708439e35EFfCB408143,0x03569CC076654F82679C4BA2124D64774781B01D,0x368181499736d0c0CC614DBB145E2EC1AC86b8c6,0x940181a94A35A4569E4529A3CDfB74e38FD98631,18,18,18,0,0,0.0,0.0,0,7000470563610,1068237112559896151075,1068.237112559896,8.214909205054164e-22,0.8775470889148771,0,0.8775470889148771,1217.298907436198,1776297600
vAMM-BOLD/POOL,9.321335749049648e-05,0xAa10db59a60e511872a70aAAf1aff09fb173ba75,0xD51CEdaA7cD1Cd3cb8bc8F4C189698e9967240ff,0x03569CC076654F82679C4BA2124D64774781B01D,0xd652C5425aea2Afd5fb142e120FeCf79e18fafc3,0x940181a94A35A4569E4529A3CDfB74e38FD98631,18,18,18,0,0,0.0,0.0,0,4776681849538,728897976243608164106,728.8979762436082,5.818500201892055e-21,4.241093021932145,0,4.241093021932145,171.86559513649595,1776297600
vAMM-WETH/APU,0.0009930277662242378,0x24dFbc9e3eEDA5A4d5C8851eD4E656d306815498,0x29Ea6bdB07e55c53b32475E0836c01557803E099,0x4200000000000000000000000000000000000006,0xB9926b3fBc5873Db0182016D55727D5ae89E5EFd,0x940181a94A35A4569E4529A3CDfB74e38FD98631,18,18,18,0,0,0.0,0.0,0,50887990539686,7765152427090228000955,7765.152427090227,6.22868361055313e-21,48.36667765606376,0,48.36667765606376,160.54756711445748,1776297600
vAMM-wstETH/cbBTC,4.548569549291418e-11,0xc0734F84e402D69A445D93C60aD2C72258F159b6,0x2256edefD747c76973da71475311DdAec4265CB6,0xc1CBa3fCea344f92D9239c08C0568f6F2F0ee452,0xcbB7C0000aB88B473b1f5aFd9ef808440eed33Bf,0x940181a94A35A4569E4529A3CDfB74e38FD98631,18,18,8,2189721446420,31,2.18972144642e-06,3.1e-07,2189721446451,0,355683265632808,0.000355683265632808,0.0,0,0,0,nan,0
vAMM-AERO/QI,4.498797567699527e-05,0x44D92817E3409556E15BA0F7bD3FD48b49c907d6,0xa64343E14AAD53467E9941B17549C5ACdf7891C6,0x940181a94A35A4569E4529A3CDfB74e38FD98631,0xD3FDCb837DAfdb7C9C3eBD48FE22a53F6Dd3d7D7,0x940181a94A35A4569E4529A3CDfB74e38FD98631,18,18,18,18997704830990601,848571953537152841,0.0189977048309906,0.8485719535371529,867569658368143442,0,351791259419035277648,351.7912594190353,0.0,0,0,0,nan,0
vAMM-EIGEN/KING,5.660102031258276e-06,0x6F01b54c399b27AA0D9D84931b1e730eE55D1080,0xA0e41131422843F4519B8C31D176C9cf902a543C,0x2081Ab0D9EC9e4303234Ab26D86b20B3367946ee,0xE22C243c7559C667a1EB94B593369D192c5fbac0,0x940181a94A35A4569E4529A3CDfB74e38FD98631,18,18,18,0,0,0.0,0.0,0,290093833115,44260147118261680431,44.260147118261685,0.0,0,0,0,nan,0
vAMM-FLOCK/AERO,0.0016946588256828428,0xdAA601bc9E5B00337f11fB17CD574D3f01633Fe6,0x85b1A485194F0e3F9281dDf0ea212933Bc42dea7,0x5aB3D4c385B400F3aBB49e80DE2fAF6a88A7B691,0x940181a94A35A4569E4529A3CDfB74e38FD98631,0x940181a94A35A4569E4529A3CDfB74e38FD98631,18,18,18,0,0,0.0,0.0,0,86856774332162,13251677889507749349954,13251.67788950775,3.0767687540266216e-21,40.77234846886289,0,40.77234846886289,325.0163011735225,1776297600
vAMM-WETH/LCAP,0.022566868460350113,0xb8B1a52b1893F3369eDb63aeE516F2e8B7D45A53,0xF8f03483a2Cf356F8E0d95E43eAF7C77a5524348,0x4200000000000000000000000000000000000006,0x4dA9A0f397dB1397902070f93a4D6ddBC0E0E6e8,0x940181a94A35A4569E4529A3CDfB74e38FD98631,18,18,18,0,0,0.0,0.0,0,1156445597777293,176465532341563292673126,176465.5323415633,1.0609248797606377e-22,18.721667368136995,0,18.721667368136995,9425.738043070653,1776297600
vAMM-SIRE/USDC,0.001665699330420972,0xeF6F90aCDa6e8102093F3F4e28D952B0276E4ABB,0xD29D5597c1225B874a9d9EBEE693f88892942118,0x7Ce02e86354EA0Cc3b302AeAdC0Ab56bC7EB44b8,0x833589fCD6eDb6E08f4c7C32D4f71b54bdA02913,0x940181a94A35A4569E4529A3CDfB74e38FD98631,18,18,6,32767757345218937880709,2990886781,32767.75734521894,2990.886781,32767757345221928767490,0,13025224105868786689768,13025.224105868787,0.0,0,0,0,nan,0
vAMM-AERO/MAI,0.00038958625880595614,0x104DAaf3D7108B5e52A4c200E58A7083171B3054,0xb3c6adc4F8939e3C778929B09f9c5Df74E4Ef6A0,0x940181a94A35A4569E4529A3CDfB74e38FD98631,0xbf1aeA8670D2528E08334083616dD9C5F3B087aE,0x940181a94A35A4569E4529A3CDfB74e38FD98631,18,18,18,0,0,0.0,0.0,0,19964656800797,3046437155156994359383,3046.4371551569943,1.6170091302170433e-21,4.926116694521295,0,4.926116694521295,618.4256979833966,1776297600
vAMM-WETH/PHI,0.0003015761475199745,0x99ba9f844FCDC60Fc9e52af59f165cD91F86360E,0xB27773092F3D548044d6d8527d468072426603Cc,0x4200000000000000000000000000000000000006,0xFb3aD5550ca5730A6F91350032c4Da1eFdfDE3E8,0x940181a94A35A4569E4529A3CDfB74e38FD98631,18,18,18,0,0,0.0,0.0,0,15454151088370,2358226862851332283501,2358.226862851332,1.4316300903984616e-23,0.03376108536843933,0,0.03376108536843933,69850.44577553359,1776297600
vAMM-kVCM/WETH,0.00011734508319958896,0x5e710Fe3C079182a6a2be9cA3c200317d6C34A5D,0x3d4a5eAC08225e29EbbAeDE8721B23F57541Eb10,0x00fBAC94Fec8D4089d3fe979F39454F48c71A65d,0x4200000000000000000000000000000000000006,0x940181a94A35A4569E4529A3CDfB74e38FD98631,18,18,18,0,0,0.0,0.0,0,6013242985736,917600180586120976152,917.600180586121,2.661593286693646e-22,0.24422784805168968,0,0.24422784805168968,3757.1480398579088,1776297600
vAMM-LCAP/eUSD,0.039222792234055816,0xe39E901F5C53fDA90eF90FeEF3ed1F0126b557a7,0xe3F63B420E0B046C8b27Ca54BBfE0AB64fd928C0,0x4dA9A0f397dB1397902070f93a4D6ddBC0E0E6e8,0xCfA3Ef56d303AE4fAabA0592388F19d7C3399FB4,0x940181a94A35A4569E4529A3CDfB74e38FD98631,18,18,18,13114282612790362,0,0.013114282612790362,0.0,13114282612790362,2010003094364600,306709410021429724477074,306709.4100214297,0.0,0,0,0,nan,0
vAMM-kVCM/USDC,0.0016165706188318325,0x5C0D76fab1822bDeb47308eD6028231761ED723E,0x57387e4639048B67C30C911a145368bC5B33fE3b,0x00fBAC94Fec8D4089d3fe979F39454F48c71A65d,0x833589fCD6eDb6E08f4c7C32D4f71b54bdA02913,0x940181a94A35A4569E4529A3CDfB74e38FD98631,18,18,6,1445305690152208952,737,1.445305690152209,0.000737,1445305690152209689,82841347545454,12641053645573644038574,12641.053645573644,1.9299259883747019e-22,2.4396297951031345,0,2.4396297951031345,5181.545852139934,1776297600
vAMM-WETH/EDEL,0.10891300562747563,0x566beE7EF7b39f29d150AB3be6b6242C17CC5A31,0xde43127cb5381E4466A8046E1c2C2Dc2d30999D7,0x4200000000000000000000000000000000000006,0xFb31f85A8367210B2e4Ed2360D2dA9Dc2D2Ccc95,0x940181a94A35A4569E4529A3CDfB74e38FD98631,18,18,18,4852621678697028,653191056668495539,0.004852621678697028,0.6531910566684955,658043678347192567,5582016384399083,851664091131676045657872,851664.091131676,1.3432227606276767e-21,1143.974591617351,0,1143.974591617351,744.4781530747055,1776297600
vAMM-FLOCK/DGLD,0.0010248676062591903,0x2b1CEd170A3cB7CFB1e21657B4BCc3Dd0594639a,0x89f0D55D0A78Ac4F50E9C3bFB61E103250AD566C,0x5aB3D4c385B400F3aBB49e80DE2fAF6a88A7B691,0xd02f50E1017F493ffFFa70c8fCf09e349e11d6c9,0x940181a94A35A4569E4529A3CDfB74e38FD98631,18,18,18,2754982414540349507586,4100697378078896,2754.9824145403495,0.004100697378078896,2754986515237727586482,0,8014129565026313547460,8014.129565026314,0.0,0,0,0,nan,0
vAMM-PHNM/USDC,0.0027537309641314607,0xF687f5a1A37B03fAB632AB0f9E41A62b2b0EA4D8,0x19c38452e702d749978Ecc82AB66ADDF28A37AF1,0x3fDa9cc61B1FEf8b2fFd715F0A9EeF7182e48F37,0x833589fCD6eDb6E08f4c7C32D4f71b54bdA02913,0x940181a94A35A4569E4529A3CDfB74e38FD98631,18,18,6,0,36108,0.0,0.036108,36108,141119460650092,21533275711900234268944,21533.275711900234,3.53178164189822e-22,7.6050827849222085,0,7.6050827849222085,2831.4321251823817,1776297600
vAMM-USDC/ZEN,4.348337579486256e-06,0xD1291750B30ca46587aA533C68a470F13bE5cbC9,0x8D53866D2412d12c19Df63Da94a94418C48D0F26,0x833589fCD6eDb6E08f4c7C32D4f71b54bdA02913,0xf43eB8De897Fbc7F2502483B2Bef7Bb9EA179229,0x940181a94A35A4569E4529A3CDfB74e38FD98631,18,6,18,0,0,0.0,0.0,0,222856855262,34002578032174256193,34.002578032174256,1.4807555966888644e-19,5.034950772299187,0,5.034950772299187,6.753308933872086,1776297600
vAMM-SOL/fBOMB,0.009624909734000507,0xB8fA852a85Af20284906a898595f59BdD8C66cbE,0x96f03A43be421aeb8768d7eaA7E4bEd1B4782E39,0x311935Cd80B76769bF2ecC9D8Ab7635b2139cf82,0x74ccbe53F77b08632ce0CB91D3A545bF6B8E0979,0x940181a94A35A4569E4529A3CDfB74e38FD98631,18,9,18,0,0,0.0,0.0,0,493281810164389,75263646922659595041739,75263.6469226596,4.510240022975383e-22,33.94571126256673,0,33.94571126256673,2217.176901685833,1776297600
sAMM-msUSD/frxUSD,0.09948242710099693,0xA678C47022f2E5286C51cC433be1599BBA88DF05,0x90C2eafBb37fDFB54bDAc0C12F59b14417F280cb,0x526728DBc96689597F85ae4cd716d4f7fCcBAE9d,0xe5020A6d073a794B6E7f05678707dE47986Fb0b6,0x940181a94A35A4569E4529A3CDfB74e38FD98631,18,18,18,0,0,0.0,0.0,0,5098629174319759,777920050708525559154180,777920.0507085256,9.717161301881748e-24,7.559174612702772,0,7.559174612702772,102910.71321480976,1776297600
vAMM-RAVE/AERO,1.0588678047905048e-06,0x781Cc496494Ae9A79DdB443F8DF825d22f7F0456,0x865911d70F72A5C9b36606e8141ecaebEe62eb8E,0x1aA8fD5BCce2231C6100d55Bf8B377cff33Acfc3,0x940181a94A35A4569E4529A3CDfB74e38FD98631,0x940181a94A35A4569E4529A3CDfB74e38FD98631,18,18,18,0,0,0.0,0.0,0,54270596992,8280000000000000000,8.28,0.0,0,0,0,nan,0
vAMM-RAVE/WETH,1.0588678047905048e-06,0xB359b1F51A9a3aa7E5439815820132D63ffF680d,0x2Ab87361863CAddB4A1660213fFE1951e3Ee7e28,0x1aA8fD5BCce2231C6100d55Bf8B377cff33Acfc3,0x4200000000000000000000000000000000000006,0x940181a94A35A4569E4529A3CDfB74e38FD98631,18,18,18,0,0,0.0,0.0,0,54270596992,8280000000000000000,8.28,0.0,0,0,0,nan,0
CL-USDC/USDbC,0.005731547416028285,0x98c7A2338336d2d354663246F64676009c7bDa97,0x4a3E1294d7869567B387FC3d5e5Ccf14BE2Bbe0a,0x833589fCD6eDb6E08f4c7C32D4f71b54bdA02913,0xd9aAEc86B65D86f6A7B5B1b0c42FFA531710b6CA,0x940181a94A35A4569E4529A3CDfB74e38FD98631,18,6,6,6864,474270,0.006864,0.47427,481134,293721578334772,44818826665622840091919,44818.826665622844,6.170967438827227e-22,27.657552,0,27.657552,1620.4914543999716,1776297600
CL-WETH/USDC,11.762726892799371,0xb2cc224c1c9feE385f8ad6a55b4d94E92359DC59,0xF33a96b5932D9E9B9A0eDA447AbD8C9d48d2e0c8,0x4200000000000000000000000000000000000006,0x833589fCD6eDb6E08f4c7C32D4f71b54bdA02913,0x940181a94A35A4569E4529A3CDfB74e38FD98631,18,18,6,518932202600188160,1115191843,0.5189322026001881,1115.191843,518932203715380003,602497950009941799,91980678071185961876564756,91980678.07118596,1.5203229820666964e-21,139840.33877770224,0,139840.33877770224,657.7549716709669,1776297600
CL-cbETH/WETH,0.10574476715352171,0x47cA96Ea59C13F72745928887f84C9F52C3D7348,0xF5550F8F0331B8CAA165046667f4E6628E9E3Aac,0x2Ae3F1Ec7F1F5012CFEab0185bfc7aa3cf0DEc22,0x4200000000000000000000000000000000000006,0x940181a94A35A4569E4529A3CDfB74e38FD98631,18,18,18,1034170948478094,1119223660925297,0.001034170948478094,0.001119223660925297,2153394609403391,5419046141381894,826889502230534994111690,826889.502230535,1.4453894788012405e-21,1195.1773866552103,0,1195.1773866552103,691.8550429946174,1776297600
CL-WETH/wstETH,0.2246320548098646,0x861A2922bE165a5Bd41b1E482B49216b465e1B5F,0x2A1f7bf46bd975b5004b61c6040597E1B6117040,0x4200000000000000000000000000000000000006,0xc1CBa3fCea344f92D9239c08C0568f6F2F0ee452,0x940181a94A35A4569E4529A3CDfB74e38FD98631,18,18,18,303269208550591,241865855230308,0.000303269208550591,0.000241865855230308,545135063780899,11511714291859404,1756549217391369731736961,1756549.2173913696,1.183997924622867e-21,2079.750627889303,0,2079.750627889303,844.5960750467743,1776297600
CL-WETH/DEGEN,0.011193794226993679,0xaFB62448929664Bfccb0aAe22f232520e765bA88,0x319e23D38d8ee58783Ff5331507b808709bd00b0,0x4200000000000000000000000000000000000006,0x4ed4E862860beD51a9570b96d89aF5E1B0Efefed,0x940181a94A35A4569E4529A3CDfB74e38FD98631,18,18,18,369137530836152,176433903898960980499,0.000369137530836152,176.43390389896098,176434273036491816651,573648142479430,87531810656803537074404,87531.81065680353,1.2351063487759707e-21,108.11109506207421,0,108.11109506207421,809.6468785793478,1776297600
CL-ezETH/WETH,0.0007255549148596066,0xDC7EAd706795eDa3FEDa08Ad519d9452BAdF2C0d,0xC6B4fe83Fb284bDdE1f1d19F0B5beB31011B280A,0x2416092f143378750bb29b79eD961ab195CcEea5,0x4200000000000000000000000000000000000006,0x940181a94A35A4569E4529A3CDfB74e38FD98631,18,18,18,35062853108172624,81779954337143387,0.03506285310817262,0.08177995433714338,116842807445316011,0,5673602188921152006126,5673.6021889211515,0.0,0,0,0,nan,1776297600
CL-WETH/BRETT,0.42922131354835735,0x4e829F8A5213c42535AB84AA40BD4aDCCE9cBa02,0xFd73Ab1100a60Ba64686ef9dcdE36d0209773f6a,0x4200000000000000000000000000000000000006,0x532f27101965dd16442E59d40670FaF5eBB142E4,0x940181a94A35A4569E4529A3CDfB74e38FD98631,18,18,18,54835985897168323,4604606227180469335948,0.05483598589716832,4604.606227180469,4604661063166366504271,22083809670186581,3356370323190194967549944,3356370.323190195,2.44623423201233e-21,8210.467979898143,0,8210.467979898143,408.79159767843504,1776297600
CL-AERO/wstETH,0.03228196040773846,0x565aecF84b5d30a6E79a5CEf3f0dA0Fc4280dEBC,0x45F8b8eC9c92D09BA8495074436fD97073423041,0x940181a94A35A4569E4529A3CDfB74e38FD98631,0xc1CBa3fCea344f92D9239c08C0568f6F2F0ee452,0x940181a94A35A4569E4529A3CDfB74e38FD98631,18,18,18,30536016426782039112,1,30.53601642678204,1e-18,30536016426782039113,1391356041198075,252434374684721132065785,252434.37468472112,6.084191636319552e-21,1535.8591111763362,0,1535.8591111763362,164.36037189073812,1776297600
CL-WETH/TOSHI,0.1578558091463558,0x74E4c08Bb50619b70550733D32b7e60424E9628e,0x527B83782B2eF0C5506e79333ca709D81644952f,0x4200000000000000000000000000000000000006,0xAC1Bd2486aAf3B5C0fc3Fd868558b082a531B2B4,0x940181a94A35A4569E4529A3CDfB74e38FD98631,18,18,18,16101484745910016,47620341598015312839864,0.016101484745910017,47620.341598015315,47620357699500058749880,8114587166687246,1234380811106465635425829,1234380.8111064658,9.044149857673238e-22,1116.3925037083118,0,1116.3925037083118,1105.687119007189,1776297600
CL-weETH/WETH,0.0590529978216536,0xbD3cd0D9d429b41F0a2e1C026552Bd598294d5E0,0xfCfEE5f453728BaA5ffDA151f25A0e53B8C5A01C,0x04C0599Ae5A44757c0af6F9eC3b93da8976c150A,0x4200000000000000000000000000000000000006,0x940181a94A35A4569E4529A3CDfB74e38FD98631,18,18,18,8149713409498,422032825369722,8.149713409498e-06,0.000422032825369722,430182538779220,3026317790490226,461775133544674672452373,461775.13354467467,1.78882030121569e-21,826.0327334813003,0,826.0327334813003,559.0276448229014,1776297600
CL-USDC/axlUSDC,0.007438302934435283,0x43B97febdaDaD12Afde21bAa96eb762bc26D13f3,0x956d84430523fd383E790956eEaAB5b448620cdc,0x833589fCD6eDb6E08f4c7C32D4f71b54bdA02913,0xEB466342C4d449BC9f53A865D5Cb90586f405215,0x940181a94A35A4569E4529A3CDfB74e38FD98631,18,6,6,84067,159532,0.084067,0.159532,243599,381194339523994,58165096736801299646107,58165.0967368013,1.6851948249863956e-21,98.01952001569065,0,98.01952001569065,593.4031989494584,1776297600
CL-WETH/NORMILIO,9.215410360376255e-06,0x2b5fD674f93E329d54371DBa980a67F3ff3BC119,0xdF628e37E89486FbeF037FBf73EBC90D1367d786,0x4200000000000000000000000000000000000006,0xcDE90558fc317C69580DeeAF3eFC509428Df9080,0x940181a94A35A4569E4529A3CDfB74e38FD98631,18,18,18,9060568056509008,26944435153599576294314,0.009060568056509007,26944.435153599577,26944444214167632803322,0,72061495720905346009,72.06149572090534,0.0,0,0,0,nan,0
CL-WETH/USD+,0.03194791380100326,0x4D69971CCd4A636c403a3C1B00c85e99bB9B5606,0xcC2714BF50F3c7174a868bec8f4D4d284A0b07cc,0x4200000000000000000000000000000000000006,0xB79DD08EA68A908A97220C76d19A6aA9cBDE4376,0x940181a94A35A4569E4529A3CDfB74e38FD98631,18,18,6,788819199328832,1817569,0.000788819199328832,1.817569,788819201146401,1637250325496125,249822239448146740506014,249822.23944814675,6.126185907794242e-22,153.04574827608354,0,153.04574827608354,1632.3370120513598,1776297600
CL-USDC/USD+,0.009539461414592642,0x0c1A09d5D0445047DA3Ab4994262b22404288A3B,0xeA22A3AAdA580bD75Fb6caC35034e09046cbFf72,0x833589fCD6eDb6E08f4c7C32D4f71b54bdA02913,0xB79DD08EA68A908A97220C76d19A6aA9cBDE4376,0x940181a94A35A4569E4529A3CDfB74e38FD98631,18,6,6,9978,478,0.009978,0.000478,10456,488873433282177,74595469005174340199920,74595.46900517434,4.4276694173676515e-23,3.30284076788407,0,3.30284076788407,22585.245322911265,1776297600
CL-WETH/PRIME,0.013498154899365736,0x87Cd18069B6547a0E88b6155DD657E71779500eA,0xf9f8138150F67a469Fa5437e75ad16EAAab8C09e,0x4200000000000000000000000000000000000006,0xfA980cEd6895AC314E7dE34Ef1bFAE90a5AdD21b,0x940181a94A35A4569E4529A3CDfB74e38FD98631,18,18,18,841594875046635,6573078531673932252,0.000841594875046635,6.573078531673932,6573920126548978887,691753393057506,105551157624308709061749,105551.1576243087,2.6370669205873916e-21,278.34546620077015,0,278.34546620077015,379.2091858545841,1776297600
CL-tBTC/cbETH,1.2700856566416784e-08,0xEeB9b3B819C93Db45B731730af290ab6aF82f0D2,0xFC9C7A01517F958736c468229D59cFe34F80C83f,0x236aa50979D5f3De3Bd1Eeb40E81137F22ab794b,0x2Ae3F1Ec7F1F5012CFEab0185bfc7aa3cf0DEc22,0x0000000000000000000000000000000000000000,18,18,18,0,0,0.0,0.0,0,0,99316545364921468,0.09931654536492147,0.0,0,0,0,nan,0
CL-WETH/AERO,4.451619484542426,0x82321f3BEB69f503380D6B233857d5C43562e2D0,0xdE8FF0D3e8ab225110B088a250b546015C567E27,0x4200000000000000000000000000000000000006,0x940181a94A35A4569E4529A3CDfB74e38FD98631,0x940181a94A35A4569E4529A3CDfB74e38FD98631,18,18,18,130882917508283417,454745771698465130192,0.13088291750828343,454.74577169846515,454876654615973413609,228138847804660887,34810208758121471146283900,34810208.75812147,1.6823548633965494e-21,58563.124000074815,0,58563.124000074815,594.404915251396,1776297600
CL-Mog/WETH,0.003910246618572032,0xC29dc26B28FFF463e32834Ce6325B5c74fAC7098,0x44e6F4D58A81531338d11aE6374F199A35c787Be,0x2Da56AcB9Ea78330f947bD57C54119Debda7AF71,0x4200000000000000000000000000000000000006,0x940181a94A35A4569E4529A3CDfB74e38FD98631,18,18,18,111690045001286522792092576,8785119208524176,111690045.00128652,0.008785119208524176,111690045010071642000616752,0,30576849966821055819940,30576.849966821057,0.0,0,0,0,nan,0
CL-WETH/DOG,0.0011999674651335442,0xa4eb9849F46e1E9Db3700BCDadB62096a7bc4aAB,0x3E848AF39c45Cf45c97A622440411C4141dF3e82,0x4200000000000000000000000000000000000006,0xAfb89a09D82FBDE58f18Ac6437B3fC81724e4dF6,0x940181a94A35A4569E4529A3CDfB74e38FD98631,18,18,18,1,47901617489453233968,1e-18,47.90161748945324,47901617489453233969,61496538433447,9383353206467085303379,9383.353206467085,7.384647212250776e-22,6.929275309770154,0,6.929275309770154,1354.1608302439254,1776297600
CL-LUSD/USDC,2.8412697828007737e-08,0x95b9Ff408700af5a1092Cd218E33084a71e4bE97,0xBF58afee32FFa0Bd24E4c6e43b443aa9679b7c64,0x368181499736d0c0CC614DBB145E2EC1AC86b8c6,0x833589fCD6eDb6E08f4c7C32D4f71b54bdA02913,0x0000000000000000000000000000000000000000,18,18,6,0,0,0.0,0.0,0,0,222178006500489750,0.22217800650048977,0.0,0,0,0,nan,0
CL-USDC/rgUSD,0.00037689542489802115,0xDEfE76cd3c5c25728Fd45De93b000C23048c992f,0x601377635D6C852e27CC49633694449B6E9475c8,0x833589fCD6eDb6E08f4c7C32D4f71b54bdA02913,0x8E5E9DF4F0EA39aE5270e79bbABFCc34203A3470,0x940181a94A35A4569E4529A3CDfB74e38FD98631,18,6,18,6040934,9113978706070155399,6.040934,9.113978706070155,9113978706076196333,0,2947198983704145597644,2947.198983704146,0.0,0,0,0,nan,0
CL-WETH/bsdETH,0.11971708658048372,0x2ae9DF02539887d4EbcE0230168a302d34784c82,0x0b537aC41400433F09d97Cd370C1ea9CE78D8a74,0x4200000000000000000000000000000000000006,0xCb327b99fF831bF8223cCEd12B1338FF3aA322Ff,0x940181a94A35A4569E4529A3CDfB74e38FD98631,18,18,18,14311690010594,9837060188617,1.4311690010594e-05,9.837060188617e-06,24148750199211,6135321689924109,936148471416149786690535,936148.4714161499,3.917096946651085e-22,366.6984318996281,0,366.6984318996281,2552.9110298251576,1776297600
CL-tBTC/USDC,0.11892639907425992,0xf81e1a62cBfA487E807044618661bFD4802B4982,0x37E1a626b09faDE99E94752942a88f17EA2170fd,0x236aa50979D5f3De3Bd1Eeb40E81137F22ab794b,0x833589fCD6eDb6E08f4c7C32D4f71b54bdA02913,0x940181a94A35A4569E4529A3CDfB74e38FD98631,18,18,6,53834954804523,8189973,5.3834954804523e-05,8.189973,53834962994496,6107221582554334,929965553660114815072581,929965.5536601149,1.3303619353600735e-21,1237.1907737854726,0,1237.1907737854726,751.6751445006894,1776297600
CL-tBTC/SATS,4.0111619849062473e-07,0x86BB57004D5E55a6Ab978287211a53CD3615cAF9,0x1e210791d844A37435d0B1aCCeFD1c94013218A7,0x236aa50979D5f3De3Bd1Eeb40E81137F22ab794b,0x9d36F8f62347538440a212e9162f534f797542df,0x0000000000000000000000000000000000000000,18,18,18,0,0,0.0,0.0,0,0,3136597513378429026,3.1365975133784287,0.0,0,0,0,nan,0
CL-tBTC/WETH,0.03583029387094712,0xA33f162da19C7273BA1205BFD9D4340dA2446E3a,0x996802075582Af2eE133fb30Cc5A9E8A671d3c3a,0x236aa50979D5f3De3Bd1Eeb40E81137F22ab794b,0x4200000000000000000000000000000000000006,0x940181a94A35A4569E4529A3CDfB74e38FD98631,18,18,18,7554448548,1655495540565350,7.554448548e-09,0.00165549554056535,1655503095013898,1836267207782868,280181182116627694274510,280181.1821166277,2.267806579098398e-21,635.3967281436547,0,635.3967281436547,440.95471334136687,1776297600
CL-PSTAKE/USDC,0.000122482183058734,0x178904D6F5f49074fC3fDb918F0170E0DBB1677e,0xBb9FA2e124dD7fA35621aDe57d42C2d40cB9Ab7A,0x38815A4455921667d673B4cb3d48F0383eE93400,0x833589fCD6eDb6E08f4c7C32D4f71b54bdA02913,0x940181a94A35A4569E4529A3CDfB74e38FD98631,18,18,6,649214286339124561299,21880305,649.2142863391246,21.880305,649214286339146441604,0,957770621732111206974,957.7706217321113,0.0,0,0,0,nan,0
CL-WETH/SPEC,0.00031351211849095365,0xfD7aBC461df4e496A25898CaB0c6EA88cDd94Cf9,0x79eFe300783f448283E54ce7caD08118A52849f6,0x4200000000000000000000000000000000000006,0x96419929d7949D6A801A6909c145C8EEf6A40431,0x940181a94A35A4569E4529A3CDfB74e38FD98631,18,18,18,3743415336417956,67550320661127395823,0.003743415336417956,67.5503206611274,67554064076463813779,0,2451562252965739108077,2451.5622529657394,0.0,0,0,0,nan,0
CL-WETH/SKI,0.005084889378654722,0xe782B72A1157b7bEa1A9452835Cce214962aD43B,0x1Dd8e44b202fe7D3E85ce7788311374E2E9df950,0x4200000000000000000000000000000000000006,0x768BE13e1680b5ebE0024C42c896E3dB59ec0149,0x940181a94A35A4569E4529A3CDfB74e38FD98631,18,18,9,111580191999957,10822899175,0.000111580191999957,10.822899175,111591014899132,260595563487636,39762172260578911792032,39762.17226057891,0.0,0,0,0,nan,0
CL-WETH/BENJI,0.0001570554087734512,0xeBeC4772aBA30d82bC64BBB99187B4Ca29928e2E,0x6c44652cbF0fc9c31149682Eba60aA0D601B6787,0x4200000000000000000000000000000000000006,0xBC45647eA894030a4E9801Ec03479739FA2485F0,0x940181a94A35A4569E4529A3CDfB74e38FD98631,18,18,18,7540025845151,21702579549330751473,7.540025845151e-06,21.70257954933075,21702587089356596624,8048934735907,1228121941908944667420,1228.1219419089446,0.0,0,0,0,nan,0
CL-DOLA/USD+,1.2737434131826693e-10,0x96331Fcb46A7757854d9E26AFf3aCA2815D623fD,0xCB4B8aeD321e22B0B87D9e41538408404433Ac70,0x4621b7A9c75199271F773Ebd9A499dbd165c3191,0xB79DD08EA68A908A97220C76d19A6aA9cBDE4376,0x940181a94A35A4569E4529A3CDfB74e38FD98631,18,18,6,4798528317381680743,9246515,4.798528317381681,9.246515,4798528317390927258,0,996025699661265,0.000996025699661265,0.0,0,0,0,nan,0
CL-USD+/USDbC,8.89586177010417e-05,0x20086910E220D5f4c9695B784d304A72a0de403B,0x7E62007c19C9b9D581354B29c57c61C41b50851a,0xB79DD08EA68A908A97220C76d19A6aA9cBDE4376,0xd9aAEc86B65D86f6A7B5B1b0c42FFA531710b6CA,0x940181a94A35A4569E4529A3CDfB74e38FD98631,18,6,6,2112,1,0.002112,1e-06,2113,4559041383318,695627302324444464183,695.6273023244445,0.0,0,0,0,nan,0
CL-WETH/weirdo,2.7325000414462066e-07,0x12CCDd646241412F2a5D44a6994Aa29086dEDC61,0xbe806f6D980FE4Ba0Af5D040A045429744C23cb8,0x4200000000000000000000000000000000000006,0x76734B57dFe834F102fB61E1eBF844Adf8DD931e,0x940181a94A35A4569E4529A3CDfB74e38FD98631,18,18,8,25679847505954015,365489924593650,0.025679847505954013,3654899.2459365,26045337430547665,0,2136725683868623334,2.1367256838686233,0.0,0,0,0,nan,0
CL-USDz/USD+,4.9040348395859896e-05,0x4Ef1E503C4F1e5664ac98294d0e42ddC9c0FF961,0x958ee1605Aed682Dae998aE47AF7122C641a292C,0x04D5ddf5f3a8939889F11E97f8c4BB48317F1938,0xB79DD08EA68A908A97220C76d19A6aA9cBDE4376,0x940181a94A35A4569E4529A3CDfB74e38FD98631,18,18,6,5300766117309177532,5305871,5.300766117309178,5.305871,5300766117314483403,0,383479489017098906187,383.47948901709896,0.0,0,0,0,nan,0
CL-USDz/USDC,0.0007787251162270955,0xdE5Ff829fEF54d1BdEc957D9538A306f0EAD1368,0xE2F3C8c699A1bf30A12118B287B5208e7C6ddFEF,0x04D5ddf5f3a8939889F11E97f8c4BB48317F1938,0x833589fCD6eDb6E08f4c7C32D4f71b54bdA02913,0x940181a94A35A4569E4529A3CDfB74e38FD98631,18,18,6,35143104028228454,46520,0.035143104028228456,0.04652,35143104028274974,39909289832482,6089375777778083043575,6089.375777778083,1.632649814687114e-21,9.941818235149587,0,9.941818235149587,612.5012179612094,1776297600
CL-WETH/RSC,0.729869524141396,0x6cCa90E732942D73c276F73b805cA2948f6B3018,0xe3d65bd2dF47B6B39d9f58ee7368259412326A19,0x4200000000000000000000000000000000000006,0xFbB75A59193A3525a8825BeBe7D4b56899E2f7e1,0x940181a94A35A4569E4529A3CDfB74e38FD98631,18,18,18,46042331726574788,463945969041030678663,0.046042331726574785,463.94596904103065,463992011372757253451,37588033375176982,5707341022693970567458896,5707341.022693971,1.0445892484675e-21,5961.8270696436275,0,5961.8270696436275,957.3140844280026,1776297600
CL-WETH/TN100x,2.4945359583017777e-06,0xF9b787C6E6111442778A9f6f8850F2d446d44a7c,0x8c5D5de27801DF39a21c396A07C4Ea02f01325B6,0x4200000000000000000000000000000000000006,0x5B5dee44552546ECEA05EDeA01DCD7Be7aa6144A,0x0000000000000000000000000000000000000000,18,18,18,0,0,0.0,0.0,0,0,19506455519086473360,19.506455519086472,0.0,0,0,0,nan,0
CL-TYBG/WETH,0.0006053107924886087,0x8d628d22d298b4a6E3DC9171d4b7aa5229e2353c,0xCc0AbE95Dc41bD7c05f4b1a2F7585A06D3eB8CD8,0x0d97F261b1e88845184f678e2d1e7a98D9FD38dE,0x4200000000000000000000000000000000000006,0x940181a94A35A4569E4529A3CDfB74e38FD98631,18,18,18,589202687308193204113,1,589.2026873081932,1e-18,589202687308193204114,31021888664898,4733332469955765928624,4733.332469955766,2.2218386954514196e-21,10.516701240184364,0,10.516701240184364,450.0776775772312,1776297600
CL-tBTC/T,0.050878388052188195,0xC35D9e6fC72e8EC2935fae56f07afaD2Ce4DCb1b,0xa8deC3aF01E62f7F0011214B520414FCbbA0cFdf,0x236aa50979D5f3De3Bd1Eeb40E81137F22ab794b,0x26f3901aC8a79c50fb0d8289C74f0d09AdC42E29,0x940181a94A35A4569E4529A3CDfB74e38FD98631,18,18,18,1,1,1e-18,1e-18,2,2607518930476775,397852358118931052566781,397852.35811893106,2.326536978743451e-22,92.56182232439753,0,92.56182232439753,4298.233852015085,1776297600
CL-USD+/wstETH,5.7107052924884165e-06,0xa01A2513E95263b9BaCe60B573ce874E1e7a5246,0xa53bA46F4F0280b42575A3BaadAC54a61DB578d0,0xB79DD08EA68A908A97220C76d19A6aA9cBDE4376,0xc1CBa3fCea344f92D9239c08C0568f6F2F0ee452,0x940181a94A35A4569E4529A3CDfB74e38FD98631,18,6,18,42917462,17722798885409930,42.917462,0.01772279888540993,17722798928327392,0,44655848074594425342,44.655848074594424,0.0,0,0,0,nan,0
CL-DEGEN/USD+,0.0021840208149671316,0xa19acc3B4f11c46c2b1Fc36B5f592AF422Ee338c,0xFDb47B2dFcC65899E21aD86197fcEE79c38dFAB5,0x4ed4E862860beD51a9570b96d89aF5E1B0Efefed,0xB79DD08EA68A908A97220C76d19A6aA9cBDE4376,0x940181a94A35A4569E4529A3CDfB74e38FD98631,18,18,6,2517529414082907914,272609,2.517529414082908,0.272609,2517529414083180523,111931132993848,17078328631878346537021,17078.328631878347,2.5186255051480777e-22,4.301391407754948,0,4.301391407754948,3970.419571929202,1776297600
CL-PRE/AERO,1.2187604134294034e-05,0xc286ecD3910c62dF30fBBFD2C95A3043076d3912,0x35984A6297D9C88A48C20fC99D408555f882dCbF,0x3816dD4bd44c8830c2FA020A5605bAC72FA3De7A,0x940181a94A35A4569E4529A3CDfB74e38FD98631,0x940181a94A35A4569E4529A3CDfB74e38FD98631,18,18,18,10655641999296567629470,59245690594693743395,10655.641999296568,59.24569059469374,10714887689891261372865,0,95303079171360909523,95.30307917136092,0.0,0,0,0,nan,0
CL-WETH/CHOMP,0.0005987954010558439,0x0a7021C9843c2fB3b98c02Ed7f93354774286109,0x243Bc7b24dC4f2552EA9336391E79967d3387652,0x4200000000000000000000000000000000000006,0xebfF2db643Cf955247339c8c6bCD8406308ca437,0x940181a94A35A4569E4529A3CDfB74e38FD98631,18,18,18,37174917513583254,1513947758363954610507,0.037174917513583254,1513.9477583639546,1513984933281468193761,0,4682384239384183133845,4682.384239384183,0.0,0,0,0,nan,0
CL-WETH/SKR,2.841749122439429e-10,0x4b1f694A027103F10B625b6D8928181d86D450AF,0x22766847029648Ca9639dF9a41d9384c1708C32A,0x4200000000000000000000000000000000000006,0xe2dCA969624795985F2f083BcD0b674337ba130a,0x940181a94A35A4569E4529A3CDfB74e38FD98631,18,18,18,6026251664767845,6040898966126301698991,0.006026251664767845,6040.898966126301,6040904992377966466836,0,2222154892928658,0.002222154892928658,0.0,0,0,0,nan,0
CL-RFL/USDC,0.004398185083902765,0x51c230951b82Dbf7b8696B6fCd2be199cC10779f,0x3d27729DC4683bA7ba97562CDBb3Bb1Ce16540da,0x6e2c81b6c2C0e02360F00a0dA694e489acB0b05e,0x833589fCD6eDb6E08f4c7C32D4f71b54bdA02913,0x940181a94A35A4569E4529A3CDfB74e38FD98631,18,18,6,1,1,1e-18,1e-06,2,225407118917632,34392369217345247131103,34392.369217345244,1.008246877413518e-21,34.675998870241145,0,34.675998870241145,991.8205772829427,1776297600
CL-WETH/ZRO,0.12386585407658374,0xA4463789e8F3c6A599B3dFB608DDe55513Bcf289,0x46e078FeDCD91a813306D5637d7ec5C7Dc201EC3,0x4200000000000000000000000000000000000006,0x6985884C4392D348587B19cb9eAAf157F13271cd,0x940181a94A35A4569E4529A3CDfB74e38FD98631,18,18,18,235236394999917810,281697896011126860984,0.2352363949999178,281.6978960111269,281933132406126778794,0,968590476652586922223352,968590.4766525868,0.0,0,0,0,nan,0
CL-wXCH/USDC,0.0012937219612488987,0x113138dC05b05AfbE25E8C31ca9DE9b445CAcA48,0xcbbc1c52E14A6163f32aB83Ba7aF70B3CeD3612d,0x36be1d329444aeF5D28df3662Ec5B4F965Cd93E9,0x833589fCD6eDb6E08f4c7C32D4f71b54bdA02913,0x940181a94A35A4569E4529A3CDfB74e38FD98631,18,18,6,18072816593745448,29129,0.018072816593745447,0.029129,18072816593774577,66303289743963,10116482709813087169605,10116.482709813088,2.6328468860193515e-22,2.663515,0,2.663515,3798.169978323039,1776297600
CL-WETH/RDNT,0.0002271287653194498,0x2092f4acbb18BB1649595DF59B9Cb601bBA1EBB7,0x8D88C541f22de965536bD1849013caEE6ce90e11,0x4200000000000000000000000000000000000006,0xd722E55C1d9D9fA0021A5215Cbb904b92B3dC5d4,0x940181a94A35A4569E4529A3CDfB74e38FD98631,18,18,18,1,4163937763217568031,1e-18,4.163937763217568,4163937763217568032,11638931810546,1776072677190447834401,1776.0726771904478,8.495844674456606e-21,15.089237595956355,0,15.089237595956355,117.70460010957767,1776297600
CL-WETH/PRIME,3.1958001279126955e-06,0x8216144205B2Ac3523BAc7a8dC46d3c970e84876,0x7396905bE2C4c89C7c0445C7F72681515391730a,0x4200000000000000000000000000000000000006,0xfA980cEd6895AC314E7dE34Ef1bFAE90a5AdD21b,0x940181a94A35A4569E4529A3CDfB74e38FD98631,18,18,18,12361981496206675,8141122953313935157,0.012361981496206676,8.141122953313936,8153484934810141832,0,24990112022862409873,24.99011202286241,0.0,0,0,0,nan,0
CL-WETH/BOOMER,9.03242986118884e-05,0xa7423f6BEc29a511d365B0c934e8000720128aE3,0x25206a301486De7fE19eAB25ACE698Aa7DB03Db6,0x4200000000000000000000000000000000000006,0xcdE172dc5ffC46D228838446c57C1227e0B82049,0x0000000000000000000000000000000000000000,18,18,18,0,0,0.0,0.0,0,0,706306480490644298734,706.3064804906443,0.0,0,0,0,nan,0
CL-WETH/APX,5.157035397662506e-08,0x0C9A0e17eAB266DCF8dcFB4bc12792a9712FEd1E,0x1d94aE3D754D68A42CcC095A9305f3A2A2F3d9e8,0x4200000000000000000000000000000000000006,0xcacf1ca03983CE6c7E235fb20C70aCC70ed13509,0x940181a94A35A4569E4529A3CDfB74e38FD98631,18,18,18,368793195782425,27344623916456390879599,0.000368793195782425,27344.623916456392,27344624285249586662024,0,403263305385828815,0.4032633053858288,0.0,0,0,0,nan,0
CL-USDz/WETH,0.005270988033388355,0xcf88B8bf7CCCe2D836878E538197eB20fC673BCE,0x549690894f61bf0D3a5799D03fDED6e775A424aA,0x04D5ddf5f3a8939889F11E97f8c4BB48317F1938,0x4200000000000000000000000000000000000006,0x940181a94A35A4569E4529A3CDfB74e38FD98631,18,18,18,76042350232734897,30264880354049,0.0760423502327349,3.0264880354049e-05,76072615113088946,270105242761869,41217402889202427462235,41217.40288920243,1.8206097743881116e-22,7.504080657497473,0,7.504080657497473,5492.66522715495,1776297600
CL-EXTRA/WETH,0.005712109602818335,0x5A1401c002f67ca00557E7179D34C3FE6d753b28,0x283a6fFdd95F1145988e324F01663fF95247CcE0,0x2dAD3a13ef0C6366220f989157009e501e7938F8,0x4200000000000000000000000000000000000006,0x940181a94A35A4569E4529A3CDfB74e38FD98631,18,18,18,1,1,1e-18,1e-18,2,292709970346840,44666829322186547666895,44666.829322186546,6.796557545069579e-23,3.0358067584404207,0,3.0358067584404207,14713.330879180581,1776297600
CL-WETH/MIGGLES,0.001890872253796141,0x326841EFD63340767e02ec88E583f18a82AF4A48,0xAfabcBbab5e4261B1d655c906738176191819164,0x4200000000000000000000000000000000000006,0xB1a03EdA10342529bBF8EB700a06C60441fEf25d,0x940181a94A35A4569E4529A3CDfB74e38FD98631,18,18,18,78554312683297,68707462478171110008,7.8554312683297e-05,68.70746247817111,68707541032483793305,96895402893748,14786002738585149527382,14786.002738585148,8.676170079198502e-22,12.828587455145957,0,12.828587455145957,1152.58229249971,1776297600
CL-USDC/USDT,0.02598119474202427,0xa41Bc0AFfbA7Fd420d186b84899d7ab2aC57fcD1,0xBd85D45f1636fCEB2359d9Dcf839f12b3cF5AF3F,0x833589fCD6eDb6E08f4c7C32D4f71b54bdA02913,0xfde4C96c8593536E31F229EA8f37b2ADa2699bb2,0x940181a94A35A4569E4529A3CDfB74e38FD98631,18,6,6,417751,750634,0.417751,0.750634,1168385,1331374093165359,203164447432154145124829,203164.44743215415,7.572949219349706e-22,153.8554043580946,0,153.8554043580946,1320.4895094831636,1776297600
CL-WETH/USDT,0.1477631773150431,0x9785eF59E2b499fB741674ecf6fAF912Df7b3C1b,0x2c0CbF25Bb64687d11ea2E4a3dc893D56Ca39c10,0x4200000000000000000000000000000000000006,0xfde4C96c8593536E31F229EA8f37b2ADa2699bb2,0x940181a94A35A4569E4529A3CDfB74e38FD98631,18,18,6,10892381439272163,25887908,0.010892381439272163,25.887908,10892381465160071,7563591443884740,1155459730320745944967403,1155459.730320746,2.440576854377896e-21,2819.988273986538,0,2819.988273986538,409.7391967830083,1776297600
CL-BITCOIN/WETH,0.0028564134131708824,0xfD22D75b2FB405EE185155D57B0277b9DB2F8E29,0x4D046a24DA2B4C01B89Df7eAe9b4794586489769,0x2a06A17CBC6d0032Cac2c6696DA90f29D39a1a29,0x4200000000000000000000000000000000000006,0x940181a94A35A4569E4529A3CDfB74e38FD98631,18,8,18,2293995391,307367583249943,22.93995391,0.000307367583249943,307369877245334,146374813969781,22336218887809359948077,22336.21888780936,3.4577009034413165e-21,77.23196422784142,0,77.23196422784142,289.20951462422283,1776297600
CL-WETH/PEPE,0.0014407840113185996,0x3333E1d9174720D6eC2cF815e65B82915a9eaE1e,0x399fFB6b1263a12Ed23c27BA07043f07D74c19DA,0x4200000000000000000000000000000000000006,0xB4fDe59a779991bfB6a52253B51947828b982be3,0x940181a94A35A4569E4529A3CDfB74e38FD98631,18,18,18,8697800800055597,6416914395496935129300232,0.008697800800055597,6416914.395496936,6416914404194735929355829,0,11266459854333068139299,11266.459854333069,0.0,0,0,0,nan,0
CL-USD+/USDT,7.825032570297794e-08,0xE9C137071861fbA0359eEcCB5865C2588D1Be2BE,0x9cc802bf83AED8e8C1B19d051Dd2D85e1f931973,0xB79DD08EA68A908A97220C76d19A6aA9cBDE4376,0xfde4C96c8593536E31F229EA8f37b2ADa2699bb2,0x940181a94A35A4569E4529A3CDfB74e38FD98631,18,6,6,15659931,15690115,15.659931,15.690115,31350046,0,611891960346122493,0.6118919603461225,0.0,0,0,0,nan,0
CL-BRETT/USD+,6.596763229123907e-05,0xFAD14c545E464e04c737d00643296144eb20c7F8,0x5E3F10AcAa0CE7315Fd9c29839569Ad827a6500a,0x532f27101965dd16442E59d40670FaF5eBB142E4,0xB79DD08EA68A908A97220C76d19A6aA9cBDE4376,0x940181a94A35A4569E4529A3CDfB74e38FD98631,18,18,6,1,65062,1e-18,0.065062,65063,3380463017059,515845314117872039342,515.845314117872,0.0,0,0,0,nan,0
CL-EURC/USDC,0.12616771705048319,0xE846373C1a92B167b4E9cd5d8E4d6B1Db9E90EC7,0x1f6c9d116CE22b51b0BC666f86B038a6c19900B8,0x60a3E35Cc302bFA44Cb288Bc5a4F316Fdb1adb42,0x833589fCD6eDb6E08f4c7C32D4f71b54bdA02913,0x940181a94A35A4569E4529A3CDfB74e38FD98631,18,6,6,5887839,11364247,5.887839,11.364247,17252086,6465372283683392,986590292434745245326241,986590.2924347452,0.0,0,0,0,nan,0
CL-WETH/superOETHb,0.01113065506106993,0x6446021F4E396dA3df4235C62537431372195D38,0xdD234DBe2efF53BED9E8fC0e427ebcd74ed4F429,0x4200000000000000000000000000000000000006,0xDBFeFD2e8460a6Ee4955A68582F85708BAEA60A3,0x940181a94A35A4569E4529A3CDfB74e38FD98631,18,18,18,3100093985220231,3946503107986,0.003100093985220231,3.946503107986e-06,3104040488328217,570452069534153,87038083024814500070276,87038.0830248145,0.0,0,0,0,nan,0
CL-USDC/USDC+,6.779229421095602e-07,0x8dd9751961621Fcfc394d90969E5ae0c5BAbE147,0xd030DF11Fa453A222782F6458cC71954A48EA104,0x833589fCD6eDb6E08f4c7C32D4f71b54bdA02913,0x85483696Cc9970Ad9EdD786b2C5ef735F38D156f,0x940181a94A35A4569E4529A3CDfB74e38FD98631,18,6,6,18750731,17205883,18.750731,17.205883,35956614,0,5301135736937172554,5.301135736937173,0.0,0,0,0,nan,0
CL-WETH/uSOL,0.03222779043409564,0x0225Ba893D5f8Ecd6d2022f9dEC59b34F61098A1,0xcB1137E326B8c48A5B8B29a5Ccc19B6e8b9782D2,0x4200000000000000000000000000000000000006,0x9B8Df6E244526ab5F6e6400d331DB28C8fdDdb55,0x940181a94A35A4569E4529A3CDfB74e38FD98631,18,18,18,1608287932241381,30324291189159166,0.001608287932241381,0.030324291189159167,31932579121400547,1643266205023301,252010783203581308324705,252010.78320358132,0.0,0,0,0,nan,0
CL-WIF/WETH,1.150620653589555e-05,0x3caCB8007d50f3E4166D7c5FD303c1a6ed337531,0x1C664940858DCEa1e5a3B87951f1f74911102CB5,0x1fba65dE0a9cBD2D1DF82d141897042d36Bb6c86,0x4200000000000000000000000000000000000006,0x940181a94A35A4569E4529A3CDfB74e38FD98631,18,18,18,89472450053507601177,27826065182430087,89.4724500535076,0.027826065182430085,89500276118690031264,0,89974772758403437504,89.97477275840343,0.0,0,0,0,nan,0
CL-WETH/POKT,0.008982720043067478,0x32bb4aD5Fed77f7Abf97d1435f8D6aaae59aA64e,0x470Cb18F662BB91b972C81Fdb385412D5509442a,0x4200000000000000000000000000000000000006,0x764A726d9ceD0433A8D7643335919dEb03a9a935,0x940181a94A35A4569E4529A3CDfB74e38FD98631,18,18,6,2246769436120111,427158852,0.002246769436120111,427.158852,2246769863278963,126677501022329,70241933525700188234580,70241.9335257002,0.0,0,0,0,nan,0
CL-EURC/USD+,0.0018288995156609939,0xA51C7A5a121aD3d73E2E9888Bb016e07bdd5BA94,0xf3295461eB9F0acEC52F2Efb9E9788eD86F57f47,0x60a3E35Cc302bFA44Cb288Bc5a4F316Fdb1adb42,0xB79DD08EA68A908A97220C76d19A6aA9cBDE4376,0x940181a94A35A4569E4529A3CDfB74e38FD98631,18,6,6,52750,201590,0.05275,0.20159,254340,93732085663836,14301396190499062075259,14301.396190499061,0.0,0,0,0,nan,0
CL-USDC/sUSX,0.014740165939302306,0xF1a662b3ff0aa7002Bb0F0677067709fd31da422,0x01994190cffB892a899694dBD6803F89FBAa4997,0x833589fCD6eDb6E08f4c7C32D4f71b54bdA02913,0xbC404429558292eE2D769E57d57D6E74bbd2792d,0x940181a94A35A4569E4529A3CDfB74e38FD98631,18,6,18,3158111,1199629340630205647,3.158111,1.1996293406302057,1199629340633363758,0,115263277838134101337064,115263.2778381341,0.0,0,0,0,nan,0
CL-wstETH/wrsETH,0.004681220066443778,0x14dcCDd311Ab827c42CCA448ba87B1ac1039e2A4,0x4197186D3D65f694018Ae4B80355225Ce1dD64AD,0xc1CBa3fCea344f92D9239c08C0568f6F2F0ee452,0xEDfa23602D0EC14714057867A78d01e94176BEA0,0x940181a94A35A4569E4529A3CDfB74e38FD98631,18,18,18,11812676260800,13566401424282,1.18126762608e-05,1.3566401424282e-05,25379077685082,239915050838972,36605610232736452635279,36605.61023273646,0.0,0,0,0,nan,0
CL-uDOGE/WETH,0.000626475740046678,0xBE700f5c75dFCbEf3Cae37873aEEB1724daED3f6,0x18835e2b9f96fb3356F6Cc91405e3368D8bF6B1e,0x12E96C2BFEA6E835CF8Dd38a5834fa61Cf723736,0x4200000000000000000000000000000000000006,0x940181a94A35A4569E4529A3CDfB74e38FD98631,18,18,18,162618387293217797413,7255010347249740,162.6183872932178,0.00725501034724974,162625642303565047153,0,4898835439248034321272,4898.835439248035,0.0,0,0,0,nan,0
CL-WETH/cbBTC,5.750099221186522,0x70aCDF2Ad0bf2402C957154f944c19Ef4e1cbAE1,0x41b2126661C673C2beDd208cC72E85DC51a5320a,0x4200000000000000000000000000000000000006,0xcbB7C0000aB88B473b1f5aFd9ef808440eed33Bf,0x940181a94A35A4569E4529A3CDfB74e38FD98631,18,18,8,118957555371021586,424393,0.11895755537102158,0.00424393,118957555371445979,294971313802905495,44963895715805740979143957,44963895.71580574,0.0,0,0,0,nan,0
CL-USDC/cbBTC,7.727937588027071,0x4e962BB3889Bf030368F56810A9c96B83CB3E778,0x6399ed6725cC163D019aA64FF55b22149D7179A8,0x833589fCD6eDb6E08f4c7C32D4f71b54bdA02913,0xcbB7C0000aB88B473b1f5aFd9ef808440eed33Bf,0x940181a94A35A4569E4529A3CDfB74e38FD98631,18,6,8,664760105,910018,664.760105,0.00910018,665670123,396065150775248236,60429945021818789217992521,60429945.021818794,0.0,0,0,0,nan,0
CL-WETH/stTAO,0.0026052036140011203,0x266f421f80016d670C9de757d561a5C4a6A9FFAc,0x41513004596B32B5483620f55774E3a2a5cB9052,0x4200000000000000000000000000000000000006,0x806041B6473DA60abbe1b256d9A2749A151be6C6,0x940181a94A35A4569E4529A3CDfB74e38FD98631,18,18,9,1,1,1e-18,1e-09,2,133520738671807,20371840400036602049694,20371.840400036603,1.8783740423681235e-21,38.265936202695,0,38.265936202695,532.3753296437537,1776297600
CL-xPufETH/WETH,6.93939454726845e-05,0xCDf927C0F7b81b146C0C9e9323eb5A28D1BFA183,0x7d90e903936dad918fac797913925C7598d233f8,0x23dA5F2d509cb43A59d43C108a43eDf34510eff1,0x4200000000000000000000000000000000000006,0x940181a94A35A4569E4529A3CDfB74e38FD98631,18,18,18,1445473524833373,9265492846716987,0.001445473524833373,0.009265492846716987,10710966371550360,0,542637962845142579588,542.6379628451426,0.0,0,0,0,nan,1776297600
CL-uSOL/cbBTC,0.013138198093358403,0xC900eA56B5227aE2d95c288a2597B278Cbf741dd,0xBa5377EA1eD9bd016dC07182427340874d94231A,0x9B8Df6E244526ab5F6e6400d331DB28C8fdDdb55,0xcbB7C0000aB88B473b1f5aFd9ef808440eed33Bf,0x940181a94A35A4569E4529A3CDfB74e38FD98631,18,18,8,28952852668263316,4282,0.028952852668263317,4.282e-05,28952852668267598,673353094097541,102736413101662267185881,102736.41310166227,1.7334787405394475e-21,178.09138799100992,0,178.09138799100992,576.8746836138332,1776297600
CL-cbBTC/uBTC,5.270197983233565e-06,0x9ed7EB51A8e6Af23d77180acC32a3312A06bDC79,0x381BaA9990C5aA04015936a2ec37D4d2da519899,0xcbB7C0000aB88B473b1f5aFd9ef808440eed33Bf,0xF1143f3A8D76f1Ca740d29D5671d365F66C44eD1,0x940181a94A35A4569E4529A3CDfB74e38FD98631,18,8,18,2318,21684438030512,2.318e-05,2.1684438030512e-05,21684438032830,0,41211224955326199788,41.2112249553262,0.0,0,0,0,nan,0
CL-WETH/ETHFI,0.003419554424694964,0xFefe4e80F2D747A484154F7ae18B20d478E49D40,0xD33e1Ccbd216Cb3e2D63B114E119862002442196,0x4200000000000000000000000000000000000006,0x6C240DDA6b5c336DF09A4D011139beAAa1eA2Aa2,0x940181a94A35A4569E4529A3CDfB74e38FD98631,18,18,18,217999803640923,526123907544742236,0.000217999803640923,0.5261239075447423,526341907348383159,175219827334029,26739797459491332042848,26739.797459491332,2.1576459390357017e-21,57.69501539910864,0,57.69501539910864,463.46807041331425,1776297600
CL-USDz/cbBTC,3.7046931729806082e-09,0x7f770A81811B58094b75CeA1dE76304aa8EAE72c,0x384Ce87727323eDeDdc95D3206399806A3da7F02,0x04D5ddf5f3a8939889F11E97f8c4BB48317F1938,0xcbB7C0000aB88B473b1f5aFd9ef808440eed33Bf,0x940181a94A35A4569E4529A3CDfB74e38FD98631,18,18,8,91955452960064316,165,0.09195545296006431,1.65e-06,91955452960064481,0,28969489235106558,0.02896948923510656,0.0,0,0,0,nan,0
CL-WETH/TRVL,2.3154594080297887e-05,0x0511a888D009029781f34696996742B0a55Db585,0x1E81Aaa4aeCe5123f70bF5607876C8d28FcdF89D,0x4200000000000000000000000000000000000006,0x74aa9bB52B36a378a6E641B86d7acb76Dc9b3940,0x940181a94A35A4569E4529A3CDfB74e38FD98631,18,18,18,111019428364288,124689427940004155264,0.000111019428364288,124.68942794000415,124689538959432519552,1186720748231,181061354512330271190,181.06135451233027,6.439594421735084e-21,1.1659616885094004,0,1.1659616885094004,155.2892829127211,1776297600
CL-WETH/SPX,0.0072994855101361006,0x4BA1e3E9280facbAcaFA7baF4aE0b78Bea60beCa,0x9D312ED8646cE9a4eC2A44279C07CFCcfefAB012,0x4200000000000000000000000000000000000006,0x50dA645f148798F68EF2d7dB7C1CB22A6819bb2C,0x940181a94A35A4569E4529A3CDfB74e38FD98631,18,18,8,551289308907797,101930565,0.000551289308907797,1.01930565,551289410838362,374113701853292,57079589869941147414830,57079.58986994115,2.3176131516308086e-21,132.28840817226828,0,132.28840817226828,431.4783937502,1776297600
CL-WETH/uSUI,0.035288137411508255,0x5C45b0F48c326f79b56709d8F63CE2beE7697106,0xeD5355807FB4e7A04A7Ff8Bbc20cf65d425cB868,0x4200000000000000000000000000000000000006,0xb0505e5a99abd03d94a1169e638B78EDfEd26ea4,0x940181a94A35A4569E4529A3CDfB74e38FD98631,18,18,18,1840854332378200,434181575576885782,0.0018408543323782,0.4341815755768858,436022429909263982,1808589893108901,275941695880626794990331,275941.6958806268,1.138791738974511e-21,314.2401237074746,0,314.2401237074746,878.1236865140121,1776297600
CL-WETH/mooBIFI,0.019318061332109768,0xb378137c90444BbceCD44a1f766851fbf53D2a9E,0x6E415053AAcDDDc8b678a806a5279A8DCDD4f6f1,0x4200000000000000000000000000000000000006,0xc55E93C62874D8100dBd2DfE307EDc1036ad5434,0x940181a94A35A4569E4529A3CDfB74e38FD98631,18,18,18,1601308794488505,168824937842301713,0.001601308794488505,0.1688249378423017,170426246636790218,981664853349727,151060922908611270373855,151060.92290861128,1.51754861783244e-20,2292.4229476845585,0,2292.4229476845585,65.89574714438669,1776297600
CL-WETH/OVN,2.565263421908645e-08,0x1DA71Ce5Ebf772f9fdD44E29Bec53C7185E188BA,0x7a8464B293e1A035A2546Dd38fb9cF8BE4c5AB44,0x4200000000000000000000000000000000000006,0xA3d1a8DEB97B111454B294E2324EfAD13a9d8396,0x940181a94A35A4569E4529A3CDfB74e38FD98631,18,18,18,309662083969764082,638716779826879271206,0.3096620839697641,638.7167798268792,639026441910849035288,0,200595211577010362,0.20059521157701038,0.0,0,0,0,nan,0
CL-Mog/USD+,0.0005976779265747706,0x08361c463C8EC4fC1c7AddfADB006f5Ca7951fc1,0xDE199C94Fc91fA302ceae3A34c85c386966fDce5,0x2Da56AcB9Ea78330f947bD57C54119Debda7AF71,0xB79DD08EA68A908A97220C76d19A6aA9cBDE4376,0x940181a94A35A4569E4529A3CDfB74e38FD98631,18,18,6,62166606508697261157577593,31060670,62166606.508697264,31.06067,62166606508697261188638263,0,4673645954339132262636,4673.645954339132,0.0,0,0,0,nan,0
CL-WIF/USD+,3.5279866951048865e-06,0x090d9C28E1Edca0e693a9e553B256E07Ca2af021,0xF36283a09895eDff51E9451cd70c64e53B5dc2Bb,0x1fba65dE0a9cBD2D1DF82d141897042d36Bb6c86,0xB79DD08EA68A908A97220C76d19A6aA9cBDE4376,0x940181a94A35A4569E4529A3CDfB74e38FD98631,18,18,6,1612281229460357187,554465,1.6122812294603572,0.554465,1612281229460911652,0,27587702358414755267,27.587702358414752,0.0,0,0,0,nan,0
CL-KEYCAT/USD+,1.3838290512563626e-12,0x5D7411A51442D287d742FfefC02658D2c9865F29,0x13DBd71e42055a440337F0c3794d82cD82703e74,0x9a26F5433671751C3276a065f57e5a02D2817973,0xB79DD08EA68A908A97220C76d19A6aA9cBDE4376,0x940181a94A35A4569E4529A3CDfB74e38FD98631,18,18,6,1887650647720159145996,4588939,1887.6506477201592,4.588939,1887650647720163734935,0,10821090690041,1.0821090690041e-05,0.0,0,0,0,nan,0
CL-MIGGLES/USD+,6.390398475820407e-07,0xaeA775CB2879F54E197eC085f9bB08E4B59f1d9E,0x871f78b2C1324fbdEFC9A6Ac9Ac409C9202dEd4F,0xB1a03EdA10342529bBF8EB700a06C60441fEf25d,0xB79DD08EA68A908A97220C76d19A6aA9cBDE4376,0x940181a94A35A4569E4529A3CDfB74e38FD98631,18,18,6,1159333375757465579014,29643993,1159.3333757574655,29.643993,1159333375757495223007,0,4997082651904938879,4.997082651904939,0.0,0,0,0,nan,0
CL-USDz/BRETT,4.026896840416068e-06,0xaf61a867867A95836A08A025220F8E6879F8bAdb,0x3E3E749FD28c2Ee7C6Dd05fa2D70b1b37dba5607,0x04D5ddf5f3a8939889F11E97f8c4BB48317F1938,0x532f27101965dd16442E59d40670FaF5eBB142E4,0x940181a94A35A4569E4529A3CDfB74e38FD98631,18,18,18,1160289355007363996156,22186143124370955161891,1160.289355007364,22186.143124370956,23346432479378319158047,0,31489016558815711239,31.48901655881571,0.0,0,0,0,nan,0
CL-USDz/DEGEN,0.0005977829418691834,0x24Ee0b4DcCE323A03fba842190CeaA451Ff7cA5B,0x9918C85E4e5937DA606d65C9935Ea3ffe4DE06A4,0x04D5ddf5f3a8939889F11E97f8c4BB48317F1938,0x4ed4E862860beD51a9570b96d89aF5E1B0Efefed,0x940181a94A35A4569E4529A3CDfB74e38FD98631,18,18,18,3079621174274545260,1960341366453228702708,3.0796211742745454,1960.3413664532286,1963420987627503247968,0,4674467139603056836599,4674.467139603057,0.0,0,0,0,nan,0
CL-WETH/DOG,7.386772732664675e-06,0x6bFdf73DC419f2d9393AF8e68459491395Ea88a2,0x85b720eFdAC1BbE7671003AB8E349945B915A611,0x4200000000000000000000000000000000000006,0x9E53e88dCff56d3062510A745952DEC4cEFDff9E,0x940181a94A35A4569E4529A3CDfB74e38FD98631,18,18,18,336056326063436,5070567693839681423530,0.000336056326063436,5070.567693839682,5070568029896007486966,0,57762147408537370814,57.76214740853737,0.0,0,0,0,nan,0
CL-WETH/uNEAR,0.0020702153635908487,0x864cc817099761c7b7F8228822f2BDe0B74A6588,0xB95276137089404eD801c65d5Fba51BDf2c084DF,0x4200000000000000000000000000000000000006,0x5ed25E305E08F58AFD7995EaC72563E6BE65A617,0x940181a94A35A4569E4529A3CDfB74e38FD98631,18,18,18,50790000000001,3128464635957,5.0790000000001e-05,3.128464635957e-06,53918464635958,106104215021448,16188407214745396205274,16188.407214745397,2.897020690836688e-21,46.89815065280733,0,46.89815065280733,345.1822084540205,1776297600
CL-BOTTO/WETH,1.8249636212267843e-05,0x6641fFD33CF3eF95c75f2afC75A4791Cd2C1B448,0xa3E705674531E59718D97c5fDA03e41263F14351,0x24914CB6BD01E6a0CF2a9c0478e33c25926e6a0c,0x4200000000000000000000000000000000000006,0x940181a94A35A4569E4529A3CDfB74e38FD98631,18,18,18,272443364763231115843,11875218570574127,272.4433647632311,0.011875218570574128,272455239981801689970,0,142706187830003981871,142.70618783000398,0.0,0,0,0,nan,0
CL-WETH/CHAD,6.710654887238804e-05,0x36104bB6Ce1EdF37076f1CF6FBaBbCDF67DDff1B,0x3c63fa8945D6b2AA673a5E1B8ab70022c1796d6c,0x4200000000000000000000000000000000000006,0xecaF81Eb42cd30014EB44130b89Bcd6d4Ad98B92,0x940181a94A35A4569E4529A3CDfB74e38FD98631,18,18,18,8973478051414590,610615011795824578737489,0.00897347805141459,610615.0117958246,610615020769302630152079,0,524751269374278428145,524.7512693742784,0.0,0,0,0,nan,0
CL-USDz/KEYCAT,2.3487862877203568e-05,0x2C206C7dE24787f85B5c52d2ea339aDC6D5af40F,0xE7CfAea003D352B7c94a255566Da36b2DcE39B88,0x04D5ddf5f3a8939889F11E97f8c4BB48317F1938,0x9a26F5433671751C3276a065f57e5a02D2817973,0x940181a94A35A4569E4529A3CDfB74e38FD98631,18,18,18,1,22088845796476825634,1e-18,22.088845796476825,22088845796476825635,1203817388735,183667407530369678673,183.66740753036967,3.1744576922545626e-21,0.5830444146512356,0,0.5830444146512356,315.0144361476055,1776297600
CL-WETH/uAPT,5.137643491057186e-05,0xa88C07bD10813CF9B4111DeAb984c4026F2C83bf,0x27149E8aEf0331487B97D2D80ef88D7EAB9E026E,0x4200000000000000000000000000000000000006,0x9c0e042d65a2e1fF31aC83f404E5Cb79F452c337,0x940181a94A35A4569E4529A3CDfB74e38FD98631,18,18,18,468046333805,1,4.68046333805e-07,1e-18,468046333806,2633183190820,401746921697840328657,401.7469216978403,8.095160506221957e-22,0.32522058140246024,0,0.32522058140246024,1235.3059574685367,1776297600
CL-WETH/Neiro,6.851532716007222e-05,0xa4513D1f6BDa04Bd733462b58D1790514DdCf5de,0xC36EBCd3B47b3b6C0fBC23e9778B634DFF0517a6,0x4200000000000000000000000000000000000006,0x5Ca35eBC4f25B042d2cAE75914c7e882E631fA9A,0x940181a94A35A4569E4529A3CDfB74e38FD98631,18,18,9,26572720339600,285942209163,2.65727203396e-05,285.942209163,26858662548763,3511644882699,535767454935168843084,535.7674549351689,6.1290134510440115e-21,3.2837259379292663,0,3.2837259379292663,163.15839539064166,1776297600
CL-SolvBTC/cbBTC,3.401729383680829e-05,0x83eE4a0d418aA520A7BC1A3782bDb445F31b8e29,0x2d3825c93f79E97548FE7b7779ADfE6C3b962afb,0x3B86Ad95859b6AB773f55f8d94B4b9d443EE931f,0xcbB7C0000aB88B473b1f5aFd9ef808440eed33Bf,0x940181a94A35A4569E4529A3CDfB74e38FD98631,18,18,8,250975463992,1,2.50975463992e-07,1e-08,250975463993,1743479602744,266004114672746357465,266.00411467274637,4.578451278704015e-22,0.1217886878963965,0,0.1217886878963965,2184.1446793402633,1776297600
CL-SolvBTC/xSolvBTC,1.8106985878534306e-05,0x0c0E3d9b455B1097D4B4B2fd0B34E51d31AD2d1A,0x04917fBA393848554F344c2877A17e9E0650622A,0x3B86Ad95859b6AB773f55f8d94B4b9d443EE931f,0xC26C9099BD3789107888c35bb41178079B282561,0x940181a94A35A4569E4529A3CDfB74e38FD98631,18,18,18,3222190325404,3344217670924,3.222190325404e-06,3.344217670924e-06,6566407996328,0,141590708864669502603,141.5907088646695,0.0,0,0,0,nan,0
CL-jEUR/USDC,2.0746316763247557e-05,0xf11fD84609D5d55f5A2787eF5c8774C17a609B25,0x8f28db1048a89e878FdC18aBbf5D7b5bF242d280,0x4154550f4Db74Dc38d1FE98e1F3F28ed6daD627d,0x833589fCD6eDb6E08f4c7C32D4f71b54bdA02913,0x940181a94A35A4569E4529A3CDfB74e38FD98631,18,18,6,41623598523331210,42775,0.04162359852333121,0.042775,41623598523373985,0,162229413362583118563,162.2294133625831,0.0,0,0,0,nan,0
CL-VIRTUAL/WETH,0.12422195115419339,0xC200F21EfE67c7F41B81A854c26F9cdA80593065,0xBDA319Bc7Cc8F0829df39eC0FFF5D1E061FFadf7,0x0b3e328455c4059EEb9e3f84b5543F74E24e7E1b,0x4200000000000000000000000000000000000006,0x940181a94A35A4569E4529A3CDfB74e38FD98631,18,18,18,18820737657611005527,7708740477515499,18.820737657611005,0.007708740477515499,18828446398088521026,6365457885814450,971375039361235347370569,971375.0393612353,1.8315218699012293e-21,1779.09462846627,0,1779.09462846627,545.9940262978831,1776297600
CL-WETH/uSEI,3.662331131506536e-05,0x859c91f9Fe1EC10e38a7CCaD0B87f0aAE0b88cFE,0x4C74464A878947AF6fb4c2aFdd10799529cAe732,0x4200000000000000000000000000000000000006,0x71a67215a2025F501f386A49858A9ceD2FC0249d,0x940181a94A35A4569E4529A3CDfB74e38FD98631,18,18,18,3880817765458,1,3.880817765458e-06,1e-18,3880817765459,1876672711695,286382319225143428949,286.3823192251434,7.020752429773081e-22,0.2010619363543976,0,0.2010619363543976,1424.3487574911128,1776297600
CL-EURC/USDC,0.8107510940179733,0xc5E51044eB7318950B1aFb044FccFb25782C48c1,0x85af8D930cB738954d307D6E62F04dd05D839C37,0x60a3E35Cc302bFA44Cb288Bc5a4F316Fdb1adb42,0x833589fCD6eDb6E08f4c7C32D4f71b54bdA02913,0x940181a94A35A4569E4529A3CDfB74e38FD98631,18,6,6,18626903,24103702,18.626903,24.103702,42730605,0,6339808452101325318896654,6339808.452101326,0.0,0,0,0,nan,0
CL-WETH/TALENT,0.0035323090184796032,0x346eDb1aAa704dF6dDbfc604724AAFcdC12b2fed,0x37C1Eb7F00CD43A1e52f4E93b55Ed324ce60359d,0x4200000000000000000000000000000000000006,0x9a33406165f562E16C3abD82fd1185482E01b49a,0x940181a94A35A4569E4529A3CDfB74e38FD98631,18,18,18,1,850449951817297110,1e-18,0.8504499518172971,850449951817297111,181006399241454,27621501513871872871878,27621.50151387187,3.0110903229252976e-21,83.17083591308605,0,83.17083591308605,332.10561383243135,1776297600
CL-WETH/msETH,4.695910422145394,0x74F72788F4814D7fF3C49B44684aa98Eee140C0E,0x4f665e05d23a5AB1D1A581e8040B585Fb4d0453d,0x4200000000000000000000000000000000000006,0x7Ba6F01772924a82D9626c126347A28299E98c98,0x940181a94A35A4569E4529A3CDfB74e38FD98631,18,18,18,1790034741398462,1781687589857394,0.001790034741398462,0.001781687589857394,3571722331255856,240809224769701838,36720484010803057276987460,36720484.01080306,2.2121595276933164e-22,8123.156856600807,0,8123.156856600807,4520.469647334744,1776297600
CL-msUSD/USDC,4.828539877629905,0x7501bc8Bb51616F79bfA524E464fb7B41f0B10fB,0x3d86AED6eCC8dAf71C8b50d06f38455b663265d8,0x526728DBc96689597F85ae4cd716d4f7fCcBAE9d,0x833589fCD6eDb6E08f4c7C32D4f71b54bdA02913,0x940181a94A35A4569E4529A3CDfB74e38FD98631,18,18,6,1918468061633241789,3441005,1.9184680616332417,3.441005,1918468061636682794,247429262918721703,37757602984902970267066291,37757602.98490297,1.7032489276561007e-22,6431.0596794900775,0,6431.0596794900775,5871.132420885386,1776297600
CL-WETH/WELL,0.012508294251902726,0x3Ba9ce0f19cF3CcB631b973c83712C7E6E9585ae,0xe871A267A418C200F8b92Ae21397221122B79808,0x4200000000000000000000000000000000000006,0xA88594D404727625A9437C3f886C7643872296AE,0x940181a94A35A4569E4529A3CDfB74e38FD98631,18,18,18,343661661933800,1031645930365650086,0.0003436616619338,1.03164593036565,1031989592027583886,640963542924682,97810771030332223275909,97810.77103033222,1.753125354049301e-21,171.47454259238629,0,171.47454259238629,570.4098669785585,1776297600
CL-BTCB/AERO,9.703876725708314e-08,0x1a1fa53D4D84D016BF660f2CF0f86f481a537752,0x627AC3BEA1d3544270A924e5a13fd826Ae2a29Ab,0x0c41F1FC9022FEB69aF6dc666aBfE73C9FFDA7ce,0x940181a94A35A4569E4529A3CDfB74e38FD98631,0x0000000000000000000000000000000000000000,18,18,18,0,0,0.0,0.0,0,0,758811429768247461,0.7588114297682474,0.0,0,0,0,nan,0
CL-USDC/STAR,0.01313199155551272,0xa7C2693022cfB693c198EaA743E9B54d7921588E,0x9Aa4F2cF55E1EA0eEEfC6E455ADe474c8Add67A2,0x833589fCD6eDb6E08f4c7C32D4f71b54bdA02913,0xC19669A405067927865B40Ea045a2baabbbe57f5,0x940181a94A35A4569E4529A3CDfB74e38FD98631,18,6,18,1,1,1e-06,1e-18,2,672923714742164,102687880005151302274582,102687.8800051513,0.0,0,0,0,nan,0
CL-RUSSELL/WETH,6.636177540210138e-07,0x6bcE1AAa2eFE9dE37BEC193f3499484082B261c2,0x985a58248b44Ca5914b03b6de3f0934A2078720B,0x0C5142BC58f9A61AB8C3D2085DD2F4e550c5cE0B,0x4200000000000000000000000000000000000006,0x940181a94A35A4569E4529A3CDfB74e38FD98631,18,18,18,116281966926237212659925,254167206824074113,116281.96692623722,0.2541672068240741,116282221093444036734038,0,5189273843660892491,5.189273843660892,0.0,0,0,0,nan,0
CL-LOGX/USDC,1.0775041470084844e-05,0x68ae3F59217490F3E02b8076aE117c9f9Dc0fEbE,0xf661ede7D6318e43fCF252351A05C3ce377F1E9D,0x04055057677807D2a53d2b25a80FF3b4d932aE1a,0x833589fCD6eDb6E08f4c7C32D4f71b54bdA02913,0x940181a94A35A4569E4529A3CDfB74e38FD98631,18,18,6,1115683755238475952800,9902640,1115.683755238476,9.90264,1115683755238485855440,0,84257301023477632445,84.25730102347762,0.0,0,0,0,nan,0
CL-WETH/ElonRWA,1.8423111796186913e-07,0x5Ca1C5d0db6c558ca0a4c1Bb7792831aB5805672,0x6c58108057d0Cb05D36518B2642DAaAEDe49828D,0x4200000000000000000000000000000000000006,0xAa6Cccdce193698D33deb9ffd4be74eAa74c4898,0x940181a94A35A4569E4529A3CDfB74e38FD98631,18,18,18,29382599356424,990172274954335650051,2.9382599356424e-05,990.1722749543356,990172304336935006475,0,1440627101724073089,1.4406271017240733,0.0,0,0,0,nan,0
CL-uXRP/WETH,0.01464447757665959,0x61C6e9E93592e535Efc1BEE07f491A517e98f6d0,0x4b9C4828A512ed379b8F2b656aCc839A62265ADb,0x2615a94df961278DcbC41Fb0a54fEc5f10a693aE,0x4200000000000000000000000000000000000006,0x940181a94A35A4569E4529A3CDfB74e38FD98631,18,18,18,2270167184919593476,6396882300236534,2.2701671849195937,0.006396882300236534,2276564067219830010,750438085973351,114515026130888702864787,114515.0261308887,3.023195934549529e-21,346.2013614437358,0,346.2013614437358,330.77578220182573,1776297600
CL-USDC/CHAMP,0.00034178262196882573,0x58c5649e6BC93969f4530673E8892faf762Cc7E7,0x0e956C897bBFCbd2155D3DfdD27c87fa5A0FaD39,0x833589fCD6eDb6E08f4c7C32D4f71b54bdA02913,0xEb6d78148F001F3aA2f588997c5E102E489Ad341,0x940181a94A35A4569E4529A3CDfB74e38FD98631,18,6,18,1,375423827776649867,1e-06,0.37542382777664984,375423827776649868,17514226458854,2672628346143529979464,2672.62834614353,5.372983598164292e-22,1.4359988267818145,0,1.4359988267818145,1861.1633215140564,1776297600
CL-WETH/uADA,1.1322790739026838e-05,0xB79C8a96D89f5CCa7B907D3d1229b61373C3D439,0xC397805B44426d10a304D339D405f35d69A2Eb1b,0x4200000000000000000000000000000000000006,0xa3A34A0D9A08CCDDB6Ed422Ac0A28a06731335aA,0x940181a94A35A4569E4529A3CDfB74e38FD98631,18,18,18,2204646089030767,18183978260983530672,0.002204646089030767,18.18397826098353,18186182907072561439,0,88540521201030423913,88.54052120103043,0.0,0,0,0,nan,0
CL-LUM/WETH,6.082315507942479e-05,0x80FDA26eEf8eAEfBbB2c75b84bF351c99c2a6D47,0x930b91c3DDd7D344ef8d599D1D6D68b17bb14c16,0x0fD7a301B51d0A83FCAf6718628174D527B373b6,0x4200000000000000000000000000000000000006,0x940181a94A35A4569E4529A3CDfB74e38FD98631,18,18,18,1,1,1e-18,1e-18,2,3116807126900,475617184486288967894,475.617184486289,2.2206890492332566e-21,1.0561978732158555,0,1.0561978732158555,450.3106818783444,1776297600
CL-WETH/AIXBT,0.08904436515840877,0x22A52bB644f855ebD5ca2edB643FF70222D70C31,0xC23924a846eca931Ec3014253E94f15b038bd0C8,0x4200000000000000000000000000000000000006,0x4F9Fd6Be4a90f2620860d680c0d4d5Fb53d1A825,0x940181a94A35A4569E4529A3CDfB74e38FD98631,18,18,18,5836931478942732,218606245775993370190,0.005836931478942732,218.60624577599336,218612082707472312922,4575449265109119,696297819402957246292900,696297.8194029572,1.531557601518817e-21,1066.4202182275756,0,1066.4202182275756,652.9300621852673,1776297600
CL-SEKOIA/WETH,0.0001766004916235552,0x52f38A65DAb3Cf23478cc567110BEC90162aB832,0x0592D3036ed8BFDF4545410EDfc7F075227324A2,0x1185cB5122Edad199BdBC0cbd7a0457E448f23c7,0x4200000000000000000000000000000000000006,0x940181a94A35A4569E4529A3CDfB74e38FD98631,18,18,18,13062833611075778250063,956432253734344,13062.83361107578,0.000956432253734344,13062834567508031984407,0,1380958098855731233853,1380.9580988557311,0.0,0,0,0,nan,0
CL-cbBTC/LBTC,0.04400417852226946,0xA44D3Bb767d953711EA4Bce8C0F01f4d7D299aF6,0xc3f97660D0b47F0E05C3c513f73eeff7c1bd6c7a,0xcbB7C0000aB88B473b1f5aFd9ef808440eed33Bf,0xecAc9C5F704e954931349Da37F60E39f515c11c1,0x940181a94A35A4569E4529A3CDfB74e38FD98631,18,8,8,42,191,4.2e-07,1.91e-06,233,2687654503372631,344098287355594972454308,344098.2873555949,1.629232646509094e-21,560.6161633676027,0,560.6161633676027,613.7858838899826,1776297600
CL-ANON/WETH,1.2180854082292914e-07,0xDB20b9455DEB2D616727cbdae4aC9F8eeB9AC899,0xf823D416eF26B5233dAE227BA7B8F3159a68C2fc,0x0Db510e79909666d6dEc7f5e49370838c16D950f,0x4200000000000000000000000000000000000006,0x940181a94A35A4569E4529A3CDfB74e38FD98631,18,18,18,727449058694831860686210,174643987438359527,727449.0586948319,0.17464398743835952,727449233338819299045737,0,952502959718751855,0.9525029597187519,0.0,0,0,0,nan,0
CL-WETH/MORPHO,1.029139595851654,0xB5F0b4aE66C14F7EFaA9aA1468E8FC536A3E288c,0xf008577BfbB3B8EAAaC22C1933C9a8cd876fCFd2,0x4200000000000000000000000000000000000006,0xBAa5CC21fd487B8Fcc2F632f3F4E8D37262a0842,0x940181a94A35A4569E4529A3CDfB74e38FD98631,18,18,18,303414930761768596,234380887799558427522,0.3034149307617686,234.38088779955842,234684302730320196118,53758580991657385,8047535126764587710163844,8047535.126764588,1.519019206155716e-21,12224.360419768183,0,12224.360419768183,658.3195235106784,1776297600
CL-WETH/SAINT,3.1538180880334135e-07,0xeb4ab2038eF5662ff00AcabBB76A09aBd7440D10,0x7cFfFd69796e607a38a36BE004074941cF58b7B9,0x4200000000000000000000000000000000000006,0x7588880d9c78E81FAde7b7e8DC0781E95995a792,0x940181a94A35A4569E4529A3CDfB74e38FD98631,18,18,18,16805761541388017,32245293797666457912521,0.016805761541388017,32245.293797666458,32245310603427999300538,0,2466182619848678762,2.466182619848679,0.0,0,0,0,nan,0
CL-WETH/DOGE,3.632798775807287e-05,0x03Cd22d89bba07b109b869DA1B5fD344d0Ad6B40,0x8118696CDb46892a6314b70c71B2fBcD2EcD5E5d,0x4200000000000000000000000000000000000006,0x67f0870BB897F5E1c369976b4A2962d527B9562c,0x940181a94A35A4569E4529A3CDfB74e38FD98631,18,18,18,8151972832543973,7663488564442074272790,0.008151972832543973,7663.488564442075,7663496716414906816763,0,284072985575716204008,284.0729855757162,0.0,0,0,0,nan,0
CL-USDz/sUSDz,0.0002994940109396209,0x96CC4b6A75fA1dFea66091589d1f25AfF3aa0318,0xb1C4225d490B881d2e011decc9E0F7439F2AC174,0x04D5ddf5f3a8939889F11E97f8c4BB48317F1938,0xe31eE12bDFDD0573D634124611e85338e2cBF0cF,0x940181a94A35A4569E4529A3CDfB74e38FD98631,18,18,18,1,1,1e-18,1e-18,2,15347655839813,2341945235619556540882,2341.9452356195566,0.0,0,0,0,nan,0
CL-WETH/PLAY,0.0007060781560966341,0x9D029DF22CEefC6245D382a41bc232c8Dc988Bf9,0x353e5958AfeC30AB701Ef5c09EA04Ae7Eca6907A,0x4200000000000000000000000000000000000006,0x7404AC09aDf614603D9c16a7CE85A1101F3514ba,0x940181a94A35A4569E4529A3CDfB74e38FD98631,18,18,18,589254868954169,1337489371614708523782,0.000589254868954169,1337.4893716147085,1337489960869577477951,0,5521300303994809045122,5521.300303994809,0.0,0,0,0,nan,0
CL-USDS/USDC,2.5638424271252212e-05,0xA441378a1CB4DF371535296e539a1E0deF6924e4,0xe2a2B1D8AA4bD8A05e517Ccf61E96A727831B63e,0x820C137fa70C8691f0e44Dc420a5e53c168921Dc,0x833589fCD6eDb6E08f4c7C32D4f71b54bdA02913,0x940181a94A35A4569E4529A3CDfB74e38FD98631,18,18,6,3088282839744288,430,0.003088282839744288,0.00043,3088282839744718,1313861384787,200484094431380681598,200.48409443138067,0.0,0,0,0,nan,0
CL-WETH/USDS,2.0861223168587796e-05,0x4289a0666397f517c2A761652AaebAf6A4f7A693,0x0C8a0BA64139c17eB90a9Fe63158498be41467eb,0x4200000000000000000000000000000000000006,0x820C137fa70C8691f0e44Dc420a5e53c168921Dc,0x940181a94A35A4569E4529A3CDfB74e38FD98631,18,18,18,1928159216645,4723278606906479,1.928159216645e-06,0.004723278606906479,4725206766123124,1069049925636,163127943879719219793,163.12794387971923,4.419971730508085e-21,0.7210209004042684,0,0.7210209004042684,226.24579091709438,1776297600
CL-cbBTC/superOETHb,0.0006899492700013611,0x4d9199269D4F89a367965e90d07D6F4AF7750eD0,0x0c240E7B77FF16839bCf9E9CE15193Baf4CA5911,0xcbB7C0000aB88B473b1f5aFd9ef808440eed33Bf,0xDBFeFD2e8460a6Ee4955A68582F85708BAEA60A3,0x940181a94A35A4569E4529A3CDfB74e38FD98631,18,8,18,15,4229931293545,1.5e-07,4.229931293545e-06,4229931293560,35356997517714,5395177688627084446753,5395.1776886270845,0.0,0,0,0,nan,0
CL-WETH/HEU,7.518929685659982e-05,0x7C42dD1556754Be827E187cE0870e70c5E571f35,0x54A9d2003b547E54c4cf6dDCf1588032c4386687,0x4200000000000000000000000000000000000006,0xEF22cb48B8483dF6152e1423b19dF5553BbD818b,0x940181a94A35A4569E4529A3CDfB74e38FD98631,18,18,18,1,1,1e-18,1e-18,2,3853135147620,587955715676727362291,587.9557156767273,0.0,0,0,0,nan,0
CL-WETH/MOXIE,1.9605391448241693e-05,0x8A86610952343bEff5f1A906Fd5Bd9185c031A90,0xe6813B3271803DC1C083EC5E605d68926757cA92,0x4200000000000000000000000000000000000006,0x8C9037D1Ef5c6D1f6816278C7AAF5491d24CD527,0x940181a94A35A4569E4529A3CDfB74e38FD98631,18,18,18,214466044937650,26747684632142848348717,0.00021446604493765,26747.68463214285,26747684846608893286367,0,153307750464240862015,153.30775046424088,0.0,0,0,0,nan,0
CL-WETH/FAI,0.4896950328987478,0x28A9eC9928A689410e82E579FD9418FbBF6452F3,0x093b5fa753c6a4C94B0aE98326919A5e241901a0,0x4200000000000000000000000000000000000006,0xb33Ff54b9F7242EF1593d2C9Bcd8f9df46c77935,0x940181a94A35A4569E4529A3CDfB74e38FD98631,18,18,18,356837262861591,4206039880995501857055,0.000356837262861591,4206.039880995502,4206040237832764718646,25169671188932059,3829255034535535815327317,3829255.034535536,8.915144618167714e-22,3413.011141631824,0.8250996412865799,3413.8362412731108,1121.6867957050877,1776297600
CL-Mog/wBLT,9.381491511169647e-05,0x48d0CC084D274889131986925FB3B348a4405811,0xCB32e7190785E7bF4f02c56Cb576bf38BeBB2b17,0x2Da56AcB9Ea78330f947bD57C54119Debda7AF71,0x4E74D4Db6c0726ccded4656d0BCE448876BB4C7A,0x940181a94A35A4569E4529A3CDfB74e38FD98631,18,18,18,13408457873092419701663729,10133291059622195641,13408457.87309242,10.133291059622195,13408468006383479323859370,0,733601960141316138606,733.6019601413161,0.0,0,0,0,nan,0
CL-WETH/PENDLE,0.004836471369095657,0x016df91005F30039c9f1A89b44db5e8c60613603,0xB2025A9813914b7a0eB85a2b87848028fbE4d203,0x4200000000000000000000000000000000000006,0xA99F6e6785Da0F5d6fB42495Fe424BCE029Eeb3E,0x940181a94A35A4569E4529A3CDfB74e38FD98631,18,18,18,584369979434841,287980413332476955,0.000584369979434841,0.287980413332477,288564783311911796,247851269983555,37819624654689613307293,37819.62465468961,2.7999315723008894e-21,105.89236112323456,0,105.89236112323456,357.15158537900754,1776297600
CL-WETH/REI,0.009388525720423868,0x54cdD0222dF6B3BC17754c2C1B3d7D4203FE3d89,0xa4A7e0daE53e9dE540ddEf4Bb7214499DfDEA07D,0x4200000000000000000000000000000000000006,0x6B2504A03ca4D43d0D73776F6aD46dAb2F2a4cFD,0x940181a94A35A4569E4529A3CDfB74e38FD98631,18,18,18,45577781767614,15486993453688713154,4.5577781767614e-05,15.486993453688713,15487039031470480768,481127219722472,73415201230421543468604,73415.20123042155,0.0,0,0,0,nan,0
CL-USDC/ODOS,0.0026300657148774064,0xb7068556049dF8Fb3ae77CCbb9611FE0e85B2641,0x417e10d1d0b491aeBeF222c9Df0263618EFCCB39,0x833589fCD6eDb6E08f4c7C32D4f71b54bdA02913,0xca73ed1815e5915489570014e024b7EbE65dE679,0x940181a94A35A4569E4529A3CDfB74e38FD98631,18,6,18,271322,355653281492101318802,0.271322,355.6532814921013,355653281492101590124,134781140593097,20566253899365143141617,20566.253899365143,0.0,0,0,0,nan,0
CL-VIRTUAL/WETH,1.0597545927383736,0x3f0296BF652e19bca772EC3dF08b32732F93014A,0x5013Ea8783Bfeaa8c4850a54eacd54D7A3B7f889,0x0b3e328455c4059EEb9e3f84b5543F74E24e7E1b,0x4200000000000000000000000000000000000006,0x940181a94A35A4569E4529A3CDfB74e38FD98631,18,18,18,100377466533826688984,32786437952569136,100.37746653382669,0.032786437952569136,100410252971779258120,54580490461061336,8286934391786335729046582,8286934.391786336,0.0,0,0,0,nan,0
CL-EMP/WETH,0.0057268600213625145,0xb0f400ded843b39370B059aD49AcFF6eB7365EEF,0x72Ef9Eef04485fC4dE5Bb9205498e3d649A06596,0x39D5313C3750140E5042887413bA8AA6145a9bd2,0x4200000000000000000000000000000000000006,0x940181a94A35A4569E4529A3CDfB74e38FD98631,18,18,18,253548904215881767,7804869144253,0.2535489042158818,7.804869144253e-06,253556709085026020,293483307097329,44782172772042368596618,44782.172772042366,1.3516096679266358e-21,60.52801766945342,0,60.52801766945342,739.8585728777718,1776297600
CL-WETH/LAY,0.00030938640651479327,0xEDA5C8f08e92E6983Ae29aB2D5Dc244342bF70c8,0x7946898CDBe3246a55C596D2d602A7394011fDDE,0x4200000000000000000000000000000000000006,0xb89D354AD1b0d95a48b3De4607F75a8cD710c1bA,0x940181a94A35A4569E4529A3CDfB74e38FD98631,18,18,18,946322364213406,4830735070623782436539,0.000946322364213406,4830.735070623782,4830736016946146649945,0,2419300534356430100428,2419.3005343564305,0.0,0,0,0,nan,0
CL-WETH/Anon,0.013131510589641992,0x1807af3897aA6419E770D4642dF7B8b06E542C02,0xeCa59A0fBD6498B4d3d6E4143a30C2E8d8F68686,0x4200000000000000000000000000000000000006,0x79bbF4508B1391af3A0F4B30bb5FC4aa9ab0E07C,0x940181a94A35A4569E4529A3CDfB74e38FD98631,18,18,18,3268234639583186,1501692513440022844,0.003268234639583186,1.5016925134400227,1504960748079606030,672954704247504,102684119009310649069030,102684.11900931064,3.4055606077802405e-21,349.6969907427265,0,349.6969907427265,293.6374110375338,1776297600
CL-WETH/ACOLYT,4.394696613541899e-06,0x984FaEED533D60B53F142ad76b629D64849ea507,0x792F8CAB72d9B67cc310C8dBd2A87b9FDC327Fb7,0x4200000000000000000000000000000000000006,0x79dacb99A8698052a9898E81Fdf883c29efb93cb,0x940181a94A35A4569E4529A3CDfB74e38FD98631,18,18,18,122330045616918,912324114264424134206,0.000122330045616918,912.3241142644241,912324236594469751124,0,34365090519799353914,34.36509051979935,0.0,0,0,0,nan,0
CL-WETH/AION,5.038399741745141e-05,0x1d6aaA7ae38856fFfc37e5e3C99D1c392631f450,0x41aD48761d843B7b2c33fE4aAd944Ab229599dF8,0x4200000000000000000000000000000000000006,0xfc48314ad4aD5bD36a84E8307b86A68A01D95d9C,0x940181a94A35A4569E4529A3CDfB74e38FD98631,18,18,18,4415401405835390,473746005316916628662,0.00441540140583539,473.74600531691664,473750420718322464052,0,393986385013411524612,393.98638501341156,0.0,0,0,0,nan,0
CL-WETH/GEKKO,2.319750771923626e-05,0x027256310dDD3773bc410f1CBd83524C42321Cd0,0xe3D090Ce1684Ada21EFeffF4eBc469e2def2d6D3,0x4200000000000000000000000000000000000006,0xf7b0dd0B642a6ccc2fc4d8FfE2BfFb0caC8C43C8,0x940181a94A35A4569E4529A3CDfB74e38FD98631,18,18,18,100113658715793,672476340964751961919,0.000100113658715793,672.476340964752,672476441078410677712,0,181396925136729448252,181.39692513672944,0.0,0,0,0,nan,0
CL-WETH/DKING,7.156007153127737e-07,0x18D9600F64149AC0dB8517a74D0827b57960C4d3,0x16fe97736520c893E57807fC2d6B08030bDa96f1,0x4200000000000000000000000000000000000006,0x57eDc3F1fd42c0D48230e964b1C5184B9c89B2ed,0x940181a94A35A4569E4529A3CDfB74e38FD98631,18,18,18,74493591886379,215081241580755379878,7.4493591886379e-05,215.08124158075537,215081316074347266257,0,5595763603334839960,5.595763603334841,0.0,0,0,0,nan,0
CL-USDC/TRUMP,0.00014232161509208606,0x0c40e7F5b43f6759060a3c4D2fb406DFecF03B57,0x0c1D14b66e74FBB35d53A0c97Dbe93fa8a97BbE7,0x833589fCD6eDb6E08f4c7C32D4f71b54bdA02913,0xc27468b12ffA6d714B1b5fBC87eF403F38b82AD4,0x940181a94A35A4569E4529A3CDfB74e38FD98631,18,6,18,1,10328689698909563,1e-06,0.010328689698909562,10328689698909564,7293673489097,1112908493044248997971,1112.908493044249,0.0,0.0,0,0.0,nan,1776297600
CL-WETH/VEIL,0.003443354081315821,0x8caD4aF4c6b4dd0eFd195407498E55eB9C328CD3,0x40a844835DF0a7b09E2B4D4D85443714c473624d,0x4200000000000000000000000000000000000006,0x767A739D1A152639e9Ea1D8c1BD55FDC5B217D7f,0x940181a94A35A4569E4529A3CDfB74e38FD98631,18,18,18,294939651341210,59919477848128056,0.00029493965134121,0.05991947784812805,60214417499469266,176455076474463,26925902992145318797519,26925.90299214532,2.0968101334872555e-21,56.45850624722512,0,56.45850624722512,476.9149023220695,1776297600
CL-WETH/WELS,3.0944385373156933e-07,0x39d8E6Ce85Be6fDb679b1515a0A8cbC919df948b,0x977EFe76abA185f61A70A67D491e780b205ed908,0x4200000000000000000000000000000000000006,0x7F62ac1e974D65Fab4A81821CA6AF659A5F46298,0x940181a94A35A4569E4529A3CDfB74e38FD98631,18,18,18,177014724220558,169991283083121929601,0.000177014724220558,169.99128308312194,169991460097846150159,0,2419749752807264060,2.4197497528072645,0.0,0,0,0,nan,0
CL-WETH/USDC,0.004873043899905857,0x0652202C4b2D09CB93aEDeFAdc14B36869483a98,0x9017Bdde03D36636113a55Aa97CF159048843498,0x4200000000000000000000000000000000000006,0x833589fCD6eDb6E08f4c7C32D4f71b54bdA02913,0x940181a94A35A4569E4529A3CDfB74e38FD98631,18,18,6,114704317052389,277179,0.000114704317052389,0.277179,114704317329568,249733319336249,38105609886971150533630,38105.60988697116,1.0931896615397743e-21,41.656658775104674,0,41.656658775104674,914.754351583864,1776297600
CL-WETH/ANZ,2.137119279671029e-05,0xaE092538552D0B772014346d9E9a6273C24C5612,0x52abaB90414f807E624cF86973eD85aE9de50Ed7,0x4200000000000000000000000000000000000006,0xeeC468333ccc16D4BF1cEf497A56cf8C0aAe4Ca3,0x940181a94A35A4569E4529A3CDfB74e38FD98631,18,18,18,1979850152206,8100609915633532752,1.979850152206e-06,8.100609915633532,8100611895483684958,1095227188300,167115739619424135984,167.11573961942415,1.2322021698626963e-21,0.20592037697726379,0,0.20592037697726379,811.555136371355,1776297600
CL-WETH/VVV,0.7944872175871133,0x46D398A5b33709877f50c8918A7eE96F1Be1d7dd,0x6831125a82Af7417e0cde3A214c03fE248Ff6AA8,0x4200000000000000000000000000000000000006,0xacfE6019Ed1A7Dc6f7B508C02d1b04ec88cC21bf,0x940181a94A35A4569E4529A3CDfB74e38FD98631,18,18,18,1845949541399145,9670342604918033017,0.001845949541399145,9.670342604918034,9672188554459432162,40724708667579548,6212630256449070131649912,6212630.256449071,1.233151846396695e-21,7661.116471720144,0,7661.116471720144,810.9301404543396,1776297600
CL-WETH/VVV,0.1987246158599099,0x7eC6C9D993D9832Aa654593f2Dbc21303650Bc6c,0x5d05eF25a5f933271E1f0FDc02dC3EaB6a4eA687,0x4200000000000000000000000000000000000006,0xacfE6019Ed1A7Dc6f7B508C02d1b04ec88cC21bf,0x940181a94A35A4569E4529A3CDfB74e38FD98631,18,18,18,673350505436109353,177913932116063782296,0.6733505054361093,177.9139321160638,178587282621499891649,0,1553961516136191879498735,1553961.516136192,0.0,0,0,0,nan,0
CL-PONKE/USDC,0.0019607742878713402,0x0e62644261Fa9C5f2A068d133927Bb0678Ac042d,0x62005BbF01daBf943e0e05561b6ed93D36ABb257,0x4A0c64af541439898448659AEdcEC8E8e819FC53,0x833589fCD6eDb6E08f4c7C32D4f71b54bdA02913,0x940181a94A35A4569E4529A3CDfB74e38FD98631,18,18,6,27524220026039710263,1930300,27.52422002603971,1.9303,27524220026041640563,100490738799163,15332613788164810565046,15332.61378816481,2.154034273184269e-21,33.02697559720469,0,33.02697559720469,464.24516659232097,1776297600
CL-WETH/LsETH,2.0969115190392566e-05,0x04f8375dAd560480D6639B9600CD88ca594E2293,0x0fe62690cD3B234E1F1e206621e84b57f3b219A1,0x4200000000000000000000000000000000000006,0xB29749498954A3A821ec37BdE86e386dF3cE30B6,0x940181a94A35A4569E4529A3CDfB74e38FD98631,18,18,18,1,30633537,1e-18,3.0633537e-11,30633538,1074678452528,163971624211203352762,163.97162421120336,1.8853610002323384e-21,0.3091457054325555,0,0.3091457054325555,530.4024003237403,1776297600
CL-USDC/AAA,0.015163043158344342,0xfd198524340203Da7896909941E92E5EF0D2B753,0x5ADA69FF0dd93F5538Adce7b5bF0B588fFA466e8,0x833589fCD6eDb6E08f4c7C32D4f71b54bdA02913,0xaaa843fb2916c0B57454270418E121C626402AAa,0x940181a94A35A4569E4529A3CDfB74e38FD98631,18,6,18,1,264254353255033664,1e-06,0.26425435325503366,264254353255033665,777114132335869,118570039416706037493142,118570.03941670604,4.849842514598596e-22,57.504601812077226,0,57.504601812077226,2061.9226232395845,1776297600
CL-USDC/BRZ,0.00417502537216409,0xD43Decd5Df4BDFFd5A4Cf35cA1f9557E33B7246C,0xaF4290B7Be7a2e387d6dbbAC746d891Be507Fa09,0x833589fCD6eDb6E08f4c7C32D4f71b54bdA02913,0xE9185Ee218cae427aF7B9764A011bb89FeA761B4,0x940181a94A35A4569E4529A3CDfB74e38FD98631,18,6,18,552590,427187092873945314,0.55259,0.4271870928739453,427187092874497904,231758295920231,32647333241337075364989,32647.333241337074,2.5687657507318667e-21,83.86335148307666,0,83.86335148307666,389.2920168820727,1776297600
CL-WETH/W,0.00602173473503896,0xf1Eef36d55978eDfD427e95c3D0C9B9359EF0AEF,0xA2292a26d33117f52Fd511aafD98A73C2172a990,0x4200000000000000000000000000000000000006,0xB0fFa8000886e57F86dd5264b9582b2Ad87b2b91,0x940181a94A35A4569E4529A3CDfB74e38FD98631,18,18,18,1832099246513760,316699472124689741772,0.00183209924651376,316.69947212468975,316701304223936255532,308606942968276,47087996613502952393595,47087.996613502946,1.471696500345984e-20,692.9923982439584,0,692.9923982439584,67.9487924150739,1776297600
CL-WETH/KAITO,0.011927837678067685,0x56b92E5B391DbFb8b8028AC95A4b97f52ffEB416,0x6205DfbE68444cFF504A20a712cEa794c6b6Cf04,0x4200000000000000000000000000000000000006,0x98d0baa52b2D063E780DE12F615f963Fe8537553,0x940181a94A35A4569E4529A3CDfB74e38FD98631,18,18,18,875565475679173,8740909610347893147,0.000875565475679173,8.740909610347893,8741785175823572320,611314173847725,93271790423300697641968,93271.7904233007,3.303307478217589e-21,308.1054028120329,0,308.1054028120329,302.7268901227396,1776297600
CL-WETH/RIZ,4.033264635990304e-05,0x78abF9026c500744Cb033842744b87ffA0F73689,0x5983adac7383396B31A3F4c5654623702ad27FaC,0x4200000000000000000000000000000000000006,0x67543CF0304C19CA62AC95ba82FD4F4B40788dc1,0x940181a94A35A4569E4529A3CDfB74e38FD98631,18,18,8,219763053644824,54068089530,0.000219763053644824,540.6808953,219817121734354,0,315388106380351682257,315.3881063803517,0.0,0,0,0,nan,0
CL-WETH/COW,9.84583786868632e-05,0x6D99904cd4ec6F558D279a643b64d2Dc8E2E4C18,0xFB0232F10272848b303C2DDa79C6bb568e19c18d,0x4200000000000000000000000000000000000006,0xc694a91e6b071bF030A18BD3053A7fE09B6DaE69,0x940181a94A35A4569E4529A3CDfB74e38FD98631,18,18,18,54942168082059,861244930462403641,5.4942168082059e-05,0.8612449304624037,861299872630485700,0,769912326958057072041,769.9123269580572,0.0,0,0,0,nan,0
CL-WETH/LINKS,4.73178315893134e-08,0x4Ba79157c6e7aB14bce06a869aF2d14C51C8E269,0x93eE62191632cdb63710f6dBe497Dbc6640242F4,0x4200000000000000000000000000000000000006,0x901F1D2BF312e6Fa1716Df603df8F86315bcb355,0x940181a94A35A4569E4529A3CDfB74e38FD98631,18,18,18,64827089957639573,2209339964743336430599576,0.06482708995763957,2209339.9647433367,2209340029570426388239149,0,370009970826368053,0.37000997082636805,0.0,0,0,0,nan,0
CL-MXNe/USDC,8.142298826059721e-05,0x256D96010e9D9801B1F4c2320B2AD44715c8078F,0xab205bb675a7DDAF1f5808da0D89bdbdC8F9F646,0x269caE7Dc59803e5C596c95756faEeBb6030E0aF,0x833589fCD6eDb6E08f4c7C32D4f71b54bdA02913,0x940181a94A35A4569E4529A3CDfB74e38FD98631,18,6,6,1,1,1e-06,1e-06,2,4173013428264,636701144134919401759,636.7011441349194,0.0,0,0,0,nan,0
CL-oUSDT/WETH,0.1896859915201175,0x93617b2909a7c207E4180dE0E667ea80c9BdfE9e,0x3D7981a71dEe2e73656566f3003D3C6a19C45EE6,0x1217BfE6c773EEC6cc4A38b5Dc45B92292B6E189,0x4200000000000000000000000000000000000006,0x940181a94A35A4569E4529A3CDfB74e38FD98631,18,6,18,19029379,8303561372170648,19.029379,0.008303561372170648,8303561391200027,9721605736622705,1483282429289946789698373,1483282.4292899468,0.0,0,0,0,nan,0
CL-oUSDT/cbBTC,0.15346944834227902,0x85c99e6B9adaB159A33A999a6303933212ac091E,0x5743b100361F2d6b13282C731426215294689a71,0x1217BfE6c773EEC6cc4A38b5Dc45B92292B6E189,0xcbB7C0000aB88B473b1f5aFd9ef808440eed33Bf,0x940181a94A35A4569E4529A3CDfB74e38FD98631,18,6,8,9524867,11370,9.524867,0.0001137,9536237,7865469966675888,1200080903891002237140622,1200080.9038910023,0.0,0,0,0,nan,0
CL-WETH/KTA,0.0692510662709571,0x46D710c35BdfB800a18A820712310048Ef8B5256,0x6bf4D7E9cC3BF9fEA7ee88bA7cfde9626E77eFd4,0x4200000000000000000000000000000000000006,0xc0634090F2Fe6c6d75e61Be2b949464aBB498973,0x940181a94A35A4569E4529A3CDfB74e38FD98631,18,18,18,3490775978908560,104312269850923617277,0.00349077597890856,104.31226985092361,104315760626902525837,3540799307013492,541520694206932552583233,541520.6942069326,0.0,0,0,0,nan,0
CL-WETH/uBERA,4.632533958773908e-10,0x569f22aD5ce151AA4507AdF2302B79e5Ca6B4049,0xe75819C7dE5c3a3ac7ADBF94db0A2531596BA61F,0x4200000000000000000000000000000000000006,0x544F87A5aa41Fcd725EF7C78a37cd9C1c4bA1650,0x940181a94A35A4569E4529A3CDfB74e38FD98631,18,18,18,917938934230630,2114179946099875335,0.00091793893423063,2.1141799460998754,2115097885034105965,0,3622490079036533,0.003622490079036533,0.0,0,0,0,nan,0
CL-DRB/WETH,0.09475546648613396,0x385B47e56b73eb6549378f78F7c7Cbc42C56C9e0,0x7a53fD90c6fb9Ffd8eebc668300Fe42e151cfA02,0x3ec2156D4c0A9CBdAB4a016633b7BcF6a8d68Ea2,0x4200000000000000000000000000000000000006,0x940181a94A35A4569E4529A3CDfB74e38FD98631,18,18,18,31142986239804086265865,1824242942652345,31142.986239804086,0.001824242942652345,31142988064047028918210,5128580292100648,740956764343605859769509,740956.7643436058,6.945743865401172e-22,514.6495900467102,0,514.6495900467102,1439.730602479166,1776297600
CL-USDC/cbBTC,2.4707896920339705,0x3e66e55e97ce60096f74b7C475e8249f2D31a9fb,0x9B55cb6cAe1e303B5EDce6F9fcf90246D382809c,0x833589fCD6eDb6E08f4c7C32D4f71b54bdA02913,0xcbB7C0000aB88B473b1f5aFd9ef808440eed33Bf,0x940181a94A35A4569E4529A3CDfB74e38FD98631,18,6,8,108298644,135965,108.298644,0.00135965,108434609,126631816035444231,19320767481535510641941335,19320767.48153551,9.94931869781424e-22,19222.84731601626,0,19222.84731601626,1005.0939470053254,1776297600
CL-CADC/USDC,0.07023420608867777,0x09Da4832d34BeBBB55783340d5bede7A70F5c48e,0xc420F795B3A10E736975A43Ed4b87b913d041EfC,0x043eB4B75d0805c43D7C834902E335621983Cf03,0x833589fCD6eDb6E08f4c7C32D4f71b54bdA02913,0x940181a94A35A4569E4529A3CDfB74e38FD98631,18,18,6,257111813429893354,12510054,0.25711181342989337,12.510054,257111813442403408,3599659963377515,549208526109931576847230,549208.5261099316,1.4581290547482275e-21,800.8169090363417,0,800.8169090363417,685.8103517954166,1776297600
CL-USDC/CARV,0.07180916988106796,0x4b241E7E1Ba2D76c888aaACb6F099b42F57Aec2b,0xcaFd2e14dE4Db4fEa855000A96029286f0Ad3899,0x833589fCD6eDb6E08f4c7C32D4f71b54bdA02913,0xc08Cd26474722cE93F4D0c34D16201461c10AA8C,0x940181a94A35A4569E4529A3CDfB74e38FD98631,18,6,18,1662310,4035173296228338858,1.66231,4.035173296228339,4035173296230001168,3692818277817348,561524227977522982759521,561524.227977523,9.508322563465205e-22,533.9153486811061,0,533.9153486811061,1051.7102184168655,1776297600
CL-USDC/PROS,9.743074384050683e-06,0x3115267471EA743bFe311C3FCdcd1b52c584269B,0x3C2552aF840c08471C4f92996B0Fb8091C702C17,0x833589fCD6eDb6E08f4c7C32D4f71b54bdA02913,0x915424Ac489433130d92B04096F3b96c82e92a9D,0x940181a94A35A4569E4529A3CDfB74e38FD98631,18,6,18,131406,2944269540701883026,0.131406,2.944269540701883,2944269540702014432,0,76187655848031571337,76.18765584803157,0.0,0,0,0,nan,0
CL-WETH/$PAAL,0.002210197374334436,0x0bD7cfd63dB4B508C616368FC83635bACA65c710,0x7e9DC9928EDa29c5EC28D12e8144Fd12ae6B0187,0x4200000000000000000000000000000000000006,0xd52333441c0553fACb259600FA833a69186893A5,0x940181a94A35A4569E4529A3CDfB74e38FD98631,18,18,18,1,3065093393445367766,1e-18,3.065093393445368,3065093393445367767,113277552956298,17283020766798968487997,17283.020766798967,1.9417246970286106e-21,33.55886826215191,0,33.55886826215191,515.0060673020658,1776297600
CL-WETH/LINK,0.0450227406131845,0x72bE417AFB0aBEa66913141C605D313BB389b59C,0xd66c27Ec3C0dfcD20678ff5F5C3CbB6EdE033b92,0x4200000000000000000000000000000000000006,0x88Fb150BDc53A65fe94Dea0c9BA0a6dAf8C6e196,0x940181a94A35A4569E4529A3CDfB74e38FD98631,18,18,18,478255021610353,4645179106560413,0.000478255021610353,0.004645179106560413,5123434128170766,2307515478642749,352063109852436384214441,352063.1098524364,1.565623014422809e-21,551.19810731424,0,551.19810731424,638.7233649402282,1776297600
CL-WETH/RED,1.3039730704420298,0x80866012A372c686A3b71a2aB05D004e29B36E1b,0x4bFE96D4f9E60aFD1E577C61E4BCC679e9A21cfB,0x4200000000000000000000000000000000000006,0x4eB92702bA4cfbF80561BAd64D89C706Ac824960,0x940181a94A35A4569E4529A3CDfB74e38FD98631,18,18,18,17409005181987936,544521896400498354543,0.017409005181987937,544.5218964004983,544539305405680342479,67253649589689727,10196643031748570549254301,10196643.031748572,3.33081157933329e-22,3396.3096680476247,0,3396.3096680476247,3002.271296895649,1776297600
CL-WETH/RWAX,0.0026399804359359858,0x7A9b4Ccc4F80506259c301BB07cf9A97b4d8805e,0xCA635E72A2Dca090eFD8b9E14202D48c2D99a5a0,0x4200000000000000000000000000000000000006,0xe0023E73aab4fE9a22f059a9d27E857E027eE3dc,0x940181a94A35A4569E4529A3CDfB74e38FD98631,18,18,18,22610730117880,1,2.261073011788e-05,1e-18,22610730117881,135306237579603,20643783776082169745034,20643.783776082168,6.721868236242075e-21,138.7647944402962,0,138.7647944402962,148.76816457191663,1776297600
CL-BIO/WETH,0.050617138712577385,0x222cCBE78890A4d9Ef8d22d7FC1B968Be0F2c653,0x6f29b7B27e2043849A21E1E6ea9ED6d2678E11F3,0x226A2FA2556C48245E57cd1cbA4C6c9e67077DD2,0x4200000000000000000000000000000000000006,0x940181a94A35A4569E4529A3CDfB74e38FD98631,18,18,18,13970198274320870162751,256668288467455962,13970.19827432087,0.256668288467456,13970454942609337618713,2581165902642526,395809473707684347699182,395809.4737076843,9.323482337470324e-21,3690.3226371170194,0,3690.3226371170194,107.2560620382237,1776297600
CL-WETH/XION,2.075258197853966e-05,0x0c5BF61d127cd801fe4F77F344321ff1f163BF17,0xB5c7edC19d639a01eA8f976897D5401753264643,0x4200000000000000000000000000000000000006,0xe4c3461a20f50daD7B9E88ca0222A255C4126fC0,0x940181a94A35A4569E4529A3CDfB74e38FD98631,18,18,6,1775602923160935,15811618,0.001775602923160935,15.811618,1775602938972553,0,162278405297538483218,162.2784052975385,0.0,0,0,0,nan,0
CL-oUSDT/USDC,0.004217297580419012,0x4858bA5A92a23de1B2dBB3509B01D0A9F0E0756A,0x2ce6eBFb4E00eE53f7B138C46850F0bD3B33a83B,0x1217BfE6c773EEC6cc4A38b5Dc45B92292B6E189,0x833589fCD6eDb6E08f4c7C32D4f71b54bdA02913,0x940181a94A35A4569E4529A3CDfB74e38FD98631,18,6,6,1049036,825523,1.049036,0.825523,1874559,216150211879039,32977888087529617957773,32977.888087529616,2.4200838858056847e-21,79.80925554853368,0,79.80925554853368,413.20881720886456,1776297600
CL-USDC/ZARP,0.0012366625405617233,0xB86D18195349aAA6941042BD539289F26142A87b,0xdaA5708f6fBF97B0Bc94005afCcD08EC04EfCB5e,0x833589fCD6eDb6E08f4c7C32D4f71b54bdA02913,0xb755506531786C8aC63B756BaB1ac387bACB0C04,0x940181a94A35A4569E4529A3CDfB74e38FD98631,18,6,18,1,1,1e-06,1e-18,2,63382975725115,9670296697591019569091,9670.296697591019,1.153968131270799e-21,11.159214208953287,0,11.159214208953287,866.5750577520345,1776297600
CL-PROMPT/cbBTC,0.0014465104204034122,0x41D60eD9C8327EA0c6b16a44343c177E0402FeeA,0x6d5EBd01df7091d15FFd730281e71715160B1587,0x30c7235866872213F68cb1F08c37Cb9eCCB93452,0xcbB7C0000aB88B473b1f5aFd9ef808440eed33Bf,0x940181a94A35A4569E4529A3CDfB74e38FD98631,18,18,8,2730024893378225266,243,2.7300248933782254,2.43e-06,2730024893378225509,74138361804758,11311238500928738812907,11311.238500928737,0.0,0,0,0,nan,0
CL-USDC/CTX,0.030528752600370652,0x562d63bFCea2eae8be3265B1f841D42Af6DdE0B7,0x09f0FCCB52931ac063290E1498f391680573E74d,0x833589fCD6eDb6E08f4c7C32D4f71b54bdA02913,0xBB22Ff867F8Ca3D5F2251B4084F6Ec86D4666E14,0x940181a94A35A4569E4529A3CDfB74e38FD98631,18,6,18,1357900,1856972741281892431,1.3579,1.8569727412818924,1856972741283250331,1564713349351947,238724862903052123311841,238724.8629030521,0.0,0,0,0,nan,0
CL-MOCA/USDC,0.05310280293730201,0xbf4f004307F623C2Fa2c6cf8Ce8095200e389B13,0x5f42dc8b628b61F268BB832cBF04780a18CF6dD8,0x2B11834Ed1FeAEd4b4b3a86A6F571315E25A884D,0x833589fCD6eDb6E08f4c7C32D4f71b54bdA02913,0x940181a94A35A4569E4529A3CDfB74e38FD98631,18,18,6,35889421207742999453,1273134,35.889421207743,1.273134,35889421207744272587,2738866068923306,415246555171117724212939,415246.5551711177,0.0,0,0,0,nan,0
CL-WETH/uHBAR,0.0014056326371503164,0x006B41C8B19E73324808ecE954DDDfF978c9c8F3,0x760E67cD9Ef0B4b14a804b3C20fBf762A3e94117,0x4200000000000000000000000000000000000006,0xc79e06860Aa9564f95E08fb7E5b61458d0C63898,0x940181a94A35A4569E4529A3CDfB74e38FD98631,18,18,18,3826063753640826,82234342579051373014,0.003826063753640826,82.23434257905137,82238168642805013840,0,10991587602294987353085,10991.587602294987,0.0,0,0,0,nan,0
CL-WETH/Base is for everyone,0.00017654781395231718,0x9aa26B650357bF9cc5439123BCd7e0C0200d90e6,0x78495D7753540ebEAc1fB45A27fB790868cB811e,0x4200000000000000000000000000000000000006,0xD769d56f479E9E72a77bB1523e866A33098Feec5,0x940181a94A35A4569E4529A3CDfB74e38FD98631,18,18,18,4062742700434,1,4.062742700434e-06,1e-18,4062742700435,9049148535357,1380546176691437222505,1380.5461766914373,0.0,0,0,0,nan,0
CL-WETH/HYPER,0.003752136147577778,0x29AF315b3Bd7566005f14d81C582b59E1C632fFd,0x29C4ff5Cfb44a14974cCC2447e9555f753B3489D,0x4200000000000000000000000000000000000006,0xC9d23ED2ADB0f551369946BD377f8644cE1ca5c4,0x940181a94A35A4569E4529A3CDfB74e38FD98631,18,18,18,172262421347653,4945932419748573586,0.000172262421347653,4.945932419748574,4946104682169921239,192311084424381,29340477783334525696023,29340.477783334525,1.1857214934454092e-21,34.789635135657264,0,34.789635135657264,843.3683673003605,1776297600
CL-USDC/TRYB,2.6547063511870488e-05,0xeAd784aFe3Bdf564367D36DeBD3619a31ef2bd6a,0x2420CBAC5cA9DA04344A8752395912B87a2f4A2e,0x833589fCD6eDb6E08f4c7C32D4f71b54bdA02913,0xFb8718a69aed7726AFb3f04D2Bd4bfDE1BdCb294,0x940181a94A35A4569E4529A3CDfB74e38FD98631,18,6,6,1,1,1e-06,1e-06,2,1360650315275,207589356181980279017,207.5893561819803,1.2513594949351188e-20,2.5976891190578932,0,2.5976891190578932,79.91308685054159,1776297600
CL-ZORA/USDC,0.27896387667977723,0x3f53f1Fd5b7723DDf38D93a584D280B9b94C3111,0xaDEfE661847835C6566b1caAbECfcF09C586F300,0x1111111111166b7FE7bd91427724B487980aFc69,0x833589fCD6eDb6E08f4c7C32D4f71b54bdA02913,0x940181a94A35A4569E4529A3CDfB74e38FD98631,18,18,6,796207269909272433686,17406177,796.2072699092724,17.406177,796207269909289839863,14298089375693685,2181406298745242808367664,2181406.298745243,2.5187907834994678e-21,5494.506080347204,0,5494.506080347204,397.01590404053155,1776297600
CL-USDC/rETH,4.07759115921136e-06,0xcb1F3E1A6BB8A0e2D97bDC9d48DB093B2C0095f9,0xF3616d12202831496fEA710eB652918550687Cbe,0x833589fCD6eDb6E08f4c7C32D4f71b54bdA02913,0xB6fe221Fe9EeF5aBa221c348bA20A1Bf5e73624c,0x940181a94A35A4569E4529A3CDfB74e38FD98631,18,6,18,16,30853611705,1.6e-05,3.0853611705e-08,30853611721,208993951209,31885429555533515715,31.885429555533516,1.2482674140225499e-21,0.039801542696284005,0,0.039801542696284005,801.110394108177,1776297600
CL-WETH/GIZA,0.006488600861539269,0x3C589883d42D5D45b50b9Fff4f07D990A1242A3F,0x1B5dD992cbd0De7a9B44A8736866214D093d2942,0x4200000000000000000000000000000000000006,0x590830dFDf9A3F68aFCDdE2694773dEBDF267774,0x940181a94A35A4569E4529A3CDfB74e38FD98631,18,18,18,34697718305792,13906297751434158569,3.4697718305792e-05,13.906297751434158,13906332449152464361,332464209918173,50738737064703435602726,50738.73706470344,4.740659985546757e-21,240.53510051981772,0,240.53510051981772,210.94109323359677,1776297600
CL-GIZA/USDC,0.3672817956486598,0xe077DdFb9E9d9403A8eC42D3023D17e8417ee399,0xe9d34ea7240cD470Ef9e8A797c442c41E090117a,0x590830dFDf9A3F68aFCDdE2694773dEBDF267774,0x833589fCD6eDb6E08f4c7C32D4f71b54bdA02913,0x940181a94A35A4569E4529A3CDfB74e38FD98631,18,18,6,1786368694650471381825,3931427,1786.3686946504713,3.931427,1786368694650475313252,0,2872023546482819367836600,2872023.5464828196,0.0,0,0,0,nan,0
CL-MAMO/cbBTC,0.011392115034005565,0xE2B3aA806e56603a244bFc111c9474F7DeDD03db,0x219A387d97D62cF1A9f853D41a4D13BB71EA818C,0x7300B37DfdfAb110d83290A29DfB31B1740219fE,0xcbB7C0000aB88B473b1f5aFd9ef808440eed33Bf,0x940181a94A35A4569E4529A3CDfB74e38FD98631,18,18,8,125802952927722585410,4865,125.80295292772259,4.865e-05,125802952927722590275,583780593921037,89082614519787452331228,89082.61451978744,0.0,0,0,0,nan,0
CL-cbXRP/cbBTC,0.6502572005667453,0x95Ff4985af7ED78421215be100c18a2b987f7E90,0x2db769AcFc04a1F27f4EF1Cc84B90CBde34e0A5a,0xcb585250f852C6c6bf90434AB21A00f02833a4af,0xcbB7C0000aB88B473b1f5aFd9ef808440eed33Bf,0x940181a94A35A4569E4529A3CDfB74e38FD98631,18,6,8,2764029,61253,2.764029,0.00061253,2825282,0,5084798684343691824867119,5084798.684343692,0.0,0,0,0,nan,0
CL-WETH/cbXRP,0.8979492711620642,0xA6da283cf7D06b2279626E787c329d6aCF7e2994,0xB2d7D02733ae07695dF556d3AF2d09FC48f34D0F,0x4200000000000000000000000000000000000006,0xcb585250f852C6c6bf90434AB21A00f02833a4af,0x940181a94A35A4569E4529A3CDfB74e38FD98631,18,18,6,21232668018580912,1,0.02123266801858091,1e-06,21232668018580913,0,7021669684907360650587689,7021669.684907361,0.0,0,0,0,nan,0
CL-WETH/cbDOGE,0.08884462531743384,0xfb338cb462c9e44cAE9f442fEb09e8E904fFed47,0x34d4C2189A3F5ACD106731a6A236F6FFBB691577,0x4200000000000000000000000000000000000006,0xcbD06E5A2B0C65597161de254AA074E489dEb510,0x940181a94A35A4569E4529A3CDfB74e38FD98631,18,18,8,1861247428862323,1,0.001861247428862323,1e-08,1861247428862324,4552822943686004,694735919158384479324000,694735.9191583846,0.0,0,0,0,nan,0
CL-cbBTC/cbDOGE,0.14477993520591662,0x363d1607b8DA83d6B6EA76D017CeEcf1316BB08A,0x648Eec151f6642Eb57B259A7AA0f963B826a7284,0xcbB7C0000aB88B473b1f5aFd9ef808440eed33Bf,0xcbD06E5A2B0C65597161de254AA074E489dEb510,0x940181a94A35A4569E4529A3CDfB74e38FD98631,18,8,8,42453,32929270,0.00042453,0.3292927,32971723,7419215382312213,1132131752501593684570749,1132131.7525015937,1.440864841747729e-21,1631.2488384057879,0,1631.2488384057879,694.0276221793488,1776297600
CL-USDC/VIRGEN,1.9271646311123617e-05,0xda353757c951289C0d2aC757dF4A2a6005f866Fd,0xd6F600AC3A4A9eB421FBb5923EB9F482946E4f09,0x833589fCD6eDb6E08f4c7C32D4f71b54bdA02913,0xbf8566956b4e2D8BEB90c4c19dbb8c67A9290C36,0x940181a94A35A4569E4529A3CDfB74e38FD98631,18,6,18,12185571,14578273995748595320224,12.185571,14578.273995748596,14578273995748607505795,0,150697972621496451866,150.69797262149646,0.0,0,0,0,nan,0
CL-WETH/DEGEN,2.034590858507628e-07,0x68a5aEA4DE3D938a755D85d1868Fe79A9C7B6ae1,0x6a7d1B43b42F8A30B729bfFbdAe2884b683b545c,0x4200000000000000000000000000000000000006,0x4ed4E862860beD51a9570b96d89aF5E1B0Efefed,0x940181a94A35A4569E4529A3CDfB74e38FD98631,18,18,18,224286304184093,321517672711828190089,0.000224286304184093,321.5176727118282,321517896998132374182,0,1590983523365902473,1.5909835233659027,0.0,0,0,0,nan,0
CL-NATION/WETH,0.0002403235827175055,0xE8898C5653f5843f4979c8e11f575C3EC1D48FC0,0xa9AC50eb0f10FB68C309073763bBbB1EB24e69a8,0x2f74f818e81685c8086Dd783837a4605a90474B8,0x4200000000000000000000000000000000000006,0x940181a94A35A4569E4529A3CDfB74e38FD98631,18,18,18,229398955188189837647413,314204335181358,229398.95518818984,0.000314204335181358,229398955502394172828771,0,1879251834741202755871,1879.2518347412029,0.0,0,0,0,nan,0
CL-WETH/noice,0.007156928781661941,0x9Ea86AA9f7203da077371bb2F82ec555E6E22f81,0x3e2B0d294BeE08c601483B97f758824A81f81d25,0x4200000000000000000000000000000000000006,0x9Cb41FD9dC6891BAe8187029461bfAADF6CC0C69,0x940181a94A35A4569E4529A3CDfB74e38FD98631,18,18,18,72014876160587,35191659626558257691926,7.2014876160587e-05,35191.659626558256,35191659698573133852513,366758852594036,55964842867127531298535,55964.84286712753,7.03217605365817e-21,393.5546278569565,0,393.5546278569565,142.20349325295908,1776297600
CL-WETH/JKL,4.0198991589552534e-07,0x30e8b965852FFB425AAc5B265Dd985aB43123c3d,0x473A8A08738AD2C04B4B2b3A7eEe2a3124aE79b6,0x4200000000000000000000000000000000000006,0x4eeD0d2deb4C588393c80869B122327581B0D98e,0x940181a94A35A4569E4529A3CDfB74e38FD98631,18,18,6,1464740340254896,517755389,0.001464740340254896,517.755389,1464740858010285,0,3143429697792618550,3.1434296977926186,0.0,0,0,0,nan,1776297600
CL-BIOS/USDC,5.274022176462893e-07,0x5E8961929dd762300ec192C85615502c3A516087,0x17eD47514fD512B8cE273FAd376eaBA4d926Fb9F,0x73Cb479f2ccf77BAd90BcDA91e3987358437240A,0x833589fCD6eDb6E08f4c7C32D4f71b54bdA02913,0x940181a94A35A4569E4529A3CDfB74e38FD98631,18,18,6,8894836725401691337666,22711363,8894.836725401692,22.711363,8894836725401714049029,0,4124112889592727052,4.124112889592727,0.0,0,0,0,nan,0
CL-WETH/HOME,0.022630029777225707,0x098A4dE96305baFAEA0c0ce07CF6456e2c64982a,0xF9F42a321E3A07820081D9d54e3F614e34B9Ae0E,0x4200000000000000000000000000000000000006,0x4BfAa776991E85e5f8b1255461cbbd216cFc714f,0x940181a94A35A4569E4529A3CDfB74e38FD98631,18,18,18,1001639313574707,216090424827879951879,0.001001639313574707,216.09042482787996,216091426467193526586,1159682317439081,176959433186752732508812,176959.43318675275,1.4744640032753625e-21,260.9203142738785,0,260.9203142738785,678.2125557345639,1776297600
CL-WETH/SOLACE,3.349378358219348e-09,0xcAfD76397eFC53129e7A967a4B746D1899b479fa,0xAa5836B9501F2AE3f99a0d4D7F6F86C01648FE47,0x4200000000000000000000000000000000000006,0x7d6fcB3327D7E17095fA8B0E3513AC7A3564f5E1,0x940181a94A35A4569E4529A3CDfB74e38FD98631,18,18,18,184677403112433,339368585248007351570,0.000184677403112433,339.3685852480074,339368769925410464003,0,26191043566144785,0.026191043566144784,0.0,0,0,0,nan,0
CL-USDC/SQD,4.260610991613318e-05,0xCe62141227cfd3Fe8d715F403B99F0377C0C16C6,0xbbECFcbAA02b8Ae165be383c1FC505d15772Dd61,0x833589fCD6eDb6E08f4c7C32D4f71b54bdA02913,0xd4554BEa546EFa83C1E6B389ecac40EA999B3E78,0x940181a94A35A4569E4529A3CDfB74e38FD98631,18,6,18,1938,1,0.001938,1e-18,1939,2183383892182,333165848002508120790,333.1658480025081,1.0948874568738816e-22,0.036477910803669626,0,0.036477910803669626,9133.35880981956,1776297600
CL-CADC/WETH,0.12428393908740902,0x3debC1A83EDE28E30baaA43f9fa110E052d4Ccdd,0xf4533d9632Ad33983A39F3DdE529FDfFD5b0ad88,0x043eB4B75d0805c43D7C834902E335621983Cf03,0x4200000000000000000000000000000000000006,0x940181a94A35A4569E4529A3CDfB74e38FD98631,18,18,18,9194801667162411011,2327057926086106,9.19480166716241,0.002327057926086106,9197128725088497117,6381465362687312,971859764729882115142465,971859.7647298821,1.5627567135869074e-21,1518.7803719966155,0,1518.7803719966155,639.8948673877436,1776297600
CL-cbADA/cbBTC,0.29675588544737197,0x8782d97C8b25B4d17dBFbaa03f25dC18e51e909D,0x27f732A92CbDfD4047087b8aED4E0b88C29c4198,0xcbADA732173e39521CDBE8bf59a6Dc85A9fc7b8c,0xcbB7C0000aB88B473b1f5aFd9ef808440eed33Bf,0x940181a94A35A4569E4529A3CDfB74e38FD98631,18,6,8,11228234,48436,11.228234,0.00048436,11276670,15222197010517463,2320533989595028453392443,2320533.9895950286,1.3383207658190635e-21,3105.618826063985,0,3105.618826063985,747.2050240421935,1776297600
CL-WETH/cbADA,0.48538132034729237,0xb862F23ba38c8C65e256782B31E8C08C9aefd612,0x0C8b92c57Af0105C5b027Da4645A24f3144AD6f4,0x4200000000000000000000000000000000000006,0xcbADA732173e39521CDBE8bf59a6Dc85A9fc7b8c,0x940181a94A35A4569E4529A3CDfB74e38FD98631,18,18,6,3387626381663088,10110142,0.003387626381663088,10.110142,3387626391773230,24956789742606028,3795523212900712470182005,3795523.2129007126,3.181923889511954e-22,1207.7065984325943,0,1207.7065984325943,3142.752733012042,1776297600
CL-WETH/cbLTC,0.0393750153243267,0x200681425b0C8D78C6a467512C5D49FA56BaC88A,0x88040de1F5811090b638Fa70633B24a3e319D06f,0x4200000000000000000000000000000000000006,0xcb17C9Db87B595717C857a08468793f5bAb6445F,0x940181a94A35A4569E4529A3CDfB74e38FD98631,18,18,8,895999621232443,266080,0.000895999621232443,0.0026608,895999621498523,2017823906932618,307899744812742323154709,307899.74481274234,1.7571527368904068e-21,541.0268792855679,0,541.0268792855679,569.1024912095447,1776297600
CL-cbLTC/cbBTC,0.07047524894671121,0x6044c817e55A03DAdc5F6b8B7045aF1985aE90fA,0x3De827C30391B6C75Af11a946adAA83733b9EE62,0xcb17C9Db87B595717C857a08468793f5bAb6445F,0xcbB7C0000aB88B473b1f5aFd9ef808440eed33Bf,0x940181a94A35A4569E4529A3CDfB74e38FD98631,18,8,8,2247131,308,0.02247131,3.08e-06,2247439,3611595855909254,551093402442451547082172,551093.4024424516,2.545298316923456e-22,140.26971097043926,0,140.26971097043926,3928.812561384618,1776297600
CL-WETH/WOO,0.05813301737912056,0xAD06a870Fc2198398c18a6f2cA035Bf795EdEeFe,0xe75880892CC7B8F7D64614345c5422c3cc4FA41A,0x4200000000000000000000000000000000000006,0xF3df0A31ec5EA438150987805e841F960b9471b6,0x940181a94A35A4569E4529A3CDfB74e38FD98631,18,18,18,2378308916125149,187199958121977799809,0.002378308916125149,187.1999581219778,187202336430893924958,2991538597756039,454581187303499952175882,454581.1873034999,5.894022168324482e-22,267.9311595270092,0,267.9311595270092,1696.6342701834021,1776297600
CL-SEDA/WETH,0.010575573321296133,0x681D6e4B0b020656cA04956dDAf76aDd7EF022F6,0x82F40418147828bcC8f0F1F551685FC2f6768176,0x306aCd0c07c430AbBBb2e74Ef7bdE94F32A898c0,0x4200000000000000000000000000000000000006,0x940181a94A35A4569E4529A3CDfB74e38FD98631,18,18,18,23847950397458495113,501706943728519,23.847950397458494,0.000501706943728519,23848452104402223632,541964396057622,82697525322962044059719,82697.52532296206,4.140793549954351e-21,342.4333794545079,0,342.4333794545079,241.49960338182623,1776297600
CL-SUPR/WETH,2.4710957932475305e-05,0x1c6511ef0ec38b5b91208D1A21eF9f9D1aA532B3,0xA6b01B70982BF3D288d84182b44632CE6E34f6F0,0x17906b1Cd88aA8EfaEfC5e82891B52a22219BD45,0x4200000000000000000000000000000000000006,0x940181a94A35A4569E4529A3CDfB74e38FD98631,18,18,18,9230896003057360825393,2989150479296716,9230.896003057362,0.002989150479296716,9230898992207840122109,0,193231610929351705504,193.23161092935172,0.0,0,0,0,nan,0
CL-TIG/USDC,0.20982866586949844,0x3F5E98C7ebfF35056ab4346BCcd722A537c1aEfA,0x03fDf6f0f980Aa6eb2bc5387a27883360414Bf6C,0x0C03Ce270B4826Ec62e7DD007f0B716068639F7B,0x833589fCD6eDb6E08f4c7C32D4f71b54bdA02913,0x940181a94A35A4569E4529A3CDfB74e38FD98631,18,18,6,9941095884217168062,41839316,9.941095884217168,41.839316,9941095884259007378,10798673553927063,1640791556357863903623766,1640791.5563578638,1.1870787396439379e-21,1947.748772739708,0,1947.748772739708,842.4041022754298,1776297600
CL-WETH/SYRUP,0.06531965570259551,0x7432aaB631B801a10BEF7d70c1507a32755595fa,0x152cF5b5Fa1A41D00140A83e39328D8C5F0cDdB8,0x4200000000000000000000000000000000000006,0x688AEe022AA544f150678B8E5720b6b96a9E9a2F,0x940181a94A35A4569E4529A3CDfB74e38FD98631,18,18,18,405096669179425,69430696139446650375,0.000405096669179425,69.43069613944665,69431101236115829800,3347881439038019,510778349073042755938793,510778.3490730428,1.9567702182082032e-21,999.4758615716837,0,999.4758615716837,511.0462080293163,1776297600
CL-WETH/AAA,0.007672988422218765,0xeE43F28bf16AbaA17D5874e57B3A8FfdC99ECBBA,0xeC465874335285521e8A9D97959c8B799862f107,0x4200000000000000000000000000000000000006,0xaaa843fb2916c0B57454270418E121C626402AAa,0x940181a94A35A4569E4529A3CDfB74e38FD98631,18,18,18,63699932403576,77584664649531313,6.3699932403576e-05,0.07758466464953132,77648364581934889,393235686961850,60000260512728632616442,60000.26051272863,5.485958732508953e-22,32.91589531126157,0,32.91589531126157,1822.835440000948,1776297600
CL-WETH/A0X,0.0003297846175047649,0x035D6b8ac7Fe438F8B3b52Eac81e346377f7509F,0x688da366bFe09A22f2AF5f54FC463c4E0c137a0f,0x4200000000000000000000000000000000000006,0x820C5F0fB255a1D18fd0eBB0F1CCefbC4D546dA7,0x940181a94A35A4569E4529A3CDfB74e38FD98631,18,18,18,66944777567074,1,6.6944777567074e-05,1e-18,66944777567075,16901248050682,2578807874397221081406,2578.807874397221,0.0,0,0,0,nan,0
CL-WETH/MAMO,0.01069570010356506,0xAa067F08FeF60420d050A92E7800E588748B7d67,0x6165cEeE2Df1cB4811698be5BfEf218AA6414868,0x4200000000000000000000000000000000000006,0x7300B37DfdfAb110d83290A29DfB31B1740219fE,0x940181a94A35A4569E4529A3CDfB74e38FD98631,18,18,18,214776153513493,10426141186016251621,0.000214776153513493,10.426141186016253,10426355962169765114,548158580593940,83636877480697624175542,83636.87748069761,1.8246216142273633e-21,152.6056543977667,0,152.6056543977667,548.058837077544,1776297600
CL-TOWNS/USDC,0.00033972992922998694,0xF099ceFE04717710dd2EC40f2e0c9C06134F5Eb5,0x83e1dd4273a7eeC62982f4e5B9AE3452f8fCC6f5,0x00000000A22C618fd6b4D7E9A335C4B96B189a38,0x833589fCD6eDb6E08f4c7C32D4f71b54bdA02913,0x940181a94A35A4569E4529A3CDfB74e38FD98631,18,18,6,6378928692641619238,18720,6.378928692641619,0.01872,6378928692641637958,17411457107856,2656576960124717743636,2656.576960124718,8.019969467319776e-22,2.1305666107785424,0,2.1305666107785424,1246.887540002311,1776297600
CL-WETH/ZXBT,8.756069352646586e-07,0x017FFF440a3Ad5Fa72EC1f1efA615B5892F9a72A,0xFc8AcA4F761832bd7aBB776931699433A80c561D,0x4200000000000000000000000000000000000006,0xE99D2F7988c5F2d013A34E7484f079cAB87f469F,0x940181a94A35A4569E4529A3CDfB74e38FD98631,18,18,18,30741490830732,1557990081159710813097,3.0741490830732e-05,1557.9900811597108,1557990111901201643829,0,6846959923789334180,6.846959923789335,0.0,0,0,0,nan,0
CL-1000X/USDC,0.00014957316331803058,0x458F1d779E5F9ee149b53B8f77c5d62C2Bc28d8e,0x3494963a2a8407f2c15d0af6cA417292882a87ed,0x352b850b733ab8baB50aED1Dab5D22E3186ce984,0x833589fCD6eDb6E08f4c7C32D4f71b54bdA02913,0x940181a94A35A4569E4529A3CDfB74e38FD98631,18,18,6,12061386382439450536,30040,12.061386382439451,0.03004,12061386382439480576,7664893980849,1169613229026565448376,1169.6132290265655,1.3730525575327414e-20,16.059404354390537,0,16.059404354390537,72.83042404413965,1776297600
CL-WETH/SOON,0.0001134662212743881,0xC75a16d7E685eaE65Ba0aB6Cf596f73F6Edf170D,0xFAEC1Df3e83fa614b960520D5E3518DbAa4BE163,0x4200000000000000000000000000000000000006,0xb9E1Fd5A02D3A33b25a14d661414E6ED6954a721,0x940181a94A35A4569E4529A3CDfB74e38FD98631,18,18,18,5082869984316,62292547213166195,5.082869984316e-06,0.0622925472131662,62297630083150511,5815608909759,887268748659151021858,887.2687486591511,6.229195087903801e-21,5.526970130798136,0,5.526970130798136,160.53438460160862,1776297600
CL-USDC/TOWER,0.0008120362489293924,0xd59858F403aB4246Db7a29Aedf0BfD7573d9B8E5,0x391b58a68728d6aF0f4B91cf6cf729eB87fD90f3,0x833589fCD6eDb6E08f4c7C32D4f71b54bdA02913,0xf7C1CEfCf7E1dd8161e00099facD3E1Db9e528ee,0x940181a94A35A4569E4529A3CDfB74e38FD98631,18,6,18,2181163,3988488019710040318404,2.181163,3988.48801971004,3988488019710042499567,0,6349857943282763767856,6349.857943282764,0.0,0,0,0,nan,1776297600
CL-WETH/ENA,0.0041819964154682305,0xc422BFB18F9FC217f955d759D3753F31137cCEFd,0x11EC04A8AD5df5c187470Ec941Ef26DEa7f9EBD1,0x4200000000000000000000000000000000000006,0x58538e6A46E07434d7E7375Bc268D3cb839C0133,0x940181a94A35A4569E4529A3CDfB74e38FD98631,18,18,18,76328329484059,1384830758085914546,7.6328329484059e-05,1.3848307580859145,1384907086415398605,234763175958271,32701844520551677473389,32701.844520551676,0.0,0,0,0,nan,0
CL-USDC/AERO,4.455863442885062e-08,0xa4FDd479eda160671636e2eCF8f993Cbf86258a8,0xA31AEFB33c052Aa0325d2FFbc882BceD31bf62C2,0x833589fCD6eDb6E08f4c7C32D4f71b54bdA02913,0x940181a94A35A4569E4529A3CDfB74e38FD98631,0x0000000000000000000000000000000000000000,18,6,18,0,0,0.0,0.0,0,0,348433951246518830,0.3484339512465188,0.0,0,0,0,nan,0
CL-USDC/GHST,1.1036192806194747,0x56C11053159a24c0731b4b12356BC1f0578FB474,0x8cA6075D8109bBb56d4af4B1056D2ba946c8086B,0x833589fCD6eDb6E08f4c7C32D4f71b54bdA02913,0xcD2F22236DD9Dfe2356D7C543161D4d260FD9BcB,0x940181a94A35A4569E4529A3CDfB74e38FD98631,18,6,18,52573918,333404927157474813172,52.573918,333.4049271574748,333404927157527387090,0,8629941907939283876639324,8629941.907939285,0.0,0,0,0,nan,0
CL-USDC/DIEM,0.17106987371695279,0xBc3231036Ee1ECa03E5F67FEceDC640D21610823,0x2f63384822b36516aCd8A9C0645a01806B935c2d,0x833589fCD6eDb6E08f4c7C32D4f71b54bdA02913,0xF4d97F2da56e8c3098f3a8D538DB630A2606a024,0x940181a94A35A4569E4529A3CDfB74e38FD98631,18,6,18,8523969,14272778170700024,8.523969,0.014272778170700023,14272778179223993,8766524372660710,1337710475252964419236306,1337710.4752529645,7.988253006637821e-22,1068.5969725950401,0,1068.5969725950401,1251.8381668295337,1776297600
CL-WETH/DIEM,7.580949248819034e-10,0x9b5AFE0fea549Df6C1A56F3aee6426969B1ac323,0x968a4B8DEC71776009Ba68aD218D199c4649918c,0x4200000000000000000000000000000000000006,0xF4d97F2da56e8c3098f3a8D538DB630A2606a024,0x0000000000000000000000000000000000000000,18,18,18,0,0,0.0,0.0,0,0,5928054427213470,0.00592805442721347,0.0,0,0,0,nan,0
CL-WETH/LCAP,0.04332137222787053,0x3a88eF38879EFb900c2D7b6199d21C139cEf5Fa7,0x48C36c950A7471b82295E0901c465851A860d687,0x4200000000000000000000000000000000000006,0x4dA9A0f397dB1397902070f93a4D6ddBC0E0E6e8,0x940181a94A35A4569E4529A3CDfB74e38FD98631,18,18,18,536115676612664,106272258316110,0.000536115676612664,0.00010627225831611,642387934928774,2220082129125438,338758965400535928694214,338758.96540053596,1.4529805512476612e-21,492.2101882877581,0,492.2101882877581,688.2404579616081,1776297600
CL-LCAP/uSOL,0.020036621982440106,0xd52C89A57ACC47E300aC1468441b3495676280Ad,0x25610a80aB993311a8f597fECE6C8068b91c1EF1,0x4dA9A0f397dB1397902070f93a4D6ddBC0E0E6e8,0x9B8Df6E244526ab5F6e6400d331DB28C8fdDdb55,0x940181a94A35A4569E4529A3CDfB74e38FD98631,18,18,18,1,1,1e-18,1e-18,2,1026768814323059,156679832235930298679099,156679.83223593028,2.350537433677188e-22,36.82818107728159,0,36.82818107728159,4254.346200458493,1776297600
CL-USDC/VELVET,0.00015960927363384283,0x6b0F53cbD9272D8117e9535FE25371dedF39a1bE,0xc632BA1757eb3245d8f81d0Ea2ED3DE456DFfB73,0x833589fCD6eDb6E08f4c7C32D4f71b54bdA02913,0xbF927b841994731C573BDF09ceB0c6B0Aa887cDd,0x940181a94A35A4569E4529A3CDfB74e38FD98631,18,6,18,50522,711958661226858769,0.050522,0.7119586612268588,711958661226909291,8179384959059,1248092330042736706702,1248.0923300427369,1.2208806517886164e-20,15.237717773949495,0,15.237717773949495,81.90808811123172,1776297600
CL-WETH/balajis,7.492239112271971e-07,0x4A7118f40fCBBBeB2d5Ff3696eBc456Bb2B8326e,0x0b3e4c78EE4232d22d2CA56F62b9972796D73ed5,0x4200000000000000000000000000000000000006,0xcaf75598B8b9a6E645B60D882845d361F549f5EC,0x940181a94A35A4569E4529A3CDfB74e38FD98631,18,18,18,219818063848008,817408666464457266213,0.000219818063848008,817.4086664644573,817408886282521114221,0,5858686001118486320,5.858686001118486,0.0,0,0,0,nan,0
CL-WETH/VELVET,5.6123285072655814e-05,0xF579B16f9b1A4aCc872D34a8141fbbD36C0ce10C,0xbaB42F222012FeA2D1BC17Ca9Db82031e84511D2,0x4200000000000000000000000000000000000006,0xbF927b841994731C573BDF09ceB0c6B0Aa887cDd,0x940181a94A35A4569E4529A3CDfB74e38FD98631,18,18,18,6176069709668,310499322110994427,6.176069709668e-06,0.3104993221109944,310505498180704095,2876053718711,438865737818452666897,438.86573781845266,0.0,0,0,0,nan,0
CL-USDC/frxUSD,0.0002866549398693158,0xD3d9f0f7D0d477e0A19222965B59233Ad7f6Bc6b,0x4A3Ee54B82c1aE22b81EEb95cA53f9F7234fEE5b,0x833589fCD6eDb6E08f4c7C32D4f71b54bdA02913,0xe5020A6d073a794B6E7f05678707dE47986Fb0b6,0x940181a94A35A4569E4529A3CDfB74e38FD98631,18,6,18,45011,64918456813041789,0.045011,0.06491845681304179,64918456813086800,14688936745708,2241547898028241904838,2241.547898028242,0.0,0,0,0,nan,0
CL-uPUMP/WETH,0.017098163774682297,0x777820ca027BdeE7D12Cae14355Da487328aE8d2,0xA41d7b78C7796289B6eC774A692BeF49Bc0e5271,0x20FbD133897Ef802e0235dB77bB19a071E257d41,0x4200000000000000000000000000000000000006,0x940181a94A35A4569E4529A3CDfB74e38FD98631,18,18,18,16411322703392069626061,14416649084255898,16411.32270339207,0.014416649084255898,16411337120041153881959,0,133702049881835228892109,133702.04988183524,0.0,0,0,0,nan,0
CL-FLOCK/USDC,0.05396457072138169,0xd7338B6F338DA54b922bbBC6fBE3EFEDD5Ce35fa,0xfC0d4756FaD40dB4B71225DeF4eEC42e9c9EF070,0x5aB3D4c385B400F3aBB49e80DE2fAF6a88A7B691,0x833589fCD6eDb6E08f4c7C32D4f71b54bdA02913,0x940181a94A35A4569E4529A3CDfB74e38FD98631,18,18,6,203091135412932865688,11385797,203.09113541293286,11.385797,203091135412944251485,2778114064398677,421985297457829741068072,421985.29745782976,1.9576041515823743e-21,826.0801702101708,0,826.0801702101708,510.8285039095764,1776297600
CL-WETH/USDC,0.5088137020342686,0xdbc6998296caA1652A810dc8D3BaF4A8294330f1,0x45C6e6A47a711B14D8357D5243F46704904578e3,0x4200000000000000000000000000000000000006,0x833589fCD6eDb6E08f4c7C32D4f71b54bdA02913,0x940181a94A35A4569E4529A3CDfB74e38FD98631,18,18,6,15459988955673827,36001643,0.015459988955673827,36.001643,15459988991675470,0,3978756775664998248491169,3978756.775664998,0.0,0,0,0,nan,0
CL-WETH/cbBTC,0.5352227853868378,0x22AEe3699b6A0fEd71490C103Bd4E5f3309891D5,0x83e2E9493996651ed63033d81f5052cBE2fEB6A1,0x4200000000000000000000000000000000000006,0xcbB7C0000aB88B473b1f5aFd9ef808440eed33Bf,0x940181a94A35A4569E4529A3CDfB74e38FD98631,18,18,8,11218283811328614,33320,0.011218283811328614,0.0003332,11218283811361934,0,4185267172118629922424286,4185267.17211863,0.0,0,0,0,nan,0
CL-WETH/MEM,0.005947675256214877,0x531a13a588C4188FdAE818D56CB91ECC4F6BDeAF,0x5f57a113eD5529A14B08006Bf788c3fe0cBfBfA4,0x4200000000000000000000000000000000000006,0x7750741868Cc4A865d9c0f619e6E642FD61F642f,0x940181a94A35A4569E4529A3CDfB74e38FD98631,18,18,18,1,82182295646392393,1e-18,0.08218229564639239,82182295646392394,304786279651049,46508875705407413118780,46508.875705407416,0.0,0,0,0,nan,0
CL-USDC/CARV,0.010084605812259879,0xff862675c47B6a2C9072DCBe2f37a78A445c4f37,0xE0C13dfDc050722b5AE99A77Db52c0f57af0f83D,0x833589fCD6eDb6E08f4c7C32D4f71b54bdA02913,0xc08Cd26474722cE93F4D0c34D16201461c10AA8C,0x940181a94A35A4569E4529A3CDfB74e38FD98631,18,6,18,196121,3184582721283033974,0.196121,3.184582721283034,3184582721283230095,549134902436556,78858319941111289906826,78858.31994111129,9.206961279985295e-22,72.60454983025039,0,72.60454983025039,1086.1346861247982,1776297600
CL-AVNT/USDC,0.23438682743193484,0xc4ed25e61cBdE561c982789f740E3e9A8C317100,0x658CeF587d3D9e31DEF560c19c199914c07a4826,0x696F9436B67233384889472Cd7cD58A6fB5DF4f1,0x833589fCD6eDb6E08f4c7C32D4f71b54bdA02913,0x940181a94A35A4569E4529A3CDfB74e38FD98631,18,18,6,76492478183207284898,20939840,76.49247818320728,20.93984,76492478183228224738,12049797094720163,1832828349635570846701893,1832828.3496355708,1.3234002113671121e-21,2425.56542530735,0,2425.56542530735,755.6293186374588,1776297600
CL-WETH/AUBRAI,3.288242450218552e-05,0xE2b2A0faeB9e0725513ba166d7A2fE849E480C6D,0xEe9AFdf35D0d825AC4A89728bb16425ABE0E9Cfe,0x4200000000000000000000000000000000000006,0x9d56c29e820Dd13b0580B185d0e0Dc301d27581d,0x940181a94A35A4569E4529A3CDfB74e38FD98631,18,18,18,47677890107824,137244304532623659,4.7677890107824e-05,0.13724430453262365,137291982422731483,0,257129807560787606291,257.1298075607876,0.0,0,0,0,nan,1776297600
CL-WETH/RETAKE,0.0002837080439953827,0x06c522A75A0413269FAE5069FF9B93D65C7c4B57,0x266F44F2BDE17b7A45489DFb0727Fe37451a50Cf,0x4200000000000000000000000000000000000006,0x5eeB2662615782b58251b6f0c3E107571ae1AB07,0x940181a94A35A4569E4529A3CDfB74e38FD98631,18,18,18,317361571949983,321096956383346061020220,0.000317361571949983,321096.95638334606,321096956700707632970203,0,2218504135883642989512,2218.504135883643,0.0,0,0,0,nan,0
CL-WETH/BID,0.011365301047581612,0x1024C20c048ea6087293f46D4a1C042CB6705924,0x57676415De17E1c684D1028B8a39D1AcF8D6a63d,0x4200000000000000000000000000000000000006,0xa1832f7F4e534aE557f9B5AB76dE54B1873e498B,0x940181a94A35A4569E4529A3CDfB74e38FD98631,18,18,18,2716131739508,6975874692811298247,2.716131739508e-06,6.975874692811298,6975877408943037755,582404604792076,88872937913712658495552,88872.93791371267,2.65907040186235e-21,236.31939873290364,0,236.31939873290364,376.0712763752414,1776297600
CL-USDC/VNXAU,4.2161583865868515e-06,0xafF8b2C5EeECf3f19cf2066268a4B0B3d2F89E2D,0x9C6CbA0122111c5b2E7Cc4a273F97BF90FEFcf19,0x833589fCD6eDb6E08f4c7C32D4f71b54bdA02913,0xAc3FE22294beaED9d1FD752323a6d06D12Ff3098,0x940181a94A35A4569E4529A3CDfB74e38FD98631,18,6,18,34470,410332341638420,0.03447,0.00041033234163842,410332341672890,0,32968979964260959830,32.96897996426096,0.0,0,0,0,nan,0
CL-SYND/WETH,0.18823757561876997,0x50F8F7fFBD70c6C87b1668EEe4E03F5AC057DE3F,0xC2e94B700aDA596bF431Fc10558BA7Ab0c639914,0x11dC28D01984079b7efE7763b533e6ed9E3722B9,0x4200000000000000000000000000000000000006,0x940181a94A35A4569E4529A3CDfB74e38FD98631,18,18,18,1816866221429997614144,5709924609595,1816.8662214299977,5.709924609595e-06,1816866227139922223739,9647151146842528,1471956290551097817789048,1471956.2905510978,2.861138444698914e-21,4211.470731812151,0,4211.470731812151,349.5112240558611,1776297600
CL-VVV/DIEM,0.4837175602951808,0x782D7C494d5DDC20c246a82aC8fe277e2728d002,0x8add35fF47e34f0A11b46Ea5B638389BF52b2f8E,0xacfE6019Ed1A7Dc6f7B508C02d1b04ec88cC21bf,0xF4d97F2da56e8c3098f3a8D538DB630A2606a024,0x940181a94A35A4569E4529A3CDfB74e38FD98631,18,18,18,4964068978187446417,28808480056319499,4.964068978187447,0.0288084800563195,4992877458243765916,24811939842711212,3782513153317109501856900,3782513.153317109,1.862330994762523e-22,704.429148351938,0,704.429148351938,5369.614761351893,1776297600
CL-BIO/VITA,0.0004969830360169829,0x5bd27255061a0e8BCE2fC32BBB50D3be4e0B28BD,0xdC2FF82fB3C5184C61b034505FC8ecd51df5f482,0x226A2FA2556C48245E57cd1cbA4C6c9e67077DD2,0x490a4B510d0Ea9f835D2dF29Eb73b4FcA5071937,0x940181a94A35A4569E4529A3CDfB74e38FD98631,18,18,18,6203520583350079624,12317472411204373824,6.2035205833500795,12.317472411204374,18520992994554453448,25468205595370,3886244835855377724333,3886.2448358553775,1.241178501666111e-20,48.23523542474639,0,48.23523542474639,80.56858853562464,1776297600
CL-LCAP/USDC,0.037461259987335876,0xC8C15670050541255f9b797C008047682524861F,0xa45562bbD6Cfb11fCfbb96c038001D6FC8b43990,0x4dA9A0f397dB1397902070f93a4D6ddBC0E0E6e8,0x833589fCD6eDb6E08f4c7C32D4f71b54bdA02913,0x940181a94A35A4569E4529A3CDfB74e38FD98631,18,18,6,98635248865340013,1,0.09863524886534002,1e-06,98635248865340014,1919700233929915,292934803845990503054238,292934.8038459905,0.0,0,0,0,nan,0
CL-SYND/USDC,0.22420722758496497,0x9dCBB8258e0015d6cB81061b3F5c47D5C5D6188f,0x46060dDAD805A2783DFf4A536AA774Da5A3Eac89,0x11dC28D01984079b7efE7763b533e6ed9E3722B9,0x833589fCD6eDb6E08f4c7C32D4f71b54bdA02913,0x940181a94A35A4569E4529A3CDfB74e38FD98631,18,18,6,1456031159784005974692,53912,1456.031159784006,0.053912,1456031159784006028604,11489677189106324,1753227207404613446317821,1753227.2074046135,3.285295120584299e-21,5759.868789762014,0,5759.868789762014,304.3866573004093,1776297600
CL-LINK/AERO,0.0002705902917740793,0x07b1Be2F179313C4F3C7124893d46990672c3F1a,0x1c484bA49128bF0D9191ADb349AF154c1196EA4a,0x88Fb150BDc53A65fe94Dea0c9BA0a6dAf8C6e196,0x940181a94A35A4569E4529A3CDfB74e38FD98631,0x940181a94A35A4569E4529A3CDfB74e38FD98631,18,18,18,737682792479431,58362554127503329,0.000737682792479431,0.05836255412750333,59100236919982760,13867164423637,2115927602815965860671,2115.9276028159657,3.147255921653649e-21,6.659365677752959,0,6.659365677752959,317.73710968969255,1776297600
CL-SPON/WETH,0.0016505872126155164,0xb51C06EE6a8459630F0b98A2372F8121aF8F61b1,0x1f5aB71271879f5C28832B26753CD868f49f1857,0x080D43c2164AFdBc3712422CE78Ab902ccaB5CA1,0x4200000000000000000000000000000000000006,0x940181a94A35A4569E4529A3CDfB74e38FD98631,18,18,18,39726721882829126102,1,39.726721882829125,1e-18,39726721882829126103,84582014335785,12907052286059864663687,12907.052286059865,1.594099499333412e-21,20.5751255870782,0,20.5751255870782,627.3134145128078,1776297600
CL-WETH/WCT,0.004364385589879007,0xEBd2eeaB20CeFa41C94343F506ac506bfc3F681e,0xC5135Bcc045dc47Fc2a79483E3aD8E7B9C6512EF,0x4200000000000000000000000000000000000006,0xeF4461891DfB3AC8572cCf7C794664A8DD927945,0x940181a94A35A4569E4529A3CDfB74e38FD98631,18,18,18,3211832173104240,106743217995360721440,0.00321183217310424,106.74321799536072,106746429827533825680,223692649998003,34128068225993373152729,34128.068225993375,7.630776404326885e-21,260.42365774416834,0,260.42365774416834,131.04826390050812,1776297600
CL-XSGD/USDC,0.019119218858571204,0x892A6AB3fa0f1F839fCb0Ae264a8c4bbfb030725,0x131B41209b9777d12641Da25357425021Ba55304,0x0A4C9cb2778aB3302996A34BeFCF9a8Bc288C33b,0x833589fCD6eDb6E08f4c7C32D4f71b54bdA02913,0x940181a94A35A4569E4529A3CDfB74e38FD98631,18,6,6,1345894,6001692,1.345894,6.001692,7347586,979717972308283,149506039783965634376361,149506.03978396562,9.772903369866736e-22,146.1108080020148,0,146.1108080020148,1023.2373759914051,1776297600
CL-WETH/TAIRO,2.703139242601846e-10,0x214c7b09E2b3B50B2573ecA53d897d4F89c9b2a2,0xAB9cB3563051Da11FaD8322fb5EfAB78B818ff43,0x4200000000000000000000000000000000000006,0x9d5C1C400DC828a3409F9C209B83fF51A65d2A0E,0x940181a94A35A4569E4529A3CDfB74e38FD98631,18,18,18,4268070173083,85687068093475183355,4.268070173083e-06,85.68706809347519,85687072361545356438,0,2113766499225229,0.002113766499225229,0.0,0,0,0,nan,0
CL-WETH/APU,0.005834967683817714,0x7f94857597C318056d0313CE32a6e154298c1a8e,0xdA6d1A0ec6A40B1F97b901d99c9CeBe8553F90F9,0x4200000000000000000000000000000000000006,0xB9926b3fBc5873Db0182016D55727D5ae89E5EFd,0x940181a94A35A4569E4529A3CDfB74e38FD98631,18,18,18,1,56258926903084783830900,1e-18,56258.926903084786,56258926903084783830901,299059085556566,45627539342901663811763,45627.53934290167,1.1762667819150316e-20,536.7015886957644,0,536.7015886957644,85.01472755797296,1776297600
CL-USDC/VFY,0.015535177479999628,0xF81d3c731b3AC5a4DFC968f514860beDEEbeBAf2,0xC2607b22f95D6030B9560C872661509D928c2e45,0x833589fCD6eDb6E08f4c7C32D4f71b54bdA02913,0xa749dE6c28262B7ffbc5De27dC845DD7eCD2b358,0x940181a94A35A4569E4529A3CDfB74e38FD98631,18,6,18,774615,57304148760378547988,0.774615,57.304148760378546,57304148760379322603,796223085178750,121480008129859410317751,121480.0081298594,1.9826319134281476e-21,240.85014096177008,0,240.85014096177008,504.38005825847455,1776297600
CL-VFY/ZEN,0.03442979741483763,0x700d91F1C3C5e430eA776245e741B84402e8de2E,0x30765db9bc45c107eb37B999Ea9C34684b88f938,0xa749dE6c28262B7ffbc5De27dC845DD7eCD2b358,0xf43eB8De897Fbc7F2502483B2Bef7Bb9EA179229,0x940181a94A35A4569E4529A3CDfB74e38FD98631,18,18,18,458157449109656382855,1000602444532905685,458.1574491096564,1.0006024445329056,459158051554189288540,1764627379057277,269229757770619816355436,269229.7577706198,6.6487564179374484e-21,1790.043079877153,0,1790.043079877153,150.40406613515498,1776297600
CL-AUDD/USDC,0.019110808501968255,0xCde41D0B1AD079C3CeB7271559F738f503102852,0x9fDbD9eFFeD52f89978Ef42aDe2307FD9BBDd66b,0x449B3317a6d1efb1Bc3ba0700C9EaA4FFFf4Ae65,0x833589fCD6eDb6E08f4c7C32D4f71b54bdA02913,0x940181a94A35A4569E4529A3CDfB74e38FD98631,18,6,6,185502,189717,0.185502,0.189717,375219,979507266113985,149440273545387661043891,149440.27354538767,1.5058968806879159e-22,22.504164178114813,0,22.504164178114813,6640.5609363051835,1776297600
CL-WETH/MIRA,1.2271069619664564e-05,0xe85590601af19C9eFbB96B24C7c1aC33F56B758C,0xf4eC5D03C52aC2b64770463BAd65F6212E641642,0x4200000000000000000000000000000000000006,0x7AaFD31a321d3627b30A8e2171264B56852187fe,0x940181a94A35A4569E4529A3CDfB74e38FD98631,18,18,18,56780746286758,1138263557152627827,5.6780746286758e-05,1.1382635571526278,1138320337898914585,0,95955751975030406728,95.95575197503041,0.0,0,0,0,nan,0
CL-USDC/WCT,0.0028129555791551295,0x3f932B543490c477846288e48e4546A04FF1410e,0xd2E50D99b8e002b8B617c2Fe9e2F3617b4E277C0,0x833589fCD6eDb6E08f4c7C32D4f71b54bdA02913,0xeF4461891DfB3AC8572cCf7C794664A8DD927945,0x940181a94A35A4569E4529A3CDfB74e38FD98631,18,6,18,2599903,39832454706558290993,2.599903,39.83245470655829,39832454706560890896,144175503027752,21996392835848488760053,21996.39283584849,0.0,0,0,0,nan,0
CL-RECALL/USDC,0.08235591999688063,0x5e3791F68EbCEAC82788f3becAb154C15141A2f4,0x40F207AE22ECd68149f05a7eFef6feC091E32177,0x1f16e03C1a5908818F47f6EE7bB16690b40D0671,0x833589fCD6eDb6E08f4c7C32D4f71b54bdA02913,0x940181a94A35A4569E4529A3CDfB74e38FD98631,18,18,6,51423065047257100368,3809188,51.4230650472571,3.809188,51423065047260909556,4211788718050965,643996365258348613231971,643996.3652583486,3.167019836013436e-21,2039.5492630937442,0,2039.5492630937442,315.75425850782625,1776297600
CL-RECALL/WETH,0.09054695002110157,0x6Ee714d6d8dF7662BcA805f58CC1d5A8886D78eB,0x2e6C36a3120361EE3f6265A0AC998EaD69aEB1d4,0x1f16e03C1a5908818F47f6EE7bB16690b40D0671,0x4200000000000000000000000000000000000006,0x940181a94A35A4569E4529A3CDfB74e38FD98631,18,18,18,11404357959130048442,3323789552883143,11.40435795913005,0.003323789552883143,11407681748682931585,4639950780068491,708047541707110017006320,708047.54170711,2.8427019444736526e-21,2012.7681235905914,0,2012.7681235905914,351.7779983737118,1776297600
CL-WETH/uZEC,0.010312841868616375,0x3054f64E28140EE00428bE94Eac4aD6F7241712a,0x76E017276E8861968A86A56919B2235c505B6438,0x4200000000000000000000000000000000000006,0x83f31af747189c2FA9E5DeB253200c505eff6ed2,0x940181a94A35A4569E4529A3CDfB74e38FD98631,18,18,18,24407752034330,5014867750057913,2.440775203433e-05,0.005014867750057913,5039275502092243,528472283103556,80643051272144322387045,80643.05127214432,2.373318339641384e-21,191.39163254882055,0,191.39163254882055,421.35097651969573,1776297600
CL-USDC/LMTS,0.02648682844077013,0xa5E0Da329eE5AA03f09228e534953496334080f5,0x23FD7a6fFeecababC8952F41E1490458ad28be9A,0x833589fCD6eDb6E08f4c7C32D4f71b54bdA02913,0x9EadbE35F3Ee3bF3e28180070C429298a1b02F93,0x940181a94A35A4569E4529A3CDfB74e38FD98631,18,6,18,1,74435642536771102414,1e-06,74.4356425367711,74435642536771102415,1348882662644502,207118337621915902172193,207118.3376219159,5.067043138651116e-21,1049.4775515359545,0,1049.4775515359545,197.35375694200368,1776297600
CL-EURAU/EURC,8.267116904184039e-05,0xc87B179Bc04F98Acb376E4E90b36A8d52ad5BA0a,0xe217269D06AA942896C9ad70f7Fb9A356082D9fA,0x4933A85b5b5466Fbaf179F72D3DE273c287EC2c2,0x60a3E35Cc302bFA44Cb288Bc5a4F316Fdb1adb42,0x940181a94A35A4569E4529A3CDfB74e38FD98631,18,6,6,1,1,1e-06,1e-06,2,4236493578939,646461509708352198083,646.4615097083522,0.0,0,0,0,nan,0
CL-BIO/USDC,0.0985297231292903,0xd40BffA9C9E35493B88a2b6744C49D8716b00898,0x134cE8d4299dF4B6b4938754a1D13a3aD2c24D54,0x226A2FA2556C48245E57cd1cbA4C6c9e67077DD2,0x833589fCD6eDb6E08f4c7C32D4f71b54bdA02913,0x940181a94A35A4569E4529A3CDfB74e38FD98631,18,18,6,1928728655768457784541,84790142,1928.7286557684579,84.790142,1928728655768542574683,5061352109178727,770470217169303380557421,770470.2171693034,1.6888488701906274e-21,1301.2077557819055,0,1301.2077557819055,592.1192935914543,1776297600
CL-USDC/TITN,0.0027163996282710975,0x611865e603862a3D1cd29146458564a684e1cBbb,0xf852a8F5BF12A588f1c4605E62D324a831D76854,0x833589fCD6eDb6E08f4c7C32D4f71b54bdA02913,0xe62bfbE57763ec24c0F130426F34DbCe11Fc5B06,0x940181a94A35A4569E4529A3CDfB74e38FD98631,18,6,18,1,916323470796550,1e-06,0.00091632347079655,916323470796551,139208196648992,21241356872243981202279,21241.35687224398,3.4020891961160296e-22,7.226499072590623,0,7.226499072590623,2939.370317338072,1776297600
CL-WETH/COMMON,0.15786768300480442,0x45dF01EFA0dE71725d4d8fC1165b102bC2E989Fb,0xB716cB1E4c8b6c1Dc78C9E72ea47D99562e52657,0x4200000000000000000000000000000000000006,0x4c87da04887a1F9F21F777E3A8dD55C3C9f84701,0x940181a94A35A4569E4529A3CDfB74e38FD98631,18,18,18,800169639704227,21723848395314277566371,0.000800169639704227,21723.84839531428,21723849195483917270598,8090134880591354,1234473660796965105027214,1234473.6607969652,1.2846579269731526e-20,15858.76373982388,0,15858.76373982388,77.84173350770119,1776297600
CL-USDC/CHECK,0.1377437137692075,0xf0125d06B76CEbC2Ab3831A938E07Ab6988B00c9,0xd54F8A71BFE766963EE3c8d3C76bCe35C64A5f6B,0x833589fCD6eDb6E08f4c7C32D4f71b54bdA02913,0x9126236476eFBA9Ad8aB77855c60eB5BF37586Eb,0x940181a94A35A4569E4529A3CDfB74e38FD98631,18,6,18,104380229,2260926377514797091639,104.380229,2260.926377514797,2260926377514901471868,0,1077110801602554757735179,1077110.8016025547,0.0,0,0,0,nan,0
CL-USDC/cbBTC,0.22650952982889283,0x4F5905e36ac07eE1F01ffB939aA7f212A58D5CDF,0xfd548a1C01f1547b305313e4D42BD9C714EFdF6a,0x833589fCD6eDb6E08f4c7C32D4f71b54bdA02913,0xcbB7C0000aB88B473b1f5aFd9ef808440eed33Bf,0x940181a94A35A4569E4529A3CDfB74e38FD98631,18,6,8,23681871,29585,23.681871,0.00029585,23711456,0,1771230458134759278999195,1771230.4581347592,0.0,0,0,0,nan,0
CL-CHECK/TOWER,0.005784234618777908,0xB5a64B150730b6c475CDC9C40632CE1D1ebf3ceC,0x58700106298036e6D74A3deb237B9ADAe17D2FAe,0x9126236476eFBA9Ad8aB77855c60eB5BF37586Eb,0xf7C1CEfCf7E1dd8161e00099facD3E1Db9e528ee,0x940181a94A35A4569E4529A3CDfB74e38FD98631,18,18,18,34352457807616691836,1,34.352457807616695,1e-18,34352457807616691837,258680190241454,45230823363221171099187,45230.82336322117,3.878094133683072e-20,1754.0939074656328,0,1754.0939074656328,25.78586196024819,1776297600
CL-WETH/LITKEY,0.01618538716878685,0xCd1F9777571493AEAcb7eaE45cD30a226d3e612d,0x413112E5434C7d3b00cAD0948d89dCA460f6fB46,0x4200000000000000000000000000000000000006,0xF732A566121Fa6362E9E0FBdd6D66E5c8C925E49,0x940181a94A35A4569E4529A3CDfB74e38FD98631,18,18,18,1,42399823897883727483,1e-18,42.39982389788373,42399823897883727484,829433001572581,126564435287622880404732,126564.43528762288,5.177435705545785e-22,65.52792263103777,0,65.52792263103777,1931.458074754757,1776297600
CL-WETH/ROOM,4.393170503938349e-06,0x827F373b058CcfDa902E0Fbd11702d56e92784DD,0xb7A4B01d15981Dc4a641303c87BFBC2c9662517E,0x4200000000000000000000000000000000000006,0x6555255b8dEd3c538Cb398d9E36769f45D7d3ea7,0x940181a94A35A4569E4529A3CDfB74e38FD98631,18,18,18,1,1,1e-18,1e-18,2,225133740191,34353156841713919587,34.35315684171392,7.966928209323903e-21,0.27368913432157904,0,0.27368913432157904,125.5188918144981,1776297600
CL-msUSD/USDC,0.013651269970316774,0x054B67943BA17b2cD8C420544C88BdE71a81Ef9f,0xA0B1Db34fa530B9A001965C8A212c1a54Dab8510,0x526728DBc96689597F85ae4cd716d4f7fCcBAE9d,0x833589fCD6eDb6E08f4c7C32D4f71b54bdA02913,0x940181a94A35A4569E4529A3CDfB74e38FD98631,18,18,6,700170066805896690,1436288,0.7001700668058967,1.436288,700170066807332978,699570156010433,106748467412876138805687,106748.46741287614,1.6586283825242717e-21,177.05603784196367,0,177.05603784196367,602.9078065564614,1776297600
CL-WETH/PING,0.04415281789270145,0x5D28f920C9d23100E4A38b2bA2D8aE617c3b2615,0xcc049DFa700197b49db9E8BeC3Af462d22b68621,0x4200000000000000000000000000000000000006,0xd85c31854c2B0Fb40aaA9E2Fc4Da23C21f829d46,0x940181a94A35A4569E4529A3CDfB74e38FD98631,18,18,18,2488845253244819,2303175401913133100942,0.002488845253244819,2303.175401913133,2303177890758386345761,2275127652439596,345260598629588614938293,345260.5986295886,2.4342501731902136e-21,840.4506720098328,0,840.4506720098328,410.80411989431934,1776297600
CL-ICP/WETH,0.005545763052019196,0xBe762d548f8CA86A78E9Da6e3DdC87F91457e398,0x7140E2eE393c885FDa93A4a6b0a05564c6AdEdFc,0x00f3C42833C3170159af4E92dbb451Fb3F708917,0x4200000000000000000000000000000000000006,0x940181a94A35A4569E4529A3CDfB74e38FD98631,18,8,18,8629293,346044766272721,0.08629293,0.000346044766272721,346044774902014,321741766309003,43366053687697044834364,43366.053687697044,0.0,0,0,0,nan,0
CL-HYPE/WETH,0.021626091322115317,0x9E48d016eE76cf53e2De8dc8058c7549c8c202DF,0x9495E37F2dd9b54f6b473a46ede1F1641459868e,0x15D0e0c55a3E7eE67152aD7E89acf164253Ff68d,0x4200000000000000000000000000000000000006,0x940181a94A35A4569E4529A3CDfB74e38FD98631,18,18,18,43988727404024489,1010653522316888,0.043988727404024486,0.001010653522316888,44999380926341377,1108266822990523,169108962740200005683884,169108.9627402,0.0,0,0,0,nan,0
CL-WETH/LSK,0.00016260111595927472,0x275BE3a43B66516e532BcaA36eE453EDd47614ea,0x90F6Ef29a0915Cd33dbf0ce779B46923DB5cbb22,0x4200000000000000000000000000000000000006,0xac485391EB2d7D88253a7F1eF18C37f4242D1A24,0x940181a94A35A4569E4529A3CDfB74e38FD98631,18,18,18,1,1,1e-18,1e-18,2,8333642875587,1271487558741258807779,1271.487558741259,9.753416731017583e-22,1.2401348028707697,0,1.2401348028707697,1025.2817321132438,1776297600
CL-USDC/CHECK,0.35926025092448477,0x5a7B4970B2610aEe4776A6944d9F2171EE6060B0,0xeCCE253d45D14A8D8cdf230AD6DE75d7dA2E2151,0x833589fCD6eDb6E08f4c7C32D4f71b54bdA02913,0x9126236476eFBA9Ad8aB77855c60eB5BF37586Eb,0x940181a94A35A4569E4529A3CDfB74e38FD98631,18,6,18,21151586,646227714821207326664,21.151586,646.2277148212073,646227714821228478250,18520215638966445,2809297689661334797623936,2809297.6896613347,1.8140836187320953e-21,5096.300918956549,0,5096.300918956549,551.2425059540105,1776297600
CL-TRUST/USDC,0.007800422969503718,0x52448E17DABcb3b6654045974Afd572090BCC1F5,0x43cBf909CDE242941Ff0827c9Dd4653C7472900d,0x6cd905dF2Ed214b22e0d48FF17CD4200C1C6d8A3,0x833589fCD6eDb6E08f4c7C32D4f71b54bdA02913,0x940181a94A35A4569E4529A3CDfB74e38FD98631,18,18,6,19678501102062304455,1,19.678501102062306,1e-06,19678501102062304456,399758692111585,60996757003362966650741,60996.75700336297,1.749654373530053e-21,106.72324266208392,0,106.72324266208392,571.5414513452896,1776297600
CL-USDC/elizaOS,0.019447552243247436,0x84b783723DaC9B89d0981FFf3dcE369bC5870C16,0x757319eb2053b7Be8b4Da20652324FD812f45bf2,0x833589fCD6eDb6E08f4c7C32D4f71b54bdA02913,0xea17Df5Cf6D172224892B5477A16ACb111182478,0x940181a94A35A4569E4529A3CDfB74e38FD98631,18,6,9,1,537418462555,1e-06,537.418462555,537418462556,1041073813201604,152073499492174517122868,152073.4994921745,0.0,0,0,0,nan,0
CL-USDC/TOWER,0.048204079486607466,0xD4dC229A997a73E86c13e3ce8019be02cD4827a6,0xF8b0f41537A00E0BDa5aB5733568F248157aFf74,0x833589fCD6eDb6E08f4c7C32D4f71b54bdA02913,0xf7C1CEfCf7E1dd8161e00099facD3E1Db9e528ee,0x940181a94A35A4569E4529A3CDfB74e38FD98631,18,6,18,48699,1254169609251981960743,0.048699,1254.169609251982,1254169609251982009442,2470534074747986,376940139593796568844134,376940.1395937966,0.0,0,0,0,nan,0
CL-WETH/USDC,0.5764518927295982,0xc758d81B9b81A6FCDAd075bD471874A2c46B54e0,0x655D019A5899C6F1a3B2770cabf91F4b3517C6be,0x4200000000000000000000000000000000000006,0x833589fCD6eDb6E08f4c7C32D4f71b54bdA02913,0x940181a94A35A4569E4529A3CDfB74e38FD98631,18,18,6,35187341866932660,95350993,0.03518734186693266,95.350993,35187341962283653,29543372405703749,4507665310255993220107880,4507665.310255993,1.5170941877259365e-21,6838.552842403198,0,6838.552842403198,659.1548554404258,1776297600
CL-USDC/EDEL,0.010588926064033954,0xe2B182796518E76845f46ccDC522495D81630d14,0x5b29c69383f3E4D274511Df97486207315Eade6d,0x833589fCD6eDb6E08f4c7C32D4f71b54bdA02913,0xFb31f85A8367210B2e4Ed2360D2dA9Dc2D2Ccc95,0x940181a94A35A4569E4529A3CDfB74e38FD98631,18,6,18,274265,13913085639858115832,0.274265,13.913085639858116,13913085639858390097,542711501278632,82801939405030593939355,82801.9394050306,5.179746947882485e-21,428.8930929119577,0,428.8930929119577,193.05962435265428,1776297600
CL-WETH/jesse,0.0013155953156868158,0x4e40ff3Be6bdA5b131c91520Fa73515076eEE098,0x474716f0164cbe5d2F55336492C51FE0bF04373E,0x4200000000000000000000000000000000000006,0x50F88fe97f72CD3E75b9Eb4f747F59BcEBA80d59,0x940181a94A35A4569E4529A3CDfB74e38FD98631,18,18,18,97002120063227,52235243609499356006,9.7002120063227e-05,52.235243609499356,52235340611619419233,67427867994719,10287525189267627191707,10287.525189267628,5.6353399636232084e-21,57.97370182586027,0,57.97370182586027,177.45158348123084,1776297600
CL-BITCOIN/APU,0.0005099648124358206,0x3d6a88675979AB63fe60beDd62550A5cF7387f39,0xB93E0F044FBFc816dF3c26620021Eb64Fea735b3,0x2a06A17CBC6d0032Cac2c6696DA90f29D39a1a29,0xB9926b3fBc5873Db0182016D55727D5ae89E5EFd,0x940181a94A35A4569E4529A3CDfB74e38FD98631,18,8,18,1,2622970429534317262515,1e-08,2622.970429534317,2622970429534317262516,26133551249904,3987758082609764889613,3987.7580826097646,5.52604903285788e-21,22.036546695676886,0,22.036546695676886,180.96111598974264,1776297600
CL-USDC/cbBTC,0.011845252734812356,0x95DaDA6BC214A86Af204250F7b6FF873b52e0289,0x989612FdbEFb492dAf3E56406838D17c61B0ed2C,0x833589fCD6eDb6E08f4c7C32D4f71b54bdA02913,0xcbB7C0000aB88B473b1f5aFd9ef808440eed33Bf,0x940181a94A35A4569E4529A3CDfB74e38FD98631,18,6,8,2397834,3907,2.397834,3.907e-05,2401741,607092690137728,92626003171048352562401,92626.00317104836,1.5990237398723726e-21,148.111178,0,148.111178,625.3815844409013,1776297600
CL-WETH/REPPO,0.14546151072065158,0x71FE33676773DF7Cf9Ce14f640caE06823F083cC,0x456979e89917F4dC1E86662fcDFD4c9766c6684d,0x4200000000000000000000000000000000000006,0xFf8104251E7761163faC3211eF5583FB3F8583d6,0x940181a94A35A4569E4529A3CDfB74e38FD98631,18,18,18,1,2092773452916409979710,1e-18,2092.77345291641,2092773452916409979711,7466405815956824,1137461450162126572020399,1137461.4501621264,0.0,0,0,0,nan,0
CL-SOL/USDC,1.0198194315717948,0xb30540172F1B37d1eE1d109e49F883E935E69219,0xC6e211fF1D04A1728ab011406AD42EF529Cb3886,0x311935Cd80B76769bF2ecC9D8Ab7635b2139cf82,0x833589fCD6eDb6E08f4c7C32D4f71b54bdA02913,0x940181a94A35A4569E4529A3CDfB74e38FD98631,18,9,6,365011251,30601189,0.365011251,30.601189,395612440,0,7974654489646242732770211,7974654.489646243,0.0,0,0,0,nan,0
CL-SOL/cbBTC,0.49719860348387485,0xa25773F75d7190E130D501509D22592151dB3915,0xAB69fc62A7F435cD87b84DEe6ed545145E63770f,0x311935Cd80B76769bF2ecC9D8Ab7635b2139cf82,0xcbB7C0000aB88B473b1f5aFd9ef808440eed33Bf,0x940181a94A35A4569E4529A3CDfB74e38FD98631,18,9,8,213481633,26807,0.213481633,0.00026807,213508440,0,3887930502959231172950740,3887930.5029592314,0.0,0,0,0,nan,0
CL-RAVE/USDC,2.2217220064884913,0x51663B8A28E7Ea197c5CcF983AfC084Da0a8023D,0x8eF58803e5522986Be1896c1Ea024553A50e0940,0x1aA8fD5BCce2231C6100d55Bf8B377cff33Acfc3,0x833589fCD6eDb6E08f4c7C32D4f71b54bdA02913,0x940181a94A35A4569E4529A3CDfB74e38FD98631,18,18,6,5956714237177312280,87373347,5.956714237177312,87.373347,5956714237264685627,113520007906095465,17373139621866487255253886,17373139.621866487,2.8960529515171085e-22,5031.3446335505905,0.008594351936304891,5031.353227902527,3452.975538572753,1776297600
CL-USDC/cbBTC,0.8034167852374788,0xFCda5ab6BBC1fe5B8e1a185e86bb5f24b12e2278,0xB705606141ECa43b4192C8D8D2211CD19eA4d381,0x833589fCD6eDb6E08f4c7C32D4f71b54bdA02913,0xcbB7C0000aB88B473b1f5aFd9ef808440eed33Bf,0x940181a94A35A4569E4529A3CDfB74e38FD98631,18,6,8,65307089,52756,65.307089,0.00052756,65359845,41169143445336587,6282456555643856261141552,6282456.555643856,8.565185042837159e-22,5381.040292267501,0,5381.040292267501,1167.5170997458763,1776297600
CL-THQ/USDC,0.003242972827369722,0x00D43aad1B34E7bA8D037E060517F7b5318c0B83,0x6CC472a3E4E23f4e7B3188E424Fb40F7BFAd8A77,0x0b2558bdBC7FFEC0f327fB3579c23daBD1699706,0x833589fCD6eDb6E08f4c7C32D4f71b54bdA02913,0x940181a94A35A4569E4529A3CDfB74e38FD98631,18,18,6,38902500000065,1,3.8902500000065e-05,1e-06,38902500000066,166179921192945,25358987107870262103919,25358.987107870264,0.0,0,0,0,nan,0
CL-AERO/DIEM,0.00022940498759286944,0xD1edC6961222bf35AFAC0989Ce602212f28464F6,0x289541d6ce255535A859C96B022d78C0cd80D545,0x940181a94A35A4569E4529A3CDfB74e38FD98631,0xF4d97F2da56e8c3098f3a8D538DB630A2606a024,0x940181a94A35A4569E4529A3CDfB74e38FD98631,18,18,18,2972429244828211,1,0.002972429244828211,1e-18,2972429244828212,11756157160108,1793871991078968200468,1793.871991078968,2.121604688683263e-22,0.380588722717072,0,0.380588722717072,4713.413414544405,1776297600
CL-MOCA/CHECK,0.08366641792629813,0xD4E145Efdbbbb97CE8C23d4C0Fd59C902Bc34dFa,0x181aBe1152ECC190889DD4A25991c0D214AC9695,0x2B11834Ed1FeAEd4b4b3a86A6F571315E25A884D,0x9126236476eFBA9Ad8aB77855c60eB5BF37586Eb,0x940181a94A35A4569E4529A3CDfB74e38FD98631,18,18,18,3107985420528002104,24440049184217012873,3.107985420528002,24.440049184217013,27548034604745014977,4313036723653179,654244030553756960329745,654244.030553757,0.0,0,0,0,nan,0
CL-cbETH/cbBTC,0.2998183069255705,0x8BB9eAF3C5A906D20c4CC10eA2F73A3Ac2D5d41A,0x2B0C60C15f896d138dB9f4ec0605A912A377f6ef,0x2Ae3F1Ec7F1F5012CFEab0185bfc7aa3cf0DEc22,0xcbB7C0000aB88B473b1f5aFd9ef808440eed33Bf,0x940181a94A35A4569E4529A3CDfB74e38FD98631,18,18,8,4627442121916835,10285,0.004627442121916835,0.00010285,4627442121927120,15367181391052653,2344481124189890041543621,2344481.12418989,0.0,0,0,0,nan,0
CL-cbBTC/USDT,7.902572516957539e-05,0x6567CB712b9BCf7c1c568eBe8c2657830E299442,0x774C988f7De1607098eefdaa47bc4E05B6655d1A,0xcbB7C0000aB88B473b1f5aFd9ef808440eed33Bf,0xfde4C96c8593536E31F229EA8f37b2ADa2699bb2,0x940181a94A35A4569E4529A3CDfB74e38FD98631,18,8,6,150,77918,1.5e-06,0.077918,78068,4049896681210,617955330631232983411,617.9553306312331,2.889465273642516e-21,1.7855604685212272,0,1.7855604685212272,346.0847960769505,1776297600
CL-SUMR/USDC,0.06841431692114038,0x8fEbF59b6725c4729466b0279cb28080Ac5d1161,0xC7fCaC7ea12c31a43F060E27d7cf7273EFBCcd01,0x194f360D130F2393a5E9F3117A6a1B78aBEa1624,0x833589fCD6eDb6E08f4c7C32D4f71b54bdA02913,0x940181a94A35A4569E4529A3CDfB74e38FD98631,18,18,6,4199230942107266584854,1379948,4199.230942107267,1.379948,4199230942107267964802,3506340188515451,534977587895514067567911,534977.5878955141,5.4987410493614535e-22,294.17032230494385,0,294.17032230494385,1818.5980954970155,1776297600
CL-FUN/USDC,0.09292987169061101,0x659bE70647B0f63217D60e077F4417b1eCC65064,0x72cD715cd1Df473115881B6a2bcEC16630AAf2A1,0x16EE7ecAc70d1028E7712751E2Ee6BA808a7dd92,0x833589fCD6eDb6E08f4c7C32D4f71b54bdA02913,0x940181a94A35A4569E4529A3CDfB74e38FD98631,18,18,6,349642670278835606182,30605635,349.6426702788356,30.605635,349642670278866211817,4753793170118759,726681209983993714706207,726681.2099839938,2.0260275959106758e-21,1472.2761848573318,0,1472.2761848573318,493.5766926464354,1776297600
CL-PORTAL/USDC,0.00408909278258071,0x6133d984A2ea4d20C56dB083Fb0B0D093a9F5B42,0x162A77D0b9064D60e626a0eE515594a422aDe40d,0x0FfebC403F2d3dd9EA5501ca03916E98967aCB2D,0x833589fCD6eDb6E08f4c7C32D4f71b54bdA02913,0x940181a94A35A4569E4529A3CDfB74e38FD98631,18,18,6,80359137503496681522,2828352,80.35913750349668,2.828352,80359137503499509874,209540486853424,31975368489428163673384,31975.368489428165,9.255619530345711e-21,295.95184508075215,0,295.95184508075215,108.04247049280434,1776297600
CL-USDC/TRX,0.010306300282384809,0xf041d05Cc89a12c64D00Ca16e3bb6744e8437Cb5,0x5acC45Cc02A6C4f1D7e23Aa3CAB7652f9Db2F2C0,0x833589fCD6eDb6E08f4c7C32D4f71b54bdA02913,0x989cFDC3508500d0C91f22896a0D2ee1Ef675870,0x940181a94A35A4569E4529A3CDfB74e38FD98631,18,6,6,371972,13210900,0.371972,13.2109,13582872,528175492469406,80591898206811414669035,80591.89820681141,1.5025988802155448e-21,121.097296,0,121.097296,665.5136065698066,1776297600
CL-USDC/CLAWD,0.08917349438349664,0x4c76Ef610b9F6FEeB3Ca70951BeF09ED31e7f6d0,0x7762C1810f3E249c83130093442eD24cEe6Dd61f,0x833589fCD6eDb6E08f4c7C32D4f71b54bdA02913,0x9f86dB9fc6f7c9408e8Fda3Ff8ce4e78ac7a6b07,0x940181a94A35A4569E4529A3CDfB74e38FD98631,18,6,18,1455513,98897067615948292638489,1.455513,98897.0676159483,98897067615948294094002,4569630429276662,697307567719876919735518,697307.5677198769,2.565541040357994e-21,1788.9711827375554,0,1788.9711827375554,389.78133043642936,1776297600
CL-EMBER/USDC,0.00010390464787908259,0x24bfa3f843F86Ba3AeA18296f6cAD8519F25399f,0xB115C1caCb4abe824a3405a8f3aC75a8C7ec5970,0x7FfBE850D2d45242efdb914D7d4Dbb682d0C9B07,0x833589fCD6eDb6E08f4c7C32D4f71b54bdA02913,0x940181a94A35A4569E4529A3CDfB74e38FD98631,18,18,6,1,1,1e-18,1e-06,2,5325010682965,812500371195079325476,812.5003711950793,0.0,0,0,0,nan,0
CL-CHECK/SAND,0.1255593870107016,0x3f985184335BD9e0A4774C79668Ce57EE2AaCFe2,0xfab8FcF5137630d186bC29A3f985661A152d1263,0x9126236476eFBA9Ad8aB77855c60eB5BF37586Eb,0xac531Eb26Ca1d21b85126De8FB87E80E09002DcF,0x940181a94A35A4569E4529A3CDfB74e38FD98631,18,18,18,29811972320374053420,759251671806243908,29.811972320374053,0.7592516718062439,30571223992180297328,6483620430499260,981833350438205585382421,981833.3504382056,0.0,0,0,0,nan,0
CL-WETH/MOLT,0.10035654181418355,0x85Fb468A5E65a537C5Ac767776599708a3D41046,0x83c20bA54325741fE1D84632E423D187C8b4f3c2,0x4200000000000000000000000000000000000006,0xB695559b26BB2c9703ef1935c37AeaE9526bab07,0x940181a94A35A4569E4529A3CDfB74e38FD98631,18,18,18,3934001157809493,530333842949109813120738,0.003934001157809493,530333.8429491099,530333846883110970930231,5155764334483401,784755341943598203521813,784755.3419435982,9.150010522601052e-22,718.0519636451311,0,718.0519636451311,1092.8949180221623,1776297600
CL-USDC/CLAWNCH,0.0009270787290875993,0xb16395A423162b2577A91D40171AAF28A214719F,0xe0CEd0AC7c227c6df4644Eb8d04cC5F5C9262FB9,0x833589fCD6eDb6E08f4c7C32D4f71b54bdA02913,0xa1F72459dfA10BAD200Ac160eCd78C6b77a747be,0x940181a94A35A4569E4529A3CDfB74e38FD98631,18,6,18,97674,18903263798644049196008,0.097674,18903.26379864405,18903263798644049293682,47509827433757,7249452521001003169825,7249.452521001002,1.2041273977735667e-21,8.717059894421624,0.012204504974336542,8.72926439939596,830.476909543792,1776297600
CL-UP/cbBTC,0.8432248258349022,0x1E726F3177a933cc134Fd0ea7C326EAb270E0137,0x46ded54E6C6B8bDdcc4F034f670Efc284A1B490B,0x5b2193fDc451C1f847bE09CA9d13A4Bf60f8c86B,0xcbB7C0000aB88B473b1f5aFd9ef808440eed33Bf,0x940181a94A35A4569E4529A3CDfB74e38FD98631,18,18,8,577227740031486735862,18955,577.2277400314867,0.00018955,577227740031486754817,0,6593742416499620588785481,6593742.416499621,0.0,0,0,0,nan,0
CL-USDC/RNBW,0.0759123071114447,0x4bf85cA48a620BAf9DDE3b6A7A6d88b219827caA,0x0099140A97ACc1cc831ECB39Ab5FD60FC9F6BB64,0x833589fCD6eDb6E08f4c7C32D4f71b54bdA02913,0xa53887F7e7c1bf5010b8627F1C1ba94fE7a5d6E0,0x940181a94A35A4569E4529A3CDfB74e38FD98631,18,6,18,10339593,701417111687282793865,10.339593,701.4171116872828,701417111687293133458,3890713931595989,593609419456398067383633,593609.4194563981,0.0,0,0,0,nan,0
CL-msUSD/msETH,0.6053008545885703,0x8845126640B36df1D24bf3dF9B2903fD4c730FE6,0x019a8a996B6cb2e2e12fe95997FA9ef733c99765,0x526728DBc96689597F85ae4cd716d4f7fCcBAE9d,0x7Ba6F01772924a82D9626c126347A28299E98c98,0x940181a94A35A4569E4529A3CDfB74e38FD98631,18,18,18,30565288048627539125,10757344281659928,30.56528804862754,0.010757344281659928,30576045392909199053,31022302770981272,4733254758827006614275691,4733254.758827006,0.0,0,0,0,nan,0
CL-KellyClaude/USDC,0.11099433538038284,0xCBBA009BDe5731E68C97707e6B6edBfAb9926CF9,0x8612abc6Bf9735f192cd7E4005b8494DFe3d773d,0x50D2280441372486BeecdD328c1854743EBaCb07,0x833589fCD6eDb6E08f4c7C32D4f71b54bdA02913,0x940181a94A35A4569E4529A3CDfB74e38FD98631,18,18,6,258432699199728822413046,1677381,258432.6991997288,1.677381,258432699199728824090427,5688613570027492,867939409236641268703265,867939.4092366413,2.9792440422121895e-21,2585.8033139694307,0,2585.8033139694307,335.6556179457747,1776297600
CL-USDC/FELIX,0.08257366822095481,0x1F9bA3e5Ebcd2f4CA3cDEffa5eCdF1c03cf1865d,0xBc24a215368B5e2a3baad4904d6C810148D2b258,0x833589fCD6eDb6E08f4c7C32D4f71b54bdA02913,0xf30Bf00edd0C22db54C9274B90D2A4C21FC09b07,0x940181a94A35A4569E4529A3CDfB74e38FD98631,18,6,18,2026308,648937855398661959017027,2.026308,648937.8553986619,648937855398661961043335,4231679066694429,645699085170293572552842,645699.0851702936,0.0,0,0,0,nan,0
CL-USDC/MUSD,0.724569703808461,0x78595D8e45E1Df1CbA5775E8368827cdaC50aF9c,0x4fE3512bbbBD252B31ebA69F9648C9e41F668677,0x833589fCD6eDb6E08f4c7C32D4f71b54bdA02913,0xdD468A1DDc392dcdbEf6db6e34E89AA338F9F186,0x940181a94A35A4569E4529A3CDfB74e38FD98631,18,6,18,51938321,33331972387941005201,51.938321,33.33197238794101,33331972387992943522,37350132838914029,5665898160650031380489259,5665898.160650031,6.898856363414324e-22,3908.821758005798,0,3908.821758005798,1449.5156114615615,1776297600
CL-MEZO/MUSD,6.677767280134919e-06,0x0DD2076128FaE11da3D0F5522D3a52B532af3741,0x73aA1980FE058652313E58b0836347106aDBBB10,0x8e4cbBcc33dB6c0a18561fDE1F6bA35906d4848b,0xdD468A1DDc392dcdbEf6db6e34E89AA338F9F186,0x940181a94A35A4569E4529A3CDfB74e38FD98631,18,18,18,6609937371,5779893435709,6.609937371e-09,5.779893435709e-06,5786503373080,342258415293,52217956603616392654,52.21795660361639,3.707972996514718e-22,0.0193622773019387,0,0.0193622773019387,2696.8912690031525,1776297600
CL-USDC/KAT,0.003827390186123215,0x7bD36Ffa2AA69b9035782D2e85f60d3Dd0B5124c,0x3d292E05F13Dd7Ea9A30D73d79e00541Ad3c4Ef7,0x833589fCD6eDb6E08f4c7C32D4f71b54bdA02913,0xD5390300c5DB71F80d46f0fA9983Fc72D4d1e3da,0x940181a94A35A4569E4529A3CDfB74e38FD98631,18,6,18,121967,9161960646891702182,0.121967,9.161960646891702,9161960646891824149,196155809393919,29928939757848424371720,29928.939757848424,4.6994334595692314e-21,140.64906090746473,0,140.64906090746473,212.791607457224,1776297600
CL-MEZO/MUSD,3.910134037708789,0xfCd3F5cA230E7c1Bd5b415eb85d5186346De0fec,0x78329E80c7999548c81C5ab93185cf1316747845,0x8e4cbBcc33dB6c0a18561fDE1F6bA35906d4848b,0xdD468A1DDc392dcdbEf6db6e34E89AA338F9F186,0x940181a94A35A4569E4529A3CDfB74e38FD98631,18,18,18,1821819475555643981522,8213168735986646875,1821.819475555644,8.213168735986647,1830032644291630628397,201462974422438176,30575969621282701644347407,30575969.621282704,0.0,0,0,0,nan,0
CL-USDC/GHST,1.9935430574013357,0x41D4934322f2bd6fE1dbe4124070FE61651A2067,0x5b3f00bc7843Bd033100517D46AA4001E1e32A83,0x833589fCD6eDb6E08f4c7C32D4f71b54bdA02913,0xcD2F22236DD9Dfe2356D7C543161D4d260FD9BcB,0x940181a94A35A4569E4529A3CDfB74e38FD98631,18,6,18,10366365,14905754686466366330,10.366365,14.905754686466366,14905754686476732695,102174549052777809,15588854851006498798022248,15588854.851006499,5.001122514086484e-25,7.79617729641949,0,7.79617729641949,1999551.0951458109,1776297600
CL-WETH/TIBBIR,0.6824309677188969,0x0E4409F7a8ebA3213F336daf608985302e79328c,0x5E0f61E5238Cf493eaE763797eA7aebBc19F2ad3,0x4200000000000000000000000000000000000006,0xA4A2E2ca3fBfE21aed83471D28b6f65A233C6e00,0x940181a94A35A4569E4529A3CDfB74e38FD98631,18,18,18,112962285437298,31911812687528785550,0.000112962285437298,31.911812687528787,31911925649814222848,34977846987511154,5336387023147250868148628,5336387.023147251,4.7143733887142415e-27,0.02515772097380541,0,0.02515772097380541,212117267.2478392,1776297600
CL-GIZA/USDC,0.6142838053040791,0xe9EEd359ef1e600cEC91F240768f463ED3c88730,0xbED18D5dd9BD7DbcC3E4d0C584ba02FFE02f9461,0x590830dFDf9A3F68aFCDdE2694773dEBDF267774,0x833589fCD6eDb6E08f4c7C32D4f71b54bdA02913,0x940181a94A35A4569E4529A3CDfB74e38FD98631,18,18,6,0,7017701,0.0,7.017701,7017701,31484562816352061,4803498496135771888868171,4803498.496135772,0.0,0,0,0,nan,1776297600
CL-cbXRP/cbBTC,2.123294630837728,0x62916B911F2B64d0e3A3b72472D6f8C08c75DcAA,0xf018eBe4e6b3ff169be0a25218ec14F417fCad1a,0xcb585250f852C6c6bf90434AB21A00f02833a4af,0xcbB7C0000aB88B473b1f5aFd9ef808440eed33Bf,0x940181a94A35A4569E4529A3CDfB74e38FD98631,18,6,8,143372,27090,0.143372,0.0002709,170462,111286163795515047,16603469728513214418444430,16603469.728513213,0.0,0,0,0,nan,1776297600
CL-SOL/cbBTC,2.448904367977265,0xCcfA472815563ff9eB2de95C7b2bE1Ccf91f7F31,0xBe13347c7e999D57a85138406b7e0116312eB055,0x311935Cd80B76769bF2ecC9D8Ab7635b2139cf82,0xcbB7C0000aB88B473b1f5aFd9ef808440eed33Bf,0x940181a94A35A4569E4529A3CDfB74e38FD98631,18,9,8,120612738,15844,0.120612738,0.00015844,120628582,126046233291370232,19149631403575924663113246,19149631.403575923,3.871595811793837e-26,0.7413963273948029,0,0.7413963273948029,25829142.51931343,1776297600
CL-UP/cbBTC,1.3015139212136224,0x37e1490f7f6F98d263f826E1244C7E7f128632F2,0x9beDC4b57DD354fb8F585d79Ec30763edA265319,0x5b2193fDc451C1f847bE09CA9d13A4Bf60f8c86B,0xcbB7C0000aB88B473b1f5aFd9ef808440eed33Bf,0x940181a94A35A4569E4529A3CDfB74e38FD98631,18,18,8,657120285599458448710,1412,657.1202855994585,1.412e-05,657120285599458450122,66707923039778808,10177413288886343701794644,10177413.288886344,0.0,0,0,0,nan,1776297600
CL-WETH/cbXRP,2.826988539008558,0xB90fe999Be6869AF0aFC557DCCfBE169EA3403D6,0x847A399203C63b03AF1C2FC6Fc7cCf4E1386Fe63,0x4200000000000000000000000000000000000006,0xcb585250f852C6c6bf90434AB21A00f02833a4af,0x940181a94A35A4569E4529A3CDfB74e38FD98631,18,18,6,9110572198358485,7235076,0.009110572198358485,7.235076,9110572205593561,147332057925162723,22106125993340581880175954,22106125.99334058,4.47185091327434e-27,0.09885529971227772,0,0.09885529971227772,223621050.74468786,1776297600
CL-SOL/USDC,2.95286311979328,0x1131DB5977242a03eBeaD1aCD18F80A9A29e5922,0xC58eC2d32FFA0c8c0cf5d15ceF7AE3cC70d2fa69,0x311935Cd80B76769bF2ecC9D8Ab7635b2139cf82,0x833589fCD6eDb6E08f4c7C32D4f71b54bdA02913,0x940181a94A35A4569E4529A3CDfB74e38FD98631,18,9,6,208844112,21480418,0.208844112,21.480418,230324530,153617253597832968,23090424056028121846472844,23090424.056028124,2.912864822809131e-25,6.7259283976550055,0,6.7259283976550055,3433046.367855863,1776297600
CL-EURC/USDC,0.7961614235654091,0xf39B7c34BE147F5DC1bC374f27AF2E9f03AD3113,0x3b798f9C872586CF0ba103400650Cf9E1acAF27F,0x60a3E35Cc302bFA44Cb288Bc5a4F316Fdb1adb42,0x833589fCD6eDb6E08f4c7C32D4f71b54bdA02913,0x940181a94A35A4569E4529A3CDfB74e38FD98631,18,6,6,1002872,2223605,1.002872,2.223605,3226477,42117606430073262,6225721999759777219307294,6225721.9997597765,0.0,0,0,0,nan,0
CL-WETH/USDC,0.6283561711052236,0x4e392fBfE4D0557C82D2F97F02ec39daA31516dd,0x6BFdC817fd78c72A0E330e3D958108fAc96201f4,0x4200000000000000000000000000000000000006,0x833589fCD6eDb6E08f4c7C32D4f71b54bdA02913,0x940181a94A35A4569E4529A3CDfB74e38FD98631,18,18,6,2539444374299786,6212769,0.002539444374299786,6.212769,2539444380512555,32206255352160640,4913539795253869563218705,4913539.795253869,0.0,0,0,0,nan,0
CL-USDC/cbBTC,0.20644826139214006,0x9D14ff91AE2c6e3D1A760542248B6c7F206894b0,0xF2d990b13af7c0cd72Cc937625dEB29E4022b81D,0x833589fCD6eDb6E08f4c7C32D4f71b54bdA02913,0xcbB7C0000aB88B473b1f5aFd9ef808440eed33Bf,0x940181a94A35A4569E4529A3CDfB74e38FD98631,18,6,8,1377645,1752,1.377645,1.752e-05,1379397,10581319575745520,1614357898685114757264360,1614357.898685115,0.0,0,0,0,nan,0
CL-WETH/cbBTC,0.5920464610656564,0x7C7420DD105E2779316423Ba3E973f434315EFA9,0xe3aE44A6cD6cf1b47295209539b7bB675F500873,0x4200000000000000000000000000000000000006,0xcbB7C0000aB88B473b1f5aFd9ef808440eed33Bf,0x940181a94A35A4569E4529A3CDfB74e38FD98631,18,18,8,2095591129335378,5433,0.002095591129335378,5.433e-05,2095591129340811,30838834115900669,4629609735460335710871013,4629609.735460336,0.0,0,0,0,nan,0
TOTAL,100.0,,,,,,,,,290235121479193565222005731821291,113121609283265461998241725,290235121488153.3,116802590.36239508,290235234600802848487467730063016,4729243365708352836,781967301540364101252431908,,5.655941936431502e-22,442275.319471534,0.8458984981972213,442276.1653700323,1768.0520967846585,
