name,vote_pct,address,gauge,token0,token1,emissions_token,emissions_decimals,token0_decimals,token1_decimals,token0_fees_raw,token1_fees_raw,token0_fees,token1_fees,fees_raw,emissions_raw,votes_raw,votes,ratio,tfv,tbv,tvv,votes_per_tvv,rewards_epoch_ts
vAMM-tBTC/USDbC,0.004365151371219208,0x723AEf6543aecE026a15662Be4D3fb3424D502A9,0x50f0249B824033Cf0AF0C8b9fe1c67c2842A34d5,0x236aa50979D5f3De3Bd1Eeb40E81137F22ab794b,0xd9aAEc86B65D86f6A7B5B1b0c42FFA531710b6CA,0x940181a94A35A4569E4529A3CDfB74e38FD98631,18,18,6,0,0,0.0,0.0,0,148945791496860,21819740157476527485372,21819.740157476528,1.7780858730666823e-22,3.8797371727994796,0,3.8797371727994796,5624.025336162703,1787184000
vAMM-tBTC/WETH,0.0017934663797990105,0x2722C8f9B5E2aC72D1f225f8e8c990E449ba0078,0xfaE8C18D83655Fbf31af10d2e9A1Ad5bA77D0377,0x236aa50979D5f3De3Bd1Eeb40E81137F22ab794b,0x4200000000000000000000000000000000000006,0x940181a94A35A4569E4529A3CDfB74e38FD98631,18,18,18,0,0,0.0,0.0,0,61195877701616,8964859877804074193442,8964.859877804074,2.0115061638346087e-21,18.03287090211647,0,18.03287090211647,497.13991335411225,1787184000
vAMM-T/WETH,7.933043093106087e-07,0xAf58FDeE432a104a932a899968d60F92838886cd,0xaD3d4aFd779e4A57734557CcE25F87032614fE47,0x26f3901aC8a79c50fb0d8289C74f0d09AdC42E29,0x4200000000000000000000000000000000000006,0x940181a94A35A4569E4529A3CDfB74e38FD98631,18,18,18,3773775879063047783088,3830852475025363,3773.775879063048,0.003830852475025363,3773779709915522808451,0,3965428096970939228,3.9654280969709395,0.0,0,0,0,nan,0
vAMM-EXTRA/USDbC,2.7509161928354227e-05,0x2B7704f1cb9324cD8586B33C6c540CbD64E58237,0xf05a3De3dD6910042f506c6105bC14920C4289B6,0x2dAD3a13ef0C6366220f989157009e501e7938F8,0xd9aAEc86B65D86f6A7B5B1b0c42FFA531710b6CA,0x940181a94A35A4569E4529A3CDfB74e38FD98631,18,18,6,3755543547779436430903,41889297,3755.5435477794363,41.889297,3755543547779478320200,0,137507892437412648059,137.50789243741264,0.0,0,0,0,nan,0
sAMM-DOLA/USDbC,0.0004455952177191393,0x0B25c51637c43decd6CC1C1e3da4518D54ddb528,0xeAE066C25106006fB386A3a8b1698A0cB6931c1a,0x4621b7A9c75199271F773Ebd9A499dbd165c3191,0xd9aAEc86B65D86f6A7B5B1b0c42FFA531710b6CA,0x940181a94A35A4569E4529A3CDfB74e38FD98631,18,18,6,0,0,0.0,0.0,0,15204405700105,2227361903220822833296,2227.361903220823,6.920837575145175e-23,0.15415209953257542,0,0.15415209953257542,14449.118175974872,1787184000
vAMM-WETH/UNIDX,2.5471347107407826e-05,0xA819Af1CC8AbE618eA8abaDeb464960F7451CEAB,0x98F44CE76BDCaD37f00a98B275631B1D796862fa,0x4200000000000000000000000000000000000006,0x6B4712AE9797C199edd44F897cA09BC57628a1CF,0x940181a94A35A4569E4529A3CDfB74e38FD98631,18,18,18,66824064630132120,226333148520407904521,0.06682406463013212,226.33314852040792,226399972585038036641,0,127321627151110355016,127.32162715111036,0.0,0,0,0,nan,0
vAMM-ERN/stERN,8.698840177020215e-05,0x218F511431194B2C756D67a137DE536beA74E498,0x109Cc0f2640457b2A483C2eef189827750A676bB,0xa334884bF6b0A066d553D19e507315E839409e62,0xf7A0dd3317535eC4f4d29ADF9d620B3d8D5D5069,0x940181a94A35A4569E4529A3CDfB74e38FD98631,18,18,18,238963071307246622,118363806790615403,0.23896307130724662,0.11836380679061541,357326878097862025,0,434822108542330684198,434.8221085423307,0.0,0,0,0,nan,0
sAMM-MAI/USDbC,5.578398934238239e-05,0xf6Aec4F97623E691a9426a69BaF5501509fCa05D,0xC01E2ff20501839db7B28F5Cb3eD2876fEa3d6b1,0xbf1aeA8670D2528E08334083616dD9C5F3B087aE,0xd9aAEc86B65D86f6A7B5B1b0c42FFA531710b6CA,0x940181a94A35A4569E4529A3CDfB74e38FD98631,18,18,6,31151166119384982792,9317962,31.151166119384982,9.317962,31151166119394300754,0,278843056949536182548,278.8430569495362,0.0,0,0,0,nan,0
sAMM-DOLA/MAI,0.00013196726184973285,0x8b432C54d6e8E1B8D1802753514AB53044Af1861,0xDe23611176b16720346f4Df071D1aA01752c68C1,0x4621b7A9c75199271F773Ebd9A499dbd165c3191,0xbf1aeA8670D2528E08334083616dD9C5F3B087aE,0x940181a94A35A4569E4529A3CDfB74e38FD98631,18,18,18,10703182514482607944,12213289587190797799,10.703182514482608,12.213289587190797,22916472101673405743,0,659654412408287255581,659.6544124082873,0.0,0,0,0,nan,0
vAMM-USDbC/STG,1.211419685055521e-07,0xb680190fB16f417647e69D6A84719aE9c7E5E20a,0x9a8D9F5C698C1F2B0d48a955BC531F2c7D67Af84,0xd9aAEc86B65D86f6A7B5B1b0c42FFA531710b6CA,0xE3B53AF74a4BF62Ae5511055290838050bf764Df,0x940181a94A35A4569E4529A3CDfB74e38FD98631,18,6,18,60463766,320500030651285835272,60.463766,320.50003065128584,320500030651346299038,0,605542866711187967,0.605542866711188,0.0,0,0,0,nan,0
vAMM-WETH/TAROT,0.11682241263147937,0x2d25E0514f23c6367687dE89Bd5167dc754D4934,0xa81dac2e9caa218Fcd039D7CEdEB7847cf362213,0x4200000000000000000000000000000000000006,0xF544251D25f3d243A36B07e7E7962a678f952691,0x940181a94A35A4569E4529A3CDfB74e38FD98631,18,18,18,998639830586700,0,0.0009986398305867,0.0,998639830586700,3986163418912238,583951041192971517430684,583951.0411929715,1.9340107269761048e-22,112.93675776960721,0,112.93675776960721,5170.602138094321,1787184000
sAMM-MIM/USDbC,1.211419685055521e-07,0x982A169edFC1cf8Fd38dBeE76735547b23875BD1,0xBb0b5819Fa91076a1D6aaFa0D018E27a416DE029,0x4A3A6Dd60A34bB2Aba60D73B4C88315E9CeB6A3D,0xd9aAEc86B65D86f6A7B5B1b0c42FFA531710b6CA,0x940181a94A35A4569E4529A3CDfB74e38FD98631,18,18,6,2416026671068757054,2464435,2.416026671068757,2.464435,2416026671071221489,0,605542866711187967,0.605542866711188,0.0,0,0,0,nan,0
vAMM-WETH/HOP,0.014533501220928158,0x75D18ee68bB93BE5cB2dcCFa0d8151E25CBC8Eb8,0xb42A9e58773993ed15A5eED65633e85870185e13,0x4200000000000000000000000000000000000006,0xc5102fE9359FD9a28f877a67E36B0F050d81a3CC,0x940181a94A35A4569E4529A3CDfB74e38FD98631,18,18,18,0,0,0.0,0.0,0,495905790769205,72647473879112681193110,72647.47387911267,2.3803185123291938e-23,1.7292412694840347,0,1.7292412694840347,42011.18442008326,1787184000
sAMM-DAI+/USD+,0.00023236149219311886,0x1b05e4e814b3431a48b8164c41eaC834d9cE2Da6,0x87803Cb321624921cedaAD4555F07Daa0D1Ed325,0x65a2508C429a6078a7BC2f7dF81aB575BD9D9275,0xB79DD08EA68A908A97220C76d19A6aA9cBDE4376,0x940181a94A35A4569E4529A3CDfB74e38FD98631,18,18,6,4223084333663945239,7125005,4.223084333663945,7.125005,4223084333671070244,0,1161487185916595141654,1161.487185916595,0.0,0,0,0,nan,0
sAMM-USD+/USDbC,0.00015714433841866227,0x4a3636608d7Bc5776CB19Eb72cAa36EbB9Ea683B,0xa5972f0C07a2D1cc5A8457c28d88ec4f3C009864,0xB79DD08EA68A908A97220C76d19A6aA9cBDE4376,0xd9aAEc86B65D86f6A7B5B1b0c42FFA531710b6CA,0x940181a94A35A4569E4529A3CDfB74e38FD98631,18,6,6,37861938,18218861,37.861938,18.218861,56080799,0,785505092474278257099,785.5050924742783,0.0,0,0,0,nan,0
vAMM-WETH/DEUS,0.21069012677113452,0x9e4CB8b916289864321661CE02cf66aa5BA63C94,0x7eC1926A50D2D253011cC9891935eBc476713bb1,0x4200000000000000000000000000000000000006,0xDE5ed76E7c05eC5e4572CfC88d1ACEA165109E44,0x940181a94A35A4569E4529A3CDfB74e38FD98631,18,18,18,0,0,0.0,0.0,0,7189077135112971,1053160229494612626661801,1053160.2294946127,2.1074744034303065e-22,221.95082263706834,0,221.95082263706834,4745.016112045366,1787184000
sAMM-DAI/USDbC,1.5788409916176373e-06,0x6EAB8c1B93f5799daDf2C687a30230a540DbD636,0xCF1D5Aa63083fda05c7f8871a9fDbfed7bA49060,0x50c5725949A6F0c72E6C4a641F24049A917DB0Cb,0xd9aAEc86B65D86f6A7B5B1b0c42FFA531710b6CA,0x940181a94A35A4569E4529A3CDfB74e38FD98631,18,18,6,22867120241784087640,21996230,22.867120241784086,21.99623,22867120241806083870,0,7892028765418826011,7.892028765418826,0.0,0,0,0,nan,0
vAMM-AERO/USDbC,0.041205115028823965,0x2223F9FE624F69Da4D8256A7bCc9104FBA7F8f75,0x9a202c932453fB3d04003979B121E80e5A14eE7b,0x940181a94A35A4569E4529A3CDfB74e38FD98631,0xd9aAEc86B65D86f6A7B5B1b0c42FFA531710b6CA,0x940181a94A35A4569E4529A3CDfB74e38FD98631,18,18,6,0,0,0.0,0.0,0,1405983065477003,205968780147193635313882,205968.78014719364,7.380660874356468e-22,152.01857169713213,0,152.01857169713213,1354.8922203896702,1787184000
vAMM-WETH/AERO,0.41109200211827746,0x7f670f78B17dEC44d5Ef68a48740b6f8849cc2e6,0x96a24aB830D4ec8b1F6f04Ceac104F1A3b211a01,0x4200000000000000000000000000000000000006,0x940181a94A35A4569E4529A3CDfB74e38FD98631,0x940181a94A35A4569E4529A3CDfB74e38FD98631,18,18,18,90504273977573534,3057296305261948421,0.09050427397757353,3.0572963052619486,3147800579239521955,14028803412251898,2054893382662297729758258,2054893.3826622977,1.0878535753207413e-21,2235.423113232113,0,2235.423113232113,919.2413599460399,1787184000
vAMM-WETH/DOG,0.0003207953744346585,0xF89042057D079debe2a65A1a899E48E0E825105F,0x15093ed45C2A3F88393d41bC436003E2b8115aD5,0x4200000000000000000000000000000000000006,0x9E53e88dCff56d3062510A745952DEC4cEFDff9E,0x940181a94A35A4569E4529A3CDfB74e38FD98631,18,18,18,250398920121429664,6174979720624347791554463,0.25039892012142967,6174979.720624348,6174979971023267912984127,0,1603534704440179315218,1603.5347044401794,0.0,0,0,0,nan,0
vAMM-WETH/USDbC,0.026359902024677445,0xB4885Bc63399BF5518b994c1d0C153334Ee579D0,0xeca7Ff920E7162334634c721133F3183B83B0323,0x4200000000000000000000000000000000000006,0xd9aAEc86B65D86f6A7B5B1b0c42FFA531710b6CA,0x940181a94A35A4569E4529A3CDfB74e38FD98631,18,18,6,323423215920074,1016521,0.000323423215920074,1.016521,323423216936595,899441145314216,131763176999370488980206,131763.17699937048,7.622758593145371e-22,100.43988897320858,0,100.43988897320858,1311.8610379439697,1787184000
vAMM-WETH/fBOMB,0.021503112767407295,0x4F9Dc2229f2357B27C22db56cB39582c854Ad6d5,0x76c48576822Cd955C320f5d5A163E738dbFEcc01,0x4200000000000000000000000000000000000006,0x74ccbe53F77b08632ce0CB91D3A545bF6B8E0979,0x940181a94A35A4569E4529A3CDfB74e38FD98631,18,18,18,0,0,0.0,0.0,0,733719888534912,107485925059844018472706,107485.92505984401,0.0,0,0,0,nan,0
vAMM-WETH/WELL,0.0037665017054327034,0xffA3F8737C39e36dec4300B162c2153c67c8352f,0xcEa0a2228145d0fD25dE083e3786ddB1eA184296,0x4200000000000000000000000000000000000006,0xFF8adeC2221f9f4D8dfbAFa6B9a297d17603493D,0x940181a94A35A4569E4529A3CDfB74e38FD98631,18,18,18,0,0,0.0,0.0,0,128518937763532,18827316976244826262997,18827.316976244827,0.0,0,0,0,nan,0
vAMM-USD+/stERN,2.717824698610853e-07,0x607363389331f4B2D1b955d009506A67c565D75E,0xe5Cf7Ec83BA94c4AdF833d7DCdb800a53f28410E,0xB79DD08EA68A908A97220C76d19A6aA9cBDE4376,0xf7A0dd3317535eC4f4d29ADF9d620B3d8D5D5069,0x940181a94A35A4569E4529A3CDfB74e38FD98631,18,6,18,401403,3043838599867921847,0.401403,3.043838599867922,3043838599868323250,0,1358537738422055515,1.3585377384220554,0.0,0,0,0,nan,0
vAMM-USD+/USDbC,1.211419685055521e-07,0xdC0F1F6eCd03ec1C9FFC2A17BaBAbd313477b20E,0xD2121Cb13A28Ab16Cb0f0F19A665e9a9311F9aBb,0xB79DD08EA68A908A97220C76d19A6aA9cBDE4376,0xd9aAEc86B65D86f6A7B5B1b0c42FFA531710b6CA,0x940181a94A35A4569E4529A3CDfB74e38FD98631,18,6,6,5515,2659,0.005515,0.002659,8174,0,605542866711187967,0.605542866711188,0.0,0,0,0,nan,0
vAMM-USDbC/THALES,0.00040203938625524353,0x5F43555b02507133eCd5b78218283ed849b07Eac,0x2692CC440416B7f8252406D84e9D66f0C48C069E,0xd9aAEc86B65D86f6A7B5B1b0c42FFA531710b6CA,0xf34e0cff046e154CAfCae502C7541b9E5FD8C249,0x940181a94A35A4569E4529A3CDfB74e38FD98631,18,6,18,40058164,209155087965794172250,40.058164,209.15508796579417,209155087965834230414,0,2009642781004082510685,2009.6427810040825,0.0,0,0,0,nan,0
vAMM-WETH/THALES,9.086469782495577e-05,0x3f386Acc3A8E9194cF6279C219DF8DD3C5B71974,0x62052D68A7DBa58079B7D70a40796CAbAab2a95f,0x4200000000000000000000000000000000000006,0xf34e0cff046e154CAfCae502C7541b9E5FD8C249,0x940181a94A35A4569E4529A3CDfB74e38FD98631,18,18,18,2546741783814414,39227546207286003078,0.002546741783814414,39.227546207286004,39230092949069817492,0,454198245930334209316,454.1982459303342,0.0,0,0,0,nan,0
vAMM-EXTRA/WETH,0.07329211089886396,0x84Ff3B6e2046579Fb2f2b891CE18eE10b5fbDbF2,0xE5Ff63862097b32d3ed30551e290D66f1548973F,0x2dAD3a13ef0C6366220f989157009e501e7938F8,0x4200000000000000000000000000000000000006,0x940181a94A35A4569E4529A3CDfB74e38FD98631,18,18,18,0,0,0.0,0.0,0,2500841800346756,366359532443773326009865,366359.5324437733,8.720179528856957e-23,31.947208950177977,0,31.947208950177977,11467.653810231592,1787184000
vAMM-fBOMB/AERO,2.6854293323546266,0xbBf71AAD6E1F8D180D3B1D898528654c1d18b2fF,0x12E45bE50dd4f3Bc430B65d399B1e3b90275661c,0x74ccbe53F77b08632ce0CB91D3A545bF6B8E0979,0x940181a94A35A4569E4529A3CDfB74e38FD98631,0x940181a94A35A4569E4529A3CDfB74e38FD98631,18,18,18,14852888416907238563232,0,14852.888416907239,0.0,14852888416907238563232,91631139808829268,13423445205034816697782730,13423445.205034817,6.390260638477004e-23,857.7931352648687,0,857.7931352648687,15648.813977614702,1787184000
vAMM-EURA/USDbC,9.645198445456451e-06,0xA56bE957d432a5d0eDc040B27078d9726f54E7f6,0x275535F82F287073CEEbC653862E4E43868AA65C,0xA61BeB4A3d02decb01039e378237032B351125B4,0xd9aAEc86B65D86f6A7B5B1b0c42FFA531710b6CA,0x940181a94A35A4569E4529A3CDfB74e38FD98631,18,18,6,2677723613249566518,2759499,2.6777236132495665,2.759499,2677723613252326017,0,48212697785180123453,48.212697785180126,0.0,0,0,0,nan,0
vAMM-SONNE/USDbC,0.0026404985520928435,0x554EcA2a48136724294CE47fb7bfE9AADfceE3c6,0x744462994510ccd987F697752bD46d1155F8022F,0x22a2488fE295047Ba13BD8cCCdBC8361DBD8cf7c,0xd9aAEc86B65D86f6A7B5B1b0c42FFA531710b6CA,0x940181a94A35A4569E4529A3CDfB74e38FD98631,18,18,6,13887229620906564539711,4163352,13887.229620906564,4.163352,13887229620906568703063,0,13198853233986864757364,13198.853233986865,0.0,0,0,0,nan,0
sAMM-AERO/USDbC,1.211419685055521e-07,0xB304b47e039E20AFAd75FA2ada6CD8D95a9eea41,0x46110ac9100A027bAec01bf1C211522ce0B02540,0x940181a94A35A4569E4529A3CDfB74e38FD98631,0xd9aAEc86B65D86f6A7B5B1b0c42FFA531710b6CA,0x940181a94A35A4569E4529A3CDfB74e38FD98631,18,18,6,1475105299150774014878,1331869058,1475.105299150774,1331.869058,1475105299152105883936,0,605542866711187967,0.605542866711188,0.0,0,0,0,nan,0
vAMM-EXTRA/AERO,0.0003259474990425076,0x688F778C51dB4D990bF1abaF8d33fD95e48C6641,0x6664867531c0FDd058881153FaBE7D2162833b07,0x2dAD3a13ef0C6366220f989157009e501e7938F8,0x940181a94A35A4569E4529A3CDfB74e38FD98631,0x940181a94A35A4569E4529A3CDfB74e38FD98631,18,18,18,0,0,0.0,0.0,0,11121839995149,1629288226057646159777,1629.2882260576462,3.098899978577461e-21,5.049001248826549,0,5.049001248826549,322.69515212267237,1787184000
sAMM-DAI+/USDbC,1.211419685055521e-07,0x4f7f293e7B7b6D1cAA1ca48784C5986f3dE5E19c,0x2d8b33A0dc95F0eb9429551eA4d2297729828558,0x65a2508C429a6078a7BC2f7dF81aB575BD9D9275,0xd9aAEc86B65D86f6A7B5B1b0c42FFA531710b6CA,0x940181a94A35A4569E4529A3CDfB74e38FD98631,18,18,6,50386623828503408,35326,0.05038662382850341,0.035326,50386623828538734,0,605542866711187967,0.605542866711188,0.0,0,0,0,nan,0
sAMM-DAI/MAI,2.349092090650893e-07,0x30A30f266e1173a75985997B2523EcbC19c60fF3,0xc16A2c13d3A62937FB3b0FE03Fa24B0C6161245E,0x50c5725949A6F0c72E6C4a641F24049A917DB0Cb,0xbf1aeA8670D2528E08334083616dD9C5F3B087aE,0x940181a94A35A4569E4529A3CDfB74e38FD98631,18,18,18,11155958481521998911,11332301023467000347,11.155958481522,11.332301023467,22488259504988999258,0,1174222258635433511,1.1742222586354334,0.0,0,0,0,nan,0
sAMM-WETH/USDbC,1.1815474232392695e-06,0x44d7Dd237001AeF7fC7D8CB13ab4452f65CE5E40,0x1AF743E6EbF9C4f90aE9A37E6e61Bca31a867676,0x4200000000000000000000000000000000000006,0xd9aAEc86B65D86f6A7B5B1b0c42FFA531710b6CA,0x940181a94A35A4569E4529A3CDfB74e38FD98631,18,18,6,123934877935626533,310024742,0.12393487793562653,310.024742,123934878245651275,0,5906108532409502377,5.906108532409503,0.0,0,0,0,nan,0
vAMM-FREN/WETH,0.0006325559923615131,0x679d601AAA86cd555E8bfD48ddC8b4aaDe2A0F27,0x5C84541A91c4dAF68964197E7ED1c7de79A82Ec3,0x12063CC18A7096D170e5Fc410d8623Ad97ee24B3,0x4200000000000000000000000000000000000006,0x940181a94A35A4569E4529A3CDfB74e38FD98631,18,18,18,7536126267381373714632,19233165757456107,7536.1262673813735,0.019233165757456108,7536145500547131170739,0,3161908079381884072978,3161.908079381884,0.0,0,0,0,nan,0
sAMM-DOLA/USD+,0.0001115670499731653,0x8E9154AC849e839d60299E85156bcb589De2693A,0x969c70383A95704C6a35497d8C77BF38dc152e63,0x4621b7A9c75199271F773Ebd9A499dbd165c3191,0xB79DD08EA68A908A97220C76d19A6aA9cBDE4376,0x940181a94A35A4569E4529A3CDfB74e38FD98631,18,18,6,0,0,0.0,0.0,0,3806867813513,557681471621163039869,557.681471621163,6.804901631855576e-22,0.37949675562904717,0,0.37949675562904717,1469.528957360281,1787184000
vAMM-DAI+/USD+,2.458085083651545e-06,0x3CF04A380e54FA4eD31eA48acb9132EA35e2E8D9,0x18f880A04F8aD0da98414672184146D17fe1d2dA,0x65a2508C429a6078a7BC2f7dF81aB575BD9D9275,0xB79DD08EA68A908A97220C76d19A6aA9cBDE4376,0x940181a94A35A4569E4529A3CDfB74e38FD98631,18,18,6,2863874804654989,4656,0.002863874804654989,0.004656,2863874804659645,0,12287037321059777189,12.287037321059776,0.0,0,0,0,nan,0
sAMM-USDC/USDbC,0.00041429946392380895,0x27a8Afa3Bd49406e48a074350fB7b2020c43B2bD,0x1Cfc45C5221A07DA0DE958098A319a29FbBD66fE,0x833589fCD6eDb6E08f4c7C32D4f71b54bdA02913,0xd9aAEc86B65D86f6A7B5B1b0c42FFA531710b6CA,0x940181a94A35A4569E4529A3CDfB74e38FD98631,18,6,6,0,0,0.0,0.0,0,14136640654629,2070926270690686943037,2070.926270690687,0.0,0,0,0,nan,1787184000
vAMM-WETH/USDC,0.9910507576353269,0xcDAC0d6c6C59727a65F871236188350531885C43,0x519BBD1Dd8C6A94C46080E24f316c14Ee758C025,0x4200000000000000000000000000000000000006,0x833589fCD6eDb6E08f4c7C32D4f71b54bdA02913,0x940181a94A35A4569E4529A3CDfB74e38FD98631,18,18,6,20626140248290640,74959618,0.02062614024829064,74.959618,20626140323250258,33928647922035725,4953887775129608450418538,4953887.775129609,1.611291685611318e-21,7982.1581835178895,0,7982.1581835178895,620.6200956226021,1787184000
vAMM-USDC/AERO,12.92890135961435,0x6cDcb1C4A4D1C3C6d054b27AC5B77e89eAFb971d,0x4F09bAb2f0E15e2A078A227FE1537665F55b8360,0x833589fCD6eDb6E08f4c7C32D4f71b54bdA02913,0x940181a94A35A4569E4529A3CDfB74e38FD98631,0x940181a94A35A4569E4529A3CDfB74e38FD98631,18,6,18,952015090,763562234117072526629,952.01509,763.5622341170725,763562234118024541719,441157063928898032,64626686269905171247798696,64626686.26990517,2.8362290694931187e-22,18329.608626371686,0,18329.608626371686,3525.808302143651,1787184000
sAMM-DAI/USDC,5.6430770447801166e-05,0x67b00B46FA4f4F24c03855c5C8013C0B938B3eEc,0x640e9ef68e1353112fF18826c4eDa844E1dC5eD0,0x50c5725949A6F0c72E6C4a641F24049A917DB0Cb,0x833589fCD6eDb6E08f4c7C32D4f71b54bdA02913,0x940181a94A35A4569E4529A3CDfB74e38FD98631,18,18,6,0,0,0.0,0.0,0,1925519218891,282076070987045133738,282.07607098704517,1.9743384819255122e-22,0.055691364178007574,0,0.055691364178007574,5064.98763588263,1787184000
vAMM-WETH/USD+,4.604418901329968e-06,0x08B935148AB10d3699Cb8d944519e8213abE6f1D,0x1cb5503Ed87CAf12fa56e67219baC798eb51F5a7,0x4200000000000000000000000000000000000006,0xB79DD08EA68A908A97220C76d19A6aA9cBDE4376,0x940181a94A35A4569E4529A3CDfB74e38FD98631,18,18,6,16484098309320118,154874873,0.016484098309320117,154.874873,16484098464194991,0,23015748014056261285,23.01574801405626,0.0,0,0,0,nan,0
vAMM-WETH/AAG,0.00014440515407736508,0x6689a0582BAfcC286A81dc38D76e0470AcD17275,0xd962615116fAf0d2A9DB99310Db8126CF700ec1b,0x4200000000000000000000000000000000000006,0x96e890c6b2501a69cAD5Dba402BFB871a2A2874C,0x940181a94A35A4569E4529A3CDfB74e38FD98631,18,18,18,3614454768588794,27526837411173583932592,0.003614454768588794,27526.837411173583,27526841025628352521386,0,721826729799844593836,721.8267297998447,0.0,0,0,0,nan,0
sAMM-USD+/MAI,5.806574704620352e-05,0x3FF5bfE3ff5e1877664Fe25862871554e632b9C9,0xC8a2a224aA2Ff37435Ef49903fC6a4e5CA741645,0xB79DD08EA68A908A97220C76d19A6aA9cBDE4376,0xbf1aeA8670D2528E08334083616dD9C5F3B087aE,0x940181a94A35A4569E4529A3CDfB74e38FD98631,18,6,18,7810427,1346240841088372441,7.810427,1.3462408410883724,1346240841096182868,0,290248700411973884605,290.2487004119739,0.0,0,0,0,nan,0
vAMM-SONNE/USDC,7.021117327120868e-05,0x4cC2FeFB2635C86b1bae1b58E0f60Fb43E95e264,0xCbfeaED3dd9310406c046FB496C7E77f7571a808,0x22a2488fE295047Ba13BD8cCCdBC8361DBD8cf7c,0x833589fCD6eDb6E08f4c7C32D4f71b54bdA02913,0x940181a94A35A4569E4529A3CDfB74e38FD98631,18,18,6,70726310573324134833203,20715869,70726.31057332414,20.715869,70726310573324155549072,0,350959090910389825098,350.9590909103898,0.0,0,0,0,nan,0
vAMM-cbETH/AERO,9.055569362875295e-08,0x325a5FC7a92d3166ffabe7233c992143CF5EDd2c,0x93c2EE357213Fa873A49Ad8d453007417D7aE399,0x2Ae3F1Ec7F1F5012CFEab0185bfc7aa3cf0DEc22,0x940181a94A35A4569E4529A3CDfB74e38FD98631,0x940181a94A35A4569E4529A3CDfB74e38FD98631,18,18,18,797451466811458,3451566267989662456,0.000797451466811458,3.4515662679896626,3452363719456473914,0,452653650864703704,0.45265365086470366,0.0,0,0,0,nan,0
vAMM-tBTC/USDC,0.0002421495837613044,0x323121CD6F6274c9aeB9f87e0664C8FDa5d343A5,0x434a8eEA016357bE462Eb6adE1b99F9f9F5Ff2c3,0x236aa50979D5f3De3Bd1Eeb40E81137F22ab794b,0x833589fCD6eDb6E08f4c7C32D4f71b54bdA02913,0x940181a94A35A4569E4529A3CDfB74e38FD98631,18,18,6,0,0,0.0,0.0,0,8262634156168,1210414152358939358862,1210.4141523589394,2.5547965047141007e-23,0.030923618457030993,0,0.030923618457030993,39142.06075336348,1787184000
vAMM-WETH/JARVIS,0.009153867375484704,0xeff0891e5a1bd47a8F1e77ABebfEE4145974D088,0xf460124c6146800c6C061A6fC40C14677523BC90,0x4200000000000000000000000000000000000006,0x777b2839832982B35213063d850848369390EE16,0x940181a94A35A4569E4529A3CDfB74e38FD98631,18,18,18,0,0,0.0,0.0,0,312346425374494,45756719660626777895898,45756.71966062678,6.188100540882584e-22,28.314718168093734,0,28.314718168093734,1616.0047714049813,1787184000
vAMM-cbETH/USDC,5.051848010409651e-05,0xa1d2ee6212D4375F154393E59895A5D27859C4e4,0x1a3FD3c084E5680655768b41Da653ca6e84b5981,0x2Ae3F1Ec7F1F5012CFEab0185bfc7aa3cf0DEc22,0x833589fCD6eDb6E08f4c7C32D4f71b54bdA02913,0x940181a94A35A4569E4529A3CDfB74e38FD98631,18,18,6,33354099305074002,91960401,0.033354099305074,91.960401,33354099397034403,0,252522768463389149031,252.52276846338916,0.0,0,0,0,nan,0
sAMM-USDC/MAI,0.3091602438352564,0x2a1463CeBE85315224c536AfD389b381B43F3206,0x9280df579CeA690cAf5c31601cb71564Bb6FA6B7,0x833589fCD6eDb6E08f4c7C32D4f71b54bdA02913,0xbf1aeA8670D2528E08334083616dD9C5F3B087aE,0x940181a94A35A4569E4529A3CDfB74e38FD98631,18,6,18,2035975,0,2.035975,0.0,2035975,10549176313626305,1545375088704712356898443,1545375.0887047125,1.8788149425803874e-23,29.034738085499054,0,29.034738085499054,53225.0397490765,1787184000
vAMM-MST/WETH,5.3694435217647975e-06,0x52E9cC1aD755347BDF666ddf6Ad88EdfFe76fe68,0x44283e26C3610f7a6f93fe37ab80aA6Fca57839E,0x2F3b1A07E3eFb1fCc64BD09b86bD0Fa885D93552,0x4200000000000000000000000000000000000006,0x940181a94A35A4569E4529A3CDfB74e38FD98631,18,18,18,2080870484642075729318,2759362703926278,2080.8704846420756,0.002759362703926278,2080873244004779655596,0,26839816645907110505,26.839816645907113,0.0,0,0,0,nan,0
vAMM-oBMX/USDC,1.1021406553660595e-06,0xA8D5DB293917EA106A5fc4dA5A25340e8b428966,0x432146f6A9E1297C88268a1E67ddBFAC804bE6C2,0x3Ff7AB26F2dfD482C40bDaDfC0e88D01BFf79713,0x833589fCD6eDb6E08f4c7C32D4f71b54bdA02913,0x940181a94A35A4569E4529A3CDfB74e38FD98631,18,18,6,9026808799603607845,5599020,9.026808799603607,5.59902,9026808799609206865,0,5509184143220550715,5.50918414322055,0.0,0,0,0,nan,0
sAMM-eUSD/USDbC,2.025718544215437e-06,0x5BfB340FA9305abB164Fb0248D0D82FC3D82C3bb,0x1457Da0dcBe22249408BB2D1e24Bd2f1484d7620,0xCfA3Ef56d303AE4fAabA0592388F19d7C3399FB4,0xd9aAEc86B65D86f6A7B5B1b0c42FFA531710b6CA,0x940181a94A35A4569E4529A3CDfB74e38FD98631,18,18,6,10896793203215286480,11409423,10.896793203215287,11.409423,10896793203226695903,0,10125800575528955765,10.125800575528956,0.0,0,0,0,nan,0
vAMM-hyUSD/eUSD,0.0006496391207489691,0xb5E331615FdbA7DF49e05CdEACEb14Acdd5091c3,0x025137c819298654162de2609f407514De4bb027,0xCc7FF230365bD730eE4B352cC2492CEdAC49383e,0xCfA3Ef56d303AE4fAabA0592388F19d7C3399FB4,0x940181a94A35A4569E4529A3CDfB74e38FD98631,18,18,18,0,0,0.0,0.0,0,22166855693452,3247300174819570988135,3247.300174819571,0.0,0,0,0,nan,0
sAMM-LUSD/USDbC,3.5726197822235857e-06,0x8c7D15fCB443e07C5dc980901A6281f96D87C10F,0xe69e310cE7dBC2F43A8671e140d435c0128a725E,0x368181499736d0c0CC614DBB145E2EC1AC86b8c6,0xd9aAEc86B65D86f6A7B5B1b0c42FFA531710b6CA,0x940181a94A35A4569E4529A3CDfB74e38FD98631,18,18,6,5442986603090874953,4923867,5.442986603090875,4.923867,5442986603095798820,0,17858174597002851894,17.85817459700285,0.0,0,0,0,nan,0
vAMM-WETH/VELA,0.00047706049152614223,0x951FdfA193D92C74c9e35Ea8C8C757CBCBB85147,0xA0eBBC0F5AdCc34E7ca3Ea5BaC654C00817B8F0B,0x4200000000000000000000000000000000000006,0x5A76A56ad937335168b30dF3AA1327277421C6Ae,0x940181a94A35A4569E4529A3CDfB74e38FD98631,18,18,18,7027240944239738,4063540530227923427964,0.007027240944239738,4063.540530227923,4063547557468867667702,0,2384644902151715785546,2384.644902151716,0.0,0,0,0,nan,0
vAMM-WETH/OVN,3.17707890958524e-09,0xBE0aBf47Dd240d84941024433724004F0C92CDe5,0xc641c66daB86250414628aB98848A4762d288650,0x4200000000000000000000000000000000000006,0xA3d1a8DEB97B111454B294E2324EfAD13a9d8396,0x940181a94A35A4569E4529A3CDfB74e38FD98631,18,18,18,2133318983493169,7540346481079576024,0.002133318983493169,7.540346481079576,7542479800063069193,0,15881015426868585,0.015881015426868584,0.0,0,0,0,nan,0
sAMM-WETH/USDC,0.0007019108210177283,0x3548029694fbB241D45FB24Ba0cd9c9d4E745f16,0xaeBA79D1108788E5754Eb30aaC64EB868a3247FC,0x4200000000000000000000000000000000000006,0x833589fCD6eDb6E08f4c7C32D4f71b54bdA02913,0x940181a94A35A4569E4529A3CDfB74e38FD98631,18,18,6,0,0,0.0,0.0,0,23950460158916,3508586627558381670404,3508.5866275583817,8.743678977167512e-22,3.067795513495328,0,3.067795513495328,1143.6833426882595,1787184000
vAMM-SEAM/WETH,4.3645716132764254e-05,0x1B00a1aFE48aDB8D8C76b854da22a70011446481,0x8362A202E02f1B5DD75d86E9B6A4Ddf3FbAe37E4,0x1C7a460413dD4e964f96D8dFC56E7223cE88CD85,0x4200000000000000000000000000000000000006,0x940181a94A35A4569E4529A3CDfB74e38FD98631,18,18,18,350395987227708616078,24672169010316397,350.3959872277086,0.024672169010316398,350420659396718932475,0,218168421668709422546,218.16842166870944,0.0,0,0,0,nan,0
vAMM-SEAM/USDC,0.00010527134656022036,0xB0d931138BF96501654f2268Cdd84420151fF52e,0xfbE95C0DcE6a5A9D61068281523A1DA37F332bd3,0x1C7a460413dD4e964f96D8dFC56E7223cE88CD85,0x833589fCD6eDb6E08f4c7C32D4f71b54bdA02913,0x940181a94A35A4569E4529A3CDfB74e38FD98631,18,18,6,0,0,0.0,0.0,0,3592048013328,526211632228026779712,526.2116322280268,1.1338971771996492e-19,59.66698843929795,0,59.66698843929795,8.819141806752436,1787184000
vAMM-SEAM/USDbC,4.69746603128015e-05,0x42e8dC1b1891C103291Ec01D903451E729DaAACc,0xf2669b18Eb18052A6fa7aA87294C629e3B158c1D,0x1C7a460413dD4e964f96D8dFC56E7223cE88CD85,0xd9aAEc86B65D86f6A7B5B1b0c42FFA531710b6CA,0x940181a94A35A4569E4529A3CDfB74e38FD98631,18,18,6,0,0,0.0,0.0,0,1602860044702,234808554124612940562,234.80855412461293,1.997971169629907e-20,4.6914072152346025,0,4.6914072152346025,50.0507722634073,1787184000
sAMM-DOLA/USDC,0.005299494387571122,0xf213F2D02837012dC0236cC105061e121bB03e37,0xCCff5627cd544b4cBb7d048139C1A6b6Bde67885,0x4621b7A9c75199271F773Ebd9A499dbd165c3191,0x833589fCD6eDb6E08f4c7C32D4f71b54bdA02913,0x940181a94A35A4569E4529A3CDfB74e38FD98631,18,18,6,0,0,0.0,0.0,0,180828296668904,26490167389203289235536,26490.16738920329,0.0,0,0,0,nan,0
sAMM-eUSD/USDC,0.0637402645361699,0x7A034374C89C463DD65D8C9BCfe63BcBCED41f4F,0x793F22aB88dC91793E5Ce6ADbd7E733B0BD4733e,0x833589fCD6eDb6E08f4c7C32D4f71b54bdA02913,0xCfA3Ef56d303AE4fAabA0592388F19d7C3399FB4,0x940181a94A35A4569E4529A3CDfB74e38FD98631,18,6,18,0,0,0.0,0.0,0,2174946901412017,318613466400728179531997,318613.4664007282,0.0,0,0,0,nan,0
sAMM-LUSD/USDC,0.00038006599438911805,0xf53B7Af40BE75043eeBa493C622F4f56b3C27A31,0xA8C37a644bDf3297C6E19A48150aF3b7069294FC,0x368181499736d0c0CC614DBB145E2EC1AC86b8c6,0x833589fCD6eDb6E08f4c7C32D4f71b54bdA02913,0x940181a94A35A4569E4529A3CDfB74e38FD98631,18,18,6,45069128339089443982,44915904,45.069128339089445,44.915904,45069128339134359886,0,1899806108659005806540,1899.8061086590058,0.0,0,0,0,nan,0
vAMM-USDC/YFX,3.52250614862892e-05,0x8f24dD646e2ae3615767EbdCCc6691C54C41793F,0x32cD891Fa6c52BD324b9ef1B35F2e6E948eEEaf3,0x833589fCD6eDb6E08f4c7C32D4f71b54bdA02913,0x8901cB2e82CC95c01e42206F8d1F417FE53e7Af0,0x940181a94A35A4569E4529A3CDfB74e38FD98631,18,6,18,2721260369,651434026860101513092,2721.260369,651.4340268601015,651434026862822773461,0,176076755030671500000,176.07675503067148,0.0,0,0,0,nan,0
vAMM-USDC/WELL,6.580311408558934e-08,0x790027573FD4ccD0132e04c194E7a963c2521f1d,0x83a7D55b902Db2069c7c776856d864a8C381A392,0x833589fCD6eDb6E08f4c7C32D4f71b54bdA02913,0xFF8adeC2221f9f4D8dfbAFa6B9a297d17603493D,0x940181a94A35A4569E4529A3CDfB74e38FD98631,18,6,18,126790378,4897462687612614318865,126.790378,4897.462687612614,4897462687612741109243,0,328924870822822185,0.32892487082282224,0.0,0,0,0,nan,0
sAMM-USDC/AERO,0.0003620801303710041,0x861Ee8B9F7e42eDCF4f1B5614c6595F71A879f3f,0x63f85D5D213A83F3C0C76E3A26Cdcaca34aBE784,0x833589fCD6eDb6E08f4c7C32D4f71b54bdA02913,0x940181a94A35A4569E4529A3CDfB74e38FD98631,0x940181a94A35A4569E4529A3CDfB74e38FD98631,18,6,18,24853190077,27729742455350531733478,24853.190077,27729.742455350533,27729742455375384923555,0,1809901579352078398691,1809.9015793520782,0.0,0,0,0,nan,0
sAMM-WETH/wstETH,2.4914837944155947e-07,0x29BBb5F85F01702Ec85D217CEEb2d9657700cF04,0xc3A4ADA162B989326326db7aec07000bEA6Bb69c,0x4200000000000000000000000000000000000006,0xc1CBa3fCea344f92D9239c08C0568f6F2F0ee452,0x940181a94A35A4569E4529A3CDfB74e38FD98631,18,18,18,0,0,0.0,0.0,0,8501447538,1245398483982651666,1.2453984839826517,1.4973555806752824e-24,1.8648043701559598e-06,0,1.8648043701559598e-06,667844.0397898118,1787184000
vAMM-USDC/DEUS,0.021734747846347654,0xf185f82A1948d014baE23d30b06FA8Da35110315,0xC5170E37875cfD19872692E1086C49F205b5Fca6,0x833589fCD6eDb6E08f4c7C32D4f71b54bdA02913,0xDE5ed76E7c05eC5e4572CfC88d1ACEA165109E44,0x940181a94A35A4569E4529A3CDfB74e38FD98631,18,6,18,0,0,0.0,0.0,0,741633636113432,108643781180747231773906,108643.78118074723,0.0,0,0,0,nan,0
vAMM-WETH/DEGEN,0.009617528249098754,0x2C4909355b0C036840819484c3A882A95659aBf3,0x86A1260AB9f758026Ce1a5830BdfF66DBcF736d5,0x4200000000000000000000000000000000000006,0x4ed4E862860beD51a9570b96d89aF5E1B0Efefed,0x940181a94A35A4569E4529A3CDfB74e38FD98631,18,18,18,0,0,0.0,0.0,0,328169609269073,48074384942557516005367,48074.38494255752,1.084571593897706e-21,52.140112302801484,0,52.140112302801484,922.0230417488856,1787184000
vAMM-TYBG/WETH,0.036078796865425526,0x20000FbfeDFD172821821C9c59284129B04ffB2e,0xa1D8F6a8EC2236A9919eB7E990Bb27791C139a37,0x0d97F261b1e88845184f678e2d1e7a98D9FD38dE,0x4200000000000000000000000000000000000006,0x940181a94A35A4569E4529A3CDfB74e38FD98631,18,18,18,0,0,0.0,0.0,0,1231081740145860,180344255181713541696535,180344.25518171355,1.0732827734783833e-21,193.5603823823228,0,193.5603823823228,931.7209077707616,1787184000
vAMM-WETH/NPC,0.004118599794481507,0x5E14319D52c9C18a04BFBBE12dd3a0FE3C1A816a,0xd1D3cbD443443d6cfee567C5A85B94Df633CdCAB,0x4200000000000000000000000000000000000006,0xB166E8B140D35D9D8226E40C09f757BAC5A4d87d,0x940181a94A35A4569E4529A3CDfB74e38FD98631,18,18,18,0,0,0.0,0.0,0,140534980167633,20587322107714785405616,20587.322107714786,1.4545859102906657e-21,29.94602866849746,0,29.94602866849746,687.4808788709997,1787184000
vAMM-SEAM/AERO,0.0009654079617876196,0xB77d96D27E0D3C0C04d02771d564A6E242992af0,0x0C6612326e1b28Ad3F20C62F8aef1dB88e0C293c,0x1C7a460413dD4e964f96D8dFC56E7223cE88CD85,0x940181a94A35A4569E4529A3CDfB74e38FD98631,0x940181a94A35A4569E4529A3CDfB74e38FD98631,18,18,18,792181005336446276628,204669543628666333473,792.1810053364463,204.66954362866633,996850548965112610101,0,4825709140593066127251,4825.709140593067,0.0,0,0,0,nan,0
vAMM-suUSD/eMTRG,7.551644998567207e-06,0x70fAaFB3c7990771F6724C00F2574437bf805A9f,0x68b896E8B47f3d7a2399376D76706204B0B6e32E,0x8BF591Eae535f93a242D5A954d3Cde648b48A5A8,0xa023E6f6B4862EA38cbe45e377abD908abAb2f82,0x940181a94A35A4569E4529A3CDfB74e38FD98631,18,18,18,1711645209101034178,16267927902979325426,1.7116452091010341,16.267927902979327,17979573112080359604,0,37747816196399443400,37.74781619639944,0.0,0,0,0,nan,0
vAMM-WETH/MET,0.20536122745353458,0xF91E0Dfe1265B914182De54E08C9CA2068bedDDE,0x4aCfd43DaD13c5312FD0021C837167d294d7fCF9,0x4200000000000000000000000000000000000006,0x93dc5Cb35627A759848c7A7F0079EA7b49E435a5,0x940181a94A35A4569E4529A3CDfB74e38FD98631,18,18,18,1123175461941,662818418803062024,1.123175461941e-06,0.662818418803062,662819541978523965,7007341685893703,1026523077985498215541197,1026523.0779854982,1.1865100103892249e-22,121.79799079253527,0,121.79799079253527,8428.078914158998,1787184000
vAMM-WETH/DOG,0.0005586927778699739,0xa01fd0F24a2E6fEf6b2ed7573Cb6F59164D396E0,0x040a3f6bc2d8DCD26879d29CaF6Bc4581d6477aA,0x4200000000000000000000000000000000000006,0xAfb89a09D82FBDE58f18Ac6437B3fC81724e4dF6,0x940181a94A35A4569E4529A3CDfB74e38FD98631,18,18,18,0,0,0.0,0.0,0,19063732320373,2792693816154354762287,2792.693816154355,0.0,0,0,0,nan,0
vAMM-WETH/DHT,0.0020181540771025187,0x688b0380360C84135769D4F75d70038119846a8E,0xF42c2da9E11AE1B272c0F4DFd03ab40D06aA709E,0x4200000000000000000000000000000000000006,0x54BC229d1cB15F8B6415EfEab4290a40bc8b7D84,0x940181a94A35A4569E4529A3CDfB74e38FD98631,18,18,18,0,0,0.0,0.0,0,68863516105998,10087988666434137852445,10087.988666434137,0.0,0,0,0,nan,0
vAMM-AERO/DOG,2.02577257937759e-08,0xa99e526aB91d3E5d5bAC58551D1a27C8a253591c,0xeC4C5DAD3bac5399fb0FF04C95D02dC15a3472CD,0x940181a94A35A4569E4529A3CDfB74e38FD98631,0xAfb89a09D82FBDE58f18Ac6437B3fC81724e4dF6,0x940181a94A35A4569E4529A3CDfB74e38FD98631,18,18,18,18883452051884955240,11816946015014843437081,18.883452051884955,11816.946015014844,11835829467066728392321,0,101260706768604499,0.10126070676860449,0.0,0,0,0,nan,0
vAMM-WETH/WELS,0.00043727098097736457,0xCaedc2561356B6a01a94E3C0438011459E91FBb9,0xdE41799DE5fB357f501dd9386ACee424E816f7a6,0x4200000000000000000000000000000000000006,0x7F62ac1e974D65Fab4A81821CA6AF659A5F46298,0x940181a94A35A4569E4529A3CDfB74e38FD98631,18,18,18,0,0,0.0,0.0,0,14920573995248,2185752193208839526034,2185.7521932088393,8.497092721082967e-22,1.857253905100596,0,1.857253905100596,1176.873117459107,1787184000
vAMM-wBaseDOGE/AERO,0.004365601727052548,0xDab27FB1923FC017e941D837040add59b9aFF9fD,0xEacFC84B210f27CC5999191a55BA39cb4E4c8902,0x373504DA48418C67E6FCD071F33Cb0b3B47613C7,0x940181a94A35A4569E4529A3CDfB74e38FD98631,0x940181a94A35A4569E4529A3CDfB74e38FD98631,18,18,18,122435965470429070153108829,23187762680729021154,122435965.47042906,23.187762680729023,122435988658191750882129983,0,21821991315896067800782,21821.99131589607,0.0,0,0,0,nan,0
vAMM-WETH/AYB,7.686405625031928e-05,0x35D057C5c0Af0caE0Db29946872B486aFC1E0e17,0x521221892F5398B45d3A1a843f01FdeCED76BBB6,0x4200000000000000000000000000000000000006,0x7ED613AB8b2b4c6A781DDC97eA98a666c6437511,0x940181a94A35A4569E4529A3CDfB74e38FD98631,18,18,18,38273319498885406,298772320959512082533506056,0.038273319498885405,298772320.95951205,298772320997785402032391462,0,384214335816535254588,384.21433581653525,0.0,0,0,0,nan,0
vAMM-AERO/BASED,6.246861025331434e-07,0x4b1aFCB3F6b525030c9B548839a0E66c058d9B3F,0xB14FAFC5194250477156b6bE22f7b41E95cC0F81,0x940181a94A35A4569E4529A3CDfB74e38FD98631,0xBa5E6fa2f33f3955f0cef50c63dCC84861eAb663,0x940181a94A35A4569E4529A3CDfB74e38FD98631,18,18,18,1633773253437442376,90189158394916593150,1.6337732534374423,90.18915839491659,91822931648354035526,0,3122569477688666806,3.1225694776886668,0.0,0,0,0,nan,0
vAMM-GB/WETH,7.55955247974546e-05,0x284ddaDA0B71F2D0D4e395B69b1013dBf6f3e6C1,0x83FC503345Dcde6197b2BD8eaa82ccb4b737Be40,0x2aF864fb54b55900Cd58d19c7102d9e4FA8D84a3,0x4200000000000000000000000000000000000006,0x940181a94A35A4569E4529A3CDfB74e38FD98631,18,18,18,1040341240589210103286561,648071215363675207,1040341.2405892101,0.6480712153636752,1040341888660425466961768,0,377873427030281022205,377.87342703028105,0.0,0,0,0,nan,0
vAMM-BMX/USDC,0.0025507303193059026,0x2F48C208d7Bd2b4Ff6Da005A9427eF38F035b2d8,0x7062ADe77b3b2894cBc5bCa78d5E784214B1A390,0x548f93779fBC992010C07467cBaf329DD5F059B7,0x833589fCD6eDb6E08f4c7C32D4f71b54bdA02913,0x940181a94A35A4569E4529A3CDfB74e38FD98631,18,18,6,0,0,0.0,0.0,0,87036387070333,12750135801935972511341,12750.135801935972,2.559104735905094e-22,3.2628932914167437,0,3.2628932914167437,3907.6165424949836,1787184000
vAMM-WELS/AERO,0.000146254651912638,0x90359da9715411B828769ab9343Fa2732F726E19,0xb4F1CD310453F86ecF52554b6bCBAb543667a446,0x7F62ac1e974D65Fab4A81821CA6AF659A5F46298,0x940181a94A35A4569E4529A3CDfB74e38FD98631,0x940181a94A35A4569E4529A3CDfB74e38FD98631,18,18,18,90000324362676767319601,177586789731396135713,90000.32436267677,177.58678973139612,90177911152408163455314,0,731071669724161374416,731.0716697241613,0.0,0,0,0,nan,0
vAMM-HPC/WETH,2.7818593241922045e-08,0xd07B4d7CeA966B6E8087C8be3347E4B790679785,0x77ABe39cd429eA55b0fb065B74ca3e3B3c7C13DA,0x1f3BA804eFB9CFe17D595e7262CEA4782dbF6e4E,0x4200000000000000000000000000000000000006,0x940181a94A35A4569E4529A3CDfB74e38FD98631,18,18,18,959795021738560689570381,206733841261376146,959795.0217385606,0.20673384126137614,959795228472401950946527,0,139054622501151690,0.1390546225011517,0.0,0,0,0,nan,0
sAMM-hyUSD/eUSD,1.999317148399026e-07,0x145AdA46F76eC16B80d8E0B17D6A03fcdc9610E5,0xb2dd7F23Bcb81637C22f8eA5004AaEE29e6056E9,0xCc7FF230365bD730eE4B352cC2492CEdAC49383e,0xCfA3Ef56d303AE4fAabA0592388F19d7C3399FB4,0x940181a94A35A4569E4529A3CDfB74e38FD98631,18,18,18,6902262180204698519,7506971117170608162,6.902262180204699,7.506971117170608,14409233297375306681,0,999382998676381155,0.9993829986763811,0.0,0,0,0,nan,0
vAMM-wBaseDOGE/DOG,2.822213124054344e-09,0x2d9Fef5A2EF3A66b8b458C547F8D6F4af4C413Ad,0xA53FdF59E0Ecd1adC7e41c161b54aE3D32B2f0a5,0x373504DA48418C67E6FCD071F33Cb0b3B47613C7,0xAfb89a09D82FBDE58f18Ac6437B3fC81724e4dF6,0x940181a94A35A4569E4529A3CDfB74e38FD98631,18,18,18,265049724023703167596204,54294675846295320050,265049.7240237032,54.29467584629532,265104018699549462916254,0,14107175627837684,0.014107175627837684,0.0,0,0,0,nan,0
sAMM-USDC/STAR,0.00017880529505648479,0xF45F6cDBcd0D2D4Bf4d9758b032a66A2cf4e55C8,0xc115982d35fe4304274FEEf5b351256342BB6C2e,0x833589fCD6eDb6E08f4c7C32D4f71b54bdA02913,0xC19669A405067927865B40Ea045a2baabbbe57f5,0x940181a94A35A4569E4529A3CDfB74e38FD98631,18,6,18,0,0,0.0,0.0,0,6101220660517,893780019322380718219,893.7800193223808,1.3463698892015297e-23,0.012033585055856149,0,0.012033585055856149,74273.79414976772,1787184000
vAMM-TYBG/wBLT,6.662966809242778e-06,0x1AFc638D3d53F0993096350403B5845bE7c77f43,0x89C56c18a1d9DBA342028C00C3e1bE3A96507E4b,0x0d97F261b1e88845184f678e2d1e7a98D9FD38dE,0x4E74D4Db6c0726ccded4656d0BCE448876BB4C7A,0x940181a94A35A4569E4529A3CDfB74e38FD98631,18,18,18,1628981850600527769902430,47192269435496241311,1628981.8506005278,47.19226943549624,1629029042869963266143741,0,33305650157777091712,33.305650157777094,0.0,0,0,0,nan,0
vAMM-MAVIA/WETH,0.015955182838087285,0xC90E88d30b99442B6994915F3b146cE3D55982D9,0x3d0f8DF262c1AE46b4af8381f769F7F2872A0d5d,0x24fcFC492C1393274B6bcd568ac9e225BEc93584,0x4200000000000000000000000000000000000006,0x940181a94A35A4569E4529A3CDfB74e38FD98631,18,18,18,0,0,0.0,0.0,0,544425102977627,79753922392582887571130,79753.92239258288,1.8380325407994285e-21,146.59030461395957,0,146.59030461395957,544.0600086247998,1787184000
vAMM-WETH/TOWER,0.002484622293846534,0xAaCE080ea9CE5e7942Ea826d311b6170BdfCf73B,0xb00ec5Ccd55b47d92e29496ca322B1F64a5c24B5,0x4200000000000000000000000000000000000006,0xf7C1CEfCf7E1dd8161e00099facD3E1Db9e528ee,0x940181a94A35A4569E4529A3CDfB74e38FD98631,18,18,18,0,0,0.0,0.0,0,84780648514966,12419686794518303583345,12419.686794518304,2.1527021659175053e-21,26.73588666257659,0,26.73588666257659,464.53244477216805,1787184000
vAMM-WETH/WAMPL,1.8247865742220477e-05,0xfa4d06CA791C0316baD2d97910ac391cF9a71BD2,0x93964594cEcbe653273BEA3eae3bdB8D6d720fA5,0x4200000000000000000000000000000000000006,0x489fe42C267fe0366B16b0c39e7AEEf977E841eF,0x940181a94A35A4569E4529A3CDfB74e38FD98631,18,18,18,711443094257545,53414558915273862,0.000711443094257545,0.053414558915273865,54126002009531407,0,91214176797850489099,91.21417679785048,0.0,0,0,0,nan,0
sAMM-BRETT/AERO,0.00025166178163817945,0xFfa80952B3800240F11AD25E45e8d3E5C1593E70,0xCab96B63cB77Eb0f771D09197860cE159F197Cc6,0x532f27101965dd16442E59d40670FaF5eBB142E4,0x940181a94A35A4569E4529A3CDfB74e38FD98631,0x940181a94A35A4569E4529A3CDfB74e38FD98631,18,18,18,0,0,0.0,0.0,0,8587241053588,1257962030622309533330,1257.9620306223096,8.627480715857213e-22,1.0853043160474558,0,1.0853043160474558,1159.0869141695223,1787184000
vAMM-WETH/CHAD,0.0013234433701407183,0x17Cf4aBb54a9D18c90FA0e36B8669aB0f4936f2e,0x346C6cfaC949E9d7FCA69cFf0a882c06e86C9245,0x4200000000000000000000000000000000000006,0xecaF81Eb42cd30014EB44130b89Bcd6d4Ad98B92,0x940181a94A35A4569E4529A3CDfB74e38FD98631,18,18,18,361465007734092154,58580721910514488723265319,0.3614650077340922,58580721.91051449,58580722271979496457357473,0,6615392684891008078635,6615.392684891008,0.0,0,0,0,nan,0
vAMM-fBOMB/wstETH,0.047350553386908155,0xBd1F3d188de7eE07B1b323C0D26D6720CAfB8780,0x56b13a025EE67FE7645cd4c09033673e3Cb207Ba,0x74ccbe53F77b08632ce0CB91D3A545bF6B8E0979,0xc1CBa3fCea344f92D9239c08C0568f6F2F0ee452,0x940181a94A35A4569E4529A3CDfB74e38FD98631,18,18,18,0,0,0.0,0.0,0,1615702683607322,236687501383596873678901,236687.50138359686,3.177141765284e-22,75.19897459665401,0,75.19897459665401,3147.4830960544546,1787184000
vAMM-cbETH/fBOMB,8.09706072892526e-07,0x40834a402B9013f1fD7575EABa84E1589205099d,0x33BD3859141EEB7FCf8d71A9A52F554C6Ca5a278,0x2Ae3F1Ec7F1F5012CFEab0185bfc7aa3cf0DEc22,0x74ccbe53F77b08632ce0CB91D3A545bF6B8E0979,0x940181a94A35A4569E4529A3CDfB74e38FD98631,18,18,18,3370952024087201,493301471082174778628,0.003370952024087201,493.30147108217477,493304842034198865829,0,4047414307538898338,4.047414307538898,0.0,0,0,0,nan,0
vAMM-DEGEN/MAI,0.0005093371265241818,0xe7c22c22Be0ba467AD5a32F607112e10d89778af,0x44d708dba44160FA748c25a7d3fbC4C73dE4b87F,0x4ed4E862860beD51a9570b96d89aF5E1B0Efefed,0xbf1aeA8670D2528E08334083616dD9C5F3B087aE,0x940181a94A35A4569E4529A3CDfB74e38FD98631,18,18,18,4228133447374881743912,11261213306737790505,4228.133447374882,11.26121330673779,4239394660681619534417,0,2545983588699538788138,2545.983588699539,0.0,0,0,0,nan,0
sAMM-WETH/rETH,4.703795427695669e-05,0xb8866732424AcDdd729C6fcf7146b19bFE4A2e36,0xAa3D51d36BfE7C5C63299AF71bc19988BdBa0A06,0x4200000000000000000000000000000000000006,0xB6fe221Fe9EeF5aBa221c348bA20A1Bf5e73624c,0x940181a94A35A4569E4529A3CDfB74e38FD98631,18,18,18,0,0,0.0,0.0,0,1605080193477,235124936704266101517,235.1249367042661,7.063363364802367e-23,0.016607728640683887,0,0.016607728640683887,14157.561325290533,1787184000
vAMM-WETH/WELL,0.022986097391426628,0x89D0F320ac73dd7d9513FFC5bc58D1161452a657,0x7b6964440b615aC1d31bc95681B133E112fB2684,0x4200000000000000000000000000000000000006,0xA88594D404727625A9437C3f886C7643872296AE,0x940181a94A35A4569E4529A3CDfB74e38FD98631,18,18,18,0,0,0.0,0.0,0,784477554393477,114898804110724908857309,114898.8041107249,0.0,0,0,0,nan,0
vAMM-RSR/bsdETH,0.0005699197777292709,0x95F04B5594e2a944CA91d56933D119841eeF9a99,0x190351cf2a6e2ac19A528b283E0748eD0652799d,0xaB36452DbAC151bE02b16Ca17d8919826072f64a,0xCb327b99fF831bF8223cCEd12B1338FF3aA322Ff,0x940181a94A35A4569E4529A3CDfB74e38FD98631,18,18,18,0,0,0.0,0.0,0,19446889500783,2848813340735575125860,2848.8133407355754,3.3302441723610896e-21,9.487244026129176,0,9.487244026129176,300.2782823852271,1787184000
vAMM-WETH/SEXY,0.022918618194163756,0x862a9D8443BbF74CF86bC05aFC8e05c63319DC1e,0x2F1c1492F6057808C3fd16eef67E0237FBAeBF4B,0x4200000000000000000000000000000000000006,0xD1917629B3E6A72E6772Aab5dBe58Eb7FA3C2F33,0x940181a94A35A4569E4529A3CDfB74e38FD98631,18,18,18,0,0,0.0,0.0,0,782032527018369,114561501134241935149201,114561.50113424195,4.338293957788358e-22,49.70014681658459,0,49.70014681658459,2305.0535757373973,1787184000
vAMM-TKN/AERO,0.04276889292680503,0xd88b9f7185f404015B665e070A5EF03a7e26661F,0x82FDF8F646c6dcF7966734146486114f60C7Def5,0x78b3C724A2F663D11373C4a1978689271895256f,0x940181a94A35A4569E4529A3CDfB74e38FD98631,0x940181a94A35A4569E4529A3CDfB74e38FD98631,18,18,18,0,0,0.0,0.0,0,1459366578297666,213785514206617899397079,213785.5142066179,6.33511889463507e-23,13.54356650449619,0,13.54356650449619,15785.023401010762,1787184000
vAMM-AERO/USD+,0.0004371388946836599,0x267d950110D9ED57999c3451b89C35a9D278C074,0x45D3ef9d20f9eA644aB9bc706e630311050de370,0x940181a94A35A4569E4529A3CDfB74e38FD98631,0xB79DD08EA68A908A97220C76d19A6aA9cBDE4376,0x940181a94A35A4569E4529A3CDfB74e38FD98631,18,18,6,37237779642738921397,29452782,37.23777964273892,29.452782,37237779642768374179,0,2185091943801223861701,2185.091943801224,0.0,0,0,0,nan,0
vAMM-WETH/PRIME,0.0008618292091478944,0xB21b821EC1bB22d0241AE425e07e14d1CCea4AeD,0x2C477011BB6dF2828Da8367Bae4C5bA7381C0240,0x4200000000000000000000000000000000000006,0xfA980cEd6895AC314E7dE34Ef1bFAE90a5AdD21b,0x940181a94A35A4569E4529A3CDfB74e38FD98631,18,18,18,17720225878543350,20164712565713852050,0.01772022587854335,20.164712565713852,20182432791592395400,0,4307958144983698775490,4307.958144983699,0.0,0,0,0,nan,0
vAMM-BAVA/AERO,0.00012018719355973089,0xD3c2fa602B8da5b0b9c25dFBE7F2f31Bb512dB13,0xE3Da183CDBbd0F01867605C632F1E275e7eD6E3D,0x3fbdE9864362CE4Abb244EbeF2EF0482ABA8eA39,0x940181a94A35A4569E4529A3CDfB74e38FD98631,0x940181a94A35A4569E4529A3CDfB74e38FD98631,18,18,18,4732111465340044298994317,2756502168536942223750,4732111.465340044,2756.502168536942,4734867967508581241218067,0,600770307994428256912,600.7703079944282,0.0,0,0,0,nan,0
vAMM-Mog/WETH,0.0018512382216487565,0x4A311ac4563abc30E71D0631C88A6232C1309ac5,0x8FCc385d8d7f3A2e087853a79531630Bf96575e8,0x2Da56AcB9Ea78330f947bD57C54119Debda7AF71,0x4200000000000000000000000000000000000006,0x940181a94A35A4569E4529A3CDfB74e38FD98631,18,18,18,9075580718336030377131009754,566550559969847937,9075580718.336031,0.5665505599698479,9075580718902580937100857691,0,9253639457337465307181,9253.639457337466,0.0,0,0,0,nan,0
vAMM-VIRTUAL/WETH,2.1788705504297967,0x21594b992F68495dD28d605834b58889d0a727c7,0xBD62Cad65b49b4Ad9C7aa9b8bDB89d63221F7af5,0x0b3e328455c4059EEb9e3f84b5543F74E24e7E1b,0x4200000000000000000000000000000000000006,0x940181a94A35A4569E4529A3CDfB74e38FD98631,18,18,18,909169497911243,22473286797250757,0.000909169497911243,0.022473286797250757,23382456295162000,74386008778485943,10891349509805704074203300,10891349.509805704,7.802150814074125e-22,8497.595144429639,0,8497.595144429639,1281.697859769799,1787184000
vAMM-HIGHER/WETH,0.002670593711270499,0xcEdF590857aE7Fbd4A342Ce9Ee9CA111570A1ca2,0x8Ee017223529FC20FA5B8D6f1D048003A424D9CC,0x0578d8A44db98B23BF096A382e016e29a5Ce0ffe,0x4200000000000000000000000000000000000006,0x940181a94A35A4569E4529A3CDfB74e38FD98631,18,18,18,63326960810961411534312,7833795800657448,63326.96081096141,0.007833795800657448,63326968644757212191760,0,13349287548266080198429,13349.287548266082,0.0,0,0,0,nan,0
vAMM-BRETT/AERO,0.004837627734708866,0x43BBb129b56A998732767725A183b7a566843dBA,0x80c6eF2039c429d905D125Bba5FD99125646aee9,0x532f27101965dd16442E59d40670FaF5eBB142E4,0x940181a94A35A4569E4529A3CDfB74e38FD98631,0x940181a94A35A4569E4529A3CDfB74e38FD98631,18,18,18,0,0,0.0,0.0,0,165070276571542,24181470737970541657787,24181.470737970543,1.498105583336211e-21,36.22639632583488,0,36.22639632583488,667.5096943254472,1787184000
vAMM-WETH/LUCHA,0.035191209339343825,0x0D4953d2BDe145D316296CC72cCE509D899a5529,0xd3011443522E904092232CD7C73586D0b1b61418,0x4200000000000000000000000000000000000006,0xF4435cC8b478d54313F04c956882BE3D9aCf9F6F,0x940181a94A35A4569E4529A3CDfB74e38FD98631,18,18,18,0,0,0.0,0.0,0,1200820389790762,175907540955991070706232,175907.54095599108,0.0,0,0,0,nan,0
vAMM-ANIME/WETH,0.0010629004004113825,0xeB956b77D455e33b41bBE6052dBE4388dCfD729B,0x93a7ddBd64f0835f99b6D248Ce058Fd90C68666c,0x0e0c9756a3290cD782CF4aB73ac24D25291c9564,0x4200000000000000000000000000000000000006,0x940181a94A35A4569E4529A3CDfB74e38FD98631,18,18,18,12127938916321583777397033,47692988564867492,12127938.916321583,0.04769298856486749,12127938964014572342264525,0,5313036955182708443626,5313.036955182708,0.0,0,0,0,nan,0
vAMM-ezETH/WETH,1.2243875153500618e-06,0x0C8bF3cb3E1f951B284EF14aa95444be86a33E2f,0x6318373c5a01224094BF0B1AC88562345B2Fb91E,0x2416092f143378750bb29b79eD961ab195CcEea5,0x4200000000000000000000000000000000000006,0x940181a94A35A4569E4529A3CDfB74e38FD98631,18,18,18,0,0,0.0,0.0,0,41779015232,6120249944398787939,6.120249944398788,0.0,0,0,0,nan,1787184000
sAMM-ezETH/WETH,0.0002018892186565164,0x497139e8435E01555AC1e3740fccab7AFf149e02,0x4Fa58b3Bec8cE12014c7775a0B3da7e6AdC3c7eA,0x2416092f143378750bb29b79eD961ab195CcEea5,0x4200000000000000000000000000000000000006,0x940181a94A35A4569E4529A3CDfB74e38FD98631,18,18,18,0,0,0.0,0.0,0,6888940499478,1009167819637550055451,1009.1678196375501,1.2394141794455918e-22,0.12507769050989712,0,0.12507769050989712,8068.3278970337,1787184000
vAMM-USDC/WELL,1.2233628242170804e-06,0x81A8c12738F7346094526ECC2487a63f45dD1935,0x47C84ff870c7EeA60420EC8c98B7FBa9D37b478B,0x833589fCD6eDb6E08f4c7C32D4f71b54bdA02913,0xA88594D404727625A9437C3f886C7643872296AE,0x940181a94A35A4569E4529A3CDfB74e38FD98631,18,6,18,75546492,3155493154108914105477,75.546492,3155.493154108914,3155493154108989651969,0,6115127901115079251,6.11512790111508,0.0,0,0,0,nan,0
vAMM-BITCOIN/WETH,0.0003042656749226657,0xaa46e69d85c79bb3EfFe0902c1Ad69f712b5b382,0x7d7bb62DB5614b191E154DB763F8e6daABDFa55b,0x2a06A17CBC6d0032Cac2c6696DA90f29D39a1a29,0x4200000000000000000000000000000000000006,0x940181a94A35A4569E4529A3CDfB74e38FD98631,18,8,18,0,0,0.0,0.0,0,10382269141122,1520908990562103389356,1520.9089905621036,2.2033736665412107e-21,3.3511308190103137,0,3.3511308190103137,453.84948326525557,1787184000
vAMM-REGEN/WETH,0.0004234404777426832,0x11D9944cB1886F5Ca08673C0B61b4d159946AcDa,0x4C73598c779cBED9002a52Ac14C3490d3d876DE7,0x1D653f09f216682eDE4549455D6Cf45f93C730cf,0x4200000000000000000000000000000000000006,0x940181a94A35A4569E4529A3CDfB74e38FD98631,18,18,18,20790043817208973493923,9664596199677838,20790.043817208974,0.009664596199677838,20790053481805173171761,0,2116618740284938021674,2116.618740284938,0.0,0,0,0,nan,0
vAMM-AERO/WELL,0.0014573346447231594,0xCd401DE1cBAa0d770eE5FB70ff622c752C92B8c5,0x57c198edE5e375a273935f5ED8B4D22fE836f080,0x940181a94A35A4569E4529A3CDfB74e38FD98631,0xA88594D404727625A9437C3f886C7643872296AE,0x940181a94A35A4569E4529A3CDfB74e38FD98631,18,18,18,0,0,0.0,0.0,0,49727736105659,7284664509003312675998,7284.664509003313,0.0,0,0,0,nan,0
vAMM-WETH/BENJI,5.7961048855466425e-08,0x9409dBe9d0aE5961A28cf395786Bddc0911eFBec,0x9E5AE7b0CeB4b8E5e2Bb986e63147b912072d2Be,0x4200000000000000000000000000000000000006,0xBC45647eA894030a4E9801Ec03479739FA2485F0,0x940181a94A35A4569E4529A3CDfB74e38FD98631,18,18,18,40885664504485,22090228515530932269,4.0885664504485e-05,22.09022851553093,22090269401195436754,0,289725353768853210,0.28972535376885317,0.0,0,0,0,nan,0
vAMM-LUSD/POOL,0.0014815862249002913,0x0b15b1d434f86eCaa83d14398C8Db6d162F3921e,0x5b41A91Cc14496E7fcc381595Dc2680EF71B6462,0x368181499736d0c0CC614DBB145E2EC1AC86b8c6,0xd652C5425aea2Afd5fb142e120FeCf79e18fafc3,0x940181a94A35A4569E4529A3CDfB74e38FD98631,18,18,18,0,0,0.0,0.0,0,50555252529779,7405888982766619682927,7405.88898276662,3.589036651420703e-22,2.6580006995502186,0,2.6580006995502186,2786.2629923385007,1787184000
vAMM-GENOME/WETH,0.002362995160134841,0x963ceee215e5b0B1dCB221C3bA398De66abC73D9,0xa4F335B6ee0f8e34F31d4C8b702080196252dAc3,0x1db0c569ebb4a8b57AC01833B9792F526305e062,0x4200000000000000000000000000000000000006,0x940181a94A35A4569E4529A3CDfB74e38FD98631,18,18,18,0,0,0.0,0.0,0,80631034311585,11811718770503009744432,11811.71877050301,3.072018777797952e-21,36.28582186105378,0,36.28582186105378,325.51884357842636,1787184000
vAMM-WETH/BUIDL,6.552322728091645e-05,0x6eB0f4B90EeB237f6ee6d5D8d69C15810b81fa05,0x136805463D527bA9c507fF7640e9cF84f0328278,0x4200000000000000000000000000000000000006,0xdADc4F8E9d8d37294de0E02A2Ce8Cc0c90A4F6c2,0x940181a94A35A4569E4529A3CDfB74e38FD98631,18,18,18,93805602303200337,78062925392586221614151,0.09380560230320034,78062.92539258623,78063019198188524814488,0,327525822580936522456,327.52582258093656,0.0,0,0,0,nan,0
vAMM-VIRTUAL/AERO,0.02203519090764287,0x8B49c7eC53Cb4CA3666bB16727FC5C5F6d12226f,0x57538a02972c01440113cC7A7Ff8F1d954d01239,0x0b3e328455c4059EEb9e3f84b5543F74E24e7E1b,0x940181a94A35A4569E4529A3CDfB74e38FD98631,0x940181a94A35A4569E4529A3CDfB74e38FD98631,18,18,18,0,0,0.0,0.0,0,751893249002281,110145582372064775027307,110145.58237206477,0.0,0,0,0,nan,0
vAMM-tBTC/AERO,1.9949944165123735e-07,0x5E19947708Ed0686ecE3BE487126b2c1c5378641,0x80Cdc20a68ff14f5f3b642786977F09a0fb11b64,0x236aa50979D5f3De3Bd1Eeb40E81137F22ab794b,0x940181a94A35A4569E4529A3CDfB74e38FD98631,0x940181a94A35A4569E4529A3CDfB74e38FD98631,18,18,18,71882020868104,9285409664987746173,7.1882020868104e-05,9.285409664987746,9285481547008614277,0,997222228556034548,0.9972222285560346,0.0,0,0,0,nan,0
vAMM-GNUS/AERO,6.300986509625916e-08,0x73DdDbe505F9197138785E1ccFa2988705ce4BFD,0x0BF71380275DA393bbf593546D5050bb1deEf779,0x614577036F0a024DBC1C88BA616b394DD65d105a,0x940181a94A35A4569E4529A3CDfB74e38FD98631,0x940181a94A35A4569E4529A3CDfB74e38FD98631,18,18,18,5455207764936012689,8395638000151202484,5.455207764936013,8.395638000151202,13850845765087215173,0,314962475945941748,0.31496247594594173,0.0,0,0,0,nan,0
vAMM-SOFT/WETH,0.0024864238567898662,0x28495d9ee2F7f0e6b285db0810b9657CE09a5004,0xFdcF81330bb3E101515d924B63E65842342773a5,0x04D1963C76EB1BEc59d0eEb249Ed86F736B82993,0x4200000000000000000000000000000000000006,0x940181a94A35A4569E4529A3CDfB74e38FD98631,18,18,18,40762084945957160014668,29004242299007394,40762.08494595716,0.029004242299007395,40762113950199459022062,0,12428692126053889645212,12428.692126053891,0.0,0,0,0,nan,0
vAMM-AERO/BUIDL,2.2881004656475244e-07,0x6F9793007764dC4b6334Bbeba043D33FAaFE2584,0x940c8E211cE94Ad404d31836988D850D0CbACC8F,0x940181a94A35A4569E4529A3CDfB74e38FD98631,0xdADc4F8E9d8d37294de0E02A2Ce8Cc0c90A4F6c2,0x940181a94A35A4569E4529A3CDfB74e38FD98631,18,18,18,393251933618810836,1235002385446202766105,0.39325193361881083,1235.0023854462029,1235395637379821576941,0,1143734852903520734,1.1437348529035207,0.0,0,0,0,nan,0
vAMM-WETH/KLIMA,0.009134191982128888,0xB37642E87613d8569Fd8Ec80888eA6c63684E79e,0x44A927DD8f6def04f76B00cece9804BF441dc6b1,0x4200000000000000000000000000000000000006,0xDCEFd8C8fCc492630B943ABcaB3429F12Ea9Fea2,0x940181a94A35A4569E4529A3CDfB74e38FD98631,18,18,9,0,0,0.0,0.0,0,311680535035724,45658369813391094564055,45658.369813391095,1.6241629143144815e-21,74.15663097896562,0,74.15663097896562,615.7017816295079,1787184000
sAMM-PRO/AERO,7.491807146100008e-08,0x3e1893753F410F909A40C50857fF6C9eEF2C1D88,0x95Fc882911a36E298C0dEC1e8DDC50b05599c09d,0x18dD5B087bCA9920562aFf7A0199b96B9230438b,0x940181a94A35A4569E4529A3CDfB74e38FD98631,0x940181a94A35A4569E4529A3CDfB74e38FD98631,18,8,18,46655,20466698129383162,0.00046655,0.020466698129383162,20466698129429817,0,374487094114608442,0.37448709411460845,0.0,0,0,0,nan,0
vAMM-VIRTUAL/WAI,0.016904949370209345,0x37E769D2dcF3e3E8dFC37c0Df83EEB56edfC0fD2,0x57E0f09B66baD2f184d30B58973690C15d7f6243,0x0b3e328455c4059EEb9e3f84b5543F74E24e7E1b,0x23471E7250bCD7ee21Df3f39Ed6151931D1E076b,0x940181a94A35A4569E4529A3CDfB74e38FD98631,18,18,18,0,0,0.0,0.0,0,576839288699122,84501445944184878641465,84501.44594418489,0.0,0,0,0,nan,0
vAMM-USDC/KLIMA,0.0041487137067989345,0x958682eC6282BC7E939FA8Ba9397805C214c3A09,0x950aD950D6f07491ef2c150545A6A2AB7AdC03f4,0x833589fCD6eDb6E08f4c7C32D4f71b54bdA02913,0xDCEFd8C8fCc492630B943ABcaB3429F12Ea9Fea2,0x940181a94A35A4569E4529A3CDfB74e38FD98631,18,6,9,0,0,0.0,0.0,0,141564022885866,20737850161844505854205,20737.850161844504,1.0804555768670703e-20,224.06325859598573,0,224.06325859598573,92.55355068827889,1787184000
vAMM-GROW/VITA,2.6356605016847206e-08,0xDaD0D8F40Bf19c295B982dB2d1Ee47eE12DA92f0,0x8AC0f40EF2c222044B857d52508E18f94cA90c45,0x321725ee44CB4bfA544CF45a5A585b925d30A58C,0x490a4B510d0Ea9f835D2dF29Eb73b4FcA5071937,0x940181a94A35A4569E4529A3CDfB74e38FD98631,18,18,18,1077458530143218477043,776338805275821388116,1077.4585301432185,776.3388052758214,1853797335419039865159,0,131746696504644157,0.13174669650464416,0.0,0,0,0,nan,0
vAMM-WETH/wrsETH,2.1135234711007388e-05,0xA24382874A6FD59de45BbccFa160488647514c28,0x2da7789a6371F550caF9054694F5A5A6682903f9,0x4200000000000000000000000000000000000006,0xEDfa23602D0EC14714057867A78d01e94176BEA0,0x940181a94A35A4569E4529A3CDfB74e38FD98631,18,18,18,83530082995996540,108790816370622602,0.08353008299599654,0.1087908163706226,192320899366619142,0,105647041841908453965,105.64704184190845,0.0,0,0,0,nan,0
vAMM-BET/USDC,0.013722377323683161,0xF471D220F16Cc9c3400B5BD97d728072A87b9C75,0x34BF49C57c8a6A766c99909a3513258A3dB7E393,0x80F6BcedD3d4fa1035285affA30e38f464Db3895,0x833589fCD6eDb6E08f4c7C32D4f71b54bdA02913,0x940181a94A35A4569E4529A3CDfB74e38FD98631,18,18,6,0,0,0.0,0.0,0,468240346555599,68592972404067091524628,68592.9724040671,0.0,0,0,0,nan,0
sAMM-rgUSD/eUSD,6.335769600305805e-10,0xd7AdbF474E991f4AEbF95C0b095001ce661aAD17,0x1Efd219BFfFf88F89791Bc850b7347F6da67D933,0x8E5E9DF4F0EA39aE5270e79bbABFCc34203A3470,0xCfA3Ef56d303AE4fAabA0592388F19d7C3399FB4,0x940181a94A35A4569E4529A3CDfB74e38FD98631,18,18,18,129444284288970586819,153105671487750525597,129.44428428897058,153.10567148775053,282549955776721112416,0,3167011510478252,0.003167011510478252,0.0,0,0,0,nan,0
sAMM-USDC/rgUSD,9.258108329023328e-10,0xF8CCE695B387424122d59ae2d01fA8CE359CfB00,0xc78a90ed0E25F3bf3f000c18947C683C2351777d,0x833589fCD6eDb6E08f4c7C32D4f71b54bdA02913,0x8E5E9DF4F0EA39aE5270e79bbABFCc34203A3470,0x940181a94A35A4569E4529A3CDfB74e38FD98631,18,6,18,939367,992573906298818645,0.939367,0.9925739062988187,992573906299758012,0,4627778074798720,0.00462777807479872,0.0,0,0,0,nan,0
vAMM-MAI/QI,1.632382906112473e-07,0x1894416A511251CfDD350B80bE256F4D166dCa0e,0x893E887C3b56D5E54Dc1F0dEbA783E96197151aA,0xbf1aeA8670D2528E08334083616dD9C5F3B087aE,0xD3FDCb837DAfdb7C9C3eBD48FE22a53F6Dd3d7D7,0x940181a94A35A4569E4529A3CDfB74e38FD98631,18,18,18,62775669031571825764,542393248804477980037,62.77566903157182,542.3932488044779,605168917836049805801,0,815966453849050413,0.8159664538490504,0.0,0,0,0,nan,0
vAMM-WETH/LBM,5.3337962239787195e-06,0x0b8711D0F80Eacb3dE9f653BD554aF3bA654fA1f,0x150db5aF367A67385F78DE9Fc34937fB28F12a65,0x4200000000000000000000000000000000000006,0x56A38E7216304108E841579041249fEb236C887b,0x940181a94A35A4569E4529A3CDfB74e38FD98631,18,18,18,4191641280635665,649780811379553752297,0.004191641280635665,649.7808113795537,649785003020834387962,0,26661629291366144778,26.661629291366147,0.0,0,0,0,nan,0
vAMM-pwBLT/USDC,6.960406149014898e-06,0x9b0025d10E824E7E2b148953009A40B0C0792F30,0xF8Bbe737e94134cfc95e56b7539549C15EC450E1,0x3Dd79d6BD927615787Cc95F2c7A77C9aC1AF26F4,0x833589fCD6eDb6E08f4c7C32D4f71b54bdA02913,0x940181a94A35A4569E4529A3CDfB74e38FD98631,18,18,6,0,0,0.0,0.0,0,237509740269,34792436881653363960,34.792436881653366,0.0,0,0,0,nan,0
vAMM-weETH/AERO,3.05937293986618e-05,0xc5aDfb267a95df1233a2b5F7f48041E7Fb384BcA,0x0A5f63A1aC754b4418cc5381eE17E04CCad42F56,0x04C0599Ae5A44757c0af6F9eC3b93da8976c150A,0x940181a94A35A4569E4529A3CDfB74e38FD98631,0x940181a94A35A4569E4529A3CDfB74e38FD98631,18,18,18,19205309144916701,70061724044731506600,0.0192053091449167,70.0617240447315,70080929353876423301,0,152926478180870493770,152.92647818087048,0.0,0,0,0,nan,0
vAMM-WETH/ATH,0.0009552118827219105,0x7C36577aEC1d99d9b872b7075bD86C8F1334EcF2,0x39b68a3Fd59F88C31B2110A2550640b92cF42449,0x4200000000000000000000000000000000000006,0x58D75a1c4477914f9a98A8708fEaeD1DbE40b8a3,0x940181a94A35A4569E4529A3CDfB74e38FD98631,18,18,18,0,0,0.0,0.0,0,32594441783926,4774742799011944985259,4774.742799011945,0.0,0,0,0,nan,0
vAMM-USDC/XSWAP,6.642188417967694e-05,0xCdB55B284257fd5f879598Ba9E4B852bb0C3EDF1,0xAd978Bdbcc8a44dea4d773A8Df9fF7f73dD288d8,0x833589fCD6eDb6E08f4c7C32D4f71b54bdA02913,0x8Fe815417913a93Ea99049FC0718ee1647A2a07c,0x940181a94A35A4569E4529A3CDfB74e38FD98631,18,6,18,64065854,9402382434376352223083,64.065854,9402.382434376352,9402382434376416288937,0,332017868412602824599,332.0178684126028,0.0,0,0,0,nan,0
vAMM-WETH/stTAO,0.0003024664605453179,0x3a1d086839AF6e86f48D96CA6648b48244f91A89,0x21F1f74E4fB3f026F072B65dF81aA0f19Ee6e7d5,0x4200000000000000000000000000000000000006,0x806041B6473DA60abbe1b256d9A2749A151be6C6,0x940181a94A35A4569E4529A3CDfB74e38FD98631,18,18,9,0,0,0.0,0.0,0,10320982829214,1511915398619297663551,1511.9153986192978,4.448601250336745e-23,0.06725908732701186,0,0.06725908732701186,22478.97583368038,1787184000
vAMM-HBR/USDC,1.2809013527922737e-06,0x68cfB52C74827f91E1F664fFeD634F849AEce455,0xce0358DFf7Bcf904f21425f6fee7F8E6115372cd,0x416bd43Bc76D496ff49923c20eCaf86b52Ab078d,0x833589fCD6eDb6E08f4c7C32D4f71b54bdA02913,0x940181a94A35A4569E4529A3CDfB74e38FD98631,18,18,6,112866970075744938334128,25991165,112866.97007574493,25.991165,112866970075744964325293,0,6402741235862643210,6.402741235862644,0.0,0,0,0,nan,0
vAMM-WETH/TRUF,3.116935955062316e-06,0xcE2D4E04e3d782EcB8bf2e265f421bA510F4e8F7,0xE81B7a527AA65b714cD44c034dDA915097bb3CdB,0x4200000000000000000000000000000000000006,0xB59c8912c83157a955f9D715E556257F432C35D7,0x940181a94A35A4569E4529A3CDfB74e38FD98631,18,18,18,914675559718420896,50249748567840218274687,0.9146755597184208,50249.748567840215,50250663243399936695583,0,15580383552188237583,15.580383552188238,0.0,0,0,0,nan,0
vAMM-AERO/BENJI,0.0004166812226311566,0x0f3027d68FE4E2A56860D7B18b3D80CAe8d716D1,0x2e8300243d49d81684e154821f879A5045e2d132,0x940181a94A35A4569E4529A3CDfB74e38FD98631,0xBC45647eA894030a4E9801Ec03479739FA2485F0,0x940181a94A35A4569E4529A3CDfB74e38FD98631,18,18,18,0,0,0.0,0.0,0,14218305387082,2082831781334551635980,2082.8317813345516,3.388220425079982e-21,7.05709318352345,0,7.05709318352345,295.1401840912975,1787184000
vAMM-WETH/HLSp,7.766235312027396e-05,0x1536960c83d4f3a55430a9B3B6294843b831171A,0x10b70e962d032b74e2F40a11445F7f769aa4fc0e,0x4200000000000000000000000000000000000006,0xe54b0C7dad72fb102ADE2b1B9F4EEce69408Ab36,0x940181a94A35A4569E4529A3CDfB74e38FD98631,18,18,6,5448549455896244,14807528,0.005448549455896244,14.807528,5448549470703772,0,388204719835239577437,388.20471983523953,0.0,0,0,0,nan,0
sAMM-DOLA/rgUSD,3.902366867901983e-06,0xBA15D0494fE4f0cAECD7730F6D77BeB6DD0feca9,0x7139bFd55643Aa37C875c6D3f4d6663DbFd481f2,0x4621b7A9c75199271F773Ebd9A499dbd165c3191,0x8E5E9DF4F0EA39aE5270e79bbABFCc34203A3470,0x940181a94A35A4569E4529A3CDfB74e38FD98631,18,18,18,272228767971819013,691246771354701328,0.272228767971819,0.6912467713547014,963475539326520341,0,19506455519086473360,19.506455519086472,0.0,0,0,0,nan,0
sAMM-USDz/USDC,0.0011691467340378945,0x6d0b9C9E92a3De30081563c3657B5258b3fFa38B,0xb7E4bBee04285F4B55d0A93b34E5dA95C3a7faf9,0x04D5ddf5f3a8939889F11E97f8c4BB48317F1938,0x833589fCD6eDb6E08f4c7C32D4f71b54bdA02913,0x940181a94A35A4569E4529A3CDfB74e38FD98631,18,18,6,313472694129699008,588541,0.313472694129699,0.588541,313472694130287549,39894753557786,5844122178870506857236,5844.122178870507,5.5061462513736445e-21,32.17859142775742,0,32.17859142775742,181.6152267569219,1787184000
sAMM-rgUSD/USD3,1.9907926333054016e-07,0xD42cd5b74B6cb892eCdE3cAb2765b6bD57C83346,0x73f294Df4543E5e0B5063C0ceE8339e4295047b3,0x8E5E9DF4F0EA39aE5270e79bbABFCc34203A3470,0xEFb97aaF77993922aC4be4Da8Fbc9A2425322677,0x940181a94A35A4569E4529A3CDfB74e38FD98631,18,18,18,13156629902745990484,28490853482958860495,13.15662990274599,28.49085348295886,41647483385704850979,0,995121916104588705,0.9951219161045887,0.0,0,0,0,nan,0
vAMM-WETH/APX,5.702579619106764e-06,0x898e0DE33B19A3494723f437734C788C2c10Ed04,0x4927B42B4B60148D60ED3b54F21FD2E57176cE83,0x4200000000000000000000000000000000000006,0xcacf1ca03983CE6c7E235fb20C70aCC70ed13509,0x940181a94A35A4569E4529A3CDfB74e38FD98631,18,18,18,592439554957625,59498657228261771918847,0.000592439554957625,59498.65722826177,59498657820701326876472,0,28505037955070384826,28.505037955070385,0.0,0,0,0,nan,0
vAMM-AERO/TRUF,2.074267398041866e-05,0x56ae4A50252C505C2663346660Edb711648221DC,0xbC22B1450A6Bb9a7CD86c22d835f18d77077562b,0x940181a94A35A4569E4529A3CDfB74e38FD98631,0xB59c8912c83157a955f9D715E556257F432C35D7,0x940181a94A35A4569E4529A3CDfB74e38FD98631,18,18,18,7885950310810927070,135737131842022812334,7.8859503108109275,135.73713184202282,143623082152833739404,0,103684779274348791348,103.68477927434878,0.0,0,0,0,nan,0
vAMM-WETH/RWAX,0.011018153618244679,0xd448670823ff9667848C821BeE829c642F67E064,0x4a64623FC6b1B008aA9D655F748C01f8b5552A26,0x4200000000000000000000000000000000000006,0xe0023E73aab4fE9a22f059a9d27E857E027eE3dc,0x940181a94A35A4569E4529A3CDfB74e38FD98631,18,18,18,0,0,0.0,0.0,0,375972101356176,55075581238803667441905,55075.58123880367,1.2666780158071274e-21,69.76302796299208,0,69.76302796299208,789.4666107099048,1787184000
vAMM-WETH/OX,0.0035017660904281918,0xe140c5930889c4064A3d11b17Bb04fE7224a5CDC,0xD4ECF20068e5fA849Abe62F9523A90F8c073f203,0x4200000000000000000000000000000000000006,0xba0Dda8762C24dA9487f5FA026a9B64b695A07Ea,0x940181a94A35A4569E4529A3CDfB74e38FD98631,18,18,18,0,0,0.0,0.0,0,119490651618436,17504003799085797562746,17504.003799085796,4.805668644570883e-23,0.8411844221171623,0,0.8411844221171623,20808.758862926014,1787184000
vAMM-BCT/USDC,0.00015676051039023836,0x77e09a5043820820390904357463BfB739a76104,0xb0FC063ff618F6110ADb3565c4F13B1A3B9527a8,0x576Bca23DcB6d94fF8E537D88b0d3E1bEaD444a2,0x833589fCD6eDb6E08f4c7C32D4f71b54bdA02913,0x940181a94A35A4569E4529A3CDfB74e38FD98631,18,18,6,2929706784019285623526,164550376,2929.706784019286,164.550376,2929706784019450173902,0,783586481380838210312,783.5864813808382,0.0,0,0,0,nan,0
vAMM-BCT/KLIMA,2.02254935076204e-06,0x6e2f9520919bd95889b27E0B2f735ac7ED149837,0x174F6439F572b1Acca20219F5Ba4c129D86d8f5a,0x576Bca23DcB6d94fF8E537D88b0d3E1bEaD444a2,0xDCEFd8C8fCc492630B943ABcaB3429F12Ea9Fea2,0x940181a94A35A4569E4529A3CDfB74e38FD98631,18,18,9,10934804143050261133,7698329674,10.934804143050261,7.698329674,10934804150748590807,0,10109958976514124564,10.109958976514124,0.0,0,0,0,nan,0
sAMM-GROW/VITA,3.3293837515016525e-11,0xD6871bc7f13a7b0f6E35f54349e1466Fd926ff7d,0xB6F959E169C544608b860a4fFe3C0982a46aD136,0x321725ee44CB4bfA544CF45a5A585b925d30A58C,0x490a4B510d0Ea9f835D2dF29Eb73b4FcA5071937,0x940181a94A35A4569E4529A3CDfB74e38FD98631,18,18,18,1392545918834282644,469560119818986084,1.3925459188342826,0.4695601198189861,1862106038653268728,0,166423297073430,0.00016642329707343,0.0,0,0,0,nan,0
vAMM-wXCH/WETH,0.00011909733813912429,0x0522d1c88Ef60F22fA4D3EEC6F8C6F48631D7ec3,0x9a4e4020E9e20C0b12a93C196fdB60393e2C8e36,0x36be1d329444aeF5D28df3662Ec5B4F965Cd93E9,0x4200000000000000000000000000000000000006,0x940181a94A35A4569E4529A3CDfB74e38FD98631,18,18,18,3151225369436932043,6454615940024665,3.151225369436932,0.006454615940024665,3157679985376956708,0,595322533091673497605,595.3225330916734,0.0,0,0,0,nan,0
vAMM-wXCH/USDC,0.0070900813087241416,0xd16Cc119b7c113660580291580cbEB588C9e2653,0x543a172C6805a7eC512188Fba90Fb9ac62ffa4D5,0x36be1d329444aeF5D28df3662Ec5B4F965Cd93E9,0x833589fCD6eDb6E08f4c7C32D4f71b54bdA02913,0x940181a94A35A4569E4529A3CDfB74e38FD98631,18,18,6,0,0,0.0,0.0,0,241934659174929,35440633942674108125279,35440.63394267411,4.428243587681106e-22,15.693976,0,15.693976,2258.2316898327176,1787184000
vAMM-USDC/CTX,3.3754160964610123e-09,0xf629864E8B4914284f79641EF9Ce034C161F26AE,0xD1E5855ACcb803C0ec03Aa382a4f115aCd3903B6,0x833589fCD6eDb6E08f4c7C32D4f71b54bdA02913,0xBB22Ff867F8Ca3D5F2251B4084F6Ec86D4666E14,0x940181a94A35A4569E4529A3CDfB74e38FD98631,18,6,18,33236864,16150940678101791003,33.236864,16.15094067810179,16150940678135027867,0,16872427983539094,0.016872427983539093,0.0,0,0,0,nan,0
sAMM-WETH/msETH,0.2593189543865449,0xDE4FB30cCC2f1210FcE2c8aD66410C586C8D1f9A,0x62940D9643a130b80CA0f8bc7e94De5b7ec496C5,0x4200000000000000000000000000000000000006,0x7Ba6F01772924a82D9626c126347A28299E98c98,0x940181a94A35A4569E4529A3CDfB74e38FD98631,18,18,18,78330927023868,346317157180484,7.8330927023868e-05,0.000346317157180484,424648084204352,8848747476107678,1296237340113713945967324,1296237.3401137139,1.7083788564932476e-22,221.44644648473155,0,221.44644648473155,5853.5025541856585,1787184000
sAMM-msUSD/USDC,0.7170265978998536,0xcEFC8B799a8EE5D9b312aeca73262645D664AaF7,0xDBF852464fC906C744E52Dbd68C1b07dD33A922a,0x526728DBc96689597F85ae4cd716d4f7fCcBAE9d,0x833589fCD6eDb6E08f4c7C32D4f71b54bdA02913,0x940181a94A35A4569E4529A3CDfB74e38FD98631,18,18,6,208815096943803349,708752,0.20881509694380335,0.708752,208815096944512101,29485144846808284,3584144677164858988025502,3584144.677164859,4.118942983857451e-23,147.62887571138225,0,147.62887571138225,24278.073377541274,1787184000
vAMM-USDC/OX,0.00017427392772677265,0x33A20Ce534aE0F2fC00BC28e7133836B34415E7B,0x271cc28Fac66b40515a31D28FB95Eed8D17e2853,0x833589fCD6eDb6E08f4c7C32D4f71b54bdA02913,0xba0Dda8762C24dA9487f5FA026a9B64b695A07Ea,0x940181a94A35A4569E4529A3CDfB74e38FD98631,18,6,18,997398119,260643142654055344441854,997.398119,260643.14265405535,260643142654056341839973,0,871129428475909888438,871.1294284759099,0.0,0,0,0,nan,0
vAMM-AERO/APX,0.0006335015278962624,0x4634274a24443fAe01B1bAcd6212C65D1283B72c,0xb023a82C4AC8fcD103876fd07EAA1dF1df5782c2,0x940181a94A35A4569E4529A3CDfB74e38FD98631,0xcacf1ca03983CE6c7E235fb20C70aCC70ed13509,0x940181a94A35A4569E4529A3CDfB74e38FD98631,18,18,18,5897623485789303418,166350733573241784868993,5.897623485789303,166350.73357324177,166356631196727574172411,0,3166634453778410018900,3166.63445377841,0.0,0,0,0,nan,0
vAMM-USDC/CHEX,2.0777848374873205e-05,0x6466e1a3b42Ef91f8f7C135970db4495e89F9C0A,0x1249abBD38f8B98114E35babda2827862bd19CfF,0x833589fCD6eDb6E08f4c7C32D4f71b54bdA02913,0xc43F3Ae305a92043bd9b62eBd2FE14F7547ee485,0x940181a94A35A4569E4529A3CDfB74e38FD98631,18,6,18,1285002425,8210549455302285493591,1285.002425,8210.549455302285,8210549455303570496016,0,103860602764057555874,103.86060276405756,0.0,0,0,0,nan,0
vAMM-WETH/OGN,7.900492823972149e-05,0x8eA4C49B712217fd6e29Db920E3dd48287a0d50D,0xA88BcfEcC886dEA1e8B3108179F0532d53c8c055,0x4200000000000000000000000000000000000006,0x7002458B1DF59EccB57387bC79fFc7C29E22e6f7,0x940181a94A35A4569E4529A3CDfB74e38FD98631,18,18,18,76166014918283523,4857376332813582078485,0.07616601491828352,4857.376332813582,4857452498828500362008,0,394915744896452000000,394.915744896452,0.0,0,0,0,nan,0
vAMM-WETH/RFL,0.009582206546418068,0x37785d5bE19D0d9559D4634a5385c72c419b25Da,0x937c527EB4f27030f6667078C64982B3202257d5,0x4200000000000000000000000000000000000006,0x6e2c81b6c2C0e02360F00a0dA694e489acB0b05e,0x940181a94A35A4569E4529A3CDfB74e38FD98631,18,18,18,0,0,0.0,0.0,0,326974488221239,47897825114760083518935,47897.82511476008,0.0,0,0,0,nan,0
vAMM-sfrxETH/wstETH,4.100217802918973e-05,0x456c166e63634D75a4B49EDEC86cB51424D4C926,0xCe7Cb6260fCBf17485cd2439B89FdDf8B0Eb39cC,0x1f55a02A049033E3419a8E2975cF3F572F4e6E9A,0xc1CBa3fCea344f92D9239c08C0568f6F2F0ee452,0x940181a94A35A4569E4529A3CDfB74e38FD98631,18,18,18,0,0,0.0,0.0,0,1399120976165,204954374866874523168,204.95437486687453,0.0,0,0,0,nan,0
vAMM-USDC/APX,3.2747337516840074e-06,0x4C7d96aaf20081cF617EBf6da4814aE91e6D5D06,0x1C669D3d0B3C49Cda1f47C80896D30D7A79E4f83,0x833589fCD6eDb6E08f4c7C32D4f71b54bdA02913,0xcacf1ca03983CE6c7E235fb20C70aCC70ed13509,0x940181a94A35A4569E4529A3CDfB74e38FD98631,18,6,18,6689188,683269993227756830141697,6.689188,683269.9932277568,683269993227756836830885,0,16369155034984708704,16.369155034984708,0.0,0,0,0,nan,0
sAMM-jEUR/EURA,9.576375290383844e-07,0xe7e01f38470136dE763d22e534e53C8BCdbA3f39,0xb5FFE35051b62DfE687aaB959625a29bEd54575a,0x4154550f4Db74Dc38d1FE98e1F3F28ed6daD627d,0xA61BeB4A3d02decb01039e378237032B351125B4,0x940181a94A35A4569E4529A3CDfB74e38FD98631,18,18,18,19229196601007922121,19472737341753115641,19.22919660100792,19.472737341753117,38701933942761037762,0,4786867687209032544,4.786867687209033,0.0,0,0,0,nan,0
vAMM-USDC/EMT,4.55878813447651e-06,0x68426A1D8ab4AC250ae5E2DA0b9d684594c83BB0,0x8b02968e7FaF61d251b6B9c06c375E5f0c69b7CB,0x833589fCD6eDb6E08f4c7C32D4f71b54bdA02913,0xe2c86869216aC578bd62a4b8313770d9EE359A05,0x940181a94A35A4569E4529A3CDfB74e38FD98631,18,6,18,2140002536,548789291278536102202476,2140.002536,548789.2912785361,548789291278538242205012,0,22787657074875208353,22.78765707487521,0.0,0,0,0,nan,0
vAMM-USDz/WETH,0.0005270080922312367,0x2ce63497999F520CC2afaaadbCFC37Afd9deF4b0,0xc15B32d92E265832c87EC4b36B7e598ae2daad42,0x04D5ddf5f3a8939889F11E97f8c4BB48317F1938,0x4200000000000000000000000000000000000006,0x940181a94A35A4569E4529A3CDfB74e38FD98631,18,18,18,0,0,0.0,0.0,0,17983146023463,2634314060490697866258,2634.314060490698,0.0,0,0,0,nan,0
vAMM-FUSE/WETH,1.9897690129433976e-06,0xc238f8Eaa625BAC4014FfD0E702a4B9a9d12019e,0x51Df914e8ae011028041132b6c65792c94ab9c9c,0x01facC69EC7360640AA5898E852326752801674A,0x4200000000000000000000000000000000000006,0x940181a94A35A4569E4529A3CDfB74e38FD98631,18,18,18,14558880794598571554411,37143102502179284,14558.880794598572,0.03714310250217928,14558917937701073733695,0,9946102470141171285,9.946102470141172,0.0,0,0,0,nan,0
vAMM-ION/WETH,0.0019921822556180965,0x0FAc819628a7F612AbAc1CaD939768058cc0170c,0x9b42e5F8c45222b2715F804968251c747c588fd7,0x3eE5e23eEE121094f1cFc0Ccc79d6C809Ebd22e5,0x4200000000000000000000000000000000000006,0x940181a94A35A4569E4529A3CDfB74e38FD98631,18,18,18,0,0,0.0,0.0,0,67979415115347,9958165357225922088410,9958.165357225922,5.0205387127217976e-23,0.4999535468363783,0,0.4999535468363783,19918.181239516176,1787184000
vAMM-HBR/AERO,7.711553784733775e-05,0xCCa6105c83C59C600aab47589466BC36288D2377,0xdFE422acDA41b39683403068F2d3A4610ff87Bf9,0x416bd43Bc76D496ff49923c20eCaf86b52Ab078d,0x940181a94A35A4569E4529A3CDfB74e38FD98631,0x940181a94A35A4569E4529A3CDfB74e38FD98631,18,18,18,17980565174318259575,197160750116946735,17.980565174318258,0.19716075011694673,18177725924435206310,0,385471397172416174113,385.4713971724162,0.0,0,0,0,nan,0
vAMM-BTCB/WETH,3.987652642342972e-06,0xb22c77a609097187a7e084754E1a557B5116D3bE,0xDA14cBF0bD19fA531Fe0A6fFA8370795e7004999,0x0c41F1FC9022FEB69aF6dc666aBfE73C9FFDA7ce,0x4200000000000000000000000000000000000006,0x940181a94A35A4569E4529A3CDfB74e38FD98631,18,18,18,87669407617579762477,7219864115764115,87.66940761757976,0.007219864115764115,87676627481695526592,0,19932766837796084346,19.932766837796084,0.0,0,0,0,nan,0
vAMM-USDz/sUSDz,2.41399268585316e-05,0x7818B53F423457151407103321d8F961773815D1,0xc4021e049F13e137Cd1D40e7Ddb2173C7F8F02a3,0x04D5ddf5f3a8939889F11E97f8c4BB48317F1938,0xe31eE12bDFDD0573D634124611e85338e2cBF0cF,0x940181a94A35A4569E4529A3CDfB74e38FD98631,18,18,18,0,0,0.0,0.0,0,823728905395,120666361067458412381,120.66636106745841,0.0,0,0,0,nan,0
vAMM-WETH/MOZ,5.17068377893442e-06,0xA32ECde2C559C462610eD35740CC2B9642133c9B,0x68dBA60bEef5fDd4663588950A196FcCC8B7a166,0x4200000000000000000000000000000000000006,0xC227717ef4Ae4D982E14789eB33bA942243c3FEe,0x940181a94A35A4569E4529A3CDfB74e38FD98631,18,18,18,117648983385305267,1853092186705819740033758,0.11764898338530527,1853092.1867058198,1853092304354803125339025,0,25846291891892824134,25.846291891892825,0.0,0,0,0,nan,0
vAMM-ZRO/AERO,8.527099965600627e-07,0x04c7d6172aEf0FF6fA09D21eb929a45a41C8c13e,0x6bA7c122CaEbA0cE6334e72326a5B4568571982b,0x6985884C4392D348587B19cb9eAAf157F13271cd,0x940181a94A35A4569E4529A3CDfB74e38FD98631,0x940181a94A35A4569E4529A3CDfB74e38FD98631,18,18,18,4960995148395045999,17087317702351160488,4.960995148395046,17.08731770235116,22048312850746206487,0,4262374651494972008,4.262374651494972,0.0,0,0,0,nan,0
vAMM-WETH/sUSDz,5.2622467746681055e-06,0x5346a22ee56d200971eC63F98c83e233bd07648d,0xA28731068548A4FC77A5942E23037697D80FDE9F,0x4200000000000000000000000000000000000006,0xe31eE12bDFDD0573D634124611e85338e2cBF0cF,0x940181a94A35A4569E4529A3CDfB74e38FD98631,18,18,18,60557429337410107,177447780222662539126,0.06055742933741011,177.44778022266254,177508337651999949233,0,26303980664869124722,26.303980664869126,0.0,0,0,0,nan,0
vAMM-JOJO/WETH,2.1363920899128484e-08,0xaC8caC537EFc414C5A2f10D03BCCb13d70cE1de4,0xCeA71355737c796f4d03334fAD8Ca9013E69D345,0x0645bC5cDff2376089323Ac20Df4119e48e4BCc4,0x4200000000000000000000000000000000000006,0x940181a94A35A4569E4529A3CDfB74e38FD98631,18,18,18,7652225277939121383730,6029896960991691,7652.225277939121,0.006029896960991691,7652231307836082375421,0,106790157573313764,0.10679015757331375,0.0,0,0,0,nan,0
vAMM-WETH/PDT,0.7237802224436846,0x04e5A1c883Dafd1eAE6b11BD6d3Eb784D90ce515,0x9EedfC62b0B6C3Ede0887B6E1178305543f8C650,0x4200000000000000000000000000000000000006,0xeff2A458E464b07088bDB441C21A42AB4b61e07E,0x940181a94A35A4569E4529A3CDfB74e38FD98631,18,18,18,0,0,0.0,0.0,0,24762412648128534,3617903491037649907138263,3617903.49103765,1.40005892768164e-22,506.5278082117834,0,506.5278082117834,7142.556504074452,1787184000
vAMM-AERO/PRIME,1.1644214314688395e-08,0xc0f9A9a1c8354f3D00B540b4a272ac0151255854,0xEeFCB46D600f084dFdF69c33e269deE52e956341,0x940181a94A35A4569E4529A3CDfB74e38FD98631,0xfA980cEd6895AC314E7dE34Ef1bFAE90a5AdD21b,0x940181a94A35A4569E4529A3CDfB74e38FD98631,18,18,18,83254336972261185022,26928800858792394460,83.25433697226119,26.928800858792396,110183137831053579482,0,58205021791376129,0.05820502179137613,0.0,0,0,0,nan,0
vAMM-USDC/sUSDz,3.890483267402449e-06,0x081064f90247b52914c6c04A3C053543705887D3,0xB1A5FA12346926547CFa90BF3A561a3629FcF742,0x833589fCD6eDb6E08f4c7C32D4f71b54bdA02913,0xe31eE12bDFDD0573D634124611e85338e2cBF0cF,0x940181a94A35A4569E4529A3CDfB74e38FD98631,18,6,18,99,17666860344713942,9.9e-05,0.01766686034471394,17666860344714041,0,19447053896328388316,19.447053896328388,0.0,0,0,0,nan,0
vAMM-AERO/MIGGLES,8.349214940448841e-05,0xD2b0960C6bBAA4dC6d00470ba283B34D2CC97b00,0xa15a735782145B87A741454A108D25Ea45b80166,0x940181a94A35A4569E4529A3CDfB74e38FD98631,0xB1a03EdA10342529bBF8EB700a06C60441fEf25d,0x940181a94A35A4569E4529A3CDfB74e38FD98631,18,18,18,51030064308774834941,1382308351494123227552,51.03006430877483,1382.3083514941231,1433338415802898062493,0,417345665766984457355,417.34566576698444,0.0,0,0,0,nan,0
vAMM-WETH/TIMI,6.437857032497594e-06,0xAcb7907c232907934B2578315dFcFa1bA60E87Af,0xe3f0820BAd87cF3bf736429a3C54a3aC78fEdFFf,0x4200000000000000000000000000000000000006,0x9bEec80e62aA257cED8b0edD8692f79EE8783777,0x940181a94A35A4569E4529A3CDfB74e38FD98631,18,18,18,2478967271841599,29751989550387189981876,0.002478967271841599,29751.98955038719,29751992029354461823475,0,32180411553711097197,32.180411553711096,0.0,0,0,0,nan,0
vAMM-EURC/USDC,9.969032008523171e-08,0xFDF5139b38525627B47538536042A7c8d2686BD9,0x1f077baf21b95314bD251b21aD1f0Cc8D5D86781,0x60a3E35Cc302bFA44Cb288Bc5a4F316Fdb1adb42,0x833589fCD6eDb6E08f4c7C32D4f71b54bdA02913,0x940181a94A35A4569E4529A3CDfB74e38FD98631,18,6,6,43168026,108966599,43.168026,108.966599,152134625,0,498314192450987272,0.49831419245098724,0.0,0,0,0,nan,0
vAMM-OGN/OETHb,0.11479583121281199,0x6FB655476fDCFB9712dD200308D941A1c6D1119e,0x147587251C3A4f8C907eDbC0e5A5eA953bdA743d,0x7002458B1DF59EccB57387bC79fFc7C29E22e6f7,0xDBFeFD2e8460a6Ee4955A68582F85708BAEA60A3,0x940181a94A35A4569E4529A3CDfB74e38FD98631,18,18,18,0,0,0.0,0.0,0,3917283577351132,573820927434524269097505,573820.9274345243,7.013614688962187e-22,402.4558885488685,0,402.4558885488685,1425.7983142041855,1787184000
vAMM-TKN/USD+,0.0001212538799722918,0x8f72e491E293ecB223E77123A046521d6d7cAd49,0x668584C6Db676352d50052bF303CC5041C70528f,0x78b3C724A2F663D11373C4a1978689271895256f,0xB79DD08EA68A908A97220C76d19A6aA9cBDE4376,0x940181a94A35A4569E4529A3CDfB74e38FD98631,18,18,6,0,0,0.0,0.0,0,4137584914075,606102269791915435334,606.1022697919154,2.5332623749317886e-21,1.5354160754246156,0,1.5354160754246156,394.7478989526011,1787184000
sAMM-weETH/cbETH,1.6382896597314273e-05,0x24Be4F7A32E5d131B30370BC53E93661e09E7dAB,0x284F8F51e047beF175680AC4D69C5C196C62c84a,0x04C0599Ae5A44757c0af6F9eC3b93da8976c150A,0x2Ae3F1Ec7F1F5012CFEab0185bfc7aa3cf0DEc22,0x940181a94A35A4569E4529A3CDfB74e38FD98631,18,18,18,4046791508359992,3951151928927305,0.004046791508359992,0.003951151928927305,7997943437287297,0,81891901650219421465,81.89190165021942,0.0,0,0,0,nan,0
vAMM-MODE/ION,8.274654761066043e-08,0x9E9F21e7812Bb0B47561bf619b275D91D3411721,0x7939EF558975FE95149f1613d90aFE5D22d64714,0x084382D1cc4f4DFD1769b1cC1Ac2A9b1f8365e90,0x3eE5e23eEE121094f1cFc0Ccc79d6C809Ebd22e5,0x940181a94A35A4569E4529A3CDfB74e38FD98631,18,18,18,46146071,57981681,4.6146071e-11,5.7981681e-11,104127752,0,413618684496749408,0.41361868449674943,0.0,0,0,0,nan,0
vAMM-WETH/RECORD,0.00016944911391821363,0x0AA3E62f4d97C404012352E881a2D0f2712c24A2,0x8351616F224a035Aa5ee6b9f74A68659701af3e9,0x4200000000000000000000000000000000000006,0xE642657E4F43e6DcF0bd73Ef24008394574Dee28,0x940181a94A35A4569E4529A3CDfB74e38FD98631,18,18,18,0,0,0.0,0.0,0,5782166905451,847012009706636386005,847.0120097066365,4.066653629852931e-20,34.445044638025195,0,34.445044638025195,24.590242765183927,1787184000
vAMM-EURC/APX,2.4779800225847124e-08,0x642849BC08552c0F38628d4DD2058756A7aC78F9,0xF4Be61A42fd3e1e211c88A8EEF180019A8C46486,0x60a3E35Cc302bFA44Cb288Bc5a4F316Fdb1adb42,0xcacf1ca03983CE6c7E235fb20C70aCC70ed13509,0x940181a94A35A4569E4529A3CDfB74e38FD98631,18,6,18,171529,33525422324574323380571,0.171529,33525.42232457433,33525422324574323552100,0,123864845935719615,0.12386484593571961,0.0,0,0,0,nan,0
vAMM-WETH/PEGG,2.4979242610344672e-05,0x887de0c0AA6C1d5e781B17867b29734f84Dc1372,0x43dA0491ddb804A0437D4a7dFAeE1fEE1B41a856,0x4200000000000000000000000000000000000006,0x82B0E1A2374EA0198f62A48B14FFaB53DB6C1E36,0x940181a94A35A4569E4529A3CDfB74e38FD98631,18,18,18,0,0,0.0,0.0,0,852374772607,124861782957151836676,124.86178295715183,0.0,0,0,0,nan,0
vAMM-APX/cbBTC,2.962666625362265e-09,0xAA342cCCdc06A1adFF2b41ae046E214c9B197Bb5,0xD3756Dc2545ddBfa4798c9A75062e8491658b482,0xcacf1ca03983CE6c7E235fb20C70aCC70ed13509,0xcbB7C0000aB88B473b1f5aFd9ef808440eed33Bf,0x940181a94A35A4569E4529A3CDfB74e38FD98631,18,18,8,108405044604939954726638,1448,108405.04460493996,1.448e-05,108405044604939954728086,0,14809249540543866,0.014809249540543867,0.0,0,0,0,nan,0
vAMM-USDC/cbBTC,0.004774582474704441,0x9c38b55f9A9Aba91BbCEDEb12bf4428f47A6a0B8,0xEDC76895e053A9bbAC456B5a9c5B49144eee0080,0x833589fCD6eDb6E08f4c7C32D4f71b54bdA02913,0xcbB7C0000aB88B473b1f5aFd9ef808440eed33Bf,0x940181a94A35A4569E4529A3CDfB74e38FD98631,18,6,8,0,0,0.0,0.0,0,162925699481896,23866331336270275338312,23866.331336270272,2.0198565636579115e-21,48.206566,0,48.206566,495.0846599666583,1787184000
vAMM-VIRTUAL/cbBTC,0.04581383496501034,0xb909F567c5c2Bb1A4271349708CC4637D7318b4A,0x8c44e7F913D0893Cd5A3CBBb2fCd59785a7801ab,0x0b3e328455c4059EEb9e3f84b5543F74E24e7E1b,0xcbB7C0000aB88B473b1f5aFd9ef808440eed33Bf,0x940181a94A35A4569E4529A3CDfB74e38FD98631,18,18,8,2319549966025122221,10419,2.3195499660251224,0.00010419,2319549966025132640,1545433328419375,229006027407208173177727,229006.02740720817,0.0,0,0,0,nan,0
vAMM-fBOMB/cbBTC,0.05602828020800103,0x3d36Cf85a0c275cF4894315a6c1D6C558D6d984C,0xA95EbEfbCB77Ae1daf0d2123784594F8ccE90274,0x74ccbe53F77b08632ce0CB91D3A545bF6B8E0979,0xcbB7C0000aB88B473b1f5aFd9ef808440eed33Bf,0x940181a94A35A4569E4529A3CDfB74e38FD98631,18,18,8,0,0,0.0,0.0,0,1911883770364936,280064174559749775966993,280064.1745597498,0.0,0,0,0,nan,0
vAMM-BRETT/cbBTC,5.324228076149414e-07,0xeC394d416D2FD269a051627DBBF1934A37a5D04E,0xD0c22E9B6A86381368B0b33928f12aE31dc7020F,0x532f27101965dd16442E59d40670FaF5eBB142E4,0xcbB7C0000aB88B473b1f5aFd9ef808440eed33Bf,0x940181a94A35A4569E4529A3CDfB74e38FD98631,18,18,8,142932556694805477779,6289,142.93255669480547,6.289e-05,142932556694805484068,0,2661380174045913717,2.6613801740459135,0.0,0,0,0,nan,0
vAMM-WETH/cbBTC,0.028842851390170555,0x2578365B3dfA7FfE60108e181EFb79FeDdec2319,0xAFdEBa12B6a870d6639d043030b4b49F9C7c62BB,0x4200000000000000000000000000000000000006,0xcbB7C0000aB88B473b1f5aFd9ef808440eed33Bf,0x940181a94A35A4569E4529A3CDfB74e38FD98631,18,18,8,0,0,0.0,0.0,0,949659656095327,144174501457999497399147,144174.5014579995,4.7997600000225e-21,692.0030051212916,0,692.0030051212916,208.3437505198827,1787184000
vAMM-AERO/KLIMA,2.8808188521214964e-08,0xf597b0EE3D51Dab24c213199E02E1b7ab9d7B5e7,0x9C25C4681666fC54c45199F8bc51C736f95F27F0,0x940181a94A35A4569E4529A3CDfB74e38FD98631,0xDCEFd8C8fCc492630B943ABcaB3429F12Ea9Fea2,0x940181a94A35A4569E4529A3CDfB74e38FD98631,18,18,9,62172718370353006870,311365667096,62.17271837035301,311.365667096,62172718681718673966,0,144001234890725212,0.14400123489072522,0.0,0,0,0,nan,0
vAMM-cbBTC/KLIMA,0.00015933280506710783,0x6CD89bc86E4a418f7f11e453384904B4493C4077,0xC913c26A4e8a79604fcd3d5a44560F5bE38aE32c,0xcbB7C0000aB88B473b1f5aFd9ef808440eed33Bf,0xDCEFd8C8fCc492630B943ABcaB3429F12Ea9Fea2,0x940181a94A35A4569E4529A3CDfB74e38FD98631,18,8,9,0,0,0.0,0.0,0,5437000988626,796444409247398156992,796.4444092473981,1.934526792373074e-21,1.5407430483248368,0,1.5407430483248368,516.9222798787424,1787184000
vAMM-WELS/PEGG,0.0004506925950699865,0x6D7Da1A335daBcA718E4ee5357041C96550D7563,0x076C466b97b7C0DAFacFDf855de150EB0E5adb58,0x7F62ac1e974D65Fab4A81821CA6AF659A5F46298,0x82B0E1A2374EA0198f62A48B14FFaB53DB6C1E36,0x940181a94A35A4569E4529A3CDfB74e38FD98631,18,18,18,6385837706471420034945,207755363706753371790,6385.8377064714205,207.75536370675337,6593593070178173406735,0,2252841764014064006911,2252.8417640140638,0.0,0,0,0,nan,0
sAMM-DOLA/zunUSD,2.635098879986044e-05,0x557c843afA9D8214534A2101D7B1200F1b0F6f6a,0x4C601a90a08A4660D439D8b22a11b739592263E3,0x4621b7A9c75199271F773Ebd9A499dbd165c3191,0xD5B9dDB04f20eA773C9b56607250149B26049B1F,0x940181a94A35A4569E4529A3CDfB74e38FD98631,18,18,18,3707670806605054901,9946207702829917764,3.707670806605055,9.946207702829918,13653878509434972665,0,131718623160813013160,131.71862316081302,0.0,0,0,0,nan,0
sAMM-tBTC/cbBTC,0.004673234364498895,0x488d6ea6064eEE9352fdCDB7BC50d98A7fF3AD4E,0x80AAd55965d1eA36bAf15Ae6Ed798145ec65916F,0x236aa50979D5f3De3Bd1Eeb40E81137F22ab794b,0xcbB7C0000aB88B473b1f5aFd9ef808440eed33Bf,0x940181a94A35A4569E4529A3CDfB74e38FD98631,18,18,8,0,11,0.0,1.1e-07,11,159467347914718,23359730478229776820906,23359.730478229776,1.0136827535071511e-22,2.3679355912356876,0,2.3679355912356876,9865.019371595194,1787184000
vAMM-DAI/OX,6.502944053419387e-07,0xaCC2c24D1e380De50eD04bE8d68F4E985a28bf2F,0x2D8aC6651a090E085E3638c166851eF9E5688540,0x50c5725949A6F0c72E6C4a641F24049A917DB0Cb,0xba0Dda8762C24dA9487f5FA026a9B64b695A07Ea,0x940181a94A35A4569E4529A3CDfB74e38FD98631,18,18,18,8579042782515268420,2718820313404901431328,8.579042782515268,2718.8203134049013,2727399356187416699748,0,3250575694574067081,3.250575694574067,0.0,0,0,0,nan,0
vAMM-USDC/superOETHb,0.0002679183657636312,0x295e0F68384aC506b0C033592Eef9674da5e4f99,0x634639c606BE9877856Fd7A4eD215D7839133fc0,0x833589fCD6eDb6E08f4c7C32D4f71b54bdA02913,0xDBFeFD2e8460a6Ee4955A68582F85708BAEA60A3,0x940181a94A35A4569E4529A3CDfB74e38FD98631,18,6,18,0,0,0.0,0.0,0,9142326478737,1339222544015787058900,1339.222544015787,4.0559263248737566e-21,5.431787971138034,0,5.431787971138034,246.55280197455895,1787184000
vAMM-WETH/MOR,0.004202587008419236,0x1eB79B7111fC98BBcbe79dd8043c2C98bc5698bd,0xABB4aC5F627eb41440950043012BECF7E749d342,0x4200000000000000000000000000000000000006,0x7431aDa8a591C955a994a21710752EF9b882b8e3,0x940181a94A35A4569E4529A3CDfB74e38FD98631,18,18,18,0,0,0.0,0.0,0,143408647830972,21007142413776653144690,21007.142413776655,2.3788631937727692e-21,49.97311789447613,0,49.97311789447613,420.3688562745995,1787184000
sAMM-jEUR/EURC,0.2502535567458121,0xC75799e0646470128a42D07335aB3BFa9E8Ee7C2,0x533eb2cEf740654D09764334Bd86E62F0a253d1a,0x4154550f4Db74Dc38d1FE98e1F3F28ed6daD627d,0x60a3E35Cc302bFA44Cb288Bc5a4F316Fdb1adb42,0x940181a94A35A4569E4529A3CDfB74e38FD98631,18,18,6,0,0,0.0,0.0,0,8539552421093116,1250922847184745697413764,1250922.8471847458,0.0,0,0,0,nan,0
vAMM-WETH/Silo,0.00012029210044223017,0x57bd5C33c8002A634b389Ab4de5e09eC1C31Dce7,0x99c34f5E11d91BF19A40CE316C5fBEAb44259D23,0x4200000000000000000000000000000000000006,0xF734eFdE0C424BA2B547b186586dE417b0954802,0x940181a94A35A4569E4529A3CDfB74e38FD98631,18,18,18,81751481803803792,7839005929194792045514,0.08175148180380379,7839.005929194792,7839087680676595849306,0,601294697808709969488,601.29469780871,0.0,0,0,0,nan,0
vAMM-WMTX/WETH,0.041665201632545404,0x1DDa8b6469df243971381f1f3F4137814ca68722,0xf2470b185647d1Fd0F432C223Ab0e80e0b23dCD3,0x3e31966d4f81C72D2a55310A6365A56A4393E98D,0x4200000000000000000000000000000000000006,0x940181a94A35A4569E4529A3CDfB74e38FD98631,18,6,18,14714042,153212641890111,14.714042,0.000153212641890111,153212656604153,1421769457752046,208268579006249867346962,208268.57900624984,0.0,0,0,0,nan,0
vAMM-JARVIS/wstETH,1.4895379572321294e-10,0xa5061aa5eB2e8abCE384B36a855549e8D9C8cEd5,0xc498a9a90516Ca3aD2d096BbAFaD169E7583Aa04,0x777b2839832982B35213063d850848369390EE16,0xc1CBa3fCea344f92D9239c08C0568f6F2F0ee452,0x940181a94A35A4569E4529A3CDfB74e38FD98631,18,18,18,50539034640576706,49511529877,0.050539034640576706,4.9511529877e-08,50539084152106583,0,744563668416971,0.000744563668416971,0.0,0,0,0,nan,0
vAMM-BOTTO/WETH,0.6855591871228989,0x55F618171d851d57906431ce9FEEe96Dc6f3877e,0xc6fC7E3838BCb2B0CC6da0251c4F32b8865Ed725,0x24914CB6BD01E6a0CF2a9c0478e33c25926e6a0c,0x4200000000000000000000000000000000000006,0x940181a94A35A4569E4529A3CDfB74e38FD98631,18,18,18,0,0,0.0,0.0,0,23393794980074789,3426850996329695980546880,3426850.996329696,1.9724155173061195e-23,67.59174080656628,0,67.59174080656628,50699.25638010481,1787184000
vAMM-cbBTC/TAROT,0.0886346759287481,0x2E26a29f782e51296d9D31f78D4883462a2d339d,0xD9f451A489d622E46E77b74dBD95A5616bca41e2,0xcbB7C0000aB88B473b1f5aFd9ef808440eed33Bf,0xF544251D25f3d243A36B07e7E7962a678f952691,0x940181a94A35A4569E4529A3CDfB74e38FD98631,18,8,18,0,0,0.0,0.0,0,3024540576944209,443051210196005539139238,443051.21019600553,2.8434891303801076e-23,12.59811300394094,0,12.59811300394094,35168.06128484562,1787184000
vAMM-BAVA/USDC,1.6348142067421517e-06,0x2215Ae205C5F28af4103e77478D65AF1044559F6,0x73e01eC7c5b11dFDf9b140708AbB8e63f002F10f,0x3fbdE9864362CE4Abb244EbeF2EF0482ABA8eA39,0x833589fCD6eDb6E08f4c7C32D4f71b54bdA02913,0x940181a94A35A4569E4529A3CDfB74e38FD98631,18,18,6,119179862769849258476355,6380835,119179.86276984926,6.380835,119179862769849264857190,0,8171817690460003505,8.171817690460003,0.0,0,0,0,nan,0
vAMM-USDC/TIMI,3.938103289775671e-05,0x029A7f478D7e2539615c69472E2027E1f37034C4,0xA2B3DddCBa94c47A0A257C41ab6Ed75BaE68a634,0x833589fCD6eDb6E08f4c7C32D4f71b54bdA02913,0x9bEec80e62aA257cED8b0edD8692f79EE8783777,0x940181a94A35A4569E4529A3CDfB74e38FD98631,18,6,18,4241758,5263747000157229497060,4.241758,5263.747000157229,5263747000157233738818,0,196850883712214580785,196.85088371221457,0.0,0,0,0,nan,0
vAMM-USDC/CARV,8.625170287582629e-06,0xbe54ED1762172820d088aa676a8E2947AeEB10b0,0xCe3Dff721ef6E293664da2Bb4Dcbca563aa43055,0x833589fCD6eDb6E08f4c7C32D4f71b54bdA02913,0xc08Cd26474722cE93F4D0c34D16201461c10AA8C,0x940181a94A35A4569E4529A3CDfB74e38FD98631,18,6,18,6578644,31656617501052856938,6.578644,31.656617501052857,31656617501059435582,0,43113962949806059481,43.11396294980606,0.0,0,0,0,nan,0
vAMM-WETH/TALENT,7.620393430802873e-08,0x53C1d63A83506623B866e880546FF87885b2120E,0x2b3197894d2D8D0355e344bda8Ece023a82C6251,0x4200000000000000000000000000000000000006,0x9a33406165f562E16C3abD82fd1185482E01b49a,0x940181a94A35A4569E4529A3CDfB74e38FD98631,18,18,18,3055128343603969,153864078424553935027,0.003055128343603969,153.86407842455392,153867133552897538996,0,380914635982986203,0.3809146359829862,0.0,0,0,0,nan,0
vAMM-WETH/AIXBT,5.066345306892266e-05,0xF3E7E359b75a7223BA9D71065C57DDd4F5D8747e,0x97de0E89a077be1B2479164a876A82589eD2D3a2,0x4200000000000000000000000000000000000006,0x4F9Fd6Be4a90f2620860d680c0d4d5Fb53d1A825,0x940181a94A35A4569E4529A3CDfB74e38FD98631,18,18,18,0,0,0.0,0.0,0,1728840804717,253247433464291964587,253.24743346429196,2.2663691238556583e-21,0.5739521638991615,0,0.5739521638991615,441.23439093573205,1787184000
sAMM-USDC/TOSHI,2.3601276884000826e-08,0xD15810D4298a9b53421988Aa14637838ed4049b0,0xB213c098473D52E27c9f0BCf1c6C42c6e8D6C1FE,0x833589fCD6eDb6E08f4c7C32D4f71b54bdA02913,0xAC1Bd2486aAf3B5C0fc3Fd868558b082a531B2B4,0x940181a94A35A4569E4529A3CDfB74e38FD98631,18,6,18,0,0,0.0,0.0,0,805427189,117973853642037770,0.11797385364203777,6.223422630034331e-21,0.000734201150508216,0,0.000734201150508216,160.68328626341153,1787184000
vAMM-fBOMB/USDC,0.09979621126702475,0xFf8e0bD2d8F02904e7e18Dd00ea50aeC68f37A10,0x0254263E74061b410Cbc33bf11fCe4A961ea8fE1,0x74ccbe53F77b08632ce0CB91D3A545bF6B8E0979,0x833589fCD6eDb6E08f4c7C32D4f71b54bdA02913,0x940181a94A35A4569E4529A3CDfB74e38FD98631,18,18,6,405997535103644485957,11938,405.9975351036445,0.011938,405997535103644497895,3405436396404556,498843502405030546458542,498843.50240503054,1.9757864067101245e-21,985.6082111275286,0,985.6082111275286,506.12758373264484,1787184000
vAMM-USDC/RECORD,2.8163458374629134e-06,0x2508ec71d3E0f227D2AA3F190f055E288770Bb20,0xC27d16C68AD5C22Ff15d20117DA3a40b6A7e89cf,0x833589fCD6eDb6E08f4c7C32D4f71b54bdA02913,0xE642657E4F43e6DcF0bd73Ef24008394574Dee28,0x940181a94A35A4569E4529A3CDfB74e38FD98631,18,6,18,212103,236055848409943581150,0.212103,236.0558484099436,236055848409943793253,0,14077847282044555790,14.077847282044555,0.0,0,0,0,nan,0
vAMM-WETH/VIS,2.723816898296459e-05,0xDbdfAc0F9268EF02c34Ed58c9Fab3517a98444dc,0x018b51fe7a1B422447f069c360f5759f64E72dB6,0x4200000000000000000000000000000000000006,0xFc60AA1fFCA50Ce08b3cDeC9626c0Bb9E9b09BeC,0x940181a94A35A4569E4529A3CDfB74e38FD98631,18,18,18,2654372372108749,245469299875091579387,0.002654372372108749,245.4692998750916,245471954247463688136,0,136153301233108184956,136.15330123310818,0.0,0,0,0,nan,0
vAMM-HENLO/WETH,4.110489209830213e-07,0x9342001C286d21C7507694Cd52A9AA73C3d5ce56,0xeD34DbC85cb8D0dE1dFc53309B7837D8bda43Cba,0x23A96680Ccde03Bd4Bdd9a3e9a0Cb56A5D27F7c9,0x4200000000000000000000000000000000000006,0x940181a94A35A4569E4529A3CDfB74e38FD98631,18,18,18,311154306633499562100707251966747,40298677492949437039,311154306633499.56,40.29867749294944,311154306633539860778200201403786,0,2054678036366822742,2.0546780363668224,0.0,0,0,0,nan,0
vAMM-USDC/G,0.0005752729759707333,0x637E0567eDD057f865Afb4602F3B961909E09774,0x509C953cDC289C476EA19f124c3E5804d479a1fb,0x833589fCD6eDb6E08f4c7C32D4f71b54bdA02913,0x9C7BEBa8F6eF6643aBd725e45a4E8387eF260649,0x940181a94A35A4569E4529A3CDfB74e38FD98631,18,6,18,1032261,130529529650745638485,1.032261,130.52952965074564,130529529650746670746,0,2875571953371623376189,2875.5719533716233,0.0,0,0,0,nan,0
vAMM-USDC/MCADE,0.0006348616800622393,0x1c3FCeA97a3161434901097878faF90227cD3394,0x918A82Cc55E919087944849812C44D07a7f2d5aD,0x833589fCD6eDb6E08f4c7C32D4f71b54bdA02913,0xc48823EC67720a04A9DFD8c7d109b2C3D6622094,0x940181a94A35A4569E4529A3CDfB74e38FD98631,18,6,18,15805400,8262527313522692755440,15.8054,8262.527313522693,8262527313522708560840,0,3173433339844978075641,3173.4333398449785,0.0,0,0,0,nan,0
vAMM-wXCH/cbBTC,5.7961048855466425e-08,0x3C5512cE278640F9Dea87a9217d49dEcc79951D6,0x116b2bC100CBA7A4BF7b4A2b061a6651D9Cc71bf,0x36be1d329444aeF5D28df3662Ec5B4F965Cd93E9,0xcbB7C0000aB88B473b1f5aFd9ef808440eed33Bf,0x940181a94A35A4569E4529A3CDfB74e38FD98631,18,18,8,10521726982322759,68,0.010521726982322758,6.8e-07,10521726982322827,0,289725353768853210,0.28972535376885317,0.0,0,0,0,nan,0
vAMM-WETH/FAI,0.000651991105272099,0x5447F7FE76894d98753A0A6d69B9cb840037c13D,0xC8A601c97574088a50A63fca15aF9448fd36579A,0x4200000000000000000000000000000000000006,0xb33Ff54b9F7242EF1593d2C9Bcd8f9df46c77935,0x940181a94A35A4569E4529A3CDfB74e38FD98631,18,18,18,0,0,0.0,0.0,0,22248707024647,3259056855581540613616,3259.0568555815407,3.1055418120059553e-21,10.121137332713129,0,10.121137332713129,322.00500284170136,1787184000
vAMM-WETH/COOKIE,0.00033524999286951585,0xeD445A77E75F18B04818d940d0E490C15C6072B7,0x6cf5A745dd93e1Bf18f5893409b1B1DaCBe7cc11,0x4200000000000000000000000000000000000006,0xC0041EF357B183448B235a8Ea73Ce4E4eC8c265F,0x940181a94A35A4569E4529A3CDfB74e38FD98631,18,18,18,20996833781040090,4517608649330298208332,0.02099683378104009,4517.608649330298,4517629646164079248422,11440155553623,1675787873116885907697,1675.787873116886,1.0277234081462474e-21,1.722246424289837,0,1.722246424289837,973.0244461432933,1787184000
vAMM-INTX/USDC,1.6438456504182892e-05,0xA3fCbeF28465ddBAE92F5Bf6EF2D22a6C23ea160,0x5A303807a8EC667Be61f500bF09A8ACCF1B58303,0x7D27187eb33a7B1d99258FF222633670F84fa342,0x833589fCD6eDb6E08f4c7C32D4f71b54bdA02913,0x940181a94A35A4569E4529A3CDfB74e38FD98631,18,18,6,1774846307290070491749,100732671,1774.8463072900704,100.732671,1774846307290171224420,0,82169624603663825649,82.16962460366382,0.0,0,0,0,nan,0
vAMM-USDC/MET,0.2564488446830873,0xdA9b1279A069A7166560f3D7f20B5b0237af8459,0x0472A241929cC4E34951bD761dFAc665c4692171,0x833589fCD6eDb6E08f4c7C32D4f71b54bdA02913,0x93dc5Cb35627A759848c7A7F0079EA7b49E435a5,0x940181a94A35A4569E4529A3CDfB74e38FD98631,18,6,18,0,0,0.0,0.0,0,8751066106915193,1281890747607025182079241,1281890.747607025,0.0,0,0,0,nan,0
vAMM-USDC/AUKI,0.021274394563762653,0x437846Bee5e09A17d4fd944e97fD29a54c30Ed7f,0x71dC14Ae59089140c2DD12cE22d1d0517226885D,0x833589fCD6eDb6E08f4c7C32D4f71b54bdA02913,0xF9569cFb8FD265e91aa478d86ae8c78b8AF55Df4,0x940181a94A35A4569E4529A3CDfB74e38FD98631,18,6,18,0,0,0.0,0.0,0,725967915519964,106342649294949532320997,106342.64929494953,2.1600861097909167e-21,229.70927962038732,0,229.70927962038732,462.9445073820663,1787184000
vAMM-cbBTC/CHAMP,0.28429368786434805,0x32450CEBe156B2Ca77Dd517e0182409d89b723Ff,0xCFede447ca3b4885720B5a327e3BFb02078f06e8,0xcbB7C0000aB88B473b1f5aFd9ef808440eed33Bf,0xEb6d78148F001F3aA2f588997c5E102E489Ad341,0x940181a94A35A4569E4529A3CDfB74e38FD98631,18,8,18,8585,1974831823248015026441,8.585e-05,1974.831823248015,1974831823248015035026,9701243470724644,1421076583623313203271562,1421076.5836233133,2.2501374016730165e-23,31.976175714525294,0,31.976175714525294,44441.730503056504,1787184000
vAMM-SKI/AERO,4.3234519693451824e-07,0x9EFC401fc56c277aF2024659862A7a05892B5980,0x4A6dA782B6ca505fb82FD57784f39734D073D0D6,0x768BE13e1680b5ebE0024C42c896E3dB59ec0149,0x940181a94A35A4569E4529A3CDfB74e38FD98631,0x940181a94A35A4569E4529A3CDfB74e38FD98631,18,9,18,118,29531823889893318,1.18e-07,0.029531823889893317,29531823889893436,0,2161130062440271853,2.161130062440272,0.0,0,0,0,nan,0
vAMM-AERO/MORPHO,0.002187922177291616,0xd433B339c5C801228E1343C678Dc26213A7B8Aac,0x3B1A591878D6B27dE5116741BCbd5f48B547D204,0x940181a94A35A4569E4529A3CDfB74e38FD98631,0xBAa5CC21fd487B8Fcc2F632f3F4E8D37262a0842,0x940181a94A35A4569E4529A3CDfB74e38FD98631,18,18,18,0,0,0.0,0.0,0,74661201850253,10936595167821032572299,10936.595167821033,1.869848744824578e-21,20.449778747204704,0,20.449778747204704,534.8026158628227,1787184000
sAMM-USR/USDC,0.00012004591472836641,0xd3eE0a3B349237D68517DF30bFB66Be971f46Ad9,0xBbebd633E692C892EAa6DDfbbD1517bEb3F0358A,0x35E5dB674D8e93a03d814FA0ADa70731efe8a4b9,0x833589fCD6eDb6E08f4c7C32D4f71b54bdA02913,0x940181a94A35A4569E4529A3CDfB74e38FD98631,18,18,6,0,0,0.0,0.0,0,4096504259481,600064108569031411269,600.0641085690314,9.630035865699439e-22,0.5778638887238735,0,0.5778638887238735,1038.4177317156534,1787184000
vAMM-MET/cbBTC,0.041069444234212424,0x5aAc53d1b18F1eAf908C223a94916B339B74309F,0x72Ee712cA4Ea8E2D3d91E0846d04EDf31485c435,0x93dc5Cb35627A759848c7A7F0079EA7b49E435a5,0xcbB7C0000aB88B473b1f5aFd9ef808440eed33Bf,0x940181a94A35A4569E4529A3CDfB74e38FD98631,18,18,8,0,0,0.0,0.0,0,1401454632841097,205290613175734078421678,205290.6131757341,3.453772259756718e-23,7.090270249747974,0,7.090270249747974,28953.848858304267,1787184000
vAMM-VIRTUAL/AIXBT,0.0008377274847603518,0xeb3458046d3aA2fdbBbF4FEe58C755744ec42ce2,0xBE208720227e7b8832BC3DE3B75E02C187783BD8,0x0b3e328455c4059EEb9e3f84b5543F74E24e7E1b,0x4F9Fd6Be4a90f2620860d680c0d4d5Fb53d1A825,0x940181a94A35A4569E4529A3CDfB74e38FD98631,18,18,18,0,0,0.0,0.0,0,28587013705304,4187482743614877664403,4187.482743614877,0.0,0,0,0,nan,0
vAMM-WETH/HEU,0.00768034767303706,0xF930E1342fC23c5c7BceaE58cBbc776Eeb4cFb87,0xa936fcE0237cA8F36d66BC2605B0f28584f8036b,0x4200000000000000000000000000000000000006,0xEF22cb48B8483dF6152e1423b19dF5553BbD818b,0x940181a94A35A4569E4529A3CDfB74e38FD98631,18,18,18,33498878607740,27554732465374521106,3.349887860774e-05,27.55473246537452,27554765964253128846,262086098787379,38391152171646534238113,38391.152171646536,1.0096659575868797e-21,38.76223942024912,0,38.76223942024912,990.4265786973926,1787184000
vAMM-WETH/ANZ,0.026809747891711484,0xE4faa73134C66832c272f067adC401f0963A9D7a,0xED2fE03dE7F663CC1265bCfF93af9f15Ff60AcC1,0x4200000000000000000000000000000000000006,0xeeC468333ccc16D4BF1cEf497A56cf8C0aAe4Ca3,0x940181a94A35A4569E4529A3CDfB74e38FD98631,18,18,18,605428120237248,18575196730258794702121,0.000605428120237248,18575.196730258795,18575197335686914939369,914856500985994,134011786290290887358259,134011.78629029088,0.0,0,0,0,nan,0
vAMM-WETH/MCADE,0.0005020453828801185,0x2b4A56fC7F4b78b7E27801Df979d350AFDFA26b5,0x3cC1Cf416751439bd4c8232E0B2023BF6CC2c94e,0x4200000000000000000000000000000000000006,0xc48823EC67720a04A9DFD8c7d109b2C3D6622094,0x940181a94A35A4569E4529A3CDfB74e38FD98631,18,18,18,334779374581728603,358461881307783519409048,0.33477937458172863,358461.88130778354,358462216087158101137651,0,2509534921041090078254,2509.53492104109,0.0,0,0,0,nan,0
vAMM-WETH/AIXCB,0.0002832691318310731,0x19C3c7EEfb070EE00ddE367A9768De1DF52cbE5d,0x8D02e0814526448e6be0Faca8e00925691Cda345,0x4200000000000000000000000000000000000006,0x76C71F1703Fbf19FFdcF3051E1e684Cb9934510f,0x940181a94A35A4569E4529A3CDfB74e38FD98631,18,18,18,0,0,0.0,0.0,0,9666412481017,1415955215651922121251,1415.9552156519223,7.958125498768907e-21,11.268349306794388,0,11.268349306794388,125.65773185591212,1787184000
vAMM-WETH/SAINT,0.0017573821774451621,0x971342176D5580cCf41d028D8bdf9DA71946fFDb,0x8890a5c5698e2ec7Fd9B496b7c661B14c8D68AeD,0x4200000000000000000000000000000000000006,0x7588880d9c78E81FAde7b7e8DC0781E95995a792,0x940181a94A35A4569E4529A3CDfB74e38FD98631,18,18,18,19283418851297916,50196891755606085105354,0.019283418851297918,50196.891755606084,50196911039024936403270,0,8784488602630892891138,8784.488602630892,0.0,0,0,0,nan,0
vAMM-WETH/SYMM,0.041438696910220334,0x3eB2a8015dE1419a5089dAb37b0056F0fc24f821,0x925bC135a96716D48aD5FE9AB553076146147785,0x4200000000000000000000000000000000000006,0x800822d361335b4d5F352Dac293cA4128b5B605f,0x940181a94A35A4569E4529A3CDfB74e38FD98631,18,18,18,0,0,0.0,0.0,0,1414064424473859,207136367597005176760702,207136.36759700516,0.0,0,0,0,nan,0
vAMM-cbETH/SPECTRA,0.026368598104363646,0xEf70044C0249a07234E07D673606e09b364dC977,0xeF495e3a8345e2E2683745Fa472640C8D360b55b,0x2Ae3F1Ec7F1F5012CFEab0185bfc7aa3cf0DEc22,0x64FCC3A02eeEba05Ef701b7eed066c6ebD5d4E51,0x940181a94A35A4569E4529A3CDfB74e38FD98631,18,18,18,0,0,0.0,0.0,0,899814664209983,131806645411575534344550,131806.64541157553,1.6669452917868535e-21,219.7144669950451,0,219.7144669950451,599.8997117224328,1787184000
vAMM-cbBTC/DEUS,0.05914302285528786,0x982534133b2B71Ab012404256Be316344Bb9f261,0x0Cf6C003718eBEe0F5C7a6C1445Cc73FE3e8fbEc,0xcbB7C0000aB88B473b1f5aFd9ef808440eed33Bf,0xDE5ed76E7c05eC5e4572CfC88d1ACEA165109E44,0x940181a94A35A4569E4529A3CDfB74e38FD98631,18,8,18,0,0,0.0,0.0,0,2018211256900796,295633594596202459457202,295633.5945962025,9.457673407859707e-23,27.960059860824813,0,27.960059860824813,10573.424952155356,1787184000
vAMM-WETH/ODOS,7.729194387116968e-06,0xd085Ef129A79d1fDE3912cD288A0F9558b33A282,0x5e6334757f1ae0054EFd7E6f33f56F5a54799597,0x4200000000000000000000000000000000000006,0xca73ed1815e5915489570014e024b7EbE65dE679,0x940181a94A35A4569E4529A3CDfB74e38FD98631,18,18,18,25873732595042183,22595249878247577232703,0.025873732595042182,22595.249878247578,22595275751980172274886,0,38635318414264708257,38.6353184142647,0.0,0,0,0,nan,0
vAMM-eBTC/cbBTC,4.730389619489252e-08,0x14048DFa85509B75d3951F318152Ec363999eAC0,0xC8360CBb1b81eDB6dC8107FDF37BDAe0759F3dAc,0x657e8C867D8B37dCC18fA4Caead9C45EB088C642,0xcbB7C0000aB88B473b1f5aFd9ef808440eed33Bf,0x940181a94A35A4569E4529A3CDfB74e38FD98631,18,8,8,97746,97617,0.00097746,0.00097617,195363,0,236454279733376232,0.2364542797333762,0.0,0,0,0,nan,0
vAMM-VIRTUAL/GAME,3.6055591292148504e-05,0x9f7700b6030471D89c643f30b2315A670Ab13bB4,0x08d745c2193617D1d50c8703907605d7903343d8,0x0b3e328455c4059EEb9e3f84b5543F74E24e7E1b,0x1C4CcA7C5DB003824208aDDA61Bd749e55F463a3,0x940181a94A35A4569E4529A3CDfB74e38FD98631,18,18,18,32037775370777073733,1487321762985202623682,32.03777537077708,1487.3217629852027,1519359538355979697415,0,180228259300689054490,180.22825930068905,0.0,0,0,0,nan,0
vAMM-WETH/GEKKO,9.69042574784847e-08,0x1977911144b93b6f949dECFF7D7EA7E081F7F08C,0xd4c7c645D4B4e991D0eF00D652CA32e472033a95,0x4200000000000000000000000000000000000006,0xf7b0dd0B642a6ccc2fc4d8FfE2BfFb0caC8C43C8,0x940181a94A35A4569E4529A3CDfB74e38FD98631,18,18,18,148260122178437636,262603238577813345426885,0.14826012217843765,262603.2385778133,262603386837935523864521,0,484387719581685061,0.4843877195816851,0.0,0,0,0,nan,0
vAMM-Anon/USDC,0.010737323508413494,0x3667af77FF1481aca513d2C97A32C0ac31ba813D,0x0c41ADAA6489213FE6ab44A4794a8212e84a6eF4,0x79bbF4508B1391af3A0F4B30bb5FC4aa9ab0E07C,0x833589fCD6eDb6E08f4c7C32D4f71b54bdA02913,0x940181a94A35A4569E4529A3CDfB74e38FD98631,18,18,6,0,0,0.0,0.0,0,227177030605747,53671817771329555424351,53671.81777132956,1.8042527930115012e-20,968.3752711992569,0,968.3752711992569,55.424605901864076,1787184000
vAMM-WETH/FLOCK,0.00976090082547803,0x4910C78a1C75E36548F1f2f1f4dCb71A4F69fC07,0x35388feDFe7C0d8EA803f2Ae5534F357b0b361ff,0x4200000000000000000000000000000000000006,0x5aB3D4c385B400F3aBB49e80DE2fAF6a88A7B691,0x940181a94A35A4569E4529A3CDfB74e38FD98631,18,18,18,0,0,0.0,0.0,0,333095792989754,48791050207118549838632,48791.050207118555,0.0,0,0,0,nan,0
vAMM-WETH/VEIL,0.8070721743512455,0xf207d02BECD4417aAA3383804b6B87b17602c86D,0xd2eBB7D16503BF671142e031A2FDC0cE9ce9253f,0x4200000000000000000000000000000000000006,0x767A739D1A152639e9Ea1D8c1BD55FDC5B217D7f,0x940181a94A35A4569E4529A3CDfB74e38FD98631,18,18,18,19982815637731521,1341360026956276297302,0.01998281563773152,1341.3600269562762,1341380009771914028823,27540917806893147,4034248445261859879305378,4034248.44526186,1.0517598560489931e-21,4243.060564054488,0,4243.060564054488,950.7873819757368,1787184000
vAMM-1000X/WETH,0.00031949032383794666,0x23dA62CE083687cD72EBCBA36eEc6752fa51B715,0x7d1a8AA63DBA54E39b141098f16Dd9EccB5aDE62,0x352b850b733ab8baB50aED1Dab5D22E3186ce984,0x4200000000000000000000000000000000000006,0x940181a94A35A4569E4529A3CDfB74e38FD98631,18,18,18,0,0,0.0,0.0,0,10902441521121,1597011250270786364165,1597.0112502707864,4.216031573876209e-21,6.733049854977155,0,6.733049854977155,237.1898745247305,1787184000
vAMM-BNKR/wBLT,0.0024194708691447613,0x17c9A4b6CAD28F5074C81B056C32bAD334329f25,0x378d2D0f69C0c838DF8019f62De8a891655381B9,0x22aF33FE49fD1Fa80c7149773dDe5890D3c76F3b,0x4E74D4Db6c0726ccded4656d0BCE448876BB4C7A,0x940181a94A35A4569E4529A3CDfB74e38FD98631,18,18,18,0,0,0.0,0.0,0,82563196746890,12094019472359662776104,12094.019472359663,0.0,0,0,0,nan,0
vAMM-USDC/SEND,0.001080835691322284,0x69bc1d350fE13F499c6AedEd2C5eA9471b2a599A,0x342D92F92b2365e15126b852A56820427Af56900,0x833589fCD6eDb6E08f4c7C32D4f71b54bdA02913,0xEab49138BA2Ea6dd776220fE26b7b8E446638956,0x940181a94A35A4569E4529A3CDfB74e38FD98631,18,6,18,0,0,0.0,0.0,0,36885302800450,5402688688660925876547,5402.688688660926,3.2323331118660448e-21,17.463289541462853,0,17.463289541462853,309.37405440328956,1787184000
vAMM-WETH/BID,0.007592766289501525,0x74F22A01Da78294f8dF640C98A414FE209e33f60,0x1AEeafdeAB8D8F99853CD5B7a8844cC4ffe0fC70,0x4200000000000000000000000000000000000006,0xa1832f7F4e534aE557f9B5AB76dE54B1873e498B,0x940181a94A35A4569E4529A3CDfB74e38FD98631,18,18,18,0,0,0.0,0.0,0,259100094433242,37953365971612899274095,37953.3659716129,0.0,0,0,0,nan,0
sAMM-Bold/USDC,3.881410886157517e-06,0xeb754F9750e1d2CD87835592d37eE9f15c217b50,0xc6081F7DA8762D5f76E1897Bf6dcC773aa62Ae7c,0x087C440F251Ff6Cfe62B86DdE1bE558B95b4bb9b,0x833589fCD6eDb6E08f4c7C32D4f71b54bdA02913,0x940181a94A35A4569E4529A3CDfB74e38FD98631,18,18,6,456694475714053241,405255,0.45669447571405325,0.405255,456694475714458496,0,19401704495004265347,19.401704495004267,0.0,0,0,0,nan,0
vAMM-USDC/USDT,0.0027557253135612574,0x5E7801e9B3aFf7C785E4E74Ff2076d4967d0cB6B,0x6f62Ebea59dA60C8e10B4Dcda88571de7C124Fb1,0x833589fCD6eDb6E08f4c7C32D4f71b54bdA02913,0xfde4C96c8593536E31F229EA8f37b2ADa2699bb2,0x940181a94A35A4569E4529A3CDfB74e38FD98631,18,6,6,0,0,0.0,0.0,0,94042743676716,13774828218727448098181,13774.828218727449,0.0,0,0,0,nan,0
vAMM-WETH/VVV,2.8500088383291793,0x01784ef301D79e4B2DF3a21ad9a536d4cF09A5Ce,0x37a70295FCefebBB0a29735A53E2e6786A02F930,0x4200000000000000000000000000000000000006,0xacfE6019Ed1A7Dc6f7B508C02d1b04ec88cC21bf,0x940181a94A35A4569E4529A3CDfB74e38FD98631,18,18,18,98746646945752453,6833314420312205003,0.09874664694575246,6.833314420312205,6932061067257957456,97255399225296507,14246115887038584644481194,14246115.887038585,4.389478243159724e-22,6253.301573568796,0,6253.301573568796,2278.175091899213,1787184000
vAMM-AERO/uADA,1.287144912425615e-06,0xa65bC40C8368Ac2f814b13caCC75a47A30a2ac81,0x6a1a65e681FB4a3DE02556c418f580ade8397e18,0x940181a94A35A4569E4529A3CDfB74e38FD98631,0xa3A34A0D9A08CCDDB6Ed422Ac0A28a06731335aA,0x940181a94A35A4569E4529A3CDfB74e38FD98631,18,18,18,11408846706674756522,13888891988572696362,11.408846706674757,13.888891988572697,25297738695247452884,0,6433950428230047049,6.433950428230046,0.0,0,0,0,nan,0
vAMM-Bold/POOL,4.994175884936983e-06,0x72cCcbd837E15500169323d3cC3FCC266db03700,0x191863cC6560E877B09dD3d7847DFD4CB84d6575,0x087C440F251Ff6Cfe62B86DdE1bE558B95b4bb9b,0xd652C5425aea2Afd5fb142e120FeCf79e18fafc3,0x940181a94A35A4569E4529A3CDfB74e38FD98631,18,18,18,9383761760861976502,45049521179930086178,9.383761760861976,45.04952117993009,54433282940792062680,0,24963995711247023403,24.963995711247023,0.0,0,0,0,nan,0
sAMM-USDC/cUSDO,0.00012377428253353443,0x5feDe9d65714907381A76AA9bF949219dD1c5023,0x78Fff283c03557ca8BBa0A134386b717e04490dc,0x833589fCD6eDb6E08f4c7C32D4f71b54bdA02913,0x83dB73EF5192de4B6a4c92bD0141Ba1a0Dc87c65,0x940181a94A35A4569E4529A3CDfB74e38FD98631,18,6,18,0,0,0.0,0.0,0,4223776278464,618700808605746462201,618.7008086057465,2.4646584577308847e-22,0.15248861807350902,0,0.15248861807350902,4057.357305890818,1787184000
vAMM-WETH/RIZ,0.00010614562232014237,0x04B27c418aaAD06539210ae9A0298076904Cd70B,0x055Ea0Fde71dDe3A4bb80856f5768016E99DCB3c,0x4200000000000000000000000000000000000006,0x67543CF0304C19CA62AC95ba82FD4F4B40788dc1,0x940181a94A35A4569E4529A3CDfB74e38FD98631,18,18,8,8953493776572031,1258269879139,0.00895349377657203,12582.69879139,8954752046451170,0,530581805971199915743,530.5818059711999,0.0,0,0,0,nan,0
vAMM-WETH/KTA,0.00973327297868347,0xd9eDC75a3a797Ec92Ca370F19051BAbebfb2edEe,0x0e62c181134Ca74837694a7D6d7501C3D4fe6363,0x4200000000000000000000000000000000000006,0xc0634090F2Fe6c6d75e61Be2b949464aBB498973,0x940181a94A35A4569E4529A3CDfB74e38FD98631,18,18,18,0,0,0.0,0.0,0,332146256599749,48652949053939183525836,48652.949053939185,7.792023992707339e-21,379.104946344262,0,379.104946344262,128.3363604803981,1787184000
vAMM-DRB/WETH,3.824963690373595e-06,0xDb6556a14976894a01085c2AbF3c85C86D1C15C8,0x0d3205883Db8C717E79C131046e21aB3C1A3eBAD,0x3ec2156D4c0A9CBdAB4a016633b7BcF6a8d68Ea2,0x4200000000000000000000000000000000000006,0x940181a94A35A4569E4529A3CDfB74e38FD98631,18,18,18,0,0,0.0,0.0,0,130540562049,19119546319976445398,19.119546319976443,5.696353021174439e-21,0.10891168544328245,0,0.10891168544328245,175.55091762796437,1787184000
vAMM-OVER/USDC,0.10776996435079898,0x889339213a0CC0a795F69cae5b1Db2223f944A4E,0xD4Ab5057b2eD8f62C61F9259Ce94975D60807A7D,0x7750C092e284e2c7366f50C8306F43c7EB2e82a2,0x833589fCD6eDb6E08f4c7C32D4f71b54bdA02913,0x940181a94A35A4569E4529A3CDfB74e38FD98631,18,18,6,0,0,0.0,0.0,0,3678169216210037,538701277215537507465690,538701.2772155375,0.0,0,0,0,nan,0
vAMM-VIRTUAL/cbETH,1.8934391548303644e-10,0x1e9282580BC3713a9B258c17BE4cA3F320AB70af,0x004c4149aFDA0aCaC8781b13f84E62f373b61B24,0x0b3e328455c4059EEb9e3f84b5543F74E24e7E1b,0x2Ae3F1Ec7F1F5012CFEab0185bfc7aa3cf0DEc22,0x940181a94A35A4569E4529A3CDfB74e38FD98631,18,18,18,2989203685245,1275498645,2.989203685245e-06,1.275498645e-09,2990479183890,0,946458595566440,0.00094645859556644,0.0,0,0,0,nan,0
vAMM-WETH/OVER,0.0030020920856986227,0xB452f81D9322936C2c8Ac6445f6892cB957aFB4c,0x07005714c9b5DEac0449B1f4054d8000b210C97C,0x4200000000000000000000000000000000000006,0x7750C092e284e2c7366f50C8306F43c7EB2e82a2,0x940181a94A35A4569E4529A3CDfB74e38FD98631,18,18,18,0,0,0.0,0.0,0,102445883966629,15006322500212602572483,15006.322500212602,5.57844674957634e-21,83.71197097440529,0,83.71197097440529,179.2613687808252,1787184000
sAMM-msUSD/USDT,1.7251105685292086e-06,0x5bD7A6393Bc746E9a9a8481A1e4b1dc5792bb242,0x4804726Db38Cd188Ee52B7E3e6aBdB6124552A9f,0x526728DBc96689597F85ae4cd716d4f7fCcBAE9d,0xfde4C96c8593536E31F229EA8f37b2ADa2699bb2,0x940181a94A35A4569E4529A3CDfB74e38FD98631,18,18,6,871037518203431,487,0.000871037518203431,0.000487,871037518203918,0,8623175039565808349,8.623175039565808,0.0,0,0,0,nan,0
vAMM-WETH/ZENT,0.00012735637741335948,0x82bdbC291762b478dE875E44fFF7b9717651bfe5,0xc771e723363c5434E4f69694F3404008F675410C,0x4200000000000000000000000000000000000006,0xdf49c226ED9CF05Be0e38cdb86Df4E8A945158B1,0x940181a94A35A4569E4529A3CDfB74e38FD98631,18,18,18,0,0,0.0,0.0,0,4346029493327,636606345630772611298,636.6063456307726,4.912232889936473e-23,0.03127158628949747,0,0.03127158628949747,20357.3409975872,1787184000
vAMM-cbBTC/EDGE,0.12913095873022307,0x594b83709464A83F37aC77E69DDD447a8A33c0EE,0x6e64524E3620C0Cd6af727B3D9Bd998396441aD0,0xcbB7C0000aB88B473b1f5aFd9ef808440eed33Bf,0xED6E000dEF95780fb89734c07EE2ce9F6dcAf110,0x940181a94A35A4569E4529A3CDfB74e38FD98631,18,8,18,0,0,0.0,0.0,0,4406615399868686,645476806224092552769628,645476.8062240926,3.5413987668114293e-22,228.58907655673815,0,228.58907655673815,2823.743006214379,1787184000
vAMM-ZORA/WETH,3.578982399382517e-08,0x84e6bEA6Efe00399B6697fE9BE3D303FCf3F4f8e,0x9e2f066e89B669e1b5cdb7b9e6e4b2B14ec02255,0x1111111111166b7FE7bd91427724B487980aFc69,0x4200000000000000000000000000000000000006,0x940181a94A35A4569E4529A3CDfB74e38FD98631,18,18,18,1583394918940345589909,15948324018274312,1583.3949189403456,0.015948324018274312,1583410867264363864221,0,178899789128954746,0.17889978912895474,0.0,0,0,0,nan,0
vAMM-AERO/TOWER,0.00011623766937281685,0x41fe2f2FD39E87E7e92a62E04e689bE807066A44,0xaB0666D38CB5983570c5106E5eD39523AF38f099,0x940181a94A35A4569E4529A3CDfB74e38FD98631,0xf7C1CEfCf7E1dd8161e00099facD3E1Db9e528ee,0x940181a94A35A4569E4529A3CDfB74e38FD98631,18,18,18,0,0,0.0,0.0,0,3966630425238,581028130879488198096,581.0281308794882,3.775455036716652e-21,2.1936455832030255,0,2.1936455832030255,264.86873509945343,1787184000
vAMM-AERO/CHAMP,0.001327111797764021,0x48a346A833775ed92bF52Dd598246e5a71f3d4A5,0x987fe7bBbfa94404d8F38D3B6F52e8c912d4F36A,0x940181a94A35A4569E4529A3CDfB74e38FD98631,0xEb6d78148F001F3aA2f588997c5E102E489Ad341,0x940181a94A35A4569E4529A3CDfB74e38FD98631,18,18,18,0,0,0.0,0.0,0,45287917962460,6633729766636840117792,6633.72976663684,3.3997997115167323e-22,2.255335254689189,0,2.255335254689189,2941.3497407289206,1787184000
vAMM-AWE/USDC,0.0025207788902625212,0xcb7f520d18141E36956fE0b3A6Bc3D4F11245521,0xC7a0De60A7572e86d973B39b1deE9BE8829c8d91,0x1B4617734C43F6159F3a70b7E06d883647512778,0x833589fCD6eDb6E08f4c7C32D4f71b54bdA02913,0x940181a94A35A4569E4529A3CDfB74e38FD98631,18,18,6,0,0,0.0,0.0,0,86022015492474,12600419940217952245539,12600.419940217953,3.154395119025245e-22,3.9746703157091883,0,3.9746703157091883,3170.1798990515013,1787184000
sAMM-BOLD/USDC,0.00017662340425691748,0x2De3fE21d32319a1550264dA37846737885Ad7A1,0x7fDCBc8C442C667D41a1041bdc6e588393cEb6fe,0x03569CC076654F82679C4BA2124D64774781B01D,0x833589fCD6eDb6E08f4c7C32D4f71b54bdA02913,0x940181a94A35A4569E4529A3CDfB74e38FD98631,18,18,6,0,0,0.0,0.0,0,6027303996328,882873572729842490623,882.8735727298424,2.0189293090928445e-22,0.1782459332207792,0,0.1782459332207792,4953.120426238822,1787184000
sAMM-BOLD/LUSD,1.4223408362806018e-05,0xEf3EFc734a3FE0bF20762992ec839939bA3Af050,0x152cB3894E3f2160De21708439e35EFfCB408143,0x03569CC076654F82679C4BA2124D64774781B01D,0x368181499736d0c0CC614DBB145E2EC1AC86b8c6,0x940181a94A35A4569E4529A3CDfB74e38FD98631,18,18,18,0,0,0.0,0.0,0,485376252524,71097437004440783266,71.09743700444078,1.056971527308869e-21,0.07514796657832988,0,0.07514796657832988,946.0992790847232,1787184000
vAMM-BOLD/POOL,7.766251881388472e-05,0xAa10db59a60e511872a70aAAf1aff09fb173ba75,0xD51CEdaA7cD1Cd3cb8bc8F4C189698e9967240ff,0x03569CC076654F82679C4BA2124D64774781B01D,0xd652C5425aea2Afd5fb142e120FeCf79e18fafc3,0x940181a94A35A4569E4529A3CDfB74e38FD98631,18,18,18,0,0,0.0,0.0,0,2650246789099,388205548074909849855,388.2055480749098,0.0,0,0,0,nan,0
vAMM-WETH/APU,0.001331546142937713,0x24dFbc9e3eEDA5A4d5C8851eD4E656d306815498,0x29Ea6bdB07e55c53b32475E0836c01557803E099,0x4200000000000000000000000000000000000006,0xB9926b3fBc5873Db0182016D55727D5ae89E5EFd,0x940181a94A35A4569E4529A3CDfB74e38FD98631,18,18,18,0,0,0.0,0.0,0,45439245581547,6655895380433525328097,6655.895380433526,0.0,0,0,0,nan,0
vAMM-WETH/TLOS,0.714844113469898,0xC3b22240657fa67b77D0f1b7A1C1012DB60D46fb,0x44B8B5521723D05E82e5DAfCE8b37a1082b6d3B2,0x4200000000000000000000000000000000000006,0x7252c865c05378Ffc15120F428dd65804dD0CE63,0x940181a94A35A4569E4529A3CDfB74e38FD98631,18,18,18,18621084523816136,1264294969722940465214,0.018621084523816136,1264.2949697229406,1264313590807464281350,24394422372593503,3573235263238608803889847,3573235.263238609,0.0,0,0,0,nan,0
vAMM-USDC/cbXRP,2.0398274924346604e-07,0x956f325E63c54DE57E6e8A7c674ed8615F7Abf6B,0x9A4818C9bbAF0BC276E6f9410C7EEb84bACc0691,0x833589fCD6eDb6E08f4c7C32D4f71b54bdA02913,0xcb585250f852C6c6bf90434AB21A00f02833a4af,0x940181a94A35A4569E4529A3CDfB74e38FD98631,18,6,6,0,0,0.0,0.0,0,6961894006,1019632586958141663,1.0196325869581417,0.0,0,0,0,nan,1787184000
vAMM-wstETH/cbBTC,7.115626874982632e-11,0xc0734F84e402D69A445D93C60aD2C72258F159b6,0x2256edefD747c76973da71475311DdAec4265CB6,0xc1CBa3fCea344f92D9239c08C0568f6F2F0ee452,0xcbB7C0000aB88B473b1f5aFd9ef808440eed33Bf,0x940181a94A35A4569E4529A3CDfB74e38FD98631,18,18,8,2189721446420,31,2.18972144642e-06,3.1e-07,2189721446451,0,355683265632808,0.000355683265632808,0.0,0,0,0,nan,0
vAMM-RIPE/WETH,6.9494571818406625e-09,0x765824aD2eD0ECB70ECc25B0Cf285832b335d6A9,0x49AAAFd906FB80959721c71a297B071Fc0693A95,0x2A0a59d6B975828e781EcaC125dBA40d7ee5dDC0,0x4200000000000000000000000000000000000006,0x940181a94A35A4569E4529A3CDfB74e38FD98631,18,18,18,2016464667183537005518,4934793576601464072,2016.464667183537,4.934793576601464,2021399460760138469590,0,34737707137271592,0.03473770713727159,0.0,0,0,0,nan,0
vAMM-EIGEN/KING,2.495594516817789e-06,0x6F01b54c399b27AA0D9D84931b1e730eE55D1080,0xA0e41131422843F4519B8C31D176C9cf902a543C,0x2081Ab0D9EC9e4303234Ab26D86b20B3367946ee,0xE22C243c7559C667a1EB94B593369D192c5fbac0,0x940181a94A35A4569E4529A3CDfB74e38FD98631,18,18,18,0,0,0.0,0.0,0,85164018067,12474532785830584994,12.474532785830585,3.33545947996562e-21,0.04160829863864056,0,0.04160829863864056,299.80876877877927,1787184000
vAMM-FLOCK/AERO,0.002587281731023144,0xdAA601bc9E5B00337f11fB17CD574D3f01633Fe6,0x85b1A485194F0e3F9281dDf0ea212933Bc42dea7,0x5aB3D4c385B400F3aBB49e80DE2fAF6a88A7B691,0x940181a94A35A4569E4529A3CDfB74e38FD98631,0x940181a94A35A4569E4529A3CDfB74e38FD98631,18,18,18,0,0,0.0,0.0,0,88293210740716,12932842479948926484400,12932.842479948928,6.12292479287134e-22,7.918682186277896,0,7.918682186277896,1633.206406788235,1787184000
vAMM-WETH/LCAP,0.03572286921176991,0xb8B1a52b1893F3369eDb63aeE516F2e8B7D45A53,0xF8f03483a2Cf356F8E0d95E43eAF7C77a5524348,0x4200000000000000000000000000000000000006,0x4dA9A0f397dB1397902070f93a4D6ddBC0E0E6e8,0x940181a94A35A4569E4529A3CDfB74e38FD98631,18,18,18,0,0,0.0,0.0,0,1219093880124826,178565107505683092768817,178565.10750568312,0.0,0,0,0,nan,0
vAMM-AERO/MAI,0.001250738490684534,0x104DAaf3D7108B5e52A4c200E58A7083171B3054,0xb3c6adc4F8939e3C778929B09f9c5Df74E4Ef6A0,0x940181a94A35A4569E4529A3CDfB74e38FD98631,0xbf1aeA8670D2528E08334083616dD9C5F3B087aE,0x940181a94A35A4569E4529A3CDfB74e38FD98631,18,18,18,0,0,0.0,0.0,0,42685072687931,6251968500251219828788,6251.96850025122,0.0,0,0,0,nan,0
vAMM-SYND/WETH,0.021784181252402376,0xA6f77321B8726FaAB89B72f28C2603b667448BC2,0xb41228D378ae3fE96eF1B1f927856a1Ca73BF903,0x11dC28D01984079b7efE7763b533e6ed9E3722B9,0x4200000000000000000000000000000000000006,0x940181a94A35A4569E4529A3CDfB74e38FD98631,18,18,18,0,0,0.0,0.0,0,743416266227119,108890880074573640642342,108890.88007457364,0.0,0,0,0,nan,0
vAMM-WETH/PHI,0.00047177542673413654,0x99ba9f844FCDC60Fc9e52af59f165cD91F86360E,0xB27773092F3D548044d6d8527d468072426603Cc,0x4200000000000000000000000000000000000006,0xFb3aD5550ca5730A6F91350032c4Da1eFdfDE3E8,0x940181a94A35A4569E4529A3CDfB74e38FD98631,18,18,18,0,0,0.0,0.0,0,16100169333098,2358226862851332283501,2358.226862851332,0.0,0,0,0,nan,1787184000
vAMM-kVCM/WETH,0.00018483792026641836,0x5e710Fe3C079182a6a2be9cA3c200317d6C34A5D,0x3d4a5eAC08225e29EbbAeDE8721B23F57541Eb10,0x00fBAC94Fec8D4089d3fe979F39454F48c71A65d,0x4200000000000000000000000000000000000006,0x940181a94A35A4569E4529A3CDfB74e38FD98631,18,18,18,0,0,0.0,0.0,0,6307899707442,923934830313832704141,923.9348303138327,0.0,0,0,0,nan,0
vAMM-LCAP/eUSD,0.09466350499940909,0xe39E901F5C53fDA90eF90FeEF3ed1F0126b557a7,0xe3F63B420E0B046C8b27Ca54BBfE0AB64fd928C0,0x4dA9A0f397dB1397902070f93a4D6ddBC0E0E6e8,0xCfA3Ef56d303AE4fAabA0592388F19d7C3399FB4,0x940181a94A35A4569E4529A3CDfB74e38FD98631,18,18,18,0,0,0.0,0.0,0,3230559231763466,473187045723496475940429,473187.04572349647,7.197124592397998e-23,34.05586123580732,0,34.05586123580732,13894.437801677846,1787184000
vAMM-kVCM/USDC,0.022039013887469466,0x5C0D76fab1822bDeb47308eD6028231761ED723E,0x57387e4639048B67C30C911a145368bC5B33fE3b,0x00fBAC94Fec8D4089d3fe979F39454F48c71A65d,0x833589fCD6eDb6E08f4c7C32D4f71b54bdA02913,0x940181a94A35A4569E4529A3CDfB74e38FD98631,18,18,6,0,0,0.0,0.0,0,752120257680846,110164692001800331502878,110164.69200180034,4.5789224719566195e-22,50.44355838232232,0,50.44355838232232,2183.9199202966415,1787184000
vAMM-WETH/EDEL,0.013832092807108246,0x566beE7EF7b39f29d150AB3be6b6242C17CC5A31,0xde43127cb5381E4466A8046E1c2C2Dc2d30999D7,0x4200000000000000000000000000000000000006,0xFb31f85A8367210B2e4Ed2360D2dA9Dc2D2Ccc95,0x940181a94A35A4569E4529A3CDfB74e38FD98631,18,18,18,0,0,0.0,0.0,0,472052394891525,69141398595051299803130,69141.3985950513,0.0,0,0,0,nan,0
vAMM-FLOCK/DGLD,0.0016030214368147819,0x2b1CEd170A3cB7CFB1e21657B4BCc3Dd0594639a,0x89f0D55D0A78Ac4F50E9C3bFB61E103250AD566C,0x5aB3D4c385B400F3aBB49e80DE2fAF6a88A7B691,0xd02f50E1017F493ffFFa70c8fCf09e349e11d6c9,0x940181a94A35A4569E4529A3CDfB74e38FD98631,18,18,18,2754982414540349507586,0,2754.9824145403495,0.0,2754982414540349507586,0,8012897662330970622412,8012.897662330971,0.0,0,0,0,nan,0
vAMM-WBTC/USDT,1.0493149206869741e-08,0xD7f91d93d105578f96B19a247C68b5b512a07D7c,0x31d4E5b4faCC648CFD6c87d10a46473785Bb77a7,0x0555E30da8f98308EdB960aa94C0Db47230d2B9c,0xfde4C96c8593536E31F229EA8f37b2ADa2699bb2,0x940181a94A35A4569E4529A3CDfB74e38FD98631,18,8,6,4,1644,4e-08,0.001644,1648,358111482,52451282820824528,0.05245128282082453,0.0,0,0,0,nan,1787184000
vAMM-PHNM/USDC,0.00020792724081995152,0xF687f5a1A37B03fAB632AB0f9E41A62b2b0EA4D8,0x19c38452e702d749978Ecc82AB66ADDF28A37AF1,0x3fDa9cc61B1FEf8b2fFd715F0A9EeF7182e48F37,0x833589fCD6eDb6E08f4c7C32D4f71b54bdA02913,0x940181a94A35A4569E4529A3CDfB74e38FD98631,18,18,6,0,0,0.0,0.0,0,7096237058264,1039349607957628645494,1039.3496079576287,7.2553311450843045e-22,0.7540825581246144,0,0.7540825581246144,1378.2968413199567,1787184000
vAMM-USDC/ZEN,1.6898404007771566e-05,0xD1291750B30ca46587aA533C68a470F13bE5cbC9,0x8D53866D2412d12c19Df63Da94a94418C48D0F26,0x833589fCD6eDb6E08f4c7C32D4f71b54bdA02913,0xf43eB8De897Fbc7F2502483B2Bef7Bb9EA179229,0x940181a94A35A4569E4529A3CDfB74e38FD98631,18,6,18,0,0,0.0,0.0,0,576716548887,84468728153784638442,84.46872815378462,5.370097730469803e-21,0.45360532535430964,0,0.45360532535430964,186.2163502772071,1787184000
vAMM-SOL/fBOMB,0.12405498123405495,0xB8fA852a85Af20284906a898595f59BdD8C66cbE,0x96f03A43be421aeb8768d7eaA7E4bEd1B4782E39,0x311935Cd80B76769bF2ecC9D8Ab7635b2139cf82,0x74ccbe53F77b08632ce0CB91D3A545bF6B8E0979,0x940181a94A35A4569E4529A3CDfB74e38FD98631,18,9,18,0,0,0.0,0.0,0,4233847805329777,620103915207795014798634,620103.915207795,4.349584295009959e-23,26.971942508620124,0,26.971942508620124,22990.702839056263,1787184000
sAMM-msUSD/frxUSD,0.0015796640206242338,0xA678C47022f2E5286C51cC433be1599BBA88DF05,0x90C2eafBb37fDFB54bDAc0C12F59b14417F280cb,0x526728DBc96689597F85ae4cd716d4f7fCcBAE9d,0xe5020A6d073a794B6E7f05678707dE47986Fb0b6,0x940181a94A35A4569E4529A3CDfB74e38FD98631,18,18,18,0,0,0.0,0.0,0,53912039487233,7896142776031243696020,7896.1427760312445,0.0,0,0,0,nan,0
sAMM-eUSD/frxUSD,0.005001684544265751,0x0cd7AdBda66220D98aE8f85564Cc7E87dA5B67CF,0x93c6506b5e5CD71f49e5B0F728A3b1d922d503c8,0xCfA3Ef56d303AE4fAabA0592388F19d7C3399FB4,0xe5020A6d073a794B6E7f05678707dE47986Fb0b6,0x940181a94A35A4569E4529A3CDfB74e38FD98631,18,18,18,0,0,0.0,0.0,0,170703192208559,25001528658343644788878,25001.528658343646,5.395257282092855e-23,1.3488967955738176,0,1.3488967955738176,18534.79728054959,1787184000
vAMM-AERO/VVV,0.00019478722552631586,0xE46d786F1FC1c43BfFaDc2D8704AdbdbA5B45209,0x788e7E7cF8fB92F47c17610dd200A532e8fA930e,0x940181a94A35A4569E4529A3CDfB74e38FD98631,0xacfE6019Ed1A7Dc6f7B508C02d1b04ec88cC21bf,0x940181a94A35A4569E4529A3CDfB74e38FD98631,18,18,18,0,0,0.0,0.0,0,6648140203433,973667643006131972238,973.667643006132,8.563326733322357e-23,0.0833783415672538,0,0.0833783415672538,11677.70460174915,1787184000
vAMM-HYPE/AAVE,2.014914839111347e-08,0xdABf94060fd5b0AC9dD8557cc3e9A84BB8211937,0xaA4999A574EF9C9cD513F34A56aFaa9A81535404,0x15D0e0c55a3E7eE67152aD7E89acf164253Ff68d,0x63706e401c06ac8513145b7687A14804d17f814b,0x940181a94A35A4569E4529A3CDfB74e38FD98631,18,18,18,0,0,0.0,0.0,0,687695881,100717969412761981,0.10071796941276198,0.0,0,0,0,nan,0
vAMM-HYPE/AERO,3.735508204888961e-06,0x9EeCe9Af59f90111C7bb84eB78b310704BcBC588,0xD1431330558e66d86d9ee97665611F4eccDA0412,0x15D0e0c55a3E7eE67152aD7E89acf164253Ff68d,0x940181a94A35A4569E4529A3CDfB74e38FD98631,0x940181a94A35A4569E4529A3CDfB74e38FD98631,18,18,18,0,0,0.0,0.0,0,127494322343,18672392193362401123,18.6723921933624,7.86877105381091e-21,0.14692877919653485,0,0.14692877919653485,127.08464805513586,1787184000
vAMM-weETH/ETHFI,1.078107018525873e-05,0xeAd14cE57F42eD6A9265DeF95FD509aCdf9Da1Ce,0x43D439DFA6a2285046dB586D6f1b06dCf66ccB83,0x04C0599Ae5A44757c0af6F9eC3b93da8976c150A,0x6C240DDA6b5c336DF09A4D011139beAAa1eA2Aa2,0x940181a94A35A4569E4529A3CDfB74e38FD98631,18,18,18,0,0,0.0,0.0,0,367964492615,53890490857401608654,53.89049085740161,1.829605864512303e-22,0.009859835811414863,0,0.009859835811414863,5465.658038140135,1787184000
vAMM-fBOMB/USDbC,2.2999798069769595,0xC395664B295ed5bf1D249Ae8be9740655AA174ef,0x81F1f6FC6A1447F11a83f9FB9c66376B112fc877,0x74ccbe53F77b08632ce0CB91D3A545bF6B8E0979,0xd9aAEc86B65D86f6A7B5B1b0c42FFA531710b6CA,0x940181a94A35A4569E4529A3CDfB74e38FD98631,18,18,6,1943765947714094864455,7794774,1943.7659477140949,7.794774,1943765947714102659229,78499968758057820,11496728861813416369992841,11496728.861813415,0.0,0,0,0,nan,0
CL-USDC/USDbC,0.0017292959750959695,0x98c7A2338336d2d354663246F64676009c7bDa97,0x4a3E1294d7869567B387FC3d5e5Ccf14BE2Bbe0a,0x833589fCD6eDb6E08f4c7C32D4f71b54bdA02913,0xd9aAEc86B65D86f6A7B5B1b0c42FFA531710b6CA,0x940181a94A35A4569E4529A3CDfB74e38FD98631,18,6,6,6525870,4985773,6.52587,4.985773,11511643,59007917644668,8644096303451924994319,8644.096303451925,0.0,0,0,0,nan,0
CL-WETH/USDC,10.94685425514665,0xb2cc224c1c9feE385f8ad6a55b4d94E92359DC59,0xF33a96b5932D9E9B9A0eDA447AbD8C9d48d2e0c8,0x4200000000000000000000000000000000000006,0x833589fCD6eDb6E08f4c7C32D4f71b54bdA02913,0x940181a94A35A4569E4529A3CDfB74e38FD98631,18,18,6,578567743295653347,1180148307,0.5785677432956533,1180.148307,578567744475801654,373534268886706298,54719182698663696115800167,54719182.6986637,0.0,0,0,0,nan,0
CL-cbETH/WETH,0.2461593762420496,0x47cA96Ea59C13F72745928887f84C9F52C3D7348,0xF5550F8F0331B8CAA165046667f4E6628E9E3Aac,0x2Ae3F1Ec7F1F5012CFEab0185bfc7aa3cf0DEc22,0x4200000000000000000000000000000000000006,0x940181a94A35A4569E4529A3CDfB74e38FD98631,18,18,18,5602015474245920,7152543922056785,0.00560201547424592,0.007152543922056785,12754559396302705,8399575258169200,1230457587872339714446478,1230457.5878723396,0.0,0,0,0,nan,0
CL-WETH/wstETH,0.27405292965201933,0x861A2922bE165a5Bd41b1E482B49216b465e1B5F,0x2A1f7bf46bd975b5004b61c6040597E1B6117040,0x4200000000000000000000000000000000000006,0xc1CBa3fCea344f92D9239c08C0568f6F2F0ee452,0x940181a94A35A4569E4529A3CDfB74e38FD98631,18,18,18,4985115319232759,2038500900973321,0.004985115319232759,0.002038500900973321,7023616220206080,9351373254498297,1369886907892515771094387,1369886.9078925159,0.0,0,0,0,nan,0
CL-WETH/DEGEN,0.01762152612152576,0xaFB62448929664Bfccb0aAe22f232520e765bA88,0x319e23D38d8ee58783Ff5331507b808709bd00b0,0x4200000000000000000000000000000000000006,0x4ed4E862860beD51a9570b96d89aF5E1B0Efefed,0x940181a94A35A4569E4529A3CDfB74e38FD98631,18,18,18,730747202180227,741013585916168904909,0.000730747202180227,741.013585916169,741014316663371085136,601290685415879,88083342008477778563369,88083.34200847779,0.0,0,0,0,nan,0
CL-ezETH/WETH,0.0011325357537028248,0xDC7EAd706795eDa3FEDa08Ad519d9452BAdF2C0d,0xC6B4fe83Fb284bDdE1f1d19F0B5beB31011B280A,0x2416092f143378750bb29b79eD961ab195CcEea5,0x4200000000000000000000000000000000000006,0x940181a94A35A4569E4529A3CDfB74e38FD98631,18,18,18,42397711347166330,90715983567311960,0.04239771134716633,0.09071598356731196,133113694914478290,413214871905,5661117739874710354272,5661.1177398747095,0.0,0,0,0,nan,0
CL-USDC/USD+,0.00047237785202583656,0x0c1A09d5D0445047DA3Ab4994262b22404288A3B,0xeA22A3AAdA580bD75Fb6caC35034e09046cbFf72,0x833589fCD6eDb6E08f4c7C32D4f71b54bdA02913,0xB79DD08EA68A908A97220C76d19A6aA9cBDE4376,0x940181a94A35A4569E4529A3CDfB74e38FD98631,18,6,6,2114,1149,0.002114,0.001149,3263,16118717553805,2361238158958004642528,2361.238158958005,0.0,0,0,0,nan,0
CL-WETH/PRIME,0.002679262777506136,0x87Cd18069B6547a0E88b6155DD657E71779500eA,0xf9f8138150F67a469Fa5437e75ad16EAAab8C09e,0x4200000000000000000000000000000000000006,0xfA980cEd6895AC314E7dE34Ef1bFAE90a5AdD21b,0x940181a94A35A4569E4529A3CDfB74e38FD98631,18,18,18,4085515789889,341699883235079967,4.085515789889e-06,0.34169988323508,341703968750869856,91423779780134,13392620930452257441211,13392.620930452256,0.0,0,0,0,nan,0
CL-wBLT/USDC,0.059295446257414376,0x7cE345561E1690445eEfA0dB04F59d64b65598A8,0xf00d67799Cd4E1A77D14671149b599A96DcD38eC,0x4E74D4Db6c0726ccded4656d0BCE448876BB4C7A,0x833589fCD6eDb6E08f4c7C32D4f71b54bdA02913,0x940181a94A35A4569E4529A3CDfB74e38FD98631,18,18,6,6922779526498867274,8022553,6.922779526498867,8.022553,6922779526506889827,2023309547710400,296395501514310128547394,296395.50151431013,0.0,0,0,0,nan,0
CL-WETH/doginme,0.005523609762066417,0x088c39ee29fC30DF8Adc394e9f7dEa33E3A26507,0x42d80fdf14f13CA7019FD5A77fd53F1C1f4099a6,0x4200000000000000000000000000000000000006,0x6921B130D297cc43754afba22e5EAc0FBf8Db75b,0x940181a94A35A4569E4529A3CDfB74e38FD98631,18,18,18,420448136273435,2303536641816401739834,0.000420448136273435,2303.5366418164017,2303537062264538013269,188480671234719,27610435352652413969650,27610.435352652414,0.0,0,0,0,nan,0
CL-HIGHER/WETH,0.00045893600639273146,0xd9932A538e4c7621D9Ab1b45DE31a5D60E672B1c,0x63806fa58774B013458aA4C9a7FDD8a72db5Fe70,0x0578d8A44db98B23BF096A382e016e29a5Ce0ffe,0x4200000000000000000000000000000000000006,0x940181a94A35A4569E4529A3CDfB74e38FD98631,18,18,18,1237016768107930483478,212335419414993,1237.0167681079304,0.000212335419414993,1237016980443349898471,0,2294047458336471493116,2294.0474583364717,0.0,0,0,0,nan,0
CL-WETH/KEYCAT,0.003419979605986434,0xB211a9DDff3a10806c8fdb92Dbc4c34596A23F84,0xA9edd05F8d82f4050d4649FEf30bEC9378f499e7,0x4200000000000000000000000000000000000006,0x9a26F5433671751C3276a065f57e5a02D2817973,0x940181a94A35A4569E4529A3CDfB74e38FD98631,18,18,18,458123068105561,2312567288483795205627,0.000458123068105561,2312.567288483795,2312567746606863311188,116699057231049,17095184107132202703218,17095.1841071322,0.0,0,0,0,nan,0
CL-LUSD/USDC,4.444785422424232e-08,0x95b9Ff408700af5a1092Cd218E33084a71e4bE97,0xBF58afee32FFa0Bd24E4c6e43b443aa9679b7c64,0x368181499736d0c0CC614DBB145E2EC1AC86b8c6,0x833589fCD6eDb6E08f4c7C32D4f71b54bdA02913,0x0000000000000000000000000000000000000000,18,18,6,0,0,0.0,0.0,0,0,222178006500489750,0.22217800650048977,0.0,0,0,0,nan,0
CL-USDC/rgUSD,0.0005896023322057677,0xDEfE76cd3c5c25728Fd45De93b000C23048c992f,0x601377635D6C852e27CC49633694449B6E9475c8,0x833589fCD6eDb6E08f4c7C32D4f71b54bdA02913,0x8E5E9DF4F0EA39aE5270e79bbABFCc34203A3470,0x940181a94A35A4569E4529A3CDfB74e38FD98631,18,6,18,6040934,9113978706070155399,6.040934,9.113978706070155,9113978706076196333,0,2947198983704145597644,2947.198983704146,0.0,0,0,0,nan,0
CL-WETH/bsdETH,0.18928875384813734,0x2ae9DF02539887d4EbcE0230168a302d34784c82,0x0b537aC41400433F09d97Cd370C1ea9CE78D8a74,0x4200000000000000000000000000000000000006,0xCb327b99fF831bF8223cCEd12B1338FF3aA322Ff,0x940181a94A35A4569E4529A3CDfB74e38FD98631,18,18,18,19195160399960,9319913085971,1.919516039996e-05,9.319913085971e-06,28515073485931,6459050640606730,946182863423885812988114,946182.8634238858,0.0,0,0,0,nan,0
CL-tBTC/USDC,0.061596903654390446,0xf81e1a62cBfA487E807044618661bFD4802B4982,0x37E1a626b09faDE99E94752942a88f17EA2170fd,0x236aa50979D5f3De3Bd1Eeb40E81137F22ab794b,0x833589fCD6eDb6E08f4c7C32D4f71b54bdA02913,0x940181a94A35A4569E4529A3CDfB74e38FD98631,18,18,6,148173154405540,16737723,0.00014817315440554,16.737723,148173171143263,2101854497151376,307899616289485589953115,307899.61628948554,0.0,0,0,0,nan,0
CL-tBTC/SATS,6.274924833050839e-07,0x86BB57004D5E55a6Ab978287211a53CD3615cAF9,0x1e210791d844A37435d0B1aCCeFD1c94013218A7,0x236aa50979D5f3De3Bd1Eeb40E81137F22ab794b,0x9d36F8f62347538440a212e9162f534f797542df,0x0000000000000000000000000000000000000000,18,18,18,0,0,0.0,0.0,0,0,3136597513378429026,3.1365975133784287,0.0,0,0,0,nan,0
CL-tBTC/WETH,0.03189392245538632,0xA33f162da19C7273BA1205BFD9D4340dA2446E3a,0x996802075582Af2eE133fb30Cc5A9E8A671d3c3a,0x236aa50979D5f3De3Bd1Eeb40E81137F22ab794b,0x4200000000000000000000000000000000000006,0x940181a94A35A4569E4529A3CDfB74e38FD98631,18,18,18,31018244662752,3147067663667,3.1018244662752e-05,3.147067663667e-06,34165312326419,1088307974345890,159425651345708582544749,159425.65134570858,0.0,0,0,0,nan,0
CL-PSTAKE/USDC,0.00019160694456459162,0x178904D6F5f49074fC3fDb918F0170E0DBB1677e,0xBb9FA2e124dD7fA35621aDe57d42C2d40cB9Ab7A,0x38815A4455921667d673B4cb3d48F0383eE93400,0x833589fCD6eDb6E08f4c7C32D4f71b54bdA02913,0x940181a94A35A4569E4529A3CDfB74e38FD98631,18,18,6,649422815181672836646,21880333,649.4228151816728,21.880333,649422815181694716979,0,957770621732111206974,957.7706217321113,0.0,0,0,0,nan,0
CL-WETH/SPEC,0.000342473812795891,0xfD7aBC461df4e496A25898CaB0c6EA88cDd94Cf9,0x79eFe300783f448283E54ce7caD08118A52849f6,0x4200000000000000000000000000000000000006,0x96419929d7949D6A801A6909c145C8EEf6A40431,0x940181a94A35A4569E4529A3CDfB74e38FD98631,18,18,18,4745605543815091,85721680458139565097,0.004745605543815091,85.72168045813956,85726426063683380188,0,1711897015809429748420,1711.8970158094298,0.0,0,0,0,nan,0
CL-WETH/SKI,0.00719492073238185,0xe782B72A1157b7bEa1A9452835Cce214962aD43B,0x1Dd8e44b202fe7D3E85ce7788311374E2E9df950,0x4200000000000000000000000000000000000006,0x768BE13e1680b5ebE0024C42c896E3dB59ec0149,0x940181a94A35A4569E4529A3CDfB74e38FD98631,18,18,9,3491526036331,20685082991,3.491526036331e-06,20.685082991,3512211119322,245510415763105,35964686555729739538205,35964.686555729735,7.236150687727924e-22,26.024589135416296,0,26.024589135416296,1381.9502151826935,1787184000
CL-WETH/BENJI,0.0002456921182405237,0xeBeC4772aBA30d82bC64BBB99187B4Ca29928e2E,0x6c44652cbF0fc9c31149682Eba60aA0D601B6787,0x4200000000000000000000000000000000000006,0xBC45647eA894030a4E9801Ec03479739FA2485F0,0x940181a94A35A4569E4529A3CDfB74e38FD98631,18,18,18,1,1268520856580752613,1e-18,1.2685208565807526,1268520856580752614,8383688485610,1228121941908944667420,1228.1219419089446,1.4412053580025999e-21,1.7699759229597287,0,1.7699759229597287,693.8636429897286,1787184000
CL-DOLA/USD+,1.992600698847538e-10,0x96331Fcb46A7757854d9E26AFf3aCA2815D623fD,0xCB4B8aeD321e22B0B87D9e41538408404433Ac70,0x4621b7A9c75199271F773Ebd9A499dbd165c3191,0xB79DD08EA68A908A97220C76d19A6aA9cBDE4376,0x940181a94A35A4569E4529A3CDfB74e38FD98631,18,18,6,4809113490617385606,9258571,4.809113490617386,9.258571,4809113490626644177,0,996025699661265,0.000996025699661265,0.0,0,0,0,nan,0
CL-USD+/USDbC,0.0001391638237066084,0x20086910E220D5f4c9695B784d304A72a0de403B,0x7E62007c19C9b9D581354B29c57c61C41b50851a,0xB79DD08EA68A908A97220C76d19A6aA9cBDE4376,0xd9aAEc86B65D86f6A7B5B1b0c42FFA531710b6CA,0x940181a94A35A4569E4529A3CDfB74e38FD98631,18,6,6,2950,1,0.00295,1e-06,2951,4748651095434,695627302324444464183,695.6273023244445,0.0,0,0,0,nan,1787184000
CL-WETH/TN100x,3.902366867901983e-06,0xF9b787C6E6111442778A9f6f8850F2d446d44a7c,0x8c5D5de27801DF39a21c396A07C4Ea02f01325B6,0x4200000000000000000000000000000000000006,0x5B5dee44552546ECEA05EDeA01DCD7Be7aa6144A,0x0000000000000000000000000000000000000000,18,18,18,0,0,0.0,0.0,0,0,19506455519086473360,19.506455519086472,0.0,0,0,0,nan,0
CL-TYBG/WETH,0.0009469275331669833,0x8d628d22d298b4a6E3DC9171d4b7aa5229e2353c,0xCc0AbE95Dc41bD7c05f4b1a2F7585A06D3eB8CD8,0x0d97F261b1e88845184f678e2d1e7a98D9FD38dE,0x4200000000000000000000000000000000000006,0x940181a94A35A4569E4529A3CDfB74e38FD98631,18,18,18,1,11033541164511,1e-18,1.1033541164511e-05,11033541164512,32311977742558,4733332469955765928624,4733.332469955766,0.0,0,0,0,nan,0
CL-USD+/sFRAX,0.00016507234546448592,0x8e62bE92c6Fb091428d0d6cBa0C0e32529B27e51,0x472b62c9A91E39C2F473BC49bF15Bd0195040E43,0xB79DD08EA68A908A97220C76d19A6aA9cBDE4376,0xe4796cCB6bB5DE2290C417Ac337F2b66CA2E770E,0x0000000000000000000000000000000000000000,18,6,18,0,0,0.0,0.0,0,0,825134200149002290933,825.1342001490023,0.0,0,0,0,nan,0
CL-TKN/USD+,3.927466847298458e-07,0x6f8e210030f6eE6933b032628a0e148a1CcfF6a6,0x72E51ee5e566d4546a3fB695cb0502A7dc6403cD,0x78b3C724A2F663D11373C4a1978689271895256f,0xB79DD08EA68A908A97220C76d19A6aA9cBDE4376,0x0000000000000000000000000000000000000000,18,18,6,0,0,0.0,0.0,0,0,1963192081955693941,1.9631920819556938,0.0,0,0,0,nan,0
CL-USDC/AERO,6.645457003758788,0xBE00fF35AF70E8415D0eB605a286D8A45466A4c1,0x430C09546ae9249AB75B9A4ef7B5FD9a4006D6f3,0x833589fCD6eDb6E08f4c7C32D4f71b54bdA02913,0x940181a94A35A4569E4529A3CDfB74e38FD98631,0x940181a94A35A4569E4529A3CDfB74e38FD98631,18,6,18,959993813,1505259979114001269700,959.993813,1505.2599791140012,1505259979114961263513,226762810521566316,33218125264966349978879061,33218125.26496635,0.0,0,0,0,nan,0
CL-WETH/OKAYEG,3.384412371042227e-05,0xAD04bE2b6613586f83049d5953611bAa23971340,0x1bED19abF408e7f05C0DF7c215A429321A2a171F,0x4200000000000000000000000000000000000006,0xdb6e0e5094A25a052aB6845a9f1e486B9A9B3DdE,0x0000000000000000000000000000000000000000,18,18,18,0,0,0.0,0.0,0,0,169173969564461190406,169.1739695644612,0.0,0,0,0,nan,0
CL-hyUSD/eUSD,2.1233088805687634e-07,0x919e084BdC0B4b58513C6d9f2b0a3F40dABC9D6d,0x76de16EDd3e7C15ac6cE2CaD5d9bF082A6f36e94,0xCc7FF230365bD730eE4B352cC2492CEdAC49383e,0xCfA3Ef56d303AE4fAabA0592388F19d7C3399FB4,0x940181a94A35A4569E4529A3CDfB74e38FD98631,18,18,18,299989694998007,475347870263836,0.000299989694998007,0.000475347870263836,775337565261843,0,1061361774382925152,1.0613617743829251,0.0,0,0,0,nan,0
CL-WETH/SKR,4.4455352849860984e-10,0x4b1f694A027103F10B625b6D8928181d86D450AF,0x22766847029648Ca9639dF9a41d9384c1708C32A,0x4200000000000000000000000000000000000006,0xe2dCA969624795985F2f083BcD0b674337ba130a,0x940181a94A35A4569E4529A3CDfB74e38FD98631,18,18,18,6026251664767845,6040898966126301698991,0.006026251664767845,6040.898966126301,6040904992377966466836,0,2222154892928658,0.002222154892928658,0.0,0,0,0,nan,0
CL-RFL/USDC,0.004359340520198427,0x51c230951b82Dbf7b8696B6fCd2be199cC10779f,0x3d27729DC4683bA7ba97562CDBb3Bb1Ce16540da,0x6e2c81b6c2C0e02360F00a0dA694e489acB0b05e,0x833589fCD6eDb6E08f4c7C32D4f71b54bdA02913,0x940181a94A35A4569E4529A3CDfB74e38FD98631,18,18,6,1,1,1e-18,1e-06,2,148758222793956,21790693911748777070626,21790.693911748775,0.0,0,0,0,nan,0
CL-WETH/ZRO,0.0005002498415268138,0xA4463789e8F3c6A599B3dFB608DDe55513Bcf289,0x46e078FeDCD91a813306D5637d7ec5C7Dc201EC3,0x4200000000000000000000000000000000000006,0x6985884C4392D348587B19cb9eAAf157F13271cd,0x940181a94A35A4569E4529A3CDfB74e38FD98631,18,18,18,338780568638344840,485616230541949868896,0.3387805686383448,485.61623054194985,485955011110588213736,0,2500559689155793222129,2500.559689155793,0.0,0,0,0,nan,0
CL-wXCH/USDC,0.0021950399230393604,0x113138dC05b05AfbE25E8C31ca9DE9b445CAcA48,0xcbbc1c52E14A6163f32aB83Ba7aF70B3CeD3612d,0x36be1d329444aeF5D28df3662Ec5B4F965Cd93E9,0x833589fCD6eDb6E08f4c7C32D4f71b54bdA02913,0x940181a94A35A4569E4529A3CDfB74e38FD98631,18,18,6,1,3275,1e-18,0.003275,3276,74901542978038,10972174085827579751253,10972.174085827579,0.0,0,0,0,nan,0
CL-WETH/RDNT,0.00027307384593744236,0x2092f4acbb18BB1649595DF59B9Cb601bBA1EBB7,0x8D88C541f22de965536bD1849013caEE6ce90e11,0x4200000000000000000000000000000000000006,0xd722E55C1d9D9fA0021A5215Cbb904b92B3dC5d4,0x940181a94A35A4569E4529A3CDfB74e38FD98631,18,18,18,1,1,1e-18,1e-18,2,9318185823234,1364992838837925396240,1364.9928388379253,0.0,0,0,0,nan,0
CL-WETH/PRIME,4.99940058755197e-06,0x8216144205B2Ac3523BAc7a8dC46d3c970e84876,0x7396905bE2C4c89C7c0445C7F72681515391730a,0x4200000000000000000000000000000000000006,0xfA980cEd6895AC314E7dE34Ef1bFAE90a5AdD21b,0x940181a94A35A4569E4529A3CDfB74e38FD98631,18,18,18,12361981496206798,8141125681473876625,0.012361981496206797,8.141125681473877,8153487662970083423,0,24990112022862409873,24.99011202286241,0.0,0,0,0,nan,0
CL-WETH/BOOMER,0.00014130024828725164,0xa7423f6BEc29a511d365B0c934e8000720128aE3,0x25206a301486De7fE19eAB25ACE698Aa7DB03Db6,0x4200000000000000000000000000000000000006,0xcdE172dc5ffC46D228838446c57C1227e0B82049,0x0000000000000000000000000000000000000000,18,18,18,0,0,0.0,0.0,0,0,706306480490644298734,706.3064804906443,0.0,0,0,0,nan,0
CL-WETH/APX,8.067490069830977e-08,0x0C9A0e17eAB266DCF8dcFB4bc12792a9712FEd1E,0x1d94aE3D754D68A42CcC095A9305f3A2A2F3d9e8,0x4200000000000000000000000000000000000006,0xcacf1ca03983CE6c7E235fb20C70aCC70ed13509,0x940181a94A35A4569E4529A3CDfB74e38FD98631,18,18,18,385921634795557,30838692537107693279311,0.000385921634795557,30838.692537107694,30838692923029328074868,0,403263305385828815,0.4032633053858288,0.0,0,0,0,nan,0
CL-USDz/WETH,0.008245753681821318,0xcf88B8bf7CCCe2D836878E538197eB20fC673BCE,0x549690894f61bf0D3a5799D03fDED6e775A424aA,0x04D5ddf5f3a8939889F11E97f8c4BB48317F1938,0x4200000000000000000000000000000000000006,0x940181a94A35A4569E4529A3CDfB74e38FD98631,18,18,18,118282318253549079,56198394566833,0.11828231825354908,5.6198394566833e-05,118338516648115912,281370617870217,41217402889202427462235,41217.40288920243,1.477653926114508e-22,6.090505720347344,0,6.090505720347344,6767.484472020459,1787184000
CL-EXTRA/WETH,0.007874082728950411,0x5A1401c002f67ca00557E7179D34C3FE6d753b28,0x283a6fFdd95F1145988e324F01663fF95247CcE0,0x2dAD3a13ef0C6366220f989157009e501e7938F8,0x4200000000000000000000000000000000000006,0x940181a94A35A4569E4529A3CDfB74e38FD98631,18,18,18,1,1,1e-18,1e-18,2,268689842493614,39359560416843957162951,39359.56041684396,1.7620668235902632e-22,6.93541756016173,0,6.93541756016173,5675.153669612089,1787184000
CL-WETH/MIGGLES,0.002016038393009968,0x326841EFD63340767e02ec88E583f18a82AF4A48,0xAfabcBbab5e4261B1d655c906738176191819164,0x4200000000000000000000000000000000000006,0xB1a03EdA10342529bBF8EB700a06C60441fEf25d,0x940181a94A35A4569E4529A3CDfB74e38FD98631,18,18,18,16369829827074,58656419585593987583,1.6369829827074e-05,58.65641958559399,58656435955423814657,68793465119127,10077413162120784253874,10077.413162120785,8.647958151215588e-21,87.1490472985297,0,87.1490472985297,115.63423209436282,1787184000
CL-uDOGE/WETH,1.2543576351291144e-05,0xBE700f5c75dFCbEf3Cae37873aEEB1724daED3f6,0x18835e2b9f96fb3356F6Cc91405e3368D8bF6B1e,0x12E96C2BFEA6E835CF8Dd38a5834fa61Cf723736,0x4200000000000000000000000000000000000006,0x940181a94A35A4569E4529A3CDfB74e38FD98631,18,18,18,181319010743877822189,8158314725834537,181.3190107438778,0.008158314725834536,181327169058603656726,0,62700592340328215084,62.70059234032822,0.0,0,0,0,nan,0
CL-WETH/cbBTC,5.819098784669508,0x70aCDF2Ad0bf2402C957154f944c19Ef4e1cbAE1,0x41b2126661C673C2beDd208cC72E85DC51a5320a,0x4200000000000000000000000000000000000006,0xcbB7C0000aB88B473b1f5aFd9ef808440eed33Bf,0x940181a94A35A4569E4529A3CDfB74e38FD98631,18,18,8,141227449209040831,363503,0.14122744920904082,0.00363503,141227449209404334,198565571845568068,29087473178899738749027880,29087473.178899735,0.0,0,0,0,nan,0
CL-USDC/cbBTC,2.9368634363947868,0x4e962BB3889Bf030368F56810A9c96B83CB3E778,0x6399ed6725cC163D019aA64FF55b22149D7179A8,0x833589fCD6eDb6E08f4c7C32D4f71b54bdA02913,0xcbB7C0000aB88B473b1f5aFd9ef808440eed33Bf,0x940181a94A35A4569E4529A3CDfB74e38FD98631,18,6,8,294852067,428499,294.852067,0.00428499,295280566,100215601554089284,14680269161486039111209638,14680269.161486039,0.0,0,0,0,nan,0
CL-IBTC/WETH,9.986262801253323e-11,0x9f093177c5087DD280bd61a1Afab564814807014,0xC5104cbB08A30b6cB3F52E38dA8878acDE1809cF,0x12418783e860997eb99e8aCf682DF952F721cF62,0x4200000000000000000000000000000000000006,0x940181a94A35A4569E4529A3CDfB74e38FD98631,18,8,18,865,64192685218985,8.65e-06,6.4192685218985e-05,64192685219850,0,499175494587170,0.00049917549458717,0.0,0,0,0,nan,0
CL-tBTC/cbBTC,0.008049196832965027,0x138aceE5573fA09e7F215965ff60898cc33c6330,0xB57eC27f68Bd356e300D57079B6cdbe57d50830d,0x236aa50979D5f3De3Bd1Eeb40E81137F22ab794b,0xcbB7C0000aB88B473b1f5aFd9ef808440eed33Bf,0x940181a94A35A4569E4529A3CDfB74e38FD98631,18,18,8,5209707686765,923,5.209707686765e-06,9.23e-06,5209707687688,274667173028487,40234889568703591429832,40234.8895687036,8.924097675612222e-22,35.90600844785822,0,35.90600844785822,1120.5614689009965,1787184000
CL-USD+/cbBTC,6.039026879694991e-07,0xe05ce080119b33dd30482A6eC9b8911508AE226e,0x1e6490C37841024B9eE55F505cCB24cefa7FCE9c,0xB79DD08EA68A908A97220C76d19A6aA9cBDE4376,0xcbB7C0000aB88B473b1f5aFd9ef808440eed33Bf,0x940181a94A35A4569E4529A3CDfB74e38FD98631,18,6,8,5890971,6463,5.890971,6.463e-05,5897434,0,3018681051652900195,3.0186810516529006,0.0,0,0,0,nan,0
CL-WETH/uBTC,1.8627541032150203e-08,0xDdF56Af090c09bB0F993E00D7c676076CC59C72e,0xe5FfE849A481028a8F772b7113bAb7bFae6f2A82,0x4200000000000000000000000000000000000006,0xF1143f3A8D76f1Ca740d29D5671d365F66C44eD1,0x940181a94A35A4569E4529A3CDfB74e38FD98631,18,18,18,35199970045225209,872203149329838,0.03519997004522521,0.000872203149329838,36072173194555047,0,93112029922739330,0.09311202992273933,0.0,0,0,0,nan,0
CL-WETH/EURC,0.0005946603590090326,0x5d4e504EB4c526995E0cC7A6E327FDa75D8B52b5,0xb0C500d53720ff63F000de6D26f7Fe5c66571e3d,0x4200000000000000000000000000000000000006,0x60a3E35Cc302bFA44Cb288Bc5a4F316Fdb1adb42,0x940181a94A35A4569E4529A3CDfB74e38FD98631,18,18,6,213179998097393427,370554274,0.21317999809739344,370.554274,213179998467947701,0,2972482145998231961081,2972.482145998232,0.0,0,0,0,nan,0
CL-EURC/cbBTC,0.34741469154690474,0xb07d7EeCe8866E549601AF5C7622D8cdbEdC914e,0x017a82B26d612cAD89d240206F652E76ae8C4B31,0x60a3E35Cc302bFA44Cb288Bc5a4F316Fdb1adb42,0xcbB7C0000aB88B473b1f5aFd9ef808440eed33Bf,0x940181a94A35A4569E4529A3CDfB74e38FD98631,18,6,8,18623272,38985,18.623272,0.00038985,18662257,11855022166919783,1736594599313069934967516,1736594.5993130698,1.4930978120391918e-21,2592.9055966334217,0,2592.9055966334217,669.7484866274463,1787184000
CL-WETH/stTAO,0.0005055863680940025,0x266f421f80016d670C9de757d561a5C4a6A9FFAc,0x41513004596B32B5483620f55774E3a2a5cB9052,0x4200000000000000000000000000000000000006,0x806041B6473DA60abbe1b256d9A2749A151be6C6,0x940181a94A35A4569E4529A3CDfB74e38FD98631,18,18,9,1,1,1e-18,1e-09,2,17252403086068,2527234966399845669633,2527.2349663998457,6.749555310839722e-23,0.17057712189203925,0,0.17057712189203925,14815.790877274678,1787184000
CL-xPufETH/WETH,0.00010855751858151429,0xCDf927C0F7b81b146C0C9e9323eb5A28D1BFA183,0x7d90e903936dad918fac797913925C7598d233f8,0x23dA5F2d509cb43A59d43C108a43eDf34510eff1,0x4200000000000000000000000000000000000006,0x940181a94A35A4569E4529A3CDfB74e38FD98631,18,18,18,2254534466874562,10059929190967678,0.002254534466874562,0.010059929190967678,12314463657842240,39612421231,542637962845142579588,542.6379628451426,0.0,0,0,0,nan,1787184000
CL-uSOL/cbBTC,0.007935413488354531,0xC900eA56B5227aE2d95c288a2597B278Cbf741dd,0xBa5377EA1eD9bd016dC07182427340874d94231A,0x9B8Df6E244526ab5F6e6400d331DB28C8fdDdb55,0xcbB7C0000aB88B473b1f5aFd9ef808440eed33Bf,0x940181a94A35A4569E4529A3CDfB74e38FD98631,18,18,8,140383154103109026,10976,0.14038315410310903,0.00010976,140383154103120002,270784500523295,39666129678721541191531,39666.12967872154,4.147288571281117e-21,164.50688628351656,0,164.50688628351656,241.12139360755774,1787184000
CL-cbBTC/uBTC,8.244517754338383e-06,0x9ed7EB51A8e6Af23d77180acC32a3312A06bDC79,0x381BaA9990C5aA04015936a2ec37D4d2da519899,0xcbB7C0000aB88B473b1f5aFd9ef808440eed33Bf,0xF1143f3A8D76f1Ca740d29D5671d365F66C44eD1,0x940181a94A35A4569E4529A3CDfB74e38FD98631,18,8,18,5088,46897585684264,5.088e-05,4.6897585684264e-05,46897585689352,0,41211224955326199788,41.2112249553262,0.0,0,0,0,nan,0
CL-WETH/ETHFI,0.026638926309943873,0xFefe4e80F2D747A484154F7ae18B20d478E49D40,0xD33e1Ccbd216Cb3e2D63B114E119862002442196,0x4200000000000000000000000000000000000006,0x6C240DDA6b5c336DF09A4D011139beAAa1eA2Aa2,0x940181a94A35A4569E4529A3CDfB74e38FD98631,18,18,18,2626910456126753,12792392470710619902,0.002626910456126753,12.79239247071062,12795019381166746655,908667721272758,133157913833075891841089,133157.9138330759,3.806875842776627e-21,506.91564544566825,0,506.91564544566825,262.6825883742582,1787184000
CL-USDz/cbBTC,5.795495489198816e-09,0x7f770A81811B58094b75CeA1dE76304aa8EAE72c,0x384Ce87727323eDeDdc95D3206399806A3da7F02,0x04D5ddf5f3a8939889F11E97f8c4BB48317F1938,0xcbB7C0000aB88B473b1f5aFd9ef808440eed33Bf,0x940181a94A35A4569E4529A3CDfB74e38FD98631,18,18,8,91955452960064316,165,0.09195545296006431,1.65e-06,91955452960064481,0,28969489235106558,0.02896948923510656,0.0,0,0,0,nan,0
CL-WETH/TRVL,7.168550343582065e-05,0x0511a888D009029781f34696996742B0a55Db585,0x1E81Aaa4aeCe5123f70bF5607876C8d28FcdF89D,0x4200000000000000000000000000000000000006,0x74aa9bB52B36a378a6E641B86d7acb76Dc9b3940,0x940181a94A35A4569E4529A3CDfB74e38FD98631,18,18,18,1,1,1e-18,1e-18,2,2446172493667,358328709593092530542,358.3287095930925,0.0,0,0,0,nan,0
CL-WETH/SPX,0.0440514207365342,0x4BA1e3E9280facbAcaFA7baF4aE0b78Bea60beCa,0x9D312ED8646cE9a4eC2A44279C07CFCcfefAB012,0x4200000000000000000000000000000000000006,0x50dA645f148798F68EF2d7dB7C1CB22A6819bb2C,0x940181a94A35A4569E4529A3CDfB74e38FD98631,18,18,8,413553900581118,641332959,0.000413553900581118,6.41332959,413554541914077,1503196003373407,220196385485341000652527,220196.385485341,0.0,0,0,0,nan,0
CL-WETH/uSUI,0.0157509395366785,0x5C45b0F48c326f79b56709d8F63CE2beE7697106,0xeD5355807FB4e7A04A7Ff8Bbc20cf65d425cB868,0x4200000000000000000000000000000000000006,0xb0505e5a99abd03d94a1169e638B78EDfEd26ea4,0x940181a94A35A4569E4529A3CDfB74e38FD98631,18,18,18,141655969630537,365084222179180591,0.000141655969630537,0.3650842221791806,365225878148811128,537479812569925,78732987403929737642319,78732.98740392974,0.0,0,0,0,nan,0
CL-WETH/mooBIFI,0.014790662002512351,0xb378137c90444BbceCD44a1f766851fbf53D2a9E,0x6E415053AAcDDDc8b678a806a5279A8DCDD4f6f1,0x4200000000000000000000000000000000000006,0xc55E93C62874D8100dBd2DfE307EDc1036ad5434,0x940181a94A35A4569E4529A3CDfB74e38FD98631,18,18,18,1,40165688910029710,1e-18,0.04016568891002971,40165688910029711,504711675577077,73932923329928257724537,73932.92332992826,0.0,0,0,0,nan,0
CL-WETH/OVN,4.0130104967146464e-08,0x1DA71Ce5Ebf772f9fdD44E29Bec53C7185E188BA,0x7a8464B293e1A035A2546Dd38fb9cF8BE4c5AB44,0x4200000000000000000000000000000000000006,0xA3d1a8DEB97B111454B294E2324EfAD13a9d8396,0x940181a94A35A4569E4529A3CDfB74e38FD98631,18,18,18,374087444950646579,734043412795287640089,0.37408744495064655,734.0434127952876,734417500240238286668,0,200595211577010362,0.20059521157701038,0.0,0,0,0,nan,0
CL-Mog/USD+,0.0009349869383841452,0x08361c463C8EC4fC1c7AddfADB006f5Ca7951fc1,0xDE199C94Fc91fA302ceae3A34c85c386966fDce5,0x2Da56AcB9Ea78330f947bD57C54119Debda7AF71,0xB79DD08EA68A908A97220C76d19A6aA9cBDE4376,0x940181a94A35A4569E4529A3CDfB74e38FD98631,18,18,6,62166630054741334678396576,31060670,62166630.05474134,31.06067,62166630054741334709457246,0,4673645954339132262636,4673.645954339132,0.0,0,0,0,nan,0
CL-WIF/USD+,5.519061909513992e-06,0x090d9C28E1Edca0e693a9e553B256E07Ca2af021,0xF36283a09895eDff51E9451cd70c64e53B5dc2Bb,0x1fba65dE0a9cBD2D1DF82d141897042d36Bb6c86,0xB79DD08EA68A908A97220C76d19A6aA9cBDE4376,0x940181a94A35A4569E4529A3CDfB74e38FD98631,18,18,6,1612328196336362748,554465,1.6123281963363627,0.554465,1612328196336917213,0,27587702358414755267,27.587702358414752,0.0,0,0,0,nan,0
CL-KEYCAT/USD+,2.1648149117639506e-12,0x5D7411A51442D287d742FfefC02658D2c9865F29,0x13DBd71e42055a440337F0c3794d82cD82703e74,0x9a26F5433671751C3276a065f57e5a02D2817973,0xB79DD08EA68A908A97220C76d19A6aA9cBDE4376,0x940181a94A35A4569E4529A3CDfB74e38FD98631,18,18,6,1887650763617552605152,4588939,1887.6507636175527,4.588939,1887650763617557194091,0,10821090690041,1.0821090690041e-05,0.0,0,0,0,nan,0
CL-VIRTUAL/WETH,0.6560780522356596,0xC200F21EfE67c7F41B81A854c26F9cdA80593065,0xBDA319Bc7Cc8F0829df39eC0FFF5D1E061FFadf7,0x0b3e328455c4059EEb9e3f84b5543F74E24e7E1b,0x4200000000000000000000000000000000000006,0x940181a94A35A4569E4529A3CDfB74e38FD98631,18,18,18,75697933310078945523,21024992441169466,75.69793331007895,0.021024992441169465,75718958302520114989,22387793607680022,3279485957163274746954169,3279485.9571632748,1.1267209279443961e-21,3695.0654608356213,0,3695.0654608356213,887.5312201970123,1787184000
CL-WETH/uSEI,5.706192217840237e-05,0x859c91f9Fe1EC10e38a7CCaD0B87f0aAE0b88cFE,0x4C74464A878947AF6fb4c2aFdd10799529cAe732,0x4200000000000000000000000000000000000006,0x71a67215a2025F501f386A49858A9ceD2FC0249d,0x940181a94A35A4569E4529A3CDfB74e38FD98631,18,18,18,1,1,1e-18,1e-18,2,1947162433241,285230959693187203945,285.23095969318723,5.846031814424298e-22,0.1667469264825147,0,0.1667469264825147,1710.5620218019244,1787184000
CL-EIGEN/WETH,0.009641497939471208,0x3c5428b3D6e07f6de38b0c7F84ea9d30b3b27231,0xBf53D46947cED25cefb63a2b09C7a99C1ab96830,0x2081Ab0D9EC9e4303234Ab26D86b20B3367946ee,0x4200000000000000000000000000000000000006,0x940181a94A35A4569E4529A3CDfB74e38FD98631,18,18,18,44242071504314025,1,0.04424207150431402,1e-18,44242071504314026,329003333067176,48194200355839743983251,48194.20035583975,2.6808478837607813e-21,129.20132003349607,0,129.20132003349607,373.0163154938755,1787184000
CL-WETH/LUNA,0.001910174166276695,0xB6b777577A05D85FFca7D9EBC7476Fb344B92445,0x9C590e540B6D2b602565d00eB47023a2Ea66f4E0,0x4200000000000000000000000000000000000006,0x55cD6469F597452B5A7536e2CD98fDE4c1247ee4,0x940181a94A35A4569E4529A3CDfB74e38FD98631,18,18,18,84707018507878,1656784559179574196,8.4707018507878e-05,1.6567845591795742,1656869266198082074,65182587239385,9548237946222826228885,9548.237946222825,1.8589163982652096e-21,17.749376092771737,0,17.749376092771737,537.9478070843996,1787184000
CL-WETH/MOODENG,6.951103253902553e-05,0xCE8893c143059E7359d261a7AE4bAb7273CD0C27,0xcc8C372072c8F0B42186020326f8C91301fB0A8f,0x4200000000000000000000000000000000000006,0x81893B6D44151716CEeEc730d8d89114C959a079,0x940181a94A35A4569E4529A3CDfB74e38FD98631,18,18,6,6741883966439453,134658236,0.006741883966439453,134.658236,6741884101097689,0,347459352287205469396,347.45935228720543,0.0,0,0,0,nan,0
CL-POPCAT/WETH,0.00024640365927811595,0x5D332dC44faC918e66D335fB874FdcDab73560C2,0x3d806C3a4ACBb6c3CF1C0389131421a36DfCEd85,0x13281AE464191bC592c6E5D65EeeAEee02660D84,0x4200000000000000000000000000000000000006,0x940181a94A35A4569E4529A3CDfB74e38FD98631,18,9,18,170999140692,35755777014012884,170.999140692,0.035755777014012884,35755948013153576,0,1231678666345583811085,1231.6786663455837,0.0,0,0,0,nan,0
CL-NEIRO/WETH,3.95199754025634e-08,0xaEF61f2410B14626157C950cEeE2Ddac90195250,0xa4a99F0C9FFb071Cb85B106c6e85167e60666442,0x2545D6738E3f072c430Af027B94b62847234cE3D,0x4200000000000000000000000000000000000006,0x0000000000000000000000000000000000000000,18,9,18,0,0,0.0,0.0,0,0,197545404725093932,0.1975454047250939,0.0,0,0,0,nan,0
CL-SolvBTC/xSolvBTC,1.4943990745224233e-06,0x283f82A1D3B65090ed241B30C3D4cCb777B1e8AE,0x264fC3fEded75803Fa8ae9C83D7c2C4591342CEb,0x3B86Ad95859b6AB773f55f8d94B4b9d443EE931f,0xC26C9099BD3789107888c35bb41178079B282561,0x940181a94A35A4569E4529A3CDfB74e38FD98631,18,18,18,9808925032754,15429579884593,9.808925032754e-06,1.5429579884593e-05,25238504917347,0,7469935570308820056,7.46993557030882,0.0,0,0,0,nan,0
CL-WETH/YGG,0.0007493404540880056,0xdC9279CE30A5044bbc345bf50030d44f45f0e768,0x588D8f2024016604D087bd99668757f1C66B9C03,0x4200000000000000000000000000000000000006,0xaAC78d1219c08AecC8e37e03858FE885f5EF1799,0x940181a94A35A4569E4529A3CDfB74e38FD98631,18,18,18,739656347935531,45260315879918359255,0.000739656347935531,45.26031587991836,45261055536266294786,273462716747,3745669418359483652895,3745.6694183594836,0.0,0,0,0,nan,0
CL-EURC/USDC,2.82193182511365e-05,0xc5E51044eB7318950B1aFb044FccFb25782C48c1,0x85af8D930cB738954d307D6E62F04dd05D839C37,0x60a3E35Cc302bFA44Cb288Bc5a4F316Fdb1adb42,0x833589fCD6eDb6E08f4c7C32D4f71b54bdA02913,0x940181a94A35A4569E4529A3CDfB74e38FD98631,18,6,6,218504777,255638303,218.504777,255.638303,474143080,0,141057695208621055464,141.05769520862106,0.0,0,0,0,nan,0
CL-WETH/TALENT,0.001384147491060524,0x346eDb1aAa704dF6dDbfc604724AAFcdC12b2fed,0x37C1Eb7F00CD43A1e52f4E93b55Ed324ce60359d,0x4200000000000000000000000000000000000006,0x9a33406165f562E16C3abD82fd1185482E01b49a,0x940181a94A35A4569E4529A3CDfB74e38FD98631,18,18,18,1,2862369515680885126537,1e-18,2862.3695156808853,2862369515680885126538,47232520333973,6918829618073061712569,6918.829618073062,0.0,0,0,0,nan,0
CL-WETH/WELL,0.015977867810268782,0x3Ba9ce0f19cF3CcB631b973c83712C7E6E9585ae,0xe871A267A418C200F8b92Ae21397221122B79808,0x4200000000000000000000000000000000000006,0xA88594D404727625A9437C3f886C7643872296AE,0x940181a94A35A4569E4529A3CDfB74e38FD98631,18,18,18,109041245028118,772458955314221393396,0.000109041245028118,772.4589553142214,772459064355466421514,545227179531325,79867315985699345512690,79867.31598569934,0.0,0,0,0,nan,0
CL-BTCB/AERO,1.518041337451356e-07,0x1a1fa53D4D84D016BF660f2CF0f86f481a537752,0x627AC3BEA1d3544270A924e5a13fd826Ae2a29Ab,0x0c41F1FC9022FEB69aF6dc666aBfE73C9FFDA7ce,0x940181a94A35A4569E4529A3CDfB74e38FD98631,0x0000000000000000000000000000000000000000,18,18,18,0,0,0.0,0.0,0,0,758811429768247461,0.7588114297682474,0.0,0,0,0,nan,0
CL-USDC/STAR,0.02054323914845006,0xa7C2693022cfB693c198EaA743E9B54d7921588E,0x9Aa4F2cF55E1EA0eEEfC6E455ADe474c8Add67A2,0x833589fCD6eDb6E08f4c7C32D4f71b54bdA02913,0xC19669A405067927865B40Ea045a2baabbbe57f5,0x940181a94A35A4569E4529A3CDfB74e38FD98631,18,6,18,3584602,5606773587826183848,3.584602,5.606773587826184,5606773587829768450,7496509577175,102687880005151302274582,102687.8800051513,0.0,0,0,0,nan,1787184000
CL-RUSSELL/WETH,1.0381409526788808e-06,0x6bcE1AAa2eFE9dE37BEC193f3499484082B261c2,0x985a58248b44Ca5914b03b6de3f0934A2078720B,0x0C5142BC58f9A61AB8C3D2085DD2F4e550c5cE0B,0x4200000000000000000000000000000000000006,0x940181a94A35A4569E4529A3CDfB74e38FD98631,18,18,18,128989019998418645212217,268717532224790796,128989.01999841865,0.2687175322247908,128989288715950870003013,0,5189273843660892491,5.189273843660892,0.0,0,0,0,nan,0
CL-SEKOIA/WETH,0.0002609941019456296,0x52f38A65DAb3Cf23478cc567110BEC90162aB832,0x0592D3036ed8BFDF4545410EDfc7F075227324A2,0x1185cB5122Edad199BdBC0cbd7a0457E448f23c7,0x4200000000000000000000000000000000000006,0x940181a94A35A4569E4529A3CDfB74e38FD98631,18,18,18,15455099512202788240692,1100851006948122,15455.099512202789,0.001100851006948122,15455100613053795188814,0,1304610768972482379948,1304.6107689724824,0.0,0,0,0,nan,0
CL-cbBTC/LBTC,0.0011628850004847154,0xA44D3Bb767d953711EA4Bce8C0F01f4d7D299aF6,0xc3f97660D0b47F0E05C3c513f73eeff7c1bd6c7a,0xcbB7C0000aB88B473b1f5aFd9ef808440eed33Bf,0xecAc9C5F704e954931349Da37F60E39f515c11c1,0x940181a94A35A4569E4529A3CDfB74e38FD98631,18,8,8,83,83,8.3e-07,8.3e-07,166,39682309527727,5812822141953904034824,5812.822141953904,0.0,0,0,0,nan,0
CL-USDC/AVAIL,0.005556836743423932,0xFf0df9b15C29542fa5d7eFe169452507b4d648C2,0x63F2328a30DFbf8dDC137318181D887d98d06514,0x833589fCD6eDb6E08f4c7C32D4f71b54bdA02913,0xd89d90d26B48940FA8F58385Fe84625d468E057a,0x940181a94A35A4569E4529A3CDfB74e38FD98631,18,6,18,3832,21095608851025430552,0.003832,21.095608851025432,21095608851025434384,189620980546839,27776524461089396900095,27776.524461089397,0.0,0,0,0,nan,0
CL-CLANKER/WETH,0.29382468957236496,0xd23FE2DB317e1A96454a2D1c7e8fc0DbF19BB000,0xeE096FdD7fe7a759F3e8B0855B02976cf0FD25F9,0x1bc0c42215582d5A085795f4baDbaC3ff36d1Bcb,0x4200000000000000000000000000000000000006,0x940181a94A35A4569E4529A3CDfB74e38FD98631,18,18,18,3635280230905081124,3579174654049115,3.635280230905081,0.003579174654049115,3638859405559130239,10026474919129350,1468718455124165072604128,1468718.455124165,0.0,0,0,0,nan,0
CL-SEAM/USDC,0.0024932432823384673,0x948e80fBB383694b462f79557a3A44a25416dc72,0x843b7a6e1aa033572d72df5b318Fc90a37Eaa2fb,0x1C7a460413dD4e964f96D8dFC56E7223cE88CD85,0x833589fCD6eDb6E08f4c7C32D4f71b54bdA02913,0x940181a94A35A4569E4529A3CDfB74e38FD98631,18,18,6,71026747718310876,55203,0.07102674771831087,0.055203,71026747718366079,85079202029522,12462779854253834084852,12462.779854253835,0.0,0,0,0,nan,0
CL-AERO/cbBTC,2.124337737346252,0xdFe5F275020def30993f042174Fc2D335678b626,0x2B74B62c564456C48055bd515A62594742b3f545,0x940181a94A35A4569E4529A3CDfB74e38FD98631,0xcbB7C0000aB88B473b1f5aFd9ef808440eed33Bf,0x940181a94A35A4569E4529A3CDfB74e38FD98631,18,18,8,795248845523873225597,727601,795.2488455238732,0.00727601,795248845523873953198,72490703500504214,10618760609593789058676534,10618760.60959379,1.1467203527083593e-21,12176.748911559022,0,12176.748911559022,872.0521944501721,1787184000
CL-ANON/WETH,1.9055312165493357e-07,0xDB20b9455DEB2D616727cbdae4aC9F8eeB9AC899,0xf823D416eF26B5233dAE227BA7B8F3159a68C2fc,0x0Db510e79909666d6dEc7f5e49370838c16D950f,0x4200000000000000000000000000000000000006,0x940181a94A35A4569E4529A3CDfB74e38FD98631,18,18,18,727900930472079427984474,175067662002158418,727900.9304720794,0.17506766200215843,727901105539741430142892,0,952502959718751855,0.9525029597187519,0.0,0,0,0,nan,0
CL-WETH/MORPHO,3.7568722756219195,0xB5F0b4aE66C14F7EFaA9aA1468E8FC536A3E288c,0xf008577BfbB3B8EAAaC22C1933C9a8cd876fCFd2,0x4200000000000000000000000000000000000006,0xBAa5CC21fd487B8Fcc2F632f3F4E8D37262a0842,0x940181a94A35A4569E4529A3CDfB74e38FD98631,18,18,18,95650836742862836,144575527619610068380,0.09565083674286283,144.57552761961006,144671178456352931216,128199584408691165,18779183099898344197757339,18779183.099898342,1.0198277751651768e-21,19151.532520188815,0,19151.532520188815,980.5577219526449,1787184000
CL-WETH/SAINT,4.933725317998677e-07,0xeb4ab2038eF5662ff00AcabBB76A09aBd7440D10,0x7cFfFd69796e607a38a36BE004074941cF58b7B9,0x4200000000000000000000000000000000000006,0x7588880d9c78E81FAde7b7e8DC0781E95995a792,0x940181a94A35A4569E4529A3CDfB74e38FD98631,18,18,18,16805761541388017,32245293797666457912521,0.016805761541388017,32245.293797666458,32245310603427999300538,0,2466182619848678762,2.466182619848679,0.0,0,0,0,nan,0
CL-WETH/DOGE,5.6830263493641046e-05,0x03Cd22d89bba07b109b869DA1B5fD344d0Ad6B40,0x8118696CDb46892a6314b70c71B2fBcD2EcD5E5d,0x4200000000000000000000000000000000000006,0x67f0870BB897F5E1c369976b4A2962d527B9562c,0x940181a94A35A4569E4529A3CDfB74e38FD98631,18,18,18,9313571217074637,8730182910021531556523,0.009313571217074637,8730.182910021531,8730192223592748631160,0,284072985575716204008,284.0729855757162,0.0,0,0,0,nan,0
CL-GAME/WETH,0.0023635391815577983,0x2A36148a416cBa81699B555120Bd65f4682BDFD2,0x6366138fD616Df7E5906D7B00250634da342Ee20,0x1C4CcA7C5DB003824208aDDA61Bd749e55F463a3,0x4200000000000000000000000000000000000006,0x940181a94A35A4569E4529A3CDfB74e38FD98631,18,18,18,9726328418490067686,21508426382118,9.726328418490068,2.1508426382118e-05,9726349926916449804,80653463850291,11814438127766835680215,11814.438127766836,3.1824051815017635e-21,37.598329114337176,0,37.598329114337176,314.2277437872019,1787184000
CL-WETH/PEPE,0.0015881952457813494,0x47f6F4b438B9D91E7387d6c1CF953A86BF5de1A5,0x16cb808aEB948836695d5033a8CAC675f916835A,0x4200000000000000000000000000000000000006,0x52b492a33E447Cdb854c7FC19F1e57E8BfA1777D,0x940181a94A35A4569E4529A3CDfB74e38FD98631,18,18,18,2670291754436977,1245604053262404507487597415,0.002670291754436977,1245604053.2624044,1245604053265074799242034392,0,7938787142817817171493,7938.787142817817,0.0,0,0,0,nan,0
CL-USDz/sUSDz,0.00046851820337017667,0x96CC4b6A75fA1dFea66091589d1f25AfF3aa0318,0xb1C4225d490B881d2e011decc9E0F7439F2AC174,0x04D5ddf5f3a8939889F11E97f8c4BB48317F1938,0xe31eE12bDFDD0573D634124611e85338e2cBF0cF,0x940181a94A35A4569E4529A3CDfB74e38FD98631,18,18,18,2530719508409770,55798088841759504,0.00253071950840977,0.055798088841759505,58328808350169274,170975509750,2341945235619556540882,2341.9452356195566,0.0,0,0,0,nan,1787184000
CL-WETH/PLAY,0.0011045475719112397,0x9D029DF22CEefC6245D382a41bc232c8Dc988Bf9,0x353e5958AfeC30AB701Ef5c09EA04Ae7Eca6907A,0x4200000000000000000000000000000000000006,0x7404AC09aDf614603D9c16a7CE85A1101F3514ba,0x940181a94A35A4569E4529A3CDfB74e38FD98631,18,18,18,589254868954169,1337494100684599625114,0.000589254868954169,1337.4941006845995,1337494689939468579283,0,5521215408377317820844,5521.2154083773175,0.0,0,0,0,nan,0
CL-USDS/USDC,1.825753000459873e-05,0xA441378a1CB4DF371535296e539a1E0deF6924e4,0xe2a2B1D8AA4bD8A05e517Ccf61E96A727831B63e,0x820C137fa70C8691f0e44Dc420a5e53c168921Dc,0x833589fCD6eDb6E08f4c7C32D4f71b54bdA02913,0x940181a94A35A4569E4529A3CDfB74e38FD98631,18,18,6,78733935554733,1,7.8733935554733e-05,1e-06,78733935554734,623028737784,91262484789022923938,91.26248478902292,2.3692223871694113e-21,0.21622112207086094,0,0.21622112207086094,422.0794153455275,1787184000
CL-WETH/USDS,3.263458514040705e-05,0x4289a0666397f517c2A761652AaebAf6A4f7A693,0x0C8a0BA64139c17eB90a9Fe63158498be41467eb,0x4200000000000000000000000000000000000006,0x820C137fa70C8691f0e44Dc420a5e53c168921Dc,0x940181a94A35A4569E4529A3CDfB74e38FD98631,18,18,18,46285646490,131830853533169,4.628564649e-08,0.000131830853533169,131877139179659,1113630680039,163127943879719219793,163.12794387971923,0.0,0,0,0,nan,0
CL-cbBTC/superOETHb,0.001079004634122157,0x4d9199269D4F89a367965e90d07D6F4AF7750eD0,0x0c240E7B77FF16839bCf9E9CE15193Baf4CA5911,0xcbB7C0000aB88B473b1f5aFd9ef808440eed33Bf,0xDBFeFD2e8460a6Ee4955A68582F85708BAEA60A3,0x940181a94A35A4569E4529A3CDfB74e38FD98631,18,8,18,67,19833860357538,6.7e-07,1.9833860357538e-05,19833860357605,36820221838097,5393535926494722320150,5393.535926494723,0.0,0,0,0,nan,0
CL-WETH/HEU,0.0020891882405687035,0x7C42dD1556754Be827E187cE0870e70c5E571f35,0x54A9d2003b547E54c4cf6dDCf1588032c4386687,0x4200000000000000000000000000000000000006,0xEF22cb48B8483dF6152e1423b19dF5553BbD818b,0x940181a94A35A4569E4529A3CDfB74e38FD98631,18,18,18,756725174533,242572773482412676,7.56725174533e-07,0.24257277348241268,242573530207587209,71291980378097,10443061573952339936771,10443.061573952338,0.0,0,0,0,nan,0
CL-WETH/FAI,0.08751583829994121,0x28A9eC9928A689410e82E579FD9418FbBF6452F3,0x093b5fa753c6a4C94B0aE98326919A5e241901a0,0x4200000000000000000000000000000000000006,0xb33Ff54b9F7242EF1593d2C9Bcd8f9df46c77935,0x940181a94A35A4569E4529A3CDfB74e38FD98631,18,18,18,5695692228802723,2624820592245496216502,0.005695692228802723,2624.8205922454963,2624826287937725019225,2986412284779919,437458564199824406113747,437458.5641998244,0.0,0,0,0,nan,0
CL-Mog/wBLT,0.00014676084953938847,0x48d0CC084D274889131986925FB3B348a4405811,0xCB32e7190785E7bF4f02c56Cb576bf38BeBB2b17,0x2Da56AcB9Ea78330f947bD57C54119Debda7AF71,0x4E74D4Db6c0726ccded4656d0BCE448876BB4C7A,0x940181a94A35A4569E4529A3CDfB74e38FD98631,18,18,18,13408464562548410812742753,10133291059622195641,13408464.56254841,10.133291059622195,13408474695839470434938394,0,733601960141316138606,733.6019601413161,0.0,0,0,0,nan,0
CL-WETH/PENDLE,0.04352087058667712,0x016df91005F30039c9f1A89b44db5e8c60613603,0xB2025A9813914b7a0eB85a2b87848028fbE4d203,0x4200000000000000000000000000000000000006,0xA99F6e6785Da0F5d6fB42495Fe424BCE029Eeb3E,0x940181a94A35A4569E4529A3CDfB74e38FD98631,18,18,18,16316703140543238,13249000784505646548,0.01631670314054324,13.249000784505647,13265317487646189786,1485117038117396,217544366018909896151781,217544.3660189099,2.3991434040994166e-21,521.920130833257,0,521.920130833257,416.8154343301446,1787184000
CL-WETH/REI,0.0018570162641196406,0x54cdD0222dF6B3BC17754c2C1B3d7D4203FE3d89,0xa4A7e0daE53e9dE540ddEf4Bb7214499DfDEA07D,0x4200000000000000000000000000000000000006,0x6B2504A03ca4D43d0D73776F6aD46dAb2F2a4cFD,0x940181a94A35A4569E4529A3CDfB74e38FD98631,18,18,18,70606619651078945,5059974698323514388884,0.07060661965107895,5059.9746983235145,5060045304943165467829,0,9282521705537334737436,9282.521705537336,0.0,0,0,0,nan,0
CL-USDC/ODOS,0.06458932826178285,0xb7068556049dF8Fb3ae77CCbb9611FE0e85B2641,0x417e10d1d0b491aeBeF222c9Df0263618EFCCB39,0x833589fCD6eDb6E08f4c7C32D4f71b54bdA02913,0xca73ed1815e5915489570014e024b7EbE65dE679,0x940181a94A35A4569E4529A3CDfB74e38FD98631,18,6,18,1466128,56970385291744576175,1.466128,56.97038529174458,56970385291746042303,2204062340414109,322857614723318569449417,322857.61472331855,1.796817228807451e-21,580.1161245865369,0,580.1161245865369,556.5396323941644,1787184000
CL-WETH/uLINK,0.001306552183490629,0xFd4F716cb3c493aFDDd40C67d3f42426aEb2d902,0xfd4fbaF8B074e7c275b9fCA2de88A912cAeEA9c3,0x4200000000000000000000000000000000000006,0xd403D1624DAEF243FbcBd4A80d8A6F36afFe32b2,0x940181a94A35A4569E4529A3CDfB74e38FD98631,18,18,18,20554607743589,223631907979118,2.0554607743589e-05,0.000223631907979118,244186515722707,44585115605011,6530960033577602640957,6530.960033577603,0.0,0,0,0,nan,0
CL-eBTC/cbBTC,2.0746571614559447e-07,0xD64C5b0C64748445b625076dA10c4168D6289db2,0xEd7AF8228b789c00657d4F0019F8aad0222751Ae,0x657e8C867D8B37dCC18fA4Caead9C45EB088C642,0xcbB7C0000aB88B473b1f5aFd9ef808440eed33Bf,0x940181a94A35A4569E4529A3CDfB74e38FD98631,18,8,8,967,971,9.67e-06,9.71e-06,1938,0,1037042620727556399,1.0370426207275563,0.0,0,0,0,nan,0
CL-WETH/CHAMP,0.0015070644489222622,0x5535B3174F3d335C87475e54D3682099C1F9fB70,0xB9E4E0368A9F281584C9adB685e6C9F4b9F37dBb,0x4200000000000000000000000000000000000006,0xEb6d78148F001F3aA2f588997c5E102E489Ad341,0x940181a94A35A4569E4529A3CDfB74e38FD98631,18,18,18,4928763538941804,5177022739474800557014,0.004928763538941804,5177.022739474801,5177027668238339498818,0,7533244985011762886094,7533.244985011763,0.0,0,0,0,nan,0
CL-WETH/ZEREBRO,5.3099231933424455e-09,0xcBD3c500a97538ACa280a280799176D1eAc04DE4,0xfc6087cD934B4FFa50118457Cc16b8537eC55873,0x4200000000000000000000000000000000000006,0xD2e92077ad4d7d50D7d60be13FffE3FB52cc0B9f,0x940181a94A35A4569E4529A3CDfB74e38FD98631,18,18,18,42334042301321708,1757822507818438393345,0.042334042301321706,1757.8225078184385,1757864841860739715053,0,26542297043534040,0.02654229704353404,0.0,0,0,0,nan,0
CL-WETH/COOKIE,0.0016575494337390927,0xE8833415Bd6Aee9c0c7B6aaD7DC80421C3F28ca1,0x282ece21a112950f62EC4493E2Bd2b27a74c7937,0x4200000000000000000000000000000000000006,0xC0041EF357B183448B235a8Ea73Ce4E4eC8c265F,0x940181a94A35A4569E4529A3CDfB74e38FD98631,18,18,18,1872994322232804732,313886027819594128331847,1.8729943222328047,313886.02781959414,313887900813916361136579,0,8285462488385060527902,8285.462488385061,0.0,0,0,0,nan,0
CL-VIRTUAL/WETH,0.5800916712704657,0x3f0296BF652e19bca772EC3dF08b32732F93014A,0x5013Ea8783Bfeaa8c4850a54eacd54D7A3B7f889,0x0b3e328455c4059EEb9e3f84b5543F74E24e7E1b,0x4200000000000000000000000000000000000006,0x940181a94A35A4569E4529A3CDfB74e38FD98631,18,18,18,17378744375513035380,4123304882323420,17.378744375513037,0.00412330488232342,17382867680395358800,19795327279221409,2899658788030199499285383,2899658.7880301997,1.0385119725748358e-21,3011.3303677512,0,3011.3303677512,962.9161977985184,1787184000
CL-EMP/WETH,0.0021117190666143696,0xb0f400ded843b39370B059aD49AcFF6eB7365EEF,0x72Ef9Eef04485fC4dE5Bb9205498e3d649A06596,0x39D5313C3750140E5042887413bA8AA6145a9bd2,0x4200000000000000000000000000000000000006,0x940181a94A35A4569E4529A3CDfB74e38FD98631,18,18,18,306427445007805039,7909336167342,0.30642744500780505,7.909336167342e-06,306435354343972381,72061560877134,10555684648856708950749,10555.684648856708,6.038314389773387e-22,6.37385425091015,0,6.37385425091015,1656.0913119953152,1787184000
CL-WETH/LAY,0.0002521912622216812,0xEDA5C8f08e92E6983Ae29aB2D5Dc244342bF70c8,0x7946898CDBe3246a55C596D2d602A7394011fDDE,0x4200000000000000000000000000000000000006,0xb89D354AD1b0d95a48b3De4607F75a8cD710c1bA,0x940181a94A35A4569E4529A3CDfB74e38FD98631,18,18,18,991727283231946,5047209784434442092745,0.000991727283231946,5047.209784434442,5047210776161725324691,0,1260608703731198722981,1260.6087037311988,0.0,0,0,0,nan,0
CL-WETH/Anon,0.0014435448447222003,0x1807af3897aA6419E770D4642dF7B8b06E542C02,0xeCa59A0fBD6498B4d3d6E4143a30C2E8d8F68686,0x4200000000000000000000000000000000000006,0x79bbF4508B1391af3A0F4B30bb5FC4aa9ab0E07C,0x940181a94A35A4569E4529A3CDfB74e38FD98631,18,18,18,13776120599609,352017373331176871,1.3776120599609e-05,0.3520173733311769,352031149451776480,49260218787360,7215734516144793459736,7215.734516144794,2.9790930701593496e-20,214.9634469315658,0,214.9634469315658,33.56726280278685,1787184000
CL-WETH/ACOLYT,6.874913308863299e-06,0x984FaEED533D60B53F142ad76b629D64849ea507,0x792F8CAB72d9B67cc310C8dBd2A87b9FDC327Fb7,0x4200000000000000000000000000000000000006,0x79dacb99A8698052a9898E81Fdf883c29efb93cb,0x940181a94A35A4569E4529A3CDfB74e38FD98631,18,18,18,127183073115417,5202219002077535853257,0.000127183073115417,5202.219002077536,5202219129260608968674,0,34365090519799353914,34.36509051979935,0.0,0,0,0,nan,0
CL-WETH/AION,7.88190050097228e-05,0x1d6aaA7ae38856fFfc37e5e3C99D1c392631f450,0x41aD48761d843B7b2c33fE4aAd944Ab229599dF8,0x4200000000000000000000000000000000000006,0xfc48314ad4aD5bD36a84E8307b86A68A01D95d9C,0x940181a94A35A4569E4529A3CDfB74e38FD98631,18,18,18,5081925311135113,714436769628471503041,0.005081925311135113,714.4367696284716,714441851553782638154,0,393986385013411524612,393.98638501341156,0.0,0,0,0,nan,0
CL-WETH/VEIL,0.000516262371052085,0x8caD4aF4c6b4dd0eFd195407498E55eB9C328CD3,0x40a844835DF0a7b09E2B4D4D85443714c473624d,0x4200000000000000000000000000000000000006,0x767A739D1A152639e9Ea1D8c1BD55FDC5B217D7f,0x940181a94A35A4569E4529A3CDfB74e38FD98631,18,18,18,31169601269932,192919184734923298,3.1169601269932e-05,0.1929191847349233,192950354336193230,17618832374737,2580600265940591500563,2580.6002659405913,0.0,0,0,0,nan,0
CL-WETH/WELS,4.840833976592845e-07,0x39d8E6Ce85Be6fDb679b1515a0A8cbC919df948b,0x977EFe76abA185f61A70A67D491e780b205ed908,0x4200000000000000000000000000000000000006,0x7F62ac1e974D65Fab4A81821CA6AF659A5F46298,0x940181a94A35A4569E4529A3CDfB74e38FD98631,18,18,18,177014753019548,169991742830608241318,0.000177014753019548,169.99174283060825,169991919845361260866,0,2419749752807264060,2.4197497528072645,0.0,0,0,0,nan,0
CL-WETH/USDC,0.0019280343690334055,0x0652202C4b2D09CB93aEDeFAdc14B36869483a98,0x9017Bdde03D36636113a55Aa97CF159048843498,0x4200000000000000000000000000000000000006,0x833589fCD6eDb6E08f4c7C32D4f71b54bdA02913,0x940181a94A35A4569E4529A3CDfB74e38FD98631,18,18,6,70525280261922,150416,7.0525280261922e-05,0.150416,70525280412338,65793179399403,9637514342427713702554,9637.514342427714,2.1520208529892708e-21,20.74013183588762,0,20.74013183588762,464.67951210182144,1787184000
CL-WETH/ANZ,3.343236421182053e-05,0xaE092538552D0B772014346d9E9a6273C24C5612,0x52abaB90414f807E624cF86973eD85aE9de50Ed7,0x4200000000000000000000000000000000000006,0xeeC468333ccc16D4BF1cEf497A56cf8C0aAe4Ca3,0x940181a94A35A4569E4529A3CDfB74e38FD98631,18,18,18,626243126884,42280575221821685398,6.26243126884e-07,42.280575221821685,42280575848064812282,1140862202283,167115739619424135984,167.11573961942415,1.7038626422119496e-21,0.2847422656631562,0,0.2847422656631562,586.9017696765761,1787184000
CL-WETH/VVV,0.7011930056615968,0x46D398A5b33709877f50c8918A7eE96F1Be1d7dd,0x6831125a82Af7417e0cde3A214c03fE248Ff6AA8,0x4200000000000000000000000000000000000006,0xacfE6019Ed1A7Dc6f7B508C02d1b04ec88cC21bf,0x940181a94A35A4569E4529A3CDfB74e38FD98631,18,18,18,30119513963730536,8287712557238377223,0.030119513963730537,8.287712557238377,8317832071202107759,23927862706832826,3504998540177242244533515,3504998.5401772424,1.2251249811239233e-21,4294.061270374023,0,4294.061270374023,816.2432530619083,1787184000
CL-WETH/FLAY,1.9054580655344166e-06,0x6eAF8196a9A3207A9CdF06EFd112fef7a27E34Fb,0x5B75d4Ae48E15892D3810b227D34dB45198C439B,0x4200000000000000000000000000000000000006,0xF1A7000000950C7ad8Aff13118Bb7aB561A448ee,0x940181a94A35A4569E4529A3CDfB74e38FD98631,18,18,18,239493194772484,77813474327806866439,0.000239493194772484,77.81347432780687,77813713821001638923,695373826,9524663942940495978,9.524663942940496,0.0,0,0,0,nan,0
CL-WETH/AAVE,0.721144753858951,0x4a79B0168296c0eF7b8F314973B82aD406a29f1B,0x28047b764D603A25146A0b8a8D414740dC1E650E,0x4200000000000000000000000000000000000006,0x63706e401c06ac8513145b7687A14804d17f814b,0x940181a94A35A4569E4529A3CDfB74e38FD98631,18,18,18,37702315864992488,562758812099325406,0.03770231586499249,0.5627588120993254,600461127964317894,24608771332827889,3604729780707413675820564,3604729.780707414,0.0,0,0,0,nan,0
CL-WETH/TIBBIR,0.002449940560354438,0x0f664afFB82f074937D5cFCD61b97F3F32d5dC50,0x2335A595b567CddDec56DE21261795ba7e7Aad98,0x4200000000000000000000000000000000000006,0xA4A2E2ca3fBfE21aed83471D28b6f65A233C6e00,0x940181a94A35A4569E4529A3CDfB74e38FD98631,18,18,18,461846346104863495,6850140958143363251587,0.46184634610486347,6850.140958143364,6850602804489468115082,0,12246325930563424356888,12246.325930563426,0.0,0,0,0,nan,0
CL-WETH/W,0.01072767539301413,0xf1Eef36d55978eDfD427e95c3D0C9B9359EF0AEF,0xA2292a26d33117f52Fd511aafD98A73C2172a990,0x4200000000000000000000000000000000000006,0xB0fFa8000886e57F86dd5264b9582b2Ad87b2b91,0x940181a94A35A4569E4529A3CDfB74e38FD98631,18,18,18,191008888905853,75720203718379249386,0.000191008888905853,75.72020371837925,75720394727268155239,366093569573274,53623590492795421818642,53623.59049279542,4.812685246816271e-21,258.0734628459938,0,258.0734628459938,207.78420958684728,1787184000
CL-WETH/KAITO,0.4631409781733477,0x56b92E5B391DbFb8b8028AC95A4b97f52ffEB416,0x6205DfbE68444cFF504A20a712cEa794c6b6Cf04,0x4200000000000000000000000000000000000006,0x98d0baa52b2D063E780DE12F615f963Fe8537553,0x940181a94A35A4569E4529A3CDfB74e38FD98631,18,18,18,5447919995224661,21694020407043372439,0.005447919995224661,21.69402040704337,21699468327038597100,15804513505405558,2315066521324186674844987,2315066.5213241866,6.440751366530514e-22,1491.07678608278,0,1491.07678608278,1552.6138847658656,1787184000
CL-WETH/RIZ,6.309501465629002e-05,0x78abF9026c500744Cb033842744b87ffA0F73689,0x5983adac7383396B31A3F4c5654623702ad27FaC,0x4200000000000000000000000000000000000006,0x67543CF0304C19CA62AC95ba82FD4F4B40788dc1,0x940181a94A35A4569E4529A3CDfB74e38FD98631,18,18,8,219763642839001,54070100585,0.000219763642839001,540.70100585,219817712939586,0,315388106380351682257,315.3881063803517,0.0,0,0,0,nan,0
CL-WETH/COW,0.00015402492538793878,0x6D99904cd4ec6F558D279a643b64d2Dc8E2E4C18,0xFB0232F10272848b303C2DDa79C6bb568e19c18d,0x4200000000000000000000000000000000000006,0xc694a91e6b071bF030A18BD3053A7fE09B6DaE69,0x940181a94A35A4569E4529A3CDfB74e38FD98631,18,18,18,55052651510100,862862430562368583,5.50526515101e-05,0.8628624305623686,862917483213878683,0,769912326958057072041,769.9123269580572,0.0,0,0,0,nan,0
CL-WETH/LINKS,1.1525289353704449e-07,0x4Ba79157c6e7aB14bce06a869aF2d14C51C8E269,0x93eE62191632cdb63710f6dBe497Dbc6640242F4,0x4200000000000000000000000000000000000006,0x901F1D2BF312e6Fa1716Df603df8F86315bcb355,0x940181a94A35A4569E4529A3CDfB74e38FD98631,18,18,18,66083409863782348,2351668002141870528774987,0.06608340986378235,2351668.0021418706,2351668068225280392557335,42060425,576105609064646042,0.576105609064646,0.0,0,0,0,nan,1787184000
CL-MXNe/USDC,1.4049876371894527e-07,0x256D96010e9D9801B1F4c2320B2AD44715c8078F,0xab205bb675a7DDAF1f5808da0D89bdbdC8F9F646,0x269caE7Dc59803e5C596c95756faEeBb6030E0aF,0x833589fCD6eDb6E08f4c7C32D4f71b54bdA02913,0x940181a94A35A4569E4529A3CDfB74e38FD98631,18,6,6,1,1,1e-06,1e-06,2,4794479065,702300162373939871,0.7023001623739399,0.0,0,0,0,nan,1787184000
CL-oUSDT/WETH,0.1752422150594195,0x93617b2909a7c207E4180dE0E667ea80c9BdfE9e,0x3D7981a71dEe2e73656566f3003D3C6a19C45EE6,0x1217BfE6c773EEC6cc4A38b5Dc45B92292B6E189,0x4200000000000000000000000000000000000006,0x940181a94A35A4569E4529A3CDfB74e38FD98631,18,6,18,6503976,4150741904707505,6.503976,0.004150741904707505,4150741911211481,5980087447643624,875969530502023483362291,875969.5305020235,7.653828746093894e-22,670.452077325876,0,670.452077325876,1306.5356348746982,1787184000
CL-oUSDT/cbBTC,0.1765527756246743,0x85c99e6B9adaB159A33A999a6303933212ac091E,0x5743b100361F2d6b13282C731426215294689a71,0x1217BfE6c773EEC6cc4A38b5Dc45B92292B6E189,0xcbB7C0000aB88B473b1f5aFd9ef808440eed33Bf,0x940181a94A35A4569E4529A3CDfB74e38FD98631,18,6,8,10532583,25626,10.532583,0.00025626,10558209,6024810143023160,882520526919476029834814,882520.526919476,0.0,0,0,0,nan,0
CL-WETH/KTA,0.17095858909147246,0x46D710c35BdfB800a18A820712310048Ef8B5256,0x6bf4D7E9cC3BF9fEA7ee88bA7cfde9626E77eFd4,0x4200000000000000000000000000000000000006,0xc0634090F2Fe6c6d75e61Be2b949464aBB498973,0x940181a94A35A4569E4529A3CDfB74e38FD98631,18,18,18,6357757885144205,156647714929641090810,0.006357757885144205,156.6477149296411,156654072687526235015,5833929061307714,854557304990513349316775,854557.3049905134,0.0,0,0,0,nan,0
CL-USDC/PROS,1.5241732852673632e-05,0x3115267471EA743bFe311C3FCdcd1b52c584269B,0x3C2552aF840c08471C4f92996B0Fb8091C702C17,0x833589fCD6eDb6E08f4c7C32D4f71b54bdA02913,0x915424Ac489433130d92B04096F3b96c82e92a9D,0x940181a94A35A4569E4529A3CDfB74e38FD98631,18,6,18,155928,3514171681808436811,0.155928,3.514171681808437,3514171681808592739,0,76187655848031571337,76.18765584803157,0.0,0,0,0,nan,0
CL-WETH/$PAAL,0.0003932183938330482,0x0bD7cfd63dB4B508C616368FC83635bACA65c710,0x7e9DC9928EDa29c5EC28D12e8144Fd12ae6B0187,0x4200000000000000000000000000000000000006,0xd52333441c0553fACb259600FA833a69186893A5,0x940181a94A35A4569E4529A3CDfB74e38FD98631,18,18,18,11861496232822,4934487369655553550,1.1861496232822e-05,4.934487369655553,4934499231151786372,13418510615709,1965549977292303758774,1965.5499772923038,0.0,0,0,0,nan,0
CL-WETH/LINK,0.17224068334915993,0x72bE417AFB0aBEa66913141C605D313BB389b59C,0xd66c27Ec3C0dfcD20678ff5F5C3CbB6EdE033b92,0x4200000000000000000000000000000000000006,0x88Fb150BDc53A65fe94Dea0c9BA0a6dAf8C6e196,0x940181a94A35A4569E4529A3CDfB74e38FD98631,18,18,18,1657558325621220,1675496133912490240,0.00165755832562122,1.6754961339124903,1677153692238111460,5877683939066090,860966009106613645525034,860966.0091066137,0.0,0,0,0,nan,0
CL-WETH/RED,0.000917323550143002,0x80866012A372c686A3b71a2aB05D004e29B36E1b,0x4bFE96D4f9E60aFD1E577C61E4BCC679e9A21cfB,0x4200000000000000000000000000000000000006,0x4eB92702bA4cfbF80561BAd64D89C706Ac824960,0x940181a94A35A4569E4529A3CDfB74e38FD98631,18,18,18,942454156563090654,15125265092244296963660,0.9424541565630906,15125.265092244297,15126207546400860054314,0,4585353359433144444167,4585.353359433145,0.0,0,0,0,nan,0
CL-WETH/RWAX,0.0029921642244943323,0x7A9b4Ccc4F80506259c301BB07cf9A97b4d8805e,0xCA635E72A2Dca090eFD8b9E14202D48c2D99a5a0,0x4200000000000000000000000000000000000006,0xe0023E73aab4fE9a22f059a9d27E857E027eE3dc,0x940181a94A35A4569E4529A3CDfB74e38FD98631,18,18,18,1,95995507145954007079,1e-18,95.99550714595401,95995507145954007080,102107093767775,14956696878240965867258,14956.696878240966,0.0,0,0,0,nan,0
CL-BIO/WETH,1.1390779905490533,0x222cCBE78890A4d9Ef8d22d7FC1B968Be0F2c653,0x6f29b7B27e2043849A21E1E6ea9ED6d2678E11F3,0x226A2FA2556C48245E57cd1cbA4C6c9e67077DD2,0x4200000000000000000000000000000000000006,0x940181a94A35A4569E4529A3CDfB74e38FD98631,18,18,18,2460530480316705670211,44541111971299154,2460.5304803167055,0.044541111971299154,2460575021428676969365,38871883198175194,5693819906625345013393663,5693819.906625345,0.0,0,0,0,nan,0
CL-IDRX/USDC,0.000375153432656496,0x9cadc7e36191C8B40d0D02b830DC32CE2242D27b,0xcd3F046D0Abc3b9B057476e323317b4c5FD1b850,0x18Bc5bcC660cf2B9cE3cd51a404aFe1a0cBD3C22,0x833589fCD6eDb6E08f4c7C32D4f71b54bdA02913,0x940181a94A35A4569E4529A3CDfB74e38FD98631,18,2,6,534,1,5.34,1e-06,535,12802046897019,1875250071216612253668,1875.2500712166122,0.0,0,0,0,nan,0
CL-USDC/KLIMA,1.5139889713039622e-05,0x2DB199a5D0EffAe36236E13FDb62aa43Eb3e14eC,0x3978aB83e3C0823Dcc432B2CE30E6414AD857914,0x833589fCD6eDb6E08f4c7C32D4f71b54bdA02913,0xDCEFd8C8fCc492630B943ABcaB3429F12Ea9Fea2,0x940181a94A35A4569E4529A3CDfB74e38FD98631,18,6,9,55624,145159613,0.055624,0.145159613,145215237,0,75678580525171683648,75.67858052517168,0.0,0,0,0,nan,0
CL-oUSDT/USDC,0.011727138286007896,0x4858bA5A92a23de1B2dBB3509B01D0A9F0E0756A,0x2ce6eBFb4E00eE53f7B138C46850F0bD3B33a83B,0x1217BfE6c773EEC6cc4A38b5Dc45B92292B6E189,0x833589fCD6eDb6E08f4c7C32D4f71b54bdA02913,0x940181a94A35A4569E4529A3CDfB74e38FD98631,18,6,6,1104892,677980,1.104892,0.67798,1782872,400193297710858,58619527349865428960437,58619.527349865435,1.189998852735941e-21,69.75717029426298,0,69.75717029426298,840.336944612079,1787184000
CL-PROMPT/cbBTC,0.001364800065100259,0x41D60eD9C8327EA0c6b16a44343c177E0402FeeA,0x6d5EBd01df7091d15FFd730281e71715160B1587,0x30c7235866872213F68cb1F08c37Cb9eCCB93452,0xcbB7C0000aB88B473b1f5aFd9ef808440eed33Bf,0x940181a94A35A4569E4529A3CDfB74e38FD98631,18,18,8,677923698161888925,17,0.6779236981618889,1.7e-07,677923698161888942,46573726779853,6822119155761857683988,6822.119155761858,1.1388585361088175e-21,7.769428634890871,0,7.769428634890871,878.0721821840482,1787184000
CL-USDC/CTX,0.01914108728079992,0x562d63bFCea2eae8be3265B1f841D42Af6DdE0B7,0x09f0FCCB52931ac063290E1498f391680573E74d,0x833589fCD6eDb6E08f4c7C32D4f71b54bdA02913,0xBB22Ff867F8Ca3D5F2251B4084F6Ec86D4666E14,0x940181a94A35A4569E4529A3CDfB74e38FD98631,18,6,18,2059340,2690802799749801510,2.05934,2.6908027997498016,2690802799751860850,653188545400472,95679053320430567932422,95679.05332043057,7.9091784964137155e-22,75.67427110791708,0,75.67427110791708,1264.353814310087,1787184000
CL-MOCA/USDC,0.0006812664147940299,0xbf4f004307F623C2Fa2c6cf8Ce8095200e389B13,0x5f42dc8b628b61F268BB832cBF04780a18CF6dD8,0x2B11834Ed1FeAEd4b4b3a86A6F571315E25A884D,0x833589fCD6eDb6E08f4c7C32D4f71b54bdA02913,0x940181a94A35A4569E4529A3CDfB74e38FD98631,18,18,6,2434792493027784640,15000,2.4347924930277847,0.015,2434792493027799640,23248179570145,3405393051620446942927,3405.3930516204473,2.7622972730429372e-21,9.406707940130527,0,9.406707940130527,362.0175169989592,1787184000
CL-WETH/uHBAR,0.0021988506429637573,0x006B41C8B19E73324808ecE954DDDfF978c9c8F3,0x760E67cD9Ef0B4b14a804b3C20fBf762A3e94117,0x4200000000000000000000000000000000000006,0xc79e06860Aa9564f95E08fb7E5b61458d0C63898,0x940181a94A35A4569E4529A3CDfB74e38FD98631,18,18,18,4363279205430119,95146922570063836049,0.004363279205430119,95.14692257006384,95151285849269266168,0,10991222432950541827190,10991.222432950542,0.0,0,0,0,nan,0
CL-WETH/Base is for everyone,0.0021078234671599704,0x9aa26B650357bF9cc5439123BCd7e0C0200d90e6,0x78495D7753540ebEAc1fB45A27fB790868cB811e,0x4200000000000000000000000000000000000006,0xD769d56f479E9E72a77bB1523e866A33098Feec5,0x940181a94A35A4569E4529A3CDfB74e38FD98631,18,18,18,1,185144780069510460856,1e-18,185.14478006951046,185144780069510460857,71929361851072,10536212021077283644253,10536.212021077283,1.6972595642185625e-21,17.88268662340801,0,17.88268662340801,589.1850728562023,1787184000
CL-WETH/GIZA,0.0002852621703717658,0x3C589883d42D5D45b50b9Fff4f07D990A1242A3F,0x1B5dD992cbd0De7a9B44A8736866214D093d2942,0x4200000000000000000000000000000000000006,0x590830dFDf9A3F68aFCDdE2694773dEBDF267774,0x940181a94A35A4569E4529A3CDfB74e38FD98631,18,18,18,1,1,1e-18,1e-18,2,9734620543164,1425917661254262295596,1425.9176612542622,1.2527238749074912e-21,1.7862810979054669,0,1.7862810979054669,798.260510580471,1787184000
CL-GIZA/USDC,0.008830396634297483,0xe077DdFb9E9d9403A8eC42D3023D17e8417ee399,0xe9d34ea7240cD470Ef9e8A797c442c41E090117a,0x590830dFDf9A3F68aFCDdE2694773dEBDF267774,0x833589fCD6eDb6E08f4c7C32D4f71b54bdA02913,0x940181a94A35A4569E4529A3CDfB74e38FD98631,18,18,6,144771936987326315902446,1081792978,144771.9369873263,1081.792978,144771936987327397695424,0,44139811810010782627924,44139.81181001078,0.0,0,0,0,nan,0
CL-MAMO/cbBTC,0.002550402314112586,0xE2B3aA806e56603a244bFc111c9474F7DeDD03db,0x219A387d97D62cF1A9f853D41a4D13BB71EA818C,0x7300B37DfdfAb110d83290A29DfB31B1740219fE,0xcbB7C0000aB88B473b1f5aFd9ef808440eed33Bf,0x940181a94A35A4569E4529A3CDfB74e38FD98631,18,18,8,615138007224857495627,9126,615.1380072248575,9.126e-05,615138007224857504753,87032916870609,12748496228074764380033,12748.496228074764,1.2519928967518284e-20,159.61026721817083,0,159.61026721817083,79.87265763203617,1787184000
CL-WETH/noice,0.004343181093467682,0x9Ea86AA9f7203da077371bb2F82ec555E6E22f81,0x3e2B0d294BeE08c601483B97f758824A81f81d25,0x4200000000000000000000000000000000000006,0x9Cb41FD9dC6891BAe8187029461bfAADF6CC0C69,0x940181a94A35A4569E4529A3CDfB74e38FD98631,18,18,18,51669530724494,2418839716039533889862,5.1669530724494e-05,2418.839716039534,2418839767709064614356,148211805784360,21709919051412116711966,21709.919051412115,0.0,0,0,0,nan,0
CL-WETH/JKL,6.288592969769598e-07,0x30e8b965852FFB425AAc5B265Dd985aB43123c3d,0x473A8A08738AD2C04B4B2b3A7eEe2a3124aE79b6,0x4200000000000000000000000000000000000006,0x4eeD0d2deb4C588393c80869B122327581B0D98e,0x940181a94A35A4569E4529A3CDfB74e38FD98631,18,18,6,2467327274091518,2691092257,0.002467327274091518,2691.092257,2467329965183775,229505220,3143429697792618550,3.1434296977926186,0.0,0,0,0,nan,0
CL-BIOS/USDC,8.250500191634956e-07,0x5E8961929dd762300ec192C85615502c3A516087,0x17eD47514fD512B8cE273FAd376eaBA4d926Fb9F,0x73Cb479f2ccf77BAd90BcDA91e3987358437240A,0x833589fCD6eDb6E08f4c7C32D4f71b54bdA02913,0x940181a94A35A4569E4529A3CDfB74e38FD98631,18,18,6,8894861956140115836822,22711363,8894.861956140116,22.711363,8894861956140138548185,0,4124112889592727052,4.124112889592727,0.0,0,0,0,nan,0
CL-WETH/HOME,0.32176584566741473,0x098A4dE96305baFAEA0c0ce07CF6456e2c64982a,0xF9F42a321E3A07820081D9d54e3F614e34B9Ae0E,0x4200000000000000000000000000000000000006,0x4BfAa776991E85e5f8b1255461cbbd216cFc714f,0x940181a94A35A4569E4529A3CDfB74e38FD98631,18,18,18,26851603735942000,9522756897104881561932,0.026851603735942,9522.756897104882,9522783748708617503932,10980315897111258,1608385722956665072440230,1608385.722956665,0.0,0,0,0,nan,0
CL-WETH/WOO,0.05624615734495568,0xAD06a870Fc2198398c18a6f2cA035Bf795EdEeFe,0xe75880892CC7B8F7D64614345c5422c3cc4FA41A,0x4200000000000000000000000000000000000006,0xF3df0A31ec5EA438150987805e841F960b9471b6,0x940181a94A35A4569E4529A3CDfB74e38FD98631,18,18,18,93324424550254,114629586915032524874,9.3324424550254e-05,114.62958691503252,114629680239457075128,1919422543488394,281153259933959324495589,281153.2599339593,1.2498937960118144e-21,351.41171531995275,0,351.41171531995275,800.0679763279245,1787184000
CL-SEDA/WETH,0.0022587411496015107,0x681D6e4B0b020656cA04956dDAf76aDd7EF022F6,0x82F40418147828bcC8f0F1F551685FC2f6768176,0x306aCd0c07c430AbBBb2e74Ef7bdE94F32A898c0,0x4200000000000000000000000000000000000006,0x940181a94A35A4569E4529A3CDfB74e38FD98631,18,18,18,159287662964993231930,793998084903657,159.28766296499325,0.000793998084903657,159288456963078135587,77084039427633,11290592416166131724243,11290.592416166131,7.228413982210868e-21,81.61307608845925,0,81.61307608845925,138.34293421226297,1787184000
CL-SUPR/WETH,2.6389136381970395e-05,0x1c6511ef0ec38b5b91208D1A21eF9f9D1aA532B3,0xA6b01B70982BF3D288d84182b44632CE6E34f6F0,0x17906b1Cd88aA8EfaEfC5e82891B52a22219BD45,0x4200000000000000000000000000000000000006,0x940181a94A35A4569E4529A3CDfB74e38FD98631,18,18,18,9231901516631321535774,2989184253508891,9231.901516631322,0.002989184253508891,9231904505815575044665,0,131909308490710905149,131.9093084907109,0.0,0,0,0,nan,0
CL-TIG/USDC,0.273091155074962,0x3F5E98C7ebfF35056ab4346BCcd722A537c1aEfA,0x03fDf6f0f980Aa6eb2bc5387a27883360414Bf6C,0x0C03Ce270B4826Ec62e7DD007f0B716068639F7B,0x833589fCD6eDb6E08f4c7C32D4f71b54bdA02913,0x940181a94A35A4569E4529A3CDfB74e38FD98631,18,18,6,16717329151387234032,17625523,16.717329151387233,17.625523,16717329151404859555,9319344666416484,1365079360667504896007139,1365079.3606675048,5.531438223948196e-22,755.0852154319002,0,755.0852154319002,1807.84808491674,1787184000
CL-WETH/ZEN,0.9723943892704769,0x0392B12a1cEb0cd13af5Ea448CF5586EA609852D,0x828622C92977a372Be19F24bC5c4B5021B4b06eC,0x4200000000000000000000000000000000000006,0xf43eB8De897Fbc7F2502483B2Bef7Bb9EA179229,0x940181a94A35A4569E4529A3CDfB74e38FD98631,18,18,18,40065205180776996,22193001251124092907,0.040065205180777,22.193001251124095,22233066456304869903,33183456388570452,4860631648277473029787596,4860631.648277473,0.0,0,0,0,nan,0
CL-ZRO/ZEN,0.010073480746675063,0x82685574957fEf6ab359D8c1083401B492dCa0CF,0xAc7aa2b1eA5B8847FCa2A79D3DdC191aF96e4669,0x6985884C4392D348587B19cb9eAAf157F13271cd,0xf43eB8De897Fbc7F2502483B2Bef7Bb9EA179229,0x940181a94A35A4569E4529A3CDfB74e38FD98631,18,18,18,1124145763790315864,275660313773211315,1.1241457637903158,0.2756603137732113,1399806077563527179,343762732417224,50353518969125936635740,50353.51896912594,0.0,0,0,0,nan,0
CL-cbBTC/ZEN,0.40032091700582206,0x47f9e291bb766Fc307Ad7BBa4f29f3Eab6A97101,0xB6abC5598A53C8432F9C849528d9D30E30c205FA,0xcbB7C0000aB88B473b1f5aFd9ef808440eed33Bf,0xf43eB8De897Fbc7F2502483B2Bef7Bb9EA179229,0x940181a94A35A4569E4529A3CDfB74e38FD98631,18,8,18,65525,13089365879828768504,0.00065525,13.089365879828769,13089365879828834029,13661167584728762,2001052803406005346205852,2001052.8034060055,0.0,0,0,0,nan,0
CL-WETH/A0X,0.00019441208323546226,0x035D6b8ac7Fe438F8B3b52Eac81e346377f7509F,0x688da366bFe09A22f2AF5f54FC463c4E0c137a0f,0x4200000000000000000000000000000000000006,0x820C5F0fB255a1D18fd0eBB0F1CCefbC4D546dA7,0x940181a94A35A4569E4529A3CDfB74e38FD98631,18,18,18,1,886291701991376127601,1e-18,886.2917019913762,886291701991376127602,6634412969658,971792448628572403970,971.7924486285724,0.0,0,0,0,nan,0
CL-WETH/MAMO,0.004947263332638923,0xAa067F08FeF60420d050A92E7800E588748B7d67,0x6165cEeE2Df1cB4811698be5BfEf218AA6414868,0x4200000000000000000000000000000000000006,0x7300B37DfdfAb110d83290A29DfB31B1740219fE,0x940181a94A35A4569E4529A3CDfB74e38FD98631,18,18,18,52495196152456,12723021778810074224,5.2495196152456e-05,12.723021778810073,12723074274006226680,168829026974442,24729497611589643346734,24729.497611589642,2.3247704929840518e-21,57.49040635374318,0,57.49040635374318,430.14998814631815,1787184000
CL-TOWNS/USDC,0.0011532065786025527,0xF099ceFE04717710dd2EC40f2e0c9C06134F5Eb5,0x83e1dd4273a7eeC62982f4e5B9AE3452f8fCC6f5,0x00000000A22C618fd6b4D7E9A335C4B96B189a38,0x833589fCD6eDb6E08f4c7C32D4f71b54bdA02913,0x940181a94A35A4569E4529A3CDfB74e38FD98631,18,18,6,7528089082037572058,17277,7.528089082037572,0.017277,7528089082037589335,39354031768446,5764443372778656923209,5764.443372778657,1.8628135936710655e-21,10.738083474759168,0,10.738083474759168,536.8223655858609,1787184000
CL-WETH/docker,1.829440273448193e-05,0xC172acE2c8ed86acDFdd5723d0118f16C00117DD,0x655CB374D5d086916168aCF703B967e5064B94B0,0x4200000000000000000000000000000000000006,0x56f8AD6112C2DB9F9848243531B277cE1C3BE30c,0x940181a94A35A4569E4529A3CDfB74e38FD98631,18,18,18,118042901744361,7421483213839611443126,0.000118042901744361,7421.483213839611,7421483331882513187487,0,91446797614977345949,91.44679761497736,0.0,0,0,0,nan,0
CL-1000X/USDC,0.001778939633462986,0x458F1d779E5F9ee149b53B8f77c5d62C2Bc28d8e,0x3494963a2a8407f2c15d0af6cA417292882a87ed,0x352b850b733ab8baB50aED1Dab5D22E3186ce984,0x833589fCD6eDb6E08f4c7C32D4f71b54bdA02913,0x940181a94A35A4569E4529A3CDfB74e38FD98631,18,18,6,1,66701,1e-18,0.066701,66702,60711066628562,8892246169038898233375,8892.2461690389,1.1725746504507334e-20,104.26822443382659,0,104.26822443382659,85.28241674127986,1787184000
CL-WETH/SOON,6.371459429431971e-05,0xC75a16d7E685eaE65Ba0aB6Cf596f73F6Edf170D,0xFAEC1Df3e83fa614b960520D5E3518DbAa4BE163,0x4200000000000000000000000000000000000006,0xb9E1Fd5A02D3A33b25a14d661414E6ED6954a721,0x940181a94A35A4569E4529A3CDfB74e38FD98631,18,18,18,594000001,3548845610521,5.94000001e-10,3.548845610521e-06,3549439610522,2174315395342,318485150574009306803,318.4851505740093,3.7775580678026964e-22,0.12030961500262055,0,0.12030961500262055,2647.212781514363,1787184000
CL-WETH/ENA,0.02032216885276211,0xc422BFB18F9FC217f955d759D3753F31137cCEFd,0x11EC04A8AD5df5c187470Ec941Ef26DEa7f9EBD1,0x4200000000000000000000000000000000000006,0x58538e6A46E07434d7E7375Bc268D3cb839C0133,0x940181a94A35A4569E4529A3CDfB74e38FD98631,18,18,18,740383811264836,14978980372856185672,0.000740383811264836,14.978980372856185,14979720756667450508,693509119245986,101582833238559953120417,101582.83323855996,1.8490804239402706e-21,187.83482834981027,0,187.83482834981027,540.8093596432462,1787184000
CL-USDC/AERO,6.970600607917456e-08,0xa4FDd479eda160671636e2eCF8f993Cbf86258a8,0xA31AEFB33c052Aa0325d2FFbc882BceD31bf62C2,0x833589fCD6eDb6E08f4c7C32D4f71b54bdA02913,0x940181a94A35A4569E4529A3CDfB74e38FD98631,0x0000000000000000000000000000000000000000,18,6,18,0,0,0.0,0.0,0,0,348433951246518830,0.3484339512465188,0.0,0,0,0,nan,0
CL-WETH/ORDER,0.004235427593457739,0x27bd426eC343845995c527d634c4E07f0608AaCd,0x6EA5161E3f223dE6ab0e079F0977AEf1056C4b3e,0x4200000000000000000000000000000000000006,0x4E200fE2f3eFb977d5fd9c430A41531FB04d97B8,0x940181a94A35A4569E4529A3CDfB74e38FD98631,18,18,18,11600806537402,940822190580892864,1.1600806537402e-05,0.9408221905808929,940833791387430266,144538559811346,21171300073207261658802,21171.30007320726,0.0,0,0,0,nan,0
CL-USDC/GHST,0.01647411843456966,0x56C11053159a24c0731b4b12356BC1f0578FB474,0x8cA6075D8109bBb56d4af4B1056D2ba946c8086B,0x833589fCD6eDb6E08f4c7C32D4f71b54bdA02913,0xcD2F22236DD9Dfe2356D7C543161D4d260FD9BcB,0x940181a94A35A4569E4529A3CDfB74e38FD98631,18,6,18,313008821,3923120085918796254685,313.008821,3923.120085918796,3923120085919109263506,0,82347885101039410057535,82347.88510103941,0.0,0,0,0,nan,0
CL-USDC/SAPIEN,0.26084230256723356,0x80Cc08712Aa61cE9dc7604F9cE7560A25094B862,0x96FA1A659f080067b554d1d60DfF183EDCe0b027,0x833589fCD6eDb6E08f4c7C32D4f71b54bdA02913,0xC729777d0470F30612B1564Fd96E8Dd26f5814E3,0x940181a94A35A4569E4529A3CDfB74e38FD98631,18,6,18,25444847,207904631094388756096,25.444847,207.90463109438875,207904631094414200943,8901465949078079,1303851981312905196830144,1303851.9813129052,1.2516865978006736e-21,1632.014050525218,0,1632.014050525218,798.9220318864884,1787184000
CL-USDC/VELVET,0.8966202932908292,0x6b0F53cbD9272D8117e9535FE25371dedF39a1bE,0xc632BA1757eb3245d8f81d0Ea2ED3DE456DFfB73,0x833589fCD6eDb6E08f4c7C32D4f71b54bdA02913,0xbF927b841994731C573BDF09ceB0c6B0Aa887cDd,0x940181a94A35A4569E4529A3CDfB74e38FD98631,18,6,18,46328037,65998043748891236905,46.328037,65.99804374889123,65998043748937564942,30598139864335009,4481865611469496851063072,4481865.611469497,0.0,0,0,0,nan,0
CL-WETH/balajis,1.1720603016696419e-06,0x4A7118f40fCBBBeB2d5Ff3696eBc456Bb2B8326e,0x0b3e4c78EE4232d22d2CA56F62b9972796D73ed5,0x4200000000000000000000000000000000000006,0xcaf75598B8b9a6E645B60D882845d361F549f5EC,0x0000000000000000000000000000000000000000,18,18,18,0,0,0.0,0.0,0,0,5858686001118486320,5.858686001118486,0.0,0,0,0,nan,0
CL-WETH/VELVET,0.7395300855156768,0xF579B16f9b1A4aCc872D34a8141fbbD36C0ce10C,0xbaB42F222012FeA2D1BC17Ca9Db82031e84511D2,0x4200000000000000000000000000000000000006,0xbF927b841994731C573BDF09ceB0c6B0Aa887cDd,0x940181a94A35A4569E4529A3CDfB74e38FD98631,18,18,18,21274020809774951,56139183749944361034,0.02127402080977495,56.13918374994436,56160457770754135985,25237266164744918,3696631097601891834498544,3696631.0976018915,9.6096011842326e-22,3552.3150573186194,0,3552.3150573186194,1040.6259123852053,1787184000
CL-USDC/frxUSD,0.002615805283745776,0xD3d9f0f7D0d477e0A19222965B59233Ad7f6Bc6b,0x4A3Ee54B82c1aE22b81EEb95cA53f9F7234fEE5b,0x833589fCD6eDb6E08f4c7C32D4f71b54bdA02913,0xe5020A6d073a794B6E7f05678707dE47986Fb0b6,0x940181a94A35A4569E4529A3CDfB74e38FD98631,18,6,18,2757,15092648017144140,0.002757,0.01509264801714414,15092648017146897,89267192064275,13075420928173983995992,13075.420928173984,7.603396891509419e-22,9.941761484045529,0,9.941761484045529,1315.2016319399063,1787184000
CL-BIO/AUBRAI,0.0075815842614196625,0x6744257f30D991fF0de9f5Aa2AcD03f8093e7067,0xCcCc26Ff97FE100E6eD2D36E345A6171aA9Ec599,0x226A2FA2556C48245E57cd1cbA4C6c9e67077DD2,0x9d56c29e820Dd13b0580B185d0e0Dc301d27581d,0x940181a94A35A4569E4529A3CDfB74e38FD98631,18,18,18,258769706681930342365,1476995254808180738,258.76970668193036,1.4769952548081808,260246701936738523103,258729812400963,37897471243932086226231,37897.47124393209,5.81183226827409e-21,220.2537462614739,0,220.2537462614739,172.06277707958782,1787184000
CL-WETH/cbBTC,0.00042045804991441626,0x22AEe3699b6A0fEd71490C103Bd4E5f3309891D5,0x83e2E9493996651ed63033d81f5052cBE2fEB6A1,0x4200000000000000000000000000000000000006,0xcbB7C0000aB88B473b1f5aFd9ef808440eed33Bf,0x940181a94A35A4569E4529A3CDfB74e38FD98631,18,18,8,267844061085961414,1161945,0.2678440610859614,0.01161945,267844061087123359,0,2101710711967689520348,2101.7107119676893,0.0,0,0,0,nan,0
CL-WETH/MEM,0.0003026095470521953,0x531a13a588C4188FdAE818D56CB91ECC4F6BDeAF,0x5f57a113eD5529A14B08006Bf788c3fe0cBfBfA4,0x4200000000000000000000000000000000000006,0x7750741868Cc4A865d9c0f619e6E642FD61F642f,0x940181a94A35A4569E4529A3CDfB74e38FD98631,18,18,18,1,1,1e-18,1e-18,2,10326879329274,1512630633930652629501,1512.6306339306527,7.046827319414635e-23,0.10659246875366,0,0.10659246875366,14190.783379137321,1787184000
CL-VVV/DIEM,0.0010780839521619175,0x782D7C494d5DDC20c246a82aC8fe277e2728d002,0x8add35fF47e34f0A11b46Ea5B638389BF52b2f8E,0xacfE6019Ed1A7Dc6f7B508C02d1b04ec88cC21bf,0xF4d97F2da56e8c3098f3a8D538DB630A2606a024,0x940181a94A35A4569E4529A3CDfB74e38FD98631,18,18,18,10998908078158203197,86250564365646377,10.998908078158204,0.08625056436564638,11085158642523849574,0,5388933785713865568599,5388.933785713866,0.0,0,0,0,nan,0
CL-USDC/AERO,0.21523231555580255,0xCCd9cC53b63662088c738B8BC06E9078Fb8D9ad4,0x491300eC768Cf28B13A8d3BbFd87713dD728b0AD,0x833589fCD6eDb6E08f4c7C32D4f71b54bdA02913,0x940181a94A35A4569E4529A3CDfB74e38FD98631,0x940181a94A35A4569E4529A3CDfB74e38FD98631,18,6,18,18863398,30294630146449530325,18.863398,30.29463014644953,30294630146468393723,7345741644941342,1075864912700129695596025,1075864.9127001297,1.719836648426492e-21,1850.3119056178516,0,1850.3119056178516,581.4505702706807,1787184000
CL-BIO/VITA,0.0014691277051995227,0x5bd27255061a0e8BCE2fC32BBB50D3be4e0B28BD,0xdC2FF82fB3C5184C61b034505FC8ecd51df5f482,0x226A2FA2556C48245E57cd1cbA4C6c9e67077DD2,0x490a4B510d0Ea9f835D2dF29Eb73b4FcA5071937,0x940181a94A35A4569E4529A3CDfB74e38FD98631,18,18,18,27906687028506746,24101463002536067,0.027906687028506745,0.02410146300253607,52008150031042813,50135909640255,7343613556441221673672,7343.613556441222,6.17296634790899e-22,4.533187935595992,0,4.533187935595992,1619.9667123387717,1787184000
CL-LCAP/USDC,0.05930026724630633,0xC8C15670050541255f9b797C008047682524861F,0xa45562bbD6Cfb11fCfbb96c038001D6FC8b43990,0x4dA9A0f397dB1397902070f93a4D6ddBC0E0E6e8,0x833589fCD6eDb6E08f4c7C32D4f71b54bdA02913,0x940181a94A35A4569E4529A3CDfB74e38FD98631,18,18,6,745848840273852760,5116541,0.7458488402738528,5.116541,745848840278969301,2023706227547925,296419599813768469848600,296419.59981376847,1.2888041405354139e-21,382.02680757583516,0,382.02680757583516,775.9130876042697,1787184000
CL-LINK/AERO,0.0004072490007264793,0x07b1Be2F179313C4F3C7124893d46990672c3F1a,0x1c484bA49128bF0D9191ADb349AF154c1196EA4a,0x88Fb150BDc53A65fe94Dea0c9BA0a6dAf8C6e196,0x940181a94A35A4569E4529A3CDfB74e38FD98631,0x940181a94A35A4569E4529A3CDfB74e38FD98631,18,18,18,18065046450448214,141553474004025732,0.018065046450448215,0.14155347400402574,159618520454473946,13897906240038,2035683672697431732278,2035.6836726974316,2.0451227000134678e-21,4.163222889080304,0,4.163222889080304,488.9682169159898,1787184000
CL-WETH/WCT,0.00823930941318188,0xEBd2eeaB20CeFa41C94343F506ac506bfc3F681e,0xC5135Bcc045dc47Fc2a79483E3aD8E7B9C6512EF,0x4200000000000000000000000000000000000006,0xeF4461891DfB3AC8572cCf7C794664A8DD927945,0x940181a94A35A4569E4529A3CDfB74e38FD98631,18,18,18,227462766315970,12564124823918933923,0.00022746276631597,12.564124823918934,12564352286685249893,281178189313960,41185190428451450759176,41185.190428451446,3.676813173903832e-21,151.4302507370683,0,151.4302507370683,271.97465650348954,1787184000
CL-WETH/TAIRO,4.228698722321235e-10,0x214c7b09E2b3B50B2573ecA53d897d4F89c9b2a2,0xAB9cB3563051Da11FaD8322fb5EfAB78B818ff43,0x4200000000000000000000000000000000000006,0x9d5C1C400DC828a3409F9C209B83fF51A65d2A0E,0x940181a94A35A4569E4529A3CDfB74e38FD98631,18,18,18,14520055873626,181240196005962542182,1.4520055873626e-05,181.24019600596253,181240210526018415808,0,2113766499225229,0.002113766499225229,0.0,0,0,0,nan,0
CL-WETH/RSR,0.0021387249784037216,0xC36eaA38e17b0270a374969dd301AF981f50b2B2,0xB8fA634ab603B4CF2217Dc0f71522feaeE64AeeF,0x4200000000000000000000000000000000000006,0xaB36452DbAC151bE02b16Ca17d8919826072f64a,0x940181a94A35A4569E4529A3CDfB74e38FD98631,18,18,18,9516702451956,5301229352911674,9.516702451956e-06,0.005301229352911674,5310746055363630,72987041353973,10690676984253045873216,10690.676984253047,9.429112556861058e-22,10.08035965935659,0,10.08035965935659,1060.5451933780914,1787184000
CL-VFY/ZEN,0.011792158203927549,0x700d91F1C3C5e430eA776245e741B84402e8de2E,0x30765db9bc45c107eb37B999Ea9C34684b88f938,0xa749dE6c28262B7ffbc5De27dC845DD7eCD2b358,0xf43eB8De897Fbc7F2502483B2Bef7Bb9EA179229,0x940181a94A35A4569E4529A3CDfB74e38FD98631,18,18,18,188454339844109631905,334503364331939329,188.45433984410963,0.33450336433193933,188788843208441571234,402424223391757,58944537319375610029383,58944.53731937561,5.340275452282567e-21,314.78006569281524,0,314.78006569281524,187.25625839629208,1787184000
CL-AUDD/USDC,0.000382203716253045,0xCde41D0B1AD079C3CeB7271559F738f503102852,0x9fDbD9eFFeD52f89978Ef42aDe2307FD9BBDd66b,0x449B3317a6d1efb1Bc3ba0700C9EaA4FFFf4Ae65,0x833589fCD6eDb6E08f4c7C32D4f71b54bdA02913,0x940181a94A35A4569E4529A3CDfB74e38FD98631,18,6,6,3009,296475,0.003009,0.296475,299484,13043332967848,1910491771453516172060,1910.4917714535163,4.404996726888421e-22,0.841571,0,0.841571,2270.149246413572,1787184000
CL-WETH/MIRA,1.0788102448966542e-07,0xe85590601af19C9eFbB96B24C7c1aC33F56B758C,0xf4eC5D03C52aC2b64770463BAd65F6212E641642,0x4200000000000000000000000000000000000006,0x7AaFD31a321d3627b30A8e2171264B56852187fe,0x940181a94A35A4569E4529A3CDfB74e38FD98631,18,18,18,83725866392719,1843361202778069637,8.3725866392719e-05,1.8433612027780697,1843444928644462356,0,539256424830325041,0.5392564248303251,0.0,0,0,0,nan,0
CL-USDC/CYPR,0.0018172178814592323,0xE6C694f8B9EE84353a10de59c9b4cDEFa0F5b4Ad,0x95B033e94C9820dAe254Da568b9070e79a392F61,0x833589fCD6eDb6E08f4c7C32D4f71b54bdA02913,0xD262A4c7108C8139b2B189758e8D17c3DFC91a38,0x940181a94A35A4569E4529A3CDfB74e38FD98631,18,6,18,265757,363188679938084972445,0.265757,363.188679938085,363188679938085238202,62015561060918,9083584648265164119650,9083.584648265163,1.905387803297249e-20,173.07751399022575,0,173.07751399022575,52.48275433848757,1787184000
CL-WETH/SEND,2.6977647467438238e-05,0x69959Af9c0CaE8eB69C2f3de816Cad8A8f6688b0,0x0D3Bbb0F96badc2975e215Ceb0033E7a896391B9,0x4200000000000000000000000000000000000006,0xEab49138BA2Ea6dd776220fE26b7b8E446638956,0x940181a94A35A4569E4529A3CDfB74e38FD98631,18,18,18,1,1,1e-18,1e-18,2,920656769265,134851052744843442013,134.85105274484346,0.0,0,0,0,nan,0
CL-USDC/ZEN,0.01636923183968412,0xbFA5184f90B071C34C85d065b8c7877617248ef7,0x78F5a590Da87B546311dC0E7F4f3Be77CFeeB2a0,0x833589fCD6eDb6E08f4c7C32D4f71b54bdA02913,0xf43eB8De897Fbc7F2502483B2Bef7Bb9EA179229,0x940181a94A35A4569E4529A3CDfB74e38FD98631,18,6,18,2542720,1750699930054021596,2.54272,1.7506999300540216,1750699930056564316,558641891681390,81823596696862987343850,81823.59669686298,6.216574632856825e-21,508.66249559482594,0,508.66249559482594,160.86029028182844,1787184000
CL-RECALL/USDC,0.014089315508669967,0x5e3791F68EbCEAC82788f3becAb154C15141A2f4,0x40F207AE22ECd68149f05a7eFef6feC091E32177,0x1f16e03C1a5908818F47f6EE7bB16690b40D0671,0x833589fCD6eDb6E08f4c7C32D4f71b54bdA02913,0x940181a94A35A4569E4529A3CDfB74e38FD98631,18,18,6,411998464470643999572,20859606,411.998464470644,20.859606,411998464470664859178,0,70427157560407256898468,70427.15756040726,0.0,0,0,0,nan,0
CL-WETH/uZEC,0.012866234995464113,0x3054f64E28140EE00428bE94Eac4aD6F7241712a,0x76E017276E8861968A86A56919B2235c505B6438,0x4200000000000000000000000000000000000006,0x83f31af747189c2FA9E5DeB253200c505eff6ed2,0x940181a94A35A4569E4529A3CDfB74e38FD98631,18,18,18,537998930408079,6704127145371850,0.000537998930408079,0.00670412714537185,7242126075779929,439081515830455,64313440825225421424720,64313.44082522542,0.0,0,0,0,nan,0
CL-kVCM/USDC,0.00028061541036936697,0x5aAdAcac0deDeDd534990Ddc0Ea6565d104B48DE,0x740546B5d6Ef109D33124b7E93B8ebf5f8f78d1B,0x00fBAC94Fec8D4089d3fe979F39454F48c71A65d,0x833589fCD6eDb6E08f4c7C32D4f71b54bdA02913,0x940181a94A35A4569E4529A3CDfB74e38FD98631,18,18,6,206616672761640587909,12112688,206.6166727616406,12.112688,206616672761652700597,102420083101,1402690266095642831983,1402.6902660956428,0.0,0,0,0,nan,0
CL-EURAU/EURC,6.899604781587804e-05,0xc87B179Bc04F98Acb376E4E90b36A8d52ad5BA0a,0xe217269D06AA942896C9ad70f7Fb9A356082D9fA,0x4933A85b5b5466Fbaf179F72D3DE273c287EC2c2,0x60a3E35Cc302bFA44Cb288Bc5a4F316Fdb1adb42,0x940181a94A35A4569E4529A3CDfB74e38FD98631,18,6,6,1,1,1e-06,1e-06,2,2354611940769,344885138499744159605,344.8851384997442,0.0,0,0,0,nan,1787184000
CL-weETH/wstETH,2.7149502701248146e-06,0x51d420d2D077eC9130020cfD98BB52f76376f817,0x21cF29FBce70bece7Ee3CD9086268b9F2d88D649,0x04C0599Ae5A44757c0af6F9eC3b93da8976c150A,0xc1CBa3fCea344f92D9239c08C0568f6F2F0ee452,0x940181a94A35A4569E4529A3CDfB74e38FD98631,18,18,18,1,80363711867,1e-18,8.0363711867e-08,80363711868,92662899939,13571009203753747701,13.571009203753748,3.1188381337421106e-22,0.004232578101803235,0,0.004232578101803235,3206.3222171782245,1787184000
CL-BIO/USDC,0.15822400524307756,0xd40BffA9C9E35493B88a2b6744C49D8716b00898,0x134cE8d4299dF4B6b4938754a1D13a3aD2c24D54,0x226A2FA2556C48245E57cd1cbA4C6c9e67077DD2,0x833589fCD6eDb6E08f4c7C32D4f71b54bdA02913,0x940181a94A35A4569E4529A3CDfB74e38FD98631,18,18,6,351270519139430893478,26246362,351.2705191394309,26.246362,351270519139457139840,5399794995256599,790901938439509827504842,790901.9384395098,0.0,0,0,0,nan,0
CL-WETH/TITN,4.0682679951007195e-05,0xfe2313df3e27aD2608B16230695d835E18d409f4,0x52bf08d71F69282e729A16d14a4503c6957B7De4,0x4200000000000000000000000000000000000006,0xe62bfbE57763ec24c0F130426F34DbCe11Fc5B06,0x940181a94A35A4569E4529A3CDfB74e38FD98631,18,18,18,38043957638472,41548831010492164571,3.8043957638472e-05,41.548831010492165,41548869054449803043,14848618113,203357324855568977023,203.357324855569,0.0,0,0,0,nan,1787184000
CL-USDC/CHECK,0.0017953429639211605,0xf0125d06B76CEbC2Ab3831A938E07Ab6988B00c9,0xd54F8A71BFE766963EE3c8d3C76bCe35C64A5f6B,0x833589fCD6eDb6E08f4c7C32D4f71b54bdA02913,0x9126236476eFBA9Ad8aB77855c60eB5BF37586Eb,0x940181a94A35A4569E4529A3CDfB74e38FD98631,18,6,18,149500113,3168434984795324147339,149.500113,3168.434984795324,3168434984795473647452,0,8974240211828441224163,8974.24021182844,0.0,0,0,0,nan,0
CL-msUSD/USDC,0.008283163731752897,0x054B67943BA17b2cD8C420544C88BdE71a81Ef9f,0xA0B1Db34fa530B9A001965C8A212c1a54Dab8510,0x526728DBc96689597F85ae4cd716d4f7fCcBAE9d,0x833589fCD6eDb6E08f4c7C32D4f71b54bdA02913,0x940181a94A35A4569E4529A3CDfB74e38FD98631,18,18,6,300582585987365203,193775,0.3005825859873652,0.193775,300582585987558978,282677585855178,41404401574784618730724,41404.40157478462,3.675281400563816e-22,15.21728270092811,0,15.21728270092811,2720.880093281,1787184000
CL-WETH/PING,0.008400031290457747,0x5D28f920C9d23100E4A38b2bA2D8aE617c3b2615,0xcc049DFa700197b49db9E8BeC3Af462d22b68621,0x4200000000000000000000000000000000000006,0xd85c31854c2B0Fb40aaA9E2Fc4Da23C21f829d46,0x940181a94A35A4569E4529A3CDfB74e38FD98631,18,18,18,272952252175585,403142914659808843984,0.000272952252175585,403.14291465980887,403143187612061019569,286667794271705,41988578284117435743540,41988.57828411744,4.610158878978296e-21,193.57401699219926,0,193.57401699219926,216.912264034948,1787184000
CL-HYPE/WETH,0.6658992034968377,0x9E48d016eE76cf53e2De8dc8058c7549c8c202DF,0x9495E37F2dd9b54f6b473a46ede1F1641459868e,0x15D0e0c55a3E7eE67152aD7E89acf164253Ff68d,0x4200000000000000000000000000000000000006,0x940181a94A35A4569E4529A3CDfB74e38FD98631,18,18,18,1837638633095325489,59811817686150534,1.8376386330953254,0.059811817686150535,1897450450781476023,22725139256104394,3328578176502812496565350,3328578.1765028127,1.383148972431712e-21,4603.919484488487,0,4603.919484488487,722.9879209915484,1787184000
CL-WETH/LSK,0.04015036874211697,0x275BE3a43B66516e532BcaA36eE453EDd47614ea,0x90F6Ef29a0915Cd33dbf0ce779B46923DB5cbb22,0x4200000000000000000000000000000000000006,0xac485391EB2d7D88253a7F1eF18C37f4242D1A24,0x940181a94A35A4569E4529A3CDfB74e38FD98631,18,18,18,23416493752242,283823714001540928,2.3416493752242e-05,0.28382371400154094,283847130495293170,1351253721590419,200696502521324765836883,200696.5025213248,4.694013164880137e-22,94.2072024980498,0,94.2072024980498,2130.3732326143477,1787184000
CL-TRUST/USDC,0.01220271531661429,0x52448E17DABcb3b6654045974Afd572090BCC1F5,0x43cBf909CDE242941Ff0827c9Dd4653C7472900d,0x6cd905dF2Ed214b22e0d48FF17CD4200C1C6d8A3,0x833589fCD6eDb6E08f4c7C32D4f71b54bdA02913,0x940181a94A35A4569E4529A3CDfB74e38FD98631,18,18,6,1,1,1e-18,1e-06,2,416444699271107,60996756992144122641870,60996.756992144125,1.7760201674508443e-21,108.33147056714627,0,108.33147056714627,563.0566692467908,1787184000
CL-USDC/elizaOS,0.0022110592499641328,0x84b783723DaC9B89d0981FFf3dcE369bC5870C16,0x757319eb2053b7Be8b4Da20652324FD812f45bf2,0x833589fCD6eDb6E08f4c7C32D4f71b54bdA02913,0xea17Df5Cf6D172224892B5477A16ACb111182478,0x940181a94A35A4569E4529A3CDfB74e38FD98631,18,6,9,1,128745569435,1e-06,128.745569435,128745569436,75457296227196,11052248640240699336548,11052.248640240701,3.2504139392981287e-20,359.2438304082716,0,359.2438304082716,30.76531231637325,1787184000
CL-WETH/USDC,0.007333067996671928,0xc758d81B9b81A6FCDAd075bD471874A2c46B54e0,0x655D019A5899C6F1a3B2770cabf91F4b3517C6be,0x4200000000000000000000000000000000000006,0x833589fCD6eDb6E08f4c7C32D4f71b54bdA02913,0x940181a94A35A4569E4529A3CDfB74e38FD98631,18,18,6,91548281825612296,205675561,0.0915482818256123,205.675561,91548282031287857,0,36655232462144386644792,36655.232462144384,0.0,0,0,0,nan,0
CL-USDC/EDEL,0.00016542911633632307,0xe2B182796518E76845f46ccDC522495D81630d14,0x5b29c69383f3E4D274511Df97486207315Eade6d,0x833589fCD6eDb6E08f4c7C32D4f71b54bdA02913,0xFb31f85A8367210B2e4Ed2360D2dA9Dc2D2Ccc95,0x940181a94A35A4569E4529A3CDfB74e38FD98631,18,6,18,848,197404326402319725,0.000848,0.19740432640231972,197404326402320573,5645654033727,826917562753692073828,826.9175627536921,1.0388338686576646e-20,8.590299707763851,0,8.590299707763851,96.26178257859036,1787184000
CL-WETH/REI,0.0031984631573968923,0x34E3334E845d101205394e0Bd8821fDdc7Cd5559,0x7A01529B70dD997d7723D4AA2EeC0CC301E0E6CF,0x4200000000000000000000000000000000000006,0x6B2504A03ca4D43d0D73776F6aD46dAb2F2a4cFD,0x940181a94A35A4569E4529A3CDfB74e38FD98631,18,18,18,661738911719506688,51527560493769214035386,0.6617389117195067,51527.56049376921,51528222232680933542074,0,15987907190986953700335,15987.907190986954,0.0,0,0,0,nan,0
CL-BITCOIN/APU,0.001246349713304754,0x3d6a88675979AB63fe60beDd62550A5cF7387f39,0xB93E0F044FBFc816dF3c26620021Eb64Fea735b3,0x2a06A17CBC6d0032Cac2c6696DA90f29D39a1a29,0xB9926b3fBc5873Db0182016D55727D5ae89E5EFd,0x940181a94A35A4569E4529A3CDfB74e38FD98631,18,8,18,947146710,3220491140374441017236,9.4714671,3220.491140374441,3220491140375388163946,42535292951510,6230030662615806543722,6230.030662615806,0.0,0,0,0,nan,0
CL-WETH/REPPO,0.6681618217422174,0x71FE33676773DF7Cf9Ce14f640caE06823F083cC,0x456979e89917F4dC1E86662fcDFD4c9766c6684d,0x4200000000000000000000000000000000000006,0xFf8104251E7761163faC3211eF5583FB3F8583d6,0x940181a94A35A4569E4529A3CDfB74e38FD98631,18,18,18,4691989820029119,210895025763917117869,0.004691989820029119,210.89502576391712,210899717753737146988,22802725255512386,3339888149053881651746373,3339888.1490538814,5.542817411275628e-22,1851.2390184288984,0,1851.2390184288984,1804.1366435158457,1787184000
CL-SOL/USDC,0.0009466340514816065,0xb30540172F1B37d1eE1d109e49F883E935E69219,0xC6e211fF1D04A1728ab011406AD42EF529Cb3886,0x311935Cd80B76769bF2ecC9D8Ab7635b2139cf82,0x833589fCD6eDb6E08f4c7C32D4f71b54bdA02913,0x940181a94A35A4569E4529A3CDfB74e38FD98631,18,9,6,4233897901,379125875,4.233897901,379.125875,4613023776,0,4731865466048840054117,4731.86546604884,0.0,0,0,0,nan,0
CL-MYRC/USDC,8.21275588966091e-05,0x8d15046288Df104C9757a18fABaf587a88209D48,0x81Fbc2c15CaAf32CD5fdc0427cBA2817d7629238,0x3eD03E95DD894235090B3d4A49E0C3239EDcE59e,0x833589fCD6eDb6E08f4c7C32D4f71b54bdA02913,0x940181a94A35A4569E4529A3CDfB74e38FD98631,18,18,6,1,1,1e-18,1e-06,2,2802812942629,410524594108484560146,410.52459410848456,3.2474345373825884e-21,1.3331517453528614,0,1.3331517453528614,307.9353836046819,1787184000
CL-RAVE/USDC,0.9528208889406571,0x51663B8A28E7Ea197c5CcF983AfC084Da0a8023D,0x8eF58803e5522986Be1896c1Ea024553A50e0940,0x1aA8fD5BCce2231C6100d55Bf8B377cff33Acfc3,0x833589fCD6eDb6E08f4c7C32D4f71b54bdA02913,0x940181a94A35A4569E4529A3CDfB74e38FD98631,18,18,6,88967781914879111704,8513585,88.96778191487911,8.513585,88967781914887625289,32517555722700015,4762791125727698418113764,4762791.125727698,6.675128137553705e-22,3179.224105663605,0,3179.224105663605,1498.0985823689057,1787184000
CL-USDC/cbBTC,0.34605723901479496,0xFCda5ab6BBC1fe5B8e1a185e86bb5f24b12e2278,0xB705606141ECa43b4192C8D8D2211CD19eA4d381,0x833589fCD6eDb6E08f4c7C32D4f71b54bdA02913,0xcbB7C0000aB88B473b1f5aFd9ef808440eed33Bf,0x940181a94A35A4569E4529A3CDfB74e38FD98631,18,6,8,57838298,102713,57.838298,0.00102713,57941011,11810084912270533,1729809207694801558287465,1729809.2076948015,0.0,0,0,0,nan,0
CL-BRACKY/USDC,0.0006535336533468222,0x8c30Ecf71C809D295222E00351Eff6058d3497bA,0x50bEed7938E571a90bEd95ae092febb2a85e3783,0x06f71fb90F84b35302d132322A3C90E4477333b0,0x833589fCD6eDb6E08f4c7C32D4f71b54bdA02913,0x940181a94A35A4569E4529A3CDfB74e38FD98631,18,18,6,1,1,1e-18,1e-06,2,22303581541498,3266767469786764668884,3266.767469786764,5.8845299010270105e-22,1.9223390855662568,0,1.9223390855662568,1699.3710913517027,1787184000
CL-MOCA/CHECK,9.15942983073437e-05,0xD4E145Efdbbbb97CE8C23d4C0Fd59C902Bc34dFa,0x181aBe1152ECC190889DD4A25991c0D214AC9695,0x2B11834Ed1FeAEd4b4b3a86A6F571315E25A884D,0x9126236476eFBA9Ad8aB77855c60eB5BF37586Eb,0x940181a94A35A4569E4529A3CDfB74e38FD98631,18,18,18,1,1,1e-18,1e-18,2,3159703538291,457845242698748153432,457.8452426987481,1.2235149191544544e-20,5.6018048510581036,0,5.6018048510581036,81.73173733680984,1787184000
CL-cbETH/cbBTC,0.8803794570648791,0x8BB9eAF3C5A906D20c4CC10eA2F73A3Ac2D5d41A,0x2B0C60C15f896d138dB9f4ec0605A912A377f6ef,0x2Ae3F1Ec7F1F5012CFEab0185bfc7aa3cf0DEc22,0xcbB7C0000aB88B473b1f5aFd9ef808440eed33Bf,0x940181a94A35A4569E4529A3CDfB74e38FD98631,18,18,8,19170096921240090,62275,0.01917009692124009,0.00062275,19170096921302365,30045500366653469,4400683815867438175888189,4400683.815867438,1.4997615348218805e-21,6599.976313951159,0,6599.976313951159,666.7726680420332,1787184000
CL-PORTAL/USDC,0.0003316487577943931,0x6133d984A2ea4d20C56dB083Fb0B0D093a9F5B42,0x162A77D0b9064D60e626a0eE515594a422aDe40d,0x0FfebC403F2d3dd9EA5501ca03916E98967aCB2D,0x833589fCD6eDb6E08f4c7C32D4f71b54bdA02913,0x940181a94A35A4569E4529A3CDfB74e38FD98631,18,18,6,132079446423628739949973,2170378514,132079.44642362875,2170.378514,132079446423630910328487,0,1657786661497225258151,1657.7866614972254,0.0,0,0,0,nan,0
CL-USDC/CLAWD,0.008325474014758447,0x4c76Ef610b9F6FEeB3Ca70951BeF09ED31e7f6d0,0x7762C1810f3E249c83130093442eD24cEe6Dd61f,0x833589fCD6eDb6E08f4c7C32D4f71b54bdA02913,0x9f86dB9fc6f7c9408e8Fda3Ff8ce4e78ac7a6b07,0x940181a94A35A4569E4529A3CDfB74e38FD98631,18,6,18,1728165,342083018131441747483901,1.728165,342083.0181314417,342083018131441749212066,284133748416950,41615894671509130224529,41615.89467150913,0.0,0,0,0,nan,0
CL-WETH/MOLT,0.0010513068953324819,0x85Fb468A5E65a537C5Ac767776599708a3D41046,0x83c20bA54325741fE1D84632E423D187C8b4f3c2,0x4200000000000000000000000000000000000006,0xB695559b26BB2c9703ef1935c37AeaE9526bab07,0x940181a94A35A4569E4529A3CDfB74e38FD98631,18,18,18,11393437114437,5850201511990961752673,1.1393437114437e-05,5850.201511990962,5850201523384398867110,35879250644213,5255085409675285427293,5255.0854096752855,5.0100843542218574e-21,26.32842119111371,0,26.32842119111371,199.5974377471964,1787184000
CL-USDC/RNBW,0.020232346892764392,0x4bf85cA48a620BAf9DDE3b6A7A6d88b219827caA,0x0099140A97ACc1cc831ECB39Ab5FD60FC9F6BB64,0x833589fCD6eDb6E08f4c7C32D4f71b54bdA02913,0xa53887F7e7c1bf5010b8627F1C1ba94fE7a5d6E0,0x940181a94A35A4569E4529A3CDfB74e38FD98631,18,6,18,670218,52576341563239830822,0.670218,52.57634156323983,52576341563240501040,690494325214704,101133847244509976642556,101133.84724450998,1.548419235408535e-21,156.5975944242677,0,156.5975944242677,645.8199285648632,1787184000
CL-msUSD/msETH,0.00010521448486759735,0x8845126640B36df1D24bf3dF9B2903fD4c730FE6,0x019a8a996B6cb2e2e12fe95997FA9ef733c99765,0x526728DBc96689597F85ae4cd716d4f7fCcBAE9d,0x7Ba6F01772924a82D9626c126347A28299E98c98,0x940181a94A35A4569E4529A3CDfB74e38FD98631,18,18,18,424155577788295724587,289503111769448463,424.1555777882957,0.2895031117694485,424445080900065173050,0,525927402140124503311,525.9274021401245,0.0,0,0,0,nan,0
CL-KellyClaude/USDC,0.020455022516894565,0xCBBA009BDe5731E68C97707e6B6edBfAb9926CF9,0x8612abc6Bf9735f192cd7E4005b8494DFe3d773d,0x50D2280441372486BeecdD328c1854743EBaCb07,0x833589fCD6eDb6E08f4c7C32D4f71b54bdA02913,0x940181a94A35A4569E4529A3CDfB74e38FD98631,18,18,6,119971636808859088341790,209766,119971.63680885908,0.209766,119971636808859088551556,698098470597794,102246918440610837295202,102246.91844061084,5.047698736624715e-21,516.1116410364416,0,516.1116410364416,198.11007989527482,1787184000
CL-USDC/FELIX,0.0002229240744882337,0x1F9bA3e5Ebcd2f4CA3cDEffa5eCdF1c03cf1865d,0xBc24a215368B5e2a3baad4904d6C810148D2b258,0x833589fCD6eDb6E08f4c7C32D4f71b54bdA02913,0xf30Bf00edd0C22db54C9274B90D2A4C21FC09b07,0x940181a94A35A4569E4529A3CDfB74e38FD98631,18,6,18,1,1,1e-06,1e-18,2,7608056204514,1114313105440057572200,1114.3131054400576,0.0,0,0,0,nan,0
CL-USDC/MUSD,0.00013684406309032382,0x78595D8e45E1Df1CbA5775E8368827cdaC50aF9c,0x4fE3512bbbBD252B31ebA69F9648C9e41F668677,0x833589fCD6eDb6E08f4c7C32D4f71b54bdA02913,0xdD468A1DDc392dcdbEf6db6e34E89AA338F9F186,0x940181a94A35A4569E4529A3CDfB74e38FD98631,18,6,18,185674823,369188453079250316304,185.674823,369.18845307925034,369188453079435991127,0,684031696680936278167,684.0316966809363,0.0,0,0,0,nan,0
CL-WBTC/cbBTC,4.632574272337615e-05,0x383567feDD4e7Dfdd44c8df9624C19eFdB6D7B35,0xdF383F80C8067Ff91528651b28e063D8Fc953ADb,0x0555E30da8f98308EdB960aa94C0Db47230d2B9c,0xcbB7C0000aB88B473b1f5aFd9ef808440eed33Bf,0x940181a94A35A4569E4529A3CDfB74e38FD98631,18,8,8,1,1,1e-08,1e-08,2,1581031719653,231564860611890050077,231.56486061189005,0.0,0,0,0,nan,0
CL-MEZO/MUSD,1.751743439608653e-06,0x0DD2076128FaE11da3D0F5522D3a52B532af3741,0x73aA1980FE058652313E58b0836347106aDBBB10,0x8e4cbBcc33dB6c0a18561fDE1F6bA35906d4848b,0xdD468A1DDc392dcdbEf6db6e34E89AA338F9F186,0x940181a94A35A4569E4529A3CDfB74e38FD98631,18,18,18,1010887792690094903,10038590446708126,1.010887792690095,0.010038590446708125,1020926383136803029,0,8756302685592602105,8.756302685592601,0.0,0,0,0,nan,0
CL-USDC/KAT,5.854329087214902e-05,0x7bD36Ffa2AA69b9035782D2e85f60d3Dd0B5124c,0x3d292E05F13Dd7Ea9A30D73d79e00541Ad3c4Ef7,0x833589fCD6eDb6E08f4c7C32D4f71b54bdA02913,0xD5390300c5DB71F80d46f0fA9983Fc72D4d1e3da,0x940181a94A35A4569E4529A3CDfB74e38FD98631,18,6,18,1,1,1e-06,1e-18,2,1997999263487,292635761320019271415,292.63576132001924,0.0,0,0,0,nan,0
CL-USDC/JSPX,0.001000451237337161,0xf840346faFEdc1c0466216F3A899A599E6D03E75,0x0fb1DAFCC2bD0bc30477bA7B96B2e8045ADd8a03,0x833589fCD6eDb6E08f4c7C32D4f71b54bdA02913,0x9c5C365e764829876243d0b289733B9D2b729685,0x940181a94A35A4569E4529A3CDfB74e38FD98631,18,6,18,1,5073160955,1e-06,5.073160955e-09,5073160956,34144201493591,5000877216504320651942,5000.87721650432,2.7715295036708145e-22,1.3860078749776903,0,1.3860078749776903,3608.1160192432644,1787184000
CL-USDC/PENDLE,0.00021640039734654274,0xa2440Bc42F9933914A2d246Ab471e5B2D7aa5045,0x55E13F1653FB7C40c9E2934b0B1fFaCF10AFFA18,0x833589fCD6eDb6E08f4c7C32D4f71b54bdA02913,0xA99F6e6785Da0F5d6fB42495Fe424BCE029Eeb3E,0x940181a94A35A4569E4529A3CDfB74e38FD98631,18,6,18,161760,37122474629494403,0.16176,0.037122474629494404,37122474629656163,7038464390137,1081703711630374503441,1081.7037116303745,9.531118699096455e-21,10.309846472802302,0,10.309846472802302,104.91947814004241,1787184000
CL-USDC/WARD,0.0011267054989858786,0x2AEdf455E810B7511D2835bF485FB13912b1AD27,0x80F062cD33826fc02CC0E9eA6199B91592C17504,0x833589fCD6eDb6E08f4c7C32D4f71b54bdA02913,0xf09e4C8193F16019F0573F370F9A997b11f56638,0x940181a94A35A4569E4529A3CDfB74e38FD98631,18,6,18,1,368675247474231275,1e-06,0.36867524747423125,368675247474231276,38454508874397,5631974502411186757982,5631.974502411187,0.0,0,0,0,nan,0
CL-WETH/DRV,0.6814548543077897,0xEF7E596AEF9e4c6301b4D1F1e88F8fFE8C306222,0xA9BFEB96Bc114cf7523Bdd3065e5561F2A074A89,0x4200000000000000000000000000000000000006,0x9d0E8f5b25384C7310CB8C6aE32C8fbeb645d083,0x940181a94A35A4569E4529A3CDfB74e38FD98631,18,18,18,98763506794767368,1614858791983954686341,0.09876350679476736,1614.8587919839547,1614957555490749453709,23239541917610314,3406334989453977301253260,3406334.9894539774,0.0,0,0,0,nan,0
CL-WETH/ZRO,0.8025886684987363,0x717e174d5dAe280802D1a2c15C1C0976561A3f61,0x27461E3bD492F7d8c08F21aAb9C817ee00154Eef,0x4200000000000000000000000000000000000006,0x6985884C4392D348587B19cb9eAAf157F13271cd,0x940181a94A35A4569E4529A3CDfB74e38FD98631,18,18,18,38591856832704658,96998471481658345512,0.038591856832704656,96.99847148165834,97037063338491050170,27400021833932098,4011837095831622880138054,4011837.095831623,0.0,0,0,0,nan,0
CL-WETH/VVV,3.4674078864189486,0xA135B59Fe221C0c8D441294f97f96Fbc37Bc9fbE,0xCa9740aFFeDF731f95B3FBAb8d40835781c7aE4D,0x4200000000000000000000000000000000000006,0xacfE6019Ed1A7Dc6f7B508C02d1b04ec88cC21bf,0x940181a94A35A4569E4529A3CDfB74e38FD98631,18,18,18,121838080948268962,11838473933795330138,0.12183808094826896,11.83847393379533,11960312014743599100,118338473090872980,17332260136608896829906968,17332260.1366089,0.0,0,0,0,nan,0
CL-USDC/CHECK,0.02511571480485262,0x3c4384F3664B37A3Cb5A5cB3452B4B4A3Aa1256f,0xFBd7De67837D3CEeCaEa3cd98AccAcE26f94aF00,0x833589fCD6eDb6E08f4c7C32D4f71b54bdA02913,0x9126236476eFBA9Ad8aB77855c60eB5BF37586Eb,0x940181a94A35A4569E4529A3CDfB74e38FD98631,18,6,18,287899,22635810276103020698,0.287899,22.635810276103022,22635810276103308597,857169240187051,125543955823485293634852,125543.95582348529,0.0,0,0,0,nan,0
CL-USDC/GHST,0.03596110526526404,0x41D4934322f2bd6fE1dbe4124070FE61651A2067,0x5b3f00bc7843Bd033100517D46AA4001E1e32A83,0x833589fCD6eDb6E08f4c7C32D4f71b54bdA02913,0xcD2F22236DD9Dfe2356D7C543161D4d260FD9BcB,0x940181a94A35A4569E4529A3CDfB74e38FD98631,18,6,18,1,1,1e-06,1e-18,2,1227317493458759,179755959400913629230352,179755.95940091362,1.7556460598181703e-21,315.587841851049,0,315.587841851049,569.5908890107204,1787184000
CL-WETH/TIBBIR,1.7986214478725948,0x0E4409F7a8ebA3213F336daf608985302e79328c,0x5E0f61E5238Cf493eaE763797eA7aebBc19F2ad3,0x4200000000000000000000000000000000000006,0xA4A2E2ca3fBfE21aed83471D28b6f65A233C6e00,0x940181a94A35A4569E4529A3CDfB74e38FD98631,18,18,18,151141810793358816,1315259317798045213418,0.1511418107933588,1315.2593177980452,1315410459608838572234,61403091474206170,8990628112693096523516111,8990628.112693096,1.0024707098542467e-21,9012.841346166995,0,9012.841346166995,997.53537950789,1787184000
CL-IDRX/frxUSD,0.004567446264144227,0xe2a363898DCCFb6E509CDe97A77cF51AEa6813A0,0xd1e537fdC08582dCf607423F85d54e120DEB191b,0x18Bc5bcC660cf2B9cE3cd51a404aFe1a0cBD3C22,0xe5020A6d073a794B6E7f05678707dE47986Fb0b6,0x940181a94A35A4569E4529A3CDfB74e38FD98631,18,2,18,1,1,0.01,1e-18,2,155884571337976,22830935789296182176923,22830.93578929618,0.0,0,0,0,nan,0
CL-CHIP/USDC,0.12118220732864257,0x592E01EDEb601016a20A3E6cD5bF533eBBadBC8b,0x3808E53a5D0419D0670534C8918b7FD6A5B29cee,0x0C1c1C109FE34733fca54b82d7B46B75CFb71F6e,0x833589fCD6eDb6E08f4c7C32D4f71b54bdA02913,0x940181a94A35A4569E4529A3CDfB74e38FD98631,18,18,6,152891269789283687408,15180983,152.89126978928368,15.180983,152891269789298868391,4118148121530733,605744005363530124281770,605744.0053635301,0.0,0,0,0,nan,0
CL-CHZ/USDC,0.10640091967206872,0xa11fBd0f7112f2fad10F92f09B4A8d85E8ddD401,0xFfE0d0C52E87D3118319E2747c222651A0678c84,0x70c8392DE9b39a1E48d12A70Af6FF4Be25D6D0A2,0x833589fCD6eDb6E08f4c7C32D4f71b54bdA02913,0x940181a94A35A4569E4529A3CDfB74e38FD98631,18,18,6,1145718798171826392261,10608676,1145.7187981718264,10.608676,1145718798171837000937,3631395786113534,531857940842181262994507,531857.9408421813,0.0,0,0,0,nan,0
CL-USDC/PROS,0.022080854496022373,0x24BDDff0577D1Ee32f92A0b92296cA9702611c6A,0x94b0c11314C50a4d7D9E123bF852AD15f007d890,0x833589fCD6eDb6E08f4c7C32D4f71b54bdA02913,0x8B7DdE054BE9D180c1Be7FaE0874697374A49832,0x940181a94A35A4569E4529A3CDfB74e38FD98631,18,6,18,155618,412172680656431155,0.155618,0.41217268065643115,412172680656586773,753605534780831,110373837373636556085305,110373.83737363656,0.0,0,0,0,nan,0
CL-USDC/cbMEGA,1.2703471862966376,0x0150e3d89E161518C044ad191c4bdf6b40Df6E83,0x195452C2Fdbab6Eaa68769F4A924DE64774463CD,0x833589fCD6eDb6E08f4c7C32D4f71b54bdA02913,0xcb111E6A2a3bde90856D299d61341ac302167D23,0x940181a94A35A4569E4529A3CDfB74e38FD98631,18,6,18,64895447,2283187128915459217228,64.895447,2283.187128915459,2283187128915524112675,43356142347609687,6349984950701057493224433,6349984.950701057,0.0,0,0,0,nan,0
CL-AORA/USDC,0.06763530905680798,0x0aeD2Bd5AbdFfCDe57c0bCf30E75cd594b8876A9,0x5B16F52bfA905Df8eB6d1C3d2ed111c8dE6f4920,0x6E84030FA86EBf585E3E18fe557e5612f7e93Bff,0x833589fCD6eDb6E08f4c7C32D4f71b54bdA02913,0x940181a94A35A4569E4529A3CDfB74e38FD98631,18,18,6,1,6479570,1e-18,6.47957,6479571,2308471551933820,338083320276239391390709,338083.3202762394,1.9868558158062104e-21,671.72281111792,0,671.72281111792,503.30778511687225,1787184000
CL-VIRTUAL/USDC,0.0003717583299902729,0x86c21942420B5648bb813637dcD33b97cC57EdE9,0x10E57B782F0f8D6D6cc53774B7afB0e424d21027,0x0b3e328455c4059EEb9e3f84b5543F74E24e7E1b,0x833589fCD6eDb6E08f4c7C32D4f71b54bdA02913,0x940181a94A35A4569E4529A3CDfB74e38FD98631,18,18,6,1,96408,1e-18,0.096408,96409,12687918029903,1858279237519210748510,1858.2792375192107,2.6487596279735946e-21,4.92213502184244,0,4.92213502184244,377.5352015482958,1787184000
CL-GITLAWB/USDC,0.34327819547262317,0xB5E4b3e29a79FEb2aa96c68a4EA24FEdAa559aB2,0x3C2A9058D449E9ccee5bdbE0b57C8B69E6F2dbf6,0x5F980Dcfc4c0fa3911554cf5ab288ed0eb13DBa3,0x833589fCD6eDb6E08f4c7C32D4f71b54bdA02913,0x940181a94A35A4569E4529A3CDfB74e38FD98631,18,18,6,330120877831082590164134,22245966,330120.8778310826,22.245966,330120877831082612410100,11715905347420937,1715917820473660178611422,1715917.8204736602,3.661025642315819e-21,6282.0191408607425,0,6282.0191408607425,273.14749955355126,1787184000
CL-TOWNS/WETH,0.9210958698726658,0x48Be08d21FCcF3F793783c23C33555F5E0C2B7cd,0xa69d26311035B324Dba7F4E97f43298d470086D5,0x00000000A22C618fd6b4D7E9A335C4B96B189a38,0x4200000000000000000000000000000000000006,0x940181a94A35A4569E4529A3CDfB74e38FD98631,18,18,18,15147887288358836391815,25369695932370362,15147.887288358836,0.025369695932370363,15147912658054768762177,31436521933302771,4604209758511281733530755,4604209.758511282,0.0,0,0,0,nan,0
CL-RECALL/USDC,1.657786347986526,0x0abe41C8AAa9282429e06EBEd48bE36298981d94,0x38eac5F3c2b8f9A2ab5401E4cB0516757C4E3d32,0x1f16e03C1a5908818F47f6EE7bB16690b40D0671,0x833589fCD6eDb6E08f4c7C32D4f71b54bdA02913,0x940181a94A35A4569E4529A3CDfB74e38FD98631,18,18,6,482593494629329085673,65460721,482.5934946293291,65.460721,482593494629394546394,56597072354279415,8286646733071895781287829,8286646.733071896,0.0,0,0,0,nan,0
CL-VIRTUAL/WETH,1.1911454805005603,0x9520E1a3BFd86DA6c1E9e5Ee4B9c2F11c413358F,0xF0B0F3d39BaA91FcE3e97A08E30975CE1F365F31,0x0b3e328455c4059EEb9e3f84b5543F74E24e7E1b,0x4200000000000000000000000000000000000006,0x940181a94A35A4569E4529A3CDfB74e38FD98631,18,18,18,119499707506052236131,34983295475634120,119.49970750605223,0.03498329547563412,119534690801527870251,40653118266074574,5954085589250822074363132,5954085.589250822,1.5305739961476668e-21,9113.168573744866,0,9113.168573744866,653.3496600078928,1787184000
CL-cbBTC/cbDOGE,0.0036242768392108294,0xde201C571eA87D8769F088ad0766C61ba1D6ccb3,0xAAC36eBA6eF97577800335aFffd7F129c7ccc5FA,0xcbB7C0000aB88B473b1f5aFd9ef808440eed33Bf,0xcbD06E5A2B0C65597161de254AA074E489dEb510,0x940181a94A35A4569E4529A3CDfB74e38FD98631,18,8,8,583,437977142,5.83e-06,4.37977142,437977725,123694679430016,18116388680526555034767,18116.388680526554,1.0602439078686854e-21,19.207790731109494,0,19.207790731109494,943.1791992186132,1787184000
CL-USDC/PROS,0.014405041386678885,0x8A8e4170C09074b109352190d47e54d7c1F61e4E,0x298E7A376F0942A050CFa2d7B850c3FE8337A4b9,0x833589fCD6eDb6E08f4c7C32D4f71b54bdA02913,0x8B7DdE054BE9D180c1Be7FaE0874697374A49832,0x940181a94A35A4569E4529A3CDfB74e38FD98631,18,6,18,497912,1317192423062744455,0.497912,1.3171924230627445,1317192423063242367,491636588983270,72005351770250096034754,72005.3517702501,1.11113484109626e-21,80.00765509731715,0,80.00765509731715,899.9807791225293,1787184000
CL-USDC/OPG,0.13302667301121335,0xB828dC3D77360F053F1379Cd8676BaC6141684f3,0xE6671F550341f1763D78970b66A2CdeAf7B9909A,0x833589fCD6eDb6E08f4c7C32D4f71b54bdA02913,0xFbC2051AE2265686a469421b2C5A2D5462FbF5eB,0x940181a94A35A4569E4529A3CDfB74e38FD98631,18,6,18,10232326,129009427943375723983,10.232326,129.00942794337573,129009427943385956309,4540131333708321,664950007978201853396292,664950.0079782018,4.299378264775272e-21,2858.8716114636245,0,2858.8716114636245,232.59176988286467,1787184000
CL-AERO/cbBTC,1.0649005510237388,0xCDBe19a6EF1B633BE744920C93eE40521d5cf2A6,0x7487eeD4266C774B84Db9f61b5f0222076Db9676,0x940181a94A35A4569E4529A3CDfB74e38FD98631,0xcbB7C0000aB88B473b1f5aFd9ef808440eed33Bf,0x940181a94A35A4569E4529A3CDfB74e38FD98631,18,18,8,118485891686395228044,210795,118.48589168639523,0.00210795,118485891686395438839,36709084169878983,5323034951340454790726037,5323034.951340455,1.2504281005976844e-21,6656.072483619732,0,6656.072483619732,799.7261094196589,1787184000
CL-USDC/MXNB,0.08770325630511618,0x82312aE1BBF1864CE00dfCeb974A10e0d6245b48,0x982e2BaB389a617dBF65Ea295dBb614Ef3950b28,0x833589fCD6eDb6E08f4c7C32D4f71b54bdA02913,0xF197FFC28c23E0309B5559e7a166f2c6164C80aA,0x940181a94A35A4569E4529A3CDfB74e38FD98631,18,6,6,794695,29197617,0.794695,29.197617,29992312,2993286229632685,438395395898425583355471,438395.39589842554,0.0,0,0,0,nan,0
CL-KellyClaude/USDC,0.0018950894565206392,0xD03FF08155a70D5Ba88E5Ff204B43fa09a2EE0D9,0x434be5E1979a85F379E65Eb3F3207d70718eD939,0x50D2280441372486BeecdD328c1854743EBaCb07,0x833589fCD6eDb6E08f4c7C32D4f71b54bdA02913,0x940181a94A35A4569E4529A3CDfB74e38FD98631,18,18,6,4483805321844910825916,5409,4483.80532184491,0.005409,4483805321844910831325,64678843330408,9472835189425379125108,9472.83518942538,0.0,0,0,0,nan,0
CL-USDC/PSG,0.028921793492904246,0x76F9AeFA6aBcbcEb10CC149e071209366f64Ce9D,0xb9dd4FacCc297796d8Dd63e0eA5CcD5Ce6feb099,0x833589fCD6eDb6E08f4c7C32D4f71b54bdA02913,0xDD15623d107c639aF0C5127AFFA26d3f20327EC8,0x940181a94A35A4569E4529A3CDfB74e38FD98631,18,6,18,1,150034112630983671,1e-06,0.15003411263098368,150034112630983672,987092268243868,144569103161961205088150,144569.1031619612,1.2394957402016054e-21,179.19278753401736,0,179.19278753401736,806.779698845394,1787184000
CL-AFC/USDC,0.002018363599027779,0xb4580451325C61344712E811392C881a634151d8,0x75aF4B1123E1d9eEc4B0Cd0A342Ca63f4cEB6A2e,0x580edA966a8129C3c01D149871B47feFcC599D28,0x833589fCD6eDb6E08f4c7C32D4f71b54bdA02913,0x940181a94A35A4569E4529A3CDfB74e38FD98631,18,18,6,130700512030981326,1,0.13070051203098132,1e-06,130700512030981327,68886153398265,10089035987266264384401,10089.035987266265,4.2672346303939045e-21,43.05228375215296,0,43.05228375215296,234.34380497322007,1787184000
CL-FXUSD/USDC,0.1009481689219918,0x96b9E829c934324a33f4130C7acc8a18e2351199,0x9516250955c97Bb496766Eef9F3E898eB1545f11,0x55380fe7A1910dFf29A47B622057ab4139DA42C5,0x833589fCD6eDb6E08f4c7C32D4f71b54bdA02913,0x940181a94A35A4569E4529A3CDfB74e38FD98631,18,18,6,50817222265249891,501,0.050817222265249894,0.000501,50817222265250392,3445342583143280,504601702881083375046538,504601.7028810834,7.193217587438597e-24,3.6297098438156743,0,3.6297098438156743,139019.84582619666,1787184000
CL-USDC/hTEA,0.06550099819318676,0xAbe1f289107C20081F591BB3972b8289aDd64f6C,0x1E488b80243E72408d8c580e302b452988F9E00F,0x833589fCD6eDb6E08f4c7C32D4f71b54bdA02913,0xa1A0B2E02B0E6830aD5A4A7211691200945d8919,0x940181a94A35A4569E4529A3CDfB74e38FD98631,18,6,18,8255,1,0.008255,1e-18,8256,2235530143297626,327414707781711629136204,327414.70778171165,8.739603981463683e-22,286.14748837188154,0,286.14748837188154,1144.2166053758915,1787184000
CL-PORTAL/USDC,0.0668967732996093,0xfE8513f8aa444fAaBB1c35e1E0F24D08c4C9BE15,0x8bA61cff54Ef589C7fd662D028e2722aB94875dc,0x0FfebC403F2d3dd9EA5501ca03916E98967aCB2D,0x833589fCD6eDb6E08f4c7C32D4f71b54bdA02913,0x940181a94A35A4569E4529A3CDfB74e38FD98631,18,18,6,586419820395502092549,5564139,586.4198203955021,5.564139,586419820395507656688,2228349637807786,334391659449691802988146,334391.65944969177,0.0,0,0,0,nan,0
CL-WETH/COOKIE,0.8302473859462166,0x17EA71d7E2dFb58F6b7e95C2ddDAD863E225091c,0xc4F34E44A3951D92334695cAc10A08506234C6CC,0x4200000000000000000000000000000000000006,0xC0041EF357B183448B235a8Ea73Ce4E4eC8c265F,0x940181a94A35A4569E4529A3CDfB74e38FD98631,18,18,18,15746648944972483,2895259992036400344411,0.015746648944972484,2895.2599920364005,2895275738685345316894,28570251721694373,4150092559725082034774260,4150092.559725082,0.0,0,0,0,nan,0
CL-ZORA/AERO,0.0001361944614405361,0xf185893f57171Ee19729be11684A947CfDE8DCD6,0x0a68F665d30962888547495955198437038E7fF9,0x1111111111166b7FE7bd91427724B487980aFc69,0x940181a94A35A4569E4529A3CDfB74e38FD98631,0x940181a94A35A4569E4529A3CDfB74e38FD98631,18,18,18,12221327809167528882,694099188133280,12.221327809167528,0.00069409918813328,12222021908355662162,4648292114657,680784583809274931463,680.7845838092749,1.1779092401644828e-20,7.898987844428518,0.12003667387624786,8.019024518304766,84.89618434951409,1787184000
CL-O/USDC,3.1057588291248184,0x8D479A4C680A76D4Ae03f10203569558405DDFFF,0x96019f55c4bdA3E1946a3Ef05bCCc5Aa823E774b,0x182FA643E5f29d5EcA75e7b9CF9336A3fe4620b2,0x833589fCD6eDb6E08f4c7C32D4f71b54bdA02913,0x940181a94A35A4569E4529A3CDfB74e38FD98631,18,18,6,269830943244464327945,91371515,269.8309432444643,91.371515,269830943244555699460,105999683454921273,15524513328472381619357892,15524513.328472381,1.3428048607417008e-21,20846.391958122033,0,20846.391958122033,744.7098452173075,1787184000
CL-USDC/FOLKS,0.1215290320317573,0x94a734bf60cDe88ab10a9951b17278a3CE129860,0xf1D60F16B6aBb78932aD53ed843b19cb331AFEe0,0x833589fCD6eDb6E08f4c7C32D4f71b54bdA02913,0xFF7F8F301F7A706E3CfD3D2275f5dc0b9EE8009B,0x940181a94A35A4569E4529A3CDfB74e38FD98631,18,6,6,1,2518950,1e-06,2.51895,2518951,4130138746567569,607477650833891745450993,607477.6508338917,0.0,0,0,0,nan,0
CL-wtSGOV/USDC,0.10203784024258936,0xD5B83c33A8711e727C0Abb6f72ee508755D37e10,0x74dC05b8FB6EBe3b604993Cb3f63e25322880121,0x78c31580c97101694C70022c83D570150c11e935,0x833589fCD6eDb6E08f4c7C32D4f71b54bdA02913,0x940181a94A35A4569E4529A3CDfB74e38FD98631,18,18,6,64679413530952790,5768441,0.06467941353095279,5.768441,64679413536721231,3482590475413281,510048557537546788612587,510048.5575375468,0.0,0,0,0,nan,0
CL-wtDRAM/USDC,0.12013419354471105,0x98c83E7B5348373E5866F4fdb3ae1682353b8574,0xe517d4A604b10B7090669d0c4BaF9F43268a270C,0x1A91Df4a970EBaB1bB4AF32Eb6d10509028eE4b8,0x833589fCD6eDb6E08f4c7C32D4f71b54bdA02913,0x940181a94A35A4569E4529A3CDfB74e38FD98631,18,18,6,386466179192664,1,0.000386466179192664,1e-06,386466179192665,4100235187716276,600505380971805316770393,600505.3809718053,2.984289411528422e-22,179.208185,0,179.208185,3350.8814397724377,1787184000
CL-USDC/wtNVDA,0.11355375211159477,0xfC67Fb1dd64fE7681CD75095E618818435546a21,0xd638Bf1E51f73DCE550Bc6256369A8564c797504,0x833589fCD6eDb6E08f4c7C32D4f71b54bdA02913,0xFb5B41acdbA20a3230F84BE995173CFb98b8D6E7,0x940181a94A35A4569E4529A3CDfB74e38FD98631,18,6,18,3330160,131504717426609,3.33016,0.000131504717426609,131504720756769,3813787421035557,567612243945955616492982,567612.2439459556,2.6929494129225606e-21,1528.5510591019183,0,1528.5510591019183,371.34006127309175,1787184000
CL-wtCEG/USDC,0.008453190157809112,0x319A45E08783E58A2A3206f6DBf991657F184c65,0x4a86de0419D97b4bA94a6A5C8b6ae0fC3061Fd48,0x3aF952888Cd89DAD3e8AF67cf4b7E740B36829C3,0x833589fCD6eDb6E08f4c7C32D4f71b54bdA02913,0x940181a94A35A4569E4529A3CDfB74e38FD98631,18,18,6,416540156712860,1,0.00041654015671286,1e-06,416540156712861,288515067477173,42254299349444105148412,42254.2993494441,6.816537120116495e-23,2.88028,0,2.88028,14670.205448582812,1787184000
CL-tGBP/frxUSD,0.003963862567277109,0x1bf888751d06BF6530ba1c64b9C89DaC8EcB55b8,0x262069880FBA845Cb8a663404Fe161c973d630CF,0x27f6c8289550fCE67f6B50BeD1F519966aFE5287,0xe5020A6d073a794B6E7f05678707dE47986Fb0b6,0x940181a94A35A4569E4529A3CDfB74e38FD98631,18,18,18,17599337123096260,1,0.01759933712309626,1e-18,17599337123096261,135289034385942,19813849253474371453030,19813.849253474375,8.284166031232505e-23,1.6414121693359394,0,1.6414121693359394,12071.221125094009,1787184000
CL-USDC/AAPLc,0.5582136686846816,0xA3b1E3f9747065e2073722Ff4c9027d3eA4994F0,0x43021fBbD01b967704aB2379F6e90E2d367042F3,0x833589fCD6eDb6E08f4c7C32D4f71b54bdA02913,0xb200000000000000000000C2e324d24d7eEcd1fb,0x940181a94A35A4569E4529A3CDfB74e38FD98631,18,6,8,7758046,2572262,7.758046,0.02572262,10330308,19220444956136160,2790298930607185248398136,2790298.9306071852,1.900363242435332e-23,53.0258152313251,0,53.0258152313251,52621.5187533564,1787184000
CL-USDC/NVDAc,0.5595224884119532,0x853F5f1B92b16714Fe6CDA67CAad0856B83C7ab9,0x30d1E5Af5CE39863E6F69a1F73ffb0e1AC9771A8,0x833589fCD6eDb6E08f4c7C32D4f71b54bdA02913,0xb20000000000000000000078ee7ce2fE4908108C,0x940181a94A35A4569E4529A3CDfB74e38FD98631,18,6,8,9536490,2153788,9.53649,0.02153788,11690278,19859870968561995,2796841225234202326349826,2796841.225234202,7.338973743248439e-23,205.25944316028603,0,205.25944316028603,13625.883331711873,1787184000
CL-USDC/GOOGLc,0.5582136686846816,0xB1987CAD1682841b4b641d50E520777eC5Ab5542,0x225fc4369972420683dA720F6cb39C5547C4a74e,0x833589fCD6eDb6E08f4c7C32D4f71b54bdA02913,0xb2000000000000000000002D0BA3164cc74f58B7,0x940181a94A35A4569E4529A3CDfB74e38FD98631,18,6,8,4154903,1161508,4.154903,0.01161508,5316411,19093030803450903,2790298930607185248398136,2790298.9306071852,1.3484813116166557e-22,376.26659617477287,0,376.26659617477287,7415.749787448879,1787184000
CL-USDC/METAc,0.5569048489574101,0xEAF57753BC382E0324a1D43F72E7027705a2273E,0x536DF7362915337ddc86C9b57D322905CA819d65,0x833589fCD6eDb6E08f4c7C32D4f71b54bdA02913,0xb2000000000000000000008bC8786B856E61707C,0x940181a94A35A4569E4529A3CDfB74e38FD98631,18,6,8,5680526,1333741,5.680526,0.01333741,7014267,19055495519018342,2783756635980168170446446,2783756.635980168,7.767339891052884e-24,21.62238396563194,0,21.62238396563194,128744.20509805286,1787184000
TOTAL,100.0,,,,,,,,,311163603352395778286831927210348,1617002670989538995402181027,311163603388521.2,1617027830.0919728,311165220355066767825827329391375,3414629228834135540,499862165178069600635258249,,3.8588266841647043e-22,192888.02610267414,0.12003667387624786,192888.146139348,2591.4612960039267,
