name,vote_pct,address,gauge,token0,token1,emissions_token,emissions_decimals,token0_decimals,token1_decimals,token0_fees_raw,token1_fees_raw,token0_fees,token1_fees,fees_raw,emissions_raw,votes_raw,votes,ratio,tfv,tbv,tvv,votes_per_tvv,rewards_epoch_ts
vAMM-tBTC/USDbC,0.0042885118845435765,0x723AEf6543aecE026a15662Be4D3fb3424D502A9,0x50f0249B824033Cf0AF0C8b9fe1c67c2842A34d5,0x236aa50979D5f3De3Bd1Eeb40E81137F22ab794b,0xd9aAEc86B65D86f6A7B5B1b0c42FFA531710b6CA,0x940181a94A35A4569E4529A3CDfB74e38FD98631,18,18,6,0,0,0.0,0.0,0,145817692572602,21823264372210976060012,21823.264372210975,6.237796621526605e-22,13.612908477165954,0,13.612908477165954,1603.1301766861154,1781136000
vAMM-tBTC/WETH,0.0017608297746336608,0x2722C8f9B5E2aC72D1f225f8e8c990E449ba0078,0xfaE8C18D83655Fbf31af10d2e9A1Ad5bA77D0377,0x236aa50979D5f3De3Bd1Eeb40E81137F22ab794b,0x4200000000000000000000000000000000000006,0x940181a94A35A4569E4529A3CDfB74e38FD98631,18,18,18,0,0,0.0,0.0,0,59871615530696,8960463377701660986794,8960.46337770166,4.5678007584155536e-21,40.929611412420435,0,40.929611412420435,218.92373439398284,1781136000
vAMM-T/WETH,7.792503097207352e-07,0xAf58FDeE432a104a932a899968d60F92838886cd,0xaD3d4aFd779e4A57734557CcE25F87032614fE47,0x26f3901aC8a79c50fb0d8289C74f0d09AdC42E29,0x4200000000000000000000000000000000000006,0x940181a94A35A4569E4529A3CDfB74e38FD98631,18,18,18,3769941666474641503305,3824481535685510,3769.9416664746414,0.00382448153568551,3769945490956177188815,0,3965428096970939228,3.9654280969709395,0.0,0,0,0,nan,0
vAMM-EXTRA/USDbC,2.7021815841964218e-05,0x2B7704f1cb9324cD8586B33C6c540CbD64E58237,0xf05a3De3dD6910042f506c6105bC14920C4289B6,0x2dAD3a13ef0C6366220f989157009e501e7938F8,0xd9aAEc86B65D86f6A7B5B1b0c42FFA531710b6CA,0x940181a94A35A4569E4529A3CDfB74e38FD98631,18,18,6,3334038778933919095994,40091859,3334.0387789339193,40.091859,3334038778933959187853,0,137507892437412648059,137.50789243741264,0.0,0,0,0,nan,0
sAMM-DOLA/USDbC,0.0006941245582495914,0x0B25c51637c43decd6CC1C1e3da4518D54ddb528,0xeAE066C25106006fB386A3a8b1698A0cB6931c1a,0x4621b7A9c75199271F773Ebd9A499dbd165c3191,0xd9aAEc86B65D86f6A7B5B1b0c42FFA531710b6CA,0x940181a94A35A4569E4529A3CDfB74e38FD98631,18,18,6,0,0,0.0,0.0,0,23601576529780,3532242453733386346319,3532.2424537333864,2.328264853385007e-21,8.223995958661861,0,8.223995958661861,429.5044004749393,1781136000
vAMM-WETH/UNIDX,2.5020102487153436e-05,0xA819Af1CC8AbE618eA8abaDeb464960F7451CEAB,0x98F44CE76BDCaD37f00a98B275631B1D796862fa,0x4200000000000000000000000000000000000006,0x6B4712AE9797C199edd44F897cA09BC57628a1CF,0x940181a94A35A4569E4529A3CDfB74e38FD98631,18,18,18,66824064630132120,226333029296948315040,0.06682406463013212,226.33302929694833,226399853361578447160,0,127321627151110355016,127.32162715111036,0.0,0,0,0,nan,0
vAMM-ERN/stERN,8.544733493310836e-05,0x218F511431194B2C756D67a137DE536beA74E498,0x109Cc0f2640457b2A483C2eef189827750A676bB,0xa334884bF6b0A066d553D19e507315E839409e62,0xf7A0dd3317535eC4f4d29ADF9d620B3d8D5D5069,0x940181a94A35A4569E4529A3CDfB74e38FD98631,18,18,18,238749576470806399,118363806790615403,0.2387495764708064,0.11836380679061541,357113383261421802,0,434822108542330684198,434.8221085423307,0.0,0,0,0,nan,0
sAMM-MAI/USDbC,5.4795732813156355e-05,0xf6Aec4F97623E691a9426a69BaF5501509fCa05D,0xC01E2ff20501839db7B28F5Cb3eD2876fEa3d6b1,0xbf1aeA8670D2528E08334083616dD9C5F3B087aE,0xd9aAEc86B65D86f6A7B5B1b0c42FFA531710b6CA,0x940181a94A35A4569E4529A3CDfB74e38FD98631,18,18,6,30849394905118393975,8904249,30.849394905118395,8.904249,30849394905127298224,0,278843056949536182548,278.8430569495362,0.0,0,0,0,nan,0
sAMM-DOLA/MAI,0.00012962935970783652,0x8b432C54d6e8E1B8D1802753514AB53044Af1861,0xDe23611176b16720346f4Df071D1aA01752c68C1,0x4621b7A9c75199271F773Ebd9A499dbd165c3191,0xbf1aeA8670D2528E08334083616dD9C5F3B087aE,0x940181a94A35A4569E4529A3CDfB74e38FD98631,18,18,18,10485217747779387469,12016510956867015733,10.485217747779387,12.016510956867016,22501728704646403202,0,659654412408287255581,659.6544124082873,0.0,0,0,0,nan,0
vAMM-USDbC/STG,1.1899584481038018e-07,0xb680190fB16f417647e69D6A84719aE9c7E5E20a,0x9a8D9F5C698C1F2B0d48a955BC531F2c7D67Af84,0xd9aAEc86B65D86f6A7B5B1b0c42FFA531710b6CA,0xE3B53AF74a4BF62Ae5511055290838050bf764Df,0x940181a94A35A4569E4529A3CDfB74e38FD98631,18,6,18,57636128,313861395849090132783,57.636128,313.8613958490901,313861395849147768911,0,605542866711187967,0.605542866711188,0.0,0,0,0,nan,0
vAMM-WETH/TAROT,0.06154916930694045,0x2d25E0514f23c6367687dE89Bd5167dc754D4934,0xa81dac2e9caa218Fcd039D7CEdEB7847cf362213,0x4200000000000000000000000000000000000006,0xF544251D25f3d243A36B07e7E7962a678f952691,0x940181a94A35A4569E4529A3CDfB74e38FD98631,18,18,18,13245345788424,3435957605581334,1.3245345788424e-05,0.003435957605581334,3449202951369758,2092790713824431,313209763628366676682716,313209.7636283667,3.292774255095058e-22,103.13290461198943,0,103.13290461198943,3036.952801889334,1781136000
sAMM-MIM/USDbC,1.1899584481038018e-07,0x982A169edFC1cf8Fd38dBeE76735547b23875BD1,0xBb0b5819Fa91076a1D6aaFa0D018E27a416DE029,0x4A3A6Dd60A34bB2Aba60D73B4C88315E9CeB6A3D,0xd9aAEc86B65D86f6A7B5B1b0c42FFA531710b6CA,0x940181a94A35A4569E4529A3CDfB74e38FD98631,18,18,6,2407103883375817280,2462641,2.407103883375817,2.462641,2407103883378279921,0,605542866711187967,0.605542866711188,0.0,0,0,0,nan,0
vAMM-WETH/HOP,0.014276029002762789,0x75D18ee68bB93BE5cB2dcCFa0d8151E25CBC8Eb8,0xb42A9e58773993ed15A5eED65633e85870185e13,0x4200000000000000000000000000000000000006,0xc5102fE9359FD9a28f877a67E36B0F050d81a3CC,0x940181a94A35A4569E4529A3CDfB74e38FD98631,18,18,18,0,0,0.0,0.0,0,485417393972565,72647473879112681193110,72647.47387911267,2.047734506259101e-24,0.14876273905481574,0,0.14876273905481574,488344.5568472876,1781136000
sAMM-DAI+/USD+,0.00022824502858935709,0x1b05e4e814b3431a48b8164c41eaC834d9cE2Da6,0x87803Cb321624921cedaAD4555F07Daa0D1Ed325,0x65a2508C429a6078a7BC2f7dF81aB575BD9D9275,0xB79DD08EA68A908A97220C76d19A6aA9cBDE4376,0x940181a94A35A4569E4529A3CDfB74e38FD98631,18,18,6,4182439582332570598,7074538,4.18243958233257,7.074538,4182439582339645136,0,1161487185916595141654,1161.487185916595,0.0,0,0,0,nan,0
sAMM-USD+/USDbC,0.000154360404886767,0x4a3636608d7Bc5776CB19Eb72cAa36EbB9Ea683B,0xa5972f0C07a2D1cc5A8457c28d88ec4f3C009864,0xB79DD08EA68A908A97220C76d19A6aA9cBDE4376,0xd9aAEc86B65D86f6A7B5B1b0c42FFA531710b6CA,0x940181a94A35A4569E4529A3CDfB74e38FD98631,18,6,6,37376021,17824922,37.376021,17.824922,55200943,0,785505092474278257099,785.5050924742783,0.0,0,0,0,nan,0
vAMM-WETH/DEUS,0.20695764075903222,0x9e4CB8b916289864321661CE02cf66aa5BA63C94,0x7eC1926A50D2D253011cC9891935eBc476713bb1,0x4200000000000000000000000000000000000006,0xDE5ed76E7c05eC5e4572CfC88d1ACEA165109E44,0x940181a94A35A4569E4529A3CDfB74e38FD98631,18,18,18,27784438062166,0,2.7784438062166e-05,0.0,27784438062166,7037029598393340,1053160497097261416060892,1053160.4970972615,5.346771428508508e-23,56.31008455513455,0,56.31008455513455,18702.87543372603,1781136000
sAMM-DAI/USDbC,1.5508706019597866e-06,0x6EAB8c1B93f5799daDf2C687a30230a540DbD636,0xCF1D5Aa63083fda05c7f8871a9fDbfed7bA49060,0x50c5725949A6F0c72E6C4a641F24049A917DB0Cb,0xd9aAEc86B65D86f6A7B5B1b0c42FFA531710b6CA,0x940181a94A35A4569E4529A3CDfB74e38FD98631,18,18,6,23280613401752580039,22412708,23.28061340175258,22.412708,23280613401774992747,0,7892028765418826011,7.892028765418826,0.0,0,0,0,nan,0
vAMM-AERO/USDbC,0.050879324132625574,0x2223F9FE624F69Da4D8256A7bCc9104FBA7F8f75,0x9a202c932453fB3d04003979B121E80e5A14eE7b,0x940181a94A35A4569E4529A3CDfB74e38FD98631,0xd9aAEc86B65D86f6A7B5B1b0c42FFA531710b6CA,0x940181a94A35A4569E4529A3CDfB74e38FD98631,18,18,6,0,0,0.0,0.0,0,1635572939914163,258913341391818515854678,258913.3413918185,3.339134746273039e-21,864.5465345150745,0,864.5465345150745,299.47877997919846,1781136000
vAMM-WETH/AERO,0.24221010217023048,0x7f670f78B17dEC44d5Ef68a48740b6f8849cc2e6,0x96a24aB830D4ec8b1F6f04Ceac104F1A3b211a01,0x4200000000000000000000000000000000000006,0x940181a94A35A4569E4529A3CDfB74e38FD98631,0x940181a94A35A4569E4529A3CDfB74e38FD98631,18,18,18,2049995100195,6887241193228587645,2.049995100195e-06,6.887241193228587,6887243243223687840,8236003993041614,1232552278176497891735077,1232552.278176498,0.0,0,0,0,nan,0
vAMM-WETH/DOG,0.00036399735241131445,0xF89042057D079debe2a65A1a899E48E0E825105F,0x15093ed45C2A3F88393d41bC436003E2b8115aD5,0x4200000000000000000000000000000000000006,0x9E53e88dCff56d3062510A745952DEC4cEFDff9E,0x940181a94A35A4569E4529A3CDfB74e38FD98631,18,18,18,246610482716272653,5673049179929490940928036,0.24661048271627264,5673049.179929491,5673049426539973657200689,0,1852299974050881291515,1852.2999740508812,0.0,0,0,0,nan,0
vAMM-WETH/USDbC,0.021202979117536498,0xB4885Bc63399BF5518b994c1d0C153334Ee579D0,0xeca7Ff920E7162334634c721133F3183B83B0323,0x4200000000000000000000000000000000000006,0xd9aAEc86B65D86f6A7B5B1b0c42FFA531710b6CA,0x940181a94A35A4569E4529A3CDfB74e38FD98631,18,18,6,0,0,0.0,0.0,0,720956576054915,107897152023332779233490,107897.15202333278,0.0,0,0,0,nan,0
vAMM-WETH/fBOMB,0.01687248572753603,0x4F9Dc2229f2357B27C22db56cB39582c854Ad6d5,0x76c48576822Cd955C320f5d5A163E738dbFEcc01,0x4200000000000000000000000000000000000006,0x74ccbe53F77b08632ce0CB91D3A545bF6B8E0979,0x940181a94A35A4569E4529A3CDfB74e38FD98631,18,18,18,0,0,0.0,0.0,0,573708509178287,85860253291000004422435,85860.253291,0.0,0,0,0,nan,0
vAMM-WETH/WELL,0.004033599575071712,0xffA3F8737C39e36dec4300B162c2153c67c8352f,0xcEa0a2228145d0fD25dE083e3786ddB1eA184296,0x4200000000000000000000000000000000000006,0xFF8adeC2221f9f4D8dfbAFa6B9a297d17603493D,0x940181a94A35A4569E4529A3CDfB74e38FD98631,18,18,18,0,0,0.0,0.0,0,137152903028384,20526073441859289690478,20526.073441859287,0.0,0,0,0,nan,0
vAMM-USD+/stERN,2.669676331393715e-07,0x607363389331f4B2D1b955d009506A67c565D75E,0xe5Cf7Ec83BA94c4AdF833d7DCdb800a53f28410E,0xB79DD08EA68A908A97220C76d19A6aA9cBDE4376,0xf7A0dd3317535eC4f4d29ADF9d620B3d8D5D5069,0x940181a94A35A4569E4529A3CDfB74e38FD98631,18,6,18,400580,3043542219784710421,0.40058,3.0435422197847104,3043542219785111001,0,1358537738422055515,1.3585377384220554,0.0,0,0,0,nan,0
vAMM-USD+/USDbC,1.1899584481038018e-07,0xdC0F1F6eCd03ec1C9FFC2A17BaBAbd313477b20E,0xD2121Cb13A28Ab16Cb0f0F19A665e9a9311F9aBb,0xB79DD08EA68A908A97220C76d19A6aA9cBDE4376,0xd9aAEc86B65D86f6A7B5B1b0c42FFA531710b6CA,0x940181a94A35A4569E4529A3CDfB74e38FD98631,18,6,6,5503,2659,0.005503,0.002659,8162,0,605542866711187967,0.605542866711188,0.0,0,0,0,nan,0
vAMM-USDbC/THALES,0.0003949169474846104,0x5F43555b02507133eCd5b78218283ed849b07Eac,0x2692CC440416B7f8252406D84e9D66f0C48C069E,0xd9aAEc86B65D86f6A7B5B1b0c42FFA531710b6CA,0xf34e0cff046e154CAfCae502C7541b9E5FD8C249,0x940181a94A35A4569E4529A3CDfB74e38FD98631,18,6,18,40024732,209078465757649363046,40.024732,209.07846575764935,209078465757689387778,0,2009642781004082510685,2009.6427810040825,0.0,0,0,0,nan,0
vAMM-WETH/THALES,0.00012998040431803107,0x3f386Acc3A8E9194cF6279C219DF8DD3C5B71974,0x62052D68A7DBa58079B7D70a40796CAbAab2a95f,0x4200000000000000000000000000000000000006,0xf34e0cff046e154CAfCae502C7541b9E5FD8C249,0x940181a94A35A4569E4529A3CDfB74e38FD98631,18,18,18,2301454066074488,37525660948730519491,0.002301454066074488,37.52566094873052,37527962402796593979,0,661440798814799704612,661.4407988147997,0.0,0,0,0,nan,0
vAMM-EXTRA/WETH,0.0807336843380412,0x84Ff3B6e2046579Fb2f2b891CE18eE10b5fbDbF2,0xE5Ff63862097b32d3ed30551e290D66f1548973F,0x2dAD3a13ef0C6366220f989157009e501e7938F8,0x4200000000000000000000000000000000000006,0x940181a94A35A4569E4529A3CDfB74e38FD98631,18,18,18,0,0,0.0,0.0,0,2745183016021179,410835409691121081538938,410835.4096911211,7.328375881824177e-22,301.07563077797664,0,301.07563077797664,1364.5588273933902,1781136000
vAMM-fBOMB/AERO,0.9486929069962005,0xbBf71AAD6E1F8D180D3B1D898528654c1d18b2fF,0x12E45bE50dd4f3Bc430B65d399B1e3b90275661c,0x74ccbe53F77b08632ce0CB91D3A545bF6B8E0979,0x940181a94A35A4569E4529A3CDfB74e38FD98631,0x940181a94A35A4569E4529A3CDfB74e38FD98631,18,18,18,0,0,0.0,0.0,0,32258352595444170,4827683045962437229569838,4827683.045962437,3.762520974586175e-22,1816.4258719087743,0,1816.4258719087743,2657.7924927315153,1781136000
vAMM-EURA/USDbC,9.474326292859054e-06,0xA56bE957d432a5d0eDc040B27078d9726f54E7f6,0x275535F82F287073CEEbC653862E4E43868AA65C,0xA61BeB4A3d02decb01039e378237032B351125B4,0xd9aAEc86B65D86f6A7B5B1b0c42FFA531710b6CA,0x940181a94A35A4569E4529A3CDfB74e38FD98631,18,18,6,2638326269824940065,2708302,2.63832626982494,2.708302,2638326269827648367,0,48212697785180123453,48.212697785180126,0.0,0,0,0,nan,0
vAMM-SONNE/USDbC,0.0025937200773856746,0x554EcA2a48136724294CE47fb7bfE9AADfceE3c6,0x744462994510ccd987F697752bD46d1155F8022F,0x22a2488fE295047Ba13BD8cCCdBC8361DBD8cf7c,0xd9aAEc86B65D86f6A7B5B1b0c42FFA531710b6CA,0x940181a94A35A4569E4529A3CDfB74e38FD98631,18,18,6,11789068723409404537433,4153279,11789.068723409404,4.153279,11789068723409408690712,0,13198853233986864757364,13198.853233986865,0.0,0,0,0,nan,0
sAMM-AERO/USDbC,1.1899584481038018e-07,0xB304b47e039E20AFAd75FA2ada6CD8D95a9eea41,0x46110ac9100A027bAec01bf1C211522ce0B02540,0x940181a94A35A4569E4529A3CDfB74e38FD98631,0xd9aAEc86B65D86f6A7B5B1b0c42FFA531710b6CA,0x940181a94A35A4569E4529A3CDfB74e38FD98631,18,18,6,1450251551181698448581,1319143754,1450.2515511816985,1319.143754,1450251551183017592335,0,605542866711187967,0.605542866711188,0.0,0,0,0,nan,0
vAMM-EXTRA/AERO,0.0006314746640408702,0x688F778C51dB4D990bF1abaF8d33fD95e48C6641,0x6664867531c0FDd058881153FaBE7D2162833b07,0x2dAD3a13ef0C6366220f989157009e501e7938F8,0x940181a94A35A4569E4529A3CDfB74e38FD98631,0x940181a94A35A4569E4529A3CDfB74e38FD98631,18,18,18,0,0,0.0,0.0,0,21471998175064,3213431350717523948230,3213.431350717524,2.5329422742490814e-20,81.39436113629742,0,81.39436113629742,39.4797785234352,1781136000
sAMM-DAI+/USDbC,1.1899584481038018e-07,0x4f7f293e7B7b6D1cAA1ca48784C5986f3dE5E19c,0x2d8b33A0dc95F0eb9429551eA4d2297729828558,0x65a2508C429a6078a7BC2f7dF81aB575BD9D9275,0xd9aAEc86B65D86f6A7B5B1b0c42FFA531710b6CA,0x940181a94A35A4569E4529A3CDfB74e38FD98631,18,18,6,49132890709626769,34008,0.049132890709626766,0.034008,49132890709660777,0,605542866711187967,0.605542866711188,0.0,0,0,0,nan,0
sAMM-DAI/MAI,2.3074761068586548e-07,0x30A30f266e1173a75985997B2523EcbC19c60fF3,0xc16A2c13d3A62937FB3b0FE03Fa24B0C6161245E,0x50c5725949A6F0c72E6C4a641F24049A917DB0Cb,0xbf1aeA8670D2528E08334083616dD9C5F3B087aE,0x940181a94A35A4569E4529A3CDfB74e38FD98631,18,18,18,11155932961947519061,11332262789119714128,11.155932961947519,11.332262789119714,22488195751067233189,0,1174222258635433511,1.1742222586354334,0.0,0,0,0,nan,0
sAMM-WETH/USDbC,1.160615396516698e-06,0x44d7Dd237001AeF7fC7D8CB13ab4452f65CE5E40,0x1AF743E6EbF9C4f90aE9A37E6e61Bca31a867676,0x4200000000000000000000000000000000000006,0xd9aAEc86B65D86f6A7B5B1b0c42FFA531710b6CA,0x940181a94A35A4569E4529A3CDfB74e38FD98631,18,18,6,123102757401810023,308486037,0.12310275740181002,308.486037,123102757710296060,0,5906108532409502377,5.906108532409503,0.0,0,0,0,nan,0
vAMM-FREN/WETH,0.0006213497735714675,0x679d601AAA86cd555E8bfD48ddC8b4aaDe2A0F27,0x5C84541A91c4dAF68964197E7ED1c7de79A82Ec3,0x12063CC18A7096D170e5Fc410d8623Ad97ee24B3,0x4200000000000000000000000000000000000006,0x940181a94A35A4569E4529A3CDfB74e38FD98631,18,18,18,7536126267381373714632,19233165757456107,7536.1262673813735,0.019233165757456108,7536145500547131170739,0,3161908079381884072978,3161.908079381884,0.0,0,0,0,nan,0
sAMM-WETH/BASED,0.00038306203399349095,0x5F45e48F9C053286cE9Ca08Db897f8b7eb3f7992,0xA7919a78183d4B3980c01DfDaCd0158772eB5632,0x4200000000000000000000000000000000000006,0x9CBD543f1B1166b2Df36b68Eb6bB1DcE24E6aBDf,0x940181a94A35A4569E4529A3CDfB74e38FD98631,18,18,18,878826518617236742,4749986757189285790,0.8788265186172367,4.749986757189286,5628813275806522532,0,1949315814869552503461,1949.3158148695527,0.0,0,0,0,nan,0
vAMM-BASED/USDbC,6.633115864827318e-07,0xb905d9195019778CFbaa4e9eD90dF3FC5871CD9A,0x1202cEE03f9Dc305e14c3C34afaedE7BcE47b373,0xBa5E6fa2f33f3955f0cef50c63dCC84861eAb663,0xd9aAEc86B65D86f6A7B5B1b0c42FFA531710b6CA,0x940181a94A35A4569E4529A3CDfB74e38FD98631,18,18,6,41047168293617294,350188,0.04104716829361729,0.350188,41047168293967482,0,3375442228605126725,3.3754422286051264,0.0,0,0,0,nan,0
sAMM-DOLA/USD+,0.003827792664394515,0x8E9154AC849e839d60299E85156bcb589De2693A,0x969c70383A95704C6a35497d8C77BF38dc152e63,0x4621b7A9c75199271F773Ebd9A499dbd165c3191,0xB79DD08EA68A908A97220C76d19A6aA9cBDE4376,0x940181a94A35A4569E4529A3CDfB74e38FD98631,18,18,6,0,0,0.0,0.0,0,130156222861680,19478768749169951898030,19478.768749169954,5.857989109117863e-23,1.1410641519166296,0,1.1410641519166296,17070.704321445675,1781136000
vAMM-DAI+/USD+,2.414538204664421e-06,0x3CF04A380e54FA4eD31eA48acb9132EA35e2E8D9,0x18f880A04F8aD0da98414672184146D17fe1d2dA,0x65a2508C429a6078a7BC2f7dF81aB575BD9D9275,0xB79DD08EA68A908A97220C76d19A6aA9cBDE4376,0x940181a94A35A4569E4529A3CDfB74e38FD98631,18,18,6,2863874804654989,4647,0.002863874804654989,0.004647,2863874804659636,0,12287037321059777189,12.287037321059776,0.0,0,0,0,nan,0
sAMM-USDC/USDbC,0.000406959828392105,0x27a8Afa3Bd49406e48a074350fB7b2020c43B2bD,0x1Cfc45C5221A07DA0DE958098A319a29FbBD66fE,0x833589fCD6eDb6E08f4c7C32D4f71b54bdA02913,0xd9aAEc86B65D86f6A7B5B1b0c42FFA531710b6CA,0x940181a94A35A4569E4529A3CDfB74e38FD98631,18,6,6,0,0,0.0,0.0,0,13838427604010,2070926270690686943037,2070.926270690687,4.012658546858121e-22,0.830992,0,0.830992,2492.113366543465,1781136000
vAMM-AERO/DOG,0.0009263516209866344,0x656D48D3F337c6b3cD2ED8471B135fF54b1F96Ad,0xDcC24121BAe131F952B09A08E65b95642F093794,0x940181a94A35A4569E4529A3CDfB74e38FD98631,0x9E53e88dCff56d3062510A745952DEC4cEFDff9E,0x940181a94A35A4569E4529A3CDfB74e38FD98631,18,18,18,217076564982636748051,779482072874204331757117,217.07656498263674,779482.0728742044,779699149439186968505168,0,4713993308326597849420,4713.993308326598,0.0,0,0,0,nan,0
vAMM-tBTC/T,1.7504446524197483e-05,0xfd8aA87c97D32345BFe4F753ACf25729008331C9,0x76BB14cc51d409987Ea34a158Ba51643F81BB82e,0x236aa50979D5f3De3Bd1Eeb40E81137F22ab794b,0x26f3901aC8a79c50fb0d8289C74f0d09AdC42E29,0x940181a94A35A4569E4529A3CDfB74e38FD98631,18,18,18,201209718659523,1669505143427700176192,0.000201209718659523,1669.5051434277002,1669505344637418835715,0,89076158460371774978,89.07615846037179,0.0,0,0,0,nan,0
vAMM-SONNE/USDC,6.896732801690066e-05,0x4cC2FeFB2635C86b1bae1b58E0f60Fb43E95e264,0xCbfeaED3dd9310406c046FB496C7E77f7571a808,0x22a2488fE295047Ba13BD8cCCdBC8361DBD8cf7c,0x833589fCD6eDb6E08f4c7C32D4f71b54bdA02913,0x940181a94A35A4569E4529A3CDfB74e38FD98631,18,18,6,62239494038512353231026,20646511,62239.494038512355,20.646511,62239494038512373877537,0,350959090910389825098,350.9590909103898,0.0,0,0,0,nan,0
vAMM-WETH/XEN,1.6335162829752876e-06,0xC95582235D8905Ea7dAC517286bEc72F653fa24B,0x50793B917AE25Ab859F67406f271eEb05C7521FA,0x4200000000000000000000000000000000000006,0x981D41C115a2d48Cb1215D13Bda8f989d407c9c5,0x940181a94A35A4569E4529A3CDfB74e38FD98631,18,18,18,50038986345340874,4760403768463237604794876,0.050038986345340875,4760403.768463237,4760403818502223950135750,0,8312593892572402034,8.312593892572401,0.0,0,0,0,nan,0
vAMM-tBTC/USDC,0.00042366997616307024,0x323121CD6F6274c9aeB9f87e0664C8FDa5d343A5,0x434a8eEA016357bE462Eb6adE1b99F9f9F5Ff2c3,0x236aa50979D5f3De3Bd1Eeb40E81137F22ab794b,0x833589fCD6eDb6E08f4c7C32D4f71b54bdA02913,0x940181a94A35A4569E4529A3CDfB74e38FD98631,18,18,6,0,0,0.0,0.0,0,14406789222520,2155960422937952603981,2155.9604229379524,2.438847368632325e-21,5.25805840435766,0,5.25805840435766,410.0297594928162,1781136000
vAMM-WETH/JARVIS,0.02159857300274691,0xeff0891e5a1bd47a8F1e77ABebfEE4145974D088,0xf460124c6146800c6C061A6fC40C14677523BC90,0x4200000000000000000000000000000000000006,0x777b2839832982B35213063d850848369390EE16,0x940181a94A35A4569E4529A3CDfB74e38FD98631,18,18,18,0,0,0.0,0.0,0,734453952993903,109910239586898145433288,109910.23958689814,5.599871077885633e-25,0.06154831718261514,0,0.06154831718261514,1785755.397028844,1781136000
vAMM-cbETH/USDC,4.962350614475802e-05,0xa1d2ee6212D4375F154393E59895A5D27859C4e4,0x1a3FD3c084E5680655768b41Da653ca6e84b5981,0x2Ae3F1Ec7F1F5012CFEab0185bfc7aa3cf0DEc22,0x833589fCD6eDb6E08f4c7C32D4f71b54bdA02913,0x940181a94A35A4569E4529A3CDfB74e38FD98631,18,18,6,32791319340300527,90672911,0.03279131934030053,90.672911,32791319430973438,0,252522768463389149031,252.52276846338916,0.0,0,0,0,nan,0
sAMM-USDC/MAI,0.39222508221260405,0x2a1463CeBE85315224c536AfD389b381B43F3206,0x9280df579CeA690cAf5c31601cb71564Bb6FA6B7,0x833589fCD6eDb6E08f4c7C32D4f71b54bdA02913,0xbf1aeA8670D2528E08334083616dD9C5F3B087aE,0x940181a94A35A4569E4529A3CDfB74e38FD98631,18,6,18,0,0,0.0,0.0,0,13337645989625960,1995944489133400180859515,1995944.4891334001,9.859968417432645e-23,196.79949625804062,0,196.79949625804062,10142.02031552127,1781136000
vAMM-MST/WETH,5.2743196756352975e-06,0x52E9cC1aD755347BDF666ddf6Ad88EdfFe76fe68,0x44283e26C3610f7a6f93fe37ab80aA6Fca57839E,0x2F3b1A07E3eFb1fCc64BD09b86bD0Fa885D93552,0x4200000000000000000000000000000000000006,0x940181a94A35A4569E4529A3CDfB74e38FD98631,18,18,18,2080870484642075729318,2759089940768719,2080.8704846420756,0.002759089940768719,2080873243732016498037,0,26839816645907110505,26.839816645907113,0.0,0,0,0,nan,0
vAMM-oBMX/USDC,1.0826153809704644e-06,0xA8D5DB293917EA106A5fc4dA5A25340e8b428966,0x432146f6A9E1297C88268a1E67ddBFAC804bE6C2,0x3Ff7AB26F2dfD482C40bDaDfC0e88D01BFf79713,0x833589fCD6eDb6E08f4c7C32D4f71b54bdA02913,0x940181a94A35A4569E4529A3CDfB74e38FD98631,18,18,6,9026808799603607845,5599020,9.026808799603607,5.59902,9026808799609206865,0,5509184143220550715,5.50918414322055,0.0,0,0,0,nan,0
sAMM-eUSD/USDbC,1.989831372980551e-06,0x5BfB340FA9305abB164Fb0248D0D82FC3D82C3bb,0x1457Da0dcBe22249408BB2D1e24Bd2f1484d7620,0xCfA3Ef56d303AE4fAabA0592388F19d7C3399FB4,0xd9aAEc86B65D86f6A7B5B1b0c42FFA531710b6CA,0x940181a94A35A4569E4529A3CDfB74e38FD98631,18,18,6,10292300046147400275,10824858,10.2923000461474,10.824858,10292300046158225133,0,10125800575528955765,10.125800575528956,0.0,0,0,0,nan,0
vAMM-hyUSD/eUSD,0.0006386352827884619,0xb5E331615FdbA7DF49e05CdEACEb14Acdd5091c3,0x025137c819298654162de2609f407514De4bb027,0xCc7FF230365bD730eE4B352cC2492CEdAC49383e,0xCfA3Ef56d303AE4fAabA0592388F19d7C3399FB4,0x940181a94A35A4569E4529A3CDfB74e38FD98631,18,18,18,0,0,0.0,0.0,0,21712248781065,3249870115539540364340,3249.8701155395406,0.0,0,0,0,nan,0
vAMM-WETH/wstETH,0.0006718243138380649,0xA6385c73961dd9C58db2EF0c4EB98cE4B60651e8,0xDf7c8F17Ab7D47702A4a4b6D951d2A4c90F99bf4,0x4200000000000000000000000000000000000006,0xc1CBa3fCea344f92D9239c08C0568f6F2F0ee452,0x940181a94A35A4569E4529A3CDfB74e38FD98631,18,18,18,0,0,0.0,0.0,0,22840605635708,3418761567481987595537,3418.761567481987,3.947496134531672e-22,1.3495548072520585,0,1.3495548072520585,2533.251372312336,1781136000
vAMM-AERO/wstETH,0.006185227784088877,0x82a0c1a0d4EF0c0cA3cFDA3AD1AA78309Cc6139b,0x26D6D4E9e3fAf1C7C19992B1Ca792e4A9ea4F833,0x940181a94A35A4569E4529A3CDfB74e38FD98631,0xc1CBa3fCea344f92D9239c08C0568f6F2F0ee452,0x940181a94A35A4569E4529A3CDfB74e38FD98631,18,18,18,0,0,0.0,0.0,0,210284661738918,31475221421447053873196,31475.221421447055,3.5684621502341496e-21,112.31813631267292,0,112.31813631267292,280.2327607522427,1781136000
sAMM-DOLA/USDC,0.0052792225086289715,0xf213F2D02837012dC0236cC105061e121bB03e37,0xCCff5627cd544b4cBb7d048139C1A6b6Bde67885,0x4621b7A9c75199271F773Ebd9A499dbd165c3191,0x833589fCD6eDb6E08f4c7C32D4f71b54bdA02913,0x940181a94A35A4569E4529A3CDfB74e38FD98631,18,18,6,0,0,0.0,0.0,0,179484179368353,26864766051079419392296,26864.76605107942,0.0,0,0,0,nan,0
sAMM-eUSD/USDC,0.062203908187948076,0x7A034374C89C463DD65D8C9BCfe63BcBCED41f4F,0x793F22aB88dC91793E5Ce6ADbd7E733B0BD4733e,0x833589fCD6eDb6E08f4c7C32D4f71b54bdA02913,0xCfA3Ef56d303AE4fAabA0592388F19d7C3399FB4,0x940181a94A35A4569E4529A3CDfB74e38FD98631,18,6,18,0,0,0.0,0.0,0,2114822286116923,316541581303046089382413,316541.5813030461,0.0,0,0,0,nan,0
sAMM-LUSD/USDC,0.0003733328312554004,0xf53B7Af40BE75043eeBa493C622F4f56b3C27A31,0xA8C37a644bDf3297C6E19A48150aF3b7069294FC,0x368181499736d0c0CC614DBB145E2EC1AC86b8c6,0x833589fCD6eDb6E08f4c7C32D4f71b54bdA02913,0x940181a94A35A4569E4529A3CDfB74e38FD98631,18,18,6,44545598252429169490,44335026,44.54559825242917,44.335026,44545598252473504516,0,1899806108659005806540,1899.8061086590058,0.0,0,0,0,nan,0
vAMM-USDC/YFX,3.4601022269722e-05,0x8f24dD646e2ae3615767EbdCCc6691C54C41793F,0x32cD891Fa6c52BD324b9ef1B35F2e6E948eEEaf3,0x833589fCD6eDb6E08f4c7C32D4f71b54bdA02913,0x8901cB2e82CC95c01e42206F8d1F417FE53e7Af0,0x940181a94A35A4569E4529A3CDfB74e38FD98631,18,6,18,2719708595,649223486984927632079,2719.708595,649.2234869849276,649223486987647340674,0,176076755030671500000,176.07675503067148,0.0,0,0,0,nan,0
vAMM-USDC/WELL,6.463736101010821e-08,0x790027573FD4ccD0132e04c194E7a963c2521f1d,0x83a7D55b902Db2069c7c776856d864a8C381A392,0x833589fCD6eDb6E08f4c7C32D4f71b54bdA02913,0xFF8adeC2221f9f4D8dfbAFa6B9a297d17603493D,0x940181a94A35A4569E4529A3CDfB74e38FD98631,18,6,18,126122138,4712156161196622624951,126.122138,4712.156161196623,4712156161196748747089,0,328924870822822185,0.32892487082282224,0.0,0,0,0,nan,0
sAMM-USDC/AERO,0.0003556656007333704,0x861Ee8B9F7e42eDCF4f1B5614c6595F71A879f3f,0x63f85D5D213A83F3C0C76E3A26Cdcaca34aBE784,0x833589fCD6eDb6E08f4c7C32D4f71b54bdA02913,0x940181a94A35A4569E4529A3CDfB74e38FD98631,0x940181a94A35A4569E4529A3CDfB74e38FD98631,18,6,18,24740321945,27513811283779641726596,24740.321945,27513.811283779643,27513811283804382048541,0,1809901579352078398691,1809.9015793520782,0.0,0,0,0,nan,0
sAMM-WETH/wstETH,1.7094942561322242e-05,0x29BBb5F85F01702Ec85D217CEEb2d9657700cF04,0xc3A4ADA162B989326326db7aec07000bEA6Bb69c,0x4200000000000000000000000000000000000006,0xc1CBa3fCea344f92D9239c08C0568f6F2F0ee452,0x940181a94A35A4569E4529A3CDfB74e38FD98631,18,18,18,0,0,0.0,0.0,0,581314919508,86992285666290536601,86.99228566629053,8.527936784517085e-24,0.0007418647129027775,0,0.0007418647129027775,117261.65721766982,1781136000
vAMM-USDC/DEUS,0.01941418174456914,0xf185f82A1948d014baE23d30b06FA8Da35110315,0xC5170E37875cfD19872692E1086C49F205b5Fca6,0x833589fCD6eDb6E08f4c7C32D4f71b54bdA02913,0xDE5ed76E7c05eC5e4572CfC88d1ACEA165109E44,0x940181a94A35A4569E4529A3CDfB74e38FD98631,18,6,18,0,0,0.0,0.0,0,660180837560513,98794367880590956761796,98794.36788059096,0.0,0,0,0,nan,0
vAMM-WETH/NPC,0.006145425165181249,0x5E14319D52c9C18a04BFBBE12dd3a0FE3C1A816a,0xd1D3cbD443443d6cfee567C5A85B94Df633CdCAB,0x4200000000000000000000000000000000000006,0xB166E8B140D35D9D8226E40C09f757BAC5A4d87d,0x940181a94A35A4569E4529A3CDfB74e38FD98631,18,18,18,0,0,0.0,0.0,0,208977758864159,31272674920816341547880,31272.674920816342,0.0,0,0,0,nan,0
vAMM-SEAM/AERO,0.0009483050128438347,0xB77d96D27E0D3C0C04d02771d564A6E242992af0,0x0C6612326e1b28Ad3F20C62F8aef1dB88e0C293c,0x1C7a460413dD4e964f96D8dFC56E7223cE88CD85,0x940181a94A35A4569E4529A3CDfB74e38FD98631,0x940181a94A35A4569E4529A3CDfB74e38FD98631,18,18,18,602435951477528324275,199769351104019150741,602.4359514775283,199.76935110401914,802205302581547475016,0,4825709140593066127251,4825.709140593067,0.0,0,0,0,nan,0
sAMM-WETH/AERO,0.00032994938559720684,0x80aBe24A3ef1fc593aC5Da960F232ca23B2069d0,0x3d2a91023E9C815Ba14335cd9650AE9A518b6D63,0x4200000000000000000000000000000000000006,0x940181a94A35A4569E4529A3CDfB74e38FD98631,0x940181a94A35A4569E4529A3CDfB74e38FD98631,18,18,18,742746332249037475,2233172845234906058357,0.7427463322490375,2233.172845234906,2233915591567155095832,0,1679037592804240923328,1679.0375928042408,0.0,0,0,0,nan,0
sAMM-USDC+/USD+,2.164816995345577e-06,0xE96c788E66a97Cf455f46C5b27786191fD3bC50B,0x526b3D92fF55263dd24E3e14ccD0f5c2Dab81d3b,0x85483696Cc9970Ad9EdD786b2C5ef735F38D156f,0xB79DD08EA68A908A97220C76d19A6aA9cBDE4376,0x940181a94A35A4569E4529A3CDfB74e38FD98631,18,6,6,45498217,55431955,45.498217,55.431955,100930172,0,11016262722077086342,11.016262722077085,0.0,0,0,0,nan,0
vAMM-wBaseDOGE/WETH,0.001300795596748602,0x9D933f0AF9dc01A6f9e5D2e6dcB25B6D0837EA81,0x67d128F56EBacE1341f17e0BD20e0653034F7cCb,0x373504DA48418C67E6FCD071F33Cb0b3B47613C7,0x4200000000000000000000000000000000000006,0x940181a94A35A4569E4529A3CDfB74e38FD98631,18,18,18,429621196656824503117831408,19822289985456004,429621196.6568245,0.019822289985456005,429621196676646793103287412,0,6619453779378755117457,6619.453779378755,0.0,0,0,0,nan,0
sAMM-MAI/eUSD,2.6007486194769556e-06,0x413d78628d688edcdE29518199A3A3DB955068EC,0x2cC76EF706B2fC694F86c633b880a6dde81687F1,0xbf1aeA8670D2528E08334083616dD9C5F3B087aE,0xCfA3Ef56d303AE4fAabA0592388F19d7C3399FB4,0x940181a94A35A4569E4529A3CDfB74e38FD98631,18,18,18,1372761670089107169818,716446062053075775018,1372.7616700891072,716.4460620530758,2089207732142182944836,0,13234619890659094483,13.234619890659095,0.0,0,0,0,nan,0
vAMM-WETH/TKN,0.008040774648176471,0x1a9f461a371559f82976fa18C46A6A0d29f131d0,0xe157D5a0C9a533ebbdEaDb43633ce76d61816778,0x4200000000000000000000000000000000000006,0x78b3C724A2F663D11373C4a1978689271895256f,0x940181a94A35A4569E4529A3CDfB74e38FD98631,18,18,18,634931375854674,502787260953058805113,0.000634931375854674,502.7872609530588,502787895884434659787,273429912551559,40917678586123970027304,40917.67858612397,0.0,0,0,0,nan,0
vAMM-WETH/TOSHI,8.346866239716985e-05,0x081E4455d91726212D1fa9AfFeE80637D1f7bE8E,0x3356d4D0D25B033d28f566c9D62d4D8112F4BC29,0x4200000000000000000000000000000000000006,0xAC1Bd2486aAf3B5C0fc3Fd868558b082a531B2B4,0x940181a94A35A4569E4529A3CDfB74e38FD98631,18,18,18,27620163366320436,144510201849384709207945,0.027620163366320435,144510.2018493847,144510229469548075528381,0,424753092757752782095,424.75309275775277,0.0,0,0,0,nan,0
vAMM-WETH/BETS,2.2738440517412388e-07,0xb7A0B6322834014F95841e643Dffa7Bb9b9Dc0ED,0xCa311e2460EaB52b3f2008B5cDeF0486556Bafb3,0x4200000000000000000000000000000000000006,0x94025780a1aB58868D9B2dBBB775f44b32e8E6e5,0x940181a94A35A4569E4529A3CDfB74e38FD98631,18,18,18,27484200634251620,677794443990727529788145,0.02748420063425162,677794.4439907275,677794471474928164039765,0,1157107668540593198,1.1571076685405932,0.0,0,0,0,nan,0
vAMM-AERO/ZOOMER,0.0014640104496951457,0x45D8c7BF5be7c99D39cDC724f60497BD79546458,0xaCF2c5e2c6e54b0AE44DaeF6C12136bCEab88d07,0x940181a94A35A4569E4529A3CDfB74e38FD98631,0xD1dB4851bcF5B41442cAA32025Ce0Afe6B8EabC2,0x940181a94A35A4569E4529A3CDfB74e38FD98631,18,18,18,86534191361079297806,37254225001621819004400411,86.5341913610793,37254225.00162182,37254311535813180083698217,0,7450017149894643817725,7450.017149894644,0.0,0,0,0,nan,0
vAMM-suUSD/eMTRG,7.4178617649869394e-06,0x70fAaFB3c7990771F6724C00F2574437bf805A9f,0x68b896E8B47f3d7a2399376D76706204B0B6e32E,0x8BF591Eae535f93a242D5A954d3Cde648b48A5A8,0xa023E6f6B4862EA38cbe45e377abD908abAb2f82,0x940181a94A35A4569E4529A3CDfB74e38FD98631,18,18,18,1711645209101034178,16267927902979325426,1.7116452091010341,16.267927902979327,17979573112080359604,0,37747816196399443400,37.74781619639944,0.0,0,0,0,nan,0
vAMM-WETH/MET,0.8019483731357246,0xF91E0Dfe1265B914182De54E08C9CA2068bedDDE,0x4aCfd43DaD13c5312FD0021C837167d294d7fCF9,0x4200000000000000000000000000000000000006,0x93dc5Cb35627A759848c7A7F0079EA7b49E435a5,0x940181a94A35A4569E4529A3CDfB74e38FD98631,18,18,18,26259685924109,2241718836346748882,2.6259685924109e-05,2.241718836346749,2241745096032672991,27270861208252050,4080933393908047807274280,4080933.393908048,6.697344606334252e-23,273.314172544994,0,273.314172544994,14931.290814186483,1781136000
vAMM-AERO/DOG,1.9898844508680013e-08,0xa99e526aB91d3E5d5bAC58551D1a27C8a253591c,0xeC4C5DAD3bac5399fb0FF04C95D02dC15a3472CD,0x940181a94A35A4569E4529A3CDfB74e38FD98631,0xAfb89a09D82FBDE58f18Ac6437B3fC81724e4dF6,0x940181a94A35A4569E4529A3CDfB74e38FD98631,18,18,18,18419771642747836795,11203804081998112008462,18.419771642747836,11203.804081998112,11222223853640859845257,0,101260706768604499,0.10126070676860449,0.0,0,0,0,nan,0
vAMM-WETH/axlOP,0.06547739849756314,0x6a071315B5Ae7da81CA56901ff13893F84776c7B,0xf2B43787C9F841B69567Df52DD6669F4D6De293f,0x4200000000000000000000000000000000000006,0x994ac01750047B9d35431a7Ae4Ed312ee955E030,0x940181a94A35A4569E4529A3CDfB74e38FD98631,18,18,18,11478614152174713,59698921650424689456,0.011478614152174714,59.69892165042469,59710400264576864169,0,333199631081122755627915,333199.6310811228,0.0,0,0,0,nan,0
vAMM-wBaseDOGE/AERO,0.0042882617149519395,0xDab27FB1923FC017e941D837040add59b9aFF9fD,0xEacFC84B210f27CC5999191a55BA39cb4E4c8902,0x373504DA48418C67E6FCD071F33Cb0b3B47613C7,0x940181a94A35A4569E4529A3CDfB74e38FD98631,0x940181a94A35A4569E4529A3CDfB74e38FD98631,18,18,18,85360027313037697908759761,15282181866807737559,85360027.3130377,15.282181866807738,85360042595219564716497320,0,21821991315896067800782,21821.99131589607,0.0,0,0,0,nan,0
vAMM-WETH/AYB,7.550235002694486e-05,0x35D057C5c0Af0caE0Db29946872B486aFC1E0e17,0x521221892F5398B45d3A1a843f01FdeCED76BBB6,0x4200000000000000000000000000000000000006,0x7ED613AB8b2b4c6A781DDC97eA98a666c6437511,0x940181a94A35A4569E4529A3CDfB74e38FD98631,18,18,18,37961946663941814,268613976134771110836852293,0.037961946663941815,268613976.1347711,268613976172733057500794107,0,384214335816535254588,384.21433581653525,0.0,0,0,0,nan,0
vAMM-AERO/BASED,6.136193049300523e-07,0x4b1aFCB3F6b525030c9B548839a0E66c058d9B3F,0xB14FAFC5194250477156b6bE22f7b41E95cC0F81,0x940181a94A35A4569E4529A3CDfB74e38FD98631,0xBa5E6fa2f33f3955f0cef50c63dCC84861eAb663,0x940181a94A35A4569E4529A3CDfB74e38FD98631,18,18,18,1629194282374705211,89209152463069960619,1.6291942823747052,89.20915246306996,90838346745444665830,0,3122569477688666806,3.1225694776886668,0.0,0,0,0,nan,0
vAMM-GB/WETH,7.425629159018391e-05,0x284ddaDA0B71F2D0D4e395B69b1013dBf6f3e6C1,0x83FC503345Dcde6197b2BD8eaa82ccb4b737Be40,0x2aF864fb54b55900Cd58d19c7102d9e4FA8D84a3,0x4200000000000000000000000000000000000006,0x940181a94A35A4569E4529A3CDfB74e38FD98631,18,18,18,1033090685479745351018573,647730658120273270,1033090.6854797454,0.6477306581202733,1033091333210403471291843,0,377873427030281022205,377.87342703028105,0.0,0,0,0,nan,0
vAMM-BMX/USDC,0.006504285184775304,0x2F48C208d7Bd2b4Ff6Da005A9427eF38F035b2d8,0x7062ADe77b3b2894cBc5bCa78d5E784214B1A390,0x548f93779fBC992010C07467cBaf329DD5F059B7,0x833589fCD6eDb6E08f4c7C32D4f71b54bdA02913,0x940181a94A35A4569E4529A3CDfB74e38FD98631,18,18,6,0,0,0.0,0.0,0,221185333898023,33098832173275806706490,33098.832173275805,0.0,0,0,0,nan,0
vAMM-WELS/AERO,0.00014366363760214785,0x90359da9715411B828769ab9343Fa2732F726E19,0xb4F1CD310453F86ecF52554b6bCBAb543667a446,0x7F62ac1e974D65Fab4A81821CA6AF659A5F46298,0x940181a94A35A4569E4529A3CDfB74e38FD98631,0x940181a94A35A4569E4529A3CDfB74e38FD98631,18,18,18,76408404433977083414670,162070345058514925928,76408.40443397708,162.07034505851493,76570474779035598340598,0,731071669724161374416,731.0716697241613,0.0,0,0,0,nan,0
vAMM-HPC/WETH,2.732576534041653e-08,0xd07B4d7CeA966B6E8087C8be3347E4B790679785,0x77ABe39cd429eA55b0fb065B74ca3e3B3c7C13DA,0x1f3BA804eFB9CFe17D595e7262CEA4782dbF6e4E,0x4200000000000000000000000000000000000006,0x940181a94A35A4569E4529A3CDfB74e38FD98631,18,18,18,893544858301922611569939,205478844380660362,893544.8583019226,0.20547884438066036,893545063780766992230301,0,139054622501151690,0.1390546225011517,0.0,0,0,0,nan,0
sAMM-hyUSD/eUSD,1.963897698316819e-07,0x145AdA46F76eC16B80d8E0B17D6A03fcdc9610E5,0xb2dd7F23Bcb81637C22f8eA5004AaEE29e6056E9,0xCc7FF230365bD730eE4B352cC2492CEdAC49383e,0xCfA3Ef56d303AE4fAabA0592388F19d7C3399FB4,0x940181a94A35A4569E4529A3CDfB74e38FD98631,18,18,18,6491166701032002095,7127353932779200417,6.491166701032002,7.127353932779201,13618520633811202512,0,999382998676381155,0.9993829986763811,0.0,0,0,0,nan,0
vAMM-GROW/WETH,4.5362997399846705e-05,0xDa74029240F657a7be372906290300dBb8F1BcCd,0x8c021a56b951b22491Aa74404275732281367ba5,0x321725ee44CB4bfA544CF45a5A585b925d30A58C,0x4200000000000000000000000000000000000006,0x940181a94A35A4569E4529A3CDfB74e38FD98631,18,18,18,245168401406724838343,30823182044851785,245.16840140672483,0.030823182044851787,245199224588769690128,0,230842005717826175057,230.84200571782617,0.0,0,0,0,nan,0
vAMM-KWENTA/WETH,7.439191065082906e-05,0xc91cE85Da7FB4523926a2930e930A8B52a7B85B2,0xc7D62524C372125830A234f0E197C335d0F973FE,0x37Ab9F42051C112CAAba55AB6487dd74286A0B29,0x4200000000000000000000000000000000000006,0x940181a94A35A4569E4529A3CDfB74e38FD98631,18,18,18,93849436856815548,72740055945466,0.09384943685681554,7.2740055945466e-05,93922176912761014,0,378563561672331858655,378.5635616723319,0.0,0,0,0,nan,0
vAMM-USDC/DOG,7.035380730878761e-06,0x1bA78f0373178F4d7996267D005eCbc29e14c99F,0xc3ef893d3E8F7521525fE138505262AE8B3D99BA,0x833589fCD6eDb6E08f4c7C32D4f71b54bdA02913,0x9E53e88dCff56d3062510A745952DEC4cEFDff9E,0x940181a94A35A4569E4529A3CDfB74e38FD98631,18,6,18,1603160,10220797469784188384880,1.60316,10220.79746978419,10220797469784189988040,0,35801456958179031303,35.80145695817903,0.0,0,0,0,nan,0
vAMM-wBaseDOGE/DOG,2.7722154351189802e-09,0x2d9Fef5A2EF3A66b8b458C547F8D6F4af4C413Ad,0xA53FdF59E0Ecd1adC7e41c161b54aE3D32B2f0a5,0x373504DA48418C67E6FCD071F33Cb0b3B47613C7,0xAfb89a09D82FBDE58f18Ac6437B3fC81724e4dF6,0x940181a94A35A4569E4529A3CDfB74e38FD98631,18,18,18,265049724023703167596204,54294675846295320050,265049.7240237032,54.29467584629532,265104018699549462916254,0,14107175627837684,0.014107175627837684,0.0,0,0,0,nan,0
sAMM-USDC/STAR,0.0004669980715252415,0xF45F6cDBcd0D2D4Bf4d9758b032a66A2cf4e55C8,0xc115982d35fe4304274FEEf5b351256342BB6C2e,0x833589fCD6eDb6E08f4c7C32D4f71b54bdA02913,0xC19669A405067927865B40Ea045a2baabbbe57f5,0x940181a94A35A4569E4529A3CDfB74e38FD98631,18,6,18,0,0,0.0,0.0,0,15880937943505,2376447273689368166396,2376.447273689368,7.470334176659829e-21,17.75285528767176,0,17.75285528767176,133.86282010306596,1781136000
vAMM-TYBG/wBLT,6.544927197324101e-06,0x1AFc638D3d53F0993096350403B5845bE7c77f43,0x89C56c18a1d9DBA342028C00C3e1bE3A96507E4b,0x0d97F261b1e88845184f678e2d1e7a98D9FD38dE,0x4E74D4Db6c0726ccded4656d0BCE448876BB4C7A,0x940181a94A35A4569E4529A3CDfB74e38FD98631,18,18,18,1312086227100835438315524,44220960767648166508,1312086.2271008354,44.220960767648165,1312130448061603086482032,0,33305650157777091712,33.305650157777094,0.0,0,0,0,nan,0
vAMM-MAVIA/WETH,0.013964183024501451,0xC90E88d30b99442B6994915F3b146cE3D55982D9,0x3d0f8DF262c1AE46b4af8381f769F7F2872A0d5d,0x24fcFC492C1393274B6bcd568ac9e225BEc93584,0x4200000000000000000000000000000000000006,0x940181a94A35A4569E4529A3CDfB74e38FD98631,18,18,18,0,0,0.0,0.0,0,474871896873670,71060560420498765086844,71060.56042049876,1.6678239769559132e-21,118.51650648523221,0,118.51650648523221,599.5836573984172,1781136000
vAMM-WETH/TN100x,0.06136667385536809,0x8f5F1D63599362115e7F9fe71BFD5ab883D82c82,0x931143b901A1c81bA1657cF0F2AcD126F75ca4Fd,0x4200000000000000000000000000000000000006,0x5B5dee44552546ECEA05EDeA01DCD7Be7aa6144A,0x940181a94A35A4569E4529A3CDfB74e38FD98631,18,18,18,0,0,0.0,0.0,0,2086842396671880,312281085664165696668631,312281.08566416573,1.305272829244209e-21,407.6120162043188,0,407.6120162043188,766.1233556658259,1781136000
sAMM-USDC/USX,0.004838787724645946,0x1f019b4420936a800fF6f54c00d9da05445DE433,0x62b2Da7b10dde762B3b020AAEe409786b548684C,0x833589fCD6eDb6E08f4c7C32D4f71b54bdA02913,0xc142171B138DB17a1B7Cb999C44526094a4dae05,0x940181a94A35A4569E4529A3CDfB74e38FD98631,18,6,18,0,0,0.0,0.0,0,164551536332019,24623493323301455731959,24623.493323301456,0.0,0.0,0,0.0,nan,1781136000
sAMM-BRETT/AERO,0.0002472033984749727,0xFfa80952B3800240F11AD25E45e8d3E5C1593E70,0xCab96B63cB77Eb0f771D09197860cE159F197Cc6,0x532f27101965dd16442E59d40670FaF5eBB142E4,0x940181a94A35A4569E4529A3CDfB74e38FD98631,0x940181a94A35A4569E4529A3CDfB74e38FD98631,18,18,18,0,0,0.0,0.0,0,8406588864885,1257962030622309533330,1257.9620306223096,0.0,0,0,0,nan,0
vAMM-WETH/CHAD,0.0012999975469391,0x17Cf4aBb54a9D18c90FA0e36B8669aB0f4936f2e,0x346C6cfaC949E9d7FCA69cFf0a882c06e86C9245,0x4200000000000000000000000000000000000006,0xecaF81Eb42cd30014EB44130b89Bcd6d4Ad98B92,0x940181a94A35A4569E4529A3CDfB74e38FD98631,18,18,18,354112282494046858,54933598899022257433434774,0.35411228249404686,54933598.89902226,54933599253134539927481632,0,6615392684891008078635,6615.392684891008,0.0,0,0,0,nan,0
vAMM-fBOMB/wstETH,0.007753444197423826,0xBd1F3d188de7eE07B1b323C0D26D6720CAfB8780,0x56b13a025EE67FE7645cd4c09033673e3Cb207Ba,0x74ccbe53F77b08632ce0CB91D3A545bF6B8E0979,0xc1CBa3fCea344f92D9239c08C0568f6F2F0ee452,0x940181a94A35A4569E4529A3CDfB74e38FD98631,18,18,18,0,0,0.0,0.0,0,263669585679960,39455519087030289172897,39455.51908703029,2.049300566359128e-21,80.85621761104456,0,80.85621761104456,487.97136760501724,1781136000
vAMM-cbETH/fBOMB,7.95361503371356e-07,0x40834a402B9013f1fD7575EABa84E1589205099d,0x33BD3859141EEB7FCf8d71A9A52F554C6Ca5a278,0x2Ae3F1Ec7F1F5012CFEab0185bfc7aa3cf0DEc22,0x74ccbe53F77b08632ce0CB91D3A545bF6B8E0979,0x940181a94A35A4569E4529A3CDfB74e38FD98631,18,18,18,3058818004327932,429533283757423304207,0.003058818004327932,429.5332837574233,429536342575427632139,0,4047414307538898338,4.047414307538898,0.0,0,0,0,nan,0
vAMM-DEGEN/MAI,0.0005003138252723597,0xe7c22c22Be0ba467AD5a32F607112e10d89778af,0x44d708dba44160FA748c25a7d3fbC4C73dE4b87F,0x4ed4E862860beD51a9570b96d89aF5E1B0Efefed,0xbf1aeA8670D2528E08334083616dD9C5F3B087aE,0x940181a94A35A4569E4529A3CDfB74e38FD98631,18,18,18,3859002643007609559547,10744667394314543229,3859.0026430076095,10.744667394314543,3869747310401924102776,0,2545983588699538788138,2545.983588699539,0.0,0,0,0,nan,0
sAMM-WETH/rETH,4.6204640525401104e-05,0xb8866732424AcDdd729C6fcf7146b19bFE4A2e36,0xAa3D51d36BfE7C5C63299AF71bc19988BdBa0A06,0x4200000000000000000000000000000000000006,0xB6fe221Fe9EeF5aBa221c348bA20A1Bf5e73624c,0x940181a94A35A4569E4529A3CDfB74e38FD98631,18,18,18,0,0,0.0,0.0,0,1571270536501,235124936704266101517,235.1249367042661,3.4813391663106547e-23,0.008185496511248752,0,0.008185496511248752,28724.57845179586,1781136000
vAMM-WETH/WELL,0.05652184726071427,0x89D0F320ac73dd7d9513FFC5bc58D1161452a657,0x7b6964440b615aC1d31bc95681B133E112fB2684,0x4200000000000000000000000000000000000006,0xA88594D404727625A9437C3f886C7643872296AE,0x940181a94A35A4569E4529A3CDfB74e38FD98631,18,18,18,27793493763524,2101715945754811217821,2.7793493763524e-05,2101.7159457548114,2101715973548304981345,1870699811980491,287626861900972923068421,287626.8619009729,0.0,0,0,0,nan,0
vAMM-RSR/bsdETH,0.0005605709880312647,0x95F04B5594e2a944CA91d56933D119841eeF9a99,0x190351cf2a6e2ac19A528b283E0748eD0652799d,0xaB36452DbAC151bE02b16Ca17d8919826072f64a,0xCb327b99fF831bF8223cCEd12B1338FF3aA322Ff,0x940181a94A35A4569E4529A3CDfB74e38FD98631,18,18,18,0,0,0.0,0.0,0,19063397264364,2852618624024125253527,2852.618624024125,0.0,0,0,0,nan,0
vAMM-WETH/SEXY,0.02220961063686034,0x862a9D8443BbF74CF86bC05aFC8e05c63319DC1e,0x2F1c1492F6057808C3fd16eef67E0237FBAeBF4B,0x4200000000000000000000000000000000000006,0xD1917629B3E6A72E6772Aab5dBe58Eb7FA3C2F33,0x940181a94A35A4569E4529A3CDfB74e38FD98631,18,18,18,0,0,0.0,0.0,0,755284593204287,113019671527308133496771,113019.67152730814,0.0,0,0,0,nan,0
vAMM-TKN/AERO,0.0420112088998835,0xd88b9f7185f404015B665e070A5EF03a7e26661F,0x82FDF8F646c6dcF7966734146486114f60C7Def5,0x78b3C724A2F663D11373C4a1978689271895256f,0x940181a94A35A4569E4529A3CDfB74e38FD98631,0x940181a94A35A4569E4529A3CDfB74e38FD98631,18,18,18,0,0,0.0,0.0,0,1428679653271689,213785514206617899397079,213785.5142066179,0.0,0,0,0,nan,0
vAMM-AERO/USD+,0.0004293946409660156,0x267d950110D9ED57999c3451b89C35a9D278C074,0x45D3ef9d20f9eA644aB9bc706e630311050de370,0x940181a94A35A4569E4529A3CDfB74e38FD98631,0xB79DD08EA68A908A97220C76d19A6aA9cBDE4376,0x940181a94A35A4569E4529A3CDfB74e38FD98631,18,18,6,36990084081594972125,29257971,36.99008408159497,29.257971,36990084081624230096,0,2185091943801223861701,2185.091943801224,0.0,0,0,0,nan,0
vAMM-WETH/PRIME,0.0008465612379422027,0xB21b821EC1bB22d0241AE425e07e14d1CCea4AeD,0x2C477011BB6dF2828Da8367Bae4C5bA7381C0240,0x4200000000000000000000000000000000000006,0xfA980cEd6895AC314E7dE34Ef1bFAE90a5AdD21b,0x940181a94A35A4569E4529A3CDfB74e38FD98631,18,18,18,17708015146816078,20049553928611736258,0.017708015146816077,20.049553928611736,20067261943758552336,0,4307958144983698775490,4307.958144983699,0.0,0,0,0,nan,0
vAMM-BAVA/AERO,0.00011805798444139854,0xD3c2fa602B8da5b0b9c25dFBE7F2f31Bb512dB13,0xE3Da183CDBbd0F01867605C632F1E275e7eD6E3D,0x3fbdE9864362CE4Abb244EbeF2EF0482ABA8eA39,0x940181a94A35A4569E4529A3CDfB74e38FD98631,0x940181a94A35A4569E4529A3CDfB74e38FD98631,18,18,18,4687027849984331146520012,2756461893905017055828,4687027.849984331,2756.461893905017,4689784311878236163575840,0,600770307994428256912,600.7703079944282,0.0,0,0,0,nan,0
vAMM-Mog/WETH,0.001997022354811211,0x4A311ac4563abc30E71D0631C88A6232C1309ac5,0x8FCc385d8d7f3A2e087853a79531630Bf96575e8,0x2Da56AcB9Ea78330f947bD57C54119Debda7AF71,0x4200000000000000000000000000000000000006,0x940181a94A35A4569E4529A3CDfB74e38FD98631,18,18,18,6876859195670870714130729031,451037759765112769,6876859195.670871,0.4510377597651128,6876859196121908473895841800,0,10162393851194545255735,10162.393851194545,0.0,0,0,0,nan,0
vAMM-VIRTUAL/WETH,2.5933230040929174,0x21594b992F68495dD28d605834b58889d0a727c7,0xBD62Cad65b49b4Ad9C7aa9b8bDB89d63221F7af5,0x0b3e328455c4059EEb9e3f84b5543F74E24e7E1b,0x4200000000000000000000000000000000000006,0x940181a94A35A4569E4529A3CDfB74e38FD98631,18,18,18,109030352512837950645,82308908163678802,109.03035251283795,0.0823089081636788,109112661421001629447,88192084248548561,13196832618053815434120753,13196832.618053816,1.9065718308670504e-21,25160.709326248874,0,25160.709326248874,524.5016126904753,1781136000
vAMM-HIGHER/WETH,0.0026232820775349774,0xcEdF590857aE7Fbd4A342Ce9Ee9CA111570A1ca2,0x8Ee017223529FC20FA5B8D6f1D048003A424D9CC,0x0578d8A44db98B23BF096A382e016e29a5Ce0ffe,0x4200000000000000000000000000000000000006,0x940181a94A35A4569E4529A3CDfB74e38FD98631,18,18,18,48190889629439935830190,5997713433354421,48190.88962943994,0.005997713433354421,48190895627153369184611,0,13349287548266080198429,13349.287548266082,0.0,0,0,0,nan,0
vAMM-BRETT/AERO,0.004726510154453799,0x43BBb129b56A998732767725A183b7a566843dBA,0x80c6eF2039c429d905D125Bba5FD99125646aee9,0x532f27101965dd16442E59d40670FaF5eBB142E4,0x940181a94A35A4569E4529A3CDfB74e38FD98631,0x940181a94A35A4569E4529A3CDfB74e38FD98631,18,18,18,12040316364711588144,187165059738452980,12.040316364711588,0.187165059738453,12227481424450041124,160737060732981,24052138232458919713019,24052.13823245892,1.7092916993888816e-21,41.112120233296,0,41.112120233296,585.0376505996767,1781136000
vAMM-ANIME/WETH,0.0010440702974910553,0xeB956b77D455e33b41bBE6052dBE4388dCfD729B,0x93a7ddBd64f0835f99b6D248Ce058Fd90C68666c,0x0e0c9756a3290cD782CF4aB73ac24D25291c9564,0x4200000000000000000000000000000000000006,0x940181a94A35A4569E4529A3CDfB74e38FD98631,18,18,18,11553331357709339369516787,46068650514133973,11553331.357709339,0.046068650514133974,11553331403777989883650760,0,5313036955182708443626,5313.036955182708,0.0,0,0,0,nan,0
vAMM-ezETH/WETH,1.1945016034637911e-06,0x0C8bF3cb3E1f951B284EF14aa95444be86a33E2f,0x6318373c5a01224094BF0B1AC88562345B2Fb91E,0x2416092f143378750bb29b79eD961ab195CcEea5,0x4200000000000000000000000000000000000006,0x940181a94A35A4569E4529A3CDfB74e38FD98631,18,18,18,0,0,0.0,0.0,0,40622483791,6078547754379052874,6.078547754379053,0.0,0,0,0,nan,0
sAMM-ezETH/WETH,0.00018293508640126067,0x497139e8435E01555AC1e3740fccab7AFf149e02,0x4Fa58b3Bec8cE12014c7775a0B3da7e6AdC3c7eA,0x2416092f143378750bb29b79eD961ab195CcEea5,0x4200000000000000000000000000000000000006,0x940181a94A35A4569E4529A3CDfB74e38FD98631,18,18,18,0,0,0.0,0.0,0,6221237008531,930915166138768977791,930.915166138769,0.0,0,0,0,nan,0
vAMM-USDC/WELL,1.2016900053151453e-06,0x81A8c12738F7346094526ECC2487a63f45dD1935,0x47C84ff870c7EeA60420EC8c98B7FBa9D37b478B,0x833589fCD6eDb6E08f4c7C32D4f71b54bdA02913,0xA88594D404727625A9437C3f886C7643872296AE,0x940181a94A35A4569E4529A3CDfB74e38FD98631,18,6,18,75474856,3132271468994357754442,75.474856,3132.2714689943577,3132271468994433229298,0,6115127901115079251,6.11512790111508,0.0,0,0,0,nan,0
vAMM-WETH/RSR,0.0017886803394011983,0xd204058452F57464E0E5ab8C3Cc9cbCb6B41D4EE,0x40334F3E5e59c5A7aeAf6b47FfF6be1917c71ba6,0x4200000000000000000000000000000000000006,0xaB36452DbAC151bE02b16Ca17d8919826072f64a,0x940181a94A35A4569E4529A3CDfB74e38FD98631,18,18,18,0,0,0.0,0.0,0,60835489570792,9102188585466136901148,9102.188585466138,0.0,0,0,0,nan,0
vAMM-USDA/EURA,3.91801185719518e-08,0x79eF3eCDa775860a2351ae2A7B80C4d80ba47F72,0x3fd91fAC3Ccc67d818A6E17e7296A82Ba7a4aCAa,0x0000206329b97DB379d5E1Bf586BbDB969C63274,0xA61BeB4A3d02decb01039e378237032B351125B4,0x940181a94A35A4569E4529A3CDfB74e38FD98631,18,18,18,8420306992029000648,5469528598348778664,8.420306992029001,5.469528598348779,13889835590377779312,0,199378737601721378,0.19937873760172137,0.0,0,0,0,nan,0
vAMM-LUSD/POOL,0.0014553387786772828,0x0b15b1d434f86eCaa83d14398C8Db6d162F3921e,0x5b41A91Cc14496E7fcc381595Dc2680EF71B6462,0x368181499736d0c0CC614DBB145E2EC1AC86b8c6,0xd652C5425aea2Afd5fb142e120FeCf79e18fafc3,0x940181a94A35A4569E4529A3CDfB74e38FD98631,18,18,18,0,0,0.0,0.0,0,49493497929501,7405888982766619682927,7405.88898276662,2.98638340925571e-22,2.211682398892388,0,2.211682398892388,3348.5318626560006,1781136000
vAMM-AERO/OVN,6.635592077134903e-05,0x4704f9Cf735b58ea442E387ACca6717311597322,0x365f5413BBC783D1fff1cAe9D3Bd9A16eA698D19,0x940181a94A35A4569E4529A3CDfB74e38FD98631,0xA3d1a8DEB97B111454B294E2324EfAD13a9d8396,0x940181a94A35A4569E4529A3CDfB74e38FD98631,18,18,18,553992841638516472665,411117590602057846804,553.9928416385164,411.1175906020579,965110432240574319469,0,337670231688947804211,337.6702316889478,0.0,0,0,0,nan,0
sAMM-USDA/USDC,2.517457140103421e-05,0xE503312E932a3647AeAC8b00A8Bd1d04E6A73C08,0x93c10Fb12B2EA0D558929914236A45355B03F1F7,0x0000206329b97DB379d5E1Bf586BbDB969C63274,0x833589fCD6eDb6E08f4c7C32D4f71b54bdA02913,0x940181a94A35A4569E4529A3CDfB74e38FD98631,18,18,6,23354466273060034487,19652126,23.354466273060034,19.652126,23354466273079686613,0,128107684421245941394,128.10768442124595,0.0,0,0,0,nan,0
vAMM-GENOME/WETH,0.0030922596538821437,0x963ceee215e5b0B1dCB221C3bA398De66abC73D9,0xa4F335B6ee0f8e34F31d4C8b702080196252dAc3,0x1db0c569ebb4a8b57AC01833B9792F526305e062,0x4200000000000000000000000000000000000006,0x940181a94A35A4569E4529A3CDfB74e38FD98631,18,18,18,0,0,0.0,0.0,0,105162281813172,15735808073054653444834,15735.808073054654,0.0,0,0,0,nan,0
vAMM-WETH/BUIDL,6.436243261671825e-05,0x6eB0f4B90EeB237f6ee6d5D8d69C15810b81fa05,0x136805463D527bA9c507fF7640e9cF84f0328278,0x4200000000000000000000000000000000000006,0xdADc4F8E9d8d37294de0E02A2Ce8Cc0c90A4F6c2,0x940181a94A35A4569E4529A3CDfB74e38FD98631,18,18,18,93805376262925078,77923075782246661040304,0.09380537626292508,77923.07578224665,77923169587622923965382,0,327525822580936522456,327.52582258093656,0.0,0,0,0,nan,0
vAMM-tBTC/AERO,1.9596515469698773e-07,0x5E19947708Ed0686ecE3BE487126b2c1c5378641,0x80Cdc20a68ff14f5f3b642786977F09a0fb11b64,0x236aa50979D5f3De3Bd1Eeb40E81137F22ab794b,0x940181a94A35A4569E4529A3CDfB74e38FD98631,0x940181a94A35A4569E4529A3CDfB74e38FD98631,18,18,18,71711221866712,9264915954072338133,7.1711221866712e-05,9.264915954072338,9264987665294204845,0,997222228556034548,0.9972222285560346,0.0,0,0,0,nan,0
vAMM-AERO/GHST,6.441447442382472e-08,0x59Da7538Bbea7facC9185b412e0D43da67A84Ab7,0x785369676686874713ca132C2002E7736A36FE44,0x940181a94A35A4569E4529A3CDfB74e38FD98631,0xcD2F22236DD9Dfe2356D7C543161D4d260FD9BcB,0x940181a94A35A4569E4529A3CDfB74e38FD98631,18,18,18,22055039088377865,45373788565742282,0.022055039088377866,0.045373788565742285,67428827654120147,0,327790651534538225,0.32779065153453824,0.0,0,0,0,nan,0
vAMM-WETH/NORMILIO,0.0001091785741374495,0x7D68c4E183e31971deb223e6F8A064751d0599d0,0xE531DEd40AeA2Fd2ba7476BB6cE30cF9e2cfd2D0,0x4200000000000000000000000000000000000006,0xcDE90558fc317C69580DeeAF3eFC509428Df9080,0x940181a94A35A4569E4529A3CDfB74e38FD98631,18,18,18,368032783190800170,783410211223287843755666,0.3680327831908002,783410.2112232879,783410579256071034555836,0,555585002753508385365,555.5850027535083,0.0,0,0,0,nan,0
vAMM-WETH/GHST,0.13415850467623547,0x0DFb9Cb66A18468850d6216fCc691aa20ad1e091,0xe3800a58B5535935850a10e082952Ec3577D8DCc,0x4200000000000000000000000000000000000006,0xcD2F22236DD9Dfe2356D7C543161D4d260FD9BcB,0x940181a94A35A4569E4529A3CDfB74e38FD98631,18,18,18,0,0,0.0,0.0,0,4658586421501252,682702203970128651471455,682702.2039701287,0.0,0,0,0,nan,0
vAMM-GNUS/AERO,6.189359658765825e-08,0x73DdDbe505F9197138785E1ccFa2988705ce4BFD,0x0BF71380275DA393bbf593546D5050bb1deEf779,0x614577036F0a024DBC1C88BA616b394DD65d105a,0x940181a94A35A4569E4529A3CDfB74e38FD98631,0x940181a94A35A4569E4529A3CDfB74e38FD98631,18,18,18,4537369505917542069,7436732284420803303,4.5373695059175425,7.4367322844208035,11974101790338345372,0,314962475945941748,0.31496247594594173,0.0,0,0,0,nan,0
vAMM-SOFT/WETH,0.002442374934511928,0x28495d9ee2F7f0e6b285db0810b9657CE09a5004,0xFdcF81330bb3E101515d924B63E65842342773a5,0x04D1963C76EB1BEc59d0eEb249Ed86F736B82993,0x4200000000000000000000000000000000000006,0x940181a94A35A4569E4529A3CDfB74e38FD98631,18,18,18,40725808422427670680052,28988550137746872,40725.80842242767,0.02898855013774687,40725837410977808426924,0,12428692126053889645212,12428.692126053891,0.0,0,0,0,nan,0
vAMM-AERO/BUIDL,2.2475649956792033e-07,0x6F9793007764dC4b6334Bbeba043D33FAaFE2584,0x940c8E211cE94Ad404d31836988D850D0CbACC8F,0x940181a94A35A4569E4529A3CDfB74e38FD98631,0xdADc4F8E9d8d37294de0E02A2Ce8Cc0c90A4F6c2,0x940181a94A35A4569E4529A3CDfB74e38FD98631,18,18,18,392872510963065898,1202951645941566003924,0.3928725109630659,1202.951645941566,1203344518452529069822,0,1143734852903520734,1.1437348529035207,0.0,0,0,0,nan,0
vAMM-WETH/KLIMA,0.011522956254294885,0xB37642E87613d8569Fd8Ec80888eA6c63684E79e,0x44A927DD8f6def04f76B00cece9804BF441dc6b1,0x4200000000000000000000000000000000000006,0xDCEFd8C8fCc492630B943ABcaB3429F12Ea9Fea2,0x940181a94A35A4569E4529A3CDfB74e38FD98631,18,18,9,0,0,0.0,0.0,0,391754843921570,58637711042198229098566,58637.71104219823,1.4616447909667604e-20,857.0750489904312,0,857.0750489904312,68.41607524483295,1781136000
sAMM-PRO/AERO,7.359083986370548e-08,0x3e1893753F410F909A40C50857fF6C9eEF2C1D88,0x95Fc882911a36E298C0dEC1e8DDC50b05599c09d,0x18dD5B087bCA9920562aFf7A0199b96B9230438b,0x940181a94A35A4569E4529A3CDfB74e38FD98631,0x940181a94A35A4569E4529A3CDfB74e38FD98631,18,8,18,43904,20445886740236400,0.00043904,0.0204458867402364,20445886740280304,0,374487094114608442,0.37448709411460845,0.0,0,0,0,nan,0
vAMM-VIRTUAL/WAI,0.016616667548966513,0x37E769D2dcF3e3E8dFC37c0Df83EEB56edfC0fD2,0x57E0f09B66baD2f184d30B58973690C15d7f6243,0x0b3e328455c4059EEb9e3f84b5543F74E24e7E1b,0x23471E7250bCD7ee21Df3f39Ed6151931D1E076b,0x940181a94A35A4569E4529A3CDfB74e38FD98631,18,18,18,0,0,0.0,0.0,0,564929681106418,84558452598255930961288,84558.45259825593,0.0,0,0,0,nan,0
vAMM-WETH/XCAD,6.300865475348273e-06,0x63b9877618E27081181a59F9Ca52040Ada1332fc,0xC418D71a9c4756c54F414E128Ecc6A2448DEd100,0x4200000000000000000000000000000000000006,0x750cF88d9E0c2BCedEEC31d5FaAd6eD6E3F1abC6,0x940181a94A35A4569E4529A3CDfB74e38FD98631,18,18,18,0,0,0.0,0.0,0,214224599748,32063675406345943317,32.06367540634594,2.179551961746109e-19,6.988444663269177,0,6.988444663269177,4.588098919187354,1781136000
vAMM-weETH.base/WETH,0.07041018090439052,0x91F0f34916Ca4E2cCe120116774b0e4fA0cdcaA8,0xf8d47b641eD9DF1c924C0F7A6deEEA2803b9CfeF,0x04C0599Ae5A44757c0af6F9eC3b93da8976c150A,0x4200000000000000000000000000000000000006,0x940181a94A35A4569E4529A3CDfB74e38FD98631,18,18,18,0,0,0.0,0.0,0,2393892217111099,358301442024627296023738,358301.4420246273,0.0,0,0,0,nan,0
vAMM-WETH/SAM,0.24094176520010865,0x598299Fb3f3829F7Ba08662948706cDFf7eC2350,0xf96Bc096dd1E52dcE4d595B6C4B8c5d2200db1E5,0x4200000000000000000000000000000000000006,0xed1779845520339693CDBffec49a74246E7D671b,0x940181a94A35A4569E4529A3CDfB74e38FD98631,18,18,18,0,0,0.0,0.0,0,8191835457329205,1226097998986605087991763,1226097.998986605,0.0,0,0,0,nan,0
vAMM-BET/USDC,0.013531195404250298,0xF471D220F16Cc9c3400B5BD97d728072A87b9C75,0x34BF49C57c8a6A766c99909a3513258A3dB7E393,0x80F6BcedD3d4fa1035285affA30e38f464Db3895,0x833589fCD6eDb6E08f4c7C32D4f71b54bdA02913,0x940181a94A35A4569E4529A3CDfB74e38FD98631,18,18,6,0,0,0.0,0.0,0,460050445450716,68857184619981178766964,68857.18461998118,0.0,0,0,0,nan,0
vAMM-WETH/MASA,1.6156518482686565e-06,0x33c3782446dF290bE025A24A0Ac94562E9A995D6,0x29Ff29c57474857a6F1fB6C5839CF82adA2BB6b5,0x4200000000000000000000000000000000000006,0x944824290CC12F31ae18Ef51216A223Ba4063092,0x940181a94A35A4569E4529A3CDfB74e38FD98631,18,18,18,6013289167404811,3787142403757807657983329,0.006013289167404811,3787142.403757808,3787142409771096825388140,0,8221685835894741508,8.221685835894743,0.0,0,0,0,nan,0
vAMM-pwBLT/USDC,6.837097169074254e-06,0x9b0025d10E824E7E2b148953009A40B0C0792F30,0xF8Bbe737e94134cfc95e56b7539549C15EC450E1,0x3Dd79d6BD927615787Cc95F2c7A77C9aC1AF26F4,0x833589fCD6eDb6E08f4c7C32D4f71b54bdA02913,0x940181a94A35A4569E4529A3CDfB74e38FD98631,18,18,6,0,0,0.0,0.0,0,232458372846,34792436881653363960,34.792436881653366,0.0,0.0,0,0.0,nan,1781136000
vAMM-weETH/AERO,3.005173781311862e-05,0xc5aDfb267a95df1233a2b5F7f48041E7Fb384BcA,0x0A5f63A1aC754b4418cc5381eE17E04CCad42F56,0x04C0599Ae5A44757c0af6F9eC3b93da8976c150A,0x940181a94A35A4569E4529A3CDfB74e38FD98631,0x940181a94A35A4569E4529A3CDfB74e38FD98631,18,18,18,18934903031875139,68935037000100226015,0.018934903031875137,68.93503700010022,68953971903132101154,0,152926478180870493770,152.92647818087048,0.0,0,0,0,nan,0
vAMM-WETH/ATH,0.000938289565207107,0x7C36577aEC1d99d9b872b7075bD86C8F1334EcF2,0x39b68a3Fd59F88C31B2110A2550640b92cF42449,0x4200000000000000000000000000000000000006,0x58D75a1c4477914f9a98A8708fEaeD1DbE40b8a3,0x940181a94A35A4569E4529A3CDfB74e38FD98631,18,18,18,0,0,0.0,0.0,0,31901442994540,4774742799011944985259,4774.742799011945,6.316618933554503e-22,3.016023076709187,0,3.016023076709187,1583.125419657503,1781136000
vAMM-wBLT/BMX,0.08003796056661928,0x61907C8C3E6ef7eD813aCc2fBbBf8C05ac0F31d5,0xeB86878fBF8329b1ED8C40d8f6736Ae7fc965Be8,0x4E74D4Db6c0726ccded4656d0BCE448876BB4C7A,0x548f93779fBC992010C07467cBaf329DD5F059B7,0x940181a94A35A4569E4529A3CDfB74e38FD98631,18,18,18,0,0,0.0,0.0,0,2721342020429093,407295029204245432261184,407295.0292042454,0.0,0,0,0,nan,0
sAMM-zunUSD/USDC,8.895142945650212e-08,0xaeb41e05E27EDa32dB13c5875834a19a2c15F70E,0xCb803c34e058cd828EE8d3732b2fAEA5cb988397,0x6ef3864876424ADE834a7C1BE8C0CF3d71208B84,0x833589fCD6eDb6E08f4c7C32D4f71b54bdA02913,0x940181a94A35A4569E4529A3CDfB74e38FD98631,18,18,6,2138329362374681249,396082,2.138329362374681,0.396082,2138329362375077331,0,452653650864703704,0.45265365086470366,0.0,0,0,0,nan,0
vAMM-CRYO/WETH,0.0010130285806422795,0x65Ee5A0ee82027D054EFeb31a1f7079C37c5DbD8,0x7ac1193Dd817aD9b0b1b57582a2542572c6baC21,0x1f4446fAAAed23090f324f051C3F8c5ce5aD1c36,0x4200000000000000000000000000000000000006,0x940181a94A35A4569E4529A3CDfB74e38FD98631,18,18,18,0,0,0.0,0.0,0,34442879197759,5155072698210561336508,5155.072698210562,3.183059437450485e-21,16.408902802782464,0,16.408902802782464,314.1631564382485,1781136000
vAMM-pHAM/pwBLT,2.5826338786111815e-05,0x03FF264046b085450649A993Cdd65dCDD01A893e,0x19b05F319aC12296CB073218E912D0816030548F,0x2C8D2FC58B80aCb3b307C165af8F3eE296e6A271,0x3Dd79d6BD927615787Cc95F2c7A77C9aC1AF26F4,0x940181a94A35A4569E4529A3CDfB74e38FD98631,18,18,18,0,0,0.0,0.0,0,878093159391,131424380827054580913,131.4243808270546,0.0,0,0,0,nan,0
vAMM-WETH/TRUF,3.0617170231594064e-06,0xcE2D4E04e3d782EcB8bf2e265f421bA510F4e8F7,0xE81B7a527AA65b714cD44c034dDA915097bb3CdB,0x4200000000000000000000000000000000000006,0xB59c8912c83157a955f9D715E556257F432C35D7,0x940181a94A35A4569E4529A3CDfB74e38FD98631,18,18,18,913045327034871377,49122113667494426022280,0.9130453270348714,49122.11366749443,49123026712821460893657,0,15580383552188237583,15.580383552188238,0.0,0,0,0,nan,0
vAMM-AERO/BENJI,0.0005423726690609261,0x0f3027d68FE4E2A56860D7B18b3D80CAe8d716D1,0x2e8300243d49d81684e154821f879A5045e2d132,0x940181a94A35A4569E4529A3CDfB74e38FD98631,0xBC45647eA894030a4E9801Ec03479739FA2485F0,0x940181a94A35A4569E4529A3CDfB74e38FD98631,18,18,18,0,0,0.0,0.0,0,18440621200214,2760011506051362499668,2760.011506051362,4.118506035534168e-21,11.367124045816285,0,11.367124045816285,242.80649132769827,1781136000
vAMM-AERO/TRUF,2.0375201463009778e-05,0x56ae4A50252C505C2663346660Edb711648221DC,0xbC22B1450A6Bb9a7CD86c22d835f18d77077562b,0x940181a94A35A4569E4529A3CDfB74e38FD98631,0xB59c8912c83157a955f9D715E556257F432C35D7,0x940181a94A35A4569E4529A3CDfB74e38FD98631,18,18,18,7885950310810927070,135737131842022812334,7.8859503108109275,135.73713184202282,143623082152833739404,0,103684779274348791348,103.68477927434878,0.0,0,0,0,nan,0
vAMM-WETH/RWAX,0.00015967416272000867,0xd448670823ff9667848C821BeE829c642F67E064,0x4a64623FC6b1B008aA9D655F748C01f8b5552A26,0x4200000000000000000000000000000000000006,0xe0023E73aab4fE9a22f059a9d27E857E027eE3dc,0x940181a94A35A4569E4529A3CDfB74e38FD98631,18,18,18,0,0,0.0,0.0,0,5428978762854,812545600959911659745,812.5456009599117,1.0411102633124843e-20,8.459495645687745,0,8.459495645687745,96.05130553783184,1781136000
vAMM-WETH/OX,0.0034397295949483192,0xe140c5930889c4064A3d11b17Bb04fE7224a5CDC,0xD4ECF20068e5fA849Abe62F9523A90F8c073f203,0x4200000000000000000000000000000000000006,0xba0Dda8762C24dA9487f5FA026a9B64b695A07Ea,0x940181a94A35A4569E4529A3CDfB74e38FD98631,18,18,18,0,0,0.0,0.0,0,116952039095295,17504003799085797562746,17504.003799085796,1.2463719879734369e-21,21.816500012561157,0,21.816500012561157,802.3286864991002,1781136000
vAMM-SNX/sUSDCy,2.9338425610646717e-06,0xFF808Ffcf1Fd541c8291c5D073da327b1B084248,0xDB6Fd3392E66f57C30704a6cdB1d338a708cc284,0x22e6966B799c4D5B13BE962E1D117b56327FDa66,0xC1E02884AF4A283cA25ab63C45360d220d69DA52,0x940181a94A35A4569E4529A3CDfB74e38FD98631,18,18,18,27435296167785275228,12593879774034772831,27.435296167785275,12.593879774034773,40029175941820048059,0,14929659415732995318,14.929659415732996,0.0,0,0,0,nan,0
sAMM-GROW/VITA,3.270401142521754e-11,0xD6871bc7f13a7b0f6E35f54349e1466Fd926ff7d,0xB6F959E169C544608b860a4fFe3C0982a46aD136,0x321725ee44CB4bfA544CF45a5A585b925d30A58C,0x490a4B510d0Ea9f835D2dF29Eb73b4FcA5071937,0x940181a94A35A4569E4529A3CDfB74e38FD98631,18,18,18,1392545918834282644,469560119818986084,1.3925459188342826,0.4695601198189861,1862106038653268728,0,166423297073430,0.00016642329707343,0.0,0,0,0,nan,0
vAMM-wXCH/WETH,0.0001169874366527491,0x0522d1c88Ef60F22fA4D3EEC6F8C6F48631D7ec3,0x9a4e4020E9e20C0b12a93C196fdB60393e2C8e36,0x36be1d329444aeF5D28df3662Ec5B4F965Cd93E9,0x4200000000000000000000000000000000000006,0x940181a94A35A4569E4529A3CDfB74e38FD98631,18,18,18,2270335575129378624,5794789578742665,2.2703355751293786,0.005794789578742665,2276130364708121289,0,595322533091673497605,595.3225330916734,0.0,0,0,0,nan,0
vAMM-wXCH/USDC,0.003911002373435059,0xd16Cc119b7c113660580291580cbEB588C9e2653,0x543a172C6805a7eC512188Fba90Fb9ac62ffa4D5,0x36be1d329444aeF5D28df3662Ec5B4F965Cd93E9,0x833589fCD6eDb6E08f4c7C32D4f71b54bdA02913,0x940181a94A35A4569E4529A3CDfB74e38FD98631,18,18,6,0,0,0.0,0.0,0,132975482477320,19902204087024872496778,19902.20408702487,4.1076877537045145e-22,8.175204,0,8.175204,2434.459627799486,1781136000
vAMM-USDC/CTX,3.3156179888766227e-09,0xf629864E8B4914284f79641EF9Ce034C161F26AE,0xD1E5855ACcb803C0ec03Aa382a4f115aCd3903B6,0x833589fCD6eDb6E08f4c7C32D4f71b54bdA02913,0xBB22Ff867F8Ca3D5F2251B4084F6Ec86D4666E14,0x940181a94A35A4569E4529A3CDfB74e38FD98631,18,6,18,33236241,16148971706417203297,33.236241,16.148971706417203,16148971706450439538,0,16872427983539094,0.016872427983539093,0.0,0,0,0,nan,0
sAMM-WETH/msETH,1.698846586368082,0xDE4FB30cCC2f1210FcE2c8aD66410C586C8D1f9A,0x62940D9643a130b80CA0f8bc7e94De5b7ec496C5,0x4200000000000000000000000000000000000006,0x7Ba6F01772924a82D9626c126347A28299E98c98,0x940181a94A35A4569E4529A3CDfB74e38FD98631,18,18,18,0,0,0.0,0.0,0,57764258378402173,8645044990025626852122228,8645044.990025626,0.0,0,0,0,nan,0
sAMM-msUSD/USDC,1.7112173313511732,0xcEFC8B799a8EE5D9b312aeca73262645D664AaF7,0xDBF852464fC906C744E52Dbd68C1b07dD33A922a,0x526728DBc96689597F85ae4cd716d4f7fCcBAE9d,0x833589fCD6eDb6E08f4c7C32D4f71b54bdA02913,0x940181a94A35A4569E4529A3CDfB74e38FD98631,18,18,6,51290345241774,41136,5.1290345241774e-05,0.041136,51290345282910,58184889008189822,8707996905635378040918653,8707996.905635377,0.0,0,0,0,nan,0
vAMM-USDC/CHEX,2.0409752715853423e-05,0x6466e1a3b42Ef91f8f7C135970db4495e89F9C0A,0x1249abBD38f8B98114E35babda2827862bd19CfF,0x833589fCD6eDb6E08f4c7C32D4f71b54bdA02913,0xc43F3Ae305a92043bd9b62eBd2FE14F7547ee485,0x940181a94A35A4569E4529A3CDfB74e38FD98631,18,6,18,1282509338,8010447217598193609132,1282.509338,8010.447217598194,8010447217599476118470,0,103860602764057555874,103.86060276405756,0.0,0,0,0,nan,0
vAMM-WETH/OGN,7.760529481274071e-05,0x8eA4C49B712217fd6e29Db920E3dd48287a0d50D,0xA88BcfEcC886dEA1e8B3108179F0532d53c8c055,0x4200000000000000000000000000000000000006,0x7002458B1DF59EccB57387bC79fFc7C29E22e6f7,0x940181a94A35A4569E4529A3CDfB74e38FD98631,18,18,18,81165292583718536,5171792329207124884816,0.08116529258371853,5171.792329207125,5171873494499708603352,0,394915744896452000000,394.915744896452,0.0,0,0,0,nan,0
vAMM-WETH/RFL,0.016165084974359034,0x37785d5bE19D0d9559D4634a5385c72c419b25Da,0x937c527EB4f27030f6667078C64982B3202257d5,0x4200000000000000000000000000000000000006,0x6e2c81b6c2C0e02360F00a0dA694e489acB0b05e,0x940181a94A35A4569E4529A3CDfB74e38FD98631,18,18,18,0,0,0.0,0.0,0,549645949587460,82260451292240755387551,82260.45129224076,2.7349739915819013e-21,224.98019482006828,0,224.98019482006828,365.6341899696102,1781136000
vAMM-sfrxETH/wstETH,4.0275792723521947e-05,0x456c166e63634D75a4B49EDEC86cB51424D4C926,0xCe7Cb6260fCBf17485cd2439B89FdDf8B0Eb39cC,0x1f55a02A049033E3419a8E2975cF3F572F4e6E9A,0xc1CBa3fCea344f92D9239c08C0568f6F2F0ee452,0x940181a94A35A4569E4529A3CDfB74e38FD98631,18,18,18,0,0,0.0,0.0,0,1369459323722,204954374866874523168,204.95437486687453,5.329178090503357e-22,0.10922383640933597,0,0.10922383640933597,1876.4619665873222,1781136000
vAMM-USDz/WETH,8.830204144375808e-05,0x2ce63497999F520CC2afaaadbCFC37Afd9deF4b0,0xc15B32d92E265832c87EC4b36B7e598ae2daad42,0x04D5ddf5f3a8939889F11E97f8c4BB48317F1938,0x4200000000000000000000000000000000000006,0x940181a94A35A4569E4529A3CDfB74e38FD98631,18,18,18,0,0,0.0,0.0,0,3002549306667,449349062545073521948,449.3490625450735,6.704088618157267e-21,3.012475935788065,0,3.012475935788065,149.16270606740085,1781136000
vAMM-bsdETH/eUSD,1.3234740303099435e-08,0xe593Cb44256A78E4C280CC491C201cF60e849135,0x66C48B791ffFc09f235814Ba783CbD6B8E5d72c9,0xCb327b99fF831bF8223cCEd12B1338FF3aA322Ff,0xCfA3Ef56d303AE4fAabA0592388F19d7C3399FB4,0x940181a94A35A4569E4529A3CDfB74e38FD98631,18,18,18,108554527753799,64144561593022284,0.000108554527753799,0.06414456159302229,64253116120776083,0,67348591844425798,0.0673485918444258,0.0,0,0,0,nan,0
sAMM-USDz/DOLA,0.00030924272626389835,0xcEa8ef6ce6235F2C2CdD13C9E8a3ED470725a638,0x528aD6E380E7B3B9D7eE3a492a52c4D3AC8f5958,0x04D5ddf5f3a8939889F11E97f8c4BB48317F1938,0x4621b7A9c75199271F773Ebd9A499dbd165c3191,0x940181a94A35A4569E4529A3CDfB74e38FD98631,18,18,18,0,0,0.0,0.0,0,10515232922751,1573666099600557114492,1573.6660996005571,0.0,0,0,0,nan,0
vAMM-ZUN/USDC,5.6511410610092544e-06,0x80326ED67271fB298D674c43AEF3BC437B801B0e,0xf1AE7589f6fA9345f39370Fa50CE0bFeABe2B9bf,0x1db0Fc8933f545648b54A9eE4326209a9A259643,0x833589fCD6eDb6E08f4c7C32D4f71b54bdA02913,0x940181a94A35A4569E4529A3CDfB74e38FD98631,18,18,6,24717259275940530207970,33460020,24717.25927594053,33.46002,24717259275940563667990,0,28757375215292741433,28.75737521529274,0.0,0,0,0,nan,0
vAMM-HBR/AERO,7.574937643291005e-05,0xCCa6105c83C59C600aab47589466BC36288D2377,0xdFE422acDA41b39683403068F2d3A4610ff87Bf9,0x416bd43Bc76D496ff49923c20eCaf86b52Ab078d,0x940181a94A35A4569E4529A3CDfB74e38FD98631,0x940181a94A35A4569E4529A3CDfB74e38FD98631,18,18,18,17980565174318259575,197160750116946735,17.980565174318258,0.19716075011694673,18177725924435206310,0,385471397172416174113,385.4713971724162,0.0,0,0,0,nan,0
vAMM-BTCB/WETH,3.917008290683333e-06,0xb22c77a609097187a7e084754E1a557B5116D3bE,0xDA14cBF0bD19fA531Fe0A6fFA8370795e7004999,0x0c41F1FC9022FEB69aF6dc666aBfE73C9FFDA7ce,0x4200000000000000000000000000000000000006,0x940181a94A35A4569E4529A3CDfB74e38FD98631,18,18,18,86995177335290737956,7205926620010433,86.99517733529073,0.007205926620010433,87002383261910748389,0,19932766837796084346,19.932766837796084,0.0,0,0,0,nan,0
vAMM-USDz/sUSDz,4.009202861808394e-06,0x7818B53F423457151407103321d8F961773815D1,0xc4021e049F13e137Cd1D40e7Ddb2173C7F8F02a3,0x04D5ddf5f3a8939889F11E97f8c4BB48317F1938,0xe31eE12bDFDD0573D634124611e85338e2cBF0cF,0x940181a94A35A4569E4529A3CDfB74e38FD98631,18,18,18,0,0,0.0,0.0,0,136325605570,20401924101087418241,20.401924101087417,0.0,0,0,0,nan,1781136000
vAMM-WETH/MOZ,5.079081115422281e-06,0xA32ECde2C559C462610eD35740CC2B9642133c9B,0x68dBA60bEef5fDd4663588950A196FcCC8B7a166,0x4200000000000000000000000000000000000006,0xC227717ef4Ae4D982E14789eB33bA942243c3FEe,0x940181a94A35A4569E4529A3CDfB74e38FD98631,18,18,18,117313514612356596,1805048111558764001200099,0.11731351461235659,1805048.111558764,1805048228872278613556695,0,25846291891892824134,25.846291891892825,0.0,0,0,0,nan,0
vAMM-ZRO/AERO,8.376035792605646e-07,0x04c7d6172aEf0FF6fA09D21eb929a45a41C8c13e,0x6bA7c122CaEbA0cE6334e72326a5B4568571982b,0x6985884C4392D348587B19cb9eAAf157F13271cd,0x940181a94A35A4569E4529A3CDfB74e38FD98631,0x940181a94A35A4569E4529A3CDfB74e38FD98631,18,18,18,4476057183644614131,16181831844005551920,4.476057183644614,16.18183184400555,20657889027650166051,0,4262374651494972008,4.262374651494972,0.0,0,0,0,nan,0
vAMM-WETH/MIGGLES,1.9540059087017207e-07,0x27e13dfA957231A606ab7F535b34275865a66f44,0x1752286215B2b34D645515a32a23d2BD48920c37,0x4200000000000000000000000000000000000006,0xB1a03EdA10342529bBF8EB700a06C60441fEf25d,0x940181a94A35A4569E4529A3CDfB74e38FD98631,18,18,18,4669737159362605,1782060822338823084081,0.004669737159362605,1782.060822338823,1782065492075982446686,0,994349291280988092,0.994349291280988,0.0,0,0,0,nan,0
vAMM-JOJO/WETH,2.0985442511918713e-08,0xaC8caC537EFc414C5A2f10D03BCCb13d70cE1de4,0xCeA71355737c796f4d03334fAD8Ca9013E69D345,0x0645bC5cDff2376089323Ac20Df4119e48e4BCc4,0x4200000000000000000000000000000000000006,0x940181a94A35A4569E4529A3CDfB74e38FD98631,18,18,18,7644122277939121383730,6025930110572760,7644.122277939121,0.00602593011057276,7644128303869231956490,0,106790157573313764,0.10679015757331375,0.0,0,0,0,nan,0
vAMM-WETH/PDT,0.01797062550659851,0x04e5A1c883Dafd1eAE6b11BD6d3Eb784D90ce515,0x9EedfC62b0B6C3Ede0887B6E1178305543f8C650,0x4200000000000000000000000000000000000006,0xeff2A458E464b07088bDB441C21A42AB4b61e07E,0x940181a94A35A4569E4529A3CDfB74e38FD98631,18,18,18,0,0,0.0,0.0,0,611063993426711,91448437575272418700761,91448.43757527242,0.0,0,0,0,nan,0
vAMM-AERO/PRIME,1.1437928049402326e-08,0xc0f9A9a1c8354f3D00B540b4a272ac0151255854,0xEeFCB46D600f084dFdF69c33e269deE52e956341,0x940181a94A35A4569E4529A3CDfB74e38FD98631,0xfA980cEd6895AC314E7dE34Ef1bFAE90a5AdD21b,0x940181a94A35A4569E4529A3CDfB74e38FD98631,18,18,18,83278165006126828430,26964553874085265303,83.27816500612683,26.964553874085265,110242718880212093733,0,58205021791376129,0.05820502179137613,0.0,0,0,0,nan,0
vAMM-USDC/sUSDz,3.8215603463962606e-06,0x081064f90247b52914c6c04A3C053543705887D3,0xB1A5FA12346926547CFa90BF3A561a3629FcF742,0x833589fCD6eDb6E08f4c7C32D4f71b54bdA02913,0xe31eE12bDFDD0573D634124611e85338e2cBF0cF,0x940181a94A35A4569E4529A3CDfB74e38FD98631,18,6,18,99,17666860344713942,9.9e-05,0.01766686034471394,17666860344714041,0,19447053896328388316,19.447053896328388,0.0,0,0,0,nan,0
vAMM-AERO/MIGGLES,8.20130213829754e-05,0xD2b0960C6bBAA4dC6d00470ba283B34D2CC97b00,0xa15a735782145B87A741454A108D25Ea45b80166,0x940181a94A35A4569E4529A3CDfB74e38FD98631,0xB1a03EdA10342529bBF8EB700a06C60441fEf25d,0x940181a94A35A4569E4529A3CDfB74e38FD98631,18,18,18,50076210620661631098,1193928820221856863099,50.076210620661634,1193.9288202218568,1244005030842518494197,0,417345665766984457355,417.34566576698444,0.0,0,0,0,nan,0
vAMM-WETH/MOXIE,0.00040820452682088727,0xc02Dc3a9b6eaD739C56CDEa716D8fEC4Ffe4C799,0xEa2c1c05C17Eed888D0027F17EE23637dfF66FEb,0x4200000000000000000000000000000000000006,0x8C9037D1Ef5c6D1f6816278C7AAF5491d24CD527,0x940181a94A35A4569E4529A3CDfB74e38FD98631,18,18,18,75513617024976231,5937195664022529903455606,0.07551361702497623,5937195.6640225295,5937195739536146928431837,0,2077260258704779186412,2077.260258704779,0.0,0,0,0,nan,0
vAMM-YFI/wstETH,0.11257382834801498,0x1524a14C55f097bb54F0b24383f3ae3e3743804A,0x8b87e30B3ad8BD645c3f83aea6E1156525081084,0x9EaF8C1E34F05a589EDa6BAfdF391Cf6Ad3CB239,0xc1CBa3fCea344f92D9239c08C0568f6F2F0ee452,0x940181a94A35A4569E4529A3CDfB74e38FD98631,18,18,18,0,0,0.0,0.0,0,3827904983653099,572862681408214779606310,572862.6814082147,1.437122948695952e-21,823.2741059032434,0,823.2741059032434,695.8346889578249,1781136000
vAMM-WETH/TIMI,6.323805414433133e-06,0xAcb7907c232907934B2578315dFcFa1bA60E87Af,0xe3f0820BAd87cF3bf736429a3C54a3aC78fEdFFf,0x4200000000000000000000000000000000000006,0x9bEec80e62aA257cED8b0edD8692f79EE8783777,0x940181a94A35A4569E4529A3CDfB74e38FD98631,18,18,18,2403567189650506,26299396515185211372182,0.002403567189650506,26299.39651518521,26299398918752401022688,0,32180411553711097197,32.180411553711096,0.0,0,0,0,nan,0
vAMM-EURC/USDC,9.792422893817903e-08,0xFDF5139b38525627B47538536042A7c8d2686BD9,0x1f077baf21b95314bD251b21aD1f0Cc8D5D86781,0x60a3E35Cc302bFA44Cb288Bc5a4F316Fdb1adb42,0x833589fCD6eDb6E08f4c7C32D4f71b54bdA02913,0x940181a94A35A4569E4529A3CDfB74e38FD98631,18,6,6,36547730,101213179,36.54773,101.213179,137760909,0,498314192450987272,0.49831419245098724,0.0,0,0,0,nan,0
vAMM-OGN/OETHb,0.007059784415932238,0x6FB655476fDCFB9712dD200308D941A1c6D1119e,0x147587251C3A4f8C907eDbC0e5A5eA953bdA743d,0x7002458B1DF59EccB57387bC79fFc7C29E22e6f7,0xDBFeFD2e8460a6Ee4955A68582F85708BAEA60A3,0x940181a94A35A4569E4529A3CDfB74e38FD98631,18,18,18,0,0,0.0,0.0,0,240059811970765,35925641776809857036683,35925.641776809854,5.1870965816621764e-21,186.34977365451027,0,186.34977365451027,192.78607680745276,1781136000
vAMM-TKN/USD+,0.0005826211699308651,0x8f72e491E293ecB223E77123A046521d6d7cAd49,0x668584C6Db676352d50052bF303CC5041C70528f,0x78b3C724A2F663D11373C4a1978689271895256f,0xB79DD08EA68A908A97220C76d19A6aA9cBDE4376,0x940181a94A35A4569E4529A3CDfB74e38FD98631,18,18,6,0,0,0.0,0.0,0,19811359705000,2964826998864979217865,2964.8269988649795,4.185851435236201e-21,12.410325348426012,0,12.410325348426012,238.90002200796494,1781136000
vAMM-MODE/WETH,0.00012504411437561213,0x9Bf387B4cdb6BCDB2107981E0e7C16d71576A970,0x224e14Bc695DCDD23602d571dF2203Cf2B515fcF,0x084382D1cc4f4DFD1769b1cC1Ac2A9b1f8365e90,0x4200000000000000000000000000000000000006,0x940181a94A35A4569E4529A3CDfB74e38FD98631,18,18,18,0,0,0.0,0.0,0,4251980629509,636321138818157402373,636.3211388181574,2.613218970354652e-21,1.6628464711972848,0,1.6628464711972848,382.66980736952377,1781136000
vAMM-COMP/sFRAX,4.283775415185024e-08,0xe253155a71707AAE3b604f6E71Fa2B3F14927949,0xBFe0639305a781459dE0C343f32F82c0D6AB4597,0x9e1028F5F1D5eDE59748FFceE5532509976840E0,0xe4796cCB6bB5DE2290C417Ac337F2b66CA2E770E,0x940181a94A35A4569E4529A3CDfB74e38FD98631,18,18,18,32701027749985670,1525026552794958328,0.03270102774998567,1.5250265527949582,1557727580544943998,0,217991615538475485,0.21799161553847549,0.0,0,0,0,nan,0
sAMM-weETH/cbETH,1.6092660909246877e-05,0x24Be4F7A32E5d131B30370BC53E93661e09E7dAB,0x284F8F51e047beF175680AC4D69C5C196C62c84a,0x04C0599Ae5A44757c0af6F9eC3b93da8976c150A,0x2Ae3F1Ec7F1F5012CFEab0185bfc7aa3cf0DEc22,0x940181a94A35A4569E4529A3CDfB74e38FD98631,18,18,18,3693293169129768,3607285077694860,0.003693293169129768,0.00360728507769486,7300578246824628,0,81891901650219421465,81.89190165021942,0.0,0,0,0,nan,0
vAMM-MODE/ION,8.128062850176984e-08,0x9E9F21e7812Bb0B47561bf619b275D91D3411721,0x7939EF558975FE95149f1613d90aFE5D22d64714,0x084382D1cc4f4DFD1769b1cC1Ac2A9b1f8365e90,0x3eE5e23eEE121094f1cFc0Ccc79d6C809Ebd22e5,0x940181a94A35A4569E4529A3CDfB74e38FD98631,18,18,18,46146071,57981681,4.6146071e-11,5.7981681e-11,104127752,0,413618684496749408,0.41361868449674943,0.0,0,0,0,nan,0
vAMM-WETH/RECORD,0.0004163006371544932,0x0AA3E62f4d97C404012352E881a2D0f2712c24A2,0x8351616F224a035Aa5ee6b9f74A68659701af3e9,0x4200000000000000000000000000000000000006,0xE642657E4F43e6DcF0bd73Ef24008394574Dee28,0x940181a94A35A4569E4529A3CDfB74e38FD98631,18,18,18,0,0,0.0,0.0,0,14156430852283,2118459528044259051242,2118.459528044259,2.9791801135113297e-21,6.311272497228054,0,6.311272497228054,335.6628206078407,1781136000
vAMM-EURC/APX,2.434080689362403e-08,0x642849BC08552c0F38628d4DD2058756A7aC78F9,0xF4Be61A42fd3e1e211c88A8EEF180019A8C46486,0x60a3E35Cc302bFA44Cb288Bc5a4F316Fdb1adb42,0xcacf1ca03983CE6c7E235fb20C70aCC70ed13509,0x940181a94A35A4569E4529A3CDfB74e38FD98631,18,6,18,160593,28562807948550290392472,0.160593,28562.80794855029,28562807948550290553065,0,123864845935719615,0.12386484593571961,0.0,0,0,0,nan,0
vAMM-PEGG/AERO,5.495049325826068e-07,0x3225b7a01F8f3e68D89292141E22F1C6829e08CD,0xC601B888DB7f9F1792c332C538736B8dd03c3279,0x82B0E1A2374EA0198f62A48B14FFaB53DB6C1E36,0x940181a94A35A4569E4529A3CDfB74e38FD98631,0x940181a94A35A4569E4529A3CDfB74e38FD98631,18,18,18,0,0,0.0,0.0,0,18686083773,2796305977559509331,2.7963059775595096,0.0,0,0,0,nan,0
vAMM-WETH/LRDS,0.5879768149671066,0x14f7Ce67e16c435C876AFF4092eb547584121312,0x2BED28EDa5B8902FF20256ac001aa6A4bEb1cEc2,0x4200000000000000000000000000000000000006,0xB676f87A6E701f0DE8De5Ab91B56b66109766DB1,0x940181a94A35A4569E4529A3CDfB74e38FD98631,18,18,18,54036251930563,358767207425911116055,5.4036251930563e-05,358.7672074259111,358767261462163046618,19994331934541134,2992080661826917390683850,2992080.6618269174,0.0,0,0,0,nan,0
vAMM-APX/cbBTC,2.9101806939875114e-09,0xAA342cCCdc06A1adFF2b41ae046E214c9B197Bb5,0xD3756Dc2545ddBfa4798c9A75062e8491658b482,0xcacf1ca03983CE6c7E235fb20C70aCC70ed13509,0xcbB7C0000aB88B473b1f5aFd9ef808440eed33Bf,0x940181a94A35A4569E4529A3CDfB74e38FD98631,18,18,8,98762784210406966935648,1423,98762.78421040697,1.423e-05,98762784210406966937071,0,14809249540543866,0.014809249540543867,0.0,0,0,0,nan,0
vAMM-USDC/cbBTC,0.005924360549752679,0x9c38b55f9A9Aba91BbCEDEb12bf4428f47A6a0B8,0xEDC76895e053A9bbAC456B5a9c5B49144eee0080,0x833589fCD6eDb6E08f4c7C32D4f71b54bdA02913,0xcbB7C0000aB88B473b1f5aFd9ef808440eed33Bf,0x940181a94A35A4569E4529A3CDfB74e38FD98631,18,6,8,0,0,0.0,0.0,0,201507884969833,30147727229001260029373,30147.727229001262,3.682907210769476e-21,111.031282,0,111.031282,271.5246251862719,1781136000
vAMM-VIRTUAL/cbBTC,0.23944125961435936,0xb909F567c5c2Bb1A4271349708CC4637D7318b4A,0x8c44e7F913D0893Cd5A3CBBb2fCd59785a7801ab,0x0b3e328455c4059EEb9e3f84b5543F74E24e7E1b,0xcbB7C0000aB88B473b1f5aFd9ef808440eed33Bf,0x940181a94A35A4569E4529A3CDfB74e38FD98631,18,18,8,10641207980414382707,17213,10.641207980414382,0.00017213,10641207980414399920,8142625705347077,1218462266366204149429737,1218462.2663662042,0.0,0,0,0,nan,0
vAMM-fBOMB/cbBTC,0.0006306637829691228,0x3d36Cf85a0c275cF4894315a6c1D6C558D6d984C,0xA95EbEfbCB77Ae1daf0d2123784594F8ccE90274,0x74ccbe53F77b08632ce0CB91D3A545bF6B8E0979,0xcbB7C0000aB88B473b1f5aFd9ef808440eed33Bf,0x940181a94A35A4569E4529A3CDfB74e38FD98631,18,18,8,0,0,0.0,0.0,0,21446837576263,3209304960846262210556,3209.304960846262,0.0,0,0,0,nan,0
vAMM-BRETT/cbBTC,5.229905256620521e-07,0xeC394d416D2FD269a051627DBBF1934A37a5D04E,0xD0c22E9B6A86381368B0b33928f12aE31dc7020F,0x532f27101965dd16442E59d40670FaF5eBB142E4,0xcbB7C0000aB88B473b1f5aFd9ef808440eed33Bf,0x940181a94A35A4569E4529A3CDfB74e38FD98631,18,18,8,142377059723291004956,6288,142.377059723291,6.288e-05,142377059723291011244,0,2661380174045913717,2.6613801740459135,0.0,0,0,0,nan,0
vAMM-WELS/PEGG,0.0004427082270639977,0x6D7Da1A335daBcA718E4ee5357041C96550D7563,0x076C466b97b7C0DAFacFDf855de150EB0E5adb58,0x7F62ac1e974D65Fab4A81821CA6AF659A5F46298,0x82B0E1A2374EA0198f62A48B14FFaB53DB6C1E36,0x940181a94A35A4569E4529A3CDfB74e38FD98631,18,18,18,6385673705632545900683,200929448870648306026,6385.6737056325455,200.92944887064832,6586603154503194206709,0,2252841764014064006911,2252.8417640140638,0.0,0,0,0,nan,0
sAMM-DOLA/zunUSD,2.5884160646477754e-05,0x557c843afA9D8214534A2101D7B1200F1b0F6f6a,0x4C601a90a08A4660D439D8b22a11b739592263E3,0x4621b7A9c75199271F773Ebd9A499dbd165c3191,0xD5B9dDB04f20eA773C9b56607250149B26049B1F,0x940181a94A35A4569E4529A3CDfB74e38FD98631,18,18,18,3707670806605054901,9946207702829917764,3.707670806605055,9.946207702829918,13653878509434972665,0,131718623160813013160,131.71862316081302,0.0,0,0,0,nan,0
sAMM-tBTC/cbBTC,0.004592748714446078,0x488d6ea6064eEE9352fdCDB7BC50d98A7fF3AD4E,0x80AAd55965d1eA36bAf15Ae6Ed798145ec65916F,0x236aa50979D5f3De3Bd1Eeb40E81137F22ab794b,0xcbB7C0000aB88B473b1f5aFd9ef808440eed33Bf,0x940181a94A35A4569E4529A3CDfB74e38FD98631,18,18,8,0,0,0.0,0.0,0,156184544550173,23371456600535020256085,23371.45660053502,1.2913419742165652e-21,30.18054290685167,0,30.18054290685167,774.3882100685859,1781136000
vAMM-DAI/OX,6.387739368423855e-07,0xaCC2c24D1e380De50eD04bE8d68F4E985a28bf2F,0x2D8aC6651a090E085E3638c166851eF9E5688540,0x50c5725949A6F0c72E6C4a641F24049A917DB0Cb,0xba0Dda8762C24dA9487f5FA026a9B64b695A07Ea,0x940181a94A35A4569E4529A3CDfB74e38FD98631,18,18,18,8579042782515268420,2718411184472580462714,8.579042782515268,2718.4111844725803,2726990227255095731134,0,3250575694574067081,3.250575694574067,0.0,0,0,0,nan,0
vAMM-USDC/superOETHb,0.000682620517415257,0x295e0F68384aC506b0C033592Eef9674da5e4f99,0x634639c606BE9877856Fd7A4eD215D7839133fc0,0x833589fCD6eDb6E08f4c7C32D4f71b54bdA02913,0xDBFeFD2e8460a6Ee4955A68582F85708BAEA60A3,0x940181a94A35A4569E4529A3CDfB74e38FD98631,18,6,18,0,0,0.0,0.0,0,23213948602639,3473700998973465908312,3473.700998973466,7.288131881766703e-21,25.31679099834336,0,25.31679099834336,137.2093721989004,1781136000
vAMM-WETH/MOR,0.01211698382898077,0x1eB79B7111fC98BBcbe79dd8043c2C98bc5698bd,0xABB4aC5F627eb41440950043012BECF7E749d342,0x4200000000000000000000000000000000000006,0x7431aDa8a591C955a994a21710752EF9b882b8e3,0x940181a94A35A4569E4529A3CDfB74e38FD98631,18,18,18,0,0,0.0,0.0,0,412063558959605,61660582647958769164555,61660.58264795877,2.448667398471173e-21,150.98625850079395,0,150.98625850079395,408.3853938776457,1781136000
sAMM-jEUR/EURC,0.014016928162530843,0xC75799e0646470128a42D07335aB3BFa9E8Ee7C2,0x533eb2cEf740654D09764334Bd86E62F0a253d1a,0x4154550f4Db74Dc38d1FE98e1F3F28ed6daD627d,0x60a3E35Cc302bFA44Cb288Bc5a4F316Fdb1adb42,0x940181a94A35A4569E4529A3CDfB74e38FD98631,18,18,6,0,0,0.0,0.0,0,476675168165131,71328968465656073665015,71328.96846565607,0.0,0,0,0,nan,0
vAMM-WETH/Silo,0.00011816103281731173,0x57bd5C33c8002A634b389Ab4de5e09eC1C31Dce7,0x99c34f5E11d91BF19A40CE316C5fBEAb44259D23,0x4200000000000000000000000000000000000006,0xF734eFdE0C424BA2B547b186586dE417b0954802,0x940181a94A35A4569E4529A3CDfB74e38FD98631,18,18,18,81750566126265571,7827351609503633648630,0.08175056612626556,7827.351609503634,7827433360069759914201,0,601294697808709969488,601.29469780871,0.0,0,0,0,nan,0
vAMM-fBOMB/USX,1.7715311834157852e-06,0x49d88e65ef336487a0A513ba0738b85fccaeCCb0,0xfBeD71d6F9b3Fab9dd408C0D0183f1c8937AB53b,0x74ccbe53F77b08632ce0CB91D3A545bF6B8E0979,0xc142171B138DB17a1B7Cb999C44526094a4dae05,0x940181a94A35A4569E4529A3CDfB74e38FD98631,18,18,18,3812368235314859203,60203870121188416,3.8123682353148594,0.06020387012118841,3872572105436047619,0,9014920419979920279,9.014920419979921,0.0,0,0,0,nan,0
vAMM-WMTX/WETH,0.03074317402985169,0x1DDa8b6469df243971381f1f3F4137814ca68722,0xf2470b185647d1Fd0F432C223Ab0e80e0b23dCD3,0x3e31966d4f81C72D2a55310A6365A56A4393E98D,0x4200000000000000000000000000000000000006,0x940181a94A35A4569E4529A3CDfB74e38FD98631,18,6,18,0,0,0.0,0.0,0,1045486391931647,156445040274325682410935,156445.04027432567,8.82284800689437e-22,138.02908117728438,0,138.02908117728438,1133.420862762883,1781136000
vAMM-JARVIS/wstETH,1.463149639918899e-10,0xa5061aa5eB2e8abCE384B36a855549e8D9C8cEd5,0xc498a9a90516Ca3aD2d096BbAFaD169E7583Aa04,0x777b2839832982B35213063d850848369390EE16,0xc1CBa3fCea344f92D9239c08C0568f6F2F0ee452,0x940181a94A35A4569E4529A3CDfB74e38FD98631,18,18,18,50539034640576706,40440742626,0.050539034640576706,4.0440742626e-08,50539075081319332,0,744563668416971,0.000744563668416971,0.0,0,0,0,nan,0
vAMM-cbBTC/TAROT,0.05095757824170673,0x2E26a29f782e51296d9D31f78D4883462a2d339d,0xD9f451A489d622E46E77b74dBD95A5616bca41e2,0xcbB7C0000aB88B473b1f5aFd9ef808440eed33Bf,0xF544251D25f3d243A36B07e7E7962a678f952691,0x940181a94A35A4569E4529A3CDfB74e38FD98631,18,8,18,0,0,0.0,0.0,0,1732936984599357,259311558805379813877587,259311.5588053798,3.2979010008350945e-23,8.551838493123705,0,8.551838493123705,30322.31712676578,1781136000
vAMM-WETH/Neiro,3.0531221830313134e-05,0xd661D3D5ad3D3DEB7E781f5C6823da8d3a3B0CE8,0xF8a98eaA0c0033DE1Fb0D9580e16A2b7343F439e,0x4200000000000000000000000000000000000006,0x5Ca35eBC4f25B042d2cAE75914c7e882E631fA9A,0x940181a94A35A4569E4529A3CDfB74e38FD98631,18,18,9,0,0,0.0,0.0,0,1038003828160,155366463600334770347,155.36646360033475,1.1512985447021412e-22,0.01788731834385836,0,0.01788731834385836,8685.844385034947,1781136000
vAMM-ICL/WETH,9.893271778253357e-08,0xf8128cB2d1e3Eb8598BF8c5B4935893f92d9ea28,0xCFD3fEd4DC3D467772d1A4B6CE87B09aE0B75282,0x12c26138b666360AB2B7A1B149dF9Cf6642CDfBf,0x4200000000000000000000000000000000000006,0x940181a94A35A4569E4529A3CDfB74e38FD98631,18,18,18,38684520122511035664763,5423142546340663,38684.520122511036,0.005423142546340663,38684525545653582005426,0,503446163460813855,0.5034461634608138,0.0,0,0,0,nan,0
vAMM-USDC/CARV,8.76994610118355e-05,0xbe54ED1762172820d088aa676a8E2947AeEB10b0,0xCe3Dff721ef6E293664da2Bb4Dcbca563aa43055,0x833589fCD6eDb6E08f4c7C32D4f71b54bdA02913,0xc08Cd26474722cE93F4D0c34D16201461c10AA8C,0x940181a94A35A4569E4529A3CDfB74e38FD98631,18,6,18,6534952,30297804870189867272,6.534952,30.297804870189868,30297804870196402224,0,446282667388571175326,446.28266738857116,0.0,0,0,0,nan,0
vAMM-WETH/TALENT,7.48539226555741e-08,0x53C1d63A83506623B866e880546FF87885b2120E,0x2b3197894d2D8D0355e344bda8Ece023a82C6251,0x4200000000000000000000000000000000000006,0x9a33406165f562E16C3abD82fd1185482E01b49a,0x940181a94A35A4569E4529A3CDfB74e38FD98631,18,18,18,3054984412639022,149303822206500021084,0.003054984412639022,149.30382220650003,149306877190912660106,0,380914635982986203,0.3809146359829862,0.0,0,0,0,nan,0
vAMM-WETH/VRTX,5.819702283736855e-06,0xe20eEb487186EC2e9272B9D2B5732d31e115d3e3,0x30cf555B45c81CEc2e5770CCE484De79f37e6eA6,0x4200000000000000000000000000000000000006,0xFB0c734Fc3008683c5efF45bcf8128836C4D97D0,0x940181a94A35A4569E4529A3CDfB74e38FD98631,18,18,18,3409012937609712,22382443110684243221291,0.003409012937609712,22382.443110684242,22382446519697180831003,0,29615145049100502613,29.6151450491005,0.0,0,0,0,nan,0
vAMM-WETH/YFI,4.304580340813912e-06,0xA5B1C80B6ddC11e751e405d9374265055762F66e,0x3DcB77970F4f6b6dCa82e845AAb2e2128fc280D6,0x4200000000000000000000000000000000000006,0x9EaF8C1E34F05a589EDa6BAfdF391Cf6Ad3CB239,0x940181a94A35A4569E4529A3CDfB74e38FD98631,18,18,18,0,0,0.0,0.0,0,146387774559,21905033101943243051,21.905033101943243,0.0,0,0,0,nan,0
vAMM-WETH/SYRUP,0.0027305704092076377,0xFC42A013ebD8B160C35c6A0FE876DE4e42da262a,0x9b872778b8010F6Ebf9f230f13A7e97da09a762F,0x4200000000000000000000000000000000000006,0x688AEe022AA544f150678B8E5720b6b96a9E9a2F,0x940181a94A35A4569E4529A3CDfB74e38FD98631,18,18,18,0,0,0.0,0.0,0,92859720073897,13895253535811690809423,13895.253535811691,0.0,0,0,0,nan,0
vAMM-WETH/AIXBT,7.978444120763857e-05,0xF3E7E359b75a7223BA9D71065C57DDd4F5D8747e,0x97de0E89a077be1B2479164a876A82589eD2D3a2,0x4200000000000000000000000000000000000006,0x4F9Fd6Be4a90f2620860d680c0d4d5Fb53d1A825,0x940181a94A35A4569E4529A3CDfB74e38FD98631,18,18,18,0,0,0.0,0.0,0,2713264910440,406004926683030627826,406.00492668303065,3.42776202220241e-21,1.3916882685111664,0,1.3916882685111664,291.73553867589635,1781136000
vAMM-WETH/VIS,2.6755623746259457e-05,0xDbdfAc0F9268EF02c34Ed58c9Fab3517a98444dc,0x018b51fe7a1B422447f069c360f5759f64E72dB6,0x4200000000000000000000000000000000000006,0xFc60AA1fFCA50Ce08b3cDeC9626c0Bb9E9b09BeC,0x940181a94A35A4569E4529A3CDfB74e38FD98631,18,18,18,247819050535226087,16372466462653095902237,0.2478190505352261,16372.466462653096,16372714281703631128324,0,136153301233108184956,136.15330123310818,0.0,0,0,0,nan,0
vAMM-EXTRA/cbBTC,0.0014037630458674742,0x112aAB1af0393325Ae24ba4cF4555783574E16F7,0x0c807068a3b80B56Ae3547Dc1Cee72F6f0D550B6,0x2dAD3a13ef0C6366220f989157009e501e7938F8,0xcbB7C0000aB88B473b1f5aFd9ef808440eed33Bf,0x940181a94A35A4569E4529A3CDfB74e38FD98631,18,18,8,0,0,0.0,0.0,0,47740603933550,7143431775557839527553,7143.4317755578395,4.912620916076164e-21,35.092972353168534,0,35.092972353168534,203.55733061502443,1781136000
vAMM-WETH/CHAMP,0.0010021999399562485,0x26029Ed89A19B919b5698F10cf776a4f4AEA1529,0xf2c38dE50A250C0060fB45eBE4504B67f6F1be3C,0x4200000000000000000000000000000000000006,0xEb6d78148F001F3aA2f588997c5E102E489Ad341,0x940181a94A35A4569E4529A3CDfB74e38FD98631,18,18,18,0,0,0.0,0.0,0,34083836682075,5099968201628739175722,5099.968201628739,0.0,0,0,0,nan,0
vAMM-USDC/G,0.0005650815701338182,0x637E0567eDD057f865Afb4602F3B961909E09774,0x509C953cDC289C476EA19f124c3E5804d479a1fb,0x833589fCD6eDb6E08f4c7C32D4f71b54bdA02913,0x9C7BEBa8F6eF6643aBd725e45a4E8387eF260649,0x940181a94A35A4569E4529A3CDfB74e38FD98631,18,6,18,1031298,130342707093535453746,1.031298,130.34270709353547,130342707093536485044,0,2875571953371623376189,2875.5719533716233,0.0,0,0,0,nan,0
vAMM-USDC/MCADE,0.0006244166548586221,0x1c3FCeA97a3161434901097878faF90227cD3394,0x918A82Cc55E919087944849812C44D07a7f2d5aD,0x833589fCD6eDb6E08f4c7C32D4f71b54bdA02913,0xc48823EC67720a04A9DFD8c7d109b2C3D6622094,0x940181a94A35A4569E4529A3CDfB74e38FD98631,18,6,18,14355498,6599610898160226672678,14.355498,6599.6108981602265,6599610898160241028176,0,3177514742702320751075,3177.5147427023207,0.0,0,0,0,nan,0
vAMM-WETH/DOGE,0.00011348633930975915,0x43Cdb48293FbDF1FA1dc56965AC97e0df211D7e8,0xE737086945b0288D09Dd18dCeE8C82971A0a0e04,0x4200000000000000000000000000000000000006,0x67f0870BB897F5E1c369976b4A2962d527B9562c,0x940181a94A35A4569E4529A3CDfB74e38FD98631,18,18,18,238804557859973,339245703252433659207,0.000238804557859973,339.24570325243366,339245942056991519180,0,577506242740633257730,577.5062427406333,0.0,0,0,0,nan,0
vAMM-fBOMB/uSOL,2.5955102422966274e-07,0xCDD9bc6a949d18868254372f505E2829B6A0dCa0,0xe849F5aFF4654012F025F93bD6A8357d3c549e65,0x74ccbe53F77b08632ce0CB91D3A545bF6B8E0979,0x9B8Df6E244526ab5F6e6400d331DB28C8fdDdb55,0x940181a94A35A4569E4529A3CDfB74e38FD98631,18,18,18,811031713656778902,96509324847770,0.811031713656779,9.650932484777e-05,811128222981626672,0,1320796297722026642,1.3207962977220267,0.0,0,0,0,nan,0
vAMM-WETH/COOKIE,3.384430582550837e-05,0xeD445A77E75F18B04818d940d0E490C15C6072B7,0x6cf5A745dd93e1Bf18f5893409b1B1DaCBe7cc11,0x4200000000000000000000000000000000000006,0xC0041EF357B183448B235a8Ea73Ce4E4eC8c265F,0x940181a94A35A4569E4529A3CDfB74e38FD98631,18,18,18,0,0,0.0,0.0,0,1151026866322,172225996664723527322,172.22599666472354,2.6172990022995735e-21,0.4507669292406306,0,0.4507669292406306,382.07327444109154,1781136000
vAMM-INTX/USDC,1.614723652938066e-05,0xA3fCbeF28465ddBAE92F5Bf6EF2D22a6C23ea160,0x5A303807a8EC667Be61f500bF09A8ACCF1B58303,0x7D27187eb33a7B1d99258FF222633670F84fa342,0x833589fCD6eDb6E08f4c7C32D4f71b54bdA02913,0x940181a94A35A4569E4529A3CDfB74e38FD98631,18,18,6,1774686862426648745292,100732625,1774.6868624266488,100.732625,1774686862426749477917,0,82169624603663825649,82.16962460366382,0.0,0,0,0,nan,0
vAMM-USDC/MET,0.2977058962580045,0xdA9b1279A069A7166560f3D7f20B5b0237af8459,0x0472A241929cC4E34951bD761dFAc665c4692171,0x833589fCD6eDb6E08f4c7C32D4f71b54bdA02913,0x93dc5Cb35627A759848c7A7F0079EA7b49E435a5,0x940181a94A35A4569E4529A3CDfB74e38FD98631,18,6,18,0,0,0.0,0.0,0,10124819419325252,1514957788182953397552087,1514957.7881829536,0.0,0,0,0,nan,0
vAMM-USDC/AUKI,0.029957850547714965,0x437846Bee5e09A17d4fd944e97fD29a54c30Ed7f,0x71dC14Ae59089140c2DD12cE22d1d0517226885D,0x833589fCD6eDb6E08f4c7C32D4f71b54bdA02913,0xF9569cFb8FD265e91aa478d86ae8c78b8AF55Df4,0x940181a94A35A4569E4529A3CDfB74e38FD98631,18,6,18,0,0,0.0,0.0,0,1018510288413220,152448707180288080042377,152448.7071802881,0.0,0,0,0,nan,0
vAMM-cbBTC/CHAMP,0.000519719499989446,0x32450CEBe156B2Ca77Dd517e0182409d89b723Ff,0xCFede447ca3b4885720B5a327e3BFb02078f06e8,0xcbB7C0000aB88B473b1f5aFd9ef808440eed33Bf,0xEb6d78148F001F3aA2f588997c5E102E489Ad341,0x940181a94A35A4569E4529A3CDfB74e38FD98631,18,8,18,0,0,0.0,0.0,0,17675559585334,2644734666246611142378,2644.734666246611,0.0,0,0,0,nan,0
vAMM-SKI/AERO,4.2468586728120807e-07,0x9EFC401fc56c277aF2024659862A7a05892B5980,0x4A6dA782B6ca505fb82FD57784f39734D073D0D6,0x768BE13e1680b5ebE0024C42c896E3dB59ec0149,0x940181a94A35A4569E4529A3CDfB74e38FD98631,0x940181a94A35A4569E4529A3CDfB74e38FD98631,18,9,18,117,29531823889886401,1.17e-07,0.0295318238898864,29531823889886518,0,2161130062440271853,2.161130062440272,0.0,0,0,0,nan,0
vAMM-AERO/MORPHO,0.0017405818990841402,0xd433B339c5C801228E1343C678Dc26213A7B8Aac,0x3B1A591878D6B27dE5116741BCbd5f48B547D204,0x940181a94A35A4569E4529A3CDfB74e38FD98631,0xBAa5CC21fd487B8Fcc2F632f3F4E8D37262a0842,0x940181a94A35A4569E4529A3CDfB74e38FD98631,18,18,18,0,0,0.0,0.0,0,59196853439292,8857426531124323353657,8857.426531124323,0.0,0,0,0,nan,0
vAMM-AERO/AUKI,0.0005478969375157358,0x16f7e8199B46Ff86D33be983Ee6c642d9c14A5ae,0x7a1b8b9a035b9B578714987D4887177daB22c709,0x940181a94A35A4569E4529A3CDfB74e38FD98631,0xF9569cFb8FD265e91aa478d86ae8c78b8AF55Df4,0x940181a94A35A4569E4529A3CDfB74e38FD98631,18,18,18,0,0,0.0,0.0,0,18633868780907,2788123255347636251769,2788.123255347636,0.0,0,0,0,nan,0
sAMM-USR/USDC,0.00022489570778528513,0xd3eE0a3B349237D68517DF30bFB66Be971f46Ad9,0xBbebd633E692C892EAa6DDfbbD1517bEb3F0358A,0x35E5dB674D8e93a03d814FA0ADa70731efe8a4b9,0x833589fCD6eDb6E08f4c7C32D4f71b54bdA02913,0x940181a94A35A4569E4529A3CDfB74e38FD98631,18,18,6,0,0,0.0,0.0,0,7648659485598,1144443251950119002063,1144.443251950119,3.0826852929939606e-20,35.27958381452814,0,35.27958381452814,32.43925035983098,1781136000
vAMM-MET/cbBTC,0.04172308268065157,0x5aAc53d1b18F1eAf908C223a94916B339B74309F,0x72Ee712cA4Ea8E2D3d91E0846d04EDf31485c435,0x93dc5Cb35627A759848c7A7F0079EA7b49E435a5,0xcbB7C0000aB88B473b1f5aFd9ef808440eed33Bf,0x940181a94A35A4569E4529A3CDfB74e38FD98631,18,18,8,0,0,0.0,0.0,0,1419059686276431,212319305222208529073929,212319.30522220855,4.383453287005648e-23,9.306917563710455,0,9.306917563710455,22813.06391388748,1781136000
vAMM-VIRTUAL/AIXBT,0.0008228864942488053,0xeb3458046d3aA2fdbBbF4FEe58C755744ec42ce2,0xBE208720227e7b8832BC3DE3B75E02C187783BD8,0x0b3e328455c4059EEb9e3f84b5543F74E24e7E1b,0x4F9Fd6Be4a90f2620860d680c0d4d5Fb53d1A825,0x940181a94A35A4569E4529A3CDfB74e38FD98631,18,18,18,0,0,0.0,0.0,0,27987506563394,4187482743614877664403,4187.482743614877,5.060279547690278e-22,2.1189833283820336,0,2.1189833283820336,1976.1754080492283,1781136000
vAMM-WETH/HEU,0.0011482278312851296,0xF930E1342fC23c5c7BceaE58cBbc776Eeb4cFb87,0xa936fcE0237cA8F36d66BC2605B0f28584f8036b,0x4200000000000000000000000000000000000006,0xEF22cb48B8483dF6152e1423b19dF5553BbD818b,0x940181a94A35A4569E4529A3CDfB74e38FD98631,18,18,18,0,0,0.0,0.0,0,39052814925224,5843071022369981266712,5843.071022369981,0.0,0,0,0,nan,0
vAMM-WETH/ANZ,0.0263670955020439,0xE4faa73134C66832c272f067adC401f0963A9D7a,0xED2fE03dE7F663CC1265bCfF93af9f15Ff60AcC1,0x4200000000000000000000000000000000000006,0xeeC468333ccc16D4BF1cEf497A56cf8C0aAe4Ca3,0x940181a94A35A4569E4529A3CDfB74e38FD98631,18,18,18,0,0,0.0,0.0,0,896790247004811,134176169114121540648404,134176.16911412153,0.0,0,0,0,nan,0
vAMM-WETH/CXT,0.0012868013948330237,0x923BeBD9FbCAf0F85251a3d5A11BF5BFAa19942F,0x8D4b9bB3d47f27634511fb62e93CEB03e569bC26,0x4200000000000000000000000000000000000006,0xB1E1f3Cc2B6fE4420C1Ac82022b457018Eb628ff,0x940181a94A35A4569E4529A3CDfB74e38FD98631,18,18,18,0,0,0.0,0.0,0,43766327642305,6548240459629666160577,6548.240459629666,0.0,0,0,0,nan,0
vAMM-WETH/MCADE,0.0004931512605083056,0x2b4A56fC7F4b78b7E27801Df979d350AFDFA26b5,0x3cC1Cf416751439bd4c8232E0B2023BF6CC2c94e,0x4200000000000000000000000000000000000006,0xc48823EC67720a04A9DFD8c7d109b2C3D6622094,0x940181a94A35A4569E4529A3CDfB74e38FD98631,18,18,18,324771394008158965,334255440823216840679705,0.32477139400815896,334255.44082321686,334255765594610848838670,0,2509534921041090078254,2509.53492104109,0.0,0,0,0,nan,0
vAMM-WETH/AIXCB,0.00026495534456023217,0x19C3c7EEfb070EE00ddE367A9768De1DF52cbE5d,0x8D02e0814526448e6be0Faca8e00925691Cda345,0x4200000000000000000000000000000000000006,0x76C71F1703Fbf19FFdcF3051E1e684Cb9934510f,0x940181a94A35A4569E4529A3CDfB74e38FD98631,18,18,18,0,0,0.0,0.0,0,9011586766353,1348297658217541222428,1348.297658217541,0.0,0,0,0,nan,0
vAMM-WETH/SAINT,0.0017262487925496126,0x971342176D5580cCf41d028D8bdf9DA71946fFDb,0x8890a5c5698e2ec7Fd9B496b7c661B14c8D68AeD,0x4200000000000000000000000000000000000006,0x7588880d9c78E81FAde7b7e8DC0781E95995a792,0x940181a94A35A4569E4529A3CDfB74e38FD98631,18,18,18,19223487194492247,48417822928390221644216,0.019223487194492246,48417.82292839022,48417842151877416136463,0,8784488602630892891138,8784.488602630892,0.0,0,0,0,nan,0
vAMM-eBTC/cbBTC,4.646587107651119e-08,0x14048DFa85509B75d3951F318152Ec363999eAC0,0xC8360CBb1b81eDB6dC8107FDF37BDAe0759F3dAc,0x657e8C867D8B37dCC18fA4Caead9C45EB088C642,0xcbB7C0000aB88B473b1f5aFd9ef808440eed33Bf,0x940181a94A35A4569E4529A3CDfB74e38FD98631,18,8,8,97688,97534,0.00097688,0.00097534,195222,0,236454279733376232,0.2364542797333762,0.0,0,0,0,nan,0
vAMM-WETH/GEKKO,9.518752358598495e-08,0x1977911144b93b6f949dECFF7D7EA7E081F7F08C,0xd4c7c645D4B4e991D0eF00D652CA32e472033a95,0x4200000000000000000000000000000000000006,0xf7b0dd0B642a6ccc2fc4d8FfE2BfFb0caC8C43C8,0x940181a94A35A4569E4529A3CDfB74e38FD98631,18,18,18,148206023737448466,261593606158055575838624,0.14820602373744846,261593.60615805557,261593754364079313287090,0,484387719581685061,0.4843877195816851,0.0,0,0,0,nan,0
vAMM-AERO/FAI,4.646587107651119e-08,0xfF231D3b278D3C56c5B12e6B79BE9B3D88c0F53b,0x3592697e4C319B3640A0D3b3380A78843557fBd0,0x940181a94A35A4569E4529A3CDfB74e38FD98631,0xb33Ff54b9F7242EF1593d2C9Bcd8f9df46c77935,0x940181a94A35A4569E4529A3CDfB74e38FD98631,18,18,18,214858612259260033,6873688917050534169,0.21485861225926003,6.873688917050534,7088547529309794202,0,236454279733376232,0.2364542797333762,0.0,0,0,0,nan,0
vAMM-Anon/USDC,0.0039033685229728676,0x3667af77FF1481aca513d2C97A32C0ac31ba813D,0x0c41ADAA6489213FE6ab44A4794a8212e84a6eF4,0x79bbF4508B1391af3A0F4B30bb5FC4aa9ab0E07C,0x833589fCD6eDb6E08f4c7C32D4f71b54bdA02913,0x940181a94A35A4569E4529A3CDfB74e38FD98631,18,18,6,0,0,0.0,0.0,0,132766423126849,19863357153333310525803,19863.35715333331,0.0,0,0,0,nan,0
vAMM-WETH/FLOCK,0.041142690404515486,0x4910C78a1C75E36548F1f2f1f4dCb71A4F69fC07,0x35388feDFe7C0d8EA803f2Ae5534F357b0b361ff,0x4200000000000000000000000000000000000006,0x5aB3D4c385B400F3aBB49e80DE2fAF6a88A7B691,0x940181a94A35A4569E4529A3CDfB74e38FD98631,18,18,18,0,0,0.0,0.0,0,1399116084160619,209365820558365730578045,209365.82055836575,2.5390706033078747e-21,531.594600317178,0,531.594600317178,393.8448969072425,1781136000
vAMM-WETH/VEIL,1.705767449140665,0xf207d02BECD4417aAA3383804b6B87b17602c86D,0xd2eBB7D16503BF671142e031A2FDC0cE9ce9253f,0x4200000000000000000000000000000000000006,0x767A739D1A152639e9Ea1D8c1BD55FDC5B217D7f,0x940181a94A35A4569E4529A3CDfB74e38FD98631,18,18,18,0,141742881627010646106,0.0,141.74288162701063,141742881627010646106,58018770601793301,8680263691066010115433305,8680263.69106601,0.0,0,0,0,nan,0
vAMM-1000X/WETH,0.0009177501394399975,0x23dA62CE083687cD72EBCBA36eEc6752fa51B715,0x7d1a8AA63DBA54E39b141098f16Dd9EccB5aDE62,0x352b850b733ab8baB50aED1Dab5D22E3186ce984,0x4200000000000000000000000000000000000006,0x940181a94A35A4569E4529A3CDfB74e38FD98631,18,18,18,0,0,0.0,0.0,0,31210439643685,4670222319499098803152,4670.222319499099,0.0,0,0,0,nan,0
vAMM-USDC/SEND,0.001266236747397164,0x69bc1d350fE13F499c6AedEd2C5eA9471b2a599A,0x342D92F92b2365e15126b852A56820427Af56900,0x833589fCD6eDb6E08f4c7C32D4f71b54bdA02913,0xEab49138BA2Ea6dd776220fE26b7b8E446638956,0x940181a94A35A4569E4529A3CDfB74e38FD98631,18,6,18,0,0,0.0,0.0,0,43049655806811,6443591632764671321368,6443.591632764671,3.016629293511452e-21,19.437927274823192,0,19.437927274823192,331.4958195728347,1781136000
vAMM-WETH/BID,0.01734503431884799,0x74F22A01Da78294f8dF640C98A414FE209e33f60,0x1AEeafdeAB8D8F99853CD5B7a8844cC4ffe0fC70,0x4200000000000000000000000000000000000006,0xa1832f7F4e534aE557f9B5AB76dE54B1873e498B,0x940181a94A35A4569E4529A3CDfB74e38FD98631,18,18,18,0,0,0.0,0.0,0,589967427147816,88264945901060098245551,88264.9459010601,0.0,0,0,0,nan,0
sAMM-Bold/USDC,3.812648689404052e-06,0xeb754F9750e1d2CD87835592d37eE9f15c217b50,0xc6081F7DA8762D5f76E1897Bf6dcC773aa62Ae7c,0x087C440F251Ff6Cfe62B86DdE1bE558B95b4bb9b,0x833589fCD6eDb6E08f4c7C32D4f71b54bdA02913,0x940181a94A35A4569E4529A3CDfB74e38FD98631,18,18,6,454982425986029106,403767,0.4549824259860291,0.403767,454982425986432873,0,19401704495004265347,19.401704495004267,0.0,0,0,0,nan,0
vAMM-WETH/VVV,4.142249784888121,0x01784ef301D79e4B2DF3a21ad9a536d4cF09A5Ce,0x37a70295FCefebBB0a29735A53E2e6786A02F930,0x4200000000000000000000000000000000000006,0xacfE6019Ed1A7Dc6f7B508C02d1b04ec88cC21bf,0x940181a94A35A4569E4529A3CDfB74e38FD98631,18,18,18,102628029681964428,12309413190264682390,0.10262802968196442,12.309413190264682,12412041219946646818,140892960241668803,21078969718412812686220027,21078969.718412813,7.875270978883079e-22,16600.259848817164,0,16600.259848817164,1269.7975760852187,1781136000
vAMM-AERO/uADA,1.2643421444852045e-06,0xa65bC40C8368Ac2f814b13caCC75a47A30a2ac81,0x6a1a65e681FB4a3DE02556c418f580ade8397e18,0x940181a94A35A4569E4529A3CDfB74e38FD98631,0xa3A34A0D9A08CCDDB6Ed422Ac0A28a06731335aA,0x940181a94A35A4569E4529A3CDfB74e38FD98631,18,18,18,11408842279373097503,13888846528546062870,11.408842279373097,13.888846528546063,25297688807919160373,0,6433950428230047049,6.433950428230046,0.0,0,0,0,nan,0
vAMM-Bold/POOL,4.90570019532469e-06,0x72cCcbd837E15500169323d3cC3FCC266db03700,0x191863cC6560E877B09dD3d7847DFD4CB84d6575,0x087C440F251Ff6Cfe62B86DdE1bE558B95b4bb9b,0xd652C5425aea2Afd5fb142e120FeCf79e18fafc3,0x940181a94A35A4569E4529A3CDfB74e38FD98631,18,18,18,9357944632019016933,44228712970504091528,9.357944632019016,44.22871297050409,53586657602523108461,0,24963995711247023403,24.963995711247023,0.0,0,0,0,nan,0
sAMM-USDC/cUSDO,5.306031287155268e-05,0x5feDe9d65714907381A76AA9bF949219dD1c5023,0x78Fff283c03557ca8BBa0A134386b717e04490dc,0x833589fCD6eDb6E08f4c7C32D4f71b54bdA02913,0x83dB73EF5192de4B6a4c92bD0141Ba1a0Dc87c65,0x940181a94A35A4569E4529A3CDfB74e38FD98631,18,6,18,0,0,0.0,0.0,0,1803938405091,270011898449329590225,270.0118984493296,3.3516282859023214e-22,0.09049795163729582,0,0.09049795163729582,2983.6244198266786,1781136000
vAMM-WETH/RIZ,0.00010426517049976777,0x04B27c418aaAD06539210ae9A0298076904Cd70B,0x055Ea0Fde71dDe3A4bb80856f5768016E99DCB3c,0x4200000000000000000000000000000000000006,0x67543CF0304C19CA62AC95ba82FD4F4B40788dc1,0x940181a94A35A4569E4529A3CDfB74e38FD98631,18,18,8,8951441099022740,1249887709886,0.00895144109902274,12498.87709886,8952690986732626,0,530581805971199915743,530.5818059711999,0.0,0,0,0,nan,0
sAMM-oUSDT/USDC,1.533979823878247e-05,0xc84f7c63742EA1894EE04e5F49fbaE8C3a4a734d,0xe68921DD3923E90e7970c109B0d6f3c4a8B28Ca7,0x1217BfE6c773EEC6cc4A38b5Dc45B92292B6E189,0x833589fCD6eDb6E08f4c7C32D4f71b54bdA02913,0x940181a94A35A4569E4529A3CDfB74e38FD98631,18,6,6,0,0,0.0,0.0,0,521525867504,78060754264868951582,78.06075426486895,4.178683515296083e-20,3.2619118703818626,0,3.2619118703818626,23.93098200281254,1781136000
vAMM-USDC/AITECH,0.0040134247333616785,0x95b9662f58d638b65Ac957ACb1365697c34c832b,0x018F92c3FeF19f88a03D4d9E700Afe9FAd496D60,0x833589fCD6eDb6E08f4c7C32D4f71b54bdA02913,0xD71552d9e08E5351AdB52163B3bbbC4d7DE53Ce1,0x940181a94A35A4569E4529A3CDfB74e38FD98631,18,6,18,0,0,0.0,0.0,0,136449407452012,20423408247927472032480,20423.408247927473,3.992945251223603e-21,81.54955097736297,0,81.54955097736297,250.44170082060575,1781136000
vAMM-BNKR/USDC,1.790626998077929e-05,0xbd583f38ea4A388E938E7cC5Aa993CCCb91A704e,0xa8d13F77c9598cF68237d6e547ef84242592252B,0x22aF33FE49fD1Fa80c7149773dDe5890D3c76F3b,0x833589fCD6eDb6E08f4c7C32D4f71b54bdA02913,0x940181a94A35A4569E4529A3CDfB74e38FD98631,18,18,6,165813079252913883470006,84404165,165813.07925291389,84.404165,165813079252913967874171,0,91120946899817542198,91.12094689981754,0.0,0,0,0,nan,0
vAMM-OVER/USDC,0.07403022371017093,0x889339213a0CC0a795F69cae5b1Db2223f944A4E,0xD4Ab5057b2eD8f62C61F9259Ce94975D60807A7D,0x7750C092e284e2c7366f50C8306F43c7EB2e82a2,0x833589fCD6eDb6E08f4c7C32D4f71b54bdA02913,0x940181a94A35A4569E4529A3CDfB74e38FD98631,18,18,6,0,0,0.0,0.0,0,2516987547233682,376723018859705600282617,376723.0188597056,1.9103567523585664e-22,71.96753628475422,0,71.96753628475422,5234.624364090001,1781136000
vAMM-VIRTUAL/cbETH,1.8598954153181446e-10,0x1e9282580BC3713a9B258c17BE4cA3F320AB70af,0x004c4149aFDA0aCaC8781b13f84E62f373b61B24,0x0b3e328455c4059EEb9e3f84b5543F74E24e7E1b,0x2Ae3F1Ec7F1F5012CFEab0185bfc7aa3cf0DEc22,0x940181a94A35A4569E4529A3CDfB74e38FD98631,18,18,18,2870085939125,1275498645,2.870085939125e-06,1.275498645e-09,2871361437770,0,946458595566440,0.00094645859556644,0.0,0,0,0,nan,0
vAMM-WETH/OVER,0.007009706813001009,0xB452f81D9322936C2c8Ac6445f6892cB957aFB4c,0x07005714c9b5DEac0449B1f4054d8000b210C97C,0x4200000000000000000000000000000000000006,0x7750C092e284e2c7366f50C8306F43c7EB2e82a2,0x940181a94A35A4569E4529A3CDfB74e38FD98631,18,18,18,0,0,0.0,0.0,0,238320721559215,35670808212786487735500,35670.80821278648,0.0,0,0,0,nan,0
sAMM-msUSD/USDT,1.6945489001529646e-06,0x5bD7A6393Bc746E9a9a8481A1e4b1dc5792bb242,0x4804726Db38Cd188Ee52B7E3e6aBdB6124552A9f,0x526728DBc96689597F85ae4cd716d4f7fCcBAE9d,0xfde4C96c8593536E31F229EA8f37b2ADa2699bb2,0x940181a94A35A4569E4529A3CDfB74e38FD98631,18,18,6,974012715175515,484,0.000974012715175515,0.000484,974012715175999,0,8623175039565808349,8.623175039565808,0.0,0,0,0,nan,0
vAMM-WETH/ZENT,0.00012510016065652558,0x82bdbC291762b478dE875E44fFF7b9717651bfe5,0xc771e723363c5434E4f69694F3404008F675410C,0x4200000000000000000000000000000000000006,0xdf49c226ED9CF05Be0e38cdb86Df4E8A945158B1,0x940181a94A35A4569E4529A3CDfB74e38FD98631,18,18,18,0,0,0.0,0.0,0,4253239308031,636606345630772611298,636.6063456307726,4.221128135332167e-23,0.02687196956673048,0,0.02687196956673048,23690.349308036548,1781136000
vAMM-WETH/KING,6.662758137206048e-05,0xdc5f7C7916C7792603FDc17F05f7929b423015ac,0x58dA2a684342294d3E4991924Ce59a80538f8432,0x4200000000000000000000000000000000000006,0xE22C243c7559C667a1EB94B593369D192c5fbac0,0x940181a94A35A4569E4529A3CDfB74e38FD98631,18,18,18,0,0,0.0,0.0,0,2265249273890,339052650875007801817,339.05265087500777,1.036131299665988e-21,0.3513030638063203,0,0.3513030638063203,965.1286476167301,1781136000
vAMM-WETH/JKL,9.35991764189347e-05,0xF3706dc080C93d0cb597a1ec57dCA1Ffeef06c84,0x80EAe3cB7018AD3F26804Ac4A0Be5eb8fF00c05b,0x4200000000000000000000000000000000000006,0x4eeD0d2deb4C588393c80869B122327581B0D98e,0x940181a94A35A4569E4529A3CDfB74e38FD98631,18,18,6,0,0,0.0,0.0,0,3182279254049,476304981075976256478,476.30498107597623,5.869539809118225e-23,0.027956910477067453,0,0.027956910477067453,17037.110787570055,1781136000
vAMM-AERO/TOWER,0.00016889983417882736,0x41fe2f2FD39E87E7e92a62E04e689bE807066A44,0xaB0666D38CB5983570c5106E5eD39523AF38f099,0x940181a94A35A4569E4529A3CDfB74e38FD98631,0xf7C1CEfCf7E1dd8161e00099facD3E1Db9e528ee,0x940181a94A35A4569E4529A3CDfB74e38FD98631,18,18,18,0,0,0.0,0.0,0,5742427005063,859492950688053838029,859.4929506880538,0.0,0,0,0,nan,0
vAMM-AERO/CHAMP,0.0009286978947316587,0x48a346A833775ed92bF52Dd598246e5a71f3d4A5,0x987fe7bBbfa94404d8F38D3B6F52e8c912d4F36A,0x940181a94A35A4569E4529A3CDfB74e38FD98631,0xEb6d78148F001F3aA2f588997c5E102E489Ad341,0x940181a94A35A4569E4529A3CDfB74e38FD98631,18,18,18,0,0,0.0,0.0,0,31574808206185,4725932963294510473462,4725.932963294511,7.138021538085029e-22,3.3733811279542225,0,3.3733811279542225,1400.9484206015404,1781136000
vAMM-AWE/USDC,0.002476121341987386,0xcb7f520d18141E36956fE0b3A6Bc3D4F11245521,0xC7a0De60A7572e86d973B39b1deE9BE8829c8d91,0x1B4617734C43F6159F3a70b7E06d883647512778,0x833589fCD6eDb6E08f4c7C32D4f71b54bdA02913,0x940181a94A35A4569E4529A3CDfB74e38FD98631,18,18,6,0,0,0.0,0.0,0,84185672124395,12600419940217952245539,12600.419940217953,3.7161959205298186e-22,4.682562917880054,0,4.682562917880054,2690.9237870791,1781136000
sAMM-BOLD/USDC,0.002857814473847388,0x2De3fE21d32319a1550264dA37846737885Ad7A1,0x7fDCBc8C442C667D41a1041bdc6e588393cEb6fe,0x03569CC076654F82679C4BA2124D64774781B01D,0x833589fCD6eDb6E08f4c7C32D4f71b54bdA02913,0x940181a94A35A4569E4529A3CDfB74e38FD98631,18,18,6,0,0,0.0,0.0,0,97162860401085,14542769722588800907371,14542.7697225888,1.3900716918172831e-21,20.215492511988174,0,20.215492511988174,719.3873567000487,1781136000
sAMM-BOLD/LUSD,0.00010764448474321601,0xEf3EFc734a3FE0bF20762992ec839939bA3Af050,0x152cB3894E3f2160De21708439e35EFfCB408143,0x03569CC076654F82679C4BA2124D64774781B01D,0x368181499736d0c0CC614DBB145E2EC1AC86b8c6,0x940181a94A35A4569E4529A3CDfB74e38FD98631,18,18,18,0,0,0.0,0.0,0,3659963167294,547778369748333628539,547.7783697483336,7.948574078202393e-22,0.43540569503815707,0,0.43540569503815707,1258.087287306448,1781136000
vAMM-BOLD/POOL,0.00036626396880001295,0xAa10db59a60e511872a70aAAf1aff09fb173ba75,0xD51CEdaA7cD1Cd3cb8bc8F4C189698e9967240ff,0x03569CC076654F82679C4BA2124D64774781B01D,0xd652C5425aea2Afd5fb142e120FeCf79e18fafc3,0x940181a94A35A4569E4529A3CDfB74e38FD98631,18,18,18,0,0,0.0,0.0,0,12453147400096,1863834270798252318332,1863.8342707982524,0.0,0,0,0,nan,0
vAMM-WETH/APU,0.001259641138029151,0x24dFbc9e3eEDA5A4d5C8851eD4E656d306815498,0x29Ea6bdB07e55c53b32475E0836c01557803E099,0x4200000000000000000000000000000000000006,0xB9926b3fBc5873Db0182016D55727D5ae89E5EFd,0x940181a94A35A4569E4529A3CDfB74e38FD98631,18,18,18,0,0,0.0,0.0,0,42828816741655,6410028072534664119001,6410.028072534664,3.195492799461972e-21,20.483198550133622,0,20.483198550133622,312.9407771372137,1781136000
vAMM-WETH/TLOS,0.1824442653749528,0xC3b22240657fa67b77D0f1b7A1C1012DB60D46fb,0x44B8B5521723D05E82e5DAfCE8b37a1082b6d3B2,0x4200000000000000000000000000000000000006,0x7252c865c05378Ffc15120F428dd65804dD0CE63,0x940181a94A35A4569E4529A3CDfB74e38FD98631,18,18,18,0,0,0.0,0.0,0,6203314022194886,928417489251091161432265,928417.4892510913,0.0,0,0,0,nan,0
vAMM-RIPE/WETH,0.0005272497917733468,0x765824aD2eD0ECB70ECc25B0Cf285832b335d6A9,0x49AAAFd906FB80959721c71a297B071Fc0693A95,0x2A0a59d6B975828e781EcaC125dBA40d7ee5dDC0,0x4200000000000000000000000000000000000006,0x940181a94A35A4569E4529A3CDfB74e38FD98631,18,18,18,1551937408861704922584,4896871752416477867,1551.9374088617049,4.8968717524164775,1556834280614121400451,0,2683054613310823054426,2683.054613310823,0.0,0,0,0,nan,0
vAMM-CREATOR/WETH,0.0016061092853048473,0x640A1f93fE0f9868b6C6d83794EC4BA988Db3B12,0xcf3E3389C09B6C368c815f2887839af099FEf4fC,0x0FD122a924c4528A78a8141bdDd38A0e5bA35FA5,0x4200000000000000000000000000000000000006,0x940181a94A35A4569E4529A3CDfB74e38FD98631,18,18,18,458452501065311241057364,651675751225595393,458452.50106531125,0.6516757512255954,458453152741062466652757,0,8173125897166755055589,8173.125897166755,0.0,0,0,0,nan,0
vAMM-EIGEN/KING,2.72882915885184e-06,0x6F01b54c399b27AA0D9D84931b1e730eE55D1080,0xA0e41131422843F4519B8C31D176C9cf902a543C,0x2081Ab0D9EC9e4303234Ab26D86b20B3367946ee,0xE22C243c7559C667a1EB94B593369D192c5fbac0,0x940181a94A35A4569E4529A3CDfB74e38FD98631,18,18,18,0,0,0.0,0.0,0,92802960430,13886392707655952336,13.886392707655952,0.0,0,0,0,nan,0
vAMM-FLOCK/AERO,0.002603460171862001,0xdAA601bc9E5B00337f11fB17CD574D3f01633Fe6,0x85b1A485194F0e3F9281dDf0ea212933Bc42dea7,0x5aB3D4c385B400F3aBB49e80DE2fAF6a88A7B691,0x940181a94A35A4569E4529A3CDfB74e38FD98631,0x940181a94A35A4569E4529A3CDfB74e38FD98631,18,18,18,0,0,0.0,0.0,0,88528533452169,13248418365783114755755,13248.418365783114,0.0,0,0,0,nan,0
vAMM-FLOCK/cbBTC,0.003457555013716717,0xd162C4444d5eFEaD433F080696D1f4Dc2BCD58Fb,0xC5a4F78f5a2F5A72E6a2F9f833939CFc4Be4fF91,0x5aB3D4c385B400F3aBB49e80DE2fAF6a88A7B691,0xcbB7C0000aB88B473b1f5aFd9ef808440eed33Bf,0x940181a94A35A4569E4529A3CDfB74e38FD98631,18,18,8,0,0,0.0,0.0,0,117560831276505,17594713312502367189937,17594.71331250237,0.0,0,0,0,nan,0
vAMM-VVV/DIEM,0.0005924685959211039,0xbB345D35450BF9Ee76F3D2cE214E8e7AC5e1071d,0x193446fb206192686CD790eA6Ab393e45b27364E,0xacfE6019Ed1A7Dc6f7B508C02d1b04ec88cC21bf,0xF4d97F2da56e8c3098f3a8D538DB630A2606a024,0x940181a94A35A4569E4529A3CDfB74e38FD98631,18,18,18,0,0,0.0,0.0,0,20147342884978,3014938316393397760456,3014.938316393398,0.0,0,0,0,nan,0
vAMM-WETH/LCAP,0.03485943283930048,0xb8B1a52b1893F3369eDb63aeE516F2e8B7D45A53,0xF8f03483a2Cf356F8E0d95E43eAF7C77a5524348,0x4200000000000000000000000000000000000006,0x4dA9A0f397dB1397902070f93a4D6ddBC0E0E6e8,0x940181a94A35A4569E4529A3CDfB74e38FD98631,18,18,18,0,0,0.0,0.0,0,1185248890115834,177391747813321769936488,177391.74781332177,2.7258051543237437e-22,48.35353405240501,0,48.35353405240501,3668.640799265398,1781136000
vAMM-SIRE/USDC,0.00236010896336747,0xeF6F90aCDa6e8102093F3F4e28D952B0276E4ABB,0xD29D5597c1225B874a9d9EBEE693f88892942118,0x7Ce02e86354EA0Cc3b302AeAdC0Ab56bC7EB44b8,0x833589fCD6eDb6E08f4c7C32D4f71b54bdA02913,0x940181a94A35A4569E4529A3CDfB74e38FD98631,18,18,6,49878355600701299238721,4007119825,49878.355600701296,4007.119825,49878355600705306358546,0,12010059256318176101106,12010.059256318176,0.0,0,0,0,nan,0
vAMM-LCAP/USDC,0.016404311535401075,0x48D1036b0308884c163cde60AD5fBf87112Ac52f,0xac2A6d7B160422e85614EA5F0bEeE562509e44A8,0x4dA9A0f397dB1397902070f93a4D6ddBC0E0E6e8,0x833589fCD6eDb6E08f4c7C32D4f71b54bdA02913,0x940181a94A35A4569E4529A3CDfB74e38FD98631,18,18,6,0,0,0.0,0.0,0,557798590176151,83477821006264758796375,83477.82100626477,0.0,0,0,0,nan,0
vAMM-AERO/MAI,0.0006044952395505916,0x104DAaf3D7108B5e52A4c200E58A7083171B3054,0xb3c6adc4F8939e3C778929B09f9c5Df74E4Ef6A0,0x940181a94A35A4569E4529A3CDfB74e38FD98631,0xbf1aeA8670D2528E08334083616dD9C5F3B087aE,0x940181a94A35A4569E4529A3CDfB74e38FD98631,18,18,18,0,0,0.0,0.0,0,20553122780398,3076139178254740728546,3076.1391782547407,0.0,0,0,0,nan,0
vAMM-WETH/PHI,0.0004634175600542041,0x99ba9f844FCDC60Fc9e52af59f165cD91F86360E,0xB27773092F3D548044d6d8527d468072426603Cc,0x4200000000000000000000000000000000000006,0xFb3aD5550ca5730A6F91350032c4Da1eFdfDE3E8,0x940181a94A35A4569E4529A3CDfB74e38FD98631,18,18,18,0,0,0.0,0.0,0,15756415248978,2358226862851332283501,2358.226862851332,0.0,0,0,0,nan,0
vAMM-kVCM/USDC,0.01596774564772456,0x5C0D76fab1822bDeb47308eD6028231761ED723E,0x57387e4639048B67C30C911a145368bC5B33fE3b,0x00fBAC94Fec8D4089d3fe979F39454F48c71A65d,0x833589fCD6eDb6E08f4c7C32D4f71b54bdA02913,0x940181a94A35A4569E4529A3CDfB74e38FD98631,18,18,6,0,0,0.0,0.0,0,542916257239937,81256236214348637884916,81256.23621434864,3.4331558658656704e-22,27.896532399745755,0,27.896532399745755,2912.771919103795,1781136000
vAMM-WETH/EDEL,0.03949441679640958,0x566beE7EF7b39f29d150AB3be6b6242C17CC5A31,0xde43127cb5381E4466A8046E1c2C2Dc2d30999D7,0x4200000000000000000000000000000000000006,0xFb31f85A8367210B2e4Ed2360D2dA9Dc2D2Ccc95,0x940181a94A35A4569E4529A3CDfB74e38FD98631,18,18,18,969148111217,12657877305776553471,9.69148111217e-07,12.657877305776553,12657878274924664688,1343139707864405,200978129985074575468915,200978.1299850746,0.0,0,0,0,nan,0
vAMM-WETH/jesse,5.564574714452761e-09,0x0554A2857aFCB67cA14181461a8eB2699ED90A98,0x098fCF79D1843194df25F81EE44fF864b7C4427A,0x4200000000000000000000000000000000000006,0x50F88fe97f72CD3E75b9Eb4f747F59BcEBA80d59,0x940181a94A35A4569E4529A3CDfB74e38FD98631,18,18,18,0,0,0.0,0.0,0,189250734,28316858710383986,0.028316858710383985,0.0,0,0,0,nan,0
vAMM-WBTC/USDT,1.082249908550178e-08,0xD7f91d93d105578f96B19a247C68b5b512a07D7c,0x31d4E5b4faCC648CFD6c87d10a46473785Bb77a7,0x0555E30da8f98308EdB960aa94C0Db47230d2B9c,0xfde4C96c8593536E31F229EA8f37b2ADa2699bb2,0x940181a94A35A4569E4529A3CDfB74e38FD98631,18,8,6,4,1644,4e-08,0.001644,1648,367957894,55073243369606192,0.055073243369606194,0.0,0,0,0,nan,1781136000
vAMM-SOL/fBOMB,0.024250857268472915,0xB8fA852a85Af20284906a898595f59BdD8C66cbE,0x96f03A43be421aeb8768d7eaA7E4bEd1B4782E39,0x311935Cd80B76769bF2ecC9D8Ab7635b2139cf82,0x74ccbe53F77b08632ce0CB91D3A545bF6B8E0979,0x940181a94A35A4569E4529A3CDfB74e38FD98631,18,9,18,0,0,0.0,0.0,0,824608744228475,123407112693349691200183,123407.1126933497,0.0,0,0,0,nan,0
vAMM-OFC/USDC,0.00014250443519679134,0x66E1031dB440890a824F0dB80489Be979BD16a86,0xB62982Dd4851C3e149529cD1bDBd88e4dDC6125C,0x752C5a95d202972E124390F30a50154409d3c858,0x833589fCD6eDb6E08f4c7C32D4f71b54bdA02913,0x940181a94A35A4569E4529A3CDfB74e38FD98631,18,18,6,0,0,0.0,0.0,0,4845810857724,725172751583308315804,725.1727515833082,0.0,0,0,0,nan,0
vAMM-RAVE/WETH,2.747189493731662e-07,0xB359b1F51A9a3aa7E5439815820132D63ffF680d,0x2Ab87361863CAddB4A1660213fFE1951e3Ee7e28,0x1aA8fD5BCce2231C6100d55Bf8B377cff33Acfc3,0x4200000000000000000000000000000000000006,0x940181a94A35A4569E4529A3CDfB74e38FD98631,18,18,18,0,0,0.0,0.0,0,9341500454,1397982428784786256,1.3979824287847862,0.0,0,0,0,nan,0
vAMM-VIRTUAL/FLOCK,0.0034067654636001487,0xB7E0c9CaeB559429B5b8B37c118E1d2764550416,0x4aFe38a5e227fe4F04e0aEFcA6104Cf3399834Af,0x0b3e328455c4059EEb9e3f84b5543F74E24e7E1b,0x5aB3D4c385B400F3aBB49e80DE2fAF6a88A7B691,0x940181a94A35A4569E4529A3CDfB74e38FD98631,18,18,18,0,0,0.0,0.0,0,115822436796257,17336256810718065039496,17336.256810718063,3.522996166210179e-21,61.075566280594856,0,61.075566280594856,283.8493012258193,1781136000
vAMM-FLOCK/VVV,0.02585895987373258,0xef724d142f283411f66bDe8De4d863e7295b9972,0xE6b378617777257988bF89e731a9C8cd9e0a5a8c,0x5aB3D4c385B400F3aBB49e80DE2fAF6a88A7B691,0xacfE6019Ed1A7Dc6f7B508C02d1b04ec88cC21bf,0x940181a94A35A4569E4529A3CDfB74e38FD98631,18,18,18,0,0,0.0,0.0,0,879155753751577,131590382143693760148127,131590.38214369377,1.2060280884339916e-21,158.70169703305746,0,158.70169703305746,829.1680845497423,1781136000
CL-USDC/USDbC,0.029028368045321783,0x98c7A2338336d2d354663246F64676009c7bDa97,0x4a3E1294d7869567B387FC3d5e5Ccf14BE2Bbe0a,0x833589fCD6eDb6E08f4c7C32D4f71b54bdA02913,0xd9aAEc86B65D86f6A7B5B1b0c42FFA531710b6CA,0x940181a94A35A4569E4529A3CDfB74e38FD98631,18,6,6,122370,34470,0.12237,0.03447,156840,987007559881674,147718781526548301524306,147718.7815265483,0.0,0,0,0,nan,0
CL-WETH/USDC,13.144926865929854,0xb2cc224c1c9feE385f8ad6a55b4d94E92359DC59,0xF33a96b5932D9E9B9A0eDA447AbD8C9d48d2e0c8,0x4200000000000000000000000000000000000006,0x833589fCD6eDb6E08f4c7C32D4f71b54bdA02913,0x940181a94A35A4569E4529A3CDfB74e38FD98631,18,18,6,213376832378297610,426708307,0.2133768323782976,426.708307,213376832805005917,445627761437371670,66891551631807298015579703,66891551.6318073,0.0,0,0,0,nan,0
CL-cbETH/WETH,0.4624531412530104,0x47cA96Ea59C13F72745928887f84C9F52C3D7348,0xF5550F8F0331B8CAA165046667f4E6628E9E3Aac,0x2Ae3F1Ec7F1F5012CFEab0185bfc7aa3cf0DEc22,0x4200000000000000000000000000000000000006,0x940181a94A35A4569E4529A3CDfB74e38FD98631,18,18,18,250580961525823,3945280109665807,0.000250580961525823,0.003945280109665807,4195861071191630,15724092577134245,2353319154296335241146218,2353319.1542963353,0.0,0,0,0,nan,0
CL-WETH/wstETH,0.2644209253680162,0x861A2922bE165a5Bd41b1E482B49216b465e1B5F,0x2A1f7bf46bd975b5004b61c6040597E1B6117040,0x4200000000000000000000000000000000000006,0xc1CBa3fCea344f92D9239c08C0568f6F2F0ee452,0x940181a94A35A4569E4529A3CDfB74e38FD98631,18,18,18,275455948751567,70119260402357,0.000275455948751567,7.0119260402357e-05,345575209153924,8990792779025606,1345578120151354029434724,1345578.120151354,0.0,0,0,0,nan,0
CL-WETH/DEGEN,0.05384423826048035,0xaFB62448929664Bfccb0aAe22f232520e765bA88,0x319e23D38d8ee58783Ff5331507b808709bd00b0,0x4200000000000000000000000000000000000006,0x4ed4E862860beD51a9570b96d89aF5E1B0Efefed,0x940181a94A35A4569E4529A3CDfB74e38FD98631,18,18,18,2566225601858163,2214910851791575319547,0.002566225601858163,2214.910851791575,2214913418017177177710,1830802111711454,274001116964105250840688,274001.1169641053,0.0,0,0,0,nan,0
CL-ezETH/WETH,0.0011149253384082859,0xDC7EAd706795eDa3FEDa08Ad519d9452BAdF2C0d,0xC6B4fe83Fb284bDdE1f1d19F0B5beB31011B280A,0x2416092f143378750bb29b79eD961ab195CcEea5,0x4200000000000000000000000000000000000006,0x940181a94A35A4569E4529A3CDfB74e38FD98631,18,18,18,38711364296769930,86594572802697091,0.03871136429676993,0.0865945728026971,125305937099467021,100117,5673602188921152006126,5673.6021889211515,0.0,0,0,0,nan,0
CL-WETH/BRETT,0.722913223642429,0x4e829F8A5213c42535AB84AA40BD4aDCCE9cBa02,0xFd73Ab1100a60Ba64686ef9dcdE36d0209773f6a,0x4200000000000000000000000000000000000006,0x532f27101965dd16442E59d40670FaF5eBB142E4,0x940181a94A35A4569E4529A3CDfB74e38FD98631,18,18,18,127801313296578327,60778279723249624289906,0.12780131329657832,60778.27972324962,60778407524562920868233,24580365498458571,3678741442824536568588566,3678741.4428245365,0.0,0,0,0,nan,0
CL-WETH/TOSHI,0.11904214660945292,0x74E4c08Bb50619b70550733D32b7e60424E9628e,0x527B83782B2eF0C5506e79333ca709D81644952f,0x4200000000000000000000000000000000000006,0xAC1Bd2486aAf3B5C0fc3Fd868558b082a531B2B4,0x940181a94A35A4569E4529A3CDfB74e38FD98631,18,18,18,1200407197269542,16093441406748945223561,0.001200407197269542,16093.441406748945,16093442607156142493103,4047823709453229,605778486065704596392951,605778.4860657046,4.449116210360801e-21,2695.178882242751,0,2695.178882242751,224.7637401943486,1781136000
CL-WETH/NORMILIO,1.416087783872543e-05,0x2b5fD674f93E329d54371DBa980a67F3ff3BC119,0xdF628e37E89486FbeF037FBf73EBC90D1367d786,0x4200000000000000000000000000000000000006,0xcDE90558fc317C69580DeeAF3eFC509428Df9080,0x940181a94A35A4569E4529A3CDfB74e38FD98631,18,18,18,9060568056509008,26944435153605021332817,0.009060568056509007,26944.43515360502,26944444214173077841825,0,72061495720905346009,72.06149572090534,0.0,0,0,0,nan,0
CL-USDC/USD+,0.0009228143661759266,0x0c1A09d5D0445047DA3Ab4994262b22404288A3B,0xeA22A3AAdA580bD75Fb6caC35034e09046cbFf72,0x833589fCD6eDb6E08f4c7C32D4f71b54bdA02913,0xB79DD08EA68A908A97220C76d19A6aA9cBDE4376,0x940181a94A35A4569E4529A3CDfB74e38FD98631,18,6,6,19720,38262,0.01972,0.038262,57982,31378717346940,4695993020822633241321,4695.993020822633,5.659425263614163e-22,2.6576621539799397,0,2.6576621539799397,1766.9638760480611,1781136000
CL-WETH/PRIME,0.004105284446360878,0x87Cd18069B6547a0E88b6155DD657E71779500eA,0xf9f8138150F67a469Fa5437e75ad16EAAab8C09e,0x4200000000000000000000000000000000000006,0xfA980cEd6895AC314E7dE34Ef1bFAE90a5AdD21b,0x940181a94A35A4569E4529A3CDfB74e38FD98631,18,18,18,49556533109462,301441552068552687,4.9556533109462e-05,0.30144155206855267,301491108601662149,139594992514690,20890861494160062384749,20890.86149416006,4.3082524284356555e-21,90.00310476432801,0,90.00310476432801,232.11267598892857,1781136000
CL-wBLT/USDC,0.1276756781438781,0x7cE345561E1690445eEfA0dB04F59d64b65598A8,0xf00d67799Cd4E1A77D14671149b599A96DcD38eC,0x4E74D4Db6c0726ccded4656d0BCE448876BB4C7A,0x833589fCD6eDb6E08f4c7C32D4f71b54bdA02913,0x940181a94A35A4569E4529A3CDfB74e38FD98631,18,18,6,546727610106109095,1,0.546727610106109,1e-06,546727610106109096,4341449555487419,649712570012316700838714,649712.5700123167,4.594629645847568e-22,298.5188635458404,0,298.5188635458404,2176.453984498528,1781136000
CL-WETH/doginme,0.005368013057434289,0x088c39ee29fC30DF8Adc394e9f7dEa33E3A26507,0x42d80fdf14f13CA7019FD5A77fd53F1C1f4099a6,0x4200000000000000000000000000000000000006,0x6921B130D297cc43754afba22e5EAc0FBf8Db75b,0x940181a94A35A4569E4529A3CDfB74e38FD98631,18,18,18,715890551705057,11559868271619549453698,0.000715890551705057,11559.868271619549,11559868987510101158755,322441614422561,27316601016796988584909,27316.601016796987,5.0771884969082065e-20,1386.9153245711268,0,1386.9153245711268,19.695939999252694,1781136000
CL-HIGHER/WETH,0.0004535112443933075,0xd9932A538e4c7621D9Ab1b45DE31a5D60E672B1c,0x63806fa58774B013458aA4C9a7FDD8a72db5Fe70,0x0578d8A44db98B23BF096A382e016e29a5Ce0ffe,0x4200000000000000000000000000000000000006,0x940181a94A35A4569E4529A3CDfB74e38FD98631,18,18,18,941450548666327035600,172551338819698,941.450548666327,0.000172551338819698,941450721217665855298,0,2307815869144751976577,2307.815869144752,0.0,0,0,0,nan,0
CL-WETH/KEYCAT,0.008445921328031026,0xB211a9DDff3a10806c8fdb92Dbc4c34596A23F84,0xA9edd05F8d82f4050d4649FEf30bEC9378f499e7,0x4200000000000000000000000000000000000006,0x9a26F5433671751C3276a065f57e5a02D2817973,0x940181a94A35A4569E4529A3CDfB74e38FD98631,18,18,18,188356201085681,449083692336971936356,0.000188356201085681,449.0836923369719,449083880693173022037,287192846189118,42979378155118053760688,42979.37815511806,4.490096090535165e-21,192.9815378279281,0,192.9815378279281,222.71238295054215,1781136000
CL-WETH/ROOST,1.3415919212321128e-05,0xAA500dbEDa452Cc2807185DA993b6E3779333Aca,0x4A7212433200428571B069AeC82620573eE2cbc0,0x4200000000000000000000000000000000000006,0xE1aBD004250AC8D1F199421d647e01d094FAa180,0x0000000000000000000000000000000000000000,18,18,18,0,0,0.0,0.0,0,0,68270570223187968200,68.27057022318797,0.0,0,0,0,nan,0
CL-tBTC/cbETH,1.9516795373272828e-08,0xEeB9b3B819C93Db45B731730af290ab6aF82f0D2,0xFC9C7A01517F958736c468229D59cFe34F80C83f,0x236aa50979D5f3De3Bd1Eeb40E81137F22ab794b,0x2Ae3F1Ec7F1F5012CFEab0185bfc7aa3cf0DEc22,0x0000000000000000000000000000000000000000,18,18,18,0,0,0.0,0.0,0,0,99316545364921468,0.09931654536492147,0.0,0,0,0,nan,0
CL-WETH/AERO,0.18290824462861463,0x82321f3BEB69f503380D6B233857d5C43562e2D0,0xdE8FF0D3e8ab225110B088a250b546015C567E27,0x4200000000000000000000000000000000000006,0x940181a94A35A4569E4529A3CDfB74e38FD98631,0x940181a94A35A4569E4529A3CDfB74e38FD98631,18,18,18,1684807948012944784,7407341141901988905324,1.6848079480129448,7407.3411419019885,7409025949850001850108,0,930778574445323023217600,930778.5744453231,0.0,0,0,0,nan,0
CL-Mog/WETH,0.00600038422280008,0xC29dc26B28FFF463e32834Ce6325B5c74fAC7098,0x44e6F4D58A81531338d11aE6374F199A35c787Be,0x2Da56AcB9Ea78330f947bD57C54119Debda7AF71,0x4200000000000000000000000000000000000006,0x940181a94A35A4569E4529A3CDfB74e38FD98631,18,18,18,115032651080414102342083791,9046756231994498,115032651.0804141,0.009046756231994498,115032651089460858574078289,0,30534594459436024924486,30534.594459436026,0.0,0,0,0,nan,0
CL-WETH/DOG,0.0018439322851280327,0xa4eb9849F46e1E9Db3700BCDadB62096a7bc4aAB,0x3E848AF39c45Cf45c97A622440411C4141dF3e82,0x4200000000000000000000000000000000000006,0xAfb89a09D82FBDE58f18Ac6437B3fC81724e4dF6,0x940181a94A35A4569E4529A3CDfB74e38FD98631,18,18,18,1,1,1e-18,1e-18,2,62701201588858,9383353206467085303379,9383.353206467085,0.0,0,0,0,nan,0
CL-LUSD/USDC,4.366042609898594e-08,0x95b9Ff408700af5a1092Cd218E33084a71e4bE97,0xBF58afee32FFa0Bd24E4c6e43b443aa9679b7c64,0x368181499736d0c0CC614DBB145E2EC1AC86b8c6,0x833589fCD6eDb6E08f4c7C32D4f71b54bdA02913,0x0000000000000000000000000000000000000000,18,18,6,0,0,0.0,0.0,0,0,222178006500489750,0.22217800650048977,0.0,0,0,0,nan,0
CL-WETH/BENJI,0.004956824588205626,0xeBeC4772aBA30d82bC64BBB99187B4Ca29928e2E,0x6c44652cbF0fc9c31149682Eba60aA0D601B6787,0x4200000000000000000000000000000000000006,0xBC45647eA894030a4E9801Ec03479739FA2485F0,0x940181a94A35A4569E4529A3CDfB74e38FD98631,18,18,18,36764618713527,65734109632059263444,3.6764618713527e-05,65.73410963205926,65734146396677976971,168565031105204,25224156151918904609182,25224.156151918905,0.0,0,0,0,nan,0
CL-DOLA/USD+,1.9573002358654061e-10,0x96331Fcb46A7757854d9E26AFf3aCA2815D623fD,0xCB4B8aeD321e22B0B87D9e41538408404433Ac70,0x4621b7A9c75199271F773Ebd9A499dbd165c3191,0xB79DD08EA68A908A97220C76d19A6aA9cBDE4376,0x940181a94A35A4569E4529A3CDfB74e38FD98631,18,18,6,4809113490617385606,9256928,4.809113490617386,9.256928,4809113490626642534,0,996025699661265,0.000996025699661265,0.0,0,0,0,nan,0
CL-USD+/USDbC,0.00013669842890370166,0x20086910E220D5f4c9695B784d304A72a0de403B,0x7E62007c19C9b9D581354B29c57c61C41b50851a,0xB79DD08EA68A908A97220C76d19A6aA9cBDE4376,0xd9aAEc86B65D86f6A7B5B1b0c42FFA531710b6CA,0x940181a94A35A4569E4529A3CDfB74e38FD98631,18,6,6,1244,423,0.001244,0.000423,1667,4648656515909,695627302324444464183,695.6273023244445,0.0,0,0,0,nan,0
CL-WETH/weirdo,4.198901380193345e-07,0x12CCDd646241412F2a5D44a6994Aa29086dEDC61,0xbe806f6D980FE4Ba0Af5D040A045429744C23cb8,0x4200000000000000000000000000000000000006,0x76734B57dFe834F102fB61E1eBF844Adf8DD931e,0x940181a94A35A4569E4529A3CDfB74e38FD98631,18,18,8,25679847505954015,365489927526300,0.025679847505954013,3654899.275263,26045337433480315,0,2136725683868623334,2.1367256838686233,0.0,0,0,0,nan,0
CL-USDz/USD+,7.535794453476219e-05,0x4Ef1E503C4F1e5664ac98294d0e42ddC9c0FF961,0x958ee1605Aed682Dae998aE47AF7122C641a292C,0x04D5ddf5f3a8939889F11E97f8c4BB48317F1938,0xB79DD08EA68A908A97220C76d19A6aA9cBDE4376,0x940181a94A35A4569E4529A3CDfB74e38FD98631,18,18,6,5378191840723152950,5377889,5.378191840723153,5.377889,5378191840728530839,0,383479489017098906187,383.47948901709896,0.0,0,0,0,nan,0
CL-USDz/USDC,0.001981261622549143,0xdE5Ff829fEF54d1BdEc957D9538A306f0EAD1368,0xE2F3C8c699A1bf30A12118B287B5208e7C6ddFEF,0x04D5ddf5f3a8939889F11E97f8c4BB48317F1938,0x833589fCD6eDb6E08f4c7C32D4f71b54bdA02913,0x940181a94A35A4569E4529A3CDfB74e38FD98631,18,18,6,10903334199146656,41736,0.010903334199146656,0.041736,10903334199188392,67376752038563,10082191059150434523954,10082.191059150435,6.690888350413704e-22,6.745881470431485,0,6.745881470431485,1494.5698502623632,1781136000
CL-WETH/RSC,0.41711806904315823,0x6cCa90E732942D73c276F73b805cA2948f6B3018,0xe3d65bd2dF47B6B39d9f58ee7368259412326A19,0x4200000000000000000000000000000000000006,0xFbB75A59193A3525a8825BeBe7D4b56899E2f7e1,0x940181a94A35A4569E4529A3CDfB74e38FD98631,18,18,18,17942089302261615,352155788245679352408,0.017942089302261616,352.15578824567933,352173730334981614023,14184931656106024,2122619253537129231534927,2122619.253537129,5.62880353847325e-21,11947.806765141242,0,11947.806765141242,177.65764840874846,1781136000
CL-WETH/TN100x,3.8332334197190405e-06,0xF9b787C6E6111442778A9f6f8850F2d446d44a7c,0x8c5D5de27801DF39a21c396A07C4Ea02f01325B6,0x4200000000000000000000000000000000000006,0x5B5dee44552546ECEA05EDeA01DCD7Be7aa6144A,0x0000000000000000000000000000000000000000,18,18,18,0,0,0.0,0.0,0,0,19506455519086473360,19.506455519086472,0.0,0,0,0,nan,0
CL-TYBG/WETH,0.0009301519793138425,0x8d628d22d298b4a6E3DC9171d4b7aa5229e2353c,0xCc0AbE95Dc41bD7c05f4b1a2F7585A06D3eB8CD8,0x0d97F261b1e88845184f678e2d1e7a98D9FD38dE,0x4200000000000000000000000000000000000006,0x940181a94A35A4569E4529A3CDfB74e38FD98631,18,18,18,1,1,1e-18,1e-18,2,31631672745860,4733332469955765928624,4733.332469955766,9.987170363423698e-22,4.727259776417332,0,4.727259776417332,1001.2846117678424,1781136000
CL-tBTC/T,0.07839138612943161,0xC35D9e6fC72e8EC2935fae56f07afaD2Ce4DCb1b,0xa8deC3aF01E62f7F0011214B520414FCbbA0cFdf,0x236aa50979D5f3De3Bd1Eeb40E81137F22ab794b,0x26f3901aC8a79c50fb0d8289C74f0d09AdC42E29,0x940181a94A35A4569E4529A3CDfB74e38FD98631,18,18,18,1,1,1e-18,1e-18,2,2665890667987716,398915985326395690002050,398915.9853263957,1.7961565302636283e-22,71.65155520705554,0,71.65155520705554,5567.44350033472,1781136000
CL-USD+/wstETH,8.77536613753025e-06,0xa01A2513E95263b9BaCe60B573ce874E1e7a5246,0xa53bA46F4F0280b42575A3BaadAC54a61DB578d0,0xB79DD08EA68A908A97220C76d19A6aA9cBDE4376,0xc1CBa3fCea344f92D9239c08C0568f6F2F0ee452,0x940181a94A35A4569E4529A3CDfB74e38FD98631,18,6,18,42918041,17723005884936444,42.918041,0.017723005884936444,17723005927854485,0,44655848074594425342,44.655848074594424,0.0,0,0,0,nan,0
CL-DEGEN/USD+,0.009637446140740155,0xa19acc3B4f11c46c2b1Fc36B5f592AF422Ee338c,0xFDb47B2dFcC65899E21aD86197fcEE79c38dFAB5,0x4ed4E862860beD51a9570b96d89aF5E1B0Efefed,0xB79DD08EA68A908A97220C76d19A6aA9cBDE4376,0x940181a94A35A4569E4529A3CDfB74e38FD98631,18,18,6,3216839808469861911085,6332098,3216.839808469862,6.332098,3216839808469868243183,327744909209958,49042777696464534043744,49042.77769646453,9.259590430639036e-22,45.41160350501405,0,45.41160350501405,1079.961373551796,1781136000
CL-PRE/AERO,1.872810504831781e-05,0xc286ecD3910c62dF30fBBFD2C95A3043076d3912,0x35984A6297D9C88A48C20fC99D408555f882dCbF,0x3816dD4bd44c8830c2FA020A5605bAC72FA3De7A,0x940181a94A35A4569E4529A3CDfB74e38FD98631,0x940181a94A35A4569E4529A3CDfB74e38FD98631,18,18,18,10845731590376417383354,59872386657759655395,10845.731590376417,59.872386657759655,10905603977034177038749,0,95303079171360909523,95.30307917136092,0.0,0,0,0,nan,0
CL-WETH/CHOMP,0.0009201400906900251,0x0a7021C9843c2fB3b98c02Ed7f93354774286109,0x243Bc7b24dC4f2552EA9336391E79967d3387652,0x4200000000000000000000000000000000000006,0xebfF2db643Cf955247339c8c6bCD8406308ca437,0x940181a94A35A4569E4529A3CDfB74e38FD98631,18,18,18,37175303578037741,1514298876490100706671,0.03717530357803774,1514.2988764901006,1514336051793678744412,0,4682384239384183133845,4682.384239384183,0.0,0,0,0,nan,0
CL-WETH/SKR,4.366779188065036e-10,0x4b1f694A027103F10B625b6D8928181d86D450AF,0x22766847029648Ca9639dF9a41d9384c1708C32A,0x4200000000000000000000000000000000000006,0xe2dCA969624795985F2f083BcD0b674337ba130a,0x940181a94A35A4569E4529A3CDfB74e38FD98631,18,18,18,6026251664767845,6040898966126301698991,0.006026251664767845,6040.898966126301,6040904992377966466836,0,2222154892928658,0.002222154892928658,0.0,0,0,0,nan,0
CL-RFL/USDC,0.0063950321330285675,0x51c230951b82Dbf7b8696B6fCd2be199cC10779f,0x3d27729DC4683bA7ba97562CDBb3Bb1Ce16540da,0x6e2c81b6c2C0e02360F00a0dA694e489acB0b05e,0x833589fCD6eDb6E08f4c7C32D4f71b54bdA02913,0x940181a94A35A4569E4529A3CDfB74e38FD98631,18,18,6,1,1,1e-18,1e-06,2,217478696661566,32542868170859696871897,32542.868170859696,3.1859029680764967e-21,103.67842029526406,0,103.67842029526406,313.882754754378,1781136000
CL-WETH/ZRO,0.0023008500080808755,0xA4463789e8F3c6A599B3dFB608DDe55513Bcf289,0x46e078FeDCD91a813306D5637d7ec5C7Dc201EC3,0x4200000000000000000000000000000000000006,0x6985884C4392D348587B19cb9eAAf157F13271cd,0x940181a94A35A4569E4529A3CDfB74e38FD98631,18,18,18,270573159308868466,336301089279281658420,0.27057315930886844,336.30108927928165,336571662438590526886,0,11708503872432836415084,11708.503872432837,0.0,0,0,0,nan,0
CL-wXCH/USDC,0.0034285525660174535,0x113138dC05b05AfbE25E8C31ca9DE9b445CAcA48,0xcbbc1c52E14A6163f32aB83Ba7aF70B3CeD3612d,0x36be1d329444aeF5D28df3662Ec5B4F965Cd93E9,0x833589fCD6eDb6E08f4c7C32D4f71b54bdA02913,0x940181a94A35A4569E4529A3CDfB74e38FD98631,18,18,6,58635890164929623,169108,0.05863589016492962,0.169108,58635890165098731,116596309132233,17447126433738330098813,17447.12643373833,0.0,0,0,0,nan,0
CL-WETH/RDNT,0.00026832902544099364,0x2092f4acbb18BB1649595DF59B9Cb601bBA1EBB7,0x8D88C541f22de965536bD1849013caEE6ce90e11,0x4200000000000000000000000000000000000006,0xd722E55C1d9D9fA0021A5215Cbb904b92B3dC5d4,0x940181a94A35A4569E4529A3CDfB74e38FD98631,18,18,18,1,1,1e-18,1e-18,2,9123132180769,1365465555089574109738,1365.465555089574,0.0,0,0,0,nan,0
CL-WETH/PRIME,4.9108323382906905e-06,0x8216144205B2Ac3523BAc7a8dC46d3c970e84876,0x7396905bE2C4c89C7c0445C7F72681515391730a,0x4200000000000000000000000000000000000006,0xfA980cEd6895AC314E7dE34Ef1bFAE90a5AdD21b,0x940181a94A35A4569E4529A3CDfB74e38FD98631,18,18,18,12361981496206798,8141125681473876625,0.012361981496206797,8.141125681473877,8153487662970083423,0,24990112022862409873,24.99011202286241,0.0,0,0,0,nan,0
CL-WETH/BOOMER,0.0001387970050700255,0xa7423f6BEc29a511d365B0c934e8000720128aE3,0x25206a301486De7fE19eAB25ACE698Aa7DB03Db6,0x4200000000000000000000000000000000000006,0xcdE172dc5ffC46D228838446c57C1227e0B82049,0x0000000000000000000000000000000000000000,18,18,18,0,0,0.0,0.0,0,0,706306480490644298734,706.3064804906443,0.0,0,0,0,nan,0
CL-WETH/APX,7.924568241722867e-08,0x0C9A0e17eAB266DCF8dcFB4bc12792a9712FEd1E,0x1d94aE3D754D68A42CcC095A9305f3A2A2F3d9e8,0x4200000000000000000000000000000000000006,0xcacf1ca03983CE6c7E235fb20C70aCC70ed13509,0x940181a94A35A4569E4529A3CDfB74e38FD98631,18,18,18,382708122057243,29151091729797900043659,0.000382708122057243,29151.0917297979,29151092112506022100902,0,403263305385828815,0.4032633053858288,0.0,0,0,0,nan,0
CL-USDz/WETH,0.008099673775910783,0xcf88B8bf7CCCe2D836878E538197eB20fC673BCE,0x549690894f61bf0D3a5799D03fDED6e775A424aA,0x04D5ddf5f3a8939889F11E97f8c4BB48317F1938,0x4200000000000000000000000000000000000006,0x940181a94A35A4569E4529A3CDfB74e38FD98631,18,18,18,21172861798230555,6083857189063,0.021172861798230556,6.083857189063e-06,21178945655419618,275387257704611,41217402889202427462235,41217.40288920243,0.0,0,0,0,nan,0
CL-EXTRA/WETH,0.008249838187336973,0x5A1401c002f67ca00557E7179D34C3FE6d753b28,0x283a6fFdd95F1145988e324F01663fF95247CcE0,0x2dAD3a13ef0C6366220f989157009e501e7938F8,0x4200000000000000000000000000000000000006,0x940181a94A35A4569E4529A3CDfB74e38FD98631,18,18,18,3300714815643283650,1,3.3007148156432837,1e-18,3300714815643283651,280492817090283,41981555522581447224345,41981.555522581446,0.0,0,0,0,nan,0
CL-WETH/MIGGLES,0.004928517414165803,0x326841EFD63340767e02ec88E583f18a82AF4A48,0xAfabcBbab5e4261B1d655c906738176191819164,0x4200000000000000000000000000000000000006,0xB1a03EdA10342529bBF8EB700a06C60441fEf25d,0x940181a94A35A4569E4529A3CDfB74e38FD98631,18,18,18,145113295046185,123995641370149389025,0.000145113295046185,123.99564137014939,123995786483444435210,167568587672399,25080107363123953858553,25080.107363123952,0.0,0,0,0,nan,0
CL-USDC/USDT,0.11260057712782502,0xa41Bc0AFfbA7Fd420d186b84899d7ab2aC57fcD1,0xBd85D45f1636fCEB2359d9Dcf839f12b3cF5AF3F,0x833589fCD6eDb6E08f4c7C32D4f71b54bdA02913,0xfde4C96c8593536E31F229EA8f37b2ADa2699bb2,0x940181a94A35A4569E4529A3CDfB74e38FD98631,18,6,6,7895252,7379844,7.895252,7.379844,15275096,3828396674865171,572998799882208680211480,572998.7998822087,0.0,0,0,0,nan,0
CL-WETH/USDT,0.466606881082378,0x9785eF59E2b499fB741674ecf6fAF912Df7b3C1b,0x2c0CbF25Bb64687d11ea2E4a3dc893D56Ca39c10,0x4200000000000000000000000000000000000006,0xfde4C96c8593536E31F229EA8f37b2ADa2699bb2,0x940181a94A35A4569E4529A3CDfB74e38FD98631,18,18,6,20348833239856339,35713681,0.02034883323985634,35.713681,20348833275570020,15951563487527052,2374456594245232511917985,2374456.5942452326,0.0,0,0,0,nan,0
CL-BITCOIN/WETH,0.00369974203720518,0xfD22D75b2FB405EE185155D57B0277b9DB2F8E29,0x4D046a24DA2B4C01B89Df7eAe9b4794586489769,0x2a06A17CBC6d0032Cac2c6696DA90f29D39a1a29,0x4200000000000000000000000000000000000006,0x940181a94A35A4569E4529A3CDfB74e38FD98631,18,8,18,4528603665,41509069460618,45.28603665,4.1509069460618e-05,41513598064283,125796715634636,18827148148501454216672,18827.148148501456,1.4412039842695396e-20,271.33760924053183,0,271.33760924053183,69.38643043696833,1781136000
CL-WETH/PEPE,0.0022139834883531397,0x3333E1d9174720D6eC2cF815e65B82915a9eaE1e,0x399fFB6b1263a12Ed23c27BA07043f07D74c19DA,0x4200000000000000000000000000000000000006,0xB4fDe59a779991bfB6a52253B51947828b982be3,0x940181a94A35A4569E4529A3CDfB74e38FD98631,18,18,18,9682069061997594,7001465791035541009375906,0.009682069061997594,7001465.791035541,7001465800717610071373500,0,11266459854333068139299,11266.459854333069,0.0,0,0,0,nan,0
CL-USD+/USDT,1.2024351166008248e-07,0xE9C137071861fbA0359eEcCB5865C2588D1Be2BE,0x9cc802bf83AED8e8C1B19d051Dd2D85e1f931973,0xB79DD08EA68A908A97220C76d19A6aA9cBDE4376,0xfde4C96c8593536E31F229EA8f37b2ADa2699bb2,0x940181a94A35A4569E4529A3CDfB74e38FD98631,18,6,6,15741118,15773229,15.741118,15.773229,31514347,0,611891960346122493,0.6118919603461225,0.0,0,0,0,nan,0
CL-BRETT/USD+,0.0008342935829220175,0xFAD14c545E464e04c737d00643296144eb20c7F8,0x5E3F10AcAa0CE7315Fd9c29839569Ad827a6500a,0x532f27101965dd16442E59d40670FaF5eBB142E4,0xB79DD08EA68A908A97220C76d19A6aA9cBDE4376,0x940181a94A35A4569E4529A3CDfB74e38FD98631,18,18,6,19937338505633063655,72786,19.937338505633065,0.072786,19937338505633136441,28367218998307,4245530830815004396632,4245.530830815004,2.3501032463675516e-21,9.97743578805187,0,9.97743578805187,425.513220130075,1781136000
CL-EURC/USDC,0.5876012200888742,0xE846373C1a92B167b4E9cd5d8E4d6B1Db9E90EC7,0x1f6c9d116CE22b51b0BC666f86B038a6c19900B8,0x60a3E35Cc302bFA44Cb288Bc5a4F316Fdb1adb42,0x833589fCD6eDb6E08f4c7C32D4f71b54bdA02913,0x940181a94A35A4569E4529A3CDfB74e38FD98631,18,6,6,8608988,16354066,8.608988,16.354066,24963054,19979312840398074,2990169344674210521001685,2990169.3446742105,7.973357905216901e-22,2384.1690382295355,0,2384.1690382295355,1254.176736937531,1781136000
CL-WETH/superOETHb,0.016724918115289023,0x6446021F4E396dA3df4235C62537431372195D38,0xdD234DBe2efF53BED9E8fC0e427ebcd74ed4F429,0x4200000000000000000000000000000000000006,0xDBFeFD2e8460a6Ee4955A68582F85708BAEA60A3,0x940181a94A35A4569E4529A3CDfB74e38FD98631,18,18,18,19243605384709,25992788199967,1.9243605384709e-05,2.5992788199967e-05,45236393584676,568777359256488,85109315179705696048620,85109.31517970569,1.103381212030959e-21,93.90801933810857,0,93.90801933810857,906.3050821386848,1781136000
CL-USDC/USDC+,1.0417315769854503e-06,0x8dd9751961621Fcfc394d90969E5ae0c5BAbE147,0xd030DF11Fa453A222782F6458cC71954A48EA104,0x833589fCD6eDb6E08f4c7C32D4f71b54bdA02913,0x85483696Cc9970Ad9EdD786b2C5ef735F38D156f,0x940181a94A35A4569E4529A3CDfB74e38FD98631,18,6,6,18780968,17235613,18.780968,17.235613,36016581,0,5301135736937172554,5.301135736937173,0.0,0,0,0,nan,0
CL-WETH/uSOL,0.271171752982042,0x0225Ba893D5f8Ecd6d2022f9dEC59b34F61098A1,0xcB1137E326B8c48A5B8B29a5Ccc19B6e8b9782D2,0x4200000000000000000000000000000000000006,0x9B8Df6E244526ab5F6e6400d331DB28C8fdDdb55,0x940181a94A35A4569E4529A3CDfB74e38FD98631,18,18,18,26492479153659322,576716404284241127,0.02649247915365932,0.5767164042842411,603208883437900449,9221949698222102,1379931550832772417542957,1379931.5508327724,2.8390024105067317e-21,3917.6289991485337,0,3917.6289991485337,352.23640399146774,1781136000
CL-USDC/cbBTC,8.307291675112273,0x4e962BB3889Bf030368F56810A9c96B83CB3E778,0x6399ed6725cC163D019aA64FF55b22149D7179A8,0x833589fCD6eDb6E08f4c7C32D4f71b54bdA02913,0xcbB7C0000aB88B473b1f5aFd9ef808440eed33Bf,0x940181a94A35A4569E4529A3CDfB74e38FD98631,18,6,8,202587799,284622,202.587799,0.00284622,202872421,282805103601821356,42273923291770784244899759,42273923.29177078,1.672937411223328e-21,70721.62779398856,0,70721.62779398856,597.7509937259125,1781136000
CL-IBTC/WETH,9.809348429724007e-11,0x9f093177c5087DD280bd61a1Afab564814807014,0xC5104cbB08A30b6cB3F52E38dA8878acDE1809cF,0x12418783e860997eb99e8aCf682DF952F721cF62,0x4200000000000000000000000000000000000006,0x940181a94A35A4569E4529A3CDfB74e38FD98631,18,8,18,865,64192685218985,8.65e-06,6.4192685218985e-05,64192685219850,0,499175494587170,0.00049917549458717,0.0,0,0,0,nan,0
CL-tBTC/cbBTC,0.008543850946784537,0x138aceE5573fA09e7F215965ff60898cc33c6330,0xB57eC27f68Bd356e300D57079B6cdbe57d50830d,0x236aa50979D5f3De3Bd1Eeb40E81137F22ab794b,0xcbB7C0000aB88B473b1f5aFd9ef808440eed33Bf,0x940181a94A35A4569E4529A3CDfB74e38FD98631,18,18,8,3314801814862,657,3.314801814862e-06,6.57e-06,3314801815519,290608490134653,43477719775116877670820,43477.71977511688,3.15127142111722e-21,137.01009578266883,0,137.01009578266883,317.332233998895,1781136000
CL-USD+/cbBTC,5.932040846347683e-07,0xe05ce080119b33dd30482A6eC9b8911508AE226e,0x1e6490C37841024B9eE55F505cCB24cefa7FCE9c,0xB79DD08EA68A908A97220C76d19A6aA9cBDE4376,0xcbB7C0000aB88B473b1f5aFd9ef808440eed33Bf,0x940181a94A35A4569E4529A3CDfB74e38FD98631,18,6,8,5770238,6215,5.770238,6.215e-05,5776453,0,3018681051652900195,3.0186810516529006,0.0,0,0,0,nan,0
CL-WETH/uBTC,1.8297539731320648e-08,0xDdF56Af090c09bB0F993E00D7c676076CC59C72e,0xe5FfE849A481028a8F772b7113bAb7bFae6f2A82,0x4200000000000000000000000000000000000006,0xF1143f3A8D76f1Ca740d29D5671d365F66C44eD1,0x940181a94A35A4569E4529A3CDfB74e38FD98631,18,18,18,35199927999007603,872200606608653,0.035199927999007605,0.000872200606608653,36072128605616256,0,93112029922739330,0.09311202992273933,0.0,0,0,0,nan,0
CL-WETH/EURC,0.01728947685939999,0x5d4e504EB4c526995E0cC7A6E327FDa75D8B52b5,0xb0C500d53720ff63F000de6D26f7Fe5c66571e3d,0x4200000000000000000000000000000000000006,0x60a3E35Cc302bFA44Cb288Bc5a4F316Fdb1adb42,0x940181a94A35A4569E4529A3CDfB74e38FD98631,18,18,6,209455857671628283,363702221,0.20945585767162828,363.702221,209455858035330504,0,87982226590020771156463,87982.22659002077,0.0,0,0,0,nan,0
CL-xPufETH/WETH,0.00010663433815287385,0xCDf927C0F7b81b146C0C9e9323eb5A28D1BFA183,0x7d90e903936dad918fac797913925C7598d233f8,0x23dA5F2d509cb43A59d43C108a43eDf34510eff1,0x4200000000000000000000000000000000000006,0x940181a94A35A4569E4529A3CDfB74e38FD98631,18,18,18,2179131555703314,9669798798717688,0.002179131555703314,0.009669798798717688,11848930354421002,9578,542637962845142579588,542.6379628451426,0.0,0,0,0,nan,1781136000
CL-WETH/SPX,0.02149630615425759,0x4BA1e3E9280facbAcaFA7baF4aE0b78Bea60beCa,0x9D312ED8646cE9a4eC2A44279C07CFCcfefAB012,0x4200000000000000000000000000000000000006,0x50dA645f148798F68EF2d7dB7C1CB22A6819bb2C,0x940181a94A35A4569E4529A3CDfB74e38FD98631,18,18,8,1084288786313888,138017170,0.001084288786313888,1.3801717,1084288924331058,731065863531762,109389826788430912299254,109389.82678843092,0.0,0,0,0,nan,0
CL-WETH/uSUI,0.006608962450177849,0x5C45b0F48c326f79b56709d8F63CE2beE7697106,0xeD5355807FB4e7A04A7Ff8Bbc20cf65d425cB868,0x4200000000000000000000000000000000000006,0xb0505e5a99abd03d94a1169e638B78EDfEd26ea4,0x940181a94A35A4569E4529A3CDfB74e38FD98631,18,18,18,1039879468889893,972372947729773661,0.001039879468889893,0.9723729477297737,973412827198663554,224763585241890,33631511036746642054267,33631.51103674664,0.0,0,0,0,nan,0
CL-WETH/mooBIFI,0.011666424722499761,0xb378137c90444BbceCD44a1f766851fbf53D2a9E,0x6E415053AAcDDDc8b678a806a5279A8DCDD4f6f1,0x4200000000000000000000000000000000000006,0xc55E93C62874D8100dBd2DfE307EDc1036ad5434,0x940181a94A35A4569E4529A3CDfB74e38FD98631,18,18,18,1,334025197925771,1e-18,0.000334025197925771,334025197925772,396762935399408,59367789539122906118909,59367.78953912291,0.0,0,0,0,nan,0
CL-WETH/OVN,3.941916911046371e-08,0x1DA71Ce5Ebf772f9fdD44E29Bec53C7185E188BA,0x7a8464B293e1A035A2546Dd38fb9cF8BE4c5AB44,0x4200000000000000000000000000000000000006,0xA3d1a8DEB97B111454B294E2324EfAD13a9d8396,0x940181a94A35A4569E4529A3CDfB74e38FD98631,18,18,18,373996278005178477,733577740362594243499,0.3739962780051785,733.5777403625942,733951736640599421976,0,200595211577010362,0.20059521157701038,0.0,0,0,0,nan,0
CL-Mog/USD+,0.0009184229214055826,0x08361c463C8EC4fC1c7AddfADB006f5Ca7951fc1,0xDE199C94Fc91fA302ceae3A34c85c386966fDce5,0x2Da56AcB9Ea78330f947bD57C54119Debda7AF71,0xB79DD08EA68A908A97220C76d19A6aA9cBDE4376,0x940181a94A35A4569E4529A3CDfB74e38FD98631,18,18,6,62166606508697261157577593,31060670,62166606.508697264,31.06067,62166606508697261188638263,0,4673645954339132262636,4673.645954339132,0.0,0,0,0,nan,0
CL-WIF/USD+,5.421287457891259e-06,0x090d9C28E1Edca0e693a9e553B256E07Ca2af021,0xF36283a09895eDff51E9451cd70c64e53B5dc2Bb,0x1fba65dE0a9cBD2D1DF82d141897042d36Bb6c86,0xB79DD08EA68A908A97220C76d19A6aA9cBDE4376,0x940181a94A35A4569E4529A3CDfB74e38FD98631,18,18,6,1612328196336362748,554465,1.6123281963363627,0.554465,1612328196336917213,0,27587702358414755267,27.587702358414752,0.0,0,0,0,nan,0
CL-KEYCAT/USD+,2.1264635407641866e-12,0x5D7411A51442D287d742FfefC02658D2c9865F29,0x13DBd71e42055a440337F0c3794d82cD82703e74,0x9a26F5433671751C3276a065f57e5a02D2817973,0xB79DD08EA68A908A97220C76d19A6aA9cBDE4376,0x940181a94A35A4569E4529A3CDfB74e38FD98631,18,18,6,1887650763617552605152,4588939,1887.6507636175527,4.588939,1887650763617557194091,0,10821090690041,1.0821090690041e-05,0.0,0,0,0,nan,0
CL-MIGGLES/USD+,9.819817959053448e-07,0xaeA775CB2879F54E197eC085f9bB08E4B59f1d9E,0x871f78b2C1324fbdEFC9A6Ac9Ac409C9202dEd4F,0xB1a03EdA10342529bBF8EB700a06C60441fEf25d,0xB79DD08EA68A908A97220C76d19A6aA9cBDE4376,0x940181a94A35A4569E4529A3CDfB74e38FD98631,18,18,6,1159333912534943186709,29643993,1159.3339125349432,29.643993,1159333912534972830702,0,4997082651904938879,4.997082651904939,0.0,0,0,0,nan,0
CL-USDz/BRETT,6.18793868056822e-06,0xaf61a867867A95836A08A025220F8E6879F8bAdb,0x3E3E749FD28c2Ee7C6Dd05fa2D70b1b37dba5607,0x04D5ddf5f3a8939889F11E97f8c4BB48317F1938,0x532f27101965dd16442E59d40670FaF5eBB142E4,0x940181a94A35A4569E4529A3CDfB74e38FD98631,18,18,18,1160289361562688300135,22186143780413051719423,1160.2893615626883,22186.14378041305,23346433141975740019558,0,31489016558815711239,31.48901655881571,0.0,0,0,0,nan,0
CL-USDz/DEGEN,0.0009185842933572617,0x24Ee0b4DcCE323A03fba842190CeaA451Ff7cA5B,0x9918C85E4e5937DA606d65C9935Ea3ffe4DE06A4,0x04D5ddf5f3a8939889F11E97f8c4BB48317F1938,0x4ed4E862860beD51a9570b96d89aF5E1B0Efefed,0x940181a94A35A4569E4529A3CDfB74e38FD98631,18,18,18,3079626330211662394,1960343238325287483559,3.079626330211662,1960.3432383252875,1963422864655499145953,0,4674467139603056836599,4674.467139603057,0.0,0,0,0,nan,0
CL-WETH/DOG,1.1350898353854927e-05,0x6bFdf73DC419f2d9393AF8e68459491395Ea88a2,0x85b720eFdAC1BbE7671003AB8E349945B915A611,0x4200000000000000000000000000000000000006,0x9E53e88dCff56d3062510A745952DEC4cEFDff9E,0x940181a94A35A4569E4529A3CDfB74e38FD98631,18,18,18,336058684531392,5070746509000167468829,0.000336058684531392,5070.746509000168,5070746845058852000221,0,57762147408537370814,57.76214740853737,0.0,0,0,0,nan,0
CL-WETH/uNEAR,0.004876836364917083,0x864cc817099761c7b7F8228822f2BDe0B74A6588,0xB95276137089404eD801c65d5Fba51BDf2c084DF,0x4200000000000000000000000000000000000006,0x5ed25E305E08F58AFD7995EaC72563E6BE65A617,0x940181a94A35A4569E4529A3CDfB74e38FD98631,18,18,18,270457944619080,451912308546607074,0.00027045794461908,0.4519123085466071,452182766491226154,177917862293300,24817114224442679046153,24817.11422444268,5.28974000870556e-21,131.2760820136503,0,131.2760820136503,189.04520795998587,1781136000
CL-BOTTO/WETH,2.804333815825358e-05,0x6641fFD33CF3eF95c75f2afC75A4791Cd2C1B448,0xa3E705674531E59718D97c5fDA03e41263F14351,0x24914CB6BD01E6a0CF2a9c0478e33c25926e6a0c,0x4200000000000000000000000000000000000006,0x940181a94A35A4569E4529A3CDfB74e38FD98631,18,18,18,272443836111487710316,11875237436221687,272.4438361114877,0.011875237436221688,272455711348923932003,0,142706187830003981871,142.70618783000398,0.0,0,0,0,nan,0
CL-WETH/CHAD,0.00010311940582117991,0x36104bB6Ce1EdF37076f1CF6FBaBbCDF67DDff1B,0x3c63fa8945D6b2AA673a5E1B8ab70022c1796d6c,0x4200000000000000000000000000000000000006,0xecaF81Eb42cd30014EB44130b89Bcd6d4Ad98B92,0x940181a94A35A4569E4529A3CDfB74e38FD98631,18,18,18,8973478051414590,610615231668566293305681,0.00897347805141459,610615.2316685662,610615240642044344720271,0,524751269374278428145,524.7512693742784,0.0,0,0,0,nan,0
CL-USDz/KEYCAT,5.729654030233722e-05,0x2C206C7dE24787f85B5c52d2ea339aDC6D5af40F,0xE7CfAea003D352B7c94a255566Da36b2DcE39B88,0x04D5ddf5f3a8939889F11E97f8c4BB48317F1938,0x9a26F5433671751C3276a065f57e5a02D2817973,0x940181a94A35A4569E4529A3CDfB74e38FD98631,18,18,18,1,1,1e-18,1e-18,2,1948618459197,291569099094154741061,291.56909909415475,1.6129692536055098e-21,0.4702919921403297,0,0.4702919921403297,619.974619953031,1781136000
CL-WETH/uAPT,0.00010091009078534892,0xa88C07bD10813CF9B4111DeAb984c4026F2C83bf,0x27149E8aEf0331487B97D2D80ef88D7EAB9E026E,0x4200000000000000000000000000000000000006,0x9c0e042d65a2e1fF31aC83f404E5Cb79F452c337,0x940181a94A35A4569E4529A3CDfB74e38FD98631,18,18,18,1,3852288257752,1e-18,3.852288257752e-06,3852288257753,3431887241115,513508566216054165142,513.5085662160542,3.991138688830271e-23,0.02049483905670655,0,0.02049483905670655,25055.506159147815,1781136000
CL-WETH/Neiro,0.0004902698993119321,0xa4513D1f6BDa04Bd733462b58D1790514DdCf5de,0xC36EBCd3B47b3b6C0fBC23e9778B634DFF0517a6,0x4200000000000000000000000000000000000006,0x5Ca35eBC4f25B042d2cAE75914c7e882E631fA9A,0x940181a94A35A4569E4529A3CDfB74e38FD98631,18,18,9,1,64421249651,1e-18,64.421249651,64421249652,16674756628919,2494872327387818362420,2494.872327387818,5.508265943157169e-22,1.3742420273475582,0,1.3742420273475582,1815.4533755623836,1781136000
CL-SolvBTC/cbBTC,5.227273920413911e-05,0x83eE4a0d418aA520A7BC1A3782bDb445F31b8e29,0x2d3825c93f79E97548FE7b7779ADfE6C3b962afb,0x3B86Ad95859b6AB773f55f8d94B4b9d443EE931f,0xcbB7C0000aB88B473b1f5aFd9ef808440eed33Bf,0x940181a94A35A4569E4529A3CDfB74e38FD98631,18,18,8,1,1,1e-18,1e-08,2,1777762217204,266004114672746357465,266.00411467274637,0.0,0,0,0,nan,0
CL-SolvBTC/xSolvBTC,2.7824134251899094e-05,0x0c0E3d9b455B1097D4B4B2fd0B34E51d31AD2d1A,0x04917fBA393848554F344c2877A17e9E0650622A,0x3B86Ad95859b6AB773f55f8d94B4b9d443EE931f,0xC26C9099BD3789107888c35bb41178079B282561,0x940181a94A35A4569E4529A3CDfB74e38FD98631,18,18,18,3225068442707,3344217670924,3.225068442707e-06,3.344217670924e-06,6569286113631,0,141590708864669502603,141.5907088646695,0.0,0,0,0,nan,0
CL-jEUR/USDC,3.1879867070385696e-05,0xf11fD84609D5d55f5A2787eF5c8774C17a609B25,0x8f28db1048a89e878FdC18aBbf5D7b5bF242d280,0x4154550f4Db74Dc38d1FE98e1F3F28ed6daD627d,0x833589fCD6eDb6E08f4c7C32D4f71b54bdA02913,0x940181a94A35A4569E4529A3CDfB74e38FD98631,18,18,6,42199271043806597,43383,0.042199271043806594,0.043383,42199271043849980,0,162229413362583118563,162.2294133625831,0.0,0,0,0,nan,0
CL-VIRTUAL/WETH,0.34264798927065865,0xC200F21EfE67c7F41B81A854c26F9cdA80593065,0xBDA319Bc7Cc8F0829df39eC0FFF5D1E061FFadf7,0x0b3e328455c4059EEb9e3f84b5543F74E24e7E1b,0x4200000000000000000000000000000000000006,0x940181a94A35A4569E4529A3CDfB74e38FD98631,18,18,18,16393560388041434715,7462585244536881,16.393560388041436,0.007462585244536881,16401022973285971596,11649267755652912,1743657906932894249568156,1743657.9069328941,0.0,0,0,0,nan,0
CL-WETH/uSEI,5.6051026080296515e-05,0x859c91f9Fe1EC10e38a7CCaD0B87f0aAE0b88cFE,0x4C74464A878947AF6fb4c2aFdd10799529cAe732,0x4200000000000000000000000000000000000006,0x71a67215a2025F501f386A49858A9ceD2FC0249d,0x940181a94A35A4569E4529A3CDfB74e38FD98631,18,18,18,1,1,1e-18,1e-18,2,1905610026552,285230959693187203945,285.23095969318723,5.395618537896992e-22,0.15389974537027107,0,0.15389974537027107,1853.3556310112356,1781136000
CL-EIGEN/WETH,0.003626526747441281,0x3c5428b3D6e07f6de38b0c7F84ea9d30b3b27231,0xBf53D46947cED25cefb63a2b09C7a99C1ab96830,0x2081Ab0D9EC9e4303234Ab26D86b20B3367946ee,0x4200000000000000000000000000000000000006,0x940181a94A35A4569E4529A3CDfB74e38FD98631,18,18,18,899183667773454115,163868459037164,0.8991836677734542,0.000163868459037164,899347536232491279,123550870406143,18454572143672296885693,18454.572143672296,5.589974577822837e-21,103.16058912772564,0,103.16058912772564,178.8916901281287,1781136000
CL-WETH/LUNA,0.0034159611329181872,0xB6b777577A05D85FFca7D9EBC7476Fb344B92445,0x9C590e540B6D2b602565d00eB47023a2Ea66f4E0,0x4200000000000000000000000000000000000006,0x55cD6469F597452B5A7536e2CD98fDE4c1247ee4,0x940181a94A35A4569E4529A3CDfB74e38FD98631,18,18,18,62026217553104,1,6.2026217553104e-05,1e-18,62026217553105,116135069068656,17383051486356077946578,17383.05148635608,3.781109223696751e-21,65.72721631105648,0,65.72721631105648,264.4726562599296,1781136000
CL-WETH/MOODENG,6.827959081946132e-05,0xCE8893c143059E7359d261a7AE4bAb7273CD0C27,0xcc8C372072c8F0B42186020326f8C91301fB0A8f,0x4200000000000000000000000000000000000006,0x81893B6D44151716CEeEc730d8d89114C959a079,0x940181a94A35A4569E4529A3CDfB74e38FD98631,18,18,6,6739295074078838,133853958,0.006739295074078838,133.853958,6739295207932796,0,347459352287205469396,347.45935228720543,0.0,0,0,0,nan,0
CL-POPCAT/WETH,0.00024203842782053405,0x5D332dC44faC918e66D335fB874FdcDab73560C2,0x3d806C3a4ACBb6c3CF1C0389131421a36DfCEd85,0x13281AE464191bC592c6E5D65EeeAEee02660D84,0x4200000000000000000000000000000000000006,0x940181a94A35A4569E4529A3CDfB74e38FD98631,18,9,18,170999140692,35755777014012884,170.999140692,0.035755777014012884,35755948013153576,0,1231678666345583811085,1231.6786663455837,0.0,0,0,0,nan,0
CL-NEIRO/WETH,3.881984846315209e-08,0xaEF61f2410B14626157C950cEeE2Ddac90195250,0xa4a99F0C9FFb071Cb85B106c6e85167e60666442,0x2545D6738E3f072c430Af027B94b62847234cE3D,0x4200000000000000000000000000000000000006,0x0000000000000000000000000000000000000000,18,9,18,0,0,0.0,0.0,0,0,197545404725093932,0.1975454047250939,0.0,0,0,0,nan,0
CL-SolvBTC/xSolvBTC,1.4679246387555275e-06,0x283f82A1D3B65090ed241B30C3D4cCb777B1e8AE,0x264fC3fEded75803Fa8ae9C83D7c2C4591342CEb,0x3B86Ad95859b6AB773f55f8d94B4b9d443EE931f,0xC26C9099BD3789107888c35bb41178079B282561,0x940181a94A35A4569E4529A3CDfB74e38FD98631,18,18,18,9808925032754,15429579884593,9.808925032754e-06,1.5429579884593e-05,25238504917347,0,7469935570308820056,7.46993557030882,0.0,0,0,0,nan,0
CL-msUSD/USDC,7.955122812004825,0x7501bc8Bb51616F79bfA524E464fb7B41f0B10fB,0x3d86AED6eCC8dAf71C8b50d06f38455b663265d8,0x526728DBc96689597F85ae4cd716d4f7fCcBAE9d,0x833589fCD6eDb6E08f4c7C32D4f71b54bdA02913,0x940181a94A35A4569E4529A3CDfB74e38FD98631,18,18,6,51943646516836810132,1,51.94364651683681,1e-06,51943646516836810133,270459137804667388,40481815817158348623930159,40481815.81715835,0.0,0,0,0,nan,0
CL-WETH/WELL,0.01845561376248148,0x3Ba9ce0f19cF3CcB631b973c83712C7E6E9585ae,0xe871A267A418C200F8b92Ae21397221122B79808,0x4200000000000000000000000000000000000006,0xA88594D404727625A9437C3f886C7643872296AE,0x940181a94A35A4569E4529A3CDfB74e38FD98631,18,18,18,933745248152644,688878329239696822722,0.000933745248152644,688.8783292396968,688879262984944975366,627455980732858,93916432817094619350696,93916.43281709461,8.866848136412205e-21,832.7427473027375,0,832.7427473027375,112.77964668115204,1781136000
CL-BTCB/AERO,1.491148060705523e-07,0x1a1fa53D4D84D016BF660f2CF0f86f481a537752,0x627AC3BEA1d3544270A924e5a13fd826Ae2a29Ab,0x0c41F1FC9022FEB69aF6dc666aBfE73C9FFDA7ce,0x940181a94A35A4569E4529A3CDfB74e38FD98631,0x0000000000000000000000000000000000000000,18,18,18,0,0,0.0,0.0,0,0,758811429768247461,0.7588114297682474,0.0,0,0,0,nan,0
CL-USDC/STAR,0.020179299773384913,0xa7C2693022cfB693c198EaA743E9B54d7921588E,0x9Aa4F2cF55E1EA0eEEfC6E455ADe474c8Add67A2,0x833589fCD6eDb6E08f4c7C32D4f71b54bdA02913,0xC19669A405067927865B40Ea045a2baabbbe57f5,0x940181a94A35A4569E4529A3CDfB74e38FD98631,18,6,18,3042854,4658125713275898661,3.042854,4.658125713275899,4658125713278941515,1811589,102687880005151302274582,102687.8800051513,0.0,0,0,0,nan,0
CL-RUSSELL/WETH,1.019749482530611e-06,0x6bcE1AAa2eFE9dE37BEC193f3499484082B261c2,0x985a58248b44Ca5914b03b6de3f0934A2078720B,0x0C5142BC58f9A61AB8C3D2085DD2F4e550c5cE0B,0x4200000000000000000000000000000000000006,0x940181a94A35A4569E4529A3CDfB74e38FD98631,18,18,18,121116233457759188498747,259576002631742917,121116.23345775918,0.2595760026317429,121116493033761820241664,0,5189273843660892491,5.189273843660892,0.0,0,0,0,nan,0
CL-LOGX/USDC,1.6557487946618377e-05,0x68ae3F59217490F3E02b8076aE117c9f9Dc0fEbE,0xf661ede7D6318e43fCF252351A05C3ce377F1E9D,0x04055057677807D2a53d2b25a80FF3b4d932aE1a,0x833589fCD6eDb6E08f4c7C32D4f71b54bdA02913,0x940181a94A35A4569E4529A3CDfB74e38FD98631,18,18,6,1115697179922585783079,9902648,1115.6971799225857,9.902648,1115697179922595685727,0,84257301023477632445,84.25730102347762,0.0,0,0,0,nan,0
CL-WETH/ElonRWA,2.830990974387087e-07,0x5Ca1C5d0db6c558ca0a4c1Bb7792831aB5805672,0x6c58108057d0Cb05D36518B2642DAaAEDe49828D,0x4200000000000000000000000000000000000006,0xAa6Cccdce193698D33deb9ffd4be74eAa74c4898,0x940181a94A35A4569E4529A3CDfB74e38FD98631,18,18,18,29382599356424,990172274954335650051,2.9382599356424e-05,990.1722749543356,990172304336935006475,0,1440627101724073089,1.4406271017240733,0.0,0,0,0,nan,0
CL-uXRP/WETH,0.0212815409962362,0x61C6e9E93592e535Efc1BEE07f491A517e98f6d0,0x4b9C4828A512ed379b8F2b656aCc839A62265ADb,0x2615a94df961278DcbC41Fb0a54fEc5f10a693aE,0x4200000000000000000000000000000000000006,0x940181a94A35A4569E4529A3CDfB74e38FD98631,18,18,18,630061134900837991,568443486599334,0.630061134900838,0.000568443486599334,630629578387437325,723539342870790,108296935606682604178519,108296.9356066826,7.278587183756526e-21,788.2486875469058,0,788.2486875469058,137.38930025207083,1781136000
CL-cbBTC/LBTC,0.12041626420791601,0xA44D3Bb767d953711EA4Bce8C0F01f4d7D299aF6,0xc3f97660D0b47F0E05C3c513f73eeff7c1bd6c7a,0xcbB7C0000aB88B473b1f5aFd9ef808440eed33Bf,0xecAc9C5F704e954931349Da37F60E39f515c11c1,0x940181a94A35A4569E4529A3CDfB74e38FD98631,18,8,8,413,439,4.13e-06,4.39e-06,852,4094020179671808,612771058882827510472544,612771.0588828275,0.0,0,0,0,nan,0
CL-USDC/AVAIL,0.0018880736763171955,0xFf0df9b15C29542fa5d7eFe169452507b4d648C2,0x63F2328a30DFbf8dDC137318181D887d98d06514,0x833589fCD6eDb6E08f4c7C32D4f71b54bdA02913,0xd89d90d26B48940FA8F58385Fe84625d468E057a,0x940181a94A35A4569E4529A3CDfB74e38FD98631,18,6,18,2966,25311222300388818552,0.002966,25.311222300388817,25311222300388821518,64192421881006,9607978735231547066700,9607.978735231547,0.0,0,0,0,nan,0
CL-CLANKER/WETH,0.6100984523853731,0xd23FE2DB317e1A96454a2D1c7e8fc0DbF19BB000,0xeE096FdD7fe7a759F3e8B0855B02976cf0FD25F9,0x1bc0c42215582d5A085795f4baDbaC3ff36d1Bcb,0x4200000000000000000000000000000000000006,0x940181a94A35A4569E4529A3CDfB74e38FD98631,18,18,18,145539357349049917,6947269463541149,0.1455393573490499,0.006947269463541149,152486626812591066,20872020814625982,3104652657596588259137456,3104652.657596588,0.0,0,0,0,nan,0
CL-SEAM/USDC,0.0024490735486609964,0x948e80fBB383694b462f79557a3A44a25416dc72,0x843b7a6e1aa033572d72df5b318Fc90a37Eaa2fb,0x1C7a460413dD4e964f96D8dFC56E7223cE88CD85,0x833589fCD6eDb6E08f4c7C32D4f71b54bdA02913,0x940181a94A35A4569E4529A3CDfB74e38FD98631,18,18,6,1,4588,1e-18,0.004588,4589,83266900052110,12462779854253834084852,12462.779854253835,0.0,0,0,0,nan,0
CL-AERO/cbBTC,1.5268435598551235,0xdFe5F275020def30993f042174Fc2D335678b626,0x2B74B62c564456C48055bd515A62594742b3f545,0x940181a94A35A4569E4529A3CDfB74e38FD98631,0xcbB7C0000aB88B473b1f5aFd9ef808440eed33Bf,0x940181a94A35A4569E4529A3CDfB74e38FD98631,18,18,8,164811542723681272298,90536,164.81154272368127,0.00090536,164811542723681362834,51911731338952080,7769760597334195566171840,7769760.597334195,1.972264184952974e-21,15324.020551781061,0,15324.020551781061,507.03146547471454,1781136000
CL-ANON/WETH,1.8717732568085797e-07,0xDB20b9455DEB2D616727cbdae4aC9F8eeB9AC899,0xf823D416eF26B5233dAE227BA7B8F3159a68C2fc,0x0Db510e79909666d6dEc7f5e49370838c16D950f,0x4200000000000000000000000000000000000006,0x940181a94A35A4569E4529A3CDfB74e38FD98631,18,18,18,727900904754970294773810,175067662002158418,727900.9047549703,0.17506766200215843,727901079822632296932228,0,952502959718751855,0.9525029597187519,0.0,0,0,0,nan,0
CL-WETH/MORPHO,2.216829996392061,0xB5F0b4aE66C14F7EFaA9aA1468E8FC536A3E288c,0xf008577BfbB3B8EAAaC22C1933C9a8cd876fCFd2,0x4200000000000000000000000000000000000006,0xBAa5CC21fd487B8Fcc2F632f3F4E8D37262a0842,0x940181a94A35A4569E4529A3CDfB74e38FD98631,18,18,18,36648836208930614,41659695346049702955,0.03664883620893061,41.6596953460497,41696344182258633569,75370754613361614,11280945088172549159181263,11280945.088172548,1.2905366055419026e-21,14558.472581394799,0,14558.472581394799,774.8714726151414,1781136000
CL-WETH/SAINT,4.846320556948081e-07,0xeb4ab2038eF5662ff00AcabBB76A09aBd7440D10,0x7cFfFd69796e607a38a36BE004074941cF58b7B9,0x4200000000000000000000000000000000000006,0x7588880d9c78E81FAde7b7e8DC0781E95995a792,0x940181a94A35A4569E4529A3CDfB74e38FD98631,18,18,18,16805761541388017,32245293797666457912521,0.016805761541388017,32245.293797666458,32245310603427999300538,0,2466182619848678762,2.466182619848679,0.0,0,0,0,nan,0
CL-WETH/DOGE,5.5823471408361556e-05,0x03Cd22d89bba07b109b869DA1B5fD344d0Ad6B40,0x8118696CDb46892a6314b70c71B2fBcD2EcD5E5d,0x4200000000000000000000000000000000000006,0x67f0870BB897F5E1c369976b4A2962d527B9562c,0x940181a94A35A4569E4529A3CDfB74e38FD98631,18,18,18,8735385186790776,8213956096592882284895,0.008735385186790776,8213.956096592883,8213964831978069075671,0,284072985575716204008,284.0729855757162,0.0,0,0,0,nan,0
CL-RSR/bsdETH,0.0001720645502596675,0xe2cb3a61D580004306e70F32341e00D596b4ecc4,0x0DED14A7A643344eC12e38d87dbDeF8245551e38,0xaB36452DbAC151bE02b16Ca17d8919826072f64a,0xCb327b99fF831bF8223cCEd12B1338FF3aA322Ff,0x940181a94A35A4569E4529A3CDfB74e38FD98631,18,18,18,4361403507797909337,1,4.36140350779791,1e-18,4361403507797909338,5852153077461,875597473085223840381,875.5974730852239,1.0596280108050752e-21,0.9278076086712461,0,0.9278076086712461,943.7274116982134,1781136000
CL-SIMMI/WETH,0.001915924835033411,0xBae6f0e8D43E6158D3Df940B332adC75BEEBA75f,0x1c553B8CBCfa13c5F93394A3138e6C6Ca16E3737,0x161e113B8E9BBAEfb846F73F31624F6f9607bd44,0x4200000000000000000000000000000000000006,0x940181a94A35A4569E4529A3CDfB74e38FD98631,18,18,18,1,1,1e-18,1e-18,2,65140838506249,9749706965466140098263,9749.70696546614,1.5539445722632297e-22,1.5150504220143115,0,1.5150504220143115,6435.235965614644,1781136000
CL-HENLO/WETH,0.0007155475485930784,0xa1B6F148F208FFe9Eb04C68BcBFEa3525f2536d6,0xB592a97283c160FFD764E614d6cA4ddbCEa395A3,0x23A96680Ccde03Bd4Bdd9a3e9a0Cb56A5D27F7c9,0x4200000000000000000000000000000000000006,0x940181a94A35A4569E4529A3CDfB74e38FD98631,18,18,18,75877296454723061066361757883,39957560763823735,75877296454.72307,0.039957560763823737,75877296454763018627125581618,0,3641259192988382510090,3641.2591929883824,0.0,0,0,0,nan,0
CL-GAME/WETH,0.13809709785237143,0x2A36148a416cBa81699B555120Bd65f4682BDFD2,0x6366138fD616Df7E5906D7B00250634da342Ee20,0x1C4CcA7C5DB003824208aDDA61Bd749e55F463a3,0x4200000000000000000000000000000000000006,0x940181a94A35A4569E4529A3CDfB74e38FD98631,18,18,18,1033303648774984973597,3968450623059716,1033.303648774985,0.003968450623059716,1033307617225608033313,4695257655672214,702744811394673345223660,702744.8113946733,9.451147180786493e-22,664.1744643025102,0,664.1744643025102,1058.0726136959634,1781136000
CL-WETH/PEPE,0.0015646042022997634,0x47f6F4b438B9D91E7387d6c1CF953A86BF5de1A5,0x16cb808aEB948836695d5033a8CAC675f916835A,0x4200000000000000000000000000000000000006,0x52b492a33E447Cdb854c7FC19F1e57E8BfA1777D,0x940181a94A35A4569E4529A3CDfB74e38FD98631,18,18,18,2648324826152771,1236632382152734930131551945,0.002648324826152771,1236632382.152735,1236632382155383254957704716,0,7961915942852518210184,7961.915942852518,0.0,0,0,0,nan,0
CL-WETH/PLAY,0.001084979657126904,0x9D029DF22CEefC6245D382a41bc232c8Dc988Bf9,0x353e5958AfeC30AB701Ef5c09EA04Ae7Eca6907A,0x4200000000000000000000000000000000000006,0x7404AC09aDf614603D9c16a7CE85A1101F3514ba,0x940181a94A35A4569E4529A3CDfB74e38FD98631,18,18,18,589254868954169,1337489647996626856883,0.000589254868954169,1337.489647996627,1337490237251495811052,0,5521215408377317820844,5521.2154083773175,0.0,0,0,0,nan,0
CL-USDS/USDC,3.9397333367126604e-05,0xA441378a1CB4DF371535296e539a1E0deF6924e4,0xe2a2B1D8AA4bD8A05e517Ccf61E96A727831B63e,0x820C137fa70C8691f0e44Dc420a5e53c168921Dc,0x833589fCD6eDb6E08f4c7C32D4f71b54bdA02913,0x940181a94A35A4569E4529A3CDfB74e38FD98631,18,18,6,1,1,1e-18,1e-06,2,1339510165309,200484094431380681598,200.48409443138067,0.0,0,0,0,nan,0
CL-WETH/USDS,3.2056438216463645e-05,0x4289a0666397f517c2A761652AaebAf6A4f7A693,0x0C8a0BA64139c17eB90a9Fe63158498be41467eb,0x4200000000000000000000000000000000000006,0x820C137fa70C8691f0e44Dc420a5e53c168921Dc,0x940181a94A35A4569E4529A3CDfB74e38FD98631,18,18,18,1,229215899799361,1e-18,0.000229215899799361,229215899799362,1089919575379,163127943879719219793,163.12794387971923,3.582814949117927e-20,5.844572359511283,0,5.844572359511283,27.911014501214904,1781136000
CL-WETH/MOXIE,2.9268359655729215e-05,0x8A86610952343bEff5f1A906Fd5Bd9185c031A90,0xe6813B3271803DC1C083EC5E605d68926757cA92,0x4200000000000000000000000000000000000006,0x8C9037D1Ef5c6D1f6816278C7AAF5491d24CD527,0x940181a94A35A4569E4529A3CDfB74e38FD98631,18,18,18,214466044937650,26747684632142848348717,0.00021446604493765,26747.68463214285,26747684846608893286367,0,148940044403284255950,148.94004440328425,0.0,0,0,0,nan,0
CL-WETH/FAI,0.1478290572794752,0x28A9eC9928A689410e82E579FD9418FbBF6452F3,0x093b5fa753c6a4C94B0aE98326919A5e241901a0,0x4200000000000000000000000000000000000006,0xb33Ff54b9F7242EF1593d2C9Bcd8f9df46c77935,0x940181a94A35A4569E4529A3CDfB74e38FD98631,18,18,18,17525368844166586,10828329131509256636317,0.017525368844166587,10828.329131509257,10828346656878100802903,5026257555038083,752268545770407834821612,752268.5457704078,0.0,0,0,0,nan,0
CL-Mog/wBLT,0.00014416086754631387,0x48d0CC084D274889131986925FB3B348a4405811,0xCB32e7190785E7bF4f02c56Cb576bf38BeBB2b17,0x2Da56AcB9Ea78330f947bD57C54119Debda7AF71,0x4E74D4Db6c0726ccded4656d0BCE448876BB4C7A,0x940181a94A35A4569E4529A3CDfB74e38FD98631,18,18,18,13408464562548410812742753,10133291059622195641,13408464.56254841,10.133291059622195,13408474695839470434938394,0,733601960141316138606,733.6019601413161,0.0,0,0,0,nan,0
CL-WETH/PENDLE,0.23910485021974834,0x016df91005F30039c9f1A89b44db5e8c60613603,0xB2025A9813914b7a0eB85a2b87848028fbE4d203,0x4200000000000000000000000000000000000006,0xA99F6e6785Da0F5d6fB42495Fe424BCE029Eeb3E,0x940181a94A35A4569E4529A3CDfB74e38FD98631,18,18,18,3566607934292528,1807424363214124647,0.003566607934292528,1.8074243632141247,1810990971148417175,8129677607414446,1216750355252619274052104,1216750.3552526194,0.0,0,0,0,nan,0
CL-WETH/REI,0.015179324135880619,0x54cdD0222dF6B3BC17754c2C1B3d7D4203FE3d89,0xa4A7e0daE53e9dE540ddEf4Bb7214499DfDEA07D,0x4200000000000000000000000000000000000006,0x6B2504A03ca4D43d0D73776F6aD46dAb2F2a4cFD,0x940181a94A35A4569E4529A3CDfB74e38FD98631,18,18,18,163181595827081,15043730918878380148,0.000163181595827081,15.04373091887838,15043894100474207229,516104168033168,77244137949745177544043,77244.13794974519,1.063697212395678e-21,82.16437421105115,0,82.16437421105115,940.1171577274157,1781136000
CL-USDC/ODOS,0.007262292742651133,0xb7068556049dF8Fb3ae77CCbb9611FE0e85B2641,0x417e10d1d0b491aeBeF222c9Df0263618EFCCB39,0x833589fCD6eDb6E08f4c7C32D4f71b54bdA02913,0xca73ed1815e5915489570014e024b7EbE65dE679,0x940181a94A35A4569E4529A3CDfB74e38FD98631,18,6,18,463104,662479584976421152597,0.463104,662.4795849764212,662479584976421615701,246921372809978,36956160723834037410261,36956.16072383404,6.967391275882738e-21,257.48803181736156,0,257.48803181736156,143.52574161601171,1781136000
CL-uSHIB/WETH,4.903666836493737e-07,0x83212D59403D96A95Fd750d5b6880F77d0CAb337,0xbE1F88D873Ed7Cb52160e5C3aaf6bB04bc0aF982,0x239b9C1F24F3423062B0d364796e07Ee905E9FcE,0x4200000000000000000000000000000000000006,0x940181a94A35A4569E4529A3CDfB74e38FD98631,18,18,18,2986800706539443936975640,20144713723288566,2986800.706539444,0.020144713723288566,2986800726684157660264206,0,2495364840930963729,2.495364840930964,0.0,0,0,0,nan,0
CL-WETH/uLINK,0.00034476837682118126,0xFd4F716cb3c493aFDDd40C67d3f42426aEb2d902,0xfd4fbaF8B074e7c275b9fCA2de88A912cAeEA9c3,0x4200000000000000000000000000000000000006,0xd403D1624DAEF243FbcBd4A80d8A6F36afFe32b2,0x940181a94A35A4569E4529A3CDfB74e38FD98631,18,18,18,33805354427048,1,3.3805354427048e-05,1e-18,33805354427049,11722287151299,1754448078286593073107,1754.4480782865933,0.0,0,0,0,nan,0
CL-AERO/CHAMP,5.618359733882285e-10,0xee16Ce7cf7F4714C9Fc20463ab6c5223E826A2eb,0x869305781fff479f0311974d55FeeB6Fc9DE96a2,0x940181a94A35A4569E4529A3CDfB74e38FD98631,0xEb6d78148F001F3aA2f588997c5E102E489Ad341,0x940181a94A35A4569E4529A3CDfB74e38FD98631,18,18,18,36865109473318498586,8010017751767075117314,36.8651094733185,8010.017751767075,8046882861240393615900,0,2859055847614782,0.002859055847614782,0.0,0,0,0,nan,0
CL-WETH/CHAMP,0.0014803656362491376,0x5535B3174F3d335C87475e54D3682099C1F9fB70,0xB9E4E0368A9F281584C9adB685e6C9F4b9F37dBb,0x4200000000000000000000000000000000000006,0xEb6d78148F001F3aA2f588997c5E102E489Ad341,0x940181a94A35A4569E4529A3CDfB74e38FD98631,18,18,18,4928762682903157,5177021611530451517595,0.004928762682903157,5177.021611530451,5177026540293134420752,0,7533244985011762886094,7533.244985011763,0.0,0,0,0,nan,0
CL-WETH/ZEREBRO,5.215853795879641e-09,0xcBD3c500a97538ACa280a280799176D1eAc04DE4,0xfc6087cD934B4FFa50118457Cc16b8537eC55873,0x4200000000000000000000000000000000000006,0xD2e92077ad4d7d50D7d60be13FffE3FB52cc0B9f,0x940181a94A35A4569E4529A3CDfB74e38FD98631,18,18,18,42334041042340866,1757822473099997766290,0.04233404104234086,1757.8224730999978,1757864807141040107156,0,26542297043534040,0.02654229704353404,0.0,0,0,0,nan,0
CL-WETH/COOKIE,0.0025076841059676353,0xE8833415Bd6Aee9c0c7B6aaD7DC80421C3F28ca1,0x282ece21a112950f62EC4493E2Bd2b27a74c7937,0x4200000000000000000000000000000000000006,0xC0041EF357B183448B235a8Ea73Ce4E4eC8c265F,0x940181a94A35A4569E4529A3CDfB74e38FD98631,18,18,18,113154976456483556,21599325025481074658492,0.11315497645648355,21599.325025481074,21599438180457531142048,0,12761035687871871742659,12761.035687871872,0.0,0,0,0,nan,0
CL-WETH/LAY,0.00024772349890029796,0xEDA5C8f08e92E6983Ae29aB2D5Dc244342bF70c8,0x7946898CDBe3246a55C596D2d602A7394011fDDE,0x4200000000000000000000000000000000000006,0xb89D354AD1b0d95a48b3De4607F75a8cD710c1bA,0x940181a94A35A4569E4529A3CDfB74e38FD98631,18,18,18,991727283231946,5047209784434442092745,0.000991727283231946,5047.209784434442,5047210776161725324691,0,1260608703731198722981,1260.6087037311988,0.0,0,0,0,nan,0
CL-WETH/Anon,0.005037320092263954,0x1807af3897aA6419E770D4642dF7B8b06E542C02,0xeCa59A0fBD6498B4d3d6E4143a30C2E8d8F68686,0x4200000000000000000000000000000000000006,0x79bbF4508B1391af3A0F4B30bb5FC4aa9ab0E07C,0x940181a94A35A4569E4529A3CDfB74e38FD98631,18,18,18,19128159599195,308643638420595447,1.9128159599195e-05,0.30864363842059545,308662766580194642,171274653650653,25633779516184393165496,25633.779516184393,6.548549470841166e-21,167.8640732863684,0,167.8640732863684,152.70557311244522,1781136000
CL-WETH/ACOLYT,6.753118900728614e-06,0x984FaEED533D60B53F142ad76b629D64849ea507,0x792F8CAB72d9B67cc310C8dBd2A87b9FDC327Fb7,0x4200000000000000000000000000000000000006,0x79dacb99A8698052a9898E81Fdf883c29efb93cb,0x940181a94A35A4569E4529A3CDfB74e38FD98631,18,18,18,124078625399774,931470135297568253210,0.000124078625399774,931.4701352975683,931470259376193652984,0,34365090519799353914,34.36509051979935,0.0,0,0,0,nan,0
CL-WETH/AION,7.742266535660342e-05,0x1d6aaA7ae38856fFfc37e5e3C99D1c392631f450,0x41aD48761d843B7b2c33fE4aAd944Ab229599dF8,0x4200000000000000000000000000000000000006,0xfc48314ad4aD5bD36a84E8307b86A68A01D95d9C,0x940181a94A35A4569E4529A3CDfB74e38FD98631,18,18,18,4781729573313827,592225940373725451304,0.004781729573313827,592.2259403737255,592230722103298765131,0,393986385013411524612,393.98638501341156,0.0,0,0,0,nan,0
CL-WETH/GEKKO,2.8126262489591645e-05,0x027256310dDD3773bc410f1CBd83524C42321Cd0,0xe3D090Ce1684Ada21EFeffF4eBc469e2def2d6D3,0x4200000000000000000000000000000000000006,0xf7b0dd0B642a6ccc2fc4d8FfE2BfFb0caC8C43C8,0x940181a94A35A4569E4529A3CDfB74e38FD98631,18,18,18,123168740725921,919108987087696103762,0.000123168740725921,919.108987087696,919109110256436829683,0,143128170945452894470,143.1281709454529,0.0,0,0,0,nan,0
CL-BNKR/WETH,2.6023914592903323,0xCDD442e2De893c07146B2F1072f8e077559f9aa4,0x28dCF4ABc65a3E0971602BdBaa95f14CEEC09a2a,0x22aF33FE49fD1Fa80c7149773dDe5890D3c76F3b,0x4200000000000000000000000000000000000006,0x940181a94A35A4569E4529A3CDfB74e38FD98631,18,18,18,122255468077432601193349,43188978609614082,122255.4680774326,0.043188978609614084,122255511266411210807431,88485168717736855,13242979929883358432075850,13242979.929883357,0.0,0,0,0,nan,0
CL-WETH/DKING,1.0996291987625586e-06,0x18D9600F64149AC0dB8517a74D0827b57960C4d3,0x16fe97736520c893E57807fC2d6B08030bDa96f1,0x4200000000000000000000000000000000000006,0x57eDc3F1fd42c0D48230e964b1C5184B9c89B2ed,0x940181a94A35A4569E4529A3CDfB74e38FD98631,18,18,18,74493591886379,215081698550601088649,7.4493591886379e-05,215.0816985506011,215081773044192975028,0,5595763603334839960,5.595763603334841,0.0,0,0,0,nan,0
CL-USDC/TRUMP,0.000116564887666298,0x0c40e7F5b43f6759060a3c4D2fb406DFecF03B57,0x0c1D14b66e74FBB35d53A0c97Dbe93fa8a97BbE7,0x833589fCD6eDb6E08f4c7C32D4f71b54bdA02913,0xc27468b12ffA6d714B1b5fBC87eF403F38b82AD4,0x940181a94A35A4569E4529A3CDfB74e38FD98631,18,6,18,1,1,1e-06,1e-18,2,3963379035422,593172277131146098277,593.1722771311461,0.0,0.0,0,0.0,nan,1781136000
CL-WETH/VEIL,0.0041020947986214005,0x8caD4aF4c6b4dd0eFd195407498E55eB9C328CD3,0x40a844835DF0a7b09E2B4D4D85443714c473624d,0x4200000000000000000000000000000000000006,0x767A739D1A152639e9Ea1D8c1BD55FDC5B217D7f,0x940181a94A35A4569E4529A3CDfB74e38FD98631,18,18,18,3496582900063,5931898873950310382,3.496582900063e-06,5.931898873950311,5931902370533210445,139470848410842,20874630100206438821533,20874.630100206436,7.097919778022492e-21,148.1664498471589,0,148.1664498471589,140.8863485744557,1781136000
CL-WETH/WELS,4.7550748575218753e-07,0x39d8E6Ce85Be6fDb679b1515a0A8cbC919df948b,0x977EFe76abA185f61A70A67D491e780b205ed908,0x4200000000000000000000000000000000000006,0x7F62ac1e974D65Fab4A81821CA6AF659A5F46298,0x940181a94A35A4569E4529A3CDfB74e38FD98631,18,18,18,177014724220558,169991718579347709733,0.000177014724220558,169.99171857934772,169991895594071930291,0,2419749752807264060,2.4197497528072645,0.0,0,0,0,nan,0
CL-WETH/USDC,0.002238287410283405,0x0652202C4b2D09CB93aEDeFAdc14B36869483a98,0x9017Bdde03D36636113a55Aa97CF159048843498,0x4200000000000000000000000000000000000006,0x833589fCD6eDb6E08f4c7C32D4f71b54bdA02913,0x940181a94A35A4569E4529A3CDfB74e38FD98631,18,18,6,87273551666203,186053,8.7273551666203e-05,0.186053,87273551852256,76105091119430,11390137001055540584604,11390.137001055542,0.0,0,0,0,nan,0
CL-WETH/B3,0.19010667191647482,0xB099C658e784b41EE435d48a8eb67e8f27285C93,0x3B86cA918E7c114Cf8dDF69609E53bB4E7727237,0x4200000000000000000000000000000000000006,0xB3B32F9f8827D4634fE7d973Fa1034Ec9fdDB3B3,0x940181a94A35A4569E4529A3CDfB74e38FD98631,18,18,18,5958047374037627,33521011881250572752205,0.005958047374037627,33521.011881250575,33521017839297946789832,6464037051105142,967409738354019879651261,967409.7383540199,2.9799990053570964e-21,2882.880058067748,0,2882.880058067748,335.5705818029859,1781136000
CL-PONKE/USDC,0.003755237356002581,0x0e62644261Fa9C5f2A068d133927Bb0678Ac042d,0x62005BbF01daBf943e0e05561b6ed93D36ABb257,0x4A0c64af541439898448659AEdcEC8E8e819FC53,0x833589fCD6eDb6E08f4c7C32D4f71b54bdA02913,0x940181a94A35A4569E4529A3CDfB74e38FD98631,18,18,6,2595331394860923336,254401,2.5953313948609233,0.254401,2595331394861177737,127686172529663,19109551239862991990374,19109.551239862994,1.924557787673354e-21,36.777435657621325,0,36.777435657621325,519.5998823235778,1781136000
CL-WETH/LsETH,3.222223069675511e-05,0x04f8375dAd560480D6639B9600CD88ca594E2293,0x0fe62690cD3B234E1F1e206621e84b57f3b219A1,0x4200000000000000000000000000000000000006,0xB29749498954A3A821ec37BdE86e386dF3cE30B6,0x940181a94A35A4569E4529A3CDfB74e38FD98631,18,18,18,55101593000,11474848,5.5101593e-08,1.1474848e-11,55113067848,1095625367450,163971624211203352762,163.97162421120336,6.395573391093811e-24,0.0010486925566996058,0,0.0010486925566996058,156358.14630671823,1781136000
CL-USDC/AAA,0.003375301735133599,0xfd198524340203Da7896909941E92E5EF0D2B753,0x5ADA69FF0dd93F5538Adce7b5bF0B588fFA466e8,0x833589fCD6eDb6E08f4c7C32D4f71b54bdA02913,0xaaa843fb2916c0B57454270418E121C626402AAa,0x940181a94A35A4569E4529A3CDfB74e38FD98631,18,6,18,1034252,91717961295954324515,1.034252,91.71796129595432,91717961295955358767,0,17176145032332715970802,17176.145032332715,0.0,0,0,0,nan,0
CL-USDC/BRZ,0.001458514187822555,0xD43Decd5Df4BDFFd5A4Cf35cA1f9557E33B7246C,0xaF4290B7Be7a2e387d6dbbAC746d891Be507Fa09,0x833589fCD6eDb6E08f4c7C32D4f71b54bdA02913,0xE9185Ee218cae427aF7B9764A011bb89FeA761B4,0x940181a94A35A4569E4529A3CDfB74e38FD98631,18,6,18,1,8171190790456968,1e-06,0.008171190790456967,8171190790456969,49592629324907,7422047919743562032176,7422.047919743562,2.2518207864007123e-21,16.713121783340718,0,16.713121783340718,444.0850737497587,1781136000
CL-WETH/W,0.01698059557031948,0xf1Eef36d55978eDfD427e95c3D0C9B9359EF0AEF,0xA2292a26d33117f52Fd511aafD98A73C2172a990,0x4200000000000000000000000000000000000006,0xB0fFa8000886e57F86dd5264b9582b2Ad87b2b91,0x940181a94A35A4569E4529A3CDfB74e38FD98631,18,18,18,557602111808162,63394843950707573102,0.000557602111808162,63.394843950707575,63395401552819381264,577438000430313,86410399762274751355355,86410.39976227476,0.0,0,0,0,nan,0
CL-WETH/KAITO,0.00955578267901904,0x56b92E5B391DbFb8b8028AC95A4b97f52ffEB416,0x6205DfbE68444cFF504A20a712cEa794c6b6Cf04,0x4200000000000000000000000000000000000006,0x98d0baa52b2D063E780DE12F615f963Fe8537553,0x940181a94A35A4569E4529A3CDfB74e38FD98631,18,18,18,273477834336653,1315694118866646435,0.000273477834336653,1.3156941188666464,1315967596700983088,324921527470524,48627210860538767820042,48627.21086053877,0.0,0,0,0,nan,0
CL-WETH/RIZ,6.19772376573561e-05,0x78abF9026c500744Cb033842744b87ffA0F73689,0x5983adac7383396B31A3F4c5654623702ad27FaC,0x4200000000000000000000000000000000000006,0x67543CF0304C19CA62AC95ba82FD4F4B40788dc1,0x940181a94A35A4569E4529A3CDfB74e38FD98631,18,18,8,219763310636660,54068089530,0.00021976331063666,540.6808953,219817378726190,0,315388106380351682257,315.3881063803517,0.0,0,0,0,nan,0
CL-WETH/KTA,0.25925187659450366,0x46D710c35BdfB800a18A820712310048Ef8B5256,0x6bf4D7E9cC3BF9fEA7ee88bA7cfde9626E77eFd4,0x4200000000000000000000000000000000000006,0xc0634090F2Fe6c6d75e61Be2b949464aBB498973,0x940181a94A35A4569E4529A3CDfB74e38FD98631,18,18,18,5887674999121165,101696729564359605907,0.005887674999121165,101.6967295643596,101702617239358727072,8817005350372098,1319274003251553708074984,1319274.0032515537,3.553946957334973e-21,4688.629829746988,0,4688.629829746988,281.37730022562806,1781136000
CL-USDC/PROS,1.4971713763219062e-05,0x3115267471EA743bFe311C3FCdcd1b52c584269B,0x3C2552aF840c08471C4f92996B0Fb8091C702C17,0x833589fCD6eDb6E08f4c7C32D4f71b54bdA02913,0x915424Ac489433130d92B04096F3b96c82e92a9D,0x940181a94A35A4569E4529A3CDfB74e38FD98631,18,6,18,135942,3094811196285023606,0.135942,3.0948111962850238,3094811196285159548,0,76187655848031571337,76.18765584803157,0.0,0,0,0,nan,0
CL-WETH/RED,0.0026812366425323303,0x80866012A372c686A3b71a2aB05D004e29B36E1b,0x4bFE96D4f9E60aFD1E577C61E4BCC679e9A21cfB,0x4200000000000000000000000000000000000006,0x4eB92702bA4cfbF80561BAd64D89C706Ac824960,0x940181a94A35A4569E4529A3CDfB74e38FD98631,18,18,18,942421374380318006,15124592623584510977913,0.942421374380318,15124.59262358451,15125535044958891295919,0,13644205185797198039646,13644.205185797198,0.0,0,0,0,nan,0
CL-WETH/RWAX,0.0026108317531043576,0x7A9b4Ccc4F80506259c301BB07cf9A97b4d8805e,0xCA635E72A2Dca090eFD8b9E14202D48c2D99a5a0,0x4200000000000000000000000000000000000006,0xe0023E73aab4fE9a22f059a9d27E857E027eE3dc,0x940181a94A35A4569E4529A3CDfB74e38FD98631,18,18,18,1,27324157168290192202,1e-18,27.324157168290192,27324157168290192203,88778317128717,13285930670895986818069,13285.930670895987,0.0,0,0,0,nan,0
CL-BIO/WETH,1.0366854919683097,0x222cCBE78890A4d9Ef8d22d7FC1B968Be0F2c653,0x6f29b7B27e2043849A21E1E6ea9ED6d2678E11F3,0x226A2FA2556C48245E57cd1cbA4C6c9e67077DD2,0x4200000000000000000000000000000000000006,0x940181a94A35A4569E4529A3CDfB74e38FD98631,18,18,18,1033449071095875790373,23721457804865190,1033.4490710958758,0.02372145780486519,1033472792553680655563,35423779508853770,5275457354706122418832488,5275457.354706123,0.0,0,0,0,nan,0
CL-WETH/XION,3.1889494525367656e-05,0x0c5BF61d127cd801fe4F77F344321ff1f163BF17,0xB5c7edC19d639a01eA8f976897D5401753264643,0x4200000000000000000000000000000000000006,0xe4c3461a20f50daD7B9E88ca0222A255C4126fC0,0x940181a94A35A4569E4529A3CDfB74e38FD98631,18,18,6,1775621413575065,15812118,0.001775621413575065,15.812118,1775621429387183,0,162278405297538483218,162.2784052975385,0.0,0,0,0,nan,0
CL-oUSDT/USDC,0.0036825264955451277,0x4858bA5A92a23de1B2dBB3509B01D0A9F0E0756A,0x2ce6eBFb4E00eE53f7B138C46850F0bD3B33a83B,0x1217BfE6c773EEC6cc4A38b5Dc45B92292B6E189,0x833589fCD6eDb6E08f4c7C32D4f71b54bdA02913,0x940181a94A35A4569E4529A3CDfB74e38FD98631,18,6,6,88877,278903,0.088877,0.278903,367780,125221301087300,18739542161372859156308,18739.542161372858,3.375289936375363e-21,63.25138806956363,0,63.25138806956363,296.27084453487697,1781136000
CL-PROMPT/cbBTC,0.0006151872869747642,0x41D60eD9C8327EA0c6b16a44343c177E0402FeeA,0x6d5EBd01df7091d15FFd730281e71715160B1587,0x30c7235866872213F68cb1F08c37Cb9eCCB93452,0xcbB7C0000aB88B473b1f5aFd9ef808440eed33Bf,0x940181a94A35A4569E4529A3CDfB74e38FD98631,18,18,8,1,1,1e-18,1e-08,2,20918954019210,3130548582705480107555,3130.54858270548,5.68801529285907e-21,17.806608213467058,0,17.806608213467058,175.8082474313025,1781136000
CL-USDC/CTX,0.04787670344097404,0x562d63bFCea2eae8be3265B1f841D42Af6DdE0B7,0x09f0FCCB52931ac063290E1498f391680573E74d,0x833589fCD6eDb6E08f4c7C32D4f71b54bdA02913,0xBB22Ff867F8Ca3D5F2251B4084F6Ec86D4666E14,0x940181a94A35A4569E4529A3CDfB74e38FD98631,18,6,18,1,412992493102202048,1e-06,0.41299249310220204,412992493102202049,1628029675328627,243633685667987768074096,243633.68566798774,2.7052485979772167e-22,65.90896865733458,0,65.90896865733458,3696.517949395576,1781136000
CL-MOCA/USDC,0.0017238385962558631,0xbf4f004307F623C2Fa2c6cf8Ce8095200e389B13,0x5f42dc8b628b61F268BB832cBF04780a18CF6dD8,0x2B11834Ed1FeAEd4b4b3a86A6F571315E25A884D,0x833589fCD6eDb6E08f4c7C32D4f71b54bdA02913,0x940181a94A35A4569E4529A3CDfB74e38FD98631,18,18,6,1783816277533433167,60446,1.7838162775334332,0.060446,1783816277533493613,58618496857065,8772223660309760780845,8772.22366030976,3.9228079733463256e-21,34.41174891864042,0,34.41174891864042,254.9194369937401,1781136000
CL-WETH/uHBAR,0.0021598963026535924,0x006B41C8B19E73324808ecE954DDDfF978c9c8F3,0x760E67cD9Ef0B4b14a804b3C20fBf762A3e94117,0x4200000000000000000000000000000000000006,0xc79e06860Aa9564f95E08fb7E5b61458d0C63898,0x940181a94A35A4569E4529A3CDfB74e38FD98631,18,18,18,4226549520305077,89906020777547304302,0.004226549520305077,89.9060207775473,89910247327067609379,0,10991222432950541827190,10991.222432950542,0.0,0,0,0,nan,0
CL-WETH/Base is for everyone,0.0015194969328521653,0x9aa26B650357bF9cc5439123BCd7e0C0200d90e6,0x78495D7753540ebEAc1fB45A27fB790868cB811e,0x4200000000000000000000000000000000000006,0xD769d56f479E9E72a77bB1523e866A33098Feec5,0x940181a94A35A4569E4529A3CDfB74e38FD98631,18,18,18,475007027777014,3225137052747606762819,0.000475007027777014,3225.137052747607,3225137527754634539833,51669933818730,7732375278686152793813,7732.375278686153,0.0,0,0,0,nan,0
CL-WETH/HYPER,0.0019697735552288748,0x29AF315b3Bd7566005f14d81C582b59E1C632fFd,0x29C4ff5Cfb44a14974cCC2447e9555f753B3489D,0x4200000000000000000000000000000000000006,0xC9d23ED2ADB0f551369946BD377f8644cE1ca5c4,0x940181a94A35A4569E4529A3CDfB74e38FD98631,18,18,18,49100962079199,1381874200075113773,4.9100962079199e-05,1.3818742000751139,1381923301037192972,66981424599206,10023730889980900750455,10023.730889980901,0.0,0,0,0,nan,0
CL-USDC/TRYB,0.0013046498127577972,0xeAd784aFe3Bdf564367D36DeBD3619a31ef2bd6a,0x2420CBAC5cA9DA04344A8752395912B87a2f4A2e,0x833589fCD6eDb6E08f4c7C32D4f71b54bdA02913,0xFb8718a69aed7726AFb3f04D2Bd4bfDE1BdCb294,0x940181a94A35A4569E4529A3CDfB74e38FD98631,18,6,6,177508,100927435,0.177508,100.927435,101104943,117118,6639067010536963185227,6639.067010536963,0.0,0,0,0,nan,0
CL-ZORA/USDC,1.3504711755976033,0x3f53f1Fd5b7723DDf38D93a584D280B9b94C3111,0xaDEfE661847835C6566b1caAbECfcF09C586F300,0x1111111111166b7FE7bd91427724B487980aFc69,0x833589fCD6eDb6E08f4c7C32D4f71b54bdA02913,0x940181a94A35A4569E4529A3CDfB74e38FD98631,18,18,6,3913345878196690057291,29521060,3913.34587819669,29.52106,3913345878196719578351,46006039849890714,6872241534024268627732415,6872241.534024268,0.0,0,0,0,nan,0
CL-WETH/SIGN,0.004491840615296105,0x8A7b72F8ff5299E493317D4430293894107af859,0x3b23C56D4E0aA528FAc0446E17a4b6fF575fC057,0x4200000000000000000000000000000000000006,0x868FCEd65edBF0056c4163515dD840e9f287A4c3,0x940181a94A35A4569E4529A3CDfB74e38FD98631,18,18,18,1,1644646960778498735,1e-18,1.6446469607784988,1644646960778498736,152749955802545,22857958169299708743489,22857.95816929971,1.302898161042165e-21,29.78159166395932,0,29.78159166395932,767.5196956300238,1781136000
CL-USDC/rETH,6.518206791890313e-06,0xcb1F3E1A6BB8A0e2D97bDC9d48DB093B2C0095f9,0xF3616d12202831496fEA710eB652918550687Cbe,0x833589fCD6eDb6E08f4c7C32D4f71b54bdA02913,0xB6fe221Fe9EeF5aBa221c348bA20A1Bf5e73624c,0x940181a94A35A4569E4529A3CDfB74e38FD98631,18,6,18,448,1,0.000448,1e-18,449,221658753379,33169676074548854079,33.16967607454885,0.0,0,0,0,nan,0
CL-USDC/RIZE,0.024189049370670422,0xEa5cb64754Ad7aA24F7A6BBe3b724F29B4f822B8,0xE590B6913D090A012BDBBd9c58A9f0D7309C9356,0x833589fCD6eDb6E08f4c7C32D4f71b54bdA02913,0x9818B6c09f5ECc843060927E8587c427C7C93583,0x940181a94A35A4569E4529A3CDfB74e38FD98631,18,6,18,1732996,539682079481577194737,1.732996,539.6820794815771,539682079481578927733,822373794683225,123092586319085502758285,123092.5863190855,0.0,0,0,0,nan,0
CL-GIZA/USDC,0.008679818853087048,0xe077DdFb9E9d9403A8eC42D3023D17e8417ee399,0xe9d34ea7240cD470Ef9e8A797c442c41E090117a,0x590830dFDf9A3F68aFCDdE2694773dEBDF267774,0x833589fCD6eDb6E08f4c7C32D4f71b54bdA02913,0x940181a94A35A4569E4529A3CDfB74e38FD98631,18,18,6,144690943865131229512915,1081791132,144690.94386513124,1081.791132,144690943865132311304047,0,44169629613601916069202,44169.629613601915,0.0,0,0,0,nan,0
CL-MAMO/cbBTC,0.003866810959741144,0xE2B3aA806e56603a244bFc111c9474F7DeDD03db,0x219A387d97D62cF1A9f853D41a4D13BB71EA818C,0x7300B37DfdfAb110d83290A29DfB31B1740219fE,0xcbB7C0000aB88B473b1f5aFd9ef808440eed33Bf,0x940181a94A35A4569E4529A3CDfB74e38FD98631,18,18,8,60607709922394821448,612,60.60770992239482,6.12e-06,60607709922394822060,131462958860249,19677324005078521486779,19677.32400507852,5.462177530751104e-21,107.48103704584922,0,107.48103704584922,183.07716920041045,1781136000
CL-cbXRP/cbBTC,0.029726340993055437,0x95Ff4985af7ED78421215be100c18a2b987f7E90,0x2db769AcFc04a1F27f4EF1Cc84B90CBde34e0A5a,0xcb585250f852C6c6bf90434AB21A00f02833a4af,0xcbB7C0000aB88B473b1f5aFd9ef808440eed33Bf,0x940181a94A35A4569E4529A3CDfB74e38FD98631,18,6,8,131501238,348289,131.501238,0.00348289,131849527,0,151270607561574922809919,151270.60756157493,0.0,0,0,0,nan,0
CL-WETH/cbXRP,0.02961267495411646,0xA6da283cf7D06b2279626E787c329d6aCF7e2994,0xB2d7D02733ae07695dF556d3AF2d09FC48f34D0F,0x4200000000000000000000000000000000000006,0xcb585250f852C6c6bf90434AB21A00f02833a4af,0x940181a94A35A4569E4529A3CDfB74e38FD98631,18,18,6,2109255093746665854,3171608331,2.1092550937466656,3171.608331,2109255096918274185,0,150692186868175962681710,150692.18686817595,0.0,0,0,0,nan,0
CL-WETH/DEGEN,3.126457908265918e-07,0x68a5aEA4DE3D938a755D85d1868Fe79A9C7B6ae1,0x6a7d1B43b42F8A30B729bfFbdAe2884b683b545c,0x4200000000000000000000000000000000000006,0x4ed4E862860beD51a9570b96d89aF5E1B0Efefed,0x940181a94A35A4569E4529A3CDfB74e38FD98631,18,18,18,224290715525733,321524508564047754637,0.000224290715525733,321.5245085640478,321524732854763280370,0,1590983523365902473,1.5909835233659027,0.0,0,0,0,nan,0
CL-NATION/WETH,0.00014145596453748107,0xE8898C5653f5843f4979c8e11f575C3EC1D48FC0,0xa9AC50eb0f10FB68C309073763bBbB1EB24e69a8,0x2f74f818e81685c8086Dd783837a4605a90474B8,0x4200000000000000000000000000000000000006,0x940181a94A35A4569E4529A3CDfB74e38FD98631,18,18,18,231887179756768237375966,315041246742475,231887.17975676825,0.000315041246742475,231887180071809484118441,0,719837322184802819449,719.8373221848028,0.0,0,0,0,nan,0
CL-CADC/WETH,0.005276894084972333,0x3debC1A83EDE28E30baaA43f9fa110E052d4Ccdd,0xf4533d9632Ad33983A39F3DdE529FDfFD5b0ad88,0x043eB4B75d0805c43D7C834902E335621983Cf03,0x4200000000000000000000000000000000000006,0x940181a94A35A4569E4529A3CDfB74e38FD98631,18,18,18,6255310870700128440,761203863785737,6.255310870700129,0.000761203863785737,6256072074563914177,179415103520411,26852917231163013284763,26852.917231163014,2.612719966280935e-20,701.5915300274897,0,701.5915300274897,38.27428935767064,1781136000
CL-cbADA/cbBTC,0.22237708446982757,0x8782d97C8b25B4d17dBFbaa03f25dC18e51e909D,0x27f732A92CbDfD4047087b8aED4E0b88C29c4198,0xcbADA732173e39521CDBE8bf59a6Dc85A9fc7b8c,0xcbB7C0000aB88B473b1f5aFd9ef808440eed33Bf,0x940181a94A35A4569E4529A3CDfB74e38FD98631,18,6,8,24938366,7857,24.938366,7.857e-05,24946223,7560851201303740,1131626549106098658456253,1131626.5491060987,7.770064895442413e-21,8792.811723959936,0,8792.811723959936,128.699053798966,1781136000
CL-WETH/cbADA,0.2580971493238199,0xb862F23ba38c8C65e256782B31E8C08C9aefd612,0x0C8b92c57Af0105C5b027Da4645A24f3144AD6f4,0x4200000000000000000000000000000000000006,0xcbADA732173e39521CDBE8bf59a6Dc85A9fc7b8c,0x940181a94A35A4569E4529A3CDfB74e38FD98631,18,18,6,2831158586300953,25751635,0.002831158586300953,25.751635,2831158612052588,8775337541098357,1313397858056116929446286,1313397.8580561168,1.974979512657788e-21,2593.933861629452,0,2593.933861629452,506.3343663014867,1781136000
CL-WETH/cbLTC,0.0528646416173257,0x200681425b0C8D78C6a467512C5D49FA56BaC88A,0x88040de1F5811090b638Fa70633B24a3e319D06f,0x4200000000000000000000000000000000000006,0xcb17C9Db87B595717C857a08468793f5bAb6445F,0x940181a94A35A4569E4529A3CDfB74e38FD98631,18,18,8,3060224964053306,9997451,0.003060224964053306,0.09997451,3060224974050757,1797482153054139,269016171813610577909171,269016.1718136106,0.0,0,0,0,nan,0
CL-cbLTC/cbBTC,0.020010151815550558,0x6044c817e55A03DAdc5F6b8B7045aF1985aE90fA,0x3De827C30391B6C75Af11a946adAA83733b9EE62,0xcb17C9Db87B595717C857a08468793f5bAb6445F,0xcbB7C0000aB88B473b1f5aFd9ef808440eed33Bf,0x940181a94A35A4569E4529A3CDfB74e38FD98631,18,8,8,11461131,9864,0.11461131,9.864e-05,11470995,680377085098180,101827124409453174871991,101827.12440945317,0.0,0,0,0,nan,0
CL-WETH/WOO,0.022039429885407434,0xAD06a870Fc2198398c18a6f2cA035Bf795EdEeFe,0xe75880892CC7B8F7D64614345c5422c3cc4FA41A,0x4200000000000000000000000000000000000006,0xF3df0A31ec5EA438150987805e841F960b9471b6,0x940181a94A35A4569E4529A3CDfB74e38FD98631,18,18,18,2895000001,3132647932731524438,2.895000001e-09,3.1326479327315244,3132647935626524439,749376250676574,112153660279116485740077,112153.66027911649,0.0,0,0,0,nan,0
CL-SEDA/WETH,0.04204677447957032,0x681D6e4B0b020656cA04956dDAf76aDd7EF022F6,0x82F40418147828bcC8f0F1F551685FC2f6768176,0x306aCd0c07c430AbBBb2e74Ef7bdE94F32A898c0,0x4200000000000000000000000000000000000006,0x940181a94A35A4569E4529A3CDfB74e38FD98631,18,18,18,67467996156015597375,98466860029,67.4679961560156,9.8466860029e-08,67467996254482457404,1429770899946597,213966499375588463034046,213966.49937558846,0.0,0,0,0,nan,0
CL-SUPR/WETH,3.7972140455542205e-05,0x1c6511ef0ec38b5b91208D1A21eF9f9D1aA532B3,0xA6b01B70982BF3D288d84182b44632CE6E34f6F0,0x17906b1Cd88aA8EfaEfC5e82891B52a22219BD45,0x4200000000000000000000000000000000000006,0x940181a94A35A4569E4529A3CDfB74e38FD98631,18,18,18,9230927156124711403984,2989152591667894,9230.927156124711,0.002989152591667894,9230930145277303071878,0,193231610929351705504,193.23161092935172,0.0,0,0,0,nan,0
CL-TIG/USDC,0.11460220247228005,0x3F5E98C7ebfF35056ab4346BCcd722A537c1aEfA,0x03fDf6f0f980Aa6eb2bc5387a27883360414Bf6C,0x0C03Ce270B4826Ec62e7DD007f0B716068639F7B,0x833589fCD6eDb6E08f4c7C32D4f71b54bdA02913,0x940181a94A35A4569E4529A3CDfB74e38FD98631,18,18,6,2955306847692640377,1282270,2.9553068476926403,1.28227,2955306847693922647,3896657715676409,583184617303770680096365,583184.6173037707,0.0,0,0,0,nan,0
CL-WETH/SYRUP,0.04538801013906214,0x7432aaB631B801a10BEF7d70c1507a32755595fa,0x152cF5b5Fa1A41D00140A83e39328D8C5F0cDdB8,0x4200000000000000000000000000000000000006,0x688AEe022AA544f150678B8E5720b6b96a9E9a2F,0x940181a94A35A4569E4529A3CDfB74e38FD98631,18,18,18,492605804718107,14091887176842606162,0.000492605804718107,14.091887176842606,14092379782647324269,1543336214496320,230969289874957468302446,230969.28987495747,0.0,0,0,0,nan,0
CL-MAMO/USDC,0.00811172975333764,0x678F431DA2aBb9B5726bbf5CCDbaEEBB60dA9813,0xDFB9E9445aB1ABf6f083Fa2971cc335fDbE84Dd8,0x7300B37DfdfAb110d83290A29DfB31B1740219fE,0x833589fCD6eDb6E08f4c7C32D4f71b54bdA02913,0x940181a94A35A4569E4529A3CDfB74e38FD98631,18,18,6,19991164174392414165,287423,19.991164174392413,0.287423,19991164174392701588,275839121117997,41278753024105852319050,41278.753024105856,4.002153612945647e-21,165.2039105533163,0,165.2039105533163,249.8654716214115,1781136000
CL-R1/USDC,0.0002667712341026703,0x81aA7644632479A621A3ADd22641aC1b41FaA5f4,0x28e9E379291dd5a7cD5BF1d2e41d03bD9cf101B7,0x6444C6c2D527D85EA97032da9A7504d6d1448ecF,0x833589fCD6eDb6E08f4c7C32D4f71b54bdA02913,0x940181a94A35A4569E4529A3CDfB74e38FD98631,18,18,6,78824815156395483580,35491682,78.82481515639549,35.491682,78824815156430975262,23952,1357538308266381762797,1357.5383082663818,0.0,0,0,0,nan,1781136000
CL-WETH/ZEN,1.4268196672415279,0x0392B12a1cEb0cd13af5Ea448CF5586EA609852D,0x828622C92977a372Be19F24bC5c4B5021B4b06eC,0x4200000000000000000000000000000000000006,0xf43eB8De897Fbc7F2502483B2Bef7Bb9EA179229,0x940181a94A35A4569E4529A3CDfB74e38FD98631,18,18,18,17366883236025562,9246968667502997868,0.017366883236025563,9.246968667502998,9264335550739023430,48519440412228374,7260761692629875862502083,7260761.692629877,3.3038469389443724e-21,23988.445292599776,0,23988.445292599776,302.6774600882433,1781136000
CL-ZORA/WETH,0.30830786109514946,0xAdB8Fb846DBD3Bd6A23335CEe65Bb610C1cf0ea3,0x6b82714e0e4964595A97fE2b1c3Ad03Dbb246fdF,0x1111111111166b7FE7bd91427724B487980aFc69,0x4200000000000000000000000000000000000006,0x940181a94A35A4569E4529A3CDfB74e38FD98631,18,18,18,942368219525231253912,2249398857699538,942.3682195252312,0.002249398857699538,942370468924088953450,10527366310118009,1568908782778489025270904,1568908.7827784892,0.0,0,0,0,nan,0
CL-WETH/MAMO,0.0038740443272032624,0xAa067F08FeF60420d050A92E7800E588748B7d67,0x6165cEeE2Df1cB4811698be5BfEf218AA6414868,0x4200000000000000000000000000000000000006,0x7300B37DfdfAb110d83290A29DfB31B1740219fE,0x940181a94A35A4569E4529A3CDfB74e38FD98631,18,18,18,40285072875959,27843114483099982227,4.0285072875959e-05,27.84311448309998,27843154768172858186,131743730482902,19714132971609799715865,19714.132971609797,7.363807731704526e-21,145.17108480019135,0,145.17108480019135,135.7993087862068,1781136000
CL-WETH/ZXBT,3.2559307702122434e-08,0x017FFF440a3Ad5Fa72EC1f1efA615B5892F9a72A,0xFc8AcA4F761832bd7aBB776931699433A80c561D,0x4200000000000000000000000000000000000006,0xE99D2F7988c5F2d013A34E7484f079cAB87f469F,0x940181a94A35A4569E4529A3CDfB74e38FD98631,18,18,18,62821993027831,2546274546304896085678,6.2821993027831e-05,2546.274546304896,2546274609126889113509,0,165686932644517170,0.16568693264451717,0.0,0,0,0,nan,0
CL-WETH/docker,5.0236663674967405e-05,0xC172acE2c8ed86acDFdd5723d0118f16C00117DD,0x655CB374D5d086916168aCF703B967e5064B94B0,0x4200000000000000000000000000000000000006,0x56f8AD6112C2DB9F9848243531B277cE1C3BE30c,0x940181a94A35A4569E4529A3CDfB74e38FD98631,18,18,18,70430787967514,4330470955547997678460,7.0430787967514e-05,4330.470955547998,4330471025978785645974,0,255642988074252014374,255.642988074252,0.0,0,0,0,nan,0
CL-1000X/USDC,0.0006200220508286896,0x458F1d779E5F9ee149b53B8f77c5d62C2Bc28d8e,0x3494963a2a8407f2c15d0af6cA417292882a87ed,0x352b850b733ab8baB50aED1Dab5D22E3186ce984,0x833589fCD6eDb6E08f4c7C32D4f71b54bdA02913,0x940181a94A35A4569E4529A3CDfB74e38FD98631,18,18,6,1,1,1e-18,1e-06,2,21080693086753,3155151599463273924419,3155.1515994632737,2.478746546089683e-21,7.820821129558929,0,7.820821129558929,403.4297098981491,1781136000
CL-WETH/SOON,0.0005173037337003751,0xC75a16d7E685eaE65Ba0aB6Cf596f73F6Edf170D,0xFAEC1Df3e83fa614b960520D5E3518DbAa4BE163,0x4200000000000000000000000000000000000006,0xb9E1Fd5A02D3A33b25a14d661414E6ED6954a721,0x940181a94A35A4569E4529A3CDfB74e38FD98631,18,18,18,5421890767057,39249442197553419,5.421890767057e-06,0.03924944219755342,39254864088320476,17595273892123,2632441379482528452001,2632.441379482528,3.037376470772911e-21,7.995715506729216,0,7.995715506729216,329.23149620156676,1781136000
CL-WETH/ORDER,0.017794001909899982,0x27bd426eC343845995c527d634c4E07f0608AaCd,0x6EA5161E3f223dE6ab0e079F0977AEf1056C4b3e,0x4200000000000000000000000000000000000006,0x4E200fE2f3eFb977d5fd9c430A41531FB04d97B8,0x940181a94A35A4569E4529A3CDfB74e38FD98631,18,18,18,130988868568801,1210484636836838245,0.000130988868568801,1.2104846368368383,1210615625705407046,605130523834874,90549640148823644483002,90549.64014882364,0.0,0,0,0,nan,0
CL-WFRAX/WETH,0.006163858929309756,0x2229B66a40Ece21d0B5d4e061CB35bc44CD623b5,0x03b16EcD57519243BA821196bfE019350C88835c,0x0CEAC003B0d2479BebeC9f4b2EBAd0a803759bbf,0x4200000000000000000000000000000000000006,0x940181a94A35A4569E4529A3CDfB74e38FD98631,18,18,18,905927414454414721,109143050080449,0.9059274144544147,0.000109143050080449,906036557504495170,209619860469486,31366480165801498829288,31366.4801658015,0.0,0,0,0,nan,0
CL-GAI/WETH,3.1506063947832205e-07,0x3A4eA0342da8841843cFE05495DccB1D9A746Ef2,0x1BEF11019be0c39d5A7A8788E3ed6B99d68a0c79,0x3489256FEBdb1dc930Dc3743617AD387Cd6D3568,0x4200000000000000000000000000000000000006,0x940181a94A35A4569E4529A3CDfB74e38FD98631,18,18,18,20160681095121838014,34477136772252,20.160681095121838,3.4477136772252e-05,20160715572258610266,28,1603272140481672848,1.603272140481673,0.0,0,0,0,nan,0
CL-WETH/PREDI,0.00016785044498222003,0x0c86A9584175ad79252316D46FB127002Ee9b3C6,0x16926Ce2985688C8A549c3F1EE346Fe65dFd223c,0x4200000000000000000000000000000000000006,0xaeA742f80922f7C94B8FD91686c9dFbDFE90d9E6,0x940181a94A35A4569E4529A3CDfB74e38FD98631,18,18,18,51505794450761,92380249161717927675,5.1505794450761e-05,92.38024916171793,92380300667512378436,0,854152847061562186227,854.1528470615622,0.0,0,0,0,nan,0
CL-USDC/SAPIEN,0.2943882345560534,0x80Cc08712Aa61cE9dc7604F9cE7560A25094B862,0x96FA1A659f080067b554d1d60DfF183EDCe0b027,0x833589fCD6eDb6E08f4c7C32D4f71b54bdA02913,0xC729777d0470F30612B1564Fd96E8Dd26f5814E3,0x940181a94A35A4569E4529A3CDfB74e38FD98631,18,6,18,27539566,109586520023797567076,27.539566,109.58652002379756,109586520023825106642,10009206517932924,1498074960207079997591927,1498074.96020708,0.0,0,0,0,nan,0
CL-USDC/DIEM,1.0301990866054413,0xBc3231036Ee1ECa03E5F67FEceDC640D21610823,0x2f63384822b36516aCd8A9C0645a01806B935c2d,0x833589fCD6eDb6E08f4c7C32D4f71b54bdA02913,0xF4d97F2da56e8c3098f3a8D538DB630A2606a024,0x940181a94A35A4569E4529A3CDfB74e38FD98631,18,6,18,17118426,10555027964767984,17.118426,0.010555027964767984,10555027981886410,35027601556998918,5242449508891496094591360,5242449.508891496,5.8071734854059065e-22,3044.3813786613914,0,3044.3813786613914,1722.0081378886211,1781136000
CL-WETH/DIEM,1.1649280066321489e-09,0x9b5AFE0fea549Df6C1A56F3aee6426969B1ac323,0x968a4B8DEC71776009Ba68aD218D199c4649918c,0x4200000000000000000000000000000000000006,0xF4d97F2da56e8c3098f3a8D538DB630A2606a024,0x0000000000000000000000000000000000000000,18,18,18,0,0,0.0,0.0,0,0,5928054427213470,0.00592805442721347,0.0,0,0,0,nan,0
CL-WETH/LCAP,0.06543994948511139,0x3a88eF38879EFb900c2D7b6199d21C139cEf5Fa7,0x48C36c950A7471b82295E0901c465851A860d687,0x4200000000000000000000000000000000000006,0x4dA9A0f397dB1397902070f93a4D6ddBC0E0E6e8,0x940181a94A35A4569E4529A3CDfB74e38FD98631,18,18,18,1,541345814408550756,1e-18,0.5413458144085508,541345814408550757,2225165712394356,333009061549962485011841,333009.0615499625,0.0,0,0,0,nan,0
CL-LCAP/uSOL,0.0009544290153173273,0xd52C89A57ACC47E300aC1468441b3495676280Ad,0x25610a80aB993311a8f597fECE6C8068b91c1EF1,0x4dA9A0f397dB1397902070f93a4D6ddBC0E0E6e8,0x9B8Df6E244526ab5F6e6400d331DB28C8fdDdb55,0x940181a94A35A4569E4529A3CDfB74e38FD98631,18,18,18,1,1,1e-18,1e-18,2,32451035928072,4856872800294414166146,4856.872800294414,0.0,0,0,0,nan,0
CL-USDC/VELVET,0.004746047493557257,0x6b0F53cbD9272D8117e9535FE25371dedF39a1bE,0xc632BA1757eb3245d8f81d0Ea2ED3DE456DFfB73,0x833589fCD6eDb6E08f4c7C32D4f71b54bdA02913,0xbF927b841994731C573BDF09ceB0c6B0Aa887cDd,0x940181a94A35A4569E4529A3CDfB74e38FD98631,18,6,18,1807682,2187674441479229504,1.807682,2.1876744414792295,2187674441481037186,161373186429140,24151559320207557321689,24151.559320207558,7.567633347355893e-21,182.77014570224677,0,182.77014570224677,132.14170852362935,1781136000
CL-WETH/balajis,1.151296346645514e-06,0x4A7118f40fCBBBeB2d5Ff3696eBc456Bb2B8326e,0x0b3e4c78EE4232d22d2CA56F62b9972796D73ed5,0x4200000000000000000000000000000000000006,0xcaf75598B8b9a6E645B60D882845d361F549f5EC,0x0000000000000000000000000000000000000000,18,18,18,0,0,0.0,0.0,0,0,5858686001118486320,5.858686001118486,0.0,0,0,0,nan,0
CL-WETH/VELVET,0.0004055608251889333,0xF579B16f9b1A4aCc872D34a8141fbbD36C0ce10C,0xbaB42F222012FeA2D1BC17Ca9Db82031e84511D2,0x4200000000000000000000000000000000000006,0xbF927b841994731C573BDF09ceB0c6B0Aa887cDd,0x940181a94A35A4569E4529A3CDfB74e38FD98631,18,18,18,126955474046905,246826147777391449,0.000126955474046905,0.24682614777739145,246953103251438354,13788894202113,2063807060675104645115,2063.807060675105,0.0,0,0,0,nan,0
CL-USDC/frxUSD,2.3952820651390065e-05,0xD3d9f0f7D0d477e0A19222965B59233Ad7f6Bc6b,0x4A3Ee54B82c1aE22b81EEb95cA53f9F7234fEE5b,0x833589fCD6eDb6E08f4c7C32D4f71b54bdA02913,0xe5020A6d073a794B6E7f05678707dE47986Fb0b6,0x940181a94A35A4569E4529A3CDfB74e38FD98631,18,6,18,1,1390501785835353,1e-06,0.001390501785835353,1390501785835354,814345237426,121890471941894552250,121.89047194189456,0.0,0,0,0,nan,0
CL-BIO/AUBRAI,0.019180797515477598,0x6744257f30D991fF0de9f5Aa2AcD03f8093e7067,0xCcCc26Ff97FE100E6eD2D36E345A6171aA9Ec599,0x226A2FA2556C48245E57cd1cbA4C6c9e67077DD2,0x9d56c29e820Dd13b0580B185d0e0Dc301d27581d,0x940181a94A35A4569E4529A3CDfB74e38FD98631,18,18,18,1,219503132750464585,1e-18,0.2195031327504646,219503132750464586,652149182262057,97606728468857930522390,97606.72846885792,3.615790843578021e-21,352.92551506930266,0,352.92551506930266,276.5646696008682,1781136000
CL-WETH/cbBTC,0.009376576766317772,0x22AEe3699b6A0fEd71490C103Bd4E5f3309891D5,0x83e2E9493996651ed63033d81f5052cBE2fEB6A1,0x4200000000000000000000000000000000000006,0xcbB7C0000aB88B473b1f5aFd9ef808440eed33Bf,0x940181a94A35A4569E4529A3CDfB74e38FD98631,18,18,8,256297259010666070,936854,0.2562972590106661,0.00936854,256297259011602924,0,47715272613605505260567,47715.272613605506,0.0,0,0,0,nan,0
CL-WETH/MEM,0.00029724891927936125,0x531a13a588C4188FdAE818D56CB91ECC4F6BDeAF,0x5f57a113eD5529A14B08006Bf788c3fe0cBfBfA4,0x4200000000000000000000000000000000000006,0x7750741868Cc4A865d9c0f619e6E642FD61F642f,0x940181a94A35A4569E4529A3CDfB74e38FD98631,18,18,18,1,1,1e-18,1e-18,2,10106603219631,1512632335978218130569,1512.6323359782182,1.073187112795423e-21,1.62333752936946,0,1.62333752936946,931.8039585801714,1781136000
CL-USDC/CARV,0.002280810200909132,0xff862675c47B6a2C9072DCBe2f37a78A445c4f37,0xE0C13dfDc050722b5AE99A77Db52c0f57af0f83D,0x833589fCD6eDb6E08f4c7C32D4f71b54bdA02913,0xc08Cd26474722cE93F4D0c34D16201461c10AA8C,0x940181a94A35A4569E4529A3CDfB74e38FD98631,18,6,18,267150,4200613257331217972,0.26715,4.200613257331218,4200613257331485122,77568117190328,11606525838641372687035,11606.525838641372,0.0,0,0,0,nan,0
CL-AVNT/USDC,0.18557836867702293,0xe30d5BF485F7476AC15884a28ffb3C9cEA635DCB,0x26b130316314259fa5047656c6BB16fE521Ea082,0x696F9436B67233384889472Cd7cD58A6fB5DF4f1,0x833589fCD6eDb6E08f4c7C32D4f71b54bdA02913,0x940181a94A35A4569E4529A3CDfB74e38FD98631,18,18,6,44337351487989060377,10683766,44.33735148798906,10.683766,44337351487999744143,6309334595406768,944366230159891168649425,944366.2301598912,0.0,0,0,0,nan,0
CL-AVNT/USDC,0.20305896141832383,0xc4ed25e61cBdE561c982789f740E3e9A8C317100,0x658CeF587d3D9e31DEF560c19c199914c07a4826,0x696F9436B67233384889472Cd7cD58A6fB5DF4f1,0x833589fCD6eDb6E08f4c7C32D4f71b54bdA02913,0x940181a94A35A4569E4529A3CDfB74e38FD98631,18,18,6,36905858512623872967,9285358,36.90585851262387,9.285358,36905858512633158325,6905398596604422,1033321002128994232842818,1033321.0021289942,2.2493910829334935e-21,2324.343047996861,0,2324.343047996861,444.56475691895787,1781136000
CL-WETH/AUBRAI,4.952596422936902e-05,0xE2b2A0faeB9e0725513ba166d7A2fE849E480C6D,0xEe9AFdf35D0d825AC4A89728bb16425ABE0E9Cfe,0x4200000000000000000000000000000000000006,0x9d56c29e820Dd13b0580B185d0e0Dc301d27581d,0x940181a94A35A4569E4529A3CDfB74e38FD98631,18,18,18,218019087789606,375018460978976993,0.000218019087789606,0.375018460978977,375236480066766599,4447,252026399777883554089,252.02639977788354,0.0,0,0,0,nan,1781136000
CL-WETH/RETAKE,0.0004359605048253458,0x06c522A75A0413269FAE5069FF9B93D65C7c4B57,0x266F44F2BDE17b7A45489DFb0727Fe37451a50Cf,0x4200000000000000000000000000000000000006,0x5eeB2662615782b58251b6f0c3E107571ae1AB07,0x940181a94A35A4569E4529A3CDfB74e38FD98631,18,18,18,351986204688194,351978299452365939089166,0.000351986204688194,351978.29945236596,351978299804352143777360,0,2218504135883642989512,2218.504135883643,0.0,0,0,0,nan,0
CL-WETH/BID,0.01785151257578958,0x1024C20c048ea6087293f46D4a1C042CB6705924,0x57676415De17E1c684D1028B8a39D1AcF8D6a63d,0x4200000000000000000000000000000000000006,0xa1832f7F4e534aE557f9B5AB76dE54B1873e498B,0x940181a94A35A4569E4529A3CDfB74e38FD98631,18,18,18,1,5622522323094907047,1e-18,5.622522323094907,5622522323094907048,606931731983886,90842298884468991390348,90842.29888446898,3.823240080757639e-21,347.31191812326676,0,347.31191812326676,261.5582539618682,1781136000
CL-WETH/BID,0.01785151257578958,0x1024C20c048ea6087293f46D4a1C042CB6705924,0x57676415De17E1c684D1028B8a39D1AcF8D6a63d,0x4200000000000000000000000000000000000006,0xa1832f7F4e534aE557f9B5AB76dE54B1873e498B,0x940181a94A35A4569E4529A3CDfB74e38FD98631,18,18,18,1,6419659751526054291,1e-18,6.419659751526054,6419659751526054292,606931731983886,90842298884468991390348,90842.29888446898,3.823240080757639e-21,347.31191812326676,0,347.31191812326676,261.5582539618682,1781136000
CL-USDC/VNXAU,6.478767795071521e-06,0xafF8b2C5EeECf3f19cf2066268a4B0B3d2F89E2D,0x9C6CbA0122111c5b2E7Cc4a273F97BF90FEFcf19,0x833589fCD6eDb6E08f4c7C32D4f71b54bdA02913,0xAc3FE22294beaED9d1FD752323a6d06D12Ff3098,0x940181a94A35A4569E4529A3CDfB74e38FD98631,18,6,18,34637,410356186133029,0.034637,0.000410356186133029,410356186167666,0,32968979964260959830,32.96897996426096,0.0,0,0,0,nan,0
CL-SYND/WETH,0.04323059857316399,0x50F8F7fFBD70c6C87b1668EEe4E03F5AC057DE3F,0xC2e94B700aDA596bF431Fc10558BA7Ab0c639914,0x11dC28D01984079b7efE7763b533e6ed9E3722B9,0x4200000000000000000000000000000000000006,0x940181a94A35A4569E4529A3CDfB74e38FD98631,18,18,18,935782191631510310154,2924205845324345,935.7821916315103,0.002924205845324345,935785115837355634499,1470118390337831,219990711703832317869148,219990.71170383232,1.1777650772669213e-20,2590.973775678691,0,2590.973775678691,84.906575963397,1781136000
CL-VVV/DIEM,0.005897726467490264,0x782D7C494d5DDC20c246a82aC8fe277e2728d002,0x8add35fF47e34f0A11b46Ea5B638389BF52b2f8E,0xacfE6019Ed1A7Dc6f7B508C02d1b04ec88cC21bf,0xF4d97F2da56e8c3098f3a8D538DB630A2606a024,0x940181a94A35A4569E4529A3CDfB74e38FD98631,18,18,18,10893536534479080298,85414061964937567,10.89353653447908,0.08541406196493757,10978950596444017865,0,30012192424814570969514,30012.192424814573,0.0,0,0,0,nan,0
CL-USDC/AERO,0.0018057331537218893,0xCCd9cC53b63662088c738B8BC06E9078Fb8D9ad4,0x491300eC768Cf28B13A8d3BbFd87713dD728b0AD,0x833589fCD6eDb6E08f4c7C32D4f71b54bdA02913,0x940181a94A35A4569E4529A3CDfB74e38FD98631,0x940181a94A35A4569E4529A3CDfB74e38FD98631,18,6,18,249033,274920826059201927,0.249033,0.27492082605920193,274920826059450960,65439651580129,9188966490070280251548,9188.966490070281,0.0,0,0,0,nan,0
CL-BIO/VITA,0.002260504567089369,0x5bd27255061a0e8BCE2fC32BBB50D3be4e0B28BD,0xdC2FF82fB3C5184C61b034505FC8ecd51df5f482,0x226A2FA2556C48245E57cd1cbA4C6c9e67077DD2,0x490a4B510d0Ea9f835D2dF29Eb73b4FcA5071937,0x940181a94A35A4569E4529A3CDfB74e38FD98631,18,18,18,1,1973065166130016,1e-18,0.001973065166130016,1973065166130017,76862286831109,11503195073325989813057,11503.19507332599,0.0,0,0,0,nan,0
CL-LCAP/USDC,0.057866957961145396,0xC8C15670050541255f9b797C008047682524861F,0xa45562bbD6Cfb11fCfbb96c038001D6FC8b43990,0x4dA9A0f397dB1397902070f93a4D6ddBC0E0E6e8,0x833589fCD6eDb6E08f4c7C32D4f71b54bdA02913,0x940181a94A35A4569E4529A3CDfB74e38FD98631,18,18,6,1,2570515,1e-18,2.570515,2570516,1967588411379223,294471825192597898545951,294471.8251925979,0.0,0,0,0,nan,0
CL-LINK/AERO,0.00037718292958428357,0x07b1Be2F179313C4F3C7124893d46990672c3F1a,0x1c484bA49128bF0D9191ADb349AF154c1196EA4a,0x88Fb150BDc53A65fe94Dea0c9BA0a6dAf8C6e196,0x940181a94A35A4569E4529A3CDfB74e38FD98631,0x940181a94A35A4569E4529A3CDfB74e38FD98631,18,18,18,4089432026234724,71910757459319538,0.004089432026234724,0.07191075745931953,76000189485554262,12826093935683,1919398385875970530527,1919.3983858759705,0.0,0,0,0,nan,0
CL-SPON/WETH,0.0015955442372226692,0xb51C06EE6a8459630F0b98A2372F8121aF8F61b1,0x1f5aB71271879f5C28832B26753CD868f49f1857,0x080D43c2164AFdBc3712422CE78Ab902ccaB5CA1,0x4200000000000000000000000000000000000006,0x940181a94A35A4569E4529A3CDfB74e38FD98631,18,18,18,270023100919772879025,1,270.0231009197729,1e-18,270023100919772879026,54246384911441,8119362763564751787595,8119.362763564753,0.0,0,0,0,nan,0
CL-WETH/WCT,0.002364288485467588,0xEBd2eeaB20CeFa41C94343F506ac506bfc3F681e,0xC5135Bcc045dc47Fc2a79483E3aD8E7B9C6512EF,0x4200000000000000000000000000000000000006,0xeF4461891DfB3AC8572cCf7C794664A8DD927945,0x940181a94A35A4569E4529A3CDfB74e38FD98631,18,18,18,397316746637436,12069517882519688796,0.000397316746637436,12.069517882519689,12069915199266326232,80413515956212,12031327896395661257114,12031.327896395662,1.054760818175086e-20,126.90173255735023,0,126.90173255735023,94.80822407967037,1781136000
CL-WETH/TAIRO,4.153784052866273e-10,0x214c7b09E2b3B50B2573ecA53d897d4F89c9b2a2,0xAB9cB3563051Da11FaD8322fb5EfAB78B818ff43,0x4200000000000000000000000000000000000006,0x9d5C1C400DC828a3409F9C209B83fF51A65d2A0E,0x940181a94A35A4569E4529A3CDfB74e38FD98631,18,18,18,14492255393750,179428377550551848853,1.449225539375e-05,179.42837755055186,179428392042807242603,0,2113766499225229,0.002113766499225229,0.0,0,0,0,nan,0
CL-WETH/APU,0.002350268062576937,0x7f94857597C318056d0313CE32a6e154298c1a8e,0xdA6d1A0ec6A40B1F97b901d99c9CeBe8553F90F9,0x4200000000000000000000000000000000000006,0xB9926b3fBc5873Db0182016D55727D5ae89E5EFd,0x940181a94A35A4569E4529A3CDfB74e38FD98631,18,18,18,1,26563940536525534490019,1e-18,26563.940536525533,26563940536525534490020,79932161834276,11959981144051186537631,11959.981144051188,3.7348625450016e-21,44.668885613842164,0,44.668885613842164,267.74747074381867,1781136000
CL-USDC/VFY,0.0017594932198261581,0xF81d3c731b3AC5a4DFC968f514860beDEEbeBAf2,0xC2607b22f95D6030B9560C872661509D928c2e45,0x833589fCD6eDb6E08f4c7C32D4f71b54bdA02913,0xa749dE6c28262B7ffbc5De27dC845DD7eCD2b358,0x940181a94A35A4569E4529A3CDfB74e38FD98631,18,6,18,44828,7086470934358429379,0.044828,7.086470934358429,7086470934358474207,59840023796797,8953661953408725365554,8953.661953408726,4.639312501725029e-21,41.53883583666884,0,41.53883583666884,215.54917881219936,1781136000
CL-AUDD/USDC,0.00118112056789639,0xCde41D0B1AD079C3CeB7271559F738f503102852,0x9fDbD9eFFeD52f89978Ef42aDe2307FD9BBDd66b,0x449B3317a6d1efb1Bc3ba0700C9EaA4FFFf4Ae65,0x833589fCD6eDb6E08f4c7C32D4f71b54bdA02913,0x940181a94A35A4569E4529A3CDfB74e38FD98631,18,6,6,9462,6624,0.009462,0.006624,16086,40171941037039,6010454699113465655795,6010.454699113465,0.0,0,0,0,nan,0
CL-WETH/MIRA,1.0596982867724072e-07,0xe85590601af19C9eFbB96B24C7c1aC33F56B758C,0xf4eC5D03C52aC2b64770463BAd65F6212E641642,0x4200000000000000000000000000000000000006,0x7AaFD31a321d3627b30A8e2171264B56852187fe,0x940181a94A35A4569E4529A3CDfB74e38FD98631,18,18,18,80976730547755,1771677853141754032,8.0976730547755e-05,1.771677853141754,1771758829872301787,0,539256424830325041,0.5392564248303251,0.0,0,0,0,nan,0
CL-XSGD/WETH,0.041454201922974734,0xfEbEeBAa6C9585Fd97aa9157E3B7aACe804b688C,0xF3fa5d26f7385d415D31310b715BA09892Ae373f,0x0A4C9cb2778aB3302996A34BeFCF9a8Bc288C33b,0x4200000000000000000000000000000000000006,0x940181a94A35A4569E4529A3CDfB74e38FD98631,18,6,18,5144989,1658425821658407,5.144989,0.001658425821658407,1658425826803396,1409350521327262,210951032026900239076896,210951.03202690024,0.0,0,0,0,nan,0
CL-WETH/AUDD,0.0008289236506480875,0xBdb6f998176b2766beFB2037033dfB3F8e368d52,0x0caC405DEB53494D37158f70e46cD98A275D69f2,0x4200000000000000000000000000000000000006,0x449B3317a6d1efb1Bc3ba0700C9EaA4FFFf4Ae65,0x940181a94A35A4569E4529A3CDfB74e38FD98631,18,18,6,4572677481906,15346,4.572677481906e-06,0.015346,4572677497252,28181557598239,4218204463340726576507,4218.204463340727,0.0,0,0,0,nan,0
CL-USDC/CYPR,0.02363510337161455,0xE6C694f8B9EE84353a10de59c9b4cDEFa0F5b4Ad,0x95B033e94C9820dAe254Da568b9070e79a392F61,0x833589fCD6eDb6E08f4c7C32D4f71b54bdA02913,0xD262A4c7108C8139b2B189758e8D17c3DFC91a38,0x940181a94A35A4569E4529A3CDfB74e38FD98631,18,6,18,1625241,118044117783333736773,1.625241,118.04411778333373,118044117783335362014,803540864694528,120273680761450201207285,120273.6807614502,0.0,0,0,0,nan,0
CL-USDC/ZEN,0.44740303336052123,0xbFA5184f90B071C34C85d065b8c7877617248ef7,0x78F5a590Da87B546311dC0E7F4f3Be77CFeeB2a0,0x833589fCD6eDb6E08f4c7C32D4f71b54bdA02913,0xf43eB8De897Fbc7F2502483B2Bef7Bb9EA179229,0x940181a94A35A4569E4529A3CDfB74e38FD98631,18,6,18,2728989,382569550746439230,2.728989,0.3825695507464392,382569550749168219,15251641922437814,2276732568503756783064643,2276732.5685037565,0.0,0,0,0,nan,0
CL-RECALL/USDC,0.0139293831998627,0x5e3791F68EbCEAC82788f3becAb154C15141A2f4,0x40F207AE22ECd68149f05a7eFef6feC091E32177,0x1f16e03C1a5908818F47f6EE7bB16690b40D0671,0x833589fCD6eDb6E08f4c7C32D4f71b54bdA02913,0x940181a94A35A4569E4529A3CDfB74e38FD98631,18,18,6,361351191895888349780,19176090,361.35119189588835,19.17609,361351191895907525870,0,70883472005299261779432,70883.47200529926,0.0,0,0,0,nan,0
CL-WETH/uZEC,0.051088321082183356,0x3054f64E28140EE00428bE94Eac4aD6F7241712a,0x76E017276E8861968A86A56919B2235c505B6438,0x4200000000000000000000000000000000000006,0x83f31af747189c2FA9E5DeB253200c505eff6ed2,0x940181a94A35A4569E4529A3CDfB74e38FD98631,18,18,18,1285216738359813,3942343589903967,0.001285216738359813,0.003942343589903967,5227560328263780,1736948961772942,259976879468889873511284,259976.87946888988,0.0,0,0,0,nan,0
CL-kVCM/USDC,0.000275644091272827,0x5aAdAcac0deDeDd534990Ddc0Ea6565d104B48DE,0x740546B5d6Ef109D33124b7E93B8ebf5f8f78d1B,0x00fBAC94Fec8D4089d3fe979F39454F48c71A65d,0x833589fCD6eDb6E08f4c7C32D4f71b54bdA02913,0x940181a94A35A4569E4529A3CDfB74e38FD98631,18,18,6,200585205847888886385,12044478,200.5852058478889,12.044478,200585205847900930863,24749,1402690266095642831983,1402.6902660956428,0.0,0,0,0,nan,1781136000
CL-USDC/LMTS,0.12218010811328933,0xa5E0Da329eE5AA03f09228e534953496334080f5,0x23FD7a6fFeecababC8952F41E1490458ad28be9A,0x833589fCD6eDb6E08f4c7C32D4f71b54bdA02913,0x9EadbE35F3Ee3bF3e28180070C429298a1b02F93,0x940181a94A35A4569E4529A3CDfB74e38FD98631,18,6,18,1,12699335823483562040,1e-06,12.699335823483562,12699335823483562041,4154181206270162,621746860488276902207578,621746.8604882769,1.5077779971301136e-21,937.4562360289502,0,937.4562360289502,663.2276116930927,1781136000
CL-EURAU/EURC,7.068271074085822e-05,0xc87B179Bc04F98Acb376E4E90b36A8d52ad5BA0a,0xe217269D06AA942896C9ad70f7Fb9A356082D9fA,0x4933A85b5b5466Fbaf179F72D3DE273c287EC2c2,0x60a3E35Cc302bFA44Cb288Bc5a4F316Fdb1adb42,0x940181a94A35A4569E4529A3CDfB74e38FD98631,18,6,6,1,1,1e-06,1e-06,2,2403269291332,359688284554313513985,359.68828455431355,0.0,0,0,0,nan,1781136000
CL-USDC/TITN,0.0006013134679604788,0x611865e603862a3D1cd29146458564a684e1cBbb,0xf852a8F5BF12A588f1c4605E62D324a831D76854,0x833589fCD6eDb6E08f4c7C32D4f71b54bdA02913,0xe62bfbE57763ec24c0F130426F34DbCe11Fc5B06,0x940181a94A35A4569E4529A3CDfB74e38FD98631,18,6,18,126787,5848102001125859278,0.126787,5.848102001125859,5848102001125986065,20447443112307,3059947864238966779659,3059.9478642389668,1.4321905490853672e-20,43.82428411857003,0,43.82428411857003,69.8231112220804,1781136000
CL-WETH/TITN,3.996195480097836e-05,0xfe2313df3e27aD2608B16230695d835E18d409f4,0x52bf08d71F69282e729A16d14a4503c6957B7De4,0x4200000000000000000000000000000000000006,0xe62bfbE57763ec24c0F130426F34DbCe11Fc5B06,0x940181a94A35A4569E4529A3CDfB74e38FD98631,18,18,18,1,1,1e-18,1e-18,2,1358891561536,203357324855568977023,203.357324855569,0.0,0,0,0,nan,0
CL-USDC/CHECK,0.006928651530063366,0xf0125d06B76CEbC2Ab3831A938E07Ab6988B00c9,0xd54F8A71BFE766963EE3c8d3C76bCe35C64A5f6B,0x833589fCD6eDb6E08f4c7C32D4f71b54bdA02913,0x9126236476eFBA9Ad8aB77855c60eB5BF37586Eb,0x940181a94A35A4569E4529A3CDfB74e38FD98631,18,6,18,139157319,2956816596280650284699,139.157319,2956.81659628065,2956816596280789442018,0,35258336260758584956575,35258.33626075859,0.0,0,0,0,nan,0
CL-WETH/SAND,0.02694718555011495,0xA69CDf524D072c366FD050957880552916D29405,0xC77386D4B892e6E4D36d43d6A59EEaCA770E4295,0x4200000000000000000000000000000000000006,0xac531Eb26Ca1d21b85126De8FB87E80E09002DcF,0x940181a94A35A4569E4529A3CDfB74e38FD98631,18,18,18,2068356751098665,23655675677930089825,0.002068356751098665,23.65567567793009,23657744034681188490,916480691211918,137128115807884841104076,137128.11580788484,0.0,0,0,0,nan,0
CL-USDC/cbBTC,1.8808884624544602e-08,0x4F5905e36ac07eE1F01ffB939aA7f212A58D5CDF,0xfd548a1C01f1547b305313e4D42BD9C714EFdF6a,0x833589fCD6eDb6E08f4c7C32D4f71b54bdA02913,0xcbB7C0000aB88B473b1f5aFd9ef808440eed33Bf,0x940181a94A35A4569E4529A3CDfB74e38FD98631,18,6,8,365230703,533494,365.230703,0.00533494,365764197,0,95714148114465879,0.09571414811446587,0.0,0,0,0,nan,0
CL-CHECK/TOWER,0.0026597125038869238,0xB5a64B150730b6c475CDC9C40632CE1D1ebf3ceC,0x58700106298036e6D74A3deb237B9ADAe17D2FAe,0x9126236476eFBA9Ad8aB77855c60eB5BF37586Eb,0xf7C1CEfCf7E1dd8161e00099facD3E1Db9e528ee,0x940181a94A35A4569E4529A3CDfB74e38FD98631,18,18,18,1,1,1e-18,1e-18,2,90427589714806,13534673725773551157454,13534.673725773551,0.0,0,0,0,nan,0
CL-WETH/ROOM,1.3749974515320027e-06,0x827F373b058CcfDa902E0Fbd11702d56e92784DD,0xb7A4B01d15981Dc4a641303c87BFBC2c9662517E,0x4200000000000000000000000000000000000006,0x6555255b8dEd3c538Cb398d9E36769f45D7d3ea7,0x940181a94A35A4569E4529A3CDfB74e38FD98631,18,18,18,8489911243486,370439825541249075965,8.489911243486e-06,370.4398255412491,370439834031160319451,0,6997050189845250029,6.99705018984525,0.0,0,0,0,nan,1781136000
CL-WETH/PING,0.005949366255871359,0x5D28f920C9d23100E4A38b2bA2D8aE617c3b2615,0xcc049DFa700197b49db9E8BeC3Af462d22b68621,0x4200000000000000000000000000000000000006,0xd85c31854c2B0Fb40aaA9E2Fc4Da23C21f829d46,0x940181a94A35A4569E4529A3CDfB74e38FD98631,18,18,18,140088558398581,271601367797506628121,0.000140088558398581,271.6013677975066,271601507886065026702,202304003196482,30274975596298215288119,30274.975596298213,2.5030075838297056e-20,757.784935177937,0,757.784935177937,39.95193648075002,1781136000
CL-HYPE/WETH,0.08541881212053132,0x9E48d016eE76cf53e2De8dc8058c7549c8c202DF,0x9495E37F2dd9b54f6b473a46ede1F1641459868e,0x15D0e0c55a3E7eE67152aD7E89acf164253Ff68d,0x4200000000000000000000000000000000000006,0x940181a94A35A4569E4529A3CDfB74e38FD98631,18,18,18,68961619131605674,2407527143739018,0.06896161913160567,0.002407527143739018,71369146275344692,2904635260340330,434676962417925350817975,434676.9624179253,2.1398235087663084e-21,930.1319829010057,0,930.1319829010057,467.3282613744808,1781136000
CL-USDC/elizaOS,0.010740399051194522,0x84b783723DaC9B89d0981FFf3dcE369bC5870C16,0x757319eb2053b7Be8b4Da20652324FD812f45bf2,0x833589fCD6eDb6E08f4c7C32D4f71b54bdA02913,0xea17Df5Cf6D172224892B5477A16ACb111182478,0x940181a94A35A4569E4529A3CDfB74e38FD98631,18,6,9,136846,175343922853,0.136846,175.343922853,175344059699,365246269368617,54655454914801532589287,54655.454914801536,0.0,0,0,0,nan,0
CL-WETH/USDC,0.007205388652493819,0xc758d81B9b81A6FCDAd075bD471874A2c46B54e0,0x655D019A5899C6F1a3B2770cabf91F4b3517C6be,0x4200000000000000000000000000000000000006,0x833589fCD6eDb6E08f4c7C32D4f71b54bdA02913,0x940181a94A35A4569E4529A3CDfB74e38FD98631,18,18,6,89496486983536415,201760107,0.08949648698353642,201.760107,89496487185296522,0,36666588714522619401006,36666.58871452262,0.0,0,0,0,nan,0
CL-syrupUSDC/USDC,0.0007158032861499069,0x5d0Ee6273f9ad78E80418C2dd203269b2aafCF8B,0x9145AE80B1CDBfAB773cD8d9573B0506A000FDA7,0x660975730059246A68521a3e2FBD4740173100f5,0x833589fCD6eDb6E08f4c7C32D4f71b54bdA02913,0x940181a94A35A4569E4529A3CDfB74e38FD98631,18,6,6,8,21185,8e-06,0.021185,21193,24345941963954,3642560583415371076305,3642.5605834153707,3.610410780778039e-22,1.315114,0,1.315114,2769.767931460977,1781136000
CL-WETH/REI,0.8217631781936047,0x34E3334E845d101205394e0Bd8821fDdc7Cd5559,0x7A01529B70dD997d7723D4AA2EeC0CC301E0E6CF,0x4200000000000000000000000000000000000006,0x6B2504A03ca4D43d0D73776F6aD46dAb2F2a4cFD,0x940181a94A35A4569E4529A3CDfB74e38FD98631,18,18,18,18667212469540,206132674892842114292,1.866721246954e-05,206.13267489284212,206132693560054583832,27948376432958703,4181766442971164065227147,4181766.442971164,1.288499289821535e-21,5388.203091967872,0,5388.203091967872,776.0966636919962,1781136000
CL-BITCOIN/APU,0.0010322719184052205,0x3d6a88675979AB63fe60beDd62550A5cF7387f39,0xB93E0F044FBFc816dF3c26620021Eb64Fea735b3,0x2a06A17CBC6d0032Cac2c6696DA90f29D39a1a29,0xB9926b3fBc5873Db0182016D55727D5ae89E5EFd,0x940181a94A35A4569E4529A3CDfB74e38FD98631,18,8,18,3425518726,2163462576593879952833,34.25518726,2163.46257659388,2163462576597305471559,35097731286541,5252997679815016453419,5252.997679815016,6.515498264295576e-21,34.22589726518343,0,34.22589726518343,153.48020357551505,1781136000
CL-USDC/cbBTC,0.0031195438737738126,0x95DaDA6BC214A86Af204250F7b6FF873b52e0289,0x989612FdbEFb492dAf3E56406838D17c61B0ed2C,0x833589fCD6eDb6E08f4c7C32D4f71b54bdA02913,0xcbB7C0000aB88B473b1f5aFd9ef808440eed33Bf,0x940181a94A35A4569E4529A3CDfB74e38FD98631,18,6,8,1467003,2834,1.467003,2.834e-05,1469837,106145734987953,15874651280189379907372,15874.651280189379,4.821279450435081e-21,76.53613,0,76.53613,207.41382246775973,1781136000
CL-WETH/REPPO,0.6331574044128022,0x71FE33676773DF7Cf9Ce14f640caE06823F083cC,0x456979e89917F4dC1E86662fcDFD4c9766c6684d,0x4200000000000000000000000000000000000006,0xFf8104251E7761163faC3211eF5583FB3F8583d6,0x940181a94A35A4569E4529A3CDfB74e38FD98631,18,18,18,6317169968601846,467854813824295665993,0.006317169968601846,467.85481382429566,467861130994264267839,21526510809314136,3221994434835075396864966,3221994.4348350754,0.0,0,0,0,nan,0
CL-SOL/USDC,0.0009439960799042703,0xb30540172F1B37d1eE1d109e49F883E935E69219,0xC6e211fF1D04A1728ab011406AD42EF529Cb3886,0x311935Cd80B76769bF2ecC9D8Ab7635b2139cf82,0x833589fCD6eDb6E08f4c7C32D4f71b54bdA02913,0x940181a94A35A4569E4529A3CDfB74e38FD98631,18,9,6,4186664631,374969420,4.186664631,374.96942,4561634051,0,4803781958103224515508,4803.7819581032245,0.0,0,0,0,nan,0
CL-USDC/DGLD,0.00020500437533452358,0x9E2E1D6118971698D410DB64ed20209946Dd5b2F,0xFc836EfAE8359a946393c95E4c07F8D81Ea906De,0x833589fCD6eDb6E08f4c7C32D4f71b54bdA02913,0xd02f50E1017F493ffFFa70c8fCf09e349e11d6c9,0x940181a94A35A4569E4529A3CDfB74e38FD98631,18,6,18,111348612,211018500469197886348,111.348612,211.01850046919787,211018500469309234960,0,1043220772340572916463,1043.220772340573,0.0,0,0,0,nan,0
CL-MYRC/USDC,0.0001564904048611631,0x8d15046288Df104C9757a18fABaf587a88209D48,0x81Fbc2c15CaAf32CD5fdc0427cBA2817d7629238,0x3eD03E95DD894235090B3d4A49E0C3239EDcE59e,0x833589fCD6eDb6E08f4c7C32D4f71b54bdA02913,0x940181a94A35A4569E4529A3CDfB74e38FD98631,18,18,6,1,1,1e-18,1e-06,2,5320465919405,796344179273030756130,796.3441792730307,1.0629682622242974e-21,0.8464885883742878,0,0.8464885883742878,940.7618604787559,1781136000
CL-RAVE/USDC,0.5042892703626918,0x51663B8A28E7Ea197c5CcF983AfC084Da0a8023D,0x8eF58803e5522986Be1896c1Ea024553A50e0940,0x1aA8fD5BCce2231C6100d55Bf8B377cff33Acfc3,0x833589fCD6eDb6E08f4c7C32D4f71b54bdA02913,0x940181a94A35A4569E4529A3CDfB74e38FD98631,18,18,6,56320899275952143385,21977508,56.320899275952144,21.977508,56320899275974120893,17186676687116028,2566213727157638460179326,2566213.7271576384,1.1537659429480813e-21,2960.810000720343,0,2960.810000720343,866.7269181518901,1781136000
CL-USDC/cbBTC,0.5853039169478824,0xFCda5ab6BBC1fe5B8e1a185e86bb5f24b12e2278,0xB705606141ECa43b4192C8D8D2211CD19eA4d381,0x833589fCD6eDb6E08f4c7C32D4f71b54bdA02913,0xcbB7C0000aB88B473b1f5aFd9ef808440eed33Bf,0x940181a94A35A4569E4529A3CDfB74e38FD98631,18,6,8,45999971,25468,45.999971,0.00025468,46025439,19899295246368169,2978478890003986200068369,2978478.890003986,0.0,0,0,0,nan,0
CL-SUMR/USDC,0.021906663576811966,0x8fEbF59b6725c4729466b0279cb28080Ac5d1161,0xC7fCaC7ea12c31a43F060E27d7cf7273EFBCcd01,0x194f360D130F2393a5E9F3117A6a1B78aBEa1624,0x833589fCD6eDb6E08f4c7C32D4f71b54bdA02913,0x940181a94A35A4569E4529A3CDfB74e38FD98631,18,18,6,87498157228701918523,1,87.49815722870191,1e-06,87498157228701918524,744960062509922,111478042645259846613561,111478.04264525985,2.5453595940890684e-22,28.375170537738246,0,28.375170537738246,3928.71797887512,1781136000
CL-FUN/USDC,0.6698601246041537,0x659bE70647B0f63217D60e077F4417b1eCC65064,0x72cD715cd1Df473115881B6a2bcEC16630AAf2A1,0x16EE7ecAc70d1028E7712751E2Ee6BA808a7dd92,0x833589fCD6eDb6E08f4c7C32D4f71b54bdA02913,0x940181a94A35A4569E4529A3CDfB74e38FD98631,18,18,6,316890656817654079540,12955651,316.8906568176541,12.955651,316890656817667035191,22775107722120717,3408766253936701770716579,3408766.2539367015,1.1438376871880934e-21,3899.0753080677778,0,3899.0753080677778,874.2499143023597,1781136000
CL-USDC/ACU,0.02961230695073812,0x6d76a0f856a2ba951DA45Da9be399509Ad602e6A,0x68ba7CA9Fc65C393a86D7Cd00ff1b70C2882b633,0x833589fCD6eDb6E08f4c7C32D4f71b54bdA02913,0xc5fEd7c8cCC75D8A72b601a66DffD7A489073F0b,0x940181a94A35A4569E4529A3CDfB74e38FD98631,18,6,12,704949,4687931469698,0.704949,4.687931469698,4687932174647,1007058855354093,150690314182444500238022,150690.3141824445,0.0,0,0,0,nan,0
CL-USDC/CLAWD,0.13035672437028428,0x4c76Ef610b9F6FEeB3Ca70951BeF09ED31e7f6d0,0x7762C1810f3E249c83130093442eD24cEe6Dd61f,0x833589fCD6eDb6E08f4c7C32D4f71b54bdA02913,0x9f86dB9fc6f7c9408e8Fda3Ff8ce4e78ac7a6b07,0x940181a94A35A4569E4529A3CDfB74e38FD98631,18,6,18,27251291,1486800843264504394629583,27.251291,1486800.8432645043,1486800843264504421880874,4432321935357460,663355806213633202863281,663355.8062136333,1.4501475785768367e-21,961.9638161155856,0,961.9638161155856,689.5849876061525,1781136000
CL-EMBER/USDC,5.792724270864085e-07,0x24bfa3f843F86Ba3AeA18296f6cAD8519F25399f,0xB115C1caCb4abe824a3405a8f3aC75a8C7ec5970,0x7FfBE850D2d45242efdb914D7d4Dbb682d0C9B07,0x833589fCD6eDb6E08f4c7C32D4f71b54bdA02913,0x940181a94A35A4569E4529A3CDfB74e38FD98631,18,18,6,1717393883323999455,1,1.7173938833239994,1e-06,1717393883323999456,19699118448,2947786006003907417,2.9477860060039074,0.0,0,0,0,nan,0
CL-UP/USDC,0.20233718798528016,0xb1857B20d91c216f51656B63081f35C7cD0A489d,0xe897425DACD719e509f73987b289DAD6cd256EE6,0x5b2193fDc451C1f847bE09CA9d13A4Bf60f8c86B,0x833589fCD6eDb6E08f4c7C32D4f71b54bdA02913,0x940181a94A35A4569E4529A3CDfB74e38FD98631,18,18,6,250454085870894806779,4376617,250.4540858708948,4.376617,250454085870899183396,6881061322148504,1029648060822029351855621,1029648.0608220294,0.0,0,0,0,nan,0
CL-msUSD/msETH,0.00046357278632130065,0x8845126640B36df1D24bf3dF9B2903fD4c730FE6,0x019a8a996B6cb2e2e12fe95997FA9ef733c99765,0x526728DBc96689597F85ae4cd716d4f7fCcBAE9d,0x7Ba6F01772924a82D9626c126347A28299E98c98,0x940181a94A35A4569E4529A3CDfB74e38FD98631,18,18,18,424141356174526340348,289503111736260271,424.1413561745263,0.28950311173626025,424430859286262600619,0,2359016774120220026303,2359.01677412022,0.0,0,0,0,nan,0
CL-USDC/FELIX,0.002845917143966368,0x1F9bA3e5Ebcd2f4CA3cDEffa5eCdF1c03cf1865d,0xBc24a215368B5e2a3baad4904d6C810148D2b258,0x833589fCD6eDb6E08f4c7C32D4f71b54bdA02913,0xf30Bf00edd0C22db54C9274B90D2A4C21FC09b07,0x940181a94A35A4569E4529A3CDfB74e38FD98631,18,6,18,45717,20191195246121843568932,0.045717,20191.195246121843,20191195246121843614649,96767003299060,14482226909065843650372,14482.226909065845,1.60960623148915e-21,23.310682678672237,0,23.310682678672237,621.2699605883333,1781136000
CL-USDC/MUSD,0.00013441976464144824,0x78595D8e45E1Df1CbA5775E8368827cdaC50aF9c,0x4fE3512bbbBD252B31ebA69F9648C9e41F668677,0x833589fCD6eDb6E08f4c7C32D4f71b54bdA02913,0xdD468A1DDc392dcdbEf6db6e34E89AA338F9F186,0x940181a94A35A4569E4529A3CDfB74e38FD98631,18,6,18,181974768,365228962064264721416,181.974768,365.22896206426475,365228962064446696184,0,684031696680936278167,684.0316966809363,0.0,0,0,0,nan,0
CL-WBTC/cbBTC,0.00010366320518737535,0x383567feDD4e7Dfdd44c8df9624C19eFdB6D7B35,0xdF383F80C8067Ff91528651b28e063D8Fc953ADb,0x0555E30da8f98308EdB960aa94C0Db47230d2B9c,0xcbB7C0000aB88B473b1f5aFd9ef808440eed33Bf,0x940181a94A35A4569E4529A3CDfB74e38FD98631,18,8,8,1,1,1e-08,1e-08,2,3524889223746,527518541018481240390,527.5185410184812,0.0,0,0,0,nan,0
CL-MEZO/MUSD,4.5017755229977466e-05,0x0DD2076128FaE11da3D0F5522D3a52B532af3741,0x73aA1980FE058652313E58b0836347106aDBBB10,0x8e4cbBcc33dB6c0a18561fDE1F6bA35906d4848b,0xdD468A1DDc392dcdbEf6db6e34E89AA338F9F186,0x940181a94A35A4569E4529A3CDfB74e38FD98631,18,18,18,1,1,1e-18,1e-18,2,1530878019491,229085146614171396843,229.0851466141714,0.0,0,0,0,nan,0
CL-USDC/KAT,0.0008586318661838509,0x7bD36Ffa2AA69b9035782D2e85f60d3Dd0B5124c,0x3d292E05F13Dd7Ea9A30D73d79e00541Ad3c4Ef7,0x833589fCD6eDb6E08f4c7C32D4f71b54bdA02913,0xD5390300c5DB71F80d46f0fA9983Fc72D4d1e3da,0x940181a94A35A4569E4529A3CDfB74e38FD98631,18,6,18,29042,2986903280917684675,0.029042,2.9869032809176845,2986903280917713717,29196301684925,4369382834560885547881,4369.382834560885,2.0362861816998386e-21,8.897313888572803,0,8.897313888572803,491.09010756298807,1781136000
CL-MEZO/MUSD,0.05223600627422842,0xfCd3F5cA230E7c1Bd5b415eb85d5186346De0fec,0x78329E80c7999548c81C5ab93185cf1316747845,0x8e4cbBcc33dB6c0a18561fDE1F6bA35906d4848b,0xdD468A1DDc392dcdbEf6db6e34E89AA338F9F186,0x940181a94A35A4569E4529A3CDfB74e38FD98631,18,18,18,23014880402696045602512,930826110980450696238,23014.880402696046,930.8261109804507,23945706513676496298750,0,265817189123234349775161,265817.18912323436,0.0,0,0,0,nan,0
CL-WETH/DRV,1.2872403507489016,0xEF7E596AEF9e4c6301b4D1F1e88F8fFE8C306222,0xA9BFEB96Bc114cf7523Bdd3065e5561F2A074A89,0x4200000000000000000000000000000000000006,0x9d0E8f5b25384C7310CB8C6aE32C8fbeb645d083,0x940181a94A35A4569E4529A3CDfB74e38FD98631,18,18,18,2881101115051596,156266345137367363200,0.002881101115051596,156.26634513736735,156269226238482414796,43784915414053660,6550474206733056514983374,6550474.206733056,1.1670359793813821e-21,7644.639081267194,0,7644.639081267194,856.8716112163706,1781136000
CL-WETH/ZRO,0.5319478996826976,0x717e174d5dAe280802D1a2c15C1C0976561A3f61,0x27461E3bD492F7d8c08F21aAb9C817ee00154Eef,0x4200000000000000000000000000000000000006,0x6985884C4392D348587B19cb9eAAf157F13271cd,0x940181a94A35A4569E4529A3CDfB74e38FD98631,18,18,18,15067825658782817,34347190119010476600,0.015067825658782816,34.34719011901048,34362257944669259417,18095812921207864,2706962218959408563618884,2706962.2189594083,1.549097589865496e-21,4193.348649246975,0,4193.348649246975,645.5371220910797,1781136000
CL-WETH/VVV,5.519749668264322,0xA135B59Fe221C0c8D441294f97f96Fbc37Bc9fbE,0xCa9740aFFeDF731f95B3FBAb8d40835781c7aE4D,0x4200000000000000000000000000000000000006,0xacfE6019Ed1A7Dc6f7B508C02d1b04ec88cC21bf,0x940181a94A35A4569E4529A3CDfB74e38FD98631,18,18,18,210209949591140101,34137503713611986992,0.2102099495911401,34.137503713611984,34347713663203127093,187712336514707129,28088754216376973506989994,28088754.21637697,1.5835181625672014e-21,44479.052465518995,0,44479.052465518995,631.5052290772585,1781136000
CL-USDC/CHECK,0.43656308291718665,0x3c4384F3664B37A3Cb5A5cB3452B4B4A3Aa1256f,0xFBd7De67837D3CEeCaEa3cd98AccAcE26f94aF00,0x833589fCD6eDb6E08f4c7C32D4f71b54bdA02913,0x9126236476eFBA9Ad8aB77855c60eB5BF37586Eb,0x940181a94A35A4569E4529A3CDfB74e38FD98631,18,6,18,7215193,132547770965334501237,7.215193,132.5477709653345,132547770965341716430,14846394561964788,2221570519132000016643205,2221570.519132,3.203898002587627e-22,711.7685348854573,0,711.7685348854573,3121.197988176747,1781136000
CL-SOL/cbBTC,0.8443106700965806,0xCcfA472815563ff9eB2de95C7b2bE1Ccf91f7F31,0xBe13347c7e999D57a85138406b7e0116312eB055,0x311935Cd80B76769bF2ecC9D8Ab7635b2139cf82,0xcbB7C0000aB88B473b1f5aFd9ef808440eed33Bf,0x940181a94A35A4569E4529A3CDfB74e38FD98631,18,9,8,595906890,77421,0.59590689,0.00077421,595984311,28595854074247699,4296505515632332020462381,4296505.515632332,0.0,0,0,0,nan,0
CL-WETH/cbXRP,0.6485205967676055,0xB90fe999Be6869AF0aFC557DCCfBE169EA3403D6,0x847A399203C63b03AF1C2FC6Fc7cCf4E1386Fe63,0x4200000000000000000000000000000000000006,0xcb585250f852C6c6bf90434AB21A00f02833a4af,0x940181a94A35A4569E4529A3CDfB74e38FD98631,18,18,6,15923370769743638,30122823,0.01592337076974364,30.122823,15923370799866461,22057888488550544,3300174236450732139118654,3300174.236450732,0.0,0,0,0,nan,0
CL-CHIP/USDC,0.1553001956962832,0x592E01EDEb601016a20A3E6cD5bF533eBBadBC8b,0x3808E53a5D0419D0670534C8918b7FD6A5B29cee,0x0C1c1C109FE34733fca54b82d7B46B75CFb71F6e,0x833589fCD6eDb6E08f4c7C32D4f71b54bdA02913,0x940181a94A35A4569E4529A3CDfB74e38FD98631,18,18,6,188998629827481882232,4688680,188.9986298274819,4.68868,188998629827486570912,5279136023705519,790287474765106229944653,790287.4747651062,3.1609471718736836e-21,2498.0569583259576,0,2498.0569583259576,316.3608708484805,1781136000
CL-USDC/PROS,0.5277918375539448,0x24BDDff0577D1Ee32f92A0b92296cA9702611c6A,0x94b0c11314C50a4d7D9E123bF852AD15f007d890,0x833589fCD6eDb6E08f4c7C32D4f71b54bdA02913,0x8B7DdE054BE9D180c1Be7FaE0874697374A49832,0x940181a94A35A4569E4529A3CDfB74e38FD98631,18,6,18,2597556,4979850376091921974,2.597556,4.979850376091922,4979850376094519530,17949088811706567,2685812961355623068675352,2685812.961355623,0.0,0,0,0,nan,0
CL-USDC/cbMEGA,1.4571585874723385,0x0150e3d89E161518C044ad191c4bdf6b40Df6E83,0x195452C2Fdbab6Eaa68769F4A924DE64774463CD,0x833589fCD6eDb6E08f4c7C32D4f71b54bdA02913,0xcb111E6A2a3bde90856D299d61341ac302167D23,0x940181a94A35A4569E4529A3CDfB74e38FD98631,18,6,18,58692109,1625652803969585882751,58.692109,1625.6528039695859,1625652803969644574860,49535513935060285,7415149577003167982599481,7415149.577003168,0.0,0,0,0,nan,0
CL-WETH/EURC,2.009087286199488,0xaa5fE7dCC07DCB8B7AFCd1B93874e7Cb1e0Ab50b,0x9D025C59D53fA74a4eAcd62a709faC2dfffBC150,0x4200000000000000000000000000000000000006,0x60a3E35Cc302bFA44Cb288Bc5a4F316Fdb1adb42,0x940181a94A35A4569E4529A3CDfB74e38FD98631,18,18,6,32671853149860879,57819342,0.03267185314986088,57.819342,32671853207680221,68325505302716869,10223789550776937387348525,10223789.550776938,0.0,0,0,0,nan,0
CL-WETH/AERO,8.099670449021062,0x4e506648d493C8870f55e870480f92f2F33ecE51,0x956495C06Ba757cdF85F73B5f6D5CcB505D288F1,0x4200000000000000000000000000000000000006,0x940181a94A35A4569E4529A3CDfB74e38FD98631,0x940181a94A35A4569E4529A3CDfB74e38FD98631,18,18,18,132343175018448214,267983096695766223460,0.13234317501844822,267.9830966957662,268115439870784671674,275379496494711305,41217385959415155729649185,41217385.95941516,0.0,0,0,0,nan,0
CL-VIRTUAL/USDC,0.0008428463833341512,0x86c21942420B5648bb813637dcD33b97cC57EdE9,0x10E57B782F0f8D6D6cc53774B7afB0e424d21027,0x0b3e328455c4059EEb9e3f84b5543F74E24e7E1b,0x833589fCD6eDb6E08f4c7C32D4f71b54bdA02913,0x940181a94A35A4569E4529A3CDfB74e38FD98631,18,18,6,1,97247,1e-18,0.097247,97248,28655183775958,4289054092389598752340,4289.054092389599,2.276061385665405e-21,9.762150400718145,0,9.762150400718145,439.35546127972765,1781136000
CL-GITLAWB/USDC,0.16677857518683042,0xB5E4b3e29a79FEb2aa96c68a4EA24FEdAa559aB2,0x3C2A9058D449E9ccee5bdbE0b57C8B69E6F2dbf6,0x5F980Dcfc4c0fa3911554cf5ab288ed0eb13DBa3,0x833589fCD6eDb6E08f4c7C32D4f71b54bdA02913,0x940181a94A35A4569E4529A3CDfB74e38FD98631,18,18,6,89843074020718702604592,2715330,89843.0740207187,2.71533,89843074020718705319922,5670156289887600,848698344766329550875084,848698.3447663296,8.914623170843438e-22,756.5825929310395,0,756.5825929310395,1121.7524070682475,1781136000
CL-RECALL/USDC,0.6240670608529748,0x0abe41C8AAa9282429e06EBEd48bE36298981d94,0x38eac5F3c2b8f9A2ab5401E4cB0516757C4E3d32,0x1f16e03C1a5908818F47f6EE7bB16690b40D0671,0x833589fCD6eDb6E08f4c7C32D4f71b54bdA02913,0x940181a94A35A4569E4529A3CDfB74e38FD98631,18,18,6,631353487919601901214,39268968,631.3534879196019,39.268968,631353487919641170182,21217310870336499,3175735738093360962016375,3175735.7380933613,2.0517228307297735e-21,6515.729518210617,0,6515.729518210617,487.395268514077,1781136000
CL-cbBTC/cbDOGE,0.014985487545248997,0xde201C571eA87D8769F088ad0766C61ba1D6ccb3,0xAAC36eBA6eF97577800335aFffd7F129c7ccc5FA,0xcbB7C0000aB88B473b1f5aFd9ef808440eed33Bf,0xcbD06E5A2B0C65597161de254AA074E489dEb510,0x940181a94A35A4569E4529A3CDfB74e38FD98631,18,8,8,1833,946196604,1.833e-05,9.46196604,946198437,509473194622982,76257747500972497457421,76257.7475009725,4.2555374015401836e-21,324.5176966475959,0,324.5176966475959,234.98794761810237,1781136000
CL-msUSD/msETH,0.9597401134239191,0x00145e8Fc9F06a0b71bd57fEfBF451ec1dB9D69f,0xdf2bd73E1aB97CecCc583466c86C95d2eD1c1514,0x526728DBc96689597F85ae4cd716d4f7fCcBAE9d,0x7Ba6F01772924a82D9626c126347A28299E98c98,0x940181a94A35A4569E4529A3CDfB74e38FD98631,18,18,18,59676146264384988792,8504059391425782,59.67614626438499,0.008504059391425782,59684650323776414574,32638612341647631,4883899774034336197155918,4883899.774034336,0.0,0,0,0,nan,0
CL-USDC/PSG,0.2066603042774198,0x76F9AeFA6aBcbcEb10CC149e071209366f64Ce9D,0xb9dd4FacCc297796d8Dd63e0eA5CcD5Ce6feb099,0x833589fCD6eDb6E08f4c7C32D4f71b54bdA02913,0xDD15623d107c639aF0C5127AFFA26d3f20327EC8,0x940181a94A35A4569E4529A3CDfB74e38FD98631,18,6,18,1,4428724091483048526,1e-06,4.428724091483049,4428724091483048527,7026199101066673,1051647419176428920527909,1051647.4191764288,1.1228913740350503e-21,1180.8858155194348,0,1180.8858155194348,890.5580923705497,1781136000
CL-AFC/USDC,0.06708525443561306,0xb4580451325C61344712E811392C881a634151d8,0x75aF4B1123E1d9eEc4B0Cd0A342Ca63f4cEB6A2e,0x580edA966a8129C3c01D149871B47feFcC599D28,0x833589fCD6eDb6E08f4c7C32D4f71b54bdA02913,0x940181a94A35A4569E4529A3CDfB74e38FD98631,18,18,6,76187133904411614301,6639001,76.18713390441161,6.639001,76187133904418253302,2280817092853930,341381645297979061563674,341381.64529797906,1.1884661152243847e-21,405.720517796198,0,405.720517796198,841.4207079107157,1781136000
CL-SUMR/USDC,0.04421776373503348,0xDDae632a9f43F8C911b6F99A4BD5c7b108D4A8d7,0x46340da51cd5E45A2061F085a6b4016CcCFF527f,0x194f360D130F2393a5E9F3117A6a1B78aBEa1624,0x833589fCD6eDb6E08f4c7C32D4f71b54bdA02913,0x940181a94A35A4569E4529A3CDfB74e38FD98631,18,18,6,1580751306049041468,3241,1.5807513060490415,0.003241,1580751306049044709,1503365124818306,225014171329573111995183,225014.1713295731,0.0,0,0,0,nan,0
CL-USDC/hTEA,5.019909786590074,0xAbe1f289107C20081F591BB3972b8289aDd64f6C,0x1E488b80243E72408d8c580e302b452988F9E00F,0x833589fCD6eDb6E08f4c7C32D4f71b54bdA02913,0xa1A0B2E02B0E6830aD5A4A7211691200945d8919,0x940181a94A35A4569E4529A3CDfB74e38FD98631,18,6,18,229986019,6898439931838257669260661,229.986019,6898439.931838257,6898439931838257899246680,170448316372123510,25545182419160719698934002,25545182.41916072,0.0,0,0,0,nan,0
CL-ZORA/AERO,1.8310050003072818e-05,0xf185893f57171Ee19729be11684A947CfDE8DCD6,0x0a68F665d30962888547495955198437038E7fF9,0x1111111111166b7FE7bd91427724B487980aFc69,0x940181a94A35A4569E4529A3CDfB74e38FD98631,0x940181a94A35A4569E4529A3CDfB74e38FD98631,18,18,18,710189518128652527,10469494482539330,0.7101895181286525,0.01046949448253933,720659012611191857,622539763112,93175691858433116093,93.17569185843311,0.0,0,0,0,nan,0
TOTAL,100.0,,,,,,,,,83485096508318025524831006688,1639539355481147739102401316,83485127676.40283,1643220275.8743215,85124635863799173263933408004,3381882545009561882,508877320612429958673377109,,6.212470731688102e-22,316138.54603245837,0,316138.54603245837,1609.6655311376767,
