name,vote_pct,address,gauge,token0,token1,emissions_token,emissions_decimals,token0_decimals,token1_decimals,token0_fees_raw,token1_fees_raw,token0_fees,token1_fees,fees_raw,emissions_raw,votes_raw,votes,ratio,tfv,tbv,tvv,votes_per_tvv,rewards_epoch_ts
vAMM-tBTC/USDbC,0.003596196945743427,0x723AEf6543aecE026a15662Be4D3fb3424D502A9,0x50f0249B824033Cf0AF0C8b9fe1c67c2842A34d5,0x236aa50979D5f3De3Bd1Eeb40E81137F22ab794b,0xd9aAEc86B65D86f6A7B5B1b0c42FFA531710b6CA,0x940181a94A35A4569E4529A3CDfB74e38FD98631,18,18,6,0,0,0.0,0.0,0,159408918519830,24277017384328920598933,24277.017384328923,2.155637638581811e-22,5.233245242616437,0,5.233245242616437,4638.998605804163,1776902400
vAMM-tBTC/WETH,0.0014534010792838926,0x2722C8f9B5E2aC72D1f225f8e8c990E449ba0078,0xfaE8C18D83655Fbf31af10d2e9A1Ad5bA77D0377,0x236aa50979D5f3De3Bd1Eeb40E81137F22ab794b,0x4200000000000000000000000000000000000006,0x940181a94A35A4569E4529A3CDfB74e38FD98631,18,18,18,0,295898586630699,0.0,0.000295898586630699,295898586630699,64425029474103,9811543639160539373483,9811.54363916054,1.595980955566785e-21,15.65903679281265,0,15.65903679281265,626.5738926971515,1776902400
vAMM-T/WETH,5.874057832201967e-07,0xAf58FDeE432a104a932a899968d60F92838886cd,0xaD3d4aFd779e4A57734557CcE25F87032614fE47,0x26f3901aC8a79c50fb0d8289C74f0d09AdC42E29,0x4200000000000000000000000000000000000006,0x940181a94A35A4569E4529A3CDfB74e38FD98631,18,18,18,3765021195572701429932,3802867767861688,3765.0211955727013,0.003802867767861688,3765024998440469291620,0,3965428096970939228,3.9654280969709395,0.0,0,0,0,nan,0
vAMM-EXTRA/USDbC,4.641344165842237e-05,0x2B7704f1cb9324cD8586B33C6c540CbD64E58237,0xf05a3De3dD6910042f506c6105bC14920C4289B6,0x2dAD3a13ef0C6366220f989157009e501e7938F8,0xd9aAEc86B65D86f6A7B5B1b0c42FFA531710b6CA,0x940181a94A35A4569E4529A3CDfB74e38FD98631,18,18,6,2789378957395019686850,38426693,2789.37895739502,38.426693,2789378957395058113543,0,313325423220146093721,313.3254232201461,0.0,0,0,0,nan,0
sAMM-DOLA/USDbC,0.0006245852336423565,0x0B25c51637c43decd6CC1C1e3da4518D54ddb528,0xeAE066C25106006fB386A3a8b1698A0cB6931c1a,0x4621b7A9c75199271F773Ebd9A499dbd165c3191,0xd9aAEc86B65D86f6A7B5B1b0c42FFA531710b6CA,0x940181a94A35A4569E4529A3CDfB74e38FD98631,18,18,6,0,0,0.0,0.0,0,27686041148617,4216417177340111629520,4216.417177340111,2.1261942524345538e-22,0.896492196832687,0,0.896492196832687,4703.23912716334,1776902400
vAMM-WETH/UNIDX,1.8860374791487724e-05,0xA819Af1CC8AbE618eA8abaDeb464960F7451CEAB,0x98F44CE76BDCaD37f00a98B275631B1D796862fa,0x4200000000000000000000000000000000000006,0x6B4712AE9797C199edd44F897cA09BC57628a1CF,0x940181a94A35A4569E4529A3CDfB74e38FD98631,18,18,18,66824064630132120,226333029296948315040,0.06682406463013212,226.33302929694833,226399853361578447160,0,127321627151110355016,127.32162715111036,0.0,0,0,0,nan,0
vAMM-ERN/stERN,6.441095765293787e-05,0x218F511431194B2C756D67a137DE536beA74E498,0x109Cc0f2640457b2A483C2eef189827750A676bB,0xa334884bF6b0A066d553D19e507315E839409e62,0xf7A0dd3317535eC4f4d29ADF9d620B3d8D5D5069,0x940181a94A35A4569E4529A3CDfB74e38FD98631,18,18,18,237984017128961526,117960802477172340,0.23798401712896153,0.11796080247717235,355944819606133866,0,434822108542330684198,434.8221085423307,0.0,0,0,0,nan,0
sAMM-MAI/USDbC,4.130550857499424e-05,0xf6Aec4F97623E691a9426a69BaF5501509fCa05D,0xC01E2ff20501839db7B28F5Cb3eD2876fEa3d6b1,0xbf1aeA8670D2528E08334083616dD9C5F3B087aE,0xd9aAEc86B65D86f6A7B5B1b0c42FFA531710b6CA,0x940181a94A35A4569E4529A3CDfB74e38FD98631,18,18,6,30632010853665536027,8664868,30.632010853665538,8.664868,30632010853674200895,0,278843056949536182548,278.8430569495362,0.0,0,0,0,nan,0
sAMM-DOLA/MAI,9.771575913111011e-05,0x8b432C54d6e8E1B8D1802753514AB53044Af1861,0xDe23611176b16720346f4Df071D1aA01752c68C1,0x4621b7A9c75199271F773Ebd9A499dbd165c3191,0xbf1aeA8670D2528E08334083616dD9C5F3B087aE,0x940181a94A35A4569E4529A3CDfB74e38FD98631,18,18,18,10113985977595839048,11622330219770580448,10.113985977595839,11.62233021977058,21736316197366419496,0,659654412408287255581,659.6544124082873,0.0,0,0,0,nan,0
vAMM-USDbC/STG,8.970012144857592e-08,0xb680190fB16f417647e69D6A84719aE9c7E5E20a,0x9a8D9F5C698C1F2B0d48a955BC531F2c7D67Af84,0xd9aAEc86B65D86f6A7B5B1b0c42FFA531710b6CA,0xE3B53AF74a4BF62Ae5511055290838050bf764Df,0x940181a94A35A4569E4529A3CDfB74e38FD98631,18,6,18,56494922,310840583386242276681,56.494922,310.84058338624226,310840583386298771603,0,605542866711187967,0.605542866711188,0.0,0,0,0,nan,0
vAMM-WETH/TAROT,0.04290344042604831,0x2d25E0514f23c6367687dE89Bd5167dc754D4934,0xa81dac2e9caa218Fcd039D7CEdEB7847cf362213,0x4200000000000000000000000000000000000006,0xF544251D25f3d243A36B07e7E7962a678f952691,0x940181a94A35A4569E4529A3CDfB74e38FD98631,18,18,18,11543026757781,0,1.1543026757781e-05,0.0,11543026757781,1901784341147229,289630291328601324453476,289630.2913286013,3.3144345523826794e-22,95.99606449961777,0,95.99606449961777,3017.1058869788826,1776902400
sAMM-MIM/USDbC,8.970012144857592e-08,0x982A169edFC1cf8Fd38dBeE76735547b23875BD1,0xBb0b5819Fa91076a1D6aaFa0D018E27a416DE029,0x4A3A6Dd60A34bB2Aba60D73B4C88315E9CeB6A3D,0xd9aAEc86B65D86f6A7B5B1b0c42FFA531710b6CA,0x940181a94A35A4569E4529A3CDfB74e38FD98631,18,18,6,2400072170133977365,2456722,2.4000721701339773,2.456722,2400072170136434087,0,605542866711187967,0.605542866711188,0.0,0,0,0,nan,0
vAMM-WETH/HOP,0.010761397067198341,0x75D18ee68bB93BE5cB2dcCFa0d8151E25CBC8Eb8,0xb42A9e58773993ed15A5eED65633e85870185e13,0x4200000000000000000000000000000000000006,0xc5102fE9359FD9a28f877a67E36B0F050d81a3CC,0x940181a94A35A4569E4529A3CDfB74e38FD98631,18,18,18,0,0,0.0,0.0,0,477026067748511,72647473879112681193110,72647.47387911267,1.3059786272151276e-24,0.09487604820729043,0,0.09487604820729043,765709.31496207,1776902400
sAMM-DAI+/USD+,0.00017205312351136037,0x1b05e4e814b3431a48b8164c41eaC834d9cE2Da6,0x87803Cb321624921cedaAD4555F07Daa0D1Ed325,0x65a2508C429a6078a7BC2f7dF81aB575BD9D9275,0xB79DD08EA68A908A97220C76d19A6aA9cBDE4376,0x940181a94A35A4569E4529A3CDfB74e38FD98631,18,18,6,4154587565781891031,7040664,4.154587565781891,7.040664,4154587565788931695,0,1161487185916595141654,1161.487185916595,0.0,0,0,0,nan,0
sAMM-USD+/USDbC,0.00011635823996424564,0x4a3636608d7Bc5776CB19Eb72cAa36EbB9Ea683B,0xa5972f0C07a2D1cc5A8457c28d88ec4f3C009864,0xB79DD08EA68A908A97220C76d19A6aA9cBDE4376,0xd9aAEc86B65D86f6A7B5B1b0c42FFA531710b6CA,0x940181a94A35A4569E4529A3CDfB74e38FD98631,18,6,6,36697478,17217548,36.697478,17.217548,53915026,0,785505092474278257099,785.5050924742783,0.0,0,0,0,nan,0
vAMM-WETH/DEUS,0.15562158052138167,0x9e4CB8b916289864321661CE02cf66aa5BA63C94,0x7eC1926A50D2D253011cC9891935eBc476713bb1,0x4200000000000000000000000000000000000006,0xDE5ed76E7c05eC5e4572CfC88d1ACEA165109E44,0x940181a94A35A4569E4529A3CDfB74e38FD98631,18,18,18,2241001418623,0,2.241001418623e-06,0.0,2241001418623,6898319070411347,1050561988871638380170823,1050561.9888716384,1.9775624324926053e-23,20.775519221972665,0,20.775519221972665,50567.30364459628,1776902400
sAMM-DAI/USDbC,1.1690599917038772e-06,0x6EAB8c1B93f5799daDf2C687a30230a540DbD636,0xCF1D5Aa63083fda05c7f8871a9fDbfed7bA49060,0x50c5725949A6F0c72E6C4a641F24049A917DB0Cb,0xd9aAEc86B65D86f6A7B5B1b0c42FFA531710b6CA,0x940181a94A35A4569E4529A3CDfB74e38FD98631,18,18,6,23252585327438025702,22398464,23.252585327438027,22.398464,23252585327460424166,0,7892028765418826011,7.892028765418826,0.0,0,0,0,nan,0
vAMM-AERO/USDbC,0.04205559226205692,0x2223F9FE624F69Da4D8256A7bCc9104FBA7F8f75,0x9a202c932453fB3d04003979B121E80e5A14eE7b,0x940181a94A35A4569E4529A3CDfB74e38FD98631,0xd9aAEc86B65D86f6A7B5B1b0c42FFA531710b6CA,0x940181a94A35A4569E4529A3CDfB74e38FD98631,18,18,6,43116305381652833922,2583561,43.116305381652836,2.583561,43116305381655417483,1864220200995394,283906682492090515359740,283906.6824920905,2.8343176297531464e-21,804.681715392061,0,804.681715392061,352.81860773208206,1776902400
vAMM-WETH/AERO,0.5400625294059858,0x7f670f78B17dEC44d5Ef68a48740b6f8849cc2e6,0x96a24aB830D4ec8b1F6f04Ceac104F1A3b211a01,0x4200000000000000000000000000000000000006,0x940181a94A35A4569E4529A3CDfB74e38FD98631,0x940181a94A35A4569E4529A3CDfB74e38FD98631,18,18,18,96162415153538,259883611477477635415,9.6162415153538e-05,259.88361147747764,259883707639892788953,23939148008506487,3645825746705138022118934,3645825.746705138,1.959641363224269e-21,7144.510936351395,0,7144.510936351395,510.29745481319287,1776902400
vAMM-WETH/DOG,0.00030383871601437053,0xF89042057D079debe2a65A1a899E48E0E825105F,0x15093ed45C2A3F88393d41bC436003E2b8115aD5,0x4200000000000000000000000000000000000006,0x9E53e88dCff56d3062510A745952DEC4cEFDff9E,0x940181a94A35A4569E4529A3CDfB74e38FD98631,18,18,18,243026181643885839,5450416384569039620681410,0.24302618164388584,5450416.38456904,5450416627595221264567249,0,2051138439301516240733,2051.1384393015164,0.0,0,0,0,nan,0
vAMM-WETH/USDbC,0.016204097483821112,0xB4885Bc63399BF5518b994c1d0C153334Ee579D0,0xeca7Ff920E7162334634c721133F3183B83B0323,0x4200000000000000000000000000000000000006,0xd9aAEc86B65D86f6A7B5B1b0c42FFA531710b6CA,0x940181a94A35A4569E4529A3CDfB74e38FD98631,18,18,6,0,0,0.0,0.0,0,718294617892726,109389769872784980619825,109389.76987278498,1.65607227852561e-21,181.15736544061514,0,181.15736544061514,603.8383788962963,1776902400
vAMM-WETH/fBOMB,0.013597045524638815,0x4F9Dc2229f2357B27C22db56cB39582c854Ad6d5,0x76c48576822Cd955C320f5d5A163E738dbFEcc01,0x4200000000000000000000000000000000000006,0x74ccbe53F77b08632ce0CB91D3A545bF6B8E0979,0x940181a94A35A4569E4529A3CDfB74e38FD98631,18,18,18,0,0,0.0,0.0,0,602729317652028,91790220490532390738211,91790.22049053239,1.3354357734654246e-21,122.57994409733598,0,122.57994409733598,748.8192392847343,1776902400
vAMM-WETH/WELL,0.0013636836034599392,0xffA3F8737C39e36dec4300B162c2153c67c8352f,0xcEa0a2228145d0fD25dE083e3786ddB1eA184296,0x4200000000000000000000000000000000000006,0xFF8adeC2221f9f4D8dfbAFa6B9a297d17603493D,0x940181a94A35A4569E4529A3CDfB74e38FD98631,18,18,18,0,0,0.0,0.0,0,60449314986646,9205883617443912353023,9205.883617443913,1.8604107259824118e-22,1.712672462403842,0,1.712672462403842,5375.1571415604385,1776902400
vAMM-USD+/stERN,2.0124256568454189e-07,0x607363389331f4B2D1b955d009506A67c565D75E,0xe5Cf7Ec83BA94c4AdF833d7DCdb800a53f28410E,0xB79DD08EA68A908A97220C76d19A6aA9cBDE4376,0xf7A0dd3317535eC4f4d29ADF9d620B3d8D5D5069,0x940181a94A35A4569E4529A3CDfB74e38FD98631,18,6,18,398325,3042380725454152831,0.398325,3.042380725454153,3042380725454551156,0,1358537738422055515,1.3585377384220554,0.0,0,0,0,nan,0
vAMM-USD+/USDbC,8.970012144857592e-08,0xdC0F1F6eCd03ec1C9FFC2A17BaBAbd313477b20E,0xD2121Cb13A28Ab16Cb0f0F19A665e9a9311F9aBb,0xB79DD08EA68A908A97220C76d19A6aA9cBDE4376,0xd9aAEc86B65D86f6A7B5B1b0c42FFA531710b6CA,0x940181a94A35A4569E4529A3CDfB74e38FD98631,18,6,6,5491,2659,0.005491,0.002659,8150,0,605542866711187967,0.605542866711188,0.0,0,0,0,nan,0
vAMM-USDbC/THALES,0.0002976918917456212,0x5F43555b02507133eCd5b78218283ed849b07Eac,0x2692CC440416B7f8252406D84e9D66f0C48C069E,0xd9aAEc86B65D86f6A7B5B1b0c42FFA531710b6CA,0xf34e0cff046e154CAfCae502C7541b9E5FD8C249,0x940181a94A35A4569E4529A3CDfB74e38FD98631,18,6,18,39348359,196883528995349198005,39.348359,196.8835289953492,196883528995388546364,0,2009642781004082510685,2009.6427810040825,0.0,0,0,0,nan,0
vAMM-WETH/THALES,0.0002865434786551507,0x3f386Acc3A8E9194cF6279C219DF8DD3C5B71974,0x62052D68A7DBa58079B7D70a40796CAbAab2a95f,0x4200000000000000000000000000000000000006,0xf34e0cff046e154CAfCae502C7541b9E5FD8C249,0x940181a94A35A4569E4529A3CDfB74e38FD98631,18,18,18,2110393923190238,34740917851118526603,0.002110393923190238,34.740917851118525,34743028245041716841,0,1934382659690264873212,1934.3826596902647,0.0,0,0,0,nan,0
vAMM-EXTRA/WETH,0.06510294340080328,0x84Ff3B6e2046579Fb2f2b891CE18eE10b5fbDbF2,0xE5Ff63862097b32d3ed30551e290D66f1548973F,0x2dAD3a13ef0C6366220f989157009e501e7938F8,0x4200000000000000000000000000000000000006,0x940181a94A35A4569E4529A3CDfB74e38FD98631,18,18,18,1465964297340579010,19070669879479,1.465964297340579,1.9070669879479e-05,1465983368010458489,2885909434987193,439493529569624750784159,439493.52956962475,1.5990181333413396e-22,70.27581232680183,0,70.27581232680183,6253.837771747969,1776902400
vAMM-fBOMB/AERO,1.3630720122870155,0xbBf71AAD6E1F8D180D3B1D898528654c1d18b2fF,0x12E45bE50dd4f3Bc430B65d399B1e3b90275661c,0x74ccbe53F77b08632ce0CB91D3A545bF6B8E0979,0x940181a94A35A4569E4529A3CDfB74e38FD98631,0x940181a94A35A4569E4529A3CDfB74e38FD98631,18,18,18,1046682714231446806,0,1.0466827142314468,0.0,1046682714231446806,60431272852368552,9201754919888919380729904,9201754.91988892,1.3141191870542472e-22,1209.2202694796847,0,1209.2202694796847,7609.659837945275,1776902400
vAMM-EURA/USDbC,7.141831048530526e-06,0xA56bE957d432a5d0eDc040B27078d9726f54E7f6,0x275535F82F287073CEEbC653862E4E43868AA65C,0xA61BeB4A3d02decb01039e378237032B351125B4,0xd9aAEc86B65D86f6A7B5B1b0c42FFA531710b6CA,0x940181a94A35A4569E4529A3CDfB74e38FD98631,18,18,6,2611354492245941269,2677354,2.6113544922459413,2.677354,2611354492248618623,0,48212697785180123453,48.212697785180126,0.0,0,0,0,nan,0
vAMM-SONNE/USDbC,0.0019551691600311217,0x554EcA2a48136724294CE47fb7bfE9AADfceE3c6,0x744462994510ccd987F697752bD46d1155F8022F,0x22a2488fE295047Ba13BD8cCCdBC8361DBD8cf7c,0xd9aAEc86B65D86f6A7B5B1b0c42FFA531710b6CA,0x940181a94A35A4569E4529A3CDfB74e38FD98631,18,18,6,6623400378570238188504,3932295,6623.400378570238,3.932295,6623400378570242120799,0,13198853233986864757364,13198.853233986865,0.0,0,0,0,nan,0
sAMM-AERO/USDbC,8.970012144857592e-08,0xB304b47e039E20AFAd75FA2ada6CD8D95a9eea41,0x46110ac9100A027bAec01bf1C211522ce0B02540,0x940181a94A35A4569E4529A3CDfB74e38FD98631,0xd9aAEc86B65D86f6A7B5B1b0c42FFA531710b6CA,0x940181a94A35A4569E4529A3CDfB74e38FD98631,18,18,6,1434855261411731041338,1313784465,1434.8552614117311,1313.784465,1434855261413044825803,0,605542866711187967,0.605542866711188,0.0,0,0,0,nan,0
vAMM-EXTRA/AERO,0.0008889758204854241,0x688F778C51dB4D990bF1abaF8d33fD95e48C6641,0x6664867531c0FDd058881153FaBE7D2162833b07,0x2dAD3a13ef0C6366220f989157009e501e7938F8,0x940181a94A35A4569E4529A3CDfB74e38FD98631,0x940181a94A35A4569E4529A3CDfB74e38FD98631,18,18,18,0,1104937999736151517,0.0,1.1049379997361515,1104937999736151517,39406877382178,6001251258977202090885,6001.251258977201,6.053903582142892e-21,36.33099649406162,0,36.33099649406162,165.18267700028866,1776902400
sAMM-DAI+/USDbC,8.970012144857592e-08,0x4f7f293e7B7b6D1cAA1ca48784C5986f3dE5E19c,0x2d8b33A0dc95F0eb9429551eA4d2297729828558,0x65a2508C429a6078a7BC2f7dF81aB575BD9D9275,0xd9aAEc86B65D86f6A7B5B1b0c42FFA531710b6CA,0x940181a94A35A4569E4529A3CDfB74e38FD98631,18,18,6,46413003728299596,31847,0.046413003728299596,0.031847,46413003728331443,0,605542866711187967,0.605542866711188,0.0,0,0,0,nan,0
sAMM-DAI/MAI,1.739395920544389e-07,0x30A30f266e1173a75985997B2523EcbC19c60fF3,0xc16A2c13d3A62937FB3b0FE03Fa24B0C6161245E,0x50c5725949A6F0c72E6C4a641F24049A917DB0Cb,0xbf1aeA8670D2528E08334083616dD9C5F3B087aE,0x940181a94A35A4569E4529A3CDfB74e38FD98631,18,18,18,11155931332642330704,11332260776200400459,11.15593133264233,11.3322607762004,22488192108842731163,0,1174222258635433511,1.1742222586354334,0.0,0,0,0,nan,0
sAMM-WETH/USDbC,8.748821623858371e-07,0x44d7Dd237001AeF7fC7D8CB13ab4452f65CE5E40,0x1AF743E6EbF9C4f90aE9A37E6e61Bca31a867676,0x4200000000000000000000000000000000000006,0xd9aAEc86B65D86f6A7B5B1b0c42FFA531710b6CA,0x940181a94A35A4569E4529A3CDfB74e38FD98631,18,18,6,122601814246890402,307569538,0.1226018142468904,307.569538,122601814554459940,0,5906108532409502377,5.906108532409503,0.0,0,0,0,nan,0
vAMM-FREN/WETH,0.0004683789609647271,0x679d601AAA86cd555E8bfD48ddC8b4aaDe2A0F27,0x5C84541A91c4dAF68964197E7ED1c7de79A82Ec3,0x12063CC18A7096D170e5Fc410d8623Ad97ee24B3,0x4200000000000000000000000000000000000006,0x940181a94A35A4569E4529A3CDfB74e38FD98631,18,18,18,7536056931416908792415,19233165757456107,7536.056931416909,0.019233165757456108,7536076164582666248522,0,3161908079381884072978,3161.908079381884,0.0,0,0,0,nan,0
sAMM-WETH/BASED,0.00028875555298849665,0x5F45e48F9C053286cE9Ca08Db897f8b7eb3f7992,0xA7919a78183d4B3980c01DfDaCd0158772eB5632,0x4200000000000000000000000000000000000006,0x9CBD543f1B1166b2Df36b68Eb6bB1DcE24E6aBDf,0x940181a94A35A4569E4529A3CDfB74e38FD98631,18,18,18,878825926775581947,4748656830468847977,0.8788259267755819,4.748656830468848,5627482757244429924,0,1949315814869552503461,1949.3158148695527,0.0,0,0,0,nan,0
vAMM-BASED/USDbC,5.000101470816938e-07,0xb905d9195019778CFbaa4e9eD90dF3FC5871CD9A,0x1202cEE03f9Dc305e14c3C34afaedE7BcE47b373,0xBa5E6fa2f33f3955f0cef50c63dCC84861eAb663,0xd9aAEc86B65D86f6A7B5B1b0c42FFA531710b6CA,0x940181a94A35A4569E4529A3CDfB74e38FD98631,18,18,6,41047168293617294,350188,0.04104716829361729,0.350188,41047168293967482,0,3375442228605126725,3.3754422286051264,0.0,0,0,0,nan,0
sAMM-DOLA/USD+,0.0003418613309264194,0x8E9154AC849e839d60299E85156bcb589De2693A,0x969c70383A95704C6a35497d8C77BF38dc152e63,0x4621b7A9c75199271F773Ebd9A499dbd165c3191,0xB79DD08EA68A908A97220C76d19A6aA9cBDE4376,0x940181a94A35A4569E4529A3CDfB74e38FD98631,18,18,6,0,0,0.0,0.0,0,15154166445347,2307819510206166165188,2307.8195102061663,0.0,0,0,0,nan,0
vAMM-DAI+/USD+,1.820100277835349e-06,0x3CF04A380e54FA4eD31eA48acb9132EA35e2E8D9,0x18f880A04F8aD0da98414672184146D17fe1d2dA,0x65a2508C429a6078a7BC2f7dF81aB575BD9D9275,0xB79DD08EA68A908A97220C76d19A6aA9cBDE4376,0x940181a94A35A4569E4529A3CDfB74e38FD98631,18,18,6,2863874804654989,4636,0.002863874804654989,0.004636,2863874804659625,0,12287037321059777189,12.287037321059776,0.0,0,0,0,nan,0
sAMM-USDC/USDbC,0.00030687353354277733,0x27a8Afa3Bd49406e48a074350fB7b2020c43B2bD,0x1Cfc45C5221A07DA0DE958098A319a29FbBD66fE,0x833589fCD6eDb6E08f4c7C32D4f71b54bdA02913,0xd9aAEc86B65D86f6A7B5B1b0c42FFA531710b6CA,0x940181a94A35A4569E4529A3CDfB74e38FD98631,18,6,6,0,0,0.0,0.0,0,13603393258827,2071625726012162901952,2071.625726012163,0.0,0,0,0,nan,0
vAMM-WETH/USDC,0.8462158039308877,0xcDAC0d6c6C59727a65F871236188350531885C43,0x519BBD1Dd8C6A94C46080E24f316c14Ee758C025,0x4200000000000000000000000000000000000006,0x833589fCD6eDb6E08f4c7C32D4f71b54bdA02913,0x940181a94A35A4569E4529A3CDfB74e38FD98631,18,18,6,80336787628417936,83112639,0.08033678762841794,83.112639,80336787711530575,37524212440831667,5712589185984400729828197,5712589.185984401,1.4449077999655087e-21,8254.164672827477,0,8254.164672827477,692.0856818849417,1776902400
vAMM-USDC/AERO,8.340202251270279,0x6cDcb1C4A4D1C3C6d054b27AC5B77e89eAFb971d,0x4F09bAb2f0E15e2A078A227FE1537665F55b8360,0x833589fCD6eDb6E08f4c7C32D4f71b54bdA02913,0x940181a94A35A4569E4529A3CDfB74e38FD98631,0x940181a94A35A4569E4529A3CDfB74e38FD98631,18,6,18,569146988,2859052594258422370458,569.146988,2859.0525942584222,2859052594258991517446,369712436148824971,56302599133944514980116584,56302599.13394451,1.3431540986078444e-21,75623.06678903205,0,75623.06678903205,744.5162107880863,1776902400
sAMM-DAI/USDC,2.5853131069929468e-05,0x67b00B46FA4f4F24c03855c5C8013C0B938B3eEc,0x640e9ef68e1353112fF18826c4eDa844E1dC5eD0,0x50c5725949A6F0c72E6C4a641F24049A917DB0Cb,0x833589fCD6eDb6E08f4c7C32D4f71b54bdA02913,0x940181a94A35A4569E4529A3CDfB74e38FD98631,18,18,6,0,0,0.0,0.0,0,1146043143102,174527958811294480787,174.52795881129447,7.209776039878964e-22,0.12583074957266535,0,0.12583074957266535,1387.0056357767082,1776902400
vAMM-WETH/USD+,3.409362913154969e-06,0x08B935148AB10d3699Cb8d944519e8213abE6f1D,0x1cb5503Ed87CAf12fa56e67219baC798eb51F5a7,0x4200000000000000000000000000000000000006,0xB79DD08EA68A908A97220C76d19A6aA9cBDE4376,0x940181a94A35A4569E4529A3CDfB74e38FD98631,18,18,6,15901535255093408,151268122,0.01590153525509341,151.268122,15901535406361530,0,23015748014056261285,23.01574801405626,0.0,0,0,0,nan,0
vAMM-WETH/AAG,0.00010692545298986376,0x6689a0582BAfcC286A81dc38D76e0470AcD17275,0xd962615116fAf0d2A9DB99310Db8126CF700ec1b,0x4200000000000000000000000000000000000006,0x96e890c6b2501a69cAD5Dba402BFB871a2A2874C,0x940181a94A35A4569E4529A3CDfB74e38FD98631,18,18,18,3614284809186723,27521176802696194939313,0.003614284809186723,27521.176802696194,27521180416981004126036,0,721826729799844593836,721.8267297998447,0.0,0,0,0,nan,0
sAMM-USD+/MAI,4.299504644262101e-05,0x3FF5bfE3ff5e1877664Fe25862871554e632b9C9,0xC8a2a224aA2Ff37435Ef49903fC6a4e5CA741645,0xB79DD08EA68A908A97220C76d19A6aA9cBDE4376,0xbf1aeA8670D2528E08334083616dD9C5F3B087aE,0x940181a94A35A4569E4529A3CDfB74e38FD98631,18,6,18,7430458,1054774827010808973,7.430458,1.054774827010809,1054774827018239431,0,290248700411973884605,290.2487004119739,0.0,0,0,0,nan,0
vAMM-AERO/DOG,0.0006982920541384978,0x656D48D3F337c6b3cD2ED8471B135fF54b1F96Ad,0xDcC24121BAe131F952B09A08E65b95642F093794,0x940181a94A35A4569E4529A3CDfB74e38FD98631,0x9E53e88dCff56d3062510A745952DEC4cEFDff9E,0x940181a94A35A4569E4529A3CDfB74e38FD98631,18,18,18,215180915130967703206,748111218400994449943202,215.1809151309677,748111.2184009944,748326399316125417646408,0,4713993308326597849420,4713.993308326598,0.0,0,0,0,nan,0
vAMM-tBTC/T,1.3195006780385078e-05,0xfd8aA87c97D32345BFe4F753ACf25729008331C9,0x76BB14cc51d409987Ea34a158Ba51643F81BB82e,0x236aa50979D5f3De3Bd1Eeb40E81137F22ab794b,0x26f3901aC8a79c50fb0d8289C74f0d09AdC42E29,0x940181a94A35A4569E4529A3CDfB74e38FD98631,18,18,18,194391279990687,1583374605912578621134,0.000194391279990687,1583.3746059125785,1583374800303858611821,0,89076158460371774978,89.07615846037179,0.0,0,0,0,nan,0
vAMM-SONNE/USDC,5.198818251979934e-05,0x4cC2FeFB2635C86b1bae1b58E0f60Fb43E95e264,0xCbfeaED3dd9310406c046FB496C7E77f7571a808,0x22a2488fE295047Ba13BD8cCCdBC8361DBD8cf7c,0x833589fCD6eDb6E08f4c7C32D4f71b54bdA02913,0x940181a94A35A4569E4529A3CDfB74e38FD98631,18,18,6,37081193973257369981604,19594409,37081.19397325737,19.594409,37081193973257389576013,0,350959090910389825098,350.9590909103898,0.0,0,0,0,nan,0
vAMM-cbETH/AERO,6.70523751311412e-08,0x325a5FC7a92d3166ffabe7233c992143CF5EDd2c,0x93c2EE357213Fa873A49Ad8d453007417D7aE399,0x2Ae3F1Ec7F1F5012CFEab0185bfc7aa3cf0DEc22,0x940181a94A35A4569E4529A3CDfB74e38FD98631,0x940181a94A35A4569E4529A3CDfB74e38FD98631,18,18,18,702975691377768,3022665659921541675,0.000702975691377768,3.022665659921542,3023368635612919443,0,452653650864703704,0.45265365086470366,0.0,0,0,0,nan,0
vAMM-tBTC/USDC,0.0003193661793527398,0x323121CD6F6274c9aeB9f87e0664C8FDa5d343A5,0x434a8eEA016357bE462Eb6adE1b99F9f9F5Ff2c3,0x236aa50979D5f3De3Bd1Eeb40E81137F22ab794b,0x833589fCD6eDb6E08f4c7C32D4f71b54bdA02913,0x940181a94A35A4569E4529A3CDfB74e38FD98631,18,18,6,0,0,0.0,0.0,0,14157366893640,2155960422937952603981,2155.9604229379524,0.0,0,0,0,nan,0
vAMM-WETH/JARVIS,0.016281195570732477,0xeff0891e5a1bd47a8F1e77ABebfEE4145974D088,0xf460124c6146800c6C061A6fC40C14677523BC90,0x4200000000000000000000000000000000000006,0x777b2839832982B35213063d850848369390EE16,0x940181a94A35A4569E4529A3CDfB74e38FD98631,18,18,18,0,0,0.0,0.0,0,721738474716177,109910239586898145433288,109910.23958689814,0.0,0,0,0,nan,0
vAMM-cbETH/USDC,3.740663831566546e-05,0xa1d2ee6212D4375F154393E59895A5D27859C4e4,0x1a3FD3c084E5680655768b41Da653ca6e84b5981,0x2Ae3F1Ec7F1F5012CFEab0185bfc7aa3cf0DEc22,0x833589fCD6eDb6E08f4c7C32D4f71b54bdA02913,0x940181a94A35A4569E4529A3CDfB74e38FD98631,18,18,6,32167313474637697,89446289,0.0321673134746377,89.446289,32167313564083986,0,252522768463389149031,252.52276846338916,0.0,0,0,0,nan,0
sAMM-USDC/MAI,0.27335763101938804,0x2a1463CeBE85315224c536AfD389b381B43F3206,0x9280df579CeA690cAf5c31601cb71564Bb6FA6B7,0x833589fCD6eDb6E08f4c7C32D4f71b54bdA02913,0xbf1aeA8670D2528E08334083616dD9C5F3B087aE,0x940181a94A35A4569E4529A3CDfB74e38FD98631,18,6,18,150363,6140353179613951,0.150363,0.006140353179613951,6140353179764314,12117987824123797,1845368332302155641695947,1845368.3323021557,0.0,0,0,0,nan,0
vAMM-MST/WETH,3.975828872150921e-06,0x52E9cC1aD755347BDF666ddf6Ad88EdfFe76fe68,0x44283e26C3610f7a6f93fe37ab80aA6Fca57839E,0x2F3b1A07E3eFb1fCc64BD09b86bD0Fa885D93552,0x4200000000000000000000000000000000000006,0x940181a94A35A4569E4529A3CDfB74e38FD98631,18,18,18,2080870484642075729318,2759089940768719,2080.8704846420756,0.002759089940768719,2080873243732016498037,0,26839816645907110505,26.839816645907113,0.0,0,0,0,nan,0
vAMM-oBMX/USDC,8.160850600278763e-07,0xA8D5DB293917EA106A5fc4dA5A25340e8b428966,0x432146f6A9E1297C88268a1E67ddBFAC804bE6C2,0x3Ff7AB26F2dfD482C40bDaDfC0e88D01BFf79713,0x833589fCD6eDb6E08f4c7C32D4f71b54bdA02913,0x940181a94A35A4569E4529A3CDfB74e38FD98631,18,18,6,9026782698651850720,5599020,9.02678269865185,5.59902,9026782698657449740,0,5509184143220550715,5.50918414322055,0.0,0,0,0,nan,0
sAMM-eUSD/USDbC,1.4999525076103518e-06,0x5BfB340FA9305abB164Fb0248D0D82FC3D82C3bb,0x1457Da0dcBe22249408BB2D1e24Bd2f1484d7620,0xCfA3Ef56d303AE4fAabA0592388F19d7C3399FB4,0xd9aAEc86B65D86f6A7B5B1b0c42FFA531710b6CA,0x940181a94A35A4569E4529A3CDfB74e38FD98631,18,18,6,9185609467665962020,9700976,9.185609467665962,9.700976,9185609467675662996,0,10125800575528955765,10.125800575528956,0.0,0,0,0,nan,0
vAMM-hyUSD/eUSD,0.0008027025451761252,0xb5E331615FdbA7DF49e05CdEACEb14Acdd5091c3,0x025137c819298654162de2609f407514De4bb027,0xCc7FF230365bD730eE4B352cC2492CEdAC49383e,0xCfA3Ef56d303AE4fAabA0592388F19d7C3399FB4,0x940181a94A35A4569E4529A3CDfB74e38FD98631,18,18,18,0,0,0.0,0.0,0,35579932253617,5418842165124344156449,5418.842165124344,0.0,0,0,0,nan,0
vAMM-WETH/wstETH,0.0015688037361543117,0xA6385c73961dd9C58db2EF0c4EB98cE4B60651e8,0xDf7c8F17Ab7D47702A4a4b6D951d2A4c90F99bf4,0x4200000000000000000000000000000000000006,0xc1CBa3fCea344f92D9239c08C0568f6F2F0ee452,0x940181a94A35A4569E4529A3CDfB74e38FD98631,18,18,18,0,0,0.0,0.0,0,69545046451716,10590597831494751691939,10590.597831494752,8.113318582131243e-21,85.92489418214521,0,85.92489418214521,123.25412713392004,1776902400
vAMM-AERO/wstETH,0.011864789639165416,0x82a0c1a0d4EF0c0cA3cFDA3AD1AA78309Cc6139b,0x26D6D4E9e3fAf1C7C19992B1Ca792e4A9ea4F833,0x940181a94A35A4569E4529A3CDfB74e38FD98631,0xc1CBa3fCea344f92D9239c08C0568f6F2F0ee452,0x940181a94A35A4569E4529A3CDfB74e38FD98631,18,18,18,12561694830019796397,0,12.561694830019796,0.0,12561694830019796397,601178558908464,80096198477772411869836,80096.19847777241,4.453299053810478e-21,356.69232489488013,0,356.69232489488013,224.55262669690848,1776902400
sAMM-LUSD/USDbC,2.645362563514503e-06,0x8c7D15fCB443e07C5dc980901A6281f96D87C10F,0xe69e310cE7dBC2F43A8671e140d435c0128a725E,0x368181499736d0c0CC614DBB145E2EC1AC86b8c6,0xd9aAEc86B65D86f6A7B5B1b0c42FFA531710b6CA,0x940181a94A35A4569E4529A3CDfB74e38FD98631,18,18,6,5438532407033510747,4919267,5.43853240703351,4.919267,5438532407038430014,0,17858174597002851894,17.85817459700285,0.0,0,0,0,nan,0
vAMM-WETH/VELA,0.00035324161028678553,0x951FdfA193D92C74c9e35Ea8C8C757CBCBB85147,0xA0eBBC0F5AdCc34E7ca3Ea5BaC654C00817B8F0B,0x4200000000000000000000000000000000000006,0x5A76A56ad937335168b30dF3AA1327277421C6Ae,0x940181a94A35A4569E4529A3CDfB74e38FD98631,18,18,18,6959839935680856,3736183561465856833502,0.006959839935680856,3736.1835614658567,3736190521305792514358,0,2384644902151715785546,2384.644902151716,0.0,0,0,0,nan,0
vAMM-WETH/OVN,2.352482525727192e-09,0xBE0aBf47Dd240d84941024433724004F0C92CDe5,0xc641c66daB86250414628aB98848A4762d288650,0x4200000000000000000000000000000000000006,0xA3d1a8DEB97B111454B294E2324EfAD13a9d8396,0x940181a94A35A4569E4529A3CDfB74e38FD98631,18,18,18,2005587145160486,7270273588258652404,0.002005587145160486,7.270273588258652,7272279175403812890,0,15881015426868585,0.015881015426868584,0.0,0,0,0,nan,0
sAMM-WETH/USDC,0.001756558341190884,0x3548029694fbB241D45FB24Ba0cd9c9d4E745f16,0xaeBA79D1108788E5754Eb30aaC64EB868a3247FC,0x4200000000000000000000000000000000000006,0x833589fCD6eDb6E08f4c7C32D4f71b54bdA02913,0x940181a94A35A4569E4529A3CDfB74e38FD98631,18,18,6,0,0,0.0,0.0,0,77859759078482,11858081753879985934266,11858.081753879986,8.91191031318699e-22,10.567816107701752,0,10.567816107701752,1122.093877583458,1776902400
vAMM-SEAM/WETH,3.2317668980586126e-05,0x1B00a1aFE48aDB8D8C76b854da22a70011446481,0x8362A202E02f1B5DD75d86E9B6A4Ddf3FbAe37E4,0x1C7a460413dD4e964f96D8dFC56E7223cE88CD85,0x4200000000000000000000000000000000000006,0x940181a94A35A4569E4529A3CDfB74e38FD98631,18,18,18,134437046095003407183,22082717110367930,134.4370460950034,0.02208271711036793,134459128812113775113,0,218168421668709422546,218.16842166870944,0.0,0,0,0,nan,0
vAMM-SEAM/USDC,0.0034715330569029665,0xB0d931138BF96501654f2268Cdd84420151fF52e,0xfbE95C0DcE6a5A9D61068281523A1DA37F332bd3,0x1C7a460413dD4e964f96D8dFC56E7223cE88CD85,0x833589fCD6eDb6E08f4c7C32D4f71b54bdA02913,0x940181a94A35A4569E4529A3CDfB74e38FD98631,18,18,6,0,0,0.0,0.0,0,153876316604550,23435442953829465100662,23435.442953829464,1.1023464965771876e-21,25.833978435888447,0,25.833978435888447,907.155783689633,1776902400
vAMM-SEAM/USDbC,0.0001234147606788539,0x42e8dC1b1891C103291Ec01D903451E729DaAACc,0xf2669b18Eb18052A6fa7aA87294C629e3B158c1D,0x1C7a460413dD4e964f96D8dFC56E7223cE88CD85,0xd9aAEc86B65D86f6A7B5B1b0c42FFA531710b6CA,0x940181a94A35A4569E4529A3CDfB74e38FD98631,18,18,6,0,0,0.0,0.0,0,5470435361029,833141881739724817803,833.1418817397248,1.3086708760616896e-21,1.0903085162600104,0,1.0903085162600104,764.1340678485924,1776902400
vAMM-USDC/WELL,4.8724215051048465e-08,0x790027573FD4ccD0132e04c194E7a963c2521f1d,0x83a7D55b902Db2069c7c776856d864a8C381A392,0x833589fCD6eDb6E08f4c7C32D4f71b54bdA02913,0xFF8adeC2221f9f4D8dfbAFa6B9a297d17603493D,0x940181a94A35A4569E4529A3CDfB74e38FD98631,18,6,18,124655692,4303969434533384992363,124.655692,4303.969434533385,4303969434533509648055,0,328924870822822185,0.32892487082282224,0.0,0,0,0,nan,0
sAMM-USDC/AERO,0.0002681038790194888,0x861Ee8B9F7e42eDCF4f1B5614c6595F71A879f3f,0x63f85D5D213A83F3C0C76E3A26Cdcaca34aBE784,0x833589fCD6eDb6E08f4c7C32D4f71b54bdA02913,0x940181a94A35A4569E4529A3CDfB74e38FD98631,0x940181a94A35A4569E4529A3CDfB74e38FD98631,18,6,18,24673370340,27332553586220412655788,24673.37034,27332.553586220412,27332553586245086026128,0,1809901579352078398691,1809.9015793520782,0.0,0,0,0,nan,0
sAMM-WETH/wstETH,2.701082116577498e-07,0x29BBb5F85F01702Ec85D217CEEb2d9657700cF04,0xc3A4ADA162B989326326db7aec07000bEA6Bb69c,0x4200000000000000000000000000000000000006,0xc1CBa3fCea344f92D9239c08C0568f6F2F0ee452,0x940181a94A35A4569E4529A3CDfB74e38FD98631,18,18,18,0,0,0.0,0.0,0,11973940540,1823432322811674536,1.8234323228116747,1.4563292969742137e-19,0.26555179127603834,0,0.26555179127603834,6.866578884855782,1776902400
vAMM-USDC/DEUS,0.014596138809369573,0xf185f82A1948d014baE23d30b06FA8Da35110315,0xC5170E37875cfD19872692E1086C49F205b5Fca6,0x833589fCD6eDb6E08f4c7C32D4f71b54bdA02913,0xDE5ed76E7c05eC5e4572CfC88d1ACEA165109E44,0x940181a94A35A4569E4529A3CDfB74e38FD98631,18,6,18,0,0,0.0,0.0,0,647049185023908,98534846941173205878855,98534.8469411732,0.0,0,0,0,nan,0
vAMM-WETH/DEGEN,0.00400600840000364,0x2C4909355b0C036840819484c3A882A95659aBf3,0x86A1260AB9f758026Ce1a5830BdfF66DBcF736d5,0x4200000000000000000000000000000000000006,0x4ed4E862860beD51a9570b96d89aF5E1B0Efefed,0x940181a94A35A4569E4529A3CDfB74e38FD98631,18,18,18,0,0,0.0,0.0,0,177586997785837,27043551016795366785622,27043.551016795365,1.1216584727242229e-21,30.333628130538294,0,30.333628130538294,891.536973434752,1776902400
vAMM-TYBG/WETH,0.026070666443162298,0x20000FbfeDFD172821821C9c59284129B04ffB2e,0xa1D8F6a8EC2236A9919eB7E990Bb27791C139a37,0x0d97F261b1e88845184f678e2d1e7a98D9FD38dE,0x4200000000000000000000000000000000000006,0x940181a94A35A4569E4529A3CDfB74e38FD98631,18,18,18,0,0,0.0,0.0,0,1155728310725865,175996485178831391093755,175996.48517883138,2.548889262976148e-22,44.859555139386416,0,44.859555139386416,3923.2775410273193,1776902400
vAMM-WETH/NPC,0.003066385783214367,0x5E14319D52c9C18a04BFBBE12dd3a0FE3C1A816a,0xd1D3cbD443443d6cfee567C5A85B94Df633CdCAB,0x4200000000000000000000000000000000000006,0xB166E8B140D35D9D8226E40C09f757BAC5A4d87d,0x940181a94A35A4569E4529A3CDfB74e38FD98631,18,18,18,0,0,0.0,0.0,0,135934724530129,20700396026493207519330,20700.396026493207,5.6119567196458175e-21,116.16972658020813,0,116.16972658020813,178.19096795584554,1776902400
vAMM-SEAM/AERO,0.0007148407153034065,0xB77d96D27E0D3C0C04d02771d564A6E242992af0,0x0C6612326e1b28Ad3F20C62F8aef1dB88e0C293c,0x1C7a460413dD4e964f96D8dFC56E7223cE88CD85,0x940181a94A35A4569E4529A3CDfB74e38FD98631,0x940181a94A35A4569E4529A3CDfB74e38FD98631,18,18,18,385610808034446939830,176111127169052838808,385.61080803444696,176.11112716905285,561721935203499778638,0,4825709140593066127251,4825.709140593067,0.0,0,0,0,nan,0
sAMM-MAI/eUSD,1.9604673372926805e-06,0x413d78628d688edcdE29518199A3A3DB955068EC,0x2cC76EF706B2fC694F86c633b880a6dde81687F1,0xbf1aeA8670D2528E08334083616dD9C5F3B087aE,0xCfA3Ef56d303AE4fAabA0592388F19d7C3399FB4,0x940181a94A35A4569E4529A3CDfB74e38FD98631,18,18,18,1369324019408211311381,712588398012302952551,1369.3240194082114,712.588398012303,2081912417420514263932,0,13234619890659094483,13.234619890659095,0.0,0,0,0,nan,0
vAMM-WETH/TKN,0.0060612071256049725,0x1a9f461a371559f82976fa18C46A6A0d29f131d0,0xe157D5a0C9a533ebbdEaDb43633ce76d61816778,0x4200000000000000000000000000000000000006,0x78b3C724A2F663D11373C4a1978689271895256f,0x940181a94A35A4569E4529A3CDfB74e38FD98631,18,18,18,0,0,0.0,0.0,0,268696954391524,40917678586123970027304,40917.67858612397,0.0,0,0,0,nan,0
vAMM-WETH/TOSHI,6.291941677549402e-05,0x081E4455d91726212D1fa9AfFeE80637D1f7bE8E,0x3356d4D0D25B033d28f566c9D62d4D8112F4BC29,0x4200000000000000000000000000000000000006,0xAC1Bd2486aAf3B5C0fc3Fd868558b082a531B2B4,0x940181a94A35A4569E4529A3CDfB74e38FD98631,18,18,18,26459298584498784,129308294022535014623412,0.026459298584498785,129308.29402253502,129308320481833599122196,0,424753092757752782095,424.75309275775277,0.0,0,0,0,nan,0
vAMM-WETH/BETS,1.7140437796069917e-07,0xb7A0B6322834014F95841e643Dffa7Bb9b9Dc0ED,0xCa311e2460EaB52b3f2008B5cDeF0486556Bafb3,0x4200000000000000000000000000000000000006,0x94025780a1aB58868D9B2dBBB775f44b32e8E6e5,0x940181a94A35A4569E4529A3CDfB74e38FD98631,18,18,18,27359078950841579,667744411954482923050861,0.027359078950841578,667744.4119544829,667744439313561873892440,0,1157107668540593198,1.1571076685405932,0.0,0,0,0,nan,0
vAMM-AERO/ZOOMER,0.001103584039836855,0x45D8c7BF5be7c99D39cDC724f60497BD79546458,0xaCF2c5e2c6e54b0AE44DaeF6C12136bCEab88d07,0x940181a94A35A4569E4529A3CDfB74e38FD98631,0xD1dB4851bcF5B41442cAA32025Ce0Afe6B8EabC2,0x940181a94A35A4569E4529A3CDfB74e38FD98631,18,18,18,75932872341199023506,32503825009783192654259429,75.93287234119903,32503825.009783193,32503900942655533853282935,0,7450017149894643817725,7450.017149894644,0.0,0,0,0,nan,0
vAMM-suUSD/eMTRG,5.591649878769833e-06,0x70fAaFB3c7990771F6724C00F2574437bf805A9f,0x68b896E8B47f3d7a2399376D76706204B0B6e32E,0x8BF591Eae535f93a242D5A954d3Cde648b48A5A8,0xa023E6f6B4862EA38cbe45e377abD908abAb2f82,0x940181a94A35A4569E4529A3CDfB74e38FD98631,18,18,18,1711645209101034178,16267927902979325426,1.7116452091010341,16.267927902979327,17979573112080359604,0,37747816196399443400,37.74781619639944,0.0,0,0,0,nan,0
vAMM-WETH/MET,0.2831328582092936,0xF91E0Dfe1265B914182De54E08C9CA2068bedDDE,0x4aCfd43DaD13c5312FD0021C837167d294d7fCF9,0x4200000000000000000000000000000000000006,0x93dc5Cb35627A759848c7A7F0079EA7b49E435a5,0x940181a94A35A4569E4529A3CDfB74e38FD98631,18,18,18,1373589034809045,417332006612926751,0.001373589034809045,0.41733200661292674,418705595647735796,12565068739484516,1911358422390518411278408,1911358.4223905185,1.2161937379009182e-22,232.4582144195527,0,232.4582144195527,8222.374189542725,1776902400
vAMM-AERO/DOG,1.4999925181918816e-08,0xa99e526aB91d3E5d5bAC58551D1a27C8a253591c,0xeC4C5DAD3bac5399fb0FF04C95D02dC15a3472CD,0x940181a94A35A4569E4529A3CDfB74e38FD98631,0xAfb89a09D82FBDE58f18Ac6437B3fC81724e4dF6,0x940181a94A35A4569E4529A3CDfB74e38FD98631,18,18,18,18096992346165772117,10867573742846220853507,18.096992346165774,10867.573742846222,10885670735192386625624,0,101260706768604499,0.10126070676860449,0.0,0,0,0,nan,0
vAMM-WETH/axlOP,0.04935744274707545,0x6a071315B5Ae7da81CA56901ff13893F84776c7B,0xf2B43787C9F841B69567Df52DD6669F4D6De293f,0x4200000000000000000000000000000000000006,0x994ac01750047B9d35431a7Ae4Ed312ee955E030,0x940181a94A35A4569E4529A3CDfB74e38FD98631,18,18,18,11366201570673924,57976922690915386055,0.011366201570673924,57.97692269091539,57988288892486059979,0,333199631081122755627915,333199.6310811228,0.0,0,0,0,nan,0
vAMM-WETH/AYB,5.6914339974323715e-05,0x35D057C5c0Af0caE0Db29946872B486aFC1E0e17,0x521221892F5398B45d3A1a843f01FdeCED76BBB6,0x4200000000000000000000000000000000000006,0x7ED613AB8b2b4c6A781DDC97eA98a666c6437511,0x940181a94A35A4569E4529A3CDfB74e38FD98631,18,18,18,36678854660235076,235895734177308387545180508,0.03667885466023508,235895734.17730838,235895734213987242205415584,0,384214335816535254588,384.21433581653525,0.0,0,0,0,nan,0
vAMM-WETH/bsdETH,0.04644465898705924,0x6B87B8663eE63191887F18225F79D9eEb2DE0d34,0x25F30f8be46a9dc4A02eAF5a70c48bcB47A11807,0x4200000000000000000000000000000000000006,0xCb327b99fF831bF8223cCEd12B1338FF3aA322Ff,0x940181a94A35A4569E4529A3CDfB74e38FD98631,18,18,18,982325143848,0,9.82325143848e-07,0.0,982325143848,2058960502050031,313536163522038258938923,313536.16352203826,0.0,0,0,0,nan,0
vAMM-WETH/L2VE,0.0002500984826121523,0x253Da544f498b85429F6ACDc6E98B36b36c1C824,0x3d9E2D8AF6FF16a62217c8a559Ee5987c72acb86,0x4200000000000000000000000000000000000006,0xA19328fb05ce6FD204D16c2a2A98F7CF434c12F4,0x940181a94A35A4569E4529A3CDfB74e38FD98631,18,18,18,81586787617454651,1598472663353769596367949,0.08158678761745465,1598472.6633537696,1598472744940557213822600,0,1688351695353086434746,1688.3516953530864,0.0,0,0,0,nan,0
vAMM-AERO/BASED,4.6255166525457594e-07,0x4b1aFCB3F6b525030c9B548839a0E66c058d9B3F,0xB14FAFC5194250477156b6bE22f7b41E95cC0F81,0x940181a94A35A4569E4529A3CDfB74e38FD98631,0xBa5E6fa2f33f3955f0cef50c63dCC84861eAb663,0x940181a94A35A4569E4529A3CDfB74e38FD98631,18,18,18,1619738467146359026,84674887558024224210,1.619738467146359,84.67488755802422,86294626025170583236,0,3122569477688666806,3.1225694776886668,0.0,0,0,0,nan,0
vAMM-GB/WETH,5.5975050091659436e-05,0x284ddaDA0B71F2D0D4e395B69b1013dBf6f3e6C1,0x83FC503345Dcde6197b2BD8eaa82ccb4b737Be40,0x2aF864fb54b55900Cd58d19c7102d9e4FA8D84a3,0x4200000000000000000000000000000000000006,0x940181a94A35A4569E4529A3CDfB74e38FD98631,18,18,18,1031078898366454852096434,647697403602050671,1031078.8983664549,0.6476974036020506,1031079546063858454147105,0,377873427030281022205,377.87342703028105,0.0,0,0,0,nan,0
vAMM-BMX/USDC,0.004903090424060331,0x2F48C208d7Bd2b4Ff6Da005A9427eF38F035b2d8,0x7062ADe77b3b2894cBc5bCa78d5E784214B1A390,0x548f93779fBC992010C07467cBaf329DD5F059B7,0x833589fCD6eDb6E08f4c7C32D4f71b54bdA02913,0x940181a94A35A4569E4529A3CDfB74e38FD98631,18,18,6,0,0,0.0,0.0,0,217361258351208,33099525208912673478237,33099.52520891267,1.0614947487079626e-21,35.13497219398763,0,35.13497219398763,942.0677786839614,1776902400
vAMM-WETH/doginme,0.07876305590544921,0x139E9f235588A9720e7Eab045da29dC781c4b658,0x666c383e4EAb3328660A85d1C41FFDce9D85D8eE,0x4200000000000000000000000000000000000006,0x6921B130D297cc43754afba22e5EAc0FBf8Db75b,0x940181a94A35A4569E4529A3CDfB74e38FD98631,18,18,18,0,0,0.0,0.0,0,3491682890281602,531709499315025488461691,531709.4993150255,0.0,0,0,0,nan,0
vAMM-DEGEN/USDC,2.0030235941377724e-06,0x637ad8d2611d3efE2ef41fdBb40b9F21AbAF9585,0xF2478BEB6030CbA9069cD471c6C653B34dD7c093,0x4ed4E862860beD51a9570b96d89aF5E1B0Efefed,0x833589fCD6eDb6E08f4c7C32D4f71b54bdA02913,0x940181a94A35A4569E4529A3CDfB74e38FD98631,18,18,6,282058347524138534740354,464408404,282058.3475241385,464.408404,282058347524138999148758,0,13521906433311636055,13.521906433311635,0.0,0,0,0,nan,0
vAMM-AERO/TOSHI,0.0010165930508253048,0x4660Ff55A4Db144734AE76550Ee3093e0BA7F8D1,0xDA58433E3eE06c5CCC27D9E2794aC9CE54576A2c,0x940181a94A35A4569E4529A3CDfB74e38FD98631,0xAC1Bd2486aAf3B5C0fc3Fd868558b082a531B2B4,0x940181a94A35A4569E4529A3CDfB74e38FD98631,18,18,18,0,0,0.0,0.0,0,45067075180615,6862762952091861475066,6862.762952091861,0.0,0,0,0,nan,0
vAMM-WETH/FARM,5.587083320813953e-05,0x5A5Fb78963938B4855BF257b186e1c4daFC9f482,0x47B8a299407Ee3b2B1cd9D98846E1D67c8817a20,0x4200000000000000000000000000000000000006,0xD08a2917653d4E460893203471f0000826fb4034,0x940181a94A35A4569E4529A3CDfB74e38FD98631,18,18,18,105306413402971114,15108960754674757041,0.10530641340297112,15.108960754674756,15214267168077728155,0,377169885168941075875,377.16988516894105,0.0,0,0,0,nan,0
vAMM-WELS/AERO,0.00010829492207220952,0x90359da9715411B828769ab9343Fa2732F726E19,0xb4F1CD310453F86ecF52554b6bCBAb543667a446,0x7F62ac1e974D65Fab4A81821CA6AF659A5F46298,0x940181a94A35A4569E4529A3CDfB74e38FD98631,0x940181a94A35A4569E4529A3CDfB74e38FD98631,18,18,18,69119105264479377360919,154544801161801137892,69119.10526447938,154.54480116180113,69273650065641178498811,0,731071669724161374416,731.0716697241613,0.0,0,0,0,nan,0
vAMM-HPC/WETH,2.0598403865416603e-08,0xd07B4d7CeA966B6E8087C8be3347E4B790679785,0x77ABe39cd429eA55b0fb065B74ca3e3B3c7C13DA,0x1f3BA804eFB9CFe17D595e7262CEA4782dbF6e4E,0x4200000000000000000000000000000000000006,0x940181a94A35A4569E4529A3CDfB74e38FD98631,18,18,18,890502664674563006486471,205449811707055694,890502.664674563,0.2054498117070557,890502870124374713542165,0,139054622501151690,0.1390546225011517,0.0,0,0,0,nan,0
sAMM-hyUSD/eUSD,1.4804034740230739e-07,0x145AdA46F76eC16B80d8E0B17D6A03fcdc9610E5,0xb2dd7F23Bcb81637C22f8eA5004AaEE29e6056E9,0xCc7FF230365bD730eE4B352cC2492CEdAC49383e,0xCfA3Ef56d303AE4fAabA0592388F19d7C3399FB4,0x940181a94A35A4569E4529A3CDfB74e38FD98631,18,18,18,6241798952211990542,6768433629247018118,6.24179895221199,6.768433629247018,13010232581459008660,0,999382998676381155,0.9993829986763811,0.0,0,0,0,nan,0
vAMM-GROW/WETH,0.000751110355861645,0xDa74029240F657a7be372906290300dBb8F1BcCd,0x8c021a56b951b22491Aa74404275732281367ba5,0x321725ee44CB4bfA544CF45a5A585b925d30A58C,0x4200000000000000000000000000000000000006,0x940181a94A35A4569E4529A3CDfB74e38FD98631,18,18,18,244800931997889209350,30797236625282431,244.80093199788922,0.030797236625282432,244831729234514491781,0,5070556324337528512178,5070.556324337528,0.0,0,0,0,nan,0
vAMM-KWENTA/WETH,5.607728094039199e-05,0xc91cE85Da7FB4523926a2930e930A8B52a7B85B2,0xc7D62524C372125830A234f0E197C335d0F973FE,0x37Ab9F42051C112CAAba55AB6487dd74286A0B29,0x4200000000000000000000000000000000000006,0x940181a94A35A4569E4529A3CDfB74e38FD98631,18,18,18,93849436856815548,72740055945466,0.09384943685681554,7.2740055945466e-05,93922176912761014,0,378563561672331858655,378.5635616723319,0.0,0,0,0,nan,0
vAMM-USDC/DOG,5.30333228863926e-06,0x1bA78f0373178F4d7996267D005eCbc29e14c99F,0xc3ef893d3E8F7521525fE138505262AE8B3D99BA,0x833589fCD6eDb6E08f4c7C32D4f71b54bdA02913,0x9E53e88dCff56d3062510A745952DEC4cEFDff9E,0x940181a94A35A4569E4529A3CDfB74e38FD98631,18,6,18,1603160,9556184177826669463661,1.60316,9556.18417782667,9556184177826671066821,0,35801456958179031303,35.80145695817903,0.0,0,0,0,nan,0
vAMM-WETH/VITA,6.192031499234648e-07,0x152f55611636A3E6273D1367F6E0360aBad7D319,0xB193Cf7E7820655F1837CcBB0fe3c96Db90faF1f,0x4200000000000000000000000000000000000006,0x490a4B510d0Ea9f835D2dF29Eb73b4FcA5071937,0x940181a94A35A4569E4529A3CDfB74e38FD98631,18,18,18,6962441011296802,30762076143793803884,0.006962441011296802,30.762076143793802,30769038584805100686,0,4180084089364464670,4.180084089364465,0.0,0,0,0,nan,0
vAMM-WETH/SPX,0.057936537098976254,0xe96a4E9EA3a2C6Db214174738a19Eb7Dbb8A3069,0xCC38E1fc0f8BD866143f672D9E4340f05D262543,0x4200000000000000000000000000000000000006,0x50dA645f148798F68EF2d7dB7C1CB22A6819bb2C,0x940181a94A35A4569E4529A3CDfB74e38FD98631,18,18,8,0,0,0.0,0.0,0,2560000744546293,391114930455761969617824,391114.93045576196,2.862573426047844e-21,1119.5952064532148,0,1119.5952064532148,349.33601734039377,1776902400
sAMM-DEGEN/DOG,5.045565389114235e-06,0x56EA567EfCf632E3427D84E3D70c7DE24377AfB8,0xf6B598c9E06322571901eEe8F33AB39B10a58904,0x4ed4E862860beD51a9570b96d89aF5E1B0Efefed,0xAfb89a09D82FBDE58f18Ac6437B3fC81724e4dF6,0x940181a94A35A4569E4529A3CDfB74e38FD98631,18,18,18,167729980051645899487,266197296215558636943,167.7299800516459,266.19729621555865,433927276267204536430,0,34061337716856462873,34.061337716856464,0.0,0,0,0,nan,0
vAMM-YFX/AERO,2.610774745490169e-05,0x448686cA47fBE77d8fc9EEc6829837bF45E8ea75,0xCEc1D4EFF7d6a785447Ff48C336feE57A29804d0,0x8901cB2e82CC95c01e42206F8d1F417FE53e7Af0,0x940181a94A35A4569E4529A3CDfB74e38FD98631,0x940181a94A35A4569E4529A3CDfB74e38FD98631,18,18,18,7863669320171472070,16871156519460603766,7.863669320171472,16.871156519460605,24734825839632075836,0,176246809724513266552,176.24680972451324,0.0,0,0,0,nan,0
vAMM-TYBG/wBLT,4.933624072399943e-06,0x1AFc638D3d53F0993096350403B5845bE7c77f43,0x89C56c18a1d9DBA342028C00C3e1bE3A96507E4b,0x0d97F261b1e88845184f678e2d1e7a98D9FD38dE,0x4E74D4Db6c0726ccded4656d0BCE448876BB4C7A,0x940181a94A35A4569E4529A3CDfB74e38FD98631,18,18,18,1121861397660803214640990,41705554123569698147,1121861.3976608033,41.7055541235697,1121903103214926784339137,0,33305650157777091712,33.305650157777094,0.0,0,0,0,nan,0
vAMM-MAVIA/WETH,0.01055438447405515,0xC90E88d30b99442B6994915F3b146cE3D55982D9,0x3d0f8DF262c1AE46b4af8381f769F7F2872A0d5d,0x24fcFC492C1393274B6bcd568ac9e225BEc93584,0x4200000000000000000000000000000000000006,0x940181a94A35A4569E4529A3CDfB74e38FD98631,18,18,18,0,0,0.0,0.0,0,467897681376885,71249984142500556363136,71249.98414250056,0.0,0,0,0,nan,0
vAMM-WETH/TOWER,0.0018397498757968334,0xAaCE080ea9CE5e7942Ea826d311b6170BdfCf73B,0xb00ec5Ccd55b47d92e29496ca322B1F64a5c24B5,0x4200000000000000000000000000000000000006,0xf7C1CEfCf7E1dd8161e00099facD3E1Db9e528ee,0x940181a94A35A4569E4529A3CDfB74e38FD98631,18,18,18,102944227458696,406377780249209489176,0.000102944227458696,406.3777802492095,406377883193436947872,81559915058505,12419686794518303583345,12419.686794518304,9.097620738675413e-22,11.298960014966289,0,11.298960014966289,1099.1884897430853,1776902400
vAMM-WETH/WAMPL,1.3511715167311863e-05,0xfa4d06CA791C0316baD2d97910ac391cF9a71BD2,0x93964594cEcbe653273BEA3eae3bdB8D6d720fA5,0x4200000000000000000000000000000000000006,0x489fe42C267fe0366B16b0c39e7AEEf977E841eF,0x940181a94A35A4569E4529A3CDfB74e38FD98631,18,18,18,711366463616832,53009472190734900,0.000711366463616832,0.0530094721907349,53720838654351732,0,91214176797850489099,91.21417679785048,0.0,0,0,0,nan,0
vAMM-WETH/TN100x,0.6518068473813934,0x8f5F1D63599362115e7F9fe71BFD5ab883D82c82,0x931143b901A1c81bA1657cF0F2AcD126F75ca4Fd,0x4200000000000000000000000000000000000006,0x5B5dee44552546ECEA05EDeA01DCD7Be7aa6144A,0x940181a94A35A4569E4529A3CDfB74e38FD98631,18,18,18,6687510729161276,109304496987368152548829,0.006687510729161276,109304.49698736815,109304503674878881710105,29201943927568019,4400183417049062843552789,4400183.417049062,1.1731727691323105e-22,516.2175364069521,0,516.2175364069521,8523.89372061209,1776902400
sAMM-USDC/USX,0.0036475210311440877,0x1f019b4420936a800fF6f54c00d9da05445DE433,0x62b2Da7b10dde762B3b020AAEe409786b548684C,0x833589fCD6eDb6E08f4c7C32D4f71b54bdA02913,0xc142171B138DB17a1B7Cb999C44526094a4dae05,0x940181a94A35A4569E4529A3CDfB74e38FD98631,18,6,18,0,0,0.0,0.0,0,161703751811363,24623493323301455731959,24623.493323301456,0.0,0.0,0,0.0,nan,1776902400
vAMM-USDC/SPOT,1.4938494018849532e-05,0xa43455d99Eb63473cFA186b388c1BC2EA1B63924,0xD90C0E9728fe44905384C89d867Ba095e2Dc3E2e,0x833589fCD6eDb6E08f4c7C32D4f71b54bdA02913,0x8f2E6758C4D6570344bd5007DEc6301cd57590A0,0x940181a94A35A4569E4529A3CDfB74e38FD98631,18,6,9,70387940,59367432997,70.38794,59.367432997,59437820937,0,100846000500768479001,100.84600050076847,0.0,0,0,0,nan,0
sAMM-BRETT/AERO,0.0001863441105951245,0xFfa80952B3800240F11AD25E45e8d3E5C1593E70,0xCab96B63cB77Eb0f771D09197860cE159F197Cc6,0x532f27101965dd16442E59d40670FaF5eBB142E4,0x940181a94A35A4569E4529A3CDfB74e38FD98631,0x940181a94A35A4569E4529A3CDfB74e38FD98631,18,18,18,0,0,0.0,0.0,0,8261101595823,1257962030622309533330,1257.9620306223096,0.0,0,0,0,nan,0
vAMM-WETH/CHAD,0.0009799496615121807,0x17Cf4aBb54a9D18c90FA0e36B8669aB0f4936f2e,0x346C6cfaC949E9d7FCA69cFf0a882c06e86C9245,0x4200000000000000000000000000000000000006,0xecaF81Eb42cd30014EB44130b89Bcd6d4Ad98B92,0x940181a94A35A4569E4529A3CDfB74e38FD98631,18,18,18,343782397170338018,50360642017408026916977686,0.34378239717033804,50360642.01740803,50360642361190424087315704,0,6615392684891008078635,6615.392684891008,0.0,0,0,0,nan,0
vAMM-fBOMB/wstETH,0.006019759120364457,0xBd1F3d188de7eE07B1b323C0D26D6720CAfB8780,0x56b13a025EE67FE7645cd4c09033673e3Cb207Ba,0x74ccbe53F77b08632ce0CB91D3A545bF6B8E0979,0xc1CBa3fCea344f92D9239c08C0568f6F2F0ee452,0x940181a94A35A4569E4529A3CDfB74e38FD98631,18,18,18,0,0,0.0,0.0,0,266871013615042,40637873570172115098751,40637.873570172116,0.0,0,0,0,nan,0
vAMM-cbETH/fBOMB,5.995505436481351e-07,0x40834a402B9013f1fD7575EABa84E1589205099d,0x33BD3859141EEB7FCf8d71A9A52F554C6Ca5a278,0x2Ae3F1Ec7F1F5012CFEab0185bfc7aa3cf0DEc22,0x74ccbe53F77b08632ce0CB91D3A545bF6B8E0979,0x940181a94A35A4569E4529A3CDfB74e38FD98631,18,18,18,2908743322492625,416705027019335176883,0.002908743322492625,416.7050270193352,416707935762657669508,0,4047414307538898338,4.047414307538898,0.0,0,0,0,nan,0
vAMM-DEGEN/MAI,0.000377140991442564,0xe7c22c22Be0ba467AD5a32F607112e10d89778af,0x44d708dba44160FA748c25a7d3fbC4C73dE4b87F,0x4ed4E862860beD51a9570b96d89aF5E1B0Efefed,0xbf1aeA8670D2528E08334083616dD9C5F3B087aE,0x940181a94A35A4569E4529A3CDfB74e38FD98631,18,18,18,2906817248170432597796,9554368463025296965,2906.817248170433,9.554368463025297,2916371616633457894761,0,2545983588699538788138,2545.983588699539,0.0,0,0,0,nan,0
sAMM-WETH/rETH,3.482946713997139e-05,0xb8866732424AcDdd729C6fcf7146b19bFE4A2e36,0xAa3D51d36BfE7C5C63299AF71bc19988BdBa0A06,0x4200000000000000000000000000000000000006,0xB6fe221Fe9EeF5aBa221c348bA20A1Bf5e73624c,0x940181a94A35A4569E4529A3CDfB74e38FD98631,18,18,18,0,0,0.0,0.0,0,1544077597369,235124936704266101517,235.1249367042661,8.521099013938998e-22,0.20035228663031912,0,0.20035228663031912,1173.5575403644277,1776902400
vAMM-WETH/WELL,0.012701400859657899,0x89D0F320ac73dd7d9513FFC5bc58D1161452a657,0x7b6964440b615aC1d31bc95681B133E112fB2684,0x4200000000000000000000000000000000000006,0xA88594D404727625A9437C3f886C7643872296AE,0x940181a94A35A4569E4529A3CDfB74e38FD98631,18,18,18,0,0,0.0,0.0,0,563084943096967,85743949546539861377979,85743.94954653985,6.457976985433341e-21,553.7324528117119,0,553.7324528117119,154.84725359901515,1776902400
vAMM-RSR/bsdETH,0.0007714383677576145,0x95F04B5594e2a944CA91d56933D119841eeF9a99,0x190351cf2a6e2ac19A528b283E0748eD0652799d,0xaB36452DbAC151bE02b16Ca17d8919826072f64a,0xCb327b99fF831bF8223cCEd12B1338FF3aA322Ff,0x940181a94A35A4569E4529A3CDfB74e38FD98631,18,18,18,0,0,0.0,0.0,0,34200136221914,5207785598938693091885,5207.785598938693,4.30042277763246e-21,22.39567981070226,0,22.39567981070226,232.53527657821041,1776902400
vAMM-WETH/SEXY,0.01674180114966647,0x862a9D8443BbF74CF86bC05aFC8e05c63319DC1e,0x2F1c1492F6057808C3fd16eef67E0237FBAeBF4B,0x4200000000000000000000000000000000000006,0xD1917629B3E6A72E6772Aab5dBe58Eb7FA3C2F33,0x940181a94A35A4569E4529A3CDfB74e38FD98631,18,18,18,0,0,0.0,0.0,0,742213381975195,113019671527308133496771,113019.67152730814,1.9810540008436807e-25,0.02238980724532124,0,0.02238980724532124,5047817.977572168,1776902400
vAMM-TKN/AERO,0.031668577700568155,0xd88b9f7185f404015B665e070A5EF03a7e26661F,0x82FDF8F646c6dcF7966734146486114f60C7Def5,0x78b3C724A2F663D11373C4a1978689271895256f,0x940181a94A35A4569E4529A3CDfB74e38FD98631,0x940181a94A35A4569E4529A3CDfB74e38FD98631,18,18,18,0,191281423230253630,0.0,0.19128142323025363,191281423230253630,1403961374726471,213786570361131769481348,213786.57036113174,2.3102319896914203e-22,49.38965738147022,0,49.38965738147022,4328.569617519541,1776902400
vAMM-AERO/USD+,0.0003236814823693691,0x267d950110D9ED57999c3451b89C35a9D278C074,0x45D3ef9d20f9eA644aB9bc706e630311050de370,0x940181a94A35A4569E4529A3CDfB74e38FD98631,0xB79DD08EA68A908A97220C76d19A6aA9cBDE4376,0x940181a94A35A4569E4529A3CDfB74e38FD98631,18,18,6,36785853038443984107,29119363,36.78585303844398,29.119363,36785853038473103470,0,2185091943801223861701,2185.091943801224,0.0,0,0,0,nan,0
vAMM-WETH/PRIME,0.0006381453569078598,0xB21b821EC1bB22d0241AE425e07e14d1CCea4AeD,0x2C477011BB6dF2828Da8367Bae4C5bA7381C0240,0x4200000000000000000000000000000000000006,0xfA980cEd6895AC314E7dE34Ef1bFAE90a5AdD21b,0x940181a94A35A4569E4529A3CDfB74e38FD98631,18,18,18,17305661517260913,17829857574380533965,0.017305661517260915,17.829857574380533,17847163235897794878,0,4307958144983698775490,4307.958144983699,0.0,0,0,0,nan,0
vAMM-USDC/sFRAX,1.5841192468289068e-06,0xf0e08Fa759B9C3099B0Dd63f73f79984AEb6254f,0x29b1f2295031d7e98CCD428fAcc65Ef30821771e,0x833589fCD6eDb6E08f4c7C32D4f71b54bdA02913,0xe4796cCB6bB5DE2290C417Ac337F2b66CA2E770E,0x940181a94A35A4569E4529A3CDfB74e38FD98631,18,6,18,31215113,28341764915826096378,31.215113,28.341764915826097,28341764915857311491,0,10693988976225330758,10.69398897622533,0.0,0,0,0,nan,0
vAMM-FXS/USDC,3.5970895780482258e-06,0xa2D4414421e5531E727d532ef018109f59d22340,0x9a27275AE67A5E19630B2D096D4989992028A154,0x23432452B720C80553458496D4D9d7C5003280d0,0x833589fCD6eDb6E08f4c7C32D4f71b54bdA02913,0x940181a94A35A4569E4529A3CDfB74e38FD98631,18,18,6,1925577831134458598,3621014,1.9255778311344587,3.621014,1925577831138079612,0,24283043319590076243,24.283043319590078,0.0,0,0,0,nan,0
vAMM-sfrxETH/FXS,6.511492307506159e-11,0x1bDEb67E8B0D700b7717C7F3a7341859B7Dac784,0x8B207A66E66e08CC1CE51bc38d1dFe3d8Cb36322,0x1f55a02A049033E3419a8E2975cF3F572F4e6E9A,0x23432452B720C80553458496D4D9d7C5003280d0,0x940181a94A35A4569E4529A3CDfB74e38FD98631,18,18,18,3548429801129035,8608873978795411016,0.003548429801129035,8.608873978795412,8612422408596540051,0,439574401325153,0.000439574401325153,0.0,0,0,0,nan,0
vAMM-WETH/QI,0.014178266390580544,0x06709C364dd4E2f5b0c10b1eBf80B2Ce483dbdC5,0xdd1fd2BeEE67A3adA2277fc44aA69C5C0d753449,0x4200000000000000000000000000000000000006,0xD3FDCb837DAfdb7C9C3eBD48FE22a53F6Dd3d7D7,0x940181a94A35A4569E4529A3CDfB74e38FD98631,18,18,18,109963314526,0,1.09963314526e-07,0.0,109963314526,628564331532971,95713895772917417520964,95713.89577291741,0.0,0,0,0,nan,0
vAMM-sfrxETH/AERO,7.572671681455624e-06,0xE25bc9133D26F62C9FA03b6750f3F3Ba57E9eB44,0xEab862191A4d917D2D16E2FAF0859448Ff5BEdB7,0x1f55a02A049033E3419a8E2975cF3F572F4e6E9A,0x940181a94A35A4569E4529A3CDfB74e38FD98631,0x940181a94A35A4569E4529A3CDfB74e38FD98631,18,18,18,7153685216554952,30716784323604588575,0.007153685216554952,30.71678432360459,30723938008821143527,0,51121194092029528727,51.121194092029526,0.0,0,0,0,nan,0
vAMM-BAVA/AERO,8.899315399829633e-05,0xD3c2fa602B8da5b0b9c25dFBE7F2f31Bb512dB13,0xE3Da183CDBbd0F01867605C632F1E275e7eD6E3D,0x3fbdE9864362CE4Abb244EbeF2EF0482ABA8eA39,0x940181a94A35A4569E4529A3CDfB74e38FD98631,0x940181a94A35A4569E4529A3CDfB74e38FD98631,18,18,18,4685767909982040312520841,2756436436172693361539,4685767.9099820405,2756.4364361726934,4688524346418213005882380,0,600770307994428256912,600.7703079944282,0.0,0,0,0,nan,0
vAMM-Mog/WETH,0.0015234381824176415,0x4A311ac4563abc30E71D0631C88A6232C1309ac5,0x8FCc385d8d7f3A2e087853a79531630Bf96575e8,0x2Da56AcB9Ea78330f947bD57C54119Debda7AF71,0x4200000000000000000000000000000000000006,0x940181a94A35A4569E4529A3CDfB74e38FD98631,18,18,18,4660972883761619193383902421,310621363528392831,4660972883.76162,0.3106213635283928,4660972884072240556912295252,0,10284346434997006439003,10284.346434997005,0.0,0,0,0,nan,0
vAMM-VIRTUAL/WETH,0.727647452549938,0x21594b992F68495dD28d605834b58889d0a727c7,0xBD62Cad65b49b4Ad9C7aa9b8bDB89d63221F7af5,0x0b3e328455c4059EEb9e3f84b5543F74E24e7E1b,0x4200000000000000000000000000000000000006,0x940181a94A35A4569E4529A3CDfB74e38FD98631,18,18,18,125077245958207411883,3933388039719399,125.07724595820741,0.003933388039719399,125081179346247131282,32295725237541352,4912164189485363025674417,4912164.189485364,0.0,0,0,0,nan,0
vAMM-HIGHER/WETH,0.001977453257495876,0xcEdF590857aE7Fbd4A342Ce9Ee9CA111570A1ca2,0x8Ee017223529FC20FA5B8D6f1D048003A424D9CC,0x0578d8A44db98B23BF096A382e016e29a5Ce0ffe,0x4200000000000000000000000000000000000006,0x940181a94A35A4569E4529A3CDfB74e38FD98631,18,18,18,19427437040125850712118,2589893776973883,19427.43704012585,0.002589893776973883,19427439630019627686001,0,13349287548266080198429,13349.287548266082,0.0,0,0,0,nan,0
vAMM-BRETT/AERO,0.0034582135299811062,0x43BBb129b56A998732767725A183b7a566843dBA,0x80c6eF2039c429d905D125Bba5FD99125646aee9,0x532f27101965dd16442E59d40670FaF5eBB142E4,0x940181a94A35A4569E4529A3CDfB74e38FD98631,0x940181a94A35A4569E4529A3CDfB74e38FD98631,18,18,18,0,0,0.0,0.0,0,153314825276326,23345526191340754778731,23345.526191340756,0.0,0,0,0,nan,0
vAMM-WETH/LUCHA,0.030254725883158508,0x0D4953d2BDe145D316296CC72cCE509D899a5529,0xd3011443522E904092232CD7C73586D0b1b61418,0x4200000000000000000000000000000000000006,0xF4435cC8b478d54313F04c956882BE3D9aCf9F6F,0x940181a94A35A4569E4529A3CDfB74e38FD98631,18,18,18,0,0,0.0,0.0,0,1341298902553580,204242013800972827318999,204242.0138009728,9.391465937775846e-24,1.9181319156745806,0,1.9181319156745806,106479.64935672513,1776902400
vAMM-USD+/sFRAX,6.793629386607683e-08,0xbB38EeBd670A9F3cafe6D3170862ccD930cB25f9,0xEc4288995734ca01eAfC97588658F37515823502,0xB79DD08EA68A908A97220C76d19A6aA9cBDE4376,0xe4796cCB6bB5DE2290C417Ac337F2b66CA2E770E,0x940181a94A35A4569E4529A3CDfB74e38FD98631,18,6,18,69818600,56864865305195555515,69.8186,56.86486530519556,56864865305265374115,0,458620763016268660,0.4586207630162687,0.0,0,0,0,nan,0
vAMM-WELS/USDC,0.00042964671034863544,0xfEA9E8a7daEf9497ffF3e3501eD504984f96aa33,0xE4be724E22FeFeB2969f53865222E58c496ef5d7,0x7F62ac1e974D65Fab4A81821CA6AF659A5F46298,0x833589fCD6eDb6E08f4c7C32D4f71b54bdA02913,0x940181a94A35A4569E4529A3CDfB74e38FD98631,18,18,6,31331223424279539092150,45928102,31331.22342427954,45.928102,31331223424279585020252,0,2900436437053169395503,2900.4364370531694,0.0,0,0,0,nan,0
vAMM-DEGEN/TKN,0.004057518794026982,0xc01162ED99a018D02b8a12f4712B0b9b87a9852F,0x519b415fBC1007d3871BD9F7F679d0593a459888,0x4ed4E862860beD51a9570b96d89aF5E1B0Efefed,0x78b3C724A2F663D11373C4a1978689271895256f,0x940181a94A35A4569E4529A3CDfB74e38FD98631,18,18,18,0,0,0.0,0.0,0,179884145258391,27391284678228581007478,27391.28467822858,3.1535223889933153e-22,8.637902949608339,0,8.637902949608339,3171.057239010837,1776902400
vAMM-ANIME/WETH,0.0007870294348095501,0xeB956b77D455e33b41bBE6052dBE4388dCfD729B,0x93a7ddBd64f0835f99b6D248Ce058Fd90C68666c,0x0e0c9756a3290cD782CF4aB73ac24D25291c9564,0x4200000000000000000000000000000000000006,0x940181a94A35A4569E4529A3CDfB74e38FD98631,18,18,18,11550916319324596422713242,46061439171381894,11550916.319324596,0.0460614391713819,11550916365386035594095136,0,5313036955182708443626,5313.036955182708,0.0,0,0,0,nan,0
vAMM-ezETH/WETH,9.004258852227935e-07,0x0C8bF3cb3E1f951B284EF14aa95444be86a33E2f,0x6318373c5a01224094BF0B1AC88562345B2Fb91E,0x2416092f143378750bb29b79eD961ab195CcEea5,0x4200000000000000000000000000000000000006,0x940181a94A35A4569E4529A3CDfB74e38FD98631,18,18,18,0,0,0.0,0.0,0,39919457226,6078547754379052874,6.078547754379053,0.0,0,0,0,nan,0
sAMM-ezETH/WETH,4.460236999069793e-06,0x497139e8435E01555AC1e3740fccab7AFf149e02,0x4Fa58b3Bec8cE12014c7775a0B3da7e6AdC3c7eA,0x2416092f143378750bb29b79eD961ab195CcEea5,0x4200000000000000000000000000000000000006,0x940181a94A35A4569E4529A3CDfB74e38FD98631,18,18,18,0,0,0.0,0.0,0,197740028386,30109933576582769448,30.10993357658277,0.0,0,0,0,nan,0
vAMM-USDC/WELL,9.058445661869494e-07,0x81A8c12738F7346094526ECC2487a63f45dD1935,0x47C84ff870c7EeA60420EC8c98B7FBa9D37b478B,0x833589fCD6eDb6E08f4c7C32D4f71b54bdA02913,0xA88594D404727625A9437C3f886C7643872296AE,0x940181a94A35A4569E4529A3CDfB74e38FD98631,18,6,18,75129949,3045988460094654470528,75.129949,3045.9884600946543,3045988460094729600477,0,6115127901115079251,6.11512790111508,0.0,0,0,0,nan,0
vAMM-BITCOIN/WETH,0.00015068341380644466,0xaa46e69d85c79bb3EfFe0902c1Ad69f712b5b382,0x7d7bb62DB5614b191E154DB763F8e6daABDFa55b,0x2a06A17CBC6d0032Cac2c6696DA90f29D39a1a29,0x4200000000000000000000000000000000000006,0x940181a94A35A4569E4529A3CDfB74e38FD98631,18,8,18,0,0,0.0,0.0,0,6680394456532,1017225672481308634142,1017.2256724813087,2.804408993886209e-21,2.852716824718529,0,2.852716824718529,356.58136961479727,1776902400
vAMM-REGEN/WETH,0.0003135384272546379,0x11D9944cB1886F5Ca08673C0B61b4d159946AcDa,0x4C73598c779cBED9002a52Ac14C3490d3d876DE7,0x1D653f09f216682eDE4549455D6Cf45f93C730cf,0x4200000000000000000000000000000000000006,0x940181a94A35A4569E4529A3CDfB74e38FD98631,18,18,18,20786243621498424227000,9664596199677838,20786.243621498423,0.009664596199677838,20786253286094623904838,0,2116618740284938021674,2116.618740284938,0.0,0,0,0,nan,0
vAMM-AERO/WELL,0.0009155377579407191,0xCd401DE1cBAa0d770eE5FB70ff622c752C92B8c5,0x57c198edE5e375a273935f5ED8B4D22fE836f080,0x940181a94A35A4569E4529A3CDfB74e38FD98631,0xA88594D404727625A9437C3f886C7643872296AE,0x940181a94A35A4569E4529A3CDfB74e38FD98631,18,18,18,0,0,0.0,0.0,0,40589426589109,6180564190691609362797,6180.564190691609,5.002746421511268e-21,30.919795387903136,0,30.919795387903136,199.89020344907112,1776902400
vAMM-WETH/BENJI,4.2917522191195844e-08,0x9409dBe9d0aE5961A28cf395786Bddc0911eFBec,0x9E5AE7b0CeB4b8E5e2Bb986e63147b912072d2Be,0x4200000000000000000000000000000000000006,0xBC45647eA894030a4E9801Ec03479739FA2485F0,0x940181a94A35A4569E4529A3CDfB74e38FD98631,18,18,18,20290910850913,13766810923698932071,2.0290910850913e-05,13.766810923698932,13766831214609782984,0,289725353768853210,0.28972535376885317,0.0,0,0,0,nan,0
vAMM-WETH/RSR,0.0013483230774371682,0xd204058452F57464E0E5ab8C3Cc9cbCb6B41D4EE,0x40334F3E5e59c5A7aeAf6b47FfF6be1917c71ba6,0x4200000000000000000000000000000000000006,0xaB36452DbAC151bE02b16Ca17d8919826072f64a,0x940181a94A35A4569E4529A3CDfB74e38FD98631,18,18,18,0,0,0.0,0.0,0,59777705741629,9102188585466136901148,9102.188585466138,8.090494514224775e-22,7.364120681815314,0,7.364120681815314,1236.0183895332873,1776902400
vAMM-USDA/EURA,2.953432029390584e-08,0x79eF3eCDa775860a2351ae2A7B80C4d80ba47F72,0x3fd91fAC3Ccc67d818A6E17e7296A82Ba7a4aCAa,0x0000206329b97DB379d5E1Bf586BbDB969C63274,0xA61BeB4A3d02decb01039e378237032B351125B4,0x940181a94A35A4569E4529A3CDfB74e38FD98631,18,18,18,8338118489230990974,5392929997064802805,8.338118489230991,5.392929997064803,13731048486295793779,0,199378737601721378,0.19937873760172137,0.0,0,0,0,nan,0
vAMM-LUSD/POOL,0.0010970472574416052,0x0b15b1d434f86eCaa83d14398C8Db6d162F3921e,0x5b41A91Cc14496E7fcc381595Dc2680EF71B6462,0x368181499736d0c0CC614DBB145E2EC1AC86b8c6,0xd652C5425aea2Afd5fb142e120FeCf79e18fafc3,0x940181a94A35A4569E4529A3CDfB74e38FD98631,18,18,18,0,0,0.0,0.0,0,48637107393467,7405888982766619682927,7405.88898276662,4.394428300465071e-22,3.2544648135972105,0,3.2544648135972105,2275.6088656496413,1776902400
vAMM-AERO/OVN,5.00196806157964e-05,0x4704f9Cf735b58ea442E387ACca6717311597322,0x365f5413BBC783D1fff1cAe9D3Bd9A16eA698D19,0x940181a94A35A4569E4529A3CDfB74e38FD98631,0xA3d1a8DEB97B111454B294E2324EfAD13a9d8396,0x940181a94A35A4569E4529A3CDfB74e38FD98631,18,18,18,475424177164324788048,377349812434243514697,475.42417716432476,377.3498124342435,852773989598568302745,0,337670231688947804211,337.6702316889478,0.0,0,0,0,nan,0
sAMM-USDA/USDC,1.8976814826492425e-05,0xE503312E932a3647AeAC8b00A8Bd1d04E6A73C08,0x93c10Fb12B2EA0D558929914236A45355B03F1F7,0x0000206329b97DB379d5E1Bf586BbDB969C63274,0x833589fCD6eDb6E08f4c7C32D4f71b54bdA02913,0x940181a94A35A4569E4529A3CDfB74e38FD98631,18,18,6,22805940282489387608,19106978,22.805940282489388,19.106978,22805940282508494586,0,128107684421245941394,128.10768442124595,0.0,0,0,0,nan,0
vAMM-GENOME/WETH,0.011124453802367705,0x963ceee215e5b0B1dCB221C3bA398De66abC73D9,0xa4F335B6ee0f8e34F31d4C8b702080196252dAc3,0x1db0c569ebb4a8b57AC01833B9792F526305e062,0x4200000000000000000000000000000000000006,0x940181a94A35A4569E4529A3CDfB74e38FD98631,18,18,18,144292018831788495622,6312466079225,144.29201883178848,6.312466079225e-06,144292025144254574847,493197763915128,75098378210600086816051,75098.37821060009,0.0,0,0,0,nan,0
vAMM-WETH/BUIDL,4.8516971593799685e-05,0x6eB0f4B90EeB237f6ee6d5D8d69C15810b81fa05,0x136805463D527bA9c507fF7640e9cF84f0328278,0x4200000000000000000000000000000000000006,0xdADc4F8E9d8d37294de0E02A2Ce8Cc0c90A4F6c2,0x940181a94A35A4569E4529A3CDfB74e38FD98631,18,18,18,93805376262925078,77923075782246661040304,0.09380537626292508,77923.07578224665,77923169587622923965382,0,327525822580936522456,327.52582258093656,0.0,0,0,0,nan,0
vAMM-VIRTUAL/AERO,0.013693459885651826,0x8B49c7eC53Cb4CA3666bB16727FC5C5F6d12226f,0x57538a02972c01440113cC7A7Ff8F1d954d01239,0x0b3e328455c4059EEb9e3f84b5543F74E24e7E1b,0x940181a94A35A4569E4529A3CDfB74e38FD98631,0x940181a94A35A4569E4529A3CDfB74e38FD98631,18,18,18,0,0,0.0,0.0,0,607093518104014,92441089492905089186103,92441.0894929051,0.0,0,0,0,nan,0
vAMM-tBTC/AERO,1.4772026875408513e-07,0x5E19947708Ed0686ecE3BE487126b2c1c5378641,0x80Cdc20a68ff14f5f3b642786977F09a0fb11b64,0x236aa50979D5f3De3Bd1Eeb40E81137F22ab794b,0x940181a94A35A4569E4529A3CDfB74e38FD98631,0x940181a94A35A4569E4529A3CDfB74e38FD98631,18,18,18,71648095222566,9254175337416101984,7.1648095222566e-05,9.254175337416102,9254246985511324550,0,997222228556034548,0.9972222285560346,0.0,0,0,0,nan,0
vAMM-PRE/USDC,0.0018982477763999856,0x8a24D81C24f125341b46a52de3e4CF0e0C7E7F72,0x6169fA980Ab79355F7da28B13d08de0182131b13,0x3816dD4bd44c8830c2FA020A5605bAC72FA3De7A,0x833589fCD6eDb6E08f4c7C32D4f71b54bdA02913,0x940181a94A35A4569E4529A3CDfB74e38FD98631,18,18,6,0,0,0.0,0.0,0,84157979826216,12814591348222019131536,12814.59134822202,6.04854748989055e-22,7.7509664333261465,0,7.7509664333261465,1653.2894908593917,1776902400
vAMM-KWENTA/AERO,1.1484259557536411e-06,0xBaDA36C1e87109546eCEFcD3bB16A58B2Da0B0eA,0xa7c66862208D8cD6bC993BbaAd64De42F8746247,0x37Ab9F42051C112CAAba55AB6487dd74286A0B29,0x940181a94A35A4569E4529A3CDfB74e38FD98631,0x940181a94A35A4569E4529A3CDfB74e38FD98631,18,18,18,41905886436304119,553455243678947970,0.04190588643630412,0.5534552436789479,595361130115252089,0,7752733599711711903,7.752733599711712,0.0,0,0,0,nan,0
vAMM-AERO/GHST,4.855620116879277e-08,0x59Da7538Bbea7facC9185b412e0D43da67A84Ab7,0x785369676686874713ca132C2002E7736A36FE44,0x940181a94A35A4569E4529A3CDfB74e38FD98631,0xcD2F22236DD9Dfe2356D7C543161D4d260FD9BcB,0x940181a94A35A4569E4529A3CDfB74e38FD98631,18,18,18,21166644323470810,41020180238827960,0.02116664432347081,0.04102018023882796,62186824562298770,0,327790651534538225,0.32779065153453824,0.0,0,0,0,nan,0
vAMM-WETH/NORMILIO,8.229977588979883e-05,0x7D68c4E183e31971deb223e6F8A064751d0599d0,0xE531DEd40AeA2Fd2ba7476BB6cE30cF9e2cfd2D0,0x4200000000000000000000000000000000000006,0xcDE90558fc317C69580DeeAF3eFC509428Df9080,0x940181a94A35A4569E4529A3CDfB74e38FD98631,18,18,18,367413018775400297,770510288158118378815940,0.3674130187754003,770510.2881581184,770510655571137154216237,0,555585002753508385365,555.5850027535083,0.0,0,0,0,nan,0
vAMM-WETH/GHST,0.15411112396060628,0x0DFb9Cb66A18468850d6216fCc691aa20ad1e091,0xe3800a58B5535935850a10e082952Ec3577D8DCc,0x4200000000000000000000000000000000000006,0xcD2F22236DD9Dfe2356D7C543161D4d260FD9BcB,0x940181a94A35A4569E4529A3CDfB74e38FD98631,18,18,18,0,0,0.0,0.0,0,6839975295003405,1040365278085923264837721,1040365.2780859233,9.029419894111095e-22,939.3894939091458,0,939.3894939091458,1107.4908595758081,1776902400
vAMM-GNUS/AERO,4.665594113516318e-08,0x73DdDbe505F9197138785E1ccFa2988705ce4BFD,0x0BF71380275DA393bbf593546D5050bb1deEf779,0x614577036F0a024DBC1C88BA616b394DD65d105a,0x940181a94A35A4569E4529A3CDfB74e38FD98631,0x940181a94A35A4569E4529A3CDfB74e38FD98631,18,18,18,3243428340025352246,7331733803769149277,3.243428340025352,7.331733803769149,10575162143794501523,0,314962475945941748,0.31496247594594173,0.0,0,0,0,nan,0
vAMM-SOFT/WETH,0.0018410838512704672,0x28495d9ee2F7f0e6b285db0810b9657CE09a5004,0xFdcF81330bb3E101515d924B63E65842342773a5,0x04D1963C76EB1BEc59d0eEb249Ed86F736B82993,0x4200000000000000000000000000000000000006,0x940181a94A35A4569E4529A3CDfB74e38FD98631,18,18,18,41006780610621667893466,29317317859997284,41006.78061062167,0.029317317859997284,41006809927939527890750,0,12428692126053889645212,12428.692126053891,0.0,0,0,0,nan,0
vAMM-AERO/BUIDL,1.694234394463546e-07,0x6F9793007764dC4b6334Bbeba043D33FAaFE2584,0x940c8E211cE94Ad404d31836988D850D0CbACC8F,0x940181a94A35A4569E4529A3CDfB74e38FD98631,0xdADc4F8E9d8d37294de0E02A2Ce8Cc0c90A4F6c2,0x940181a94A35A4569E4529A3CDfB74e38FD98631,18,18,18,392870930054648144,1200726841188546558886,0.3928709300546481,1200.7268411885466,1201119712118601207030,0,1143734852903520734,1.1437348529035207,0.0,0,0,0,nan,0
vAMM-WETH/KLIMA,0.006820160308900137,0xB37642E87613d8569Fd8Ec80888eA6c63684E79e,0x44A927DD8f6def04f76B00cece9804BF441dc6b1,0x4200000000000000000000000000000000000006,0xDCEFd8C8fCc492630B943ABcaB3429F12Ea9Fea2,0x940181a94A35A4569E4529A3CDfB74e38FD98631,18,18,9,791451375849,0,7.91451375849e-07,0.0,791451375849,302303811976915,46041179857809617469378,46041.17985780961,5.874229886021394e-22,27.04564747084315,0,27.04564747084315,1702.3508092178158,1776902400
sAMM-PRO/AERO,5.5473426688099444e-08,0x3e1893753F410F909A40C50857fF6C9eEF2C1D88,0x95Fc882911a36E298C0dEC1e8DDC50b05599c09d,0x18dD5B087bCA9920562aFf7A0199b96B9230438b,0x940181a94A35A4569E4529A3CDfB74e38FD98631,0x940181a94A35A4569E4529A3CDfB74e38FD98631,18,8,18,43845,20445886740236400,0.00043845,0.0204458867402364,20445886740280245,0,374487094114608442,0.37448709411460845,0.0,0,0,0,nan,0
vAMM-VIRTUAL/WAI,0.012527304991578114,0x37E769D2dcF3e3E8dFC37c0Df83EEB56edfC0fD2,0x57E0f09B66baD2f184d30B58973690C15d7f6243,0x0b3e328455c4059EEb9e3f84b5543F74E24e7E1b,0x23471E7250bCD7ee21Df3f39Ed6151931D1E076b,0x940181a94A35A4569E4529A3CDfB74e38FD98631,18,18,18,0,0,0.0,0.0,0,555273172656879,84568672307923801424159,84568.6723079238,1.3066369028011767e-23,1.105005480584332,0,1.105005480584332,76532.35553474676,1776902400
vAMM-USDC/KLIMA,0.003071935745755453,0x958682eC6282BC7E939FA8Ba9397805C214c3A09,0x950aD950D6f07491ef2c150545A6A2AB7AdC03f4,0x833589fCD6eDb6E08f4c7C32D4f71b54bdA02913,0xDCEFd8C8fCc492630B943ABcaB3429F12Ea9Fea2,0x940181a94A35A4569E4529A3CDfB74e38FD98631,18,6,9,252,0,0.000252,0.0,252,136163644845436,20737862422000770788046,20737.86242200077,8.838515785955873e-22,18.32919243838349,0,18.32919243838349,1131.411680668115,1776902400
vAMM-GROW/VITA,1.9515868036063697e-08,0xDaD0D8F40Bf19c295B982dB2d1Ee47eE12DA92f0,0x8AC0f40EF2c222044B857d52508E18f94cA90c45,0x321725ee44CB4bfA544CF45a5A585b925d30A58C,0x490a4B510d0Ea9f835D2dF29Eb73b4FcA5071937,0x940181a94A35A4569E4529A3CDfB74e38FD98631,18,18,18,1077064265582465778091,776230975521901046964,1077.0642655824659,776.2309755219011,1853295241104366825055,0,131746696504644157,0.13174669650464416,0.0,0,0,0,nan,0
vAMM-WETH/wrsETH,1.6438130537220536e-05,0xA24382874A6FD59de45BbccFa160488647514c28,0x2da7789a6371F550caF9054694F5A5A6682903f9,0x4200000000000000000000000000000000000006,0xEDfa23602D0EC14714057867A78d01e94176BEA0,0x940181a94A35A4569E4529A3CDfB74e38FD98631,18,18,18,68126311993494605,94128561474964542,0.0681263119934946,0.09412856147496454,162254873468459147,0,110969667912743631657,110.96966791274363,0.0,0,0,0,nan,0
vAMM-WETH/XCAD,9.585067409418122e-06,0x63b9877618E27081181a59F9Ca52040Ada1332fc,0xC418D71a9c4756c54F414E128Ecc6A2448DEd100,0x4200000000000000000000000000000000000006,0x750cF88d9E0c2BCedEEC31d5FaAd6eD6E3F1abC6,0x940181a94A35A4569E4529A3CDfB74e38FD98631,18,18,18,0,0,0.0,0.0,0,424862617791,64706369433919832126,64.70636943391983,0.0,0,0,0,nan,0
vAMM-weETH.base/WETH,0.0528843752880205,0x91F0f34916Ca4E2cCe120116774b0e4fA0cdcaA8,0xf8d47b641eD9DF1c924C0F7A6deEEA2803b9CfeF,0x04C0599Ae5A44757c0af6F9eC3b93da8976c150A,0x4200000000000000000000000000000000000006,0x940181a94A35A4569E4529A3CDfB74e38FD98631,18,18,18,1303675228798868,1428498869462973,0.001303675228798868,0.001428498869462973,2732174098261841,2344124789675939,357009061960937263117705,357009.0619609373,0.0,0,0,0,nan,0
vAMM-WETH/SAM,0.21966750681919173,0x598299Fb3f3829F7Ba08662948706cDFf7eC2350,0xf96Bc096dd1E52dcE4d595B6C4B8c5d2200db1E5,0x4200000000000000000000000000000000000006,0xed1779845520339693CDBffec49a74246E7D671b,0x940181a94A35A4569E4529A3CDfB74e38FD98631,18,18,18,8628378735876418,0,0.008628378735876418,0.0,8628378735876418,9736865480905444,1482919862921819619926284,1482919.8629218196,0.0,0,0,0,nan,0
vAMM-BET/USDC,0.07130267203916359,0xF471D220F16Cc9c3400B5BD97d728072A87b9C75,0x34BF49C57c8a6A766c99909a3513258A3dB7E393,0x80F6BcedD3d4fa1035285affA30e38f464Db3895,0x833589fCD6eDb6E08f4c7C32D4f71b54bdA02913,0x940181a94A35A4569E4529A3CDfB74e38FD98631,18,18,6,0,0,0.0,0.0,0,3173439665216667,481346331905643810722817,481346.33190564386,4.126046475251728e-22,198.605733613463,0,198.605733613463,2423.6275718125316,1776902400
sAMM-rgUSD/eUSD,4.691349411179323e-10,0xd7AdbF474E991f4AEbF95C0b095001ce661aAD17,0x1Efd219BFfFf88F89791Bc850b7347F6da67D933,0x8E5E9DF4F0EA39aE5270e79bbABFCc34203A3470,0xCfA3Ef56d303AE4fAabA0592388F19d7C3399FB4,0x940181a94A35A4569E4529A3CDfB74e38FD98631,18,18,18,129411491415775331989,153088304658143137177,129.41149141577534,153.08830465814313,282499796073918469166,0,3167011510478252,0.003167011510478252,0.0,0,0,0,nan,0
sAMM-USDC/rgUSD,6.85520841160348e-10,0xF8CCE695B387424122d59ae2d01fA8CE359CfB00,0xc78a90ed0E25F3bf3f000c18947C683C2351777d,0x833589fCD6eDb6E08f4c7C32D4f71b54bdA02913,0x8E5E9DF4F0EA39aE5270e79bbABFCc34203A3470,0x940181a94A35A4569E4529A3CDfB74e38FD98631,18,6,18,935428,987095264091875863,0.935428,0.9870952640918759,987095264092811291,0,4627778074798720,0.00462777807479872,0.0,0,0,0,nan,0
vAMM-MAI/QI,1.208705345762623e-07,0x1894416A511251CfDD350B80bE256F4D166dCa0e,0x893E887C3b56D5E54Dc1F0dEbA783E96197151aA,0xbf1aeA8670D2528E08334083616dD9C5F3B087aE,0xD3FDCb837DAfdb7C9C3eBD48FE22a53F6Dd3d7D7,0x940181a94A35A4569E4529A3CDfB74e38FD98631,18,18,18,62773872417388392037,541682286783477778522,62.77387241738839,541.6822867834778,604456159200866170559,0,815966453849050413,0.8159664538490504,0.0,0,0,0,nan,0
vAMM-WETH/MASA,1.2178926687671424e-06,0x33c3782446dF290bE025A24A0Ac94562E9A995D6,0x29Ff29c57474857a6F1fB6C5839CF82adA2BB6b5,0x4200000000000000000000000000000000000006,0x944824290CC12F31ae18Ef51216A223Ba4063092,0x940181a94A35A4569E4529A3CDfB74e38FD98631,18,18,18,6008630734555423,3760999994185481705571732,0.006008630734555423,3760999.9941854817,3761000000194112440127155,0,8221685835894741508,8.221685835894743,0.0,0,0,0,nan,0
vAMM-WETH/LBM,3.949433668406331e-06,0x0b8711D0F80Eacb3dE9f653BD554aF3bA654fA1f,0x150db5aF367A67385F78DE9Fc34937fB28F12a65,0x4200000000000000000000000000000000000006,0x56A38E7216304108E841579041249fEb236C887b,0x940181a94A35A4569E4529A3CDfB74e38FD98631,18,18,18,4069685769539503,515325894975046440330,0.004069685769539503,515.3258949750465,515329964660815979833,0,26661629291366144778,26.661629291366147,0.0,0,0,0,nan,0
vAMM-pwBLT/USDC,5.153864384079545e-06,0x9b0025d10E824E7E2b148953009A40B0C0792F30,0xF8Bbe737e94134cfc95e56b7539549C15EC450E1,0x3Dd79d6BD927615787Cc95F2c7A77C9aC1AF26F4,0x833589fCD6eDb6E08f4c7C32D4f71b54bdA02913,0x940181a94A35A4569E4529A3CDfB74e38FD98631,18,18,6,0,0,0.0,0.0,0,228449727495,34792436881653363960,34.792436881653366,0.0,0,0,0,nan,0
vAMM-weETH/AERO,2.2653266052045847e-05,0xc5aDfb267a95df1233a2b5F7f48041E7Fb384BcA,0x0A5f63A1aC754b4418cc5381eE17E04CCad42F56,0x04C0599Ae5A44757c0af6F9eC3b93da8976c150A,0x940181a94A35A4569E4529A3CDfB74e38FD98631,0x940181a94A35A4569E4529A3CDfB74e38FD98631,18,18,18,18746898162904384,68047762324638170841,0.018746898162904382,68.04776232463817,68066509222801075225,0,152926478180870493770,152.92647818087048,0.0,0,0,0,nan,0
vAMM-WETH/ATH,0.0007072909821945916,0x7C36577aEC1d99d9b872b7075bD86C8F1334EcF2,0x39b68a3Fd59F88C31B2110A2550640b92cF42449,0x4200000000000000000000000000000000000006,0x58D75a1c4477914f9a98A8708fEaeD1DbE40b8a3,0x940181a94A35A4569E4529A3CDfB74e38FD98631,18,18,18,0,0,0.0,0.0,0,31351316235866,4774742799011944985259,4774.742799011945,0.0,0,0,0,nan,0
vAMM-USDC/XSWAP,0.0010706961167833329,0xCdB55B284257fd5f879598Ba9E4B852bb0C3EDF1,0xAd978Bdbcc8a44dea4d773A8Df9fF7f73dD288d8,0x833589fCD6eDb6E08f4c7C32D4f71b54bdA02913,0x8Fe815417913a93Ea99049FC0718ee1647A2a07c,0x940181a94A35A4569E4529A3CDfB74e38FD98631,18,6,18,39153088,5519115775229413947018,39.153088,5519.115775229414,5519115775229453100106,0,7227999086993538659846,7227.999086993538,0.0,0,0,0,nan,0
vAMM-WETH/stTAO,0.002762335539582937,0x3a1d086839AF6e86f48D96CA6648b48244f91A89,0x21F1f74E4fB3f026F072B65dF81aA0f19Ee6e7d5,0x4200000000000000000000000000000000000006,0x806041B6473DA60abbe1b256d9A2749A151be6C6,0x940181a94A35A4569E4529A3CDfB74e38FD98631,18,18,9,0,0,0.0,0.0,0,122443035795997,18647829617668860830964,18647.82961766886,7.603981983911103e-22,14.17977604517979,0,14.17977604517979,1315.1004330571159,1776902400
vAMM-HBR/USDC,1.03476962915164e-06,0x68cfB52C74827f91E1F664fFeD634F849AEce455,0xce0358DFf7Bcf904f21425f6fee7F8E6115372cd,0x416bd43Bc76D496ff49923c20eCaf86b52Ab078d,0x833589fCD6eDb6E08f4c7C32D4f71b54bdA02913,0x940181a94A35A4569E4529A3CDfB74e38FD98631,18,18,6,112767986270559270916576,25990179,112767.98627055927,25.990179,112767986270559296906755,0,6985468441995122030,6.985468441995121,0.0,0,0,0,nan,0
vAMM-wBLT/BMX,0.04264218565456195,0x61907C8C3E6ef7eD813aCc2fBbBf8C05ac0F31d5,0xeB86878fBF8329b1ED8C40d8f6736Ae7fc965Be8,0x4E74D4Db6c0726ccded4656d0BCE448876BB4C7A,0x548f93779fBC992010C07467cBaf329DD5F059B7,0x940181a94A35A4569E4529A3CDfB74e38FD98631,18,18,18,0,0,0.0,0.0,0,1891669529226309,287866626344507374018537,287866.6263445074,1.9099340699284436e-21,549.8062772507354,0,549.8062772507354,523.5782824888115,1776902400
sAMM-zunUSD/USDC,6.70523751311412e-08,0xaeb41e05E27EDa32dB13c5875834a19a2c15F70E,0xCb803c34e058cd828EE8d3732b2fAEA5cb988397,0x6ef3864876424ADE834a7C1BE8C0CF3d71208B84,0x833589fCD6eDb6E08f4c7C32D4f71b54bdA02913,0x940181a94A35A4569E4529A3CDfB74e38FD98631,18,18,6,2138329362374681249,396082,2.138329362374681,0.396082,2138329362375077331,0,452653650864703704,0.45265365086470366,0.0,0,0,0,nan,0
vAMM-CRYO/WETH,0.001147584014366383,0x65Ee5A0ee82027D054EFeb31a1f7079C37c5DbD8,0x7ac1193Dd817aD9b0b1b57582a2542572c6baC21,0x1f4446fAAAed23090f324f051C3F8c5ce5aD1c36,0x4200000000000000000000000000000000000006,0x940181a94A35A4569E4529A3CDfB74e38FD98631,18,18,18,0,0,0.0,0.0,0,50868378321848,7747049866033208754405,7747.049866033209,7.101993879385253e-21,55.0195007318602,0,55.0195007318602,140.8055282760339,1776902400
vAMM-pHAM/pwBLT,3.3214187763494745e-05,0x03FF264046b085450649A993Cdd65dCDD01A893e,0x19b05F319aC12296CB073218E912D0816030548F,0x2C8D2FC58B80aCb3b307C165af8F3eE296e6A271,0x3Dd79d6BD927615787Cc95F2c7A77C9aC1AF26F4,0x940181a94A35A4569E4529A3CDfB74e38FD98631,18,18,18,0,0,0.0,0.0,0,1472268563917,224220593562078993733,224.220593562079,0.0,0.0,0,0.0,nan,1776902400
vAMM-WETH/TRUF,2.307949401562752e-06,0xcE2D4E04e3d782EcB8bf2e265f421bA510F4e8F7,0xE81B7a527AA65b714cD44c034dDA915097bb3CdB,0x4200000000000000000000000000000000000006,0xB59c8912c83157a955f9D715E556257F432C35D7,0x940181a94A35A4569E4529A3CDfB74e38FD98631,18,18,18,910978593389695793,48387879286007909990909,0.9109785933896958,48387.87928600791,48388790264601299686702,0,15580383552188237583,15.580383552188238,0.0,0,0,0,nan,0
vAMM-AERO/BENJI,0.000408845320293986,0x0f3027d68FE4E2A56860D7B18b3D80CAe8d716D1,0x2e8300243d49d81684e154821f879A5045e2d132,0x940181a94A35A4569E4529A3CDfB74e38FD98631,0xBC45647eA894030a4E9801Ec03479739FA2485F0,0x940181a94A35A4569E4529A3CDfB74e38FD98631,18,18,18,0,0,0.0,0.0,0,18122680490033,2760011506051362499668,2760.011506051362,0.0,0,0,0,nan,0
vAMM-WETH/HLSp,5.7505442521775496e-05,0x1536960c83d4f3a55430a9B3B6294843b831171A,0x10b70e962d032b74e2F40a11445F7f769aa4fc0e,0x4200000000000000000000000000000000000006,0xe54b0C7dad72fb102ADE2b1B9F4EEce69408Ab36,0x940181a94A35A4569E4529A3CDfB74e38FD98631,18,18,6,4786156799459742,13564441,0.004786156799459742,13.564441,4786156813024183,0,388204719835239577437,388.20471983523953,0.0,0,0,0,nan,0
sAMM-DOLA/rgUSD,2.8895252925633594e-06,0xBA15D0494fE4f0cAECD7730F6D77BeB6DD0feca9,0x7139bFd55643Aa37C875c6D3f4d6663DbFd481f2,0x4621b7A9c75199271F773Ebd9A499dbd165c3191,0x8E5E9DF4F0EA39aE5270e79bbABFCc34203A3470,0x940181a94A35A4569E4529A3CDfB74e38FD98631,18,18,18,255238655800584165,662798817710685350,0.2552386558005842,0.6627988177106854,918037473511269515,0,19506455519086473360,19.506455519086472,0.0,0,0,0,nan,0
sAMM-USDz/USDC,0.0008894481467828335,0x6d0b9C9E92a3De30081563c3657B5258b3fFa38B,0xb7E4bBee04285F4B55d0A93b34E5dA95C3a7faf9,0x04D5ddf5f3a8939889F11E97f8c4BB48317F1938,0x833589fCD6eDb6E08f4c7C32D4f71b54bdA02913,0x940181a94A35A4569E4529A3CDfB74e38FD98631,18,18,6,1229552643146295837,1528,1.2295526431462958,0.001528,1229552643146297365,39426119797596,6004439814528047299488,6004.4398145280475,1.4458596046923219e-21,8.68157697663236,0,8.68157697663236,691.6300841068172,1776902400
sAMM-rgUSD/USD3,1.4740914580584882e-07,0xD42cd5b74B6cb892eCdE3cAb2765b6bD57C83346,0x73f294Df4543E5e0B5063C0ceE8339e4295047b3,0x8E5E9DF4F0EA39aE5270e79bbABFCc34203A3470,0xEFb97aaF77993922aC4be4Da8Fbc9A2425322677,0x940181a94A35A4569E4529A3CDfB74e38FD98631,18,18,18,13154775748868128571,28490204839870027091,13.15477574886813,28.490204839870028,41644980588738155662,0,995121916104588705,0.9951219161045887,0.0,0,0,0,nan,0
vAMM-WETH/APX,4.222501010296912e-06,0x898e0DE33B19A3494723f437734C788C2c10Ed04,0x4927B42B4B60148D60ED3b54F21FD2E57176cE83,0x4200000000000000000000000000000000000006,0xcacf1ca03983CE6c7E235fb20C70aCC70ed13509,0x940181a94A35A4569E4529A3CDfB74e38FD98631,18,18,18,599026948676465,51488465536480058156049,0.000599026948676465,51488.46553648006,51488466135507006832514,0,28505037955070384826,28.505037955070385,0.0,0,0,0,nan,0
vAMM-AERO/TRUF,1.5359007271922403e-05,0x56ae4A50252C505C2663346660Edb711648221DC,0xbC22B1450A6Bb9a7CD86c22d835f18d77077562b,0x940181a94A35A4569E4529A3CDfB74e38FD98631,0xB59c8912c83157a955f9D715E556257F432C35D7,0x940181a94A35A4569E4529A3CDfB74e38FD98631,18,18,18,7885950310810927070,135737131842022812334,7.8859503108109275,135.73713184202282,143623082152833739404,0,103684779274348791348,103.68477927434878,0.0,0,0,0,nan,0
vAMM-WETH/RWAX,0.00012036379766879939,0xd448670823ff9667848C821BeE829c642F67E064,0x4a64623FC6b1B008aA9D655F748C01f8b5552A26,0x4200000000000000000000000000000000000006,0xe0023E73aab4fE9a22f059a9d27E857E027eE3dc,0x940181a94A35A4569E4529A3CDfB74e38FD98631,18,18,18,0,0,0.0,0.0,0,5335358338838,812545600959911659745,812.5456009599117,5.1715491607809795e-21,4.202119520740508,0,4.202119520740508,193.36565677140064,1776902400
vAMM-WETH/OX,0.002594679759808178,0xe140c5930889c4064A3d11b17Bb04fE7224a5CDC,0xD4ECF20068e5fA849Abe62F9523A90F8c073f203,0x4200000000000000000000000000000000000006,0xba0Dda8762C24dA9487f5FA026a9B64b695A07Ea,0x940181a94A35A4569E4529A3CDfB74e38FD98631,18,18,18,0,0,0.0,0.0,0,115014203283962,17516027788797212718659,17516.02778879721,0.0,0,0,0,nan,0
vAMM-SNX/sUSDCy,2.211556499790871e-06,0xFF808Ffcf1Fd541c8291c5D073da327b1B084248,0xDB6Fd3392E66f57C30704a6cdB1d338a708cc284,0x22e6966B799c4D5B13BE962E1D117b56327FDa66,0xC1E02884AF4A283cA25ab63C45360d220d69DA52,0x940181a94A35A4569E4529A3CDfB74e38FD98631,18,18,18,25223853864551646678,12244714841084958104,25.223853864551646,12.244714841084958,37468568705636604782,0,14929659415732995318,14.929659415732996,0.0,0,0,0,nan,0
vAMM-BCT/USDC,0.00011607403275521869,0x77e09a5043820820390904357463BfB739a76104,0xb0FC063ff618F6110ADb3565c4F13B1A3B9527a8,0x576Bca23DcB6d94fF8E537D88b0d3E1bEaD444a2,0x833589fCD6eDb6E08f4c7C32D4f71b54bdA02913,0x940181a94A35A4569E4529A3CDfB74e38FD98631,18,18,6,951348827356817806920,161951379,951.3488273568178,161.951379,951348827356979758299,0,783586481380838210312,783.5864813808382,0.0,0,0,0,nan,0
vAMM-BCT/KLIMA,1.4976058639065165e-06,0x6e2f9520919bd95889b27E0B2f735ac7ED149837,0x174F6439F572b1Acca20219F5Ba4c129D86d8f5a,0x576Bca23DcB6d94fF8E537D88b0d3E1bEaD444a2,0xDCEFd8C8fCc492630B943ABcaB3429F12Ea9Fea2,0x940181a94A35A4569E4529A3CDfB74e38FD98631,18,18,9,3234861320827787663,2918773591,3.234861320827788,2.918773591,3234861323746561254,0,10109958976514124564,10.109958976514124,0.0,0,0,0,nan,0
sAMM-GROW/VITA,2.4652573384997137e-11,0xD6871bc7f13a7b0f6E35f54349e1466Fd926ff7d,0xB6F959E169C544608b860a4fFe3C0982a46aD136,0x321725ee44CB4bfA544CF45a5A585b925d30A58C,0x490a4B510d0Ea9f835D2dF29Eb73b4FcA5071937,0x940181a94A35A4569E4529A3CDfB74e38FD98631,18,18,18,1392545918834282644,469560119818986084,1.3925459188342826,0.4695601198189861,1862106038653268728,0,166423297073430,0.00016642329707343,0.0,0,0,0,nan,0
vAMM-wXCH/WETH,8.818616559621072e-05,0x0522d1c88Ef60F22fA4D3EEC6F8C6F48631D7ec3,0x9a4e4020E9e20C0b12a93C196fdB60393e2C8e36,0x36be1d329444aeF5D28df3662Ec5B4F965Cd93E9,0x4200000000000000000000000000000000000006,0x940181a94A35A4569E4529A3CDfB74e38FD98631,18,18,18,1902144531829122598,5268617472566902,1.9021445318291226,0.005268617472566902,1907413149301689500,0,595322533091673497605,595.3225330916734,0.0,0,0,0,nan,0
vAMM-wXCH/USDC,0.002946714185077658,0xd16Cc119b7c113660580291580cbEB588C9e2653,0x543a172C6805a7eC512188Fba90Fb9ac62ffa4D5,0x36be1d329444aeF5D28df3662Ec5B4F965Cd93E9,0x833589fCD6eDb6E08f4c7C32D4f71b54bdA02913,0x940181a94A35A4569E4529A3CDfB74e38FD98631,18,18,6,244871596793325182,333256,0.24487159679332518,0.333256,244871596793658438,130618810672540,19892523289763902509148,19892.5232897639,0.0,0,0,0,nan,0
vAMM-WETH/SKR,1.3788663290276568e-08,0xaa721DC836b5195F33F09b7713F73171A0030e36,0xf07FCB6f97622972f19ef0dE444268cE23a4a75B,0x4200000000000000000000000000000000000006,0xe2dCA969624795985F2f083BcD0b674337ba130a,0x940181a94A35A4569E4529A3CDfB74e38FD98631,18,18,18,33397295282093878,264559528558477381760425,0.033397295282093876,264559.5285584774,264559561955772663854303,0,93083783634519857,0.09308378363451986,0.0,0,0,0,nan,0
vAMM-sfrxETH/sFRAX,2.90679943397123e-06,0xD73a3EF449043AAc66bFF3FEE37E83B4f8DAE998,0xb41f81b476bdB6E02FF7b6cDC2100077D595Fa40,0x1f55a02A049033E3419a8E2975cF3F572F4e6E9A,0xe4796cCB6bB5DE2290C417Ac337F2b66CA2E770E,0x940181a94A35A4569E4529A3CDfB74e38FD98631,18,18,18,0,0,0.0,0.0,0,128849512060,19623068885257812000,19.623068885257815,0.0,0.0,0,0.0,nan,1776902400
vAMM-USDC/CTX,2.499342197647665e-09,0xf629864E8B4914284f79641EF9Ce034C161F26AE,0xD1E5855ACcb803C0ec03Aa382a4f115aCd3903B6,0x833589fCD6eDb6E08f4c7C32D4f71b54bdA02913,0xBB22Ff867F8Ca3D5F2251B4084F6Ec86D4666E14,0x940181a94A35A4569E4529A3CDfB74e38FD98631,18,6,18,33235441,16132286748610352721,33.235441,16.13228674861035,16132286748643588162,0,16872427983539094,0.016872427983539093,0.0,0,0,0,nan,0
sAMM-WETH/msETH,1.1194763891112198,0xDE4FB30cCC2f1210FcE2c8aD66410C586C8D1f9A,0x62940D9643a130b80CA0f8bc7e94De5b7ec496C5,0x4200000000000000000000000000000000000006,0x7Ba6F01772924a82D9626c126347A28299E98c98,0x940181a94A35A4569E4529A3CDfB74e38FD98631,18,18,18,3813414295407279,2866620769797210,0.003813414295407279,0.00286662076979721,6680035065204489,49654602303147822,7557302386335393074005499,7557302.386335393,4.73160630233028e-23,357.5817959980021,0,357.5817959980021,21134.471807333328,1776902400
sAMM-msUSD/USDC,1.0999446349153585,0xcEFC8B799a8EE5D9b312aeca73262645D664AaF7,0xDBF852464fC906C744E52Dbd68C1b07dD33A922a,0x526728DBc96689597F85ae4cd716d4f7fCcBAE9d,0x833589fCD6eDb6E08f4c7C32D4f71b54bdA02913,0x940181a94A35A4569E4529A3CDfB74e38FD98631,18,18,6,4605995381129493,7114626,0.004605995381129493,7.114626,4605995388244119,48838619097078499,7425448446377902529701920,7425448.446377902,2.0104631445951048e-23,149.28590433533753,0,149.28590433533753,49739.78273058042,1776902400
vAMM-USDC/OX,0.0001290419222607844,0x33A20Ce534aE0F2fC00BC28e7133836B34415E7B,0x271cc28Fac66b40515a31D28FB95Eed8D17e2853,0x833589fCD6eDb6E08f4c7C32D4f71b54bdA02913,0xba0Dda8762C24dA9487f5FA026a9B64b695A07Ea,0x940181a94A35A4569E4529A3CDfB74e38FD98631,18,6,18,997396863,257388334919043547914919,997.396863,257388.33491904355,257388334919044545311782,0,871129428475909888438,871.1294284759099,0.0,0,0,0,nan,0
vAMM-AERO/APX,0.0004690790870510642,0x4634274a24443fAe01B1bAcd6212C65D1283B72c,0xb023a82C4AC8fcD103876fd07EAA1dF1df5782c2,0x940181a94A35A4569E4529A3CDfB74e38FD98631,0xcacf1ca03983CE6c7E235fb20C70aCC70ed13509,0x940181a94A35A4569E4529A3CDfB74e38FD98631,18,18,18,5877742728035779824,162434375472871538310277,5.87774272803578,162434.37547287153,162440253215599574090101,0,3166634453778410018900,3166.63445377841,0.0,0,0,0,nan,0
vAMM-USDC/CHEX,1.5385052312244728e-05,0x6466e1a3b42Ef91f8f7C135970db4495e89F9C0A,0x1249abBD38f8B98114E35babda2827862bd19CfF,0x833589fCD6eDb6E08f4c7C32D4f71b54bdA02913,0xc43F3Ae305a92043bd9b62eBd2FE14F7547ee485,0x940181a94A35A4569E4529A3CDfB74e38FD98631,18,6,18,1279643674,7878361196176726169449,1279.643674,7878.3611961767265,7878361196178005813123,0,103860602764057555874,103.86060276405756,0.0,0,0,0,nan,0
vAMM-WETH/OGN,5.8499558374059666e-05,0x8eA4C49B712217fd6e29Db920E3dd48287a0d50D,0xA88BcfEcC886dEA1e8B3108179F0532d53c8c055,0x4200000000000000000000000000000000000006,0x7002458B1DF59EccB57387bC79fFc7C29E22e6f7,0x940181a94A35A4569E4529A3CDfB74e38FD98631,18,18,18,80269673964716785,5094237804166861010363,0.08026967396471678,5094.237804166861,5094318073840825727148,0,394915744896452000000,394.915744896452,0.0,0,0,0,nan,0
vAMM-WETH/SKOP,2.0715664418096338e-09,0x18c55864D9BC0D7C3F6Dc18e3A1d20E50f551891,0x3FC41388699Ab1876AA48577bBa493F71845Ae02,0x4200000000000000000000000000000000000006,0x6d3B8C76c5396642960243Febf736C6BE8b60562,0x940181a94A35A4569E4529A3CDfB74e38FD98631,18,18,18,5660005475332665,954265953599104223549,0.005660005475332665,954.2659535991043,954271613604579556214,0,13984621887889498,0.013984621887889497,0.0,0,0,0,nan,0
vAMM-WETH/RFL,0.030069581039122502,0x37785d5bE19D0d9559D4634a5385c72c419b25Da,0x937c527EB4f27030f6667078C64982B3202257d5,0x4200000000000000000000000000000000000006,0x6e2c81b6c2C0e02360F00a0dA694e489acB0b05e,0x940181a94A35A4569E4529A3CDfB74e38FD98631,18,18,18,273162496820766,645700764489614573606,0.000273162496820766,645.7007644896146,645701037652111394372,1332905613976826,202992147716024070513706,202992.14771602408,0.0,0,0,0,nan,0
vAMM-sfrxETH/wstETH,3.0360249170838643e-05,0x456c166e63634D75a4B49EDEC86cB51424D4C926,0xCe7Cb6260fCBf17485cd2439B89FdDf8B0Eb39cC,0x1f55a02A049033E3419a8E2975cF3F572F4e6E9A,0xc1CBa3fCea344f92D9239c08C0568f6F2F0ee452,0x940181a94A35A4569E4529A3CDfB74e38FD98631,18,18,18,0,0,0.0,0.0,0,1345790169437,204954374866874523168,204.95437486687453,0.0,0,0,0,nan,0
vAMM-USDC/APX,2.4247914976249e-06,0x4C7d96aaf20081cF617EBf6da4814aE91e6D5D06,0x1C669D3d0B3C49Cda1f47C80896D30D7A79E4f83,0x833589fCD6eDb6E08f4c7C32D4f71b54bdA02913,0xcacf1ca03983CE6c7E235fb20C70aCC70ed13509,0x940181a94A35A4569E4529A3CDfB74e38FD98631,18,6,18,6445695,575117173975339745881739,6.445695,575117.1739753397,575117173975339752327434,0,16369155034984708704,16.369155034984708,0.0,0,0,0,nan,0
sAMM-jEUR/EURA,7.090870630397614e-07,0xe7e01f38470136dE763d22e534e53C8BCdbA3f39,0xb5FFE35051b62DfE687aaB959625a29bEd54575a,0x4154550f4Db74Dc38d1FE98e1F3F28ed6daD627d,0xA61BeB4A3d02decb01039e378237032B351125B4,0x940181a94A35A4569E4529A3CDfB74e38FD98631,18,18,18,17932967981623962051,18158021760201942926,17.93296798162396,18.158021760201944,36090989741825904977,0,4786867687209032544,4.786867687209033,0.0,0,0,0,nan,0
vAMM-USDC/EMT,3.375575404341628e-06,0x68426A1D8ab4AC250ae5E2DA0b9d684594c83BB0,0x8b02968e7FaF61d251b6B9c06c375E5f0c69b7CB,0x833589fCD6eDb6E08f4c7C32D4f71b54bdA02913,0xe2c86869216aC578bd62a4b8313770d9EE359A05,0x940181a94A35A4569E4529A3CDfB74e38FD98631,18,6,18,2080172894,431419038926929303983157,2080.172894,431419.0389269293,431419038926931384156051,0,22787657074875208353,22.78765707487521,0.0,0,0,0,nan,0
vAMM-USDz/WETH,8.73035870303677e-05,0x2ce63497999F520CC2afaaadbCFC37Afd9deF4b0,0xc15B32d92E265832c87EC4b36B7e598ae2daad42,0x04D5ddf5f3a8939889F11E97f8c4BB48317F1938,0x4200000000000000000000000000000000000006,0x940181a94A35A4569E4529A3CDfB74e38FD98631,18,18,18,0,0,0.0,0.0,0,3869977291884,589364468083201760902,589.3644680832017,0.0,0,0,0,nan,0
vAMM-FUSE/WETH,1.6247226818047453e-05,0xc238f8Eaa625BAC4014FfD0E702a4B9a9d12019e,0x51Df914e8ae011028041132b6c65792c94ab9c9c,0x01facC69EC7360640AA5898E852326752801674A,0x4200000000000000000000000000000000000006,0x940181a94A35A4569E4529A3CDfB74e38FD98631,18,18,18,12639952746328265293582,35026430570253009,12639.952746328265,0.03502643057025301,12639987772758835546591,0,109680925116111319581,109.68092511611133,0.0,0,0,0,nan,0
vAMM-ION/WETH,0.0019893829568347486,0x0FAc819628a7F612AbAc1CaD939768058cc0170c,0x9b42e5F8c45222b2715F804968251c747c588fd7,0x3eE5e23eEE121094f1cFc0Ccc79d6C809Ebd22e5,0x4200000000000000000000000000000000000006,0x940181a94A35A4569E4529A3CDfB74e38FD98631,18,18,18,0,141544009437,0.0,1.41544009437e-07,141544009437,88185000521630,13429821935734048395765,13429.82193573405,0.0,0,0,0,nan,0
vAMM-bsdETH/eUSD,9.976464425460547e-09,0xe593Cb44256A78E4C280CC491C201cF60e849135,0x66C48B791ffFc09f235814Ba783CbD6B8E5d72c9,0xCb327b99fF831bF8223cCEd12B1338FF3aA322Ff,0xCfA3Ef56d303AE4fAabA0592388F19d7C3399FB4,0x940181a94A35A4569E4529A3CDfB74e38FD98631,18,18,18,106392742424077,60598191270097148,0.000106392742424077,0.06059819127009715,60704584012521225,0,67348591844425798,0.0673485918444258,0.0,0,0,0,nan,0
sAMM-USDz/DOLA,4.342982953044482e-05,0xcEa8ef6ce6235F2C2CdD13C9E8a3ED470725a638,0x528aD6E380E7B3B9D7eE3a492a52c4D3AC8f5958,0x04D5ddf5f3a8939889F11E97f8c4BB48317F1938,0x4621b7A9c75199271F773Ebd9A499dbd165c3191,0x940181a94A35A4569E4529A3CDfB74e38FD98631,18,18,18,0,0,0.0,0.0,0,1925149467395,293183811236202947006,293.1838112362029,7.147530431573705e-22,0.20955402128555214,0,0.20955402128555214,1399.084634299102,1776902400
vAMM-ZUN/USDC,4.259880168953144e-06,0x80326ED67271fB298D674c43AEF3BC437B801B0e,0xf1AE7589f6fA9345f39370Fa50CE0bFeABe2B9bf,0x1db0Fc8933f545648b54A9eE4326209a9A259643,0x833589fCD6eDb6E08f4c7C32D4f71b54bdA02913,0x940181a94A35A4569E4529A3CDfB74e38FD98631,18,18,6,24489902044231576661002,33396542,24489.902044231578,33.396542,24489902044231610057544,0,28757375215292741433,28.75737521529274,0.0,0,0,0,nan,0
vAMM-HBR/AERO,5.710055066639783e-05,0xCCa6105c83C59C600aab47589466BC36288D2377,0xdFE422acDA41b39683403068F2d3A4610ff87Bf9,0x416bd43Bc76D496ff49923c20eCaf86b52Ab078d,0x940181a94A35A4569E4529A3CDfB74e38FD98631,0x940181a94A35A4569E4529A3CDfB74e38FD98631,18,18,18,17980533984390115780,197160750116946735,17.980533984390117,0.19716075011694673,18177694734507062515,0,385471397172416174113,385.4713971724162,0.0,0,0,0,nan,0
vAMM-BTCB/WETH,2.9526755320680272e-06,0xb22c77a609097187a7e084754E1a557B5116D3bE,0xDA14cBF0bD19fA531Fe0A6fFA8370795e7004999,0x0c41F1FC9022FEB69aF6dc666aBfE73C9FFDA7ce,0x4200000000000000000000000000000000000006,0x940181a94A35A4569E4529A3CDfB74e38FD98631,18,18,18,86874759354113276639,7199772941487668,86.87475935411328,0.007199772941487668,86881959127054764307,0,19932766837796084346,19.932766837796084,0.0,0,0,0,nan,0
vAMM-USDz/sUSDz,3.0221726161048303e-06,0x7818B53F423457151407103321d8F961773815D1,0xc4021e049F13e137Cd1D40e7Ddb2173C7F8F02a3,0x04D5ddf5f3a8939889F11E97f8c4BB48317F1938,0xe31eE12bDFDD0573D634124611e85338e2cBF0cF,0x940181a94A35A4569E4529A3CDfB74e38FD98631,18,18,18,0,0,0.0,0.0,0,133966309911,20401924101087418241,20.401924101087417,0.0,0,0,0,nan,0
vAMM-WETH/MOZ,3.828656316752373e-06,0xA32ECde2C559C462610eD35740CC2B9642133c9B,0x68dBA60bEef5fDd4663588950A196FcCC8B7a166,0x4200000000000000000000000000000000000006,0xC227717ef4Ae4D982E14789eB33bA942243c3FEe,0x940181a94A35A4569E4529A3CDfB74e38FD98631,18,18,18,116966807034659539,1791224432288367734993696,0.11696680703465955,1791224.4322883678,1791224549255174769653235,0,25846291891892824134,25.846291891892825,0.0,0,0,0,nan,0
vAMM-ZRO/AERO,6.31392994479422e-07,0x04c7d6172aEf0FF6fA09D21eb929a45a41C8c13e,0x6bA7c122CaEbA0cE6334e72326a5B4568571982b,0x6985884C4392D348587B19cb9eAAf157F13271cd,0x940181a94A35A4569E4529A3CDfB74e38FD98631,0x940181a94A35A4569E4529A3CDfB74e38FD98631,18,18,18,4480892077326831608,16336130338280066515,4.480892077326832,16.336130338280068,20817022415606898123,0,4262374651494972008,4.262374651494972,0.0,0,0,0,nan,0
vAMM-WETH/MIGGLES,1.4729469554258742e-07,0x27e13dfA957231A606ab7F535b34275865a66f44,0x1752286215B2b34D645515a32a23d2BD48920c37,0x4200000000000000000000000000000000000006,0xB1a03EdA10342529bBF8EB700a06C60441fEf25d,0x940181a94A35A4569E4529A3CDfB74e38FD98631,18,18,18,4299395776042059,1484651646700987607602,0.004299395776042059,1484.6516467009876,1484655946096763649661,0,994349291280988092,0.994349291280988,0.0,0,0,0,nan,0
vAMM-AERO/L2VE,0.0005495363443517522,0xFC13b664e814098F08F10bA0fb23b1Bb916F344e,0x9B49ca7C6C41f01971e2453078a357415Cb3Adda,0x940181a94A35A4569E4529A3CDfB74e38FD98631,0xA19328fb05ce6FD204D16c2a2A98F7CF434c12F4,0x940181a94A35A4569E4529A3CDfB74e38FD98631,18,18,18,32576280171191765268,882466299018771298700982,32.57628017119176,882466.2990187713,882498875298942490466250,0,3709781078853037928889,3709.781078853038,0.0,0,0,0,nan,0
vAMM-WETH/sUSDz,3.896454553307613e-06,0x5346a22ee56d200971eC63F98c83e233bd07648d,0xA28731068548A4FC77A5942E23037697D80FDE9F,0x4200000000000000000000000000000000000006,0xe31eE12bDFDD0573D634124611e85338e2cBF0cF,0x940181a94A35A4569E4529A3CDfB74e38FD98631,18,18,18,60546126614878140,177429576201607687810,0.06054612661487814,177.4295762016077,177490122328222565950,0,26303980664869124722,26.303980664869126,0.0,0,0,0,nan,0
vAMM-JOJO/WETH,1.581901237787601e-08,0xaC8caC537EFc414C5A2f10D03BCCb13d70cE1de4,0xCeA71355737c796f4d03334fAD8Ca9013E69D345,0x0645bC5cDff2376089323Ac20Df4119e48e4BCc4,0x4200000000000000000000000000000000000006,0x940181a94A35A4569E4529A3CDfB74e38FD98631,18,18,18,7643182938690176059659,6025065305499399,7643.182938690176,0.006025065305499399,7643188963755481559058,0,106790157573313764,0.10679015757331375,0.0,0,0,0,nan,0
vAMM-WETH/PDT,0.00950621046105232,0x04e5A1c883Dafd1eAE6b11BD6d3Eb784D90ce515,0x9EedfC62b0B6C3Ede0887B6E1178305543f8C650,0x4200000000000000000000000000000000000006,0xeff2A458E464b07088bDB441C21A42AB4b61e07E,0x940181a94A35A4569E4529A3CDfB74e38FD98631,18,18,18,0,0,0.0,0.0,0,421396738272022,64174026090316902508191,64174.026090316904,2.30292910421889e-21,147.78823241829318,0,147.78823241829318,434.22960705478647,1776902400
vAMM-AERO/PRIME,8.62201143902433e-09,0xc0f9A9a1c8354f3D00B540b4a272ac0151255854,0xEeFCB46D600f084dFdF69c33e269deE52e956341,0x940181a94A35A4569E4529A3CDfB74e38FD98631,0xfA980cEd6895AC314E7dE34Ef1bFAE90a5AdD21b,0x940181a94A35A4569E4529A3CDfB74e38FD98631,18,18,18,83253535819964470149,26927673456226763177,83.25353581996447,26.927673456226763,110181209276191233326,0,58205021791376129,0.05820502179137613,0.0,0,0,0,nan,0
vAMM-USDC/sUSDz,2.8807260265352054e-06,0x081064f90247b52914c6c04A3C053543705887D3,0xB1A5FA12346926547CFa90BF3A561a3629FcF742,0x833589fCD6eDb6E08f4c7C32D4f71b54bdA02913,0xe31eE12bDFDD0573D634124611e85338e2cBF0cF,0x940181a94A35A4569E4529A3CDfB74e38FD98631,18,6,18,99,17666860344713942,9.9e-05,0.01766686034471394,17666860344714041,0,19447053896328388316,19.447053896328388,0.0,0,0,0,nan,0
vAMM-AERO/MIGGLES,6.182214169024347e-05,0xD2b0960C6bBAA4dC6d00470ba283B34D2CC97b00,0xa15a735782145B87A741454A108D25Ea45b80166,0x940181a94A35A4569E4529A3CDfB74e38FD98631,0xB1a03EdA10342529bBF8EB700a06C60441fEf25d,0x940181a94A35A4569E4529A3CDfB74e38FD98631,18,18,18,49617140842766751351,1114813185672175998870,49.61714084276675,1114.813185672176,1164430326514942750221,0,417345665766984457355,417.34566576698444,0.0,0,0,0,nan,0
vAMM-WETH/MOXIE,0.0003124120896987978,0xc02Dc3a9b6eaD739C56CDEa716D8fEC4Ffe4C799,0xEa2c1c05C17Eed888D0027F17EE23637dfF66FEb,0x4200000000000000000000000000000000000006,0x8C9037D1Ef5c6D1f6816278C7AAF5491d24CD527,0x940181a94A35A4569E4529A3CDfB74e38FD98631,18,18,18,74916136736007885,5042555815868606632195084,0.07491613673600789,5042555.815868607,5042555890784743368202969,0,2109015119894758982582,2109.015119894759,0.0,0,0,0,nan,0
vAMM-YFI/wstETH,0.11149584597578047,0x1524a14C55f097bb54F0b24383f3ae3e3743804A,0x8b87e30B3ad8BD645c3f83aea6E1156525081084,0x9EaF8C1E34F05a589EDa6BAfdF391Cf6Ad3CB239,0xc1CBa3fCea344f92D9239c08C0568f6F2F0ee452,0x940181a94A35A4569E4529A3CDfB74e38FD98631,18,18,18,0,0,0.0,0.0,0,4942432662106236,752680298624445707657247,752680.2986244457,8.693226533397159e-22,654.3220343167329,0,654.3220343167329,1150.3208804674018,1776902400
vAMM-WETH/TIMI,4.766940514567717e-06,0xAcb7907c232907934B2578315dFcFa1bA60E87Af,0xe3f0820BAd87cF3bf736429a3C54a3aC78fEdFFf,0x4200000000000000000000000000000000000006,0x9bEec80e62aA257cED8b0edD8692f79EE8783777,0x940181a94A35A4569E4529A3CDfB74e38FD98631,18,18,18,2386534692633744,25461031676557177551259,0.002386534692633744,25461.031676557177,25461034063091870185003,0,32180411553711097197,32.180411553711096,0.0,0,0,0,nan,0
vAMM-EURC/USDC,7.381615082871017e-08,0xFDF5139b38525627B47538536042A7c8d2686BD9,0x1f077baf21b95314bD251b21aD1f0Cc8D5D86781,0x60a3E35Cc302bFA44Cb288Bc5a4F316Fdb1adb42,0x833589fCD6eDb6E08f4c7C32D4f71b54bdA02913,0x940181a94A35A4569E4529A3CDfB74e38FD98631,18,6,6,34619729,98966889,34.619729,98.966889,133586618,0,498314192450987272,0.49831419245098724,0.0,0,0,0,nan,0
vAMM-WETH/EURC,0.0005041510852105497,0x9DFf4b5AE4fD673213502Ab8fbf6d36015efb3E1,0x21D4eF9D2b66069f3307765A0349526f8E988294,0x4200000000000000000000000000000000000006,0x60a3E35Cc302bFA44Cb288Bc5a4F316Fdb1adb42,0x940181a94A35A4569E4529A3CDfB74e38FD98631,18,18,6,0,0,0.0,0.0,0,22348211885151,3403396656145768818550,3403.3966561457687,2.684311148443366e-21,9.13577558666696,0,9.13577558666696,372.5350545073364,1776902400
vAMM-OGN/OETHb,0.03351624352028049,0x6FB655476fDCFB9712dD200308D941A1c6D1119e,0x147587251C3A4f8C907eDbC0e5A5eA953bdA743d,0x7002458B1DF59EccB57387bC79fFc7C29E22e6f7,0xDBFeFD2e8460a6Ee4955A68582F85708BAEA60A3,0x940181a94A35A4569E4529A3CDfB74e38FD98631,18,18,18,0,0,0.0,0.0,0,1486331234238846,226259695693902971830838,226259.69569390296,0.0,0,0,0,nan,0
vAMM-TKN/USD+,0.0001064198591417643,0x8f72e491E293ecB223E77123A046521d6d7cAd49,0x668584C6Db676352d50052bF303CC5041C70528f,0x78b3C724A2F663D11373C4a1978689271895256f,0xB79DD08EA68A908A97220C76d19A6aA9cBDE4376,0x940181a94A35A4569E4529A3CDfB74e38FD98631,18,18,6,0,0,0.0,0.0,0,4717609501208,718413593415796287142,718.4135934157963,0.0,0,0,0,nan,0
vAMM-MODE/WETH,0.0008226112474309709,0x9Bf387B4cdb6BCDB2107981E0e7C16d71576A970,0x224e14Bc695DCDD23602d571dF2203Cf2B515fcF,0x084382D1cc4f4DFD1769b1cC1Ac2A9b1f8365e90,0x4200000000000000000000000000000000000006,0x940181a94A35A4569E4529A3CDfB74e38FD98631,18,18,18,49241004372203945889,40442254485,49.241004372203946,4.0442254485e-08,49241004412646200374,36466489130675,5553240786232232275428,5553.240786232232,9.763939633359618e-21,54.22150780628202,0,54.22150780628202,102.41767540055095,1776902400
vAMM-COMP/sFRAX,3.229147838000821e-08,0xe253155a71707AAE3b604f6E71Fa2B3F14927949,0xBFe0639305a781459dE0C343f32F82c0D6AB4597,0x9e1028F5F1D5eDE59748FFceE5532509976840E0,0xe4796cCB6bB5DE2290C417Ac337F2b66CA2E770E,0x940181a94A35A4569E4529A3CDfB74e38FD98631,18,18,18,32623879505451990,1524466157180940436,0.03262387950545199,1.5244661571809404,1557090036686392426,0,217991615538475485,0.21799161553847549,0.0,0,0,0,nan,0
vAMM-WETH/uSOL,2.625068087251838e-06,0x80BEDFB71d9f447AA82184D1BEA40b33c161906e,0x2cc038D9579b88190f03f74e946477CA0434EeC5,0x4200000000000000000000000000000000000006,0x9B8Df6E244526ab5F6e6400d331DB28C8fdDdb55,0x940181a94A35A4569E4529A3CDfB74e38FD98631,18,18,18,2101564958312204,60293951036493477,0.002101564958312204,0.06029395103649348,62395515994805681,0,17721171712992919020,17.72117171299292,0.0,0,0,0,nan,0
sAMM-weETH/cbETH,1.213079028339547e-05,0x24Be4F7A32E5d131B30370BC53E93661e09E7dAB,0x284F8F51e047beF175680AC4D69C5C196C62c84a,0x04C0599Ae5A44757c0af6F9eC3b93da8976c150A,0x2Ae3F1Ec7F1F5012CFEab0185bfc7aa3cf0DEc22,0x940181a94A35A4569E4529A3CDfB74e38FD98631,18,18,18,3625771306426512,3541817179340128,0.003625771306426512,0.003541817179340128,7167588485766640,0,81891901650219421465,81.89190165021942,0.0,0,0,0,nan,0
vAMM-MODE/ION,6.127005745152994e-08,0x9E9F21e7812Bb0B47561bf619b275D91D3411721,0x7939EF558975FE95149f1613d90aFE5D22d64714,0x084382D1cc4f4DFD1769b1cC1Ac2A9b1f8365e90,0x3eE5e23eEE121094f1cFc0Ccc79d6C809Ebd22e5,0x940181a94A35A4569E4529A3CDfB74e38FD98631,18,18,18,46146071,57981681,4.6146071e-11,5.7981681e-11,104127752,0,413618684496749408,0.41361868449674943,0.0,0,0,0,nan,0
vAMM-WIF/WETH,1.4908546996353794e-08,0x0aCBE7A8486e77a0476142b54024BF487e5630B7,0x09e834dfa12d94C6366FBCc95C3523CFA77179B2,0x1fba65dE0a9cBD2D1DF82d141897042d36Bb6c86,0x4200000000000000000000000000000000000006,0x940181a94A35A4569E4529A3CDfB74e38FD98631,18,18,18,663757795982080913,115221401846111,0.663757795982081,0.000115221401846111,663873017383927024,0,100643835714827466,0.10064383571482748,0.0,0,0,0,nan,0
vAMM-WETH/RECORD,0.0010720556368716868,0x0AA3E62f4d97C404012352E881a2D0f2712c24A2,0x8351616F224a035Aa5ee6b9f74A68659701af3e9,0x4200000000000000000000000000000000000006,0xE642657E4F43e6DcF0bd73Ef24008394574Dee28,0x940181a94A35A4569E4529A3CDfB74e38FD98631,18,18,18,0,0,0.0,0.0,0,47524870639845,7237176863771969772150,7237.176863771971,2.1007198104326227e-21,15.203280809330417,0,15.203280809330417,476.02730979818756,1776902400
vAMM-EURC/APX,1.83483157583663e-08,0x642849BC08552c0F38628d4DD2058756A7aC78F9,0xF4Be61A42fd3e1e211c88A8EEF180019A8C46486,0x60a3E35Cc302bFA44Cb288Bc5a4F316Fdb1adb42,0xcacf1ca03983CE6c7E235fb20C70aCC70ed13509,0x940181a94A35A4569E4529A3CDfB74e38FD98631,18,6,18,157298,26690280371324578758524,0.157298,26690.280371324578,26690280371324578915822,0,123864845935719615,0.12386484593571961,0.0,0,0,0,nan,0
vAMM-WETH/PEGG,1.9967276554675503e-05,0x887de0c0AA6C1d5e781B17867b29734f84Dc1372,0x43dA0491ddb804A0437D4a7dFAeE1fEE1B41a856,0x4200000000000000000000000000000000000006,0x82B0E1A2374EA0198f62A48B14FFaB53DB6C1E36,0x940181a94A35A4569E4529A3CDfB74e38FD98631,18,18,18,0,0,0.0,0.0,0,885161369105,134794041413477425654,134.79404141347743,9.308132610773991e-20,12.546808126188091,0,12.546808126188091,10.743293438283406,1776902400
vAMM-PEGG/AERO,4.793788703401017e-05,0x3225b7a01F8f3e68D89292141E22F1C6829e08CD,0xC601B888DB7f9F1792c332C538736B8dd03c3279,0x82B0E1A2374EA0198f62A48B14FFaB53DB6C1E36,0x940181a94A35A4569E4529A3CDfB74e38FD98631,0x940181a94A35A4569E4529A3CDfB74e38FD98631,18,18,18,0,0,0.0,0.0,0,2125115340736,323616568961874693855,323.61656896187475,1.5628509515796964e-20,5.057644627490223,0,5.057644627490223,63.9856282513199,1776902400
vAMM-WETH/LRDS,0.29554735032873614,0x14f7Ce67e16c435C876AFF4092eb547584121312,0x2BED28EDa5B8902FF20256ac001aa6A4bEb1cEc2,0x4200000000000000000000000000000000000006,0xB676f87A6E701f0DE8De5Ab91B56b66109766DB1,0x940181a94A35A4569E4529A3CDfB74e38FD98631,18,18,18,4036401087170549,314900736446917095557,0.004036401087170549,314.9007364469171,314904772848004266106,13128225854415482,1995165523488819471791977,1995165.5234888194,0.0,0,0,0,nan,0
vAMM-APX/cbBTC,2.1937199748777234e-09,0xAA342cCCdc06A1adFF2b41ae046E214c9B197Bb5,0xD3756Dc2545ddBfa4798c9A75062e8491658b482,0xcacf1ca03983CE6c7E235fb20C70aCC70ed13509,0xcbB7C0000aB88B473b1f5aFd9ef808440eed33Bf,0x940181a94A35A4569E4529A3CDfB74e38FD98631,18,18,8,94253341790563445435142,1422,94253.34179056344,1.422e-05,94253341790563445436564,0,14809249540543866,0.014809249540543867,0.0,0,0,0,nan,0
vAMM-USDC/cbBTC,0.003540319187930531,0x9c38b55f9A9Aba91BbCEDEb12bf4428f47A6a0B8,0xEDC76895e053A9bbAC456B5a9c5B49144eee0080,0x833589fCD6eDb6E08f4c7C32D4f71b54bdA02913,0xcbB7C0000aB88B473b1f5aFd9ef808440eed33Bf,0x940181a94A35A4569E4529A3CDfB74e38FD98631,18,6,8,888343,2076,0.888343,2.076e-05,890419,156948556300737,23899800752902036565442,23899.800752902036,0.0,0,0,0,nan,0
vAMM-VIRTUAL/cbBTC,0.032762124204497624,0xb909F567c5c2Bb1A4271349708CC4637D7318b4A,0x8c44e7F913D0893Cd5A3CBBb2fCd59785a7801ab,0x0b3e328455c4059EEb9e3f84b5543F74E24e7E1b,0xcbB7C0000aB88B473b1f5aFd9ef808440eed33Bf,0x940181a94A35A4569E4529A3CDfB74e38FD98631,18,18,8,19004287308712841161,8372,19.00428730871284,8.372e-05,19004287308712849533,1405995568862313,221168826641030712036712,221168.8266410307,7.40014406244518e-21,1636.6811792655908,0,1636.6811792655908,135.13250438932354,1776902400
vAMM-fBOMB/cbBTC,0.0010454413986859335,0x3d36Cf85a0c275cF4894315a6c1D6C558D6d984C,0xA95EbEfbCB77Ae1daf0d2123784594F8ccE90274,0x74ccbe53F77b08632ce0CB91D3A545bF6B8E0979,0xcbB7C0000aB88B473b1f5aFd9ef808440eed33Bf,0x940181a94A35A4569E4529A3CDfB74e38FD98631,18,18,8,0,0,0.0,0.0,0,46345505307053,7057510863034451792687,7057.510863034451,5.338042272289127e-21,37.67329132401762,0,37.67329132401762,187.33459740309763,1776902400
vAMM-BRETT/cbBTC,3.9423488898369e-07,0xeC394d416D2FD269a051627DBBF1934A37a5D04E,0xD0c22E9B6A86381368B0b33928f12aE31dc7020F,0x532f27101965dd16442E59d40670FaF5eBB142E4,0xcbB7C0000aB88B473b1f5aFd9ef808440eed33Bf,0x940181a94A35A4569E4529A3CDfB74e38FD98631,18,18,8,142149611268827390356,6288,142.14961126882739,6.288e-05,142149611268827396644,0,2661380174045913717,2.6613801740459135,0.0,0,0,0,nan,0
vAMM-WETH/cbBTC,0.0935364488329789,0x2578365B3dfA7FfE60108e181EFb79FeDdec2319,0xAFdEBa12B6a870d6639d043030b4b49F9C7c62BB,0x4200000000000000000000000000000000000006,0xcbB7C0000aB88B473b1f5aFd9ef808440eed33Bf,0x940181a94A35A4569E4529A3CDfB74e38FD98631,18,18,8,5764342545075892,0,0.005764342545075892,0.0,5764342545075892,4196526663523226,631440944043511294383543,631440.9440435113,0.0,0,0,0,nan,0
vAMM-AERO/KLIMA,2.1331154189953746e-08,0xf597b0EE3D51Dab24c213199E02E1b7ab9d7B5e7,0x9C25C4681666fC54c45199F8bc51C736f95F27F0,0x940181a94A35A4569E4529A3CDfB74e38FD98631,0xDCEFd8C8fCc492630B943ABcaB3429F12Ea9Fea2,0x940181a94A35A4569E4529A3CDfB74e38FD98631,18,18,9,62061454660718161467,293051636495,62.06145466071816,293.051636495,62061454953769797962,0,144001234890725212,0.14400123489072522,0.0,0,0,0,nan,0
vAMM-cbBTC/KLIMA,0.00011792780794906484,0x6CD89bc86E4a418f7f11e453384904B4493C4077,0xC913c26A4e8a79604fcd3d5a44560F5bE38aE32c,0xcbB7C0000aB88B473b1f5aFd9ef808440eed33Bf,0xDCEFd8C8fCc492630B943ABcaB3429F12Ea9Fea2,0x940181a94A35A4569E4529A3CDfB74e38FD98631,18,8,9,0,0,0.0,0.0,0,5227862466535,796100849555503601136,796.1008495555036,0.0,0,0,0,nan,0
vAMM-WELS/PEGG,0.0003337173814531402,0x6D7Da1A335daBcA718E4ee5357041C96550D7563,0x076C466b97b7C0DAFacFDf855de150EB0E5adb58,0x7F62ac1e974D65Fab4A81821CA6AF659A5F46298,0x82B0E1A2374EA0198f62A48B14FFaB53DB6C1E36,0x940181a94A35A4569E4529A3CDfB74e38FD98631,18,18,18,6384885027225095565352,200103063697736196043,6384.885027225096,200.1030636977362,6584988090922831761395,0,2252841764014064006911,2252.8417640140638,0.0,0,0,0,nan,0
sAMM-DOLA/zunUSD,1.9511709482657235e-05,0x557c843afA9D8214534A2101D7B1200F1b0F6f6a,0x4C601a90a08A4660D439D8b22a11b739592263E3,0x4621b7A9c75199271F773Ebd9A499dbd165c3191,0xD5B9dDB04f20eA773C9b56607250149B26049B1F,0x940181a94A35A4569E4529A3CDfB74e38FD98631,18,18,18,3707670806605054901,9946207702829917764,3.707670806605055,9.946207702829918,13653878509434972665,0,131718623160813013160,131.71862316081302,0.0,0,0,0,nan,0
sAMM-tBTC/cbBTC,0.00346172683467911,0x488d6ea6064eEE9352fdCDB7BC50d98A7fF3AD4E,0x80AAd55965d1eA36bAf15Ae6Ed798145ec65916F,0x236aa50979D5f3De3Bd1Eeb40E81137F22ab794b,0xcbB7C0000aB88B473b1f5aFd9ef808440eed33Bf,0x940181a94A35A4569E4529A3CDfB74e38FD98631,18,18,8,0,0,0.0,0.0,0,153461953572767,23369243624094498482975,23369.2436240945,0.0,0,0,0,nan,0
vAMM-DAI/OX,4.815134495179344e-07,0xaCC2c24D1e380De50eD04bE8d68F4E985a28bf2F,0x2D8aC6651a090E085E3638c166851eF9E5688540,0x50c5725949A6F0c72E6C4a641F24049A917DB0Cb,0xba0Dda8762C24dA9487f5FA026a9B64b695A07Ea,0x940181a94A35A4569E4529A3CDfB74e38FD98631,18,18,18,8578982438098300823,2714778764574205593327,8.5789824380983,2714.7787645742055,2723357747012303894150,0,3250575694574067081,3.250575694574067,0.0,0,0,0,nan,0
vAMM-USDC/superOETHb,0.0018593281182326513,0x295e0F68384aC506b0C033592Eef9674da5e4f99,0x634639c606BE9877856Fd7A4eD215D7839133fc0,0x833589fCD6eDb6E08f4c7C32D4f71b54bdA02913,0xDBFeFD2e8460a6Ee4955A68582F85708BAEA60A3,0x940181a94A35A4569E4529A3CDfB74e38FD98631,18,6,18,0,0,0.0,0.0,0,82426768530235,12551854564843436064807,12551.854564843436,9.873727738024948e-22,12.39335945805497,0,12.39335945805497,1012.7887121587079,1776902400
vAMM-WETH/MOR,0.013864925498189616,0x1eB79B7111fC98BBcbe79dd8043c2C98bc5698bd,0xABB4aC5F627eb41440950043012BECF7E749d342,0x4200000000000000000000000000000000000006,0x7431aDa8a591C955a994a21710752EF9b882b8e3,0x940181a94A35A4569E4529A3CDfB74e38FD98631,18,18,18,0,0,0.0,0.0,0,614652676696212,93598610540611232496039,93598.61054061123,1.6544766430832489e-21,154.85671496448686,0,154.85671496448686,604.4207418585376,1776902400
sAMM-jEUR/EURC,0.010566084559662733,0xC75799e0646470128a42D07335aB3BFa9E8Ee7C2,0x533eb2cEf740654D09764334Bd86E62F0a253d1a,0x4154550f4Db74Dc38d1FE98e1F3F28ed6daD627d,0x60a3E35Cc302bFA44Cb288Bc5a4F316Fdb1adb42,0x940181a94A35A4569E4529A3CDfB74e38FD98631,18,18,6,0,479,0.0,0.000479,479,468410173400731,71328968465656073665015,71328.96846565607,0.0,0.0,0,0.0,nan,1776902400
vAMM-WETH/Silo,8.907083277648579e-05,0x57bd5C33c8002A634b389Ab4de5e09eC1C31Dce7,0x99c34f5E11d91BF19A40CE316C5fBEAb44259D23,0x4200000000000000000000000000000000000006,0xF734eFdE0C424BA2B547b186586dE417b0954802,0x940181a94A35A4569E4529A3CDfB74e38FD98631,18,18,18,81743270428922447,7821220142081981141461,0.08174327042892245,7821.220142081981,7821301885352410063908,0,601294697808709969488,601.29469780871,0.0,0,0,0,nan,0
vAMM-fBOMB/USX,1.3353958918107846e-06,0x49d88e65ef336487a0A513ba0738b85fccaeCCb0,0xfBeD71d6F9b3Fab9dd408C0D0183f1c8937AB53b,0x74ccbe53F77b08632ce0CB91D3A545bF6B8E0979,0xc142171B138DB17a1B7Cb999C44526094a4dae05,0x940181a94A35A4569E4529A3CDfB74e38FD98631,18,18,18,3812368235314859203,60203870121188416,3.8123682353148594,0.06020387012118841,3872572105436047619,0,9014920419979920279,9.014920419979921,0.0,0,0,0,nan,0
vAMM-WMTX/WETH,0.01020909374662916,0x1DDa8b6469df243971381f1f3F4137814ca68722,0xf2470b185647d1Fd0F432C223Ab0e80e0b23dCD3,0x3e31966d4f81C72D2a55310A6365A56A4393E98D,0x4200000000000000000000000000000000000006,0x940181a94A35A4569E4529A3CDfB74e38FD98631,18,6,18,0,0,0.0,0.0,0,452584242073823,68919013642597805940860,68919.01364259781,0.0,0,0,0,nan,0
vAMM-JARVIS/wstETH,1.1029351538056117e-10,0xa5061aa5eB2e8abCE384B36a855549e8D9C8cEd5,0xc498a9a90516Ca3aD2d096BbAFaD169E7583Aa04,0x777b2839832982B35213063d850848369390EE16,0xc1CBa3fCea344f92D9239c08C0568f6F2F0ee452,0x940181a94A35A4569E4529A3CDfB74e38FD98631,18,18,18,49247211619042995,40440742626,0.049247211619042996,4.0440742626e-08,49247252059785621,0,744563668416971,0.000744563668416971,0.0,0,0,0,nan,0
vAMM-BOTTO/WETH,0.41464990058018814,0x55F618171d851d57906431ce9FEEe96Dc6f3877e,0xc6fC7E3838BCb2B0CC6da0251c4F32b8865Ed725,0x24914CB6BD01E6a0CF2a9c0478e33c25926e6a0c,0x4200000000000000000000000000000000000006,0x940181a94A35A4569E4529A3CDfB74e38FD98631,18,18,18,128763713882061349911,3417972982728852,128.76371388206135,0.003417972982728852,128767131855044078763,18671506599871497,2799196761654133271804485,2799196.7616541334,8.655464857525944e-23,242.28349199797776,0,242.28349199797776,11553.394490770743,1776902400
vAMM-cbBTC/TAROT,0.04609293741174022,0x2E26a29f782e51296d9D31f78D4883462a2d339d,0xD9f451A489d622E46E77b74dBD95A5616bca41e2,0xcbB7C0000aB88B473b1f5aFd9ef808440eed33Bf,0xF544251D25f3d243A36B07e7E7962a678f952691,0x940181a94A35A4569E4529A3CDfB74e38FD98631,18,8,18,14,30373497688310628366,1.4e-07,30.37349768831063,30373497688310628380,2043342021944966,311161779992078869228528,311161.7799920789,4.387014793180848e-23,13.650713318977344,0,13.650713318977344,22794.54360524142,1776902400
vAMM-BAVA/USDC,1.2105056133697172e-06,0x2215Ae205C5F28af4103e77478D65AF1044559F6,0x73e01eC7c5b11dFDf9b140708AbB8e63f002F10f,0x3fbdE9864362CE4Abb244EbeF2EF0482ABA8eA39,0x833589fCD6eDb6E08f4c7C32D4f71b54bdA02913,0x940181a94A35A4569E4529A3CDfB74e38FD98631,18,18,6,105324786728414375509487,6357542,105324.78672841437,6.357542,105324786728414381867029,0,8171817690460003505,8.171817690460003,0.0,0,0,0,nan,0
vAMM-WETH/Neiro,2.531630138785814e-05,0xd661D3D5ad3D3DEB7E781f5C6823da8d3a3B0CE8,0xF8a98eaA0c0033DE1Fb0D9580e16A2b7343F439e,0x4200000000000000000000000000000000000006,0x5Ca35eBC4f25B042d2cAE75914c7e882E631fA9A,0x940181a94A35A4569E4529A3CDfB74e38FD98631,18,18,9,0,0,0.0,0.0,0,1122160668309,170903957200510852858,170.90395720051083,9.195943347698534e-21,1.5716231083133927,0,1.5716231083133927,108.74360162845822,1776902400
vAMM-ICL/WETH,7.457635864909488e-08,0xf8128cB2d1e3Eb8598BF8c5B4935893f92d9ea28,0xCFD3fEd4DC3D467772d1A4B6CE87B09aE0B75282,0x12c26138b666360AB2B7A1B149dF9Cf6642CDfBf,0x4200000000000000000000000000000000000006,0x940181a94A35A4569E4529A3CDfB74e38FD98631,18,18,18,38175751842168890373513,5423021028890663,38175.75184216889,0.005423021028890663,38175757265189919264176,0,503446163460813855,0.5034461634608138,0.0,0,0,0,nan,0
vAMM-USDC/TIMI,2.915986488643894e-05,0x029A7f478D7e2539615c69472E2027E1f37034C4,0xA2B3DddCBa94c47A0A257C41ab6Ed75BaE68a634,0x833589fCD6eDb6E08f4c7C32D4f71b54bdA02913,0x9bEec80e62aA257cED8b0edD8692f79EE8783777,0x940181a94A35A4569E4529A3CDfB74e38FD98631,18,6,18,4241758,5263747000157229497060,4.241758,5263.747000157229,5263747000157233738818,0,196850883712214580785,196.85088371221457,0.0,0,0,0,nan,0
vAMM-USDC/CARV,6.610863023218836e-05,0xbe54ED1762172820d088aa676a8E2947AeEB10b0,0xCe3Dff721ef6E293664da2Bb4Dcbca563aa43055,0x833589fCD6eDb6E08f4c7C32D4f71b54bdA02913,0xc08Cd26474722cE93F4D0c34D16201461c10AA8C,0x940181a94A35A4569E4529A3CDfB74e38FD98631,18,6,18,6438478,28023004967745720753,6.438478,28.02300496774572,28023004967752159231,0,446282667388571175326,446.28266738857116,0.0,0,0,0,nan,0
vAMM-WETH/TALENT,5.642554968038345e-08,0x53C1d63A83506623B866e880546FF87885b2120E,0x2b3197894d2D8D0355e344bda8Ece023a82C6251,0x4200000000000000000000000000000000000006,0x9a33406165f562E16C3abD82fd1185482E01b49a,0x940181a94A35A4569E4529A3CDfB74e38FD98631,18,18,18,3054710386352055,147674152326497024971,0.003054710386352055,147.67415232649702,147677207036883377026,0,380914635982986203,0.3809146359829862,0.0,0,0,0,nan,0
vAMM-WETH/VRTX,4.386943111144779e-06,0xe20eEb487186EC2e9272B9D2B5732d31e115d3e3,0x30cf555B45c81CEc2e5770CCE484De79f37e6eA6,0x4200000000000000000000000000000000000006,0xFB0c734Fc3008683c5efF45bcf8128836C4D97D0,0x940181a94A35A4569E4529A3CDfB74e38FD98631,18,18,18,3396881463832320,21915580004959496347773,0.00339688146383232,21915.580004959495,21915583401840960180093,0,29615145049100502613,29.6151450491005,0.0,0,0,0,nan,0
vAMM-WETH/YFI,3.24483077515391e-06,0xA5B1C80B6ddC11e751e405d9374265055762F66e,0x3DcB77970F4f6b6dCa82e845AAb2e2128fc280D6,0x4200000000000000000000000000000000000006,0x9EaF8C1E34F05a589EDa6BAfdF391Cf6Ad3CB239,0x940181a94A35A4569E4529A3CDfB74e38FD98631,18,18,18,0,0,0.0,0.0,0,143849580085,21905033101943243051,21.905033101943243,3.464926164373024e-21,0.07589932232638033,0,0.07589932232638033,288.60643851005386,1776902400
vAMM-WETH/SYRUP,0.0011155763665439446,0xFC42A013ebD8B160C35c6A0FE876DE4e42da262a,0x9b872778b8010F6Ebf9f230f13A7e97da09a762F,0x4200000000000000000000000000000000000006,0x688AEe022AA544f150678B8E5720b6b96a9E9a2F,0x940181a94A35A4569E4529A3CDfB74e38FD98631,18,18,18,0,0,0.0,0.0,0,49455642836378,7530974318909306936333,7530.974318909306,2.081987591735481e-21,15.67939508564774,0,15.67939508564774,480.3102592779771,1776902400
vAMM-WETH/AIXBT,3.7713243854756486e-05,0xF3E7E359b75a7223BA9D71065C57DDd4F5D8747e,0x97de0E89a077be1B2479164a876A82589eD2D3a2,0x4200000000000000000000000000000000000006,0x4F9Fd6Be4a90f2620860d680c0d4d5Fb53d1A825,0x940181a94A35A4569E4529A3CDfB74e38FD98631,18,18,18,0,0,0.0,0.0,0,1671900529822,254592585026537841326,254.59258502653785,0.0,0,0,0,nan,0
vAMM-fBOMB/USDC,1.1144851277005123,0xFf8e0bD2d8F02904e7e18Dd00ea50aeC68f37A10,0x0254263E74061b410Cbc33bf11fCe4A961ea8fE1,0x74ccbe53F77b08632ce0CB91D3A545bF6B8E0979,0x833589fCD6eDb6E08f4c7C32D4f71b54bdA02913,0x940181a94A35A4569E4529A3CDfB74e38FD98631,18,18,6,823230197778757364570,19956,823.2301977787573,0.019956,823230197778757384526,49407592947055863,7523607641062639952734447,7523607.641062641,1.096493267278274e-22,824.9585124068564,0,824.9585124068564,9119.983039040535,1776902400
vAMM-USDC/RECORD,2.085376082113412e-06,0x2508ec71d3E0f227D2AA3F190f055E288770Bb20,0xC27d16C68AD5C22Ff15d20117DA3a40b6A7e89cf,0x833589fCD6eDb6E08f4c7C32D4f71b54bdA02913,0xE642657E4F43e6DcF0bd73Ef24008394574Dee28,0x940181a94A35A4569E4529A3CDfB74e38FD98631,18,6,18,212073,223666285807100580908,0.212073,223.6662858071006,223666285807100792981,0,14077847282044555790,14.077847282044555,0.0,0,0,0,nan,0
vAMM-WETH/VIS,2.016862608350944e-05,0xDbdfAc0F9268EF02c34Ed58c9Fab3517a98444dc,0x018b51fe7a1B422447f069c360f5759f64E72dB6,0x4200000000000000000000000000000000000006,0xFc60AA1fFCA50Ce08b3cDeC9626c0Bb9E9b09BeC,0x940181a94A35A4569E4529A3CDfB74e38FD98631,18,18,18,247777187531895781,16223664394025101770529,0.2477771875318958,16223.664394025102,16223912171212633666310,0,136153301233108184956,136.15330123310818,0.0,0,0,0,nan,0
vAMM-EXTRA/cbBTC,0.0010581690133801322,0x112aAB1af0393325Ae24ba4cF4555783574E16F7,0x0c807068a3b80B56Ae3547Dc1Cee72F6f0D550B6,0x2dAD3a13ef0C6366220f989157009e501e7938F8,0xcbB7C0000aB88B473b1f5aFd9ef808440eed33Bf,0x940181a94A35A4569E4529A3CDfB74e38FD98631,18,18,8,29243878497816204977,0,29.243878497816205,0.0,29243878497816204977,46910974927179,7143431775557839527553,7143.4317755578395,0.0,0,0,0,nan,0
vAMM-HENLO/WETH,3.043630427038441e-07,0x9342001C286d21C7507694Cd52A9AA73C3d5ce56,0xeD34DbC85cb8D0dE1dFc53309B7837D8bda43Cba,0x23A96680Ccde03Bd4Bdd9a3e9a0Cb56A5D27F7c9,0x4200000000000000000000000000000000000006,0x940181a94A35A4569E4529A3CDfB74e38FD98631,18,18,18,290398852390544673664588774100684,40291182797842498973,290398852390544.7,40.2911827978425,290398852390584964847386616599657,0,2054678036366822742,2.0546780363668224,0.0,0,0,0,nan,0
vAMM-WETH/CHAMP,0.0008272052933142517,0x26029Ed89A19B919b5698F10cf776a4f4AEA1529,0xf2c38dE50A250C0060fB45eBE4504B67f6F1be3C,0x4200000000000000000000000000000000000006,0xEb6d78148F001F3aA2f588997c5E102E489Ad341,0x940181a94A35A4569E4529A3CDfB74e38FD98631,18,18,18,39630533302763,2025535375518004622,3.9630533302763e-05,2.0255353755180048,2025575006051307385,36671841911472,5584254029793550685786,5584.25402979355,8.470308724475389e-21,47.30035562824716,0,47.30035562824716,118.05945125830526,1776902400
vAMM-USDC/G,0.00042596349099522415,0x637E0567eDD057f865Afb4602F3B961909E09774,0x509C953cDC289C476EA19f124c3E5804d479a1fb,0x833589fCD6eDb6E08f4c7C32D4f71b54bdA02913,0x9C7BEBa8F6eF6643aBd725e45a4E8387eF260649,0x940181a94A35A4569E4529A3CDfB74e38FD98631,18,6,18,951368,118223575386768730408,0.951368,118.22357538676873,118223575386769681776,0,2875571953371623376189,2875.5719533716233,0.0,0,0,0,nan,0
vAMM-USDC/MCADE,0.00047069080323421564,0x1c3FCeA97a3161434901097878faF90227cD3394,0x918A82Cc55E919087944849812C44D07a7f2d5aD,0x833589fCD6eDb6E08f4c7C32D4f71b54bdA02913,0xc48823EC67720a04A9DFD8c7d109b2C3D6622094,0x940181a94A35A4569E4529A3CDfB74e38FD98631,18,6,18,12467967,4303538021962747927883,12.467967,4303.538021962748,4303538021962760395850,0,3177514742702320751075,3177.5147427023207,0.0,0,0,0,nan,0
vAMM-WETH/DOGE,8.554700741913384e-05,0x43Cdb48293FbDF1FA1dc56965AC97e0df211D7e8,0xE737086945b0288D09Dd18dCeE8C82971A0a0e04,0x4200000000000000000000000000000000000006,0x67f0870BB897F5E1c369976b4A2962d527B9562c,0x940181a94A35A4569E4529A3CDfB74e38FD98631,18,18,18,234849292859479,332931878985821764148,0.000234849292859479,332.93187898582175,332932113835114623627,0,577506242740633257730,577.5062427406333,0.0,0,0,0,nan,0
vAMM-wXCH/cbBTC,4.2917522191195844e-08,0x3C5512cE278640F9Dea87a9217d49dEcc79951D6,0x116b2bC100CBA7A4BF7b4A2b061a6651D9Cc71bf,0x36be1d329444aeF5D28df3662Ec5B4F965Cd93E9,0xcbB7C0000aB88B473b1f5aFd9ef808440eed33Bf,0x940181a94A35A4569E4529A3CDfB74e38FD98631,18,18,8,10163322458713726,68,0.010163322458713726,6.8e-07,10163322458713794,0,289725353768853210,0.28972535376885317,0.0,0,0,0,nan,0
vAMM-WETH/FAI,0.0033812462078725083,0x5447F7FE76894d98753A0A6d69B9cb840037c13D,0xC8A601c97574088a50A63fca15aF9448fd36579A,0x4200000000000000000000000000000000000006,0xb33Ff54b9F7242EF1593d2C9Bcd8f9df46c77935,0x940181a94A35A4569E4529A3CDfB74e38FD98631,18,18,18,16367192073946,26870459851642257177798,1.6367192073946e-05,26870.459851642256,26870459868009449251744,149899617121814,22825939237387262669794,22825.93923738726,2.5951313053595303e-21,59.236309489178126,0,59.236309489178126,385.3369569141935,1776902400
vAMM-fBOMB/uSOL,1.9565186021917396e-07,0xCDD9bc6a949d18868254372f505E2829B6A0dCa0,0xe849F5aFF4654012F025F93bD6A8357d3c549e65,0x74ccbe53F77b08632ce0CB91D3A545bF6B8E0979,0x9B8Df6E244526ab5F6e6400d331DB28C8fdDdb55,0x940181a94A35A4569E4529A3CDfB74e38FD98631,18,18,18,811031713656778902,94000358971674,0.811031713656779,9.4000358971674e-05,811125714015750576,0,1320796297722026642,1.3207962977220267,0.0,0,0,0,nan,0
vAMM-WETH/COOKIE,2.5512137400498757e-05,0xeD445A77E75F18B04818d940d0E490C15C6072B7,0x6cf5A745dd93e1Bf18f5893409b1B1DaCBe7cc11,0x4200000000000000000000000000000000000006,0xC0041EF357B183448B235a8Ea73Ce4E4eC8c265F,0x940181a94A35A4569E4529A3CDfB74e38FD98631,18,18,18,0,0,0.0,0.0,0,1131020751872,172225996664723527322,172.22599666472354,2.50322337787315e-21,0.43112014112863917,0,0.43112014112863917,399.4849236545739,1776902400
vAMM-INTX/USDC,1.2171929869083799e-05,0xA3fCbeF28465ddBAE92F5Bf6EF2D22a6C23ea160,0x5A303807a8EC667Be61f500bF09A8ACCF1B58303,0x7D27187eb33a7B1d99258FF222633670F84fa342,0x833589fCD6eDb6E08f4c7C32D4f71b54bdA02913,0x940181a94A35A4569E4529A3CDfB74e38FD98631,18,18,6,1774631771558623953456,100727345,1774.631771558624,100.727345,1774631771558724680801,0,82169624603663825649,82.16962460366382,0.0,0,0,0,nan,0
vAMM-AIXBT/AERO,3.2911374509034714e-06,0xEdBB53445B0Ff73852AB86C3605b3426CF9123c7,0xE741938F18152c16573465457636b5BA7078366C,0x4F9Fd6Be4a90f2620860d680c0d4d5Fb53d1A825,0x940181a94A35A4569E4529A3CDfB74e38FD98631,0x940181a94A35A4569E4529A3CDfB74e38FD98631,18,18,18,1639497896925896669802,196820836469997345327,1639.4978969258966,196.82083646999735,1836318733395894015129,0,22217637775475716303,22.217637775475716,0.0,0,0,0,nan,0
vAMM-USDC/MET,0.16779904506305196,0xdA9b1279A069A7166560f3D7f20B5b0237af8459,0x0472A241929cC4E34951bD761dFAc665c4692171,0x833589fCD6eDb6E08f4c7C32D4f71b54bdA02913,0x93dc5Cb35627A759848c7A7F0079EA7b49E435a5,0x940181a94A35A4569E4529A3CDfB74e38FD98631,18,6,18,0,0,0.0,0.0,0,7447973562897069,1132768976652187620074238,1132768.9766521875,8.178209879483855e-23,92.64022436029738,0,92.64022436029738,12227.61478045012,1776902400
vAMM-USDC/AUKI,0.009805329015690267,0x437846Bee5e09A17d4fd944e97fD29a54c30Ed7f,0x71dC14Ae59089140c2DD12cE22d1d0517226885D,0x833589fCD6eDb6E08f4c7C32D4f71b54bdA02913,0xF9569cFb8FD265e91aa478d86ae8c78b8AF55Df4,0x940181a94A35A4569E4529A3CDfB74e38FD98631,18,6,18,0,0,0.0,0.0,0,434627254300124,66193299912212544394946,66193.29991221255,0.0,0,0,0,nan,0
vAMM-cbBTC/CHAMP,0.00040940735153104123,0x32450CEBe156B2Ca77Dd517e0182409d89b723Ff,0xCFede447ca3b4885720B5a327e3BFb02078f06e8,0xcbB7C0000aB88B473b1f5aFd9ef808440eed33Bf,0xEb6d78148F001F3aA2f588997c5E102E489Ad341,0x940181a94A35A4569E4529A3CDfB74e38FD98631,18,8,18,0,0,0.0,0.0,0,18150294422716,2763805636995351769125,2763.805636995352,0.0,0,0,0,nan,0
vAMM-SKI/AERO,3.201319670726446e-07,0x9EFC401fc56c277aF2024659862A7a05892B5980,0x4A6dA782B6ca505fb82FD57784f39734D073D0D6,0x768BE13e1680b5ebE0024C42c896E3dB59ec0149,0x940181a94A35A4569E4529A3CDfB74e38FD98631,0x940181a94A35A4569E4529A3CDfB74e38FD98631,18,9,18,117,29531823889886401,1.17e-07,0.0295318238898864,29531823889886518,0,2161130062440271853,2.161130062440272,0.0,0,0,0,nan,0
vAMM-AERO/MORPHO,0.004016521630262196,0xd433B339c5C801228E1343C678Dc26213A7B8Aac,0x3B1A591878D6B27dE5116741BCbd5f48B547D204,0x940181a94A35A4569E4529A3CDfB74e38FD98631,0xBAa5CC21fd487B8Fcc2F632f3F4E8D37262a0842,0x940181a94A35A4569E4529A3CDfB74e38FD98631,18,18,18,0,0,0.0,0.0,0,178064829250970,27114523179222267109103,27114.523179222266,0.0,0,0,0,nan,0
vAMM-OX/cbBTC,8.656102620532444e-05,0xdC4260f59CBc870c6BE271100430C23FD632D33E,0x5AFCf03d8D37bcB6f3152C250F168bd70Fcb8119,0xba0Dda8762C24dA9487f5FA026a9B64b695A07Ea,0xcbB7C0000aB88B473b1f5aFd9ef808440eed33Bf,0x940181a94A35A4569E4529A3CDfB74e38FD98631,18,18,8,0,0,0.0,0.0,0,3837518074073,584351627482290169418,584.3516274822902,1.3965563186186267e-22,0.08160799576554703,0,0.08160799576554703,7160.47027010789,1776902400
vAMM-AERO/AUKI,0.00036370184653026144,0x16f7e8199B46Ff86D33be983Ee6c642d9c14A5ae,0x7a1b8b9a035b9B578714987D4887177daB22c709,0x940181a94A35A4569E4529A3CDfB74e38FD98631,0xF9569cFb8FD265e91aa478d86ae8c78b8AF55Df4,0x940181a94A35A4569E4529A3CDfB74e38FD98631,18,18,18,0,0,0.0,0.0,0,16124027992959,2455259315366105488447,2455.2593153661055,0.0,0,0,0,nan,0
sAMM-USR/USDC,0.00010014051271292,0xd3eE0a3B349237D68517DF30bFB66Be971f46Ad9,0xBbebd633E692C892EAa6DDfbbD1517bEb3F0358A,0x35E5dB674D8e93a03d814FA0ADa70731efe8a4b9,0x833589fCD6eDb6E08f4c7C32D4f71b54bdA02913,0x940181a94A35A4569E4529A3CDfB74e38FD98631,18,18,6,0,0,0.0,0.0,0,4439538720015,676023311483180271736,676.0233114831802,1.4325903300308648e-20,9.684644589062474,0,9.684644589062474,69.80362627314783,1776902400
vAMM-MET/cbBTC,0.030387396403078325,0x5aAc53d1b18F1eAf908C223a94916B339B74309F,0x72Ee712cA4Ea8E2D3d91E0846d04EDf31485c435,0x93dc5Cb35627A759848c7A7F0079EA7b49E435a5,0xcbB7C0000aB88B473b1f5aFd9ef808440eed33Bf,0x940181a94A35A4569E4529A3CDfB74e38FD98631,18,18,8,0,0,0.0,0.0,0,1347176199634919,205137638975865847445528,205137.63897586585,2.5661443963595715e-21,526.4128027403509,0,526.4128027403509,389.68968442252805,1776902400
vAMM-VIRTUAL/AIXBT,0.0006202991254873791,0xeb3458046d3aA2fdbBbF4FEe58C755744ec42ce2,0xBE208720227e7b8832BC3DE3B75E02C187783BD8,0x0b3e328455c4059EEb9e3f84b5543F74E24e7E1b,0x4F9Fd6Be4a90f2620860d680c0d4d5Fb53d1A825,0x940181a94A35A4569E4529A3CDfB74e38FD98631,18,18,18,0,0,0.0,0.0,0,27499961083414,4187482743614877664403,4187.482743614877,1.501852520306733e-21,6.288981512238957,0,6.288981512238957,665.8443398928168,1776902400
vAMM-WETH/HEU,0.0008655883034211175,0xF930E1342fC23c5c7BceaE58cBbc776Eeb4cFb87,0xa936fcE0237cA8F36d66BC2605B0f28584f8036b,0x4200000000000000000000000000000000000006,0xEF22cb48B8483dF6152e1423b19dF5553BbD818b,0x940181a94A35A4569E4529A3CDfB74e38FD98631,18,18,18,0,0,0.0,0.0,0,38374461095099,5843368037642924168889,5843.368037642924,7.043310827011087e-21,41.156657365740934,0,41.156657365740934,141.97868368452538,1776902400
vAMM-WETH/ANZ,0.01980351281381871,0xE4faa73134C66832c272f067adC401f0963A9D7a,0xED2fE03dE7F663CC1265bCfF93af9f15Ff60AcC1,0x4200000000000000000000000000000000000006,0xeeC468333ccc16D4BF1cEf497A56cf8C0aAe4Ca3,0x940181a94A35A4569E4529A3CDfB74e38FD98631,18,18,18,0,0,0.0,0.0,0,877968409922235,133688513756431588180996,133688.51375643158,3.57327752855335e-22,47.77061620315524,0,47.77061620315524,2798.5511676862457,1776902400
vAMM-BTCB/MIGGLES,6.70523751311412e-08,0x45b09f8238B10555b0D4A46692e75afbD77faC25,0x432Dcaa35D9cD4d2b421e3815a372Dc135Be1845,0x0c41F1FC9022FEB69aF6dc666aBfE73C9FFDA7ce,0xB1a03EdA10342529bBF8EB700a06C60441fEf25d,0x940181a94A35A4569E4529A3CDfB74e38FD98631,18,18,18,1604026898471997906,8401470243220538976,1.6040268984719979,8.401470243220539,10005497141692536882,0,452653650864703704,0.45265365086470366,0.0,0,0,0,nan,0
vAMM-WETH/CXT,0.002258741930887245,0x923BeBD9FbCAf0F85251a3d5A11BF5BFAa19942F,0x8D4b9bB3d47f27634511fb62e93CEB03e569bC26,0x4200000000000000000000000000000000000006,0xB1E1f3Cc2B6fE4420C1Ac82022b457018Eb628ff,0x940181a94A35A4569E4529A3CDfB74e38FD98631,18,18,18,0,0,0.0,0.0,0,100139004636690,15248196344687794638081,15248.196344687794,1.4672158917029164e-21,22.37239599673225,0,22.37239599673225,681.5629558369595,1776902400
vAMM-WETH/MCADE,0.0008089486393608541,0x2b4A56fC7F4b78b7E27801Df979d350AFDFA26b5,0x3cC1Cf416751439bd4c8232E0B2023BF6CC2c94e,0x4200000000000000000000000000000000000006,0xc48823EC67720a04A9DFD8c7d109b2C3D6622094,0x940181a94A35A4569E4529A3CDfB74e38FD98631,18,18,18,308835104441599957,301472923181326233602005,0.30883510444159995,301472.92318132624,301473232016430675201962,0,5461007969554576946676,5461.007969554576,0.0,0,0,0,nan,0
vAMM-WETH/AIXCB,0.00019972568473608515,0x19C3c7EEfb070EE00ddE367A9768De1DF52cbE5d,0x8D02e0814526448e6be0Faca8e00925691Cda345,0x4200000000000000000000000000000000000006,0x76C71F1703Fbf19FFdcF3051E1e684Cb9934510f,0x940181a94A35A4569E4529A3CDfB74e38FD98631,18,18,18,0,0,0.0,0.0,0,8854633190431,1348297658217541222428,1348.297658217541,1.1365518767040494e-20,15.324102338028213,0,15.324102338028213,87.98542508239537,1776902400
vAMM-WETH/SAINT,0.0013072061313314418,0x971342176D5580cCf41d028D8bdf9DA71946fFDb,0x8890a5c5698e2ec7Fd9B496b7c661B14c8D68AeD,0x4200000000000000000000000000000000000006,0x7588880d9c78E81FAde7b7e8DC0781E95995a792,0x940181a94A35A4569E4529A3CDfB74e38FD98631,18,18,18,19112011063720337,46019373291475075617562,0.019112011063720336,46019.37329147507,46019392403486139337899,0,8824618466126390386301,8824.61846612639,0.0,0,0,0,nan,0
vAMM-WETH/SYMM,0.048524896321235876,0x3eB2a8015dE1419a5089dAb37b0056F0fc24f821,0x925bC135a96716D48aD5FE9AB553076146147785,0x4200000000000000000000000000000000000006,0x800822d361335b4d5F352Dac293cA4128b5B605f,0x940181a94A35A4569E4529A3CDfB74e38FD98631,18,18,18,0,0,0.0,0.0,0,2151301461782507,327579320414519338868606,327579.32041451934,2.1444306678812556e-21,702.4711408605956,0,702.4711408605956,466.3242393320283,1776902400
vAMM-cbETH/SPECTRA,0.006155973622386201,0xEf70044C0249a07234E07D673606e09b364dC977,0xeF495e3a8345e2E2683745Fa472640C8D360b55b,0x2Ae3F1Ec7F1F5012CFEab0185bfc7aa3cf0DEc22,0x64FCC3A02eeEba05Ef701b7eed066c6ebD5d4E51,0x940181a94A35A4569E4529A3CDfB74e38FD98631,18,18,18,0,0,0.0,0.0,0,272918770704066,41557423273225426479831,41557.423273225424,0.0,0,0,0,nan,0
vAMM-cbBTC/DEUS,0.0436773903453813,0x982534133b2B71Ab012404256Be316344Bb9f261,0x0Cf6C003718eBEe0F5C7a6C1445Cc73FE3e8fbEc,0xcbB7C0000aB88B473b1f5aFd9ef808440eed33Bf,0xDE5ed76E7c05eC5e4572CfC88d1ACEA165109E44,0x940181a94A35A4569E4529A3CDfB74e38FD98631,18,8,18,0,0,0.0,0.0,0,1936417880346217,294855031777949206808379,294855.0317779492,0.0,0,0,0,nan,0
vAMM-USR/USDC,4.840612307250427e-08,0x8E5a94965005FF2eB41B69B9ADf41273f38d872a,0x2d1102727dFB75aDa41272761C132c47fAECfEdC,0x35E5dB674D8e93a03d814FA0ADa70731efe8a4b9,0x833589fCD6eDb6E08f4c7C32D4f71b54bdA02913,0x940181a94A35A4569E4529A3CDfB74e38FD98631,18,18,6,239846669611403406804,73429996,239.8466696114034,73.429996,239846669611476836800,0,326777512207751551,0.32677751220775153,0.0,0,0,0,nan,0
vAMM-WETH/ODOS,5.723117130891497e-06,0xd085Ef129A79d1fDE3912cD288A0F9558b33A282,0x5e6334757f1ae0054EFd7E6f33f56F5a54799597,0x4200000000000000000000000000000000000006,0xca73ed1815e5915489570014e024b7EbE65dE679,0x940181a94A35A4569E4529A3CDfB74e38FD98631,18,18,18,22034326595334247,15147978363970990600079,0.022034326595334247,15147.978363970991,15148000398297585934326,0,38635318414264708257,38.6353184142647,0.0,0,0,0,nan,0
vAMM-eBTC/cbBTC,3.502638504242415e-08,0x14048DFa85509B75d3951F318152Ec363999eAC0,0xC8360CBb1b81eDB6dC8107FDF37BDAe0759F3dAc,0x657e8C867D8B37dCC18fA4Caead9C45EB088C642,0xcbB7C0000aB88B473b1f5aFd9ef808440eed33Bf,0x940181a94A35A4569E4529A3CDfB74e38FD98631,18,8,8,86693,86649,0.00086693,0.00086649,173342,0,236454279733376232,0.2364542797333762,0.0,0,0,0,nan,0
vAMM-VIRTUAL/GAME,2.6697526527792143e-05,0x9f7700b6030471D89c643f30b2315A670Ab13bB4,0x08d745c2193617D1d50c8703907605d7903343d8,0x0b3e328455c4059EEb9e3f84b5543F74E24e7E1b,0x1C4CcA7C5DB003824208aDDA61Bd749e55F463a3,0x940181a94A35A4569E4529A3CDfB74e38FD98631,18,18,18,31795611901679000308,1458699083203434670505,31.795611901679,1458.6990832034346,1490494695105113670813,0,180228259300689054490,180.22825930068905,0.0,0,0,0,nan,0
vAMM-WETH/GEKKO,7.175319810248723e-08,0x1977911144b93b6f949dECFF7D7EA7E081F7F08C,0xd4c7c645D4B4e991D0eF00D652CA32e472033a95,0x4200000000000000000000000000000000000006,0xf7b0dd0B642a6ccc2fc4d8FfE2BfFb0caC8C43C8,0x940181a94A35A4569E4529A3CDfB74e38FD98631,18,18,18,148133523655942366,260521418154823885164195,0.14813352365594237,260521.41815482388,260521566288347541106561,0,484387719581685061,0.4843877195816851,0.0,0,0,0,nan,0
vAMM-AERO/FAI,3.502638504242415e-08,0xfF231D3b278D3C56c5B12e6B79BE9B3D88c0F53b,0x3592697e4C319B3640A0D3b3380A78843557fBd0,0x940181a94A35A4569E4529A3CDfB74e38FD98631,0xb33Ff54b9F7242EF1593d2C9Bcd8f9df46c77935,0x940181a94A35A4569E4529A3CDfB74e38FD98631,18,18,18,214858612259260033,6873625922368476340,0.21485861225926003,6.873625922368476,7088484534627736373,0,236454279733376232,0.2364542797333762,0.0,0,0,0,nan,0
vAMM-Anon/USDC,0.008626745666696247,0x3667af77FF1481aca513d2C97A32C0ac31ba813D,0x0c41ADAA6489213FE6ab44A4794a8212e84a6eF4,0x79bbF4508B1391af3A0F4B30bb5FC4aa9ab0E07C,0x833589fCD6eDb6E08f4c7C32D4f71b54bdA02913,0x940181a94A35A4569E4529A3CDfB74e38FD98631,18,18,6,0,0,0.0,0.0,0,382462972858366,58236981366790530747884,58236.98136679053,2.8193962807558293e-21,164.19312866797577,0,164.19312866797577,354.68586194343635,1776902400
vAMM-WETH/FLOCK,0.03017868156369211,0x4910C78a1C75E36548F1f2f1f4dCb71A4F69fC07,0x35388feDFe7C0d8EA803f2Ae5534F357b0b361ff,0x4200000000000000000000000000000000000006,0x5aB3D4c385B400F3aBB49e80DE2fAF6a88A7B691,0x940181a94A35A4569E4529A3CDfB74e38FD98631,18,18,18,3740275188939957,84621043751967532063,0.003740275188939957,84.62104375196753,84624784027156472020,1337874488114558,203728657804758413758801,203728.6578047584,3.2589037250601995e-21,663.9320818214419,0,663.9320818214419,306.8516545334667,1776902400
vAMM-ATH/AERO,6.70523751311412e-08,0xBc91c004F5373e3D048d22579209e865007AC4B5,0x93795d7b30d50179bC409a21C5F2184638697eC3,0x58D75a1c4477914f9a98A8708fEaeD1DbE40b8a3,0x940181a94A35A4569E4529A3CDfB74e38FD98631,0x940181a94A35A4569E4529A3CDfB74e38FD98631,18,18,18,39279,21968,3.9279e-14,2.1968e-14,61247,0,452653650864703704,0.45265365086470366,0.0,0,0,0,nan,0
vAMM-WETH/VEIL,0.6465526517189301,0xf207d02BECD4417aAA3383804b6B87b17602c86D,0xd2eBB7D16503BF671142e031A2FDC0cE9ce9253f,0x4200000000000000000000000000000000000006,0x767A739D1A152639e9Ea1D8c1BD55FDC5B217D7f,0x940181a94A35A4569E4529A3CDfB74e38FD98631,18,18,18,150421380021525,1275468860191735376296,0.000150421380021525,1275.4688601917353,1275469010613115397821,28664627292829774,4364713669045058872458695,4364713.669045059,0.0,0,0,0,nan,0
vAMM-1000X/WETH,0.0017959158732983001,0x23dA62CE083687cD72EBCBA36eEc6752fa51B715,0x7d1a8AA63DBA54E39b141098f16Dd9EccB5aDE62,0x352b850b733ab8baB50aED1Dab5D22E3186ce984,0x4200000000000000000000000000000000000006,0x940181a94A35A4569E4529A3CDfB74e38FD98631,18,18,18,0,0,0.0,0.0,0,79618506450591,12123774513645817060725,12123.774513645816,0.0,0,0,0,nan,0
vAMM-WETH/DRV,0.01966082780645902,0xaC4e562d7C6108f971321F14238E24AE2cC398ac,0x9788Bd681f47986d1008939A79f630ecA207351A,0x4200000000000000000000000000000000000006,0x9d0E8f5b25384C7310CB8C6aE32C8fbeb645d083,0x940181a94A35A4569E4529A3CDfB74e38FD98631,18,18,18,0,0,0.0,0.0,0,871654148880743,132725283305926270989993,132725.28330592628,0.0,0,0,0,nan,0
vAMM-BNKR/wBLT,0.0017955333347605927,0x17c9A4b6CAD28F5074C81B056C32bAD334329f25,0x378d2D0f69C0c838DF8019f62De8a891655381B9,0x22aF33FE49fD1Fa80c7149773dDe5890D3c76F3b,0x4E74D4Db6c0726ccded4656d0BCE448876BB4C7A,0x940181a94A35A4569E4529A3CDfB74e38FD98631,18,18,18,0,0,0.0,0.0,0,79605233474374,12121192092585398262484,12121.192092585397,5.434516380277474e-22,6.587281697564514,0,6.587281697564514,1840.0901387087958,1776902400
vAMM-USDC/SEND,0.0008963408272917834,0x69bc1d350fE13F499c6AedEd2C5eA9471b2a599A,0x342D92F92b2365e15126b852A56820427Af56900,0x833589fCD6eDb6E08f4c7C32D4f71b54bdA02913,0xEab49138BA2Ea6dd776220fE26b7b8E446638956,0x940181a94A35A4569E4529A3CDfB74e38FD98631,18,6,18,0,0,0.0,0.0,0,39730859827298,6050970559941882649885,6050.970559941883,0.0,0,0,0,nan,0
vAMM-WETH/BID,0.03633838714302373,0x74F22A01Da78294f8dF640C98A414FE209e33f60,0x1AEeafdeAB8D8F99853CD5B7a8844cC4ffe0fC70,0x4200000000000000000000000000000000000006,0xa1832f7F4e534aE557f9B5AB76dE54B1873e498B,0x940181a94A35A4569E4529A3CDfB74e38FD98631,18,18,18,0,0,0.0,0.0,0,1615566254353258,245311274576840721806698,245311.27457684072,0.0,0,0,0,nan,0
sAMM-Bold/USDC,2.874008340587574e-06,0xeb754F9750e1d2CD87835592d37eE9f15c217b50,0xc6081F7DA8762D5f76E1897Bf6dcC773aa62Ae7c,0x087C440F251Ff6Cfe62B86DdE1bE558B95b4bb9b,0x833589fCD6eDb6E08f4c7C32D4f71b54bdA02913,0x940181a94A35A4569E4529A3CDfB74e38FD98631,18,18,6,451998887737778464,401716,0.45199888773777847,0.401716,451998887738180180,0,19401704495004265347,19.401704495004267,0.0,0,0,0,nan,0
vAMM-WETH/VVV,3.4999448275830285,0x01784ef301D79e4B2DF3a21ad9a536d4cF09A5Ce,0x37a70295FCefebBB0a29735A53E2e6786A02F930,0x4200000000000000000000000000000000000006,0xacfE6019Ed1A7Dc6f7B508C02d1b04ec88cC21bf,0x940181a94A35A4569E4529A3CDfB74e38FD98631,18,18,18,66101067363586065,10331825998030972520,0.06610106736358606,10.331825998030972,10397927065394558585,155173115935327210,23627243642480804364673800,23627243.642480806,2.3144884534599894e-22,5468.498259760777,0,5468.498259760777,4320.609154498367,1776902400
vAMM-AERO/uADA,9.530723034371258e-07,0xa65bC40C8368Ac2f814b13caCC75a47A30a2ac81,0x6a1a65e681FB4a3DE02556c418f580ade8397e18,0x940181a94A35A4569E4529A3CDfB74e38FD98631,0xa3A34A0D9A08CCDDB6Ed422Ac0A28a06731335aA,0x940181a94A35A4569E4529A3CDfB74e38FD98631,18,18,18,11408842279373097503,13888822364009966904,11.408842279373097,13.888822364009966,25297664643383064407,0,6433950428230047049,6.433950428230046,0.0,0,0,0,nan,0
vAMM-wIRON/USDC,0.0008943277502126917,0x9941dfa4d724fd7a2E5E5d9777560b20de98cE0d,0x9d21b1fc0Ccd64Cff8bDf29F45eb426f97f47680,0x166e70941262AE7cBf9df5c8897A6242c546457d,0x833589fCD6eDb6E08f4c7C32D4f71b54bdA02913,0x940181a94A35A4569E4529A3CDfB74e38FD98631,18,8,6,0,0,0.0,0.0,0,39641104578322,6037380784970590167599,6037.380784970591,0.0,0,0,0,nan,0
vAMM-Bold/POOL,3.6979602440079636e-06,0x72cCcbd837E15500169323d3cC3FCC266db03700,0x191863cC6560E877B09dD3d7847DFD4CB84d6575,0x087C440F251Ff6Cfe62B86DdE1bE558B95b4bb9b,0xd652C5425aea2Afd5fb142e120FeCf79e18fafc3,0x940181a94A35A4569E4529A3CDfB74e38FD98631,18,18,18,9330489210074950973,43513268904410216904,9.330489210074951,43.51326890441022,52843758114485167877,0,24963995711247023403,24.963995711247023,0.0,0,0,0,nan,0
sAMM-USDC/cUSDO,3.999733365700289e-05,0x5feDe9d65714907381A76AA9bF949219dD1c5023,0x78Fff283c03557ca8BBa0A134386b717e04490dc,0x833589fCD6eDb6E08f4c7C32D4f71b54bdA02913,0x83dB73EF5192de4B6a4c92bD0141Ba1a0Dc87c65,0x940181a94A35A4569E4529A3CDfB74e38FD98631,18,6,18,0,0,0.0,0.0,0,1772883024119,270011898449329590225,270.0118984493296,1.0234278319683408e-21,0.27633769183565315,0,0.27633769183565315,977.1084670198168,1776902400
vAMM-USDC/SQD,0.01721966998567994,0xa6C7Fbd1b4c71673DFDaDfaa9D17F14833D3245E,0x1EfB3Df7B4cc8C41dA408be577732cb1E8Af1546,0x833589fCD6eDb6E08f4c7C32D4f71b54bdA02913,0xd4554BEa546EFa83C1E6B389ecac40EA999B3E78,0x940181a94A35A4569E4529A3CDfB74e38FD98631,18,6,18,0,0,0.0,0.0,0,762040457870291,116245643356537212304990,116245.64335653721,0.0,0,0,0,nan,0
vAMM-WETH/RIZ,7.859600872273317e-05,0x04B27c418aaAD06539210ae9A0298076904Cd70B,0x055Ea0Fde71dDe3A4bb80856f5768016E99DCB3c,0x4200000000000000000000000000000000000006,0x67543CF0304C19CA62AC95ba82FD4F4B40788dc1,0x940181a94A35A4569E4529A3CDfB74e38FD98631,18,18,8,8948193431384974,1246711439086,0.008948193431384975,12467.11439086,8949440142824060,0,530581805971199915743,530.5818059711999,0.0,0,0,0,nan,0
vAMM-WETH/KTA,0.004022408126235016,0xd9eDC75a3a797Ec92Ca370F19051BAbebfb2edEe,0x0e62c181134Ca74837694a7D6d7501C3D4fe6363,0x4200000000000000000000000000000000000006,0xc0634090F2Fe6c6d75e61Be2b949464aBB498973,0x940181a94A35A4569E4529A3CDfB74e38FD98631,18,18,18,12613127459106004,109818421605095933851,0.012613127459106003,109.81842160509593,109831034732555039855,178295130679880,27154261426938115597695,27154.26142693812,3.441271212814882e-21,93.4451781537717,0,93.4451781537717,290.59029008702356,1776902400
vAMM-DRB/WETH,7.433135350892667e-06,0xDb6556a14976894a01085c2AbF3c85C86D1C15C8,0x0d3205883Db8C717E79C131046e21aB3C1A3eBAD,0x3ec2156D4c0A9CBdAB4a016633b7BcF6a8d68Ea2,0x4200000000000000000000000000000000000006,0x940181a94A35A4569E4529A3CDfB74e38FD98631,18,18,18,0,0,0.0,0.0,0,329515357085,50179219563400902816,50.179219563400906,2.6088909087975558e-20,1.3091210972951308,0,1.3091210972951308,38.330464360462756,1776902400
vAMM-USDC/AITECH,0.007271120887726,0x95b9662f58d638b65Ac957ACb1365697c34c832b,0x018F92c3FeF19f88a03D4d9E700Afe9FAd496D60,0x833589fCD6eDb6E08f4c7C32D4f71b54bdA02913,0xD71552d9e08E5351AdB52163B3bbbC4d7DE53Ce1,0x940181a94A35A4569E4529A3CDfB74e38FD98631,18,6,18,0,0,0.0,0.0,0,290397979291999,49085500838272292936983,49085.500838272295,0.0,0,0,0,nan,0
vAMM-BNKR/USDC,1.3497904859840796e-05,0xbd583f38ea4A388E938E7cC5Aa993CCCb91A704e,0xa8d13F77c9598cF68237d6e547ef84242592252B,0x22aF33FE49fD1Fa80c7149773dDe5890D3c76F3b,0x833589fCD6eDb6E08f4c7C32D4f71b54bdA02913,0x940181a94A35A4569E4529A3CDfB74e38FD98631,18,18,6,182366473497380432309627,92182474,182366.47349738044,92.182474,182366473497380524492101,0,91120946899817542198,91.12094689981754,0.0,0,0,0,nan,0
vAMM-VIRTUAL/cbETH,1.402005632226362e-10,0x1e9282580BC3713a9B258c17BE4cA3F320AB70af,0x004c4149aFDA0aCaC8781b13f84E62f373b61B24,0x0b3e328455c4059EEb9e3f84b5543F74E24e7E1b,0x2Ae3F1Ec7F1F5012CFEab0185bfc7aa3cf0DEc22,0x940181a94A35A4569E4529A3CDfB74e38FD98631,18,18,18,2870085939125,1246133066,2.870085939125e-06,1.246133066e-09,2871332072191,0,946458595566440,0.00094645859556644,0.0,0,0,0,nan,0
vAMM-STPT/USDC,8.593805351319228e-05,0x3B85f7EaBBD2548CC5AfFb7BdF4bd2ca063404ad,0x12Cfd0322fF97062A06d36E70e24F1691a7b6517,0x4489d0a0345eCB216A3994De780d453c7fA6312C,0x833589fCD6eDb6E08f4c7C32D4f71b54bdA02913,0x940181a94A35A4569E4529A3CDfB74e38FD98631,18,18,6,50426152715321353881357,2957153923,50426.152715321354,2957.153923,50426152715324311035280,0,580146096165448435702,580.1460961654484,0.0,0,0,0,nan,0
vAMM-WETH/OVER,0.05391716703240275,0xB452f81D9322936C2c8Ac6445f6892cB957aFB4c,0x07005714c9b5DEac0449B1f4054d8000b210C97C,0x4200000000000000000000000000000000000006,0x7750C092e284e2c7366f50C8306F43c7EB2e82a2,0x940181a94A35A4569E4529A3CDfB74e38FD98631,18,18,18,117384873735284,0,0.000117384873735284,0.0,117384873735284,2389935382727068,363981178202356321031219,363981.17820235627,7.891843175308877e-22,287.24823771371496,0,287.24823771371496,1267.1311096610345,1776902400
sAMM-msUSD/USDT,1.2773659650594153e-06,0x5bD7A6393Bc746E9a9a8481A1e4b1dc5792bb242,0x4804726Db38Cd188Ee52B7E3e6aBdB6124552A9f,0x526728DBc96689597F85ae4cd716d4f7fCcBAE9d,0xfde4C96c8593536E31F229EA8f37b2ADa2699bb2,0x940181a94A35A4569E4529A3CDfB74e38FD98631,18,18,6,385609292382403,371,0.000385609292382403,0.000371,385609292382774,0,8623175039565808349,8.623175039565808,0.0,0,0,0,nan,0
vAMM-WETH/ZENT,9.430160878313152e-05,0x82bdbC291762b478dE875E44fFF7b9717651bfe5,0xc771e723363c5434E4f69694F3404008F675410C,0x4200000000000000000000000000000000000006,0xdf49c226ED9CF05Be0e38cdb86Df4E8A945158B1,0x940181a94A35A4569E4529A3CDfB74e38FD98631,18,18,18,0,0,0.0,0.0,0,4180018422396,636606345630772611298,636.6063456307726,7.417787058064155e-23,0.047222103117014615,0,0.047222103117014615,13481.109556965002,1776902400
vAMM-cbBTC/EDGE,0.021935430950649783,0x594b83709464A83F37aC77E69DDD447a8A33c0EE,0x6e64524E3620C0Cd6af727B3D9Bd998396441aD0,0xcbB7C0000aB88B473b1f5aFd9ef808440eed33Bf,0xED6E000dEF95780fb89734c07EE2ce9F6dcAf110,0x940181a94A35A4569E4529A3CDfB74e38FD98631,18,8,18,0,100469131540652685962,0.0,100.46913154065268,100469131540652685962,972286143349159,148080554695978809899669,148080.55469597882,5.455507369831874e-21,807.8545574727043,0,807.8545574727043,183.30100799237263,1776902400
vAMM-ZORA/WETH,2.6500737923225502e-08,0x84e6bEA6Efe00399B6697fE9BE3D303FCf3F4f8e,0x9e2f066e89B669e1b5cdb7b9e6e4b2B14ec02255,0x1111111111166b7FE7bd91427724B487980aFc69,0x4200000000000000000000000000000000000006,0x940181a94A35A4569E4529A3CDfB74e38FD98631,18,18,18,1538645035849801078156,15736891727510833,1538.6450358498012,0.015736891727510832,1538660772741528588989,0,178899789128954746,0.17889978912895474,0.0,0,0,0,nan,0
vAMM-WETH/KING,5.655242695969872e-05,0xdc5f7C7916C7792603FDc17F05f7929b423015ac,0x58dA2a684342294d3E4991924Ce59a80538f8432,0x4200000000000000000000000000000000000006,0xE22C243c7559C667a1EB94B593369D192c5fbac0,0x940181a94A35A4569E4529A3CDfB74e38FD98631,18,18,18,0,0,0.0,0.0,0,2506746062693,381771152453603577966,381.7711524536036,3.736649287113015e-21,1.426544904656072,0,1.426544904656072,267.6194427581972,1776902400
vAMM-WETH/JKL,0.00020715268712548265,0xF3706dc080C93d0cb597a1ec57dCA1Ffeef06c84,0x80EAe3cB7018AD3F26804Ac4A0Be5eb8fF00c05b,0x4200000000000000000000000000000000000006,0x4eeD0d2deb4C588393c80869B122327581B0D98e,0x940181a94A35A4569E4529A3CDfB74e38FD98631,18,18,6,0,0,0.0,0.0,0,9182383141574,1398435475706728196119,1398.435475706728,0.0,0,0,0,nan,0
vAMM-AERO/TOWER,0.00047183828148347767,0x41fe2f2FD39E87E7e92a62E04e689bE807066A44,0xaB0666D38CB5983570c5106E5eD39523AF38f099,0x940181a94A35A4569E4529A3CDfB74e38FD98631,0xf7C1CEfCf7E1dd8161e00099facD3E1Db9e528ee,0x940181a94A35A4569E4529A3CDfB74e38FD98631,18,18,18,0,0,0.0,0.0,0,20915006904152,3185261078574844541118,3185.2610785748448,3.503637660683217e-21,11.160000674003271,0,11.160000674003271,285.41764213283335,1776902400
vAMM-AERO/CHAMP,0.0007000606960622192,0x48a346A833775ed92bF52Dd598246e5a71f3d4A5,0x987fe7bBbfa94404d8F38D3B6F52e8c912d4F36A,0x940181a94A35A4569E4529A3CDfB74e38FD98631,0xEb6d78148F001F3aA2f588997c5E102E489Ad341,0x940181a94A35A4569E4529A3CDfB74e38FD98631,18,18,18,0,0,0.0,0.0,0,31031340325827,4725932963294510473462,4725.932963294511,0.0,0,0,0,nan,0
vAMM-AWE/USDC,0.0018665221920278721,0xcb7f520d18141E36956fE0b3A6Bc3D4F11245521,0xC7a0De60A7572e86d973B39b1deE9BE8829c8d91,0x1B4617734C43F6159F3a70b7E06d883647512778,0x833589fCD6eDb6E08f4c7C32D4f71b54bdA02913,0x940181a94A35A4569E4529A3CDfB74e38FD98631,18,18,6,0,0,0.0,0.0,0,82736662252751,12600419940217952245539,12600.419940217953,0.0,0,0,0,nan,0
sAMM-BOLD/USDC,0.0006439784793165622,0x2De3fE21d32319a1550264dA37846737885Ad7A1,0x7fDCBc8C442C667D41a1041bdc6e588393cEb6fe,0x03569CC076654F82679C4BA2124D64774781B01D,0x833589fCD6eDb6E08f4c7C32D4f71b54bdA02913,0x940181a94A35A4569E4529A3CDfB74e38FD98631,18,18,6,1472615589714990,583,0.00147261558971499,0.000583,1472615589715573,28545403943667,4347336081247340139896,4347.33608124734,0.0,0,0,0,nan,0
sAMM-BOLD/LUSD,2.460401749097801e-05,0xEf3EFc734a3FE0bF20762992ec839939bA3Af050,0x152cB3894E3f2160De21708439e35EFfCB408143,0x03569CC076654F82679C4BA2124D64774781B01D,0x368181499736d0c0CC614DBB145E2EC1AC86b8c6,0x940181a94A35A4569E4529A3CDfB74e38FD98631,18,18,18,0,0,0.0,0.0,0,1090624311919,166095508495385285360,166.0955084953853,0.0,0,0,0,nan,0
vAMM-BOLD/POOL,0.00012070298549330215,0xAa10db59a60e511872a70aAAf1aff09fb173ba75,0xD51CEdaA7cD1Cd3cb8bc8F4C189698e9967240ff,0x03569CC076654F82679C4BA2124D64774781B01D,0xd652C5425aea2Afd5fb142e120FeCf79e18fafc3,0x940181a94A35A4569E4529A3CDfB74e38FD98631,18,18,18,0,0,0.0,0.0,0,5350411189903,814835372303428587950,814.8353723034286,4.5442338299924256e-21,3.702802464695713,0,3.702802464695713,220.05909849970612,1776902400
vAMM-WETH/APU,0.0028446930379202586,0x24dFbc9e3eEDA5A4d5C8851eD4E656d306815498,0x29Ea6bdB07e55c53b32475E0836c01557803E099,0x4200000000000000000000000000000000000006,0xB9926b3fBc5873Db0182016D55727D5ae89E5EFd,0x940181a94A35A4569E4529A3CDfB74e38FD98631,18,18,18,0,0,0.0,0.0,0,126098610903951,19203804290088162351526,19203.804290088163,1.0231643088133918e-21,19.648647143055705,0,19.648647143055705,977.3601281691925,1776902400
vAMM-WETH/TLOS,0.14913747653560758,0xC3b22240657fa67b77D0f1b7A1C1012DB60D46fb,0x44B8B5521723D05E82e5DAfCE8b37a1082b6d3B2,0x4200000000000000000000000000000000000006,0x7252c865c05378Ffc15120F428dd65804dD0CE63,0x940181a94A35A4569E4529A3CDfB74e38FD98631,18,18,18,0,0,0.0,0.0,0,6633493486881948,1006789440382391843456677,1006789.4403823919,0.0,0,0,0,nan,0
vAMM-wstETH/cbBTC,5.268798276457262e-11,0xc0734F84e402D69A445D93C60aD2C72258F159b6,0x2256edefD747c76973da71475311DdAec4265CB6,0xc1CBa3fCea344f92D9239c08C0568f6F2F0ee452,0xcbB7C0000aB88B473b1f5aFd9ef808440eed33Bf,0x940181a94A35A4569E4529A3CDfB74e38FD98631,18,18,8,2189721446420,31,2.18972144642e-06,3.1e-07,2189721446451,0,355683265632808,0.000355683265632808,0.0,0,0,0,nan,0
vAMM-AERO/QI,5.2111453093023315e-05,0x44D92817E3409556E15BA0F7bD3FD48b49c907d6,0xa64343E14AAD53467E9941B17549C5ACdf7891C6,0x940181a94A35A4569E4529A3CDfB74e38FD98631,0xD3FDCb837DAfdb7C9C3eBD48FE22a53F6Dd3d7D7,0x940181a94A35A4569E4529A3CDfB74e38FD98631,18,18,18,18997704830990601,848571953537152841,0.0189977048309906,0.8485719535371529,867569658368143442,0,351791259419035277648,351.7912594190353,0.0,0,0,0,nan,0
vAMM-CREATOR/WETH,0.0012107433977024973,0x640A1f93fE0f9868b6C6d83794EC4BA988Db3B12,0xcf3E3389C09B6C368c815f2887839af099FEf4fC,0x0FD122a924c4528A78a8141bdDd38A0e5bA35FA5,0x4200000000000000000000000000000000000006,0x940181a94A35A4569E4529A3CDfB74e38FD98631,18,18,18,455195308350911726424848,648961293957222146,455195.3083509117,0.6489612939572221,455195957312205683646994,0,8173422912439697957766,8173.422912439698,0.0,0,0,0,nan,0
vAMM-FLOCK/cbBTC,0.052685378378373594,0xd162C4444d5eFEaD433F080696D1f4Dc2BCD58Fb,0xC5a4F78f5a2F5A72E6a2F9f833939CFc4Be4fF91,0x5aB3D4c385B400F3aBB49e80DE2fAF6a88A7B691,0xcbB7C0000aB88B473b1f5aFd9ef808440eed33Bf,0x940181a94A35A4569E4529A3CDfB74e38FD98631,18,18,8,0,0,0.0,0.0,0,2376234891053409,355665684079299313596867,355665.68407929933,3.532653111783734e-22,125.64434856174272,0,125.64434856174272,2830.7336394403933,1776902400
vAMM-VVV/DIEM,0.00020230641995769392,0xbB345D35450BF9Ee76F3D2cE214E8e7AC5e1071d,0x193446fb206192686CD790eA6Ab393e45b27364E,0xacfE6019Ed1A7Dc6f7B508C02d1b04ec88cC21bf,0xF4d97F2da56e8c3098f3a8D538DB630A2606a024,0x940181a94A35A4569E4529A3CDfB74e38FD98631,18,18,18,0,0,0.0,0.0,0,8968424496921,1365719549950557485471,1365.7195499505574,2.2486535295646247e-22,0.30710300863917317,0,0.30710300863917317,4447.105731729227,1776902400
vAMM-SIRE/USDC,0.0018788133288152984,0xeF6F90aCDa6e8102093F3F4e28D952B0276E4ABB,0xD29D5597c1225B874a9d9EBEE693f88892942118,0x7Ce02e86354EA0Cc3b302AeAdC0Ab56bC7EB44b8,0x833589fCD6eDb6E08f4c7C32D4f71b54bdA02913,0x940181a94A35A4569E4529A3CDfB74e38FD98631,18,18,6,36274569689648932007985,3186637406,36274.56968964893,3186.637406,36274569689652118645391,0,12683394300622405786932,12683.394300622405,0.0,0,0,0,nan,0
vAMM-LCAP/USDC,0.012312228417488805,0x48D1036b0308884c163cde60AD5fBf87112Ac52f,0xac2A6d7B160422e85614EA5F0bEeE562509e44A8,0x4dA9A0f397dB1397902070f93a4D6ddBC0E0E6e8,0x833589fCD6eDb6E08f4c7C32D4f71b54bdA02913,0x940181a94A35A4569E4529A3CDfB74e38FD98631,18,18,6,0,0,0.0,0.0,0,545822926585866,83116744672450938147297,83116.74467245094,6.099482593301773e-22,50.69691373415223,0,50.69691373415223,1639.483324533401,1776902400
vAMM-AERO/MAI,0.00045250941601049626,0x104DAaf3D7108B5e52A4c200E58A7083171B3054,0xb3c6adc4F8939e3C778929B09f9c5Df74E4Ef6A0,0x940181a94A35A4569E4529A3CDfB74e38FD98631,0xbf1aeA8670D2528E08334083616dD9C5F3B087aE,0x940181a94A35A4569E4529A3CDfB74e38FD98631,18,18,18,0,0,0.0,0.0,0,20058820208323,3054776789147276114541,3054.7767891472763,0.0,0,0,0,nan,0
vAMM-LCAP/eUSD,0.045474316740839696,0xe39E901F5C53fDA90eF90FeEF3ed1F0126b557a7,0xe3F63B420E0B046C8b27Ca54BBfE0AB64fd928C0,0x4dA9A0f397dB1397902070f93a4D6ddBC0E0E6e8,0xCfA3Ef56d303AE4fAabA0592388F19d7C3399FB4,0x940181a94A35A4569E4529A3CDfB74e38FD98631,18,18,18,0,0,0.0,0.0,0,2015783785546058,306985628071496964471757,306985.62807149696,0.0,0,0,0,nan,0
vAMM-PHNM/USDC,0.0021611770106110526,0xF687f5a1A37B03fAB632AB0f9E41A62b2b0EA4D8,0x19c38452e702d749978Ecc82AB66ADDF28A37AF1,0x3fDa9cc61B1FEf8b2fFd715F0A9EeF7182e48F37,0x833589fCD6eDb6E08f4c7C32D4f71b54bdA02913,0x940181a94A35A4569E4529A3CDfB74e38FD98631,18,18,6,0,0,0.0,0.0,0,95801522938867,14589560207295672181548,14589.560207295674,0.0,0,0,0,nan,0
vAMM-USDC/ZEN,0.0002915809503410467,0xD1291750B30ca46587aA533C68a470F13bE5cbC9,0x8D53866D2412d12c19Df63Da94a94418C48D0F26,0x833589fCD6eDb6E08f4c7C32D4f71b54bdA02913,0xf43eB8De897Fbc7F2502483B2Bef7Bb9EA179229,0x940181a94A35A4569E4529A3CDfB74e38FD98631,18,6,18,0,0,0.0,0.0,0,12926471781318,1968389358860707534997,1968.3893588607075,0.0,0,0,0,nan,0
vAMM-SOL/fBOMB,0.04543879511287077,0xB8fA852a85Af20284906a898595f59BdD8C66cbE,0x96f03A43be421aeb8768d7eaA7E4bEd1B4782E39,0x311935Cd80B76769bF2ecC9D8Ab7635b2139cf82,0x74ccbe53F77b08632ce0CB91D3A545bF6B8E0979,0x940181a94A35A4569E4529A3CDfB74e38FD98631,18,9,18,0,0,0.0,0.0,0,2014389054313996,306745830531837192339210,306745.8305318372,0.0,0,0,0,nan,0
sAMM-msUSD/frxUSD,0.2586815824947129,0xA678C47022f2E5286C51cC433be1599BBA88DF05,0x90C2eafBb37fDFB54bDAc0C12F59b14417F280cb,0x526728DBc96689597F85ae4cd716d4f7fCcBAE9d,0xe5020A6d073a794B6E7f05678707dE47986Fb0b6,0x940181a94A35A4569E4529A3CDfB74e38FD98631,18,18,18,746516833978724892,0,0.7465168339787249,0.0,746516833978724892,11468041008708672,1746294035053638752767311,1746294.0350536387,4.09040695150707e-24,7.143053260358736,0,7.143053260358736,244474.45250687338,1776902400
vAMM-RAVE/AERO,7.850369281645169e-06,0x781Cc496494Ae9A79DdB443F8DF825d22f7F0456,0x865911d70F72A5C9b36606e8141ecaebEe62eb8E,0x1aA8fD5BCce2231C6100d55Bf8B377cff33Acfc3,0x940181a94A35A4569E4529A3CDfB74e38FD98631,0x940181a94A35A4569E4529A3CDfB74e38FD98631,18,18,18,328124378834478,11401843205226981,0.000328124378834478,0.011401843205226981,11729967584061459,347982815605,52995860460168137717,52.99586046016813,2.149335455609485e-21,0.11390588188757218,0,0.11390588188757218,465.26008650261195,1776902400
vAMM-RAVE/WETH,5.141890486428799e-06,0xB359b1F51A9a3aa7E5439815820132D63ffF680d,0x2Ab87361863CAddB4A1660213fFE1951e3Ee7e28,0x1aA8fD5BCce2231C6100d55Bf8B377cff33Acfc3,0x4200000000000000000000000000000000000006,0x940181a94A35A4569E4529A3CDfB74e38FD98631,18,18,18,0,0,0.0,0.0,0,227953650167,34711604122543934425,34.71160412254394,3.183848966918916e-20,1.105165049256599,0,1.105165049256599,31.40852503966993,1776902400
sAMM-eUSD/frxUSD,0.019807348208045396,0x0cd7AdBda66220D98aE8f85564Cc7E87dA5B67CF,0x93c6506b5e5CD71f49e5B0F728A3b1d922d503c8,0xCfA3Ef56d303AE4fAabA0592388F19d7C3399FB4,0xe5020A6d073a794B6E7f05678707dE47986Fb0b6,0x940181a94A35A4569E4529A3CDfB74e38FD98631,18,18,18,0,57606997211466,0.0,5.7606997211466e-05,57606997211466,878126830275494,133714405534251811228382,133714.4055342518,0.0,0,0,0,nan,1776902400
CL-USDC/USDbC,0.009586755860594775,0x98c7A2338336d2d354663246F64676009c7bDa97,0x4a3E1294d7869567B387FC3d5e5Ccf14BE2Bbe0a,0x833589fCD6eDb6E08f4c7C32D4f71b54bdA02913,0xd9aAEc86B65D86f6A7B5B1b0c42FFA531710b6CA,0x940181a94A35A4569E4529A3CDfB74e38FD98631,18,6,6,320803,59471,0.320803,0.059471,380274,424968376859481,64717767741405942351726,64717.76774140594,6.169557819043003e-22,39.928001,0,39.928001,1620.8617040809515,1776902400
CL-WETH/USDC,16.821797906668063,0xb2cc224c1c9feE385f8ad6a55b4d94E92359DC59,0xF33a96b5932D9E9B9A0eDA447AbD8C9d48d2e0c8,0x4200000000000000000000000000000000000006,0x833589fCD6eDb6E08f4c7C32D4f71b54bdA02913,0x940181a94A35A4569E4529A3CDfB74e38FD98631,18,18,6,469833867763063334,961614551,0.46983386776306335,961.614551,469833868724677885,745699586068909088,113559709431159948360431243,113559709.43115994,1.0277160745630294e-21,116707.13880510993,0,116707.13880510993,973.0313894576243,1776902400
CL-WETH/doginme,0.0703100998350756,0x088c39ee29fC30DF8Adc394e9f7dEa33E3A26507,0x42d80fdf14f13CA7019FD5A77fd53F1C1f4099a6,0x4200000000000000000000000000000000000006,0x6921B130D297cc43754afba22e5EAc0FBf8Db75b,0x940181a94A35A4569E4529A3CDfB74e38FD98631,18,18,18,520991858209770,16105977198766638411447,0.00052099185820977,16105.977198766639,16105977719758496621217,3116872901116881,474645727623565468349683,474645.7276235655,7.642754962150028e-22,362.76009900583153,0,362.76009900583153,1308.42870791017,1776902400
CL-HIGHER/WETH,0.00034186079156963887,0xd9932A538e4c7621D9Ab1b45DE31a5D60E672B1c,0x63806fa58774B013458aA4C9a7FDD8a72db5Fe70,0x0578d8A44db98B23BF096A382e016e29a5Ce0ffe,0x4200000000000000000000000000000000000006,0x940181a94A35A4569E4529A3CDfB74e38FD98631,18,18,18,522691709852630153557,113862763429555,522.6917098526302,0.000113862763429555,522691823715393583112,0,2307815869144751976577,2307.815869144752,0.0,0,0,0,nan,0
CL-WETH/KEYCAT,0.004224105297792453,0xB211a9DDff3a10806c8fdb92Dbc4c34596A23F84,0xA9edd05F8d82f4050d4649FEf30bEC9378f499e7,0x4200000000000000000000000000000000000006,0x9a26F5433671751C3276a065f57e5a02D2817973,0x940181a94A35A4569E4529A3CDfB74e38FD98631,18,18,18,299621044131135,1749804987446493062577,0.000299621044131135,1749.804987446493,1749805287067537193712,187254649095530,28515868094800300653925,28515.868094800302,2.95991100487801e-21,84.40443178744914,0,84.40443178744914,337.84799554850605,1776902400
CL-WETH/ROOST,1.0113038691452804e-05,0xAA500dbEDa452Cc2807185DA993b6E3779333Aca,0x4A7212433200428571B069AeC82620573eE2cbc0,0x4200000000000000000000000000000000000006,0xE1aBD004250AC8D1F199421d647e01d094FAa180,0x0000000000000000000000000000000000000000,18,18,18,0,0,0.0,0.0,0,0,68270570223187968200,68.27057022318797,0.0,0,0,0,nan,0
CL-tBTC/cbETH,1.4711933160853234e-08,0xEeB9b3B819C93Db45B731730af290ab6aF82f0D2,0xFC9C7A01517F958736c468229D59cFe34F80C83f,0x236aa50979D5f3De3Bd1Eeb40E81137F22ab794b,0x2Ae3F1Ec7F1F5012CFEab0185bfc7aa3cf0DEc22,0x0000000000000000000000000000000000000000,18,18,18,0,0,0.0,0.0,0,0,99316545364921468,0.09931654536492147,0.0,0,0,0,nan,0
CL-WETH/AERO,6.753992628463025,0x82321f3BEB69f503380D6B233857d5C43562e2D0,0xdE8FF0D3e8ab225110B088a250b546015C567E27,0x4200000000000000000000000000000000000006,0x940181a94A35A4569E4529A3CDfB74e38FD98631,0x940181a94A35A4569E4529A3CDfB74e38FD98631,18,18,18,192160793391272464,1177544744242001598981,0.19216079339127246,1177.5447442420016,1177736905035392871445,299407298225462560,45594498557400352381586409,45594498.55740035,1.5049966078142477e-21,68619.56566387914,0,68619.56566387914,664.4533248831241,1776902400
CL-Mog/WETH,0.0045293999832846715,0xC29dc26B28FFF463e32834Ce6325B5c74fAC7098,0x44e6F4D58A81531338d11aE6374F199A35c787Be,0x2Da56AcB9Ea78330f947bD57C54119Debda7AF71,0x4200000000000000000000000000000000000006,0x940181a94A35A4569E4529A3CDfB74e38FD98631,18,18,18,113326569786371489011529458,8907628725340128,113326569.78637148,0.008907628725340127,113326569795279117736869586,0,30576835416351049249964,30576.83541635105,0.0,0,0,0,nan,0
CL-WETH/DOG,0.0013899724833459604,0xa4eb9849F46e1E9Db3700BCDadB62096a7bc4aAB,0x3E848AF39c45Cf45c97A622440411C4141dF3e82,0x4200000000000000000000000000000000000006,0xAfb89a09D82FBDE58f18Ac6437B3fC81724e4dF6,0x940181a94A35A4569E4529A3CDfB74e38FD98631,18,18,18,133267933526152,1,0.000133267933526152,1e-18,133267933526153,61618111706242,9383353206467085303379,9383.353206467085,0.0,0,0,0,nan,0
CL-LUSD/USDC,3.2911615777982064e-08,0x95b9Ff408700af5a1092Cd218E33084a71e4bE97,0xBF58afee32FFa0Bd24E4c6e43b443aa9679b7c64,0x368181499736d0c0CC614DBB145E2EC1AC86b8c6,0x833589fCD6eDb6E08f4c7C32D4f71b54bdA02913,0x0000000000000000000000000000000000000000,18,18,6,0,0,0.0,0.0,0,0,222178006500489750,0.22217800650048977,0.0,0,0,0,nan,0
CL-USDC/rgUSD,0.0004365737279793094,0xDEfE76cd3c5c25728Fd45De93b000C23048c992f,0x601377635D6C852e27CC49633694449B6E9475c8,0x833589fCD6eDb6E08f4c7C32D4f71b54bdA02913,0x8E5E9DF4F0EA39aE5270e79bbABFCc34203A3470,0x940181a94A35A4569E4529A3CDfB74e38FD98631,18,6,18,6040934,9113978706070155399,6.040934,9.113978706070155,9113978706076196333,0,2947198983704145597644,2947.198983704146,0.0,0,0,0,nan,0
CL-WETH/bsdETH,0.1387979621239979,0x2ae9DF02539887d4EbcE0230168a302d34784c82,0x0b537aC41400433F09d97Cd370C1ea9CE78D8a74,0x4200000000000000000000000000000000000006,0xCb327b99fF831bF8223cCEd12B1338FF3aA322Ff,0x940181a94A35A4569E4529A3CDfB74e38FD98631,18,18,18,18153372748313,17217887663217,1.8153372748313e-05,1.7217887663217e-05,35371260411530,6152976722364833,936989989767409726633787,936989.9897674097,0.0,0,0,0,nan,0
CL-tBTC/USDC,0.11542073872899687,0xf81e1a62cBfA487E807044618661bFD4802B4982,0x37E1a626b09faDE99E94752942a88f17EA2170fd,0x236aa50979D5f3De3Bd1Eeb40E81137F22ab794b,0x833589fCD6eDb6E08f4c7C32D4f71b54bdA02913,0x940181a94A35A4569E4529A3CDfB74e38FD98631,18,18,6,195085969042276,8014868,0.000195085969042276,8.014868,195085977057144,5125649952951936,779176258395014860911439,779176.2583950149,0.0,0,0,0,nan,0
CL-tBTC/SATS,4.6462966265860903e-07,0x86BB57004D5E55a6Ab978287211a53CD3615cAF9,0x1e210791d844A37435d0B1aCCeFD1c94013218A7,0x236aa50979D5f3De3Bd1Eeb40E81137F22ab794b,0x9d36F8f62347538440a212e9162f534f797542df,0x0000000000000000000000000000000000000000,18,18,18,0,0,0.0,0.0,0,0,3136597513378429026,3.1365975133784287,0.0,0,0,0,nan,0
CL-tBTC/WETH,0.06182162534804119,0xA33f162da19C7273BA1205BFD9D4340dA2446E3a,0x996802075582Af2eE133fb30Cc5A9E8A671d3c3a,0x236aa50979D5f3De3Bd1Eeb40E81137F22ab794b,0x4200000000000000000000000000000000000006,0x940181a94A35A4569E4529A3CDfB74e38FD98631,18,18,18,1,8947698014298097,1e-18,0.008947698014298096,8947698014298098,2745107649298301,417342180071175744270397,417342.18007117574,0.0,0,0,0,nan,0
CL-PSTAKE/USDC,0.00014187623339674153,0x178904D6F5f49074fC3fDb918F0170E0DBB1677e,0xBb9FA2e124dD7fA35621aDe57d42C2d40cB9Ab7A,0x38815A4455921667d673B4cb3d48F0383eE93400,0x833589fCD6eDb6E08f4c7C32D4f71b54bdA02913,0x940181a94A35A4569E4529A3CDfB74e38FD98631,18,18,6,649214286339124561299,21880305,649.2142863391246,21.880305,649214286339146441604,0,957770621732111206974,957.7706217321113,0.0,0,0,0,nan,0
CL-WETH/SPEC,0.0003626149579780228,0xfD7aBC461df4e496A25898CaB0c6EA88cDd94Cf9,0x79eFe300783f448283E54ce7caD08118A52849f6,0x4200000000000000000000000000000000000006,0x96419929d7949D6A801A6909c145C8EEf6A40431,0x940181a94A35A4569E4529A3CDfB74e38FD98631,18,18,18,3756008038587537,67849135106244025547,0.003756008038587537,67.84913510624402,67852891114282613084,0,2447922005236648365153,2447.9220052366486,0.0,0,0,0,nan,0
CL-WETH/SKI,0.005694711092138023,0xe782B72A1157b7bEa1A9452835Cce214962aD43B,0x1Dd8e44b202fe7D3E85ce7788311374E2E9df950,0x4200000000000000000000000000000000000006,0x768BE13e1680b5ebE0024C42c896E3dB59ec0149,0x940181a94A35A4569E4529A3CDfB74e38FD98631,18,18,9,3744039447851,23073380278,3.744039447851e-06,23.073380278,3767112828129,252451634863103,38443556420402207735779,38443.55642040221,0.0,0,0,0,nan,0
CL-WETH/BENJI,0.0003100280067327299,0xeBeC4772aBA30d82bC64BBB99187B4Ca29928e2E,0x6c44652cbF0fc9c31149682Eba60aA0D601B6787,0x4200000000000000000000000000000000000006,0xBC45647eA894030a4E9801Ec03479739FA2485F0,0x940181a94A35A4569E4529A3CDfB74e38FD98631,18,18,18,1,3697300353735507871,1e-18,3.697300353735508,3697300353735507872,13743818762128,2092920777875638011659,2092.920777875638,0.0,0,0,0,nan,0
CL-DOLA/USD+,1.4754302484109764e-10,0x96331Fcb46A7757854d9E26AFf3aCA2815D623fD,0xCB4B8aeD321e22B0B87D9e41538408404433Ac70,0x4621b7A9c75199271F773Ebd9A499dbd165c3191,0xB79DD08EA68A908A97220C76d19A6aA9cBDE4376,0x940181a94A35A4569E4529A3CDfB74e38FD98631,18,18,6,4799320461559102891,9248823,4.799320461559103,9.248823,4799320461568351714,0,996025699661265,0.000996025699661265,0.0,0,0,0,nan,0
CL-USD+/USDbC,0.00010304448608294547,0x20086910E220D5f4c9695B784d304A72a0de403B,0x7E62007c19C9b9D581354B29c57c61C41b50851a,0xB79DD08EA68A908A97220C76d19A6aA9cBDE4376,0xd9aAEc86B65D86f6A7B5B1b0c42FFA531710b6CA,0x940181a94A35A4569E4529A3CDfB74e38FD98631,18,6,6,237,3633,0.000237,0.003633,3870,4568054209313,695627302324444464183,695.6273023244445,0.0,0,0,0,nan,0
CL-WETH/weirdo,3.165169038919929e-07,0x12CCDd646241412F2a5D44a6994Aa29086dEDC61,0xbe806f6D980FE4Ba0Af5D040A045429744C23cb8,0x4200000000000000000000000000000000000006,0x76734B57dFe834F102fB61E1eBF844Adf8DD931e,0x940181a94A35A4569E4529A3CDfB74e38FD98631,18,18,8,25679847505954015,365489924593650,0.025679847505954013,3654899.2459365,26045337430547665,0,2136725683868623334,2.1367256838686233,0.0,0,0,0,nan,0
CL-USDz/USD+,5.680548583570008e-05,0x4Ef1E503C4F1e5664ac98294d0e42ddC9c0FF961,0x958ee1605Aed682Dae998aE47AF7122C641a292C,0x04D5ddf5f3a8939889F11E97f8c4BB48317F1938,0xB79DD08EA68A908A97220C76d19A6aA9cBDE4376,0x940181a94A35A4569E4529A3CDfB74e38FD98631,18,18,6,5308678837410218040,5312872,5.308678837410218,5.312872,5308678837415530912,0,383479489017098906187,383.47948901709896,0.0,0,0,0,nan,0
CL-USDz/USDC,0.0009020298592225472,0xdE5Ff829fEF54d1BdEc957D9538A306f0EAD1368,0xE2F3C8c699A1bf30A12118B287B5208e7C6ddFEF,0x04D5ddf5f3a8939889F11E97f8c4BB48317F1938,0x833589fCD6eDb6E08f4c7C32D4f71b54bdA02913,0x940181a94A35A4569E4529A3CDfB74e38FD98631,18,18,6,441380073684618756,338302,0.44138007368461873,0.338302,441380073684957058,39988187009888,6089375777778083043575,6089.375777778083,2.0098123588206404e-21,12.23850269568144,0,12.23850269568144,497.55888683399326,1776902400
CL-PRE/AERO,1.4117411410564264e-05,0xc286ecD3910c62dF30fBBFD2C95A3043076d3912,0x35984A6297D9C88A48C20fC99D408555f882dCbF,0x3816dD4bd44c8830c2FA020A5605bAC72FA3De7A,0x940181a94A35A4569E4529A3CDfB74e38FD98631,0x940181a94A35A4569E4529A3CDfB74e38FD98631,18,18,18,10754460701055236080993,59673824806168528718,10754.460701055235,59.673824806168525,10814134525861404609711,0,95303079171360909523,95.30307917136092,0.0,0,0,0,nan,0
CL-WETH/CHOMP,0.0006936097476018685,0x0a7021C9843c2fB3b98c02Ed7f93354774286109,0x243Bc7b24dC4f2552EA9336391E79967d3387652,0x4200000000000000000000000000000000000006,0xebfF2db643Cf955247339c8c6bCD8406308ca437,0x940181a94A35A4569E4529A3CDfB74e38FD98631,18,18,18,37175181792650766,1514069661103168129622,0.037175181792650766,1514.069661103168,1514106836284960780388,0,4682384239384183133845,4682.384239384183,0.0,0,0,0,nan,0
CL-WETH/SKR,3.291716816941988e-10,0x4b1f694A027103F10B625b6D8928181d86D450AF,0x22766847029648Ca9639dF9a41d9384c1708C32A,0x4200000000000000000000000000000000000006,0xe2dCA969624795985F2f083BcD0b674337ba130a,0x940181a94A35A4569E4529A3CDfB74e38FD98631,18,18,18,6026251664767845,6040898966126301698991,0.006026251664767845,6040.898966126301,6040904992377966466836,0,2222154892928658,0.002222154892928658,0.0,0,0,0,nan,0
CL-RFL/USDC,0.004482003051182324,0x51c230951b82Dbf7b8696B6fCd2be199cC10779f,0x3d27729DC4683bA7ba97562CDBb3Bb1Ce16540da,0x6e2c81b6c2C0e02360F00a0dA694e489acB0b05e,0x833589fCD6eDb6E08f4c7C32D4f71b54bdA02913,0x940181a94A35A4569E4529A3CDfB74e38FD98631,18,18,6,111067298656382671088,5691,111.06729865638268,0.005691,111067298656382676779,198695803118825,30256870697518145921913,30256.87069751815,1.1994557166725705e-21,36.29177652676093,0,36.29177652676093,833.7114793817618,1776902400
CL-WETH/ZRO,0.008199259703279102,0xA4463789e8F3c6A599B3dFB608DDe55513Bcf289,0x46e078FeDCD91a813306D5637d7ec5C7Dc201EC3,0x4200000000000000000000000000000000000006,0x6985884C4392D348587B19cb9eAAf157F13271cd,0x940181a94A35A4569E4529A3CDfB74e38FD98631,18,18,18,249877390437444041,300800435856616403818,0.24987739043744403,300.8004358566164,301050313247053847859,0,55351131586589131321288,55351.13158658913,0.0,0,0,0,nan,0
CL-wXCH/USDC,0.0006769315897455127,0x113138dC05b05AfbE25E8C31ca9DE9b445CAcA48,0xcbbc1c52E14A6163f32aB83Ba7aF70B3CeD3612d,0x36be1d329444aeF5D28df3662Ec5B4F965Cd93E9,0x833589fCD6eDb6E08f4c7C32D4f71b54bdA02913,0x940181a94A35A4569E4529A3CDfB74e38FD98631,18,18,6,13981051654077211,11349,0.01398105165407721,0.011349,13981051654088560,30009677446673,4569794207657311059540,4569.794207657311,0.0,0,0,0,nan,0
CL-WETH/RDNT,0.00020227002532658049,0x2092f4acbb18BB1649595DF59B9Cb601bBA1EBB7,0x8D88C541f22de965536bD1849013caEE6ce90e11,0x4200000000000000000000000000000000000006,0xd722E55C1d9D9fA0021A5215Cbb904b92B3dC5d4,0x940181a94A35A4569E4529A3CDfB74e38FD98631,18,18,18,5331639803389,1179116193816185165,5.331639803389e-06,1.1791161938161852,1179121525455988554,8965832535351,1365473858987140542298,1365.4738589871406,0.0,0,0,0,nan,0
CL-WETH/PRIME,3.7018288988175108e-06,0x8216144205B2Ac3523BAc7a8dC46d3c970e84876,0x7396905bE2C4c89C7c0445C7F72681515391730a,0x4200000000000000000000000000000000000006,0xfA980cEd6895AC314E7dE34Ef1bFAE90a5AdD21b,0x940181a94A35A4569E4529A3CDfB74e38FD98631,18,18,18,12361981496206675,8141125681473876625,0.012361981496206676,8.141125681473877,8153487662970083300,0,24990112022862409873,24.99011202286241,0.0,0,0,0,nan,0
CL-WETH/BOOMER,0.00010462641137864214,0xa7423f6BEc29a511d365B0c934e8000720128aE3,0x25206a301486De7fE19eAB25ACE698Aa7DB03Db6,0x4200000000000000000000000000000000000006,0xcdE172dc5ffC46D228838446c57C1227e0B82049,0x0000000000000000000000000000000000000000,18,18,18,0,0,0.0,0.0,0,0,706306480490644298734,706.3064804906443,0.0,0,0,0,nan,0
CL-WETH/APX,5.97360970748839e-08,0x0C9A0e17eAB266DCF8dcFB4bc12792a9712FEd1E,0x1d94aE3D754D68A42CcC095A9305f3A2A2F3d9e8,0x4200000000000000000000000000000000000006,0xcacf1ca03983CE6c7E235fb20C70aCC70ed13509,0x940181a94A35A4569E4529A3CDfB74e38FD98631,18,18,18,382012831442871,28397143510324354633093,0.000382012831442871,28397.143510324353,28397143892337186075964,0,403263305385828815,0.4032633053858288,0.0,0,0,0,nan,0
CL-USDz/WETH,0.0061056058096044166,0xcf88B8bf7CCCe2D836878E538197eB20fC673BCE,0x549690894f61bf0D3a5799D03fDED6e775A424aA,0x04D5ddf5f3a8939889F11E97f8c4BB48317F1938,0x4200000000000000000000000000000000000006,0x940181a94A35A4569E4529A3CDfB74e38FD98631,18,18,18,118286526972132478,88546139265833,0.11828652697213247,8.8546139265833e-05,118375073111398311,270637427010735,41217402889202427462235,41217.40288920243,0.0,0,0,0,nan,0
CL-EXTRA/WETH,0.0065297004081973035,0x5A1401c002f67ca00557E7179D34C3FE6d753b28,0x283a6fFdd95F1145988e324F01663fF95247CcE0,0x2dAD3a13ef0C6366220f989157009e501e7938F8,0x4200000000000000000000000000000000000006,0x940181a94A35A4569E4529A3CDfB74e38FD98631,18,18,18,230297661383116191,4791698464979,0.2302976613831162,4.791698464979e-06,230302453081581170,289435868074811,44080358421942619781615,44080.35842194263,0.0,0,0,0,nan,0
CL-WETH/MIGGLES,0.0007830974507022229,0x326841EFD63340767e02ec88E583f18a82AF4A48,0xAfabcBbab5e4261B1d655c906738176191819164,0x4200000000000000000000000000000000000006,0xB1a03EdA10342529bBF8EB700a06C60441fEf25d,0x940181a94A35A4569E4529A3CDfB74e38FD98631,18,18,18,49626718525760,24890876455627479156,4.962671852576e-05,24.890876455627478,24890926082346004916,34711621707272,5286493123471413559251,5286.493123471414,0.0,0,0,0,nan,0
CL-USDC/USDT,0.04408660106543336,0xa41Bc0AFfbA7Fd420d186b84899d7ab2aC57fcD1,0xBd85D45f1636fCEB2359d9Dcf839f12b3cF5AF3F,0x833589fCD6eDb6E08f4c7C32D4f71b54bdA02913,0xfde4C96c8593536E31F229EA8f37b2ADa2699bb2,0x940181a94A35A4569E4529A3CDfB74e38FD98631,18,6,6,1711829,1449198,1.711829,1.449198,3161027,1954185161975055,297617510005488003927009,297617.510005488,0.0,0,0,0,nan,0
CL-WETH/USDT,0.35989699740962805,0x9785eF59E2b499fB741674ecf6fAF912Df7b3C1b,0x2c0CbF25Bb64687d11ea2E4a3dc893D56Ca39c10,0x4200000000000000000000000000000000000006,0xfde4C96c8593536E31F229EA8f37b2ADa2699bb2,0x940181a94A35A4569E4529A3CDfB74e38FD98631,18,18,6,11332348819385667,21962525,0.011332348819385668,21.962525,11332348841348192,15961466620132832,2429573739842858046591891,2429573.739842858,0.0,0,0,0,nan,0
CL-BITCOIN/WETH,0.003219466319029101,0xfD22D75b2FB405EE185155D57B0277b9DB2F8E29,0x4D046a24DA2B4C01B89Df7eAe9b4794586489769,0x2a06A17CBC6d0032Cac2c6696DA90f29D39a1a29,0x4200000000000000000000000000000000000006,0x940181a94A35A4569E4529A3CDfB74e38FD98631,18,8,18,88547133679,4384607068105661,885.47133679,0.004384607068105661,4384695615239340,142683128332109,21733804064274749055877,21733.80406427475,0.0,0,0,0,nan,0
CL-WETH/PEPE,0.001668920356898838,0x3333E1d9174720D6eC2cF815e65B82915a9eaE1e,0x399fFB6b1263a12Ed23c27BA07043f07D74c19DA,0x4200000000000000000000000000000000000006,0xB4fDe59a779991bfB6a52253B51947828b982be3,0x940181a94A35A4569E4529A3CDfB74e38FD98631,18,18,18,8880007013964892,6541664054384912719962059,0.008880007013964892,6541664.054384912,6541664063264919733926951,0,11266459854333068139299,11266.459854333069,0.0,0,0,0,nan,0
CL-USD+/USDT,9.064062376715685e-08,0xE9C137071861fbA0359eEcCB5865C2588D1Be2BE,0x9cc802bf83AED8e8C1B19d051Dd2D85e1f931973,0xB79DD08EA68A908A97220C76d19A6aA9cBDE4376,0xfde4C96c8593536E31F229EA8f37b2ADa2699bb2,0x940181a94A35A4569E4529A3CDfB74e38FD98631,18,6,6,15699814,15731830,15.699814,15.73183,31431644,0,611891960346122493,0.6118919603461225,0.0,0,0,0,nan,0
CL-BRETT/USD+,5.31911527750877e-05,0xFAD14c545E464e04c737d00643296144eb20c7F8,0x5E3F10AcAa0CE7315Fd9c29839569Ad827a6500a,0x532f27101965dd16442E59d40670FaF5eBB142E4,0xB79DD08EA68A908A97220C76d19A6aA9cBDE4376,0x940181a94A35A4569E4529A3CDfB74e38FD98631,18,18,6,12219492768208204373,1,12.219492768208204,1e-06,12219492768208204374,2357785222583,359080039301448736353,359.0800393014487,7.381592777194381e-21,2.650582624542248,0,2.650582624542248,135.47211695144244,1776902400
CL-EURC/USDC,0.2674843785804969,0xE846373C1a92B167b4E9cd5d8E4d6B1Db9E90EC7,0x1f6c9d116CE22b51b0BC666f86B038a6c19900B8,0x60a3E35Cc302bFA44Cb288Bc5a4F316Fdb1adb42,0x833589fCD6eDb6E08f4c7C32D4f71b54bdA02913,0x940181a94A35A4569E4529A3CDfB74e38FD98631,18,6,6,11655841,11761894,11.655841,11.761894,23417735,11856684470736376,1805719488339290971244060,1805719.488339291,6.67012826253428e-22,1204.4380593380843,0,1204.4380593380843,1499.2215451342092,1776902400
CL-WETH/superOETHb,0.012893103093476993,0x6446021F4E396dA3df4235C62537431372195D38,0xdD234DBe2efF53BED9E8fC0e427ebcd74ed4F429,0x4200000000000000000000000000000000000006,0xDBFeFD2e8460a6Ee4955A68582F85708BAEA60A3,0x940181a94A35A4569E4529A3CDfB74e38FD98631,18,18,18,45079829112224,21983189814176,4.5079829112224e-05,2.1983189814176e-05,67063018926400,571598708113102,87038082913887651841348,87038.08291388766,1.5165411387097228e-21,131.99683337333846,0,131.99683337333846,659.3952346395315,1776902400
CL-USDC/USDC+,7.85266486584582e-07,0x8dd9751961621Fcfc394d90969E5ae0c5BAbE147,0xd030DF11Fa453A222782F6458cC71954A48EA104,0x833589fCD6eDb6E08f4c7C32D4f71b54bdA02913,0x85483696Cc9970Ad9EdD786b2C5ef735F38D156f,0x940181a94A35A4569E4529A3CDfB74e38FD98631,18,6,6,18750978,17207225,18.750978,17.207225,35958203,0,5301135736937172554,5.301135736937173,0.0,0,0,0,nan,0
CL-WETH/uSOL,0.08258978189459025,0x0225Ba893D5f8Ecd6d2022f9dEC59b34F61098A1,0xcB1137E326B8c48A5B8B29a5Ccc19B6e8b9782D2,0x4200000000000000000000000000000000000006,0x9B8Df6E244526ab5F6e6400d331DB28C8fdDdb55,0x940181a94A35A4569E4529A3CDfB74e38FD98631,18,18,18,1945814994807091,27621379074229084,0.001945814994807091,0.027621379074229083,29567194069036175,3669951326425098,557542760052705936790986,557542.760052706,1.7549354218176287e-21,978.4515387944605,0,978.4515387944605,569.8215373442495,1776902400
CL-WIF/WETH,1.332812008433109e-05,0x3caCB8007d50f3E4166D7c5FD303c1a6ed337531,0x1C664940858DCEa1e5a3B87951f1f74911102CB5,0x1fba65dE0a9cBD2D1DF82d141897042d36Bb6c86,0x4200000000000000000000000000000000000006,0x940181a94A35A4569E4529A3CDfB74e38FD98631,18,18,18,89472450053507601177,27826065182430087,89.4724500535076,0.027826065182430085,89500276118690031264,0,89974772758403437504,89.97477275840343,0.0,0,0,0,nan,0
CL-WETH/POKT,0.026794271800515447,0x32bb4aD5Fed77f7Abf97d1435f8D6aaae59aA64e,0x470Cb18F662BB91b972C81Fdb385412D5509442a,0x4200000000000000000000000000000000000006,0x764A726d9ceD0433A8D7643335919dEb03a9a935,0x940181a94A35A4569E4529A3CDfB74e38FD98631,18,18,6,600910001604864,114847093,0.000600910001604864,114.847093,600910116451957,1187888674663166,180881362204448363612421,180881.36220444835,1.645779088224036e-21,297.6907633655586,0,297.6907633655586,607.6149631230899,1776902400
CL-EURC/USD+,0.0021184907719899084,0xA51C7A5a121aD3d73E2E9888Bb016e07bdd5BA94,0xf3295461eB9F0acEC52F2Efb9E9788eD86F57f47,0x60a3E35Cc302bFA44Cb288Bc5a4F316Fdb1adb42,0xB79DD08EA68A908A97220C76d19A6aA9cBDE4376,0x940181a94A35A4569E4529A3CDfB74e38FD98631,18,6,6,61266,16653,0.061266,0.016653,77919,93920492191798,14301396190499062075259,14301.396190499061,5.130966935408268e-22,7.337999098362444,0,7.337999098362444,1948.9503880820284,1776902400
CL-uSOL/cbBTC,0.010707768250669976,0xC900eA56B5227aE2d95c288a2597B278Cbf741dd,0xBa5377EA1eD9bd016dC07182427340874d94231A,0x9B8Df6E244526ab5F6e6400d331DB28C8fdDdb55,0xcbB7C0000aB88B473b1f5aFd9ef808440eed33Bf,0x940181a94A35A4569E4529A3CDfB74e38FD98631,18,18,8,22945488256698324,35,0.022945488256698322,3.5e-07,22945488256698359,474724193346718,72285439282342016753348,72285.43928234202,0.0,0,0,0,nan,0
CL-cbBTC/uBTC,6.104690661479547e-06,0x9ed7EB51A8e6Af23d77180acC32a3312A06bDC79,0x381BaA9990C5aA04015936a2ec37D4d2da519899,0xcbB7C0000aB88B473b1f5aFd9ef808440eed33Bf,0xF1143f3A8D76f1Ca740d29D5671d365F66C44eD1,0x940181a94A35A4569E4529A3CDfB74e38FD98631,18,8,18,2375,21690563115509,2.375e-05,2.1690563115509e-05,21690563117884,0,41211224955326199788,41.2112249553262,0.0,0,0,0,nan,0
CL-WETH/ETHFI,0.0037028938257108804,0xFefe4e80F2D747A484154F7ae18B20d478E49D40,0xD33e1Ccbd216Cb3e2D63B114E119862002442196,0x4200000000000000000000000000000000000006,0x6C240DDA6b5c336DF09A4D011139beAAa1eA2Aa2,0x940181a94A35A4569E4529A3CDfB74e38FD98631,18,18,18,30836441097593,388553496385019979,3.0836441097593e-05,0.38855349638501996,388584332826117572,164146680186278,24997301075379119215528,24997.30107537912,0.0,0,0,0,nan,0
CL-USDz/cbBTC,4.29130098882273e-09,0x7f770A81811B58094b75CeA1dE76304aa8EAE72c,0x384Ce87727323eDeDdc95D3206399806A3da7F02,0x04D5ddf5f3a8939889F11E97f8c4BB48317F1938,0xcbB7C0000aB88B473b1f5aFd9ef808440eed33Bf,0x940181a94A35A4569E4529A3CDfB74e38FD98631,18,18,8,91955452960064316,165,0.09195545296006431,1.65e-06,91955452960064481,0,28969489235106558,0.02896948923510656,0.0,0,0,0,nan,0
CL-WETH/TRVL,3.656506282412318e-05,0x0511a888D009029781f34696996742B0a55Db585,0x1E81Aaa4aeCe5123f70bF5607876C8d28FcdF89D,0x4200000000000000000000000000000000000006,0x74aa9bB52B36a378a6E641B86d7acb76Dc9b3940,0x940181a94A35A4569E4529A3CDfB74e38FD98631,18,18,18,1,1,1e-18,1e-18,2,1621112055637,246841504854459244549,246.84150485445926,0.0,0,0,0,nan,0
CL-WETH/SPX,0.007961202079180283,0x4BA1e3E9280facbAcaFA7baF4aE0b78Bea60beCa,0x9D312ED8646cE9a4eC2A44279C07CFCcfefAB012,0x4200000000000000000000000000000000000006,0x50dA645f148798F68EF2d7dB7C1CB22A6819bb2C,0x940181a94A35A4569E4529A3CDfB74e38FD98631,18,18,8,2490428758218316,1604336940,0.002490428758218316,16.0433694,2490430362555256,352959893163707,53744064686218267763512,53744.06468621827,0.0,0,0,0,nan,0
CL-WETH/uSUI,0.018638652738212833,0x5C45b0F48c326f79b56709d8F63CE2beE7697106,0xeD5355807FB4e7A04A7Ff8Bbc20cf65d425cB868,0x4200000000000000000000000000000000000006,0xb0505e5a99abd03d94a1169e638B78EDfEd26ea4,0x940181a94A35A4569E4529A3CDfB74e38FD98631,18,18,18,126082747203061,483846480644343979,0.000126082747203061,0.483846480644344,483972563391547040,826344666768263,125824837563928591362663,125824.83756392858,0.0,0,0,0,nan,0
CL-WETH/mooBIFI,0.1075201114182992,0xb378137c90444BbceCD44a1f766851fbf53D2a9E,0x6E415053AAcDDDc8b678a806a5279A8DCDD4f6f1,0x4200000000000000000000000000000000000006,0xc55E93C62874D8100dBd2DfE307EDc1036ad5434,0x940181a94A35A4569E4529A3CDfB74e38FD98631,18,18,18,2762865420143972,504894578997257450,0.002762865420143972,0.5048945789972574,507657444417401422,4798391473990382,725841118673054930054137,725841.118673055,0.0,0,0,0,nan,0
CL-WETH/OVN,2.9714518706472558e-08,0x1DA71Ce5Ebf772f9fdD44E29Bec53C7185E188BA,0x7a8464B293e1A035A2546Dd38fb9cF8BE4c5AB44,0x4200000000000000000000000000000000000006,0xA3d1a8DEB97B111454B294E2324EfAD13a9d8396,0x940181a94A35A4569E4529A3CDfB74e38FD98631,18,18,18,329541809842645891,674013650686061496770,0.3295418098426459,674.0136506860615,674343192495904142661,0,200595211577010362,0.20059521157701038,0.0,0,0,0,nan,0
CL-Mog/USD+,0.000692315330190843,0x08361c463C8EC4fC1c7AddfADB006f5Ca7951fc1,0xDE199C94Fc91fA302ceae3A34c85c386966fDce5,0x2Da56AcB9Ea78330f947bD57C54119Debda7AF71,0xB79DD08EA68A908A97220C76d19A6aA9cBDE4376,0x940181a94A35A4569E4529A3CDfB74e38FD98631,18,18,6,62166606508697261157577593,31060670,62166606.508697264,31.06067,62166606508697261188638263,0,4673645954339132262636,4673.645954339132,0.0,0,0,0,nan,0
CL-WIF/USD+,4.086614487719218e-06,0x090d9C28E1Edca0e693a9e553B256E07Ca2af021,0xF36283a09895eDff51E9451cd70c64e53B5dc2Bb,0x1fba65dE0a9cBD2D1DF82d141897042d36Bb6c86,0xB79DD08EA68A908A97220C76d19A6aA9cBDE4376,0x940181a94A35A4569E4529A3CDfB74e38FD98631,18,18,6,1612281229460357187,554465,1.6122812294603572,0.554465,1612281229460911652,0,27587702358414755267,27.587702358414752,0.0,0,0,0,nan,0
CL-KEYCAT/USD+,1.6029470454742924e-12,0x5D7411A51442D287d742FfefC02658D2c9865F29,0x13DBd71e42055a440337F0c3794d82cD82703e74,0x9a26F5433671751C3276a065f57e5a02D2817973,0xB79DD08EA68A908A97220C76d19A6aA9cBDE4376,0x940181a94A35A4569E4529A3CDfB74e38FD98631,18,18,6,1887650763617552605152,4588939,1887.6507636175527,4.588939,1887650763617557194091,0,10821090690041,1.0821090690041e-05,0.0,0,0,0,nan,0
CL-MIGGLES/USD+,7.402265725610987e-07,0xaeA775CB2879F54E197eC085f9bB08E4B59f1d9E,0x871f78b2C1324fbdEFC9A6Ac9Ac409C9202dEd4F,0xB1a03EdA10342529bBF8EB700a06C60441fEf25d,0xB79DD08EA68A908A97220C76d19A6aA9cBDE4376,0x940181a94A35A4569E4529A3CDfB74e38FD98631,18,18,6,1159333570997430260228,29643993,1159.3335709974303,29.643993,1159333570997459904221,0,4997082651904938879,4.997082651904939,0.0,0,0,0,nan,0
CL-USDz/BRETT,4.664522967569128e-06,0xaf61a867867A95836A08A025220F8E6879F8bAdb,0x3E3E749FD28c2Ee7C6Dd05fa2D70b1b37dba5607,0x04D5ddf5f3a8939889F11E97f8c4BB48317F1938,0x532f27101965dd16442E59d40670FaF5eBB142E4,0x940181a94A35A4569E4529A3CDfB74e38FD98631,18,18,18,1160289355737641415888,22186143124370955161891,1160.2893557376415,22186.143124370956,23346432480108596577779,0,31489016558815711239,31.48901655881571,0.0,0,0,0,nan,0
CL-USDz/DEGEN,0.000692436973796862,0x24Ee0b4DcCE323A03fba842190CeaA451Ff7cA5B,0x9918C85E4e5937DA606d65C9935Ea3ffe4DE06A4,0x04D5ddf5f3a8939889F11E97f8c4BB48317F1938,0x4ed4E862860beD51a9570b96d89aF5E1B0Efefed,0x940181a94A35A4569E4529A3CDfB74e38FD98631,18,18,18,3079623707873970167,1960341366453228702708,3.0796237078739703,1960.3413664532286,1963420990161102672875,0,4674467139603056836599,4674.467139603057,0.0,0,0,0,nan,0
CL-WETH/DOG,8.556407683929568e-06,0x6bFdf73DC419f2d9393AF8e68459491395Ea88a2,0x85b720eFdAC1BbE7671003AB8E349945B915A611,0x4200000000000000000000000000000000000006,0x9E53e88dCff56d3062510A745952DEC4cEFDff9E,0x940181a94A35A4569E4529A3CDfB74e38FD98631,18,18,18,336056405275797,5070586603752615300633,0.000336056405275797,5070.586603752616,5070586939809020576430,0,57762147408537370814,57.76214740853737,0.0,0,0,0,nan,0
CL-WETH/uNEAR,0.002386786138988558,0x864cc817099761c7b7F8228822f2BDe0B74A6588,0xB95276137089404eD801c65d5Fba51BDf2c084DF,0x4200000000000000000000000000000000000006,0x5ed25E305E08F58AFD7995EaC72563E6BE65A617,0x940181a94A35A4569E4529A3CDfB74e38FD98631,18,18,18,54735303000001,21487352276196612,5.4735303000001e-05,0.021487352276196612,21542087579196613,105819563227938,16112590456839398161388,16112.590456839398,0.0,0,0,0,nan,0
CL-BOTTO/WETH,2.113931660914096e-05,0x6641fFD33CF3eF95c75f2afC75A4791Cd2C1B448,0xa3E705674531E59718D97c5fDA03e41263F14351,0x24914CB6BD01E6a0CF2a9c0478e33c25926e6a0c,0x4200000000000000000000000000000000000006,0x940181a94A35A4569E4529A3CDfB74e38FD98631,18,18,18,272443364763231115843,11875218570574127,272.4433647632311,0.011875218570574128,272455239981801689970,0,142706187830003981871,142.70618783000398,0.0,0,0,0,nan,0
CL-WETH/CHAD,7.773232116301551e-05,0x36104bB6Ce1EdF37076f1CF6FBaBbCDF67DDff1B,0x3c63fa8945D6b2AA673a5E1B8ab70022c1796d6c,0x4200000000000000000000000000000000000006,0xecaF81Eb42cd30014EB44130b89Bcd6d4Ad98B92,0x940181a94A35A4569E4529A3CDfB74e38FD98631,18,18,18,8973478051414590,610615011795824578737489,0.00897347805141459,610615.0117958246,610615020769302630152079,0,524751269374278428145,524.7512693742784,0.0,0,0,0,nan,0
CL-USDz/KEYCAT,2.321957106001343e-05,0x2C206C7dE24787f85B5c52d2ea339aDC6D5af40F,0xE7CfAea003D352B7c94a255566Da36b2DcE39B88,0x04D5ddf5f3a8939889F11E97f8c4BB48317F1938,0x9a26F5433671751C3276a065f57e5a02D2817973,0x940181a94A35A4569E4529A3CDfB74e38FD98631,18,18,18,1,8582646919131705826,1e-18,8.582646919131706,8582646919131705827,1029453300307,156749460272975966060,156.74946027297597,2.5344636264331957e-21,0.39727580552489283,0,0.39727580552489283,394.56080157177917,1776902400
CL-WETH/uAPT,5.951147251326705e-05,0xa88C07bD10813CF9B4111DeAb984c4026F2C83bf,0x27149E8aEf0331487B97D2D80ef88D7EAB9E026E,0x4200000000000000000000000000000000000006,0x9c0e042d65a2e1fF31aC83f404E5Cb79F452c337,0x940181a94A35A4569E4529A3CDfB74e38FD98631,18,18,18,1,941750228097222,1e-18,0.000941750228097222,941750228097223,2638476035005,401746921697840328657,401.7469216978403,8.740196621425116e-22,0.3511347087691405,0,0.3511347087691405,1144.1390203381338,1776902400
CL-WETH/Neiro,0.0001692345851461688,0xa4513D1f6BDa04Bd733462b58D1790514DdCf5de,0xC36EBCd3B47b3b6C0fBC23e9778B634DFF0517a6,0x4200000000000000000000000000000000000006,0x5Ca35eBC4f25B042d2cAE75914c7e882E631fA9A,0x940181a94A35A4569E4529A3CDfB74e38FD98631,18,18,9,1,30702273139,1e-18,30.702273139,30702273140,7502990493497,1142459945216904027397,1142.459945216904,3.726210111369528e-20,42.57045799701905,0,42.57045799701905,26.836919285597155,1776902400
CL-SolvBTC/cbBTC,3.940365365305593e-05,0x83eE4a0d418aA520A7BC1A3782bDb445F31b8e29,0x2d3825c93f79E97548FE7b7779ADfE6C3b962afb,0x3B86Ad95859b6AB773f55f8d94B4b9d443EE931f,0xcbB7C0000aB88B473b1f5aFd9ef808440eed33Bf,0x940181a94A35A4569E4529A3CDfB74e38FD98631,18,18,8,1,1,1e-18,1e-08,2,1746984093396,266004114672746357465,266.00411467274637,2.4756319086712947e-21,0.658528274121709,0,0.658528274121709,403.9372721353853,1776902400
CL-SolvBTC/xSolvBTC,2.0974078763623478e-05,0x0c0E3d9b455B1097D4B4B2fd0B34E51d31AD2d1A,0x04917fBA393848554F344c2877A17e9E0650622A,0x3B86Ad95859b6AB773f55f8d94B4b9d443EE931f,0xC26C9099BD3789107888c35bb41178079B282561,0x940181a94A35A4569E4529A3CDfB74e38FD98631,18,18,18,3222190325404,3344217670924,3.222190325404e-06,3.344217670924e-06,6566407996328,0,141590708864669502603,141.5907088646695,0.0,0,0,0,nan,0
CL-WETH/TALENT,0.0021469941799872948,0x346eDb1aAa704dF6dDbfc604724AAFcdC12b2fed,0x37C1Eb7F00CD43A1e52f4E93b55Ed324ce60359d,0x4200000000000000000000000000000000000006,0x9a33406165f562E16C3abD82fd1185482E01b49a,0x940181a94A35A4569E4529A3CDfB74e38FD98631,18,18,18,319164184236893,1,0.000319164184236893,1e-18,319164184236894,95166526089951,14493815499537242399045,14493.815499537242,0.0,0,0,0,nan,0
CL-WETH/msETH,7.318980252688892,0x74F72788F4814D7fF3C49B44684aa98Eee140C0E,0x4f665e05d23a5AB1D1A581e8040B585Fb4d0453d,0x4200000000000000000000000000000000000006,0x7Ba6F01772924a82D9626c126347A28299E98c98,0x940181a94A35A4569E4529A3CDfB74e38FD98631,18,18,18,22842958472932720,5317175465683190,0.02284295847293272,0.00531717546568319,28160133938615910,324460495941173357,49408587324562293238137839,49408587.324562296,0.0,0,0,0,nan,0
CL-msUSD/USDC,6.195217437165163,0x7501bc8Bb51616F79bfA524E464fb7B41f0B10fB,0x3d86AED6eCC8dAf71C8b50d06f38455b663265d8,0x526728DBc96689597F85ae4cd716d4f7fCcBAE9d,0x833589fCD6eDb6E08f4c7C32D4f71b54bdA02913,0x940181a94A35A4569E4529A3CDfB74e38FD98631,18,18,6,26636614453234827402,787959,26.636614453234827,0.787959,26636614453235615361,274609281976796054,41822348356025445366423486,41822348.35602544,0.0,0,0,0,nan,0
CL-WETH/WELL,0.010186433595979472,0x3Ba9ce0f19cF3CcB631b973c83712C7E6E9585ae,0xe871A267A418C200F8b92Ae21397221122B79808,0x4200000000000000000000000000000000000006,0xA88594D404727625A9437C3f886C7643872296AE,0x940181a94A35A4569E4529A3CDfB74e38FD98631,18,18,18,61416203078759,96029158044902631679,6.1416203078759e-05,96.02915804490263,96029219461105710438,402451733956414,68766040688236909183071,68766.0406882369,2.452211347381571e-21,168.62886529019735,0,168.62886529019735,407.7951931295737,1776902400
CL-USDC/STAR,0.015211334843701628,0xa7C2693022cfB693c198EaA743E9B54d7921588E,0x9Aa4F2cF55E1EA0eEEfC6E455ADe474c8Add67A2,0x833589fCD6eDb6E08f4c7C32D4f71b54bdA02913,0xC19669A405067927865B40Ea045a2baabbbe57f5,0x940181a94A35A4569E4529A3CDfB74e38FD98631,18,6,18,1,8834252188123027,1e-06,0.008834252188123027,8834252188123028,674249566095555,102687880005151302274582,102687.8800051513,0.0,0,0,0,nan,0
CL-RUSSELL/WETH,7.686961891474301e-07,0x6bcE1AAa2eFE9dE37BEC193f3499484082B261c2,0x985a58248b44Ca5914b03b6de3f0934A2078720B,0x0C5142BC58f9A61AB8C3D2085DD2F4e550c5cE0B,0x4200000000000000000000000000000000000006,0x940181a94A35A4569E4529A3CDfB74e38FD98631,18,18,18,116830346343512650052309,254709570293503744,116830.34634351265,0.2547095702935037,116830601053082943556053,0,5189273843660892491,5.189273843660892,0.0,0,0,0,nan,0
CL-LOGX/USDC,1.2481181019906024e-05,0x68ae3F59217490F3E02b8076aE117c9f9Dc0fEbE,0xf661ede7D6318e43fCF252351A05C3ce377F1E9D,0x04055057677807D2a53d2b25a80FF3b4d932aE1a,0x833589fCD6eDb6E08f4c7C32D4f71b54bdA02913,0x940181a94A35A4569E4529A3CDfB74e38FD98631,18,18,6,1115684460685235929693,9902641,1115.684460685236,9.902641,1115684460685245832334,0,84257301023477632445,84.25730102347762,0.0,0,0,0,nan,0
CL-WETH/ElonRWA,2.134026063069661e-07,0x5Ca1C5d0db6c558ca0a4c1Bb7792831aB5805672,0x6c58108057d0Cb05D36518B2642DAaAEDe49828D,0x4200000000000000000000000000000000000006,0xAa6Cccdce193698D33deb9ffd4be74eAa74c4898,0x940181a94A35A4569E4529A3CDfB74e38FD98631,18,18,18,29382599356424,990172274954335650051,2.9382599356424e-05,990.1722749543356,990172304336935006475,0,1440627101724073089,1.4406271017240733,0.0,0,0,0,nan,0
CL-CLANKER/WETH,0.4336970956699903,0xd23FE2DB317e1A96454a2D1c7e8fc0DbF19BB000,0xeE096FdD7fe7a759F3e8B0855B02976cf0FD25F9,0x1bc0c42215582d5A085795f4baDbaC3ff36d1Bcb,0x4200000000000000000000000000000000000006,0x940181a94A35A4569E4529A3CDfB74e38FD98631,18,18,18,319009296879135523,6066451638546449,0.31900929687913554,0.006066451638546449,325075748517681972,19242263382017142,2927779565458901413967980,2927779.565458901,0.0,0,0,0,nan,0
CL-SEAM/USDC,0.00184613332592789,0x948e80fBB383694b462f79557a3A44a25416dc72,0x843b7a6e1aa033572d72df5b318Fc90a37Eaa2fb,0x1C7a460413dD4e964f96D8dFC56E7223cE88CD85,0x833589fCD6eDb6E08f4c7C32D4f71b54bdA02913,0x940181a94A35A4569E4529A3CDfB74e38FD98631,18,18,6,105461995714259278,1585,0.10546199571425928,0.001585,105461995714260863,81833433522934,12462779854253834084852,12462.779854253835,0.0,0,0,0,nan,0
CL-AERO/cbBTC,1.7566968976389943,0xdFe5F275020def30993f042174Fc2D335678b626,0x2B74B62c564456C48055bd515A62594742b3f545,0x940181a94A35A4569E4529A3CDfB74e38FD98631,0xcbB7C0000aB88B473b1f5aFd9ef808440eed33Bf,0x940181a94A35A4569E4529A3CDfB74e38FD98631,18,18,8,454779626457556533714,109085,454.77962645755656,0.00109085,454779626457556642799,77878829930381275,11859017113469638522914419,11859017.113469638,0.0,0,0,0,nan,0
CL-ANON/WETH,1.4109592543123832e-07,0xDB20b9455DEB2D616727cbdae4aC9F8eeB9AC899,0xf823D416eF26B5233dAE227BA7B8F3159a68C2fc,0x0Db510e79909666d6dEc7f5e49370838c16D950f,0x4200000000000000000000000000000000000006,0x940181a94A35A4569E4529A3CDfB74e38FD98631,18,18,18,727449058694831860686210,174643987438359527,727449.0586948319,0.17464398743835952,727449233338819299045737,0,952502959718751855,0.9525029597187519,0.0,0,0,0,nan,0
CL-WETH/MORPHO,1.344532962300736,0xB5F0b4aE66C14F7EFaA9aA1468E8FC536A3E288c,0xf008577BfbB3B8EAAaC22C1933C9a8cd876fCFd2,0x4200000000000000000000000000000000000006,0xBAa5CC21fd487B8Fcc2F632f3F4E8D37262a0842,0x940181a94A35A4569E4529A3CDfB74e38FD98631,18,18,18,30253274897313730,65869361979160499668,0.03025327489731373,65.8693619791605,65899615254057813398,59626012775687458,9076602475349258459727770,9076602.475349259,0.0,0,0,0,nan,0
CL-WETH/SAINT,3.6531993468317486e-07,0xeb4ab2038eF5662ff00AcabBB76A09aBd7440D10,0x7cFfFd69796e607a38a36BE004074941cF58b7B9,0x4200000000000000000000000000000000000006,0x7588880d9c78E81FAde7b7e8DC0781E95995a792,0x940181a94A35A4569E4529A3CDfB74e38FD98631,18,18,18,16805761541388017,32245293797666457912521,0.016805761541388017,32245.293797666458,32245310603427999300538,0,2466182619848678762,2.466182619848679,0.0,0,0,0,nan,0
CL-WETH/DOGE,4.208022702801415e-05,0x03Cd22d89bba07b109b869DA1B5fD344d0Ad6B40,0x8118696CDb46892a6314b70c71B2fBcD2EcD5E5d,0x4200000000000000000000000000000000000006,0x67f0870BB897F5E1c369976b4A2962d527B9562c,0x940181a94A35A4569E4529A3CDfB74e38FD98631,18,18,18,8508645439638568,7992399110081985762812,0.008508645439638567,7992.399110081986,7992407618727425401380,0,284072985575716204008,284.0729855757162,0.0,0,0,0,nan,0
CL-RSR/bsdETH,0.00012967325219848054,0xe2cb3a61D580004306e70F32341e00D596b4ecc4,0x0DED14A7A643344eC12e38d87dbDeF8245551e38,0xaB36452DbAC151bE02b16Ca17d8919826072f64a,0xCb327b99fF831bF8223cCEd12B1338FF3aA322Ff,0x940181a94A35A4569E4529A3CDfB74e38FD98631,18,18,18,1,2715545883665,1e-18,2.715545883665e-06,2715545883666,5749044603771,875391377446985562392,875.3913774469855,0.0,0,0,0,nan,0
CL-SIMMI/WETH,0.0014442411049116588,0xBae6f0e8D43E6158D3Df940B332adC75BEEBA75f,0x1c553B8CBCfa13c5F93394A3138e6C6Ca16E3737,0x161e113B8E9BBAEfb846F73F31624F6f9607bd44,0x4200000000000000000000000000000000000006,0x940181a94A35A4569E4529A3CDfB74e38FD98631,18,18,18,1,1,1e-18,1e-18,2,64019629686997,9749706965466140098263,9749.70696546614,0.0,0,0,0,nan,0
CL-HENLO/WETH,0.0005393860778358119,0xa1B6F148F208FFe9Eb04C68BcBFEa3525f2536d6,0xB592a97283c160FFD764E614d6cA4ddbCEa395A3,0x23A96680Ccde03Bd4Bdd9a3e9a0Cb56A5D27F7c9,0x4200000000000000000000000000000000000006,0x940181a94A35A4569E4529A3CDfB74e38FD98631,18,18,18,75877296454704134245323228956,39957560763823735,75877296454.70413,0.039957560763823737,75877296454744091806087052691,0,3641259192988382510090,3641.2591929883824,0.0,0,0,0,nan,0
CL-GAME/WETH,0.009358534072672927,0x2A36148a416cBa81699B555120Bd65f4682BDFD2,0x6366138fD616Df7E5906D7B00250634da342Ee20,0x1C4CcA7C5DB003824208aDDA61Bd749e55F463a3,0x4200000000000000000000000000000000000006,0x940181a94A35A4569E4529A3CDfB74e38FD98631,18,18,18,151064500181196292318,312077225395639,151.06450018119628,0.000312077225395639,151064812258421687957,414840627169597,63177100087088698552679,63177.1000870887,0.0,0,0,0,nan,0
CL-WETH/PEPE,0.0011796267034564524,0x47f6F4b438B9D91E7387d6c1CF953A86BF5de1A5,0x16cb808aEB948836695d5033a8CAC675f916835A,0x4200000000000000000000000000000000000006,0x52b492a33E447Cdb854c7FC19F1e57E8BfA1777D,0x940181a94A35A4569E4529A3CDfB74e38FD98631,18,18,18,2629553268937517,1229478349940860353279321970,0.002629553268937517,1229478349.9408603,1229478349943489906548259487,0,7963361967905439880918,7963.36196790544,0.0,0,0,0,nan,0
CL-WETH/PLAY,0.000817879848064674,0x9D029DF22CEefC6245D382a41bc232c8Dc988Bf9,0x353e5958AfeC30AB701Ef5c09EA04Ae7Eca6907A,0x4200000000000000000000000000000000000006,0x7404AC09aDf614603D9c16a7CE85A1101F3514ba,0x940181a94A35A4569E4529A3CDfB74e38FD98631,18,18,18,589254868954169,1337489371614708523782,0.000589254868954169,1337.4893716147085,1337489960869577477951,0,5521300303994809045122,5521.300303994809,0.0,0,0,0,nan,0
CL-WETH/USDS,4.517512248297221e-05,0x4289a0666397f517c2A761652AaebAf6A4f7A693,0x0C8a0BA64139c17eB90a9Fe63158498be41467eb,0x4200000000000000000000000000000000000006,0x820C137fa70C8691f0e44Dc420a5e53c168921Dc,0x940181a94A35A4569E4529A3CDfB74e38FD98631,18,18,18,6053197084892,8607373016848463,6.053197084892e-06,0.008607373016848463,8613426213933355,2002527736475,304965843196217071510,304.96584319621707,4.1005933605227064e-21,1.2505409117966164,0,1.2505409117966164,243.86714606408307,1776902400
CL-WETH/REI,0.010108693163273572,0x54cdD0222dF6B3BC17754c2C1B3d7D4203FE3d89,0xa4A7e0daE53e9dE540ddEf4Bb7214499DfDEA07D,0x4200000000000000000000000000000000000006,0x6B2504A03ca4D43d0D73776F6aD46dAb2F2a4cFD,0x940181a94A35A4569E4529A3CDfB74e38FD98631,18,18,18,860919835451480,112610570389293966332,0.00086091983545148,112.61057038929397,112611431309129417812,448103694410008,68241234659885139432934,68241.23465988514,1.6883898527031157e-21,115.21780813568222,0,115.21780813568222,592.280271288647,1776902400
CL-USDC/ODOS,0.0030348262211026687,0xb7068556049dF8Fb3ae77CCbb9611FE0e85B2641,0x417e10d1d0b491aeBeF222c9Df0263618EFCCB39,0x833589fCD6eDb6E08f4c7C32D4f71b54bdA02913,0xca73ed1815e5915489570014e024b7EbE65dE679,0x940181a94A35A4569E4529A3CDfB74e38FD98631,18,6,18,2268637,2157619708933233759445,2.268637,2157.6197089332336,2157619708933236028082,134529441106122,20487345392841350492946,20487.34539284135,1.2045579730629111e-20,246.7819523984075,0,246.7819523984075,83.01800514069342,1776902400
CL-eBTC/cbBTC,1.5361893292845652e-07,0xD64C5b0C64748445b625076dA10c4168D6289db2,0xEd7AF8228b789c00657d4F0019F8aad0222751Ae,0x657e8C867D8B37dCC18fA4Caead9C45EB088C642,0xcbB7C0000aB88B473b1f5aFd9ef808440eed33Bf,0x940181a94A35A4569E4529A3CDfB74e38FD98631,18,8,8,967,971,9.67e-06,9.71e-06,1938,0,1037042620727556399,1.0370426207275563,0.0,0,0,0,nan,0
CL-AERO/CHAMP,4.235169314307585e-10,0xee16Ce7cf7F4714C9Fc20463ab6c5223E826A2eb,0x869305781fff479f0311974d55FeeB6Fc9DE96a2,0x940181a94A35A4569E4529A3CDfB74e38FD98631,0xEb6d78148F001F3aA2f588997c5E102E489Ad341,0x940181a94A35A4569E4529A3CDfB74e38FD98631,18,18,18,36865109389586616118,8010017751767075117314,36.865109389586614,8010.017751767075,8046882861156661733432,0,2859055847614782,0.002859055847614782,0.0,0,0,0,nan,0
CL-WETH/CHAMP,0.0011159127242757526,0x5535B3174F3d335C87475e54D3682099C1F9fB70,0xB9E4E0368A9F281584C9adB685e6C9F4b9F37dBb,0x4200000000000000000000000000000000000006,0xEb6d78148F001F3aA2f588997c5E102E489Ad341,0x940181a94A35A4569E4529A3CDfB74e38FD98631,18,18,18,4928762576777261,5177021611530451517595,0.004928762576777261,5177.021611530451,5177026540293028294856,0,7533244985011762886094,7533.244985011763,0.0,0,0,0,nan,0
CL-WETH/ZEREBRO,3.931756774313915e-09,0xcBD3c500a97538ACa280a280799176D1eAc04DE4,0xfc6087cD934B4FFa50118457Cc16b8537eC55873,0x4200000000000000000000000000000000000006,0xD2e92077ad4d7d50D7d60be13FffE3FB52cc0B9f,0x940181a94A35A4569E4529A3CDfB74e38FD98631,18,18,18,42334037067439744,1757822287288223010381,0.042334037067439746,1757.822287288223,1757864621325290450125,0,26542297043534040,0.02654229704353404,0.0,0,0,0,nan,0
CL-WETH/COOKIE,0.058580650516697926,0xE8833415Bd6Aee9c0c7B6aaD7DC80421C3F28ca1,0x282ece21a112950f62EC4493E2Bd2b27a74c7937,0x4200000000000000000000000000000000000006,0xC0041EF357B183448B235a8Ea73Ce4E4eC8c265F,0x940181a94A35A4569E4529A3CDfB74e38FD98631,18,18,18,2484268975535940,372955659641038370924,0.00248426897553594,372.9556596410384,372958143910013906864,2596820967701718,395463177472104369533667,395463.1774721044,0.0,0,0,0,nan,0
CL-VIRTUAL/WETH,0.9408111508714428,0x3f0296BF652e19bca772EC3dF08b32732F93014A,0x5013Ea8783Bfeaa8c4850a54eacd54D7A3B7f889,0x0b3e328455c4059EEb9e3f84b5543F74E24e7E1b,0x4200000000000000000000000000000000000006,0x940181a94A35A4569E4529A3CDfB74e38FD98631,18,18,18,88328366992376503815,29935228414312584,88.3283669923765,0.029935228414312585,88358302220790816399,41759181779286452,6351178483734260599495959,6351178.483734261,2.019023738035294e-21,12823.18012315848,0,12823.18012315848,495.28887707536165,1776902400
CL-EMP/WETH,0.0026602031495725244,0xb0f400ded843b39370B059aD49AcFF6eB7365EEF,0x72Ef9Eef04485fC4dE5Bb9205498e3d649A06596,0x39D5313C3750140E5042887413bA8AA6145a9bd2,0x4200000000000000000000000000000000000006,0x940181a94A35A4569E4529A3CDfB74e38FD98631,18,18,18,2555171172018736,1,0.002555171172018736,1e-18,2555171172018737,117924114126847,17958359645586094326649,17958.359645586093,4.2258331448014556e-21,75.88903141658264,0,75.88903141658264,236.63972658981626,1776902400
CL-WETH/LAY,0.00018678016429152293,0xEDA5C8f08e92E6983Ae29aB2D5Dc244342bF70c8,0x7946898CDBe3246a55C596D2d602A7394011fDDE,0x4200000000000000000000000000000000000006,0xb89D354AD1b0d95a48b3De4607F75a8cD710c1bA,0x940181a94A35A4569E4529A3CDfB74e38FD98631,18,18,18,946759909142686,4832172015829736498954,0.000946759909142686,4832.172015829737,4832172962589645641640,0,1260905719004141625158,1260.9057190041417,0.0,0,0,0,nan,0
CL-WETH/Anon,0.02579839229463679,0x1807af3897aA6419E770D4642dF7B8b06E542C02,0xeCa59A0fBD6498B4d3d6E4143a30C2E8d8F68686,0x4200000000000000000000000000000000000006,0x79bbF4508B1391af3A0F4B30bb5FC4aa9ab0E07C,0x940181a94A35A4569E4529A3CDfB74e38FD98631,18,18,18,508057073787550,861011895119839,0.00050805707378755,0.000861011895119839,1369068968907389,1143627975236258,174158431163218916735540,174158.43116321892,1.9640526951773848e-21,342.05633611398514,0,342.05633611398514,509.15130864637234,1776902400
CL-WETH/ACOLYT,5.090560821827866e-06,0x984FaEED533D60B53F142ad76b629D64849ea507,0x792F8CAB72d9B67cc310C8dBd2A87b9FDC327Fb7,0x4200000000000000000000000000000000000006,0x79dacb99A8698052a9898E81Fdf883c29efb93cb,0x940181a94A35A4569E4529A3CDfB74e38FD98631,18,18,18,122330045616918,912481216428002041984,0.000122330045616918,912.4812164280021,912481338758047658902,0,34365090519799353914,34.36509051979935,0.0,0,0,0,nan,0
CL-WETH/AION,5.8361890672958786e-05,0x1d6aaA7ae38856fFfc37e5e3C99D1c392631f450,0x41aD48761d843B7b2c33fE4aAd944Ab229599dF8,0x4200000000000000000000000000000000000006,0xfc48314ad4aD5bD36a84E8307b86A68A01D95d9C,0x940181a94A35A4569E4529A3CDfB74e38FD98631,18,18,18,4528259263263275,492965076475105828899,0.004528259263263275,492.96507647510583,492969604734369092174,0,393986385013411524612,393.98638501341156,0.0,0,0,0,nan,0
CL-WETH/DRV,0.04194546776609123,0xA0e2bac96aB51c92d3284781AeE1EEc817F6F9C2,0x1aA9609DdfBA43CDa2e5872722f3463b31247444,0x4200000000000000000000000000000000000006,0x9d0E8f5b25384C7310CB8C6aE32C8fbeb645d083,0x940181a94A35A4569E4529A3CDfB74e38FD98631,18,18,18,858657003633511884,26699705739040299635625,0.8586570036335119,26699.7057390403,26700564396043933147509,0,283163259831058561840552,283163.25983105856,0.0,0,0,0,nan,0
CL-BNKR/WETH,0.6974108117939702,0xCDD442e2De893c07146B2F1072f8e077559f9aa4,0x28dCF4ABc65a3E0971602BdBaa95f14CEEC09a2a,0x22aF33FE49fD1Fa80c7149773dDe5890D3c76F3b,0x4200000000000000000000000000000000000006,0x940181a94A35A4569E4529A3CDfB74e38FD98631,18,18,18,81568296118951919125285,20974822176204979,81568.29611895191,0.02097482217620498,81568317093774095330264,30924570779857079,4708044263810772101695535,4708044.263810772,7.926027878647541e-22,3731.6090088870815,0,3731.6090088870815,1261.666013936145,1776902400
CL-WETH/VEIL,0.0012142629167387884,0x8caD4aF4c6b4dd0eFd195407498E55eB9C328CD3,0x40a844835DF0a7b09E2B4D4D85443714c473624d,0x4200000000000000000000000000000000000006,0x767A739D1A152639e9Ea1D8c1BD55FDC5B217D7f,0x940181a94A35A4569E4529A3CDfB74e38FD98631,18,18,18,156868707497912,62942317838913426465,0.000156868707497912,62.942317838913425,62942474707620924377,53825266437784,8197182296621828969792,8197.18229662183,0.0,0,0,0,nan,0
CL-WETH/WELS,3.584417530683182e-07,0x39d8E6Ce85Be6fDb679b1515a0A8cbC919df948b,0x977EFe76abA185f61A70A67D491e780b205ed908,0x4200000000000000000000000000000000000006,0x7F62ac1e974D65Fab4A81821CA6AF659A5F46298,0x940181a94A35A4569E4529A3CDfB74e38FD98631,18,18,18,177014724220558,169991283083121929601,0.000177014724220558,169.99128308312194,169991460097846150159,0,2419749752807264060,2.4197497528072645,0.0,0,0,0,nan,0
CL-WETH/USDC,0.0028514568223651704,0x0652202C4b2D09CB93aEDeFAdc14B36869483a98,0x9017Bdde03D36636113a55Aa97CF159048843498,0x4200000000000000000000000000000000000006,0x833589fCD6eDb6E08f4c7C32D4f71b54bdA02913,0x940181a94A35A4569E4529A3CDfB74e38FD98631,18,18,6,379786271795273,617108,0.000379786271795273,0.617108,379786272412381,126404704221288,19249464890725546878753,19249.464890725547,1.9630817343221014e-21,37.78827292245791,0,37.78827292245791,509.4031402341603,1776902400
CL-WETH/ANZ,2.475514610756784e-05,0xaE092538552D0B772014346d9E9a6273C24C5612,0x52abaB90414f807E624cF86973eD85aE9de50Ed7,0x4200000000000000000000000000000000000006,0xeeC468333ccc16D4BF1cEf497A56cf8C0aAe4Ca3,0x940181a94A35A4569E4529A3CDfB74e38FD98631,18,18,18,1,26722173714504297526,1e-18,26.722173714504297,26722173714504297527,1097392356474,167115739619424135984,167.11573961942415,1.835156832756648e-21,0.3066835914237671,0,0.3066835914237671,544.9125557829669,1776902400
CL-WETH/VVV,1.410628626386008,0x46D398A5b33709877f50c8918A7eE96F1Be1d7dd,0x6831125a82Af7417e0cde3A214c03fE248Ff6AA8,0x4200000000000000000000000000000000000006,0xacfE6019Ed1A7Dc6f7B508C02d1b04ec88cC21bf,0x940181a94A35A4569E4529A3CDfB74e38FD98631,18,18,18,22161400176400376,1511601734540438159,0.022161400176400375,1.5116017345404382,1533763134716838535,62552050147456576,9522797611554513517282215,9522797.611554513,6.062760978381489e-22,5773.444576435715,0,5773.444576435715,1649.4135321609847,1776902400
CL-WETH/VVV,0.20597453889748796,0x7eC6C9D993D9832Aa654593f2Dbc21303650Bc6c,0x5d05eF25a5f933271E1f0FDc02dC3EaB6a4eA687,0x4200000000000000000000000000000000000006,0xacfE6019Ed1A7Dc6f7B508C02d1b04ec88cC21bf,0x940181a94A35A4569E4529A3CDfB74e38FD98631,18,18,18,716400849356593934,188086998483217619738,0.716400849356594,188.08699848321763,188803399332574213672,0,1390482094553285782535142,1390482.0945532857,0.0,0,0,0,nan,0
CL-WETH/FLAY,1.4109050893107472e-06,0x6eAF8196a9A3207A9CdF06EFd112fef7a27E34Fb,0x5B75d4Ae48E15892D3810b227D34dB45198C439B,0x4200000000000000000000000000000000000006,0xF1A7000000950C7ad8Aff13118Bb7aB561A448ee,0x940181a94A35A4569E4529A3CDfB74e38FD98631,18,18,18,5668026996852,1387464543869622519,5.668026996852e-06,1.3874645438696225,1387470211896619371,0,9524663942940495978,9.524663942940496,0.0,0,0,0,nan,1776902400
CL-WETH/AAVE,0.3459561921004041,0x4a79B0168296c0eF7b8F314973B82aD406a29f1B,0x28047b764D603A25146A0b8a8D414740dC1E650E,0x4200000000000000000000000000000000000006,0x63706e401c06ac8513145b7687A14804d17f814b,0x940181a94A35A4569E4529A3CDfB74e38FD98631,18,18,18,3715057620750462,142790601247580494,0.003715057620750462,0.1427906012475805,146505658868330956,15336319708392962,2335462883860911790774976,2335462.8838609117,2.9183445388358794e-21,6815.685352769386,0,6815.685352769386,342.6600206701082,1776902400
CL-WETH/TIBBIR,0.009083651237727064,0x0f664afFB82f074937D5cFCD61b97F3F32d5dC50,0x2335A595b567CddDec56DE21261795ba7e7Aad98,0x4200000000000000000000000000000000000006,0xA4A2E2ca3fBfE21aed83471D28b6f65A233C6e00,0x940181a94A35A4569E4529A3CDfB74e38FD98631,18,18,18,353358813975273027,5416829205113962467624,0.353358813975273,5416.829205113962,5417182563927937740651,0,61321435488259344008379,61321.43548825934,0.0,0,0,0,nan,0
CL-USDC/AAA,0.00956236329362277,0xfd198524340203Da7896909941E92E5EF0D2B753,0x5ADA69FF0dd93F5538Adce7b5bF0B588fFA466e8,0x833589fCD6eDb6E08f4c7C32D4f71b54bdA02913,0xaaa843fb2916c0B57454270418E121C626402AAa,0x940181a94A35A4569E4529A3CDfB74e38FD98631,18,6,18,1,10467858723954355184,1e-06,10.467858723954356,10467858723954355185,423908115367389,64553099681963668650954,64553.09968196367,0.0,0,0,0,nan,0
CL-USDC/BRZ,0.0058752702607201895,0xD43Decd5Df4BDFFd5A4Cf35cA1f9557E33B7246C,0xaF4290B7Be7a2e387d6dbbAC746d891Be507Fa09,0x833589fCD6eDb6E08f4c7C32D4f71b54bdA02913,0xE9185Ee218cae427aF7B9764A011bb89FeA761B4,0x940181a94A35A4569E4529A3CDfB74e38FD98631,18,6,18,9230,2640665521972230,0.00923,0.00264066552197223,2640665521981460,260455984260392,39662465768444892412590,39662.4657684449,0.0,0,0,0,nan,0
CL-WETH/W,0.023461228691378636,0xf1Eef36d55978eDfD427e95c3D0C9B9359EF0AEF,0xA2292a26d33117f52Fd511aafD98A73C2172a990,0x4200000000000000000000000000000000000006,0xB0fFa8000886e57F86dd5264b9582b2Ad87b2b91,0x940181a94A35A4569E4529A3CDfB74e38FD98631,18,18,18,3941682376024590,740379852797203304871,0.00394168237602459,740.3798527972033,740383794479579329461,1040057246663941,158380829913243538885074,158380.82991324353,0.0,0,0,0,nan,0
CL-WETH/LINKS,5.481022260334725e-08,0x4Ba79157c6e7aB14bce06a869aF2d14C51C8E269,0x93eE62191632cdb63710f6dBe497Dbc6640242F4,0x4200000000000000000000000000000000000006,0x901F1D2BF312e6Fa1716Df603df8F86315bcb355,0x940181a94A35A4569E4529A3CDfB74e38FD98631,18,18,18,65080891271899767,2214853206131326073946790,0.06508089127189977,2214853.206131326,2214853271212217345846557,0,370009970826368053,0.37000997082636805,0.0,0,0,0,nan,1776902400
CL-MXNe/USDC,9.431565145096328e-05,0x256D96010e9D9801B1F4c2320B2AD44715c8078F,0xab205bb675a7DDAF1f5808da0D89bdbdC8F9F646,0x269caE7Dc59803e5C596c95756faEeBb6030E0aF,0x833589fCD6eDb6E08f4c7C32D4f71b54bdA02913,0x940181a94A35A4569E4529A3CDfB74e38FD98631,18,6,6,1,1,1e-06,1e-06,2,4181138650367,636701144134919401759,636.7011441349194,0.0,0,0,0,nan,1776902400
CL-oUSDT/WETH,0.3671054429843086,0x93617b2909a7c207E4180dE0E667ea80c9BdfE9e,0x3D7981a71dEe2e73656566f3003D3C6a19C45EE6,0x1217BfE6c773EEC6cc4A38b5Dc45B92292B6E189,0x4200000000000000000000000000000000000006,0x940181a94A35A4569E4529A3CDfB74e38FD98631,18,6,18,19747439,11353002257569557,19.747439,0.011353002257569557,11353002277316996,16274274023541691,2478236135471007281324467,2478236.1354710073,7.581816603463628e-22,1878.953187921762,0,1878.953187921762,1318.9451186977624,1776902400
CL-oUSDT/cbBTC,0.2005584328208789,0x85c99e6B9adaB159A33A999a6303933212ac091E,0x5743b100361F2d6b13282C731426215294689a71,0x1217BfE6c773EEC6cc4A38b5Dc45B92292B6E189,0xcbB7C0000aB88B473b1f5aFd9ef808440eed33Bf,0x940181a94A35A4569E4529A3CDfB74e38FD98631,18,6,8,15650030,25104,15.65003,0.00025104,15675134,8891022881397521,1353919330232816736002869,1353919.3302328167,7.522184143572925e-22,1018.443051755417,0,1018.443051755417,1329.4011166350083,1776902400
CL-WETH/KTA,0.15633145345002214,0x46D710c35BdfB800a18A820712310048Ef8B5256,0x6bf4D7E9cC3BF9fEA7ee88bA7cfde9626E77eFd4,0x4200000000000000000000000000000000000006,0xc0634090F2Fe6c6d75e61Be2b949464aBB498973,0x940181a94A35A4569E4529A3CDfB74e38FD98631,18,18,18,1062614739097349,21777638274211291272,0.001062614739097349,21.77763827421129,21778700888950388621,6944835363918896,1055354161739052460385877,1055354.1617390525,0.0,0,0,0,nan,0
CL-WETH/uBERA,5.366057762361795e-10,0x569f22aD5ce151AA4507AdF2302B79e5Ca6B4049,0xe75819C7dE5c3a3ac7ADBF94db0A2531596BA61F,0x4200000000000000000000000000000000000006,0x544F87A5aa41Fcd725EF7C78a37cd9C1c4bA1650,0x940181a94A35A4569E4529A3CDfB74e38FD98631,18,18,18,917938934230630,2114179946099875335,0.00091793893423063,2.1141799460998754,2115097885034105965,0,3622490079036533,0.003622490079036533,0.0,0,0,0,nan,0
CL-DRB/WETH,0.06817141598600719,0x385B47e56b73eb6549378f78F7c7Cbc42C56C9e0,0x7a53fD90c6fb9Ffd8eebc668300Fe42e151cfA02,0x3ec2156D4c0A9CBdAB4a016633b7BcF6a8d68Ea2,0x4200000000000000000000000000000000000006,0x940181a94A35A4569E4529A3CDfB74e38FD98631,18,18,18,78072266836934010002400,754984208976517,78072.26683693401,0.000754984208976517,78072267591918218978917,3031156233584545,460208013069341018870100,460208.013069341,0.0,0,0,0,nan,0
CL-WETH/RED,0.029259784799992566,0x80866012A372c686A3b71a2aB05D004e29B36E1b,0x4bFE96D4f9E60aFD1E577C61E4BCC679e9A21cfB,0x4200000000000000000000000000000000000006,0x4eB92702bA4cfbF80561BAd64D89C706Ac824960,0x940181a94A35A4569E4529A3CDfB74e38FD98631,18,18,18,9300691543277239,235320674611063308091,0.009300691543277239,235.3206746110633,235329975302606585330,0,197525417814484292371165,197525.4178144843,0.0,0,0,0,nan,0
CL-WETH/RWAX,0.0023051886019770386,0x7A9b4Ccc4F80506259c301BB07cf9A97b4d8805e,0xCA635E72A2Dca090eFD8b9E14202D48c2D99a5a0,0x4200000000000000000000000000000000000006,0xe0023E73aab4fE9a22f059a9d27E857E027eE3dc,0x940181a94A35A4569E4529A3CDfB74e38FD98631,18,18,18,1,5085264380324301532,1e-18,5.085264380324301,5085264380324301533,102195127945843,15561746091407246700285,15561.746091407245,1.367370272686553e-20,212.78668996486425,0,212.78668996486425,73.13308033494403,1776902400
CL-BIO/WETH,0.2575636160203466,0x222cCBE78890A4d9Ef8d22d7FC1B968Be0F2c653,0x6f29b7B27e2043849A21E1E6ea9ED6d2678E11F3,0x226A2FA2556C48245E57cd1cbA4C6c9e67077DD2,0x4200000000000000000000000000000000000006,0x940181a94A35A4569E4529A3CDfB74e38FD98631,18,18,18,7495290689302283044414,128111813883014196,7495.290689302283,0.1281118138830142,7495418801116166058610,11423159508616214,1738746925720427273006000,1738746.9257204272,6.1320784546384816e-21,10662.132561279128,0,10662.132561279128,163.0768437483984,1776902400
CL-WETH/XION,2.4038583333874957e-05,0x0c5BF61d127cd801fe4F77F344321ff1f163BF17,0xB5c7edC19d639a01eA8f976897D5401753264643,0x4200000000000000000000000000000000000006,0xe4c3461a20f50daD7B9E88ca0222A255C4126fC0,0x940181a94A35A4569E4529A3CDfB74e38FD98631,18,18,6,1775602923160935,15811862,0.001775602923160935,15.811862,1775602938972797,0,162278405297538483218,162.2784052975385,0.0,0,0,0,nan,0
CL-USDC/LsETH,9.735664908767848e-06,0x98eCc8425cc4C3f30dD4EF02360B05698008a8fc,0x9966c25d5EEbB6C648b34d60c5057Ea1b05b551A,0x833589fCD6eDb6E08f4c7C32D4f71b54bdA02913,0xB29749498954A3A821ec37BdE86e386dF3cE30B6,0x940181a94A35A4569E4529A3CDfB74e38FD98631,18,6,18,2819,2752837093507,0.002819,2.752837093507e-06,2752837096326,431607860691,65723015119600972510,65.72301511960097,1.5068806063091093e-21,0.09903673687188708,0,0.09903673687188708,663.6225828463997,1776902400
CL-LsETH/cbBTC,0.0001670976636654422,0x4796eda5A091B8Ca92EFA7d7Ee6f4De113A626FE,0x8016E3AfB222702CAF92783582869149AA9C1282,0xB29749498954A3A821ec37BdE86e386dF3cE30B6,0xcbB7C0000aB88B473b1f5aFd9ef808440eed33Bf,0x940181a94A35A4569E4529A3CDfB74e38FD98631,18,18,8,2273689546504270,8883,0.00227368954650427,8.883e-05,2273689546513153,0,1128034127966280307523,1128.0341279662803,0.0,0,0,0,nan,0
CL-USDC/ZARP,0.0007051409812837844,0xB86D18195349aAA6941042BD539289F26142A87b,0xdaA5708f6fBF97B0Bc94005afCcD08EC04EfCB5e,0x833589fCD6eDb6E08f4c7C32D4f71b54bdA02913,0xb755506531786C8aC63B756BaB1ac387bACB0C04,0x940181a94A35A4569E4529A3CDfB74e38FD98631,18,6,18,980799,23651378259169181454,0.980799,23.65137825916918,23651378259170162253,31261081101650,4760228685831973045700,4760.228685831973,2.3666609826806294e-21,11.265847499395619,0,11.265847499395619,422.53622606620104,1776902400
CL-PROMPT/cbBTC,0.00048458466513836055,0x41D60eD9C8327EA0c6b16a44343c177E0402FeeA,0x6d5EBd01df7091d15FFd730281e71715160B1587,0x30c7235866872213F68cb1F08c37Cb9eCCB93452,0xcbB7C0000aB88B473b1f5aFd9ef808440eed33Bf,0x940181a94A35A4569E4529A3CDfB74e38FD98631,18,18,8,2648346563700771956,56,2.648346563700772,5.6e-07,2648346563700772012,21483137301035,3271308695611832769504,3271.3086956118327,2.9134002490726434e-21,9.530631568589017,0,9.530631568589017,343.24154407493694,1776902400
CL-USDC/CTX,0.035841825177648653,0x562d63bFCea2eae8be3265B1f841D42Af6DdE0B7,0x09f0FCCB52931ac063290E1498f391680573E74d,0x833589fCD6eDb6E08f4c7C32D4f71b54bdA02913,0xBB22Ff867F8Ca3D5F2251B4084F6Ec86D4666E14,0x940181a94A35A4569E4529A3CDfB74e38FD98631,18,6,18,1,555205094901011421,1e-06,0.5552050949010114,555205094901011422,1588994756123652,241959110152120850923499,241959.11015212085,3.990424407249129e-22,96.55195387073034,0,96.55195387073034,2505.9991067199994,1776902400
CL-MOCA/USDC,0.004681544615209268,0xbf4f004307F623C2Fa2c6cf8Ce8095200e389B13,0x5f42dc8b628b61F268BB832cBF04780a18CF6dD8,0x2B11834Ed1FeAEd4b4b3a86A6F571315E25A884D,0x833589fCD6eDb6E08f4c7C32D4f71b54bdA02913,0x940181a94A35A4569E4529A3CDfB74e38FD98631,18,18,6,322299562611779863446,2551916,322.2995626117799,2.551916,322299562611782415362,217261814897265,31603925403326774964737,31603.925403326775,9.936651143686686e-21,314.0371815039557,0,314.0371815039557,100.63752722519159,1776902400
CL-ZORA/USDC,0.29353351396706456,0x3f53f1Fd5b7723DDf38D93a584D280B9b94C3111,0xaDEfE661847835C6566b1caAbECfcF09C586F300,0x1111111111166b7FE7bd91427724B487980aFc69,0x833589fCD6eDb6E08f4c7C32D4f71b54bdA02913,0x940181a94A35A4569E4529A3CDfB74e38FD98631,18,18,6,3411176111071535445364,35700204,3411.1761110715356,35.700204,3411176111071571145568,13013506994411627,1981570622792581737557970,1981570.6227925818,0.0,0,0,0,nan,0
CL-WETH/SIGN,0.013428404893930698,0x8A7b72F8ff5299E493317D4430293894107af859,0x3b23C56D4E0aA528FAc0446E17a4b6fF575fC057,0x4200000000000000000000000000000000000006,0x868FCEd65edBF0056c4163515dD840e9f287A4c3,0x940181a94A35A4569E4529A3CDfB74e38FD98631,18,18,18,2824361768808283,467630295398709664030,0.002824361768808283,467.6302953987097,467633119760478472313,595334545106035,90651770181727390234095,90651.77018172739,8.806598627558223e-21,798.3337548681238,0,798.3337548681238,113.55121793228209,1776902400
CL-WETH/GIZA,0.00741250698920903,0x3C589883d42D5D45b50b9Fff4f07D990A1242A3F,0x1B5dD992cbd0De7a9B44A8736866214D093d2942,0x4200000000000000000000000000000000000006,0x590830dFDf9A3F68aFCDdE2694773dEBDF267774,0x940181a94A35A4569E4529A3CDfB74e38FD98631,18,18,18,177748776944301,10101343462218676918,0.000177748776944301,10.101343462218678,10101521210995621219,328625355538800,50039962703234594471708,50039.962703234596,0.0,0,0,0,nan,0
CL-GIZA/USDC,0.10221465747337921,0xe077DdFb9E9d9403A8eC42D3023D17e8417ee399,0xe9d34ea7240cD470Ef9e8A797c442c41E090117a,0x590830dFDf9A3F68aFCDdE2694773dEBDF267774,0x833589fCD6eDb6E08f4c7C32D4f71b54bdA02913,0x940181a94A35A4569E4529A3CDfB74e38FD98631,18,18,6,58964979628877841621974,546190385,58964.979628877845,546.190385,58964979628878387812359,0,690025338949135195984493,690025.3389491353,0.0,0,0,0,nan,0
CL-MAMO/cbBTC,0.009247055681232155,0xE2B3aA806e56603a244bFc111c9474F7DeDD03db,0x219A387d97D62cF1A9f853D41a4D13BB71EA818C,0x7300B37DfdfAb110d83290A29DfB31B1740219fE,0xcbB7C0000aB88B473b1f5aFd9ef808440eed33Bf,0x940181a94A35A4569E4529A3CDfB74e38FD98631,18,18,8,351136837482998509112,4472,351.1368374829985,4.472e-05,351136837482998513584,409876022760245,62424537619622069128864,62424.53761962207,0.0,0,0,0,nan,0
CL-cbXRP/cbBTC,0.19151098541382394,0x95Ff4985af7ED78421215be100c18a2b987f7E90,0x2db769AcFc04a1F27f4EF1Cc84B90CBde34e0A5a,0xcb585250f852C6c6bf90434AB21A00f02833a4af,0xcbB7C0000aB88B473b1f5aFd9ef808440eed33Bf,0x940181a94A35A4569E4529A3CDfB74e38FD98631,18,6,8,109750357,307477,109.750357,0.00307477,110057834,0,1292842297662380214962296,1292842.2976623802,0.0,0,0,0,nan,0
CL-WETH/cbXRP,0.1355508132619215,0xA6da283cf7D06b2279626E787c329d6aCF7e2994,0xB2d7D02733ae07695dF556d3AF2d09FC48f34D0F,0x4200000000000000000000000000000000000006,0xcb585250f852C6c6bf90434AB21A00f02833a4af,0x940181a94A35A4569E4529A3CDfB74e38FD98631,18,18,6,365818934488233397,530032779,0.3658189344882334,530.032779,365818935018266176,0,915069307846070844122773,915069.3078460708,0.0,0,0,0,nan,0
CL-WETH/cbDOGE,0.10291244393919592,0xfb338cb462c9e44cAE9f442fEb09e8E904fFed47,0x34d4C2189A3F5ACD106731a6A236F6FFBB691577,0x4200000000000000000000000000000000000006,0xcbD06E5A2B0C65597161de254AA074E489dEb510,0x940181a94A35A4569E4529A3CDfB74e38FD98631,18,18,8,1,1,1e-18,1e-08,2,4561657530413774,694735919158384479324000,694735.9191583846,0.0,0,0,0,nan,0
CL-cbBTC/cbDOGE,0.16547217362573632,0x363d1607b8DA83d6B6EA76D017CeEcf1316BB08A,0x648Eec151f6642Eb57B259A7AA0f963B826a7284,0xcbB7C0000aB88B473b1f5aFd9ef808440eed33Bf,0xcbD06E5A2B0C65597161de254AA074E489dEb510,0x940181a94A35A4569E4529A3CDfB74e38FD98631,18,8,8,96227,46119669992,0.00096227,461.19669992,46119766219,7334656121272883,1117060855215269957976597,1117060.85521527,0.0,0,0,0,nan,0
CL-USDC/VIRGEN,2.2323153635049916e-05,0xda353757c951289C0d2aC757dF4A2a6005f866Fd,0xd6F600AC3A4A9eB421FBb5923EB9F482946E4f09,0x833589fCD6eDb6E08f4c7C32D4f71b54bdA02913,0xbf8566956b4e2D8BEB90c4c19dbb8c67A9290C36,0x940181a94A35A4569E4529A3CDfB74e38FD98631,18,6,18,12185571,14578273995748595320224,12.185571,14578.273995748596,14578273995748607505795,0,150697972621496451866,150.69797262149646,0.0,0,0,0,nan,0
CL-WETH/DEGEN,2.356751653994308e-07,0x68a5aEA4DE3D938a755D85d1868Fe79A9C7B6ae1,0x6a7d1B43b42F8A30B729bfFbdAe2884b683b545c,0x4200000000000000000000000000000000000006,0x4ed4E862860beD51a9570b96d89aF5E1B0Efefed,0x940181a94A35A4569E4529A3CDfB74e38FD98631,18,18,18,224286779465239,321519574349905008011,0.000224286779465239,321.519574349905,321519798636684473250,0,1590983523365902473,1.5909835233659027,0.0,0,0,0,nan,0
CL-WETH/cbLTC,0.04437291800980887,0x200681425b0C8D78C6a467512C5D49FA56BaC88A,0x88040de1F5811090b638Fa70633B24a3e319D06f,0x4200000000000000000000000000000000000006,0xcb17C9Db87B595717C857a08468793f5bAb6445F,0x940181a94A35A4569E4529A3CDfB74e38FD98631,18,18,8,1803398340424100,25572582,0.0018033983404241,0.25572582,1803398365996682,1966928499930396,299550363389466158629318,299550.3633894662,0.0,0,0,0,nan,0
CL-cbLTC/cbBTC,0.0816344272983961,0x6044c817e55A03DAdc5F6b8B7045aF1985aE90fA,0x3De827C30391B6C75Af11a946adAA83733b9EE62,0xcb17C9Db87B595717C857a08468793f5bAb6445F,0xcbB7C0000aB88B473b1f5aFd9ef808440eed33Bf,0x940181a94A35A4569E4529A3CDfB74e38FD98631,18,8,8,11786967,3190,0.11786967,3.19e-05,11790157,3618627956656277,551093402442451547082172,551093.4024424516,0.0,0,0,0,nan,0
CL-WETH/WOO,0.007294284374846684,0xAD06a870Fc2198398c18a6f2cA035Bf795EdEeFe,0xe75880892CC7B8F7D64614345c5422c3cc4FA41A,0x4200000000000000000000000000000000000006,0xF3df0A31ec5EA438150987805e841F960b9471b6,0x940181a94A35A4569E4529A3CDfB74e38FD98631,18,18,18,24334134470563,89589705487385892924,2.4334134470563e-05,89.5897054873859,89589729821520363487,323335414189153,49241871690034491626525,49241.871690034495,0.0,0,0,0,nan,0
CL-SEDA/WETH,0.014874382245316472,0x681D6e4B0b020656cA04956dDAf76aDd7EF022F6,0x82F40418147828bcC8f0F1F551685FC2f6768176,0x306aCd0c07c430AbBBb2e74Ef7bdE94F32A898c0,0x4200000000000000000000000000000000000006,0x940181a94A35A4569E4529A3CDfB74e38FD98631,18,18,18,7312951976909217,387251389846722,0.007312951976909217,0.000387251389846722,7700203366755939,659383761367627,100413198108662424580699,100413.19810866243,0.0,0,0,0,nan,0
CL-SUPR/WETH,2.8623735693898773e-05,0x1c6511ef0ec38b5b91208D1A21eF9f9D1aA532B3,0xA6b01B70982BF3D288d84182b44632CE6E34f6F0,0x17906b1Cd88aA8EfaEfC5e82891B52a22219BD45,0x4200000000000000000000000000000000000006,0x940181a94A35A4569E4529A3CDfB74e38FD98631,18,18,18,9230902205848999072133,2989150832805389,9230.902205848999,0.002989150832805389,9230905194999831877522,0,193231610929351705504,193.23161092935172,0.0,0,0,0,nan,0
CL-TIG/USDC,0.3236084286597806,0x3F5E98C7ebfF35056ab4346BCcd722A537c1aEfA,0x03fDf6f0f980Aa6eb2bc5387a27883360414Bf6C,0x0C03Ce270B4826Ec62e7DD007f0B716068639F7B,0x833589fCD6eDb6E08f4c7C32D4f71b54bdA02913,0x940181a94A35A4569E4529A3CDfB74e38FD98631,18,18,6,8757207327957774372,10727462,8.757207327957774,10.727462,8757207327968501834,14372202280854708,2184598776657035835202580,2184598.7766570356,0.0,0,0,0,nan,0
CL-WETH/SYRUP,0.07364772776941053,0x7432aaB631B801a10BEF7d70c1507a32755595fa,0x152cF5b5Fa1A41D00140A83e39328D8C5F0cDdB8,0x4200000000000000000000000000000000000006,0x688AEe022AA544f150678B8E5720b6b96a9E9a2F,0x940181a94A35A4569E4529A3CDfB74e38FD98631,18,18,18,729780507956609,4839924150358212003,0.000729780507956609,4.839924150358212,4840653930866168612,3264632086541276,497177210911814628689889,497177.21091181465,0.0,0,0,0,nan,0
CL-VEUR/USDC,0.001228979831426227,0xc5cE625C8Ffa95789eFa4bD9a5925C91154a5187,0x94824E750c153908c9ecE916d3018D2D7E1222Fc,0x4ed9Df25d38795a47f52614126e47f564D37F347,0x833589fCD6eDb6E08f4c7C32D4f71b54bdA02913,0x940181a94A35A4569E4529A3CDfB74e38FD98631,18,18,6,141892646873274136,1,0.14189264687327413,1e-06,141892646873274137,54477810964489,8296532471014674468592,8296.532471014674,0.0,0,0,0,nan,0
CL-VCHF/USDC,0.0013682551439644357,0x44B7CbBb1E326617d439a2966C4475e78b9D42E6,0x38B25d8551c8f4Dd17557Bb319c9f8D9846C48Eb,0x1fcA74D9ef54a6AC80ffE7D3b14e76c4330Fd5D8,0x833589fCD6eDb6E08f4c7C32D4f71b54bdA02913,0x940181a94A35A4569E4529A3CDfB74e38FD98631,18,18,6,6925637189544412,2809,0.006925637189544412,0.002809,6925637189547221,60651560894683,9236744932876648717638,9236.744932876649,0.0,0,0,0,nan,0
CL-R1/USDC,0.0013813735140671298,0x81aA7644632479A621A3ADd22641aC1b41FaA5f4,0x28e9E379291dd5a7cD5BF1d2e41d03bD9cf101B7,0x6444C6c2D527D85EA97032da9A7504d6d1448ecF,0x833589fCD6eDb6E08f4c7C32D4f71b54bdA02913,0x940181a94A35A4569E4529A3CDfB74e38FD98631,18,18,6,79798518909483475,19319,0.07979851890948347,0.019319,79798518909502794,61236307906832,9325303736480026442503,9325.303736480026,4.262792032658943e-22,3.975183046999173,0,3.975183046999173,2345.880334622479,1776902400
CL-WETH/ZEN,1.9628474124142186,0x0392B12a1cEb0cd13af5Ea448CF5586EA609852D,0x828622C92977a372Be19F24bC5c4B5021B4b06eC,0x4200000000000000000000000000000000000006,0xf43eB8De897Fbc7F2502483B2Bef7Bb9EA179229,0x940181a94A35A4569E4529A3CDfB74e38FD98631,18,18,18,48482935921091059,12727649772355921072,0.04848293592109106,12.727649772355921,12776132708277012131,87075789975166109,13250687176731948075558630,13250687.176731948,1.4438127615152391e-21,19131.51124461192,0,19131.51124461192,692.6105840417489,1776902400
CL-ZRO/ZEN,0.022956032196394274,0x82685574957fEf6ab359D8c1083401B492dCa0CF,0xAc7aa2b1eA5B8847FCa2A79D3DdC191aF96e4669,0x6985884C4392D348587B19cb9eAAf157F13271cd,0xf43eB8De897Fbc7F2502483B2Bef7Bb9EA179229,0x940181a94A35A4569E4529A3CDfB74e38FD98631,18,18,18,2168360025904878222,596310281277082020,2.168360025904878,0.596310281277082,2764670307181960242,1009179932629213,154970375959726280657519,154970.37595972628,1.1561016562335474e-20,1791.6150831417508,0,1791.6150831417508,86.49758389395362,1776902400
CL-cbBTC/ZEN,1.093456962082555,0x47f9e291bb766Fc307Ad7BBa4f29f3Eab6A97101,0xB6abC5598A53C8432F9C849528d9D30E30c205FA,0xcbB7C0000aB88B473b1f5aFd9ef808440eed33Bf,0xf43eB8De897Fbc7F2502483B2Bef7Bb9EA179229,0x940181a94A35A4569E4529A3CDfB74e38FD98631,18,8,18,40272,5242376611703612004,0.00040272,5.242376611703612,5242376611703652276,48477941989942067,7381651805503648636091528,7381651.805503649,1.947972649726048e-21,14379.255826922008,0,14379.255826922008,513.3542301739373,1776902400
CL-WETH/A0X,0.0013390698462699866,0x035D6b8ac7Fe438F8B3b52Eac81e346377f7509F,0x688da366bFe09A22f2AF5f54FC463c4E0c137a0f,0x4200000000000000000000000000000000000006,0x820C5F0fB255a1D18fd0eBB0F1CCefbC4D546dA7,0x940181a94A35A4569E4529A3CDfB74e38FD98631,18,18,18,1,1,1e-18,1e-18,2,59362752667742,9039722358700448985682,9039.72235870045,7.306586392386289e-21,66.0495123770308,0,66.0495123770308,136.86281750422248,1776902400
CL-WETH/MAMO,0.006671391752546241,0xAa067F08FeF60420d050A92E7800E588748B7d67,0x6165cEeE2Df1cB4811698be5BfEf218AA6414868,0x4200000000000000000000000000000000000006,0x7300B37DfdfAb110d83290A29DfB31B1740219fE,0x940181a94A35A4569E4529A3CDfB74e38FD98631,18,18,18,971776376779130,170766715617427403182,0.00097177637677913,170.7667156174274,170767687393804182312,295757565451089,45036880904405540883490,45036.88090440554,4.420890758986082e-21,199.10313060384317,0,199.10313060384317,226.19875824060105,1776902400
CL-TOWNS/USDC,7.25141338031849e-05,0xF099ceFE04717710dd2EC40f2e0c9C06134F5Eb5,0x83e1dd4273a7eeC62982f4e5B9AE3452f8fCC6f5,0x00000000A22C618fd6b4D7E9A335C4B96B189a38,0x833589fCD6eDb6E08f4c7C32D4f71b54bdA02913,0x940181a94A35A4569E4529A3CDfB74e38FD98631,18,18,6,4851994593918780521,4496,4.85199459391878,0.004496,4851994593918785017,3214733347719,489524604327683086770,489.5246043276831,5.8659690286621324e-21,2.871536167754274,0,2.871536167754274,170.4748175644686,1776902400
CL-TOWNS/WETH,0.19420073196910437,0xB98185D088C7F3B035cF1384EB9efF4312bf734d,0xf5C198ead622C29589E5d34936CFEa42869bc3aC,0x00000000A22C618fd6b4D7E9A335C4B96B189a38,0x4200000000000000000000000000000000000006,0x940181a94A35A4569E4529A3CDfB74e38FD98631,18,18,18,2471814280517074135342,2917729672621340,2471.814280517074,0.00291772967262134,2471817198246746756682,8609860948552339,1311000097378903451537993,1311000.0973789035,2.7595639483801923e-21,3617.7886050497436,0,3617.7886050497436,362.37609227609295,1776902400
CL-WETH/ZXBT,2.4543494437271053e-08,0x017FFF440a3Ad5Fa72EC1f1efA615B5892F9a72A,0xFc8AcA4F761832bd7aBB776931699433A80c561D,0x4200000000000000000000000000000000000006,0xE99D2F7988c5F2d013A34E7484f079cAB87f469F,0x940181a94A35A4569E4529A3CDfB74e38FD98631,18,18,18,30849108105733,1563895051855779788411,3.0849108105733e-05,1563.8950518557797,1563895082704887894144,0,165686932644517170,0.16568693264451717,0.0,0,0,0,nan,0
CL-WETH/docker,3.7868841891046884e-05,0xC172acE2c8ed86acDFdd5723d0118f16C00117DD,0x655CB374D5d086916168aCF703B967e5064B94B0,0x4200000000000000000000000000000000000006,0x56f8AD6112C2DB9F9848243531B277cE1C3BE30c,0x940181a94A35A4569E4529A3CDfB74e38FD98631,18,18,18,50845102387910,3369447434763429179070,5.084510238791e-05,3369.447434763429,3369447485608531566980,0,255642988074252014374,255.642988074252,0.0,0,0,0,nan,0
CL-1000X/USDC,0.0012670894289664363,0x458F1d779E5F9ee149b53B8f77c5d62C2Bc28d8e,0x3494963a2a8407f2c15d0af6cA417292882a87ed,0x352b850b733ab8baB50aED1Dab5D22E3186ce984,0x833589fCD6eDb6E08f4c7C32D4f71b54bdA02913,0x940181a94A35A4569E4529A3CDfB74e38FD98631,18,18,6,61417754486678745940,853049,61.417754486678746,0.853049,61417754486679598989,56166934833018,8553800739675133354998,8553.800739675133,1.6228672087874173e-21,13.881682730920328,0,13.881682730920328,616.1933610989561,1776902400
CL-USDC/TOWER,0.0009406155369101714,0xd59858F403aB4246Db7a29Aedf0BfD7573d9B8E5,0x391b58a68728d6aF0f4B91cf6cf729eB87fD90f3,0x833589fCD6eDb6E08f4c7C32D4f71b54bdA02913,0xf7C1CEfCf7E1dd8161e00099facD3E1Db9e528ee,0x940181a94A35A4569E4529A3CDfB74e38FD98631,18,6,18,2181164,3988488019710040318404,2.181164,3988.48801971004,3988488019710042499568,0,6349857943282763767856,6349.857943282764,0.0,0,0,0,nan,0
CL-GAI/WETH,2.3749549969501317e-07,0x3A4eA0342da8841843cFE05495DccB1D9A746Ef2,0x1BEF11019be0c39d5A7A8788E3ed6B99d68a0c79,0x3489256FEBdb1dc930Dc3743617AD387Cd6D3568,0x4200000000000000000000000000000000000006,0x940181a94A35A4569E4529A3CDfB74e38FD98631,18,18,18,1928706919395498021,6089491234376,1.928706919395498,6.089491234376e-06,1928713008886732397,0,1603272140481672848,1.603272140481673,0.0,0,0,0,nan,0
CL-WETH/PREDI,0.00012652715163369532,0x0c86A9584175ad79252316D46FB127002Ee9b3C6,0x16926Ce2985688C8A549c3F1EE346Fe65dFd223c,0x4200000000000000000000000000000000000006,0xaeA742f80922f7C94B8FD91686c9dFbDFE90d9E6,0x940181a94A35A4569E4529A3CDfB74e38FD98631,18,18,18,51488251005738,92293674518652971226,5.1488251005738e-05,92.29367451865298,92293726006903976964,0,854152847061562186227,854.1528470615622,0.0,0,0,0,nan,0
CL-USDC/SAPIEN,0.08847409588594857,0x80Cc08712Aa61cE9dc7604F9cE7560A25094B862,0x96FA1A659f080067b554d1d60DfF183EDCe0b027,0x833589fCD6eDb6E08f4c7C32D4f71b54bdA02913,0xC729777d0470F30612B1564Fd96E8Dd26f5814E3,0x940181a94A35A4569E4529A3CDfB74e38FD98631,18,6,18,15066850,101192898322915783230,15.06685,101.19289832291578,101192898322930850080,3917942199548930,597266277762752937455116,597266.277762753,9.32811172775636e-21,5571.366570192124,0,5571.366570192124,107.20283259734546,1776902400
CL-USDC/VELVET,0.000979501328235337,0x6b0F53cbD9272D8117e9535FE25371dedF39a1bE,0xc632BA1757eb3245d8f81d0Ea2ED3DE456DFfB73,0x833589fCD6eDb6E08f4c7C32D4f71b54bdA02913,0xbF927b841994731C573BDF09ceB0c6B0Aa887cDd,0x940181a94A35A4569E4529A3CDfB74e38FD98631,18,6,18,231619,1328047935929382504,0.231619,1.3280479359293824,1328047935929614123,43418579724684,6612366100162717609070,6612.366100162718,0.0,0,0,0,nan,0
CL-WETH/balajis,8.678573800788367e-07,0x4A7118f40fCBBBeB2d5Ff3696eBc456Bb2B8326e,0x0b3e4c78EE4232d22d2CA56F62b9972796D73ed5,0x4200000000000000000000000000000000000006,0xcaf75598B8b9a6E645B60D882845d361F549f5EC,0x940181a94A35A4569E4529A3CDfB74e38FD98631,18,18,18,229697184984627,866998262948814177861,0.000229697184984627,866.9982629488142,866998492645999162488,0,5858686001118486320,5.858686001118486,0.0,0,0,0,nan,0
CL-WETH/VELVET,0.0005334905239857318,0xF579B16f9b1A4aCc872D34a8141fbbD36C0ce10C,0xbaB42F222012FeA2D1BC17Ca9Db82031e84511D2,0x4200000000000000000000000000000000000006,0xbF927b841994731C573BDF09ceB0c6B0Aa887cDd,0x940181a94A35A4569E4529A3CDfB74e38FD98631,18,18,18,50402591181347,283486895654740671,5.0402591181347e-05,0.28348689565474067,283537298245922018,23647452812728,3601459797830659088949,3601.4597978306588,9.695617739634005e-22,3.4918377504425635,0,3.4918377504425635,1031.3937975423405,1776902400
CL-USDC/frxUSD,0.0002702802137243206,0xD3d9f0f7D0d477e0A19222965B59233Ad7f6Bc6b,0x4A3Ee54B82c1aE22b81EEb95cA53f9F7234fEE5b,0x833589fCD6eDb6E08f4c7C32D4f71b54bdA02913,0xe5020A6d073a794B6E7f05678707dE47986Fb0b6,0x940181a94A35A4569E4529A3CDfB74e38FD98631,18,6,18,179104,38569771146391968,0.179104,0.03856977114639197,38569771146571072,11980178648318,1824593465325079756516,1824.5934653250797,1.3073889304167611e-21,2.385453299076768,0,2.385453299076768,764.883330992581,1776902400
CL-BIO/AUBRAI,0.011156027036184641,0x6744257f30D991fF0de9f5Aa2AcD03f8093e7067,0xCcCc26Ff97FE100E6eD2D36E345A6171aA9Ec599,0x226A2FA2556C48245E57cd1cbA4C6c9e67077DD2,0x9d56c29e820Dd13b0580B185d0e0Dc301d27581d,0x940181a94A35A4569E4529A3CDfB74e38FD98631,18,18,18,194752873265737764810,12375722421637954005,194.75287326573778,12.375722421637954,207128595687375718815,494509224116200,75311521138481292504481,75311.52113848129,0.0,0,0,0,nan,0
CL-WETH/cbBTC,0.10573839016338507,0x22AEe3699b6A0fEd71490C103Bd4E5f3309891D5,0x83e2E9493996651ed63033d81f5052cBE2fEB6A1,0x4200000000000000000000000000000000000006,0xcbB7C0000aB88B473b1f5aFd9ef808440eed33Bf,0x940181a94A35A4569E4529A3CDfB74e38FD98631,18,18,8,239714418671404996,754252,0.239714418671405,0.00754252,239714418672159248,0,713813168443361106106005,713813.1684433611,0.0,0,0,0,nan,0
CL-WETH/MEM,0.006889440910880255,0x531a13a588C4188FdAE818D56CB91ECC4F6BDeAF,0x5f57a113eD5529A14B08006Bf788c3fe0cBfBfA4,0x4200000000000000000000000000000000000006,0x7750741868Cc4A865d9c0f619e6E642FD61F642f,0x940181a94A35A4569E4529A3CDfB74e38FD98631,18,18,18,1,26413361939133904,1e-18,0.026413361939133902,26413361939133905,305388815289887,46508875705407413118780,46508.875705407416,6.5740937824237656e-24,0.3057537106024386,0,0.3057537106024386,152112.22004066326,1776902400
CL-AVNT/USDC,0.14560712645680013,0xc4ed25e61cBdE561c982789f740E3e9A8C317100,0x658CeF587d3D9e31DEF560c19c199914c07a4826,0x696F9436B67233384889472Cd7cD58A6fB5DF4f1,0x833589fCD6eDb6E08f4c7C32D4f71b54bdA02913,0x940181a94A35A4569E4529A3CDfB74e38FD98631,18,18,6,197699424916482599563,18907218,197.6994249164826,18.907218,197699424916501506781,6446636499338788,982956938567545372706907,982956.9385675454,0.0,0,0,0,nan,0
CL-WETH/AUBRAI,3.733311035617525e-05,0xE2b2A0faeB9e0725513ba166d7A2fE849E480C6D,0xEe9AFdf35D0d825AC4A89728bb16425ABE0E9Cfe,0x4200000000000000000000000000000000000006,0x9d56c29e820Dd13b0580B185d0e0Dc301d27581d,0x940181a94A35A4569E4529A3CDfB74e38FD98631,18,18,18,98735105728669,242782843356618356,9.8735105728669e-05,0.24278284335661834,242881578462347025,0,252026399777883554089,252.02639977788354,0.0,0,0,0,nan,1776902400
CL-WETH/RETAKE,0.00032863088868296966,0x06c522A75A0413269FAE5069FF9B93D65C7c4B57,0x266F44F2BDE17b7A45489DFb0727Fe37451a50Cf,0x4200000000000000000000000000000000000006,0x5eeB2662615782b58251b6f0c3E107571ae1AB07,0x940181a94A35A4569E4529A3CDfB74e38FD98631,18,18,18,317387591571608,321193201793591534161522,0.000317387591571608,321193.20179359155,321193202110979125733130,0,2218504135883642989512,2218.504135883643,0.0,0,0,0,nan,0
CL-WETH/BID,0.006391443011345161,0x1024C20c048ea6087293f46D4a1C042CB6705924,0x57676415De17E1c684D1028B8a39D1AcF8D6a63d,0x4200000000000000000000000000000000000006,0xa1832f7F4e534aE557f9B5AB76dE54B1873e498B,0x940181a94A35A4569E4529A3CDfB74e38FD98631,18,18,18,1,3163614195670834064,1e-18,3.163614195670834,3163614195670834065,283311210547598,43147017651809219792774,43147.01765180922,1.1641350569486818e-21,50.22895585125471,0,50.22895585125471,859.0068600984349,1776902400
CL-VVV/DIEM,0.959253584035153,0x782D7C494d5DDC20c246a82aC8fe277e2728d002,0x8add35fF47e34f0A11b46Ea5B638389BF52b2f8E,0xacfE6019Ed1A7Dc6f7B508C02d1b04ec88cC21bf,0xF4d97F2da56e8c3098f3a8D538DB630A2606a024,0x940181a94A35A4569E4529A3CDfB74e38FD98631,18,18,18,2188660223899635017,78538416093723916,2.188660223899635,0.07853841609372392,2267198639993358933,42519252680202421,6475678692504712071918739,6475678.692504712,1.0413450882582747e-22,674.3416199578548,0,674.3416199578548,9602.964581823424,1776902400
CL-BIO/VITA,0.0019105480760336756,0x5bd27255061a0e8BCE2fC32BBB50D3be4e0B28BD,0xdC2FF82fB3C5184C61b034505FC8ecd51df5f482,0x226A2FA2556C48245E57cd1cbA4C6c9e67077DD2,0x490a4B510d0Ea9f835D2dF29Eb73b4FcA5071937,0x940181a94A35A4569E4529A3CDfB74e38FD98631,18,18,18,14881542458318293532,10272591514287140809,14.881542458318293,10.272591514287141,25154133972605434341,84689862316557,12897627564687584005768,12897.627564687584,4.9203355520416086e-21,63.460655443524146,0,63.460655443524146,203.23817134485213,1776902400
CL-SYND/USDC,0.31204546489959223,0x9dCBB8258e0015d6cB81061b3F5c47D5C5D6188f,0x46060dDAD805A2783DFf4A536AA774Da5A3Eac89,0x11dC28D01984079b7efE7763b533e6ed9E3722B9,0x833589fCD6eDb6E08f4c7C32D4f71b54bdA02913,0x940181a94A35A4569E4529A3CDfB74e38FD98631,18,18,6,770700420942492874506,78,770.7004209424929,7.8e-05,770700420942492874584,13850422491223222,2106540128464055253478430,2106540.1284640552,1.2208504155651429e-21,2571.770391239991,0,2571.770391239991,819.1011669001979,1776902400
CL-LINK/AERO,0.00031785178502143893,0x07b1Be2F179313C4F3C7124893d46990672c3F1a,0x1c484bA49128bF0D9191ADb349AF154c1196EA4a,0x88Fb150BDc53A65fe94Dea0c9BA0a6dAf8C6e196,0x940181a94A35A4569E4529A3CDfB74e38FD98631,0x940181a94A35A4569E4529A3CDfB74e38FD98631,18,18,18,26732477886427405,909994566465347803,0.026732477886427405,0.9099945664653478,936727044351775208,14090374238464,2145737129257878719003,2145.7371292578787,1.016813344587813e-20,21.818141470069563,0,21.818141470069563,98.34646696197434,1776902400
CL-SPON/WETH,0.0005273836175334462,0xb51C06EE6a8459630F0b98A2372F8121aF8F61b1,0x1f5aB71271879f5C28832B26753CD868f49f1857,0x080D43c2164AFdBc3712422CE78Ab902ccaB5CA1,0x4200000000000000000000000000000000000006,0x940181a94A35A4569E4529A3CDfB74e38FD98631,18,18,18,5341604217160656763,1,5.341604217160657,1e-18,5341604217160656764,23376835935321,3560233614631184760702,3560.2336146311845,0.0,0,0,0,nan,0
CL-BRETT/TOSHI,1.3479914810860103e-07,0xf4bdb3085FA680CB8ae6D95de3cf08E7719aCEdb,0xDF9e514F39FB57A2a0A818196Cd6eeEDE005a266,0x532f27101965dd16442E59d40670FaF5eBB142E4,0xAC1Bd2486aAf3B5C0fc3Fd868558b082a531B2B4,0x940181a94A35A4569E4529A3CDfB74e38FD98631,18,18,18,2295230245142764005,119090859462015386597,2.295230245142764,119.09085946201539,121386089707158150602,0,909995006224199337,0.9099950062241993,0.0,0,0,0,nan,0
CL-WETH/RSR,0.0014012843460377666,0xC36eaA38e17b0270a374969dd301AF981f50b2B2,0xB8fA634ab603B4CF2217Dc0f71522feaeE64AeeF,0x4200000000000000000000000000000000000006,0xaB36452DbAC151bE02b16Ca17d8919826072f64a,0x940181a94A35A4569E4529A3CDfB74e38FD98631,18,18,18,31667650583185,1,3.1667650583185e-05,1e-18,31667650583186,62124502895325,9459716734761375974899,9459.716734761376,1.650920483400285e-21,15.617240124582015,0,15.617240124582015,605.7226923130606,1776902400
CL-WETH/APU,0.04526437579396528,0x7f94857597C318056d0313CE32a6e154298c1a8e,0xdA6d1A0ec6A40B1F97b901d99c9CeBe8553F90F9,0x4200000000000000000000000000000000000006,0xB9926b3fBc5873Db0182016D55727D5ae89E5EFd,0x940181a94A35A4569E4529A3CDfB74e38FD98631,18,18,18,1,33844360618436101933135,1e-18,33844.360618436105,33844360618436101933136,2008235505651859,305568369758382242145932,305568.3697583822,4.1823676871103883e-22,127.7999275880457,0,127.7999275880457,2390.9901634949347,1776902400
CL-USDC/VFY,0.012284483197606836,0xF81d3c731b3AC5a4DFC968f514860beDEEbeBAf2,0xC2607b22f95D6030B9560C872661509D928c2e45,0x833589fCD6eDb6E08f4c7C32D4f71b54bdA02913,0xa749dE6c28262B7ffbc5De27dC845DD7eCD2b358,0x940181a94A35A4569E4529A3CDfB74e38FD98631,18,6,18,216261,16949919543617584267,0.216261,16.949919543617586,16949919543617800528,544625355254178,82929443699904400937788,82929.4436999044,1.945010902756368e-21,161.29867215583445,0,161.29867215583445,514.1359354761724,1776902400
CL-USDC/WCT,0.0015476224822421618,0x3f932B543490c477846288e48e4546A04FF1410e,0xd2E50D99b8e002b8B617c2Fe9e2F3617b4E277C0,0x833589fCD6eDb6E08f4c7C32D4f71b54bdA02913,0xeF4461891DfB3AC8572cCf7C794664A8DD927945,0x940181a94A35A4569E4529A3CDfB74e38FD98631,18,6,18,63974,3301678748124924004,0.063974,3.301678748124924,3301678748124987978,68614296458133,10447608535523131069909,10447.60853552313,2.918064113159422e-21,30.486791535848113,0,30.486791535848113,342.69295026464937,1776902400
CL-KRWQ/USDC,0.005694126049973845,0xb0b3303ed186C01cDc4456E45d17A622E3860c64,0x7ae924c53701EB53E89E57e28daFeb4182B72F34,0x370923D39f139C64813f173a1bf0b4f9Ba36a24f,0x833589fCD6eDb6E08f4c7C32D4f71b54bdA02913,0x940181a94A35A4569E4529A3CDfB74e38FD98631,18,18,6,4825164297571260923415,3254224,4825.164297571261,3.254224,4825164297571264177639,252429038909660,38439606948500475524920,38439.60694850048,3.873580110885957e-21,148.8988969459851,0,148.8988969459851,258.15911156443906,1776902400
CL-WETH/SEND,4.4664919349692015e-05,0x69959Af9c0CaE8eB69C2f3de816Cad8A8f6688b0,0x0D3Bbb0F96badc2975e215Ceb0033E7a896391B9,0x4200000000000000000000000000000000000006,0xEab49138BA2Ea6dd776220fE26b7b8E446638956,0x940181a94A35A4569E4529A3CDfB74e38FD98631,18,18,18,433358022458,1,4.33358022458e-07,1e-18,433358022459,1979800089260,301521590691958850894,301.52159069195886,2.938562915206601e-22,0.08860401645414942,0,0.08860401645414942,3403.0239571361813,1776902400
CL-USDC/ZEN,0.008579285543357781,0xbFA5184f90B071C34C85d065b8c7877617248ef7,0x78F5a590Da87B546311dC0E7F4f3Be77CFeeB2a0,0x833589fCD6eDb6E08f4c7C32D4f71b54bdA02913,0xf43eB8De897Fbc7F2502483B2Bef7Bb9EA179229,0x940181a94A35A4569E4529A3CDfB74e38FD98631,18,6,18,1185192,453969016562253347,1.185192,0.45396901656225336,453969016563438539,380278348750135,57916590059881134574729,57916.590059881135,3.9232527194907384e-21,227.22141945605892,0,227.22141945605892,254.8905389224597,1776902400
CL-WETH/uZEC,0.011152041187173868,0x3054f64E28140EE00428bE94Eac4aD6F7241712a,0x76E017276E8861968A86A56919B2235c505B6438,0x4200000000000000000000000000000000000006,0x83f31af747189c2FA9E5DeB253200c505eff6ed2,0x940181a94A35A4569E4529A3CDfB74e38FD98631,18,18,18,40371918208051,161951811679783,4.0371918208051e-05,0.000161951811679783,202323729887834,494332544811339,75284613678410082897535,75284.61367841008,0.0,0,0,0,nan,0
CL-kVCM/USDC,0.00022326038961239327,0x5aAdAcac0deDeDd534990Ddc0Ea6565d104B48DE,0x740546B5d6Ef109D33124b7E93B8ebf5f8f78d1B,0x00fBAC94Fec8D4089d3fe979F39454F48c71A65d,0x833589fCD6eDb6E08f4c7C32D4f71b54bdA02913,0x940181a94A35A4569E4529A3CDfB74e38FD98631,18,18,6,147066795766651847372,8914322,147.06679576665184,8.914322,147066795766660761694,0,1507174507299306154380,1507.1745072993062,0.0,0,0,0,nan,0
CL-USDC/LMTS,0.06227877278913753,0xa5E0Da329eE5AA03f09228e534953496334080f5,0x23FD7a6fFeecababC8952F41E1490458ad28be9A,0x833589fCD6eDb6E08f4c7C32D4f71b54bdA02913,0x9EadbE35F3Ee3bF3e28180070C429298a1b02F93,0x940181a94A35A4569E4529A3CDfB74e38FD98631,18,6,18,2515570,249961094260679158806,2.51557,249.96109426067915,249961094260681674376,2769077395852751,420428266996374157595757,420428.2669963742,0.0,0,0,0,nan,0
CL-EURAU/EURC,9.533912074795079e-05,0xc87B179Bc04F98Acb376E4E90b36A8d52ad5BA0a,0xe217269D06AA942896C9ad70f7Fb9A356082D9fA,0x4933A85b5b5466Fbaf179F72D3DE273c287EC2c2,0x60a3E35Cc302bFA44Cb288Bc5a4F316Fdb1adb42,0x940181a94A35A4569E4529A3CDfB74e38FD98631,18,6,6,1,1,1e-06,1e-06,2,4226146994577,643610326888300653086,643.6103268883006,0.0,0,0,0,nan,1776902400
CL-WETH/COMMON,0.17151809818158534,0x45dF01EFA0dE71725d4d8fC1165b102bC2E989Fb,0xB716cB1E4c8b6c1Dc78C9E72ea47D99562e52657,0x4200000000000000000000000000000000000006,0x4c87da04887a1F9F21F777E3A8dD55C3C9f84701,0x940181a94A35A4569E4529A3CDfB74e38FD98631,18,18,18,60515732587787987,380204511286432767165950,0.06051573258778799,380204.51128643274,380204571802165354953937,7607621028040797,1157875365032486153387046,1157875.3650324862,1.1251939615219445e-20,13028.343689295707,0,13028.343689295707,88.87356617586124,1776902400
CL-WETH/TITN,3.0127803713653598e-05,0xfe2313df3e27aD2608B16230695d835E18d409f4,0x52bf08d71F69282e729A16d14a4503c6957B7De4,0x4200000000000000000000000000000000000006,0xe62bfbE57763ec24c0F130426F34DbCe11Fc5B06,0x940181a94A35A4569E4529A3CDfB74e38FD98631,18,18,18,2721607359269,1,2.721607359269e-06,1e-18,2721607359270,1335583644084,203385194288021878660,203.38519428802186,0.0,0,0,0,nan,0
CL-USDC/CHECK,0.010360308318318396,0xf0125d06B76CEbC2Ab3831A938E07Ab6988B00c9,0xd54F8A71BFE766963EE3c8d3C76bCe35C64A5f6B,0x833589fCD6eDb6E08f4c7C32D4f71b54bdA02913,0x9126236476eFBA9Ad8aB77855c60eB5BF37586Eb,0x940181a94A35A4569E4529A3CDfB74e38FD98631,18,6,18,113799125,2461403528097586331380,113.799125,2461.4035280975863,2461403528097700130505,0,69939825027805333092838,69939.82502780533,0.0,0,0,0,nan,0
CL-WETH/SAND,0.07754223879315655,0xA69CDf524D072c366FD050957880552916D29405,0xC77386D4B892e6E4D36d43d6A59EEaCA770E4295,0x4200000000000000000000000000000000000006,0xac531Eb26Ca1d21b85126De8FB87E80E09002DcF,0x940181a94A35A4569E4529A3CDfB74e38FD98631,18,18,18,4142658520702603,272045320552476063361,0.004142658520702603,272.0453205524761,272049463210996765964,3448525462433718,523468071299439314807993,523468.0712994393,5.8440039992675376e-21,3059.149502162788,0,3059.149502162788,171.11555709498757,1776902400
CL-CHECK/TOWER,0.09413524769814169,0xB5a64B150730b6c475CDC9C40632CE1D1ebf3ceC,0x58700106298036e6D74A3deb237B9ADAe17D2FAe,0x9126236476eFBA9Ad8aB77855c60eB5BF37586Eb,0xf7C1CEfCf7E1dd8161e00099facD3E1Db9e528ee,0x940181a94A35A4569E4529A3CDfB74e38FD98631,18,18,18,21445770283244836741,1,21.445770283244837,1e-18,21445770283244836742,4186757923272159,635483283959427156663626,635483.2839594271,1.6132808763159285e-22,102.52130292301887,0,102.52130292301887,6198.548651265176,1776902400
CL-WETH/ROOM,1.036485253669497e-06,0x827F373b058CcfDa902E0Fbd11702d56e92784DD,0xb7A4B01d15981Dc4a641303c87BFBC2c9662517E,0x4200000000000000000000000000000000000006,0x6555255b8dEd3c538Cb398d9E36769f45D7d3ea7,0x940181a94A35A4569E4529A3CDfB74e38FD98631,18,18,18,1,1,1e-18,1e-18,2,45945734809,6997050189845250029,6.99705018984525,2.0442219675412128e-20,0.14303523706070073,0,0.14303523706070073,48.91836678591213,1776902400
CL-msUSD/USDC,0.011989820110933844,0x054B67943BA17b2cD8C420544C88BdE71a81Ef9f,0xA0B1Db34fa530B9A001965C8A212c1a54Dab8510,0x526728DBc96689597F85ae4cd716d4f7fCcBAE9d,0x833589fCD6eDb6E08f4c7C32D4f71b54bdA02913,0x940181a94A35A4569E4529A3CDfB74e38FD98631,18,18,6,5867383839611081870,4357058,5.867383839611082,4.357058,5867383839615438928,531484290549633,80940247617040418514147,80940.24761704043,0.0,0,0,0,nan,0
CL-USDC/CHECK,0.5231228565826198,0x5a7B4970B2610aEe4776A6944d9F2171EE6060B0,0xeCCE253d45D14A8D8cdf230AD6DE75d7dA2E2151,0x833589fCD6eDb6E08f4c7C32D4f71b54bdA02913,0x9126236476eFBA9Ad8aB77855c60eB5BF37586Eb,0x940181a94A35A4569E4529A3CDfB74e38FD98631,18,6,18,51091252,1514220909818470771242,51.091252,1514.2209098184708,1514220909818521862494,23191117612964654,3531470293479901705286424,3531470.2934799017,0.0,0,0,0,nan,0
CL-USDC/elizaOS,0.01436589317575104,0x84b783723DaC9B89d0981FFf3dcE369bC5870C16,0x757319eb2053b7Be8b4Da20652324FD812f45bf2,0x833589fCD6eDb6E08f4c7C32D4f71b54bdA02913,0xea17Df5Cf6D172224892B5477A16ACb111182478,0x940181a94A35A4569E4529A3CDfB74e38FD98631,18,6,9,1,5584581358,1e-06,5.584581358,5584581359,636869741136058,96980516815666870170320,96980.51681566687,0.0,0,0,0,nan,0
CL-USDC/TOWER,0.055556888628347886,0xD4dC229A997a73E86c13e3ce8019be02cD4827a6,0xF8b0f41537A00E0BDa5aB5733568F248157aFf74,0x833589fCD6eDb6E08f4c7C32D4f71b54bdA02913,0xf7C1CEfCf7E1dd8161e00099facD3E1Db9e528ee,0x940181a94A35A4569E4529A3CDfB74e38FD98631,18,6,18,664896,4222107733091025087802,0.664896,4222.107733091025,4222107733091025752698,2462984302793091,375050524595450015808366,375050.52459545,1.218081584185453e-22,45.684213714881096,0,45.684213714881096,8209.630725750714,1776902400
CL-USDC/EDEL,0.005981218136775873,0xe2B182796518E76845f46ccDC522495D81630d14,0x5b29c69383f3E4D274511Df97486207315Eade6d,0x833589fCD6eDb6E08f4c7C32D4f71b54bdA02913,0xFb31f85A8367210B2e4Ed2360D2dA9Dc2D2Ccc95,0x940181a94A35A4569E4529A3CDfB74e38FD98631,18,6,18,395419,81802639337387213118,0.395419,81.80263933738722,81802639337387608537,265167657399990,40377693123242847347419,40377.69312324284,1.4938509309901722e-20,603.1825446339179,0,603.1825446339179,66.94108356160865,1776902400
CL-WETH/jesse,0.0010494763551745488,0x4e40ff3Be6bdA5b131c91520Fa73515076eEE098,0x474716f0164cbe5d2F55336492C51FE0bF04373E,0x4200000000000000000000000000000000000006,0x50F88fe97f72CD3E75b9Eb4f747F59BcEBA80d59,0x940181a94A35A4569E4529A3CDfB74e38FD98631,18,18,18,296282890515773,475891783639356295452,0.000296282890515773,475.8917836393563,475892079922246811225,46526841227750,7084749835286810130696,7084.749835286811,1.4342739063802342e-20,101.61471821983534,0,101.61471821983534,69.72168952886844,1776902400
CL-sUSDai/USDC,0.0001052861478482524,0xEd7b8e8D89Bb5061E5B8eC1fC8E31cdb36B7CAFE,0xB5DBc58d852A10fA344e24A5Cb87C9C5732F55A6,0x0B2b2B2076d95dda7817e785989fE353fe955ef9,0x833589fCD6eDb6E08f4c7C32D4f71b54bdA02913,0x940181a94A35A4569E4529A3CDfB74e38FD98631,18,18,6,31545558909556,1,3.1545558909556e-05,1e-06,31545558909557,4667074059512,710760194784785309299,710.7601947847853,6.936241874009633e-21,4.930004625445472,0,4.930004625445472,144.17028964157646,1776902400
CL-USDai/USDC,0.0001143143065940469,0x2595b1BD2944D213360e73c928c5d1636cCC2d99,0xDe7bDBb10EAE1546D88d506C9250F57D14B3A221,0x0A1a1A107E45b7Ced86833863f482BC5f4ed82EF,0x833589fCD6eDb6E08f4c7C32D4f71b54bdA02913,0x940181a94A35A4569E4529A3CDfB74e38FD98631,18,18,6,1,9277,1e-18,0.009277,9278,5067906850356,771707014474279567176,771.7070144742795,5.329505202155281e-22,0.41128165481803935,0,0.41128165481803935,1876.3467940618475,1776902400
CL-USDC/cbBTC,0.010052493073760023,0x95DaDA6BC214A86Af204250F7b6FF873b52e0289,0x989612FdbEFb492dAf3E56406838D17c61B0ed2C,0x833589fCD6eDb6E08f4c7C32D4f71b54bdA02913,0xcbB7C0000aB88B473b1f5aFd9ef808440eed33Bf,0x940181a94A35A4569E4529A3CDfB74e38FD98631,18,6,8,217608,501,0.217608,5.01e-06,218109,445692470927300,67861842048549943129602,67861.84204854994,5.330137512937273e-22,36.171295,0,36.171295,1876.1242042495282,1776902400
CL-WETH/REPPO,0.15577131359246651,0x71FE33676773DF7Cf9Ce14f640caE06823F083cC,0x456979e89917F4dC1E86662fcDFD4c9766c6684d,0x4200000000000000000000000000000000000006,0xFf8104251E7761163faC3211eF5583FB3F8583d6,0x940181a94A35A4569E4529A3CDfB74e38FD98631,18,18,18,4955681545390721,2561848363957868884028,0.004955681545390721,2561.848363957869,2561853319639414274749,6913723292393640,1051572799020409076066007,1051572.7990204091,1.708409283564902e-21,1796.5167321907954,0,1796.5167321907954,585.3398302269355,1776902400
CL-SOL/USDC,0.006786706403231837,0xb30540172F1B37d1eE1d109e49F883E935E69219,0xC6e211fF1D04A1728ab011406AD42EF529Cb3886,0x311935Cd80B76769bF2ecC9D8Ab7635b2139cf82,0x833589fCD6eDb6E08f4c7C32D4f71b54bdA02913,0x940181a94A35A4569E4529A3CDfB74e38FD98631,18,9,6,3487079574,306347325,3.487079574,306.347325,3793426899,0,45815340989211410089628,45815.340989211414,0.0,0,0,0,nan,0
CL-USDC/DGLD,0.0002512966099533811,0x9E2E1D6118971698D410DB64ed20209946Dd5b2F,0xFc836EfAE8359a946393c95E4c07F8D81Ea906De,0x833589fCD6eDb6E08f4c7C32D4f71b54bdA02913,0xd02f50E1017F493ffFFa70c8fCf09e349e11d6c9,0x940181a94A35A4569E4529A3CDfB74e38FD98631,18,6,18,111348612,211018500469197886348,111.348612,211.01850046919787,211018500469309234960,0,1696439950454376109032,1696.439950454376,0.0,0,0,0,nan,0
CL-MYRC/USDC,0.001236655329055555,0x8d15046288Df104C9757a18fABaf587a88209D48,0x81Fbc2c15CaAf32CD5fdc0427cBA2817d7629238,0x3eD03E95DD894235090B3d4A49E0C3239EDcE59e,0x833589fCD6eDb6E08f4c7C32D4f71b54bdA02913,0x940181a94A35A4569E4529A3CDfB74e38FD98631,18,18,6,13523810036419113,1,0.013523810036419113,1e-06,13523810036419114,54816053769510,8348347817112760785533,8348.34781711276,0.0,0,0,0,nan,0
CL-RAVE/USDC,0.6411875709010236,0x51663B8A28E7Ea197c5CcF983AfC084Da0a8023D,0x8eF58803e5522986Be1896c1Ea024553A50e0940,0x1aA8fD5BCce2231C6100d55Bf8B377cff33Acfc3,0x833589fCD6eDb6E08f4c7C32D4f71b54bdA02913,0x940181a94A35A4569E4529A3CDfB74e38FD98631,18,18,6,302376860647313753808,257797832,302.3768606473138,257.797832,302376860647571551640,28580684902838066,4328495363359990719404290,4328495.3633599905,0.0,0,0,0,nan,0
CL-BRACKY/USDC,0.0004863537794492385,0x8c30Ecf71C809D295222E00351Eff6058d3497bA,0x50bEed7938E571a90bEd95ae092febb2a85e3783,0x06f71fb90F84b35302d132322A3C90E4477333b0,0x833589fCD6eDb6E08f4c7C32D4f71b54bdA02913,0x940181a94A35A4569E4529A3CDfB74e38FD98631,18,18,6,6043310322137292536233,1,6043.310322137292,1e-06,6043310322137292536234,21558644081437,3283251539546141281446,3283.251539546141,7.190593914502434e-22,2.360852854004123,0,2.360852854004123,1390.7057078875478,1776902400
CL-AERO/DIEM,2.491335812680545e-05,0xD1edC6961222bf35AFAC0989Ce602212f28464F6,0x289541d6ce255535A859C96B022d78C0cd80D545,0x940181a94A35A4569E4529A3CDfB74e38FD98631,0xF4d97F2da56e8c3098f3a8D538DB630A2606a024,0x940181a94A35A4569E4529A3CDfB74e38FD98631,18,18,18,83914008080796984,23963507293251,0.08391400808079698,2.3963507293251e-05,83937971588090235,1104369349826,168183789005870430799,168.18378900587044,0.0,0,0,0,nan,0
CL-MOCA/CHECK,0.012297340795151617,0xD4E145Efdbbbb97CE8C23d4C0Fd59C902Bc34dFa,0x181aBe1152ECC190889DD4A25991c0D214AC9695,0x2B11834Ed1FeAEd4b4b3a86A6F571315E25A884D,0x9126236476eFBA9Ad8aB77855c60eB5BF37586Eb,0x940181a94A35A4569E4529A3CDfB74e38FD98631,18,18,18,67297908325096162374,10544648087828144652,67.29790832509616,10.544648087828145,77842556412924307026,545164734966876,83016242093825749859495,83016.24209382574,1.6842927470097874e-21,139.8236544426393,0,139.8236544426393,593.7210154086052,1776902400
CL-cbETH/cbBTC,0.6257336367436137,0x8BB9eAF3C5A906D20c4CC10eA2F73A3Ac2D5d41A,0x2B0C60C15f896d138dB9f4ec0605A912A377f6ef,0x2Ae3F1Ec7F1F5012CFEab0185bfc7aa3cf0DEc22,0xcbB7C0000aB88B473b1f5aFd9ef808440eed33Bf,0x940181a94A35A4569E4529A3CDfB74e38FD98631,18,18,8,10535771264876756,17380,0.010535771264876755,0.0001738,10535771264894136,27741633938023306,4224169756654889747250346,4224169.75665489,7.841906967979306e-22,3312.554624863943,0,3312.554624863943,1275.20002989487,1776902400
CL-PORTAL/USDC,0.018009807807532374,0x6133d984A2ea4d20C56dB083Fb0B0D093a9F5B42,0x162A77D0b9064D60e626a0eE515594a422aDe40d,0x0FfebC403F2d3dd9EA5501ca03916E98967aCB2D,0x833589fCD6eDb6E08f4c7C32D4f71b54bdA02913,0x940181a94A35A4569E4529A3CDfB74e38FD98631,18,18,6,299508485623158191184,1378518,299.5084856231582,1.378518,299508485623159569702,782882542139183,121579664247643305240160,121579.6642476433,0.0,0,0,0,nan,0
CL-USDC/TRX,0.013979851680838372,0xf041d05Cc89a12c64D00Ca16e3bb6744e8437Cb5,0x5acC45Cc02A6C4f1D7e23Aa3CAB7652f9Db2F2C0,0x833589fCD6eDb6E08f4c7C32D4f71b54bdA02913,0x989cFDC3508500d0C91f22896a0D2ee1Ef675870,0x940181a94A35A4569E4529A3CDfB74e38FD98631,18,6,6,1,3715,1e-06,0.003715,3716,619741375346810,94374448175805498378964,94374.44817580549,0.0,0,0,0,nan,0
CL-USDC/CLAWD,0.13489860349361998,0x4c76Ef610b9F6FEeB3Ca70951BeF09ED31e7f6d0,0x7762C1810f3E249c83130093442eD24cEe6Dd61f,0x833589fCD6eDb6E08f4c7C32D4f71b54bdA02913,0x9f86dB9fc6f7c9408e8Fda3Ff8ce4e78ac7a6b07,0x940181a94A35A4569E4529A3CDfB74e38FD98631,18,6,18,22250796,659598408611106971799588,22.250796,659598.4086111069,659598408611106994050384,5979602194546432,910666404411645128593965,910666.4044116451,1.2042075855672532e-21,1096.631392113759,0,1096.631392113759,830.4216083549588,1776902400
CL-EMBER/USDC,4.69008682654562e-07,0x24bfa3f843F86Ba3AeA18296f6cAD8519F25399f,0xB115C1caCb4abe824a3405a8f3aC75a8C7ec5970,0x7FfBE850D2d45242efdb914D7d4Dbb682d0C9B07,0x833589fCD6eDb6E08f4c7C32D4f71b54bdA02913,0x940181a94A35A4569E4529A3CDfB74e38FD98631,18,18,6,32077577871326852806,1,32.07757787132685,1e-06,32077577871326852807,20791574284,3166159171477801329,3.1661591714778017,5.564148428807475e-21,0.017616979579332587,0,0.017616979579332587,179.72202086174812,1776902400
CL-CHECK/SAND,0.01583648331589976,0x3f985184335BD9e0A4774C79668Ce57EE2AaCFe2,0xfab8FcF5137630d186bC29A3f985661A152d1263,0x9126236476eFBA9Ad8aB77855c60eB5BF37586Eb,0xac531Eb26Ca1d21b85126De8FB87E80E09002DcF,0x940181a94A35A4569E4529A3CDfB74e38FD98631,18,18,18,5609280993879932065,10253593654165276745,5.609280993879932,10.253593654165277,15862874648045208810,702031535003591,106908099463739179404759,106908.09946373919,1.830654038657011e-21,195.71174404843956,0,195.71174404843956,546.2528576582453,1776902400
CL-UP/cbBTC,0.048580121935314316,0x1E726F3177a933cc134Fd0ea7C326EAb270E0137,0x46ded54E6C6B8bDdcc4F034f670Efc284A1B490B,0x5b2193fDc451C1f847bE09CA9d13A4Bf60f8c86B,0xcbB7C0000aB88B473b1f5aFd9ef808440eed33Bf,0x940181a94A35A4569E4529A3CDfB74e38FD98631,18,18,8,892629363027897122805,31372,892.6293630278972,0.00031372,892629363027897154177,0,327952134588289596082293,327952.1345882896,0.0,0,0,0,nan,0
CL-USDC/RNBW,0.0705093541238573,0x4bf85cA48a620BAf9DDE3b6A7A6d88b219827caA,0x0099140A97ACc1cc831ECB39Ab5FD60FC9F6BB64,0x833589fCD6eDb6E08f4c7C32D4f71b54bdA02913,0xa53887F7e7c1bf5010b8627F1C1ba94fE7a5d6E0,0x940181a94A35A4569E4529A3CDfB74e38FD98631,18,6,18,7054370,595733760202976843179,7.05437,595.7337602029769,595733760202983897549,3126073566034905,475990843006742895274821,475990.8430067429,0.0,0,0,0,nan,0
CL-UP/USDC,0.22843501834603816,0xb1857B20d91c216f51656B63081f35C7cD0A489d,0xe897425DACD719e509f73987b289DAD6cd256EE6,0x5b2193fDc451C1f847bE09CA9d13A4Bf60f8c86B,0x833589fCD6eDb6E08f4c7C32D4f71b54bdA02913,0x940181a94A35A4569E4529A3CDfB74e38FD98631,18,18,6,556767129243215713822,7984320,556.7671292432157,7.98432,556767129243223698142,10140819488757996,1542107119060972436696048,1542107.1190609722,4.841966475728673e-22,746.6830972475752,0,746.6830972475752,2065.276587544958,1776902400
CL-msUSD/msETH,0.5737022184464874,0x8845126640B36df1D24bf3dF9B2903fD4c730FE6,0x019a8a996B6cb2e2e12fe95997FA9ef733c99765,0x526728DBc96689597F85ae4cd716d4f7fCcBAE9d,0x7Ba6F01772924a82D9626c126347A28299E98c98,0x940181a94A35A4569E4529A3CDfB74e38FD98631,18,18,18,115813792111549900900,145586486568258288,115.8137921115499,0.1455864865682583,115959378598118159188,25442363556098567,3872918791930682726473396,3872918.7919306825,2.6866115911748725e-21,10405.028518079956,0,10405.028518079956,372.2160669911699,1776902400
CL-KellyClaude/USDC,0.07135006332509333,0xCBBA009BDe5731E68C97707e6B6edBfAb9926CF9,0x8612abc6Bf9735f192cd7E4005b8494DFe3d773d,0x50D2280441372486BeecdD328c1854743EBaCb07,0x833589fCD6eDb6E08f4c7C32D4f71b54bdA02913,0x940181a94A35A4569E4529A3CDfB74e38FD98631,18,18,6,1164253295455635383300863,3729515,1164253.2954556353,3.729515,1164253295455635387030378,3163137647044720,481666258508591335996797,481666.25850859133,0.0,0,0,0,nan,0
CL-USDC/FELIX,0.08098783034753715,0x1F9bA3e5Ebcd2f4CA3cDEffa5eCdF1c03cf1865d,0xBc24a215368B5e2a3baad4904d6C810148D2b258,0x833589fCD6eDb6E08f4c7C32D4f71b54bdA02913,0xf30Bf00edd0C22db54C9274B90D2A4C21FC09b07,0x940181a94A35A4569E4529A3CDfB74e38FD98631,18,6,18,8063,431332929086928433176401,0.008063,431332.92908692843,431332929086928433184464,3590239189357627,546728389721099651281780,546728.3897210996,8.757670438211097e-22,478.806705639123,0,478.806705639123,1141.85616717985,1776902400
CL-USDC/KAT,0.007766377699012703,0x7bD36Ffa2AA69b9035782D2e85f60d3Dd0B5124c,0x3d292E05F13Dd7Ea9A30D73d79e00541Ad3c4Ef7,0x833589fCD6eDb6E08f4c7C32D4f71b54bdA02913,0xD5390300c5DB71F80d46f0fA9983Fc72D4d1e3da,0x940181a94A35A4569E4529A3CDfB74e38FD98631,18,6,18,951997,79206849911390273251,0.951997,79.20684991139028,79206849911391225248,347203591376541,52428854497349781956523,52428.854497349785,0.0,0,0,0,nan,0
CL-USDC/deSPXA,0.22327498747578015,0xf840346faFEdc1c0466216F3A899A599E6D03E75,0x0fb1DAFCC2bD0bc30477bA7B96B2e8045ADd8a03,0x833589fCD6eDb6E08f4c7C32D4f71b54bdA02913,0x9c5C365e764829876243d0b289733B9D2b729685,0x940181a94A35A4569E4529A3CDfB74e38FD98631,18,6,18,7658052,41716287524227448,7.658052,0.04171628752422745,41716287531885500,9898209003035570,1507273053788434745297205,1507273.0537884347,4.218006827069783e-22,635.7688031137939,0,635.7688031137939,2370.7880072225776,1776902400
CL-USDC/GHST,2.311237891350983,0x41D4934322f2bd6fE1dbe4124070FE61651A2067,0x5b3f00bc7843Bd033100517D46AA4001E1e32A83,0x833589fCD6eDb6E08f4c7C32D4f71b54bdA02913,0xcD2F22236DD9Dfe2356D7C543161D4d260FD9BcB,0x940181a94A35A4569E4529A3CDfB74e38FD98631,18,6,18,1344984,696324618338632684095,1.344984,696.3246183386327,696324618338634029079,102465003504117972,15602583316261661378817044,15602583.316261662,1.267203505972183e-22,1977.1648280589866,0,1977.1648280589866,7891.392308237124,1776902400
CL-WETH/TIBBIR,0.791184463990534,0x0E4409F7a8ebA3213F336daf608985302e79328c,0x5E0f61E5238Cf493eaE763797eA7aebBc19F2ad3,0x4200000000000000000000000000000000000006,0xA4A2E2ca3fBfE21aed83471D28b6f65A233C6e00,0x940181a94A35A4569E4529A3CDfB74e38FD98631,18,18,18,22392122646091826,187931788842958697488,0.022392122646091826,187.9317888429587,187954180965604789314,35077047087016857,5341086507857663166271916,5341086.507857663,9.578427181096094e-22,5115.9208183449455,0,5115.9208183449455,1044.012739349934,1776902400
CL-GIZA/USDC,0.7269316733914575,0xe9EEd359ef1e600cEC91F240768f463ED3c88730,0xbED18D5dd9BD7DbcC3E4d0C584ba02FFE02f9461,0x590830dFDf9A3F68aFCDdE2694773dEBDF267774,0x833589fCD6eDb6E08f4c7C32D4f71b54bdA02913,0x940181a94A35A4569E4529A3CDfB74e38FD98631,18,18,6,187269971424895825493,1,187.26997142489583,1e-06,187269971424895825494,32221268410102029,4907332145151878608307933,4907332.145151879,3.6733771777038157e-22,1802.648190541322,0,1802.648190541322,2722.2905561391003,1776902400
CL-cbXRP/cbBTC,1.1337536845251694,0x62916B911F2B64d0e3A3b72472D6f8C08c75DcAA,0xf018eBe4e6b3ff169be0a25218ec14F417fCad1a,0xcb585250f852C6c6bf90434AB21A00f02833a4af,0xcbB7C0000aB88B473b1f5aFd9ef808440eed33Bf,0x940181a94A35A4569E4529A3CDfB74e38FD98631,18,6,8,181394845,1,181.394845,1e-08,181394846,50555503519079261,7653684802035931667919006,7653684.8020359315,6.129150139727438e-22,4691.058327382831,0,4691.058327382831,1631.5475672855187,1776902400
CL-SOL/cbBTC,1.6112066545409638,0xCcfA472815563ff9eB2de95C7b2bE1Ccf91f7F31,0xBe13347c7e999D57a85138406b7e0116312eB055,0x311935Cd80B76769bF2ecC9D8Ab7635b2139cf82,0xcbB7C0000aB88B473b1f5aFd9ef808440eed33Bf,0x940181a94A35A4569E4529A3CDfB74e38FD98631,18,9,8,1266474273,111863,1.266474273,0.00111863,1266586136,71628881999227422,10876849224939008280796989,10876849.22493901,8.891290121586312e-22,9670.922206768395,0,9670.922206768395,1124.6961760613297,1776902400
CL-UP/cbBTC,1.5089255799819739,0x37e1490f7f6F98d263f826E1244C7E7f128632F2,0x9beDC4b57DD354fb8F585d79Ec30763edA265319,0x5b2193fDc451C1f847bE09CA9d13A4Bf60f8c86B,0xcbB7C0000aB88B473b1f5aFd9ef808440eed33Bf,0x940181a94A35A4569E4529A3CDfB74e38FD98631,18,18,8,66479583928736193693,2577,66.47958392873619,2.577e-05,66479583928736196270,66891135294743925,10186375521018121317649441,10186375.521018121,1.1006694390277913e-22,1121.1832230445443,0,1121.1832230445443,9085.379901919403,1776902400
CL-WETH/USDC,0.5647551346154411,0x4e392fBfE4D0557C82D2F97F02ec39daA31516dd,0x6BFdC817fd78c72A0E330e3D958108fAc96201f4,0x4200000000000000000000000000000000000006,0x833589fCD6eDb6E08f4c7C32D4f71b54bdA02913,0x940181a94A35A4569E4529A3CDfB74e38FD98631,18,18,6,479448646634545638,1113393748,0.4794486466345456,1113.393748,479448647747939386,0,3812519288515705890485907,3812519.2885157056,0.0,0,0,0,nan,0
CL-USDC/cbBTC,1.1715609707707029,0x9D14ff91AE2c6e3D1A760542248B6c7F206894b0,0xF2d990b13af7c0cd72Cc937625dEB29E4022b81D,0x833589fCD6eDb6E08f4c7C32D4f71b54bdA02913,0xcbB7C0000aB88B473b1f5aFd9ef808440eed33Bf,0x940181a94A35A4569E4529A3CDfB74e38FD98631,18,6,8,22371895,32502,22.371895,0.00032502,22404397,51930162379708088,7908912243492805290685728,7908912.243492805,0.0,0,0,0,nan,0
CL-WETH/cbBTC,0.5649803479533319,0x7C7420DD105E2779316423Ba3E973f434315EFA9,0xe3aE44A6cD6cf1b47295209539b7bB675F500873,0x4200000000000000000000000000000000000006,0xcbB7C0000aB88B473b1f5aFd9ef808440eed33Bf,0x940181a94A35A4569E4529A3CDfB74e38FD98631,18,18,8,729699878855533046,2209130,0.729699878855533,0.0220913,729699878857742176,0,3814039646883627919436118,3814039.646883628,0.0,0,0,0,nan,0
CL-USDC/cbBTC,2.288888361149451,0x160D7E9d948B16c163332a277b393c288408eb12,0x7B0f1103746648FBfce9222f1266f79B934E16b2,0x833589fCD6eDb6E08f4c7C32D4f71b54bdA02913,0xcbB7C0000aB88B473b1f5aFd9ef808440eed33Bf,0x940181a94A35A4569E4529A3CDfB74e38FD98631,18,6,8,27452850,47660,27.45285,0.0004766,27500510,101475515673443288,15451707282101074479826332,15451707.282101074,0.0,0,0,0,nan,0
CL-WETH/cbBTC,2.295913772639556,0x42d4a22CaD0F5a49681a5715cE994Af73A43B76b,0x61E0B10423a0009C3f83ab4313813d29437d0817,0x4200000000000000000000000000000000000006,0xcbB7C0000aB88B473b1f5aFd9ef808440eed33Bf,0x940181a94A35A4569E4529A3CDfB74e38FD98631,18,18,8,20310690990690552,29173,0.020310690990690553,0.00029173,20310690990719725,101786980079430546,15499134060848335436291453,15499134.060848335,0.0,0,0,0,nan,0
CL-WETH/USDC,2.2430492842683845,0x3FE04A59Ebd38cF06080a6F60a98D124eb59392A,0xA0B61fdB9f1FB9b917Fe38b49427Fd4D87472D28,0x4200000000000000000000000000000000000006,0x833589fCD6eDb6E08f4c7C32D4f71b54bdA02913,0x940181a94A35A4569E4529A3CDfB74e38FD98631,18,18,6,18221981684234373,31482906,0.018221981684234372,31.482906,18221981715717279,99492770250633310,15142259250440731799038565,15142259.250440732,2.2682957210009965e-26,0.3434712186406247,0,0.3434712186406247,44085962.4581358,1776902400
CL-WETH/RED,1.038220896997315,0x0040559f59e2391eC57162826df354B1BBb05c12,0x2e60483407832D535f235bEdBb0624A5536A52d2,0x4200000000000000000000000000000000000006,0x4eB92702bA4cfbF80561BAd64D89C706Ac824960,0x940181a94A35A4569E4529A3CDfB74e38FD98631,18,18,18,1791324830323546,141207858191260377065,0.001791324830323546,141.20785819126039,141209649516090700611,46028457610243573,7008767079625800267287596,7008767.0796258,0.0,0,0,0,nan,1776902400
TOTAL,100.0,,,,,,,,,290479589383562935125792541634877,1583365966344629613249157131,290479589415490.06,1587047802.6072574,290481172749529279755405790792008,4341058707247371130,675074745643838308674073561,,6.740278619563167e-22,455019.18746702065,0,455019.18746702065,1483.618195095931,
