name,vote_pct,address,gauge,token0,token1,emissions_token,emissions_decimals,token0_decimals,token1_decimals,token0_fees_raw,token1_fees_raw,token0_fees,token1_fees,fees_raw,emissions_raw,votes_raw,votes,ratio,tfv,tbv,tvv,votes_per_tvv,rewards_epoch_ts
vAMM-tBTC/USDbC,0.00409792552529249,0x723AEf6543aecE026a15662Be4D3fb3424D502A9,0x50f0249B824033Cf0AF0C8b9fe1c67c2842A34d5,0x236aa50979D5f3De3Bd1Eeb40E81137F22ab794b,0xd9aAEc86B65D86f6A7B5B1b0c42FFA531710b6CA,0x940181a94A35A4569E4529A3CDfB74e38FD98631,18,18,6,0,0,0.0,0.0,0,160967695691028,24277017384328920598933,24277.017384328923,3.314976576961293e-22,8.04777439875325,0,8.04777439875325,3016.612566586097,1773878400
vAMM-tBTC/WETH,0.003541610116959105,0x2722C8f9B5E2aC72D1f225f8e8c990E449ba0078,0xfaE8C18D83655Fbf31af10d2e9A1Ad5bA77D0377,0x236aa50979D5f3De3Bd1Eeb40E81137F22ab794b,0x4200000000000000000000000000000000000006,0x940181a94A35A4569E4529A3CDfB74e38FD98631,18,18,18,0,0,0.0,0.0,0,139115466116785,20981281833274549071882,20981.28183327455,1.709669280613679e-21,35.871053018247345,0,35.871053018247345,584.9084447730464,1773878400
vAMM-T/WETH,6.693585443399157e-07,0xAf58FDeE432a104a932a899968d60F92838886cd,0xaD3d4aFd779e4A57734557CcE25F87032614fE47,0x26f3901aC8a79c50fb0d8289C74f0d09AdC42E29,0x4200000000000000000000000000000000000006,0x940181a94A35A4569E4529A3CDfB74e38FD98631,18,18,18,3763705660230581182253,3800074564055384,3763.705660230581,0.003800074564055384,3763709460305145237637,0,3965428096970939228,3.9654280969709395,0.0,0,0,0,nan,0
vAMM-EXTRA/USDbC,5.2888879602060784e-05,0x2B7704f1cb9324cD8586B33C6c540CbD64E58237,0xf05a3De3dD6910042f506c6105bC14920C4289B6,0x2dAD3a13ef0C6366220f989157009e501e7938F8,0xd9aAEc86B65D86f6A7B5B1b0c42FFA531710b6CA,0x940181a94A35A4569E4529A3CDfB74e38FD98631,18,18,6,2560986785801686946132,37202478,2560.986785801687,37.202478,2560986785801724148610,0,313325423220146093721,313.3254232201461,0.0,0,0,0,nan,0
sAMM-DOLA/USDbC,0.0005350984995611252,0x0B25c51637c43decd6CC1C1e3da4518D54ddb528,0xeAE066C25106006fB386A3a8b1698A0cB6931c1a,0x4621b7A9c75199271F773Ebd9A499dbd165c3191,0xd9aAEc86B65D86f6A7B5B1b0c42FFA531710b6CA,0x940181a94A35A4569E4529A3CDfB74e38FD98631,18,18,6,0,0,0.0,0.0,0,21018823282771,3170041889730671821322,3170.0418897306718,1.0475671026530773e-23,0.03320831597714046,0,0.03320831597714046,95459.27869130211,1773878400
vAMM-WETH/UNIDX,2.1491707056283885e-05,0xA819Af1CC8AbE618eA8abaDeb464960F7451CEAB,0x98F44CE76BDCaD37f00a98B275631B1D796862fa,0x4200000000000000000000000000000000000006,0x6B4712AE9797C199edd44F897cA09BC57628a1CF,0x940181a94A35A4569E4529A3CDfB74e38FD98631,18,18,18,66823978677805527,226297110361035028534,0.06682397867780553,226.29711036103504,226363934339712834061,0,127321627151110355016,127.32162715111036,0.0,0,0,0,nan,0
vAMM-ERN/stERN,7.339734487760156e-05,0x218F511431194B2C756D67a137DE536beA74E498,0x109Cc0f2640457b2A483C2eef189827750A676bB,0xa334884bF6b0A066d553D19e507315E839409e62,0xf7A0dd3317535eC4f4d29ADF9d620B3d8D5D5069,0x940181a94A35A4569E4529A3CDfB74e38FD98631,18,18,18,237984017128961526,117960802477172340,0.23798401712896153,0.11796080247717235,355944819606133866,0,434822108542330684198,434.8221085423307,0.0,0,0,0,nan,0
sAMM-MAI/USDbC,4.706830590160152e-05,0xf6Aec4F97623E691a9426a69BaF5501509fCa05D,0xC01E2ff20501839db7B28F5Cb3eD2876fEa3d6b1,0xbf1aeA8670D2528E08334083616dD9C5F3B087aE,0xd9aAEc86B65D86f6A7B5B1b0c42FFA531710b6CA,0x940181a94A35A4569E4529A3CDfB74e38FD98631,18,18,6,30227667810831616168,8285275,30.227667810831615,8.285275,30227667810839901443,0,278843056949536182548,278.8430569495362,0.0,0,0,0,nan,0
sAMM-DOLA/MAI,0.00011134871354603442,0x8b432C54d6e8E1B8D1802753514AB53044Af1861,0xDe23611176b16720346f4Df071D1aA01752c68C1,0x4621b7A9c75199271F773Ebd9A499dbd165c3191,0xbf1aeA8670D2528E08334083616dD9C5F3B087aE,0x940181a94A35A4569E4529A3CDfB74e38FD98631,18,18,18,9790631312463380090,11352164168611758417,9.79063131246338,11.352164168611758,21142795481075138507,0,659654412408287255581,659.6544124082873,0.0,0,0,0,nan,0
vAMM-USDbC/STG,1.0221476266505377e-07,0xb680190fB16f417647e69D6A84719aE9c7E5E20a,0x9a8D9F5C698C1F2B0d48a955BC531F2c7D67Af84,0xd9aAEc86B65D86f6A7B5B1b0c42FFA531710b6CA,0xE3B53AF74a4BF62Ae5511055290838050bf764Df,0x940181a94A35A4569E4529A3CDfB74e38FD98631,18,6,18,56202897,309568531696638140387,56.202897,309.56853169663816,309568531696694343284,0,605542866711187967,0.605542866711188,0.0,0,0,0,nan,0
vAMM-WETH/TAROT,0.04924983041903216,0x2d25E0514f23c6367687dE89Bd5167dc754D4934,0xa81dac2e9caa218Fcd039D7CEdEB7847cf362213,0x4200000000000000000000000000000000000006,0xF544251D25f3d243A36B07e7E7962a678f952691,0x940181a94A35A4569E4529A3CDfB74e38FD98631,18,18,18,11169134864153,6597540349165458466,1.1169134864153e-05,6.597540349165459,6597551518300322619,2009133406909316,291766890803306168218315,291766.8908033062,4.1516899443110935e-22,121.13256666309991,0,121.13256666309991,2408.657711470634,1773878400
sAMM-MIM/USDbC,1.0221476266505377e-07,0x982A169edFC1cf8Fd38dBeE76735547b23875BD1,0xBb0b5819Fa91076a1D6aaFa0D018E27a416DE029,0x4A3A6Dd60A34bB2Aba60D73B4C88315E9CeB6A3D,0xd9aAEc86B65D86f6A7B5B1b0c42FFA531710b6CA,0x940181a94A35A4569E4529A3CDfB74e38FD98631,18,18,6,2398719701213072898,2455465,2.3987197012130728,2.455465,2398719701215528363,0,605542866711187967,0.605542866711188,0.0,0,0,0,nan,0
vAMM-WETH/HOP,0.012262788827980424,0x75D18ee68bB93BE5cB2dcCFa0d8151E25CBC8Eb8,0xb42A9e58773993ed15A5eED65633e85870185e13,0x4200000000000000000000000000000000000006,0xc5102fE9359FD9a28f877a67E36B0F050d81a3CC,0x940181a94A35A4569E4529A3CDfB74e38FD98631,18,18,18,0,0,0.0,0.0,0,481690658342673,72647473879112681193110,72647.47387911267,5.5059465894832926e-24,0.39999311103927704,0,0.39999311103927704,181621.81266161634,1773878400
sAMM-DAI+/USD+,0.0001960573620357577,0x1b05e4e814b3431a48b8164c41eaC834d9cE2Da6,0x87803Cb321624921cedaAD4555F07Daa0D1Ed325,0x65a2508C429a6078a7BC2f7dF81aB575BD9D9275,0xB79DD08EA68A908A97220C76d19A6aA9cBDE4376,0x940181a94A35A4569E4529A3CDfB74e38FD98631,18,18,6,4153166386087146403,7025976,4.153166386087147,7.025976,4153166386094172379,0,1161487185916595141654,1161.487185916595,0.0,0,0,0,nan,0
sAMM-USD+/USDbC,0.00013259212685556027,0x4a3636608d7Bc5776CB19Eb72cAa36EbB9Ea683B,0xa5972f0C07a2D1cc5A8457c28d88ec4f3C009864,0xB79DD08EA68A908A97220C76d19A6aA9cBDE4376,0xd9aAEc86B65D86f6A7B5B1b0c42FFA531710b6CA,0x940181a94A35A4569E4529A3CDfB74e38FD98631,18,6,6,36137601,16694999,36.137601,16.694999,52832600,0,785505092474278257099,785.5050924742783,0.0,0,0,0,nan,0
vAMM-WETH/DEUS,0.17733394167856192,0x9e4CB8b916289864321661CE02cf66aa5BA63C94,0x7eC1926A50D2D253011cC9891935eBc476713bb1,0x4200000000000000000000000000000000000006,0xDE5ed76E7c05eC5e4572CfC88d1ACEA165109E44,0x940181a94A35A4569E4529A3CDfB74e38FD98631,18,18,18,0,0,0.0,0.0,0,6965797447212150,1050565501591134797930362,1050565.5015911348,4.7377238766247924e-23,49.77289260846621,0,49.77289260846621,21107.181972631362,1773878400
sAMM-DAI/USDbC,1.3321630747370479e-06,0x6EAB8c1B93f5799daDf2C687a30230a540DbD636,0xCF1D5Aa63083fda05c7f8871a9fDbfed7bA49060,0x50c5725949A6F0c72E6C4a641F24049A917DB0Cb,0xd9aAEc86B65D86f6A7B5B1b0c42FFA531710b6CA,0x940181a94A35A4569E4529A3CDfB74e38FD98631,18,18,6,23883457695501347702,23013603,23.88345769550135,23.013603,23883457695524361305,0,7892028765418826011,7.892028765418826,0.0,0,0,0,nan,0
vAMM-AERO/USDbC,0.04763729240191179,0x2223F9FE624F69Da4D8256A7bCc9104FBA7F8f75,0x9a202c932453fB3d04003979B121E80e5A14eE7b,0x940181a94A35A4569E4529A3CDfB74e38FD98631,0xd9aAEc86B65D86f6A7B5B1b0c42FFA531710b6CA,0x940181a94A35A4569E4529A3CDfB74e38FD98631,18,18,6,0,0,0.0,0.0,0,1871225139780736,282213858852651533648738,282213.85885265155,1.7497315034989877e-21,493.7984795585011,0,493.7984795585011,571.5162572087612,1773878400
vAMM-WETH/AERO,0.2823639674280778,0x7f670f78B17dEC44d5Ef68a48740b6f8849cc2e6,0x96a24aB830D4ec8b1F6f04Ceac104F1A3b211a01,0x4200000000000000000000000000000000000006,0x940181a94A35A4569E4529A3CDfB74e38FD98631,0x940181a94A35A4569E4529A3CDfB74e38FD98631,18,18,18,239352030888247,7555277944178903264,0.000239352030888247,7.555277944178903,7555517296209791511,11101535507822140,1672786609627381180761645,1672786.6096273812,2.1808762760761912e-21,3648.14063187428,0,3648.14063187428,458.53128440609623,1773878400
vAMM-WETH/DOG,0.00034622921066687824,0xF89042057D079debe2a65A1a899E48E0E825105F,0x15093ed45C2A3F88393d41bC436003E2b8115aD5,0x4200000000000000000000000000000000000006,0x9E53e88dCff56d3062510A745952DEC4cEFDff9E,0x940181a94A35A4569E4529A3CDfB74e38FD98631,18,18,18,242150872053528715,5417420075631937290669736,0.24215087205352873,5417420.075631937,5417420317782809344198451,0,2051138439301516240733,2051.1384393015164,0.0,0,0,0,nan,0
vAMM-WETH/USDbC,0.03835888418601849,0xB4885Bc63399BF5518b994c1d0C153334Ee579D0,0xeca7Ff920E7162334634c721133F3183B83B0323,0x4200000000000000000000000000000000000006,0xd9aAEc86B65D86f6A7B5B1b0c42FFA531710b6CA,0x940181a94A35A4569E4529A3CDfB74e38FD98631,18,18,6,0,0,0.0,0.0,0,1506777924207343,227246515945641395168154,227246.51594564138,0.0,0,0,0,nan,0
vAMM-WETH/fBOMB,0.014943233358590729,0x4F9Dc2229f2357B27C22db56cB39582c854Ad6d5,0x76c48576822Cd955C320f5d5A163E738dbFEcc01,0x4200000000000000000000000000000000000006,0x74ccbe53F77b08632ce0CB91D3A545bF6B8E0979,0x940181a94A35A4569E4529A3CDfB74e38FD98631,18,18,18,0,0,0.0,0.0,0,586986160280705,88527020265625193251459,88527.0202656252,2.2746889174023765e-21,201.37143188887322,0,201.37143188887322,439.62055310049544,1773878400
vAMM-WETH/WELL,0.0016087897119822102,0xffA3F8737C39e36dec4300B162c2153c67c8352f,0xcEa0a2228145d0fD25dE083e3786ddB1eA184296,0x4200000000000000000000000000000000000006,0xFF8adeC2221f9f4D8dfbAFa6B9a297d17603493D,0x940181a94A35A4569E4529A3CDfB74e38FD98631,18,18,18,0,0,0.0,0.0,0,63194977490775,9530826161789255646516,9530.826161789255,7.75254012330033e-22,7.388811222747169,0,7.388811222747169,1289.8998058642621,1773878400
vAMM-USD+/stERN,2.2931921113779618e-07,0x607363389331f4B2D1b955d009506A67c565D75E,0xe5Cf7Ec83BA94c4AdF833d7DCdb800a53f28410E,0xB79DD08EA68A908A97220C76d19A6aA9cBDE4376,0xf7A0dd3317535eC4f4d29ADF9d620B3d8D5D5069,0x940181a94A35A4569E4529A3CDfB74e38FD98631,18,6,18,397906,3042380725454152831,0.397906,3.042380725454153,3042380725454550737,0,1358537738422055515,1.3585377384220554,0.0,0,0,0,nan,0
vAMM-USD+/USDbC,1.0221476266505377e-07,0xdC0F1F6eCd03ec1C9FFC2A17BaBAbd313477b20E,0xD2121Cb13A28Ab16Cb0f0F19A665e9a9311F9aBb,0xB79DD08EA68A908A97220C76d19A6aA9cBDE4376,0xd9aAEc86B65D86f6A7B5B1b0c42FFA531710b6CA,0x940181a94A35A4569E4529A3CDfB74e38FD98631,18,6,6,5485,2659,0.005485,0.002659,8144,0,605542866711187967,0.605542866711188,0.0,0,0,0,nan,0
vAMM-USDbC/THALES,0.000339224803385956,0x5F43555b02507133eCd5b78218283ed849b07Eac,0x2692CC440416B7f8252406D84e9D66f0C48C069E,0xd9aAEc86B65D86f6A7B5B1b0c42FFA531710b6CA,0xf34e0cff046e154CAfCae502C7541b9E5FD8C249,0x940181a94A35A4569E4529A3CDfB74e38FD98631,18,6,18,37623921,181351605650291169172,37.623921,181.35160565029116,181351605650328793093,0,2009642781004082510685,2009.6427810040825,0.0,0,0,0,nan,0
vAMM-WETH/THALES,0.00032652100343862045,0x3f386Acc3A8E9194cF6279C219DF8DD3C5B71974,0x62052D68A7DBa58079B7D70a40796CAbAab2a95f,0x4200000000000000000000000000000000000006,0xf34e0cff046e154CAfCae502C7541b9E5FD8C249,0x940181a94A35A4569E4529A3CDfB74e38FD98631,18,18,18,1877626073939232,29835598986532236553,0.001877626073939232,29.835598986532236,29837476612606175785,0,1934382659690264873212,1934.3826596902647,0.0,0,0,0,nan,0
vAMM-EXTRA/WETH,0.07697750390566668,0x84Ff3B6e2046579Fb2f2b891CE18eE10b5fbDbF2,0xE5Ff63862097b32d3ed30551e290D66f1548973F,0x2dAD3a13ef0C6366220f989157009e501e7938F8,0x4200000000000000000000000000000000000006,0x940181a94A35A4569E4529A3CDfB74e38FD98631,18,18,18,6615119199376289009,5744795788910,6.615119199376289,5.74479578891e-06,6615124944172077919,3023798537790408,456031762653064107084899,456031.7626530641,2.466515567688798e-22,112.48094419443456,0,112.48094419443456,4054.302405790332,1773878400
vAMM-fBOMB/AERO,0.8601205202818096,0xbBf71AAD6E1F8D180D3B1D898528654c1d18b2fF,0x12E45bE50dd4f3Bc430B65d399B1e3b90275661c,0x74ccbe53F77b08632ce0CB91D3A545bF6B8E0979,0x940181a94A35A4569E4529A3CDfB74e38FD98631,0x940181a94A35A4569E4529A3CDfB74e38FD98631,18,18,18,80789521911444929802,0,80.78952191144494,0.0,80789521911444929802,33786899283443789,5095544244184168256482685,5095544.244184168,1.649859921050243e-22,840.6934224417712,0,840.6934224417712,6061.120627522336,1773878400
vAMM-EURA/USDbC,8.138233860006099e-06,0xA56bE957d432a5d0eDc040B27078d9726f54E7f6,0x275535F82F287073CEEbC653862E4E43868AA65C,0xA61BeB4A3d02decb01039e378237032B351125B4,0xd9aAEc86B65D86f6A7B5B1b0c42FFA531710b6CA,0x940181a94A35A4569E4529A3CDfB74e38FD98631,18,18,6,2554754333470691676,2617413,2.5547543334706915,2.617413,2554754333473309089,0,48212697785180123453,48.212697785180126,0.0,0,0,0,nan,0
vAMM-SONNE/USDbC,0.0022279473922137746,0x554EcA2a48136724294CE47fb7bfE9AADfceE3c6,0x744462994510ccd987F697752bD46d1155F8022F,0x22a2488fE295047Ba13BD8cCCdBC8361DBD8cf7c,0xd9aAEc86B65D86f6A7B5B1b0c42FFA531710b6CA,0x940181a94A35A4569E4529A3CDfB74e38FD98631,18,18,6,6561985831468598567977,3923473,6561.985831468599,3.923473,6561985831468602491450,0,13198853233986864757364,13198.853233986865,0.0,0,0,0,nan,0
sAMM-AERO/USDbC,1.0221476266505377e-07,0xB304b47e039E20AFAd75FA2ada6CD8D95a9eea41,0x46110ac9100A027bAec01bf1C211522ce0B02540,0x940181a94A35A4569E4529A3CDfB74e38FD98631,0xd9aAEc86B65D86f6A7B5B1b0c42FFA531710b6CA,0x940181a94A35A4569E4529A3CDfB74e38FD98631,18,18,6,1425573990517481612180,1309850254,1425.5739905174817,1309.850254,1425573990518791462434,0,605542866711187967,0.605542866711188,0.0,0,0,0,nan,0
vAMM-EXTRA/AERO,0.0014002160563164217,0x688F778C51dB4D990bF1abaF8d33fD95e48C6641,0x6664867531c0FDd058881153FaBE7D2162833b07,0x2dAD3a13ef0C6366220f989157009e501e7938F8,0x940181a94A35A4569E4529A3CDfB74e38FD98631,0x940181a94A35A4569E4529A3CDfB74e38FD98631,18,18,18,0,0,0.0,0.0,0,55002709218381,8295189683464048867631,8295.189683464048,3.0733812287723185e-21,25.494280262264198,0,25.494280262264198,325.3745388428289,1773878400
sAMM-DAI+/USDbC,1.0221476266505377e-07,0x4f7f293e7B7b6D1cAA1ca48784C5986f3dE5E19c,0x2d8b33A0dc95F0eb9429551eA4d2297729828558,0x65a2508C429a6078a7BC2f7dF81aB575BD9D9275,0xd9aAEc86B65D86f6A7B5B1b0c42FFA531710b6CA,0x940181a94A35A4569E4529A3CDfB74e38FD98631,18,18,6,45896977393102890,31035,0.04589697739310289,0.031035,45896977393133925,0,605542866711187967,0.605542866711188,0.0,0,0,0,nan,0
sAMM-DAI/MAI,1.9820702394581883e-07,0x30A30f266e1173a75985997B2523EcbC19c60fF3,0xc16A2c13d3A62937FB3b0FE03Fa24B0C6161245E,0x50c5725949A6F0c72E6C4a641F24049A917DB0Cb,0xbf1aeA8670D2528E08334083616dD9C5F3B087aE,0x940181a94A35A4569E4529A3CDfB74e38FD98631,18,18,18,11155931332642330704,11332260776200400459,11.15593133264233,11.3322607762004,22488192108842731163,0,1174222258635433511,1.1742222586354334,0.0,0,0,0,nan,0
sAMM-WETH/USDbC,9.969426032430093e-07,0x44d7Dd237001AeF7fC7D8CB13ab4452f65CE5E40,0x1AF743E6EbF9C4f90aE9A37E6e61Bca31a867676,0x4200000000000000000000000000000000000006,0xd9aAEc86B65D86f6A7B5B1b0c42FFA531710b6CA,0x940181a94A35A4569E4529A3CDfB74e38FD98631,18,18,6,122279786887444443,306859763,0.12227978688744444,306.859763,122279787194304206,0,5906108532409502377,5.906108532409503,0.0,0,0,0,nan,0
vAMM-FREN/WETH,0.0005337255241037817,0x679d601AAA86cd555E8bfD48ddC8b4aaDe2A0F27,0x5C84541A91c4dAF68964197E7ED1c7de79A82Ec3,0x12063CC18A7096D170e5Fc410d8623Ad97ee24B3,0x4200000000000000000000000000000000000006,0x940181a94A35A4569E4529A3CDfB74e38FD98631,18,18,18,7536056723901041175092,19233165757456107,7536.056723901042,0.019233165757456108,7536075957066798631199,0,3161908079381884072978,3161.908079381884,0.0,0,0,0,nan,0
sAMM-WETH/BASED,0.0003290416984982145,0x5F45e48F9C053286cE9Ca08Db897f8b7eb3f7992,0xA7919a78183d4B3980c01DfDaCd0158772eB5632,0x4200000000000000000000000000000000000006,0x9CBD543f1B1166b2Df36b68Eb6bB1DcE24E6aBDf,0x940181a94A35A4569E4529A3CDfB74e38FD98631,18,18,18,878825926775581947,4748656830468847977,0.8788259267755819,4.748656830468848,5627482757244429924,0,1949315814869552503461,1949.3158148695527,0.0,0,0,0,nan,0
vAMM-BASED/USDbC,5.697697805612654e-07,0xb905d9195019778CFbaa4e9eD90dF3FC5871CD9A,0x1202cEE03f9Dc305e14c3C34afaedE7BcE47b373,0xBa5E6fa2f33f3955f0cef50c63dCC84861eAb663,0xd9aAEc86B65D86f6A7B5B1b0c42FFA531710b6CA,0x940181a94A35A4569E4529A3CDfB74e38FD98631,18,18,6,38873200347653781,350188,0.038873200347653784,0.350188,38873200348003969,0,3375442228605126725,3.3754422286051264,0.0,0,0,0,nan,0
sAMM-DAI/AERO,1.0331549133847884e-07,0xE2D3b2f9d4bAAb9A0de671E95FeBAc27E37050f2,0x4b6F6Be7e8622bD8e56b50158D03312EEC5bA480,0x50c5725949A6F0c72E6C4a641F24049A917DB0Cb,0x940181a94A35A4569E4529A3CDfB74e38FD98631,0x940181a94A35A4569E4529A3CDfB74e38FD98631,18,18,18,1632072240938973030,2099544009193762840,1.632072240938973,2.099544009193763,3731616250132735870,0,612063826883655389,0.6120638268836555,0.0,0,0,0,nan,0
vAMM-YFX/USD+,6.725402521070061e-08,0xc3B5ac236fb5AbE245310FeCa2526F89667D4CAe,0x9B3920fB28242261B9be3a10c10310fc42E23a0F,0x8901cB2e82CC95c01e42206F8d1F417FE53e7Af0,0xB79DD08EA68A908A97220C76d19A6aA9cBDE4376,0x940181a94A35A4569E4529A3CDfB74e38FD98631,18,18,6,81291344509999872,117011,0.08129134450999988,0.117011,81291344510116883,0,398427723766341120,0.3984277237663411,0.0,0,0,0,nan,0
vAMM-OVN/USD+,0.01562931974829514,0x61366A4e6b1DB1b85DD701f2f4BFa275EF271197,0x00B2149d89677a5069eD4D303941614A33700146,0xA3d1a8DEB97B111454B294E2324EfAD13a9d8396,0xB79DD08EA68A908A97220C76d19A6aA9cBDE4376,0x940181a94A35A4569E4529A3CDfB74e38FD98631,18,18,6,0,0,0.0,0.0,0,613995252361054,92591547819189414228567,92591.54781918942,6.343406590751327e-22,58.73458346841128,0,58.73458346841128,1576.4400179833938,1773878400
sAMM-cbETH/WETH,3.6401954559180195e-07,0x9E8bfEB5c73F3f897BebdB49CC4161FecE0B0c55,0x00Aa4579C145FeA0b1EE133D6f792b7edEe1A6F4,0x2Ae3F1Ec7F1F5012CFEab0185bfc7aa3cf0DEc22,0x4200000000000000000000000000000000000006,0x940181a94A35A4569E4529A3CDfB74e38FD98631,18,18,18,0,0,0.0,0.0,0,14300447899,2156532319102340751,2.156532319102341,7.672900406667487e-22,0.001654685770823193,0,0.001654685770823193,1303.2881270438938,1773878400
vAMM-AERO/DOG,0.0007957152725325835,0x656D48D3F337c6b3cD2ED8471B135fF54b1F96Ad,0xDcC24121BAe131F952B09A08E65b95642F093794,0x940181a94A35A4569E4529A3CDfB74e38FD98631,0x9E53e88dCff56d3062510A745952DEC4cEFDff9E,0x940181a94A35A4569E4529A3CDfB74e38FD98631,18,18,18,213000151858661503364,731059052420604307397285,213.0001518586615,731059.0524206043,731272052572462968900649,0,4713993308326597849420,4713.993308326598,0.0,0,0,0,nan,0
vAMM-tBTC/T,1.5035927093967699e-05,0xfd8aA87c97D32345BFe4F753ACf25729008331C9,0x76BB14cc51d409987Ea34a158Ba51643F81BB82e,0x236aa50979D5f3De3Bd1Eeb40E81137F22ab794b,0x26f3901aC8a79c50fb0d8289C74f0d09AdC42E29,0x940181a94A35A4569E4529A3CDfB74e38FD98631,18,18,18,190230816084542,1521926852929045401388,0.000190230816084542,1521.9268529290455,1521927043159861485930,0,89076158460371774978,89.07615846037179,0.0,0,0,0,nan,0
vAMM-SONNE/USDC,5.92413884377539e-05,0x4cC2FeFB2635C86b1bae1b58E0f60Fb43E95e264,0xCbfeaED3dd9310406c046FB496C7E77f7571a808,0x22a2488fE295047Ba13BD8cCCdBC8361DBD8cf7c,0x833589fCD6eDb6E08f4c7C32D4f71b54bdA02913,0x940181a94A35A4569E4529A3CDfB74e38FD98631,18,18,6,36869162009560136855363,19545241,36869.16200956014,19.545241,36869162009560156400604,0,350959090910389825098,350.9590909103898,0.0,0,0,0,nan,0
vAMM-cbETH/AERO,7.640728350726843e-08,0x325a5FC7a92d3166ffabe7233c992143CF5EDd2c,0x93c2EE357213Fa873A49Ad8d453007417D7aE399,0x2Ae3F1Ec7F1F5012CFEab0185bfc7aa3cf0DEc22,0x940181a94A35A4569E4529A3CDfB74e38FD98631,0x940181a94A35A4569E4529A3CDfB74e38FD98631,18,18,18,687108046487784,2929658255552643646,0.000687108046487784,2.929658255552644,2930345363599131430,0,452653650864703704,0.45265365086470366,0.0,0,0,0,nan,0
vAMM-WETH/XEN,1.4031538617158068e-06,0xC95582235D8905Ea7dAC517286bEc72F653fa24B,0x50793B917AE25Ab859F67406f271eEb05C7521FA,0x4200000000000000000000000000000000000006,0x981D41C115a2d48Cb1215D13Bda8f989d407c9c5,0x940181a94A35A4569E4529A3CDfB74e38FD98631,18,18,18,49994824333587218,4718702994300459706005428,0.04999482433358722,4718702.9943004595,4718703044295284039592646,0,8312593892572402034,8.312593892572401,0.0,0,0,0,nan,0
vAMM-tBTC/USDC,0.002962255429353099,0x323121CD6F6274c9aeB9f87e0664C8FDa5d343A5,0x434a8eEA016357bE462Eb6adE1b99F9f9F5Ff2c3,0x236aa50979D5f3De3Bd1Eeb40E81137F22ab794b,0x833589fCD6eDb6E08f4c7C32D4f71b54bdA02913,0x940181a94A35A4569E4529A3CDfB74e38FD98631,18,18,6,0,0,0.0,0.0,0,116371716696240,17549056494894451276780,17549.056494894452,0.0,0,0,0,nan,0
vAMM-WETH/JARVIS,0.01855268994390158,0xeff0891e5a1bd47a8F1e77ABebfEE4145974D088,0xf460124c6146800c6C061A6fC40C14677523BC90,0x4200000000000000000000000000000000000006,0x777b2839832982B35213063d850848369390EE16,0x940181a94A35A4569E4529A3CDfB74e38FD98631,18,18,18,0,0,0.0,0.0,0,728839369053462,109910239586898145433288,109910.23958689814,0.0,0,0,0,nan,0
vAMM-cbETH/USDC,4.2625479160864096e-05,0xa1d2ee6212D4375F154393E59895A5D27859C4e4,0x1a3FD3c084E5680655768b41Da653ca6e84b5981,0x2Ae3F1Ec7F1F5012CFEab0185bfc7aa3cf0DEc22,0x833589fCD6eDb6E08f4c7C32D4f71b54bdA02913,0x940181a94A35A4569E4529A3CDfB74e38FD98631,18,18,6,33329486520160057,92785588,0.03332948652016006,92.785588,33329486612945645,0,252522768463389149031,252.52276846338916,0.0,0,0,0,nan,0
sAMM-USDC/MAI,0.6289053080582666,0x2a1463CeBE85315224c536AfD389b381B43F3206,0x9280df579CeA690cAf5c31601cb71564Bb6FA6B7,0x833589fCD6eDb6E08f4c7C32D4f71b54bdA02913,0xbf1aeA8670D2528E08334083616dD9C5F3B087aE,0x940181a94A35A4569E4529A3CDfB74e38FD98631,18,6,18,446103,0,0.446103,0.0,446103,24708291217898496,3725774175883180162297654,3725774.17588318,0.0,0,0,0,nan,0
vAMM-MST/WETH,4.530522344908447e-06,0x52E9cC1aD755347BDF666ddf6Ad88EdfFe76fe68,0x44283e26C3610f7a6f93fe37ab80aA6Fca57839E,0x2F3b1A07E3eFb1fCc64BD09b86bD0Fa885D93552,0x4200000000000000000000000000000000000006,0x940181a94A35A4569E4529A3CDfB74e38FD98631,18,18,18,2080870484642075729318,2759089940768719,2080.8704846420756,0.002759089940768719,2080873243732016498037,0,26839816645907110505,26.839816645907113,0.0,0,0,0,nan,0
vAMM-oBMX/USDC,9.299423387410568e-07,0xA8D5DB293917EA106A5fc4dA5A25340e8b428966,0x432146f6A9E1297C88268a1E67ddBFAC804bE6C2,0x3Ff7AB26F2dfD482C40bDaDfC0e88D01BFf79713,0x833589fCD6eDb6E08f4c7C32D4f71b54bdA02913,0x940181a94A35A4569E4529A3CDfB74e38FD98631,18,18,6,9026781420547729485,5599020,9.02678142054773,5.59902,9026781420553328505,0,5509184143220550715,5.50918414322055,0.0,0,0,0,nan,0
sAMM-eUSD/USDbC,1.7092205350261362e-06,0x5BfB340FA9305abB164Fb0248D0D82FC3D82C3bb,0x1457Da0dcBe22249408BB2D1e24Bd2f1484d7620,0xCfA3Ef56d303AE4fAabA0592388F19d7C3399FB4,0xd9aAEc86B65D86f6A7B5B1b0c42FFA531710b6CA,0x940181a94A35A4569E4529A3CDfB74e38FD98631,18,18,6,8999783644864296344,9511847,8.999783644864296,9.511847,8999783644873808191,0,10125800575528955765,10.125800575528956,0.0,0,0,0,nan,0
vAMM-hyUSD/eUSD,0.0009146927431179618,0xb5E331615FdbA7DF49e05CdEACEb14Acdd5091c3,0x025137c819298654162de2609f407514De4bb027,0xCc7FF230365bD730eE4B352cC2492CEdAC49383e,0xCfA3Ef56d303AE4fAabA0592388F19d7C3399FB4,0x940181a94A35A4569E4529A3CDfB74e38FD98631,18,18,18,0,0,0.0,0.0,0,35927849970385,5418842165124344156449,5418.842165124344,0.0,0,0,0,nan,0
vAMM-WETH/wstETH,0.0015413614922536165,0xA6385c73961dd9C58db2EF0c4EB98cE4B60651e8,0xDf7c8F17Ab7D47702A4a4b6D951d2A4c90F99bf4,0x4200000000000000000000000000000000000006,0xc1CBa3fCea344f92D9239c08C0568f6F2F0ee452,0x940181a94A35A4569E4529A3CDfB74e38FD98631,18,18,18,0,0,0.0,0.0,0,60550138024447,9131366471162353440952,9131.366471162353,1.48042940691415e-21,13.518343449218637,0,13.518343449218637,675.479692128265,1773878400
vAMM-AERO/wstETH,0.011261811858935706,0x82a0c1a0d4EF0c0cA3cFDA3AD1AA78309Cc6139b,0x26D6D4E9e3fAf1C7C19992B1Ca792e4A9ea4F833,0x940181a94A35A4569E4529A3CDfB74e38FD98631,0xc1CBa3fCea344f92D9239c08C0568f6F2F0ee452,0x940181a94A35A4569E4529A3CDfB74e38FD98631,18,18,18,0,0,0.0,0.0,0,442348198241222,66717464871182493790941,66717.46487118248,2.4299342088273668e-21,162.11905021672447,0,162.11905021672447,411.5337758393788,1773878400
sAMM-DOLA/USDC,0.004533968242468596,0xf213F2D02837012dC0236cC105061e121bB03e37,0xCCff5627cd544b4cBb7d048139C1A6b6Bde67885,0x4621b7A9c75199271F773Ebd9A499dbd165c3191,0x833589fCD6eDb6E08f4c7C32D4f71b54bdA02913,0x940181a94A35A4569E4529A3CDfB74e38FD98631,18,18,6,0,4681,0.0,0.004681,4681,178090278697851,26860230905379617125272,26860.230905379616,1.4924296708283124e-23,0.40087005568488165,0,0.40087005568488165,67004.83242503418,1773878400
sAMM-eUSD/USDC,0.05309515482459662,0x7A034374C89C463DD65D8C9BCfe63BcBCED41f4F,0x793F22aB88dC91793E5Ce6ADbd7E733B0BD4733e,0x833589fCD6eDb6E08f4c7C32D4f71b54bdA02913,0xCfA3Ef56d303AE4fAabA0592388F19d7C3399FB4,0x940181a94A35A4569E4529A3CDfB74e38FD98631,18,6,18,0,371363803478391,0.0,0.000371363803478391,371363803478391,2085530911233209,314547443272133598121444,314547.4432721336,5.606058022488412e-24,1.763371217808963,0,1.763371217808963,178378.4605847017,1773878400
sAMM-LUSD/USDC,0.0003210137158216181,0xf53B7Af40BE75043eeBa493C622F4f56b3C27A31,0xA8C37a644bDf3297C6E19A48150aF3b7069294FC,0x368181499736d0c0CC614DBB145E2EC1AC86b8c6,0x833589fCD6eDb6E08f4c7C32D4f71b54bdA02913,0x940181a94A35A4569E4529A3CDfB74e38FD98631,18,18,6,39950120666479116661,39774817,39.950120666479116,39.774817,39950120666518891478,0,1901756269485449900999,1901.7562694854498,0.0,0,0,0,nan,0
vAMM-USDC/YFX,2.97215023339988e-05,0x8f24dD646e2ae3615767EbdCCc6691C54C41793F,0x32cD891Fa6c52BD324b9ef1B35F2e6E948eEEaf3,0x833589fCD6eDb6E08f4c7C32D4f71b54bdA02913,0x8901cB2e82CC95c01e42206F8d1F417FE53e7Af0,0x940181a94A35A4569E4529A3CDfB74e38FD98631,18,6,18,2718194051,646521839434978666300,2718.194051,646.5218394349787,646521839437696860351,0,176076755030671500000,176.07675503067148,0.0,0,0,0,nan,0
vAMM-EXTRA/USDC,2.0207865969224806e-06,0x68B41faC96b9A6E6dC6219D13834BdE39c22424d,0xA7A488EdcE2cd50255068B7ECE4Db4C8e6E9a010,0x2dAD3a13ef0C6366220f989157009e501e7938F8,0x833589fCD6eDb6E08f4c7C32D4f71b54bdA02913,0x940181a94A35A4569E4529A3CDfB74e38FD98631,18,18,6,16324942853355765148,658495,16.324942853355765,0.658495,16324942853356423643,0,11971586853083275271,11.971586853083275,0.0,0,0,0,nan,0
vAMM-USDC/MTA,9.445508164473893e-05,0x1307f36BC34081401497A873522570AebA4CdE90,0x350545d8d440FfabaC5f38dC2b6a917a0DfDDbB5,0x833589fCD6eDb6E08f4c7C32D4f71b54bdA02913,0xba7D47f471ADD16875e765edEe0858C3413A56Fd,0x940181a94A35A4569E4529A3CDfB74e38FD98631,18,6,18,9308474,444930519898655694669,9.308474,444.9305198986557,444930519898665003143,0,559572799694515075401,559.5727996945151,0.0,0,0,0,nan,0
sAMM-USDC/USD+,1.026664447862398e-05,0x418457Ca08fA5EC77f811B105F2c585cd051Ac10,0x9701A079C6e80D91CE4c464C4a996237A27FE537,0x833589fCD6eDb6E08f4c7C32D4f71b54bdA02913,0xB79DD08EA68A908A97220C76d19A6aA9cBDE4376,0x940181a94A35A4569E4529A3CDfB74e38FD98631,18,6,6,0,0,0.0,0.0,0,403264751473,60821873152145462542,60.821873152145464,0.0,0,0,0,nan,0
vAMM-SNX/USDC,0.001482098541677699,0xcC79bfA7a3212d94390c358E88afcD39294549ca,0xe8cDa9cD77E847a283766E7122452c9155fd094f,0x22e6966B799c4D5B13BE962E1D117b56327FDa66,0x833589fCD6eDb6E08f4c7C32D4f71b54bdA02913,0x940181a94A35A4569E4529A3CDfB74e38FD98631,18,18,6,0,0,0.0,0.0,0,58224960005245,8780279641375352870814,8780.279641375353,0.0,0,0,0,nan,0
vAMM-USDC/WELL,5.552204386188182e-08,0x790027573FD4ccD0132e04c194E7a963c2521f1d,0x83a7D55b902Db2069c7c776856d864a8C381A392,0x833589fCD6eDb6E08f4c7C32D4f71b54bdA02913,0xFF8adeC2221f9f4D8dfbAFa6B9a297d17603493D,0x940181a94A35A4569E4529A3CDfB74e38FD98631,18,6,18,124281358,4207686356671825173032,124.281358,4207.686356671825,4207686356671949454390,0,328924870822822185,0.32892487082282224,0.0,0,0,0,nan,0
sAMM-USDC/AERO,0.00030550877658808796,0x861Ee8B9F7e42eDCF4f1B5614c6595F71A879f3f,0x63f85D5D213A83F3C0C76E3A26Cdcaca34aBE784,0x833589fCD6eDb6E08f4c7C32D4f71b54bdA02913,0x940181a94A35A4569E4529A3CDfB74e38FD98631,0x940181a94A35A4569E4529A3CDfB74e38FD98631,18,6,18,24624980094,27232755380506659727419,24624.980094,27232.75538050666,27232755380531284707513,0,1809901579352078398691,1809.9015793520782,0.0,0,0,0,nan,0
sAMM-WETH/wstETH,0.00016290228986472235,0x29BBb5F85F01702Ec85D217CEEb2d9657700cF04,0xc3A4ADA162B989326326db7aec07000bEA6Bb69c,0x4200000000000000000000000000000000000006,0xc1CBa3fCea344f92D9239c08C0568f6F2F0ee452,0x940181a94A35A4569E4529A3CDfB74e38FD98631,18,18,18,0,0,0.0,0.0,0,6399695462489,965069203572356489401,965.0692035723565,0.0,0,0,0,nan,0
vAMM-USDC/DEUS,0.01663254006942682,0xf185f82A1948d014baE23d30b06FA8Da35110315,0xC5170E37875cfD19872692E1086C49F205b5Fca6,0x833589fCD6eDb6E08f4c7C32D4f71b54bdA02913,0xDE5ed76E7c05eC5e4572CfC88d1ACEA165109E44,0x940181a94A35A4569E4529A3CDfB74e38FD98631,18,6,18,0,0,0.0,0.0,0,653417403158486,98534846941173205878855,98534.8469411732,1.266402409778451e-22,12.478476761345258,0,12.478476761345258,7896.384216253533,1773878400
vAMM-WETH/DEGEN,0.004605569414628765,0x2C4909355b0C036840819484c3A882A95659aBf3,0x86A1260AB9f758026Ce1a5830BdfF66DBcF736d5,0x4200000000000000000000000000000000000006,0x4ed4E862860beD51a9570b96d89aF5E1B0Efefed,0x940181a94A35A4569E4529A3CDfB74e38FD98631,18,18,18,24557152882463,147081774598878453940,2.4557152882463e-05,147.08177459887847,147081799156031336403,180932028085388,27284412089381662418011,27284.41208938166,2.3583137726210815e-21,64.34520480825792,0,64.34520480825792,424.0317855959337,1773878400
vAMM-TYBG/WETH,0.029728020884840924,0x20000FbfeDFD172821821C9c59284129B04ffB2e,0xa1D8F6a8EC2236A9919eB7E990Bb27791C139a37,0x0d97F261b1e88845184f678e2d1e7a98D9FD38dE,0x4200000000000000000000000000000000000006,0x940181a94A35A4569E4529A3CDfB74e38FD98631,18,18,18,0,0,0.0,0.0,0,1167895169338384,176115372367940839448065,176115.37236794084,5.624917268594773e-22,99.06343992974293,0,99.06343992974293,1777.8039253719046,1773878400
vAMM-WETH/NPC,0.014102030189782263,0x5E14319D52c9C18a04BFBBE12dd3a0FE3C1A816a,0xd1D3cbD443443d6cfee567C5A85B94Df633CdCAB,0x4200000000000000000000000000000000000006,0xB166E8B140D35D9D8226E40C09f757BAC5A4d87d,0x940181a94A35A4569E4529A3CDfB74e38FD98631,18,18,18,0,0,0.0,0.0,0,554012424853653,83543546596601381276427,83543.54659660139,3.0391685595192052e-21,253.90292016711862,0,253.90292016711862,329.0373601911042,1773878400
vAMM-SEAM/AERO,0.0008145727439170037,0xB77d96D27E0D3C0C04d02771d564A6E242992af0,0x0C6612326e1b28Ad3F20C62F8aef1dB88e0C293c,0x1C7a460413dD4e964f96D8dFC56E7223cE88CD85,0x940181a94A35A4569E4529A3CDfB74e38FD98631,0x940181a94A35A4569E4529A3CDfB74e38FD98631,18,18,18,339425025857848618444,167642123978444871075,339.4250258578486,167.64212397844486,507067149836293489519,0,4825709140593066127251,4825.709140593067,0.0,0,0,0,nan,0
sAMM-MAI/eUSD,2.23398475228199e-06,0x413d78628d688edcdE29518199A3A3DB955068EC,0x2cC76EF706B2fC694F86c633b880a6dde81687F1,0xbf1aeA8670D2528E08334083616dD9C5F3B087aE,0xCfA3Ef56d303AE4fAabA0592388F19d7C3399FB4,0x940181a94A35A4569E4529A3CDfB74e38FD98631,18,18,18,1367880931303237851692,711245126831924472099,1367.880931303238,711.2451268319245,2079126058135162323791,0,13234619890659094483,13.234619890659095,0.0,0,0,0,nan,0
vAMM-WETH/TKN,0.0069068451391408985,0x1a9f461a371559f82976fa18C46A6A0d29f131d0,0xe157D5a0C9a533ebbdEaDb43633ce76d61816778,0x4200000000000000000000000000000000000006,0x78b3C724A2F663D11373C4a1978689271895256f,0x940181a94A35A4569E4529A3CDfB74e38FD98631,18,18,18,0,0,0.0,0.0,0,271342350862120,40917678586123970027304,40917.67858612397,0.0,0,0,0,nan,0
vAMM-WETH/TOSHI,8.187420477004141e-05,0x081E4455d91726212D1fa9AfFeE80637D1f7bE8E,0x3356d4D0D25B033d28f566c9D62d4D8112F4BC29,0x4200000000000000000000000000000000000006,0xAC1Bd2486aAf3B5C0fc3Fd868558b082a531B2B4,0x940181a94A35A4569E4529A3CDfB74e38FD98631,18,18,18,26312667569413053,127050721190275767161653,0.026312667569413053,127050.72119027577,127050747502943336574706,0,485040901856929622169,485.0409018569296,0.0,0,0,0,nan,0
vAMM-WETH/BETS,1.9531810581826349e-07,0xb7A0B6322834014F95841e643Dffa7Bb9b9Dc0ED,0xCa311e2460EaB52b3f2008B5cDeF0486556Bafb3,0x4200000000000000000000000000000000000006,0x94025780a1aB58868D9B2dBBB775f44b32e8E6e5,0x940181a94A35A4569E4529A3CDfB74e38FD98631,18,18,18,27302430615978146,658200743203130444976097,0.027302430615978146,658200.7432031304,658200770505561060954243,0,1157107668540593198,1.1571076685405932,0.0,0,0,0,nan,0
vAMM-AERO/ZOOMER,0.0012575521514486892,0x45D8c7BF5be7c99D39cDC724f60497BD79546458,0xaCF2c5e2c6e54b0AE44DaeF6C12136bCEab88d07,0x940181a94A35A4569E4529A3CDfB74e38FD98631,0xD1dB4851bcF5B41442cAA32025Ce0Afe6B8EabC2,0x940181a94A35A4569E4529A3CDfB74e38FD98631,18,18,18,25752645717843090444,2672217892356079653788693,25.75264571784309,2672217.8923560795,2672243645001797496879137,0,7450017149894643817725,7450.017149894644,0.0,0,0,0,nan,0
vAMM-suUSD/eMTRG,6.3717769389219595e-06,0x70fAaFB3c7990771F6724C00F2574437bf805A9f,0x68b896E8B47f3d7a2399376D76706204B0B6e32E,0x8BF591Eae535f93a242D5A954d3Cde648b48A5A8,0xa023E6f6B4862EA38cbe45e377abD908abAb2f82,0x940181a94A35A4569E4529A3CDfB74e38FD98631,18,18,18,1711645209101034178,16267927902979325426,1.7116452091010341,16.267927902979327,17979573112080359604,0,37747816196399443400,37.74781619639944,0.0,0,0,0,nan,0
vAMM-WETH/MET,0.41601256375598494,0xF91E0Dfe1265B914182De54E08C9CA2068bedDDE,0x4aCfd43DaD13c5312FD0021C837167d294d7fCF9,0x4200000000000000000000000000000000000006,0x93dc5Cb35627A759848c7A7F0079EA7b49E435a5,0x940181a94A35A4569E4529A3CDfB74e38FD98631,18,18,18,17580010874933,206091811265959856,1.7580010874933e-05,0.20609181126595985,206109391276834789,16348444029379834,2464550460975601660347397,2464550.4609756013,1.0464169648066369e-22,257.89474129868864,0,257.89474129868864,9556.4199896624,1773878400
vAMM-AERO/DOG,1.7092661277413872e-08,0xa99e526aB91d3E5d5bAC58551D1a27C8a253591c,0xeC4C5DAD3bac5399fb0FF04C95D02dC15a3472CD,0x940181a94A35A4569E4529A3CDfB74e38FD98631,0xAfb89a09D82FBDE58f18Ac6437B3fC81724e4dF6,0x940181a94A35A4569E4529A3CDfB74e38FD98631,18,18,18,17893840702048391150,10678064290718095958396,17.89384070204839,10678.064290718095,10695958131420144349546,0,101260706768604499,0.10126070676860449,0.0,0,0,0,nan,0
vAMM-WETH/WELS,0.003133242528660629,0xCaedc2561356B6a01a94E3C0438011459E91FBb9,0xdE41799DE5fB357f501dd9386ACee424E816f7a6,0x4200000000000000000000000000000000000006,0x7F62ac1e974D65Fab4A81821CA6AF659A5F46298,0x940181a94A35A4569E4529A3CDfB74e38FD98631,18,18,18,0,0,0.0,0.0,0,123097466624395,18562021898185572102088,18562.021898185572,0.0,0,0,0,nan,0
vAMM-WETH/axlOP,0.05624361722897525,0x6a071315B5Ae7da81CA56901ff13893F84776c7B,0xf2B43787C9F841B69567Df52DD6669F4D6De293f,0x4200000000000000000000000000000000000006,0x994ac01750047B9d35431a7Ae4Ed312ee955E030,0x940181a94A35A4569E4529A3CDfB74e38FD98631,18,18,18,11248073714970620,55478666604850217754,0.01124807371497062,55.47866660485022,55489914678565188374,0,333199631081122755627915,333199.6310811228,0.0,0,0,0,nan,0
vAMM-wBaseDOGE/AERO,0.003683520665262871,0xDab27FB1923FC017e941D837040add59b9aFF9fD,0xEacFC84B210f27CC5999191a55BA39cb4E4c8902,0x373504DA48418C67E6FCD071F33Cb0b3B47613C7,0x940181a94A35A4569E4529A3CDfB74e38FD98631,0x940181a94A35A4569E4529A3CDfB74e38FD98631,18,18,18,16036616630106039635149876,6011300677957882060,16036616.63010604,6.011300677957882,16036622641406717593031936,0,21821991315896067800782,21821.99131589607,0.0,0,0,0,nan,0
vAMM-WETH/AYB,6.485482582148766e-05,0x35D057C5c0Af0caE0Db29946872B486aFC1E0e17,0x521221892F5398B45d3A1a843f01FdeCED76BBB6,0x4200000000000000000000000000000000000006,0x7ED613AB8b2b4c6A781DDC97eA98a666c6437511,0x940181a94A35A4569E4529A3CDfB74e38FD98631,18,18,18,36463948875192780,222030898176223089078922991,0.03646394887519278,222030898.1762231,222030898212687037954115771,0,384214335816535254588,384.21433581653525,0.0,0,0,0,nan,0
vAMM-AERO/BASED,5.270852248670225e-07,0x4b1aFCB3F6b525030c9B548839a0E66c058d9B3F,0xB14FAFC5194250477156b6bE22f7b41E95cC0F81,0x940181a94A35A4569E4529A3CDfB74e38FD98631,0xBa5E6fa2f33f3955f0cef50c63dCC84861eAb663,0x940181a94A35A4569E4529A3CDfB74e38FD98631,18,18,18,1616550990031737268,83911522119678228852,1.6165509900317372,83.91152211967822,85528073109709966120,0,3122569477688666806,3.1225694776886668,0.0,0,0,0,nan,0
vAMM-GB/WETH,6.37844895624085e-05,0x284ddaDA0B71F2D0D4e395B69b1013dBf6f3e6C1,0x83FC503345Dcde6197b2BD8eaa82ccb4b737Be40,0x2aF864fb54b55900Cd58d19c7102d9e4FA8D84a3,0x4200000000000000000000000000000000000006,0x940181a94A35A4569E4529A3CDfB74e38FD98631,18,18,18,1027378020000909761965755,650251387969491222,1027378.0200009098,0.6502513879694912,1027378670252297731456977,0,377873427030281022205,377.87342703028105,0.0,0,0,0,nan,0
vAMM-BMX/USDC,0.005675298696504234,0x2F48C208d7Bd2b4Ff6Da005A9427eF38F035b2d8,0x7062ADe77b3b2894cBc5bCa78d5E784214B1A390,0x548f93779fBC992010C07467cBaf329DD5F059B7,0x833589fCD6eDb6E08f4c7C32D4f71b54bdA02913,0x940181a94A35A4569E4529A3CDfB74e38FD98631,18,18,6,0,0,0.0,0.0,0,222972348810907,33621725008401308345760,33621.72500840131,2.0257571608052955e-21,68.10945019439544,0,68.10945019439544,493.64258428807517,1773878400
vAMM-WELS/AERO,0.0001234038435921998,0x90359da9715411B828769ab9343Fa2732F726E19,0xb4F1CD310453F86ecF52554b6bCBAb543667a446,0x7F62ac1e974D65Fab4A81821CA6AF659A5F46298,0x940181a94A35A4569E4529A3CDfB74e38FD98631,0x940181a94A35A4569E4529A3CDfB74e38FD98631,18,18,18,64981965313985411102677,148296336551236173840,64981.96531398541,148.29633655123618,65130261650536647276517,0,731071669724161374416,731.0716697241613,0.0,0,0,0,nan,0
vAMM-HPC/WETH,2.3472219751558765e-08,0xd07B4d7CeA966B6E8087C8be3347E4B790679785,0x77ABe39cd429eA55b0fb065B74ca3e3B3c7C13DA,0x1f3BA804eFB9CFe17D595e7262CEA4782dbF6e4E,0x4200000000000000000000000000000000000006,0x940181a94A35A4569E4529A3CDfB74e38FD98631,18,18,18,884446669041070706413541,205417016545993461,884446.6690410707,0.20541701654599345,884446874458087252407002,0,139054622501151690,0.1390546225011517,0.0,0,0,0,nan,0
sAMM-hyUSD/eUSD,1.686944089953536e-07,0x145AdA46F76eC16B80d8E0B17D6A03fcdc9610E5,0xb2dd7F23Bcb81637C22f8eA5004AaEE29e6056E9,0xCc7FF230365bD730eE4B352cC2492CEdAC49383e,0xCfA3Ef56d303AE4fAabA0592388F19d7C3399FB4,0x940181a94A35A4569E4529A3CDfB74e38FD98631,18,18,18,6284657189247560910,6817013944215674999,6.284657189247561,6.817013944215675,13101671133463235909,0,999382998676381155,0.9993829986763811,0.0,0,0,0,nan,0
vAMM-GROW/WETH,0.0008559025954460508,0xDa74029240F657a7be372906290300dBb8F1BcCd,0x8c021a56b951b22491Aa74404275732281367ba5,0x321725ee44CB4bfA544CF45a5A585b925d30A58C,0x4200000000000000000000000000000000000006,0x940181a94A35A4569E4529A3CDfB74e38FD98631,18,18,18,244566565520046646791,30785487176703674,244.56656552004665,0.030785487176703673,244597351007223350465,0,5070556324337528512178,5070.556324337528,0.0,0,0,0,nan,0
vAMM-KWENTA/WETH,6.390098329476353e-05,0xc91cE85Da7FB4523926a2930e930A8B52a7B85B2,0xc7D62524C372125830A234f0E197C335d0F973FE,0x37Ab9F42051C112CAAba55AB6487dd74286A0B29,0x4200000000000000000000000000000000000006,0x940181a94A35A4569E4529A3CDfB74e38FD98631,18,18,18,93849436856815548,72740055945466,0.09384943685681554,7.2740055945466e-05,93922176912761014,0,378563561672331858655,378.5635616723319,0.0,0,0,0,nan,0
vAMM-USDC/DOG,6.043234306298527e-06,0x1bA78f0373178F4d7996267D005eCbc29e14c99F,0xc3ef893d3E8F7521525fE138505262AE8B3D99BA,0x833589fCD6eDb6E08f4c7C32D4f71b54bdA02913,0x9E53e88dCff56d3062510A745952DEC4cEFDff9E,0x940181a94A35A4569E4529A3CDfB74e38FD98631,18,6,18,1592785,9428065023639293367207,1.592785,9428.065023639294,9428065023639294959992,0,35801456958179031303,35.80145695817903,0.0,0,0,0,nan,0
vAMM-wBaseDOGE/DOG,2.381270902430429e-09,0x2d9Fef5A2EF3A66b8b458C547F8D6F4af4C413Ad,0xA53FdF59E0Ecd1adC7e41c161b54aE3D32B2f0a5,0x373504DA48418C67E6FCD071F33Cb0b3B47613C7,0xAfb89a09D82FBDE58f18Ac6437B3fC81724e4dF6,0x940181a94A35A4569E4529A3CDfB74e38FD98631,18,18,18,265049724023703167596204,53279248924534881888,265049.7240237032,53.27924892453488,265103003272627702478092,0,14107175627837684,0.014107175627837684,0.0,0,0,0,nan,0
sAMM-USDC/STAR,0.0010104124830540445,0xF45F6cDBcd0D2D4Bf4d9758b032a66A2cf4e55C8,0xc115982d35fe4304274FEEf5b351256342BB6C2e,0x833589fCD6eDb6E08f4c7C32D4f71b54bdA02913,0xC19669A405067927865B40Ea045a2baabbbe57f5,0x940181a94A35A4569E4529A3CDfB74e38FD98631,18,6,18,0,0,0.0,0.0,0,39698877459939,5985907080313562065631,5985.907080313562,5.956326649517276e-22,3.5654017864005816,0,3.5654017864005816,1678.8871041534364,1773878400
vAMM-WETH/VITA,7.055921663067656e-07,0x152f55611636A3E6273D1367F6E0360aBad7D319,0xB193Cf7E7820655F1837CcBB0fe3c96Db90faF1f,0x4200000000000000000000000000000000000006,0x490a4B510d0Ea9f835D2dF29Eb73b4FcA5071937,0x940181a94A35A4569E4529A3CDfB74e38FD98631,18,18,18,6639340193943222,28250620750707816212,0.006639340193943222,28.250620750707817,28257260090901759434,0,4180084089364464670,4.180084089364465,0.0,0,0,0,nan,0
vAMM-WETH/SPX,0.06467238380055265,0xe96a4E9EA3a2C6Db214174738a19Eb7Dbb8A3069,0xCC38E1fc0f8BD866143f672D9E4340f05D262543,0x4200000000000000000000000000000000000006,0x50dA645f148798F68EF2d7dB7C1CB22A6819bb2C,0x940181a94A35A4569E4529A3CDfB74e38FD98631,18,18,8,0,0,0.0,0.0,0,2555413379623808,383133508923382952005359,383133.50892338296,0.0,0,0,0,nan,0
sAMM-DEGEN/DOG,5.749504687738735e-06,0x56EA567EfCf632E3427D84E3D70c7DE24377AfB8,0xf6B598c9E06322571901eEe8F33AB39B10a58904,0x4ed4E862860beD51a9570b96d89aF5E1B0Efefed,0xAfb89a09D82FBDE58f18Ac6437B3fC81724e4dF6,0x940181a94A35A4569E4529A3CDfB74e38FD98631,18,18,18,167468897336925656748,265820881825186164219,167.46889733692566,265.8208818251862,433289779162111820967,0,34061337716856462873,34.061337716856464,0.0,0,0,0,nan,0
vAMM-WETH/TOWER,0.002096425220844792,0xAaCE080ea9CE5e7942Ea826d311b6170BdfCf73B,0xb00ec5Ccd55b47d92e29496ca322B1F64a5c24B5,0x4200000000000000000000000000000000000006,0xf7C1CEfCf7E1dd8161e00099facD3E1Db9e528ee,0x940181a94A35A4569E4529A3CDfB74e38FD98631,18,18,18,31204513955599,314622351301026592089,3.1204513955599e-05,314.6223513010266,314622382505540547688,82368071794488,12419686794518303583345,12419.686794518304,1.2162904148879394e-21,15.10594600408293,0,15.10594600408293,822.1720633160897,1773878400
vAMM-WETH/WAMPL,1.539682150615991e-05,0xfa4d06CA791C0316baD2d97910ac391cF9a71BD2,0x93964594cEcbe653273BEA3eae3bdB8D6d720fA5,0x4200000000000000000000000000000000000006,0x489fe42C267fe0366B16b0c39e7AEEf977E841eF,0x940181a94A35A4569E4529A3CDfB74e38FD98631,18,18,18,711366463616832,52942804846303942,0.000711366463616832,0.05294280484630394,53654171309920774,0,91214176797850489099,91.21417679785048,0.0,0,0,0,nan,0
vAMM-WETH/TN100x,0.04993750429414267,0x8f5F1D63599362115e7F9fe71BFD5ab883D82c82,0x931143b901A1c81bA1657cF0F2AcD126F75ca4Fd,0x4200000000000000000000000000000000000006,0x5B5dee44552546ECEA05EDeA01DCD7Be7aa6144A,0x940181a94A35A4569E4529A3CDfB74e38FD98631,18,18,18,0,0,0.0,0.0,0,1976540052043291,295840822971611078149020,295840.8229716111,0.0,0,0,0,nan,0
sAMM-USDC/USX,0.004156410164148157,0x1f019b4420936a800fF6f54c00d9da05445DE433,0x62b2Da7b10dde762B3b020AAEe409786b548684C,0x833589fCD6eDb6E08f4c7C32D4f71b54bdA02913,0xc142171B138DB17a1B7Cb999C44526094a4dae05,0x940181a94A35A4569E4529A3CDfB74e38FD98631,18,6,18,0,0,0.0,0.0,0,163311436085255,24623493323301455731959,24623.493323301456,0.0,0,0,0,nan,0
vAMM-USDC/SPOT,1.7453323462307236e-05,0xa43455d99Eb63473cFA186b388c1BC2EA1B63924,0xD90C0E9728fe44905384C89d867Ba095e2Dc3E2e,0x833589fCD6eDb6E08f4c7C32D4f71b54bdA02913,0x8f2E6758C4D6570344bd5007DEc6301cd57590A0,0x940181a94A35A4569E4529A3CDfB74e38FD98631,18,6,9,67907137,53517640027,67.907137,53.517640027,53585547164,0,103397349340189876624,103.39734934018989,0.0,0,0,0,nan,0
sAMM-BRETT/AERO,0.00021234217669850852,0xFfa80952B3800240F11AD25E45e8d3E5C1593E70,0xCab96B63cB77Eb0f771D09197860cE159F197Cc6,0x532f27101965dd16442E59d40670FaF5eBB142E4,0x940181a94A35A4569E4529A3CDfB74e38FD98631,0x940181a94A35A4569E4529A3CDfB74e38FD98631,18,18,18,0,0,0.0,0.0,0,8343234774378,1257962030622309533330,1257.9620306223096,2.0603583876106048e-21,2.591852621088344,0,2.591852621088344,485.35245422020915,1773878400
vAMM-WETH/CHAD,0.001116668745343795,0x17Cf4aBb54a9D18c90FA0e36B8669aB0f4936f2e,0x346C6cfaC949E9d7FCA69cFf0a882c06e86C9245,0x4200000000000000000000000000000000000006,0xecaF81Eb42cd30014EB44130b89Bcd6d4Ad98B92,0x940181a94A35A4569E4529A3CDfB74e38FD98631,18,18,18,338956547578901126,49023965079910760397074620,0.33895654757890115,49023965.07991076,49023965418867307975975746,0,6615392684891008078635,6615.392684891008,0.0,0,0,0,nan,0
vAMM-fBOMB/wstETH,0.007663295165648847,0xBd1F3d188de7eE07B1b323C0D26D6720CAfB8780,0x56b13a025EE67FE7645cd4c09033673e3Cb207Ba,0x74ccbe53F77b08632ce0CB91D3A545bF6B8E0979,0xc1CBa3fCea344f92D9239c08C0568f6F2F0ee452,0x940181a94A35A4569E4529A3CDfB74e38FD98631,18,18,18,0,0,0.0,0.0,0,301102078289186,45399055890461088289985,45399.05589046109,0.0,0,0,0,nan,0
vAMM-cbETH/fBOMB,6.831976984538522e-07,0x40834a402B9013f1fD7575EABa84E1589205099d,0x33BD3859141EEB7FCf8d71A9A52F554C6Ca5a278,0x2Ae3F1Ec7F1F5012CFEab0185bfc7aa3cf0DEc22,0x74ccbe53F77b08632ce0CB91D3A545bF6B8E0979,0x940181a94A35A4569E4529A3CDfB74e38FD98631,18,18,18,2850740559213006,399256489560802190793,0.002850740559213006,399.2564895608022,399259340301361403799,0,4047414307538898338,4.047414307538898,0.0,0,0,0,nan,0
vAMM-DEGEN/MAI,0.0004297583582834353,0xe7c22c22Be0ba467AD5a32F607112e10d89778af,0x44d708dba44160FA748c25a7d3fbC4C73dE4b87F,0x4ed4E862860beD51a9570b96d89aF5E1B0Efefed,0xbf1aeA8670D2528E08334083616dD9C5F3B087aE,0x940181a94A35A4569E4529A3CDfB74e38FD98631,18,18,18,2826165675983099839875,9495035792822698961,2826.1656759831,9.4950357928227,2835660711775922538836,0,2545983588699538788138,2545.983588699539,0.0,0,0,0,nan,0
sAMM-WETH/rETH,3.96887502488324e-05,0xb8866732424AcDdd729C6fcf7146b19bFE4A2e36,0xAa3D51d36BfE7C5C63299AF71bc19988BdBa0A06,0x4200000000000000000000000000000000000006,0xB6fe221Fe9EeF5aBa221c348bA20A1Bf5e73624c,0x940181a94A35A4569E4529A3CDfB74e38FD98631,18,18,18,0,0,0.0,0.0,0,1559429061037,235124936704266101517,235.1249367042661,1.339155062907664e-23,0.0031486874940336203,0,0.0031486874940336203,74673.9513368028,1773878400
vAMM-RSR/bsdETH,0.004653072272731658,0x95F04B5594e2a944CA91d56933D119841eeF9a99,0x190351cf2a6e2ac19A528b283E0748eD0652799d,0xaB36452DbAC151bE02b16Ca17d8919826072f64a,0xCb327b99fF831bF8223cCEd12B1338FF3aA322Ff,0x940181a94A35A4569E4529A3CDfB74e38FD98631,18,18,18,0,0,0.0,0.0,0,182833274685877,27565829529706408238425,27565.82952970641,1.2455013726182621e-21,34.333278516610356,0,34.333278516610356,802.8895206255974,1773878400
vAMM-WETH/SEXY,0.01907755757142122,0x862a9D8443BbF74CF86bC05aFC8e05c63319DC1e,0x2F1c1492F6057808C3fd16eef67E0237FBAeBF4B,0x4200000000000000000000000000000000000006,0xD1917629B3E6A72E6772Aab5dBe58Eb7FA3C2F33,0x940181a94A35A4569E4529A3CDfB74e38FD98631,18,18,18,0,0,0.0,0.0,0,749614903734045,113019671527308133496771,113019.67152730814,2.4251749781609926e-23,2.7409247942800206,0,2.7409247942800206,41234.138113955756,1773878400
vAMM-TKN/AERO,0.036086864781550175,0xd88b9f7185f404015B665e070A5EF03a7e26661F,0x82FDF8F646c6dcF7966734146486114f60C7Def5,0x78b3C724A2F663D11373C4a1978689271895256f,0x940181a94A35A4569E4529A3CDfB74e38FD98631,0x940181a94A35A4569E4529A3CDfB74e38FD98631,18,18,18,0,0,0.0,0.0,0,1417961998962009,213786570361131769481348,213786.57036113174,8.819824650749309e-23,18.855600632702615,0,18.855600632702615,11338.093891867142,1773878400
vAMM-AERO/USD+,0.0003688403690559675,0x267d950110D9ED57999c3451b89C35a9D278C074,0x45D3ef9d20f9eA644aB9bc706e630311050de370,0x940181a94A35A4569E4529A3CDfB74e38FD98631,0xB79DD08EA68A908A97220C76d19A6aA9cBDE4376,0x940181a94A35A4569E4529A3CDfB74e38FD98631,18,18,6,36619697099909706379,29010255,36.61969709990971,29.010255,36619697099938716634,0,2185091943801223861701,2185.091943801224,0.0,0,0,0,nan,0
vAMM-WETH/PRIME,0.0007271771224918277,0xB21b821EC1bB22d0241AE425e07e14d1CCea4AeD,0x2C477011BB6dF2828Da8367Bae4C5bA7381C0240,0x4200000000000000000000000000000000000006,0xfA980cEd6895AC314E7dE34Ef1bFAE90a5AdD21b,0x940181a94A35A4569E4529A3CDfB74e38FD98631,18,18,18,17210870040936917,17021898820650549369,0.017210870040936917,17.02189882065055,17039109690691486286,0,4307958144983698775490,4307.958144983699,0.0,0,0,0,nan,0
vAMM-USDC/sFRAX,1.805129917695681e-06,0xf0e08Fa759B9C3099B0Dd63f73f79984AEb6254f,0x29b1f2295031d7e98CCD428fAcc65Ef30821771e,0x833589fCD6eDb6E08f4c7C32D4f71b54bdA02913,0xe4796cCB6bB5DE2290C417Ac337F2b66CA2E770E,0x940181a94A35A4569E4529A3CDfB74e38FD98631,18,6,18,31022476,28181318478325845216,31.022476,28.181318478325846,28181318478356867692,0,10693988976225330758,10.69398897622533,0.0,0,0,0,nan,0
vAMM-FXS/USDC,4.098942694474747e-06,0xa2D4414421e5531E727d532ef018109f59d22340,0x9a27275AE67A5E19630B2D096D4989992028A154,0x23432452B720C80553458496D4D9d7C5003280d0,0x833589fCD6eDb6E08f4c7C32D4f71b54bdA02913,0x940181a94A35A4569E4529A3CDfB74e38FD98631,18,18,6,1924029964444388189,3621014,1.9240299644443881,3.621014,1924029964448009203,0,24283043319590076243,24.283043319590078,0.0,0,0,0,nan,0
vAMM-sfrxETH/FXS,7.419952504619845e-11,0x1bDEb67E8B0D700b7717C7F3a7341859B7Dac784,0x8B207A66E66e08CC1CE51bc38d1dFe3d8Cb36322,0x1f55a02A049033E3419a8E2975cF3F572F4e6E9A,0x23432452B720C80553458496D4D9d7C5003280d0,0x940181a94A35A4569E4529A3CDfB74e38FD98631,18,18,18,3548160131780796,8446071544795411016,0.003548160131780796,8.44607154479541,8449619704927191812,0,439574401325153,0.000439574401325153,0.0,0,0,0,nan,0
vAMM-WETH/QI,0.016113721500729098,0x06709C364dd4E2f5b0c10b1eBf80B2Ce483dbdC5,0xdd1fd2BeEE67A3adA2277fc44aA69C5C0d753449,0x4200000000000000000000000000000000000006,0xD3FDCb837DAfdb7C9C3eBD48FE22a53F6Dd3d7D7,0x940181a94A35A4569E4529A3CDfB74e38FD98631,18,18,18,4284552348369,0,4.284552348369e-06,0.0,4284552348369,633156825570853,95461250963440495280383,95461.2509634405,0.0,0,0,0,nan,0
vAMM-sfrxETH/AERO,8.62918384234416e-06,0xE25bc9133D26F62C9FA03b6750f3F3Ba57E9eB44,0xEab862191A4d917D2D16E2FAF0859448Ff5BEdB7,0x1f55a02A049033E3419a8E2975cF3F572F4e6E9A,0x940181a94A35A4569E4529A3CDfB74e38FD98631,0x940181a94A35A4569E4529A3CDfB74e38FD98631,18,18,18,7135988585958420,30606915568201207573,0.00713598858595842,30.606915568201206,30614051556787165993,0,51121194092029528727,51.121194092029526,0.0,0,0,0,nan,0
vAMM-BAVA/AERO,0.00010140916163603315,0xD3c2fa602B8da5b0b9c25dFBE7F2f31Bb512dB13,0xE3Da183CDBbd0F01867605C632F1E275e7eD6E3D,0x3fbdE9864362CE4Abb244EbeF2EF0482ABA8eA39,0x940181a94A35A4569E4529A3CDfB74e38FD98631,0x940181a94A35A4569E4529A3CDfB74e38FD98631,18,18,18,4674082000126172782749477,2756262661129309157890,4674082.000126173,2756.262661129309,4676838262787302091907367,0,600770307994428256912,600.7703079944282,0.0,0,0,0,nan,0
vAMM-Mog/WETH,0.0020775442577950364,0x4A311ac4563abc30E71D0631C88A6232C1309ac5,0x8FCc385d8d7f3A2e087853a79531630Bf96575e8,0x2Da56AcB9Ea78330f947bD57C54119Debda7AF71,0x4200000000000000000000000000000000000006,0x940181a94A35A4569E4529A3CDfB74e38FD98631,18,18,18,1419457963764587555140039305,107052360891227571,1419457963.7645876,0.10705236089122758,1419457963871639916031266876,0,12307831792429391923237,12307.831792429391,0.0,0,0,0,nan,0
vAMM-VIRTUAL/WETH,3.9682829592283873,0x21594b992F68495dD28d605834b58889d0a727c7,0xBD62Cad65b49b4Ad9C7aa9b8bDB89d63221F7af5,0x0b3e328455c4059EEb9e3f84b5543F74E24e7E1b,0x4200000000000000000000000000000000000006,0x940181a94A35A4569E4529A3CDfB74e38FD98631,18,18,18,40043999545315408074,20313672579262883,40.04399954531541,0.020313672579262882,40064313217894670957,155941055904042925,23508986142506245045660542,23508986.142506246,1.0529637248897463e-21,24754.109616994807,0,24754.109616994807,949.7003328435725,1773878400
vAMM-HIGHER/WETH,0.0022533404875271475,0xcEdF590857aE7Fbd4A342Ce9Ee9CA111570A1ca2,0x8Ee017223529FC20FA5B8D6f1D048003A424D9CC,0x0578d8A44db98B23BF096A382e016e29a5Ce0ffe,0x4200000000000000000000000000000000000006,0x940181a94A35A4569E4529A3CDfB74e38FD98631,18,18,18,10508927110970162030229,1650200832691928,10508.927110970162,0.001650200832691928,10508928761170994722157,0,13349287548266080198429,13349.287548266082,0.0,0,0,0,nan,0
vAMM-BRETT/AERO,0.003939092735203545,0x43BBb129b56A998732767725A183b7a566843dBA,0x80c6eF2039c429d905D125Bba5FD99125646aee9,0x532f27101965dd16442E59d40670FaF5eBB142E4,0x940181a94A35A4569E4529A3CDfB74e38FD98631,0x940181a94A35A4569E4529A3CDfB74e38FD98631,18,18,18,0,0,0.0,0.0,0,154780396573722,23336056797712218041647,23336.05679771222,1.7742852659496434e-21,41.40482174154481,0,41.40482174154481,563.6072277615258,1773878400
vAMM-USD+/sFRAX,7.741452343345333e-08,0xbB38EeBd670A9F3cafe6D3170862ccD930cB25f9,0xEc4288995734ca01eAfC97588658F37515823502,0xB79DD08EA68A908A97220C76d19A6aA9cBDE4376,0xe4796cCB6bB5DE2290C417Ac337F2b66CA2E770E,0x940181a94A35A4569E4529A3CDfB74e38FD98631,18,6,18,69664367,56816156764430782618,69.664367,56.81615676443078,56816156764500446985,0,458620763016268660,0.4586207630162687,0.0,0,0,0,nan,0
vAMM-WELS/USDC,0.000489589487939362,0xfEA9E8a7daEf9497ffF3e3501eD504984f96aa33,0xE4be724E22FeFeB2969f53865222E58c496ef5d7,0x7F62ac1e974D65Fab4A81821CA6AF659A5F46298,0x833589fCD6eDb6E08f4c7C32D4f71b54bdA02913,0x940181a94A35A4569E4529A3CDfB74e38FD98631,18,18,6,31223867213459809771713,45832349,31223.86721345981,45.832349,31223867213459855604062,0,2900436437053169395503,2900.4364370531694,0.0,0,0,0,nan,0
vAMM-DEGEN/TKN,0.004623609353508266,0xc01162ED99a018D02b8a12f4712B0b9b87a9852F,0x519b415fBC1007d3871BD9F7F679d0593a459888,0x4ed4E862860beD51a9570b96d89aF5E1B0Efefed,0x78b3C724A2F663D11373C4a1978689271895256f,0x940181a94A35A4569E4529A3CDfB74e38FD98631,18,18,18,0,0,0.0,0.0,0,181677390568212,27391284678228581007478,27391.28467822858,4.288246961678965e-22,11.746059329789729,0,11.746059329789729,2331.955246365925,1773878400
vAMM-ANIME/WETH,0.0008968329762584365,0xeB956b77D455e33b41bBE6052dBE4388dCfD729B,0x93a7ddBd64f0835f99b6D248Ce058Fd90C68666c,0x0e0c9756a3290cD782CF4aB73ac24D25291c9564,0x4200000000000000000000000000000000000006,0x940181a94A35A4569E4529A3CDfB74e38FD98631,18,18,18,11459900770576431164813761,46049017182198347,11459900.77057643,0.046049017182198344,11459900816625448347012108,0,5313036955182708443626,5313.036955182708,0.0,0,0,0,nan,0
vAMM-ezETH/WETH,2.630367897285903e-05,0x0C8bF3cb3E1f951B284EF14aa95444be86a33E2f,0x6318373c5a01224094BF0B1AC88562345B2Fb91E,0x2416092f143378750bb29b79eD961ab195CcEea5,0x4200000000000000000000000000000000000006,0x940181a94A35A4569E4529A3CDfB74e38FD98631,18,18,18,0,0,0.0,0.0,0,1033571571520,155828813323865257024,155.82881332386526,0.0,0,0,0,nan,0
sAMM-ezETH/WETH,1.1894113740542768e-05,0x497139e8435E01555AC1e3740fccab7AFf149e02,0x4Fa58b3Bec8cE12014c7775a0B3da7e6AdC3c7eA,0x2416092f143378750bb29b79eD961ab195CcEea5,0x4200000000000000000000000000000000000006,0x940181a94A35A4569E4529A3CDfB74e38FD98631,18,18,18,0,0,0.0,0.0,0,467364958465,70463361100183120462,70.46336110018312,0.0,0,0,0,nan,0
vAMM-USDC/WELL,1.0322247712597448e-06,0x81A8c12738F7346094526ECC2487a63f45dD1935,0x47C84ff870c7EeA60420EC8c98B7FBa9D37b478B,0x833589fCD6eDb6E08f4c7C32D4f71b54bdA02913,0xA88594D404727625A9437C3f886C7643872296AE,0x940181a94A35A4569E4529A3CDfB74e38FD98631,18,6,18,75089797,3035075468698325937316,75.089797,3035.075468698326,3035075468698401027113,0,6115127901115079251,6.11512790111508,0.0,0,0,0,nan,0
vAMM-BITCOIN/WETH,0.00017170622660322329,0xaa46e69d85c79bb3EfFe0902c1Ad69f712b5b382,0x7d7bb62DB5614b191E154DB763F8e6daABDFa55b,0x2a06A17CBC6d0032Cac2c6696DA90f29D39a1a29,0x4200000000000000000000000000000000000006,0x940181a94A35A4569E4529A3CDfB74e38FD98631,18,8,18,0,0,0.0,0.0,0,6746990588396,1017225672481308634142,1017.2256724813087,5.012655481641666e-21,5.099001843230062,0,5.099001843230062,199.4950587891781,1773878400
vAMM-REGEN/WETH,0.0003572821910456381,0x11D9944cB1886F5Ca08673C0B61b4d159946AcDa,0x4C73598c779cBED9002a52Ac14C3490d3d876DE7,0x1D653f09f216682eDE4549455D6Cf45f93C730cf,0x4200000000000000000000000000000000000006,0x940181a94A35A4569E4529A3CDfB74e38FD98631,18,18,18,20777227708600764794061,9664596199677838,20777.227708600763,0.009664596199677838,20777237373196964471899,0,2116618740284938021674,2116.618740284938,0.0,0,0,0,nan,0
vAMM-AERO/WELL,0.003462273977016658,0xCd401DE1cBAa0d770eE5FB70ff622c752C92B8c5,0x57c198edE5e375a273935f5ED8B4D22fE836f080,0x940181a94A35A4569E4529A3CDfB74e38FD98631,0xA88594D404727625A9437C3f886C7643872296AE,0x940181a94A35A4569E4529A3CDfB74e38FD98631,18,18,18,0,0,0.0,0.0,0,136045910503655,20511276988945207877134,20511.27698894521,1.821964684073555e-21,37.37082229910874,0,37.37082229910874,548.8580589631389,1773878400
vAMM-WETH/BENJI,4.890522191165781e-08,0x9409dBe9d0aE5961A28cf395786Bddc0911eFBec,0x9E5AE7b0CeB4b8E5e2Bb986e63147b912072d2Be,0x4200000000000000000000000000000000000006,0xBC45647eA894030a4E9801Ec03479739FA2485F0,0x940181a94A35A4569E4529A3CDfB74e38FD98631,18,18,18,19755378002313,12799379021585486169,1.9755378002313e-05,12.799379021585485,12799398776963488482,0,289725353768853210,0.28972535376885317,0.0,0,0,0,nan,0
vAMM-WETH/RSR,0.0020987157512562344,0xd204058452F57464E0E5ab8C3Cc9cbCb6B41D4EE,0x40334F3E5e59c5A7aeAf6b47FfF6be1917c71ba6,0x4200000000000000000000000000000000000006,0xaB36452DbAC151bE02b16Ca17d8919826072f64a,0x940181a94A35A4569E4529A3CDfB74e38FD98631,18,18,18,0,0,0.0,0.0,0,82454520493971,12433256403403264641331,12433.256403403264,7.511195077569925e-22,9.338861429540735,0,9.338861429540735,1331.346063672636,1773878400
vAMM-USDA/EURA,3.36548433888792e-08,0x79eF3eCDa775860a2351ae2A7B80C4d80ba47F72,0x3fd91fAC3Ccc67d818A6E17e7296A82Ba7a4aCAa,0x0000206329b97DB379d5E1Bf586BbDB969C63274,0xA61BeB4A3d02decb01039e378237032B351125B4,0x940181a94A35A4569E4529A3CDfB74e38FD98631,18,18,18,8303781449241317881,5362186543448077388,8.303781449241319,5.362186543448077,13665967992689395269,0,199378737601721378,0.19937873760172137,0.0,0,0,0,nan,0
vAMM-AERO/OVN,5.699824816465271e-05,0x4704f9Cf735b58ea442E387ACca6717311597322,0x365f5413BBC783D1fff1cAe9D3Bd9A16eA698D19,0x940181a94A35A4569E4529A3CDfB74e38FD98631,0xA3d1a8DEB97B111454B294E2324EfAD13a9d8396,0x940181a94A35A4569E4529A3CDfB74e38FD98631,18,18,18,463779702067474336214,373762816949681757130,463.7797020674743,373.76281694968173,837542519017156093344,0,337670231688947804211,337.6702316889478,0.0,0,0,0,nan,0
sAMM-USDA/USDC,2.1624392389932394e-05,0xE503312E932a3647AeAC8b00A8Bd1d04E6A73C08,0x93c10Fb12B2EA0D558929914236A45355B03F1F7,0x0000206329b97DB379d5E1Bf586BbDB969C63274,0x833589fCD6eDb6E08f4c7C32D4f71b54bdA02913,0x940181a94A35A4569E4529A3CDfB74e38FD98631,18,18,6,21778582086948898839,18128746,21.778582086948898,18.128746,21778582086967027585,0,128107684421245941394,128.10768442124595,0.0,0,0,0,nan,0
vAMM-GENOME/WETH,0.02195899352842425,0x963ceee215e5b0B1dCB221C3bA398De66abC73D9,0xa4F335B6ee0f8e34F31d4C8b702080196252dAc3,0x1db0c569ebb4a8b57AC01833B9792F526305e062,0x4200000000000000000000000000000000000006,0x940181a94A35A4569E4529A3CDfB74e38FD98631,18,18,18,0,0,0.0,0.0,0,862860922467003,130089935588537040374170,130089.93558853703,7.486104110272638e-22,97.38668015144499,0,97.38668015144499,1335.8082993098806,1773878400
vAMM-WETH/BUIDL,5.528588653617839e-05,0x6eB0f4B90EeB237f6ee6d5D8d69C15810b81fa05,0x136805463D527bA9c507fF7640e9cF84f0328278,0x4200000000000000000000000000000000000006,0xdADc4F8E9d8d37294de0E02A2Ce8Cc0c90A4F6c2,0x940181a94A35A4569E4529A3CDfB74e38FD98631,18,18,18,93805376262925078,77923075782246661040304,0.09380537626292508,77923.07578224665,77923169587622923965382,0,327525822580936522456,327.52582258093656,0.0,0,0,0,nan,0
vAMM-VIRTUAL/AERO,0.020463061473474233,0x8B49c7eC53Cb4CA3666bB16727FC5C5F6d12226f,0x57538a02972c01440113cC7A7Ff8F1d954d01239,0x0b3e328455c4059EEb9e3f84b5543F74E24e7E1b,0x940181a94A35A4569E4529A3CDfB74e38FD98631,0x940181a94A35A4569E4529A3CDfB74e38FD98631,18,18,18,0,0,0.0,0.0,0,804100523622790,121227703154187390027883,121227.70315418739,2.0835483684933173e-21,252.5837831230993,0,252.5837831230993,479.9504610123993,1773878400
vAMM-tBTC/AERO,1.68329674115023e-07,0x5E19947708Ed0686ecE3BE487126b2c1c5378641,0x80Cdc20a68ff14f5f3b642786977F09a0fb11b64,0x236aa50979D5f3De3Bd1Eeb40E81137F22ab794b,0x940181a94A35A4569E4529A3CDfB74e38FD98631,0x940181a94A35A4569E4529A3CDfB74e38FD98631,18,18,18,71604003388812,9247194204313591455,7.1604003388812e-05,9.247194204313592,9247265808316980267,0,997222228556034548,0.9972222285560346,0.0,0,0,0,nan,0
vAMM-PRE/USDC,0.0036812276291401155,0x8a24D81C24f125341b46a52de3e4CF0e0C7E7F72,0x6169fA980Ab79355F7da28B13d08de0182131b13,0x3816dD4bd44c8830c2FA020A5605bAC72FA3De7A,0x833589fCD6eDb6E08f4c7C32D4f71b54bdA02913,0x940181a94A35A4569E4529A3CDfB74e38FD98631,18,18,6,0,0,0.0,0.0,0,144650867708452,21808406862622957925883,21808.406862622956,2.5281671965491397e-21,55.135298839080505,0,55.135298839080505,395.5434598490816,1773878400
vAMM-KWENTA/AERO,1.3086502516392032e-06,0xBaDA36C1e87109546eCEFcD3bB16A58B2Da0B0eA,0xa7c66862208D8cD6bC993BbaAd64De42F8746247,0x37Ab9F42051C112CAAba55AB6487dd74286A0B29,0x940181a94A35A4569E4529A3CDfB74e38FD98631,0x940181a94A35A4569E4529A3CDfB74e38FD98631,18,18,18,41905886436304119,553455243678947970,0.04190588643630412,0.5534552436789479,595361130115252089,0,7752733599711711903,7.752733599711712,0.0,0,0,0,nan,0
sAMM-PRO/AERO,6.321288144957539e-08,0x3e1893753F410F909A40C50857fF6C9eEF2C1D88,0x95Fc882911a36E298C0dEC1e8DDC50b05599c09d,0x18dD5B087bCA9920562aFf7A0199b96B9230438b,0x940181a94A35A4569E4529A3CDfB74e38FD98631,0x940181a94A35A4569E4529A3CDfB74e38FD98631,18,8,18,43091,20444538596758888,0.00043091,0.020444538596758887,20444538596801979,0,374487094114608442,0.37448709411460845,0.0,0,0,0,nan,0
vAMM-VIRTUAL/WAI,0.014615579393763251,0x37E769D2dcF3e3E8dFC37c0Df83EEB56edfC0fD2,0x57E0f09B66baD2f184d30B58973690C15d7f6243,0x0b3e328455c4059EEb9e3f84b5543F74E24e7E1b,0x23471E7250bCD7ee21Df3f39Ed6151931D1E076b,0x940181a94A35A4569E4529A3CDfB74e38FD98631,18,18,18,0,0,0.0,0.0,0,558897980642171,86585925692025480534964,86585.92569202547,1.540096454712718e-23,1.3335067718630726,0,1.3335067718630726,64930.99811638324,1773878400
vAMM-USDC/KLIMA,0.003500957230954621,0x958682eC6282BC7E939FA8Ba9397805C214c3A09,0x950aD950D6f07491ef2c150545A6A2AB7AdC03f4,0x833589fCD6eDb6E08f4c7C32D4f71b54bdA02913,0xDCEFd8C8fCc492630B943ABcaB3429F12Ea9Fea2,0x940181a94A35A4569E4529A3CDfB74e38FD98631,18,6,9,0,0,0.0,0.0,0,137512697124626,20740445143060773124777,20740.445143060773,0.0,0,0,0,nan,0
vAMM-GROW/VITA,2.2238652381896295e-08,0xDaD0D8F40Bf19c295B982dB2d1Ee47eE12DA92f0,0x8AC0f40EF2c222044B857d52508E18f94cA90c45,0x321725ee44CB4bfA544CF45a5A585b925d30A58C,0x490a4B510d0Ea9f835D2dF29Eb73b4FcA5071937,0x940181a94A35A4569E4529A3CDfB74e38FD98631,18,18,18,1076958826476771421950,776212996787935663698,1076.9588264767715,776.2129967879357,1853171823264707085648,0,131746696504644157,0.13174669650464416,0.0,0,0,0,nan,0
vAMM-WETH/wrsETH,7.201193091477952e-05,0xA24382874A6FD59de45BbccFa160488647514c28,0x2da7789a6371F550caF9054694F5A5A6682903f9,0x4200000000000000000000000000000000000006,0xEDfa23602D0EC14714057867A78d01e94176BEA0,0x940181a94A35A4569E4529A3CDfB74e38FD98631,18,18,18,0,0,0.0,0.0,0,2828555858789,426614609735352701485,426.6146097353527,0.0,0,0,0,nan,0
vAMM-WETH/XCAD,5.305730450373637e-07,0x63b9877618E27081181a59F9Ca52040Ada1332fc,0xC418D71a9c4756c54F414E128Ecc6A2448DEd100,0x4200000000000000000000000000000000000006,0x750cF88d9E0c2BCedEEC31d5FaAd6eD6E3F1abC6,0x940181a94A35A4569E4529A3CDfB74e38FD98631,18,18,18,0,0,0.0,0.0,0,20840372921,3143232095978378102,3.1432320959783784,4.047092311923189e-19,1.2720950450224306,0,1.2720950450224306,2.470909786401184,1773878400
vAMM-weETH.base/WETH,0.06160762584769146,0x91F0f34916Ca4E2cCe120116774b0e4fA0cdcaA8,0xf8d47b641eD9DF1c924C0F7A6deEEA2803b9CfeF,0x04C0599Ae5A44757c0af6F9eC3b93da8976c150A,0x4200000000000000000000000000000000000006,0x940181a94A35A4569E4529A3CDfB74e38FD98631,18,18,18,0,0,0.0,0.0,0,2419885272119659,364977204802882621894919,364977.2048028826,4.430255423359059e-25,0.16169422409804007,0,0.16169422409804007,2257206.197925697,1773878400
vAMM-WETH/SAM,0.10371599521935,0x598299Fb3f3829F7Ba08662948706cDFf7eC2350,0xf96Bc096dd1E52dcE4d595B6C4B8c5d2200db1E5,0x4200000000000000000000000000000000000006,0xed1779845520339693CDBffec49a74246E7D671b,0x940181a94A35A4569E4529A3CDfB74e38FD98631,18,18,18,0,0,0.0,0.0,0,4073859459136141,614436500476279106571526,614436.5004762792,2.811741315883482e-21,59.2324073558462,1668.4040870201688,1727.636494376015,355.6514940940747,1773878400
sAMM-rgUSD/eUSD,5.345869759133387e-10,0xd7AdbF474E991f4AEbF95C0b095001ce661aAD17,0x1Efd219BFfFf88F89791Bc850b7347F6da67D933,0x8E5E9DF4F0EA39aE5270e79bbABFCc34203A3470,0xCfA3Ef56d303AE4fAabA0592388F19d7C3399FB4,0x940181a94A35A4569E4529A3CDfB74e38FD98631,18,18,18,129411491415775331989,153088304658143137177,129.41149141577534,153.08830465814313,282499796073918469166,0,3167011510478252,0.003167011510478252,0.0,0,0,0,nan,0
sAMM-USDC/rgUSD,7.81162265441564e-10,0xF8CCE695B387424122d59ae2d01fA8CE359CfB00,0xc78a90ed0E25F3bf3f000c18947C683C2351777d,0x833589fCD6eDb6E08f4c7C32D4f71b54bdA02913,0x8E5E9DF4F0EA39aE5270e79bbABFCc34203A3470,0x940181a94A35A4569E4529A3CDfB74e38FD98631,18,6,18,935428,987010198726327584,0.935428,0.9870101987263276,987010198727263012,0,4627778074798720,0.00462777807479872,0.0,0,0,0,nan,0
vAMM-MAI/QI,1.377339607281766e-07,0x1894416A511251CfDD350B80bE256F4D166dCa0e,0x893E887C3b56D5E54Dc1F0dEbA783E96197151aA,0xbf1aeA8670D2528E08334083616dD9C5F3B087aE,0xD3FDCb837DAfdb7C9C3eBD48FE22a53F6Dd3d7D7,0x940181a94A35A4569E4529A3CDfB74e38FD98631,18,18,18,62773019384453078551,541593641278811776194,62.77301938445308,541.5936412788118,604366660663264854745,0,815966453849050413,0.8159664538490504,0.0,0,0,0,nan,0
vAMM-WETH/MASA,1.387808712844488e-06,0x33c3782446dF290bE025A24A0Ac94562E9A995D6,0x29Ff29c57474857a6F1fB6C5839CF82adA2BB6b5,0x4200000000000000000000000000000000000006,0x944824290CC12F31ae18Ef51216A223Ba4063092,0x940181a94A35A4569E4529A3CDfB74e38FD98631,18,18,18,5912138656693459,3567222794174893499950083,0.005912138656693459,3567222.7941748933,3567222800087032156643542,0,8221685835894741508,8.221685835894743,0.0,0,0,0,nan,0
vAMM-WETH/LBM,4.500444576420745e-06,0x0b8711D0F80Eacb3dE9f653BD554aF3bA654fA1f,0x150db5aF367A67385F78DE9Fc34937fB28F12a65,0x4200000000000000000000000000000000000006,0x56A38E7216304108E841579041249fEb236C887b,0x940181a94A35A4569E4529A3CDfB74e38FD98631,18,18,18,4044214479156253,497850305063444559502,0.004044214479156253,497.8503050634446,497854349277923715755,0,26661629291366144778,26.661629291366147,0.0,0,0,0,nan,0
vAMM-pwBLT/USDC,5.872913172459564e-06,0x9b0025d10E824E7E2b148953009A40B0C0792F30,0xF8Bbe737e94134cfc95e56b7539549C15EC450E1,0x3Dd79d6BD927615787Cc95F2c7A77C9aC1AF26F4,0x833589fCD6eDb6E08f4c7C32D4f71b54bdA02913,0x940181a94A35A4569E4529A3CDfB74e38FD98631,18,18,6,0,0,0.0,0.0,0,230685144702,34792436881653363960,34.792436881653366,0.0,0,0,0,nan,0
vAMM-weETH/AERO,2.58137689860948e-05,0xc5aDfb267a95df1233a2b5F7f48041E7Fb384BcA,0x0A5f63A1aC754b4418cc5381eE17E04CCad42F56,0x04C0599Ae5A44757c0af6F9eC3b93da8976c150A,0x940181a94A35A4569E4529A3CDfB74e38FD98631,0x940181a94A35A4569E4529A3CDfB74e38FD98631,18,18,18,18715959882126284,67933215865653411386,0.018715959882126283,67.93321586565341,67951931825535537670,0,152926478180870493770,152.92647818087048,0.0,0,0,0,nan,0
vAMM-WETH/ATH,0.0008059696989551925,0x7C36577aEC1d99d9b872b7075bD86C8F1334EcF2,0x39b68a3Fd59F88C31B2110A2550640b92cF42449,0x4200000000000000000000000000000000000006,0x58D75a1c4477914f9a98A8708fEaeD1DbE40b8a3,0x940181a94A35A4569E4529A3CDfB74e38FD98631,18,18,18,0,0,0.0,0.0,0,31658093891331,4774742799011944985259,4774.742799011945,0.0,0,0,0,nan,0
vAMM-USDC/XSWAP,0.0012201513405814277,0xCdB55B284257fd5f879598Ba9E4B852bb0C3EDF1,0xAd978Bdbcc8a44dea4d773A8Df9fF7f73dD288d8,0x833589fCD6eDb6E08f4c7C32D4f71b54bdA02913,0x8Fe815417913a93Ea99049FC0718ee1647A2a07c,0x940181a94A35A4569E4529A3CDfB74e38FD98631,18,6,18,22744602,3033672550180671854817,22.744602,3033.672550180672,3033672550180694599419,0,7228446472241174822634,7228.446472241175,0.0,0,0,0,nan,0
vAMM-WETH/stTAO,0.008047143213350495,0x3a1d086839AF6e86f48D96CA6648b48244f91A89,0x21F1f74E4fB3f026F072B65dF81aA0f19Ee6e7d5,0x4200000000000000000000000000000000000006,0x806041B6473DA60abbe1b256d9A2749A151be6C6,0x940181a94A35A4569E4529A3CDfB74e38FD98631,18,18,9,0,0,0.0,0.0,0,316087832750400,47673056642665699805374,47673.0566426657,1.7123441481777424e-21,81.63267956781466,0,81.63267956781466,583.9947542462121,1773878400
vAMM-HBR/USDC,1.17913699946746e-06,0x68cfB52C74827f91E1F664fFeD634F849AEce455,0xce0358DFf7Bcf904f21425f6fee7F8E6115372cd,0x416bd43Bc76D496ff49923c20eCaf86b52Ab078d,0x833589fCD6eDb6E08f4c7C32D4f71b54bdA02913,0x940181a94A35A4569E4529A3CDfB74e38FD98631,18,18,6,112767986270559270916576,25990179,112767.98627055927,25.990179,112767986270559296906755,0,6985468441995122030,6.985468441995121,0.0,0,0,0,nan,0
vAMM-wBLT/BMX,0.007589555632034886,0x61907C8C3E6ef7eD813aCc2fBbBf8C05ac0F31d5,0xeB86878fBF8329b1ED8C40d8f6736Ae7fc965Be8,0x4E74D4Db6c0726ccded4656d0BCE448876BB4C7A,0x548f93779fBC992010C07467cBaf329DD5F059B7,0x940181a94A35A4569E4529A3CDfB74e38FD98631,18,18,18,0,0,0.0,0.0,0,298116974930778,44962206580143106861577,44962.20658014311,0.0,0,0,0,nan,0
sAMM-zunUSD/USDC,7.640728350726843e-08,0xaeb41e05E27EDa32dB13c5875834a19a2c15F70E,0xCb803c34e058cd828EE8d3732b2fAEA5cb988397,0x6ef3864876424ADE834a7C1BE8C0CF3d71208B84,0x833589fCD6eDb6E08f4c7C32D4f71b54bdA02913,0x940181a94A35A4569E4529A3CDfB74e38FD98631,18,18,6,2138329362374681249,396082,2.138329362374681,0.396082,2138329362375077331,0,452653650864703704,0.45265365086470366,0.0,0,0,0,nan,0
vAMM-CRYO/WETH,8.716323074505851e-05,0x65Ee5A0ee82027D054EFeb31a1f7079C37c5DbD8,0x7ac1193Dd817aD9b0b1b57582a2542572c6baC21,0x1f4446fAAAed23090f324f051C3F8c5ce5aD1c36,0x4200000000000000000000000000000000000006,0x940181a94A35A4569E4529A3CDfB74e38FD98631,18,18,18,0,0,0.0,0.0,0,3423762857107,516374261809217327658,516.3742618092174,3.252742915931568e-21,1.6796327220693243,0,1.6796327220693243,307.4328423258146,1773878400
vAMM-pHAM/pwBLT,3.236074119696241e-05,0x03FF264046b085450649A993Cdd65dCDD01A893e,0x19b05F319aC12296CB073218E912D0816030548F,0x2C8D2FC58B80aCb3b307C165af8F3eE296e6A271,0x3Dd79d6BD927615787Cc95F2c7A77C9aC1AF26F4,0x940181a94A35A4569E4529A3CDfB74e38FD98631,18,18,18,0,0,0.0,0.0,0,1271126629790,191712189926231420987,191.71218992623142,0.0,0.0,0,0.0,nan,1773878400
vAMM-WETH/TRUF,2.6299462755904085e-06,0xcE2D4E04e3d782EcB8bf2e265f421bA510F4e8F7,0xE81B7a527AA65b714cD44c034dDA915097bb3CdB,0x4200000000000000000000000000000000000006,0xB59c8912c83157a955f9D715E556257F432C35D7,0x940181a94A35A4569E4529A3CDfB74e38FD98631,18,18,18,910649930557467003,48157954043226160399516,0.910649930557467,48157.954043226164,48158864693156717866519,0,15580383552188237583,15.580383552188238,0.0,0,0,0,nan,0
vAMM-AERO/BENJI,0.0004658859620889748,0x0f3027d68FE4E2A56860D7B18b3D80CAe8d716D1,0x2e8300243d49d81684e154821f879A5045e2d132,0x940181a94A35A4569E4529A3CDfB74e38FD98631,0xBC45647eA894030a4E9801Ec03479739FA2485F0,0x940181a94A35A4569E4529A3CDfB74e38FD98631,18,18,18,0,0,0.0,0.0,0,18299953306151,2760011506051362499668,2760.011506051362,0.0,0,0,0,nan,0
vAMM-WETH/HLSp,6.552839688942797e-05,0x1536960c83d4f3a55430a9B3B6294843b831171A,0x10b70e962d032b74e2F40a11445F7f769aa4fc0e,0x4200000000000000000000000000000000000006,0xe54b0C7dad72fb102ADE2b1B9F4EEce69408Ab36,0x940181a94A35A4569E4529A3CDfB74e38FD98631,18,18,6,4602913279125950,13014500,0.00460291327912595,13.0145,4602913292140450,0,388204719835239577437,388.20471983523953,0.0,0,0,0,nan,0
sAMM-DOLA/rgUSD,3.2926615619283846e-06,0xBA15D0494fE4f0cAECD7730F6D77BeB6DD0feca9,0x7139bFd55643Aa37C875c6D3f4d6663DbFd481f2,0x4621b7A9c75199271F773Ebd9A499dbd165c3191,0x8E5E9DF4F0EA39aE5270e79bbABFCc34203A3470,0x940181a94A35A4569E4529A3CDfB74e38FD98631,18,18,18,255164202492571879,661880713848296221,0.2551642024925719,0.6618807138482963,917044916340868100,0,19506455519086473360,19.506455519086472,0.0,0,0,0,nan,0
sAMM-USDz/USDC,0.001116613379640389,0x6d0b9C9E92a3De30081563c3657B5258b3fFa38B,0xb7E4bBee04285F4B55d0A93b34E5dA95C3a7faf9,0x04D5ddf5f3a8939889F11E97f8c4BB48317F1938,0x833589fCD6eDb6E08f4c7C32D4f71b54bdA02913,0x940181a94A35A4569E4529A3CDfB74e38FD98631,18,18,6,0,0,0.0,0.0,0,43860460222540,6615064686215632340984,6615.064686215633,7.058286300054331e-22,4.6691020448689,0,4.6691020448689,1416.7744938205503,1773878400
sAMM-rgUSD/USD3,1.6797514440201855e-07,0xD42cd5b74B6cb892eCdE3cAb2765b6bD57C83346,0x73f294Df4543E5e0B5063C0ceE8339e4295047b3,0x8E5E9DF4F0EA39aE5270e79bbABFCc34203A3470,0xEFb97aaF77993922aC4be4Da8Fbc9A2425322677,0x940181a94A35A4569E4529A3CDfB74e38FD98631,18,18,18,13154760666385125012,28490098798783879545,13.154760666385124,28.49009879878388,41644859465169004557,0,995121916104588705,0.9951219161045887,0.0,0,0,0,nan,0
vAMM-WETH/APX,4.811609300527884e-06,0x898e0DE33B19A3494723f437734C788C2c10Ed04,0x4927B42B4B60148D60ED3b54F21FD2E57176cE83,0x4200000000000000000000000000000000000006,0xcacf1ca03983CE6c7E235fb20C70aCC70ed13509,0x940181a94A35A4569E4529A3CDfB74e38FD98631,18,18,18,584747271501496,48611452294353479439715,0.000584747271501496,48611.45229435348,48611452879100750941211,0,28505037955070384826,28.505037955070385,0.0,0,0,0,nan,0
vAMM-WETH/OX,0.002956680231393624,0xe140c5930889c4064A3d11b17Bb04fE7224a5CDC,0xD4ECF20068e5fA849Abe62F9523A90F8c073f203,0x4200000000000000000000000000000000000006,0xba0Dda8762C24dA9487f5FA026a9B64b695A07Ea,0x940181a94A35A4569E4529A3CDfB74e38FD98631,18,18,18,0,0,0.0,0.0,0,116139251629927,17516027788797212718659,17516.02778879721,0.0,0,0,0,nan,0
vAMM-SNX/sUSDCy,2.5201049797471565e-06,0xFF808Ffcf1Fd541c8291c5D073da327b1B084248,0xDB6Fd3392E66f57C30704a6cdB1d338a708cc284,0x22e6966B799c4D5B13BE962E1D117b56327FDa66,0xC1E02884AF4A283cA25ab63C45360d220d69DA52,0x940181a94A35A4569E4529A3CDfB74e38FD98631,18,18,18,23399180427807603820,11919386128431528125,23.399180427807604,11.919386128431528,35318566556239131945,0,14929659415732995318,14.929659415732996,0.0,0,0,0,nan,0
vAMM-BCT/USDC,0.00013226826806976097,0x77e09a5043820820390904357463BfB739a76104,0xb0FC063ff618F6110ADb3565c4F13B1A3B9527a8,0x576Bca23DcB6d94fF8E537D88b0d3E1bEaD444a2,0x833589fCD6eDb6E08f4c7C32D4f71b54bdA02913,0x940181a94A35A4569E4529A3CDfB74e38FD98631,18,18,6,947692190370652613072,161833645,947.6921903706526,161.833645,947692190370814446717,0,783586481380838210312,783.5864813808382,0.0,0,0,0,nan,0
vAMM-BCT/KLIMA,1.7065464959571429e-06,0x6e2f9520919bd95889b27E0B2f735ac7ED149837,0x174F6439F572b1Acca20219F5Ba4c129D86d8f5a,0x576Bca23DcB6d94fF8E537D88b0d3E1bEaD444a2,0xDCEFd8C8fCc492630B943ABcaB3429F12Ea9Fea2,0x940181a94A35A4569E4529A3CDfB74e38FD98631,18,18,9,3186604637270364932,2881070120,3.186604637270365,2.88107012,3186604640151435052,0,10109958976514124564,10.109958976514124,0.0,0,0,0,nan,0
sAMM-GROW/VITA,2.8092012551788003e-11,0xD6871bc7f13a7b0f6E35f54349e1466Fd926ff7d,0xB6F959E169C544608b860a4fFe3C0982a46aD136,0x321725ee44CB4bfA544CF45a5A585b925d30A58C,0x490a4B510d0Ea9f835D2dF29Eb73b4FcA5071937,0x940181a94A35A4569E4529A3CDfB74e38FD98631,18,18,18,1392545918834282644,469560119818986084,1.3925459188342826,0.4695601198189861,1862106038653268728,0,166423297073430,0.00016642329707343,0.0,0,0,0,nan,0
vAMM-wXCH/WETH,0.00010048958508852623,0x0522d1c88Ef60F22fA4D3EEC6F8C6F48631D7ec3,0x9a4e4020E9e20C0b12a93C196fdB60393e2C8e36,0x36be1d329444aeF5D28df3662Ec5B4F965Cd93E9,0x4200000000000000000000000000000000000006,0x940181a94A35A4569E4529A3CDfB74e38FD98631,18,18,18,1758568172736179073,5114735082784390,1.758568172736179,0.00511473508278439,1763682907818963463,0,595322533091673497605,595.3225330916734,0.0,0,0,0,nan,0
vAMM-WETH/SKR,1.5712408444083935e-08,0xaa721DC836b5195F33F09b7713F73171A0030e36,0xf07FCB6f97622972f19ef0dE444268cE23a4a75B,0x4200000000000000000000000000000000000006,0xe2dCA969624795985F2f083BcD0b674337ba130a,0x940181a94A35A4569E4529A3CDfB74e38FD98631,18,18,18,30892609779728674,153463190298539949027625,0.030892609779728675,153463.19029853994,153463221191149728756299,0,93083783634519857,0.09308378363451986,0.0,0,0,0,nan,0
vAMM-sfrxETH/sFRAX,5.236616605825401e-06,0xD73a3EF449043AAc66bFF3FEE37E83B4f8DAE998,0xb41f81b476bdB6E02FF7b6cDC2100077D595Fa40,0x1f55a02A049033E3419a8E2975cF3F572F4e6E9A,0xe4796cCB6bB5DE2290C417Ac337F2b66CA2E770E,0x940181a94A35A4569E4529A3CDfB74e38FD98631,18,18,18,0,0,0.0,0.0,0,205695809514,31022875254819304265,31.022875254819304,0.0,0.0,0,0.0,nan,1773878400
vAMM-USDC/OX,0.00014704539129626562,0x33A20Ce534aE0F2fC00BC28e7133836B34415E7B,0x271cc28Fac66b40515a31D28FB95Eed8D17e2853,0x833589fCD6eDb6E08f4c7C32D4f71b54bdA02913,0xba0Dda8762C24dA9487f5FA026a9B64b695A07Ea,0x940181a94A35A4569E4529A3CDfB74e38FD98631,18,6,18,997387986,257135244179012941150205,997.387986,257135.24417901295,257135244179013938538191,0,871129428475909888438,871.1294284759099,0.0,0,0,0,nan,0
vAMM-AERO/APX,0.000534523329286148,0x4634274a24443fAe01B1bAcd6212C65D1283B72c,0xb023a82C4AC8fcD103876fd07EAA1dF1df5782c2,0x940181a94A35A4569E4529A3CDfB74e38FD98631,0xcacf1ca03983CE6c7E235fb20C70aCC70ed13509,0x940181a94A35A4569E4529A3CDfB74e38FD98631,18,18,18,5873222723597012749,161221044260215616703129,5.873222723597013,161221.04426021563,161226917482939213715878,0,3166634453778410018900,3166.63445377841,0.0,0,0,0,nan,0
vAMM-USDC/CHEX,1.7531519972211784e-05,0x6466e1a3b42Ef91f8f7C135970db4495e89F9C0A,0x1249abBD38f8B98114E35babda2827862bd19CfF,0x833589fCD6eDb6E08f4c7C32D4f71b54bdA02913,0xc43F3Ae305a92043bd9b62eBd2FE14F7547ee485,0x940181a94A35A4569E4529A3CDfB74e38FD98631,18,6,18,1277084262,7724014723597472394832,1277.084262,7724.014723597473,7724014723598749479094,0,103860602764057555874,103.86060276405756,0.0,0,0,0,nan,0
vAMM-WETH/OGN,6.666120824198615e-05,0x8eA4C49B712217fd6e29Db920E3dd48287a0d50D,0xA88BcfEcC886dEA1e8B3108179F0532d53c8c055,0x4200000000000000000000000000000000000006,0x7002458B1DF59EccB57387bC79fFc7C29E22e6f7,0x940181a94A35A4569E4529A3CDfB74e38FD98631,18,18,18,69919241949919109,4163413744642010430531,0.06991924194991911,4163.41374464201,4163483663883960349640,0,394915744896452000000,394.915744896452,0.0,0,0,0,nan,0
vAMM-WETH/SKOP,2.3605840078583674e-09,0x18c55864D9BC0D7C3F6Dc18e3A1d20E50f551891,0x3FC41388699Ab1876AA48577bBa493F71845Ae02,0x4200000000000000000000000000000000000006,0x6d3B8C76c5396642960243Febf736C6BE8b60562,0x940181a94A35A4569E4529A3CDfB74e38FD98631,18,18,18,5357694020161231,891405646726847584878,0.005357694020161231,891.4056467268476,891411004420867746109,0,13984621887889498,0.013984621887889497,0.0,0,0,0,nan,0
vAMM-WETH/RFL,0.17973515311733648,0x37785d5bE19D0d9559D4634a5385c72c419b25Da,0x937c527EB4f27030f6667078C64982B3202257d5,0x4200000000000000000000000000000000000006,0x6e2c81b6c2C0e02360F00a0dA694e489acB0b05e,0x940181a94A35A4569E4529A3CDfB74e38FD98631,18,18,18,0,0,0.0,0.0,0,7060118660354476,1064790809367663633474045,1064790.8093676637,6.525157279173233e-22,694.7927500542169,0,694.7927500542169,1532.5301095680327,1773878400
vAMM-sfrxETH/wstETH,3.459600291877236e-05,0x456c166e63634D75a4B49EDEC86cB51424D4C926,0xCe7Cb6260fCBf17485cd2439B89FdDf8B0Eb39cC,0x1f55a02A049033E3419a8E2975cF3F572F4e6E9A,0xc1CBa3fCea344f92D9239c08C0568f6F2F0ee452,0x940181a94A35A4569E4529A3CDfB74e38FD98631,18,18,18,0,0,0.0,0.0,0,1358954447942,204954374866874523168,204.95437486687453,1.0445441979410127e-21,0.2140839031098211,0,0.2140839031098211,957.3553727752092,1773878400
vAMM-USDC/APX,2.7630897644219884e-06,0x4C7d96aaf20081cF617EBf6da4814aE91e6D5D06,0x1C669D3d0B3C49Cda1f47C80896D30D7A79E4f83,0x833589fCD6eDb6E08f4c7C32D4f71b54bdA02913,0xcacf1ca03983CE6c7E235fb20C70aCC70ed13509,0x940181a94A35A4569E4529A3CDfB74e38FD98631,18,6,18,6271926,532931564785788788928634,6.271926,532931.5647857888,532931564785788795200560,0,16369155034984708704,16.369155034984708,0.0,0,0,0,nan,0
sAMM-jEUR/EURA,8.080163625979115e-07,0xe7e01f38470136dE763d22e534e53C8BCdbA3f39,0xb5FFE35051b62DfE687aaB959625a29bEd54575a,0x4154550f4Db74Dc38d1FE98e1F3F28ed6daD627d,0xA61BeB4A3d02decb01039e378237032B351125B4,0x940181a94A35A4569E4529A3CDfB74e38FD98631,18,18,18,17507823205048454786,17721290530672057898,17.507823205048453,17.721290530672057,35229113735720512684,0,4786867687209032544,4.786867687209033,0.0,0,0,0,nan,0
vAMM-USDC/EMT,3.846523652819983e-06,0x68426A1D8ab4AC250ae5E2DA0b9d684594c83BB0,0x8b02968e7FaF61d251b6B9c06c375E5f0c69b7CB,0x833589fCD6eDb6E08f4c7C32D4f71b54bdA02913,0xe2c86869216aC578bd62a4b8313770d9EE359A05,0x940181a94A35A4569E4529A3CDfB74e38FD98631,18,6,18,2058876979,401177270148705005087100,2058.876979,401177.270148705,401177270148707063964079,0,22787657074875208353,22.78765707487521,0.0,0,0,0,nan,0
vAMM-USDz/WETH,0.00027714261497589917,0x2ce63497999F520CC2afaaadbCFC37Afd9deF4b0,0xc15B32d92E265832c87EC4b36B7e598ae2daad42,0x04D5ddf5f3a8939889F11E97f8c4BB48317F1938,0x4200000000000000000000000000000000000006,0x940181a94A35A4569E4529A3CDfB74e38FD98631,18,18,18,0,0,0.0,0.0,0,10886457804082,1641854162595611141180,1641.8541625956111,1.3909425608077714e-21,2.2837248333936384,0,2.2837248333936384,718.9369483519602,1773878400
vAMM-FUSE/WETH,1.8513981991920505e-05,0xc238f8Eaa625BAC4014FfD0E702a4B9a9d12019e,0x51Df914e8ae011028041132b6c65792c94ab9c9c,0x01facC69EC7360640AA5898E852326752801674A,0x4200000000000000000000000000000000000006,0x940181a94A35A4569E4529A3CDfB74e38FD98631,18,18,18,12226703643975397213409,34623547248971797,12226.703643975397,0.0346235472489718,12226738267522646185206,0,109680925116111319581,109.68092511611133,0.0,0,0,0,nan,0
vAMM-ION/WETH,0.0022669345759954375,0x0FAc819628a7F612AbAc1CaD939768058cc0170c,0x9b42e5F8c45222b2715F804968251c747c588fd7,0x3eE5e23eEE121094f1cFc0Ccc79d6C809Ebd22e5,0x4200000000000000000000000000000000000006,0x940181a94A35A4569E4529A3CDfB74e38FD98631,18,18,18,0,0,0.0,0.0,0,89047610409305,13429821935734048395765,13429.82193573405,1.7440603217042066e-22,2.3422419565666535,0,2.3422419565666535,5733.74663453642,1773878400
vAMM-bsdETH/eUSD,1.1368345181889285e-08,0xe593Cb44256A78E4C280CC491C201cF60e849135,0x66C48B791ffFc09f235814Ba783CbD6B8E5d72c9,0xCb327b99fF831bF8223cCEd12B1338FF3aA322Ff,0xCfA3Ef56d303AE4fAabA0592388F19d7C3399FB4,0x940181a94A35A4569E4529A3CDfB74e38FD98631,18,18,18,106054061416329,59557265723716217,0.000106054061416329,0.05955726572371622,59663319785132546,0,67348591844425798,0.0673485918444258,0.0,0,0,0,nan,0
sAMM-USDz/DOLA,4.59431929071055e-05,0xcEa8ef6ce6235F2C2CdD13C9E8a3ED470725a638,0x528aD6E380E7B3B9D7eE3a492a52c4D3AC8f5958,0x04D5ddf5f3a8939889F11E97f8c4BB48317F1938,0x4621b7A9c75199271F773Ebd9A499dbd165c3191,0x940181a94A35A4569E4529A3CDfB74e38FD98631,18,18,18,0,0,0.0,0.0,0,1804697668063,272177638664570007413,272.17763866457,2.5587291367613394e-22,0.0696428854425935,0,0.0696428854425935,3908.1901465574038,1773878400
vAMM-ZUN/USDC,4.854203466165178e-06,0x80326ED67271fB298D674c43AEF3BC437B801B0e,0xf1AE7589f6fA9345f39370Fa50CE0bFeABe2B9bf,0x1db0Fc8933f545648b54A9eE4326209a9A259643,0x833589fCD6eDb6E08f4c7C32D4f71b54bdA02913,0x940181a94A35A4569E4529A3CDfB74e38FD98631,18,18,6,24489898066866351635856,33396542,24489.89806686635,33.396542,24489898066866385032398,0,28757375215292741433,28.75737521529274,0.0,0,0,0,nan,0
vAMM-HBR/AERO,6.506701596558867e-05,0xCCa6105c83C59C600aab47589466BC36288D2377,0xdFE422acDA41b39683403068F2d3A4610ff87Bf9,0x416bd43Bc76D496ff49923c20eCaf86b52Ab078d,0x940181a94A35A4569E4529A3CDfB74e38FD98631,0x940181a94A35A4569E4529A3CDfB74e38FD98631,18,18,18,17980533984390115780,197160750116946735,17.980533984390117,0.19716075011694673,18177694734507062515,0,385471397172416174113,385.4713971724162,0.0,0,0,0,nan,0
vAMM-BTCB/WETH,3.3646222977553863e-06,0xb22c77a609097187a7e084754E1a557B5116D3bE,0xDA14cBF0bD19fA531Fe0A6fFA8370795e7004999,0x0c41F1FC9022FEB69aF6dc666aBfE73C9FFDA7ce,0x4200000000000000000000000000000000000006,0x940181a94A35A4569E4529A3CDfB74e38FD98631,18,18,18,86736383176238540972,7195033387723821,86.73638317623855,0.007195033387723821,86743578209626264793,0,19932766837796084346,19.932766837796084,0.0,0,0,0,nan,0
vAMM-USDz/sUSDz,1.3094417687235499e-05,0x7818B53F423457151407103321d8F961773815D1,0xc4021e049F13e137Cd1D40e7Ddb2173C7F8F02a3,0x04D5ddf5f3a8939889F11E97f8c4BB48317F1938,0xe31eE12bDFDD0573D634124611e85338e2cBF0cF,0x940181a94A35A4569E4529A3CDfB74e38FD98631,18,18,18,0,0,0.0,0.0,0,514362706845,77574227220244727259,77.57422722024472,4.666457121131904e-20,3.6199680502821536,0,3.6199680502821536,21.429533670662728,1773878400
vAMM-WETH/MOZ,4.36281679916405e-06,0xA32ECde2C559C462610eD35740CC2B9642133c9B,0x68dBA60bEef5fDd4663588950A196FcCC8B7a166,0x4200000000000000000000000000000000000006,0xC227717ef4Ae4D982E14789eB33bA942243c3FEe,0x940181a94A35A4569E4529A3CDfB74e38FD98631,18,18,18,115968724239410556,1603866659003041476825590,0.11596872423941056,1603866.6590030415,1603866774971765716236146,0,25846291891892824134,25.846291891892825,0.0,0,0,0,nan,0
vAMM-ZRO/AERO,7.194826945255637e-07,0x04c7d6172aEf0FF6fA09D21eb929a45a41C8c13e,0x6bA7c122CaEbA0cE6334e72326a5B4568571982b,0x6985884C4392D348587B19cb9eAAf157F13271cd,0x940181a94A35A4569E4529A3CDfB74e38FD98631,0x940181a94A35A4569E4529A3CDfB74e38FD98631,18,18,18,4155391552588216248,15076381315288245057,4.155391552588216,15.076381315288245,19231772867876461305,0,4262374651494972008,4.262374651494972,0.0,0,0,0,nan,0
vAMM-WETH/MIGGLES,1.6784472644597462e-07,0x27e13dfA957231A606ab7F535b34275865a66f44,0x1752286215B2b34D645515a32a23d2BD48920c37,0x4200000000000000000000000000000000000006,0xB1a03EdA10342529bBF8EB700a06C60441fEf25d,0x940181a94A35A4569E4529A3CDfB74e38FD98631,18,18,18,4178395989591259,1362546971325805650513,0.004178395989591259,1362.5469713258055,1362551149721795241772,0,994349291280988092,0.994349291280988,0.0,0,0,0,nan,0
vAMM-AERO/L2VE,0.0006262056963427597,0xFC13b664e814098F08F10bA0fb23b1Bb916F344e,0x9B49ca7C6C41f01971e2453078a357415Cb3Adda,0x940181a94A35A4569E4529A3CDfB74e38FD98631,0xA19328fb05ce6FD204D16c2a2A98F7CF434c12F4,0x940181a94A35A4569E4529A3CDfB74e38FD98631,18,18,18,31836558175655219680,690460699063148959073105,31.83655817565522,690460.6990631489,690492535621324614292785,0,3709781078853037928889,3709.781078853038,0.0,0,0,0,nan,0
vAMM-JOJO/WETH,1.802602459938826e-08,0xaC8caC537EFc414C5A2f10D03BCCb13d70cE1de4,0xCeA71355737c796f4d03334fAD8Ca9013E69D345,0x0645bC5cDff2376089323Ac20Df4119e48e4BCc4,0x4200000000000000000000000000000000000006,0x940181a94A35A4569E4529A3CDfB74e38FD98631,18,18,18,7643176953690176059659,6025065305499399,7643.176953690176,0.006025065305499399,7643182978755481559058,0,106790157573313764,0.10679015757331375,0.0,0,0,0,nan,0
vAMM-WETH/PDT,0.03878495333573363,0x04e5A1c883Dafd1eAE6b11BD6d3Eb784D90ce515,0x9EedfC62b0B6C3Ede0887B6E1178305543f8C650,0x4200000000000000000000000000000000000006,0xeff2A458E464b07088bDB441C21A42AB4b61e07E,0x940181a94A35A4569E4529A3CDfB74e38FD98631,18,18,18,0,0,0.0,0.0,0,1523536148359797,229770643846629158486167,229770.64384662916,2.7188608568236787e-22,62.471440960177446,0,62.471440960177446,3678.0109489245965,1773878400
vAMM-AERO/PRIME,9.824923742611519e-09,0xc0f9A9a1c8354f3D00B540b4a272ac0151255854,0xEeFCB46D600f084dFdF69c33e269deE52e956341,0x940181a94A35A4569E4529A3CDfB74e38FD98631,0xfA980cEd6895AC314E7dE34Ef1bFAE90a5AdD21b,0x940181a94A35A4569E4529A3CDfB74e38FD98631,18,18,18,83253508512476941481,26927602362578570590,83.25350851247694,26.927602362578572,110181110875055512071,0,58205021791376129,0.05820502179137613,0.0,0,0,0,nan,0
vAMM-USDC/sUSDz,3.282634653668177e-06,0x081064f90247b52914c6c04A3C053543705887D3,0xB1A5FA12346926547CFa90BF3A561a3629FcF742,0x833589fCD6eDb6E08f4c7C32D4f71b54bdA02913,0xe31eE12bDFDD0573D634124611e85338e2cBF0cF,0x940181a94A35A4569E4529A3CDfB74e38FD98631,18,6,18,99,17666860344713942,9.9e-05,0.01766686034471394,17666860344714041,0,19447053896328388316,19.447053896328388,0.0,0,0,0,nan,0
vAMM-AERO/MIGGLES,7.044734653939406e-05,0xD2b0960C6bBAA4dC6d00470ba283B34D2CC97b00,0xa15a735782145B87A741454A108D25Ea45b80166,0x940181a94A35A4569E4529A3CDfB74e38FD98631,0xB1a03EdA10342529bBF8EB700a06C60441fEf25d,0x940181a94A35A4569E4529A3CDfB74e38FD98631,18,18,18,49416114330532161209,1081863692486862199634,49.41611433053216,1081.8636924868622,1131279806817394360843,0,417345665766984457355,417.34566576698444,0.0,0,0,0,nan,0
vAMM-WETH/MOXIE,0.00035599871088873617,0xc02Dc3a9b6eaD739C56CDEa716D8fEC4Ffe4C799,0xEa2c1c05C17Eed888D0027F17EE23637dfF66FEb,0x4200000000000000000000000000000000000006,0x8C9037D1Ef5c6D1f6816278C7AAF5491d24CD527,0x940181a94A35A4569E4529A3CDfB74e38FD98631,18,18,18,74039808762625330,4114161060818622074262019,0.07403980876262534,4114161.060818622,4114161134858430836887349,0,2109015119894758982582,2109.015119894759,0.0,0,0,0,nan,0
vAMM-YFI/wstETH,0.09005098086748267,0x1524a14C55f097bb54F0b24383f3ae3e3743804A,0x8b87e30B3ad8BD645c3f83aea6E1156525081084,0x9EaF8C1E34F05a589EDa6BAfdF391Cf6Ad3CB239,0xc1CBa3fCea344f92D9239c08C0568f6F2F0ee452,0x940181a94A35A4569E4529A3CDfB74e38FD98631,18,18,18,0,0,0.0,0.0,0,4930963849685610,533481932383266024326971,533481.932383266,1.3838325037702416e-21,738.2496382061217,0,738.2496382061217,722.6308077570857,1773878400
vAMM-WETH/TIMI,5.432007063828832e-06,0xAcb7907c232907934B2578315dFcFa1bA60E87Af,0xe3f0820BAd87cF3bf736429a3C54a3aC78fEdFFf,0x4200000000000000000000000000000000000006,0x9bEec80e62aA257cED8b0edD8692f79EE8783777,0x940181a94A35A4569E4529A3CDfB74e38FD98631,18,18,18,2384697009776739,25209537871762492258922,0.002384697009776739,25209.53787176249,25209540256459502035661,0,32180411553711097197,32.180411553711096,0.0,0,0,0,nan,0
vAMM-EURC/USDC,8.411471708129118e-08,0xFDF5139b38525627B47538536042A7c8d2686BD9,0x1f077baf21b95314bD251b21aD1f0Cc8D5D86781,0x60a3E35Cc302bFA44Cb288Bc5a4F316Fdb1adb42,0x833589fCD6eDb6E08f4c7C32D4f71b54bdA02913,0x940181a94A35A4569E4529A3CDfB74e38FD98631,18,6,6,33396353,97499734,33.396353,97.499734,130896087,0,498314192450987272,0.49831419245098724,0.0,0,0,0,nan,0
vAMM-OGN/OETHb,0.297908693400742,0x6FB655476fDCFB9712dD200308D941A1c6D1119e,0x147587251C3A4f8C907eDbC0e5A5eA953bdA743d,0x7002458B1DF59EccB57387bC79fFc7C29E22e6f7,0xDBFeFD2e8460a6Ee4955A68582F85708BAEA60A3,0x940181a94A35A4569E4529A3CDfB74e38FD98631,18,18,18,0,0,0.0,0.0,0,11712814610901138,1764877005205290875430025,1764877.0052052909,2.298150732340591e-21,4055.953382003608,0,4055.953382003608,435.1324680002747,1773878400
vAMM-TKN/USD+,0.00015899208052731008,0x8f72e491E293ecB223E77123A046521d6d7cAd49,0x668584C6Db676352d50052bF303CC5041C70528f,0x78b3C724A2F663D11373C4a1978689271895256f,0xB79DD08EA68A908A97220C76d19A6aA9cBDE4376,0x940181a94A35A4569E4529A3CDfB74e38FD98631,18,18,6,0,0,0.0,0.0,0,6245729810898,941904258412952292724,941.9042584129523,2.7446472768360245e-21,2.5851949578933646,0,2.5851949578933646,364.3455421174485,1773878400
vAMM-WETH/uSOL,2.9913082299657596e-06,0x80BEDFB71d9f447AA82184D1BEA40b33c161906e,0x2cc038D9579b88190f03f74e946477CA0434EeC5,0x4200000000000000000000000000000000000006,0x9B8Df6E244526ab5F6e6400d331DB28C8fdDdb55,0x940181a94A35A4569E4529A3CDfB74e38FD98631,18,18,18,2087575696935619,59965600132083772,0.002087575696935619,0.059965600132083775,62053175829019391,0,17721171712992919020,17.72117171299292,0.0,0,0,0,nan,0
sAMM-weETH/cbETH,1.3823234904622234e-05,0x24Be4F7A32E5d131B30370BC53E93661e09E7dAB,0x284F8F51e047beF175680AC4D69C5C196C62c84a,0x04C0599Ae5A44757c0af6F9eC3b93da8976c150A,0x2Ae3F1Ec7F1F5012CFEab0185bfc7aa3cf0DEc22,0x940181a94A35A4569E4529A3CDfB74e38FD98631,18,18,18,3320299843543516,3243180555625199,0.003320299843543516,0.003243180555625199,6563480399168715,0,81891901650219421465,81.89190165021942,0.0,0,0,0,nan,0
vAMM-MODE/ION,6.981823747554992e-08,0x9E9F21e7812Bb0B47561bf619b275D91D3411721,0x7939EF558975FE95149f1613d90aFE5D22d64714,0x084382D1cc4f4DFD1769b1cC1Ac2A9b1f8365e90,0x3eE5e23eEE121094f1cFc0Ccc79d6C809Ebd22e5,0x940181a94A35A4569E4529A3CDfB74e38FD98631,18,18,18,46146071,57981681,4.6146071e-11,5.7981681e-11,104127752,0,413618684496749408,0.41361868449674943,0.0,0,0,0,nan,0
vAMM-WIF/WETH,1.6988534333108152e-08,0x0aCBE7A8486e77a0476142b54024BF487e5630B7,0x09e834dfa12d94C6366FBCc95C3523CFA77179B2,0x1fba65dE0a9cBD2D1DF82d141897042d36Bb6c86,0x4200000000000000000000000000000000000006,0x940181a94A35A4569E4529A3CDfB74e38FD98631,18,18,18,663757795982080913,115221401846111,0.663757795982081,0.000115221401846111,663873017383927024,0,100643835714827466,0.10064383571482748,0.0,0,0,0,nan,0
vAMM-WETH/RECORD,0.021053136798558775,0x0AA3E62f4d97C404012352E881a2D0f2712c24A2,0x8351616F224a035Aa5ee6b9f74A68659701af3e9,0x4200000000000000000000000000000000000006,0xE642657E4F43e6DcF0bd73Ef24008394574Dee28,0x940181a94A35A4569E4529A3CDfB74e38FD98631,18,18,18,0,0,0.0,0.0,0,827044393337667,124723439920686696712228,124723.4399206867,0.0,0,0,0,nan,0
vAMM-EURC/APX,2.09082073720498e-08,0x642849BC08552c0F38628d4DD2058756A7aC78F9,0xF4Be61A42fd3e1e211c88A8EEF180019A8C46486,0x60a3E35Cc302bFA44Cb288Bc5a4F316Fdb1adb42,0xcacf1ca03983CE6c7E235fb20C70aCC70ed13509,0x940181a94A35A4569E4529A3CDfB74e38FD98631,18,6,18,154244,24371593902530189912630,0.154244,24371.59390253019,24371593902530190066874,0,123864845935719615,0.12386484593571961,0.0,0,0,0,nan,0
vAMM-WETH/PEGG,1.707359204045636e-05,0x887de0c0AA6C1d5e781B17867b29734f84Dc1372,0x43dA0491ddb804A0437D4a7dFAeE1fEE1B41a856,0x4200000000000000000000000000000000000006,0x82B0E1A2374EA0198f62A48B14FFaB53DB6C1E36,0x940181a94A35A4569E4529A3CDfB74e38FD98631,18,18,18,0,0,0.0,0.0,0,670713286400,101147736390234738372,101.14773639023474,8.71735745434458e-19,88.17409738114932,0,88.17409738114932,1.1471366239566296,1773878400
vAMM-PEGG/AERO,1.4452411519063186e-07,0x3225b7a01F8f3e68D89292141E22F1C6829e08CD,0xC601B888DB7f9F1792c332C538736B8dd03c3279,0x82B0E1A2374EA0198f62A48B14FFaB53DB6C1E36,0x940181a94A35A4569E4529A3CDfB74e38FD98631,0x940181a94A35A4569E4529A3CDfB74e38FD98631,18,18,18,0,0,0.0,0.0,0,5677437063,856192831051339786,0.8561928310513398,0.0,0,0,0,nan,0
vAMM-WETH/LRDS,1.4940137715084232,0x14f7Ce67e16c435C876AFF4092eb547584121312,0x2BED28EDa5B8902FF20256ac001aa6A4bEb1cEc2,0x4200000000000000000000000000000000000006,0xB676f87A6E701f0DE8De5Ab91B56b66109766DB1,0x940181a94A35A4569E4529A3CDfB74e38FD98631,18,18,18,1086804212899792,796659521495079283966,0.001086804212899792,796.6595214950793,796660608299292183758,58739335828174342,8850868098865222917594084,8850868.098865222,3.1559420819453417e-22,2793.282709495632,0,2793.282709495632,3168.6259571138703,1773878400
vAMM-VIRTUAL/cbBTC,0.18604676663327813,0xb909F567c5c2Bb1A4271349708CC4637D7318b4A,0x8c44e7F913D0893Cd5A3CBBb2fCd59785a7801ab,0x0b3e328455c4059EEb9e3f84b5543F74E24e7E1b,0xcbB7C0000aB88B473b1f5aFd9ef808440eed33Bf,0x940181a94A35A4569E4529A3CDfB74e38FD98631,18,18,8,5621774183125507090,1734,5.621774183125507,1.734e-05,5621774183125508824,7317177243348376,1102182204136543466384816,1102182.2041365434,1.5573998215693632e-21,1716.5383680591804,0,1716.5383680591804,642.0958742581068,1773878400
vAMM-fBOMB/cbBTC,0.00230911495718761,0x3d36Cf85a0c275cF4894315a6c1D6C558D6d984C,0xA95EbEfbCB77Ae1daf0d2123784594F8ccE90274,0x74ccbe53F77b08632ce0CB91D3A545bF6B8E0979,0xcbB7C0000aB88B473b1f5aFd9ef808440eed33Bf,0x940181a94A35A4569E4529A3CDfB74e38FD98631,18,18,8,0,0,0.0,0.0,0,90711400675221,13679707845363142000919,13679.707845363142,1.3664488956177893e-21,18.692621677670473,0,18.692621677670473,731.8239293156199,1773878400
vAMM-BRETT/cbBTC,4.4923713547983654e-07,0xeC394d416D2FD269a051627DBBF1934A37a5D04E,0xD0c22E9B6A86381368B0b33928f12aE31dc7020F,0x532f27101965dd16442E59d40670FaF5eBB142E4,0xcbB7C0000aB88B473b1f5aFd9ef808440eed33Bf,0x940181a94A35A4569E4529A3CDfB74e38FD98631,18,18,8,141990611434485176878,6288,141.99061143448517,6.288e-05,141990611434485183166,0,2661380174045913717,2.6613801740459135,0.0,0,0,0,nan,0
vAMM-WETH/cbBTC,0.06557235462010279,0x2578365B3dfA7FfE60108e181EFb79FeDdec2319,0xAFdEBa12B6a870d6639d043030b4b49F9C7c62BB,0x4200000000000000000000000000000000000006,0xcbB7C0000aB88B473b1f5aFd9ef808440eed33Bf,0x940181a94A35A4569E4529A3CDfB74e38FD98631,18,18,8,0,0,0.0,0.0,0,2451396557008451,388465135156401862944281,388465.13515640184,0.0,0,0,0,nan,0
vAMM-AERO/KLIMA,2.4307200789552605e-08,0xf597b0EE3D51Dab24c213199E02E1b7ab9d7B5e7,0x9C25C4681666fC54c45199F8bc51C736f95F27F0,0x940181a94A35A4569E4529A3CDfB74e38FD98631,0xDCEFd8C8fCc492630B943ABcaB3429F12Ea9Fea2,0x940181a94A35A4569E4529A3CDfB74e38FD98631,18,18,9,62020989586757082616,292482705059,62.02098958675708,292.482705059,62020989879239787675,0,144001234890725212,0.14400123489072522,0.0,0,0,0,nan,0
vAMM-cbBTC/KLIMA,0.00013438067537103733,0x6CD89bc86E4a418f7f11e453384904B4493C4077,0xC913c26A4e8a79604fcd3d5a44560F5bE38aE32c,0xcbB7C0000aB88B473b1f5aFd9ef808440eed33Bf,0xDCEFd8C8fCc492630B943ABcaB3429F12Ea9Fea2,0x940181a94A35A4569E4529A3CDfB74e38FD98631,18,8,9,0,0,0.0,0.0,0,5279017940897,796100849555503601136,796.1008495555036,0.0,0,0,0,nan,0
vAMM-WELS/PEGG,0.0003802764410078453,0x6D7Da1A335daBcA718E4ee5357041C96550D7563,0x076C466b97b7C0DAFacFDf855de150EB0E5adb58,0x7F62ac1e974D65Fab4A81821CA6AF659A5F46298,0x82B0E1A2374EA0198f62A48B14FFaB53DB6C1E36,0x940181a94A35A4569E4529A3CDfB74e38FD98631,18,18,18,6384564004653679910090,199387119260357600722,6384.56400465368,199.3871192603576,6583951123914037510812,0,2252841764014064006911,2252.8417640140638,0.0,0,0,0,nan,0
sAMM-DOLA/zunUSD,2.223391364194135e-05,0x557c843afA9D8214534A2101D7B1200F1b0F6f6a,0x4C601a90a08A4660D439D8b22a11b739592263E3,0x4621b7A9c75199271F773Ebd9A499dbd165c3191,0xD5B9dDB04f20eA773C9b56607250149B26049B1F,0x940181a94A35A4569E4529A3CDfB74e38FD98631,18,18,18,3707670806605054901,9946207702829917764,3.707670806605055,9.946207702829918,13653878509434972665,0,131718623160813013160,131.71862316081302,0.0,0,0,0,nan,0
sAMM-tBTC/cbBTC,0.00399282483395599,0x488d6ea6064eEE9352fdCDB7BC50d98A7fF3AD4E,0x80AAd55965d1eA36bAf15Ae6Ed798145ec65916F,0x236aa50979D5f3De3Bd1Eeb40E81137F22ab794b,0xcbB7C0000aB88B473b1f5aFd9ef808440eed33Bf,0x940181a94A35A4569E4529A3CDfB74e38FD98631,18,18,8,0,0,0.0,0.0,0,156854353314696,23654377637722236050868,23654.377637722235,6.631960791329839e-23,1.568749050366832,0,1.568749050366832,15078.496864868834,1773878400
vAMM-DAI/OX,5.486924896832276e-07,0xaCC2c24D1e380De50eD04bE8d68F4E985a28bf2F,0x2D8aC6651a090E085E3638c166851eF9E5688540,0x50c5725949A6F0c72E6C4a641F24049A917DB0Cb,0xba0Dda8762C24dA9487f5FA026a9B64b695A07Ea,0x940181a94A35A4569E4529A3CDfB74e38FD98631,18,18,18,8578982438098300823,2714614139574205593327,8.5789824380983,2714.6141395742056,2723193122012303894150,0,3250575694574067081,3.250575694574067,0.0,0,0,0,nan,0
vAMM-USDC/superOETHb,0.0026643662368267904,0x295e0F68384aC506b0C033592Eef9674da5e4f99,0x634639c606BE9877856Fd7A4eD215D7839133fc0,0x833589fCD6eDb6E08f4c7C32D4f71b54bdA02913,0xDBFeFD2e8460a6Ee4955A68582F85708BAEA60A3,0x940181a94A35A4569E4529A3CDfB74e38FD98631,18,6,18,0,0,0.0,0.0,0,104668496456541,15784295017183425641704,15784.295017183425,1.0582738519406538e-21,16.704106688002373,0,16.704106688002373,944.9349978422015,1773878400
vAMM-WETH/MOR,0.040593487897554674,0x1eB79B7111fC98BBcbe79dd8043c2C98bc5698bd,0xABB4aC5F627eb41440950043012BECF7E749d342,0x4200000000000000000000000000000000000006,0x7431aDa8a591C955a994a21710752EF9b882b8e3,0x940181a94A35A4569E4529A3CDfB74e38FD98631,18,18,18,0,0,0.0,0.0,0,1594697938082336,240484802687852935173672,240484.80268785293,7.675018247263705e-22,184.57252488188828,0,184.57252488188828,1302.9284983869838,1773878400
vAMM-fBOMB/USX,1.5217055667374928e-06,0x49d88e65ef336487a0A513ba0738b85fccaeCCb0,0xfBeD71d6F9b3Fab9dd408C0D0183f1c8937AB53b,0x74ccbe53F77b08632ce0CB91D3A545bF6B8E0979,0xc142171B138DB17a1B7Cb999C44526094a4dae05,0x940181a94A35A4569E4529A3CDfB74e38FD98631,18,18,18,3812368235314859203,60203870121188416,3.8123682353148594,0.06020387012118841,3872572105436047619,0,9014920419979920279,9.014920419979921,0.0,0,0,0,nan,0
vAMM-WMTX/WETH,0.04204712249958655,0x1DDa8b6469df243971381f1f3F4137814ca68722,0xf2470b185647d1Fd0F432C223Ab0e80e0b23dCD3,0x3e31966d4f81C72D2a55310A6365A56A4393E98D,0x4200000000000000000000000000000000000006,0x940181a94A35A4569E4529A3CDfB74e38FD98631,18,6,18,0,0,0.0,0.0,0,1776463496513788,249096455653769442864478,249096.45565376946,0.0,0,0,0,nan,0
vAMM-JARVIS/wstETH,1.256812735151263e-10,0xa5061aa5eB2e8abCE384B36a855549e8D9C8cEd5,0xc498a9a90516Ca3aD2d096BbAFaD169E7583Aa04,0x777b2839832982B35213063d850848369390EE16,0xc1CBa3fCea344f92D9239c08C0568f6F2F0ee452,0x940181a94A35A4569E4529A3CDfB74e38FD98631,18,18,18,49247211619042995,40440742626,0.049247211619042996,4.0440742626e-08,49247252059785621,0,744563668416971,0.000744563668416971,0.0,0,0,0,nan,0
vAMM-BOTTO/WETH,0.02722587800788341,0x55F618171d851d57906431ce9FEEe96Dc6f3877e,0xc6fC7E3838BCb2B0CC6da0251c4F32b8865Ed725,0x24914CB6BD01E6a0CF2a9c0478e33c25926e6a0c,0x4200000000000000000000000000000000000006,0x940181a94A35A4569E4529A3CDfB74e38FD98631,18,18,18,0,0,0.0,0.0,0,1069557058787952,161292124422838989755461,161292.12442283897,1.0339816031392284e-22,16.677308938445893,0,16.677308938445893,9671.351956011033,1773878400
vAMM-cbBTC/TAROT,0.04452060374521265,0x2E26a29f782e51296d9D31f78D4883462a2d339d,0xD9f451A489d622E46E77b74dBD95A5616bca41e2,0xcbB7C0000aB88B473b1f5aFd9ef808440eed33Bf,0xF544251D25f3d243A36B07e7E7962a678f952691,0x940181a94A35A4569E4529A3CDfB74e38FD98631,18,8,18,0,0,0.0,0.0,0,1823591156912206,263749905754132179155822,263749.9057541322,0.0,0,0,0,nan,0
vAMM-BAVA/USDC,1.3793910418085096e-06,0x2215Ae205C5F28af4103e77478D65AF1044559F6,0x73e01eC7c5b11dFDf9b140708AbB8e63f002F10f,0x3fbdE9864362CE4Abb244EbeF2EF0482ABA8eA39,0x833589fCD6eDb6E08f4c7C32D4f71b54bdA02913,0x940181a94A35A4569E4529A3CDfB74e38FD98631,18,18,6,104031583504185367559999,6349544,104031.58350418537,6.349544,104031583504185373909543,0,8171817690460003505,8.171817690460003,0.0,0,0,0,nan,0
vAMM-WETH/Neiro,3.064121127257835e-05,0xd661D3D5ad3D3DEB7E781f5C6823da8d3a3B0CE8,0xF8a98eaA0c0033DE1Fb0D9580e16A2b7343F439e,0x4200000000000000000000000000000000000006,0x5Ca35eBC4f25B042d2cAE75914c7e882E631fA9A,0x940181a94A35A4569E4529A3CDfB74e38FD98631,18,18,9,0,0,0.0,0.0,0,1203555807551,181525314247429045762,181.52531424742904,6.06237156119172e-22,0.1100473902730004,0,0.1100473902730004,1649.5194824439686,1773878400
vAMM-ICL/WETH,8.498098638708344e-08,0xf8128cB2d1e3Eb8598BF8c5B4935893f92d9ea28,0xCFD3fEd4DC3D467772d1A4B6CE87B09aE0B75282,0x12c26138b666360AB2B7A1B149dF9Cf6642CDfBf,0x4200000000000000000000000000000000000006,0x940181a94A35A4569E4529A3CDfB74e38FD98631,18,18,18,37084457684755123968024,5423021028890663,37084.45768475512,0.005423021028890663,37084463107776152858687,0,503446163460813855,0.5034461634608138,0.0,0,0,0,nan,0
vAMM-USDC/TIMI,3.3228145297675185e-05,0x029A7f478D7e2539615c69472E2027E1f37034C4,0xA2B3DddCBa94c47A0A257C41ab6Ed75BaE68a634,0x833589fCD6eDb6E08f4c7C32D4f71b54bdA02913,0x9bEec80e62aA257cED8b0edD8692f79EE8783777,0x940181a94A35A4569E4529A3CDfB74e38FD98631,18,6,18,4241753,5263746998487306617060,4.241753,5263.746998487307,5263746998487310858813,0,196850883712214580785,196.85088371221457,0.0,0,0,0,nan,0
vAMM-USDC/CARV,7.533187068390764e-05,0xbe54ED1762172820d088aa676a8E2947AeEB10b0,0xCe3Dff721ef6E293664da2Bb4Dcbca563aa43055,0x833589fCD6eDb6E08f4c7C32D4f71b54bdA02913,0xc08Cd26474722cE93F4D0c34D16201461c10AA8C,0x940181a94A35A4569E4529A3CDfB74e38FD98631,18,6,18,6258236,24934250824879038512,6.258236,24.93425082487904,24934250824885296748,0,446282667388571175326,446.28266738857116,0.0,0,0,0,nan,0
vAMM-WETH/TALENT,6.429784124798595e-08,0x53C1d63A83506623B866e880546FF87885b2120E,0x2b3197894d2D8D0355e344bda8Ece023a82C6251,0x4200000000000000000000000000000000000006,0x9a33406165f562E16C3abD82fd1185482E01b49a,0x940181a94A35A4569E4529A3CDfB74e38FD98631,18,18,18,3054710386352055,146544001493076101187,0.003054710386352055,146.5440014930761,146547056203462453242,0,380914635982986203,0.3809146359829862,0.0,0,0,0,nan,0
vAMM-WETH/YFI,3.6975379989954837e-06,0xA5B1C80B6ddC11e751e405d9374265055762F66e,0x3DcB77970F4f6b6dCa82e845AAb2e2128fc280D6,0x4200000000000000000000000000000000000006,0x9EaF8C1E34F05a589EDa6BAfdF391Cf6Ad3CB239,0x940181a94A35A4569E4529A3CDfB74e38FD98631,18,18,18,0,0,0.0,0.0,0,145258132218,21905033101943243051,21.905033101943243,2.6836788249627346e-22,0.005878607349579285,0,0.005878607349579285,3726.228305333392,1773878400
vAMM-WETH/SYRUP,0.004588894703612696,0xFC42A013ebD8B160C35c6A0FE876DE4e42da262a,0x9b872778b8010F6Ebf9f230f13A7e97da09a762F,0x4200000000000000000000000000000000000006,0x688AEe022AA544f150678B8E5720b6b96a9E9a2F,0x940181a94A35A4569E4529A3CDfB74e38FD98631,18,18,18,0,0,0.0,0.0,0,180275165197826,27185627412423223757403,27185.627412423222,0.0,0,0,0,nan,0
vAMM-WETH/AIXBT,0.0005982245019798935,0xF3E7E359b75a7223BA9D71065C57DDd4F5D8747e,0x97de0E89a077be1B2479164a876A82589eD2D3a2,0x4200000000000000000000000000000000000006,0x4F9Fd6Be4a90f2620860d680c0d4d5Fb53d1A825,0x940181a94A35A4569E4529A3CDfB74e38FD98631,18,18,18,0,0,0.0,0.0,0,23501306498689,3544014293246775992169,3544.014293246776,1.2903042978717535e-21,4.5728568742952405,0,4.5728568742952405,775.0109812463729,1773878400
vAMM-fBOMB/USDC,1.0678520913965484,0xFf8e0bD2d8F02904e7e18Dd00ea50aeC68f37A10,0x0254263E74061b410Cbc33bf11fCe4A961ea8fE1,0x74ccbe53F77b08632ce0CB91D3A545bF6B8E0979,0x833589fCD6eDb6E08f4c7C32D4f71b54bdA02913,0x940181a94A35A4569E4529A3CDfB74e38FD98631,18,18,6,156472315199499317381,2042750,156.47231519949932,2.04275,156472315199501360131,41952474879214447,6326192027336966971110940,6326192.027336967,6.18899016967439e-23,391.5274026866099,0,391.5274026866099,16157.724807835835,1773878400
vAMM-USDC/RECORD,2.3763203199541057e-06,0x2508ec71d3E0f227D2AA3F190f055E288770Bb20,0xC27d16C68AD5C22Ff15d20117DA3a40b6A7e89cf,0x833589fCD6eDb6E08f4c7C32D4f71b54bdA02913,0xE642657E4F43e6DcF0bd73Ef24008394574Dee28,0x940181a94A35A4569E4529A3CDfB74e38FD98631,18,6,18,212073,223665847648360934125,0.212073,223.66584764836094,223665847648361146198,0,14077847282044555790,14.077847282044555,0.0,0,0,0,nan,0
vAMM-WETH/VIS,2.2982480905424228e-05,0xDbdfAc0F9268EF02c34Ed58c9Fab3517a98444dc,0x018b51fe7a1B422447f069c360f5759f64E72dB6,0x4200000000000000000000000000000000000006,0xFc60AA1fFCA50Ce08b3cDeC9626c0Bb9E9b09BeC,0x940181a94A35A4569E4529A3CDfB74e38FD98631,18,18,18,247726218512173883,16183472710749054022846,0.24772621851217388,16183.472710749054,16183720436967566196729,0,136153301233108184956,136.15330123310818,0.0,0,0,0,nan,0
vAMM-EXTRA/cbBTC,0.0012058009823785077,0x112aAB1af0393325Ae24ba4cF4555783574E16F7,0x0c807068a3b80B56Ae3547Dc1Cee72F6f0D550B6,0x2dAD3a13ef0C6366220f989157009e501e7938F8,0xcbB7C0000aB88B473b1f5aFd9ef808440eed33Bf,0x940181a94A35A4569E4529A3CDfB74e38FD98631,18,18,8,0,0,0.0,0.0,0,47372043216592,7143431775557839527553,7143.4317755578395,1.512718279029678e-21,10.805999821887772,0,10.805999821887772,661.0616225523781,1773878400
vAMM-HENLO/WETH,3.468266895471518e-07,0x9342001C286d21C7507694Cd52A9AA73C3d5ce56,0xeD34DbC85cb8D0dE1dFc53309B7837D8bda43Cba,0x23A96680Ccde03Bd4Bdd9a3e9a0Cb56A5D27F7c9,0x4200000000000000000000000000000000000006,0x940181a94A35A4569E4529A3CDfB74e38FD98631,18,18,18,288821405785585713114872890290200,40290723886934939526,288821405785585.7,40.29072388693494,288821405785626003838759825229726,0,2054678036366822742,2.0546780363668224,0.0,0,0,0,nan,0
vAMM-USDC/G,0.0004853923989502673,0x637E0567eDD057f865Afb4602F3B961909E09774,0x509C953cDC289C476EA19f124c3E5804d479a1fb,0x833589fCD6eDb6E08f4c7C32D4f71b54bdA02913,0x9C7BEBa8F6eF6643aBd725e45a4E8387eF260649,0x940181a94A35A4569E4529A3CDfB74e38FD98631,18,6,18,871100,104602704408566288177,0.8711,104.60270440856628,104602704408567159277,0,2875571953371623376189,2875.5719533716233,0.0,0,0,0,nan,0
vAMM-USDC/MCADE,0.0005363599063663553,0x1c3FCeA97a3161434901097878faF90227cD3394,0x918A82Cc55E919087944849812C44D07a7f2d5aD,0x833589fCD6eDb6E08f4c7C32D4f71b54bdA02913,0xc48823EC67720a04A9DFD8c7d109b2C3D6622094,0x940181a94A35A4569E4529A3CDfB74e38FD98631,18,6,18,8836671,1854767152668671779265,8.836671,1854.7671526686718,1854767152668680615936,0,3177514742702320751075,3177.5147427023207,0.0,0,0,0,nan,0
vAMM-WETH/DOGE,9.748222096962591e-05,0x43Cdb48293FbDF1FA1dc56965AC97e0df211D7e8,0xE737086945b0288D09Dd18dCeE8C82971A0a0e04,0x4200000000000000000000000000000000000006,0x67f0870BB897F5E1c369976b4A2962d527B9562c,0x940181a94A35A4569E4529A3CDfB74e38FD98631,18,18,18,223422434331577,317205441890242752312,0.000223422434331577,317.20544189024275,317205665312677083889,0,577506242740633257730,577.5062427406333,0.0,0,0,0,nan,0
vAMM-WETH/FAI,0.028551913504156617,0x5447F7FE76894d98753A0A6d69B9cb840037c13D,0xC8A601c97574088a50A63fca15aF9448fd36579A,0x4200000000000000000000000000000000000006,0xb33Ff54b9F7242EF1593d2C9Bcd8f9df46c77935,0x940181a94A35A4569E4529A3CDfB74e38FD98631,18,18,18,0,0,0.0,0.0,0,1121727710801323,169147852057851133969205,169147.85205785112,1.2706924916021499e-21,214.93490558054268,0,214.93490558054268,786.9724631324076,1773878400
vAMM-fBOMB/uSOL,2.2294851037346767e-07,0xCDD9bc6a949d18868254372f505E2829B6A0dCa0,0xe849F5aFF4654012F025F93bD6A8357d3c549e65,0x74ccbe53F77b08632ce0CB91D3A545bF6B8E0979,0x9B8Df6E244526ab5F6e6400d331DB28C8fdDdb55,0x940181a94A35A4569E4529A3CDfB74e38FD98631,18,18,18,750656431652492919,94000358971674,0.750656431652493,9.4000358971674e-05,750750432011464593,0,1320796297722026642,1.3207962977220267,0.0,0,0,0,nan,0
vAMM-WETH/COOKIE,3.7718274817273885e-05,0xeD445A77E75F18B04818d940d0E490C15C6072B7,0x6cf5A745dd93e1Bf18f5893409b1B1DaCBe7cc11,0x4200000000000000000000000000000000000006,0xC0041EF357B183448B235a8Ea73Ce4E4eC8c265F,0x940181a94A35A4569E4529A3CDfB74e38FD98631,18,18,18,0,0,0.0,0.0,0,1481849335947,223451404324996041623,223.45140432499605,3.037174727015672e-21,0.6786609579320384,0,0.6786609579320384,329.2533653414797,1773878400
vAMM-INTX/USDC,1.3870114138667438e-05,0xA3fCbeF28465ddBAE92F5Bf6EF2D22a6C23ea160,0x5A303807a8EC667Be61f500bF09A8ACCF1B58303,0x7D27187eb33a7B1d99258FF222633670F84fa342,0x833589fCD6eDb6E08f4c7C32D4f71b54bdA02913,0x940181a94A35A4569E4529A3CDfB74e38FD98631,18,18,6,1774629801913013967597,100720621,1774.629801913014,100.720621,1774629801913114688218,0,82169624603663825649,82.16962460366382,0.0,0,0,0,nan,0
vAMM-USDC/MET,0.33944778807866494,0xdA9b1279A069A7166560f3D7f20B5b0237af8459,0x0472A241929cC4E34951bD761dFAc665c4692171,0x833589fCD6eDb6E08f4c7C32D4f71b54bdA02913,0x93dc5Cb35627A759848c7A7F0079EA7b49E435a5,0x940181a94A35A4569E4529A3CDfB74e38FD98631,18,6,18,0,0,0.0,0.0,0,13346077239827124,2010963791653964120999455,2010963.791653964,7.233736699551555e-23,145.46782581156629,0,145.46782581156629,13824.113892091114,1773878400
vAMM-USDC/AUKI,0.03514376849560107,0x437846Bee5e09A17d4fd944e97fD29a54c30Ed7f,0x71dC14Ae59089140c2DD12cE22d1d0517226885D,0x833589fCD6eDb6E08f4c7C32D4f71b54bdA02913,0xF9569cFb8FD265e91aa478d86ae8c78b8AF55Df4,0x940181a94A35A4569E4529A3CDfB74e38FD98631,18,6,18,0,0,0.0,0.0,0,1380411704218831,208199459324640145124792,208199.45932464016,2.0112579803596408e-21,418.74282407324495,0,418.74282407324495,497.2012589957188,1773878400
vAMM-cbBTC/CHAMP,0.0012038594565068341,0x32450CEBe156B2Ca77Dd517e0182409d89b723Ff,0xCFede447ca3b4885720B5a327e3BFb02078f06e8,0xcbB7C0000aB88B473b1f5aFd9ef808440eed33Bf,0xEb6d78148F001F3aA2f588997c5E102E489Ad341,0x940181a94A35A4569E4529A3CDfB74e38FD98631,18,8,18,0,0,0.0,0.0,0,47296861983860,7131929746775757082439,7131.929746775757,2.8951538837571144e-21,20.648034105060727,0,20.648034105060727,345.4047833555136,1773878400
vAMM-SKI/AERO,3.647956380369725e-07,0x9EFC401fc56c277aF2024659862A7a05892B5980,0x4A6dA782B6ca505fb82FD57784f39734D073D0D6,0x768BE13e1680b5ebE0024C42c896E3dB59ec0149,0x940181a94A35A4569E4529A3CDfB74e38FD98631,0x940181a94A35A4569E4529A3CDfB74e38FD98631,18,9,18,117,29531823889886401,1.17e-07,0.0295318238898864,29531823889886518,0,2161130062440271853,2.161130062440272,0.0,0,0,0,nan,0
vAMM-AERO/MORPHO,0.010172968308089414,0xd433B339c5C801228E1343C678Dc26213A7B8Aac,0x3B1A591878D6B27dE5116741BCbd5f48B547D204,0x940181a94A35A4569E4529A3CDfB74e38FD98631,0xBAa5CC21fd487B8Fcc2F632f3F4E8D37262a0842,0x940181a94A35A4569E4529A3CDfB74e38FD98631,18,18,18,0,0,0.0,0.0,0,399672466277764,60266914794183930855024,60266.914794183926,9.930431790216267e-22,59.847648657041915,0,59.847648657041915,1007.0055573869681,1773878400
vAMM-OX/cbBTC,9.863771204248691e-05,0xdC4260f59CBc870c6BE271100430C23FD632D33E,0x5AFCf03d8D37bcB6f3152C250F168bd70Fcb8119,0xba0Dda8762C24dA9487f5FA026a9B64b695A07Ea,0xcbB7C0000aB88B473b1f5aFd9ef808440eed33Bf,0x940181a94A35A4569E4529A3CDfB74e38FD98631,18,18,8,0,0,0.0,0.0,0,3875248250667,584351627482290169418,584.3516274822902,1.5737498176356472e-22,0.09196232671853478,0,0.09196232671853478,6354.250140612367,1773878400
vAMM-AERO/AUKI,0.0013118080646691715,0x16f7e8199B46Ff86D33be983Ee6c642d9c14A5ae,0x7a1b8b9a035b9B578714987D4887177daB22c709,0x940181a94A35A4569E4529A3CDfB74e38FD98631,0xF9569cFb8FD265e91aa478d86ae8c78b8AF55Df4,0x940181a94A35A4569E4529A3CDfB74e38FD98631,18,18,18,0,0,0.0,0.0,0,51537913872441,7771441182695307962531,7771.441182695308,0.0,0,0,0,nan,0
sAMM-USR/USDC,0.0002146194841867705,0xd3eE0a3B349237D68517DF30bFB66Be971f46Ad9,0xBbebd633E692C892EAa6DDfbbD1517bEb3F0358A,0x35E5dB674D8e93a03d814FA0ADa70731efe8a4b9,0x833589fCD6eDb6E08f4c7C32D4f71b54bdA02913,0x940181a94A35A4569E4529A3CDfB74e38FD98631,18,18,6,0,0,0.0,0.0,0,8431904627873,1271453303985080715357,1271.4533039850805,6.191473534577601e-22,0.7872169482074877,0,0.7872169482074877,1615.1244036097178,1773878400
vAMM-MET/cbBTC,0.03462693763609024,0x5aAc53d1b18F1eAf908C223a94916B339B74309F,0x72Ee712cA4Ea8E2D3d91E0846d04EDf31485c435,0x93dc5Cb35627A759848c7A7F0079EA7b49E435a5,0xcbB7C0000aB88B473b1f5aFd9ef808440eed33Bf,0x940181a94A35A4569E4529A3CDfB74e38FD98631,18,18,8,0,0,0.0,0.0,0,1360426030656830,205137638975865847445528,205137.63897586585,0.0,0,0,0,nan,0
vAMM-VIRTUAL/AIXBT,0.0007068410484748507,0xeb3458046d3aA2fdbBbF4FEe58C755744ec42ce2,0xBE208720227e7b8832BC3DE3B75E02C187783BD8,0x0b3e328455c4059EEb9e3f84b5543F74E24e7E1b,0x4F9Fd6Be4a90f2620860d680c0d4d5Fb53d1A825,0x940181a94A35A4569E4529A3CDfB74e38FD98631,18,18,18,0,0,0.0,0.0,0,27770430408483,4187482743614877664403,4187.482743614877,9.052955606410602e-22,3.7909095380555957,0,3.7909095380555957,1104.6116246189006,1773878400
vAMM-WETH/HEU,0.001825047450341452,0xF930E1342fC23c5c7BceaE58cBbc776Eeb4cFb87,0xa936fcE0237cA8F36d66BC2605B0f28584f8036b,0x4200000000000000000000000000000000000006,0xEF22cb48B8483dF6152e1423b19dF5553BbD818b,0x940181a94A35A4569E4529A3CDfB74e38FD98631,18,18,18,0,0,0.0,0.0,0,71702617329943,10811984845918401355600,10811.984845918401,3.766364381361562e-21,40.72187461548805,0,40.72187461548805,265.508033409793,1773878400
vAMM-WETH/ANZ,0.022618826289719212,0xE4faa73134C66832c272f067adC401f0963A9D7a,0xED2fE03dE7F663CC1265bCfF93af9f15Ff60AcC1,0x4200000000000000000000000000000000000006,0xeeC468333ccc16D4BF1cEf497A56cf8C0aAe4Ca3,0x940181a94A35A4569E4529A3CDfB74e38FD98631,18,18,18,0,0,0.0,0.0,0,888659163029236,133998930839387570523281,133998.93083938758,0.0,0,0,0,nan,0
vAMM-WETH/CXT,0.006576963583181922,0x923BeBD9FbCAf0F85251a3d5A11BF5BFAa19942F,0x8D4b9bB3d47f27634511fb62e93CEB03e569bC26,0x4200000000000000000000000000000000000006,0xB1E1f3Cc2B6fE4420C1Ac82022b457018Eb628ff,0x940181a94A35A4569E4529A3CDfB74e38FD98631,18,18,18,0,0,0.0,0.0,0,258398861118658,38963387269857564036929,38963.38726985756,1.3945494535611748e-21,54.33637042607229,0,54.33637042607229,717.077474338656,1773878400
vAMM-WETH/SYMM,0.057128296228357335,0x3eB2a8015dE1419a5089dAb37b0056F0fc24f821,0x925bC135a96716D48aD5FE9AB553076146147785,0x4200000000000000000000000000000000000006,0x800822d361335b4d5F352Dac293cA4128b5B605f,0x940181a94A35A4569E4529A3CDfB74e38FD98631,18,18,18,0,0,0.0,0.0,0,2319084983609829,338440665188499960512218,338440.66518849996,4.37314539770043e-22,148.00502373637607,0,148.00502373637607,2286.6836317078296,1773878400
vAMM-cbETH/SPECTRA,0.017549395810572938,0xEf70044C0249a07234E07D673606e09b364dC977,0xeF495e3a8345e2E2683745Fa472640C8D360b55b,0x2Ae3F1Ec7F1F5012CFEab0185bfc7aa3cf0DEc22,0x64FCC3A02eeEba05Ef701b7eed066c6ebD5d4E51,0x940181a94A35A4569E4529A3CDfB74e38FD98631,18,18,18,0,0,0.0,0.0,0,689488976701723,103966503185130306284438,103966.5031851303,1.6414086722339502e-21,170.6515199499115,0,170.6515199499115,609.2327991901032,1773878400
vAMM-cbBTC/DEUS,0.04977110416223341,0x982534133b2B71Ab012404256Be316344Bb9f261,0x0Cf6C003718eBEe0F5C7a6C1445Cc73FE3e8fbEc,0xcbB7C0000aB88B473b1f5aFd9ef808440eed33Bf,0xDE5ed76E7c05eC5e4572CfC88d1ACEA165109E44,0x940181a94A35A4569E4529A3CDfB74e38FD98631,18,8,18,0,0,0.0,0.0,0,1955450123992150,294855031777949206808379,294855.0317779492,0.0,0,0,0,nan,1773878400
vAMM-USR/USDC,5.515957282430144e-08,0x8E5a94965005FF2eB41B69B9ADf41273f38d872a,0x2d1102727dFB75aDa41272761C132c47fAECfEdC,0x35E5dB674D8e93a03d814FA0ADa70731efe8a4b9,0x833589fCD6eDb6E08f4c7C32D4f71b54bdA02913,0x940181a94A35A4569E4529A3CDfB74e38FD98631,18,18,6,2191648790882522507,2216477,2.1916487908825224,2.216477,2191648790884738984,0,326777512207751551,0.32677751220775153,0.0,0,0,0,nan,0
vAMM-WETH/ODOS,6.521586033456424e-06,0xd085Ef129A79d1fDE3912cD288A0F9558b33A282,0x5e6334757f1ae0054EFd7E6f33f56F5a54799597,0x4200000000000000000000000000000000000006,0xca73ed1815e5915489570014e024b7EbE65dE679,0x940181a94A35A4569E4529A3CDfB74e38FD98631,18,18,18,21550082229804949,14064103187804847526066,0.021550082229804948,14064.103187804847,14064124737887077331015,0,38635318414264708257,38.6353184142647,0.0,0,0,0,nan,0
vAMM-eBTC/cbBTC,3.991314143513919e-08,0x14048DFa85509B75d3951F318152Ec363999eAC0,0xC8360CBb1b81eDB6dC8107FDF37BDAe0759F3dAc,0x657e8C867D8B37dCC18fA4Caead9C45EB088C642,0xcbB7C0000aB88B473b1f5aFd9ef808440eed33Bf,0x940181a94A35A4569E4529A3CDfB74e38FD98631,18,8,8,84472,83889,0.00084472,0.00083889,168361,0,236454279733376232,0.2364542797333762,0.0,0,0,0,nan,0
vAMM-AERO/FAI,3.991314143513919e-08,0xfF231D3b278D3C56c5B12e6B79BE9B3D88c0F53b,0x3592697e4C319B3640A0D3b3380A78843557fBd0,0x940181a94A35A4569E4529A3CDfB74e38FD98631,0xb33Ff54b9F7242EF1593d2C9Bcd8f9df46c77935,0x940181a94A35A4569E4529A3CDfB74e38FD98631,18,18,18,214858604911004003,6873183407704546061,0.214858604911004,6.873183407704546,7088042012615550064,0,236454279733376232,0.2364542797333762,0.0,0,0,0,nan,0
vAMM-Anon/USDC,0.005682827130418081,0x3667af77FF1481aca513d2C97A32C0ac31ba813D,0x0c41ADAA6489213FE6ab44A4794a8212e84a6eF4,0x79bbF4508B1391af3A0F4B30bb5FC4aa9ab0E07C,0x833589fCD6eDb6E08f4c7C32D4f71b54bdA02913,0x940181a94A35A4569E4529A3CDfB74e38FD98631,18,18,6,0,0,0.0,0.0,0,223271820142463,33666325116401120083296,33666.32511640112,2.3207941670523252e-21,78.13261095623092,0,78.13261095623092,430.8869843766088,1773878400
vAMM-WETH/FLOCK,0.02202038611280743,0x4910C78a1C75E36548F1f2f1f4dCb71A4F69fC07,0x35388feDFe7C0d8EA803f2Ae5534F357b0b361ff,0x4200000000000000000000000000000000000006,0x5aB3D4c385B400F3aBB49e80DE2fAF6a88A7B691,0x940181a94A35A4569E4529A3CDfB74e38FD98631,18,18,18,0,0,0.0,0.0,0,865038631315994,130453638840131136759898,130453.63884013114,3.474946557358371e-21,453.319423182386,0,453.319423182386,287.7742099033007,1773878400
vAMM-WETH/VEIL,0.449736767918805,0xf207d02BECD4417aAA3383804b6B87b17602c86D,0xd2eBB7D16503BF671142e031A2FDC0cE9ce9253f,0x4200000000000000000000000000000000000006,0x767A739D1A152639e9Ea1D8c1BD55FDC5B217D7f,0x940181a94A35A4569E4529A3CDfB74e38FD98631,18,18,18,9690421160866,527766222497931250896,9.690421160866e-06,527.7662224979313,527766232188352411762,17704237867250918,2664340107146636922910341,2664340.107146637,6.863912027447215e-22,1828.7796106653805,0,1828.7796106653805,1456.895129193423,1773878400
vAMM-1000X/WETH,0.00134501457089798,0x23dA62CE083687cD72EBCBA36eEc6752fa51B715,0x7d1a8AA63DBA54E39b141098f16Dd9EccB5aDE62,0x352b850b733ab8baB50aED1Dab5D22E3186ce984,0x4200000000000000000000000000000000000006,0x940181a94A35A4569E4529A3CDfB74e38FD98631,18,18,18,0,0,0.0,0.0,0,52838850672299,7968163871776406428806,7968.163871776407,5.149848036148919e-22,4.10348330667805,0,4.10348330667805,1941.8048707080002,1773878400
vAMM-WETH/DRV,0.270031186514378,0xaC4e562d7C6108f971321F14238E24AE2cC398ac,0x9788Bd681f47986d1008939A79f630ecA207351A,0x4200000000000000000000000000000000000006,0x9d0E8f5b25384C7310CB8C6aE32C8fbeb645d083,0x940181a94A35A4569E4529A3CDfB74e38FD98631,18,18,18,11248221011276832,181408545183534448014,0.011248221011276833,181.40854518353444,181419793404545724846,10617725196705407,1599724487148315896765892,1599724.4871483159,2.557341530324063e-22,409.10418680607506,0,409.10418680607506,3910.3107197155687,1773878400
vAMM-BNKR/wBLT,0.0022639065610811533,0x17c9A4b6CAD28F5074C81B056C32bAD334329f25,0x378d2D0f69C0c838DF8019f62De8a891655381B9,0x22aF33FE49fD1Fa80c7149773dDe5890D3c76F3b,0x4E74D4Db6c0726ccded4656d0BCE448876BB4C7A,0x940181a94A35A4569E4529A3CDfB74e38FD98631,18,18,18,0,0,0.0,0.0,0,88947198795938,13411883305502637030667,13411.883305502637,0.0,0,0,0,nan,0
vAMM-USDC/SEND,0.0012597301597446393,0x69bc1d350fE13F499c6AedEd2C5eA9471b2a599A,0x342D92F92b2365e15126b852A56820427Af56900,0x833589fCD6eDb6E08f4c7C32D4f71b54bdA02913,0xEab49138BA2Ea6dd776220fE26b7b8E446638956,0x940181a94A35A4569E4529A3CDfB74e38FD98631,18,6,18,0,0,0.0,0.0,0,49480927376545,7462920152874479822906,7462.92015287448,3.2166007719060288e-21,24.00523472440911,0,24.00523472440911,310.8871976696816,1773878400
vAMM-WETH/BID,0.06252394568979688,0x74F22A01Da78294f8dF640C98A414FE209e33f60,0x1AEeafdeAB8D8F99853CD5B7a8844cC4ffe0fC70,0x4200000000000000000000000000000000000006,0xa1832f7F4e534aE557f9B5AB76dE54B1873e498B,0x940181a94A35A4569E4529A3CDfB74e38FD98631,18,18,18,0,0,0.0,0.0,0,2456519152504677,370405686262367161327579,370405.6862623671,7.052302411051239e-21,2612.2129142951803,0,2612.2129142951803,141.7976629069338,1773878400
vAMM-WETH/VVV,2.2098190114897682,0x01784ef301D79e4B2DF3a21ad9a536d4cF09A5Ce,0x37a70295FCefebBB0a29735A53E2e6786A02F930,0x4200000000000000000000000000000000000006,0xacfE6019Ed1A7Dc6f7B508C02d1b04ec88cC21bf,0x940181a94A35A4569E4529A3CDfB74e38FD98631,18,18,18,72468590350592732,50958382321171411654,0.07246859035059273,50.95838232117141,51030850911522004386,87177890458223447,13091456696087355084407509,13091456.696087355,0.0,0,0,0,nan,0
vAMM-AERO/uADA,1.0860415540720376e-06,0xa65bC40C8368Ac2f814b13caCC75a47A30a2ac81,0x6a1a65e681FB4a3DE02556c418f580ade8397e18,0x940181a94A35A4569E4529A3CDfB74e38FD98631,0xa3A34A0D9A08CCDDB6Ed422Ac0A28a06731335aA,0x940181a94A35A4569E4529A3CDfB74e38FD98631,18,18,18,11408842279373097503,13888782322834232122,11.408842279373097,13.888782322834231,25297624602207329625,0,6433950428230047049,6.433950428230046,0.0,0,0,0,nan,0
sAMM-USDC/cUSDO,4.557761908192403e-05,0x5feDe9d65714907381A76AA9bF949219dD1c5023,0x78Fff283c03557ca8BBa0A134386b717e04490dc,0x833589fCD6eDb6E08f4c7C32D4f71b54bdA02913,0x83dB73EF5192de4B6a4c92bD0141Ba1a0Dc87c65,0x940181a94A35A4569E4529A3CDfB74e38FD98631,18,6,18,0,0,0.0,0.0,0,1790225048469,270011898449329590225,270.0118984493296,1.0455396203371784e-22,0.028230813779123284,0,0.028230813779123284,9564.439075752172,1773878400
vAMM-USDC/SQD,0.0680464851964808,0xa6C7Fbd1b4c71673DFDaDfaa9D17F14833D3245E,0x1EfB3Df7B4cc8C41dA408be577732cb1E8Af1546,0x833589fCD6eDb6E08f4c7C32D4f71b54bdA02913,0xd4554BEa546EFa83C1E6B389ecac40EA999B3E78,0x940181a94A35A4569E4529A3CDfB74e38FD98631,18,6,18,0,0,0.0,0.0,0,2728334598943515,403122432035788596504095,403122.4320357886,6.849879741838505e-22,276.13401806826175,0,276.13401806826175,1459.8796441521183,1773878400
vAMM-WETH/RIZ,0.00015355980016325895,0x04B27c418aaAD06539210ae9A0298076904Cd70B,0x055Ea0Fde71dDe3A4bb80856f5768016E99DCB3c,0x4200000000000000000000000000000000000006,0x67543CF0304C19CA62AC95ba82FD4F4B40788dc1,0x940181a94A35A4569E4529A3CDfB74e38FD98631,18,18,8,8947051071114155,1244516381091,0.008947051071114155,12445.16381091,8948295587495246,0,909722227768262915743,909.7222277682629,0.0,0,0,0,nan,0
vAMM-yTRYB/USDC,3.4111854302912086e-06,0xE63296472be7Fcb0160B1f65D12E1a7774BA1069,0x8cb85753524E8eebDA5Df1aE7bd5016BcD617357,0x1A9Be8a692De04bCB7cE5cDDD03afCA97D732c62,0x833589fCD6eDb6E08f4c7C32D4f71b54bdA02913,0x940181a94A35A4569E4529A3CDfB74e38FD98631,18,8,6,0,0,0.0,0.0,0,133987915775,20208617135968665052,20.208617135968666,0.0,0,0,0,nan,0
vAMM-WETH/KTA,0.012525215091182044,0xd9eDC75a3a797Ec92Ca370F19051BAbebfb2edEe,0x0e62c181134Ca74837694a7D6d7501C3D4fe6363,0x4200000000000000000000000000000000000006,0xc0634090F2Fe6c6d75e61Be2b949464aBB498973,0x940181a94A35A4569E4529A3CDfB74e38FD98631,18,18,18,0,0,0.0,0.0,0,492414373520386,74202145118140497714167,74202.1451181405,0.0,0,0,0,nan,0
vAMM-DRB/WETH,2.9708885031538413e-05,0xDb6556a14976894a01085c2AbF3c85C86D1C15C8,0x0d3205883Db8C717E79C131046e21aB3C1A3eBAD,0x3ec2156D4c0A9CBdAB4a016633b7BcF6a8d68Ea2,0x4200000000000000000000000000000000000006,0x940181a94A35A4569E4529A3CDfB74e38FD98631,18,18,18,0,0,0.0,0.0,0,1167035317665,176002007339605957198,176.00200733960594,1.6047524225562396e-22,0.028243964765299372,0,0.028243964765299372,6231.490826523144,1773878400
vAMM-USDC/AITECH,0.017762444619901174,0x95b9662f58d638b65Ac957ACb1365697c34c832b,0x018F92c3FeF19f88a03D4d9E700Afe9FAd496D60,0x833589fCD6eDb6E08f4c7C32D4f71b54bdA02913,0xD71552d9e08E5351AdB52163B3bbbC4d7DE53Ce1,0x940181a94A35A4569E4529A3CDfB74e38FD98631,18,6,18,0,0,0.0,0.0,0,697690870912705,105228651463777448453938,105228.65146377745,2.3023036180799637e-21,242.26830499073031,0,242.26830499073031,434.34757785507156,1773878400
vAMM-BNKR/USDC,1.5381084433816076e-05,0xbd583f38ea4A388E938E7cC5Aa993CCCb91A704e,0xa8d13F77c9598cF68237d6e547ef84242592252B,0x22aF33FE49fD1Fa80c7149773dDe5890D3c76F3b,0x833589fCD6eDb6E08f4c7C32D4f71b54bdA02913,0x940181a94A35A4569E4529A3CDfB74e38FD98631,18,18,6,168331811122874243903296,87335331,168331.81112287423,87.335331,168331811122874331238627,0,91120946899817542198,91.12094689981754,0.0,0,0,0,nan,0
vAMM-STPT/USDC,9.79278244208787e-05,0x3B85f7EaBBD2548CC5AfFb7BdF4bd2ca063404ad,0x12Cfd0322fF97062A06d36E70e24F1691a7b6517,0x4489d0a0345eCB216A3994De780d453c7fA6312C,0x833589fCD6eDb6E08f4c7C32D4f71b54bdA02913,0x940181a94A35A4569E4529A3CDfB74e38FD98631,18,18,6,50426152397802572640195,2957153923,50426.15239780257,2957.153923,50426152397805529794118,0,580146096165448435702,580.1460961654484,0.0,0,0,0,nan,0
vAMM-WETH/OVER,0.08493795690287577,0xB452f81D9322936C2c8Ac6445f6892cB957aFB4c,0x07005714c9b5DEac0449B1f4054d8000b210C97C,0x4200000000000000000000000000000000000006,0x7750C092e284e2c7366f50C8306F43c7EB2e82a2,0x940181a94A35A4569E4529A3CDfB74e38FD98631,18,18,18,0,0,0.0,0.0,0,3485490014322659,503191247277076236285762,503191.24727707624,1.4194021345875884e-22,71.42307304908731,0,71.42307304908731,7045.219783965966,1773878400
sAMM-msUSD/USDT,1.455579511448235e-06,0x5bD7A6393Bc746E9a9a8481A1e4b1dc5792bb242,0x4804726Db38Cd188Ee52B7E3e6aBdB6124552A9f,0x526728DBc96689597F85ae4cd716d4f7fCcBAE9d,0xfde4C96c8593536E31F229EA8f37b2ADa2699bb2,0x940181a94A35A4569E4529A3CDfB74e38FD98631,18,18,6,385244479077321,371,0.000385244479077321,0.000371,385244479077692,0,8623175039565808349,8.623175039565808,0.0,0,0,0,nan,0
vAMM-WETH/ZENT,0.00010745823311093819,0x82bdbC291762b478dE875E44fFF7b9717651bfe5,0xc771e723363c5434E4f69694F3404008F675410C,0x4200000000000000000000000000000000000006,0xdf49c226ED9CF05Be0e38cdb86Df4E8A945158B1,0x940181a94A35A4569E4529A3CDfB74e38FD98631,18,18,18,0,0,0.0,0.0,0,4220906614271,636606345630772611298,636.6063456307726,8.177757784763885e-23,0.05206012498812139,0,0.05206012498812139,12228.290765264734,1773878400
vAMM-ZORA/WETH,3.0198026418773465e-08,0x84e6bEA6Efe00399B6697fE9BE3D303FCf3F4f8e,0x9e2f066e89B669e1b5cdb7b9e6e4b2B14ec02255,0x1111111111166b7FE7bd91427724B487980aFc69,0x4200000000000000000000000000000000000006,0x940181a94A35A4569E4529A3CDfB74e38FD98631,18,18,18,1535526808005539785464,15707407648588152,1535.5268080055398,0.01570740764858815,1535542515413188373616,0,178899789128954746,0.17889978912895474,0.0,0,0,0,nan,0
vAMM-WETH/JKL,0.000272048560739753,0xF3706dc080C93d0cb597a1ec57dCA1Ffeef06c84,0x80EAe3cB7018AD3F26804Ac4A0Be5eb8fF00c05b,0x4200000000000000000000000000000000000006,0x4eeD0d2deb4C588393c80869B122327581B0D98e,0x940181a94A35A4569E4529A3CDfB74e38FD98631,18,18,6,0,0,0.0,0.0,0,10686039854518,1611675858357442440896,1611.6758583574424,0.0,0,0,0,nan,0
vAMM-AERO/TOWER,0.0005728482782762522,0x41fe2f2FD39E87E7e92a62E04e689bE807066A44,0xaB0666D38CB5983570c5106E5eD39523AF38f099,0x940181a94A35A4569E4529A3CDfB74e38FD98631,0xf7C1CEfCf7E1dd8161e00099facD3E1Db9e528ee,0x940181a94A35A4569E4529A3CDfB74e38FD98631,18,18,18,0,0,0.0,0.0,0,22501422229937,3393679930116067749412,3393.6799301160677,0.0,0,0,0,nan,0
vAMM-AERO/CHAMP,0.0007977306690733372,0x48a346A833775ed92bF52Dd598246e5a71f3d4A5,0x987fe7bBbfa94404d8F38D3B6F52e8c912d4F36A,0x940181a94A35A4569E4529A3CDfB74e38FD98631,0xEb6d78148F001F3aA2f588997c5E102E489Ad341,0x940181a94A35A4569E4529A3CDfB74e38FD98631,18,18,18,0,0,0.0,0.0,0,31334779716198,4725932963294510473462,4725.932963294511,1.1249999338361742e-21,5.316674271020519,0,5.316674271020519,888.8889411664828,1773878400
vAMM-AWE/USDC,0.0021269327152088685,0xcb7f520d18141E36956fE0b3A6Bc3D4F11245521,0xC7a0De60A7572e86d973B39b1deE9BE8829c8d91,0x1B4617734C43F6159F3a70b7E06d883647512778,0x833589fCD6eDb6E08f4c7C32D4f71b54bdA02913,0x940181a94A35A4569E4529A3CDfB74e38FD98631,18,18,6,0,0,0.0,0.0,0,83545701182161,12600419940217952245539,12600.419940217953,3.367009542394893e-23,0.42425734176896734,0,0.42425734176896734,29699.945527588796,1773878400
sAMM-BOLD/USDC,0.032198757385492265,0x2De3fE21d32319a1550264dA37846737885Ad7A1,0x7fDCBc8C442C667D41a1041bdc6e588393cEb6fe,0x03569CC076654F82679C4BA2124D64774781B01D,0x833589fCD6eDb6E08f4c7C32D4f71b54bdA02913,0x940181a94A35A4569E4529A3CDfB74e38FD98631,18,18,6,0,0,0.0,0.0,0,1264763922116393,190752561991860954643996,190752.56199186097,6.380991911905665e-23,12.171905552453488,0,12.171905552453488,15671.544703484084,1773878400
sAMM-BOLD/LUSD,0.0009812306597274533,0xEf3EFc734a3FE0bF20762992ec839939bA3Af050,0x152cB3894E3f2160De21708439e35EFfCB408143,0x03569CC076654F82679C4BA2124D64774781B01D,0x368181499736d0c0CC614DBB145E2EC1AC86b8c6,0x940181a94A35A4569E4529A3CDfB74e38FD98631,18,18,18,0,0,0.0,0.0,0,38543023113247,5813027503114437409189,5813.027503114437,1.6294287656295463e-22,0.9471914228970361,0,0.9471914228970361,6137.1200821635175,1773878400
vAMM-BOLD/POOL,0.0013926012512234852,0xAa10db59a60e511872a70aAAf1aff09fb173ba75,0xD51CEdaA7cD1Cd3cb8bc8F4C189698e9967240ff,0x03569CC076654F82679C4BA2124D64774781B01D,0xd652C5425aea2Afd5fb142e120FeCf79e18fafc3,0x940181a94A35A4569E4529A3CDfB74e38FD98631,18,18,18,0,0,0.0,0.0,0,54701778507770,8250077893491657683132,8250.077893491658,2.787474734148621e-22,2.299688368286607,0,2.299688368286607,3587.4764630124273,1773878400
vAMM-WETH/APU,0.0035646146537593897,0x24dFbc9e3eEDA5A4d5C8851eD4E656d306815498,0x29Ea6bdB07e55c53b32475E0836c01557803E099,0x4200000000000000000000000000000000000006,0xB9926b3fBc5873Db0182016D55727D5ae89E5EFd,0x940181a94A35A4569E4529A3CDfB74e38FD98631,18,18,18,0,0,0.0,0.0,0,140020480120269,21117565798508176506716,21117.565798508178,7.044752970882628e-22,14.876803439684988,0,14.876803439684988,1419.4961897644953,1773878400
vAMM-WETH/TLOS,0.11445311166307096,0xC3b22240657fa67b77D0f1b7A1C1012DB60D46fb,0x44B8B5521723D05E82e5DAfCE8b37a1082b6d3B2,0x4200000000000000000000000000000000000006,0x7252c865c05378Ffc15120F428dd65804dD0CE63,0x940181a94A35A4569E4529A3CDfB74e38FD98631,18,18,18,0,0,0.0,0.0,0,4501604497318117,678045553630843821008096,678045.5536308439,4.551954115649185e-22,308.64322484475497,0,308.64322484475497,2196.858699788065,1773878400
vAMM-wstETH/cbBTC,6.003882231830282e-11,0xc0734F84e402D69A445D93C60aD2C72258F159b6,0x2256edefD747c76973da71475311DdAec4265CB6,0xc1CBa3fCea344f92D9239c08C0568f6F2F0ee452,0xcbB7C0000aB88B473b1f5aFd9ef808440eed33Bf,0x940181a94A35A4569E4529A3CDfB74e38FD98631,18,18,8,2189721446420,31,2.18972144642e-06,3.1e-07,2189721446451,0,355683265632808,0.000355683265632808,0.0,0,0,0,nan,0
vAMM-AERO/QI,5.9381857281967196e-05,0x44D92817E3409556E15BA0F7bD3FD48b49c907d6,0xa64343E14AAD53467E9941B17549C5ACdf7891C6,0x940181a94A35A4569E4529A3CDfB74e38FD98631,0xD3FDCb837DAfdb7C9C3eBD48FE22a53F6Dd3d7D7,0x940181a94A35A4569E4529A3CDfB74e38FD98631,18,18,18,18997704830990601,848571953537152841,0.0189977048309906,0.8485719535371529,867569658368143442,0,351791259419035277648,351.7912594190353,0.0,0,0,0,nan,0
vAMM-CREATOR/WETH,0.001379662000963838,0x640A1f93fE0f9868b6C6d83794EC4BA988Db3B12,0xcf3E3389C09B6C368c815f2887839af099FEf4fC,0x0FD122a924c4528A78a8141bdDd38A0e5bA35FA5,0x4200000000000000000000000000000000000006,0x940181a94A35A4569E4529A3CDfB74e38FD98631,18,18,18,449485394946964627677455,650119414200849479,449485.39494696463,0.6501194142008495,449486045066378828526934,0,8173422912439697957766,8173.422912439698,0.0,0,0,0,nan,0
vAMM-EIGEN/KING,1.2706150249058436e-05,0x6F01b54c399b27AA0D9D84931b1e730eE55D1080,0xA0e41131422843F4519B8C31D176C9cf902a543C,0x2081Ab0D9EC9e4303234Ab26D86b20B3367946ee,0xE22C243c7559C667a1EB94B593369D192c5fbac0,0x940181a94A35A4569E4529A3CDfB74e38FD98631,18,18,18,0,0,0.0,0.0,0,499175529931,75274045021174460090,75.27404502117446,1.8589889826317415e-20,1.3993362037248902,0,1.3993362037248902,53.792680287126586,1773878400
vAMM-FLOCK/AERO,0.0022368641178887975,0xdAA601bc9E5B00337f11fB17CD574D3f01633Fe6,0x85b1A485194F0e3F9281dDf0ea212933Bc42dea7,0x5aB3D4c385B400F3aBB49e80DE2fAF6a88A7B691,0x940181a94A35A4569E4529A3CDfB74e38FD98631,0x940181a94A35A4569E4529A3CDfB74e38FD98631,18,18,18,0,0,0.0,0.0,0,87880651690539,13251677889507749349954,13251.67788950775,0.0,0,0,0,nan,0
vAMM-FLOCK/cbBTC,0.0027356952853151138,0xd162C4444d5eFEaD433F080696D1f4Dc2BCD58Fb,0xC5a4F78f5a2F5A72E6a2F9f833939CFc4Be4fF91,0x5aB3D4c385B400F3aBB49e80DE2fAF6a88A7B691,0xcbB7C0000aB88B473b1f5aFd9ef808440eed33Bf,0x940181a94A35A4569E4529A3CDfB74e38FD98631,18,18,8,0,0,0.0,0.0,0,107461031537861,16206864080352302285727,16206.864080352303,4.71264415544213e-21,76.37718328631728,0,76.37718328631728,212.19510046079048,1773878400
vAMM-VVV/DIEM,0.0015738680742184753,0xbB345D35450BF9Ee76F3D2cE214E8e7AC5e1071d,0x193446fb206192686CD790eA6Ab393e45b27364E,0xacfE6019Ed1A7Dc6f7B508C02d1b04ec88cC21bf,0xF4d97F2da56e8c3098f3a8D538DB630A2606a024,0x940181a94A35A4569E4529A3CDfB74e38FD98631,18,18,18,0,0,0.0,0.0,0,61825671858003,9323942654061545545138,9323.942654061546,3.4279177504622326e-23,0.31961708528149513,0,0.31961708528149513,29172.228530429486,1773878400
vAMM-LCAP/USDC,0.013952389009060817,0x48D1036b0308884c163cde60AD5fBf87112Ac52f,0xac2A6d7B160422e85614EA5F0bEeE562509e44A8,0x4dA9A0f397dB1397902070f93a4D6ddBC0E0E6e8,0x833589fCD6eDb6E08f4c7C32D4f71b54bdA02913,0x940181a94A35A4569E4529A3CDfB74e38FD98631,18,18,6,0,0,0.0,0.0,0,548117304439456,82657039137311533887031,82657.03913731153,9.538556900124472e-22,78.84288710070615,0,78.84288710070615,1048.3766155307524,1773878400
vAMM-SYND/WETH,0.3814940759200882,0xA6f77321B8726FaAB89B72f28C2603b667448BC2,0xb41228D378ae3fE96eF1B1f927856a1Ca73BF903,0x11dC28D01984079b7efE7763b533e6ed9E3722B9,0x4200000000000000000000000000000000000006,0x940181a94A35A4569E4529A3CDfB74e38FD98631,18,18,18,85325571219987320813,816137540243685,85.32557121998732,0.000816137540243685,85326387357527564498,14988022529480790,2260055302608125475082121,2260055.3026081254,6.821769267645851e-22,1541.7575806512152,0,1541.7575806512152,1465.8953722500992,1773878400
vAMM-kVCM/WETH,0.0012084660646780577,0x5e710Fe3C079182a6a2be9cA3c200317d6C34A5D,0x3d4a5eAC08225e29EbbAeDE8721B23F57541Eb10,0x00fBAC94Fec8D4089d3fe979F39454F48c71A65d,0x4200000000000000000000000000000000000006,0x940181a94A35A4569E4529A3CDfB74e38FD98631,18,18,18,573640016269192053,7670427786293,0.573640016269192,7.670427786293e-06,573647686696978346,47468424368309,7159220312689007623887,7159.220312689008,1.6507257175409206e-22,1.1817909087697096,0,1.1817909087697096,6057.941603343383,1773878400
vAMM-LCAP/eUSD,0.05153213013723874,0xe39E901F5C53fDA90eF90FeEF3ed1F0126b557a7,0xe3F63B420E0B046C8b27Ca54BBfE0AB64fd928C0,0x4dA9A0f397dB1397902070f93a4D6ddBC0E0E6e8,0xCfA3Ef56d303AE4fAabA0592388F19d7C3399FB4,0x940181a94A35A4569E4529A3CDfB74e38FD98631,18,18,18,0,0,0.0,0.0,0,2024237089421728,305287739240686090822174,305287.7392406861,1.227399488507018e-22,37.4710014991482,0,37.4710014991482,8147.30663784436,1773878400
vAMM-WETH/EDEL,0.19278370033629139,0x566beE7EF7b39f29d150AB3be6b6242C17CC5A31,0xde43127cb5381E4466A8046E1c2C2Dc2d30999D7,0x4200000000000000000000000000000000000006,0xFb31f85A8367210B2e4Ed2360D2dA9Dc2D2Ccc95,0x940181a94A35A4569E4529A3CDfB74e38FD98631,18,18,18,6369220200674852,699896385633363195315,0.006369220200674852,699.8963856333633,699902754853563870167,7579792082142481,1142093289786019982981935,1142093.2897860198,0.0,0,0,0,nan,0
vAMM-USDC/NOCK,1.0513397500954277e-05,0x85f1Aa3a70fEdd1C52705c15BAEd143e675CD626,0x4CbB6188C6101CAcd4eb1126Cc14882Bd93dc3DB,0x833589fCD6eDb6E08f4c7C32D4f71b54bdA02913,0x9B5E262cF9bb04869ab40b19AF91D2dc85761722,0x940181a94A35A4569E4529A3CDfB74e38FD98631,18,6,16,16933184447,10423927443497959436569,16933.184447,1042392.744349796,10423927443514892621016,0,62283692644904740652,62.28369264490474,0.0,0,0,0,nan,0
vAMM-FLOCK/DGLD,0.0013527735136327722,0x2b1CEd170A3cB7CFB1e21657B4BCc3Dd0594639a,0x89f0D55D0A78Ac4F50E9C3bFB61E103250AD566C,0x5aB3D4c385B400F3aBB49e80DE2fAF6a88A7B691,0xd02f50E1017F493ffFFa70c8fCf09e349e11d6c9,0x940181a94A35A4569E4529A3CDfB74e38FD98631,18,18,18,2754982414540349507586,4100697378078896,2754.9824145403495,0.004100697378078896,2754986515237727586482,0,8014129565026313547460,8014.129565026314,0.0,0,0,0,nan,0
vAMM-PHNM/USDC,0.03628485083353725,0xF687f5a1A37B03fAB632AB0f9E41A62b2b0EA4D8,0x19c38452e702d749978Ecc82AB66ADDF28A37AF1,0x3fDa9cc61B1FEf8b2fFd715F0A9EeF7182e48F37,0x833589fCD6eDb6E08f4c7C32D4f71b54bdA02913,0x940181a94A35A4569E4529A3CDfB74e38FD98631,18,18,6,0,0,0.0,0.0,0,1425326534734729,214959483532998588564550,214959.4835329986,1.2762679579351951e-21,274.3459010874643,0,274.3459010874643,783.534518580131,1773878400
vAMM-USDC/ZEN,0.0001586505552220907,0xD1291750B30ca46587aA533C68a470F13bE5cbC9,0x8D53866D2412d12c19Df63Da94a94418C48D0F26,0x833589fCD6eDb6E08f4c7C32D4f71b54bdA02913,0xf43eB8De897Fbc7F2502483B2Bef7Bb9EA179229,0x940181a94A35A4569E4529A3CDfB74e38FD98631,18,6,18,0,0,0.0,0.0,0,6232684619607,939880986950153521825,939.8809869501536,2.4097630049866474e-21,2.2648904314428178,0,2.2648904314428178,414.9785675730967,1773878400
CL-USDC/USDbC,0.013710333968177668,0x98c7A2338336d2d354663246F64676009c7bDa97,0x4a3E1294d7869567B387FC3d5e5Ccf14BE2Bbe0a,0x833589fCD6eDb6E08f4c7C32D4f71b54bdA02913,0xd9aAEc86B65D86f6A7B5B1b0c42FFA531710b6CA,0x940181a94A35A4569E4529A3CDfB74e38FD98631,18,6,6,51125,831556,0.051125,0.831556,882681,538563680324037,81223051525966336917730,81223.05152596634,8.549763730287749e-22,69.44378999999999,0,69.44378999999999,1169.622964500733,1773878400
CL-WETH/USDC,22.391586501432776,0xb2cc224c1c9feE385f8ad6a55b4d94E92359DC59,0xF33a96b5932D9E9B9A0eDA447AbD8C9d48d2e0c8,0x4200000000000000000000000000000000000006,0x833589fCD6eDb6E08f4c7C32D4f71b54bdA02913,0x940181a94A35A4569E4529A3CDfB74e38FD98631,18,18,6,458519146208056148,1172697099,0.45851914620805617,1172.697099,458519147380753247,880202442998776732,132652712061961829804045540,132652712.06196183,1.2191601707787144e-21,161724.903091721,0,161724.903091721,820.2367695142714,1773878400
CL-cbETH/WETH,0.2553958268771043,0x47cA96Ea59C13F72745928887f84C9F52C3D7348,0xF5550F8F0331B8CAA165046667f4E6628E9E3Aac,0x2Ae3F1Ec7F1F5012CFEab0185bfc7aa3cf0DEc22,0x4200000000000000000000000000000000000006,0x940181a94A35A4569E4529A3CDfB74e38FD98631,18,18,18,864796031294020,1299224220026741,0.00086479603129402,0.001299224220026741,2164020251320761,10040999692366194,1513021378917806825626189,1513021.3789178068,8.2367787053877365e-22,1246.242227466658,0,1246.242227466658,1214.0668527926978,1773878400
CL-WETH/wstETH,0.3592462316085729,0x861A2922bE165a5Bd41b1E482B49216b465e1B5F,0x2A1f7bf46bd975b5004b61c6040597E1B6117040,0x4200000000000000000000000000000000000006,0xc1CBa3fCea344f92D9239c08C0568f6F2F0ee452,0x940181a94A35A4569E4529A3CDfB74e38FD98631,18,18,18,1949343351545751,2431476394144476,0.001949343351545751,0.002431476394144476,4380819745690227,14460788511495091,2128254151078913652983712,2128254.151078914,4.1610796681595813e-22,885.5835076730698,0,885.5835076730698,2403.2224320335918,1773878400
CL-WETH/DEGEN,0.01463630585923357,0xaFB62448929664Bfccb0aAe22f232520e765bA88,0x319e23D38d8ee58783Ff5331507b808709bd00b0,0x4200000000000000000000000000000000000006,0x4ed4E862860beD51a9570b96d89aF5E1B0Efefed,0x940181a94A35A4569E4529A3CDfB74e38FD98631,18,18,18,289439576704431,1114696488999165959163,0.000289439576704431,1114.696488999166,1114696778438742663594,574962045425563,86708713858729107815128,86708.71385872911,3.2687371655251335e-21,283.42799556491207,0,283.42799556491207,305.92854345918226,1773878400
CL-ezETH/WETH,0.0009576958677528261,0xDC7EAd706795eDa3FEDa08Ad519d9452BAdF2C0d,0xC6B4fe83Fb284bDdE1f1d19F0B5beB31011B280A,0x2416092f143378750bb29b79eD961ab195CcEea5,0x4200000000000000000000000000000000000006,0x940181a94A35A4569E4529A3CDfB74e38FD98631,18,18,18,34701456004412876,81210773926787480,0.03470145600441288,0.08121077392678748,115912229931200356,0,5673602188921152006126,5673.6021889211515,0.0,0,0,0,nan,1773878400
CL-WETH/BRETT,0.5519983936738724,0x4e829F8A5213c42535AB84AA40BD4aDCCE9cBa02,0xFd73Ab1100a60Ba64686ef9dcdE36d0209773f6a,0x4200000000000000000000000000000000000006,0x532f27101965dd16442E59d40670FaF5eBB142E4,0x940181a94A35A4569E4529A3CDfB74e38FD98631,18,18,18,3773549584564460,1866322332724552926050,0.00377354958456446,1866.322332724553,1866326106274137490510,21693089231706601,3270160601170454924698853,3270160.6011704546,2.9677721593637354e-21,9705.091588801852,0,9705.091588801852,336.9530901638997,1773878400
CL-AERO/wstETH,0.04497541879211759,0x565aecF84b5d30a6E79a5CEf3f0dA0Fc4280dEBC,0x45F8b8eC9c92D09BA8495074436fD97073423041,0x940181a94A35A4569E4529A3CDfB74e38FD98631,0xc1CBa3fCea344f92D9239c08C0568f6F2F0ee452,0x940181a94A35A4569E4529A3CDfB74e38FD98631,18,18,18,1,1,1e-18,1e-18,2,1766786036262756,266444330709446032890712,266444.33070944605,1.7527760107760597e-21,467.01723107479995,0,467.01723107479995,570.523554551183,1773878400
CL-WETH/TOSHI,0.1872524067744169,0x74E4c08Bb50619b70550733D32b7e60424E9628e,0x527B83782B2eF0C5506e79333ca709D81644952f,0x4200000000000000000000000000000000000006,0xAC1Bd2486aAf3B5C0fc3Fd868558b082a531B2B4,0x940181a94A35A4569E4529A3CDfB74e38FD98631,18,18,18,50347380823623,31013647519128269065675,5.0347380823623e-05,31013.64751912827,31013647569475649889298,7367495010308336,1109324683053014684624228,1109324.6830530148,2.860957141838122e-21,3173.7303745978334,0,3173.7303745978334,349.5333730716131,1773878400
CL-weETH/WETH,0.07754001151698339,0xbD3cd0D9d429b41F0a2e1C026552Bd598294d5E0,0xfCfEE5f453728BaA5ffDA151f25A0e53B8C5A01C,0x04C0599Ae5A44757c0af6F9eC3b93da8976c150A,0x4200000000000000000000000000000000000006,0x940181a94A35A4569E4529A3CDfB74e38FD98631,18,18,18,24682917311686,234379112323987,2.4682917311686e-05,0.000234379112323987,259062029635673,3046055910720597,459364182184475264377588,459364.1821844753,4.468728036010036e-22,205.27735996665865,0,205.27735996665865,2237.773236459616,1773878400
CL-USDC/axlUSDC,0.02259161343795565,0x43B97febdaDaD12Afde21bAa96eb762bc26D13f3,0x956d84430523fd383E790956eEaAB5b448620cdc,0x833589fCD6eDb6E08f4c7C32D4f71b54bdA02913,0xEB466342C4d449BC9f53A865D5Cb90586f405215,0x940181a94A35A4569E4529A3CDfB74e38FD98631,18,6,6,2434904,4367549,2.434904,4.367549,6802453,887481395722094,133837715885317862799993,133837.71588531786,9.837020160827896e-22,131.65643094430277,0,131.65643094430277,1016.5680090624504,1773878400
CL-WETH/NORMILIO,1.2163876559897125e-05,0x2b5fD674f93E329d54371DBa980a67F3ff3BC119,0xdF628e37E89486FbeF037FBf73EBC90D1367d786,0x4200000000000000000000000000000000000006,0xcDE90558fc317C69580DeeAF3eFC509428Df9080,0x940181a94A35A4569E4529A3CDfB74e38FD98631,18,18,18,9060568056509008,26944435153588212599981,0.009060568056509007,26944.435153588212,26944444214156269108989,0,72061495720905346009,72.06149572090534,0.0,0,0,0,nan,0
CL-WETH/USD+,0.04804287951364865,0x4D69971CCd4A636c403a3C1B00c85e99bB9B5606,0xcC2714BF50F3c7174a868bec8f4D4d284A0b07cc,0x4200000000000000000000000000000000000006,0xB79DD08EA68A908A97220C76d19A6aA9cBDE4376,0x940181a94A35A4569E4529A3CDfB74e38FD98631,18,18,6,1068617571884732,2540529,0.001068617571884732,2.540529,1068617574425261,1872757820124461,284616646629472489238767,284616.6466294725,1.1323285851329828e-21,322.2795647832447,0,322.2795647832447,883.1358786924541,1773878400
CL-USDC/USD+,0.012591607596112393,0x0c1A09d5D0445047DA3Ab4994262b22404288A3B,0xeA22A3AAdA580bD75Fb6caC35034e09046cbFf72,0x833589fCD6eDb6E08f4c7C32D4f71b54bdA02913,0xB79DD08EA68A908A97220C76d19A6aA9cBDE4376,0x940181a94A35A4569E4529A3CDfB74e38FD98631,18,6,6,119138,135071,0.119138,0.135071,254209,494644506664946,74595469005174340199920,74595.46900517434,1.2904449129917275e-22,9.62613435099593,0,9.62613435099593,7749.265310997515,1773878400
CL-WETH/PRIME,0.017762339153228168,0x87Cd18069B6547a0E88b6155DD657E71779500eA,0xf9f8138150F67a469Fa5437e75ad16EAAab8C09e,0x4200000000000000000000000000000000000006,0xfA980cEd6895AC314E7dE34Ef1bFAE90a5AdD21b,0x940181a94A35A4569E4529A3CDfB74e38FD98631,18,18,18,757713392381135,6663417869952764153,0.000757713392381135,6.663417869952764,6664175583345145288,701355404811428,105228026655874480104021,105228.02665587448,1.2315149436055764e-21,129.58988731283534,0,129.58988731283534,812.0080111023607,1773878400
CL-wBLT/USDC,0.05241886535238701,0x7cE345561E1690445eEfA0dB04F59d64b65598A8,0xf00d67799Cd4E1A77D14671149b599A96DcD38eC,0x4E74D4Db6c0726ccded4656d0BCE448876BB4C7A,0x833589fCD6eDb6E08f4c7C32D4f71b54bdA02913,0x940181a94A35A4569E4529A3CDfB74e38FD98631,18,18,6,934217740814272067,1,0.9342177408142721,1e-06,934217740814272068,2133818655680866,310540954825152994835330,310540.954825153,1.577457028546621e-21,489.8650118405163,0,489.8650118405163,633.9316899943342,1773878400
CL-WETH/doginme,0.1237752952727052,0x088c39ee29fC30DF8Adc394e9f7dEa33E3A26507,0x42d80fdf14f13CA7019FD5A77fd53F1C1f4099a6,0x4200000000000000000000000000000000000006,0x6921B130D297cc43754afba22e5EAc0FBf8Db75b,0x940181a94A35A4569E4529A3CDfB74e38FD98631,18,18,18,252378228433915,3222629913233719232328,0.000252378228433915,3222.6299132337194,3222630165611947666243,4942052912057328,733272231654682165685155,733272.2316546821,7.272551964482005e-22,533.2760408820362,0,533.2760408820362,1375.0331450140775,1773878400
CL-HIGHER/WETH,0.0003895559906773438,0xd9932A538e4c7621D9Ab1b45DE31a5D60E672B1c,0x63806fa58774B013458aA4C9a7FDD8a72db5Fe70,0x0578d8A44db98B23BF096A382e016e29a5Ce0ffe,0x4200000000000000000000000000000000000006,0x940181a94A35A4569E4529A3CDfB74e38FD98631,18,18,18,436486263781547846745,105187194612539,436.48626378154785,0.000105187194612539,436486368968742459284,0,2307815869144751976577,2307.815869144752,0.0,0,0,0,nan,0
CL-WETH/KEYCAT,0.01445422382287329,0xB211a9DDff3a10806c8fdb92Dbc4c34596A23F84,0xA9edd05F8d82f4050d4649FEf30bEC9378f499e7,0x4200000000000000000000000000000000000006,0x9a26F5433671751C3276a065f57e5a02D2817973,0x940181a94A35A4569E4529A3CDfB74e38FD98631,18,18,18,138320004604019,389674158209726699699,0.000138320004604019,389.6741582097267,389674296529731303718,567820534254787,85630019593835892787044,85630.01959383588,1.3944051403470213e-21,119.40293948966092,0,119.40293948966092,717.1516878883084,1773878400
CL-WETH/ROOST,1.1523973802666074e-05,0xAA500dbEDa452Cc2807185DA993b6E3779333Aca,0x4A7212433200428571B069AeC82620573eE2cbc0,0x4200000000000000000000000000000000000006,0xE1aBD004250AC8D1F199421d647e01d094FAa180,0x0000000000000000000000000000000000000000,18,18,18,0,0,0.0,0.0,0,0,68270570223187968200,68.27057022318797,0.0,0,0,0,nan,0
CL-tBTC/cbETH,1.6764489636090914e-08,0xEeB9b3B819C93Db45B731730af290ab6aF82f0D2,0xFC9C7A01517F958736c468229D59cFe34F80C83f,0x236aa50979D5f3De3Bd1Eeb40E81137F22ab794b,0x2Ae3F1Ec7F1F5012CFEab0185bfc7aa3cf0DEc22,0x0000000000000000000000000000000000000000,18,18,18,0,0,0.0,0.0,0,0,99316545364921468,0.09931654536492147,0.0,0,0,0,nan,0
CL-WETH/AERO,3.741307452728711,0x82321f3BEB69f503380D6B233857d5C43562e2D0,0xdE8FF0D3e8ab225110B088a250b546015C567E27,0x4200000000000000000000000000000000000006,0x940181a94A35A4569E4529A3CDfB74e38FD98631,0x940181a94A35A4569E4529A3CDfB74e38FD98631,18,18,18,31255469621673879,239504822195076843869,0.03125546962167388,239.50482219507685,239536077664698517748,146975328088435429,22164333028851574149259032,22164333.028851576,1.1465281692598615e-21,25412.03217043508,0,25412.03217043508,872.1983696619923,1773878400
CL-Mog/WETH,0.005249843002751313,0xC29dc26B28FFF463e32834Ce6325B5c74fAC7098,0x44e6F4D58A81531338d11aE6374F199A35c787Be,0x2Da56AcB9Ea78330f947bD57C54119Debda7AF71,0x4200000000000000000000000000000000000006,0x940181a94A35A4569E4529A3CDfB74e38FD98631,18,18,18,111052961489205220961925953,8743470557273231,111052961.48920523,0.00874347055727323,111052961497948691519199184,0,31101231356246860172347,31101.23135624686,0.0,0,0,0,nan,0
CL-WETH/DOG,0.001583896489790297,0xa4eb9849F46e1E9Db3700BCDadB62096a7bc4aAB,0x3E848AF39c45Cf45c97A622440411C4141dF3e82,0x4200000000000000000000000000000000000006,0xAfb89a09D82FBDE58f18Ac6437B3fC81724e4dF6,0x940181a94A35A4569E4529A3CDfB74e38FD98631,18,18,18,67643374293225,1,6.7643374293225e-05,1e-18,67643374293226,62222495361945,9383353206467085303379,9383.353206467085,2.906873339720685e-22,2.7276219273061777,0,2.7276219273061777,3440.1223690609363,1773878400
CL-PSTAKE/USDC,0.000161670299775162,0x178904D6F5f49074fC3fDb918F0170E0DBB1677e,0xBb9FA2e124dD7fA35621aDe57d42C2d40cB9Ab7A,0x38815A4455921667d673B4cb3d48F0383eE93400,0x833589fCD6eDb6E08f4c7C32D4f71b54bdA02913,0x940181a94A35A4569E4529A3CDfB74e38FD98631,18,18,6,649201992599900057100,21880305,649.2019925999001,21.880305,649201992599921937405,0,957770621732111206974,957.7706217321113,0.0,0,0,0,nan,0
CL-WETH/SPEC,0.000413820172973838,0xfD7aBC461df4e496A25898CaB0c6EA88cDd94Cf9,0x79eFe300783f448283E54ce7caD08118A52849f6,0x4200000000000000000000000000000000000006,0x96419929d7949D6A801A6909c145C8EEf6A40431,0x940181a94A35A4569E4529A3CDfB74e38FD98631,18,18,18,3645931052480777,62358341976335667983,0.003645931052480777,62.358341976335666,62361987907388148760,0,2451562252965739108077,2451.5622529657394,0.0,0,0,0,nan,0
CL-WETH/SKI,0.0067164699385237345,0xe782B72A1157b7bEa1A9452835Cce214962aD43B,0x1Dd8e44b202fe7D3E85ce7788311374E2E9df950,0x4200000000000000000000000000000000000006,0x768BE13e1680b5ebE0024C42c896E3dB59ec0149,0x940181a94A35A4569E4529A3CDfB74e38FD98631,18,18,9,263108299533713,7254320947,0.000263108299533713,7.254320947,263115553854660,263856288106755,39789853781499646963745,39789.85378149965,0.0,0,0,0,nan,0
CL-WETH/BENJI,0.0030641408202793804,0xeBeC4772aBA30d82bC64BBB99187B4Ca29928e2E,0x6c44652cbF0fc9c31149682Eba60aA0D601B6787,0x4200000000000000000000000000000000000006,0xBC45647eA894030a4E9801Ec03479739FA2485F0,0x940181a94A35A4569E4529A3CDfB74e38FD98631,18,18,18,1,26968294244225588914,1e-18,26.96829424422559,26968294244225588915,120374665631722,18152648090559172138637,18152.64809055917,0.0,0,0,0,nan,0
CL-DOLA/USD+,1.6812770176306548e-10,0x96331Fcb46A7757854d9E26AFf3aCA2815D623fD,0xCB4B8aeD321e22B0B87D9e41538408404433Ac70,0x4621b7A9c75199271F773Ebd9A499dbd165c3191,0xB79DD08EA68A908A97220C76d19A6aA9cBDE4376,0x940181a94A35A4569E4529A3CDfB74e38FD98631,18,18,6,4792072752626620001,9241801,4.79207275262662,9.241801,4792072752635861802,0,996025699661265,0.000996025699661265,0.0,0,0,0,nan,0
CL-USD+/USDbC,0.00011742088548842118,0x20086910E220D5f4c9695B784d304A72a0de403B,0x7E62007c19C9b9D581354B29c57c61C41b50851a,0xB79DD08EA68A908A97220C76d19A6aA9cBDE4376,0xd9aAEc86B65D86f6A7B5B1b0c42FFA531710b6CA,0x940181a94A35A4569E4529A3CDfB74e38FD98631,18,6,6,12357,12552,0.012357,0.012552,24909,4612875405498,695627302324444464183,695.6273023244445,0.0,0,0,0,nan,0
CL-WETH/weirdo,3.6067621412692434e-07,0x12CCDd646241412F2a5D44a6994Aa29086dEDC61,0xbe806f6D980FE4Ba0Af5D040A045429744C23cb8,0x4200000000000000000000000000000000000006,0x76734B57dFe834F102fB61E1eBF844Adf8DD931e,0x940181a94A35A4569E4529A3CDfB74e38FD98631,18,18,8,25679847505954015,365489924593650,0.025679847505954013,3654899.2459365,26045337430547665,0,2136725683868623334,2.1367256838686233,0.0,0,0,0,nan,0
CL-USDz/USD+,6.473078474144405e-05,0x4Ef1E503C4F1e5664ac98294d0e42ddC9c0FF961,0x958ee1605Aed682Dae998aE47AF7122C641a292C,0x04D5ddf5f3a8939889F11E97f8c4BB48317F1938,0xB79DD08EA68A908A97220C76d19A6aA9cBDE4376,0x940181a94A35A4569E4529A3CDfB74e38FD98631,18,18,6,5277827043174197528,5283718,5.277827043174198,5.283718,5277827043179481246,0,383479489017098906187,383.47948901709896,0.0,0,0,0,nan,0
CL-USDz/USDC,0.0028980737989416287,0xdE5Ff829fEF54d1BdEc957D9538A306f0EAD1368,0xE2F3C8c699A1bf30A12118B287B5208e7C6ddFEF,0x04D5ddf5f3a8939889F11E97f8c4BB48317F1938,0x833589fCD6eDb6E08f4c7C32D4f71b54bdA02913,0x940181a94A35A4569E4529A3CDfB74e38FD98631,18,18,6,65838986511927811,66776,0.06583898651192781,0.066776,65838986511994587,113855623906968,17168830317615976265555,17168.830317615975,5.733880450510825e-22,9.844402051631581,0,9.844402051631581,1744.0196192282156,1773878400
CL-WETH/RSC,0.12207762645335936,0x6cCa90E732942D73c276F73b805cA2948f6B3018,0xe3d65bd2dF47B6B39d9f58ee7368259412326A19,0x4200000000000000000000000000000000000006,0xFbB75A59193A3525a8825BeBe7D4b56899E2f7e1,0x940181a94A35A4569E4529A3CDfB74e38FD98631,18,18,18,1,95069077164325861187,1e-18,95.06907716432586,95069077164325861188,4945217450668586,723214865998396752368558,723214.8659983968,3.0811645522827064e-21,2228.3440087981476,0,2228.3440087981476,324.5526108818634,1773878400
CL-hyUSD/eUSD,1.7915633695682448e-07,0x919e084BdC0B4b58513C6d9f2b0a3F40dABC9D6d,0x76de16EDd3e7C15ac6cE2CaD5d9bF082A6f36e94,0xCc7FF230365bD730eE4B352cC2492CEdAC49383e,0xCfA3Ef56d303AE4fAabA0592388F19d7C3399FB4,0x940181a94A35A4569E4529A3CDfB74e38FD98631,18,18,18,299989694998007,475347870263836,0.000299989694998007,0.000475347870263836,775337565261843,0,1061361774382925152,1.0613617743829251,0.0,0,0,0,nan,0
CL-USDC/eUSD,0.15731370602304462,0x988702fe529a3461ec7Fd09Eea3f962856709FD9,0xE62Adb491707513EA98B957d9Adb73D8D23e191C,0x833589fCD6eDb6E08f4c7C32D4f71b54bdA02913,0xCfA3Ef56d303AE4fAabA0592388F19d7C3399FB4,0x940181a94A35A4569E4529A3CDfB74e38FD98631,18,6,18,162126,105463837678438563,0.162126,0.10546383767843856,105463837678600689,6180329208632376,931961196547629945834298,931961.19654763,1.2267429059194598e-22,114.32767864570165,0,114.32767864570165,8151.667274166847,1773878400
CL-USDC/XPRT,9.797539713817334e-09,0x75118B598433430DA15FB1340e486461f2A7c07F,0x2cA011C7eAb0C8586E0eFe3bc0D474547f3080fA,0x833589fCD6eDb6E08f4c7C32D4f71b54bdA02913,0xc7Edf7B7b3667a06992508e7B156eff794a9e1c8,0x940181a94A35A4569E4529A3CDfB74e38FD98631,18,6,6,24745588,139934646,24.745588,139.934646,164680234,0,58042792746707986,0.05804279274670798,0.0,0,0,0,nan,0
CL-tBTC/T,0.06701184212776998,0xC35D9e6fC72e8EC2935fae56f07afaD2Ce4DCb1b,0xa8deC3aF01E62f7F0011214B520414FCbbA0cFdf,0x236aa50979D5f3De3Bd1Eeb40E81137F22ab794b,0x26f3901aC8a79c50fb0d8289C74f0d09AdC42E29,0x940181a94A35A4569E4529A3CDfB74e38FD98631,18,18,18,24320500307,1,2.4320500307e-08,1e-18,24320500308,2632697209356645,396992977605580244174747,396992.97760558024,9.116427392179662e-23,36.19157655546479,0,36.19157655546479,10969.209285403063,1773878400
CL-USD+/wstETH,7.537842758088977e-06,0xa01A2513E95263b9BaCe60B573ce874E1e7a5246,0xa53bA46F4F0280b42575A3BaadAC54a61DB578d0,0xB79DD08EA68A908A97220C76d19A6aA9cBDE4376,0xc1CBa3fCea344f92D9239c08C0568f6F2F0ee452,0x940181a94A35A4569E4529A3CDfB74e38FD98631,18,6,18,42916965,17722713460455095,42.916965,0.017722713460455095,17722713503372060,0,44655848074594425342,44.655848074594424,0.0,0,0,0,nan,0
CL-DEGEN/USD+,0.002882797244898971,0xa19acc3B4f11c46c2b1Fc36B5f592AF422Ee338c,0xFDb47B2dFcC65899E21aD86197fcEE79c38dFAB5,0x4ed4E862860beD51a9570b96d89aF5E1B0Efefed,0xB79DD08EA68A908A97220C76d19A6aA9cBDE4376,0x940181a94A35A4569E4529A3CDfB74e38FD98631,18,18,6,1,1,1e-18,1e-06,2,113256583027754,17078328631878346537021,17078.328631878347,4.417772230794485e-22,7.544816597829453,0,7.544816597829453,2263.5843311011117,1773878400
CL-PRE/AERO,1.6087022330321017e-05,0xc286ecD3910c62dF30fBBFD2C95A3043076d3912,0x35984A6297D9C88A48C20fC99D408555f882dCbF,0x3816dD4bd44c8830c2FA020A5605bAC72FA3De7A,0x940181a94A35A4569E4529A3CDfB74e38FD98631,0x940181a94A35A4569E4529A3CDfB74e38FD98631,18,18,18,10491173201728813746326,58361204350335509013,10491.173201728814,58.36120435033551,10549534406079149255339,0,95303079171360909523,95.30307917136092,0.0,0,0,0,nan,0
CL-WETH/CHOMP,0.0007903797072776248,0x0a7021C9843c2fB3b98c02Ed7f93354774286109,0x243Bc7b24dC4f2552EA9336391E79967d3387652,0x4200000000000000000000000000000000000006,0xebfF2db643Cf955247339c8c6bCD8406308ca437,0x940181a94A35A4569E4529A3CDfB74e38FD98631,18,18,18,37174801717081457,1513911289960601192353,0.03717480171708146,1513.9112899606012,1513948464762318273810,0,4682384239384183133845,4682.384239384183,0.0,0,0,0,nan,0
CL-WETH/SKR,3.7509654142127504e-10,0x4b1f694A027103F10B625b6D8928181d86D450AF,0x22766847029648Ca9639dF9a41d9384c1708C32A,0x4200000000000000000000000000000000000006,0xe2dCA969624795985F2f083BcD0b674337ba130a,0x940181a94A35A4569E4529A3CDfB74e38FD98631,18,18,18,6026251664767845,6040898966126301698991,0.006026251664767845,6040.898966126301,6040904992377966466836,0,2222154892928658,0.002222154892928658,0.0,0,0,0,nan,0
CL-RFL/USDC,0.01276509068578937,0x51c230951b82Dbf7b8696B6fCd2be199cC10779f,0x3d27729DC4683bA7ba97562CDBb3Bb1Ce16540da,0x6e2c81b6c2C0e02360F00a0dA694e489acB0b05e,0x833589fCD6eDb6E08f4c7C32D4f71b54bdA02913,0x940181a94A35A4569E4529A3CDfB74e38FD98631,18,18,6,1,5218318,1e-18,5.218318,5218319,453399188567981,75623221207594959490680,75623.22120759495,1.3722069654429393e-21,103.770710890294,0,103.770710890294,728.7530417667036,1773878400
CL-WETH/ZRO,2.21319653622749,0xA4463789e8F3c6A599B3dFB608DDe55513Bcf289,0x46e078FeDCD91a813306D5637d7ec5C7Dc201EC3,0x4200000000000000000000000000000000000006,0x6985884C4392D348587B19cb9eAAf157F13271cd,0x940181a94A35A4569E4529A3CDfB74e38FD98631,18,18,18,32132554068679443,44041050985304947229,0.032132554068679445,44.04105098530495,44073183539373626672,86957156524495737,13111465899833881961141020,13111465.89983388,1.155105826403648e-21,15145.130653590866,0,15145.130653590866,865.7215444176568,1773878400
CL-wXCH/USDC,0.0004520154767365236,0x113138dC05b05AfbE25E8C31ca9DE9b445CAcA48,0xcbbc1c52E14A6163f32aB83Ba7aF70B3CeD3612d,0x36be1d329444aeF5D28df3662Ec5B4F965Cd93E9,0x833589fCD6eDb6E08f4c7C32D4f71b54bdA02913,0x940181a94A35A4569E4529A3CDfB74e38FD98631,18,18,6,11243189435287393,16050,0.011243189435287394,0.01605,11243189435303443,17758352052481,2677839682295121340216,2677.8396822951213,3.850551647349746e-22,1.031116,0,1.031116,2597.0304818227255,1773878400
CL-WETH/RDNT,0.0058311442122482085,0x2092f4acbb18BB1649595DF59B9Cb601bBA1EBB7,0x8D88C541f22de965536bD1849013caEE6ce90e11,0x4200000000000000000000000000000000000006,0xd722E55C1d9D9fA0021A5215Cbb904b92B3dC5d4,0x940181a94A35A4569E4529A3CDfB74e38FD98631,18,18,18,10861805992648,5585948215721185886,1.0861805992648e-05,5.585948215721186,5585959077527178534,229044480461926,34544988320932135771823,34544.988320932134,0.0,0,0,0,nan,0
CL-WETH/PRIME,4.218294871943859e-06,0x8216144205B2Ac3523BAc7a8dC46d3c970e84876,0x7396905bE2C4c89C7c0445C7F72681515391730a,0x4200000000000000000000000000000000000006,0xfA980cEd6895AC314E7dE34Ef1bFAE90a5AdD21b,0x940181a94A35A4569E4529A3CDfB74e38FD98631,18,18,18,12361981496206675,8141122953313935157,0.012361981496206676,8.141122953313936,8153484934810141832,0,24990112022862409873,24.99011202286241,0.0,0,0,0,nan,0
CL-WETH/BOOMER,0.00011922351536274279,0xa7423f6BEc29a511d365B0c934e8000720128aE3,0x25206a301486De7fE19eAB25ACE698Aa7DB03Db6,0x4200000000000000000000000000000000000006,0xcdE172dc5ffC46D228838446c57C1227e0B82049,0x0000000000000000000000000000000000000000,18,18,18,0,0,0.0,0.0,0,0,706306480490644298734,706.3064804906443,0.0,0,0,0,nan,0
CL-WETH/APX,6.807026441481822e-08,0x0C9A0e17eAB266DCF8dcFB4bc12792a9712FEd1E,0x1d94aE3D754D68A42CcC095A9305f3A2A2F3d9e8,0x4200000000000000000000000000000000000006,0xcacf1ca03983CE6c7E235fb20C70aCC70ed13509,0x940181a94A35A4569E4529A3CDfB74e38FD98631,18,18,18,368647765840368,27064954564843799786163,0.000368647765840368,27064.9545648438,27064954933491565626531,0,403263305385828815,0.4032633053858288,0.0,0,0,0,nan,0
CL-USDz/WETH,0.006957438169276823,0xcf88B8bf7CCCe2D836878E538197eB20fC673BCE,0x549690894f61bf0D3a5799D03fDED6e775A424aA,0x04D5ddf5f3a8939889F11E97f8c4BB48317F1938,0x4200000000000000000000000000000000000006,0x940181a94A35A4569E4529A3CDfB74e38FD98631,18,18,18,85776189185384804,38054867620520,0.08577618918538481,3.805486762052e-05,85814244053005324,273284753870558,41217402889202427462235,41217.40288920243,0.0,0,0,0,nan,0
CL-WETH/superOETHb,0.014763521956181065,0x6446021F4E396dA3df4235C62537431372195D38,0xdD234DBe2efF53BED9E8fC0e427ebcd74ed4F429,0x4200000000000000000000000000000000000006,0xDBFeFD2e8460a6Ee4955A68582F85708BAEA60A3,0x940181a94A35A4569E4529A3CDfB74e38FD98631,18,18,18,779637564307,65456474341192,7.79637564307e-07,6.5456474341192e-05,66236111905499,580020896388346,87462370160704071090521,87462.37016070407,5.404156250354773e-22,47.266031437481175,0,47.266031437481175,1850.4276221368539,1773878400
CL-USDC/USDC+,8.948240677809914e-07,0x8dd9751961621Fcfc394d90969E5ae0c5BAbE147,0xd030DF11Fa453A222782F6458cC71954A48EA104,0x833589fCD6eDb6E08f4c7C32D4f71b54bdA02913,0x85483696Cc9970Ad9EdD786b2C5ef735F38D156f,0x940181a94A35A4569E4529A3CDfB74e38FD98631,18,6,6,18730775,17189218,18.730775,17.189218,35919993,0,5301135736937172554,5.301135736937173,0.0,0,0,0,nan,0
CL-WETH/uSOL,0.32890793097554144,0x0225Ba893D5f8Ecd6d2022f9dEC59b34F61098A1,0xcB1137E326B8c48A5B8B29a5Ccc19B6e8b9782D2,0x4200000000000000000000000000000000000006,0x9B8Df6E244526ab5F6e6400d331DB28C8fdDdb55,0x940181a94A35A4569E4529A3CDfB74e38FD98631,18,18,18,4055532715974317,111486111331694939,0.004055532715974317,0.11148611133169493,115541644047669256,12936361200669760,1948523346472225888897846,1948523.3464722259,1.4379956754372179e-21,2801.9681457155166,0,2801.9681457155166,695.4123834176019,1773878400
CL-WIF/WETH,1.5187611891609844e-05,0x3caCB8007d50f3E4166D7c5FD303c1a6ed337531,0x1C664940858DCEa1e5a3B87951f1f74911102CB5,0x1fba65dE0a9cBD2D1DF82d141897042d36Bb6c86,0x4200000000000000000000000000000000000006,0x940181a94A35A4569E4529A3CDfB74e38FD98631,18,18,18,89472450053507601177,27826065182430087,89.4724500535076,0.027826065182430085,89500276118690031264,0,89974772758403437504,89.97477275840343,0.0,0,0,0,nan,0
CL-WETH/POKT,0.013203215780476198,0x32bb4aD5Fed77f7Abf97d1435f8D6aaae59aA64e,0x470Cb18F662BB91b972C81Fdb385412D5509442a,0x4200000000000000000000000000000000000006,0x764A726d9ceD0433A8D7643335919dEb03a9a935,0x940181a94A35A4569E4529A3CDfB74e38FD98631,18,18,6,120784093429708,18713749,0.000120784093429708,18.713749,120784112143457,518720470286855,78218771193697675161976,78218.77119369768,8.222062719551142e-22,64.31196426008025,0,64.31196426008025,1216.2398100200724,1773878400
CL-EURC/USD+,0.0024141646430888997,0xA51C7A5a121aD3d73E2E9888Bb016e07bdd5BA94,0xf3295461eB9F0acEC52F2Efb9E9788eD86F57f47,0x60a3E35Cc302bFA44Cb288Bc5a4F316Fdb1adb42,0xB79DD08EA68A908A97220C76d19A6aA9cBDE4376,0x940181a94A35A4569E4529A3CDfB74e38FD98631,18,6,6,81576,448350,0.081576,0.44835,529926,94846334395650,14302045424487855781979,14302.045424487857,5.500354094629005e-22,7.866631411215181,0,7.866631411215181,1818.0647696417975,1773878400
CL-USDC/sUSX,0.019456275081249093,0xF1a662b3ff0aa7002Bb0F0677067709fd31da422,0x01994190cffB892a899694dBD6803F89FBAa4997,0x833589fCD6eDb6E08f4c7C32D4f71b54bdA02913,0xbC404429558292eE2D769E57d57D6E74bbd2792d,0x940181a94A35A4569E4529A3CDfB74e38FD98631,18,6,18,3158099,1199629340630205647,3.158099,1.1996293406302057,1199629340633363746,0,115263277838134101337064,115263.2778381341,0.0,0,0,0,nan,0
CL-wstETH/wrsETH,0.0026684463201962507,0x14dcCDd311Ab827c42CCA448ba87B1ac1039e2A4,0x4197186D3D65f694018Ae4B80355225Ce1dD64AD,0xc1CBa3fCea344f92D9239c08C0568f6F2F0ee452,0xEDfa23602D0EC14714057867A78d01e94176BEA0,0x940181a94A35A4569E4529A3CDfB74e38FD98631,18,18,18,2967726715446,3418135182495,2.967726715446e-06,3.418135182495e-06,6385861897941,104836409035610,15808466333689435267016,15808.466333689435,0.0,0,0,0,nan,0
CL-uDOGE/WETH,0.0008269163576766492,0xBE700f5c75dFCbEf3Cae37873aEEB1724daED3f6,0x18835e2b9f96fb3356F6Cc91405e3368D8bF6B1e,0x12E96C2BFEA6E835CF8Dd38a5834fa61Cf723736,0x4200000000000000000000000000000000000006,0x940181a94A35A4569E4529A3CDfB74e38FD98631,18,18,18,160583681823288927723,7157905669135632,160.58368182328894,0.007157905669135632,160590839728958063355,0,4898835439248034321272,4898.835439248035,0.0,0,0,0,nan,0
CL-WETH/cbBTC,7.830192538213364,0x70aCDF2Ad0bf2402C957154f944c19Ef4e1cbAE1,0x41b2126661C673C2beDd208cC72E85DC51a5320a,0x4200000000000000000000000000000000000006,0xcbB7C0000aB88B473b1f5aFd9ef808440eed33Bf,0x940181a94A35A4569E4529A3CDfB74e38FD98631,18,18,8,111703338851574753,402895,0.11170333885157475,0.00402895,111703338851977648,307153627765166731,46387792847767891350372546,46387792.84776789,0.0,0,0,0,nan,0
CL-USDC/cbBTC,9.311345061597864,0x4e962BB3889Bf030368F56810A9c96B83CB3E778,0x6399ed6725cC163D019aA64FF55b22149D7179A8,0x833589fCD6eDb6E08f4c7C32D4f71b54bdA02913,0xcbB7C0000aB88B473b1f5aFd9ef808440eed33Bf,0x940181a94A35A4569E4529A3CDfB74e38FD98631,18,6,8,627910099,622226,627.910099,0.00622226,628532325,365216181472009520,55162468067489383090758176,55162468.06748938,0.0,0,0,0,nan,0
CL-IBTC/WETH,8.426010363982e-11,0x9f093177c5087DD280bd61a1Afab564814807014,0xC5104cbB08A30b6cB3F52E38dA8878acDE1809cF,0x12418783e860997eb99e8aCf682DF952F721cF62,0x4200000000000000000000000000000000000006,0x940181a94A35A4569E4529A3CDfB74e38FD98631,18,8,18,861,64191395199150,8.61e-06,6.419139519915e-05,64191395200011,0,499175494587170,0.00049917549458717,0.0,0,0,0,nan,0
CL-tBTC/cbBTC,0.010347200859821102,0x138aceE5573fA09e7F215965ff60898cc33c6330,0xB57eC27f68Bd356e300D57079B6cdbe57d50830d,0x236aa50979D5f3De3Bd1Eeb40E81137F22ab794b,0xcbB7C0000aB88B473b1f5aFd9ef808440eed33Bf,0x940181a94A35A4569E4529A3CDfB74e38FD98631,18,18,8,658182661642,147,6.58182661642e-07,1.47e-06,658182661789,406519006096185,61299106975618037248062,61299.10697561804,0.0,0,0,0,nan,0
CL-USD+/cbBTC,5.095490083666694e-07,0xe05ce080119b33dd30482A6eC9b8911508AE226e,0x1e6490C37841024B9eE55F505cCB24cefa7FCE9c,0xB79DD08EA68A908A97220C76d19A6aA9cBDE4376,0xcbB7C0000aB88B473b1f5aFd9ef808440eed33Bf,0x940181a94A35A4569E4529A3CDfB74e38FD98631,18,6,8,5715180,6078,5.71518,6.078e-05,5721258,0,3018681051652900195,3.0186810516529006,0.0,0,0,0,nan,0
CL-WETH/ETHFI,0.026273497635277667,0xFefe4e80F2D747A484154F7ae18B20d478E49D40,0xD33e1Ccbd216Cb3e2D63B114E119862002442196,0x4200000000000000000000000000000000000006,0x6C240DDA6b5c336DF09A4D011139beAAa1eA2Aa2,0x940181a94A35A4569E4529A3CDfB74e38FD98631,18,18,18,23244589076985954,69971206147439346267,0.023244589076985955,69.97120614743935,69994450736516332221,1032252451130357,155650012403101110668907,155650.0124031011,6.114835450898392e-22,95.1774213775257,0,95.1774213775257,1635.3669825294808,1773878400
CL-USDz/cbBTC,4.890008006826278e-09,0x7f770A81811B58094b75CeA1dE76304aa8EAE72c,0x384Ce87727323eDeDdc95D3206399806A3da7F02,0x04D5ddf5f3a8939889F11E97f8c4BB48317F1938,0xcbB7C0000aB88B473b1f5aFd9ef808440eed33Bf,0x940181a94A35A4569E4529A3CDfB74e38FD98631,18,18,8,91955452960064316,165,0.09195545296006431,1.65e-06,91955452960064481,0,28969489235106558,0.02896948923510656,0.0,0,0,0,nan,0
CL-WETH/TRVL,3.056289553835655e-05,0x0511a888D009029781f34696996742B0a55Db585,0x1E81Aaa4aeCe5123f70bF5607876C8d28FcdF89D,0x4200000000000000000000000000000000000006,0x74aa9bB52B36a378a6E641B86d7acb76Dc9b3940,0x940181a94A35A4569E4529A3CDfB74e38FD98631,18,18,18,1,1,1e-18,1e-18,2,1200777462942,181061354512330271190,181.06135451233027,5.148243112416896e-21,0.9321478712929782,0,0.9321478712929782,194.24102128901595,1773878400
CL-WETH/SPX,0.04088824881937812,0x4BA1e3E9280facbAcaFA7baF4aE0b78Bea60beCa,0x9D312ED8646cE9a4eC2A44279C07CFCcfefAB012,0x4200000000000000000000000000000000000006,0x50dA645f148798F68EF2d7dB7C1CB22A6819bb2C,0x940181a94A35A4569E4529A3CDfB74e38FD98631,18,18,8,240507338960548,546526204,0.000240507338960548,5.46526204,240507885486752,1690593720706016,242231031597861721277605,242231.03159786173,2.2486181110418894e-21,544.6850847073121,0,544.6850847073121,444.7175779157331,1773878400
CL-WETH/uSUI,0.058794255481098054,0x5C45b0F48c326f79b56709d8F63CE2beE7697106,0xeD5355807FB4e7A04A7Ff8Bbc20cf65d425cB868,0x4200000000000000000000000000000000000006,0xb0505e5a99abd03d94a1169e638B78EDfEd26ea4,0x940181a94A35A4569E4529A3CDfB74e38FD98631,18,18,18,747492170356,1707814430286767037,7.47492170356e-07,1.707814430286767,1707815177778937393,2309951844830061,348310176357198737304224,348310.17635719874,2.136858485264818e-21,744.2895558529652,0,744.2895558529652,467.97670828261306,1773878400
CL-WETH/mooBIFI,0.04502355320381347,0xb378137c90444BbceCD44a1f766851fbf53D2a9E,0x6E415053AAcDDDc8b678a806a5279A8DCDD4f6f1,0x4200000000000000000000000000000000000006,0xc55E93C62874D8100dBd2DfE307EDc1036ad5434,0x940181a94A35A4569E4529A3CDfB74e38FD98631,18,18,18,1,9068631484926558,1e-18,0.009068631484926558,9068631484926559,1843520300792307,266729489612972429849841,266729.4896129724,9.537903899006745e-22,254.4040238959649,0,254.4040238959649,1048.4483913746892,1773878400
CL-WETH/OVN,3.386018244166616e-08,0x1DA71Ce5Ebf772f9fdD44E29Bec53C7185E188BA,0x7a8464B293e1A035A2546Dd38fb9cF8BE4c5AB44,0x4200000000000000000000000000000000000006,0xA3d1a8DEB97B111454B294E2324EfAD13a9d8396,0x940181a94A35A4569E4529A3CDfB74e38FD98631,18,18,18,267612817810419475,585123697632138065835,0.26761281781041946,585.123697632138,585391310449948485310,0,200595211577010362,0.20059521157701038,0.0,0,0,0,nan,0
CL-Mog/USD+,0.0007889046973632477,0x08361c463C8EC4fC1c7AddfADB006f5Ca7951fc1,0xDE199C94Fc91fA302ceae3A34c85c386966fDce5,0x2Da56AcB9Ea78330f947bD57C54119Debda7AF71,0xB79DD08EA68A908A97220C76d19A6aA9cBDE4376,0x940181a94A35A4569E4529A3CDfB74e38FD98631,18,18,6,62166606508697261157577593,31060670,62166606.508697264,31.06067,62166606508697261188638263,0,4673645954339132262636,4673.645954339132,0.0,0,0,0,nan,0
CL-WIF/USD+,4.656764374675455e-06,0x090d9C28E1Edca0e693a9e553B256E07Ca2af021,0xF36283a09895eDff51E9451cd70c64e53B5dc2Bb,0x1fba65dE0a9cBD2D1DF82d141897042d36Bb6c86,0xB79DD08EA68A908A97220C76d19A6aA9cBDE4376,0x940181a94A35A4569E4529A3CDfB74e38FD98631,18,18,6,1612281229460357187,554465,1.6122812294603572,0.554465,1612281229460911652,0,27587702358414755267,27.587702358414752,0.0,0,0,0,nan,0
CL-KEYCAT/USD+,1.826584503698073e-12,0x5D7411A51442D287d742FfefC02658D2c9865F29,0x13DBd71e42055a440337F0c3794d82cD82703e74,0x9a26F5433671751C3276a065f57e5a02D2817973,0xB79DD08EA68A908A97220C76d19A6aA9cBDE4376,0x940181a94A35A4569E4529A3CDfB74e38FD98631,18,18,6,1887650647720159145996,4588939,1887.6506477201592,4.588939,1887650647720163734935,0,10821090690041,1.0821090690041e-05,0.0,0,0,0,nan,0
CL-MIGGLES/USD+,8.435003454936805e-07,0xaeA775CB2879F54E197eC085f9bB08E4B59f1d9E,0x871f78b2C1324fbdEFC9A6Ac9Ac409C9202dEd4F,0xB1a03EdA10342529bBF8EB700a06C60441fEf25d,0xB79DD08EA68A908A97220C76d19A6aA9cBDE4376,0x940181a94A35A4569E4529A3CDfB74e38FD98631,18,18,6,1159333375757465579014,29643993,1159.3333757574655,29.643993,1159333375757495223007,0,4997082651904938879,4.997082651904939,0.0,0,0,0,nan,0
CL-USDz/BRETT,5.3153005857311475e-06,0xaf61a867867A95836A08A025220F8E6879F8bAdb,0x3E3E749FD28c2Ee7C6Dd05fa2D70b1b37dba5607,0x04D5ddf5f3a8939889F11E97f8c4BB48317F1938,0x532f27101965dd16442E59d40670FaF5eBB142E4,0x940181a94A35A4569E4529A3CDfB74e38FD98631,18,18,18,1160289355007363996156,22186142968998673953525,1160.289355007364,22186.142968998673,23346432324006037949681,0,31489016558815711239,31.48901655881571,0.0,0,0,0,nan,0
CL-USDz/DEGEN,0.0007890433122515906,0x24Ee0b4DcCE323A03fba842190CeaA451Ff7cA5B,0x9918C85E4e5937DA606d65C9935Ea3ffe4DE06A4,0x04D5ddf5f3a8939889F11E97f8c4BB48317F1938,0x4ed4E862860beD51a9570b96d89aF5E1B0Efefed,0x940181a94A35A4569E4529A3CDfB74e38FD98631,18,18,18,3079621174274545260,1960334041375532543573,3.0796211742745454,1960.3340413755325,1963413662549807088833,0,4674467139603056836599,4674.467139603057,0.0,0,0,0,nan,0
CL-WETH/DOG,9.750167185444631e-06,0x6bFdf73DC419f2d9393AF8e68459491395Ea88a2,0x85b720eFdAC1BbE7671003AB8E349945B915A611,0x4200000000000000000000000000000000000006,0x9E53e88dCff56d3062510A745952DEC4cEFDff9E,0x940181a94A35A4569E4529A3CDfB74e38FD98631,18,18,18,336055754047170,5070561904070264861303,0.00033605575404717,5070.561904070265,5070562240126018908473,0,57762147408537370814,57.76214740853737,0.0,0,0,0,nan,0
CL-WETH/uNEAR,0.003735445437021775,0x864cc817099761c7b7F8228822f2BDe0B74A6588,0xB95276137089404eD801c65d5Fba51BDf2c084DF,0x4200000000000000000000000000000000000006,0x5ed25E305E08F58AFD7995EaC72563E6BE65A617,0x940181a94A35A4569E4529A3CDfB74e38FD98631,18,18,18,8228528607914,61448776644033317,8.228528607914e-06,0.061448776644033316,61457005172641231,146762377276545,22129605150966499004778,22129.605150966498,1.829580432481488e-21,40.48789256274985,0,40.48789256274985,546.573401336439,1773878400
CL-BOTTO/WETH,2.4088598713252644e-05,0x6641fFD33CF3eF95c75f2afC75A4791Cd2C1B448,0xa3E705674531E59718D97c5fDA03e41263F14351,0x24914CB6BD01E6a0CF2a9c0478e33c25926e6a0c,0x4200000000000000000000000000000000000006,0x940181a94A35A4569E4529A3CDfB74e38FD98631,18,18,18,272443364763231115843,11875217723573903,272.4433647632311,0.011875217723573903,272455239980954689746,0,142706187830003981871,142.70618783000398,0.0,0,0,0,nan,0
CL-WETH/CHAD,9.876135474270854e-05,0x36104bB6Ce1EdF37076f1CF6FBaBbCDF67DDff1B,0x3c63fa8945D6b2AA673a5E1B8ab70022c1796d6c,0x4200000000000000000000000000000000000006,0xecaF81Eb42cd30014EB44130b89Bcd6d4Ad98B92,0x940181a94A35A4569E4529A3CDfB74e38FD98631,18,18,18,8973478051414590,610614964515056089448320,0.00897347805141459,610614.9645150561,610614973488534140862910,0,585084114191528668394,585.0841141915287,0.0,0,0,0,nan,0
CL-USDz/KEYCAT,0.00014363192828015323,0x2C206C7dE24787f85B5c52d2ea339aDC6D5af40F,0xE7CfAea003D352B7c94a255566Da36b2DcE39B88,0x04D5ddf5f3a8939889F11E97f8c4BB48317F1938,0x9a26F5433671751C3276a065f57e5a02D2817973,0x940181a94A35A4569E4529A3CDfB74e38FD98631,18,18,18,1,1,1e-18,1e-18,2,5643172575428,850907318417672597211,850.9073184176726,1.7167557739053936e-21,1.4608000519518947,0,1.4608000519518947,582.4940362513718,1773878400
CL-WETH/uAPT,0.0005947752694104493,0xa88C07bD10813CF9B4111DeAb984c4026F2C83bf,0x27149E8aEf0331487B97D2D80ef88D7EAB9E026E,0x4200000000000000000000000000000000000006,0x9c0e042d65a2e1fF31aC83f404E5Cb79F452c337,0x940181a94A35A4569E4529A3CDfB74e38FD98631,18,18,18,4683592727317,44046678460506897,4.683592727317e-06,0.044046678460506895,44051362053234214,23368199042299,3523580276441403620752,3523.580276441404,1.9107224054349582e-21,6.732583781545294,0,6.732583781545294,523.3622619149427,1773878400
CL-WETH/Neiro,0.00020608049563085304,0xa4513D1f6BDa04Bd733462b58D1790514DdCf5de,0xC36EBCd3B47b3b6C0fBC23e9778B634DFF0517a6,0x4200000000000000000000000000000000000006,0x5Ca35eBC4f25B042d2cAE75914c7e882E631fA9A,0x940181a94A35A4569E4529A3CDfB74e38FD98631,18,18,9,963821951966,435977192891,9.63821951966e-07,435.977192891,1399799144857,8096507800177,1220866446723491632097,1220.8664467234917,1.9352014934227515e-21,2.362622570969029,0,2.362622570969029,516.7420567825836,1773878400
CL-SolvBTC/cbBTC,4.490111095994546e-05,0x83eE4a0d418aA520A7BC1A3782bDb445F31b8e29,0x2d3825c93f79E97548FE7b7779ADfE6C3b962afb,0x3B86Ad95859b6AB773f55f8d94B4b9d443EE931f,0xcbB7C0000aB88B473b1f5aFd9ef808440eed33Bf,0x940181a94A35A4569E4529A3CDfB74e38FD98631,18,18,8,1,1,1e-18,1e-08,2,1764125295882,266004114672746357465,266.00411467274637,1.3606135672316549e-22,0.036192880736318364,0,0.036192880736318364,7349.62537551812,1773878400
CL-SolvBTC/xSolvBTC,2.390030747250403e-05,0x0c0E3d9b455B1097D4B4B2fd0B34E51d31AD2d1A,0x04917fBA393848554F344c2877A17e9E0650622A,0x3B86Ad95859b6AB773f55f8d94B4b9d443EE931f,0xC26C9099BD3789107888c35bb41178079B282561,0x940181a94A35A4569E4529A3CDfB74e38FD98631,18,18,18,3222190325404,3344217670924,3.222190325404e-06,3.344217670924e-06,6566407996328,0,141590708864669502603,141.5907088646695,0.0,0,0,0,nan,0
CL-jEUR/USDC,2.738409102927504e-05,0xf11fD84609D5d55f5A2787eF5c8774C17a609B25,0x8f28db1048a89e878FdC18aBbf5D7b5bF242d280,0x4154550f4Db74Dc38d1FE98e1F3F28ed6daD627d,0x833589fCD6eDb6E08f4c7C32D4f71b54bdA02913,0x940181a94A35A4569E4529A3CDfB74e38FD98631,18,18,6,41623598523331210,42775,0.04162359852333121,0.042775,41623598523373985,0,162229413362583118563,162.2294133625831,0.0,0,0,0,nan,0
CL-VIRTUAL/WETH,0.28797969320664835,0xC200F21EfE67c7F41B81A854c26F9cdA80593065,0xBDA319Bc7Cc8F0829df39eC0FFF5D1E061FFadf7,0x0b3e328455c4059EEb9e3f84b5543F74E24e7E1b,0x4200000000000000000000000000000000000006,0x940181a94A35A4569E4529A3CDfB74e38FD98631,18,18,18,23747506928296797482,4371810010162009,23.747506928296797,0.004371810010162009,23751878738306959491,11308693648053625,1706055411490795173484622,1706055.4114907952,0.0,0,0,0,nan,0
CL-WETH/uSEI,4.8340922501572684e-05,0x859c91f9Fe1EC10e38a7CCaD0B87f0aAE0b88cFE,0x4C74464A878947AF6fb4c2aFdd10799529cAe732,0x4200000000000000000000000000000000000006,0x71a67215a2025F501f386A49858A9ceD2FC0249d,0x940181a94A35A4569E4529A3CDfB74e38FD98631,18,18,18,1,1,1e-18,1e-18,2,1898763736931,286382319225143428949,286.3823192251434,0.0,0,0,0,nan,0
CL-EIGEN/WETH,0.0019396421307458175,0x3c5428b3D6e07f6de38b0c7F84ea9d30b3b27231,0xBf53D46947cED25cefb63a2b09C7a99C1ab96830,0x2081Ab0D9EC9e4303234Ab26D86b20B3367946ee,0x4200000000000000000000000000000000000006,0x940181a94A35A4569E4529A3CDfB74e38FD98631,18,18,18,1353465797670375995,74198652400524,1.353465797670376,7.4198652400524e-05,1353539996322776519,76186426528462,11490869084091526226008,11490.869084091526,0.0,0,0,0,nan,0
CL-WETH/LUNA,0.003547824017427752,0xB6b777577A05D85FFca7D9EBC7476Fb344B92445,0x9C590e540B6D2b602565d00eB47023a2Ea66f4E0,0x4200000000000000000000000000000000000006,0x55cD6469F597452B5A7536e2CD98fDE4c1247ee4,0x940181a94A35A4569E4529A3CDfB74e38FD98631,18,18,18,7657553176886,13187805809247102901,7.657553176886e-06,13.187805809247102,13187813466800279787,139353558862811,21018094354334472870715,21018.094354334473,0.0,0,0,0,nan,0
CL-WETH/MOODENG,5.865063760503189e-05,0xCE8893c143059E7359d261a7AE4bAb7273CD0C27,0xcc8C372072c8F0B42186020326f8C91301fB0A8f,0x4200000000000000000000000000000000000006,0x81893B6D44151716CEeEc730d8d89114C959a079,0x940181a94A35A4569E4529A3CDfB74e38FD98631,18,18,6,6683884923733068,131885983,0.006683884923733068,131.885983,6683885055619051,0,347459352287205469396,347.45935228720543,0.0,0,0,0,nan,0
CL-POPCAT/WETH,0.00020790558271107406,0x5D332dC44faC918e66D335fB874FdcDab73560C2,0x3d806C3a4ACBb6c3CF1C0389131421a36DfCEd85,0x13281AE464191bC592c6E5D65EeeAEee02660D84,0x4200000000000000000000000000000000000006,0x940181a94A35A4569E4529A3CDfB74e38FD98631,18,9,18,170999140692,35755777014012884,170.999140692,0.035755777014012884,35755948013153576,0,1231678666345583811085,1231.6786663455837,0.0,0,0,0,nan,0
CL-NEIRO/WETH,3.334537944310062e-08,0xaEF61f2410B14626157C950cEeE2Ddac90195250,0xa4a99F0C9FFb071Cb85B106c6e85167e60666442,0x2545D6738E3f072c430Af027B94b62847234cE3D,0x4200000000000000000000000000000000000006,0x0000000000000000000000000000000000000000,18,9,18,0,0,0.0,0.0,0,0,197545404725093932,0.1975454047250939,0.0,0,0,0,nan,0
CL-SolvBTC/xSolvBTC,1.2609143520908261e-06,0x283f82A1D3B65090ed241B30C3D4cCb777B1e8AE,0x264fC3fEded75803Fa8ae9C83D7c2C4591342CEb,0x3B86Ad95859b6AB773f55f8d94B4b9d443EE931f,0xC26C9099BD3789107888c35bb41178079B282561,0x940181a94A35A4569E4529A3CDfB74e38FD98631,18,18,18,9808925032754,15429579884593,9.808925032754e-06,1.5429579884593e-05,25238504917347,0,7469935570308820056,7.46993557030882,0.0,0,0,0,nan,0
CL-WETH/YGG,0.0006366091687791224,0xdC9279CE30A5044bbc345bf50030d44f45f0e768,0x588D8f2024016604D087bd99668757f1C66B9C03,0x4200000000000000000000000000000000000006,0xaAC78d1219c08AecC8e37e03858FE885f5EF1799,0x940181a94A35A4569E4529A3CDfB74e38FD98631,18,18,18,1,1,1e-18,1e-18,2,25005116611839,3771413551096890467659,3771.413551096891,2.389954981963875e-22,0.9013508605490083,0,0.9013508605490083,4184.179231603265,1773878400
CL-EURC/USDC,1.2177786972861884,0xc5E51044eB7318950B1aFb044FccFb25782C48c1,0x85af8D930cB738954d307D6E62F04dd05D839C37,0x60a3E35Cc302bFA44Cb288Bc5a4F316Fdb1adb42,0x833589fCD6eDb6E08f4c7C32D4f71b54bdA02913,0x940181a94A35A4569E4529A3CDfB74e38FD98631,18,6,6,33033589,33631346,33.033589,33.631346,66664935,47833274516700684,7214390408466997994543822,7214390.408466998,7.0914680575867915e-22,5116.061913660424,0,5116.061913660424,1410.1452504325282,1773878400
CL-WETH/TALENT,0.03149056322977572,0x346eDb1aAa704dF6dDbfc604724AAFcdC12b2fed,0x37C1Eb7F00CD43A1e52f4E93b55Ed324ce60359d,0x4200000000000000000000000000000000000006,0x9a33406165f562E16C3abD82fd1185482E01b49a,0x940181a94A35A4569E4529A3CDfB74e38FD98631,18,18,18,316141718920,1266170146114459664726,3.1614171892e-07,1266.1701461144596,1266170146430601383646,1236921584366810,186557063141602200267730,186557.06314160218,1.139895187687085e-21,212.655498504148,0,212.655498504148,877.2736395431752,1773878400
CL-USDC/STAR,0.017333566061657864,0xa7C2693022cfB693c198EaA743E9B54d7921588E,0x9Aa4F2cF55E1EA0eEEfC6E455ADe474c8Add67A2,0x833589fCD6eDb6E08f4c7C32D4f71b54bdA02913,0xC19669A405067927865B40Ea045a2baabbbe57f5,0x940181a94A35A4569E4529A3CDfB74e38FD98631,18,6,18,210001,886577857050451,0.210001,0.000886577857050451,886577857260452,680847206170002,102687880005151302274582,102687.8800051513,9.102437148438794e-24,0.9347099736533145,0,0.9347099736533145,109860.68716459251,1773878400
CL-RUSSELL/WETH,8.759419415087454e-07,0x6bcE1AAa2eFE9dE37BEC193f3499484082B261c2,0x985a58248b44Ca5914b03b6de3f0934A2078720B,0x0C5142BC58f9A61AB8C3D2085DD2F4e550c5cE0B,0x4200000000000000000000000000000000000006,0x940181a94A35A4569E4529A3CDfB74e38FD98631,18,18,18,114142326529287680775535,251667438513947128,114142.32652928767,0.25166743851394713,114142578196726194722663,0,5189273843660892491,5.189273843660892,0.0,0,0,0,nan,0
CL-LOGX/USDC,1.4222510907754429e-05,0x68ae3F59217490F3E02b8076aE117c9f9Dc0fEbE,0xf661ede7D6318e43fCF252351A05C3ce377F1E9D,0x04055057677807D2a53d2b25a80FF3b4d932aE1a,0x833589fCD6eDb6E08f4c7C32D4f71b54bdA02913,0x940181a94A35A4569E4529A3CDfB74e38FD98631,18,18,6,1115680021514293364979,9902638,1115.6800215142935,9.902638,1115680021514303267617,0,84257301023477632445,84.25730102347762,0.0,0,0,0,nan,0
CL-WETH/ElonRWA,2.431757772844882e-07,0x5Ca1C5d0db6c558ca0a4c1Bb7792831aB5805672,0x6c58108057d0Cb05D36518B2642DAaAEDe49828D,0x4200000000000000000000000000000000000006,0xAa6Cccdce193698D33deb9ffd4be74eAa74c4898,0x940181a94A35A4569E4529A3CDfB74e38FD98631,18,18,18,29382599356424,990172274954335650051,2.9382599356424e-05,990.1722749543356,990172304336935006475,0,1440627101724073089,1.4406271017240733,0.0,0,0,0,nan,0
CL-uXRP/WETH,0.06831636204003157,0x61C6e9E93592e535Efc1BEE07f491A517e98f6d0,0x4b9C4828A512ed379b8F2b656aCc839A62265ADb,0x2615a94df961278DcbC41Fb0a54fEc5f10a693aE,0x4200000000000000000000000000000000000006,0x940181a94A35A4569E4529A3CDfB74e38FD98631,18,18,18,1682495817298185034,2180839171384,1.682495817298185,2.180839171384e-06,1682497998137356418,2767667868945323,404721242161075698334415,404721.2421610757,2.7331968702621836e-21,1106.1828324032754,0,1106.1828324032754,365.8719248804329,1773878400
CL-USDC/CHAMP,0.0055071200153172795,0x58c5649e6BC93969f4530673E8892faf762Cc7E7,0x0e956C897bBFCbd2155D3DfdD27c87fa5A0FaD39,0x833589fCD6eDb6E08f4c7C32D4f71b54bdA02913,0xEb6d78148F001F3aA2f588997c5E102E489Ad341,0x940181a94A35A4569E4529A3CDfB74e38FD98631,18,6,18,356305,1188445593262975470822,0.356305,1188.4455932629755,1188445593262975827127,216316969163672,32625397295354884661567,32625.397295354884,0.0,0,0,0,nan,0
CL-WETH/uADA,1.4945512297017826e-05,0xB79C8a96D89f5CCa7B907D3d1229b61373C3D439,0xC397805B44426d10a304D339D405f35d69A2Eb1b,0x4200000000000000000000000000000000000006,0xa3A34A0D9A08CCDDB6Ed422Ac0A28a06731335aA,0x940181a94A35A4569E4529A3CDfB74e38FD98631,18,18,18,1770102733676741,13454941614072475834,0.001770102733676741,13.454941614072476,13456711716806152575,0,88540521201030423913,88.54052120103043,0.0,0,0,0,nan,0
CL-CLANKER/WETH,0.6201155514536959,0xd23FE2DB317e1A96454a2D1c7e8fc0DbF19BB000,0xeE096FdD7fe7a759F3e8B0855B02976cf0FD25F9,0x1bc0c42215582d5A085795f4baDbaC3ff36d1Bcb,0x4200000000000000000000000000000000000006,0x940181a94A35A4569E4529A3CDfB74e38FD98631,18,18,18,716516302028238530,10984784652248678,0.7165163020282386,0.010984784652248678,727501086680487208,24391299040607033,3673701713224661495445839,3673701.7132246615,1.987797937304524e-21,7302.576687820078,0,7302.576687820078,503.06924121070927,1773878400
CL-SEAM/USDC,0.002103699267184899,0x948e80fBB383694b462f79557a3A44a25416dc72,0x843b7a6e1aa033572d72df5b318Fc90a37Eaa2fb,0x1C7a460413dD4e964f96D8dFC56E7223cE88CD85,0x833589fCD6eDb6E08f4c7C32D4f71b54bdA02913,0x940181a94A35A4569E4529A3CDfB74e38FD98631,18,18,6,403322444163074715,8033,0.4033224441630747,0.008033,403322444163082748,82634186795436,12462779854253834084852,12462.779854253835,1.0968867474492519e-21,13.670258058508551,0,13.670258058508551,911.6711477510722,1773878400
CL-AERO/cbBTC,1.0390747812615413,0xdFe5F275020def30993f042174Fc2D335678b626,0x2B74B62c564456C48055bd515A62594742b3f545,0x940181a94A35A4569E4529A3CDfB74e38FD98631,0xcbB7C0000aB88B473b1f5aFd9ef808440eed33Bf,0x940181a94A35A4569E4529A3CDfB74e38FD98631,18,18,8,68945817040376162803,16329,68.94581704037617,0.00016329,68945817040376179132,40859556240608541,6155708875774097645355597,6155708.875774098,2.022553596311375e-21,12450.251124542752,0,12450.251124542752,494.4244749922803,1773878400
CL-ANON/WETH,1.6078112602364947e-07,0xDB20b9455DEB2D616727cbdae4aC9F8eeB9AC899,0xf823D416eF26B5233dAE227BA7B8F3159a68C2fc,0x0Db510e79909666d6dEc7f5e49370838c16D950f,0x4200000000000000000000000000000000000006,0x940181a94A35A4569E4529A3CDfB74e38FD98631,18,18,18,727449058688905002469023,174643987438359527,727449.058688905,0.17464398743835952,727449233332892440828550,0,952502959718751855,0.9525029597187519,0.0,0,0,0,nan,0
CL-WETH/MORPHO,1.6596209043866568,0xB5F0b4aE66C14F7EFaA9aA1468E8FC536A3E288c,0xf008577BfbB3B8EAAaC22C1933C9a8cd876fCFd2,0x4200000000000000000000000000000000000006,0xBAa5CC21fd487B8Fcc2F632f3F4E8D37262a0842,0x940181a94A35A4569E4529A3CDfB74e38FD98631,18,18,18,13076589207139119,52570386374915673090,0.01307658920713912,52.57038637491567,52583462964122812209,65215120987893204,9831961390834404920517915,9831961.390834406,1.170943176558787e-21,11512.668102786989,0,11512.668102786989,854.0124064250825,1773878400
CL-WETH/SAINT,4.162880698200714e-07,0xeb4ab2038eF5662ff00AcabBB76A09aBd7440D10,0x7cFfFd69796e607a38a36BE004074941cF58b7B9,0x4200000000000000000000000000000000000006,0x7588880d9c78E81FAde7b7e8DC0781E95995a792,0x940181a94A35A4569E4529A3CDfB74e38FD98631,18,18,18,16805761541388017,32245293797666457912521,0.016805761541388017,32245.293797666458,32245310603427999300538,0,2466182619848678762,2.466182619848679,0.0,0,0,0,nan,0
CL-WETH/DOGE,4.795111031177241e-05,0x03Cd22d89bba07b109b869DA1B5fD344d0Ad6B40,0x8118696CDb46892a6314b70c71B2fBcD2EcD5E5d,0x4200000000000000000000000000000000000006,0x67f0870BB897F5E1c369976b4A2962d527B9562c,0x940181a94A35A4569E4529A3CDfB74e38FD98631,18,18,18,6108164317925353,5762767202729656344815,0.006108164317925353,5762.767202729657,5762773310893974270168,0,284072985575716204008,284.0729855757162,0.0,0,0,0,nan,0
CL-SIMMI/WETH,0.0016457364760012133,0xBae6f0e8D43E6158D3Df940B332adC75BEEBA75f,0x1c553B8CBCfa13c5F93394A3138e6C6Ca16E3737,0x161e113B8E9BBAEfb846F73F31624F6f9607bd44,0x4200000000000000000000000000000000000006,0x940181a94A35A4569E4529A3CDfB74e38FD98631,18,18,18,1,1,1e-18,1e-18,2,64645858243402,9749706965466140098263,9749.70696546614,0.0,0,0,0,nan,0
CL-HENLO/WETH,0.0006146393008222288,0xa1B6F148F208FFe9Eb04C68BcBFEa3525f2536d6,0xB592a97283c160FFD764E614d6cA4ddbCEa395A3,0x23A96680Ccde03Bd4Bdd9a3e9a0Cb56A5D27F7c9,0x4200000000000000000000000000000000000006,0x940181a94A35A4569E4529A3CDfB74e38FD98631,18,18,18,75877296454699834795886134379,39957560763823735,75877296454.69983,0.039957560763823737,75877296454739792356649958114,0,3641259192988382510090,3641.2591929883824,0.0,0,0,0,nan,0
CL-GAME/WETH,0.04061873538165631,0x2A36148a416cBa81699B555120Bd65f4682BDFD2,0x6366138fD616Df7E5906D7B00250634da342Ee20,0x1C4CcA7C5DB003824208aDDA61Bd749e55F463a3,0x4200000000000000000000000000000000000006,0x940181a94A35A4569E4529A3CDfB74e38FD98631,18,18,18,143965905960610231022,359677047776365,143.96590596061023,0.000359677047776365,143966265637658007387,1604780906735125,240634374369100682685859,240634.37436910067,0.0,0,0,0,nan,0
CL-USDz/sUSDz,0.0003953169785213219,0x96CC4b6A75fA1dFea66091589d1f25AfF3aa0318,0xb1C4225d490B881d2e011decc9E0F7439F2AC174,0x04D5ddf5f3a8939889F11E97f8c4BB48317F1938,0xe31eE12bDFDD0573D634124611e85338e2cBF0cF,0x940181a94A35A4569E4529A3CDfB74e38FD98631,18,18,18,1,1,1e-18,1e-18,2,15528370263017,2341945235619556540882,2341.9452356195566,0.0,0,0,0,nan,0
CL-WETH/PLAY,0.0009319875292073878,0x9D029DF22CEefC6245D382a41bc232c8Dc988Bf9,0x353e5958AfeC30AB701Ef5c09EA04Ae7Eca6907A,0x4200000000000000000000000000000000000006,0x7404AC09aDf614603D9c16a7CE85A1101F3514ba,0x940181a94A35A4569E4529A3CDfB74e38FD98631,18,18,18,589254868954169,1337489371614708523782,0.000589254868954169,1337.4893716147085,1337489960869577477951,0,5521300303994809045122,5521.300303994809,0.0,0,0,0,nan,0
CL-WETH/USDS,0.0005096279670170331,0x4289a0666397f517c2A761652AaebAf6A4f7A693,0x0C8a0BA64139c17eB90a9Fe63158498be41467eb,0x4200000000000000000000000000000000000006,0x820C137fa70C8691f0e44Dc420a5e53c168921Dc,0x940181a94A35A4569E4529A3CDfB74e38FD98631,18,18,18,11275318392586,24953246750715942,1.1275318392586e-05,0.024953246750715943,24964522069108528,20018796846973,3019148820165453755490,3019.148820165454,4.1841789014128035e-22,1.263265879356165,0,1.263265879356165,2389.955170564878,1773878400
CL-cbBTC/superOETHb,0.0009106982136110794,0x4d9199269D4F89a367965e90d07D6F4AF7750eD0,0x0c240E7B77FF16839bCf9E9CE15193Baf4CA5911,0xcbB7C0000aB88B473b1f5aFd9ef808440eed33Bf,0xDBFeFD2e8460a6Ee4955A68582F85708BAEA60A3,0x940181a94A35A4569E4529A3CDfB74e38FD98631,18,8,18,27,5420110360940,2.7e-07,5.42011036094e-06,5420110360967,35773316432950,5395177688627084446753,5395.1776886270845,1.7217716822431799e-22,0.9289264164948327,0,0.9289264164948327,5807.971000528755,1773878400
CL-WETH/HEU,0.0025279385591692677,0x7C42dD1556754Be827E187cE0870e70c5E571f35,0x54A9d2003b547E54c4cf6dDCf1588032c4386687,0x4200000000000000000000000000000000000006,0xEF22cb48B8483dF6152e1423b19dF5553BbD818b,0x940181a94A35A4569E4529A3CDfB74e38FD98631,18,18,18,1021416804449,970281910787836706,1.021416804449e-06,0.9702819107878367,970282932204641155,99300453924947,14976067273230244604004,14976.067273230245,6.532039610101109e-22,9.782426463227885,0,9.782426463227885,1530.915395022415,1773878400
CL-WETH/MOXIE,2.5878127197706024e-05,0x8A86610952343bEff5f1A906Fd5Bd9185c031A90,0xe6813B3271803DC1C083EC5E605d68926757cA92,0x4200000000000000000000000000000000000006,0x8C9037D1Ef5c6D1f6816278C7AAF5491d24CD527,0x940181a94A35A4569E4529A3CDfB74e38FD98631,18,18,18,214466044937650,26747684632142848348717,0.00021446604493765,26747.68463214285,26747684846608893286367,0,153307750464240862015,153.30775046424088,0.0,0,0,0,nan,0
CL-WETH/FAI,0.9301833013757116,0x28A9eC9928A689410e82E579FD9418FbBF6452F3,0x093b5fa753c6a4C94B0aE98326919A5e241901a0,0x4200000000000000000000000000000000000006,0xb33Ff54b9F7242EF1593d2C9Bcd8f9df46c77935,0x940181a94A35A4569E4529A3CDfB74e38FD98631,18,18,18,4723060752247099,1696999723085430395976,0.004723060752247099,1696.9997230854303,1697004446146182643075,36800016592982634,5510611659175729559457380,5510611.659175729,2.5108214740629716e-22,1383.6162089080203,0,1383.6162089080203,3982.7602652362843,1773878400
CL-Mog/wBLT,0.00012383095296575713,0x48d0CC084D274889131986925FB3B348a4405811,0xCB32e7190785E7bF4f02c56Cb576bf38BeBB2b17,0x2Da56AcB9Ea78330f947bD57C54119Debda7AF71,0x4E74D4Db6c0726ccded4656d0BCE448876BB4C7A,0x940181a94A35A4569E4529A3CDfB74e38FD98631,18,18,18,13408457873092419701663729,10133291059622195641,13408457.87309242,10.133291059622195,13408468006383479323859370,0,733601960141316138606,733.6019601413161,0.0,0,0,0,nan,0
CL-WETH/PENDLE,0.025008755021394415,0x016df91005F30039c9f1A89b44db5e8c60613603,0xB2025A9813914b7a0eB85a2b87848028fbE4d203,0x4200000000000000000000000000000000000006,0xA99F6e6785Da0F5d6fB42495Fe424BCE029Eeb3E,0x940181a94A35A4569E4529A3CDfB74e38FD98631,18,18,18,1307930355195508,1646043864159764890,0.001307930355195508,1.6460438641597648,1647351794514960398,987754547661173,148157397363018434940739,148157.39736301845,2.391730646067063e-21,354.35258771466664,0,354.35258771466664,418.10728212409276,1773878400
CL-uSHIB/WETH,4.2121398665592697e-07,0x83212D59403D96A95Fd750d5b6880F77d0CAb337,0xbE1F88D873Ed7Cb52160e5C3aaf6bB04bc0aF982,0x239b9C1F24F3423062B0d364796e07Ee905E9FcE,0x4200000000000000000000000000000000000006,0x940181a94A35A4569E4529A3CDfB74e38FD98631,18,18,18,2976736128282689497057153,20050564313424367,2976736.1282826895,0.020050564313424366,2976736148333253810481520,0,2495364840930963729,2.495364840930964,0.0,0,0,0,nan,0
CL-WETH/uLINK,0.0019936586616903407,0xFd4F716cb3c493aFDDd40C67d3f42426aEb2d902,0xfd4fbaF8B074e7c275b9fCA2de88A912cAeEA9c3,0x4200000000000000000000000000000000000006,0xd403D1624DAEF243FbcBd4A80d8A6F36afFe32b2,0x940181a94A35A4569E4529A3CDfB74e38FD98631,18,18,18,1,14277501624830086,1e-18,0.014277501624830087,14277501624830087,78314335712048,11810874963331543516206,11810.874963331542,1.7345898978439405e-21,20.487024396092814,0,20.487024396092814,576.5051446702067,1773878400
CL-AERO/CHAMP,4.826045041159093e-10,0xee16Ce7cf7F4714C9Fc20463ab6c5223E826A2eb,0x869305781fff479f0311974d55FeeB6Fc9DE96a2,0x940181a94A35A4569E4529A3CDfB74e38FD98631,0xEb6d78148F001F3aA2f588997c5E102E489Ad341,0x940181a94A35A4569E4529A3CDfB74e38FD98631,18,18,18,36865106054385561132,8010012729021259469303,36.86510605438556,8010.0127290212595,8046877835075645030435,0,2859055847614782,0.002859055847614782,0.0,0,0,0,nan,0
CL-WETH/CHAMP,0.0012716008899960132,0x5535B3174F3d335C87475e54D3682099C1F9fB70,0xB9E4E0368A9F281584C9adB685e6C9F4b9F37dBb,0x4200000000000000000000000000000000000006,0xEb6d78148F001F3aA2f588997c5E102E489Ad341,0x940181a94A35A4569E4529A3CDfB74e38FD98631,18,18,18,4928762576422968,5177018518848733327423,0.004928762576422968,5177.018518848733,5177023447611309750391,0,7533244985011762886094,7533.244985011763,0.0,0,0,0,nan,0
CL-VIRTUAL/WETH,1.3851324457301826,0x3f0296BF652e19bca772EC3dF08b32732F93014A,0x5013Ea8783Bfeaa8c4850a54eacd54D7A3B7f889,0x0b3e328455c4059EEb9e3f84b5543F74E24e7E1b,0x4200000000000000000000000000000000000006,0x940181a94A35A4569E4529A3CDfB74e38FD98631,18,18,18,118145996141336825683,28426150132473973,118.14599614133682,0.028426150132473973,118174422291469299656,54514814236743681,8205831037446577132650918,8205831.037446577,2.3322351063368457e-21,19137.927222201404,0,19137.927222201404,428.77323871977154,1773878400
CL-EMP/WETH,0.0091353853495472,0xb0f400ded843b39370B059aD49AcFF6eB7365EEF,0x72Ef9Eef04485fC4dE5Bb9205498e3d649A06596,0x39D5313C3750140E5042887413bA8AA6145a9bd2,0x4200000000000000000000000000000000000006,0x940181a94A35A4569E4529A3CDfB74e38FD98631,18,18,18,114176224195300399,1,0.1141762241953004,1e-18,114176224195300400,358857184092270,54120043806230852535258,54120.04380623085,2.483992403248988e-21,134.4337776781799,0,134.4337776781799,402.57772072572754,1773878400
CL-WETH/LAY,0.00041749773605474717,0xEDA5C8f08e92E6983Ae29aB2D5Dc244342bF70c8,0x7946898CDBe3246a55C596D2d602A7394011fDDE,0x4200000000000000000000000000000000000006,0xb89D354AD1b0d95a48b3De4607F75a8cD710c1bA,0x940181a94A35A4569E4529A3CDfB74e38FD98631,18,18,18,943962012502671,4809777880345202641740,0.000943962012502671,4809.777880345203,4809778824307215144411,0,2473348950233944450916,2473.3489502339444,0.0,0,0,0,nan,0
CL-WETH/Anon,0.010561294129369495,0x1807af3897aA6419E770D4642dF7B8b06E542C02,0xeCa59A0fBD6498B4d3d6E4143a30C2E8d8F68686,0x4200000000000000000000000000000000000006,0x79bbF4508B1391af3A0F4B30bb5FC4aa9ab0E07C,0x940181a94A35A4569E4529A3CDfB74e38FD98631,18,18,18,383312298467917,830316858477141450,0.000383312298467917,0.8303168584771414,830700170775609367,414874001473697,62567442867672388030505,62567.44286767239,0.0,0,0,0,nan,0
CL-WETH/ACOLYT,5.800777722842394e-06,0x984FaEED533D60B53F142ad76b629D64849ea507,0x792F8CAB72d9B67cc310C8dBd2A87b9FDC327Fb7,0x4200000000000000000000000000000000000006,0x79dacb99A8698052a9898E81Fdf883c29efb93cb,0x940181a94A35A4569E4529A3CDfB74e38FD98631,18,18,18,90974151019722,567823286274797204513,9.0974151019722e-05,567.8232862747972,567823377248948224235,0,34365090519799353914,34.36509051979935,0.0,0,0,0,nan,0
CL-WETH/AION,0.00013508432342440067,0x1d6aaA7ae38856fFfc37e5e3C99D1c392631f450,0x41aD48761d843B7b2c33fE4aAd944Ab229599dF8,0x4200000000000000000000000000000000000006,0xfc48314ad4aD5bD36a84E8307b86A68A01D95d9C,0x940181a94A35A4569E4529A3CDfB74e38FD98631,18,18,18,798595800247538,142162118904193451006,0.000798595800247538,142.16211890419345,142162917499993698544,0,800269416289700684157,800.2694162897006,0.0,0,0,0,nan,0
CL-BNKR/WETH,1.4768210413604874,0xCDD442e2De893c07146B2F1072f8e077559f9aa4,0x28dCF4ABc65a3E0971602BdBaa95f14CEEC09a2a,0x22aF33FE49fD1Fa80c7149773dDe5890D3c76F3b,0x4200000000000000000000000000000000000006,0x940181a94A35A4569E4529A3CDfB74e38FD98631,18,18,18,51757647357036388415130,8837668495576445,51757.64735703639,0.008837668495576444,51757656194704883991575,58052702557341839,8749014561969692939233976,8749014.561969692,1.1052487859746893e-21,9669.837723091881,0,9669.837723091881,904.7736696839044,1773878400
CL-WETH/DKING,9.445568267546219e-07,0x18D9600F64149AC0dB8517a74D0827b57960C4d3,0x16fe97736520c893E57807fC2d6B08030bDa96f1,0x4200000000000000000000000000000000000006,0x57eDc3F1fd42c0D48230e964b1C5184B9c89B2ed,0x940181a94A35A4569E4529A3CDfB74e38FD98631,18,18,18,74493561617320,215079669697338263501,7.449356161732e-05,215.07966969733826,215079744190899880821,0,5595763603334839960,5.595763603334841,0.0,0,0,0,nan,0
CL-USDC/TRUMP,7.209503058033174e-05,0x0c40e7F5b43f6759060a3c4D2fb406DFecF03B57,0x0c1D14b66e74FBB35d53A0c97Dbe93fa8a97BbE7,0x833589fCD6eDb6E08f4c7C32D4f71b54bdA02913,0xc27468b12ffA6d714B1b5fBC87eF403F38b82AD4,0x940181a94A35A4569E4529A3CDfB74e38FD98631,18,6,18,1,4084321097710046,1e-06,0.004084321097710046,4084321097710047,2832100898087,427106910537988558617,427.1069105379886,2.4190987654555917e-20,10.332138,0,10.332138,41.33770866571745,1773878400
CL-WETH/VEIL,0.004049776968716002,0x8caD4aF4c6b4dd0eFd195407498E55eB9C328CD3,0x40a844835DF0a7b09E2B4D4D85443714c473624d,0x4200000000000000000000000000000000000006,0x767A739D1A152639e9Ea1D8c1BD55FDC5B217D7f,0x940181a94A35A4569E4529A3CDfB74e38FD98631,18,18,18,1,58645513341563557543,1e-18,58.64551334156356,58645513341563557544,159077984752598,23991774683400550256981,23991.774683400552,0.0,0,0,0,nan,0
CL-WETH/WELS,4.0845026882297065e-07,0x39d8E6Ce85Be6fDb679b1515a0A8cbC919df948b,0x977EFe76abA185f61A70A67D491e780b205ed908,0x4200000000000000000000000000000000000006,0x7F62ac1e974D65Fab4A81821CA6AF659A5F46298,0x940181a94A35A4569E4529A3CDfB74e38FD98631,18,18,18,177014693442673,169991218794457642577,0.000177014693442673,169.99121879445764,169991395809151085250,0,2419749752807264060,2.4197497528072645,0.0,0,0,0,nan,0
CL-WETH/USDC,0.021708862560493935,0x0652202C4b2D09CB93aEDeFAdc14B36869483a98,0x9017Bdde03D36636113a55Aa97CF159048843498,0x4200000000000000000000000000000000000006,0x833589fCD6eDb6E08f4c7C32D4f71b54bdA02913,0x940181a94A35A4569E4529A3CDfB74e38FD98631,18,18,6,213349942296457,496759,0.000213349942296457,0.496759,213349942793216,852787195437856,128608104398749891700067,128608.1043987499,4.79081711414033e-22,61.61379075706772,0,61.61379075706772,2087.3266004006946,1773878400
CL-WETH/ANZ,2.8208895855000515e-05,0xaE092538552D0B772014346d9E9a6273C24C5612,0x52abaB90414f807E624cF86973eD85aE9de50Ed7,0x4200000000000000000000000000000000000006,0xeeC468333ccc16D4BF1cEf497A56cf8C0aAe4Ca3,0x940181a94A35A4569E4529A3CDfB74e38FD98631,18,18,18,1,1,1e-18,1e-18,2,1108126852043,167115739619424135984,167.11573961942415,7.317292586508435e-22,0.12228347626060862,0,0.12228347626060862,1366.625685904363,1773878400
CL-WETH/VVV,0.12947534537183258,0x46D398A5b33709877f50c8918A7eE96F1Be1d7dd,0x6831125a82Af7417e0cde3A214c03fE248Ff6AA8,0x4200000000000000000000000000000000000006,0xacfE6019Ed1A7Dc6f7B508C02d1b04ec88cC21bf,0x940181a94A35A4569E4529A3CDfB74e38FD98631,18,18,18,11554916727808828,23498016633183541485,0.011554916727808827,23.498016633183543,23509571549911350313,5317652791222749,767040589447905827510198,767040.5894479058,2.9060531468467626e-21,2229.060718724282,0,2229.060718724282,344.10932955065135,1773878400
CL-WETH/FLAY,8.059342351766189e-06,0x6eAF8196a9A3207A9CdF06EFd112fef7a27E34Fb,0x5B75d4Ae48E15892D3810b227D34dB45198C439B,0x4200000000000000000000000000000000000006,0xF1A7000000950C7ad8Aff13118Bb7aB561A448ee,0x940181a94A35A4569E4529A3CDfB74e38FD98631,18,18,18,309455814938,256204157819862807,3.09455814938e-07,0.25620415781986283,256204467275677745,316598418579,47745327037421233244,47.745327037421234,6.106471749249904e-21,0.29155549071271036,0,0.29155549071271036,163.76068555837276,1773878400
CL-WETH/AAVE,0.361453667666762,0x4a79B0168296c0eF7b8F314973B82aD406a29f1B,0x28047b764D603A25146A0b8a8D414740dC1E650E,0x4200000000000000000000000000000000000006,0x63706e401c06ac8513145b7687A14804d17f814b,0x940181a94A35A4569E4529A3CDfB74e38FD98631,18,18,18,35705059155694478,1848406957928748,0.035705059155694475,0.001848406957928748,37553466113623226,14212107217901732,2141331490632473856865409,2141331.490632474,1.9469763807384224e-21,4169.121835592825,0,4169.121835592825,513.6169138429577,1773878400
CL-WETH/TIBBIR,0.7566727400861186,0x0f664afFB82f074937D5cFCD61b97F3F32d5dC50,0x2335A595b567CddDec56DE21261795ba7e7Aad98,0x4200000000000000000000000000000000000006,0xA4A2E2ca3fBfE21aed83471D28b6f65A233C6e00,0x940181a94A35A4569E4529A3CDfB74e38FD98631,18,18,18,9107305469252695,121530798326942970280,0.009107305469252695,121.53079832694297,121539905632412222975,29765033480107361,4482696708844497177798276,4482696.708844497,1.6045497042653931e-21,7192.709678487889,0,7192.709678487889,623.2278111059373,1773878400
CL-WETH/B3,0.044161775913924735,0xB099C658e784b41EE435d48a8eb67e8f27285C93,0x3B86cA918E7c114Cf8dDF69609E53bB4E7727237,0x4200000000000000000000000000000000000006,0xB3B32F9f8827D4634fE7d973Fa1034Ec9fdDB3B3,0x940181a94A35A4569E4529A3CDfB74e38FD98631,18,18,18,1307289651000540,11495953426378659937005,0.00130728965100054,11495.953426378659,11495954733668310937545,1849263118573189,261624130299114363458096,261624.1302991144,2.3067036365908895e-21,603.4893327808959,0,603.4893327808959,433.5190633669414,1773878400
CL-PONKE/USDC,0.002784895537877416,0x0e62644261Fa9C5f2A068d133927Bb0678Ac042d,0x62005BbF01daBf943e0e05561b6ed93D36ABb257,0x4A0c64af541439898448659AEdcEC8E8e819FC53,0x833589fCD6eDb6E08f4c7C32D4f71b54bdA02913,0x940181a94A35A4569E4529A3CDfB74e38FD98631,18,18,6,5364950033791521549,29752,5.364950033791522,0.029752,5364950033791551301,109401267862126,16498337260964371144661,16498.33726096437,2.4742085042159434e-21,40.82032635650082,0,40.82032635650082,404.1696559914185,1773878400
CL-WETH/LsETH,2.90703334960701e-05,0x04f8375dAd560480D6639B9600CD88ca594E2293,0x0fe62690cD3B234E1F1e206621e84b57f3b219A1,0x4200000000000000000000000000000000000006,0xB29749498954A3A821ec37BdE86e386dF3cE30B6,0x940181a94A35A4569E4529A3CDfB74e38FD98631,18,18,18,1463673461921,1168907094436,1.463673461921e-06,1.168907094436e-06,2632580556357,1141993047275,172219086778538014259,172.219086778538,1.5158633424478256e-21,0.26106060051742674,0,0.26106060051742674,659.6900736349979,1773878400
CL-USDC/AAA,0.02723694708361863,0xfd198524340203Da7896909941E92E5EF0D2B753,0x5ADA69FF0dd93F5538Adce7b5bF0B588fFA466e8,0x833589fCD6eDb6E08f4c7C32D4f71b54bdA02913,0xaaa843fb2916c0B57454270418E121C626402AAa,0x940181a94A35A4569E4529A3CDfB74e38FD98631,18,6,18,11055,7932876688882135554,0.011055,7.932876688882136,7932876688882146609,1069970669676404,161357700076274786933375,161357.7000762748,4.539309296582571e-22,73.24525080314164,0,73.24525080314164,2202.9783270173994,1773878400
CL-USDC/BRZ,0.008921626972579607,0xD43Decd5Df4BDFFd5A4Cf35cA1f9557E33B7246C,0xaF4290B7Be7a2e387d6dbbAC746d891Be507Fa09,0x833589fCD6eDb6E08f4c7C32D4f71b54bdA02913,0xE9185Ee218cae427aF7B9764A011bb89FeA761B4,0x940181a94A35A4569E4529A3CDfB74e38FD98631,18,6,18,94356,1307983825129598861,0.094356,1.3079838251295988,1307983825129693217,350475372924425,52853691891912498209063,52853.691891912495,0.0,0,0,0,nan,0
CL-WETH/W,0.006218593498943067,0xf1Eef36d55978eDfD427e95c3D0C9B9359EF0AEF,0xA2292a26d33117f52Fd511aafD98A73C2172a990,0x4200000000000000000000000000000000000006,0xB0fFa8000886e57F86dd5264b9582b2Ad87b2b91,0x940181a94A35A4569E4529A3CDfB74e38FD98631,18,18,18,89080787990080,25077486861075106964,8.908078799008e-05,25.07748686107511,25077575941863097044,244282686320375,36840323609624466588808,36840.323609624465,0.0,0,0,0,nan,0
CL-WETH/KAITO,0.029001530381444162,0x56b92E5B391DbFb8b8028AC95A4b97f52ffEB416,0x6205DfbE68444cFF504A20a712cEa794c6b6Cf04,0x4200000000000000000000000000000000000006,0x98d0baa52b2D063E780DE12F615f963Fe8537553,0x940181a94A35A4569E4529A3CDfB74e38FD98631,18,18,18,451807060554201,931762956400202412,0.000451807060554201,0.9317629564002025,932214763460756613,1139305272108327,171811481906375104573935,171811.48190637512,0.0,0,0,0,nan,0
CL-MXNe/USDC,8.37586081119557e-08,0x256D96010e9D9801B1F4c2320B2AD44715c8078F,0xab205bb675a7DDAF1f5808da0D89bdbdC8F9F646,0x269caE7Dc59803e5C596c95756faEeBb6030E0aF,0x833589fCD6eDb6E08f4c7C32D4f71b54bdA02913,0x940181a94A35A4569E4529A3CDfB74e38FD98631,18,6,6,1,1,1e-06,1e-06,2,3290399594,496204524135661882,0.4962045241356619,0.0,0,0,0,nan,1773878400
CL-oUSDT/WETH,0.16881033468311116,0x93617b2909a7c207E4180dE0E667ea80c9BdfE9e,0x3D7981a71dEe2e73656566f3003D3C6a19C45EE6,0x1217BfE6c773EEC6cc4A38b5Dc45B92292B6E189,0x4200000000000000000000000000000000000006,0x940181a94A35A4569E4529A3CDfB74e38FD98631,18,6,18,6056466,2604528147454021,6.056466,0.002604528147454021,2604528153510487,6631598462607152,1000069768096569599703036,1000069.7680965696,7.939646024406704e-22,794.0199958397263,0,794.0199958397263,1259.5019940762734,1773878400
CL-oUSDT/cbBTC,0.07360266860640072,0x85c99e6B9adaB159A33A999a6303933212ac091E,0x5743b100361F2d6b13282C731426215294689a71,0x1217BfE6c773EEC6cc4A38b5Dc45B92292B6E189,0xcbB7C0000aB88B473b1f5aFd9ef808440eed33Bf,0x940181a94A35A4569E4529A3CDfB74e38FD98631,18,6,8,2812533,4213,2.812533,4.213e-05,2816746,2891430461827191,436038491734925876314998,436038.49173492583,1.937060204376331e-21,844.6328099160027,0,844.6328099160027,516.2462156523248,1773878400
CL-WETH/KTA,0.2821671603880338,0x46D710c35BdfB800a18A820712310048Ef8B5256,0x6bf4D7E9cC3BF9fEA7ee88bA7cfde9626E77eFd4,0x4200000000000000000000000000000000000006,0xc0634090F2Fe6c6d75e61Be2b949464aBB498973,0x940181a94A35A4569E4529A3CDfB74e38FD98631,18,18,18,7253860420527417,54756641047695822352,0.007253860420527417,54.75664104769582,54763894908116349769,11093537370940724,1671620681183095032721738,1671620.681183095,1.2267697196686622e-21,2050.693634447324,0,2050.693634447324,815.1489101557622,1773878400
CL-WETH/uBERA,6.114711014535512e-10,0x569f22aD5ce151AA4507AdF2302B79e5Ca6B4049,0xe75819C7dE5c3a3ac7ADBF94db0A2531596BA61F,0x4200000000000000000000000000000000000006,0x544F87A5aa41Fcd725EF7C78a37cd9C1c4bA1650,0x940181a94A35A4569E4529A3CDfB74e38FD98631,18,18,18,917934837724709,2112100149826545319,0.000917934837724709,2.1121001498265453,2113018084664270028,0,3622490079036533,0.003622490079036533,0.0,0,0,0,nan,0
CL-DRB/WETH,0.0902236439284428,0x385B47e56b73eb6549378f78F7c7Cbc42C56C9e0,0x7a53fD90c6fb9Ffd8eebc668300Fe42e151cfA02,0x3ec2156D4c0A9CBdAB4a016633b7BcF6a8d68Ea2,0x4200000000000000000000000000000000000006,0x940181a94A35A4569E4529A3CDfB74e38FD98631,18,18,18,66236763049494351819579,2338510894487242,66236.76304949436,0.002338510894487242,66236765388005246306821,3550185622671864,534504826554155391395144,534504.8265541554,7.008593101063964e-22,374.6126839872844,0,374.6126839872844,1426.8198846473076,1773878400
CL-USDC/cbBTC,4.351739860493112,0x3e66e55e97ce60096f74b7C475e8249f2D31a9fb,0x9B55cb6cAe1e303B5EDce6F9fcf90246D382809c,0x833589fCD6eDb6E08f4c7C32D4f71b54bdA02913,0xcbB7C0000aB88B473b1f5aFd9ef808440eed33Bf,0x940181a94A35A4569E4529A3CDfB74e38FD98631,18,6,8,114904718,160862,114.904718,0.00160862,115065580,170982250831424136,25780669656686308277843757,25780669.656686306,8.642527676666376e-22,22281.015103090445,0,22281.015103090445,1157.068900918722,1773878400
CL-CADC/USDC,0.26803675672319544,0x09Da4832d34BeBBB55783340d5bede7A70F5c48e,0xc420F795B3A10E736975A43Ed4b87b913d041EfC,0x043eB4B75d0805c43D7C834902E335621983Cf03,0x833589fCD6eDb6E08f4c7C32D4f71b54bdA02913,0x940181a94A35A4569E4529A3CDfB74e38FD98631,18,18,6,4068853995875679734,6304675,4.0688539958756795,6.304675,4068853995881984409,10540214921576099,1587909043843277349812709,1587909.0438432773,8.491078134014794e-22,1348.3059760981992,0,1348.3059760981992,1177.706746089233,1773878400
CL-BIO/WETH,0.14248113814232308,0x222cCBE78890A4d9Ef8d22d7FC1B968Be0F2c653,0x6f29b7B27e2043849A21E1E6ea9ED6d2678E11F3,0x226A2FA2556C48245E57cd1cbA4C6c9e67077DD2,0x4200000000000000000000000000000000000006,0x940181a94A35A4569E4529A3CDfB74e38FD98631,18,18,18,127867715738311542041,816074215579041,127.86771573831155,0.000816074215579041,127868531812527121082,5606169124911715,844089783055112995160429,844089.7830551129,1.5002572568312574e-21,1266.351822445555,0,1266.351822445555,666.5523499030645,1773878400
CL-WETH/XION,2.739236079724566e-05,0x0c5BF61d127cd801fe4F77F344321ff1f163BF17,0xB5c7edC19d639a01eA8f976897D5401753264643,0x4200000000000000000000000000000000000006,0xe4c3461a20f50daD7B9E88ca0222A255C4126fC0,0x940181a94A35A4569E4529A3CDfB74e38FD98631,18,18,6,1775602923160935,15811618,0.001775602923160935,15.811618,1775602938972553,0,162278405297538483218,162.2784052975385,0.0,0,0,0,nan,0
CL-yTRYB/USDC,0.0016519730258370685,0xE98654b21d013EfF949A6D8ff80A9b23B284f8dd,0x7Cb174B263dCeb4f730265e8277ee33BfB693C72,0x1A9Be8a692De04bCB7cE5cDDD03afCA97D732c62,0x833589fCD6eDb6E08f4c7C32D4f71b54bdA02913,0x940181a94A35A4569E4529A3CDfB74e38FD98631,18,8,6,1,1,1e-08,1e-06,2,64901137425252,9786653666388061425886,9786.653666388062,8.589116185183605e-23,0.8405870540476016,0,0.8405870540476016,11642.641436438127,1773878400
CL-IDRX/USDC,0.003957833502852065,0x9cadc7e36191C8B40d0D02b830DC32CE2242D27b,0xcd3F046D0Abc3b9B057476e323317b4c5FD1b850,0x18Bc5bcC660cf2B9cE3cd51a404aFe1a0cBD3C22,0x833589fCD6eDb6E08f4c7C32D4f71b54bdA02913,0x940181a94A35A4569E4529A3CDfB74e38FD98631,18,2,6,9854,2115,98.54,0.002115,11969,155491580102957,23447081251229175555046,23447.081251229174,7.690018301225402e-22,18.030848393227135,0,18.030848393227135,1300.387022278803,1773878400
CL-USDC/LsETH,0.00037093059178354665,0x98eCc8425cc4C3f30dD4EF02360B05698008a8fc,0x9966c25d5EEbB6C648b34d60c5057Ea1b05b551A,0x833589fCD6eDb6E08f4c7C32D4f71b54bdA02913,0xB29749498954A3A821ec37BdE86e386dF3cE30B6,0x940181a94A35A4569E4529A3CDfB74e38FD98631,18,6,18,22592,8714979256901,0.022592,8.714979256901e-06,8714979279493,14572766586413,2197474885653476635665,2197.4748856534766,1.2574994571884948e-21,2.7633234758945964,0,2.7633234758945964,795.2289714985567,1773878400
CL-LsETH/cbBTC,0.0001904105340954286,0x4796eda5A091B8Ca92EFA7d7Ee6f4De113A626FE,0x8016E3AfB222702CAF92783582869149AA9C1282,0xB29749498954A3A821ec37BdE86e386dF3cE30B6,0xcbB7C0000aB88B473b1f5aFd9ef808440eed33Bf,0x940181a94A35A4569E4529A3CDfB74e38FD98631,18,18,8,2273686231107736,8881,0.002273686231107736,8.881e-05,2273686231116617,0,1128034127966280307523,1128.0341279662803,0.0,0,0,0,nan,0
CL-cbBTC/EDGE,0.01740230059849468,0x5230845439Fa66FBEA20aF7cf09BC413B99E10B7,0x1A82875FDFCda393BC1CC44492515586CBC8697b,0xcbB7C0000aB88B473b1f5aFd9ef808440eed33Bf,0xED6E000dEF95780fb89734c07EE2ce9F6dcAf110,0x940181a94A35A4569E4529A3CDfB74e38FD98631,18,8,18,5925,43192485499965530257,5.925e-05,43.19248549996553,43192485499965536182,320968623863197,103095078607320166161937,103095.07860732017,0.0,0,0,0,nan,0
CL-USDC/KLIMA,1.2774435258764254e-05,0x2DB199a5D0EffAe36236E13FDb62aa43Eb3e14eC,0x3978aB83e3C0823Dcc432B2CE30E6414AD857914,0x833589fCD6eDb6E08f4c7C32D4f71b54bdA02913,0xDCEFd8C8fCc492630B943ABcaB3429F12Ea9Fea2,0x940181a94A35A4569E4529A3CDfB74e38FD98631,18,6,9,55604,143324296,0.055604,0.143324296,143379900,0,75678580525171683648,75.67858052517168,0.0,0,0,0,nan,0
CL-oUSDT/USDC,0.00362467053320041,0x4858bA5A92a23de1B2dBB3509B01D0A9F0E0756A,0x2ce6eBFb4E00eE53f7B138C46850F0bD3B33a83B,0x1217BfE6c773EEC6cc4A38b5Dc45B92292B6E189,0x833589fCD6eDb6E08f4c7C32D4f71b54bdA02913,0x940181a94A35A4569E4529A3CDfB74e38FD98631,18,6,6,108206,191235,0.108206,0.191235,299441,142404004818045,21473350114309458988832,21473.350114309458,0.0,0,0,0,nan,0
CL-PROMPT/cbBTC,0.001605339180665968,0x41D60eD9C8327EA0c6b16a44343c177E0402FeeA,0x6d5EBd01df7091d15FFd730281e71715160B1587,0x30c7235866872213F68cb1F08c37Cb9eCCB93452,0xcbB7C0000aB88B473b1f5aFd9ef808440eed33Bf,0x940181a94A35A4569E4529A3CDfB74e38FD98631,18,18,8,1977872604574498707,1,1.9778726045744988,1e-08,1977872604574498708,223912453520784,9510384450920533802520,9510.384450920534,1.3104870429348901e-21,12.46323559626081,0,12.46323559626081,763.0750760880919,1773878400
CL-USDC/CTX,0.03534344032888569,0x562d63bFCea2eae8be3265B1f841D42Af6DdE0B7,0x09f0FCCB52931ac063290E1498f391680573E74d,0x833589fCD6eDb6E08f4c7C32D4f71b54bdA02913,0xBB22Ff867F8Ca3D5F2251B4084F6Ec86D4666E14,0x940181a94A35A4569E4529A3CDfB74e38FD98631,18,6,18,93694,407082734896638001,0.093694,0.407082734896638,407082734896731695,1388566862590783,209382359437854282631413,209382.3594378543,1.0031971715706553e-22,21.005179076484573,0,21.005179076484573,9968.130177583638,1773878400
CL-MOCA/USDC,0.017664360720200042,0xbf4f004307F623C2Fa2c6cf8Ce8095200e389B13,0x5f42dc8b628b61F268BB832cBF04780a18CF6dD8,0x2B11834Ed1FeAEd4b4b3a86A6F571315E25A884D,0x833589fCD6eDb6E08f4c7C32D4f71b54bdA02913,0x940181a94A35A4569E4529A3CDfB74e38FD98631,18,18,6,116267170461307568105,749575,116.26717046130757,0.749575,116267170461308317680,693994294745368,104647580743123686095635,104647.58074312369,1.950865684480331e-21,204.15337423564472,0,204.15337423564472,512.5929519163071,1773878400
CL-WETH/uHBAR,0.0018553641366178967,0x006B41C8B19E73324808ecE954DDDfF978c9c8F3,0x760E67cD9Ef0B4b14a804b3C20fBf762A3e94117,0x4200000000000000000000000000000000000006,0xc79e06860Aa9564f95E08fb7E5b61458d0C63898,0x940181a94A35A4569E4529A3CDfB74e38FD98631,18,18,18,3580606148322734,74647518531178248628,0.003580606148322734,74.64751853117825,74651099137326571362,0,10991587602294987353085,10991.587602294987,0.0,0,0,0,nan,0
CL-WETH/Base is for everyone,0.006040974675674658,0x9aa26B650357bF9cc5439123BCd7e0C0200d90e6,0x78495D7753540ebEAc1fB45A27fB790868cB811e,0x4200000000000000000000000000000000000006,0xD769d56f479E9E72a77bB1523e866A33098Feec5,0x940181a94A35A4569E4529A3CDfB74e38FD98631,18,18,18,7624258302914,57702730619886341646,7.624258302914e-06,57.70273061988634,57702738244144644560,237337162854957,35788070406471528562431,35788.070406471525,1.7784831431481202e-22,6.364847994370771,0,6.364847994370771,5622.7690650465465,1773878400
CL-WETH/HYPER,0.001586129565232302,0x29AF315b3Bd7566005f14d81C582b59E1C632fFd,0x29C4ff5Cfb44a14974cCC2447e9555f753B3489D,0x4200000000000000000000000000000000000006,0xC9d23ED2ADB0f551369946BD377f8644cE1ca5c4,0x940181a94A35A4569E4529A3CDfB74e38FD98631,18,18,18,10759870518504,2621122675562819080,1.0759870518504e-05,2.621122675562819,2621133435433337584,62315579172893,9396582439402498988923,9396.582439402498,6.970182329850058e-21,65.49589288010264,0,65.49589288010264,143.46826993570366,1773878400
CL-USDC/TRYB,1.900811449351443e-05,0xeAd784aFe3Bdf564367D36DeBD3619a31ef2bd6a,0x2420CBAC5cA9DA04344A8752395912B87a2f4A2e,0x833589fCD6eDb6E08f4c7C32D4f71b54bdA02913,0xFb8718a69aed7726AFb3f04D2Bd4bfDE1BdCb294,0x940181a94A35A4569E4529A3CDfB74e38FD98631,18,6,6,1,1,1e-06,1e-06,2,746797337173,112608275371092200988,112.60827537109219,3.953096670655833e-21,0.4451513984577598,0,0.4451513984577598,252.96623971356013,1773878400
CL-ZORA/USDC,0.9286586172092489,0x3f53f1Fd5b7723DDf38D93a584D280B9b94C3111,0xaDEfE661847835C6566b1caAbECfcF09C586F300,0x1111111111166b7FE7bd91427724B487980aFc69,0x833589fCD6eDb6E08f4c7C32D4f71b54bdA02913,0x940181a94A35A4569E4529A3CDfB74e38FD98631,18,18,6,3676044511016381591192,34314731,3676.0445110163814,34.314731,3676044511016415905923,36525952329858424,5501579092872030333243442,5501579.09287203,3.524975868724443e-21,19392.933542252817,0,19392.933542252817,283.6898853329917,1773878400
CL-WETH/SIGN,0.03604479294849575,0x8A7b72F8ff5299E493317D4430293894107af859,0x3b23C56D4E0aA528FAc0446E17a4b6fF575fC057,0x4200000000000000000000000000000000000006,0x868FCEd65edBF0056c4163515dD840e9f287A4c3,0x940181a94A35A4569E4529A3CDfB74e38FD98631,18,18,18,662558881023771,37458202971552432435,0.000662558881023771,37.45820297155243,37458865530433456206,1416140217489417,213537327514684504945265,213537.3275146845,0.0,0,0,0,nan,0
CL-USDC/rETH,0.0001335001994770058,0xcb1F3E1A6BB8A0e2D97bDC9d48DB093B2C0095f9,0xF3616d12202831496fEA710eB652918550687Cbe,0x833589fCD6eDb6E08f4c7C32D4f71b54bdA02913,0xB6fe221Fe9EeF5aBa221c348bA20A1Bf5e73624c,0x940181a94A35A4569E4529A3CDfB74e38FD98631,18,6,18,1,79713024702,1e-06,7.9713024702e-08,79713024703,5245001734158,790884715574064282042,790.8847155740643,0.0,0,0,0,nan,0
CL-USDC/RIZE,0.05270509257361619,0xEa5cb64754Ad7aA24F7A6BBe3b724F29B4f822B8,0xE590B6913D090A012BDBBd9c58A9f0D7309C9356,0x833589fCD6eDb6E08f4c7C32D4f71b54bdA02913,0x9818B6c09f5ECc843060927E8587c427C7C93583,0x940181a94A35A4569E4529A3CDfB74e38FD98631,18,6,18,7346452,1506850641106075769421,7.346452,1506.8506411060757,1506850641106083115873,2144771985534202,312236628204954862357802,312236.62820495485,0.0,0,0,0,nan,0
CL-WETH/GIZA,0.011922740907585213,0x3C589883d42D5D45b50b9Fff4f07D990A1242A3F,0x1B5dD992cbd0De7a9B44A8736866214D093d2942,0x4200000000000000000000000000000000000006,0x590830dFDf9A3F68aFCDdE2694773dEBDF267774,0x940181a94A35A4569E4529A3CDfB74e38FD98631,18,18,18,172484362990559,14664186184125563899,0.000172484362990559,14.664186184125564,14664358668488554458,468310114338134,70632954770849913606695,70632.95477084992,2.031080325868267e-21,143.4612047930164,0,143.4612047930164,492.34881913028715,1773878400
CL-GIZA/USDC,1.0712355420643864,0xe077DdFb9E9d9403A8eC42D3023D17e8417ee399,0xe9d34ea7240cD470Ef9e8A797c442c41E090117a,0x590830dFDf9A3F68aFCDdE2694773dEBDF267774,0x833589fCD6eDb6E08f4c7C32D4f71b54bdA02913,0x940181a94A35A4569E4529A3CDfB74e38FD98631,18,18,6,120841947762812885063,214,120.84194776281288,0.000214,120841947762812885277,42078210856868874,6346236337604479455696255,6346236.33760448,9.417838233162676e-22,5976.782721697775,0,5976.782721697775,1061.8147978787085,1773878400
CL-MAMO/cbBTC,0.015206567361646295,0xE2B3aA806e56603a244bFc111c9474F7DeDD03db,0x219A387d97D62cF1A9f853D41a4D13BB71EA818C,0x7300B37DfdfAb110d83290A29DfB31B1740219fE,0xcbB7C0000aB88B473b1f5aFd9ef808440eed33Bf,0x940181a94A35A4569E4529A3CDfB74e38FD98631,18,18,8,32432407832447473226,326,32.432407832447474,3.26e-06,32432407832447473552,597294645167749,90087069156364514736785,90087.06915636451,2.8874360891930354e-21,260.12065465171565,0,260.12065465171565,346.3280118104621,1773878400
CL-cbXRP/cbBTC,0.5745510331409387,0x95Ff4985af7ED78421215be100c18a2b987f7E90,0x2db769AcFc04a1F27f4EF1Cc84B90CBde34e0A5a,0xcb585250f852C6c6bf90434AB21A00f02833a4af,0xcbB7C0000aB88B473b1f5aFd9ef808440eed33Bf,0x940181a94A35A4569E4529A3CDfB74e38FD98631,18,6,8,1160933,2799,1.160933,2.799e-05,1163732,22585006106134231,3403767426630122632578111,3403767.4266301226,1.2635571026655675e-21,4300.854507740192,0,4300.854507740192,791.4165476893967,1773878400
CL-WETH/cbXRP,0.32651253839641464,0xA6da283cf7D06b2279626E787c329d6aCF7e2994,0xB2d7D02733ae07695dF556d3AF2d09FC48f34D0F,0x4200000000000000000000000000000000000006,0xcb585250f852C6c6bf90434AB21A00f02833a4af,0x940181a94A35A4569E4529A3CDfB74e38FD98631,18,18,6,31559740,1,3.155974e-11,1e-06,31559741,12833766778277173,1934332510907540225643281,1934332.51090754,3.3117337207622193e-21,6405.994203539154,0,6405.994203539154,301.95664395682235,1773878400
CL-WETH/cbDOGE,0.11727042129542804,0xfb338cb462c9e44cAE9f442fEb09e8E904fFed47,0x34d4C2189A3F5ACD106731a6A236F6FFBB691577,0x4200000000000000000000000000000000000006,0xcbD06E5A2B0C65597161de254AA074E489dEb510,0x940181a94A35A4569E4529A3CDfB74e38FD98631,18,18,8,1,1,1e-18,1e-08,2,4606278847719971,694735919158384479324000,694735.9191583846,3.593206141790977e-22,249.6329371642707,0,249.6329371642707,2783.029863968689,1773878400
CL-cbBTC/cbDOGE,0.5454154970667485,0x363d1607b8DA83d6B6EA76D017CeEcf1316BB08A,0x648Eec151f6642Eb57B259A7AA0f963B826a7284,0xcbB7C0000aB88B473b1f5aFd9ef808440eed33Bf,0xcbD06E5A2B0C65597161de254AA074E489dEb510,0x940181a94A35A4569E4529A3CDfB74e38FD98631,18,8,8,4525,2225074494,4.525e-05,22.25074494,2225079019,21420583253868825,3231162065354219290976070,3231162.065354219,7.659121525696879e-22,2474.786292776969,0,2474.786292776969,1305.6327630328508,1773878400
CL-USDC/VIRGEN,2.5437600461335656e-05,0xda353757c951289C0d2aC757dF4A2a6005f866Fd,0xd6F600AC3A4A9eB421FBb5923EB9F482946E4f09,0x833589fCD6eDb6E08f4c7C32D4f71b54bdA02913,0xbf8566956b4e2D8BEB90c4c19dbb8c67A9290C36,0x940181a94A35A4569E4529A3CDfB74e38FD98631,18,6,18,12185571,14578273995748595320224,12.185571,14578.273995748596,14578273995748607505795,0,150697972621496451866,150.69797262149646,0.0,0,0,0,nan,0
CL-WETH/DEGEN,2.6855572443299685e-07,0x68a5aEA4DE3D938a755D85d1868Fe79A9C7B6ae1,0x6a7d1B43b42F8A30B729bfFbdAe2884b683b545c,0x4200000000000000000000000000000000000006,0x4ed4E862860beD51a9570b96d89aF5E1B0Efefed,0x940181a94A35A4569E4529A3CDfB74e38FD98631,18,18,18,223801001950822,320827278008652261249,0.000223801001950822,320.8272780086523,320827501809654212071,0,1590983523365902473,1.5909835233659027,0.0,0,0,0,nan,0
CL-cbLTC/cbBTC,0.2246202222493966,0x6044c817e55A03DAdc5F6b8B7045aF1985aE90fA,0x3De827C30391B6C75Af11a946adAA83733b9EE62,0xcb17C9Db87B595717C857a08468793f5bAb6445F,0xcbB7C0000aB88B473b1f5aFd9ef808440eed33Bf,0x940181a94A35A4569E4529A3CDfB74e38FD98631,18,8,8,1,3774,1e-08,3.774e-05,3775,8830263482437075,1330699888703128951301180,1330699.888703129,1.1704692209110798e-21,1557.543261996812,0,1557.543261996812,854.3582198783591,1773878400
CL-WETH/WOO,0.08163095457186112,0xAD06a870Fc2198398c18a6f2cA035Bf795EdEeFe,0xe75880892CC7B8F7D64614345c5422c3cc4FA41A,0x4200000000000000000000000000000000000006,0xF3df0A31ec5EA438150987805e841F960b9471b6,0x940181a94A35A4569E4529A3CDfB74e38FD98631,18,18,18,1,367761081329695282720,1e-18,367.7610813296953,367761081329695282721,3206498026406396,483599833869354926657908,483599.8338693549,1.3310163837276688e-21,643.6793020480902,0,643.6793020480902,751.3055528282692,1773878400
CL-SEDA/WETH,0.008993636149118198,0x681D6e4B0b020656cA04956dDAf76aDd7EF022F6,0x82F40418147828bcC8f0F1F551685FC2f6768176,0x306aCd0c07c430AbBBb2e74Ef7bdE94F32A898c0,0x4200000000000000000000000000000000000006,0x940181a94A35A4569E4529A3CDfB74e38FD98631,18,18,18,906533065709647150,407564193530,0.9065330657096472,4.0756419353e-07,906533473273840680,353299492771126,53280290184113960909969,53280.29018411396,3.007621421636848e-21,160.24694210876862,0,160.24694210876862,332.4886545912972,1773878400
CL-SUPR/WETH,3.261721727117617e-05,0x1c6511ef0ec38b5b91208D1A21eF9f9D1aA532B3,0xA6b01B70982BF3D288d84182b44632CE6E34f6F0,0x17906b1Cd88aA8EfaEfC5e82891B52a22219BD45,0x4200000000000000000000000000000000000006,0x940181a94A35A4569E4529A3CDfB74e38FD98631,18,18,18,9230650786610711614367,2989137869810022,9230.650786610711,0.002989137869810022,9230653775748581424389,0,193231610929351705504,193.23161092935172,0.0,0,0,0,nan,0
CL-TIG/USDC,0.08923937853025135,0x3F5E98C7ebfF35056ab4346BCcd722A537c1aEfA,0x03fDf6f0f980Aa6eb2bc5387a27883360414Bf6C,0x0C03Ce270B4826Ec62e7DD007f0B716068639F7B,0x833589fCD6eDb6E08f4c7C32D4f71b54bdA02913,0x940181a94A35A4569E4529A3CDfB74e38FD98631,18,18,6,34391241676076060102,811207,34.39124167607606,0.811207,34391241676076871309,3586974741912583,528673820589013636719421,528673.8205890136,1.4610535200581063e-21,772.4207465341461,0,772.4207465341461,684.437624133187,1773878400
CL-WETH/SYRUP,0.16281834565150383,0x7432aaB631B801a10BEF7d70c1507a32755595fa,0x152cF5b5Fa1A41D00140A83e39328D8C5F0cDdB8,0x4200000000000000000000000000000000000006,0x688AEe022AA544f150678B8E5720b6b96a9E9a2F,0x940181a94A35A4569E4529A3CDfB74e38FD98631,18,18,18,5513204381255717,19562913631353361445,0.005513204381255717,19.56291363135336,19568426835734617162,6537660058237241,964571899482508626904084,964571.8994825087,8.63158206438158e-22,832.5781507379694,0,832.5781507379694,1158.5361669983106,1773878400
CL-VEUR/USDC,0.0028106640496377705,0xc5cE625C8Ffa95789eFa4bD9a5925C91154a5187,0x94824E750c153908c9ecE916d3018D2D7E1222Fc,0x4ed9Df25d38795a47f52614126e47f564D37F347,0x833589fCD6eDb6E08f4c7C32D4f71b54bdA02913,0x940181a94A35A4569E4529A3CDfB74e38FD98631,18,18,6,1,284985,1e-18,0.284985,284986,110405154392760,16650995625327826412518,16650.995625327825,1.0273317108548865e-21,17.106095823205266,0,17.106095823205266,973.3954373586477,1773878400
CL-VCHF/USDC,0.004020115867051324,0x44B7CbBb1E326617d439a2966C4475e78b9D42E6,0x38B25d8551c8f4Dd17557Bb319c9f8D9846C48Eb,0x1fcA74D9ef54a6AC80ffE7D3b14e76c4330Fd5D8,0x833589fCD6eDb6E08f4c7C32D4f71b54bdA02913,0x940181a94A35A4569E4529A3CDfB74e38FD98631,18,18,6,94462150596014595,11,0.0944621505960146,1.1e-05,94462150596014606,157913398805449,23816055755297208256750,23816.055755297206,2.3594970725679877e-21,56.19391383473973,0,56.19391383473973,423.81913146924893,1773878400
CL-VIRTUAL/MAMO,0.0286589396954679,0x4A021bA3ab1F0121e7DF76f345C547db86Cb3468,0xa1d2b60242f36Df5Ce0Bc09a7AC2DE0943F52059,0x0b3e328455c4059EEb9e3f84b5543F74E24e7E1b,0x7300B37DfdfAb110d83290A29DfB31B1740219fE,0x940181a94A35A4569E4529A3CDfB74e38FD98631,18,18,18,407443171545060029,1,0.40744317154506005,1e-18,407443171545060030,1125757471614679,169781898892281333220593,169781.89889228134,2.660468456807876e-21,451.69938653985855,0,451.69938653985855,375.8736539202706,1773878400
CL-USDC/VGBP,0.0013046601871486096,0x02bC3eA058FD3aA62C8aA19912F1D0908685E7e1,0xa4972a1Bb2Eb82a7aF5d11bcf559534567de4536,0x833589fCD6eDb6E08f4c7C32D4f71b54bdA02913,0xAEB4bb7DebD1E5e82266f7c3b5cFf56B3A7BF411,0x940181a94A35A4569E4529A3CDfB74e38FD98631,18,6,18,2002,1569670711465889,0.002002,0.001569670711465889,1569670711467891,51248614540789,7729095574958731000625,7729.095574958731,2.651107729682739e-22,2.0490665022229746,0,2.0490665022229746,3772.0081639974364,1773878400
CL-VCHF/WETH,0.0018246158640076934,0x89AB78D42bA0D381fE3C02666aBB4276E21e5a13,0x18fb83982A84Cd4C75c59Fae8a342b8c1B58A132,0x1fcA74D9ef54a6AC80ffE7D3b14e76c4330Fd5D8,0x4200000000000000000000000000000000000006,0x940181a94A35A4569E4529A3CDfB74e38FD98631,18,18,18,21854893851852,1,2.1854893851852e-05,1e-18,21854893851853,71673096198257,10809428032998589177398,10809.42803299859,2.2459034762872055e-22,2.4276931995987905,0,2.4276931995987905,4452.551102744365,1773878400
CL-WETH/VGBP,0.0012725890936374628,0xf935fa2e4ae1593953263f4C1674ea21dae64169,0x6936F0A25e723925C765EB1424cD5B3a7d0D7039,0x4200000000000000000000000000000000000006,0xAEB4bb7DebD1E5e82266f7c3b5cFf56B3A7BF411,0x940181a94A35A4569E4529A3CDfB74e38FD98631,18,18,18,985939196426,3797866524352109,9.85939196426e-07,0.003797866524352109,3798852463548535,49988823581085,7539099322001211340294,7539.0993220012115,3.028905592073791e-22,2.2835220095609197,0,2.2835220095609197,3301.522512345237,1773878400
CL-MAMO/USDC,0.022012961042540007,0x678F431DA2aBb9B5726bbf5CCDbaEEBB60dA9813,0xDFB9E9445aB1ABf6f083Fa2971cc335fDbE84Dd8,0x7300B37DfdfAb110d83290A29DfB31B1740219fE,0x833589fCD6eDb6E08f4c7C32D4f71b54bdA02913,0x940181a94A35A4569E4529A3CDfB74e38FD98631,18,18,6,12663613680249307382,37640,12.663613680249307,0.03764,12663613680249345022,864706910078617,130409651081239594561981,130409.6510812396,9.303847203189642e-22,121.33114674811281,0,121.33114674811281,1074.8241863400008,1773878400
CL-R1/USDC,0.010314558425340613,0x81aA7644632479A621A3ADd22641aC1b41FaA5f4,0x28e9E379291dd5a7cD5BF1d2e41d03bD9cf101B7,0x6444C6c2D527D85EA97032da9A7504d6d1448ecF,0x833589fCD6eDb6E08f4c7C32D4f71b54bdA02913,0x940181a94A35A4569E4529A3CDfB74e38FD98631,18,18,6,74007252412035116,1,0.07400725241203511,1e-06,74007252412035117,405173566952922,61105725972361981656444,61105.725972361986,1.9359388442284013e-22,11.829694851467186,0,11.829694851467186,5165.452426254537,1773878400
CL-WETH/ZEN,0.7005661047528674,0x0392B12a1cEb0cd13af5Ea448CF5586EA609852D,0x828622C92977a372Be19F24bC5c4B5021B4b06eC,0x4200000000000000000000000000000000000006,0xf43eB8De897Fbc7F2502483B2Bef7Bb9EA179229,0x940181a94A35A4569E4529A3CDfB74e38FD98631,18,18,18,30872742438187469,7389076862159286567,0.03087274243818747,7.389076862159286,7419949604597474036,27520814400557477,4150308588817761876605588,4150308.588817762,8.3441206150434e-21,34630.67545474597,0,34630.67545474597,119.84486396291129,1773878400
CL-ZRO/ZEN,0.04289512944961472,0x82685574957fEf6ab359D8c1083401B492dCa0CF,0xAc7aa2b1eA5B8847FCa2A79D3DdC191aF96e4669,0x6985884C4392D348587B19cb9eAAf157F13271cd,0xf43eB8De897Fbc7F2502483B2Bef7Bb9EA179229,0x940181a94A35A4569E4529A3CDfB74e38FD98631,18,18,18,489360100391060627,93855633662636543,0.48936010039106065,0.09385563366263654,583215734053697170,1759606208167530,254120236427920046892240,254120.23642792006,1.0726804854711018e-21,272.58981857953245,0,272.58981857953245,932.2440498773669,1773878400
CL-cbBTC/ZEN,0.31288050597041983,0x47f9e291bb766Fc307Ad7BBa4f29f3Eab6A97101,0xB6abC5598A53C8432F9C849528d9D30E30c205FA,0xcbB7C0000aB88B473b1f5aFd9ef808440eed33Bf,0xf43eB8De897Fbc7F2502483B2Bef7Bb9EA179229,0x940181a94A35A4569E4529A3CDfB74e38FD98631,18,8,18,20093,550225756309314924,0.00020093,0.5502257563093149,550225756309335017,12303677286510459,1853573335039894429383760,1853573.3350398946,7.052753632136123e-21,13072.796071133282,0,13072.796071133282,141.78859097579482,1773878400
CL-ZORA/WETH,0.18985634377954666,0xAdB8Fb846DBD3Bd6A23335CEe65Bb610C1cf0ea3,0x6b82714e0e4964595A97fE2b1c3Ad03Dbb246fdF,0x1111111111166b7FE7bd91427724B487980aFc69,0x4200000000000000000000000000000000000006,0x940181a94A35A4569E4529A3CDfB74e38FD98631,18,18,18,634147957869870716603,3965931217825514,634.1479578698708,0.003965931217825514,634151923801088542117,7466702316308152,1124750981933036599050999,1124750.9819330366,5.276769600220838e-21,5935.051789282785,0,5935.051789282785,189.50988497927764,1773878400
CL-WETH/ADM,0.0029316306106297353,0x304Bd2Fc8059CC38b09d6E9cdfE62A57A5f456bE,0xA5374a774f297310F5b7124b32836E2540675CB1,0x4200000000000000000000000000000000000006,0x55fF51DA774b8ce0ed1ABAeD1CB76236bc6b2f16,0x940181a94A35A4569E4529A3CDfB74e38FD98631,18,18,18,9778338629996865,23824973407438689455866,0.009778338629996865,23824.97340743869,23824983185777319452731,0,17367628293735048479142,17367.628293735048,0.0,0,0,0,nan,0
CL-WETH/AAA,0.01376124674135848,0xeE43F28bf16AbaA17D5874e57B3A8FfdC99ECBBA,0xeC465874335285521e8A9D97959c8B799862f107,0x4200000000000000000000000000000000000006,0xaaa843fb2916c0B57454270418E121C626402AAa,0x940181a94A35A4569E4529A3CDfB74e38FD98631,18,18,18,22880966227678,5756022766918376406,2.2880966227678e-05,5.7560227669183766,5756045647884604084,540583280664812,81524670057578553316094,81524.67005757855,1.8515243065749763e-22,15.094490819711186,0,15.094490819711186,5400.9552909939375,1773878400
CL-WETH/A0X,0.0010344760776040507,0x035D6b8ac7Fe438F8B3b52Eac81e346377f7509F,0x688da366bFe09A22f2AF5f54FC463c4E0c137a0f,0x4200000000000000000000000000000000000006,0x820C5F0fB255a1D18fd0eBB0F1CCefbC4D546dA7,0x940181a94A35A4569E4529A3CDfB74e38FD98631,18,18,18,170410373277794,3089456614640581297386,0.000170410373277794,3089.4566146405814,3089456785050954575180,40637340664764,6128465137948895004404,6128.465137948895,0.0,0,0,0,nan,0
CL-TOWNS/WETH,0.36392242572805805,0xB98185D088C7F3B035cF1384EB9efF4312bf734d,0xf5C198ead622C29589E5d34936CFEa42869bc3aC,0x00000000A22C618fd6b4D7E9A335C4B96B189a38,0x4200000000000000000000000000000000000006,0x940181a94A35A4569E4529A3CDfB74e38FD98631,18,18,18,3678382796191304821344,1177316244968862,3678.382796191305,0.001177316244968862,3678383973507549790206,14297804486427542,2155956959543968406113336,2155956.9595439686,3.3806706508279398e-21,7288.580417578534,0,7288.580417578534,295.79929643696465,1773878400
CL-WETH/ZXBT,1.1557569613334375e-06,0x017FFF440a3Ad5Fa72EC1f1efA615B5892F9a72A,0xFc8AcA4F761832bd7aBB776931699433A80c561D,0x4200000000000000000000000000000000000006,0xE99D2F7988c5F2d013A34E7484f079cAB87f469F,0x940181a94A35A4569E4529A3CDfB74e38FD98631,18,18,18,20410419916570,1194264941211517139271,2.041041991657e-05,1194.2649412115172,1194264961621937055841,0,6846959923789334180,6.846959923789335,0.0,0,0,0,nan,0
CL-WETH/docker,0.00013857657001431446,0xC172acE2c8ed86acDFdd5723d0118f16C00117DD,0x655CB374D5d086916168aCF703B967e5064B94B0,0x4200000000000000000000000000000000000006,0x56f8AD6112C2DB9F9848243531B277cE1C3BE30c,0x940181a94A35A4569E4529A3CDfB74e38FD98631,18,18,18,24787189175014,1915041341629923099303,2.4787189175014e-05,1915.0413416299232,1915041366417112274317,0,820958257668205029127,820.9582576682051,0.0,0,0,0,nan,0
CL-1000X/USDC,0.0014352515574353678,0x458F1d779E5F9ee149b53B8f77c5d62C2Bc28d8e,0x3494963a2a8407f2c15d0af6cA417292882a87ed,0x352b850b733ab8baB50aED1Dab5D22E3186ce984,0x833589fCD6eDb6E08f4c7C32D4f71b54bdA02913,0x940181a94A35A4569E4529A3CDfB74e38FD98631,18,18,6,1,1,1e-18,1e-06,2,56377654160603,8502747742897698981703,8502.747742897698,5.36786759010887e-22,4.564162403597191,0,4.564162403597191,1862.9371593342862,1773878400
CL-WETH/ENA,0.0054993314491517155,0xc422BFB18F9FC217f955d759D3753F31137cCEFd,0x11EC04A8AD5df5c187470Ec941Ef26DEa7f9EBD1,0x4200000000000000000000000000000000000006,0x58538e6A46E07434d7E7375Bc268D3cb839C0133,0x940181a94A35A4569E4529A3CDfB74e38FD98631,18,18,18,39695327359275,1610267025842913699,3.9695327359275e-05,1.6102670258429137,1610306721170272974,216047475953837,32579256106347577344225,32579.256106347577,1.908743513277475e-21,62.18544376039651,0,62.18544376039651,523.9048583761339,1773878400
CL-USDC/AERO,5.881514850392311e-08,0xa4FDd479eda160671636e2eCF8f993Cbf86258a8,0xA31AEFB33c052Aa0325d2FFbc882BceD31bf62C2,0x833589fCD6eDb6E08f4c7C32D4f71b54bdA02913,0x940181a94A35A4569E4529A3CDfB74e38FD98631,0x0000000000000000000000000000000000000000,18,6,18,0,0,0.0,0.0,0,0,348433951246518830,0.3484339512465188,0.0,0,0,0,nan,0
CL-WETH/ORDER,0.018204593562653568,0x27bd426eC343845995c527d634c4E07f0608AaCd,0x6EA5161E3f223dE6ab0e079F0977AEf1056C4b3e,0x4200000000000000000000000000000000000006,0x4E200fE2f3eFb977d5fd9c430A41531FB04d97B8,0x940181a94A35A4569E4529A3CDfB74e38FD98631,18,18,18,324520262363,81353079612699691732,3.24520262363e-07,81.35307961269969,81353079937219954095,715077992521597,107848039616005132926916,107848.03961600513,5.790721986487957e-21,624.5180142040251,0,624.5180142040251,172.6900380182981,1773878400
CL-WFRAX/WETH,0.0010551718348679132,0x2229B66a40Ece21d0B5d4e061CB35bc44CD623b5,0x03b16EcD57519243BA821196bfE019350C88835c,0x0CEAC003B0d2479BebeC9f4b2EBAd0a803759bbf,0x4200000000000000000000000000000000000006,0x940181a94A35A4569E4529A3CDfB74e38FD98631,18,18,18,1939204940528608670,388249094157418,1.9392049405286087,0.000388249094157418,1939593189622766088,41453074381099,6251071382443975375422,6251.071382443975,1.897863352906219e-21,11.863679293141235,0,11.863679293141235,526.9083248109982,1773878400
CL-USDC/GHST,0.033881103637346484,0x56C11053159a24c0731b4b12356BC1f0578FB474,0x8cA6075D8109bBb56d4af4B1056D2ba946c8086B,0x833589fCD6eDb6E08f4c7C32D4f71b54bdA02913,0xcD2F22236DD9Dfe2356D7C543161D4d260FD9BcB,0x940181a94A35A4569E4529A3CDfB74e38FD98631,18,6,18,630700,12182936252441881,0.6307,0.012182936252441882,12182936253072581,1299151533517322,200719153368557656871004,200719.15336855766,0.0,0,0,0,nan,0
CL-GAI/WETH,2.570862878288223e-06,0x3A4eA0342da8841843cFE05495DccB1D9A746Ef2,0x1BEF11019be0c39d5A7A8788E3ed6B99d68a0c79,0x3489256FEBdb1dc930Dc3743617AD387Cd6D3568,0x4200000000000000000000000000000000000006,0x940181a94A35A4569E4529A3CDfB74e38FD98631,18,18,18,5918269782644928,7631459,0.005918269782644928,7.631459e-12,5918269790276387,0,15230360435716886724,15.230360435716886,0.0,0,0,0,nan,1773878400
CL-WETH/PREDI,0.00014417976883495913,0x0c86A9584175ad79252316D46FB127002Ee9b3C6,0x16926Ce2985688C8A549c3F1EE346Fe65dFd223c,0x4200000000000000000000000000000000000006,0xaeA742f80922f7C94B8FD91686c9dFbDFE90d9E6,0x940181a94A35A4569E4529A3CDfB74e38FD98631,18,18,18,51476196261480,92209645537513725814,5.147619626148e-05,92.20964553751372,92209697013709987294,0,854152847061562186227,854.1528470615622,0.0,0,0,0,nan,0
CL-USDC/SAPIEN,0.10440095889022549,0x80Cc08712Aa61cE9dc7604F9cE7560A25094B862,0x96FA1A659f080067b554d1d60DfF183EDCe0b027,0x833589fCD6eDb6E08f4c7C32D4f71b54bdA02913,0xC729777d0470F30612B1564Fd96E8Dd26f5814E3,0x940181a94A35A4569E4529A3CDfB74e38FD98631,18,6,18,4470690,31857247200015959275,4.47069,31.85724720001596,31857247200020429965,4100994690079006,618494376795124954943980,618494.376795125,1.5113153499232516e-21,934.7400454916876,0,934.7400454916876,661.6752751507371,1773878400
CL-USDC/VELVET,0.0004174322635291762,0x6b0F53cbD9272D8117e9535FE25371dedF39a1bE,0xc632BA1757eb3245d8f81d0Ea2ED3DE456DFfB73,0x833589fCD6eDb6E08f4c7C32D4f71b54bdA02913,0xbF927b841994731C573BDF09ceB0c6B0Aa887cDd,0x940181a94A35A4569E4529A3CDfB74e38FD98631,18,6,18,357345,7556188431464879416,0.357345,7.5561884314648795,7556188431465236761,16396913844568,2472961076508159961989,2472.9610765081597,2.5723491095696324e-21,6.361319223156125,0,6.361319223156125,388.7497215210051,1773878400
CL-WETH/balajis,9.889377483477419e-07,0x4A7118f40fCBBBeB2d5Ff3696eBc456Bb2B8326e,0x0b3e4c78EE4232d22d2CA56F62b9972796D73ed5,0x4200000000000000000000000000000000000006,0xcaf75598B8b9a6E645B60D882845d361F549f5EC,0x940181a94A35A4569E4529A3CDfB74e38FD98631,18,18,18,172710727624171,615920792581671184301,0.000172710727624171,615.9207925816712,615920965292398808472,0,5858686001118486320,5.858686001118486,0.0,0,0,0,nan,0
CL-WETH/VELVET,7.720742493071518e-05,0xF579B16f9b1A4aCc872D34a8141fbbD36C0ce10C,0xbaB42F222012FeA2D1BC17Ca9Db82031e84511D2,0x4200000000000000000000000000000000000006,0xbF927b841994731C573BDF09ceB0c6B0Aa887cDd,0x940181a94A35A4569E4529A3CDfB74e38FD98631,18,18,18,8214818074843,96314027979620907,8.214818074843e-06,0.09631402797962091,96322242797695750,3032669727823,457393865670230722076,457.39386567023075,6.456037612919979e-21,2.952952000685878,0,2.952952000685878,154.89376920586335,1773878400
CL-USDC/frxUSD,0.0003783700527159949,0xD3d9f0f7D0d477e0A19222965B59233Ad7f6Bc6b,0x4A3Ee54B82c1aE22b81EEb95cA53f9F7234fEE5b,0x833589fCD6eDb6E08f4c7C32D4f71b54bdA02913,0xe5020A6d073a794B6E7f05678707dE47986Fb0b6,0x940181a94A35A4569E4529A3CDfB74e38FD98631,18,6,18,82285,142242188245748327,0.082285,0.14224218824574833,142242188245830612,14861845783239,2241547898028241904861,2241.547898028242,0.0,0,0,0,nan,0
CL-uPUMP/WETH,0.022568713212207787,0x777820ca027BdeE7D12Cae14355Da487328aE8d2,0xA41d7b78C7796289B6eC774A692BeF49Bc0e5271,0x20FbD133897Ef802e0235dB77bB19a071E257d41,0x4200000000000000000000000000000000000006,0x940181a94A35A4569E4529A3CDfB74e38FD98631,18,18,18,16063103640626122813097,14145385283610007,16063.103640626123,0.014145385283610007,16063117786011406423104,0,133702049881835228892109,133702.04988183524,0.0,0,0,0,nan,0
CL-FLOCK/USDC,0.07806650692470406,0xd7338B6F338DA54b922bbBC6fBE3EFEDD5Ce35fa,0xfC0d4756FaD40dB4B71225DeF4eEC42e9c9EF070,0x5aB3D4c385B400F3aBB49e80DE2fAF6a88A7B691,0x833589fCD6eDb6E08f4c7C32D4f71b54bdA02913,0x940181a94A35A4569E4529A3CDfB74e38FD98631,18,18,6,66301336353918241929,2534446,66.30133635391824,2.534446,66301336353920776375,3071051766955036,462483257454905269278554,462483.25745490525,2.2466616660028012e-21,1039.0434056920399,0,1039.0434056920399,445.10484828771416,1773878400
CL-WETH/USDC,1.220268327140916,0xdbc6998296caA1652A810dc8D3BaF4A8294330f1,0x45C6e6A47a711B14D8357D5243F46704904578e3,0x4200000000000000000000000000000000000006,0x833589fCD6eDb6E08f4c7C32D4f71b54bdA02913,0x940181a94A35A4569E4529A3CDfB74e38FD98631,18,18,6,22132129624153539,51285278,0.02213212962415354,51.285278,22132129675438817,47933442694236104,7229139526500190909769280,7229139.526500191,9.489425754243157e-22,6860.03828037881,0,6860.03828037881,1053.8045461316287,1773878400
CL-BIO/AUBRAI,0.00802991199974682,0x6744257f30D991fF0de9f5Aa2AcD03f8093e7067,0xCcCc26Ff97FE100E6eD2D36E345A6171aA9Ec599,0x226A2FA2556C48245E57cd1cbA4C6c9e67077DD2,0x9d56c29e820Dd13b0580B185d0e0Dc301d27581d,0x940181a94A35A4569E4529A3CDfB74e38FD98631,18,18,18,1,87838962571522361,1e-18,0.08783896257152236,87838962571522362,315415171447058,47570975121264787154168,47570.97512126478,1.965251430740421e-21,93.48892691878258,0,93.48892691878258,508.840743916031,1773878400
CL-WETH/cbBTC,1.3813733621819928,0x22AEe3699b6A0fEd71490C103Bd4E5f3309891D5,0x83e2E9493996651ed63033d81f5052cBE2fEB6A1,0x4200000000000000000000000000000000000006,0xcbB7C0000aB88B473b1f5aFd9ef808440eed33Bf,0x940181a94A35A4569E4529A3CDfB74e38FD98631,18,18,8,27014854875823335,87904,0.027014854875823335,0.00087904,27014854875911239,54260743790245579,8183561394895658183519981,8183561.394895658,1.324799423116755e-21,10841.577414998315,0,10841.577414998315,754.8312465651411,1773878400
CL-WETH/MEM,0.007851235840951182,0x531a13a588C4188FdAE818D56CB91ECC4F6BDeAF,0x5f57a113eD5529A14B08006Bf788c3fe0cBfBfA4,0x4200000000000000000000000000000000000006,0x7750741868Cc4A865d9c0f619e6E642FD61F642f,0x940181a94A35A4569E4529A3CDfB74e38FD98631,18,18,18,32649768733370,4137512558042435644,3.264976873337e-05,4.1375125580424355,4137545207811169014,308398806626559,46512458028537186730191,46512.45802853719,0.0,0,0,0,nan,0
CL-AVNT/USDC,0.5503633519800223,0xe30d5BF485F7476AC15884a28ffb3C9cEA635DCB,0x26b130316314259fa5047656c6BB16fE521Ea082,0x696F9436B67233384889472Cd7cD58A6fB5DF4f1,0x833589fCD6eDb6E08f4c7C32D4f71b54bdA02913,0x940181a94A35A4569E4529A3CDfB74e38FD98631,18,18,6,37036478876747865034,2567856,37.036478876747864,2.567856,37036478876750432890,21631989639477075,3260474252460428183526917,3260474.252460428,2.1032903347559374e-21,6857.723981920608,0,6857.723981920608,475.4455357282087,1773878400
CL-USDC/SOLV,2.1609215224612006e-08,0x1697405bD1c71A949B3Bb55b1915734D9188CB87,0x1a4751c93eADB674C777C2c5A8b47270B8BE2946,0x833589fCD6eDb6E08f4c7C32D4f71b54bdA02913,0xabE8E5CabE24Cb36df9540088fD7cE1175b9bc52,0x940181a94A35A4569E4529A3CDfB74e38FD98631,18,6,18,451756,35602573508590874584,0.451756,35.60257350859087,35602573508591326340,0,128017771536286533,0.12801777153628652,0.0,0,0,0,nan,1773878400
CL-AVNT/USDC,0.5565026158122729,0xc4ed25e61cBdE561c982789f740E3e9A8C317100,0x658CeF587d3D9e31DEF560c19c199914c07a4826,0x696F9436B67233384889472Cd7cD58A6fB5DF4f1,0x833589fCD6eDb6E08f4c7C32D4f71b54bdA02913,0x940181a94A35A4569E4529A3CDfB74e38FD98631,18,18,6,55894346252168967389,4303255,55.894346252168965,4.303255,55894346252173270644,21893951221861160,3296844609574688591537503,3296844.6095746886,1.0554871302508968e-21,3479.777055843126,0,3479.777055843126,947.4298372186622,1773878400
CL-WETH/AUBRAI,4.340314071682757e-05,0xE2b2A0faeB9e0725513ba166d7A2fE849E480C6D,0xEe9AFdf35D0d825AC4A89728bb16425ABE0E9Cfe,0x4200000000000000000000000000000000000006,0x9d56c29e820Dd13b0580B185d0e0Dc301d27581d,0x940181a94A35A4569E4529A3CDfB74e38FD98631,18,18,18,1,905058416987155,1e-18,0.000905058416987155,905058416987156,1704837134548,257129807560787606291,257.1298075607876,4.807344351209158e-22,0.12361115279048501,0,0.12361115279048501,2080.150550788975,1773878400
CL-WETH/RETAKE,0.00037448029889672725,0x06c522A75A0413269FAE5069FF9B93D65C7c4B57,0x266F44F2BDE17b7A45489DFb0727Fe37451a50Cf,0x4200000000000000000000000000000000000006,0x5eeB2662615782b58251b6f0c3E107571ae1AB07,0x940181a94A35A4569E4529A3CDfB74e38FD98631,18,18,18,239701573614211,248600794280078291901217,0.000239701573614211,248600.7942800783,248600794519779865515428,0,2218504135883642989512,2218.504135883643,0.0,0,0,0,nan,0
CL-WETH/BID,0.0131008969524451,0x1024C20c048ea6087293f46D4a1C042CB6705924,0x57676415De17E1c684D1028B8a39D1AcF8D6a63d,0x4200000000000000000000000000000000000006,0xa1832f7F4e534aE557f9B5AB76dE54B1873e498B,0x940181a94A35A4569E4529A3CDfB74e38FD98631,18,18,18,3204399947898,8347702540823570546,3.204399947898e-06,8.34770254082357,8347705745223518444,510015216471902,77612611820735948869347,77612.61182073595,6.1299196646266555e-21,475.75907542296454,0,475.75907542296454,163.13427495153076,1773878400
CL-USDC/VNXAU,5.565116274358029e-06,0xafF8b2C5EeECf3f19cf2066268a4B0B3d2F89E2D,0x9C6CbA0122111c5b2E7Cc4a273F97BF90FEFcf19,0x833589fCD6eDb6E08f4c7C32D4f71b54bdA02913,0xAc3FE22294beaED9d1FD752323a6d06D12Ff3098,0x940181a94A35A4569E4529A3CDfB74e38FD98631,18,6,18,33211,401975053403572,0.033211,0.000401975053403572,401975053436783,0,32968979964260959830,32.96897996426096,0.0,0,0,0,nan,0
CL-SYND/WETH,0.3310011163397786,0x50F8F7fFBD70c6C87b1668EEe4E03F5AC057DE3F,0xC2e94B700aDA596bF431Fc10558BA7Ab0c639914,0x11dC28D01984079b7efE7763b533e6ed9E3722B9,0x4200000000000000000000000000000000000006,0x940181a94A35A4569E4529A3CDfB74e38FD98631,18,18,18,8597175460898156893,1095680905631153,8.597175460898157,0.001095680905631153,8598271141803788046,13002895899662853,1960923839639456436726442,1960923.8396394565,0.0,0,0,0,nan,0
CL-LCAP/USDC,0.04921777589520475,0xC8C15670050541255f9b797C008047682524861F,0xa45562bbD6Cfb11fCfbb96c038001D6FC8b43990,0x4dA9A0f397dB1397902070f93a4D6ddBC0E0E6e8,0x833589fCD6eDb6E08f4c7C32D4f71b54bdA02913,0x940181a94A35A4569E4529A3CDfB74e38FD98631,18,18,6,1,881772,1e-18,0.881772,881773,1933288422151856,291576992712820779497917,291576.99271282076,1.0756919941068005e-21,313.64703672691826,0,313.64703672691826,929.63413828356,1773878400
CL-SYND/USDC,0.575299351067049,0x9dCBB8258e0015d6cB81061b3F5c47D5C5D6188f,0x46060dDAD805A2783DFf4A536AA774Da5A3Eac89,0x11dC28D01984079b7efE7763b533e6ed9E3722B9,0x833589fCD6eDb6E08f4c7C32D4f71b54bdA02913,0x940181a94A35A4569E4529A3CDfB74e38FD98631,18,18,6,786634740803220828671,13851510,786.6347408032208,13.85151,786634740803234680181,22598372721034440,3408200627572662521246019,3408200.627572662,1.1016130835517256e-21,3754.518402703247,0,3754.518402703247,907.7597342761094,1773878400
CL-LINK/AERO,0.0010517803575943899,0x07b1Be2F179313C4F3C7124893d46990672c3F1a,0x1c484bA49128bF0D9191ADb349AF154c1196EA4a,0x88Fb150BDc53A65fe94Dea0c9BA0a6dAf8C6e196,0x940181a94A35A4569E4529A3CDfB74e38FD98631,0x940181a94A35A4569E4529A3CDfB74e38FD98631,18,18,18,2071616605051628,77420698649635012,0.002071616605051628,0.07742069864963501,79492315254686640,41315738547815,6230979520788679094921,6230.979520788679,8.252615072345138e-22,5.142187550873454,0,5.142187550873454,1211.7371175484025,1773878400
CL-SPON/WETH,0.005154110968615731,0xb51C06EE6a8459630F0b98A2372F8121aF8F61b1,0x1f5aB71271879f5C28832B26753CD868f49f1857,0x080D43c2164AFdBc3712422CE78Ab902ccaB5CA1,0x4200000000000000000000000000000000000006,0x940181a94A35A4569E4529A3CDfB74e38FD98631,18,18,18,54989077852147472673,1,54.989077852147474,1e-18,54989077852147472674,202450947203474,30534093607499994477522,30534.09360749999,3.096614821127949e-21,94.55232681469265,0,94.55232681469265,322.9332861087798,1773878400
CL-WETH/WCT,0.008219691730584016,0xEBd2eeaB20CeFa41C94343F506ac506bfc3F681e,0xC5135Bcc045dc47Fc2a79483E3aD8E7B9C6512EF,0x4200000000000000000000000000000000000006,0xeF4461891DfB3AC8572cCf7C794664A8DD927945,0x940181a94A35A4569E4529A3CDfB74e38FD98631,18,18,18,110767265859915,20675011395636715099,0.000110767265859915,20.675011395636716,20675122162902575014,307210974126391,48695272231178474787541,48695.27223117848,3.536523899723906e-21,172.21199404912454,0,172.21199404912454,282.76353514197075,1773878400
CL-XSGD/USDC,0.025236403917212206,0x892A6AB3fa0f1F839fCb0Ae264a8c4bbfb030725,0x131B41209b9777d12641Da25357425021Ba55304,0x0A4C9cb2778aB3302996A34BeFCF9a8Bc288C33b,0x833589fCD6eDb6E08f4c7C32D4f71b54bdA02913,0x940181a94A35A4569E4529A3CDfB74e38FD98631,18,6,6,460040,186062,0.46004,0.186062,646102,991250603605938,149506039783965634376361,149506.03978396562,5.084410320212977e-22,76.01500516117667,0,76.01500516117667,1966.79641693063,1773878400
CL-WETH/TAIRO,3.5680073686789326e-10,0x214c7b09E2b3B50B2573ecA53d897d4F89c9b2a2,0xAB9cB3563051Da11FaD8322fb5EfAB78B818ff43,0x4200000000000000000000000000000000000006,0x9d5C1C400DC828a3409F9C209B83fF51A65d2A0E,0x940181a94A35A4569E4529A3CDfB74e38FD98631,18,18,18,4233898566992,64145823434302191598,4.233898566992e-06,64.14582343430219,64145827668200758590,0,2113766499225229,0.002113766499225229,0.0,0,0,0,nan,0
CL-USDC/VFY,0.07531648391743913,0xF81d3c731b3AC5a4DFC968f514860beDEEbeBAf2,0xC2607b22f95D6030B9560C872661509D928c2e45,0x833589fCD6eDb6E08f4c7C32D4f71b54bdA02913,0xa749dE6c28262B7ffbc5De27dC845DD7eCD2b358,0x940181a94A35A4569E4529A3CDfB74e38FD98631,18,6,18,792487,31023873928424200435,0.792487,31.0238739284242,31023873928424992922,3025100630471698,446191512780040803685157,446191.51278004085,8.161817785813045e-21,3641.733824886966,0,3641.733824886966,122.52172570407174,1773878400
CL-VFY/ZEN,0.1584416055623106,0x700d91F1C3C5e430eA776245e741B84402e8de2E,0x30765db9bc45c107eb37B999Ea9C34684b88f938,0xa749dE6c28262B7ffbc5De27dC845DD7eCD2b358,0xf43eB8De897Fbc7F2502483B2Bef7Bb9EA179229,0x940181a94A35A4569E4529A3CDfB74e38FD98631,18,18,18,49369891454437775220,1,49.36989145443778,1e-18,49369891454437775221,6224969311453739,938643122940272805990958,938643.1229402728,6.582415718782692e-21,6178.539246769326,0,6178.539246769326,151.91990945611886,1773878400
CL-AUDD/USDC,0.02522530267097983,0xCde41D0B1AD079C3CeB7271559F738f503102852,0x9fDbD9eFFeD52f89978Ef42aDe2307FD9BBDd66b,0x449B3317a6d1efb1Bc3ba0700C9EaA4FFFf4Ae65,0x833589fCD6eDb6E08f4c7C32D4f71b54bdA02913,0x940181a94A35A4569E4529A3CDfB74e38FD98631,18,6,6,165761,182332,0.165761,0.182332,348093,991063641924736,149440273545387661043891,149440.27354538767,1.438675365045093e-22,21.499604009534913,0,21.499604009534913,6950.838419122139,1773878400
CL-WETH/MIRA,1.6197192558379917e-05,0xe85590601af19C9eFbB96B24C7c1aC33F56B758C,0xf4eC5D03C52aC2b64770463BAd65F6212E641642,0x4200000000000000000000000000000000000006,0x7AaFD31a321d3627b30A8e2171264B56852187fe,0x940181a94A35A4569E4529A3CDfB74e38FD98631,18,18,18,44870928735303,764599673847120209,4.4870928735303e-05,0.7645996738471202,764644544775855512,0,95955751975030406728,95.95575197503041,0.0,0,0,0,nan,0
CL-USDC/WCT,0.004102039632977781,0x3f932B543490c477846288e48e4546A04FF1410e,0xd2E50D99b8e002b8B617c2Fe9e2F3617b4E277C0,0x833589fCD6eDb6E08f4c7C32D4f71b54bdA02913,0xeF4461891DfB3AC8572cCf7C794664A8DD927945,0x940181a94A35A4569E4529A3CDfB74e38FD98631,18,6,18,316418,14559156441574664656,0.316418,14.559156441574665,14559156441574981074,161162876457991,24301390268409019131664,24301.39026840902,3.403739849247811e-21,82.71561044870674,0,82.71561044870674,293.7944861505761,1773878400
CL-XSGD/WETH,0.0349418663986272,0xfEbEeBAa6C9585Fd97aa9157E3B7aACe804b688C,0xF3fa5d26f7385d415D31310b715BA09892Ae373f,0x0A4C9cb2778aB3302996A34BeFCF9a8Bc288C33b,0x4200000000000000000000000000000000000006,0x940181a94A35A4569E4529A3CDfB74e38FD98631,18,6,18,2758667,960664766814817,2.758667,0.000960664766814817,960664769573484,1372467577883950,207003346635935978569922,207003.34663593597,0.0,0,0,0,nan,0
CL-WETH/AUDD,0.009639524824710035,0xBdb6f998176b2766beFB2037033dfB3F8e368d52,0x0caC405DEB53494D37158f70e46cD98A275D69f2,0x4200000000000000000000000000000000000006,0x449B3317a6d1efb1Bc3ba0700C9EaA4FFFf4Ae65,0x940181a94A35A4569E4529A3CDfB74e38FD98631,18,18,6,197402985660736,551884,0.000197402985660736,0.551884,197402986212620,378627035464876,57106677586448474094975,57106.67758644847,0.0,0,0,0,nan,0
CL-USDC/CYPR,0.023864324177121917,0xE6C694f8B9EE84353a10de59c9b4cDEFa0F5b4Ad,0x95B033e94C9820dAe254Da568b9070e79a392F61,0x833589fCD6eDb6E08f4c7C32D4f71b54bdA02913,0xD262A4c7108C8139b2B189758e8D17c3DFC91a38,0x940181a94A35A4569E4529A3CDfB74e38FD98631,18,6,18,206900,136132820260445337538,0.2069,136.13282026044533,136132820260445544438,937357232941017,141377535862343003115412,141377.535862343,4.688641067933043e-21,662.868520727358,0,662.868520727358,213.28141470228675,1773878400
CL-USDC/ZEN,0.009724104288134503,0xbFA5184f90B071C34C85d065b8c7877617248ef7,0x78F5a590Da87B546311dC0E7F4f3Be77CFeeB2a0,0x833589fCD6eDb6E08f4c7C32D4f71b54bdA02913,0xf43eB8De897Fbc7F2502483B2Bef7Bb9EA179229,0x940181a94A35A4569E4529A3CDfB74e38FD98631,18,6,18,523420,66771951809133842,0.52342,0.06677195180913384,66771951809657262,381949198339080,57607745039050972635226,57607.74503905098,4.079350267937239e-21,235.00217016031277,0,235.00217016031277,245.13707681827947,1773878400
CL-RECALL/USDC,0.08928807992768521,0x5e3791F68EbCEAC82788f3becAb154C15141A2f4,0x40F207AE22ECd68149f05a7eFef6feC091E32177,0x1f16e03C1a5908818F47f6EE7bB16690b40D0671,0x833589fCD6eDb6E08f4c7C32D4f71b54bdA02913,0x940181a94A35A4569E4529A3CDfB74e38FD98631,18,18,6,266971516810584628887,8985642,266.9715168105846,8.985642,266971516810593614529,3647806198485097,528962338441484533276227,528962.3384414846,3.019838046542717e-21,1597.3805948138001,0,1597.3805948138001,331.14358604258837,1773878400
CL-RECALL/WETH,0.17545971322825837,0x6Ee714d6d8dF7662BcA805f58CC1d5A8886D78eB,0x2e6C36a3120361EE3f6265A0AC998EaD69aEB1d4,0x1f16e03C1a5908818F47f6EE7bB16690b40D0671,0x4200000000000000000000000000000000000006,0x940181a94A35A4569E4529A3CDfB74e38FD98631,18,18,18,311065823357143315989,1595590705489899,311.0658233571433,0.001595590705489899,311067418947848805888,6891971351686124,1039462157621267263785294,1039462.1576212673,2.3929919194745493e-21,2487.424543787273,0,2487.424543787273,417.88691046628315,1773878400
CL-USDC/LMTS,0.11517602619123192,0xa5E0Da329eE5AA03f09228e534953496334080f5,0x23FD7a6fFeecababC8952F41E1490458ad28be9A,0x833589fCD6eDb6E08f4c7C32D4f71b54bdA02913,0x9EadbE35F3Ee3bF3e28180070C429298a1b02F93,0x940181a94A35A4569E4529A3CDfB74e38FD98631,18,6,18,10792,360,0.010792,3.6e-16,11152,4967644260190785,682328259224009889675848,682328.2592240098,7.691848882266666e-21,5248.36585805116,0,5248.36585805116,130.00775435220405,1773878400
CL-EURAU/EURC,0.002243568066794401,0xc87B179Bc04F98Acb376E4E90b36A8d52ad5BA0a,0xe217269D06AA942896C9ad70f7Fb9A356082D9fA,0x4933A85b5b5466Fbaf179F72D3DE273c287EC2c2,0x60a3E35Cc302bFA44Cb288Bc5a4F316Fdb1adb42,0x940181a94A35A4569E4529A3CDfB74e38FD98631,18,6,6,115268,1,0.115268,1e-06,115269,88128874621481,13291393565920237485795,13291.393565920238,3.896507890413005e-22,5.179001990419286,0,5.179001990419286,2566.400551787427,1773878400
CL-BIO/USDC,0.047768449936927415,0xd40BffA9C9E35493B88a2b6744C49D8716b00898,0x134cE8d4299dF4B6b4938754a1D13a3aD2c24D54,0x226A2FA2556C48245E57cd1cbA4C6c9e67077DD2,0x833589fCD6eDb6E08f4c7C32D4f71b54bdA02913,0x940181a94A35A4569E4529A3CDfB74e38FD98631,18,18,6,197140512608497004924,1629183,197.140512608497,1.629183,197140512608498634107,1916100941501115,282990865105695327980871,282990.8651056953,1.7748103206958323e-21,502.2551080522302,0,502.2551080522302,563.4404918312283,1773878400
CL-USDC/TITN,0.002890151722909878,0x611865e603862a3D1cd29146458564a684e1cBbb,0xf852a8F5BF12A588f1c4605E62D324a831D76854,0x833589fCD6eDb6E08f4c7C32D4f71b54bdA02913,0xe62bfbE57763ec24c0F130426F34DbCe11Fc5B06,0x940181a94A35A4569E4529A3CDfB74e38FD98631,18,6,18,99393,2675049291620240425,0.099393,2.6750492916202404,2675049291620339818,113535754847298,17121898186625367933496,17121.898186625367,4.05129290801964e-21,69.3658246953097,0,69.3658246953097,246.8347815633063,1773878400
CL-WETH/COMMON,0.04646875210108929,0x45dF01EFA0dE71725d4d8fC1165b102bC2E989Fb,0xB716cB1E4c8b6c1Dc78C9E72ea47D99562e52657,0x4200000000000000000000000000000000000006,0x4c87da04887a1F9F21F777E3A8dD55C3C9f84701,0x940181a94A35A4569E4529A3CDfB74e38FD98631,18,18,18,162727914213333,7636316258285780233015,0.000162727914213333,7636.31625828578,7636316421013694446348,1899935188660249,275291167597706910185022,275291.1675977069,8.814636662023162e-21,2426.59161863791,0,2426.59161863791,113.44767099798723,1773878400
CL-WETH/TITN,0.00036337674296794796,0xfe2313df3e27aD2608B16230695d835E18d409f4,0x52bf08d71F69282e729A16d14a4503c6957B7De4,0x4200000000000000000000000000000000000006,0xe62bfbE57763ec24c0F130426F34DbCe11Fc5B06,0x940181a94A35A4569E4529A3CDfB74e38FD98631,18,18,18,435399505453,145507181094476865,4.35399505453e-07,0.14550718109447686,145507616493982318,14274770587227,2152724214153219943230,2152.72421415322,0.0,0,0,0,nan,0
CL-USDC/CHECK,1.1863675002231842,0xf0125d06B76CEbC2Ab3831A938E07Ab6988B00c9,0xd54F8A71BFE766963EE3c8d3C76bCe35C64A5f6B,0x833589fCD6eDb6E08f4c7C32D4f71b54bdA02913,0x9126236476eFBA9Ad8aB77855c60eB5BF37586Eb,0x940181a94A35A4569E4529A3CDfB74e38FD98631,18,6,18,89035344,55388112279222925166,89.035344,55.38811227922292,55388112279311960510,46609643357380862,7028303528055303453442713,7028303.528055303,1.5960932968861533e-22,1121.7828149610373,0,1121.7828149610373,6265.297911788224,1773878400
CL-WETH/SAND,0.07429086091305492,0xA69CDf524D072c366FD050957880552916D29405,0xC77386D4B892e6E4D36d43d6A59EEaCA770E4295,0x4200000000000000000000000000000000000006,0xac531Eb26Ca1d21b85126De8FB87E80E09002DcF,0x940181a94A35A4569E4529A3CDfB74e38FD98631,18,18,18,887735284544120,38237958708143438660,0.00088773528454412,38.23795870814344,38238846443427982780,2979476700493201,440115495206386753643902,440115.4952063867,1.1303625962460567e-21,497.49009380961024,0,497.49009380961024,884.6718772551462,1773878400
CL-USDC/cbBTC,0.219393165079509,0x4F5905e36ac07eE1F01ffB939aA7f212A58D5CDF,0xfd548a1C01f1547b305313e4D42BD9C714EFdF6a,0x833589fCD6eDb6E08f4c7C32D4f71b54bdA02913,0xcbB7C0000aB88B473b1f5aFd9ef808440eed33Bf,0x940181a94A35A4569E4529A3CDfB74e38FD98631,18,6,8,10591767,15484,10.591767,0.00015484,10607251,8619715762686548,1299733645661612244881778,1299733.6456616123,0.0,0,0,0,nan,0
CL-WETH/ROOM,1.2864655675385909e-05,0x827F373b058CcfDa902E0Fbd11702d56e92784DD,0xb7A4B01d15981Dc4a641303c87BFBC2c9662517E,0x4200000000000000000000000000000000000006,0x6555255b8dEd3c538Cb398d9E36769f45D7d3ea7,0x940181a94A35A4569E4529A3CDfB74e38FD98631,18,18,18,2269841904006,1,2.269841904006e-06,1e-18,2269841904007,505344094660,76213066232446450699,76.21306623244645,4.4174566271288514e-20,3.3666791450233067,0,3.3666791450233067,22.637460521031876,1773878400
CL-msUSD/USDC,0.013868634075665253,0x054B67943BA17b2cD8C420544C88BdE71a81Ef9f,0xA0B1Db34fa530B9A001965C8A212c1a54Dab8510,0x526728DBc96689597F85ae4cd716d4f7fCcBAE9d,0x833589fCD6eDb6E08f4c7C32D4f71b54bdA02913,0x940181a94A35A4569E4529A3CDfB74e38FD98631,18,18,6,636139716818400363,924821,0.6361397168184003,0.924821,636139716819325184,544774753164975,82160856383008712440495,82160.85638300872,1.942966779662857e-21,159.63581454083692,0,159.63581454083692,514.6768387741142,1773878400
CL-WETH/PING,0.03951965115099756,0x5D28f920C9d23100E4A38b2bA2D8aE617c3b2615,0xcc049DFa700197b49db9E8BeC3Af462d22b68621,0x4200000000000000000000000000000000000006,0xd85c31854c2B0Fb40aaA9E2Fc4Da23C21f829d46,0x940181a94A35A4569E4529A3CDfB74e38FD98631,18,18,18,776272252916409,903956603868007311132,0.000776272252916409,903.9566038680073,903957380140260227541,1552461370978219,234123156239376412690557,234123.1562393764,0.0,0,0,0,nan,0
CL-ICP/WETH,0.023615534607901712,0xBe762d548f8CA86A78E9Da6e3DdC87F91457e398,0x7140E2eE393c885FDa93A4a6b0a05564c6AdEdFc,0x00f3C42833C3170159af4E92dbb451Fb3F708917,0x4200000000000000000000000000000000000006,0x940181a94A35A4569E4529A3CDfB74e38FD98631,18,8,18,22957764,189929278085155,0.22957764,0.000189929278085155,189929301042919,927818311628513,139903651415268420852455,139903.65141526842,7.867394631541444e-22,110.06772360775282,0,110.06772360775282,1271.0688186288069,1773878400
CL-HYPE/WETH,0.033262225186503645,0x9E48d016eE76cf53e2De8dc8058c7549c8c202DF,0x9495E37F2dd9b54f6b473a46ede1F1641459868e,0x15D0e0c55a3E7eE67152aD7E89acf164253Ff68d,0x4200000000000000000000000000000000000006,0x940181a94A35A4569E4529A3CDfB74e38FD98631,18,18,18,75246988009097312,1113001129335921,0.07524698800909731,0.001113001129335921,76359989138433233,1306665285283344,197052780513031978723779,197052.780513032,1.03778835935296e-21,204.49908179455838,0,204.49908179455838,963.5876053027612,1773878400
CL-WETH/LSK,0.000174111510531682,0x275BE3a43B66516e532BcaA36eE453EDd47614ea,0x90F6Ef29a0915Cd33dbf0ce779B46923DB5cbb22,0x4200000000000000000000000000000000000006,0xac485391EB2d7D88253a7F1eF18C37f4242D1A24,0x940181a94A35A4569E4529A3CDfB74e38FD98631,18,18,18,1,1,1e-18,1e-18,2,6840439753086,1031475106587671896618,1031.475106587672,4.004814884829221e-21,4.130866860193116,0,4.130866860193116,249.69943149885276,1773878400
CL-TRUST/USDC,0.01048478261690174,0x52448E17DABcb3b6654045974Afd572090BCC1F5,0x43cBf909CDE242941Ff0827c9Dd4653C7472900d,0x6cd905dF2Ed214b22e0d48FF17CD4200C1C6d8A3,0x833589fCD6eDb6E08f4c7C32D4f71b54bdA02913,0x940181a94A35A4569E4529A3CDfB74e38FD98631,18,18,6,1,1,1e-18,1e-06,2,411888871499139,62114171741387482916452,62114.17174138749,3.6453719575988027e-22,22.642925983552992,0,22.642925983552992,2743.2042919941086,1773878400
CL-USDC/elizaOS,0.017265040316966723,0x84b783723DaC9B89d0981FFf3dcE369bC5870C16,0x757319eb2053b7Be8b4Da20652324FD812f45bf2,0x833589fCD6eDb6E08f4c7C32D4f71b54bdA02913,0xea17Df5Cf6D172224892B5477A16ACb111182478,0x940181a94A35A4569E4529A3CDfB74e38FD98631,18,6,9,1,267687591580,1e-06,267.68759158,267687591581,678256508812665,102281918333843912280026,102281.9183338439,0.0,0,0,0,nan,0
CL-USDC/TOWER,0.06262357895685285,0xD4dC229A997a73E86c13e3ce8019be02cD4827a6,0xF8b0f41537A00E0BDa5aB5733568F248157aFf74,0x833589fCD6eDb6E08f4c7C32D4f71b54bdA02913,0xf7C1CEfCf7E1dd8161e00099facD3E1Db9e528ee,0x940181a94A35A4569E4529A3CDfB74e38FD98631,18,6,18,500839,1494500714893187003993,0.500839,1494.500714893187,1494500714893187504832,2460230219620310,370995935777993126922152,370995.9357779931,1.7952270058792117e-22,66.60219229800829,0,66.60219229800829,5570.326185630493,1773878400
CL-WETH/USDC,1.0547069439428376,0xc758d81B9b81A6FCDAd075bD471874A2c46B54e0,0x655D019A5899C6F1a3B2770cabf91F4b3517C6be,0x4200000000000000000000000000000000000006,0x833589fCD6eDb6E08f4c7C32D4f71b54bdA02913,0x940181a94A35A4569E4529A3CDfB74e38FD98631,18,18,6,26384170855956633,57611652,0.026384170855956634,57.611652,26384170913568285,41433029334671109,6248317265757319998190505,6248317.2657573195,0.0,0,0,0,nan,0
CL-USDC/cbBTC,0.08534871801600566,0x95DaDA6BC214A86Af204250F7b6FF873b52e0289,0x989612FdbEFb492dAf3E56406838D17c61B0ed2C,0x833589fCD6eDb6E08f4c7C32D4f71b54bdA02913,0xcbB7C0000aB88B473b1f5aFd9ef808440eed33Bf,0x940181a94A35A4569E4529A3CDfB74e38FD98631,18,6,8,2180709,3244,2.180709,3.244e-05,2183953,3370691704997449,505624686982779244437578,505624.68698277924,3.8908006682573284e-22,196.728487,0,196.728487,2570.1650772253397,1773878400
CL-SOL/cbBTC,0.1546289272718147,0xa25773F75d7190E130D501509D22592151dB3915,0xAB69fc62A7F435cD87b84DEe6ed545145E63770f,0x311935Cd80B76769bF2ecC9D8Ab7635b2139cf82,0xcbB7C0000aB88B473b1f5aFd9ef808440eed33Bf,0x940181a94A35A4569E4529A3CDfB74e38FD98631,18,9,8,39378424,6146,0.039378424,6.146e-05,39384570,6083761942335215,916055973279319492276158,916055.9732793196,2.7021537428727617e-22,247.53240768776638,0,247.53240768776638,3700.7516786845085,1773878400
CL-USDC/DGLD,0.00028635661724987814,0x9E2E1D6118971698D410DB64ed20209946Dd5b2F,0xFc836EfAE8359a946393c95E4c07F8D81Ea906De,0x833589fCD6eDb6E08f4c7C32D4f71b54bdA02913,0xd02f50E1017F493ffFFa70c8fCf09e349e11d6c9,0x940181a94A35A4569E4529A3CDfB74e38FD98631,18,6,18,111348612,211018500469197886348,111.348612,211.01850046919787,211018500469309234960,0,1696439950454376109032,1696.439950454376,0.0,0,0,0,nan,0
CL-MYRC/USDC,0.0017249739644780106,0x8d15046288Df104C9757a18fABaf587a88209D48,0x81Fbc2c15CaAf32CD5fdc0427cBA2817d7629238,0x3eD03E95DD894235090B3d4A49E0C3239EDcE59e,0x833589fCD6eDb6E08f4c7C32D4f71b54bdA02913,0x940181a94A35A4569E4529A3CDfB74e38FD98631,18,18,6,5040342346003263,1,0.005040342346003263,1e-06,5040342346003264,67756130036078,10219127376688586925840,10219.127376688586,1.6920905030907518e-21,17.291688383969465,0,17.291688383969465,590.9849373738651,1773878400
CL-RAVE/USDC,0.06758107328383292,0x51663B8A28E7Ea197c5CcF983AfC084Da0a8023D,0x8eF58803e5522986Be1896c1Ea024553A50e0940,0x1aA8fD5BCce2231C6100d55Bf8B377cff33Acfc3,0x833589fCD6eDb6E08f4c7C32D4f71b54bdA02913,0x940181a94A35A4569E4529A3CDfB74e38FD98631,18,18,6,9601570393579181001,5137605,9.60157039357918,5.137605,9601570393584318606,2654630373093944,400365228903498898681365,400365.2289034989,2.0331040409200292e-21,813.9841647275761,0,813.9841647275761,491.8587440057793,1773878400
CL-USDC/cbBTC,0.5695470592252371,0xFCda5ab6BBC1fe5B8e1a185e86bb5f24b12e2278,0xB705606141ECa43b4192C8D8D2211CD19eA4d381,0x833589fCD6eDb6E08f4c7C32D4f71b54bdA02913,0xcbB7C0000aB88B473b1f5aFd9ef808440eed33Bf,0x940181a94A35A4569E4529A3CDfB74e38FD98631,18,6,8,13659067,20285,13.659067,0.00020285,13679352,22371010865535765,3374122778138482242937014,3374122.7781384825,9.460028398577018e-22,3191.9297301475626,0,3191.9297301475626,1057.0792791176193,1773878400
CL-THQ/USDC,0.0013409100321707212,0x00D43aad1B34E7bA8D037E060517F7b5318c0B83,0x6CC472a3E4E23f4e7B3188E424Fb40F7BFAd8A77,0x0b2558bdBC7FFEC0f327fB3579c23daBD1699706,0x833589fCD6eDb6E08f4c7C32D4f71b54bdA02913,0x940181a94A35A4569E4529A3CDfB74e38FD98631,18,18,6,3379657887306388150,33277,3.3796578873063883,0.033277,3379657887306421427,52669590711212,7943847676320609267103,7943.84767632061,7.792900066949045e-21,61.9056110886319,0,61.9056110886319,128.32193296577256,1773878400
CL-BRACKY/USDC,0.0013854572228269666,0x8c30Ecf71C809D295222E00351Eff6058d3497bA,0x50bEed7938E571a90bEd95ae092febb2a85e3783,0x06f71fb90F84b35302d132322A3C90E4477333b0,0x833589fCD6eDb6E08f4c7C32D4f71b54bdA02913,0x940181a94A35A4569E4529A3CDfB74e38FD98631,18,18,6,1,1,1e-18,1e-06,2,55839341067186,8207755088817445823112,8207.755088817445,0.0,0,0,0,nan,0
CL-AERO/DIEM,6.090181757521379e-05,0xD1edC6961222bf35AFAC0989Ce602212f28464F6,0x289541d6ce255535A859C96B022d78C0cd80D545,0x940181a94A35A4569E4529A3CDfB74e38FD98631,0xF4d97F2da56e8c3098f3a8D538DB630A2606a024,0x940181a94A35A4569E4529A3CDfB74e38FD98631,18,18,18,79152366565977336,194519571826502,0.07915236656597734,0.000194519571826502,79346886137803838,2392320062214,360795840452753214041,360.7958404527532,0.0,0,0,0,nan,0
CL-MOCA/CHECK,0.029486741690551637,0xD4E145Efdbbbb97CE8C23d4C0Fd59C902Bc34dFa,0x181aBe1152ECC190889DD4A25991c0D214AC9695,0x2B11834Ed1FeAEd4b4b3a86A6F571315E25A884D,0x9126236476eFBA9Ad8aB77855c60eB5BF37586Eb,0x940181a94A35A4569E4529A3CDfB74e38FD98631,18,18,18,98870094246497305529,1,98.8700942464973,1e-18,98870094246497305530,1158376445335136,174685981043456048135078,174685.98104345603,0.0,0,0,0,nan,0
CL-cbETH/cbBTC,0.5491170961241574,0x8BB9eAF3C5A906D20c4CC10eA2F73A3Ac2D5d41A,0x2B0C60C15f896d138dB9f4ec0605A912A377f6ef,0x2Ae3F1Ec7F1F5012CFEab0185bfc7aa3cf0DEc22,0xcbB7C0000aB88B473b1f5aFd9ef808440eed33Bf,0x940181a94A35A4569E4529A3CDfB74e38FD98631,18,18,8,3538095577009650,18395,0.00353809557700965,0.00018395,3538095577028045,21577112971538499,3253091157064619668816917,3253091.1570646195,9.86858876467862e-22,3210.3418843083277,0,3210.3418843083277,1013.3161122076261,1773878400
CL-SUMR/USDC,0.1039429094145458,0x8fEbF59b6725c4729466b0279cb28080Ac5d1161,0xC7fCaC7ea12c31a43F060E27d7cf7273EFBCcd01,0x194f360D130F2393a5E9F3117A6a1B78aBEa1624,0x833589fCD6eDb6E08f4c7C32D4f71b54bdA02913,0x940181a94A35A4569E4529A3CDfB74e38FD98631,18,18,6,1,576120,1e-18,0.57612,576121,4083731252537672,615780790368205981284802,615780.790368206,1.1695707841631505e-21,720.1992218635473,0,720.1992218635473,855.0145177536376,1773878400
CL-FUN/USDC,0.3050110462924369,0x659bE70647B0f63217D60e077F4417b1eCC65064,0x72cD715cd1Df473115881B6a2bcEC16630AAf2A1,0x16EE7ecAc70d1028E7712751E2Ee6BA808a7dd92,0x833589fCD6eDb6E08f4c7C32D4f71b54bdA02913,0x940181a94A35A4569E4529A3CDfB74e38FD98631,18,18,6,100637835747899235984,3179324,100.63783574789923,3.179324,100637835747902415308,11992211776279747,1806952914969173340818267,1806952.9149691733,5.778419038162186e-22,1044.1331124920528,0,1044.1331124920528,1730.57715855451,1773878400
CL-USDC/CLAWD,1.002538015597194,0x4c76Ef610b9F6FEeB3Ca70951BeF09ED31e7f6d0,0x7762C1810f3E249c83130093442eD24cEe6Dd61f,0x833589fCD6eDb6E08f4c7C32D4f71b54bdA02913,0x9f86dB9fc6f7c9408e8Fda3Ff8ce4e78ac7a6b07,0x940181a94A35A4569E4529A3CDfB74e38FD98631,18,6,18,21461509,646634376672249028774505,21.461509,646634.376672249,646634376672249050236014,39389678335022808,5939256993052972896475999,5939256.993052973,6.624184060600885e-22,3934.2731505193847,0,3934.2731505193847,1509.6198880519773,1773878400
CL-EMBER/USDC,0.00016725285075470744,0x24bfa3f843F86Ba3AeA18296f6cAD8519F25399f,0xB115C1caCb4abe824a3405a8f3aC75a8C7ec5970,0x7FfBE850D2d45242efdb914D7d4Dbb682d0C9B07,0x833589fCD6eDb6E08f4c7C32D4f71b54bdA02913,0x940181a94A35A4569E4529A3CDfB74e38FD98631,18,18,6,1,1,1e-18,1e-06,2,6570522429094,990842888746932858732,990.8428887469329,0.0,0,0,0,nan,0
CL-WETH/MOLT,0.11676076998882014,0x85Fb468A5E65a537C5Ac767776599708a3D41046,0x83c20bA54325741fE1D84632E423D187C8b4f3c2,0x4200000000000000000000000000000000000006,0xB695559b26BB2c9703ef1935c37AeaE9526bab07,0x940181a94A35A4569E4529A3CDfB74e38FD98631,18,18,18,1970233244834810,173517535655201019650521,0.00197023324483481,173517.535655201,173517537625434264485331,4595448681691204,691716632069319281138480,691716.6320693193,1.6599148343929604e-21,1148.1906987682005,0,1148.1906987682005,602.4405465149694,1773878400
CL-USDC/CLAWNCH,0.0035867584352224195,0xb16395A423162b2577A91D40171AAF28A214719F,0xe0CEd0AC7c227c6df4644Eb8d04cC5F5C9262FB9,0x833589fCD6eDb6E08f4c7C32D4f71b54bdA02913,0xa1F72459dfA10BAD200Ac160eCd78C6b77a747be,0x940181a94A35A4569E4529A3CDfB74e38FD98631,18,6,18,257800,10226481361365135575515,0.2578,10226.481361365135,10226481361365135833315,153698755504232,21248750458701429864556,21248.75045870143,3.2925330201577552e-21,69.9622125223667,0,69.9622125223667,303.71753111593307,1773878400
CL-UP/cbBTC,0.8242025432652327,0x1E726F3177a933cc134Fd0ea7C326EAb270E0137,0x46ded54E6C6B8bDdcc4F034f670Efc284A1B490B,0x5b2193fDc451C1f847bE09CA9d13A4Bf60f8c86B,0xcbB7C0000aB88B473b1f5aFd9ef808440eed33Bf,0x940181a94A35A4569E4529A3CDfB74e38FD98631,18,18,8,2084070248413760830974,72760,2084.070248413761,0.0007276,2084070248413760903734,32392453501459342,4882758202305301655261723,4882758.202305302,0.0,0,0,0,nan,0
CL-USDC/RNBW,0.20827189338957905,0x4bf85cA48a620BAf9DDE3b6A7A6d88b219827caA,0x0099140A97ACc1cc831ECB39Ab5FD60FC9F6BB64,0x833589fCD6eDb6E08f4c7C32D4f71b54bdA02913,0xa53887F7e7c1bf5010b8627F1C1ba94fE7a5d6E0,0x940181a94A35A4569E4529A3CDfB74e38FD98631,18,6,18,4439842,232319841078954626203,4.439842,232.31984107895462,232319841078959066045,8182820150657066,1233848771842924764219902,1233848.7718429246,7.216139421617425e-22,890.3624762809972,0,890.3624762809972,1385.7825376880817,1773878400
CL-UP/USDC,0.5055609943235935,0xb1857B20d91c216f51656B63081f35C7cD0A489d,0xe897425DACD719e509f73987b289DAD6cd256EE6,0x5b2193fDc451C1f847bE09CA9d13A4Bf60f8c86B,0x833589fCD6eDb6E08f4c7C32D4f71b54bdA02913,0x940181a94A35A4569E4529A3CDfB74e38FD98631,18,18,6,332470162668907459837,370785,332.47016266890745,0.370785,332470162668907830622,19848365463816659,2995055174204629037548739,2995055.174204629,2.337213632844262e-21,7000.083784271805,0,7000.083784271805,427.8599037534512,1773878400
CL-wtCOIN/USDC,0.15452623847650254,0x4618dFcbC52d9fbCd45Ec4A65fc61B5DA57Ad205,0x9a48ed41616C312C9Dd5D221B06828C21f8CD207,0x5cDa0E1CA4ce2af96315f7F8963C85399c172204,0x833589fCD6eDb6E08f4c7C32D4f71b54bdA02913,0x940181a94A35A4569E4529A3CDfB74e38FD98631,18,18,6,956402818577305,1651642,0.000956402818577305,1.651642,956402820228947,6837160059601447,915447622138337974906040,915447.6221383379,0.0,0,0,0,nan,0
CL-KellyClaude/USDC,0.980236967037822,0xCBBA009BDe5731E68C97707e6B6edBfAb9926CF9,0x8612abc6Bf9735f192cd7E4005b8494DFe3d773d,0x50D2280441372486BeecdD328c1854743EBaCb07,0x833589fCD6eDb6E08f4c7C32D4f71b54bdA02913,0x940181a94A35A4569E4529A3CDfB74e38FD98631,18,18,6,1309372027362995512919928,54609371,1309372.0273629955,54.609371,1309372027362995567529299,38510867893953711,5807140647789233369415891,5807140.647789234,7.408735986361689e-22,4302.357189513983,0,4302.357189513983,1349.7579099064155,1773878400
CL-USDC/FELIX,0.2729685771161874,0x1F9bA3e5Ebcd2f4CA3cDEffa5eCdF1c03cf1865d,0xBc24a215368B5e2a3baad4904d6C810148D2b258,0x833589fCD6eDb6E08f4c7C32D4f71b54bdA02913,0xf30Bf00edd0C22db54C9274B90D2A4C21FC09b07,0x940181a94A35A4569E4529A3CDfB74e38FD98631,18,6,18,14438643,553583947990581904472612,14.438643,553583.9479905819,553583947990581918911255,10722851758637988,1617126238904065650064768,1617126.2389040657,2.0031225143575233e-21,3239.3019777070367,0,3239.3019777070367,499.22058827277357,1773878400
CL-WBTC/cbBTC,0.00017818075895169484,0x383567feDD4e7Dfdd44c8df9624C19eFdB6D7B35,0xdF383F80C8067Ff91528651b28e063D8Fc953ADb,0x0555E30da8f98308EdB960aa94C0Db47230d2B9c,0xcbB7C0000aB88B473b1f5aFd9ef808440eed33Bf,0x940181a94A35A4569E4529A3CDfB74e38FD98631,18,8,8,0,0,0.0,0.0,0,6999593414589,1055582234456169092831,1055.582234456169,4.266292676156566e-23,0,0.04503422755941337,0.04503422755941337,23439.55457132125,1773878400
TOTAL,100.0,,,,,,,,,288898929993544685616602540701460,299757146430845793136100544,288898930044201.44,304464928.1682522,288899229750691116462395676802004,3928238919121156244,592422122717716990110956689,,9.952513337123875e-22,587940.4586342837,1668.4491212477283,589608.9077555315,1004.7713237116695,
