name,vote_pct,address,gauge,token0,token1,emissions_token,emissions_decimals,token0_decimals,token1_decimals,token0_fees_raw,token1_fees_raw,token0_fees,token1_fees,fees_raw,emissions_raw,votes_raw,votes,ratio,tfv,tbv,tvv,votes_per_tvv,rewards_epoch_ts
vAMM-tBTC/USDbC,0.003781925524727902,0x723AEf6543aecE026a15662Be4D3fb3424D502A9,0x50f0249B824033Cf0AF0C8b9fe1c67c2842A34d5,0x236aa50979D5f3De3Bd1Eeb40E81137F22ab794b,0xd9aAEc86B65D86f6A7B5B1b0c42FFA531710b6CA,0x940181a94A35A4569E4529A3CDfB74e38FD98631,18,18,6,0,0,0.0,0.0,0,146786377952881,21819740157476527485372,21819.740157476528,2.3931494845527814e-22,5.221789991094058,0,5.221789991094058,4178.593967718129,1789603200
vAMM-tBTC/WETH,0.0020396132712527477,0x2722C8f9B5E2aC72D1f225f8e8c990E449ba0078,0xfaE8C18D83655Fbf31af10d2e9A1Ad5bA77D0377,0x236aa50979D5f3De3Bd1Eeb40E81137F22ab794b,0x4200000000000000000000000000000000000006,0x940181a94A35A4569E4529A3CDfB74e38FD98631,18,18,18,1863309579222,0,1.863309579222e-06,0.0,1863309579222,79162702320363,11767506078448639247451,11767.50607844864,1.5196793748589602e-21,17.882836280945842,0,17.882836280945842,658.0335408531876,1789603200
vAMM-T/WETH,6.873112891433258e-07,0xAf58FDeE432a104a932a899968d60F92838886cd,0xaD3d4aFd779e4A57734557CcE25F87032614fE47,0x26f3901aC8a79c50fb0d8289C74f0d09AdC42E29,0x4200000000000000000000000000000000000006,0x940181a94A35A4569E4529A3CDfB74e38FD98631,18,18,18,3774895135579443683356,3833222809735460,3774.895135579444,0.00383322280973546,3774898968802253418816,0,3965428096970939228,3.9654280969709395,0.0,0,0,0,nan,0
vAMM-EXTRA/USDbC,2.3833675584921966e-05,0x2B7704f1cb9324cD8586B33C6c540CbD64E58237,0xf05a3De3dD6910042f506c6105bC14920C4289B6,0x2dAD3a13ef0C6366220f989157009e501e7938F8,0xd9aAEc86B65D86f6A7B5B1b0c42FFA531710b6CA,0x940181a94A35A4569E4529A3CDfB74e38FD98631,18,18,6,3948420542441442096601,42738982,3948.420542441442,42.738982,3948420542441484835583,0,137507892437412648059,137.50789243741264,0.0,0,0,0,nan,0
sAMM-DOLA/USDbC,0.0003853621642701812,0x0B25c51637c43decd6CC1C1e3da4518D54ddb528,0xeAE066C25106006fB386A3a8b1698A0cB6931c1a,0x4621b7A9c75199271F773Ebd9A499dbd165c3191,0xd9aAEc86B65D86f6A7B5B1b0c42FFA531710b6CA,0x940181a94A35A4569E4529A3CDfB74e38FD98631,18,18,6,0,1123,0.0,0.001123,1123,14956909099200,2223338940949426658401,2223.3389409494266,7.610945000570612e-23,0.16921710397193,0,0.16921710397193,13138.972886087435,1789603200
vAMM-WETH/UNIDX,2.2068132255355037e-05,0xA819Af1CC8AbE618eA8abaDeb464960F7451CEAB,0x98F44CE76BDCaD37f00a98B275631B1D796862fa,0x4200000000000000000000000000000000000006,0x6B4712AE9797C199edd44F897cA09BC57628a1CF,0x940181a94A35A4569E4529A3CDfB74e38FD98631,18,18,18,66824064630132120,226353425106970930750,0.06682406463013212,226.35342510697092,226420249171601062870,0,127321627151110355016,127.32162715111036,0.0,0,0,0,nan,0
vAMM-ERN/stERN,7.53659218278441e-05,0x218F511431194B2C756D67a137DE536beA74E498,0x109Cc0f2640457b2A483C2eef189827750A676bB,0xa334884bF6b0A066d553D19e507315E839409e62,0xf7A0dd3317535eC4f4d29ADF9d620B3d8D5D5069,0x940181a94A35A4569E4529A3CDfB74e38FD98631,18,18,18,239646385092631679,119529402921006404,0.23964638509263167,0.1195294029210064,359175788013638083,0,434822108542330684198,434.8221085423307,0.0,0,0,0,nan,0
sAMM-MAI/USDbC,4.8330716445734614e-05,0xf6Aec4F97623E691a9426a69BaF5501509fCa05D,0xC01E2ff20501839db7B28F5Cb3eD2876fEa3d6b1,0xbf1aeA8670D2528E08334083616dD9C5F3B087aE,0xd9aAEc86B65D86f6A7B5B1b0c42FFA531710b6CA,0x940181a94A35A4569E4529A3CDfB74e38FD98631,18,18,6,31262281622798433036,9339234,31.262281622798433,9.339234,31262281622807772270,0,278843056949536182548,278.8430569495362,0.0,0,0,0,nan,0
sAMM-DOLA/MAI,0.00011433517731105783,0x8b432C54d6e8E1B8D1802753514AB53044Af1861,0xDe23611176b16720346f4Df071D1aA01752c68C1,0x4621b7A9c75199271F773Ebd9A499dbd165c3191,0xbf1aeA8670D2528E08334083616dD9C5F3B087aE,0x940181a94A35A4569E4529A3CDfB74e38FD98631,18,18,18,10736011005907943567,12292979628892752796,10.736011005907944,12.292979628892752,23028990634800696363,0,659654412408287255581,659.6544124082873,0.0,0,0,0,nan,0
vAMM-USDbC/STG,1.0495624638074525e-07,0xb680190fB16f417647e69D6A84719aE9c7E5E20a,0x9a8D9F5C698C1F2B0d48a955BC531F2c7D67Af84,0xd9aAEc86B65D86f6A7B5B1b0c42FFA531710b6CA,0xE3B53AF74a4BF62Ae5511055290838050bf764Df,0x940181a94A35A4569E4529A3CDfB74e38FD98631,18,6,18,60518695,320892573186195335829,60.518695,320.89257318619536,320892573186255854524,0,605542866711187967,0.605542866711188,0.0,0,0,0,nan,0
vAMM-WETH/TAROT,0.06255250773732363,0x2d25E0514f23c6367687dE89Bd5167dc754D4934,0xa81dac2e9caa218Fcd039D7CEdEB7847cf362213,0x4200000000000000000000000000000000000006,0xF544251D25f3d243A36B07e7E7962a678f952691,0x940181a94A35A4569E4529A3CDfB74e38FD98631,18,18,18,40248728896725,20580865921472129849,4.0248728896725e-05,20.580865921472128,20580906170201026574,2443618753494996,360895384137724536604641,360895.3841377245,5.259241676143006e-22,189.80360449847606,0,189.80360449847606,1901.4148076446154,1789603200
sAMM-MIM/USDbC,1.0495624638074525e-07,0x982A169edFC1cf8Fd38dBeE76735547b23875BD1,0xBb0b5819Fa91076a1D6aaFa0D018E27a416DE029,0x4A3A6Dd60A34bB2Aba60D73B4C88315E9CeB6A3D,0xd9aAEc86B65D86f6A7B5B1b0c42FFA531710b6CA,0x940181a94A35A4569E4529A3CDfB74e38FD98631,18,18,6,2417236201376412421,2464478,2.4172362013764124,2.464478,2417236201378876899,0,605542866711187967,0.605542866711188,0.0,0,0,0,nan,0
vAMM-WETH/HOP,0.012591686875623846,0x75D18ee68bB93BE5cB2dcCFa0d8151E25CBC8Eb8,0xb42A9e58773993ed15A5eED65633e85870185e13,0x4200000000000000000000000000000000000006,0xc5102fE9359FD9a28f877a67E36B0F050d81a3CC,0x940181a94A35A4569E4529A3CDfB74e38FD98631,18,18,18,0,0,0.0,0.0,0,488716157075209,72647473879112681193110,72647.47387911267,8.346857813186028e-24,0.6063781349560996,0,0.6063781349560996,119805.56304915609,1789603200
sAMM-DAI+/USD+,0.00020131578118528652,0x1b05e4e814b3431a48b8164c41eaC834d9cE2Da6,0x87803Cb321624921cedaAD4555F07Daa0D1Ed325,0x65a2508C429a6078a7BC2f7dF81aB575BD9D9275,0xB79DD08EA68A908A97220C76d19A6aA9cBDE4376,0x940181a94A35A4569E4529A3CDfB74e38FD98631,18,18,6,4223084333663945239,7129181,4.223084333663945,7.129181,4223084333671074420,0,1161487185916595141654,1161.487185916595,0.0,0,0,0,nan,0
sAMM-USD+/USDbC,0.00013614835637785114,0x4a3636608d7Bc5776CB19Eb72cAa36EbB9Ea683B,0xa5972f0C07a2D1cc5A8457c28d88ec4f3C009864,0xB79DD08EA68A908A97220C76d19A6aA9cBDE4376,0xd9aAEc86B65D86f6A7B5B1b0c42FFA531710b6CA,0x940181a94A35A4569E4529A3CDfB74e38FD98631,18,6,6,37963598,18323405,37.963598,18.323405,56287003,0,785505092474278257099,785.5050924742783,0.0,0,0,0,nan,0
vAMM-WETH/DEUS,0.1825399168279832,0x9e4CB8b916289864321661CE02cf66aa5BA63C94,0x7eC1926A50D2D253011cC9891935eBc476713bb1,0x4200000000000000000000000000000000000006,0xDE5ed76E7c05eC5e4572CfC88d1ACEA165109E44,0x940181a94A35A4569E4529A3CDfB74e38FD98631,18,18,18,0,0,0.0,0.0,0,7084849515890141,1053160229494612626661801,1053160.2294946127,7.51243913199136e-23,79.11802120312329,0,79.11802120312329,13311.255937389871,1789603200
sAMM-DAI/USDbC,1.3678927803178812e-06,0x6EAB8c1B93f5799daDf2C687a30230a540DbD636,0xCF1D5Aa63083fda05c7f8871a9fDbfed7bA49060,0x50c5725949A6F0c72E6C4a641F24049A917DB0Cb,0xd9aAEc86B65D86f6A7B5B1b0c42FFA531710b6CA,0x940181a94A35A4569E4529A3CDfB74e38FD98631,18,18,6,22987070698513799147,22140371,22.9870706985138,22.140371,22987070698535939518,0,7892028765418826011,7.892028765418826,0.0,0,0,0,nan,0
vAMM-AERO/USDbC,0.08548395646298763,0x2223F9FE624F69Da4D8256A7bCc9104FBA7F8f75,0x9a202c932453fB3d04003979B121E80e5A14eE7b,0x940181a94A35A4569E4529A3CDfB74e38FD98631,0xd9aAEc86B65D86f6A7B5B1b0c42FFA531710b6CA,0x940181a94A35A4569E4529A3CDfB74e38FD98631,18,18,6,1518192726946129532,3564855,1.5181927269461295,3.564855,1518192726949694387,3358803993459354,493197897594671583825135,493197.89759467164,9.445312199721459e-22,465.84081190279267,0,465.84081190279267,1058.7262536748017,1789603200
vAMM-WETH/AERO,0.9625252699937008,0x7f670f78B17dEC44d5Ef68a48740b6f8849cc2e6,0x96a24aB830D4ec8b1F6f04Ceac104F1A3b211a01,0x4200000000000000000000000000000000000006,0x940181a94A35A4569E4529A3CDfB74e38FD98631,0x940181a94A35A4569E4529A3CDfB74e38FD98631,18,18,18,5107131721352,12759622024676531227,5.107131721352e-06,12.759622024676531,12759627131808252579,37357895490143280,5553269399131947390858491,5553269.399131948,0.0,0,0,0,nan,0
vAMM-WETH/DOG,0.0002779340535103185,0xF89042057D079debe2a65A1a899E48E0E825105F,0x15093ed45C2A3F88393d41bC436003E2b8115aD5,0x4200000000000000000000000000000000000006,0x9E53e88dCff56d3062510A745952DEC4cEFDff9E,0x940181a94A35A4569E4529A3CDfB74e38FD98631,18,18,18,252347691173612904,6415923882603994370558649,0.2523476911736129,6415923.882603995,6415924134951685544171553,0,1603534704440179315218,1603.5347044401794,0.0,0,0,0,nan,0
vAMM-WETH/USDbC,0.024291635833107086,0xB4885Bc63399BF5518b994c1d0C153334Ee579D0,0xeca7Ff920E7162334634c721133F3183B83B0323,0x4200000000000000000000000000000000000006,0xd9aAEc86B65D86f6A7B5B1b0c42FFA531710b6CA,0x940181a94A35A4569E4529A3CDfB74e38FD98631,18,18,6,608484560242777,1942376,0.000608484560242777,1.942376,608484562185153,987932632759917,140150084503998010670950,140150.08450399802,0.0,0,0,0,nan,0
vAMM-WETH/fBOMB,0.38765008080153773,0x4F9Dc2229f2357B27C22db56cB39582c854Ad6d5,0x76c48576822Cd955C320f5d5A163E738dbFEcc01,0x4200000000000000000000000000000000000006,0x74ccbe53F77b08632ce0CB91D3A545bF6B8E0979,0x940181a94A35A4569E4529A3CDfB74e38FD98631,18,18,18,2268967134114242,1238665327330264693291,0.002268967134114242,1238.6653273302647,1238667596297398807533,15063193549086137,2236539027489942722452763,2236539.027489943,0.0,0,0,0,nan,0
vAMM-WETH/WELL,0.0015732337565526342,0xffA3F8737C39e36dec4300B162c2153c67c8352f,0xcEa0a2228145d0fD25dE083e3786ddB1eA184296,0x4200000000000000000000000000000000000006,0xFF8adeC2221f9f4D8dfbAFa6B9a297d17603493D,0x940181a94A35A4569E4529A3CDfB74e38FD98631,18,18,18,0,0,0.0,0.0,0,61061298877425,9076739229924133157917,9076.739229924133,0.0,0,0,0,nan,0
vAMM-USD+/stERN,2.3546974034353905e-07,0x607363389331f4B2D1b955d009506A67c565D75E,0xe5Cf7Ec83BA94c4AdF833d7DCdb800a53f28410E,0xB79DD08EA68A908A97220C76d19A6aA9cBDE4376,0xf7A0dd3317535eC4f4d29ADF9d620B3d8D5D5069,0x940181a94A35A4569E4529A3CDfB74e38FD98631,18,6,18,403720,3046313092050093763,0.40372,3.046313092050094,3046313092050497483,0,1358537738422055515,1.3585377384220554,0.0,0,0,0,nan,0
vAMM-USD+/USDbC,1.0495624638074525e-07,0xdC0F1F6eCd03ec1C9FFC2A17BaBAbd313477b20E,0xD2121Cb13A28Ab16Cb0f0F19A665e9a9311F9aBb,0xB79DD08EA68A908A97220C76d19A6aA9cBDE4376,0xd9aAEc86B65D86f6A7B5B1b0c42FFA531710b6CA,0x940181a94A35A4569E4529A3CDfB74e38FD98631,18,6,6,5515,2659,0.005515,0.002659,8174,0,605542866711187967,0.605542866711188,0.0,0,0,0,nan,0
vAMM-USDbC/THALES,0.00034832309066064923,0x5F43555b02507133eCd5b78218283ed849b07Eac,0x2692CC440416B7f8252406D84e9D66f0C48C069E,0xd9aAEc86B65D86f6A7B5B1b0c42FFA531710b6CA,0xf34e0cff046e154CAfCae502C7541b9E5FD8C249,0x940181a94A35A4569E4529A3CDfB74e38FD98631,18,6,18,40062576,209181995694888845128,40.062576,209.18199569488885,209181995694928907704,0,2009642781004082510685,2009.6427810040825,0.0,0,0,0,nan,0
vAMM-WETH/THALES,7.87243077677984e-05,0x3f386Acc3A8E9194cF6279C219DF8DD3C5B71974,0x62052D68A7DBa58079B7D70a40796CAbAab2a95f,0x4200000000000000000000000000000000000006,0xf34e0cff046e154CAfCae502C7541b9E5FD8C249,0x940181a94A35A4569E4529A3CDfB74e38FD98631,18,18,18,2592132045257662,40172050366403064930,0.002592132045257662,40.17205036640306,40174642498448322592,0,454198245930334209316,454.1982459303342,0.0,0,0,0,nan,0
vAMM-EXTRA/WETH,0.062118208395877,0x84Ff3B6e2046579Fb2f2b891CE18eE10b5fbDbF2,0xE5Ff63862097b32d3ed30551e290D66f1548973F,0x2dAD3a13ef0C6366220f989157009e501e7938F8,0x4200000000000000000000000000000000000006,0x940181a94A35A4569E4529A3CDfB74e38FD98631,18,18,18,0,9289927940635,0.0,9.289927940635e-06,9289927940635,2410969427011559,358389703177333246131892,358389.7031773332,1.7514879228764452e-22,62.77152367983731,0,62.77152367983731,5709.431318017389,1789603200
vAMM-fBOMB/AERO,7.768691123890548,0xbBf71AAD6E1F8D180D3B1D898528654c1d18b2fF,0x12E45bE50dd4f3Bc430B65d399B1e3b90275661c,0x74ccbe53F77b08632ce0CB91D3A545bF6B8E0979,0x940181a94A35A4569E4529A3CDfB74e38FD98631,0x940181a94A35A4569E4529A3CDfB74e38FD98631,18,18,18,7103496888900142894493,96753276753983333787,7103.496888900143,96.75327675398333,7200250165654126228280,301563632840518451,44821300837007311207523137,44821300.837007314,9.807822195524777e-23,4395.993491814936,0,4395.993491814936,10195.943401750199,1789603200
vAMM-EURA/USDbC,8.356507962689346e-06,0xA56bE957d432a5d0eDc040B27078d9726f54E7f6,0x275535F82F287073CEEbC653862E4E43868AA65C,0xA61BeB4A3d02decb01039e378237032B351125B4,0xd9aAEc86B65D86f6A7B5B1b0c42FFA531710b6CA,0x940181a94A35A4569E4529A3CDfB74e38FD98631,18,18,6,2688307679407223061,2770703,2.688307679407223,2.770703,2688307679409993764,0,48212697785180123453,48.212697785180126,0.0,0,0,0,nan,0
vAMM-SONNE/USDbC,0.0022877027674249486,0x554EcA2a48136724294CE47fb7bfE9AADfceE3c6,0x744462994510ccd987F697752bD46d1155F8022F,0x22a2488fE295047Ba13BD8cCCdBC8361DBD8cf7c,0xd9aAEc86B65D86f6A7B5B1b0c42FFA531710b6CA,0x940181a94A35A4569E4529A3CDfB74e38FD98631,18,18,6,13886115659486041833291,4163352,13886.115659486042,4.163352,13886115659486045996643,0,13198853233986864757364,13198.853233986865,0.0,0,0,0,nan,0
sAMM-AERO/USDbC,1.0495624638074525e-07,0xB304b47e039E20AFAd75FA2ada6CD8D95a9eea41,0x46110ac9100A027bAec01bf1C211522ce0B02540,0x940181a94A35A4569E4529A3CDfB74e38FD98631,0xd9aAEc86B65D86f6A7B5B1b0c42FFA531710b6CA,0x940181a94A35A4569E4529A3CDfB74e38FD98631,18,18,6,1484638716414805430154,1337260795,1484.6387164148055,1337.260795,1484638716416142690949,0,605542866711187967,0.605542866711188,0.0,0,0,0,nan,0
vAMM-EXTRA/AERO,0.0011208683924840998,0x688F778C51dB4D990bF1abaF8d33fD95e48C6641,0x6664867531c0FDd058881153FaBE7D2162833b07,0x2dAD3a13ef0C6366220f989157009e501e7938F8,0x940181a94A35A4569E4529A3CDfB74e38FD98631,0x940181a94A35A4569E4529A3CDfB74e38FD98631,18,18,18,0,0,0.0,0.0,0,43503821114102,6466826730145904319018,6466.826730145904,1.404087819397428e-21,9.079992641951563,0,9.079992641951563,712.2061641622639,1789603200
sAMM-DAI+/USDbC,1.0495624638074525e-07,0x4f7f293e7B7b6D1cAA1ca48784C5986f3dE5E19c,0x2d8b33A0dc95F0eb9429551eA4d2297729828558,0x65a2508C429a6078a7BC2f7dF81aB575BD9D9275,0xd9aAEc86B65D86f6A7B5B1b0c42FFA531710b6CA,0x940181a94A35A4569E4529A3CDfB74e38FD98631,18,18,6,50518626629659916,35742,0.05051862662965992,0.035742,50518626629695658,0,605542866711187967,0.605542866711188,0.0,0,0,0,nan,0
sAMM-DAI/MAI,2.0352309878976026e-07,0x30A30f266e1173a75985997B2523EcbC19c60fF3,0xc16A2c13d3A62937FB3b0FE03Fa24B0C6161245E,0x50c5725949A6F0c72E6C4a641F24049A917DB0Cb,0xbf1aeA8670D2528E08334083616dD9C5F3B087aE,0x940181a94A35A4569E4529A3CDfB74e38FD98631,18,18,18,11155958481521998911,11332301023467000347,11.155958481522,11.332301023467,22488259504988999258,0,1174222258635433511,1.1742222586354334,0.0,0,0,0,nan,0
sAMM-WETH/USDbC,1.0236814210126679e-06,0x44d7Dd237001AeF7fC7D8CB13ab4452f65CE5E40,0x1AF743E6EbF9C4f90aE9A37E6e61Bca31a867676,0x4200000000000000000000000000000000000006,0xd9aAEc86B65D86f6A7B5B1b0c42FFA531710b6CA,0x940181a94A35A4569E4529A3CDfB74e38FD98631,18,18,6,124166842414392470,310573353,0.12416684241439246,310.573353,124166842724965823,0,5906108532409502377,5.906108532409503,0.0,0,0,0,nan,0
vAMM-FREN/WETH,0.0005480404801319453,0x679d601AAA86cd555E8bfD48ddC8b4aaDe2A0F27,0x5C84541A91c4dAF68964197E7ED1c7de79A82Ec3,0x12063CC18A7096D170e5Fc410d8623Ad97ee24B3,0x4200000000000000000000000000000000000006,0x940181a94A35A4569E4529A3CDfB74e38FD98631,18,18,18,7536136697996839820670,19233165757456107,7536.13669799684,0.019233165757456108,7536155931162597276777,0,3161908079381884072978,3161.908079381884,0.0,0,0,0,nan,0
sAMM-WETH/BASED,0.00033786686655316834,0x5F45e48F9C053286cE9Ca08Db897f8b7eb3f7992,0xA7919a78183d4B3980c01DfDaCd0158772eB5632,0x4200000000000000000000000000000000000006,0x9CBD543f1B1166b2Df36b68Eb6bB1DcE24E6aBDf,0x940181a94A35A4569E4529A3CDfB74e38FD98631,18,18,18,878826545675223820,4749986757189285790,0.8788265456752238,4.749986757189286,5628813302864509610,0,1949315814869552503461,1949.3158148695527,0.0,0,0,0,nan,0
vAMM-BASED/USDbC,5.850514730915349e-07,0xb905d9195019778CFbaa4e9eD90dF3FC5871CD9A,0x1202cEE03f9Dc305e14c3C34afaedE7BcE47b373,0xBa5E6fa2f33f3955f0cef50c63dCC84861eAb663,0xd9aAEc86B65D86f6A7B5B1b0c42FFA531710b6CA,0x940181a94A35A4569E4529A3CDfB74e38FD98631,18,18,6,41047168293617294,350188,0.04104716829361729,0.350188,41047168293967482,0,3375442228605126725,3.3754422286051264,0.0,0,0,0,nan,0
vAMM-WETH/USDC,0.7622802562706797,0xcDAC0d6c6C59727a65F871236188350531885C43,0x519BBD1Dd8C6A94C46080E24f316c14Ee758C025,0x4200000000000000000000000000000000000006,0x833589fCD6eDb6E08f4c7C32D4f71b54bdA02913,0x940181a94A35A4569E4529A3CDfB74e38FD98631,18,18,6,95104249272818815,293782929,0.09510424927281881,293.782929,95104249566601744,29588166261460794,4397959983677236888118310,4397959.983677236,2.3918043960093462e-21,10519.060022432408,0,10519.060022432408,418.09439002138714,1789603200
vAMM-USDC/AERO,12.26819582798527,0x6cDcb1C4A4D1C3C6d054b27AC5B77e89eAFb971d,0x4F09bAb2f0E15e2A078A227FE1537665F55b8360,0x833589fCD6eDb6E08f4c7C32D4f71b54bdA02913,0x940181a94A35A4569E4529A3CDfB74e38FD98631,0x940181a94A35A4569E4529A3CDfB74e38FD98631,18,6,18,960089308,1261045270516611240486,960.089308,1261.0452705166113,1261045270517571329794,478387830168805517,70781099050578368854969911,70781099.05057837,8.964974655631413e-22,63455.07590861718,0,63455.07590861718,1115.4521216318697,1789603200
sAMM-DAI/USDC,3.452775125517691e-05,0x67b00B46FA4f4F24c03855c5C8013C0B938B3eEc,0x640e9ef68e1353112fF18826c4eDa844E1dC5eD0,0x50c5725949A6F0c72E6C4a641F24049A917DB0Cb,0x833589fCD6eDb6E08f4c7C32D4f71b54bdA02913,0x940181a94A35A4569E4529A3CDfB74e38FD98631,18,18,6,0,0,0.0,0.0,0,1340120804344,199207138185024979820,199.207138185025,9.528146136734561e-21,1.8980747241075937,0,1.8980747241075937,104.95221060313366,1789603200
vAMM-WETH/USD+,3.989224631313464e-06,0x08B935148AB10d3699Cb8d944519e8213abE6f1D,0x1cb5503Ed87CAf12fa56e67219baC798eb51F5a7,0x4200000000000000000000000000000000000006,0xB79DD08EA68A908A97220C76d19A6aA9cBDE4376,0x940181a94A35A4569E4529A3CDfB74e38FD98631,18,18,6,16529558188736691,155000914,0.016529558188736693,155.000914,16529558343737605,0,23015748014056261285,23.01574801405626,0.0,0,0,0,nan,0
vAMM-WETH/AAG,0.00012511124853727945,0x6689a0582BAfcC286A81dc38D76e0470AcD17275,0xd962615116fAf0d2A9DB99310Db8126CF700ec1b,0x4200000000000000000000000000000000000006,0x96e890c6b2501a69cAD5Dba402BFB871a2A2874C,0x940181a94A35A4569E4529A3CDfB74e38FD98631,18,18,18,3615402691532130,37250172896660853802083,0.00361540269153213,37250.17289666086,37250176512063545334213,0,721826729799844593836,721.8267297998447,0.0,0,0,0,nan,0
sAMM-USD+/MAI,5.0307609562940635e-05,0x3FF5bfE3ff5e1877664Fe25862871554e632b9C9,0xC8a2a224aA2Ff37435Ef49903fC6a4e5CA741645,0xB79DD08EA68A908A97220C76d19A6aA9cBDE4376,0xbf1aeA8670D2528E08334083616dD9C5F3B087aE,0x940181a94A35A4569E4529A3CDfB74e38FD98631,18,6,18,7813742,1375577662217171476,7.813742,1.3755776622171714,1375577662224985218,0,290248700411973884605,290.2487004119739,0.0,0,0,0,nan,0
vAMM-SONNE/USDC,6.083029103325524e-05,0x4cC2FeFB2635C86b1bae1b58E0f60Fb43E95e264,0xCbfeaED3dd9310406c046FB496C7E77f7571a808,0x22a2488fE295047Ba13BD8cCCdBC8361DBD8cf7c,0x833589fCD6eDb6E08f4c7C32D4f71b54bdA02913,0x940181a94A35A4569E4529A3CDfB74e38FD98631,18,18,6,70398680208627597139403,20471300,70398.6802086276,20.4713,70398680208627617610703,0,350959090910389825098,350.9590909103898,0.0,0,0,0,nan,0
vAMM-cbETH/AERO,7.8456589478675e-08,0x325a5FC7a92d3166ffabe7233c992143CF5EDd2c,0x93c2EE357213Fa873A49Ad8d453007417D7aE399,0x2Ae3F1Ec7F1F5012CFEab0185bfc7aa3cf0DEc22,0x940181a94A35A4569E4529A3CDfB74e38FD98631,0x940181a94A35A4569E4529A3CDfB74e38FD98631,18,18,18,817949174197230,3547418699504897029,0.00081794917419723,3.547418699504897,3548236648679094259,0,452653650864703704,0.45265365086470366,0.0,0,0,0,nan,0
vAMM-AERO/TAROT,0.05547917280702346,0x7810F8f3253ced11e8c56C6C8497f3134055D44C,0x65B4A4b9813E37DA640bbEf8AbDD8E47100bE5f8,0x940181a94A35A4569E4529A3CDfB74e38FD98631,0xF544251D25f3d243A36B07e7E7962a678f952691,0x940181a94A35A4569E4529A3CDfB74e38FD98631,18,18,18,137357714982874605,116362730735748631379,0.1373577149828746,116.36273073574863,116500088450731505984,2153305413291010,320085926305511882878908,320085.92630551185,0.0,0,0,0,nan,0
vAMM-tBTC/USDC,0.00048286326344300297,0x323121CD6F6274c9aeB9f87e0664C8FDa5d343A5,0x434a8eEA016357bE462Eb6adE1b99F9f9F5Ff2c3,0x236aa50979D5f3De3Bd1Eeb40E81137F22ab794b,0x833589fCD6eDb6E08f4c7C32D4f71b54bdA02913,0x940181a94A35A4569E4529A3CDfB74e38FD98631,18,18,6,0,0,0.0,0.0,0,18741366640601,2785869491884160894115,2785.8694918841607,3.319962504836958e-23,0.09248982256424601,0,0.09248982256424601,30120.82210395655,1789603200
vAMM-WETH/JARVIS,0.007930823408685204,0xeff0891e5a1bd47a8F1e77ABebfEE4145974D088,0xf460124c6146800c6C061A6fC40C14677523BC90,0x4200000000000000000000000000000000000006,0x777b2839832982B35213063d850848369390EE16,0x940181a94A35A4569E4529A3CDfB74e38FD98631,18,18,18,0,0,0.0,0.0,0,307817945252701,45756719660626777895898,45756.71966062678,9.509597172792068e-23,4.351279719209357,0,4.351279719209357,10515.692534917278,1789603200
vAMM-cbETH/USDC,4.3768729450217926e-05,0xa1d2ee6212D4375F154393E59895A5D27859C4e4,0x1a3FD3c084E5680655768b41Da653ca6e84b5981,0x2Ae3F1Ec7F1F5012CFEab0185bfc7aa3cf0DEc22,0x833589fCD6eDb6E08f4c7C32D4f71b54bdA02913,0x940181a94A35A4569E4529A3CDfB74e38FD98631,18,18,6,33595371727072803,92666311,0.033595371727072804,92.666311,33595371819739114,0,252522768463389149031,252.52276846338916,0.0,0,0,0,nan,0
sAMM-USDC/MAI,0.2682177175708233,0x2a1463CeBE85315224c536AfD389b381B43F3206,0x9280df579CeA690cAf5c31601cb71564Bb6FA6B7,0x833589fCD6eDb6E08f4c7C32D4f71b54bdA02913,0xbf1aeA8670D2528E08334083616dD9C5F3B087aE,0x940181a94A35A4569E4529A3CDfB74e38FD98631,18,6,18,35311,0,0.035311,0.0,35311,10410331381719808,1547476507604643004420861,1547476.507604643,2.4268899561660762e-23,37.55555193708665,0,37.55555193708665,41204.99973471266,1789603200
vAMM-MST/WETH,4.652034667671873e-06,0x52E9cC1aD755347BDF666ddf6Ad88EdfFe76fe68,0x44283e26C3610f7a6f93fe37ab80aA6Fca57839E,0x2F3b1A07E3eFb1fCc64BD09b86bD0Fa885D93552,0x4200000000000000000000000000000000000006,0x940181a94A35A4569E4529A3CDfB74e38FD98631,18,18,18,2080870484642075729318,2759362703926278,2080.8704846420756,0.002759362703926278,2080873244004779655596,0,26839816645907110505,26.839816645907113,0.0,0,0,0,nan,0
vAMM-oBMX/USDC,9.548841544995577e-07,0xA8D5DB293917EA106A5fc4dA5A25340e8b428966,0x432146f6A9E1297C88268a1E67ddBFAC804bE6C2,0x3Ff7AB26F2dfD482C40bDaDfC0e88D01BFf79713,0x833589fCD6eDb6E08f4c7C32D4f71b54bdA02913,0x940181a94A35A4569E4529A3CDfB74e38FD98631,18,18,6,9026808799603607845,5599020,9.026808799603607,5.59902,9026808799609206865,0,5509184143220550715,5.50918414322055,0.0,0,0,0,nan,0
sAMM-eUSD/USDbC,1.7550632307495953e-06,0x5BfB340FA9305abB164Fb0248D0D82FC3D82C3bb,0x1457Da0dcBe22249408BB2D1e24Bd2f1484d7620,0xCfA3Ef56d303AE4fAabA0592388F19d7C3399FB4,0xd9aAEc86B65D86f6A7B5B1b0c42FFA531710b6CA,0x940181a94A35A4569E4529A3CDfB74e38FD98631,18,18,6,10918825278547447389,11412494,10.918825278547448,11.412494,10918825278558859883,0,10125800575528955765,10.125800575528956,0.0,0,0,0,nan,0
vAMM-hyUSD/eUSD,0.0005628411396730322,0xb5E331615FdbA7DF49e05CdEACEb14Acdd5091c3,0x025137c819298654162de2609f407514De4bb027,0xCc7FF230365bD730eE4B352cC2492CEdAC49383e,0xCfA3Ef56d303AE4fAabA0592388F19d7C3399FB4,0x940181a94A35A4569E4529A3CDfB74e38FD98631,18,18,18,1120346445894,14128566064366,1.120346445894e-06,1.4128566064366e-05,15248912510260,21845474825237,3247300174819570988135,3247.300174819571,6.2905842401446106e-24,0.02042741530273883,0,0.02042741530273883,158967.74636897823,1789603200
vAMM-WETH/wstETH,0.0005740819367439642,0xA6385c73961dd9C58db2EF0c4EB98cE4B60651e8,0xDf7c8F17Ab7D47702A4a4b6D951d2A4c90F99bf4,0x4200000000000000000000000000000000000006,0xc1CBa3fCea344f92D9239c08C0568f6F2F0ee452,0x940181a94A35A4569E4529A3CDfB74e38FD98631,18,18,18,24398776046914,0,2.4398776046914e-05,0.0,24398776046914,22277567702028,3312153718245259595290,3312.1537182452594,2.777835445022035e-21,9.200617997903208,0,9.200617997903208,359.9925264802961,1789603200
vAMM-AERO/wstETH,0.03494607009651595,0x82a0c1a0d4EF0c0cA3cFDA3AD1AA78309Cc6139b,0x26D6D4E9e3fAf1C7C19992B1Ca792e4A9ea4F833,0x940181a94A35A4569E4529A3CDfB74e38FD98631,0xc1CBa3fCea344f92D9239c08C0568f6F2F0ee452,0x940181a94A35A4569E4529A3CDfB74e38FD98631,18,18,18,0,201510115748,0.0,2.01510115748e-07,201510115748,1371013916442483,201620619984524754169341,201620.61998452476,6.328255459164682e-22,127.59067890972365,0,127.59067890972365,1580.214336246151,1789603200
sAMM-LUSD/USDbC,3.0952837130973134e-06,0x8c7D15fCB443e07C5dc980901A6281f96D87C10F,0xe69e310cE7dBC2F43A8671e140d435c0128a725E,0x368181499736d0c0CC614DBB145E2EC1AC86b8c6,0xd9aAEc86B65D86f6A7B5B1b0c42FFA531710b6CA,0x940181a94A35A4569E4529A3CDfB74e38FD98631,18,18,6,5442986603090874953,4923923,5.442986603090875,4.923923,5442986603095798876,0,17858174597002851894,17.85817459700285,0.0,0,0,0,nan,0
vAMM-WETH/VELA,0.00041332066091399536,0x951FdfA193D92C74c9e35Ea8C8C757CBCBB85147,0xA0eBBC0F5AdCc34E7ca3Ea5BaC654C00817B8F0B,0x4200000000000000000000000000000000000006,0x5A76A56ad937335168b30dF3AA1327277421C6Ae,0x940181a94A35A4569E4529A3CDfB74e38FD98631,18,18,18,7043281180854802,4115428180619304056004,0.007043281180854802,4115.428180619304,4115435223900484910806,0,2384644902151715785546,2384.644902151716,0.0,0,0,0,nan,0
vAMM-WETH/OVN,2.7525908726686673e-09,0xBE0aBf47Dd240d84941024433724004F0C92CDe5,0xc641c66daB86250414628aB98848A4762d288650,0x4200000000000000000000000000000000000006,0xA3d1a8DEB97B111454B294E2324EfAD13a9d8396,0x940181a94A35A4569E4529A3CDfB74e38FD98631,18,18,18,2134220545093742,7550090881297059112,0.002134220545093742,7.550090881297059,7552225101842152854,0,15881015426868585,0.015881015426868584,0.0,0,0,0,nan,0
sAMM-WETH/USDC,0.0005410196282847673,0x3548029694fbB241D45FB24Ba0cd9c9d4E745f16,0xaeBA79D1108788E5754Eb30aaC64EB868a3247FC,0x4200000000000000000000000000000000000006,0x833589fCD6eDb6E08f4c7C32D4f71b54bdA02913,0x940181a94A35A4569E4529A3CDfB74e38FD98631,18,18,6,0,0,0.0,0.0,0,20998519540558,3121401421599249318755,3121.4014215992493,0.0,0,0,0,nan,0
sAMM-DOLA/USDC,0.004382154356238479,0xf213F2D02837012dC0236cC105061e121bB03e37,0xCCff5627cd544b4cBb7d048139C1A6b6Bde67885,0x4621b7A9c75199271F773Ebd9A499dbd165c3191,0x833589fCD6eDb6E08f4c7C32D4f71b54bdA02913,0x940181a94A35A4569E4529A3CDfB74e38FD98631,18,18,6,0,0,0.0,0.0,0,170083947177579,25282747837811225406904,25282.747837811225,2.2445977403021633e-22,5.674959866538048,0,5.674959866538048,4455.141257806764,1789603200
sAMM-eUSD/USDC,0.05527028544044153,0x7A034374C89C463DD65D8C9BCfe63BcBCED41f4F,0x793F22aB88dC91793E5Ce6ADbd7E733B0BD4733e,0x833589fCD6eDb6E08f4c7C32D4f71b54bdA02913,0xCfA3Ef56d303AE4fAabA0592388F19d7C3399FB4,0x940181a94A35A4569E4529A3CDfB74e38FD98631,18,6,18,147327,80606122943915754,0.147327,0.08060612294391575,80606122944063081,2145204993198516,318880755016126124745438,318880.75501612615,4.1736144583342475e-24,1.330885329619845,0,1.330885329619845,239600.47339856953,1789603200
sAMM-LUSD/USDC,0.0003292855534720734,0xf53B7Af40BE75043eeBa493C622F4f56b3C27A31,0xA8C37a644bDf3297C6E19A48150aF3b7069294FC,0x368181499736d0c0CC614DBB145E2EC1AC86b8c6,0x833589fCD6eDb6E08f4c7C32D4f71b54bdA02913,0x940181a94A35A4569E4529A3CDfB74e38FD98631,18,18,6,45276142772081969078,45120147,45.27614277208197,45.120147,45276142772127089225,0,1899806108659005806540,1899.8061086590058,0.0,0,0,0,nan,0
vAMM-USDC/YFX,3.051865738802508e-05,0x8f24dD646e2ae3615767EbdCCc6691C54C41793F,0x32cD891Fa6c52BD324b9ef1B35F2e6E948eEEaf3,0x833589fCD6eDb6E08f4c7C32D4f71b54bdA02913,0x8901cB2e82CC95c01e42206F8d1F417FE53e7Af0,0x940181a94A35A4569E4529A3CDfB74e38FD98631,18,6,18,2721260369,651446031988777897198,2721.260369,651.4460319887779,651446031991499157567,0,176076755030671500000,176.07675503067148,0.0,0,0,0,nan,0
vAMM-EXTRA/USDC,2.0749857498032086e-06,0x68B41faC96b9A6E6dC6219D13834BdE39c22424d,0xA7A488EdcE2cd50255068B7ECE4Db4C8e6E9a010,0x2dAD3a13ef0C6366220f989157009e501e7938F8,0x833589fCD6eDb6E08f4c7C32D4f71b54bdA02913,0x940181a94A35A4569E4529A3CDfB74e38FD98631,18,18,6,19855763513360462522,671445,19.85576351336046,0.671445,19855763513361133967,0,11971586853083275271,11.971586853083275,0.0,0,0,0,nan,0
vAMM-USDC/MTA,9.698844435519106e-05,0x1307f36BC34081401497A873522570AebA4CdE90,0x350545d8d440FfabaC5f38dC2b6a917a0DfDDbB5,0x833589fCD6eDb6E08f4c7C32D4f71b54bdA02913,0xba7D47f471ADD16875e765edEe0858C3413A56Fd,0x940181a94A35A4569E4529A3CDfB74e38FD98631,18,6,18,10818610,497270894882248313849,10.81861,497.27089488224834,497270894882259132459,0,559572799694515075401,559.5727996945151,0.0,0,0,0,nan,0
sAMM-USDC/USD+,2.3774327039809184e-06,0x418457Ca08fA5EC77f811B105F2c585cd051Ac10,0x9701A079C6e80D91CE4c464C4a996237A27FE537,0x833589fCD6eDb6E08f4c7C32D4f71b54bdA02913,0xB79DD08EA68A908A97220C76d19A6aA9cBDE4376,0x940181a94A35A4569E4529A3CDfB74e38FD98631,18,6,6,0,0,0.0,0.0,0,92275269919,13716548224857680124,13.71654822485768,9.133082056886725e-20,1.2527436047486913,0,1.2527436047486913,10.949206344269713,1789603200
vAMM-SNX/USDC,0.001019697986655454,0xcC79bfA7a3212d94390c358E88afcD39294549ca,0xe8cDa9cD77E847a283766E7122452c9155fd094f,0x22e6966B799c4D5B13BE962E1D117b56327FDa66,0x833589fCD6eDb6E08f4c7C32D4f71b54bdA02913,0x940181a94A35A4569E4529A3CDfB74e38FD98631,18,18,6,0,392,0.0,0.000392,392,39577526967632,5883126191260669341893,5883.12619126067,1.0355068113513053e-21,6.0920172430896855,0,6.0920172430896855,965.7106926172992,1789603200
vAMM-USDC/WELL,5.7011190587272574e-08,0x790027573FD4ccD0132e04c194E7a963c2521f1d,0x83a7D55b902Db2069c7c776856d864a8C381A392,0x833589fCD6eDb6E08f4c7C32D4f71b54bdA02913,0xFF8adeC2221f9f4D8dfbAFa6B9a297d17603493D,0x940181a94A35A4569E4529A3CDfB74e38FD98631,18,6,18,127257381,5093461040906644112903,127.257381,5093.4610409066445,5093461040906771370284,0,328924870822822185,0.32892487082282224,0.0,0,0,0,nan,0
sAMM-USDC/AERO,0.0003137027723884952,0x861Ee8B9F7e42eDCF4f1B5614c6595F71A879f3f,0x63f85D5D213A83F3C0C76E3A26Cdcaca34aBE784,0x833589fCD6eDb6E08f4c7C32D4f71b54bdA02913,0x940181a94A35A4569E4529A3CDfB74e38FD98631,0x940181a94A35A4569E4529A3CDfB74e38FD98631,18,6,18,24936736337,27861383370628543155768,24936.736337,27861.383370628544,27861383370653479892105,0,1809901579352078398691,1809.9015793520782,0.0,0,0,0,nan,0
sAMM-WETH/wstETH,2.1585978022829674e-07,0x29BBb5F85F01702Ec85D217CEEb2d9657700cF04,0xc3A4ADA162B989326326db7aec07000bEA6Bb69c,0x4200000000000000000000000000000000000006,0xc1CBa3fCea344f92D9239c08C0568f6F2F0ee452,0x940181a94A35A4569E4529A3CDfB74e38FD98631,18,18,18,0,0,0.0,0.0,0,8378163323,1245398483982651666,1.2453984839826517,2.941684397974081e-21,0.00366356928959234,0,0.00366356928959234,339.94129373249336,1789603200
vAMM-USDC/DEUS,0.017123620120606253,0xf185f82A1948d014baE23d30b06FA8Da35110315,0xC5170E37875cfD19872692E1086C49F205b5Fca6,0x833589fCD6eDb6E08f4c7C32D4f71b54bdA02913,0xDE5ed76E7c05eC5e4572CfC88d1ACEA165109E44,0x940181a94A35A4569E4529A3CDfB74e38FD98631,18,6,18,0,0,0.0,0.0,0,664618883214276,98794367880590956761796,98794.36788059096,0.0,0,0,0,nan,0
sAMM-WETH/AERO,0.0002910206575960635,0x80aBe24A3ef1fc593aC5Da960F232ca23B2069d0,0x3d2a91023E9C815Ba14335cd9650AE9A518b6D63,0x4200000000000000000000000000000000000006,0x940181a94A35A4569E4529A3CDfB74e38FD98631,0x940181a94A35A4569E4529A3CDfB74e38FD98631,18,18,18,750951554276361657,2264538812757200834146,0.7509515542763616,2264.538812757201,2265289764311477195803,0,1679037592804240923328,1679.0375928042408,0.0,0,0,0,nan,0
sAMM-USDC+/USD+,1.3894470712321816e-06,0xE96c788E66a97Cf455f46C5b27786191fD3bC50B,0x526b3D92fF55263dd24E3e14ccD0f5c2Dab81d3b,0x85483696Cc9970Ad9EdD786b2C5ef735F38D156f,0xB79DD08EA68A908A97220C76d19A6aA9cBDE4376,0x940181a94A35A4569E4529A3CDfB74e38FD98631,18,6,6,46408380,56407147,46.40838,56.407147,102815527,0,8016385795707657231,8.016385795707658,0.0,0,0,0,nan,0
vAMM-wBaseDOGE/WETH,0.0011473226091288306,0x9D933f0AF9dc01A6f9e5D2e6dcB25B6D0837EA81,0x67d128F56EBacE1341f17e0BD20e0653034F7cCb,0x373504DA48418C67E6FCD071F33Cb0b3B47613C7,0x4200000000000000000000000000000000000006,0x940181a94A35A4569E4529A3CDfB74e38FD98631,18,18,18,867117501224475358929585756,37042904403895854,867117501.2244754,0.037042904403895856,867117501261518263333481610,0,6619453779378755117457,6619.453779378755,0.0,0,0,0,nan,0
sAMM-MAI/eUSD,2.2939020544387557e-06,0x413d78628d688edcdE29518199A3A3DB955068EC,0x2cC76EF706B2fC694F86c633b880a6dde81687F1,0xbf1aeA8670D2528E08334083616dD9C5F3B087aE,0xCfA3Ef56d303AE4fAabA0592388F19d7C3399FB4,0x940181a94A35A4569E4529A3CDfB74e38FD98631,18,18,18,1375246494007243243872,718642953608267929465,1375.2464940072432,718.6429536082679,2093889447615511173337,0,13234619890659094483,13.234619890659095,0.0,0,0,0,nan,0
vAMM-WETH/TKN,0.007092038899704068,0x1a9f461a371559f82976fa18C46A6A0d29f131d0,0xe157D5a0C9a533ebbdEaDb43633ce76d61816778,0x4200000000000000000000000000000000000006,0x78b3C724A2F663D11373C4a1978689271895256f,0x940181a94A35A4569E4529A3CDfB74e38FD98631,18,18,18,32022324908524,0,3.2022324908524e-05,0.0,32022324908524,275263229389301,40917369992205760371480,40917.36999220576,2.235854005723221e-22,9.148526560073236,0,9.148526560073236,4472.563939507019,1789603200
vAMM-WETH/TOSHI,7.362070087059384e-05,0x081E4455d91726212D1fa9AfFeE80637D1f7bE8E,0x3356d4D0D25B033d28f566c9D62d4D8112F4BC29,0x4200000000000000000000000000000000000006,0xAC1Bd2486aAf3B5C0fc3Fd868558b082a531B2B4,0x940181a94A35A4569E4529A3CDfB74e38FD98631,18,18,18,27783498741382164,147753741086959548652304,0.027783498741382164,147753.74108695955,147753768870458290034468,0,424753092757752782095,424.75309275775277,0.0,0,0,0,nan,0
vAMM-WETH/BETS,2.0055669751010278e-07,0xb7A0B6322834014F95841e643Dffa7Bb9b9Dc0ED,0xCa311e2460EaB52b3f2008B5cDeF0486556Bafb3,0x4200000000000000000000000000000000000006,0x94025780a1aB58868D9B2dBBB775f44b32e8E6e5,0x940181a94A35A4569E4529A3CDfB74e38FD98631,18,18,18,27963336167741330,740765499063631395117992,0.02796333616774133,740765.4990636314,740765527026967562859322,0,1157107668540593198,1.1571076685405932,0.0,0,0,0,nan,0
vAMM-AERO/ZOOMER,0.001291280730911586,0x45D8c7BF5be7c99D39cDC724f60497BD79546458,0xaCF2c5e2c6e54b0AE44DaeF6C12136bCEab88d07,0x940181a94A35A4569E4529A3CDfB74e38FD98631,0xD1dB4851bcF5B41442cAA32025Ce0Afe6B8EabC2,0x940181a94A35A4569E4529A3CDfB74e38FD98631,18,18,18,93773763089949785838,43619495868047334190661380,93.77376308994978,43619495.868047334,43619589641810424140447218,0,7450017149894643817725,7450.017149894644,0.0,0,0,0,nan,0
vAMM-suUSD/eMTRG,6.542673219093486e-06,0x70fAaFB3c7990771F6724C00F2574437bf805A9f,0x68b896E8B47f3d7a2399376D76706204B0B6e32E,0x8BF591Eae535f93a242D5A954d3Cde648b48A5A8,0xa023E6f6B4862EA38cbe45e377abD908abAb2f82,0x940181a94A35A4569E4529A3CDfB74e38FD98631,18,18,18,1711645209101034178,16267927902979325426,1.7116452091010341,16.267927902979327,17979573112080359604,0,37747816196399443400,37.74781619639944,0.0,0,0,0,nan,0
vAMM-WETH/MET,0.10144514748077378,0xF91E0Dfe1265B914182De54E08C9CA2068bedDDE,0x4aCfd43DaD13c5312FD0021C837167d294d7fCF9,0x4200000000000000000000000000000000000006,0x93dc5Cb35627A759848c7A7F0079EA7b49E435a5,0x940181a94A35A4569E4529A3CDfB74e38FD98631,18,18,18,59390186429228567,9738848666521894810,0.05939018642922857,9.738848666521895,9798238852951123377,3937389415982612,585285655096717867068009,585285.6550967179,2.527955910775011e-22,147.95763312935722,0,147.95763312935722,3955.7651924927122,1789603200
vAMM-WETH/DOG,0.0013522315063892933,0xa01fd0F24a2E6fEf6b2ed7573Cb6F59164D396E0,0x040a3f6bc2d8DCD26879d29CaF6Bc4581d6477aA,0x4200000000000000000000000000000000000006,0xAfb89a09D82FBDE58f18Ac6437B3fC81724e4dF6,0x940181a94A35A4569E4529A3CDfB74e38FD98631,18,18,18,0,0,0.0,0.0,0,52484146885631,7801671373285507215069,7801.671373285508,2.505809377849157e-21,19.549501290076137,0,19.549501290076137,399.07265446438015,1789603200
vAMM-WETH/DHT,0.0017485094485728912,0x688b0380360C84135769D4F75d70038119846a8E,0xF42c2da9E11AE1B272c0F4DFd03ab40D06aA709E,0x4200000000000000000000000000000000000006,0x54BC229d1cB15F8B6415EfEab4290a40bc8b7D84,0x940181a94A35A4569E4529A3CDfB74e38FD98631,18,18,18,0,0,0.0,0.0,0,67864878385251,10087988666434137852445,10087.988666434137,2.5535020916930705e-22,2.575970016071556,0,2.575970016071556,3916.190252019576,1789603200
vAMM-AERO/DOG,1.7551100462988396e-08,0xa99e526aB91d3E5d5bAC58551D1a27C8a253591c,0xeC4C5DAD3bac5399fb0FF04C95D02dC15a3472CD,0x940181a94A35A4569E4529A3CDfB74e38FD98631,0xAfb89a09D82FBDE58f18Ac6437B3fC81724e4dF6,0x940181a94A35A4569E4529A3CDfB74e38FD98631,18,18,18,19043098420142903117,12053425198068934073803,19.043098420142904,12053.425198068933,12072468296489076976920,0,101260706768604499,0.10126070676860449,0.0,0,0,0,nan,0
vAMM-WETH/WELS,0.0003788474083819023,0xCaedc2561356B6a01a94E3C0438011459E91FBb9,0xdE41799DE5fB357f501dd9386ACee424E816f7a6,0x4200000000000000000000000000000000000006,0x7F62ac1e974D65Fab4A81821CA6AF659A5F46298,0x940181a94A35A4569E4529A3CDfB74e38FD98631,18,18,18,0,0,0.0,0.0,0,14704200379007,2185752193208839526034,2185.7521932088393,0.0,0,0,0,nan,0
vAMM-WETH/axlOP,0.05775211714351389,0x6a071315B5Ae7da81CA56901ff13893F84776c7B,0xf2B43787C9F841B69567Df52DD6669F4D6De293f,0x4200000000000000000000000000000000000006,0x994ac01750047B9d35431a7Ae4Ed312ee955E030,0x940181a94A35A4569E4529A3CDfB74e38FD98631,18,18,18,11563252368477277,62185140194370773063,0.011563252368477278,62.185140194370774,62196703446739250340,0,333199631081122755627915,333199.6310811228,0.0,0,0,0,nan,0
vAMM-AERO/BASED,5.412220826268905e-07,0x4b1aFCB3F6b525030c9B548839a0E66c058d9B3F,0xB14FAFC5194250477156b6bE22f7b41E95cC0F81,0x940181a94A35A4569E4529A3CDfB74e38FD98631,0xBa5E6fa2f33f3955f0cef50c63dCC84861eAb663,0x940181a94A35A4569E4529A3CDfB74e38FD98631,18,18,18,1636089184357214367,91110194399960883003,1.6360891843572143,91.11019439996089,92746283584318097370,0,3122569477688666806,3.1225694776886668,0.0,0,0,0,nan,0
vAMM-GB/WETH,6.549524185385631e-05,0x284ddaDA0B71F2D0D4e395B69b1013dBf6f3e6C1,0x83FC503345Dcde6197b2BD8eaa82ccb4b737Be40,0x2aF864fb54b55900Cd58d19c7102d9e4FA8D84a3,0x4200000000000000000000000000000000000006,0x940181a94A35A4569E4529A3CDfB74e38FD98631,18,18,18,1046027079111285775069623,647981365619681921,1046027.0791112857,0.6479813656196819,1046027727092651394751544,0,377873427030281022205,377.87342703028105,0.0,0,0,0,nan,0
vAMM-BMX/USDC,0.002924938833962832,0x2F48C208d7Bd2b4Ff6Da005A9427eF38F035b2d8,0x7062ADe77b3b2894cBc5bCa78d5E784214B1A390,0x548f93779fBC992010C07467cBaf329DD5F059B7,0x833589fCD6eDb6E08f4c7C32D4f71b54bdA02913,0x940181a94A35A4569E4529A3CDfB74e38FD98631,18,18,6,0,0,0.0,0.0,0,113526370520952,16875373382233149930370,16875.37338223315,1.6728766883283383e-21,28.230418737974382,0,28.230418737974382,597.7726911833971,1789603200
vAMM-WETH/doginme,0.0748960940344177,0x139E9f235588A9720e7Eab045da29dC781c4b658,0x666c383e4EAb3328660A85d1C41FFDce9D85D8eE,0x4200000000000000000000000000000000000006,0x6921B130D297cc43754afba22e5EAc0FBf8Db75b,0x940181a94A35A4569E4529A3CDfB74e38FD98631,18,18,18,8227864791883,29649102194280424584255,8.227864791883e-06,29649.102194280425,29649102202508289376138,2906960522796298,432111446921868883226329,432111.4469218689,0.0,0,0,0,nan,0
vAMM-DEGEN/USDC,2.3436962454202735e-06,0x637ad8d2611d3efE2ef41fdBb40b9F21AbAF9585,0xF2478BEB6030CbA9069cD471c6C653B34dD7c093,0x4ed4E862860beD51a9570b96d89aF5E1B0Efefed,0x833589fCD6eDb6E08f4c7C32D4f71b54bdA02913,0x940181a94A35A4569E4529A3CDfB74e38FD98631,18,18,6,258097876778700094298485,469190641,258097.8767787001,469.190641,258097876778700563489126,0,13521906433311636055,13.521906433311635,0.0,0,0,0,nan,0
vAMM-AERO/TOSHI,0.0027293730317824285,0x4660Ff55A4Db144734AE76550Ee3093e0BA7F8D1,0xDA58433E3eE06c5CCC27D9E2794aC9CE54576A2c,0x940181a94A35A4569E4529A3CDfB74e38FD98631,0xAC1Bd2486aAf3B5C0fc3Fd868558b082a531B2B4,0x940181a94A35A4569E4529A3CDfB74e38FD98631,18,18,18,0,0,0.0,0.0,0,107570679545851,15747060579835520911635,15747.060579835521,0.0,0,0,0,nan,0
vAMM-WETH/FARM,6.537329984611869e-05,0x5A5Fb78963938B4855BF257b186e1c4daFC9f482,0x47B8a299407Ee3b2B1cd9D98846E1D67c8817a20,0x4200000000000000000000000000000000000006,0xD08a2917653d4E460893203471f0000826fb4034,0x940181a94A35A4569E4529A3CDfB74e38FD98631,18,18,18,159178954075068134,32353642155758522631,0.15917895407506813,32.35364215575852,32512821109833590765,0,377169885168941075875,377.16988516894105,0.0,0,0,0,nan,0
vAMM-WELS/AERO,0.00012671363582612944,0x90359da9715411B828769ab9343Fa2732F726E19,0xb4F1CD310453F86ecF52554b6bCBAb543667a446,0x7F62ac1e974D65Fab4A81821CA6AF659A5F46298,0x940181a94A35A4569E4529A3CDfB74e38FD98631,0x940181a94A35A4569E4529A3CDfB74e38FD98631,18,18,18,98351387331821860438048,182434086764173594956,98351.38733182185,182.4340867641736,98533821418586034033004,0,731071669724161374416,731.0716697241613,0.0,0,0,0,nan,0
vAMM-HPC/WETH,2.4101763924457688e-08,0xd07B4d7CeA966B6E8087C8be3347E4B790679785,0x77ABe39cd429eA55b0fb065B74ca3e3B3c7C13DA,0x1f3BA804eFB9CFe17D595e7262CEA4782dbF6e4E,0x4200000000000000000000000000000000000006,0x940181a94A35A4569E4529A3CDfB74e38FD98631,18,18,18,962128718238164882495366,206837694020843500,962128.7182381649,0.2068376940208435,962128925075858903338866,0,139054622501151690,0.1390546225011517,0.0,0,0,0,nan,0
sAMM-hyUSD/eUSD,1.7321893131611105e-07,0x145AdA46F76eC16B80d8E0B17D6A03fcdc9610E5,0xb2dd7F23Bcb81637C22f8eA5004AaEE29e6056E9,0xCc7FF230365bD730eE4B352cC2492CEdAC49383e,0xCfA3Ef56d303AE4fAabA0592388F19d7C3399FB4,0x940181a94A35A4569E4529A3CDfB74e38FD98631,18,18,18,6858190340566901467,7466609134937605878,6.858190340566901,7.466609134937606,14324799475504507345,0,999382998676381155,0.9993829986763811,0.0,0,0,0,nan,0
vAMM-GROW/WETH,4.001089230682193e-05,0xDa74029240F657a7be372906290300dBb8F1BcCd,0x8c021a56b951b22491Aa74404275732281367ba5,0x321725ee44CB4bfA544CF45a5A585b925d30A58C,0x4200000000000000000000000000000000000006,0x940181a94A35A4569E4529A3CDfB74e38FD98631,18,18,18,245532977143475730612,30829937976484863,245.53297714347573,0.030829937976484863,245563807081452215475,0,230842005717826175057,230.84200571782617,0.0,0,0,0,nan,0
vAMM-KWENTA/WETH,6.561486004359798e-05,0xc91cE85Da7FB4523926a2930e930A8B52a7B85B2,0xc7D62524C372125830A234f0E197C335d0F973FE,0x37Ab9F42051C112CAAba55AB6487dd74286A0B29,0x4200000000000000000000000000000000000006,0x940181a94A35A4569E4529A3CDfB74e38FD98631,18,18,18,100208183600436941,72740055945466,0.10020818360043694,7.2740055945466e-05,100280923656382407,0,378563561672331858655,378.5635616723319,0.0,0,0,0,nan,0
vAMM-USDC/DOG,6.205318803770923e-06,0x1bA78f0373178F4d7996267D005eCbc29e14c99F,0xc3ef893d3E8F7521525fE138505262AE8B3D99BA,0x833589fCD6eDb6E08f4c7C32D4f71b54bdA02913,0x9E53e88dCff56d3062510A745952DEC4cEFDff9E,0x940181a94A35A4569E4529A3CDfB74e38FD98631,18,6,18,1635023,11970474626647012358402,1.635023,11970.474626647012,11970474626647013993425,0,35801456958179031303,35.80145695817903,0.0,0,0,0,nan,0
vAMM-YFX/AERO,3.0548132266396606e-05,0x448686cA47fBE77d8fc9EEc6829837bF45E8ea75,0xCEc1D4EFF7d6a785447Ff48C336feE57A29804d0,0x8901cB2e82CC95c01e42206F8d1F417FE53e7Af0,0x940181a94A35A4569E4529A3CDfB74e38FD98631,0x940181a94A35A4569E4529A3CDfB74e38FD98631,18,18,18,8263433364788275751,17720953801488058050,8.263433364788275,17.720953801488058,25984387166276333801,0,176246809724513266552,176.24680972451324,0.0,0,0,0,nan,0
vAMM-TYBG/wBLT,5.7727309097306125e-06,0x1AFc638D3d53F0993096350403B5845bE7c77f43,0x89C56c18a1d9DBA342028C00C3e1bE3A96507E4b,0x0d97F261b1e88845184f678e2d1e7a98D9FD38dE,0x4E74D4Db6c0726ccded4656d0BCE448876BB4C7A,0x940181a94A35A4569E4529A3CDfB74e38FD98631,18,18,18,1738769072495973207020373,55289244681831591444,1738769.0724959732,55.28924468183159,1738824361740655038611817,0,33305650157777091712,33.305650157777094,0.0,0,0,0,nan,0
vAMM-MAVIA/WETH,0.012316627459621612,0xC90E88d30b99442B6994915F3b146cE3D55982D9,0x3d0f8DF262c1AE46b4af8381f769F7F2872A0d5d,0x24fcFC492C1393274B6bcd568ac9e225BEc93584,0x4200000000000000000000000000000000000006,0x940181a94A35A4569E4529A3CDfB74e38FD98631,18,18,18,0,0,0.0,0.0,0,478048291579213,71060524335607913253755,71060.52433560792,0.0,0,0,0,nan,0
vAMM-WETH/TOWER,0.0021526530636168215,0xAaCE080ea9CE5e7942Ea826d311b6170BdfCf73B,0xb00ec5Ccd55b47d92e29496ca322B1F64a5c24B5,0x4200000000000000000000000000000000000006,0xf7C1CEfCf7E1dd8161e00099facD3E1Db9e528ee,0x940181a94A35A4569E4529A3CDfB74e38FD98631,18,18,18,0,0,0.0,0.0,0,83551452928039,12419686794518303583345,12419.686794518304,1.9173593797970255e-21,23.813002969610924,0,23.813002969610924,521.5506339275121,1789603200
vAMM-WETH/WAMPL,1.5809776879062976e-05,0xfa4d06CA791C0316baD2d97910ac391cF9a71BD2,0x93964594cEcbe653273BEA3eae3bdB8D6d720fA5,0x4200000000000000000000000000000000000006,0x489fe42C267fe0366B16b0c39e7AEEf977E841eF,0x940181a94A35A4569E4529A3CDfB74e38FD98631,18,18,18,711492869909128,54776510443808443,0.000711492869909128,0.05477651044380844,55488003313717571,0,91214176797850489099,91.21417679785048,0.0,0,0,0,nan,0
vAMM-WETH/TN100x,0.05153448067734019,0x8f5F1D63599362115e7F9fe71BFD5ab883D82c82,0x931143b901A1c81bA1657cF0F2AcD126F75ca4Fd,0x4200000000000000000000000000000000000006,0x5B5dee44552546ECEA05EDeA01DCD7Be7aa6144A,0x940181a94A35A4569E4529A3CDfB74e38FD98631,18,18,18,0,0,0.0,0.0,0,2000220636843085,297327107627525276472200,297327.1076275253,7.826499071486069e-22,232.7030331774465,0,232.7030331774465,1277.7104946492038,1789603200
sAMM-USDC/USX,0.004267888491580036,0x1f019b4420936a800fF6f54c00d9da05445DE433,0x62b2Da7b10dde762B3b020AAEe409786b548684C,0x833589fCD6eDb6E08f4c7C32D4f71b54bdA02913,0xc142171B138DB17a1B7Cb999C44526094a4dae05,0x940181a94A35A4569E4529A3CDfB74e38FD98631,18,6,18,0,0,0.0,0.0,0,165650605958418,24623493323301455731959,24623.493323301456,0.0,0,0,0,nan,1789603200
vAMM-USDC/SPOT,1.7479221136824364e-05,0xa43455d99Eb63473cFA186b388c1BC2EA1B63924,0xD90C0E9728fe44905384C89d867Ba095e2Dc3E2e,0x833589fCD6eDb6E08f4c7C32D4f71b54bdA02913,0x8f2E6758C4D6570344bd5007DEc6301cd57590A0,0x940181a94A35A4569E4529A3CDfB74e38FD98631,18,6,9,87778626,127550535687,87.778626,127.550535687,127638314313,0,100846000500768479001,100.84600050076847,0.0,0,0,0,nan,0
sAMM-BRETT/AERO,0.0002163967264461601,0xFfa80952B3800240F11AD25E45e8d3E5C1593E70,0xCab96B63cB77Eb0f771D09197860cE159F197Cc6,0x532f27101965dd16442E59d40670FaF5eBB142E4,0x940181a94A35A4569E4529A3CDfB74e38FD98631,0x940181a94A35A4569E4529A3CDfB74e38FD98631,18,18,18,0,0,0.0,0.0,0,8399059378880,1248496383948083148809,1248.4963839480831,1.2014292693717468e-21,1.4999800983800133,0,1.4999800983800133,832.3419659343921,1789603200
vAMM-WETH/WELL,0.14834115399714382,0x89D0F320ac73dd7d9513FFC5bc58D1161452a657,0x7b6964440b615aC1d31bc95681B133E112fB2684,0x4200000000000000000000000000000000000006,0xA88594D404727625A9437C3f886C7643872296AE,0x940181a94A35A4569E4529A3CDfB74e38FD98631,18,18,18,21463195351215617,9196517483451816129941,0.021463195351215617,9196.517483451817,9196538946647167345558,5757619251718784,855851183137923870800360,855851.1831379238,1.170372865291926e-21,1001.665001472617,0,1001.665001472617,854.4285583300583,1789603200
vAMM-RSR/bsdETH,0.0006922154418829726,0x95F04B5594e2a944CA91d56933D119841eeF9a99,0x190351cf2a6e2ac19A528b283E0748eD0652799d,0xaB36452DbAC151bE02b16Ca17d8919826072f64a,0xCb327b99fF831bF8223cCEd12B1338FF3aA322Ff,0x940181a94A35A4569E4529A3CDfB74e38FD98631,18,18,18,0,30294773537359,0.0,3.0294773537359e-05,30294773537359,26867128236342,3993722503556158808591,3993.7225035561587,0.0,0,0,0,nan,0
vAMM-WETH/SEXY,0.019911034009069656,0x862a9D8443BbF74CF86bC05aFC8e05c63319DC1e,0x2F1c1492F6057808C3fd16eef67E0237FBAeBF4B,0x4200000000000000000000000000000000000006,0xD1917629B3E6A72E6772Aab5dBe58Eb7FA3C2F33,0x940181a94A35A4569E4529A3CDfB74e38FD98631,18,18,18,0,0,0.0,0.0,0,772811861267756,114876293968225523664709,114876.29396822552,0.0,0,0,0,nan,0
vAMM-TKN/AERO,0.03705456101492796,0xd88b9f7185f404015B665e070A5EF03a7e26661F,0x82FDF8F646c6dcF7966734146486114f60C7Def5,0x78b3C724A2F663D11373C4a1978689271895256f,0x940181a94A35A4569E4529A3CDfB74e38FD98631,0x940181a94A35A4569E4529A3CDfB74e38FD98631,18,18,18,59353773202793834392,137418028418966478,59.35377320279383,0.13741802841896647,59491191231212800870,1438207792390996,213785514206617899397079,213785.5142066179,0.0,0,0,0,nan,0
vAMM-AERO/USD+,0.00037873297007652714,0x267d950110D9ED57999c3451b89C35a9D278C074,0x45D3ef9d20f9eA644aB9bc706e630311050de370,0x940181a94A35A4569E4529A3CDfB74e38FD98631,0xB79DD08EA68A908A97220C76d19A6aA9cBDE4376,0x940181a94A35A4569E4529A3CDfB74e38FD98631,18,18,6,37322269300598850091,29512467,37.32226930059885,29.512467,37322269300628362558,0,2185091943801223861701,2185.091943801224,0.0,0,0,0,nan,0
vAMM-WETH/PRIME,0.0007466806089526569,0xB21b821EC1bB22d0241AE425e07e14d1CCea4AeD,0x2C477011BB6dF2828Da8367Bae4C5bA7381C0240,0x4200000000000000000000000000000000000006,0xfA980cEd6895AC314E7dE34Ef1bFAE90a5AdD21b,0x940181a94A35A4569E4529A3CDfB74e38FD98631,18,18,18,17727771197963828,20259129109791278170,0.01772777119796383,20.259129109791278,20276856880989241998,0,4307958144983698775490,4307.958144983699,0.0,0,0,0,nan,0
vAMM-USDC/sFRAX,1.853544981675105e-06,0xf0e08Fa759B9C3099B0Dd63f73f79984AEb6254f,0x29b1f2295031d7e98CCD428fAcc65Ef30821771e,0x833589fCD6eDb6E08f4c7C32D4f71b54bdA02913,0xe4796cCB6bB5DE2290C417Ac337F2b66CA2E770E,0x940181a94A35A4569E4529A3CDfB74e38FD98631,18,6,18,32006868,29076958156274879249,32.006868,29.07695815627488,29076958156306886117,0,10693988976225330758,10.69398897622533,0.0,0,0,0,nan,0
vAMM-FXS/USDC,4.208879697266389e-06,0xa2D4414421e5531E727d532ef018109f59d22340,0x9a27275AE67A5E19630B2D096D4989992028A154,0x23432452B720C80553458496D4D9d7C5003280d0,0x833589fCD6eDb6E08f4c7C32D4f71b54bdA02913,0x940181a94A35A4569E4529A3CDfB74e38FD98631,18,18,6,1935886106615144927,3623126,1.935886106615145,3.623126,1935886106618768053,0,24283043319590076243,24.283043319590078,0.0,0,0,0,nan,0
vAMM-sfrxETH/FXS,7.618961712607512e-11,0x1bDEb67E8B0D700b7717C7F3a7341859B7Dac784,0x8B207A66E66e08CC1CE51bc38d1dFe3d8Cb36322,0x1f55a02A049033E3419a8E2975cF3F572F4e6E9A,0x23432452B720C80553458496D4D9d7C5003280d0,0x940181a94A35A4569E4529A3CDfB74e38FD98631,18,18,18,3696328153375529,10198106533578435459,0.003696328153375529,10.198106533578436,10201802861731810988,0,439574401325153,0.000439574401325153,0.0,0,0,0,nan,0
vAMM-WETH/QI,0.016746707857731958,0x06709C364dd4E2f5b0c10b1eBf80B2Ce483dbdC5,0xdd1fd2BeEE67A3adA2277fc44aA69C5C0d753449,0x4200000000000000000000000000000000000006,0xD3FDCb837DAfdb7C9C3eBD48FE22a53F6Dd3d7D7,0x940181a94A35A4569E4529A3CDfB74e38FD98631,18,18,18,0,0,0.0,0.0,0,649998392252465,96619780468884776779658,96619.78046888477,2.436061298326346e-23,2.3537170785303796,0,2.3537170785303796,41049.87016078096,1789603200
vAMM-sfrxETH/AERO,8.860625625964156e-06,0xE25bc9133D26F62C9FA03b6750f3F3Ba57E9eB44,0xEab862191A4d917D2D16E2FAF0859448Ff5BEdB7,0x1f55a02A049033E3419a8E2975cF3F572F4e6E9A,0x940181a94A35A4569E4529A3CDfB74e38FD98631,0x940181a94A35A4569E4529A3CDfB74e38FD98631,18,18,18,7260842783832633,31208516525070142217,0.007260842783832633,31.20851652507014,31215777367853974850,0,51121194092029528727,51.121194092029526,0.0,0,0,0,nan,0
vAMM-Mog/WETH,0.0016038951430107772,0x4A311ac4563abc30E71D0631C88A6232C1309ac5,0x8FCc385d8d7f3A2e087853a79531630Bf96575e8,0x2Da56AcB9Ea78330f947bD57C54119Debda7AF71,0x4200000000000000000000000000000000000006,0x940181a94A35A4569E4529A3CDfB74e38FD98631,18,18,18,10171053231194435935042678770,612462289213054490,10171053231.194435,0.6124622892130545,10171053231806898224255733260,0,9253639457337465307181,9253.639457337466,0.0,0,0,0,nan,0
vAMM-VIRTUAL/WETH,1.048257187442922,0x21594b992F68495dD28d605834b58889d0a727c7,0xBD62Cad65b49b4Ad9C7aa9b8bDB89d63221F7af5,0x0b3e328455c4059EEb9e3f84b5543F74E24e7E1b,0x4200000000000000000000000000000000000006,0x940181a94A35A4569E4529A3CDfB74e38FD98631,18,18,18,96169851034371983381,38262802279749262,96.16985103437199,0.038262802279749264,96208113836651732643,41145519575247178,6047897902446755188230086,6047897.902446755,1.3682950519290848e-21,8275.308774490186,0,8275.308774490186,730.8365243228457,1789603200
vAMM-HIGHER/WETH,0.002313776926368247,0xcEdF590857aE7Fbd4A342Ce9Ee9CA111570A1ca2,0x8Ee017223529FC20FA5B8D6f1D048003A424D9CC,0x0578d8A44db98B23BF096A382e016e29a5Ce0ffe,0x4200000000000000000000000000000000000006,0x940181a94A35A4569E4529A3CDfB74e38FD98631,18,18,18,76379629256383579305364,8715281325074686,76379.62925638357,0.008715281325074686,76379637971664904380050,0,13349287548266080198429,13349.287548266082,0.0,0,0,0,nan,0
vAMM-BRETT/AERO,0.0049777702704856775,0x43BBb129b56A998732767725A183b7a566843dBA,0x80c6eF2039c429d905D125Bba5FD99125646aee9,0x532f27101965dd16442E59d40670FaF5eBB142E4,0x940181a94A35A4569E4529A3CDfB74e38FD98631,0x940181a94A35A4569E4529A3CDfB74e38FD98631,18,18,18,0,0,0.0,0.0,0,193203422079699,28719141388545338623710,28719.141388545337,2.252378035717408e-21,64.68636326822227,0,64.68636326822227,443.97520493556425,1789603200
vAMM-WETH/LUCHA,0.03048932821070407,0x0D4953d2BDe145D316296CC72cCE509D899a5529,0xd3011443522E904092232CD7C73586D0b1b61418,0x4200000000000000000000000000000000000006,0xF4435cC8b478d54313F04c956882BE3D9aCf9F6F,0x940181a94A35A4569E4529A3CDfB74e38FD98631,18,18,18,0,0,0.0,0.0,0,1183409369855446,175907540955991070706232,175907.54095599108,2.373980556642679e-25,0.041760108199634854,0,0.041760108199634854,4212334.415300418,1789603200
vAMM-USD+/sFRAX,7.949084440527112e-08,0xbB38EeBd670A9F3cafe6D3170862ccD930cB25f9,0xEc4288995734ca01eAfC97588658F37515823502,0xB79DD08EA68A908A97220C76d19A6aA9cBDE4376,0xe4796cCB6bB5DE2290C417Ac337F2b66CA2E770E,0x940181a94A35A4569E4529A3CDfB74e38FD98631,18,6,18,71254093,57937091370027179588,71.254093,57.93709137002718,57937091370098433681,0,458620763016268660,0.4586207630162687,0.0,0,0,0,nan,0
vAMM-WELS/USDC,0.0005027206793011982,0xfEA9E8a7daEf9497ffF3e3501eD504984f96aa33,0xE4be724E22FeFeB2969f53865222E58c496ef5d7,0x7F62ac1e974D65Fab4A81821CA6AF659A5F46298,0x833589fCD6eDb6E08f4c7C32D4f71b54bdA02913,0x940181a94A35A4569E4529A3CDfB74e38FD98631,18,18,6,31968569670263912340252,46197748,31968.56967026391,46.197748,31968569670263958538000,0,2900436437053169395503,2900.4364370531694,0.0,0,0,0,nan,0
vAMM-DEGEN/TKN,0.0047476183461417285,0xc01162ED99a018D02b8a12f4712B0b9b87a9852F,0x519b415fBC1007d3871BD9F7F679d0593a459888,0x4ed4E862860beD51a9570b96d89aF5E1B0Efefed,0x78b3C724A2F663D11373C4a1978689271895256f,0x940181a94A35A4569E4529A3CDfB74e38FD98631,18,18,18,0,0,0.0,0.0,0,184271697950219,27391284678228581007478,27391.28467822858,8.427839430238549e-23,2.3084934905606387,0,2.3084934905606387,11865.437260373803,1789603200
vAMM-ANIME/WETH,0.0009208867717768428,0xeB956b77D455e33b41bBE6052dBE4388dCfD729B,0x93a7ddBd64f0835f99b6D248Ce058Fd90C68666c,0x0e0c9756a3290cD782CF4aB73ac24D25291c9564,0x4200000000000000000000000000000000000006,0x940181a94A35A4569E4529A3CDfB74e38FD98631,18,18,18,12165881797654906416432417,47791430018122340,12165881.797654906,0.04779143001812234,12165881845446336434554757,0,5313036955182708443626,5313.036955182708,0.0,0,0,0,nan,0
vAMM-ezETH/WETH,1.2627005109023998e-06,0x0C8bF3cb3E1f951B284EF14aa95444be86a33E2f,0x6318373c5a01224094BF0B1AC88562345B2Fb91E,0x2416092f143378750bb29b79eD961ab195CcEea5,0x4200000000000000000000000000000000000006,0x940181a94A35A4569E4529A3CDfB74e38FD98631,18,18,18,0,0,0.0,0.0,0,49009829808,7285124168748799029,7.285124168748799,2.445185046371409e-19,1.7813476678383506,0,1.7813476678383506,4.089670029202796,1789603200
sAMM-ezETH/WETH,6.113943873007348e-05,0x497139e8435E01555AC1e3740fccab7AFf149e02,0x4Fa58b3Bec8cE12014c7775a0B3da7e6AdC3c7eA,0x2416092f143378750bb29b79eD961ab195CcEea5,0x4200000000000000000000000000000000000006,0x940181a94A35A4569E4529A3CDfB74e38FD98631,18,18,18,0,0,0.0,0.0,0,2373035776068,352742712076579218995,352.74271207657927,1.1371719531697736e-20,4.011291188585267,0,4.011291188585267,87.93744844063221,1789603200
vAMM-USDC/WELL,1.0599098856948779e-06,0x81A8c12738F7346094526ECC2487a63f45dD1935,0x47C84ff870c7EeA60420EC8c98B7FBa9D37b478B,0x833589fCD6eDb6E08f4c7C32D4f71b54bdA02913,0xA88594D404727625A9437C3f886C7643872296AE,0x940181a94A35A4569E4529A3CDfB74e38FD98631,18,6,18,75698316,3216508790610323706600,75.698316,3216.5087906103236,3216508790610399404916,0,6115127901115079251,6.11512790111508,0.0,0,0,0,nan,0
vAMM-AERO/WELL,0.004687073396311184,0xCd401DE1cBAa0d770eE5FB70ff622c752C92B8c5,0x57c198edE5e375a273935f5ED8B4D22fE836f080,0x940181a94A35A4569E4529A3CDfB74e38FD98631,0xA88594D404727625A9437C3f886C7643872296AE,0x940181a94A35A4569E4529A3CDfB74e38FD98631,18,18,18,0,0,0.0,0.0,0,186928508241895,27041971857414908364078,27041.97185741491,0.0,0,0,0,nan,0
vAMM-WETH/BENJI,5.021690004882112e-08,0x9409dBe9d0aE5961A28cf395786Bddc0911eFBec,0x9E5AE7b0CeB4b8E5e2Bb986e63147b912072d2Be,0x4200000000000000000000000000000000000006,0xBC45647eA894030a4E9801Ec03479739FA2485F0,0x940181a94A35A4569E4529A3CDfB74e38FD98631,18,18,18,41177565722259,22831114761904257943,4.1177565722259e-05,22.831114761904256,22831155939469980202,0,289725353768853210,0.28972535376885317,0.0,0,0,0,nan,0
vAMM-LUSD/POOL,0.0012836321777933328,0x0b15b1d434f86eCaa83d14398C8Db6d162F3921e,0x5b41A91Cc14496E7fcc381595Dc2680EF71B6462,0x368181499736d0c0CC614DBB145E2EC1AC86b8c6,0xd652C5425aea2Afd5fb142e120FeCf79e18fafc3,0x940181a94A35A4569E4529A3CDfB74e38FD98631,18,18,18,9145830030365033,0,0.009145830030365032,0.0,9145830030365033,49822261121253,7405888982766619682927,7405.88898276662,6.309395022822406e-22,4.6726679087443,0,4.6726679087443,1584.9380113034454,1789603200
vAMM-AERO/OVN,5.852698789942453e-05,0x4704f9Cf735b58ea442E387ACca6717311597322,0x365f5413BBC783D1fff1cAe9D3Bd9A16eA698D19,0x940181a94A35A4569E4529A3CDfB74e38FD98631,0xA3d1a8DEB97B111454B294E2324EfAD13a9d8396,0x940181a94A35A4569E4529A3CDfB74e38FD98631,18,18,18,583393640314978201204,423504178582824179483,583.3936403149783,423.5041785828242,1006897818897802380687,0,337670231688947804211,337.6702316889478,0.0,0,0,0,nan,0
sAMM-USDA/USDC,2.220437631840842e-05,0xE503312E932a3647AeAC8b00A8Bd1d04E6A73C08,0x93c10Fb12B2EA0D558929914236A45355B03F1F7,0x0000206329b97DB379d5E1Bf586BbDB969C63274,0x833589fCD6eDb6E08f4c7C32D4f71b54bdA02913,0x940181a94A35A4569E4529A3CDfB74e38FD98631,18,18,6,24213646618575843243,20452139,24.213646618575844,20.452139,24213646618596295382,0,128107684421245941394,128.10768442124595,0.0,0,0,0,nan,0
vAMM-GENOME/WETH,0.0020474949641099784,0x963ceee215e5b0B1dCB221C3bA398De66abC73D9,0xa4F335B6ee0f8e34F31d4C8b702080196252dAc3,0x1db0c569ebb4a8b57AC01833B9792F526305e062,0x4200000000000000000000000000000000000006,0x940181a94A35A4569E4529A3CDfB74e38FD98631,18,18,18,0,0,0.0,0.0,0,79470451513384,11812979340420972800697,11812.979340420974,1.7577314138738597e-21,20.764044878100854,0,20.764044878100854,568.9151323728706,1789603200
vAMM-WETH/BUIDL,5.6768699328525836e-05,0x6eB0f4B90EeB237f6ee6d5D8d69C15810b81fa05,0x136805463D527bA9c507fF7640e9cF84f0328278,0x4200000000000000000000000000000000000006,0xdADc4F8E9d8d37294de0E02A2Ce8Cc0c90A4F6c2,0x940181a94A35A4569E4529A3CDfB74e38FD98631,18,18,18,93805602303200337,78074655889237294043048,0.09380560230320034,78074.6558892373,78074749694839597243385,0,327525822580936522456,327.52582258093656,0.0,0,0,0,nan,0
vAMM-tBTC/AERO,1.728444139473326e-07,0x5E19947708Ed0686ecE3BE487126b2c1c5378641,0x80Cdc20a68ff14f5f3b642786977F09a0fb11b64,0x236aa50979D5f3De3Bd1Eeb40E81137F22ab794b,0x940181a94A35A4569E4529A3CDfB74e38FD98631,0x940181a94A35A4569E4529A3CDfB74e38FD98631,18,18,18,71926702823478,9290955603191237499,7.1926702823478e-05,9.290955603191238,9291027529894060977,0,997222228556034548,0.9972222285560346,0.0,0,0,0,nan,0
vAMM-PRE/USDC,0.0004723182768562847,0x8a24D81C24f125341b46a52de3e4CF0e0C7E7F72,0x6169fA980Ab79355F7da28B13d08de0182131b13,0x3816dD4bd44c8830c2FA020A5605bAC72FA3De7A,0x833589fCD6eDb6E08f4c7C32D4f71b54bdA02913,0x940181a94A35A4569E4529A3CDfB74e38FD98631,18,18,6,0,0,0.0,0.0,0,18332569334887,2725030412483510056254,2725.03041248351,2.447715587261417e-20,66.70099416397296,0,66.70099416397296,40.854419737500315,1789603200
vAMM-KWENTA/AERO,1.3437493240321093e-06,0xBaDA36C1e87109546eCEFcD3bB16A58B2Da0B0eA,0xa7c66862208D8cD6bC993BbaAd64De42F8746247,0x37Ab9F42051C112CAAba55AB6487dd74286A0B29,0x940181a94A35A4569E4529A3CDfB74e38FD98631,0x940181a94A35A4569E4529A3CDfB74e38FD98631,18,18,18,41905886436304119,553455243678947970,0.04190588643630412,0.5534552436789479,595361130115252089,0,7752733599711711903,7.752733599711712,0.0,0,0,0,nan,0
sAMM-DEGEN/USDC,7.742865425246378e-08,0x67fBd3c6fFBd29506f3Ca395cB4C6092e5eeFC9C,0xabe274A025D2404aE4669CA4811Ec7F58C8167c1,0x4ed4E862860beD51a9570b96d89aF5E1B0Efefed,0x833589fCD6eDb6E08f4c7C32D4f71b54bdA02913,0x940181a94A35A4569E4529A3CDfB74e38FD98631,18,18,6,0,0,0.0,0.0,0,3005923619,446723000092235295,0.44672300009223526,1.5664752575609544e-21,0.0006997805266278865,0,0.0006997805266278865,638.3758665662092,1789603200
vAMM-AERO/GHST,5.681460103826596e-08,0x59Da7538Bbea7facC9185b412e0D43da67A84Ab7,0x785369676686874713ca132C2002E7736A36FE44,0x940181a94A35A4569E4529A3CDfB74e38FD98631,0xcD2F22236DD9Dfe2356D7C543161D4d260FD9BcB,0x940181a94A35A4569E4529A3CDfB74e38FD98631,18,18,18,25419533897908997,71196759596218270,0.025419533897908998,0.07119675959621827,96616293494127267,0,327790651534538225,0.32779065153453824,0.0,0,0,0,nan,0
vAMM-WETH/NORMILIO,9.629725596661362e-05,0x7D68c4E183e31971deb223e6F8A064751d0599d0,0xE531DEd40AeA2Fd2ba7476BB6cE30cF9e2cfd2D0,0x4200000000000000000000000000000000000006,0xcDE90558fc317C69580DeeAF3eFC509428Df9080,0x940181a94A35A4569E4529A3CDfB74e38FD98631,18,18,18,368178061923229289,793418384806812170874471,0.36817806192322927,793418.3848068122,793418752984874094103760,0,555585002753508385365,555.5850027535083,0.0,0,0,0,nan,0
vAMM-WETH/GHST,0.045327586527331695,0x0DFb9Cb66A18468850d6216fCc691aa20ad1e091,0xe3800a58B5535935850a10e082952Ec3577D8DCc,0x4200000000000000000000000000000000000006,0xcD2F22236DD9Dfe2356D7C543161D4d260FD9BcB,0x940181a94A35A4569E4529A3CDfB74e38FD98631,18,18,18,2482705892551412,126961086297133815238,0.002482705892551412,126.96108629713382,126963569003026366650,1779636548238702,261516561742201295735365,261516.5617422013,9.499034866996399e-21,2484.1549382861867,0,2484.1549382861867,105.27385297578138,1789603200
sAMM-PRO/AERO,6.490830274291461e-08,0x3e1893753F410F909A40C50857fF6C9eEF2C1D88,0x95Fc882911a36E298C0dEC1e8DDC50b05599c09d,0x18dD5B087bCA9920562aFf7A0199b96B9230438b,0x940181a94A35A4569E4529A3CDfB74e38FD98631,0x940181a94A35A4569E4529A3CDfB74e38FD98631,18,8,18,47856,20469854976336093,0.00047856,0.020469854976336094,20469854976383949,0,374487094114608442,0.37448709411460845,0.0,0,0,0,nan,0
vAMM-VIRTUAL/WAI,0.014631525999669461,0x37E769D2dcF3e3E8dFC37c0Df83EEB56edfC0fD2,0x57E0f09B66baD2f184d30B58973690C15d7f6243,0x0b3e328455c4059EEb9e3f84b5543F74E24e7E1b,0x23471E7250bCD7ee21Df3f39Ed6151931D1E076b,0x940181a94A35A4569E4529A3CDfB74e38FD98631,18,18,18,0,0,0.0,0.0,0,567902653907136,84416283010522561960758,84416.28301052256,9.536345760693572e-24,0.8050228626209056,0,0.8050228626209056,104861.96967833837,1789603200
vAMM-USDC/KLIMA,0.0035883378850206306,0x958682eC6282BC7E939FA8Ba9397805C214c3A09,0x950aD950D6f07491ef2c150545A6A2AB7AdC03f4,0x833589fCD6eDb6E08f4c7C32D4f71b54bdA02913,0xDCEFd8C8fCc492630B943ABcaB3429F12Ea9Fea2,0x940181a94A35A4569E4529A3CDfB74e38FD98631,18,6,9,0,0,0.0,0.0,0,139275962531676,20702840322063785722994,20702.840322063785,2.2437668011140038e-20,464.52345803411066,0,464.52345803411066,44.56791140253576,1789603200
vAMM-GROW/VITA,2.2835111266839107e-08,0xDaD0D8F40Bf19c295B982dB2d1Ee47eE12DA92f0,0x8AC0f40EF2c222044B857d52508E18f94cA90c45,0x321725ee44CB4bfA544CF45a5A585b925d30A58C,0x490a4B510d0Ea9f835D2dF29Eb73b4FcA5071937,0x940181a94A35A4569E4529A3CDfB74e38FD98631,18,18,18,1077563806378996520578,776343820981872373863,1077.5638063789966,776.3438209818723,1853907627360868894441,0,131746696504644157,0.13174669650464416,0.0,0,0,0,nan,0
vAMM-WETH/wrsETH,1.8311365821512993e-05,0xA24382874A6FD59de45BbccFa160488647514c28,0x2da7789a6371F550caF9054694F5A5A6682903f9,0x4200000000000000000000000000000000000006,0xEDfa23602D0EC14714057867A78d01e94176BEA0,0x940181a94A35A4569E4529A3CDfB74e38FD98631,18,18,18,85106624673906781,110298193803717289,0.08510662467390678,0.11029819380371729,195404818477624070,0,105647041841908453965,105.64704184190845,0.0,0,0,0,nan,0
vAMM-weETH.base/WETH,0.06280025025151614,0x91F0f34916Ca4E2cCe120116774b0e4fA0cdcaA8,0xf8d47b641eD9DF1c924C0F7A6deEEA2803b9CfeF,0x04C0599Ae5A44757c0af6F9eC3b93da8976c150A,0x4200000000000000000000000000000000000006,0x940181a94A35A4569E4529A3CDfB74e38FD98631,18,18,18,0,82119331397,0.0,8.2119331397e-08,82119331397,2437497688699535,362324729387993410333833,362324.7293879934,0.0,0,0,0,nan,0
vAMM-WETH/SAM,0.1018972549356228,0x598299Fb3f3829F7Ba08662948706cDFf7eC2350,0xf96Bc096dd1E52dcE4d595B6C4B8c5d2200db1E5,0x4200000000000000000000000000000000000006,0xed1779845520339693CDBffec49a74246E7D671b,0x940181a94A35A4569E4529A3CDfB74e38FD98631,18,18,18,0,0,0.0,0.0,0,3954989389304410,587894079594652147746113,587894.0795946522,0.0,0,0,0,nan,0
vAMM-BET/USDC,0.011816005545966823,0xF471D220F16Cc9c3400B5BD97d728072A87b9C75,0x34BF49C57c8a6A766c99909a3513258A3dB7E393,0x80F6BcedD3d4fa1035285affA30e38f464Db3895,0x833589fCD6eDb6E08f4c7C32D4f71b54bdA02913,0x940181a94A35A4569E4529A3CDfB74e38FD98631,18,18,6,0,0,0.0,0.0,0,458620564290819,68172196683023563691694,68172.19668302356,3.635514676249654e-23,2.4784102155331014,0,2.4784102155331014,27506.421760111996,1789603200
sAMM-rgUSD/eUSD,5.489250367851295e-10,0xd7AdbF474E991f4AEbF95C0b095001ce661aAD17,0x1Efd219BFfFf88F89791Bc850b7347F6da67D933,0x8E5E9DF4F0EA39aE5270e79bbABFCc34203A3470,0xCfA3Ef56d303AE4fAabA0592388F19d7C3399FB4,0x940181a94A35A4569E4529A3CDfB74e38FD98631,18,18,18,129444284288970586819,153105671487750525597,129.44428428897058,153.10567148775053,282549955776721112416,0,3167011510478252,0.003167011510478252,0.0,0,0,0,nan,0
sAMM-USDC/rgUSD,8.02113677685589e-10,0xF8CCE695B387424122d59ae2d01fA8CE359CfB00,0xc78a90ed0E25F3bf3f000c18947C683C2351777d,0x833589fCD6eDb6E08f4c7C32D4f71b54bdA02913,0x8E5E9DF4F0EA39aE5270e79bbABFCc34203A3470,0x940181a94A35A4569E4529A3CDfB74e38FD98631,18,6,18,939406,992573906298818645,0.939406,0.9925739062988187,992573906299758051,0,4627778074798720,0.00462777807479872,0.0,0,0,0,nan,0
vAMM-WETH/MASA,1.4250308800496826e-06,0x33c3782446dF290bE025A24A0Ac94562E9A995D6,0x29Ff29c57474857a6F1fB6C5839CF82adA2BB6b5,0x4200000000000000000000000000000000000006,0x944824290CC12F31ae18Ef51216A223Ba4063092,0x940181a94A35A4569E4529A3CDfB74e38FD98631,18,18,18,6142823369811264,3952888452363684015048628,0.006142823369811264,3952888.452363684,3952888458506507384859892,0,8221685835894741508,8.221685835894743,0.0,0,0,0,nan,0
vAMM-pwBLT/USDC,6.030429517517542e-06,0x9b0025d10E824E7E2b148953009A40B0C0792F30,0xF8Bbe737e94134cfc95e56b7539549C15EC450E1,0x3Dd79d6BD927615787Cc95F2c7A77C9aC1AF26F4,0x833589fCD6eDb6E08f4c7C32D4f71b54bdA02913,0x940181a94A35A4569E4529A3CDfB74e38FD98631,18,18,6,0,0,0.0,0.0,0,234065190076,34792436881653363960,34.792436881653366,0.0,0.0,0,0.0,nan,1789603200
vAMM-weETH/AERO,2.6506115428730488e-05,0xc5aDfb267a95df1233a2b5F7f48041E7Fb384BcA,0x0A5f63A1aC754b4418cc5381eE17E04CCad42F56,0x04C0599Ae5A44757c0af6F9eC3b93da8976c150A,0x940181a94A35A4569E4529A3CDfB74e38FD98631,0x940181a94A35A4569E4529A3CDfB74e38FD98631,18,18,18,19293617183118171,70433201633913056039,0.019293617183118172,70.43320163391306,70452495251096174210,0,152926478180870493770,152.92647818087048,0.0,0,0,0,nan,0
vAMM-WETH/ATH,0.0008275864668996322,0x7C36577aEC1d99d9b872b7075bD86C8F1334EcF2,0x39b68a3Fd59F88C31B2110A2550640b92cF42449,0x4200000000000000000000000000000000000006,0x58D75a1c4477914f9a98A8708fEaeD1DbE40b8a3,0x940181a94A35A4569E4529A3CDfB74e38FD98631,18,18,18,0,0,0.0,0.0,0,32121848422711,4774742799011944985259,4774.742799011945,3.67068752536249e-22,1.7526588829147522,0,1.7526588829147522,2724.2852819547684,1789603200
vAMM-wBLT/BMX,0.010553472513687264,0x61907C8C3E6ef7eD813aCc2fBbBf8C05ac0F31d5,0xeB86878fBF8329b1ED8C40d8f6736Ae7fc965Be8,0x4E74D4Db6c0726ccded4656d0BCE448876BB4C7A,0x548f93779fBC992010C07467cBaf329DD5F059B7,0x940181a94A35A4569E4529A3CDfB74e38FD98631,18,18,18,0,0,0.0,0.0,0,409621299980784,60888038778683850044699,60888.03877868385,5.553965001531735e-21,338.17003638871716,0,338.17003638871716,180.0515487087529,1789603200
sAMM-zunUSD/USDC,7.8456589478675e-08,0xaeb41e05E27EDa32dB13c5875834a19a2c15F70E,0xCb803c34e058cd828EE8d3732b2fAEA5cb988397,0x6ef3864876424ADE834a7C1BE8C0CF3d71208B84,0x833589fCD6eDb6E08f4c7C32D4f71b54bdA02913,0x940181a94A35A4569E4529A3CDfB74e38FD98631,18,18,6,2156731204755235697,396082,2.1567312047552356,0.396082,2156731204755631779,0,452653650864703704,0.45265365086470366,0.0,0,0,0,nan,0
vAMM-CRYO/WETH,0.0002903051775681537,0x65Ee5A0ee82027D054EFeb31a1f7079C37c5DbD8,0x7ac1193Dd817aD9b0b1b57582a2542572c6baC21,0x1f4446fAAAed23090f324f051C3F8c5ce5aD1c36,0x4200000000000000000000000000000000000006,0x940181a94A35A4569E4529A3CDfB74e38FD98631,18,18,18,0,0,0.0,0.0,0,11267872643093,1674909645758541734433,1674.909645758542,2.0055716755185e-21,3.3591513445860564,0,3.3591513445860564,498.6109507861245,1789603200
vAMM-WETH/TRUF,2.7004835903548206e-06,0xcE2D4E04e3d782EcB8bf2e265f421bA510F4e8F7,0xE81B7a527AA65b714cD44c034dDA915097bb3CdB,0x4200000000000000000000000000000000000006,0xB59c8912c83157a955f9D715E556257F432C35D7,0x940181a94A35A4569E4529A3CDfB74e38FD98631,18,18,18,915526745161459205,51034312148504558127377,0.9155267451614592,51034.312148504556,51035227675249719586582,0,15580383552188237583,15.580383552188238,0.0,0,0,0,nan,0
vAMM-AERO/BENJI,0.00028025309091666087,0x0f3027d68FE4E2A56860D7B18b3D80CAe8d716D1,0x2e8300243d49d81684e154821f879A5045e2d132,0x940181a94A35A4569E4529A3CDfB74e38FD98631,0xBC45647eA894030a4E9801Ec03479739FA2485F0,0x940181a94A35A4569E4529A3CDfB74e38FD98631,18,18,18,0,0,0.0,0.0,0,10877712077804,1616914342217551778180,1616.9143422175516,1.0722134369471993e-21,1.733677284118301,0,1.733677284118301,932.6501287348113,1789603200
sAMM-rgUSD/USD3,1.7248037545683272e-07,0xD42cd5b74B6cb892eCdE3cAb2765b6bD57C83346,0x73f294Df4543E5e0B5063C0ceE8339e4295047b3,0x8E5E9DF4F0EA39aE5270e79bbABFCc34203A3470,0xEFb97aaF77993922aC4be4Da8Fbc9A2425322677,0x940181a94A35A4569E4529A3CDfB74e38FD98631,18,18,18,13156679643712750546,28490890735537799292,13.156679643712751,28.4908907355378,41647570379250549838,0,995121916104588705,0.9951219161045887,0.0,0,0,0,nan,0
vAMM-WETH/APX,4.9406606058358285e-06,0x898e0DE33B19A3494723f437734C788C2c10Ed04,0x4927B42B4B60148D60ED3b54F21FD2E57176cE83,0x4200000000000000000000000000000000000006,0xcacf1ca03983CE6c7E235fb20C70aCC70ed13509,0x940181a94A35A4569E4529A3CDfB74e38FD98631,18,18,18,592999696734272,60735068174504610445306,0.000592999696734272,60735.06817450461,60735068767504307179578,0,28505037955070384826,28.505037955070385,0.0,0,0,0,nan,0
vAMM-AERO/TRUF,1.7971254947739408e-05,0x56ae4A50252C505C2663346660Edb711648221DC,0xbC22B1450A6Bb9a7CD86c22d835f18d77077562b,0x940181a94A35A4569E4529A3CDfB74e38FD98631,0xB59c8912c83157a955f9D715E556257F432C35D7,0x940181a94A35A4569E4529A3CDfB74e38FD98631,18,18,18,7885950310810927070,135737131842022812334,7.8859503108109275,135.73713184202282,143623082152833739404,0,103684779274348791348,103.68477927434878,0.0,0,0,0,nan,0
vAMM-WETH/RWAX,0.0006449945419161907,0xd448670823ff9667848C821BeE829c642F67E064,0x4a64623FC6b1B008aA9D655F748C01f8b5552A26,0x4200000000000000000000000000000000000006,0xe0023E73aab4fE9a22f059a9d27E857E027eE3dc,0x940181a94A35A4569E4529A3CDfB74e38FD98631,18,18,18,0,0,0.0,0.0,0,25034828715508,3721282509552970962300,3721.282509552971,6.103233596512983e-20,227.11856434419838,0,227.11856434419838,16.384757099438882,1789603200
vAMM-SNX/sUSDCy,2.5876962609248988e-06,0xFF808Ffcf1Fd541c8291c5D073da327b1B084248,0xDB6Fd3392E66f57C30704a6cdB1d338a708cc284,0x22e6966B799c4D5B13BE962E1D117b56327FDa66,0xC1E02884AF4A283cA25ab63C45360d220d69DA52,0x940181a94A35A4569E4529A3CDfB74e38FD98631,18,18,18,31200034260654369724,13102445346263641903,31.20003426065437,13.102445346263641,44302479606918011627,0,14929659415732995318,14.929659415732996,0.0,0,0,0,nan,0
vAMM-BCT/USDC,0.00013581581143396368,0x77e09a5043820820390904357463BfB739a76104,0xb0FC063ff618F6110ADb3565c4F13B1A3B9527a8,0x576Bca23DcB6d94fF8E537D88b0d3E1bEaD444a2,0x833589fCD6eDb6E08f4c7C32D4f71b54bdA02913,0x940181a94A35A4569E4529A3CDfB74e38FD98631,18,18,6,3452765324405546213211,165334227,3452.7653244055464,165.334227,3452765324405711547438,0,783586481380838210312,783.5864813808382,0.0,0,0,0,nan,0
vAMM-BCT/KLIMA,1.7523174717609777e-06,0x6e2f9520919bd95889b27E0B2f735ac7ED149837,0x174F6439F572b1Acca20219F5Ba4c129D86d8f5a,0x576Bca23DcB6d94fF8E537D88b0d3E1bEaD444a2,0xDCEFd8C8fCc492630B943ABcaB3429F12Ea9Fea2,0x940181a94A35A4569E4529A3CDfB74e38FD98631,18,18,9,12964001801919746404,10031756677,12.964001801919746,10.031756677,12964001811951503081,0,10109958976514124564,10.109958976514124,0.0,0,0,0,nan,0
sAMM-GROW/VITA,2.884546335423318e-11,0xD6871bc7f13a7b0f6E35f54349e1466Fd926ff7d,0xB6F959E169C544608b860a4fFe3C0982a46aD136,0x321725ee44CB4bfA544CF45a5A585b925d30A58C,0x490a4B510d0Ea9f835D2dF29Eb73b4FcA5071937,0x940181a94A35A4569E4529A3CDfB74e38FD98631,18,18,18,1392545918834282644,469560119818986084,1.3925459188342826,0.4695601198189861,1862106038653268728,0,166423297073430,0.00016642329707343,0.0,0,0,0,nan,0
vAMM-wXCH/WETH,0.00010318479812756189,0x0522d1c88Ef60F22fA4D3EEC6F8C6F48631D7ec3,0x9a4e4020E9e20C0b12a93C196fdB60393e2C8e36,0x36be1d329444aeF5D28df3662Ec5B4F965Cd93E9,0x4200000000000000000000000000000000000006,0x940181a94A35A4569E4529A3CDfB74e38FD98631,18,18,18,3769785196587547491,6730380391263813,3.7697851965875473,0.006730380391263813,3776515576978811304,0,595322533091673497605,595.3225330916734,0.0,0,0,0,nan,0
vAMM-WETH/SKR,1.6133828117335072e-08,0xaa721DC836b5195F33F09b7713F73171A0030e36,0xf07FCB6f97622972f19ef0dE444268cE23a4a75B,0x4200000000000000000000000000000000000006,0xe2dCA969624795985F2f083BcD0b674337ba130a,0x940181a94A35A4569E4529A3CDfB74e38FD98631,18,18,18,34155066835831157,286834019809282741542112,0.03415506683583116,286834.01980928273,286834053964349577373269,0,93083783634519857,0.09308378363451986,0.0,0,0,0,nan,0
vAMM-sfrxETH/sFRAX,8.240126729221929e-07,0xD73a3EF449043AAc66bFF3FEE37E83B4f8DAE998,0xb41f81b476bdB6E02FF7b6cDC2100077D595Fa40,0x1f55a02A049033E3419a8E2975cF3F572F4e6E9A,0xe4796cCB6bB5DE2290C417Ac337F2b66CA2E770E,0x940181a94A35A4569E4529A3CDfB74e38FD98631,18,18,18,0,0,0.0,0.0,0,31983241384,4754123869460261388,4.754123869460262,3.049244944024676e-23,0.00014496488172218732,0,0.00014496488172218732,32795.00395531057,1789603200
vAMM-USDC/CHEX,1.800172970769426e-05,0x6466e1a3b42Ef91f8f7C135970db4495e89F9C0A,0x1249abBD38f8B98114E35babda2827862bd19CfF,0x833589fCD6eDb6E08f4c7C32D4f71b54bdA02913,0xc43F3Ae305a92043bd9b62eBd2FE14F7547ee485,0x940181a94A35A4569E4529A3CDfB74e38FD98631,18,6,18,1285520695,8260237033874281284829,1285.520695,8260.237033874282,8260237033875566805524,0,103860602764057555874,103.86060276405756,0.0,0,0,0,nan,0
vAMM-WETH/OGN,6.844911648634197e-05,0x8eA4C49B712217fd6e29Db920E3dd48287a0d50D,0xA88BcfEcC886dEA1e8B3108179F0532d53c8c055,0x4200000000000000000000000000000000000006,0x7002458B1DF59EccB57387bC79fFc7C29E22e6f7,0x940181a94A35A4569E4529A3CDfB74e38FD98631,18,18,18,76392793643020829,4900017945861292803347,0.07639279364302083,4900.017945861293,4900094338654935824176,0,394915744896452000000,394.915744896452,0.0,0,0,0,nan,0
vAMM-WETH/SKOP,2.4238968058176197e-09,0x18c55864D9BC0D7C3F6Dc18e3A1d20E50f551891,0x3FC41388699Ab1876AA48577bBa493F71845Ae02,0x4200000000000000000000000000000000000006,0x6d3B8C76c5396642960243Febf736C6BE8b60562,0x940181a94A35A4569E4529A3CDfB74e38FD98631,18,18,18,5729945499231675,1001084963115136181452,0.005729945499231675,1001.0849631151361,1001090693060635413127,0,13984621887889498,0.013984621887889497,0.0,0,0,0,nan,0
vAMM-WETH/RFL,0.018734057784164912,0x37785d5bE19D0d9559D4634a5385c72c419b25Da,0x937c527EB4f27030f6667078C64982B3202257d5,0x4200000000000000000000000000000000000006,0x6e2c81b6c2C0e02360F00a0dA694e489acB0b05e,0x940181a94A35A4569E4529A3CDfB74e38FD98631,18,18,18,0,0,0.0,0.0,0,727148836578709,108085754273291464526267,108085.75427329146,6.234225486329947e-22,67.38309639997496,0,67.38309639997496,1604.0484935823108,1789603200
vAMM-sfrxETH/wstETH,5.190927062043824e-05,0x456c166e63634D75a4B49EDEC86cB51424D4C926,0xCe7Cb6260fCBf17485cd2439B89FdDf8B0Eb39cC,0x1f55a02A049033E3419a8E2975cF3F572F4e6E9A,0xc1CBa3fCea344f92D9239c08C0568f6F2F0ee452,0x940181a94A35A4569E4529A3CDfB74e38FD98631,18,18,18,0,0,0.0,0.0,0,2014820610364,299489450359703519470,299.48945035970354,2.2251010317798947e-23,0.006663942850025699,0,0.006663942850025699,44941.7795289989,1789603200
vAMM-USDC/APX,2.8371980966888157e-06,0x4C7d96aaf20081cF617EBf6da4814aE91e6D5D06,0x1C669D3d0B3C49Cda1f47C80896D30D7A79E4f83,0x833589fCD6eDb6E08f4c7C32D4f71b54bdA02913,0xcacf1ca03983CE6c7E235fb20C70aCC70ed13509,0x940181a94A35A4569E4529A3CDfB74e38FD98631,18,6,18,6719197,706295631336390784603963,6.719197,706295.6313363907,706295631336390791323160,0,16369155034984708704,16.369155034984708,0.0,0,0,0,nan,0
sAMM-jEUR/EURA,8.296880237388103e-07,0xe7e01f38470136dE763d22e534e53C8BCdbA3f39,0xb5FFE35051b62DfE687aaB959625a29bEd54575a,0x4154550f4Db74Dc38d1FE98e1F3F28ed6daD627d,0xA61BeB4A3d02decb01039e378237032B351125B4,0x940181a94A35A4569E4529A3CDfB74e38FD98631,18,18,18,19395901891137069999,19644648005187012391,19.39590189113707,19.644648005187012,39040549896324082390,0,4786867687209032544,4.786867687209033,0.0,0,0,0,nan,0
vAMM-USDC/EMT,3.949690570017487e-06,0x68426A1D8ab4AC250ae5E2DA0b9d684594c83BB0,0x8b02968e7FaF61d251b6B9c06c375E5f0c69b7CB,0x833589fCD6eDb6E08f4c7C32D4f71b54bdA02913,0xe2c86869216aC578bd62a4b8313770d9EE359A05,0x940181a94A35A4569E4529A3CDfB74e38FD98631,18,6,18,2153971607,582242035425629030864536,2153.971607,582242.035425629,582242035425631184836143,0,22787657074875208353,22.78765707487521,0.0,0,0,0,nan,0
vAMM-USDz/WETH,0.00015284073801011275,0x2ce63497999F520CC2afaaadbCFC37Afd9deF4b0,0xc15B32d92E265832c87EC4b36B7e598ae2daad42,0x04D5ddf5f3a8939889F11E97f8c4BB48317F1938,0x4200000000000000000000000000000000000006,0x940181a94A35A4569E4529A3CDfB74e38FD98631,18,18,18,0,0,0.0,0.0,0,5932402157946,881811438922384671422,881.8114389223847,0.0,0,0,0,nan,0
vAMM-FUSE/WETH,1.7239168996472773e-06,0xc238f8Eaa625BAC4014FfD0E702a4B9a9d12019e,0x51Df914e8ae011028041132b6c65792c94ab9c9c,0x01facC69EC7360640AA5898E852326752801674A,0x4200000000000000000000000000000000000006,0x940181a94A35A4569E4529A3CDfB74e38FD98631,18,18,18,15796964305895007002623,40548982768365745,15796.964305895008,0.04054898276836574,15797004854877775368368,0,9946102470141171285,9.946102470141172,0.0,0,0,0,nan,0
vAMM-ION/WETH,0.0017255317707218197,0x0FAc819628a7F612AbAc1CaD939768058cc0170c,0x9b42e5F8c45222b2715F804968251c747c588fd7,0x3eE5e23eEE121094f1cFc0Ccc79d6C809Ebd22e5,0x4200000000000000000000000000000000000006,0x940181a94A35A4569E4529A3CDfB74e38FD98631,18,18,18,0,128260976417938,0.0,0.000128260976417938,128260976417938,66975261527192,9955419435005747579463,9955.419435005748,2.0618676108631947e-22,2.052675688559632,0,2.052675688559632,4849.971912509713,1789603200
vAMM-bsdETH/eUSD,1.1673253517807815e-08,0xe593Cb44256A78E4C280CC491C201cF60e849135,0x66C48B791ffFc09f235814Ba783CbD6B8E5d72c9,0xCb327b99fF831bF8223cCEd12B1338FF3aA322Ff,0xCfA3Ef56d303AE4fAabA0592388F19d7C3399FB4,0x940181a94A35A4569E4529A3CDfB74e38FD98631,18,18,18,109196651615754,67403918624844794,0.000109196651615754,0.0674039186248448,67513115276460548,0,67348591844425798,0.0673485918444258,0.0,0,0,0,nan,0
sAMM-USDz/DOLA,0.0003412426479745852,0xcEa8ef6ce6235F2C2CdD13C9E8a3ED470725a638,0x528aD6E380E7B3B9D7eE3a492a52c4D3AC8f5958,0x04D5ddf5f3a8939889F11E97f8c4BB48317F1938,0x4621b7A9c75199271F773Ebd9A499dbd165c3191,0x940181a94A35A4569E4529A3CDfB74e38FD98631,18,18,18,0,0,0.0,0.0,0,13245216806373,1968792315123759028763,1968.792315123759,4.064429637019335e-21,8.002017834724917,0,8.002017834724917,246.0369816448228,1789603200
vAMM-ZUN/USDC,4.984397181908107e-06,0x80326ED67271fB298D674c43AEF3BC437B801B0e,0xf1AE7589f6fA9345f39370Fa50CE0bFeABe2B9bf,0x1db0Fc8933f545648b54A9eE4326209a9A259643,0x833589fCD6eDb6E08f4c7C32D4f71b54bdA02913,0x940181a94A35A4569E4529A3CDfB74e38FD98631,18,18,6,25067669975940530207970,33470020,25067.66997594053,33.47002,25067669975940563677990,0,28757375215292741433,28.75737521529274,0.0,0,0,0,nan,0
vAMM-BTCB/WETH,3.4548642256163853e-06,0xb22c77a609097187a7e084754E1a557B5116D3bE,0xDA14cBF0bD19fA531Fe0A6fFA8370795e7004999,0x0c41F1FC9022FEB69aF6dc666aBfE73C9FFDA7ce,0x4200000000000000000000000000000000000006,0x940181a94A35A4569E4529A3CDfB74e38FD98631,18,18,18,87699061488636651564,7220813916369906,87.69906148863666,0.007220813916369906,87706282302553021470,0,19932766837796084346,19.932766837796084,0.0,0,0,0,nan,0
vAMM-USDz/sUSDz,3.536181318136619e-06,0x7818B53F423457151407103321d8F961773815D1,0xc4021e049F13e137Cd1D40e7Ddb2173C7F8F02a3,0x04D5ddf5f3a8939889F11E97f8c4BB48317F1938,0xe31eE12bDFDD0573D634124611e85338e2cBF0cF,0x940181a94A35A4569E4529A3CDfB74e38FD98631,18,18,18,0,0,0.0,0.0,0,137254307690,20401924101087418241,20.401924101087417,0.0,0,0,0,nan,0
vAMM-WETH/MOZ,4.479831121729637e-06,0xA32ECde2C559C462610eD35740CC2B9642133c9B,0x68dBA60bEef5fDd4663588950A196FcCC8B7a166,0x4200000000000000000000000000000000000006,0xC227717ef4Ae4D982E14789eB33bA942243c3FEe,0x940181a94A35A4569E4529A3CDfB74e38FD98631,18,18,18,117769196975495749,1906258367126278308872047,0.11776919697549575,1906258.3671262783,1906258484895475284367796,0,25846291891892824134,25.846291891892825,0.0,0,0,0,nan,0
vAMM-ZRO/AERO,7.387798101215483e-07,0x04c7d6172aEf0FF6fA09D21eb929a45a41C8c13e,0x6bA7c122CaEbA0cE6334e72326a5B4568571982b,0x6985884C4392D348587B19cb9eAAf157F13271cd,0x940181a94A35A4569E4529A3CDfB74e38FD98631,0x940181a94A35A4569E4529A3CDfB74e38FD98631,18,18,18,5133895866092569466,17443894593096238441,5.133895866092569,17.44389459309624,22577790459188807907,0,4262374651494972008,4.262374651494972,0.0,0,0,0,nan,0
vAMM-WETH/MIGGLES,1.7234645958430974e-07,0x27e13dfA957231A606ab7F535b34275865a66f44,0x1752286215B2b34D645515a32a23d2BD48920c37,0x4200000000000000000000000000000000000006,0xB1a03EdA10342529bBF8EB700a06C60441fEf25d,0x940181a94A35A4569E4529A3CDfB74e38FD98631,18,18,18,6309773886873621,3008416406767324236744,0.006309773886873621,3008.416406767324,3008422716541211110365,0,994349291280988092,0.994349291280988,0.0,0,0,0,nan,0
vAMM-AERO/L2VE,0.0005724798110835095,0xFC13b664e814098F08F10bA0fb23b1Bb916F344e,0x9B49ca7C6C41f01971e2453078a357415Cb3Adda,0x940181a94A35A4569E4529A3CDfB74e38FD98631,0xA19328fb05ce6FD204D16c2a2A98F7CF434c12F4,0x940181a94A35A4569E4529A3CDfB74e38FD98631,18,18,18,36326601678259991678,1071970427789374703118671,36.32660167825999,1071970.4277893747,1072006754391052963110349,0,3302910287780493225369,3302.9102877804935,0.0,0,0,0,nan,0
vAMM-JOJO/WETH,1.8509497354295634e-08,0xaC8caC537EFc414C5A2f10D03BCCb13d70cE1de4,0xCeA71355737c796f4d03334fAD8Ca9013E69D345,0x0645bC5cDff2376089323Ac20Df4119e48e4BCc4,0x4200000000000000000000000000000000000006,0x940181a94A35A4569E4529A3CDfB74e38FD98631,18,18,18,70036695336008201355,1199984736687399,70.03669533600821,0.001199984736687399,70037895320744888754,0,106790157573313764,0.10679015757331375,0.0,0,0,0,nan,0
vAMM-WETH/PDT,0.017761971134600627,0x04e5A1c883Dafd1eAE6b11BD6d3Eb784D90ce515,0x9EedfC62b0B6C3Ede0887B6E1178305543f8C650,0x4200000000000000000000000000000000000006,0xeff2A458E464b07088bDB441C21A42AB4b61e07E,0x940181a94A35A4569E4529A3CDfB74e38FD98631,18,18,18,0,0,0.0,0.0,0,689419651159064,102477320694851100661169,102477.32069485109,0.0,0,0,0,nan,0
vAMM-AERO/PRIME,1.0088436250452903e-08,0xc0f9A9a1c8354f3D00B540b4a272ac0151255854,0xEeFCB46D600f084dFdF69c33e269deE52e956341,0x940181a94A35A4569E4529A3CDfB74e38FD98631,0xfA980cEd6895AC314E7dE34Ef1bFAE90a5AdD21b,0x940181a94A35A4569E4529A3CDfB74e38FD98631,18,18,18,83254374533522840346,26929059942194929655,83.25437453352284,26.92905994219493,110183434475717770001,0,58205021791376129,0.05820502179137613,0.0,0,0,0,nan,0
vAMM-USDC/sUSDz,3.3706776057130346e-06,0x081064f90247b52914c6c04A3C053543705887D3,0xB1A5FA12346926547CFa90BF3A561a3629FcF742,0x833589fCD6eDb6E08f4c7C32D4f71b54bdA02913,0xe31eE12bDFDD0573D634124611e85338e2cBF0cF,0x940181a94A35A4569E4529A3CDfB74e38FD98631,18,6,18,99,17666860344713942,9.9e-05,0.01766686034471394,17666860344714041,0,19447053896328388316,19.447053896328388,0.0,0,0,0,nan,0
vAMM-AERO/MIGGLES,7.233680211622e-05,0xD2b0960C6bBAA4dC6d00470ba283B34D2CC97b00,0xa15a735782145B87A741454A108D25Ea45b80166,0x940181a94A35A4569E4529A3CDfB74e38FD98631,0xB1a03EdA10342529bBF8EB700a06C60441fEf25d,0x940181a94A35A4569E4529A3CDfB74e38FD98631,18,18,18,51537119914036133321,1468044841791659411829,51.53711991403613,1468.0448417916593,1519581961705695545150,0,417345665766984457355,417.34566576698444,0.0,0,0,0,nan,0
vAMM-WETH/MOXIE,6.538580116678494e-05,0xc02Dc3a9b6eaD739C56CDEa716D8fEC4Ffe4C799,0xEa2c1c05C17Eed888D0027F17EE23637dfF66FEb,0x4200000000000000000000000000000000000006,0x8C9037D1Ef5c6D1f6816278C7AAF5491d24CD527,0x940181a94A35A4569E4529A3CDfB74e38FD98631,18,18,18,77314062488479290,8688545034817214591466607,0.07731406248847929,8688545.034817215,8688545112131277079945897,0,377242011276866649480,377.2420112768666,0.0,0,0,0,nan,0
vAMM-YFI/wstETH,0.10008017012877349,0x1524a14C55f097bb54F0b24383f3ae3e3743804A,0x8b87e30B3ad8BD645c3f83aea6E1156525081084,0x9EaF8C1E34F05a589EDa6BAfdF391Cf6Ad3CB239,0xc1CBa3fCea344f92D9239c08C0568f6F2F0ee452,0x940181a94A35A4569E4529A3CDfB74e38FD98631,18,18,18,0,0,0.0,0.0,0,3884539063141775,577410446833956084478189,577410.446833956,8.487069983743044e-22,490.05228716241277,0,490.05228716241277,1178.262936343752,1789603200
vAMM-WETH/EURC,0.00016755475161429867,0x9DFf4b5AE4fD673213502Ab8fbf6d36015efb3E1,0x21D4eF9D2b66069f3307765A0349526f8E988294,0x4200000000000000000000000000000000000006,0x60a3E35Cc302bFA44Cb288Bc5a4F316Fdb1adb42,0x940181a94A35A4569E4529A3CDfB74e38FD98631,18,18,6,0,0,0.0,0.0,0,6503558929785,966703632440661444504,966.7036324406615,0.0,0,0,0,nan,0
vAMM-OGN/OETHb,0.004851216027655029,0x6FB655476fDCFB9712dD200308D941A1c6D1119e,0x147587251C3A4f8C907eDbC0e5A5eA953bdA743d,0x7002458B1DF59EccB57387bC79fFc7C29E22e6f7,0xDBFeFD2e8460a6Ee4955A68582F85708BAEA60A3,0x940181a94A35A4569E4529A3CDfB74e38FD98631,18,18,18,0,0,0.0,0.0,0,188297669943771,27988989333372430819063,27988.989333372432,7.384074893800086e-21,206.67279343939376,0,206.67279343939376,135.42657873630634,1789603200
vAMM-TKN/USD+,0.0003052964828577959,0x8f72e491E293ecB223E77123A046521d6d7cAd49,0x668584C6Db676352d50052bF303CC5041C70528f,0x78b3C724A2F663D11373C4a1978689271895256f,0xB79DD08EA68A908A97220C76d19A6aA9cBDE4376,0x940181a94A35A4569E4529A3CDfB74e38FD98631,18,18,6,0,0,0.0,0.0,0,11849939486602,1761401667852216065492,1761.401667852216,1.1945598407986547e-21,2.104099695932028,0,2.104099695932028,837.1284265938685,1789603200
vAMM-MODE/WETH,0.00014714430492561084,0x9Bf387B4cdb6BCDB2107981E0e7C16d71576A970,0x224e14Bc695DCDD23602d571dF2203Cf2B515fcF,0x084382D1cc4f4DFD1769b1cC1Ac2A9b1f8365e90,0x4200000000000000000000000000000000000006,0x940181a94A35A4569E4529A3CDfB74e38FD98631,18,18,18,0,0,0.0,0.0,0,5711337034887,848945987470316040823,848.945987470316,6.394650154724302e-22,0.5428712590129632,0,0.5428712590129632,1563.8072072812463,1789603200
vAMM-COMP/sFRAX,3.778358720276245e-08,0xe253155a71707AAE3b604f6E71Fa2B3F14927949,0xBFe0639305a781459dE0C343f32F82c0D6AB4597,0x9e1028F5F1D5eDE59748FFceE5532509976840E0,0xe4796cCB6bB5DE2290C417Ac337F2b66CA2E770E,0x940181a94A35A4569E4529A3CDfB74e38FD98631,18,18,18,32774970450184979,1526608899952531654,0.03277497045018498,1.5266088999525316,1559383870402716633,0,217991615538475485,0.21799161553847549,0.0,0,0,0,nan,0
sAMM-weETH/cbETH,1.4193985395071265e-05,0x24Be4F7A32E5d131B30370BC53E93661e09E7dAB,0x284F8F51e047beF175680AC4D69C5C196C62c84a,0x04C0599Ae5A44757c0af6F9eC3b93da8976c150A,0x2Ae3F1Ec7F1F5012CFEab0185bfc7aa3cf0DEc22,0x940181a94A35A4569E4529A3CDfB74e38FD98631,18,18,18,4056988637299974,3961186073563067,0.004056988637299974,0.003961186073563067,8018174710863041,0,81891901650219421465,81.89190165021942,0.0,0,0,0,nan,0
vAMM-WIF/WETH,1.744418074868805e-08,0x0aCBE7A8486e77a0476142b54024BF487e5630B7,0x09e834dfa12d94C6366FBCc95C3523CFA77179B2,0x1fba65dE0a9cBD2D1DF82d141897042d36Bb6c86,0x4200000000000000000000000000000000000006,0x940181a94A35A4569E4529A3CDfB74e38FD98631,18,18,18,759892599586681634,120545992383813,0.7598925995866816,0.000120545992383813,760013145579065447,0,100643835714827466,0.10064383571482748,0.0,0,0,0,nan,0
vAMM-WETH/RECORD,0.00014680909654017963,0x0AA3E62f4d97C404012352E881a2D0f2712c24A2,0x8351616F224a035Aa5ee6b9f74A68659701af3e9,0x4200000000000000000000000000000000000006,0xE642657E4F43e6DcF0bd73Ef24008394574Dee28,0x940181a94A35A4569E4529A3CDfB74e38FD98631,18,18,18,0,0,0.0,0.0,0,5698326078961,847012009706636386005,847.0120097066365,3.2262877519049065e-20,27.32704472632881,0,27.32704472632881,30.995375394199325,1789603200
vAMM-EURC/APX,2.146898263132037e-08,0x642849BC08552c0F38628d4DD2058756A7aC78F9,0xF4Be61A42fd3e1e211c88A8EEF180019A8C46486,0x60a3E35Cc302bFA44Cb288Bc5a4F316Fdb1adb42,0xcacf1ca03983CE6c7E235fb20C70aCC70ed13509,0x940181a94A35A4569E4529A3CDfB74e38FD98631,18,6,18,171529,33572580583419116391604,0.171529,33572.58058341912,33572580583419116563133,0,123864845935719615,0.12386484593571961,0.0,0,0,0,nan,0
vAMM-PEGG/AERO,6.53658759921904e-06,0x3225b7a01F8f3e68D89292141E22F1C6829e08CD,0xC601B888DB7f9F1792c332C538736B8dd03c3279,0x82B0E1A2374EA0198f62A48B14FFaB53DB6C1E36,0x940181a94A35A4569E4529A3CDfB74e38FD98631,0x940181a94A35A4569E4529A3CDfB74e38FD98631,18,18,18,0,0,0.0,0.0,0,253714575334,37712705339908646153,37.712705339908645,7.052432262187418e-20,2.6596629983353948,0,2.6596629983353948,14.179505209311076,1789603200
vAMM-WETH/LRDS,0.23646788032269947,0x14f7Ce67e16c435C876AFF4092eb547584121312,0x2BED28EDa5B8902FF20256ac001aa6A4bEb1cEc2,0x4200000000000000000000000000000000000006,0xB676f87A6E701f0DE8De5Ab91B56b66109766DB1,0x940181a94A35A4569E4529A3CDfB74e38FD98631,18,18,18,7511566775813,542063869992467233378,7.511566775813e-06,542.0638699924673,542063877504034009191,9312505466442642,1364296486140292575364874,1364296.4861402926,5.401001762430407e-22,736.8567726121332,0,736.8567726121332,1851.5083756425365,1789603200
vAMM-VIRTUAL/cbBTC,0.09534941396162117,0xb909F567c5c2Bb1A4271349708CC4637D7318b4A,0x8c44e7F913D0893Cd5A3CBBb2fCd59785a7801ab,0x0b3e328455c4059EEb9e3f84b5543F74E24e7E1b,0xcbB7C0000aB88B473b1f5aFd9ef808440eed33Bf,0x940181a94A35A4569E4529A3CDfB74e38FD98631,18,18,8,2070795127845042000,3940,2.070795127845042,3.94e-05,2070795127845045940,3954791593435858,550116448144473680045567,550116.4481444737,0.0,0,0,0,nan,0
vAMM-fBOMB/cbBTC,0.16871530272093657,0x3d36Cf85a0c275cF4894315a6c1D6C558D6d984C,0xA95EbEfbCB77Ae1daf0d2123784594F8ccE90274,0x74ccbe53F77b08632ce0CB91D3A545bF6B8E0979,0xcbB7C0000aB88B473b1f5aFd9ef808440eed33Bf,0x940181a94A35A4569E4529A3CDfB74e38FD98631,18,18,8,112315216195835679254,19869,112.31521619583567,0.00019869,112315216195835699123,6873415542631562,973399407759540262387444,973399.4077595402,0.0,0,0,0,nan,0
vAMM-BRETT/cbBTC,4.6128604367363235e-07,0xeC394d416D2FD269a051627DBBF1934A37a5D04E,0xD0c22E9B6A86381368B0b33928f12aE31dc7020F,0x532f27101965dd16442E59d40670FaF5eBB142E4,0xcbB7C0000aB88B473b1f5aFd9ef808440eed33Bf,0x940181a94A35A4569E4529A3CDfB74e38FD98631,18,18,8,143009493109663395584,6289,143.0094931096634,6.289e-05,143009493109663401873,0,2661380174045913717,2.6613801740459135,0.0,0,0,0,nan,0
vAMM-WETH/cbBTC,0.05828938614504787,0x2578365B3dfA7FfE60108e181EFb79FeDdec2319,0xAFdEBa12B6a870d6639d043030b4b49F9C7c62BB,0x4200000000000000000000000000000000000006,0xcbB7C0000aB88B473b1f5aFd9ef808440eed33Bf,0x940181a94A35A4569E4529A3CDfB74e38FD98631,18,18,8,36110464110,0,3.611046411e-08,0.0,36110464110,2262440652458766,336299393340185662098930,336299.3933401857,3.51164206816174e-22,118.09630971506682,0,118.09630971506682,2847.6706355311317,1789603200
vAMM-AERO/KLIMA,2.4959139838288318e-08,0xf597b0EE3D51Dab24c213199E02E1b7ab9d7B5e7,0x9C25C4681666fC54c45199F8bc51C736f95F27F0,0x940181a94A35A4569E4529A3CDfB74e38FD98631,0xDCEFd8C8fCc492630B943ABcaB3429F12Ea9Fea2,0x940181a94A35A4569E4529A3CDfB74e38FD98631,18,18,9,62176403955669216009,313350369966,62.176403955669215,313.350369966,62176404269019585975,0,144001234890725212,0.14400123489072522,0.0,0,0,0,nan,0
vAMM-cbBTC/KLIMA,0.0001380444230142437,0x6CD89bc86E4a418f7f11e453384904B4493C4077,0xC913c26A4e8a79604fcd3d5a44560F5bE38aE32c,0xcbB7C0000aB88B473b1f5aFd9ef808440eed33Bf,0xDCEFd8C8fCc492630B943ABcaB3429F12Ea9Fea2,0x940181a94A35A4569E4529A3CDfB74e38FD98631,18,8,9,0,0,0.0,0.0,0,5358147120785,796444409247398156992,796.4444092473981,2.711669480572937e-20,21.596939975291118,0,21.596939975291118,36.87765073008508,1789603200
vAMM-WELS/PEGG,0.0003904757668518073,0x6D7Da1A335daBcA718E4ee5357041C96550D7563,0x076C466b97b7C0DAFacFDf855de150EB0E5adb58,0x7F62ac1e974D65Fab4A81821CA6AF659A5F46298,0x82B0E1A2374EA0198f62A48B14FFaB53DB6C1E36,0x940181a94A35A4569E4529A3CDfB74e38FD98631,18,18,18,6388369290811198852861,210644213504315169968,6388.369290811199,210.64421350431516,6599013504315514022829,0,2252841764014064006911,2252.8417640140638,0.0,0,0,0,nan,0
sAMM-DOLA/zunUSD,2.2830245429994436e-05,0x557c843afA9D8214534A2101D7B1200F1b0F6f6a,0x4C601a90a08A4660D439D8b22a11b739592263E3,0x4621b7A9c75199271F773Ebd9A499dbd165c3191,0xD5B9dDB04f20eA773C9b56607250149B26049B1F,0x940181a94A35A4569E4529A3CDfB74e38FD98631,18,18,18,3707670806605054901,9946207702829917764,3.707670806605055,9.946207702829918,13653878509434972665,0,131718623160813013160,131.71862316081302,0.0,0,0,0,nan,0
sAMM-jEUR/EURC,0.11534732468595203,0xC75799e0646470128a42D07335aB3BFa9E8Ee7C2,0x533eb2cEf740654D09764334Bd86E62F0a253d1a,0x4154550f4Db74Dc38d1FE98e1F3F28ed6daD627d,0x60a3E35Cc302bFA44Cb288Bc5a4F316Fdb1adb42,0x940181a94A35A4569E4529A3CDfB74e38FD98631,18,18,6,6910231112128056916,374435,6.910231112128057,0.374435,6910231112128431351,4694487185927441,665493975503029153948298,665493.9755030291,0.0,0,0,0,nan,0
vAMM-WETH/Silo,0.00010421992879448235,0x57bd5C33c8002A634b389Ab4de5e09eC1C31Dce7,0x99c34f5E11d91BF19A40CE316C5fBEAb44259D23,0x4200000000000000000000000000000000000006,0xF734eFdE0C424BA2B547b186586dE417b0954802,0x940181a94A35A4569E4529A3CDfB74e38FD98631,18,18,18,81752145918738005,7846451031252817424730,0.081752145918738,7846.451031252817,7846532783398736162735,0,601294697808709969488,601.29469780871,0.0,0,0,0,nan,0
vAMM-fBOMB/USX,1.562518957313551e-06,0x49d88e65ef336487a0A513ba0738b85fccaeCCb0,0xfBeD71d6F9b3Fab9dd408C0D0183f1c8937AB53b,0x74ccbe53F77b08632ce0CB91D3A545bF6B8E0979,0xc142171B138DB17a1B7Cb999C44526094a4dae05,0x940181a94A35A4569E4529A3CDfB74e38FD98631,18,18,18,3812368235314859203,60203870121188416,3.8123682353148594,0.06020387012118841,3872572105436047619,0,9014920419979920279,9.014920419979921,0.0,0,0,0,nan,0
vAMM-JARVIS/wstETH,1.290521482862995e-10,0xa5061aa5eB2e8abCE384B36a855549e8D9C8cEd5,0xc498a9a90516Ca3aD2d096BbAFaD169E7583Aa04,0x777b2839832982B35213063d850848369390EE16,0xc1CBa3fCea344f92D9239c08C0568f6F2F0ee452,0x940181a94A35A4569E4529A3CDfB74e38FD98631,18,18,18,50539034640576706,49511529877,0.050539034640576706,4.9511529877e-08,50539084152106583,0,744563668416971,0.000744563668416971,0.0,0,0,0,nan,0
vAMM-BOTTO/WETH,0.036548577085159524,0x55F618171d851d57906431ce9FEEe96Dc6f3877e,0xc6fC7E3838BCb2B0CC6da0251c4F32b8865Ed725,0x24914CB6BD01E6a0CF2a9c0478e33c25926e6a0c,0x4200000000000000000000000000000000000006,0x940181a94A35A4569E4529A3CDfB74e38FD98631,18,18,18,0,0,0.0,0.0,0,1418629919797717,210866250514295364374562,210866.25051429536,7.369745544101138e-22,155.40306101290426,0,155.40306101290426,1356.8989512811822,1789603200
vAMM-cbBTC/TAROT,0.04995203170919144,0x2E26a29f782e51296d9D31f78D4883462a2d339d,0xD9f451A489d622E46E77b74dBD95A5616bca41e2,0xcbB7C0000aB88B473b1f5aFd9ef808440eed33Bf,0xF544251D25f3d243A36B07e7E7962a678f952691,0x940181a94A35A4569E4529A3CDfB74e38FD98631,18,8,18,0,0,0.0,0.0,0,1966184858683323,288197201427175948448877,288197.20142717595,1.060010924217676e-22,30.54921818417685,0,30.54921818417685,9433.865040004506,1789603200
vAMM-WETH/Neiro,3.583461015933559e-05,0xd661D3D5ad3D3DEB7E781f5C6823da8d3a3B0CE8,0xF8a98eaA0c0033DE1Fb0D9580e16A2b7343F439e,0x4200000000000000000000000000000000000006,0x5Ca35eBC4f25B042d2cAE75914c7e882E631fA9A,0x940181a94A35A4569E4529A3CDfB74e38FD98631,18,18,9,0,0,0.0,0.0,0,1390917354124,206747033279410355862,206.74703327941035,1.2148489274900107e-22,0.02511664116412332,0,0.02511664116412332,8231.476172647175,1789603200
vAMM-ICL/WETH,8.726024609721963e-08,0xf8128cB2d1e3Eb8598BF8c5B4935893f92d9ea28,0xCFD3fEd4DC3D467772d1A4B6CE87B09aE0B75282,0x12c26138b666360AB2B7A1B149dF9Cf6642CDfBf,0x4200000000000000000000000000000000000006,0x940181a94A35A4569E4529A3CDfB74e38FD98631,18,18,18,42627901894714938935221,5433508226129166,42627.90189471494,0.005433508226129166,42627907328223165064387,0,503446163460813855,0.5034461634608138,0.0,0,0,0,nan,0
vAMM-USDC/TIMI,3.411935139023066e-05,0x029A7f478D7e2539615c69472E2027E1f37034C4,0xA2B3DddCBa94c47A0A257C41ab6Ed75BaE68a634,0x833589fCD6eDb6E08f4c7C32D4f71b54bdA02913,0x9bEec80e62aA257cED8b0edD8692f79EE8783777,0x940181a94A35A4569E4529A3CDfB74e38FD98631,18,6,18,4241758,5263747000157229497060,4.241758,5263.747000157229,5263747000157233738818,0,196850883712214580785,196.85088371221457,0.0,0,0,0,nan,0
vAMM-USDC/CARV,7.472765293044715e-06,0xbe54ED1762172820d088aa676a8E2947AeEB10b0,0xCe3Dff721ef6E293664da2Bb4Dcbca563aa43055,0x833589fCD6eDb6E08f4c7C32D4f71b54bdA02913,0xc08Cd26474722cE93F4D0c34D16201461c10AA8C,0x940181a94A35A4569E4529A3CDfB74e38FD98631,18,6,18,6585723,31815740893319748570,6.585723,31.81574089331975,31815740893326334293,0,43113962949806059481,43.11396294980606,0.0,0,0,0,nan,0
vAMM-WETH/TALENT,6.602236205241311e-08,0x53C1d63A83506623B866e880546FF87885b2120E,0x2b3197894d2D8D0355e344bda8Ece023a82C6251,0x4200000000000000000000000000000000000006,0x9a33406165f562E16C3abD82fd1185482E01b49a,0x940181a94A35A4569E4529A3CDfB74e38FD98631,18,18,18,3055158343603969,155369182961107784373,0.003055158343603969,155.36918296110778,155372238119451388342,0,380914635982986203,0.3809146359829862,0.0,0,0,0,nan,0
vAMM-WETH/VRTX,5.133070887708752e-06,0xe20eEb487186EC2e9272B9D2B5732d31e115d3e3,0x30cf555B45c81CEc2e5770CCE484De79f37e6eA6,0x4200000000000000000000000000000000000006,0xFB0c734Fc3008683c5efF45bcf8128836C4D97D0,0x940181a94A35A4569E4529A3CDfB74e38FD98631,18,18,18,3412379052805663,22492999625404871994330,0.003412379052805663,22492.99962540487,22493003037783924799993,0,29615145049100502613,29.6151450491005,0.0,0,0,0,nan,0
vAMM-WETH/YFI,3.796708998840326e-06,0xA5B1C80B6ddC11e751e405d9374265055762F66e,0x3DcB77970F4f6b6dCa82e845AAb2e2128fc280D6,0x4200000000000000000000000000000000000006,0x9EaF8C1E34F05a589EDa6BAfdF391Cf6Ad3CB239,0x940181a94A35A4569E4529A3CDfB74e38FD98631,18,18,18,0,0,0.0,0.0,0,147369425297,21905033101943243051,21.905033101943243,3.249854113029846e-22,0.007118816192240517,0,0.007118816192240517,3077.061200964796,1789603200
vAMM-WETH/SYRUP,0.0014955526978241,0xFC42A013ebD8B160C35c6A0FE876DE4e42da262a,0x9b872778b8010F6Ebf9f230f13A7e97da09a762F,0x4200000000000000000000000000000000000006,0x688AEe022AA544f150678B8E5720b6b96a9E9a2F,0x940181a94A35A4569E4529A3CDfB74e38FD98631,18,18,18,0,0,0.0,0.0,0,58049943160576,8628559987490152549277,8628.559987490153,0.0,0,0,0,nan,0
vAMM-fBOMB/USDC,0.13309949850407746,0xFf8e0bD2d8F02904e7e18Dd00ea50aeC68f37A10,0x0254263E74061b410Cbc33bf11fCe4A961ea8fE1,0x74ccbe53F77b08632ce0CB91D3A545bF6B8E0979,0x833589fCD6eDb6E08f4c7C32D4f71b54bdA02913,0x940181a94A35A4569E4529A3CDfB74e38FD98631,18,18,6,1347847043747921775927,13654712,1347.8470437479218,13.654712,1347847043747935430639,5558056336847636,767914770785538992263721,767914.7707855391,2.155215302176834e-21,1655.0216647646098,0,1655.0216647646098,463.9907664862852,1789603200
vAMM-USDC/RECORD,2.440055178702139e-06,0x2508ec71d3E0f227D2AA3F190f055E288770Bb20,0xC27d16C68AD5C22Ff15d20117DA3a40b6A7e89cf,0x833589fCD6eDb6E08f4c7C32D4f71b54bdA02913,0xE642657E4F43e6DcF0bd73Ef24008394574Dee28,0x940181a94A35A4569E4529A3CDfB74e38FD98631,18,6,18,212103,236062050177304372818,0.212103,236.06205017730437,236062050177304584921,0,14077847282044555790,14.077847282044555,0.0,0,0,0,nan,0
vAMM-WETH/VIS,6.310194478077648e-06,0xDbdfAc0F9268EF02c34Ed58c9Fab3517a98444dc,0x018b51fe7a1B422447f069c360f5759f64E72dB6,0x4200000000000000000000000000000000000006,0xFc60AA1fFCA50Ce08b3cDeC9626c0Bb9E9b09BeC,0x940181a94A35A4569E4529A3CDfB74e38FD98631,18,18,18,2654372372108749,245469299875091579387,0.002654372372108749,245.4692998750916,245471954247463688136,0,36406534965995568700,36.40653496599557,0.0,0,0,0,nan,0
vAMM-EXTRA/cbBTC,0.00027438474463043454,0x112aAB1af0393325Ae24ba4cF4555783574E16F7,0x0c807068a3b80B56Ae3547Dc1Cee72F6f0D550B6,0x2dAD3a13ef0C6366220f989157009e501e7938F8,0xcbB7C0000aB88B473b1f5aFd9ef808440eed33Bf,0x940181a94A35A4569E4529A3CDfB74e38FD98631,18,18,8,0,0,0.0,0.0,0,10650608158779,1583057041146356704178,1583.0570411463566,0.0,0,0,0,nan,0
vAMM-WETH/CHAMP,0.0089643990412354,0x26029Ed89A19B919b5698F10cf776a4f4AEA1529,0xf2c38dE50A250C0060fB45eBE4504B67f6F1be3C,0x4200000000000000000000000000000000000006,0xEb6d78148F001F3aA2f588997c5E102E489Ad341,0x940181a94A35A4569E4529A3CDfB74e38FD98631,18,18,18,0,0,0.0,0.0,0,347953539564038,51719912639411641657247,51719.91263941164,3.9818355791947262e-22,20.59401883004523,0,20.59401883004523,2511.4045522749507,1789603200
vAMM-USDC/MCADE,0.0005500381059702886,0x1c3FCeA97a3161434901097878faF90227cD3394,0x918A82Cc55E919087944849812C44D07a7f2d5aD,0x833589fCD6eDb6E08f4c7C32D4f71b54bdA02913,0xc48823EC67720a04A9DFD8c7d109b2C3D6622094,0x940181a94A35A4569E4529A3CDfB74e38FD98631,18,6,18,16815240,9208819962251294979862,16.81524,9208.819962251295,9208819962251311795102,0,3173433339844978075641,3173.4333398449785,0.0,0,0,0,nan,0
vAMM-WETH/DOGE,3.011210509749534e-05,0x43Cdb48293FbDF1FA1dc56965AC97e0df211D7e8,0xE737086945b0288D09Dd18dCeE8C82971A0a0e04,0x4200000000000000000000000000000000000006,0x67f0870BB897F5E1c369976b4A2962d527B9562c,0x940181a94A35A4569E4529A3CDfB74e38FD98631,18,18,18,241305007491862,350742167647661788739,0.000241305007491862,350.7421676476618,350742408952669280601,0,173731160099786615049,173.73116009978662,0.0,0,0,0,nan,0
vAMM-wXCH/cbBTC,5.021690004882112e-08,0x3C5512cE278640F9Dea87a9217d49dEcc79951D6,0x116b2bC100CBA7A4BF7b4A2b061a6651D9Cc71bf,0x36be1d329444aeF5D28df3662Ec5B4F965Cd93E9,0xcbB7C0000aB88B473b1f5aFd9ef808440eed33Bf,0x940181a94A35A4569E4529A3CDfB74e38FD98631,18,18,8,10681589996397016,68,0.010681589996397015,6.8e-07,10681589996397084,0,289725353768853210,0.28972535376885317,0.0,0,0,0,nan,0
vAMM-fBOMB/uSOL,2.2892817216292368e-07,0xCDD9bc6a949d18868254372f505E2829B6A0dCa0,0xe849F5aFF4654012F025F93bD6A8357d3c549e65,0x74ccbe53F77b08632ce0CB91D3A545bF6B8E0979,0x9B8Df6E244526ab5F6e6400d331DB28C8fdDdb55,0x940181a94A35A4569E4529A3CDfB74e38FD98631,18,18,18,824854799751401537,116142007223012,0.8248547997514015,0.000116142007223012,824970941758624549,0,1320796297722026642,1.3207962977220267,0.0,0,0,0,nan,0
vAMM-WETH/COOKIE,5.198997698429727e-05,0xeD445A77E75F18B04818d940d0E490C15C6072B7,0x6cf5A745dd93e1Bf18f5893409b1B1DaCBe7cc11,0x4200000000000000000000000000000000000006,0xC0041EF357B183448B235a8Ea73Ce4E4eC8c265F,0x940181a94A35A4569E4529A3CDfB74e38FD98631,18,18,18,0,0,0.0,0.0,0,2018019926414,299955084036766873818,299.9550840367669,9.280379580009877e-22,0.2783697036814958,0,0.2783697036814958,1077.5421321709946,1789603200
vAMM-AIXBT/AERO,3.850891476974769e-06,0xEdBB53445B0Ff73852AB86C3605b3426CF9123c7,0xE741938F18152c16573465457636b5BA7078366C,0x4F9Fd6Be4a90f2620860d680c0d4d5Fb53d1A825,0x940181a94A35A4569E4529A3CDfB74e38FD98631,0x940181a94A35A4569E4529A3CDfB74e38FD98631,18,18,18,2089678731133112775334,218441964541589248579,2089.6787311331127,218.44196454158924,2308120695674702023913,0,22217637775475716303,22.217637775475716,0.0,0,0,0,nan,0
vAMM-USDC/AUKI,0.01861928141321497,0x437846Bee5e09A17d4fd944e97fD29a54c30Ed7f,0x71dC14Ae59089140c2DD12cE22d1d0517226885D,0x833589fCD6eDb6E08f4c7C32D4f71b54bdA02913,0xF9569cFb8FD265e91aa478d86ae8c78b8AF55Df4,0x940181a94A35A4569E4529A3CDfB74e38FD98631,18,6,18,0,0,0.0,0.0,0,722713001353276,107423554403418004031954,107423.554403418,5.534947305025689e-21,594.583712941479,0,594.583712941479,180.67019338955726,1789603200
vAMM-OX/cbBTC,8.399456092555322e-05,0xdC4260f59CBc870c6BE271100430C23FD632D33E,0x5AFCf03d8D37bcB6f3152C250F168bd70Fcb8119,0xba0Dda8762C24dA9487f5FA026a9B64b695A07Ea,0xcbB7C0000aB88B473b1f5aFd9ef808440eed33Bf,0x940181a94A35A4569E4529A3CDfB74e38FD98631,18,18,8,0,0,0.0,0.0,0,3931340020246,484604861215177553162,484.60486121517755,0.0,0,0,0,nan,0
sAMM-USR/USDC,9.209974999787801e-05,0xd3eE0a3B349237D68517DF30bFB66Be971f46Ad9,0xBbebd633E692C892EAa6DDfbbD1517bEb3F0358A,0x35E5dB674D8e93a03d814FA0ADa70731efe8a4b9,0x833589fCD6eDb6E08f4c7C32D4f71b54bdA02913,0x940181a94A35A4569E4529A3CDfB74e38FD98631,18,18,6,0,0,0.0,0.0,0,3574914942241,531367579922619336345,531.3675799226194,4.655098890428784e-21,2.4735686317076135,0,2.4735686317076135,214.81820763379946,1789603200
vAMM-VIRTUAL/AIXBT,0.0007257991047619453,0xeb3458046d3aA2fdbBbF4FEe58C755744ec42ce2,0xBE208720227e7b8832BC3DE3B75E02C187783BD8,0x0b3e328455c4059EEb9e3f84b5543F74E24e7E1b,0x4F9Fd6Be4a90f2620860d680c0d4d5Fb53d1A825,0x940181a94A35A4569E4529A3CDfB74e38FD98631,18,18,18,0,0,0.0,0.0,0,28172389878792,4187482743614877664403,4187.482743614877,5.313929869008322e-23,0.22251989627252017,0,0.22251989627252017,18818.46438795058,1789603200
vAMM-WETH/ANZ,0.023227695340398483,0xE4faa73134C66832c272f067adC401f0963A9D7a,0xED2fE03dE7F663CC1265bCfF93af9f15Ff60AcC1,0x4200000000000000000000000000000000000006,0xeeC468333ccc16D4BF1cEf497A56cf8C0aAe4Ca3,0x940181a94A35A4569E4529A3CDfB74e38FD98631,18,18,18,0,0,0.0,0.0,0,901589972321098,134011702100079703058649,134011.7021000797,1.0334011280677887e-21,138.48784412450684,0,138.48784412450684,967.6784482224817,1789603200
vAMM-BTCB/MIGGLES,7.8456589478675e-08,0x45b09f8238B10555b0D4A46692e75afbD77faC25,0x432Dcaa35D9cD4d2b421e3815a372Dc135Be1845,0x0c41F1FC9022FEB69aF6dc666aBfE73C9FFDA7ce,0xB1a03EdA10342529bBF8EB700a06C60441fEf25d,0x940181a94A35A4569E4529A3CDfB74e38FD98631,18,18,18,1604026898471997906,8401470243220538976,1.6040268984719979,8.401470243220539,10005497141692536882,0,452653650864703704,0.45265365086470366,0.0,0,0,0,nan,0
vAMM-WETH/CXT,0.0022222281782274815,0x923BeBD9FbCAf0F85251a3d5A11BF5BFAa19942F,0x8D4b9bB3d47f27634511fb62e93CEB03e569bC26,0x4200000000000000000000000000000000000006,0xB1E1f3Cc2B6fE4420C1Ac82022b457018Eb628ff,0x940181a94A35A4569E4529A3CDfB74e38FD98631,18,18,18,0,0,0.0,0.0,0,86257025004216,12821098962025350330213,12821.098962025351,1.3235997914326552e-20,169.70003912074188,0,169.70003912074188,75.551538045923,1789603200
vAMM-WETH/MCADE,0.00038390080791020505,0x2b4A56fC7F4b78b7E27801Df979d350AFDFA26b5,0x3cC1Cf416751439bd4c8232E0B2023BF6CC2c94e,0x4200000000000000000000000000000000000006,0xc48823EC67720a04A9DFD8c7d109b2C3D6622094,0x940181a94A35A4569E4529A3CDfB74e38FD98631,18,18,18,337543923854011583,368002172459334960495628,0.3375439238540116,368002.17245933495,368002510003258814507211,0,2214907676017405581797,2214.9076760174053,0.0,0,0,0,nan,0
vAMM-WETH/AIXCB,0.00028275469854516846,0x19C3c7EEfb070EE00ddE367A9768De1DF52cbE5d,0x8D02e0814526448e6be0Faca8e00925691Cda345,0x4200000000000000000000000000000000000006,0x76C71F1703Fbf19FFdcF3051E1e684Cb9934510f,0x940181a94A35A4569E4529A3CDfB74e38FD98631,18,18,18,0,0,0.0,0.0,0,10975317488284,1631347315070428007194,1631.347315070428,1.1570369676803972e-20,18.875291506626453,0,18.875291506626453,86.42766203095296,1789603200
vAMM-WETH/SAINT,0.0015225791612640954,0x971342176D5580cCf41d028D8bdf9DA71946fFDb,0x8890a5c5698e2ec7Fd9B496b7c661B14c8D68AeD,0x4200000000000000000000000000000000000006,0x7588880d9c78E81FAde7b7e8DC0781E95995a792,0x940181a94A35A4569E4529A3CDfB74e38FD98631,18,18,18,19310057784949389,51245266543351212696547,0.01931005778494939,51245.266543351216,51245285853408997645936,0,8784488602630892891138,8784.488602630892,0.0,0,0,0,nan,0
vAMM-WETH/SYMM,0.03590209187005888,0x3eB2a8015dE1419a5089dAb37b0056F0fc24f821,0x925bC135a96716D48aD5FE9AB553076146147785,0x4200000000000000000000000000000000000006,0x800822d361335b4d5F352Dac293cA4128b5B605f,0x940181a94A35A4569E4529A3CDfB74e38FD98631,18,18,18,0,0,0.0,0.0,0,1393559701240628,207136367597005176760702,207136.36759700516,6.64858668972622e-23,13.771640965636859,0,13.771640965636859,15040.790572006195,1789603200
vAMM-cbETH/SPECTRA,0.028517238736631104,0xEf70044C0249a07234E07D673606e09b364dC977,0xeF495e3a8345e2E2683745Fa472640C8D360b55b,0x2Ae3F1Ec7F1F5012CFEab0185bfc7aa3cf0DEc22,0x64FCC3A02eeEba05Ef701b7eed066c6ebD5d4E51,0x940181a94A35A4569E4529A3CDfB74e38FD98631,18,18,18,0,0,0.0,0.0,0,1106916173750983,164529612012067083370792,164529.61201206708,1.1185845283616034e-21,184.04027845403564,0,184.04027845403564,893.9869760801226,1789603200
vAMM-cbBTC/DEUS,0.05124095325025414,0x982534133b2B71Ab012404256Be316344Bb9f261,0x0Cf6C003718eBEe0F5C7a6C1445Cc73FE3e8fbEc,0xcbB7C0000aB88B473b1f5aFd9ef808440eed33Bf,0xDE5ed76E7c05eC5e4572CfC88d1ACEA165109E44,0x940181a94A35A4569E4529A3CDfB74e38FD98631,18,8,18,0,0,0.0,0.0,0,1988946152807894,295633607280616400453961,295633.6072806164,5.37575156854591e-23,15.892528280536593,0,15.892528280536593,18602.050099396438,1789603200
vAMM-WETH/ODOS,6.696500316335392e-06,0xd085Ef129A79d1fDE3912cD288A0F9558b33A282,0x5e6334757f1ae0054EFd7E6f33f56F5a54799597,0x4200000000000000000000000000000000000006,0xca73ed1815e5915489570014e024b7EbE65dE679,0x940181a94A35A4569E4529A3CDfB74e38FD98631,18,18,18,27200634463748556,27377108234700977561970,0.027200634463748555,27377.108234700976,27377135435335441310526,0,38635318414264708257,38.6353184142647,0.0,0,0,0,nan,0
vAMM-eBTC/cbBTC,4.0983644603503296e-08,0x14048DFa85509B75d3951F318152Ec363999eAC0,0xC8360CBb1b81eDB6dC8107FDF37BDAe0759F3dAc,0x657e8C867D8B37dCC18fA4Caead9C45EB088C642,0xcbB7C0000aB88B473b1f5aFd9ef808440eed33Bf,0x940181a94A35A4569E4529A3CDfB74e38FD98631,18,8,8,97748,97617,0.00097748,0.00097617,195365,0,236454279733376232,0.2364542797333762,0.0,0,0,0,nan,0
vAMM-AERO/FAI,4.0983644603503296e-08,0xfF231D3b278D3C56c5B12e6B79BE9B3D88c0F53b,0x3592697e4C319B3640A0D3b3380A78843557fBd0,0x940181a94A35A4569E4529A3CDfB74e38FD98631,0xb33Ff54b9F7242EF1593d2C9Bcd8f9df46c77935,0x940181a94A35A4569E4529A3CDfB74e38FD98631,18,18,18,214860691604357628,6874604612214532729,0.21486069160435764,6.874604612214533,7089465303818890357,0,236454279733376232,0.2364542797333762,0.0,0,0,0,nan,0
vAMM-WETH/FLOCK,0.10090720860656366,0x4910C78a1C75E36548F1f2f1f4dCb71A4F69fC07,0x35388feDFe7C0d8EA803f2Ae5534F357b0b361ff,0x4200000000000000000000000000000000000006,0x5aB3D4c385B400F3aBB49e80DE2fAF6a88A7B691,0x940181a94A35A4569E4529A3CDfB74e38FD98631,18,18,18,2643803203534392,83627023171829563518,0.002643803203534392,83.62702317182956,83629666975033097910,3931211525821404,582182028021270666226099,582182.0280212706,2.179043905307984e-21,1268.6001999395917,0,1268.6001999395917,458.91686604573533,1789603200
vAMM-ATH/AERO,7.8456589478675e-08,0xBc91c004F5373e3D048d22579209e865007AC4B5,0x93795d7b30d50179bC409a21C5F2184638697eC3,0x58D75a1c4477914f9a98A8708fEaeD1DbE40b8a3,0x940181a94A35A4569E4529A3CDfB74e38FD98631,0x940181a94A35A4569E4529A3CDfB74e38FD98631,18,18,18,39279,21968,3.9279e-14,2.1968e-14,61247,0,452653650864703704,0.45265365086470366,0.0,0,0,0,nan,0
vAMM-WETH/VEIL,0.5932661998670482,0xf207d02BECD4417aAA3383804b6B87b17602c86D,0xd2eBB7D16503BF671142e031A2FDC0cE9ce9253f,0x4200000000000000000000000000000000000006,0x767A739D1A152639e9Ea1D8c1BD55FDC5B217D7f,0x940181a94A35A4569E4529A3CDfB74e38FD98631,18,18,18,44235579162803077,1254253931048943959985,0.044235579162803074,1254.253931048944,1254298166628106763062,23028034307161959,3422836922798439651394706,3422836.9227984394,1.553579965074413e-21,5317.650866976611,0,5317.650866976611,643.6746240816141,1789603200
vAMM-1000X/WETH,0.007001914489773787,0x23dA62CE083687cD72EBCBA36eEc6752fa51B715,0x7d1a8AA63DBA54E39b141098f16Dd9EccB5aDE62,0x352b850b733ab8baB50aED1Dab5D22E3186ce984,0x4200000000000000000000000000000000000006,0x940181a94A35A4569E4529A3CDfB74e38FD98631,18,18,18,0,0,0.0,0.0,0,271784111622152,40397399095458374926377,40397.39909545838,8.355540642721042e-22,33.75421100023247,0,33.75421100023247,1196.8106466828733,1789603200
vAMM-BNKR/wBLT,0.0019413542693809231,0x17c9A4b6CAD28F5074C81B056C32bAD334329f25,0x378d2D0f69C0c838DF8019f62De8a891655381B9,0x22aF33FE49fD1Fa80c7149773dDe5890D3c76F3b,0x4E74D4Db6c0726ccded4656d0BCE448876BB4C7A,0x940181a94A35A4569E4529A3CDfB74e38FD98631,18,18,18,0,0,0.0,0.0,0,75354997010916,11200602823755260538321,11200.602823755262,0.0,0,0,0,nan,0
vAMM-USDC/SEND,0.0011422069236030389,0x69bc1d350fE13F499c6AedEd2C5eA9471b2a599A,0x342D92F92b2365e15126b852A56820427Af56900,0x833589fCD6eDb6E08f4c7C32D4f71b54bdA02913,0xEab49138BA2Ea6dd776220fE26b7b8E446638956,0x940181a94A35A4569E4529A3CDfB74e38FD98631,18,6,18,0,0,0.0,0.0,0,44338331767540,6589938938811350663241,6589.93893881135,2.4427610446360713e-21,16.097646126258738,0,16.097646126258738,409.3728292400301,1789603200
vAMM-WETH/BID,0.001392446095302772,0x74F22A01Da78294f8dF640C98A414FE209e33f60,0x1AEeafdeAB8D8F99853CD5B7a8844cC4ffe0fC70,0x4200000000000000000000000000000000000006,0xa1832f7F4e534aE557f9B5AB76dE54B1873e498B,0x940181a94A35A4569E4529A3CDfB74e38FD98631,18,18,18,0,0,0.0,0.0,0,54049107495586,8033688602311975469597,8033.688602311975,5.1340880525428994e-21,41.24566467097998,0,41.24566467097998,194.77655812792358,1789603200
vAMM-wIRON/USDC,0.0277453384692673,0x9941dfa4d724fd7a2E5E5d9777560b20de98cE0d,0x9d21b1fc0Ccd64Cff8bDf29F45eb426f97f47680,0x166e70941262AE7cBf9df5c8897A6242c546457d,0x833589fCD6eDb6E08f4c7C32D4f71b54bdA02913,0x940181a94A35A4569E4529A3CDfB74e38FD98631,18,8,6,0,0,0.0,0.0,0,1077017240155138,160076149575739312814357,160076.1495757393,9.28579179005908e-22,148.64337955146692,0,148.64337955146692,1076.9140883285277,1789603200
sAMM-USDC/cUSDO,4.680004818370195e-05,0x5feDe9d65714907381A76AA9bF949219dD1c5023,0x78Fff283c03557ca8BBa0A134386b717e04490dc,0x833589fCD6eDb6E08f4c7C32D4f71b54bdA02913,0x83dB73EF5192de4B6a4c92bD0141Ba1a0Dc87c65,0x940181a94A35A4569E4529A3CDfB74e38FD98631,18,6,18,0,0,0.0,0.0,0,1816599996146,270011898449329590225,270.0118984493296,3.67312055010243e-23,0.00991786252966403,0,0.00991786252966403,27224.80752699809,1789603200
vAMM-USDC/SQD,0.014705181058423354,0xa6C7Fbd1b4c71673DFDaDfaa9D17F14833D3245E,0x1EfB3Df7B4cc8C41dA408be577732cb1E8Af1546,0x833589fCD6eDb6E08f4c7C32D4f71b54bdA02913,0xd4554BEa546EFa83C1E6B389ecac40EA999B3E78,0x940181a94A35A4569E4529A3CDfB74e38FD98631,18,6,18,0,0,0.0,0.0,0,570767184561385,84841234330368880580012,84841.23433036888,2.275868220431107e-21,193.08746899463517,0,193.08746899463517,439.3927517519335,1789603200
vAMM-DRB/WETH,0.000129499627385199,0xDb6556a14976894a01085c2AbF3c85C86D1C15C8,0x0d3205883Db8C717E79C131046e21aB3C1A3eBAD,0x3ec2156D4c0A9CBdAB4a016633b7BcF6a8d68Ea2,0x4200000000000000000000000000000000000006,0x940181a94A35A4569E4529A3CDfB74e38FD98631,18,18,18,0,0,0.0,0.0,0,5027232170996,747145389712128273071,747.1453897121282,7.7780176464830215e-22,0.5811310025669367,0,0.5811310025669367,1285.6746351715583,1789603200
sAMM-oUSDT/USDC,0.00017257321423626366,0xc84f7c63742EA1894EE04e5F49fbaE8C3a4a734d,0xe68921DD3923E90e7970c109B0d6f3c4a8B28Ca7,0x1217BfE6c773EEC6cc4A38b5Dc45B92292B6E189,0x833589fCD6eDb6E08f4c7C32D4f71b54bdA02913,0x940181a94A35A4569E4529A3CDfB74e38FD98631,18,6,6,0,0,0.0,0.0,0,6698658433096,995657547499357143710,995.6575474993572,1.3376321072761762e-21,1.3318235033869947,0,1.3318235033869947,747.589710624024,1789603200
vAMM-OVER/USDC,0.06676852553376025,0x889339213a0CC0a795F69cae5b1Db2223f944A4E,0xD4Ab5057b2eD8f62C61F9259Ce94975D60807A7D,0x7750C092e284e2c7366f50C8306F43c7EB2e82a2,0x833589fCD6eDb6E08f4c7C32D4f71b54bdA02913,0x940181a94A35A4569E4529A3CDfB74e38FD98631,18,18,6,0,0,0.0,0.0,0,2592077699094722,385219610571073581019556,385219.6105710736,2.397515065199033e-22,92.35698197542536,0,92.35698197542536,4170.985261012254,1789603200
vAMM-VIRTUAL/cbETH,1.6404576291181676e-10,0x1e9282580BC3713a9B258c17BE4cA3F320AB70af,0x004c4149aFDA0aCaC8781b13f84E62f373b61B24,0x0b3e328455c4059EEb9e3f84b5543F74E24e7E1b,0x2Ae3F1Ec7F1F5012CFEab0185bfc7aa3cf0DEc22,0x940181a94A35A4569E4529A3CDfB74e38FD98631,18,18,18,3399258216913,1303947209,3.399258216913e-06,1.303947209e-09,3400562164122,0,946458595566440,0.00094645859556644,0.0,0,0,0,nan,0
vAMM-STPT/USDC,0.00010055432893904377,0x3B85f7EaBBD2548CC5AfFb7BdF4bd2ca063404ad,0x12Cfd0322fF97062A06d36E70e24F1691a7b6517,0x4489d0a0345eCB216A3994De780d453c7fA6312C,0x833589fCD6eDb6E08f4c7C32D4f71b54bdA02913,0x940181a94A35A4569E4529A3CDfB74e38FD98631,18,18,6,50426153381821054648584,2957153941,50426.15338182105,2957.153941,50426153381824011802525,0,580146096165448435702,580.1460961654484,0.0,0,0,0,nan,0
vAMM-WETH/ZENT,0.00011034035100183397,0x82bdbC291762b478dE875E44fFF7b9717651bfe5,0xc771e723363c5434E4f69694F3404008F675410C,0x4200000000000000000000000000000000000006,0xdf49c226ED9CF05Be0e38cdb86Df4E8A945158B1,0x940181a94A35A4569E4529A3CDfB74e38FD98631,18,18,18,0,0,0.0,0.0,0,4283007221139,636606345630772611298,636.6063456307726,3.65340143881795e-23,0.023257785390881018,0,0.023257785390881018,27371.75250917807,1789603200
vAMM-cbBTC/EDGE,0.016276092648534156,0x594b83709464A83F37aC77E69DDD447a8A33c0EE,0x6e64524E3620C0Cd6af727B3D9Bd998396441aD0,0xcbB7C0000aB88B473b1f5aFd9ef808440eed33Bf,0xED6E000dEF95780fb89734c07EE2ce9F6dcAf110,0x940181a94A35A4569E4529A3CDfB74e38FD98631,18,8,18,2344,47906400289964819244,2.344e-05,47.90640028996482,47906400289964821588,634304432247100,93904575869610884598372,93904.57586961088,2.253886645609596e-21,211.65026951414907,0,211.65026951414907,443.67803587102566,1789603200
vAMM-ZORA/WETH,3.100796223933956e-08,0x84e6bEA6Efe00399B6697fE9BE3D303FCf3F4f8e,0x9e2f066e89B669e1b5cdb7b9e6e4b2B14ec02255,0x1111111111166b7FE7bd91427724B487980aFc69,0x4200000000000000000000000000000000000006,0x940181a94A35A4569E4529A3CDfB74e38FD98631,18,18,18,1597933681848511721182,16000126443275929,1597.9336818485117,0.01600012644327593,1597949681974954997111,0,178899789128954746,0.17889978912895474,0.0,0,0,0,nan,0
vAMM-AERO/TOWER,0.0002652273724238453,0x41fe2f2FD39E87E7e92a62E04e689bE807066A44,0xaB0666D38CB5983570c5106E5eD39523AF38f099,0x940181a94A35A4569E4529A3CDfB74e38FD98631,0xf7C1CEfCf7E1dd8161e00099facD3E1Db9e528ee,0x940181a94A35A4569E4529A3CDfB74e38FD98631,18,18,18,0,0,0.0,0.0,0,13038779367369,1530223773868452961760,1530.223773868453,0.0,0,0,0,nan,0
vAMM-BOLD/POOL,0.0004230123281203917,0xAa10db59a60e511872a70aAAf1aff09fb173ba75,0xD51CEdaA7cD1Cd3cb8bc8F4C189698e9967240ff,0x03569CC076654F82679C4BA2124D64774781B01D,0xd652C5425aea2Afd5fb142e120FeCf79e18fafc3,0x940181a94A35A4569E4529A3CDfB74e38FD98631,18,18,18,0,0,0.0,0.0,0,16419893783803,2440560773247966021440,2440.560773247966,1.8827335595667356e-21,4.594925671956088,0,4.594925671956088,531.1426010965275,1789603200
vAMM-WETH/APU,0.001519277307890866,0x24dFbc9e3eEDA5A4d5C8851eD4E656d306815498,0x29Ea6bdB07e55c53b32475E0836c01557803E099,0x4200000000000000000000000000000000000006,0xB9926b3fBc5873Db0182016D55727D5ae89E5EFd,0x940181a94A35A4569E4529A3CDfB74e38FD98631,18,18,18,0,0,0.0,0.0,0,58973156017837,8765438628703355380978,8765.438628703356,3.2586194848779414e-21,28.563229108994538,0,28.563229108994538,306.8784203373955,1789603200
vAMM-WETH/TLOS,0.20124735419675857,0xC3b22240657fa67b77D0f1b7A1C1012DB60D46fb,0x44B8B5521723D05E82e5DAfCE8b37a1082b6d3B2,0x4200000000000000000000000000000000000006,0x7252c865c05378Ffc15120F428dd65804dD0CE63,0x940181a94A35A4569E4529A3CDfB74e38FD98631,18,18,18,0,0,0.0,0.0,0,7802158295153485,1161092397838491609506152,1161092.3978384917,7.408730486368365e-22,860.2220645356579,0,860.2220645356579,1349.758911921472,1789603200
vAMM-USDC/cbXRP,1.767287088952808e-07,0x956f325E63c54DE57E6e8A7c674ed8615F7Abf6B,0x9A4818C9bbAF0BC276E6f9410C7EEb84bACc0691,0x833589fCD6eDb6E08f4c7C32D4f71b54bdA02913,0xcb585250f852C6c6bf90434AB21A00f02833a4af,0x940181a94A35A4569E4529A3CDfB74e38FD98631,18,6,6,0,0,0.0,0.0,0,6860935469,1019632586958141663,1.0196325869581417,0.0,0,0,0,nan,1789603200
vAMM-wstETH/cbBTC,6.164911274410249e-11,0xc0734F84e402D69A445D93C60aD2C72258F159b6,0x2256edefD747c76973da71475311DdAec4265CB6,0xc1CBa3fCea344f92D9239c08C0568f6F2F0ee452,0xcbB7C0000aB88B473b1f5aFd9ef808440eed33Bf,0x940181a94A35A4569E4529A3CDfB74e38FD98631,18,18,8,2189721446420,31,2.18972144642e-06,3.1e-07,2189721446451,0,355683265632808,0.000355683265632808,0.0,0,0,0,nan,0
vAMM-WETH/ZEN,9.187232080105523e-07,0xB5ff964FE0656266E63D7F180b1eC557cf72e928,0x715202B06788CD0DB617335b0e26BE2f19eFD3D5,0x4200000000000000000000000000000000000006,0xf43eB8De897Fbc7F2502483B2Bef7Bb9EA179229,0x940181a94A35A4569E4529A3CDfB74e38FD98631,18,18,18,0,0,0.0,0.0,0,35664292747,5300554319317480538,5.300554319317481,0.0,0,0,0,nan,0
vAMM-CREATOR/WETH,0.0013926434570678845,0x640A1f93fE0f9868b6C6d83794EC4BA988Db3B12,0xcf3E3389C09B6C368c815f2887839af099FEf4fC,0x0FD122a924c4528A78a8141bdDd38A0e5bA35FA5,0x4200000000000000000000000000000000000006,0x940181a94A35A4569E4529A3CDfB74e38FD98631,18,18,18,1453677940252994962798554,674295101118120840,1453677.940252995,0.6742951011181209,1453678614548096080919394,0,8034827276884919227524,8034.82727688492,0.0,0,0,0,nan,0
vAMM-EIGEN/KING,4.67529968826857e-06,0x6F01b54c399b27AA0D9D84931b1e730eE55D1080,0xA0e41131422843F4519B8C31D176C9cf902a543C,0x2081Ab0D9EC9e4303234Ab26D86b20B3367946ee,0xE22C243c7559C667a1EB94B593369D192c5fbac0,0x940181a94A35A4569E4529A3CDfB74e38FD98631,18,18,18,0,0,0.0,0.0,0,181482167407,26974043695292172838,26.974043695292174,0.0,0,0,0,nan,0
vAMM-FLOCK/cbBTC,0.16466358836686068,0xd162C4444d5eFEaD433F080696D1f4Dc2BCD58Fb,0xC5a4F78f5a2F5A72E6a2F9f833939CFc4Be4fF91,0x5aB3D4c385B400F3aBB49e80DE2fAF6a88A7B691,0xcbB7C0000aB88B473b1f5aFd9ef808440eed33Bf,0x940181a94A35A4569E4529A3CDfB74e38FD98631,18,18,8,25885020527602975092,2431,25.885020527602975,2.431e-05,25885020527602977523,6409284985405616,950023126597944842190383,950023.1265979448,5.852014472846347e-22,555.954908638991,0,555.954908638991,1708.813272147655,1789603200
vAMM-VVV/DIEM,0.0004052782326495577,0xbB345D35450BF9Ee76F3D2cE214E8e7AC5e1071d,0x193446fb206192686CD790eA6Ab393e45b27364E,0xacfE6019Ed1A7Dc6f7B508C02d1b04ec88cC21bf,0xF4d97F2da56e8c3098f3a8D538DB630A2606a024,0x940181a94A35A4569E4529A3CDfB74e38FD98631,18,18,18,1504067805797226175,34691200538608774,1.504067805797226,0.034691200538608774,1538759006335834949,15670216944030,2338244280611765963987,2338.244280611766,9.709536643543758e-23,0.22703268524156556,0,0.22703268524156556,10299.152644579988,1789603200
vAMM-LCAP/USDC,0.014576917320610608,0x48D1036b0308884c163cde60AD5fBf87112Ac52f,0xac2A6d7B160422e85614EA5F0bEeE562509e44A8,0x4dA9A0f397dB1397902070f93a4D6ddBC0E0E6e8,0x833589fCD6eDb6E08f4c7C32D4f71b54bdA02913,0x940181a94A35A4569E4529A3CDfB74e38FD98631,18,18,6,0,0,0.0,0.0,0,565846734684692,84101219379677286526710,84101.21937967729,8.96001595295775e-22,75.3548267305108,0,75.3548267305108,1116.069441449928,1789603200
vAMM-WETH/PHI,0.0004087439719898928,0x99ba9f844FCDC60Fc9e52af59f165cD91F86360E,0xB27773092F3D548044d6d8527d468072426603Cc,0x4200000000000000000000000000000000000006,0xFb3aD5550ca5730A6F91350032c4Da1eFdfDE3E8,0x940181a94A35A4569E4529A3CDfB74e38FD98631,18,18,18,0,0,0.0,0.0,0,15866779810352,2358239791196310607121,2358.2397911963108,0.0,0,0,0,nan,0
vAMM-LCAP/eUSD,0.0820850838182718,0xe39E901F5C53fDA90eF90FeEF3ed1F0126b557a7,0xe3F63B420E0B046C8b27Ca54BBfE0AB64fd928C0,0x4dA9A0f397dB1397902070f93a4D6ddBC0E0E6e8,0xCfA3Ef56d303AE4fAabA0592388F19d7C3399FB4,0x940181a94A35A4569E4529A3CDfB74e38FD98631,18,18,18,0,0,0.0,0.0,0,3186410173386369,473588173010951663647842,473588.17301095166,1.1045689191236537e-22,52.311077637245276,0,52.311077637245276,9053.305617121503,1789603200
vAMM-USDC/coinage,0.0014233278752808843,0x0F9C19e1aaf9C989617b6e7154df3e6Bc5d143d2,0xC3e51aC2Ba4332b61BbEe34e57ACA96150f7E7C6,0x833589fCD6eDb6E08f4c7C32D4f71b54bdA02913,0xF4d7fD100b5B03e51261a2E6a673632eF2c68896,0x940181a94A35A4569E4529A3CDfB74e38FD98631,18,6,18,0,0,0.0,0.0,0,55257135764665,8211860385525831484398,8211.860385525832,0.0,0,0,0,nan,0
vAMM-FLOCK/DGLD,0.0013667162740903615,0x2b1CEd170A3cB7CFB1e21657B4BCc3Dd0594639a,0x89f0D55D0A78Ac4F50E9C3bFB61E103250AD566C,0x5aB3D4c385B400F3aBB49e80DE2fAF6a88A7B691,0xd02f50E1017F493ffFFa70c8fCf09e349e11d6c9,0x940181a94A35A4569E4529A3CDfB74e38FD98631,18,18,18,2754982414540349507586,0,2754.9824145403495,0.0,2754982414540349507586,0,7885240937363967259272,7885.240937363967,0.0,0,0,0,nan,0
vAMM-WBTC/USDT,8.69318028735143e-09,0xD7f91d93d105578f96B19a247C68b5b512a07D7c,0x31d4E5b4faCC648CFD6c87d10a46473785Bb77a7,0x0555E30da8f98308EdB960aa94C0Db47230d2B9c,0xfde4C96c8593536E31F229EA8f37b2ADa2699bb2,0x940181a94A35A4569E4529A3CDfB74e38FD98631,18,8,6,4,1644,4e-08,0.001644,1648,337467477,50155121715611376,0.05015512171561137,0.0,0,0,0,nan,1789603200
vAMM-PHNM/USDC,0.00018014617878499465,0xF687f5a1A37B03fAB632AB0f9E41A62b2b0EA4D8,0x19c38452e702d749978Ecc82AB66ADDF28A37AF1,0x3fDa9cc61B1FEf8b2fFd715F0A9EeF7182e48F37,0x833589fCD6eDb6E08f4c7C32D4f71b54bdA02913,0x940181a94A35A4569E4529A3CDfB74e38FD98631,18,18,6,0,0,0.0,0.0,0,6993330308318,1039349607957628645494,1039.3496079576287,6.224425700289459e-22,0.6469354411357237,0,0.6469354411357237,1606.5739204718861,1789603200
vAMM-SOL/fBOMB,0.2586554593839859,0xB8fA852a85Af20284906a898595f59BdD8C66cbE,0x96f03A43be421aeb8768d7eaA7E4bEd1B4782E39,0x311935Cd80B76769bF2ecC9D8Ab7635b2139cf82,0x74ccbe53F77b08632ce0CB91D3A545bF6B8E0979,0x940181a94A35A4569E4529A3CDfB74e38FD98631,18,9,18,12681777,51590608071836926464,0.012681777,51.590608071836925,51590608071849608241,10041118054736620,1492307259138147579892760,1492307.2591381476,5.980382602117473e-23,89.2456836956339,0,89.2456836956339,16721.33819073599,1789603200
vAMM-WETH/MEZO,3.860443572392431e-06,0xAFf04483cD9722a720368b9B5a090968aa959dB4,0xcc84A0bcdb1Fb78326D9288dcFAebF6e2f60F556,0x4200000000000000000000000000000000000006,0x8e4cbBcc33dB6c0a18561fDE1F6bA35906d4848b,0x940181a94A35A4569E4529A3CDfB74e38FD98631,18,18,18,14040518785383,6975158670653956709,1.4040518785383e-05,6.975158670653957,6975172711172742092,149867578764,22272748390058165181,22.272748390058165,0.0,0,0,0,nan,0
sAMM-msUSD/frxUSD,0.000744229296670133,0xA678C47022f2E5286C51cC433be1599BBA88DF05,0x90C2eafBb37fDFB54bDAc0C12F59b14417F280cb,0x526728DBc96689597F85ae4cd716d4f7fCcBAE9d,0xe5020A6d073a794B6E7f05678707dE47986Fb0b6,0x940181a94A35A4569E4529A3CDfB74e38FD98631,18,18,18,20358268725075051,37821907409453223,0.02035826872507505,0.03782190740945322,58180176134528274,28891497960700,4293815350076770794077,4293.815350076771,1.239439756086025e-21,5.321925450177583,0,5.321925450177583,806.8161401872878,1789603200
vAMM-OFC/USDC,8.441632277917166e-06,0x66E1031dB440890a824F0dB80489Be979BD16a86,0xB62982Dd4851C3e149529cD1bDBd88e4dDC6125C,0x752C5a95d202972E124390F30a50154409d3c858,0x833589fCD6eDb6E08f4c7C32D4f71b54bdA02913,0x940181a94A35A4569E4529A3CDfB74e38FD98631,18,18,6,0,0,0.0,0.0,0,327710025436,48703820740195945821,48.703820740195944,1.81935403054447e-20,0.8860949256659084,0,0.8860949256659084,54.96456342258656,1789603200
vAMM-AERO/SAPIEN,1.8100454859619614e-05,0x9F12a2CB7ad24E7BeF73174677a171617C83D2EC,0xf2D96b3EeB3ECfcAa357d5A3E2B4008E63e76FdA,0x940181a94A35A4569E4529A3CDfB74e38FD98631,0xC729777d0470F30612B1564Fd96E8Dd26f5814E3,0x940181a94A35A4569E4529A3CDfB74e38FD98631,18,18,18,0,0,0.0,0.0,0,702686172923,104430195461728071452,104.43019546172808,4.901525360467922e-22,0.05118672514542823,0,0.05118672514542823,2040.1812220849865,1789603200
vAMM-ETHFI/AERO,2.1165741735510606e-05,0x64d50f160871854B85d89c3901C55DBe74E41D27,0xBd48f2f4b8fD156e464945025dcC20b62EfA831d,0x6C240DDA6b5c336DF09A4D011139beAAa1eA2Aa2,0x940181a94A35A4569E4529A3CDfB74e38FD98631,0x940181a94A35A4569E4529A3CDfB74e38FD98631,18,18,18,0,0,0.0,0.0,0,821698693407,122115303934316639667,122.11530393431664,1.4352642201673134e-21,0.17526772647178143,0,0.17526772647178143,696.7358246298558,1789603200
vAMM-ENA/AERO,0.00042068471273966785,0x9F2dDa28368E5716270c14C6CaFaF6B940D7f7E4,0xE7F21A7d4E3987B3492F414E45cDe0097F73dfF0,0x58538e6A46E07434d7E7375Bc268D3cb839C0133,0x940181a94A35A4569E4529A3CDfB74e38FD98631,0x940181a94A35A4569E4529A3CDfB74e38FD98631,18,18,18,0,0,0.0,0.0,0,17887611360393,2427131645026940624697,2427.1316450269405,7.877843099972406e-22,1.9120562282500158,0,1.9120562282500158,1269.382986319571,1789603200
vAMM-AERO/VVV,2.6796819678255706e-05,0xE46d786F1FC1c43BfFaDc2D8704AdbdbA5B45209,0x788e7E7cF8fB92F47c17610dd200A532e8fA930e,0x940181a94A35A4569E4529A3CDfB74e38FD98631,0xacfE6019Ed1A7Dc6f7B508C02d1b04ec88cC21bf,0x940181a94A35A4569E4529A3CDfB74e38FD98631,18,18,18,0,0,0.0,0.0,0,1040312446733,154603690263932596488,154.6036902639326,3.1532649470830777e-22,0.048750639719894795,0,0.048750639719894795,3171.316133536601,1789603200
vAMM-HYPE/MORPHO,2.6457177169388258e-05,0x7E3C6288bE608795ac30Da107903deFD625c53cb,0x95b48aC82637Cce2E755D5D522F21A0Bef245971,0x15D0e0c55a3E7eE67152aD7E89acf164253Ff68d,0xBAa5CC21fd487B8Fcc2F632f3F4E8D37262a0842,0x940181a94A35A4569E4529A3CDfB74e38FD98631,18,18,18,0,0,0.0,0.0,0,1027126765236,152644129917895799584,152.6441299178958,6.671199085060861e-23,0.010183193798481777,0,0.010183193798481777,14989.80898710321,1789603200
vAMM-ZRO/PENDLE,4.7600718095431024e-05,0xe58DB5232C89dC338A572d6ef87C7dFb3D39DfB7,0xe92906196a7A34Ec309A2194E234E550F2e0c10b,0x6985884C4392D348587B19cb9eAAf157F13271cd,0xA99F6e6785Da0F5d6fB42495Fe424BCE029Eeb3E,0x940181a94A35A4569E4529A3CDfB74e38FD98631,18,18,18,0,0,0.0,0.0,0,1847966292370,274631346746660886506,274.6313467466609,8.617377111123424e-22,0.2366601881451676,0,0.2366601881451676,1160.4459072693787,1789603200
vAMM-HYPE/AAVE,3.7604282766525595e-05,0xdABf94060fd5b0AC9dD8557cc3e9A84BB8211937,0xaA4999A574EF9C9cD513F34A56aFaa9A81535404,0x15D0e0c55a3E7eE67152aD7E89acf164253Ff68d,0x63706e401c06ac8513145b7687A14804d17f814b,0x940181a94A35A4569E4529A3CDfB74e38FD98631,18,18,18,0,0,0.0,0.0,0,1459882324926,216957122346531283746,216.9571223465313,2.578874135366629e-22,0.055950511130304276,0,0.055950511130304276,3877.6611323756356,1789603200
vAMM-HYPE/PENDLE,3.4996536275595174e-05,0x25e39953Fb612A857ee7c06DB6d74108926388dd,0x54a85Ab8F5929bff71e96424b0a48F7ceE9F4240,0x15D0e0c55a3E7eE67152aD7E89acf164253Ff68d,0xA99F6e6785Da0F5d6fB42495Fe424BCE029Eeb3E,0x940181a94A35A4569E4529A3CDfB74e38FD98631,18,18,18,0,0,0.0,0.0,0,1358643776284,201911783548441987459,201.91178354844197,1.1424747186175487e-21,0.23067910809507366,0,0.23067910809507366,875.2928915661694,1789603200
vAMM-AERO/VELVET,0.00013222696561338547,0xD65D88c80007E665bE115FFB88D206C3449ED111,0x901bede59b17a93816DCA696Dbff136053931Ad4,0x940181a94A35A4569E4529A3CDfB74e38FD98631,0xbF927b841994731C573BDF09ceB0c6B0Aa887cDd,0x940181a94A35A4569E4529A3CDfB74e38FD98631,18,18,18,0,38356335036098176,0.0,0.03835633503609818,38356335036098176,5133380380964,762880710535206339356,762.8807105352064,6.938696330796063e-22,0.529339758702573,0,0.529339758702573,1441.1929162567517,1789603200
vAMM-PROS/AERO,1.5874306301632954e-05,0xfbc8430728e4f114b4cD1B3A9FDd1382c133F63c,0x85C68ff71dc14A44c3d645768769aD25F8Acc0c2,0x8B7DdE054BE9D180c1Be7FaE0874697374A49832,0x940181a94A35A4569E4529A3CDfB74e38FD98631,0x940181a94A35A4569E4529A3CDfB74e38FD98631,18,18,18,0,0,0.0,0.0,0,616280137354,91586477950737479750,91.58647795073747,3.43321307682663e-22,0.03144358937609657,0,0.03144358937609657,2912.723380758863,1789603200
vAMM-SYRUP/AERO,1.5874306301632954e-05,0x592C9EB79d235236F2A4179d6A9BD4ed94BeDC07,0x5C7CefD6d3BA389E4f14f458F3AC80C779e0fcB6,0x688AEe022AA544f150678B8E5720b6b96a9E9a2F,0x940181a94A35A4569E4529A3CDfB74e38FD98631,0x940181a94A35A4569E4529A3CDfB74e38FD98631,18,18,18,0,0,0.0,0.0,0,616280137354,91586477950737479750,91.58647795073747,4.5480787115940865e-22,0.04165425106376303,0,0.04165425106376303,2198.7306364130695,1789603200
vAMM-VIRTUAL/CLANKER,1.5874306301632954e-05,0x25702eCc9494349698cBE16dcDBF58A75ee17EA4,0x362F7691E9d423502Ba9c95E602D010eFF3169d0,0x0b3e328455c4059EEb9e3f84b5543F74E24e7E1b,0x1bc0c42215582d5A085795f4baDbaC3ff36d1Bcb,0x940181a94A35A4569E4529A3CDfB74e38FD98631,18,18,18,0,0,0.0,0.0,0,616284215621,91586477950737479750,91.58647795073747,3.3502677857343637e-22,0.03068392266872264,0,0.03068392266872264,2984.8360308929887,1789603200
vAMM-ENA/PENDLE,0.0005598754466365881,0x06Fa83a634B278cAB6ccD6728Ea849Eab9B64101,0xE07D5b2379B0E51dC1FC85bd07E777C34540a40e,0x58538e6A46E07434d7E7375Bc268D3cb839C0133,0xA99F6e6785Da0F5d6fB42495Fe424BCE029Eeb3E,0x940181a94A35A4569E4529A3CDfB74e38FD98631,18,18,18,0,0,0.0,0.0,0,28948946394584,3230189670919126898068,3230.189670919127,0.0,0,0,0,nan,0
vAMM-USDC/Basecat,0.0003405917758548132,0x48daEB28eFB7FB378b9986dCb09180fe8869ED80,0xDecA9B3278142d8BeF2d1D5fE8ddc2c5003ef267,0x833589fCD6eDb6E08f4c7C32D4f71b54bdA02913,0xB2000000000000000000004c27f6523082f41D01,0x940181a94A35A4569E4529A3CDfB74e38FD98631,18,6,18,4023,113083075762190118,0.004023,0.11308307576219012,113083075762194141,13312480895472,1965037122051787060542,1965.037122051787,0.0,0,0,0,nan,0
vAMM-STONKEX/fBOMB,0.5775773957354983,0xBa72E99BC76De8D342DA78C0e4fC04D605936e71,0x8902c16eB8433E31934b656039147843ADddB61A,0x5ab000ff9B9FfE0349CE5ffA5fD86f217C3680F5,0x74ccbe53F77b08632ce0CB91D3A545bF6B8E0979,0x940181a94A35A4569E4529A3CDfB74e38FD98631,18,18,18,1486820224020507021683,2077049553709444658816,1486.820224020507,2077.049553709445,3563869777729951680499,22423587667959038,3332320695735350643781048,3332320.6957353507,0.0,0,0,0,nan,0
vAMM-AERO/MSTRc,4.233148347102121e-05,0x9b36959CaE9943cc4859d34Ec5d918d195A73267,0x763FF67c68183356e97E950a5feaA8EA9b09f8c3,0x940181a94A35A4569E4529A3CDfB74e38FD98631,0xb2000000000000000000004884b426556b92883d,0x940181a94A35A4569E4529A3CDfB74e38FD98631,18,18,8,0,572,0.0,5.72e-06,572,1643446326178,244230607868633279335,244.23060786863329,0.0,0,0,0,nan,0
sAMM-BNKR/ALIGN,3.675825176845039e-08,0x80B083BF20129dBE23f861B96856078c4E1B0c9B,0x8f15f4F9eBE4f720ec8762845F935cF0Ef0DdA62,0x22aF33FE49fD1Fa80c7149773dDe5890D3c76F3b,0x53f39e5C53EE40bbc3Da97C3B47BD2968d110a8D,0x940181a94A35A4569E4529A3CDfB74e38FD98631,18,18,18,9,0,9e-18,0.0,9,1427084728,212075964210954430,0.21207596421095443,0.0,0,0,0,nan,1789603200
vAMM-AERO/TSLAc,1.7848258153729678e-05,0xfF85eDcD1794d814ABD87489EEA6f641048e7ba7,0xA2C66443610a7Bdaf615Eb8F032bFF12A179033b,0x940181a94A35A4569E4529A3CDfB74e38FD98631,0xb2000000000000000000001e800a7f5189430cD0,0x940181a94A35A4569E4529A3CDfB74e38FD98631,18,18,8,0,0,0.0,0.0,0,692932210271,102975151845689147450,102.97515184568914,0.0,0,0,0,nan,1789603200
CL-USDC/USDbC,0.003024231786496601,0x98c7A2338336d2d354663246F64676009c7bDa97,0x4a3E1294d7869567B387FC3d5e5Ccf14BE2Bbe0a,0x833589fCD6eDb6E08f4c7C32D4f71b54bdA02913,0xd9aAEc86B65D86f6A7B5B1b0c42FFA531710b6CA,0x940181a94A35A4569E4529A3CDfB74e38FD98631,18,6,6,506810,572400,0.50681,0.5724,1079210,117381417196027,17448241993629553800707,17448.241993629556,2.1848514603315607e-21,38.12181699999999,0,38.12181699999999,457.6970188390957,1789603200
CL-WETH/USDC,6.946647425961114,0xb2cc224c1c9feE385f8ad6a55b4d94E92359DC59,0xF33a96b5932D9E9B9A0eDA447AbD8C9d48d2e0c8,0x4200000000000000000000000000000000000006,0x833589fCD6eDb6E08f4c7C32D4f71b54bdA02913,0x940181a94A35A4569E4529A3CDfB74e38FD98631,18,18,6,616885820494086363,1806564727,0.6168858204940864,1806.564727,616885822300651090,269843131178217678,40078536927556226304121160,40078536.927556224,2.4626355230671577e-21,98698.82875035882,0,98698.82875035882,406.0690226520091,1789603200
CL-cbETH/WETH,0.1076617546397766,0x47cA96Ea59C13F72745928887f84C9F52C3D7348,0xF5550F8F0331B8CAA165046667f4E6628E9E3Aac,0x2Ae3F1Ec7F1F5012CFEab0185bfc7aa3cf0DEc22,0x4200000000000000000000000000000000000006,0x940181a94A35A4569E4529A3CDfB74e38FD98631,18,18,18,3388976393455373,1963076374397997,0.003388976393455373,0.001963076374397997,5352052767853370,4178743637923217,621152239984136786071594,621152.2399841368,1.0742027503963945e-21,667.2434446058411,0,667.2434446058411,930.9229562398599,1789603200
CL-WETH/wstETH,0.23912961524088674,0x861A2922bE165a5Bd41b1E482B49216b465e1B5F,0x2A1f7bf46bd975b5004b61c6040597E1B6117040,0x4200000000000000000000000000000000000006,0xc1CBa3fCea344f92D9239c08C0568f6F2F0ee452,0x940181a94A35A4569E4529A3CDfB74e38FD98631,18,18,18,26268898387892035,228100402290866,0.026268898387892033,0.000228100402290866,26496998790182901,9281488692714435,1379653310039437729073215,1379653.3100394378,4.76754930812184e-22,657.7565183726529,0,657.7565183726529,2097.5137022629906,1789603200
CL-WETH/KEYCAT,0.003046888246700136,0xB211a9DDff3a10806c8fdb92Dbc4c34596A23F84,0xA9edd05F8d82f4050d4649FEf30bEC9378f499e7,0x4200000000000000000000000000000000000006,0x9a26F5433671751C3276a065f57e5a02D2817973,0x940181a94A35A4569E4529A3CDfB74e38FD98631,18,18,18,391595692963464,4028156957116302050922,0.000391595692963464,4028.1569571163022,4028157348711995014386,118261579104958,17578957966563715086502,17578.957966563714,0.0,0,0,0,nan,0
CL-WETH/ROOST,1.1833056225755881e-05,0xAA500dbEDa452Cc2807185DA993b6E3779333Aca,0x4A7212433200428571B069AeC82620573eE2cbc0,0x4200000000000000000000000000000000000006,0xE1aBD004250AC8D1F199421d647e01d094FAa180,0x0000000000000000000000000000000000000000,18,18,18,0,0,0.0,0.0,0,0,68270570223187968200,68.27057022318797,0.0,0,0,0,nan,0
CL-tBTC/cbETH,1.7214126989257076e-08,0xEeB9b3B819C93Db45B731730af290ab6aF82f0D2,0xFC9C7A01517F958736c468229D59cFe34F80C83f,0x236aa50979D5f3De3Bd1Eeb40E81137F22ab794b,0x2Ae3F1Ec7F1F5012CFEab0185bfc7aa3cf0DEc22,0x0000000000000000000000000000000000000000,18,18,18,0,0,0.0,0.0,0,0,99316545364921468,0.09931654536492147,0.0,0,0,0,nan,0
CL-WETH/AERO,0.08204835307797695,0x82321f3BEB69f503380D6B233857d5C43562e2D0,0xdE8FF0D3e8ab225110B088a250b546015C567E27,0x4200000000000000000000000000000000000006,0x940181a94A35A4569E4529A3CDfB74e38FD98631,0x940181a94A35A4569E4529A3CDfB74e38FD98631,18,18,18,3886984044737144326,15721957078560143346469,3.886984044737144,15721.957078560143,15725844062604880490795,0,473376255773611795436022,473376.25577361183,0.0,0,0,0,nan,0
CL-Mog/WETH,0.005292435259994939,0xC29dc26B28FFF463e32834Ce6325B5c74fAC7098,0x44e6F4D58A81531338d11aE6374F199A35c787Be,0x2Da56AcB9Ea78330f947bD57C54119Debda7AF71,0x4200000000000000000000000000000000000006,0x940181a94A35A4569E4529A3CDfB74e38FD98631,18,18,18,115035021583228792041566479,9046835573343380,115035021.5832288,0.00904683557334338,115035021592275627614909859,0,30534594459436024924486,30534.594459436026,0.0,0,0,0,nan,0
CL-WETH/DOG,0.001626377891897838,0xa4eb9849F46e1E9Db3700BCDadB62096a7bc4aAB,0x3E848AF39c45Cf45c97A622440411C4141dF3e82,0x4200000000000000000000000000000000000006,0xAfb89a09D82FBDE58f18Ac6437B3fC81724e4dF6,0x940181a94A35A4569E4529A3CDfB74e38FD98631,18,18,18,1,15002449418973049718944,1e-18,15002.44941897305,15002449418973049718945,63126049314590,9383353206467085303379,9383.353206467085,0.0,0,0,0,nan,0
CL-LUSD/USDC,3.8509197073524674e-08,0x95b9Ff408700af5a1092Cd218E33084a71e4bE97,0xBF58afee32FFa0Bd24E4c6e43b443aa9679b7c64,0x368181499736d0c0CC614DBB145E2EC1AC86b8c6,0x833589fCD6eDb6E08f4c7C32D4f71b54bdA02913,0x0000000000000000000000000000000000000000,18,18,6,0,0,0.0,0.0,0,0,222178006500489750,0.22217800650048977,0.0,0,0,0,nan,0
CL-USDC/rgUSD,0.0005108258385516859,0xDEfE76cd3c5c25728Fd45De93b000C23048c992f,0x601377635D6C852e27CC49633694449B6E9475c8,0x833589fCD6eDb6E08f4c7C32D4f71b54bdA02913,0x8E5E9DF4F0EA39aE5270e79bbABFCc34203A3470,0x940181a94A35A4569E4529A3CDfB74e38FD98631,18,6,18,6040934,9113978706070155399,6.040934,9.113978706070155,9113978706076196333,0,2947198983704145597644,2947.198983704146,0.0,0,0,0,nan,0
CL-WETH/bsdETH,0.16413689885989866,0x2ae9DF02539887d4EbcE0230168a302d34784c82,0x0b537aC41400433F09d97Cd370C1ea9CE78D8a74,0x4200000000000000000000000000000000000006,0xCb327b99fF831bF8223cCEd12B1338FF3aA322Ff,0x940181a94A35A4569E4529A3CDfB74e38FD98631,18,18,18,14437913963311,12954858591678,1.4437913963311e-05,1.2954858591678e-05,27392772554989,6370791206269682,946984402511381118175368,946984.4025113812,5.944403218851506e-23,56.29257130490824,0,56.29257130490824,16822.546573366635,1789603200
CL-tBTC/USDC,0.07203911035615616,0xf81e1a62cBfA487E807044618661bFD4802B4982,0x37E1a626b09faDE99E94752942a88f17EA2170fd,0x236aa50979D5f3De3Bd1Eeb40E81137F22ab794b,0x833589fCD6eDb6E08f4c7C32D4f71b54bdA02913,0x940181a94A35A4569E4529A3CDfB74e38FD98631,18,18,6,55512280265759,16568167,5.5512280265759e-05,16.568167,55512296833926,2796117959778384,415628139388121673391741,415628.13938812166,3.3604932064654236e-21,1396.715538829647,0,1396.715538829647,297.57536723361,1789603200
CL-tBTC/SATS,5.436535041678444e-07,0x86BB57004D5E55a6Ab978287211a53CD3615cAF9,0x1e210791d844A37435d0B1aCCeFD1c94013218A7,0x236aa50979D5f3De3Bd1Eeb40E81137F22ab794b,0x9d36F8f62347538440a212e9162f534f797542df,0x0000000000000000000000000000000000000000,18,18,18,0,0,0.0,0.0,0,0,3136597513378429026,3.1365975133784287,0.0,0,0,0,nan,0
CL-tBTC/WETH,0.030912946798339305,0xA33f162da19C7273BA1205BFD9D4340dA2446E3a,0x996802075582Af2eE133fb30Cc5A9E8A671d3c3a,0x236aa50979D5f3De3Bd1Eeb40E81137F22ab794b,0x4200000000000000000000000000000000000006,0x940181a94A35A4569E4529A3CDfB74e38FD98631,18,18,18,224601624168656,127024189372,0.000224601624168656,1.27024189372e-07,224728648358028,1199851654263575,178351599530820658833633,178351.59953082065,3.1363656279808486e-21,559.3758264638711,0,559.3758264638711,318.8403772438314,1789603200
CL-PSTAKE/USDC,0.00016600642972927577,0x178904D6F5f49074fC3fDb918F0170E0DBB1677e,0xBb9FA2e124dD7fA35621aDe57d42C2d40cB9Ab7A,0x38815A4455921667d673B4cb3d48F0383eE93400,0x833589fCD6eDb6E08f4c7C32D4f71b54bdA02913,0x940181a94A35A4569E4529A3CDfB74e38FD98631,18,18,6,649422815181672836646,21880333,649.4228151816728,21.880333,649422815181694716979,0,957770621732111206974,957.7706217321113,0.0,0,0,0,nan,0
CL-WETH/SPEC,0.0002967160457947434,0xfD7aBC461df4e496A25898CaB0c6EA88cDd94Cf9,0x79eFe300783f448283E54ce7caD08118A52849f6,0x4200000000000000000000000000000000000006,0x96419929d7949D6A801A6909c145C8EEf6A40431,0x940181a94A35A4569E4529A3CDfB74e38FD98631,18,18,18,4745605642965091,85721900941617022620,0.004745605642965091,85.72190094161702,85726646547259987711,0,1711897015809429748420,1711.8970158094298,0.0,0,0,0,nan,0
CL-WETH/SKI,0.006233610716365336,0xe782B72A1157b7bEa1A9452835Cce214962aD43B,0x1Dd8e44b202fe7D3E85ce7788311374E2E9df950,0x4200000000000000000000000000000000000006,0x768BE13e1680b5ebE0024C42c896E3dB59ec0149,0x940181a94A35A4569E4529A3CDfB74e38FD98631,18,18,9,413058588188736,21031558694,0.000413058588188736,21.031558694,413079619747430,241950668076333,35964686555729739538205,35964.686555729735,0.0,0,0,0,nan,0
CL-WETH/BENJI,0.0002128653084804194,0xeBeC4772aBA30d82bC64BBB99187B4Ca29928e2E,0x6c44652cbF0fc9c31149682Eba60aA0D601B6787,0x4200000000000000000000000000000000000006,0xBC45647eA894030a4E9801Ec03479739FA2485F0,0x940181a94A35A4569E4529A3CDfB74e38FD98631,18,18,18,1,1,1e-18,1e-18,2,8262130238882,1228121941908944667420,1228.1219419089446,0.0,0,0,0,nan,0
CL-DOLA/USD+,1.726370245313476e-10,0x96331Fcb46A7757854d9E26AFf3aCA2815D623fD,0xCB4B8aeD321e22B0B87D9e41538408404433Ac70,0x4621b7A9c75199271F773Ebd9A499dbd165c3191,0xB79DD08EA68A908A97220C76d19A6aA9cBDE4376,0x940181a94A35A4569E4529A3CDfB74e38FD98631,18,18,6,4809341593614445743,9258940,4.8093415936144455,9.25894,4809341593623704683,0,996025699661265,0.000996025699661265,0.0,0,0,0,nan,0
CL-USD+/USDbC,0.00012057020988203579,0x20086910E220D5f4c9695B784d304A72a0de403B,0x7E62007c19C9b9D581354B29c57c61C41b50851a,0xB79DD08EA68A908A97220C76d19A6aA9cBDE4376,0xd9aAEc86B65D86f6A7B5B1b0c42FFA531710b6CA,0x940181a94A35A4569E4529A3CDfB74e38FD98631,18,6,6,1070,1680,0.00107,0.00168,2750,4679798620480,695627302324444464183,695.6273023244445,0.0,0,0,0,nan,0
CL-WETH/TN100x,3.3809734438714044e-06,0xF9b787C6E6111442778A9f6f8850F2d446d44a7c,0x8c5D5de27801DF39a21c396A07C4Ea02f01325B6,0x4200000000000000000000000000000000000006,0x5B5dee44552546ECEA05EDeA01DCD7Be7aa6144A,0x0000000000000000000000000000000000000000,18,18,18,0,0,0.0,0.0,0,0,19506455519086473360,19.506455519086472,0.0,0,0,0,nan,0
CL-TYBG/WETH,0.0008204089854395111,0x8d628d22d298b4a6E3DC9171d4b7aa5229e2353c,0xCc0AbE95Dc41bD7c05f4b1a2F7585A06D3eB8CD8,0x0d97F261b1e88845184f678e2d1e7a98D9FD38dE,0x4200000000000000000000000000000000000006,0x940181a94A35A4569E4529A3CDfB74e38FD98631,18,18,18,8509616386860445596853,20516839945661,8509.616386860445,2.0516839945661e-05,8509616407377285542514,31843367799864,4733332469955765928624,4733.332469955766,1.406638016626435e-21,6.658085397572083,0,6.658085397572083,710.9149533711011,1789603200
CL-USD+/sFRAX,0.00014301710608593943,0x8e62bE92c6Fb091428d0d6cBa0C0e32529B27e51,0x472b62c9A91E39C2F473BC49bF15Bd0195040E43,0xB79DD08EA68A908A97220C76d19A6aA9cBDE4376,0xe4796cCB6bB5DE2290C417Ac337F2b66CA2E770E,0x0000000000000000000000000000000000000000,18,6,18,0,0,0.0,0.0,0,0,825134200149002290933,825.1342001490023,0.0,0,0,0,nan,0
CL-TKN/USD+,3.402719826683132e-07,0x6f8e210030f6eE6933b032628a0e148a1CcfF6a6,0x72E51ee5e566d4546a3fB695cb0502A7dc6403cD,0x78b3C724A2F663D11373C4a1978689271895256f,0xB79DD08EA68A908A97220C76d19A6aA9cBDE4376,0x0000000000000000000000000000000000000000,18,18,6,0,0,0.0,0.0,0,0,1963192081955693941,1.9631920819556938,0.0,0,0,0,nan,0
CL-USDC/AERO,5.389789090615842,0xBE00fF35AF70E8415D0eB605a286D8A45466A4c1,0x430C09546ae9249AB75B9A4ef7B5FD9a4006D6f3,0x833589fCD6eDb6E08f4c7C32D4f71b54bdA02913,0x940181a94A35A4569E4529A3CDfB74e38FD98631,0x940181a94A35A4569E4529A3CDfB74e38FD98631,18,6,18,158987722,11233972626794098289,158.987722,11.233972626794099,11233972626953086011,209199443249882863,31096275347542868986143388,31096275.34754287,9.421666006116889e-22,29297.872035879533,0,29297.872035879533,1061.3834106948427,1789603200
CL-WETH/OKAYEG,2.9322226066754907e-05,0xAD04bE2b6613586f83049d5953611bAa23971340,0x1bED19abF408e7f05C0DF7c215A429321A2a171F,0x4200000000000000000000000000000000000006,0xdb6e0e5094A25a052aB6845a9f1e486B9A9B3DdE,0x0000000000000000000000000000000000000000,18,18,18,0,0,0.0,0.0,0,0,169173969564461190406,169.1739695644612,0.0,0,0,0,nan,0
CL-WETH/CHOMP,0.0008106035461440621,0x0a7021C9843c2fB3b98c02Ed7f93354774286109,0x243Bc7b24dC4f2552EA9336391E79967d3387652,0x4200000000000000000000000000000000000006,0xebfF2db643Cf955247339c8c6bCD8406308ca437,0x940181a94A35A4569E4529A3CDfB74e38FD98631,18,18,18,37175337436037741,1514331291432366125480,0.03717533743603774,1514.331291432366,1514368466769802163221,0,4676760193173028175050,4676.760193173029,0.0,0,0,0,nan,0
CL-WETH/SKR,3.8515693811258576e-10,0x4b1f694A027103F10B625b6D8928181d86D450AF,0x22766847029648Ca9639dF9a41d9384c1708C32A,0x4200000000000000000000000000000000000006,0xe2dCA969624795985F2f083BcD0b674337ba130a,0x940181a94A35A4569E4529A3CDfB74e38FD98631,18,18,18,6026251664767845,6040898966126301698991,0.006026251664767845,6040.898966126301,6040904992377966466836,0,2222154892928658,0.002222154892928658,0.0,0,0,0,nan,0
CL-RFL/USDC,0.003761399738746949,0x51c230951b82Dbf7b8696B6fCd2be199cC10779f,0x3d27729DC4683bA7ba97562CDBb3Bb1Ce16540da,0x6e2c81b6c2C0e02360F00a0dA694e489acB0b05e,0x833589fCD6eDb6E08f4c7C32D4f71b54bdA02913,0x940181a94A35A4569E4529A3CDfB74e38FD98631,18,18,6,1,25495,1e-18,0.025495,25496,145999860797514,21701317064873562379917,21701.317064873565,1.4213757473631628e-21,30.84572576184962,0,30.84572576184962,703.5437334956152,1789603200
CL-WETH/ZRO,8.492205738578942e-05,0xA4463789e8F3c6A599B3dFB608DDe55513Bcf289,0x46e078FeDCD91a813306D5637d7ec5C7Dc201EC3,0x4200000000000000000000000000000000000006,0x6985884C4392D348587B19cb9eAAf157F13271cd,0x940181a94A35A4569E4529A3CDfB74e38FD98631,18,18,18,425610376077940174,683150917307751344502,0.42561037607794017,683.1509173077513,683576527683829284676,0,489956032629582695936,489.95603262958275,0.0,0,0,0,nan,0
CL-wXCH/USDC,0.001292561922068045,0x113138dC05b05AfbE25E8C31ca9DE9b445CAcA48,0xcbbc1c52E14A6163f32aB83Ba7aF70B3CeD3612d,0x36be1d329444aeF5D28df3662Ec5B4F965Cd93E9,0x833589fCD6eDb6E08f4c7C32D4f71b54bdA02913,0x940181a94A35A4569E4529A3CDfB74e38FD98631,18,18,6,1,51686,1e-18,0.051686,51687,50169851543436,7457408955455914215235,7457.408955455914,6.852027333517216e-22,5.109837,0,5.109837,1459.4220824374465,1789603200
CL-WETH/RDNT,0.00023657200902819548,0x2092f4acbb18BB1649595DF59B9Cb601bBA1EBB7,0x8D88C541f22de965536bD1849013caEE6ce90e11,0x4200000000000000000000000000000000000006,0xd722E55C1d9D9fA0021A5215Cbb904b92B3dC5d4,0x940181a94A35A4569E4529A3CDfB74e38FD98631,18,18,18,1,1,1e-18,1e-18,2,9182431336799,1364897254527190220526,1364.8972545271902,9.442401018995003e-22,1.2887907226971023,0,1.2887907226971023,1059.052668900981,1789603200
CL-WETH/PRIME,4.331432997963035e-06,0x8216144205B2Ac3523BAc7a8dC46d3c970e84876,0x7396905bE2C4c89C7c0445C7F72681515391730a,0x4200000000000000000000000000000000000006,0xfA980cEd6895AC314E7dE34Ef1bFAE90a5AdD21b,0x940181a94A35A4569E4529A3CDfB74e38FD98631,18,18,18,12361981496206798,8141125681473876625,0.012361981496206797,8.141125681473877,8153487662970083423,0,24990112022862409873,24.99011202286241,0.0,0,0,0,nan,0
CL-WETH/BOOMER,0.00012242118776712436,0xa7423f6BEc29a511d365B0c934e8000720128aE3,0x25206a301486De7fE19eAB25ACE698Aa7DB03Db6,0x4200000000000000000000000000000000000006,0xcdE172dc5ffC46D228838446c57C1227e0B82049,0x0000000000000000000000000000000000000000,18,18,18,0,0,0.0,0.0,0,0,706306480490644298734,706.3064804906443,0.0,0,0,0,nan,0
CL-WETH/APX,6.989596470067174e-08,0x0C9A0e17eAB266DCF8dcFB4bc12792a9712FEd1E,0x1d94aE3D754D68A42CcC095A9305f3A2A2F3d9e8,0x4200000000000000000000000000000000000006,0xcacf1ca03983CE6c7E235fb20C70aCC70ed13509,0x940181a94A35A4569E4529A3CDfB74e38FD98631,18,18,18,386200154765669,31397351176637720923725,0.000386200154765669,31397.35117663772,31397351562837875689394,0,403263305385828815,0.4032633053858288,0.0,0,0,0,nan,0
CL-USDz/WETH,0.007144042363687617,0xcf88B8bf7CCCe2D836878E538197eB20fC673BCE,0x549690894f61bf0D3a5799D03fDED6e775A424aA,0x04D5ddf5f3a8939889F11E97f8c4BB48317F1938,0x4200000000000000000000000000000000000006,0x940181a94A35A4569E4529A3CDfB74e38FD98631,18,18,18,195398758806116870,40650478209018,0.19539875880611687,4.0650478209018e-05,195439409284325888,277290811903851,41217402889202427462235,41217.40288920243,2.5199104267943287e-22,10.38641633058839,0,10.38641633058839,3968.3950245490946,1789603200
CL-EXTRA/WETH,0.006611949416090194,0x5A1401c002f67ca00557E7179D34C3FE6d753b28,0x283a6fFdd95F1145988e324F01663fF95247CcE0,0x2dAD3a13ef0C6366220f989157009e501e7938F8,0x4200000000000000000000000000000000000006,0x940181a94A35A4569E4529A3CDfB74e38FD98631,18,18,18,37256765782291324138,1355781229954,37.256765782291325,1.355781229954e-06,37256767138072554092,256639708835566,38147503764989280858573,38147.503764989284,0.0,0,0,0,nan,0
CL-WETH/MIGGLES,0.002767420357529069,0x326841EFD63340767e02ec88E583f18a82AF4A48,0xAfabcBbab5e4261B1d655c906738176191819164,0x4200000000000000000000000000000000000006,0xB1a03EdA10342529bBF8EB700a06C60441fEf25d,0x940181a94A35A4569E4529A3CDfB74e38FD98631,18,18,18,174371303574262,274822801289858630442,0.000174371303574262,274.8228012898586,274822975661162204704,107415409757224,15966573829382731407811,15966.573829382733,0.0,0,0,0,nan,0
CL-USDC/USDT,0.04270940445198848,0xa41Bc0AFfbA7Fd420d186b84899d7ab2aC57fcD1,0xBd85D45f1636fCEB2359d9Dcf839f12b3cF5AF3F,0x833589fCD6eDb6E08f4c7C32D4f71b54bdA02913,0xfde4C96c8593536E31F229EA8f37b2ADa2699bb2,0x940181a94A35A4569E4529A3CDfB74e38FD98631,18,6,6,6973962,7565580,6.973962,7.56558,14539542,1657734572260975,246411015058263968849179,246411.01505826396,0.0,0,0,0,nan,0
CL-WETH/USDT,1.449310552008206,0x9785eF59E2b499fB741674ecf6fAF912Df7b3C1b,0x2c0CbF25Bb64687d11ea2E4a3dc893D56Ca39c10,0x4200000000000000000000000000000000000006,0xfde4C96c8593536E31F229EA8f37b2ADa2699bb2,0x940181a94A35A4569E4529A3CDfB74e38FD98631,18,18,6,156408818991881602,443917116,0.1564088189918816,443.917116,156408819435798718,56241868827780868,8361766895074737228729200,8361766.895074737,0.0,0,0,0,nan,0
CL-BITCOIN/WETH,0.0030363936014251706,0xfD22D75b2FB405EE185155D57B0277b9DB2F8E29,0x4D046a24DA2B4C01B89Df7eAe9b4794586489769,0x2a06A17CBC6d0032Cac2c6696DA90f29D39a1a29,0x4200000000000000000000000000000000000006,0x940181a94A35A4569E4529A3CDfB74e38FD98631,18,8,18,1,6550153299541,1e-08,6.550153299541e-06,6550153299542,117855410723549,17518409330307553949514,17518.409330307553,0.0,0,0,0,nan,0
CL-WETH/PEPE,0.0019527689967391525,0x3333E1d9174720D6eC2cF815e65B82915a9eaE1e,0x399fFB6b1263a12Ed23c27BA07043f07D74c19DA,0x4200000000000000000000000000000000000006,0xB4fDe59a779991bfB6a52253B51947828b982be3,0x940181a94A35A4569E4529A3CDfB74e38FD98631,18,18,18,12011970682786049,8382322592234073914499027,0.012011970682786048,8382322.592234074,8382322604246044597285076,0,11266459854333068139299,11266.459854333069,0.0,0,0,0,nan,0
CL-USD+/USDT,1.0605670858164909e-07,0xE9C137071861fbA0359eEcCB5865C2588D1Be2BE,0x9cc802bf83AED8e8C1B19d051Dd2D85e1f931973,0xB79DD08EA68A908A97220C76d19A6aA9cBDE4376,0xfde4C96c8593536E31F229EA8f37b2ADa2699bb2,0x940181a94A35A4569E4529A3CDfB74e38FD98631,18,6,6,16003312,16035493,16.003312,16.035493,32038805,0,611891960346122493,0.6118919603461225,0.0,0,0,0,nan,0
CL-BRETT/USD+,2.680485600706971e-05,0xFAD14c545E464e04c737d00643296144eb20c7F8,0x5E3F10AcAa0CE7315Fd9c29839569Ad827a6500a,0x532f27101965dd16442E59d40670FaF5eBB142E4,0xB79DD08EA68A908A97220C76d19A6aA9cBDE4376,0x940181a94A35A4569E4529A3CDfB74e38FD98631,18,18,6,7650170396419971324,11383,7.650170396419972,0.011383,7650170396419982707,1040417887089,154650055694820939990,154.65005569482094,0.0,0,0,0,nan,0
CL-EURC/USDC,0.1783706282817863,0xE846373C1a92B167b4E9cd5d8E4d6B1Db9E90EC7,0x1f6c9d116CE22b51b0BC666f86B038a6c19900B8,0x60a3E35Cc302bFA44Cb288Bc5a4F316Fdb1adb42,0x833589fCD6eDb6E08f4c7C32D4f71b54bdA02913,0x940181a94A35A4569E4529A3CDfB74e38FD98631,18,6,6,19462601,27606627,19.462601,27.606627,47069228,6923326293172755,1029105606492456910134378,1029105.606492457,0.0,0,0,0,nan,0
CL-WETH/uBTC,1.613872392991694e-08,0xDdF56Af090c09bB0F993E00D7c676076CC59C72e,0xe5FfE849A481028a8F772b7113bAb7bFae6f2A82,0x4200000000000000000000000000000000000006,0xF1143f3A8D76f1Ca740d29D5671d365F66C44eD1,0x940181a94A35A4569E4529A3CDfB74e38FD98631,18,18,18,35199970114948840,872203151164645,0.03519997011494884,0.000872203151164645,36072173266113485,0,93112029922739330,0.09311202992273933,0.0,0,0,0,nan,0
CL-WETH/EURC,0.0005152080647439203,0x5d4e504EB4c526995E0cC7A6E327FDa75D8B52b5,0xb0C500d53720ff63F000de6D26f7Fe5c66571e3d,0x4200000000000000000000000000000000000006,0x60a3E35Cc302bFA44Cb288Bc5a4F316Fdb1adb42,0x940181a94A35A4569E4529A3CDfB74e38FD98631,18,18,6,220096144352881132,385339378,0.22009614435288113,385.339378,220096144738220510,0,2972482145998231961081,2972.482145998232,0.0,0,0,0,nan,0
CL-EURC/cbBTC,0.17738553431886137,0xb07d7EeCe8866E549601AF5C7622D8cdbEdC914e,0x017a82B26d612cAD89d240206F652E76ae8C4B31,0x60a3E35Cc302bFA44Cb288Bc5a4F316Fdb1adb42,0xcbB7C0000aB88B473b1f5aFd9ef808440eed33Bf,0x940181a94A35A4569E4529A3CDfB74e38FD98631,18,6,8,24736284,32143,24.736284,0.00032143,24768427,6875505324275784,1023422127491831409667125,1023422.1274918313,0.0,0,0,0,nan,0
CL-WETH/stTAO,0.00023707915415273863,0x266f421f80016d670C9de757d561a5C4a6A9FFAc,0x41513004596B32B5483620f55774E3a2a5cB9052,0x4200000000000000000000000000000000000006,0x806041B6473DA60abbe1b256d9A2749A151be6C6,0x940181a94A35A4569E4529A3CDfB74e38FD98631,18,18,9,1,79589,1e-18,7.9589e-05,79590,9202146377841,1367823217708461044127,1367.823217708461,0.0,0,0,0,nan,0
CL-xPufETH/WETH,9.405319896383845e-05,0xCDf927C0F7b81b146C0C9e9323eb5A28D1BFA183,0x7d90e903936dad918fac797913925C7598d233f8,0x23dA5F2d509cb43A59d43C108a43eDf34510eff1,0x4200000000000000000000000000000000000006,0x940181a94A35A4569E4529A3CDfB74e38FD98631,18,18,18,4330118993601,22167561565665,4.330118993601e-06,2.2167561565665e-05,26497680559266,20784,542637962845142579588,542.6379628451426,0.0,0,0,0,nan,0
CL-uSOL/cbBTC,0.006011194480744074,0xC900eA56B5227aE2d95c288a2597B278Cbf741dd,0xBa5377EA1eD9bd016dC07182427340874d94231A,0x9B8Df6E244526ab5F6e6400d331DB28C8fdDdb55,0xcbB7C0000aB88B473b1f5aFd9ef808440eed33Bf,0x940181a94A35A4569E4529A3CDfB74e38FD98631,18,18,8,3215574123382246,5063,0.003215574123382246,5.063e-05,3215574123387309,233658934407710,34681460739587010419187,34681.46073958701,0.0,0,0,0,nan,0
CL-cbBTC/uBTC,7.1429715679014175e-06,0x9ed7EB51A8e6Af23d77180acC32a3312A06bDC79,0x381BaA9990C5aA04015936a2ec37D4d2da519899,0xcbB7C0000aB88B473b1f5aFd9ef808440eed33Bf,0xF1143f3A8D76f1Ca740d29D5671d365F66C44eD1,0x940181a94A35A4569E4529A3CDfB74e38FD98631,18,8,18,5416,47103215993779,5.416e-05,4.7103215993779e-05,47103215999195,0,41211224955326199788,41.2112249553262,0.0,0,0,0,nan,0
CL-WETH/ETHFI,0.03616699936633808,0xFefe4e80F2D747A484154F7ae18B20d478E49D40,0xD33e1Ccbd216Cb3e2D63B114E119862002442196,0x4200000000000000000000000000000000000006,0x6C240DDA6b5c336DF09A4D011139beAAa1eA2Aa2,0x940181a94A35A4569E4529A3CDfB74e38FD98631,18,18,18,4805383895304501,16717741164106321932,0.004805383895304501,16.71774116410632,16722546548001626433,1403231750097746,208664745852152235734174,208664.74585215223,3.2814132936877827e-21,684.715270963235,0,684.715270963235,304.74673882854916,1789603200
CL-USDz/cbBTC,5.021162029697169e-09,0x7f770A81811B58094b75CeA1dE76304aa8EAE72c,0x384Ce87727323eDeDdc95D3206399806A3da7F02,0x04D5ddf5f3a8939889F11E97f8c4BB48317F1938,0xcbB7C0000aB88B473b1f5aFd9ef808440eed33Bf,0x940181a94A35A4569E4529A3CDfB74e38FD98631,18,18,8,91955452960064316,165,0.09195545296006431,1.65e-06,91955452960064481,0,28969489235106558,0.02896948923510656,0.0,0,0,0,nan,0
CL-WETH/TRVL,9.999392659040648e-06,0x0511a888D009029781f34696996742B0a55Db585,0x1E81Aaa4aeCe5123f70bF5607876C8d28FcdF89D,0x4200000000000000000000000000000000000006,0x74aa9bB52B36a378a6E641B86d7acb76Dc9b3940,0x940181a94A35A4569E4529A3CDfB74e38FD98631,18,18,18,1,1,1e-18,1e-18,2,388125577990,57691286654446460931,57.69128665444646,1.8959184116124905e-22,0.0109377972557779,0,0.0109377972557779,5274.488574376435,1789603200
CL-WETH/SPX,0.026611076288134368,0x4BA1e3E9280facbAcaFA7baF4aE0b78Bea60beCa,0x9D312ED8646cE9a4eC2A44279C07CFCcfefAB012,0x4200000000000000000000000000000000000006,0x50dA645f148798F68EF2d7dB7C1CB22A6819bb2C,0x940181a94A35A4569E4529A3CDfB74e38FD98631,18,18,8,6264881129157569,2233069682,0.006264881129157569,22.33069682,6264883362227251,1032906669181739,153532047662322132844280,153532.04766232215,1.6751738023713377e-21,257.19286406834965,0,257.19286406834965,596.9529839736168,1789603200
CL-WETH/uSUI,0.0155702847979013,0x5C45b0F48c326f79b56709d8F63CE2beE7697106,0xeD5355807FB4e7A04A7Ff8Bbc20cf65d425cB868,0x4200000000000000000000000000000000000006,0xb0505e5a99abd03d94a1169e638B78EDfEd26ea4,0x940181a94A35A4569E4529A3CDfB74e38FD98631,18,18,18,594564920050953,1606224351178174167,0.000594564920050953,1.6062243511781742,1606818916098225120,604359283881441,89832432248267636039537,89832.43224826764,1.5879427767959072e-21,142.6487619106443,0,142.6487619106443,629.7456146485098,1789603200
CL-WETH/mooBIFI,0.032840140625597834,0xb378137c90444BbceCD44a1f766851fbf53D2a9E,0x6E415053AAcDDDc8b678a806a5279A8DCDD4f6f1,0x4200000000000000000000000000000000000006,0xc55E93C62874D8100dBd2DfE307EDc1036ad5434,0x940181a94A35A4569E4529A3CDfB74e38FD98631,18,18,18,5600805318155,6093057943856553,5.600805318155e-06,0.006093057943856553,6098658749174708,1274687273140209,189470503980135326137908,189470.50398013534,2.144242368952949e-21,406.27068230107454,0,406.27068230107454,466.3651900919709,1789603200
CL-WETH/OVN,3.476834028847695e-08,0x1DA71Ce5Ebf772f9fdD44E29Bec53C7185E188BA,0x7a8464B293e1A035A2546Dd38fb9cF8BE4c5AB44,0x4200000000000000000000000000000000000006,0xA3d1a8DEB97B111454B294E2324EfAD13a9d8396,0x940181a94A35A4569E4529A3CDfB74e38FD98631,18,18,18,384398071068861376,776024835837422124144,0.38439807106886137,776.0248358374221,776409233908490985520,0,200595211577010362,0.20059521157701038,0.0,0,0,0,nan,0
CL-Mog/USD+,0.0008100637679775483,0x08361c463C8EC4fC1c7AddfADB006f5Ca7951fc1,0xDE199C94Fc91fA302ceae3A34c85c386966fDce5,0x2Da56AcB9Ea78330f947bD57C54119Debda7AF71,0xB79DD08EA68A908A97220C76d19A6aA9cBDE4376,0x940181a94A35A4569E4529A3CDfB74e38FD98631,18,18,6,62166630054741334678396576,31060670,62166630.05474134,31.06067,62166630054741334709457246,0,4673645954339132262636,4673.645954339132,0.0,0,0,0,nan,0
CL-WIF/USD+,4.781662612152357e-06,0x090d9C28E1Edca0e693a9e553B256E07Ca2af021,0xF36283a09895eDff51E9451cd70c64e53B5dc2Bb,0x1fba65dE0a9cBD2D1DF82d141897042d36Bb6c86,0xB79DD08EA68A908A97220C76d19A6aA9cBDE4376,0x940181a94A35A4569E4529A3CDfB74e38FD98631,18,18,6,1612328196336362748,554465,1.6123281963363627,0.554465,1612328196336917213,0,27587702358414755267,27.587702358414752,0.0,0,0,0,nan,0
CL-KEYCAT/USD+,1.8755749972594762e-12,0x5D7411A51442D287d742FfefC02658D2c9865F29,0x13DBd71e42055a440337F0c3794d82cD82703e74,0x9a26F5433671751C3276a065f57e5a02D2817973,0xB79DD08EA68A908A97220C76d19A6aA9cBDE4376,0x940181a94A35A4569E4529A3CDfB74e38FD98631,18,18,6,1887650763617552605152,4588941,1887.6507636175527,4.588941,1887650763617557194093,0,10821090690041,1.0821090690041e-05,0.0,0,0,0,nan,0
CL-MIGGLES/USD+,8.661237161405282e-07,0xaeA775CB2879F54E197eC085f9bB08E4B59f1d9E,0x871f78b2C1324fbdEFC9A6Ac9Ac409C9202dEd4F,0xB1a03EdA10342529bBF8EB700a06C60441fEf25d,0xB79DD08EA68A908A97220C76d19A6aA9cBDE4376,0x940181a94A35A4569E4529A3CDfB74e38FD98631,18,18,6,1160810295210198882420,29743862,1160.8102952101988,29.743862,1160810295210228626282,0,4997082651904938879,4.997082651904939,0.0,0,0,0,nan,0
CL-USDz/BRETT,5.457861304162179e-06,0xaf61a867867A95836A08A025220F8E6879F8bAdb,0x3E3E749FD28c2Ee7C6Dd05fa2D70b1b37dba5607,0x04D5ddf5f3a8939889F11E97f8c4BB48317F1938,0x532f27101965dd16442E59d40670FaF5eBB142E4,0x940181a94A35A4569E4529A3CDfB74e38FD98631,18,18,18,1160289381065918372722,22190874070198185987383,1160.2893810659184,22190.874070198184,23351163451264104360105,0,31489016558815711239,31.48901655881571,0.0,0,0,0,nan,0
CL-USDz/DEGEN,0.0008102061006308134,0x24Ee0b4DcCE323A03fba842190CeaA451Ff7cA5B,0x9918C85E4e5937DA606d65C9935Ea3ffe4DE06A4,0x04D5ddf5f3a8939889F11E97f8c4BB48317F1938,0x4ed4E862860beD51a9570b96d89aF5E1B0Efefed,0x940181a94A35A4569E4529A3CDfB74e38FD98631,18,18,18,3079636852344504629,1960354019075761298757,3.0796368523445046,1960.3540190757612,1963433655928105803386,0,4674467139603056836599,4674.467139603057,0.0,0,0,0,nan,0
CL-WETH/DOG,1.0011674661148087e-05,0x6bFdf73DC419f2d9393AF8e68459491395Ea88a2,0x85b720eFdAC1BbE7671003AB8E349945B915A611,0x4200000000000000000000000000000000000006,0x9E53e88dCff56d3062510A745952DEC4cEFDff9E,0x940181a94A35A4569E4529A3CDfB74e38FD98631,18,18,18,336061980828689,5071196485573416276487,0.000336061980828689,5071.196485573416,5071196821635397105176,0,57762147408537370814,57.76214740853737,0.0,0,0,0,nan,0
CL-WETH/uNEAR,0.030818019989744698,0x864cc817099761c7b7F8228822f2BDe0B74A6588,0xB95276137089404eD801c65d5Fba51BDf2c084DF,0x4200000000000000000000000000000000000006,0x5ed25E305E08F58AFD7995EaC72563E6BE65A617,0x940181a94A35A4569E4529A3CDfB74e38FD98631,18,18,18,3044961679131330,2587151871150667576,0.00304496167913133,2.5871518711506676,2590196832829798906,1196137223939244,177803921295495860951801,177803.92129549588,0.0,0,0,0,nan,0
CL-BOTTO/WETH,2.4734674675123336e-05,0x6641fFD33CF3eF95c75f2afC75A4791Cd2C1B448,0xa3E705674531E59718D97c5fDA03e41263F14351,0x24914CB6BD01E6a0CF2a9c0478e33c25926e6a0c,0x4200000000000000000000000000000000000006,0x940181a94A35A4569E4529A3CDfB74e38FD98631,18,18,18,272444984457905439648,11875271040603730,272.44498445790543,0.01187527104060373,272456859728946043378,0,142706187830003981871,142.70618783000398,0.0,0,0,0,nan,0
CL-WETH/CHAD,9.095297219201478e-05,0x36104bB6Ce1EdF37076f1CF6FBaBbCDF67DDff1B,0x3c63fa8945D6b2AA673a5E1B8ab70022c1796d6c,0x4200000000000000000000000000000000000006,0xecaF81Eb42cd30014EB44130b89Bcd6d4Ad98B92,0x940181a94A35A4569E4529A3CDfB74e38FD98631,18,18,18,8973478051414590,610615564668566293305682,0.00897347805141459,610615.5646685663,610615573642044344720272,0,524751269374278428145,524.7512693742784,0.0,0,0,0,nan,0
CL-USDz/KEYCAT,8.575149805351374e-05,0x2C206C7dE24787f85B5c52d2ea339aDC6D5af40F,0xE7CfAea003D352B7c94a255566Da36b2DcE39B88,0x04D5ddf5f3a8939889F11E97f8c4BB48317F1938,0x9a26F5433671751C3276a065f57e5a02D2817973,0x940181a94A35A4569E4529A3CDfB74e38FD98631,18,18,18,1,1,1e-18,1e-18,2,3328437124179,494741473201443375100,494.7414732014434,4.788686336500673e-21,2.3691617328199657,0,2.3691617328199657,208.82553788869558,1789603200
CL-WETH/uAPT,0.0002158547656157689,0xa88C07bD10813CF9B4111DeAb984c4026F2C83bf,0x27149E8aEf0331487B97D2D80ef88D7EAB9E026E,0x4200000000000000000000000000000000000006,0x9c0e042d65a2e1fF31aC83f404E5Cb79F452c337,0x940181a94A35A4569E4529A3CDfB74e38FD98631,18,18,18,1,1,1e-18,1e-18,2,8378384420272,1245369552280630506850,1245.3695522806306,9.237497028090432e-21,11.504097538066636,0,11.504097538066636,108.25443266277502,1789603200
CL-WETH/Neiro,0.00044466318862613753,0xa4513D1f6BDa04Bd733462b58D1790514DdCf5de,0xC36EBCd3B47b3b6C0fBC23e9778B634DFF0517a6,0x4200000000000000000000000000000000000006,0x5Ca35eBC4f25B042d2cAE75914c7e882E631fA9A,0x940181a94A35A4569E4529A3CDfB74e38FD98631,18,18,9,25701599678582,1,2.5701599678582e-05,1e-09,25701599678583,17259563953689,2565474959773395864339,2565.4749597733958,7.985753688934256e-22,2.048725112387886,0,2.048725112387886,1252.2299571869912,1789603200
CL-SolvBTC/cbBTC,4.610539555938749e-05,0x83eE4a0d418aA520A7BC1A3782bDb445F31b8e29,0x2d3825c93f79E97548FE7b7779ADfE6C3b962afb,0x3B86Ad95859b6AB773f55f8d94B4b9d443EE931f,0xcbB7C0000aB88B473b1f5aFd9ef808440eed33Bf,0x940181a94A35A4569E4529A3CDfB74e38FD98631,18,18,8,1,1,1e-18,1e-08,2,1789577018339,266004114672746357465,266.00411467274637,1.3772338690768381e-21,0.3663498760411054,0,0.3663498760411054,726.093093158028,1789603200
CL-SolvBTC/xSolvBTC,2.454133330896367e-05,0x0c0E3d9b455B1097D4B4B2fd0B34E51d31AD2d1A,0x04917fBA393848554F344c2877A17e9E0650622A,0x3B86Ad95859b6AB773f55f8d94B4b9d443EE931f,0xC26C9099BD3789107888c35bb41178079B282561,0x940181a94A35A4569E4529A3CDfB74e38FD98631,18,18,18,3749098009111,3344770207023,3.749098009111e-06,3.344770207023e-06,7093868216134,0,141590708864669502603,141.5907088646695,0.0,0,0,0,nan,0
CL-WETH/msETH,0.549904138859407,0x74F72788F4814D7fF3C49B44684aa98Eee140C0E,0x4f665e05d23a5AB1D1A581e8040B585Fb4d0453d,0x4200000000000000000000000000000000000006,0x7Ba6F01772924a82D9626c126347A28299E98c98,0x940181a94A35A4569E4529A3CDfB74e38FD98631,18,18,18,13473265278951716,16295831796410704,0.013473265278951716,0.016295831796410705,29769097075362420,21321476912234830,3172660419402739491695908,3172660.419402739,0.0,0,0,0,nan,0
CL-msUSD/USDC,1.0787759339760754,0x7501bc8Bb51616F79bfA524E464fb7B41f0B10fB,0x3d86AED6eCC8dAf71C8b50d06f38455b663265d8,0x526728DBc96689597F85ae4cd716d4f7fCcBAE9d,0x833589fCD6eDb6E08f4c7C32D4f71b54bdA02913,0x940181a94A35A4569E4529A3CDfB74e38FD98631,18,18,6,90021212991609618434,97206941,90.02121299160962,97.206941,90021212991706825375,41827156612370900,6223975171798378646136082,6223975.171798378,0.0,0,0,0,nan,0
CL-USDC/STAR,0.017798466511005036,0xa7C2693022cfB693c198EaA743E9B54d7921588E,0x9Aa4F2cF55E1EA0eEEfC6E455ADe474c8Add67A2,0x833589fCD6eDb6E08f4c7C32D4f71b54bdA02913,0xC19669A405067927865B40Ea045a2baabbbe57f5,0x940181a94A35A4569E4529A3CDfB74e38FD98631,18,6,18,616531,447879025948840408,0.616531,0.4478790259488404,447879025949456939,3933426,102687880005151302274582,102687.8800051513,0.0,0,0,0,nan,1789603200
CL-USDC/CHAMP,0.00032411244791778353,0x58c5649e6BC93969f4530673E8892faf762Cc7E7,0x0e956C897bBFCbd2155D3DfdD27c87fa5A0FaD39,0x833589fCD6eDb6E08f4c7C32D4f71b54bdA02913,0xEb6d78148F001F3aA2f588997c5E102E489Ad341,0x940181a94A35A4569E4529A3CDfB74e38FD98631,18,6,18,9043,12097092204217126322,0.009043,12.097092204217127,12097092204217135365,12580438794725,1869959984439009402943,1869.9599844390095,0.0,0,0,0,nan,0
CL-WETH/uADA,9.544293546372611e-06,0xB79C8a96D89f5CCa7B907D3d1229b61373C3D439,0xC397805B44426d10a304D339D405f35d69A2Eb1b,0x4200000000000000000000000000000000000006,0xa3A34A0D9A08CCDDB6Ed422Ac0A28a06731335aA,0x940181a94A35A4569E4529A3CDfB74e38FD98631,18,18,18,2302783422396058,18869583160489746507,0.002302783422396058,18.869583160489746,18871885943912142565,0,55065601849342014550,55.065601849342016,0.0,0,0,0,nan,0
CL-LUM/WETH,3.723539834194921e-05,0x80FDA26eEf8eAEfBbB2c75b84bF351c99c2a6D47,0x930b91c3DDd7D344ef8d599D1D6D68b17bb14c16,0x0fD7a301B51d0A83FCAf6718628174D527B373b6,0x4200000000000000000000000000000000000006,0x940181a94A35A4569E4529A3CDfB74e38FD98631,18,18,18,3847819958884249,9539938365744,0.003847819958884249,9.539938365744e-06,3857359897249993,1445293609818,214828851379858560582,214.82885137985858,0.0,0,0,0,nan,0
CL-WETH/AIXBT,0.026322058185984945,0x22A52bB644f855ebD5ca2edB643FF70222D70C31,0xC23924a846eca931Ec3014253E94f15b038bd0C8,0x4200000000000000000000000000000000000006,0x4F9Fd6Be4a90f2620860d680c0d4d5Fb53d1A825,0x940181a94A35A4569E4529A3CDfB74e38FD98631,18,18,18,3353818736711056,379840470831412939186,0.003353818736711056,379.8404708314129,379843824650149650242,1021691835927223,151864563771252894146520,151864.5637712529,0.0,0,0,0,nan,0
CL-SEKOIA/WETH,0.00022532593245075839,0x52f38A65DAb3Cf23478cc567110BEC90162aB832,0x0592D3036ed8BFDF4545410EDfc7F075227324A2,0x1185cB5122Edad199BdBC0cbd7a0457E448f23c7,0x4200000000000000000000000000000000000006,0x940181a94A35A4569E4529A3CDfB74e38FD98631,18,18,18,15542862410048298008052,1105321612152609,15542.862410048298,0.001105321612152609,15542863515369910160661,0,1300013251099223533272,1300.0132510992237,0.0,0,0,0,nan,0
CL-cbBTC/LBTC,0.000514832589579191,0xA44D3Bb767d953711EA4Bce8C0F01f4d7D299aF6,0xc3f97660D0b47F0E05C3c513f73eeff7c1bd6c7a,0xcbB7C0000aB88B473b1f5aFd9ef808440eed33Bf,0xecAc9C5F704e954931349Da37F60E39f515c11c1,0x940181a94A35A4569E4529A3CDfB74e38FD98631,18,8,8,5262,491,5.262e-05,4.91e-06,5753,19983381622083,2970315849894194519243,2970.315849894195,0.0,0,0,0,nan,0
CL-USDC/AVAIL,0.0005236850459910791,0xFf0df9b15C29542fa5d7eFe169452507b4d648C2,0x63F2328a30DFbf8dDC137318181D887d98d06514,0x833589fCD6eDb6E08f4c7C32D4f71b54bdA02913,0xd89d90d26B48940FA8F58385Fe84625d468E057a,0x940181a94A35A4569E4529A3CDfB74e38FD98631,18,6,18,252705,97395896971131871486,0.252705,97.39589697113188,97395896971132124191,20327279750217,3021389911876597346818,3021.3899118765976,0.0,0,0,0,nan,0
CL-WETH/DOGE,4.923719839378285e-05,0x03Cd22d89bba07b109b869DA1B5fD344d0Ad6B40,0x8118696CDb46892a6314b70c71B2fBcD2EcD5E5d,0x4200000000000000000000000000000000000006,0x67f0870BB897F5E1c369976b4A2962d527B9562c,0x940181a94A35A4569E4529A3CDfB74e38FD98631,18,18,18,9314320363998826,8732361509423406111428,0.009314320363998827,8732.361509423406,8732370823743770110254,0,284072985575716204008,284.0729855757162,0.0,0,0,0,nan,0
CL-WETH/PEPE,0.001375997216929126,0x47f6F4b438B9D91E7387d6c1CF953A86BF5de1A5,0x16cb808aEB948836695d5033a8CAC675f916835A,0x4200000000000000000000000000000000000006,0x52b492a33E447Cdb854c7FC19F1e57E8BfA1777D,0x940181a94A35A4569E4529A3CDfB74e38FD98631,18,18,18,2670647495478433,1245803827429784969289433678,0.002670647495478433,1245803827.429785,1245803827432455616784912111,0,7938787142817817171493,7938.787142817817,0.0,0,0,0,nan,0
CL-USDS/USDC,8.565625092919121e-05,0xA441378a1CB4DF371535296e539a1E0deF6924e4,0xe2a2B1D8AA4bD8A05e517Ccf61E96A727831B63e,0x820C137fa70C8691f0e44Dc420a5e53c168921Dc,0x833589fCD6eDb6E08f4c7C32D4f71b54bdA02913,0x940181a94A35A4569E4529A3CDfB74e38FD98631,18,18,6,2126873855928155,19698,0.002126873855928155,0.019698,2126873855947853,5404535494058,494191946911230658891,494.1919469112307,4.6203344618544986e-21,2.283332083084928,0,2.283332083084928,216.434547813801,1789603200
CL-cbBTC/superOETHb,0.0009348393263041673,0x4d9199269D4F89a367965e90d07D6F4AF7750eD0,0x0c240E7B77FF16839bCf9E9CE15193Baf4CA5911,0xcbB7C0000aB88B473b1f5aFd9ef808440eed33Bf,0xDBFeFD2e8460a6Ee4955A68582F85708BAEA60A3,0x940181a94A35A4569E4529A3CDfB74e38FD98631,18,8,18,61,1770201592235,6.1e-07,1.770201592235e-06,1770201592296,36286309360118,5393535926494722320150,5393.535926494723,2.4522477706293776e-22,1.322628645155614,0,1.322628645155614,4077.891361456296,1789603200
CL-WETH/MOXIE,2.5815163311643752e-05,0x8A86610952343bEff5f1A906Fd5Bd9185c031A90,0xe6813B3271803DC1C083EC5E605d68926757cA92,0x4200000000000000000000000000000000000006,0x8C9037D1Ef5c6D1f6816278C7AAF5491d24CD527,0x940181a94A35A4569E4529A3CDfB74e38FD98631,18,18,18,214466044937650,26747861747672950676797,0.00021446604493765,26747.861747672952,26747861962138995614447,0,148940044403284255950,148.94004440328425,0.0,0,0,0,nan,0
CL-WETH/FAI,0.04392061981869472,0x28A9eC9928A689410e82E579FD9418FbBF6452F3,0x093b5fa753c6a4C94B0aE98326919A5e241901a0,0x4200000000000000000000000000000000000006,0xb33Ff54b9F7242EF1593d2C9Bcd8f9df46c77935,0x940181a94A35A4569E4529A3CDfB74e38FD98631,18,18,18,18015422548835104,16262075447215501775065,0.018015422548835106,16262.075447215502,16262093462638050610169,1704803331637819,253399096765180714340868,253399.0967651807,0.0,0,0,0,nan,0
CL-uSHIB/WETH,4.325112910289039e-07,0x83212D59403D96A95Fd750d5b6880F77d0CAb337,0xbE1F88D873Ed7Cb52160e5C3aaf6bB04bc0aF982,0x239b9C1F24F3423062B0d364796e07Ee905E9FcE,0x4200000000000000000000000000000000000006,0x940181a94A35A4569E4529A3CDfB74e38FD98631,18,18,18,2996341316229793467333323,20197472405121871,2996341.3162297932,0.02019747240512187,2996341336427265872455194,0,2495364840930963729,2.495364840930964,0.0,0,0,0,nan,0
CL-WETH/uLINK,0.0004495243994864569,0xFd4F716cb3c493aFDDd40C67d3f42426aEb2d902,0xfd4fbaF8B074e7c275b9fCA2de88A912cAeEA9c3,0x4200000000000000000000000000000000000006,0xd403D1624DAEF243FbcBd4A80d8A6F36afFe32b2,0x940181a94A35A4569E4529A3CDfB74e38FD98631,18,18,18,30706544804473,305665682211844,3.0706544804473e-05,0.000305665682211844,336372227016317,17448540049309,2593521614084628443239,2593.5216140846283,0.0,0,0,0,nan,0
CL-eBTC/cbBTC,1.797463182079363e-07,0xD64C5b0C64748445b625076dA10c4168D6289db2,0xEd7AF8228b789c00657d4F0019F8aad0222751Ae,0x657e8C867D8B37dCC18fA4Caead9C45EB088C642,0xcbB7C0000aB88B473b1f5aFd9ef808440eed33Bf,0x940181a94A35A4569E4529A3CDfB74e38FD98631,18,8,8,967,971,9.67e-06,9.71e-06,1938,0,1037042620727556399,1.0370426207275563,0.0,0,0,0,nan,0
CL-AERO/CHAMP,4.955483524863118e-10,0xee16Ce7cf7F4714C9Fc20463ab6c5223E826A2eb,0x869305781fff479f0311974d55FeeB6Fc9DE96a2,0x940181a94A35A4569E4529A3CDfB74e38FD98631,0xEb6d78148F001F3aA2f588997c5E102E489Ad341,0x940181a94A35A4569E4529A3CDfB74e38FD98631,18,18,18,36865114010413388157,8010021043394755941557,36.865114010413386,8010.021043394756,8046886157405169329714,0,2859055847614782,0.002859055847614782,0.0,0,0,0,nan,0
CL-WETH/CHAMP,0.0013057062681418915,0x5535B3174F3d335C87475e54D3682099C1F9fB70,0xB9E4E0368A9F281584C9adB685e6C9F4b9F37dBb,0x4200000000000000000000000000000000000006,0xEb6d78148F001F3aA2f588997c5E102E489Ad341,0x940181a94A35A4569E4529A3CDfB74e38FD98631,18,18,18,4928763560853758,5177022739474800557014,0.004928763560853758,5177.022739474801,5177027668238361410772,0,7533244985011762886094,7533.244985011763,0.0,0,0,0,nan,0
CL-WETH/ZEREBRO,4.600466822674596e-09,0xcBD3c500a97538ACa280a280799176D1eAc04DE4,0xfc6087cD934B4FFa50118457Cc16b8537eC55873,0x4200000000000000000000000000000000000006,0xD2e92077ad4d7d50D7d60be13FffE3FB52cc0B9f,0x940181a94A35A4569E4529A3CDfB74e38FD98631,18,18,18,42334042301321708,1757822507818438393345,0.042334042301321706,1757.8225078184385,1757864841860739715053,0,26542297043534040,0.02654229704353404,0.0,0,0,0,nan,0
CL-WETH/COOKIE,0.0011792680771311962,0xE8833415Bd6Aee9c0c7B6aaD7DC80421C3F28ca1,0x282ece21a112950f62EC4493E2Bd2b27a74c7937,0x4200000000000000000000000000000000000006,0xC0041EF357B183448B235a8Ea73Ce4E4eC8c265F,0x940181a94A35A4569E4529A3CDfB74e38FD98631,18,18,18,2099958555168750504,363982469129926588621273,2.0999585551687505,363982.4691299266,363984569088481757371777,0,6803762488385060527902,6803.76248838506,0.0,0,0,0,nan,0
CL-EMP/WETH,0.001995701492263503,0xb0f400ded843b39370B059aD49AcFF6eB7365EEF,0x72Ef9Eef04485fC4dE5Bb9205498e3d649A06596,0x39D5313C3750140E5042887413bA8AA6145a9bd2,0x4200000000000000000000000000000000000006,0x940181a94A35A4569E4529A3CDfB74e38FD98631,18,18,18,3318757687111684,529295200831741,0.003318757687111684,0.000529295200831741,3848052887943425,77465034264751,11514157988663927252357,11514.157988663928,0.0,0,0,0,nan,0
CL-WETH/LAY,1.0264882880884132e-06,0xEDA5C8f08e92E6983Ae29aB2D5Dc244342bF70c8,0x7946898CDBe3246a55C596D2d602A7394011fDDE,0x4200000000000000000000000000000000000006,0xb89D354AD1b0d95a48b3De4607F75a8cD710c1bA,0x940181a94A35A4569E4529A3CDfB74e38FD98631,18,18,18,991727283231946,5047210806460569561395,0.000991727283231946,5047.21080646057,5047211798187852793341,0,5922302693253995544,5.922302693253996,0.0,0,0,0,nan,0
CL-WETH/Anon,0.0011569413511173668,0x1807af3897aA6419E770D4642dF7B8b06E542C02,0xeCa59A0fBD6498B4d3d6E4143a30C2E8d8F68686,0x4200000000000000000000000000000000000006,0x79bbF4508B1391af3A0F4B30bb5FC4aa9ab0E07C,0x940181a94A35A4569E4529A3CDfB74e38FD98631,18,18,18,1,656495084144704496,1e-18,0.6564950841447045,656495084144704497,42207230618109,6674948909956920128249,6674.94890995692,8.404657999697665e-20,561.0066275364263,0,561.0066275364263,11.89816408991267,1789603200
CL-WETH/ACOLYT,5.956359336015335e-06,0x984FaEED533D60B53F142ad76b629D64849ea507,0x792F8CAB72d9B67cc310C8dBd2A87b9FDC327Fb7,0x4200000000000000000000000000000000000006,0x79dacb99A8698052a9898E81Fdf883c29efb93cb,0x940181a94A35A4569E4529A3CDfB74e38FD98631,18,18,18,127390252205256,5219455923067703796259,0.000127390252205256,5219.455923067704,5219456050457956001515,0,34365090519799353914,34.36509051979935,0.0,0,0,0,nan,0
CL-WETH/AION,6.828803437271632e-05,0x1d6aaA7ae38856fFfc37e5e3C99D1c392631f450,0x41aD48761d843B7b2c33fE4aAd944Ab229599dF8,0x4200000000000000000000000000000000000006,0xfc48314ad4aD5bD36a84E8307b86A68A01D95d9C,0x940181a94A35A4569E4529A3CDfB74e38FD98631,18,18,18,5172039254845381,828680752994057461804,0.005172039254845381,828.6807529940575,828685925033312307185,0,393986385013411524612,393.98638501341156,0.0,0,0,0,nan,0
CL-WETH/DRV,0.01963223238320274,0xA0e2bac96aB51c92d3284781AeE1EEc817F6F9C2,0x1aA9609DdfBA43CDa2e5872722f3463b31247444,0x4200000000000000000000000000000000000006,0x9d0E8f5b25384C7310CB8C6aE32C8fbeb645d083,0x940181a94A35A4569E4529A3CDfB74e38FD98631,18,18,18,4746190576584789416,92907666493158484051882,4.746190576584789,92907.66649315848,92912412683735068841298,0,113267753823232644595016,113267.75382323265,0.0,0,0,0,nan,0
CL-WETH/DKING,9.698906150605097e-07,0x18D9600F64149AC0dB8517a74D0827b57960C4d3,0x16fe97736520c893E57807fC2d6B08030bDa96f1,0x4200000000000000000000000000000000000006,0x57eDc3F1fd42c0D48230e964b1C5184B9c89B2ed,0x940181a94A35A4569E4529A3CDfB74e38FD98631,18,18,18,74493591886379,215081698550601088649,7.4493591886379e-05,215.0816985506011,215081773044192975028,0,5595763603334839960,5.595763603334841,0.0,0,0,0,nan,0
CL-USDC/TRUMP,2.94500677985474e-06,0x0c40e7F5b43f6759060a3c4D2fb406DFecF03B57,0x0c1D14b66e74FBB35d53A0c97Dbe93fa8a97BbE7,0x833589fCD6eDb6E08f4c7C32D4f71b54bdA02913,0xc27468b12ffA6d714B1b5fBC87eF403F38b82AD4,0x940181a94A35A4569E4529A3CDfB74e38FD98631,18,6,18,3866113,1315543276679324136,3.866113,1.315543276679324,1315543276683190249,650,16991154976025171247,16.99115497602517,0.0,0,0,0,nan,1789603200
CL-WETH/VEIL,0.00034924304973531467,0x8caD4aF4c6b4dd0eFd195407498E55eB9C328CD3,0x40a844835DF0a7b09E2B4D4D85443714c473624d,0x4200000000000000000000000000000000000006,0x767A739D1A152639e9Ea1D8c1BD55FDC5B217D7f,0x940181a94A35A4569E4529A3CDfB74e38FD98631,18,18,18,3436719053360,1,3.43671905336e-06,1e-18,3436719053361,13557409083984,2014950465630198346207,2014.9504656301983,1.7642209782981692e-21,3.5548178816964597,0,3.5548178816964597,566.8224175435415,1789603200
CL-WETH/WELS,4.194052398218009e-07,0x39d8E6Ce85Be6fDb679b1515a0A8cbC919df948b,0x977EFe76abA185f61A70A67D491e780b205ed908,0x4200000000000000000000000000000000000006,0x7F62ac1e974D65Fab4A81821CA6AF659A5F46298,0x940181a94A35A4569E4529A3CDfB74e38FD98631,18,18,18,177014753019548,169992499755049756882,0.000177014753019548,169.99249975504975,169992676769802776430,0,2419749752807264060,2.4197497528072645,0.0,0,0,0,nan,0
CL-WETH/B3,0.19116391940939895,0xB099C658e784b41EE435d48a8eb67e8f27285C93,0x3B86cA918E7c114Cf8dDF69609E53bB4E7727237,0x4200000000000000000000000000000000000006,0xB3B32F9f8827D4634fE7d973Fa1034Ec9fdDB3B3,0x940181a94A35A4569E4529A3CDfB74e38FD98631,18,18,18,36010663631207482,177037598475650786141795,0.03601066363120748,177037.5984756508,177037634486314417349277,7415380737950080,1102916231883749190318666,1102916.2318837491,5.1387052224808504e-21,5667.561400739923,0,5667.561400739923,194.60154974937882,1789603200
CL-PONKE/USDC,0.0013877258452336214,0x0e62644261Fa9C5f2A068d133927Bb0678Ac042d,0x62005BbF01daBf943e0e05561b6ed93D36ABb257,0x4A0c64af541439898448659AEdcEC8E8e819FC53,0x833589fCD6eDb6E08f4c7C32D4f71b54bdA02913,0x940181a94A35A4569E4529A3CDfB74e38FD98631,18,18,6,16701363049249994973,511967,16.701363049249995,0.511967,16701363049250506940,53866421142701,8006455218335016245406,8006.455218335017,2.2248255802520527e-21,17.812966376894277,0,17.812966376894277,449.473436873514,1789603200
CL-WETH/LsETH,2.842052501358293e-05,0x04f8375dAd560480D6639B9600CD88ca594E2293,0x0fe62690cD3B234E1F1e206621e84b57f3b219A1,0x4200000000000000000000000000000000000006,0xB29749498954A3A821ec37BdE86e386dF3cE30B6,0x940181a94A35A4569E4529A3CDfB74e38FD98631,18,18,18,14254790500,59845026446,1.42547905e-08,5.9845026446e-08,74099816946,1103169463235,163971624211203352762,163.97162421120336,2.0615662037196394e-23,0.003380383588428338,0,0.003380383588428338,48506.80992905887,1789603200
CL-USDC/AAA,0.0026761869794785626,0xfd198524340203Da7896909941E92E5EF0D2B753,0x5ADA69FF0dd93F5538Adce7b5bF0B588fFA466e8,0x833589fCD6eDb6E08f4c7C32D4f71b54bdA02913,0xaaa843fb2916c0B57454270418E121C626402AAa,0x940181a94A35A4569E4529A3CDfB74e38FD98631,18,6,18,7672773,366212664401045744773,7.672773,366.21266440104574,366212664401053417546,0,15440204764276910643643,15440.204764276912,0.0,0,0,0,nan,0
CL-MXNe/USDC,1.2172678917958882e-07,0x256D96010e9D9801B1F4c2320B2AD44715c8078F,0xab205bb675a7DDAF1f5808da0D89bdbdC8F9F646,0x269caE7Dc59803e5C596c95756faEeBb6030E0aF,0x833589fCD6eDb6E08f4c7C32D4f71b54bdA02913,0x940181a94A35A4569E4529A3CDfB74e38FD98631,18,6,6,1,803,1e-06,0.000803,804,4724940042,702300162373939871,0.7023001623739399,0.0,0,0,0,nan,0
CL-oUSDT/WETH,0.041374760398471204,0x93617b2909a7c207E4180dE0E667ea80c9BdfE9e,0x3D7981a71dEe2e73656566f3003D3C6a19C45EE6,0x1217BfE6c773EEC6cc4A38b5Dc45B92292B6E189,0x4200000000000000000000000000000000000006,0x940181a94A35A4569E4529A3CDfB74e38FD98631,18,6,18,8234076,2817773943606204,8.234076,0.002817773943606204,2817773951840280,1606000318381171,238710814126210038249886,238710.81412621005,0.0,0,0,0,nan,0
CL-oUSDT/cbBTC,0.10065921401771569,0x85c99e6B9adaB159A33A999a6303933212ac091E,0x5743b100361F2d6b13282C731426215294689a71,0x1217BfE6c773EEC6cc4A38b5Dc45B92292B6E189,0xcbB7C0000aB88B473b1f5aFd9ef808440eed33Bf,0x940181a94A35A4569E4529A3CDfB74e38FD98631,18,6,8,9293776,10741,9.293776,0.00010741,9304517,3915066500071196,580751228431553191383343,580751.2284315532,0.0,0,0,0,nan,0
CL-WETH/KTA,0.0807247429273971,0x46D710c35BdfB800a18A820712310048Ef8B5256,0x6bf4D7E9cC3BF9fEA7ee88bA7cfde9626E77eFd4,0x4200000000000000000000000000000000000006,0xc0634090F2Fe6c6d75e61Be2b949464aBB498973,0x940181a94A35A4569E4529A3CDfB74e38FD98631,18,18,18,4416228048063643,132190421220424064200,0.004416228048063643,132.19042122042407,132194837448472127843,3146398413026246,465739714713610812778208,465739.7147136108,0.0,0,0,0,nan,0
CL-WETH/uBERA,6.278712575909187e-10,0x569f22aD5ce151AA4507AdF2302B79e5Ca6B4049,0xe75819C7dE5c3a3ac7ADBF94db0A2531596BA61F,0x4200000000000000000000000000000000000006,0x544F87A5aa41Fcd725EF7C78a37cd9C1c4bA1650,0x940181a94A35A4569E4529A3CDfB74e38FD98631,18,18,18,918048623096574,2114692144745441367,0.000918048623096574,2.114692144745441,2115610193368537941,0,3622490079036533,0.003622490079036533,0.0,0,0,0,nan,0
CL-DRB/WETH,0.19395388237540173,0x385B47e56b73eb6549378f78F7c7Cbc42C56C9e0,0x7a53fD90c6fb9Ffd8eebc668300Fe42e151cfA02,0x3ec2156D4c0A9CBdAB4a016633b7BcF6a8d68Ea2,0x4200000000000000000000000000000000000006,0x940181a94A35A4569E4529A3CDfB74e38FD98631,18,18,18,165143403530761567157631,14609809424067407,165143.40353076157,0.014609809424067408,165143418140570991225038,7557829282844011,1119012864820894009811483,1119012.8648208939,0.0,0,0,0,nan,0
CL-USDC/cbBTC,1.1488125188513343,0x3e66e55e97ce60096f74b7C475e8249f2D31a9fb,0x9B55cb6cAe1e303B5EDce6F9fcf90246D382809c,0x833589fCD6eDb6E08f4c7C32D4f71b54bdA02913,0xcbB7C0000aB88B473b1f5aFd9ef808440eed33Bf,0x940181a94A35A4569E4529A3CDfB74e38FD98631,18,6,8,225505953,272038,225.505953,0.00272038,225777991,44580468198440722,6628049782338244102667943,6628049.782338244,0.0,0,0,0,nan,0
CL-CADC/USDC,0.02652198563446514,0x09Da4832d34BeBBB55783340d5bede7A70F5c48e,0xc420F795B3A10E736975A43Ed4b87b913d041EfC,0x043eB4B75d0805c43D7C834902E335621983Cf03,0x833589fCD6eDb6E08f4c7C32D4f71b54bdA02913,0x940181a94A35A4569E4529A3CDfB74e38FD98631,18,18,6,20976935277008205317,2243642,20.976935277008206,2.243642,20976935277010448959,1027068673682707,153018041000685896962980,153018.04100068592,0.0,0,0,0,nan,0
CL-yTRYB/USDC,0.0005648765741947835,0xE98654b21d013EfF949A6D8ff80A9b23B284f8dd,0x7Cb174B263dCeb4f730265e8277ee33BfB693C72,0x1A9Be8a692De04bCB7cE5cDDD03afCA97D732c62,0x833589fCD6eDb6E08f4c7C32D4f71b54bdA02913,0x940181a94A35A4569E4529A3CDfB74e38FD98631,18,8,6,1369323951,1110511,13.69323951,1.110511,1370434462,0,3259043571690234216643,3259.0435716902343,0.0,0,0,0,nan,0
CL-IDRX/USDC,0.0006510696074969021,0x9cadc7e36191C8B40d0D02b830DC32CE2242D27b,0xcd3F046D0Abc3b9B057476e323317b4c5FD1b850,0x18Bc5bcC660cf2B9cE3cd51a404aFe1a0cBD3C22,0x833589fCD6eDb6E08f4c7C32D4f71b54bdA02913,0x940181a94A35A4569E4529A3CDfB74e38FD98631,18,2,6,498084,28,4980.84,2.8e-05,498112,25272047623283,3756332473266968028173,3756.332473266968,1.229507012964962e-22,0.4618437118909758,0,0.4618437118909758,8133.341164020653,1789603200
CL-USDC/LsETH,7.228068516601852e-09,0x98eCc8425cc4C3f30dD4EF02360B05698008a8fc,0x9966c25d5EEbB6C648b34d60c5057Ea1b05b551A,0x833589fCD6eDb6E08f4c7C32D4f71b54bdA02913,0xB29749498954A3A821ec37BdE86e386dF3cE30B6,0x940181a94A35A4569E4529A3CDfB74e38FD98631,18,6,18,19799,7338230874695,0.019799,7.338230874695e-06,7338230894494,1,41702190019735065,0.04170219001973506,0.0,0,0,0,nan,0
CL-LsETH/cbBTC,1.1394691403032926e-05,0x4796eda5A091B8Ca92EFA7d7Ee6f4De113A626FE,0x8016E3AfB222702CAF92783582869149AA9C1282,0xB29749498954A3A821ec37BdE86e386dF3cE30B6,0xcbB7C0000aB88B473b1f5aFd9ef808440eed33Bf,0x940181a94A35A4569E4529A3CDfB74e38FD98631,18,18,8,2273710261875503,8885,0.002273710261875503,8.885e-05,2273710261884388,0,65741433553665290083,65.74143355366529,0.0,0,0,0,nan,0
CL-PROMPT/cbBTC,0.0005909485078740117,0x41D60eD9C8327EA0c6b16a44343c177E0402FeeA,0x6d5EBd01df7091d15FFd730281e71715160B1587,0x30c7235866872213F68cb1F08c37Cb9eCCB93452,0xcbB7C0000aB88B473b1f5aFd9ef808440eed33Bf,0x940181a94A35A4569E4529A3CDfB74e38FD98631,18,18,8,1369863286815661216,40,1.3698632868156613,4e-07,1369863286815661256,22938450925393,3409465047354975513084,3409.4650473549755,2.9721068569560617e-21,10.133294445795746,0,10.133294445795746,336.4616577158227,1789603200
CL-USDC/CTX,0.016701021851466227,0x562d63bFCea2eae8be3265B1f841D42Af6DdE0B7,0x09f0FCCB52931ac063290E1498f391680573E74d,0x833589fCD6eDb6E08f4c7C32D4f71b54bdA02913,0xBB22Ff867F8Ca3D5F2251B4084F6Ec86D4666E14,0x940181a94A35A4569E4529A3CDfB74e38FD98631,18,6,18,63690,1091700079204878174,0.06369,1.091700079204878,1091700079204941864,648272336826793,96356196011963764806007,96356.19601196377,0.0,0,0,0,nan,0
CL-MOCA/USDC,0.0005902427256559902,0xbf4f004307F623C2Fa2c6cf8Ce8095200e389B13,0x5f42dc8b628b61F268BB832cBF04780a18CF6dD8,0x2B11834Ed1FeAEd4b4b3a86A6F571315E25A884D,0x833589fCD6eDb6E08f4c7C32D4f71b54bdA02913,0x940181a94A35A4569E4529A3CDfB74e38FD98631,18,18,6,1142620778991767450,7033,1.1426207789917675,0.007033,1142620778991774483,22911055051546,3405393051620446942927,3405.3930516204473,0.0,0,0,0,nan,0
CL-WETH/uHBAR,0.0019050632302279873,0x006B41C8B19E73324808ecE954DDDfF978c9c8F3,0x760E67cD9Ef0B4b14a804b3C20fBf762A3e94117,0x4200000000000000000000000000000000000006,0xc79e06860Aa9564f95E08fb7E5b61458d0C63898,0x940181a94A35A4569E4529A3CDfB74e38FD98631,18,18,18,4430269185101832,97503922035649358515,0.004430269185101832,97.50392203564935,97508352304834460347,0,10991222432950541827190,10991.222432950542,0.0,0,0,0,nan,0
CL-WETH/Base is for everyone,0.0009442883133366385,0x9aa26B650357bF9cc5439123BCd7e0C0200d90e6,0x78495D7753540ebEAc1fB45A27fB790868cB811e,0x4200000000000000000000000000000000000006,0xD769d56f479E9E72a77bB1523e866A33098Feec5,0x940181a94A35A4569E4529A3CDfB74e38FD98631,18,18,18,44429502876092,289349956961246887159,4.4429502876092e-05,289.3499569612469,289350001390749763251,36654226473075,5448051659406918760167,5448.051659406919,7.558797940578203e-21,41.18072166328868,0,41.18072166328868,132.29616770566906,1789603200
CL-WETH/HYPER,0.0007238597620976171,0x29AF315b3Bd7566005f14d81C582b59E1C632fFd,0x29C4ff5Cfb44a14974cCC2447e9555f753B3489D,0x4200000000000000000000000000000000000006,0xC9d23ED2ADB0f551369946BD377f8644cE1ca5c4,0x940181a94A35A4569E4529A3CDfB74e38FD98631,18,18,18,3082858090226,1,3.082858090226e-06,1e-18,3082858090227,28097577722090,4176293746704370107290,4176.29374670437,5.825104486520237e-22,2.432734744095404,0,2.432734744095404,1716.707403814096,1789603200
CL-USDC/TRYB,0.001150722089553633,0xeAd784aFe3Bdf564367D36DeBD3619a31ef2bd6a,0x2420CBAC5cA9DA04344A8752395912B87a2f4A2e,0x833589fCD6eDb6E08f4c7C32D4f71b54bdA02913,0xFb8718a69aed7726AFb3f04D2Bd4bfDE1BdCb294,0x940181a94A35A4569E4529A3CDfB74e38FD98631,18,6,6,584,116083,0.000584,0.116083,116667,44666805700135,6639067010536963185227,6639.067010536963,0.0,0,0,0,nan,1789603200
CL-ZORA/USDC,0.7424118655677311,0x3f53f1Fd5b7723DDf38D93a584D280B9b94C3111,0xaDEfE661847835C6566b1caAbECfcF09C586F300,0x1111111111166b7FE7bd91427724B487980aFc69,0x833589fCD6eDb6E08f4c7C32D4f71b54bdA02913,0x940181a94A35A4569E4529A3CDfB74e38FD98631,18,18,6,5231762351151722606673,27510936,5231.762351151722,27.510936,5231762351151750117609,28812875245933423,4283329719371132194172190,4283329.719371133,4.806542318336704e-21,20588.005559546626,0,20588.005559546626,208.049765043169,1789603200
CL-USDC/rETH,5.533798001645072e-06,0xcb1F3E1A6BB8A0e2D97bDC9d48DB093B2C0095f9,0xF3616d12202831496fEA710eB652918550687Cbe,0x833589fCD6eDb6E08f4c7C32D4f71b54bdA02913,0xB6fe221Fe9EeF5aBa221c348bA20A1Bf5e73624c,0x940181a94A35A4569E4529A3CDfB74e38FD98631,18,6,18,190,1,0.00019,1e-18,191,214801716563,31927131745553250780,31.927131745553254,3.607399267395994e-23,0.0011517391166896418,0,0.0011517391166896418,27720.801770907146,1789603200
CL-USDC/RIZE,0.12372306285601048,0xEa5cb64754Ad7aA24F7A6BBe3b724F29B4f822B8,0xE590B6913D090A012BDBBd9c58A9f0D7309C9356,0x833589fCD6eDb6E08f4c7C32D4f71b54bdA02913,0x9818B6c09f5ECc843060927E8587c427C7C93583,0x940181a94A35A4569E4529A3CDfB74e38FD98631,18,6,18,6641634,3301314535811527986252,6.641634,3301.314535811528,3301314535811534627886,4802506725346243,713817621567128227418495,713817.6215671281,8.373117112200233e-21,5976.878542133791,0,5976.878542133791,119.42983557974223,1789603200
CL-WETH/GIZA,0.00011941643759540507,0x3C589883d42D5D45b50b9Fff4f07D990A1242A3F,0x1B5dD992cbd0De7a9B44A8736866214D093d2942,0x4200000000000000000000000000000000000006,0x590830dFDf9A3F68aFCDdE2694773dEBDF267774,0x940181a94A35A4569E4529A3CDfB74e38FD98631,18,18,18,2018787683622,2535018456951277623,2.018787683622e-06,2.5350184569512777,2535020475738961245,4635338241958,688970637265713268011,688.9706372657132,0.0,0,0,0,nan,0
CL-GIZA/USDC,0.005399985424133209,0xe077DdFb9E9d9403A8eC42D3023D17e8417ee399,0xe9d34ea7240cD470Ef9e8A797c442c41E090117a,0x590830dFDf9A3F68aFCDdE2694773dEBDF267774,0x833589fCD6eDb6E08f4c7C32D4f71b54bdA02913,0x940181a94A35A4569E4529A3CDfB74e38FD98631,18,18,6,144772811573421093988510,1081793634,144772.8115734211,1081.793634,144772811573422175782144,0,31155102880357364713829,31155.102880357364,0.0,0,0,0,nan,0
CL-MAMO/cbBTC,0.006250507900708248,0xE2B3aA806e56603a244bFc111c9474F7DeDD03db,0x219A387d97D62cF1A9f853D41a4D13BB71EA818C,0x7300B37DfdfAb110d83290A29DfB31B1740219fE,0xcbB7C0000aB88B473b1f5aFd9ef808440eed33Bf,0x940181a94A35A4569E4529A3CDfB74e38FD98631,18,18,8,1332109645065650365592,5277,1332.1096450656503,5.277e-05,1332109645065650370869,242623368166340,36062174507130333210400,36062.17450713033,0.0,0,0,0,nan,0
CL-NATION/WETH,0.0001247552035691207,0xE8898C5653f5843f4979c8e11f575C3EC1D48FC0,0xa9AC50eb0f10FB68C309073763bBbB1EB24e69a8,0x2f74f818e81685c8086Dd783837a4605a90474B8,0x4200000000000000000000000000000000000006,0x940181a94A35A4569E4529A3CDfB74e38FD98631,18,18,18,235665256863633108493015,315149789253155,235665.2568636331,0.000315149789253155,235665257178782897746170,0,719772535808237701029,719.7725358082378,0.0,0,0,0,nan,0
CL-WETH/noice,0.0035076743522409123,0x9Ea86AA9f7203da077371bb2F82ec555E6E22f81,0x3e2B0d294BeE08c601483B97f758824A81f81d25,0x4200000000000000000000000000000000000006,0x9Cb41FD9dC6891BAe8187029461bfAADF6CC0C69,0x940181a94A35A4569E4529A3CDfB74e38FD98631,18,18,18,81319035336608,7787647148341537510911,8.1319035336608e-05,7787.647148341537,7787647229660572847519,136155937931853,20237453758016049614655,20237.45375801605,7.910397043865381e-21,160.0862943827725,0,160.0862943827725,126.41590484709151,1789603200
CL-WETH/JKL,5.448376985000954e-07,0x30e8b965852FFB425AAc5B265Dd985aB43123c3d,0x473A8A08738AD2C04B4B2b3A7eEe2a3124aE79b6,0x4200000000000000000000000000000000000006,0x4eeD0d2deb4C588393c80869B122327581B0D98e,0x940181a94A35A4569E4529A3CDfB74e38FD98631,18,18,6,2467451283974406,2692220061,0.002467451283974406,2692.220061,2467453976194467,120,3143429697792618550,3.1434296977926186,0.0,0,0,0,nan,1789603200
CL-cbLTC/cbBTC,0.19028162904408366,0x6044c817e55A03DAdc5F6b8B7045aF1985aE90fA,0x3De827C30391B6C75Af11a946adAA83733b9EE62,0xcb17C9Db87B595717C857a08468793f5bAb6445F,0xcbB7C0000aB88B473b1f5aFd9ef808440eed33Bf,0x940181a94A35A4569E4529A3CDfB74e38FD98631,18,8,8,7535264,46552,0.07535264,0.00046552,7581816,7426207719108300,1097825876087805923287901,1097825.876087806,6.14502983082277e-22,674.6172757608709,0,674.6172757608709,1627.331400384932,1789603200
CL-WETH/WOO,0.24811517923627502,0xAD06a870Fc2198398c18a6f2cA035Bf795EdEeFe,0xe75880892CC7B8F7D64614345c5422c3cc4FA41A,0x4200000000000000000000000000000000000006,0xF3df0A31ec5EA438150987805e841F960b9471b6,0x940181a94A35A4569E4529A3CDfB74e38FD98631,18,18,18,3408430836118700,1108579081385505452306,0.0034084308361187,1108.5790813855056,1108582489816341571006,9634664484924491,1431495333438842102229878,1431495.333438842,3.1672463522089696e-22,453.3898373038335,0,453.3898373038335,3157.316762880028,1789603200
CL-SEDA/WETH,0.007052108957370022,0x681D6e4B0b020656cA04956dDAf76aDd7EF022F6,0x82F40418147828bcC8f0F1F551685FC2f6768176,0x306aCd0c07c430AbBBb2e74Ef7bdE94F32A898c0,0x4200000000000000000000000000000000000006,0x940181a94A35A4569E4529A3CDfB74e38FD98631,18,18,18,18522124819080004855,19420885738018,18.522124819080005,1.9420885738018e-05,18522144239965742873,273753273640510,40686995025661547824186,40686.99502566155,2.8616921242714824e-21,116.43365322520864,0,116.43365322520864,349.44360069990955,1789603200
CL-SUPR/WETH,2.2863296131383512e-05,0x1c6511ef0ec38b5b91208D1A21eF9f9D1aA532B3,0xA6b01B70982BF3D288d84182b44632CE6E34f6F0,0x17906b1Cd88aA8EfaEfC5e82891B52a22219BD45,0x4200000000000000000000000000000000000006,0x940181a94A35A4569E4529A3CDfB74e38FD98631,18,18,18,9269879495651069421073,2990786956592973,9269.87949565107,0.002990786956592973,9269882486438026014046,0,131909308490710905149,131.9093084907109,0.0,0,0,0,nan,0
CL-TIG/USDC,0.09467071322126937,0x3F5E98C7ebfF35056ab4346BCcd722A537c1aEfA,0x03fDf6f0f980Aa6eb2bc5387a27883360414Bf6C,0x0C03Ce270B4826Ec62e7DD007f0B716068639F7B,0x833589fCD6eDb6E08f4c7C32D4f71b54bdA02913,0x940181a94A35A4569E4529A3CDfB74e38FD98631,18,18,6,10091941695171140311,4847586,10.09194169517114,4.847586,10091941695175987897,3669978846110155,546200698428532722498314,546200.6984285327,0.0,0,0,0,nan,0
CL-WETH/SYRUP,0.13178456758578153,0x7432aaB631B801a10BEF7d70c1507a32755595fa,0x152cF5b5Fa1A41D00140A83e39328D8C5F0cDdB8,0x4200000000000000000000000000000000000006,0x688AEe022AA544f150678B8E5720b6b96a9E9a2F,0x940181a94A35A4569E4529A3CDfB74e38FD98631,18,18,18,5040184140992690,88036234204873825584,0.00504018414099269,88.03623420487382,88041274389014818274,5110555065507935,760328304374539550818202,760328.3043745395,0.0,0,0,0,nan,0
CL-VCHF/USDC,0.007875701896471167,0x44B7CbBb1E326617d439a2966C4475e78b9D42E6,0x38B25d8551c8f4Dd17557Bb319c9f8D9846C48Eb,0x1fcA74D9ef54a6AC80ffE7D3b14e76c4330Fd5D8,0x833589fCD6eDb6E08f4c7C32D4f71b54bdA02913,0x940181a94A35A4569E4529A3CDfB74e38FD98631,18,18,6,9102902247953058,391497,0.009102902247953059,0.391497,9102902248344555,305708859611869,45438697249626497405381,45438.6972496265,0.0,0,0,0,nan,0
CL-VIRTUAL/MAMO,0.018805429793660754,0x4A021bA3ab1F0121e7DF76f345C547db86Cb3468,0xa1d2b60242f36Df5Ce0Bc09a7AC2DE0943F52059,0x0b3e328455c4059EEb9e3f84b5543F74E24e7E1b,0x7300B37DfdfAb110d83290A29DfB31B1740219fE,0x940181a94A35A4569E4529A3CDfB74e38FD98631,18,18,18,1,1798880183570823809305,1e-18,1798.8801835708239,1798880183570823809306,722076873513883,108497533588228716814360,108497.53358822872,0.0,0,0,0,nan,0
CL-USDC/VGBP,1.1987081974394295e-06,0x02bC3eA058FD3aA62C8aA19912F1D0908685E7e1,0xa4972a1Bb2Eb82a7aF5d11bcf559534567de4536,0x833589fCD6eDb6E08f4c7C32D4f71b54bdA02913,0xAEB4bb7DebD1E5e82266f7c3b5cFf56B3A7BF411,0x940181a94A35A4569E4529A3CDfB74e38FD98631,18,6,18,661,480331260380908,0.000661,0.000480331260380908,480331260381569,46530219850,6915921855612751812,6.915921855612752,0.0,0,0,0,nan,0
CL-R1/USDC,0.00020821143512654344,0x81aA7644632479A621A3ADd22641aC1b41FaA5f4,0x28e9E379291dd5a7cD5BF1d2e41d03bD9cf101B7,0x6444C6c2D527D85EA97032da9A7504d6d1448ecF,0x833589fCD6eDb6E08f4c7C32D4f71b54bdA02913,0x940181a94A35A4569E4529A3CDfB74e38FD98631,18,18,6,139569930336565837110,52802182,139.56993033656585,52.802182,139569930336618639292,46020,1201271517001467745423,1201.2715170014678,0.0,0,0,0,nan,1789603200
CL-WETH/ZEN,3.365744806864169,0x0392B12a1cEb0cd13af5Ea448CF5586EA609852D,0x828622C92977a372Be19F24bC5c4B5021B4b06eC,0x4200000000000000000000000000000000000006,0xf43eB8De897Fbc7F2502483B2Bef7Bb9EA179229,0x940181a94A35A4569E4529A3CDfB74e38FD98631,18,18,18,361315119061980456,135397495871045976719,0.36131511906198044,135.39749587104598,135758810990107957175,130605257164847696,19418594216615608178452514,19418594.216615606,9.250078761154253e-22,17962.352593458883,0,17962.352593458883,1081.0718760574282,1789603200
CL-ZRO/ZEN,0.00711000106558967,0x82685574957fEf6ab359D8c1083401B492dCa0CF,0xAc7aa2b1eA5B8847FCa2A79D3DdC191aF96e4669,0x6985884C4392D348587B19cb9eAAf157F13271cd,0xf43eB8De897Fbc7F2502483B2Bef7Bb9EA179229,0x940181a94A35A4569E4529A3CDfB74e38FD98631,18,18,18,733773627498243062,108650753796191919,0.733773627498243,0.10865075379619192,842424381294434981,275988696357728,41021002332326354436457,41021.00233232635,6.495860717656392e-22,26.646671764944998,0,26.646671764944998,1539.441874549282,1789603200
CL-cbBTC/ZEN,2.2347035010278518,0x47f9e291bb766Fc307Ad7BBa4f29f3Eab6A97101,0xB6abC5598A53C8432F9C849528d9D30E30c205FA,0xcbB7C0000aB88B473b1f5aFd9ef808440eed33Bf,0xf43eB8De897Fbc7F2502483B2Bef7Bb9EA179229,0x940181a94A35A4569E4529A3CDfB74e38FD98631,18,8,18,637193,59352167346581110818,0.00637193,59.35216734658111,59352167346581748011,86710589030397037,12893075075807841750512590,12893075.075807843,1.0282273589893394e-21,13257.012534449173,0,13257.012534449173,972.5475511397748,1789603200
CL-ZORA/WETH,0.30139582749332133,0xAdB8Fb846DBD3Bd6A23335CEe65Bb610C1cf0ea3,0x6b82714e0e4964595A97fE2b1c3Ad03Dbb246fdF,0x1111111111166b7FE7bd91427724B487980aFc69,0x4200000000000000000000000000000000000006,0x940181a94A35A4569E4529A3CDfB74e38FD98631,18,18,18,2211707458807944692510,2765336258552185,2211.7074588079445,0.002765336258552185,2211710224144203244695,11736920456052678,1738896918369390995339702,1738896.918369391,3.982784308494291e-21,6925.65136057069,0,6925.65136057069,251.0806316744916,1789603200
CL-WETH/ADM,0.00090143315011659,0x304Bd2Fc8059CC38b09d6E9cdfE62A57A5f456bE,0xA5374a774f297310F5b7124b32836E2540675CB1,0x4200000000000000000000000000000000000006,0x55fF51DA774b8ce0ed1ABAeD1CB76236bc6b2f16,0x940181a94A35A4569E4529A3CDfB74e38FD98631,18,18,18,11367176801966351,24744274705914259917630,0.01136717680196635,24744.27470591426,24744286073091061883981,0,5200799692187131401304,5200.799692187132,0.0,0,0,0,nan,0
CL-WETH/AAA,4.762023903569975e-05,0xeE43F28bf16AbaA17D5874e57B3A8FfdC99ECBBA,0xeC465874335285521e8A9D97959c8B799862f107,0x4200000000000000000000000000000000000006,0xaaa843fb2916c0B57454270418E121C626402AAa,0x940181a94A35A4569E4529A3CDfB74e38FD98631,18,18,18,2035463984389,269861660394985504,2.035463984389e-06,0.2698616603949855,269863695858969893,1848473378620,274743972402959050792,274.74397240295906,1.5169620271651513e-20,4.167761733277992,0,4.167761733277992,65.9212282240688,1789603200
CL-WETH/A0X,7.710938777052017e-05,0x035D6b8ac7Fe438F8B3b52Eac81e346377f7509F,0x688da366bFe09A22f2AF5f54FC463c4E0c137a0f,0x4200000000000000000000000000000000000006,0x820C5F0fB255a1D18fd0eBB0F1CCefbC4D546dA7,0x940181a94A35A4569E4529A3CDfB74e38FD98631,18,18,18,1,1,1e-18,1e-18,2,2993152773312,444880998807055981928,444.88099880705596,4.7097793703863756e-21,2.095291350458358,0,2.095291350458358,212.32417091290694,1789603200
CL-WETH/MAMO,0.002459069767726893,0xAa067F08FeF60420d050A92E7800E588748B7d67,0x6165cEeE2Df1cB4811698be5BfEf218AA6414868,0x4200000000000000000000000000000000000006,0x7300B37DfdfAb110d83290A29DfB31B1740219fE,0x940181a94A35A4569E4529A3CDfB74e38FD98631,18,18,18,772236807441786,599619766383766605385,0.000772236807441786,599.6197663837667,599620538620574047171,95454268391667,14187551555438777539979,14187.551555438778,0.0,0,0,0,nan,0
CL-TOWNS/USDC,0.00019891743761685712,0xF099ceFE04717710dd2EC40f2e0c9C06134F5Eb5,0x83e1dd4273a7eeC62982f4e5B9AE3452f8fCC6f5,0x00000000A22C618fd6b4D7E9A335C4B96B189a38,0x833589fCD6eDb6E08f4c7C32D4f71b54bdA02913,0x940181a94A35A4569E4529A3CDfB74e38FD98631,18,18,6,9836869981667571467,38172,9.836869981667572,0.038172,9836869981667609639,7721423250066,1147649992896976011802,1147.649992896976,0.0,0,0,0,nan,0
CL-USDC/TOWER,0.001100671221198406,0xd59858F403aB4246Db7a29Aedf0BfD7573d9B8E5,0x391b58a68728d6aF0f4B91cf6cf729eB87fD90f3,0x833589fCD6eDb6E08f4c7C32D4f71b54bdA02913,0xf7C1CEfCf7E1dd8161e00099facD3E1Db9e528ee,0x940181a94A35A4569E4529A3CDfB74e38FD98631,18,6,18,87513,606444464234932670105,0.087513,606.4444642349326,606444464234932757618,243281,6350299573149181812617,6350.299573149182,0.0,0,0,0,nan,1789603200
CL-WETH/ENA,0.044309736974711515,0xc422BFB18F9FC217f955d759D3753F31137cCEFd,0x11EC04A8AD5df5c187470Ec941Ef26DEa7f9EBD1,0x4200000000000000000000000000000000000006,0x58538e6A46E07434d7E7375Bc268D3cb839C0133,0x940181a94A35A4569E4529A3CDfB74e38FD98631,18,18,18,5462544569298215,80444666494056548106,0.005462544569298215,80.44466649405655,80450129038625846321,1719941492957351,255644100052418555826057,255644.10005241857,1.6915557205480547e-21,432.4362398680279,0,432.4362398680279,591.1717762841448,1789603200
CL-WFRAX/WETH,0.0006181901505938523,0x2229B66a40Ece21d0B5d4e061CB35bc44CD623b5,0x03b16EcD57519243BA821196bfE019350C88835c,0x0CEAC003B0d2479BebeC9f4b2EBAd0a803759bbf,0x4200000000000000000000000000000000000006,0x940181a94A35A4569E4529A3CDfB74e38FD98631,18,18,18,724799025581409236,60437000777825,0.7247990255814092,6.0437000777825e-05,724859462582187061,23996506543417,3566635134846981458446,3566.6351348469816,3.227249323518867e-21,11.510420826173544,0,11.510420826173544,309.86140200337513,1789603200
CL-GAI/WETH,2.7788854438283197e-07,0x3A4eA0342da8841843cFE05495DccB1D9A746Ef2,0x1BEF11019be0c39d5A7A8788E3ed6B99d68a0c79,0x3489256FEBdb1dc930Dc3743617AD387Cd6D3568,0x4200000000000000000000000000000000000006,0x940181a94A35A4569E4529A3CDfB74e38FD98631,18,18,18,20160681095121838014,34484039317777,20.160681095121838,3.4484039317777e-05,20160715579161155791,61,1603272140481672848,1.603272140481673,0.0,0,0,0,nan,0
CL-USDC/DIEM,0.46112696150183774,0xBc3231036Ee1ECa03E5F67FEceDC640D21610823,0x2f63384822b36516aCd8A9C0645a01806B935c2d,0x833589fCD6eDb6E08f4c7C32D4f71b54bdA02913,0xF4d97F2da56e8c3098f3a8D538DB630A2606a024,0x940181a94A35A4569E4529A3CDfB74e38FD98631,18,6,18,281934135,84706084669449507,281.934135,0.08470608466944951,84706084951383642,17899728972381321,2660462352785407788993704,2660462.352785408,2.2955043145251193e-21,6107.102809450554,0,6107.102809450554,435.6341191224789,1789603200
CL-WETH/DIEM,1.0274852124017089e-09,0x9b5AFE0fea549Df6C1A56F3aee6426969B1ac323,0x968a4B8DEC71776009Ba68aD218D199c4649918c,0x4200000000000000000000000000000000000006,0xF4d97F2da56e8c3098f3a8D538DB630A2606a024,0x0000000000000000000000000000000000000000,18,18,18,0,0,0.0,0.0,0,0,5928054427213470,0.00592805442721347,0.0,0,0,0,nan,0
CL-USDC/VELVET,0.036626257089995076,0x6b0F53cbD9272D8117e9535FE25371dedF39a1bE,0xc632BA1757eb3245d8f81d0Ea2ED3DE456DFfB73,0x833589fCD6eDb6E08f4c7C32D4f71b54bdA02913,0xbF927b841994731C573BDF09ceB0c6B0Aa887cDd,0x940181a94A35A4569E4529A3CDfB74e38FD98631,18,6,18,3069500,56569326633220380802,3.0695,56.56932663322038,56569326633223450302,1420230799629417,211314423676315824882756,211314.42367631584,2.4030985163953426e-21,507.8093780294915,0,507.8093780294915,416.1294233995883,1789603200
CL-USDC/frxUSD,0.00093105490110119,0xD3d9f0f7D0d477e0A19222965B59233Ad7f6Bc6b,0x4A3Ee54B82c1aE22b81EEb95cA53f9F7234fEE5b,0x833589fCD6eDb6E08f4c7C32D4f71b54bdA02913,0xe5020A6d073a794B6E7f05678707dE47986Fb0b6,0x940181a94A35A4569E4529A3CDfB74e38FD98631,18,6,18,61202,72897110191206018,0.061202,0.07289711019120602,72897110191267220,36141327770001,5371701764495904797727,5371.701764495905,0.0,0,0,0,nan,0
CL-uPUMP/WETH,0.016218207745811127,0x777820ca027BdeE7D12Cae14355Da487328aE8d2,0xA41d7b78C7796289B6eC774A692BeF49Bc0e5271,0x20FbD133897Ef802e0235dB77bB19a071E257d41,0x4200000000000000000000000000000000000006,0x940181a94A35A4569E4529A3CDfB74e38FD98631,18,18,18,21934961945558049139696,19267921622720985,21934.96194555805,0.019267921622720986,21934981213479671860681,0,93570610134908010812977,93570.61013490801,0.0,0,0,0,nan,0
CL-FLOCK/USDC,0.551275304899849,0xd7338B6F338DA54b922bbBC6fBE3EFEDD5Ce35fa,0xfC0d4756FaD40dB4B71225DeF4eEC42e9c9EF070,0x5aB3D4c385B400F3aBB49e80DE2fAF6a88A7B691,0x833589fCD6eDb6E08f4c7C32D4f71b54bdA02913,0x940181a94A35A4569E4529A3CDfB74e38FD98631,18,18,6,897428374919615064186,63601112,897.4283749196151,63.601112,897428374919678665298,21403572596753644,3180571333173933437372687,3180571.3331739334,4.594078508157027e-21,14611.79440539471,0,14611.79440539471,217.6715087094066,1789603200
CL-WETH/USDC,0.003199267053962851,0xdbc6998296caA1652A810dc8D3BaF4A8294330f1,0x45C6e6A47a711B14D8357D5243F46704904578e3,0x4200000000000000000000000000000000000006,0x833589fCD6eDb6E08f4c7C32D4f71b54bdA02913,0x940181a94A35A4569E4529A3CDfB74e38FD98631,18,18,6,291659187058403389,675346922,0.2916591870584034,675.346922,291659187733750311,0,18458104305707408061627,18458.10430570741,0.0,0,0,0,nan,0
CL-WETH/cbBTC,0.00036428084522633974,0x22AEe3699b6A0fEd71490C103Bd4E5f3309891D5,0x83e2E9493996651ed63033d81f5052cBE2fEB6A1,0x4200000000000000000000000000000000000006,0xcbB7C0000aB88B473b1f5aFd9ef808440eed33Bf,0x940181a94A35A4569E4529A3CDfB74e38FD98631,18,18,8,294816186225460814,1313357,0.2948161862254608,0.01313357,294816186226774171,0,2101710711967689520348,2101.7107119676893,0.0,0,0,0,nan,0
CL-WETH/MEM,0.0002621938596724523,0x531a13a588C4188FdAE818D56CB91ECC4F6BDeAF,0x5f57a113eD5529A14B08006Bf788c3fe0cBfBfA4,0x4200000000000000000000000000000000000006,0x7750741868Cc4A865d9c0f619e6E642FD61F642f,0x940181a94A35A4569E4529A3CDfB74e38FD98631,18,18,18,1,1,1e-18,1e-18,2,10177739476475,1512721985542108550776,1512.7219855421085,8.88209321115809e-22,1.3436137678153148,0,1.3436137678153148,1125.8607360073124,1789603200
CL-AVNT/USDC,0.13235306503749764,0xe30d5BF485F7476AC15884a28ffb3C9cEA635DCB,0x26b130316314259fa5047656c6BB16fE521Ea082,0x696F9436B67233384889472Cd7cD58A6fB5DF4f1,0x833589fCD6eDb6E08f4c7C32D4f71b54bdA02913,0x940181a94A35A4569E4529A3CDfB74e38FD98631,18,18,6,205788758411680713174,13964213,205.7887584116807,13.964213,205788758411694677387,5153990045130532,763608238523302436359523,763608.2385233025,2.9771272170118566e-21,2273.3588700422056,0,2273.3588700422056,335.8942789833819,1789603200
CL-AVNT/USDC,0.24503371101313862,0xc4ed25e61cBdE561c982789f740E3e9A8C317100,0x658CeF587d3D9e31DEF560c19c199914c07a4826,0x696F9436B67233384889472Cd7cD58A6fB5DF4f1,0x833589fCD6eDb6E08f4c7C32D4f71b54bdA02913,0x940181a94A35A4569E4529A3CDfB74e38FD98631,18,18,6,322238869571299869246,20898649,322.23886957129986,20.898649,322238869571320767895,9511571282906656,1413716867022004213466221,1413716.8670220042,0.0,0,0,0,nan,0
CL-WETH/AUBRAI,5.9846155913734935e-05,0xE2b2A0faeB9e0725513ba166d7A2fE849E480C6D,0xEe9AFdf35D0d825AC4A89728bb16425ABE0E9Cfe,0x4200000000000000000000000000000000000006,0x9d56c29e820Dd13b0580B185d0e0Dc301d27581d,0x940181a94A35A4569E4529A3CDfB74e38FD98631,18,18,18,1,14819456341441796,1e-18,0.014819456341441797,14819456341441797,2323084851489,345281143936718275906,345.28114393671825,0.0,0,0,0,nan,0
CL-WETH/RETAKE,0.00038452416745842237,0x06c522A75A0413269FAE5069FF9B93D65C7c4B57,0x266F44F2BDE17b7A45489DFb0727Fe37451a50Cf,0x4200000000000000000000000000000000000006,0x5eeB2662615782b58251b6f0c3E107571ae1AB07,0x940181a94A35A4569E4529A3CDfB74e38FD98631,18,18,18,352138357450542,597428335360870382443683,0.000352138357450542,597428.3353608703,597428335713008739894225,0,2218504135883642989512,2218.504135883643,0.0,0,0,0,nan,0
CL-WETH/BID,0.008854896694407637,0x1024C20c048ea6087293f46D4a1C042CB6705924,0x57676415De17E1c684D1028B8a39D1AcF8D6a63d,0x4200000000000000000000000000000000000006,0xa1832f7F4e534aE557f9B5AB76dE54B1873e498B,0x940181a94A35A4569E4529A3CDfB74e38FD98631,18,18,18,463286141344389,160192842461342584759,0.000463286141344389,160.1928424613426,160193305747483929148,348157311721189,51088141141323363948223,51088.141141323365,4.589701330826044e-21,234.47930938576062,0,234.47930938576062,217.87910103946183,1789603200
CL-USDC/VNXAU,5.7143772543211345e-06,0xafF8b2C5EeECf3f19cf2066268a4B0B3d2F89E2D,0x9C6CbA0122111c5b2E7Cc4a273F97BF90FEFcf19,0x833589fCD6eDb6E08f4c7C32D4f71b54bdA02913,0xAc3FE22294beaED9d1FD752323a6d06D12Ff3098,0x940181a94A35A4569E4529A3CDfB74e38FD98631,18,6,18,35039,410390301684944,0.035039,0.000410390301684944,410390301719983,0,32968979964260959830,32.96897996426096,0.0,0,0,0,nan,0
CL-SYND/WETH,0.017668504205186755,0x50F8F7fFBD70c6C87b1668EEe4E03F5AC057DE3F,0xC2e94B700aDA596bF431Fc10558BA7Ab0c639914,0x11dC28D01984079b7efE7763b533e6ed9E3722B9,0x4200000000000000000000000000000000000006,0x940181a94A35A4569E4529A3CDfB74e38FD98631,18,18,18,2944399908073374692023,12234669650823934,2944.3999080733747,0.012234669650823935,2944412142743025515957,685850789850988,101938065201903594009692,101938.06520190359,2.468517320775036e-20,2516.35879597194,0,2516.35879597194,40.51014718770666,1789603200
CL-VVV/DIEM,0.0005682271013223276,0x782D7C494d5DDC20c246a82aC8fe277e2728d002,0x8add35fF47e34f0A11b46Ea5B638389BF52b2f8E,0xacfE6019Ed1A7Dc6f7B508C02d1b04ec88cC21bf,0xF4d97F2da56e8c3098f3a8D538DB630A2606a024,0x940181a94A35A4569E4529A3CDfB74e38FD98631,18,18,18,10999340057018220638,86257271634972277,10.999340057018221,0.08625727163497228,11085597328653192915,0,3278374367824525964229,3278.374367824526,0.0,0,0,0,nan,0
CL-USDC/AERO,0.32768835854611156,0xCCd9cC53b63662088c738B8BC06E9078Fb8D9ad4,0x491300eC768Cf28B13A8d3BbFd87713dD728b0AD,0x833589fCD6eDb6E08f4c7C32D4f71b54bdA02913,0x940181a94A35A4569E4529A3CDfB74e38FD98631,0x940181a94A35A4569E4529A3CDfB74e38FD98631,18,6,18,29936465,24601220797069807412,29.936465,24.601220797069807,24601220797099743877,12711644764329886,1890591125963693566456221,1890591.1259636935,9.441260933633371e-22,1784.9564139034946,0,1784.9564139034946,1059.1805554675634,1789603200
CL-BIO/VITA,0.0010705302822289976,0x5bd27255061a0e8BCE2fC32BBB50D3be4e0B28BD,0xdC2FF82fB3C5184C61b034505FC8ecd51df5f482,0x226A2FA2556C48245E57cd1cbA4C6c9e67077DD2,0x490a4B510d0Ea9f835D2dF29Eb73b4FcA5071937,0x940181a94A35A4569E4529A3CDfB74e38FD98631,18,18,18,57708368127230953,8628665158543739,0.05770836812723095,0.00862866515854374,66337033285774692,41555566458347,6176402056628898092565,6176.402056628898,1.4994166857444443e-21,9.261000301575672,0,9.261000301575672,666.9260183025846,1789603200
CL-SYND/USDC,0.0013054021200856216,0x9dCBB8258e0015d6cB81061b3F5c47D5C5D6188f,0x46060dDAD805A2783DFf4A536AA774Da5A3Eac89,0x11dC28D01984079b7efE7763b533e6ed9E3722B9,0x833589fCD6eDb6E08f4c7C32D4f71b54bdA02913,0x940181a94A35A4569E4529A3CDfB74e38FD98631,18,18,6,818662266414845589181,6511117,818.6622664148456,6.511117,818662266414852100298,50672760459552,7531490209167072050422,7531.490209167072,0.0,0,0,0,nan,0
CL-LINK/AERO,0.0008681714463497556,0x07b1Be2F179313C4F3C7124893d46990672c3F1a,0x1c484bA49128bF0D9191ADb349AF154c1196EA4a,0x88Fb150BDc53A65fe94Dea0c9BA0a6dAf8C6e196,0x940181a94A35A4569E4529A3CDfB74e38FD98631,0x940181a94A35A4569E4529A3CDfB74e38FD98631,18,18,18,6291901370061516,146210105722059906,0.006291901370061516,0.14621010572205992,152502007092121422,33700453723652,5008896988487141591634,5008.896988487141,9.973182397713991e-22,4.995464327754258,0,4.995464327754258,1002.6889714051712,1789603200
CL-SPON/WETH,0.0003207298228583832,0xb51C06EE6a8459630F0b98A2372F8121aF8F61b1,0x1f5aB71271879f5C28832B26753CD868f49f1857,0x080D43c2164AFdBc3712422CE78Ab902ccaB5CA1,0x4200000000000000000000000000000000000006,0x940181a94A35A4569E4529A3CDfB74e38FD98631,18,18,18,5504853500407580253341,5146274175185900,5504.85350040758,0.0051462741751859,5504858646681755439241,70893,1850443999958698016516,1850.443999958698,0.0,0,0,0,nan,1789603200
CL-WETH/RSR,0.001852970927773121,0xC36eaA38e17b0270a374969dd301AF981f50b2B2,0xB8fA634ab603B4CF2217Dc0f71522feaeE64AeeF,0x4200000000000000000000000000000000000006,0xaB36452DbAC151bE02b16Ca17d8919826072f64a,0x940181a94A35A4569E4529A3CDfB74e38FD98631,18,18,18,5159997775,49485545184069675564,5.159997775e-09,49.48554518406968,49485545189229673339,71928620152329,10690676984253045873185,10690.676984253047,0.0,0,0,0,nan,0
CL-WETH/APU,0.003945326972424381,0x7f94857597C318056d0313CE32a6e154298c1a8e,0xdA6d1A0ec6A40B1F97b901d99c9CeBe8553F90F9,0x4200000000000000000000000000000000000006,0xB9926b3fBc5873Db0182016D55727D5ae89E5EFd,0x940181a94A35A4569E4529A3CDfB74e38FD98631,18,18,18,145412803354004,17786619028428184804640,0.000145412803354004,17786.619028428184,17786619173840988158644,153149691084091,22762481389893891861331,22762.481389893892,4.1235261621428103e-22,9.38616875265163,0,9.38616875265163,2425.1089011651748,1789603200
CL-WETH/MIRA,9.346709093327631e-08,0xe85590601af19C9eFbB96B24C7c1aC33F56B758C,0xf4eC5D03C52aC2b64770463BAd65F6212E641642,0x4200000000000000000000000000000000000006,0x7AaFD31a321d3627b30A8e2171264B56852187fe,0x940181a94A35A4569E4529A3CDfB74e38FD98631,18,18,18,83725866392719,1843361202778069637,8.3725866392719e-05,1.8433612027780697,1843444928644462356,0,539256424830325041,0.5392564248303251,0.0,0,0,0,nan,0
CL-USDC/WCT,0.0002315884754234007,0x3f932B543490c477846288e48e4546A04FF1410e,0xd2E50D99b8e002b8B617c2Fe9e2F3617b4E277C0,0x833589fCD6eDb6E08f4c7C32D4f71b54bdA02913,0xeF4461891DfB3AC8572cCf7C794664A8DD927945,0x940181a94A35A4569E4529A3CDfB74e38FD98631,18,6,18,3035,1216405209261407,0.003035,0.001216405209261407,1216405209264442,8989830515533,1336144861701977606339,1336.1448617019776,2.6822962936822193e-21,3.583936410365756,0,3.583936410365756,372.8148908662189,1789603200
CL-XSGD/WETH,0.023494534934237383,0xfEbEeBAa6C9585Fd97aa9157E3B7aACe804b688C,0xF3fa5d26f7385d415D31310b715BA09892Ae373f,0x0A4C9cb2778aB3302996A34BeFCF9a8Bc288C33b,0x4200000000000000000000000000000000000006,0x940181a94A35A4569E4529A3CDfB74e38FD98631,18,6,18,9040342,2120479436278009,9.040342,0.002120479436278009,2120479445318351,912013806878593,135551227551657777297071,135551.22755165776,3.272358274031561e-21,443.5721810338022,0,443.5721810338022,305.59001070747524,1789603200
CL-WETH/AUDD,0.0007311239736722157,0xBdb6f998176b2766beFB2037033dfB3F8e368d52,0x0caC405DEB53494D37158f70e46cD98A275D69f2,0x4200000000000000000000000000000000000006,0x449B3317a6d1efb1Bc3ba0700C9EaA4FFFf4Ae65,0x940181a94A35A4569E4529A3CDfB74e38FD98631,18,18,6,4033644672523,24793,4.033644672523e-06,0.024793,4033644697316,28380862204567,4218204463340726576507,4218.204463340727,2.599588191985734e-22,1.096559451428207,0,1.096559451428207,3846.7631261093525,1789603200
CL-WETH/PHI,0.0001330728522311354,0xaC858B9d917442411A5c9fc1d02ce05BA96EAe5C,0xe03a45dD0909E1bb7545c6475186E8AE2604f0a8,0x4200000000000000000000000000000000000006,0xFb3aD5550ca5730A6F91350032c4Da1eFdfDE3E8,0x940181a94A35A4569E4529A3CDfB74e38FD98631,18,18,18,12881880088449,1875439565482646936430,1.2881880088449e-05,1875.439565482647,1875439578364527024879,29414,767761035671518601765,767.7610356715186,0.0,0,0,0,nan,1789603200
CL-KRWQ/USDC,0.006670838236131179,0xb0b3303ed186C01cDc4456E45d17A622E3860c64,0x7ae924c53701EB53E89E57e28daFeb4182B72F34,0x370923D39f139C64813f173a1bf0b4f9Ba36a24f,0x833589fCD6eDb6E08f4c7C32D4f71b54bdA02913,0x940181a94A35A4569E4529A3CDfB74e38FD98631,18,18,6,2730284889096526966993,1848678,2730.284889096527,1.848678,2730284889096528815671,258952863052232,38487261579645638652111,38487.26157964564,2.2646668488623128e-21,87.16082540291563,0,87.16082540291563,441.5660521998475,1789603200
CL-USDC/ZEN,0.021784115740058608,0xbFA5184f90B071C34C85d065b8c7877617248ef7,0x78F5a590Da87B546311dC0E7F4f3Be77CFeeB2a0,0x833589fCD6eDb6E08f4c7C32D4f71b54bdA02913,0xf43eB8De897Fbc7F2502483B2Bef7Bb9EA179229,0x940181a94A35A4569E4529A3CDfB74e38FD98631,18,6,18,2288917,283737423573382872,2.288917,0.2837374235733829,283737423575671789,845643719268106,125682999810703936285478,125682.99981070393,0.0,0,0,0,nan,0
CL-RECALL/USDC,0.0072288679624489685,0x5e3791F68EbCEAC82788f3becAb154C15141A2f4,0x40F207AE22ECd68149f05a7eFef6feC091E32177,0x1f16e03C1a5908818F47f6EE7bB16690b40D0671,0x833589fCD6eDb6E08f4c7C32D4f71b54bdA02913,0x940181a94A35A4569E4529A3CDfB74e38FD98631,18,18,6,454524237541319015657,22253616,454.524237541319,22.253616,454524237541341269273,0,41706802405817234242347,41706.80240581724,0.0,0,0,0,nan,0
CL-RECALL/WETH,2.936345070062376e-05,0x6Ee714d6d8dF7662BcA805f58CC1d5A8886D78eB,0x2e6C36a3120361EE3f6265A0AC998EaD69aEB1d4,0x1f16e03C1a5908818F47f6EE7bB16690b40D0671,0x4200000000000000000000000000000000000006,0x940181a94A35A4569E4529A3CDfB74e38FD98631,18,18,18,211302458333953389495,2869934306682970,211.30245833395338,0.00286993430668297,211305328268260072465,0,169411814226716986560,169.41181422671698,0.0,0,0,0,nan,0
CL-WETH/uZEC,0.02666637035020189,0x3054f64E28140EE00428bE94Eac4aD6F7241712a,0x76E017276E8861968A86A56919B2235c505B6438,0x4200000000000000000000000000000000000006,0x83f31af747189c2FA9E5DeB253200c505eff6ed2,0x940181a94A35A4569E4529A3CDfB74e38FD98631,18,18,18,1229999040956166,2164305163759155,0.001229999040956166,0.002164305163759155,3394304204715321,1035629754944017,153851065596090536649231,153851.06559609054,8.96169000100698e-22,137.87655561967534,0,137.87655561967534,1115.8609591356487,1789603200
CL-kVCM/USDC,0.0011380427835950978,0x5aAdAcac0deDeDd534990Ddc0Ea6565d104B48DE,0x740546B5d6Ef109D33124b7E93B8ebf5f8f78d1B,0x00fBAC94Fec8D4089d3fe979F39454F48c71A65d,0x833589fCD6eDb6E08f4c7C32D4f71b54bdA02913,0x940181a94A35A4569E4529A3CDfB74e38FD98631,18,18,6,116950280984985928002,20724,116.95028098498592,0.020724,116950280984985948726,49220986004115,6565914020192901617688,6565.914020192901,6.212718979540846e-22,4.0792178651285775,0,4.0792178651285775,1609.6012121151912,1789603200
CL-EURAU/EURC,5.858197100000324e-05,0xc87B179Bc04F98Acb376E4E90b36A8d52ad5BA0a,0xe217269D06AA942896C9ad70f7Fb9A356082D9fA,0x4933A85b5b5466Fbaf179F72D3DE273c287EC2c2,0x60a3E35Cc302bFA44Cb288Bc5a4F316Fdb1adb42,0x940181a94A35A4569E4529A3CDfB74e38FD98631,18,6,6,1,1,1e-06,1e-06,2,2274057352303,337987455536915057175,337.9874555369151,0.0,0,0,0,nan,1789603200
CL-weETH/wstETH,2.292455684636796e-06,0x51d420d2D077eC9130020cfD98BB52f76376f817,0x21cF29FBce70bece7Ee3CD9086268b9F2d88D649,0x04C0599Ae5A44757c0af6F9eC3b93da8976c150A,0xc1CBa3fCea344f92D9239c08C0568f6F2F0ee452,0x0000000000000000000000000000000000000000,18,18,18,0,0,0.0,0.0,0,304379679654,13226275090359871337,13.226275090359872,3.031640070630587e-22,0.004009730554911817,0,0.004009730554911817,3298.5446052373827,1789603200
CL-WETH/COMMON,0.0029075432545069024,0x45dF01EFA0dE71725d4d8fC1165b102bC2E989Fb,0xB716cB1E4c8b6c1Dc78C9E72ea47D99562e52657,0x4200000000000000000000000000000000000006,0x4c87da04887a1F9F21F777E3A8dD55C3C9f84701,0x940181a94A35A4569E4529A3CDfB74e38FD98631,18,18,18,33219363441437,1025915089080508380981,3.3219363441437e-05,1025.9150890805083,1025915122299871822418,112866125911899,16775009950659645869879,16775.009950659645,1.4433618097580206e-20,242.12408721092913,0,242.12408721092913,69.28269774351655,1789603200
CL-WETH/TITN,3.524708598549164e-05,0xfe2313df3e27aD2608B16230695d835E18d409f4,0x52bf08d71F69282e729A16d14a4503c6957B7De4,0x4200000000000000000000000000000000000006,0xe62bfbE57763ec24c0F130426F34DbCe11Fc5B06,0x940181a94A35A4569E4529A3CDfB74e38FD98631,18,18,18,1,335269141999617072,1e-18,0.33526914199961705,335269141999617073,1368243915847,203357324855568977023,203.357324855569,1.333128007903137e-22,0.02711013453772158,0,0.02711013453772158,7501.155133428555,1789603200
CL-USDC/CHECK,0.0015554680246970777,0xf0125d06B76CEbC2Ab3831A938E07Ab6988B00c9,0xd54F8A71BFE766963EE3c8d3C76bCe35C64A5f6B,0x833589fCD6eDb6E08f4c7C32D4f71b54bdA02913,0x9126236476eFBA9Ad8aB77855c60eB5BF37586Eb,0x940181a94A35A4569E4529A3CDfB74e38FD98631,18,6,18,149500117,3168435043474417306529,149.500117,3168.4350434744174,3168435043474566806646,0,8974240211828441224163,8974.24021182844,0.0,0,0,0,nan,0
CL-WETH/SAND,0.0005573031505937329,0xA69CDf524D072c366FD050957880552916D29405,0xC77386D4B892e6E4D36d43d6A59EEaCA770E4295,0x4200000000000000000000000000000000000006,0xac531Eb26Ca1d21b85126De8FB87E80E09002DcF,0x940181a94A35A4569E4529A3CDfB74e38FD98631,18,18,18,2145977094637639128,820700935464025708459086753504,2.1459770946376393,820700935464.0258,820700935466171685553724392632,0,3215348862739213203993,3215.348862739213,0.0,0,0,0,nan,0
CL-USDC/cbBTC,1.6589738338733234e-08,0x4F5905e36ac07eE1F01ffB939aA7f212A58D5CDF,0xfd548a1C01f1547b305313e4D42BD9C714EFdF6a,0x833589fCD6eDb6E08f4c7C32D4f71b54bdA02913,0xcbB7C0000aB88B473b1f5aFd9ef808440eed33Bf,0x940181a94A35A4569E4529A3CDfB74e38FD98631,18,6,8,365768127,584720,365.768127,0.0058472,366352847,0,95714148114465879,0.09571414811446587,0.0,0,0,0,nan,0
CL-CHECK/TOWER,0.003355554414059772,0xB5a64B150730b6c475CDC9C40632CE1D1ebf3ceC,0x58700106298036e6D74A3deb237B9ADAe17D2FAe,0x9126236476eFBA9Ad8aB77855c60eB5BF37586Eb,0xf7C1CEfCf7E1dd8161e00099facD3E1Db9e528ee,0x940181a94A35A4569E4529A3CDfB74e38FD98631,18,18,18,45547637466117943668,6533607989286847772137,45.54763746611794,6533.607989286847,6579155626752965715805,130260642064193,19359800958620249197632,19359.800958620246,5.2301456022779694e-21,101.2545778447045,0,101.2545778447045,191.19926595627737,1789603200
CL-WETH/LITKEY,0.024816028361545547,0xCd1F9777571493AEAcb7eaE45cD30a226d3e612d,0x413112E5434C7d3b00cAD0948d89dCA460f6fB46,0x4200000000000000000000000000000000000006,0xF732A566121Fa6362E9E0FBdd6D66E5c8C925E49,0x940181a94A35A4569E4529A3CDfB74e38FD98631,18,18,18,2046374116132687,1419671222214819701240,0.002046374116132687,1419.6712222148196,1419673268588935833927,963318078706424,143175556221046847045744,143175.55622104686,7.070456235248761e-21,1012.3165042183102,0,1012.3165042183102,141.43358882764048,1789603200
CL-msUSD/USDC,0.0009874873817871093,0x054B67943BA17b2cD8C420544C88BdE71a81Ef9f,0xA0B1Db34fa530B9A001965C8A212c1a54Dab8510,0x526728DBc96689597F85ae4cd716d4f7fCcBAE9d,0x833589fCD6eDb6E08f4c7C32D4f71b54bdA02913,0x940181a94A35A4569E4529A3CDfB74e38FD98631,18,18,6,1756224497160820,2483,0.00175622449716082,0.002483,1756224497163303,38332662806109,5697287780655533579740,5697.287780655533,0.0,0,0,0,nan,0
CL-WETH/PING,0.005375018213242722,0x5D28f920C9d23100E4A38b2bA2D8aE617c3b2615,0xcc049DFa700197b49db9E8BeC3Af462d22b68621,0x4200000000000000000000000000000000000006,0xd85c31854c2B0Fb40aaA9E2Fc4Da23C21f829d46,0x940181a94A35A4569E4529A3CDfB74e38FD98631,18,18,18,13625061938030,146235223367769140580,1.362506193803e-05,146.23522336776915,146235236992831078610,208650893037435,31011055079699909809962,31011.055079699912,3.8543773458420555e-21,119.52830816985553,0,119.52830816985553,259.44527747880187,1789603200
CL-ICP/WETH,0.21703391279347703,0xBe762d548f8CA86A78E9Da6e3DdC87F91457e398,0x7140E2eE393c885FDa93A4a6b0a05564c6AdEdFc,0x00f3C42833C3170159af4E92dbb451Fb3F708917,0x4200000000000000000000000000000000000006,0x940181a94A35A4569E4529A3CDfB74e38FD98631,18,8,18,799544974,7075051976719929,7.99544974,0.007075051976719929,7075052776264903,8420217449873527,1252172617242324619100011,1252172.6172423246,0.0,0,0,0,nan,0
CL-HYPE/WETH,0.5016733534808708,0x9E48d016eE76cf53e2De8dc8058c7549c8c202DF,0x9495E37F2dd9b54f6b473a46ede1F1641459868e,0x15D0e0c55a3E7eE67152aD7E89acf164253Ff68d,0x4200000000000000000000000000000000000006,0x940181a94A35A4569E4529A3CDfB74e38FD98631,18,18,18,940772464469180974,31597926051612752,0.940772464469181,0.031597926051612754,972370390520793726,19469451640520342,2894393912653801487844723,2894393.9126538015,1.4773004117500978e-21,4275.889318930438,0,4275.889318930438,676.9103914452583,1789603200
CL-WETH/LSK,0.03526320520991354,0x275BE3a43B66516e532BcaA36eE453EDd47614ea,0x90F6Ef29a0915Cd33dbf0ce779B46923DB5cbb22,0x4200000000000000000000000000000000000006,0xac485391EB2d7D88253a7F1eF18C37f4242D1A24,0x940181a94A35A4569E4529A3CDfB74e38FD98631,18,18,18,945541939280853,5159458102399422170,0.000945541939280853,5.159458102399422,5160403644338703023,1320450335865511,203450324383488307878852,203450.3243834883,2.595940371374353e-20,5281.449106363052,0,5281.449106363052,38.521686053619796,1789603200
CL-USDC/elizaOS,0.001310505870273823,0x84b783723DaC9B89d0981FFf3dcE369bC5870C16,0x757319eb2053b7Be8b4Da20652324FD812f45bf2,0x833589fCD6eDb6E08f4c7C32D4f71b54bdA02913,0xea17Df5Cf6D172224892B5477A16ACb111182478,0x940181a94A35A4569E4529A3CDfB74e38FD98631,18,6,9,1,1,1e-06,1e-09,2,50872222933676,7560936189054060571509,7560.93618905406,4.321147207904464e-21,32.67191830247477,0,32.67191830247477,231.4200261844236,1789603200
CL-WETH/jesse,0.0019698256741252397,0x4e40ff3Be6bdA5b131c91520Fa73515076eEE098,0x474716f0164cbe5d2F55336492C51FE0bF04373E,0x4200000000000000000000000000000000000006,0x50F88fe97f72CD3E75b9Eb4f747F59BcEBA80d59,0x940181a94A35A4569E4529A3CDfB74e38FD98631,18,18,18,68985887134223,13023810708070932760,6.8985887134223e-05,13.023810708070933,13023879693958066983,76466711203012,11364867997507994515149,11364.867997507994,5.28135911798745e-21,60.02194922336262,0,60.02194922336262,189.3452002902364,1789603200
CL-USDai/USDC,4.3682950990955566e-05,0x2595b1BD2944D213360e73c928c5d1636cCC2d99,0xDe7bDBb10EAE1546D88d506C9250F57D14B3A221,0x0A1a1A107E45b7Ced86833863f482BC5f4ed82EF,0x833589fCD6eDb6E08f4c7C32D4f71b54bdA02913,0x940181a94A35A4569E4529A3CDfB74e38FD98631,18,18,6,42549577859587,1236,4.2549577859587e-05,0.001236,42549577860823,1695757598657,252027871438057608455,252.02787143805762,1.576330831133542e-22,0.039727930405277084,0,0.039727930405277084,6343.84597604361,1789603200
CL-WETH/REI,0.002771117981066149,0x34E3334E845d101205394e0Bd8821fDdc7Cd5559,0x7A01529B70dD997d7723D4AA2EeC0CC301E0E6CF,0x4200000000000000000000000000000000000006,0x6B2504A03ca4D43d0D73776F6aD46dAb2F2a4cFD,0x940181a94A35A4569E4529A3CDfB74e38FD98631,18,18,18,663314111373396640,51787874231232166987637,0.6633141113733967,51787.87423123217,51788537545343540384277,0,15987907190986953700335,15987.907190986954,0.0,0,0,0,nan,0
CL-BITCOIN/APU,0.0009104804119228537,0x3d6a88675979AB63fe60beDd62550A5cF7387f39,0xB93E0F044FBFc816dF3c26620021Eb64Fea735b3,0x2a06A17CBC6d0032Cac2c6696DA90f29D39a1a29,0xB9926b3fBc5873Db0182016D55727D5ae89E5EFd,0x940181a94A35A4569E4529A3CDfB74e38FD98631,18,8,18,1079236803,1,10.79236803,1e-18,1079236804,35344546142643,5252997679815016453419,5252.997679815016,0.0,0,0,0,nan,0
CL-USDC/cbBTC,0.0011890811654457177,0x95DaDA6BC214A86Af204250F7b6FF873b52e0289,0x989612FdbEFb492dAf3E56406838D17c61B0ed2C,0x833589fCD6eDb6E08f4c7C32D4f71b54bdA02913,0xcbB7C0000aB88B473b1f5aFd9ef808440eed33Bf,0x940181a94A35A4569E4529A3CDfB74e38FD98631,18,6,8,171143,220,0.171143,2.2e-06,171363,46158970953335,6860378896023240294477,6860.3788960232405,0.0,0,0,0,nan,0
CL-tGBP/USDC,0.010044111732603455,0x99fb961b5f8D5Bf137976bA50cF6999546b0503f,0x721c5F2C30bc00772a63AcB13fc75Fb040A402C8,0x27f6c8289550fCE67f6B50BeD1F519966aFE5287,0x833589fCD6eDb6E08f4c7C32D4f71b54bdA02913,0x940181a94A35A4569E4529A3CDfB74e38FD98631,18,18,6,1021493453721740,16207,0.00102149345372174,0.016207,1021493453737947,389902619930500,57949292413376291908412,57949.29241337629,1.8663031806731298e-22,10.815094874884146,0,10.815094874884146,5358.186228023918,1789603200
CL-WETH/REPPO,0.6057341878523016,0x71FE33676773DF7Cf9Ce14f640caE06823F083cC,0x456979e89917F4dC1E86662fcDFD4c9766c6684d,0x4200000000000000000000000000000000000006,0xFf8104251E7761163faC3211eF5583FB3F8583d6,0x940181a94A35A4569E4529A3CDfB74e38FD98631,18,18,18,17162983916044985,4565449964981617938230,0.017162983916044986,4565.449964981618,4565467127965533983215,23490029045442623,3494770718518634674681716,3494770.718518635,6.631779838800111e-22,2317.6549992300857,0,2317.6549992300857,1507.890829169821,1789603200
CL-SOL/USDC,0.0003669405859034711,0xb30540172F1B37d1eE1d109e49F883E935E69219,0xC6e211fF1D04A1728ab011406AD42EF529Cb3886,0x311935Cd80B76769bF2ecC9D8Ab7635b2139cf82,0x833589fCD6eDb6E08f4c7C32D4f71b54bdA02913,0x940181a94A35A4569E4529A3CDfB74e38FD98631,18,9,6,4269320963,382650680,4.269320963,382.65068,4651971643,0,2117056030134803100200,2117.056030134803,0.0,0,0,0,nan,0
CL-SOL/cbBTC,0.02432214566234288,0xa25773F75d7190E130D501509D22592151dB3915,0xAB69fc62A7F435cD87b84DEe6ed545145E63770f,0x311935Cd80B76769bF2ecC9D8Ab7635b2139cf82,0xcbB7C0000aB88B473b1f5aFd9ef808440eed33Bf,0x940181a94A35A4569E4529A3CDfB74e38FD98631,18,9,8,4694659844,565639,4.694659844,0.00565639,4695225483,0,140326110325189139672461,140326.11032518913,0.0,0,0,0,nan,0
CL-MYRC/USDC,7.988622525683318e-05,0x8d15046288Df104C9757a18fABaf587a88209D48,0x81Fbc2c15CaAf32CD5fdc0427cBA2817d7629238,0x3eD03E95DD894235090B3d4A49E0C3239EDcE59e,0x833589fCD6eDb6E08f4c7C32D4f71b54bdA02913,0x940181a94A35A4569E4529A3CDfB74e38FD98631,18,18,6,103296983857407399,195215,0.1032969838574074,0.195215,103296983857602614,4779395732800,460901904563852849506,460.9019045638529,0.0,0,0,0,nan,0
CL-RAVE/USDC,0.12039825140519789,0x51663B8A28E7Ea197c5CcF983AfC084Da0a8023D,0x8eF58803e5522986Be1896c1Ea024553A50e0940,0x1aA8fD5BCce2231C6100d55Bf8B377cff33Acfc3,0x833589fCD6eDb6E08f4c7C32D4f71b54bdA02913,0x940181a94A35A4569E4529A3CDfB74e38FD98631,18,18,6,52723126634740888402,24893172,52.723126634740886,24.893172,52723126634765781574,4664134292303626,694635191491498190627205,694635.1914914981,0.0,0,0,0,nan,0
CL-USDC/cbBTC,0.10630751695358341,0xFCda5ab6BBC1fe5B8e1a185e86bb5f24b12e2278,0xB705606141ECa43b4192C8D8D2211CD19eA4d381,0x833589fCD6eDb6E08f4c7C32D4f71b54bdA02913,0xcbB7C0000aB88B473b1f5aFd9ef808440eed33Bf,0x940181a94A35A4569E4529A3CDfB74e38FD98631,18,6,8,44935450,26518,44.93545,0.00026518,44961968,4105537631377861,613338993998462907263425,613338.9939984629,0.0,0,0,0,nan,0
CL-THQ/USDC,0.0027141985279172725,0x00D43aad1B34E7bA8D037E060517F7b5318c0B83,0x6CC472a3E4E23f4e7B3188E424Fb40F7BFAd8A77,0x0b2558bdBC7FFEC0f327fB3579c23daBD1699706,0x833589fCD6eDb6E08f4c7C32D4f71b54bdA02913,0x940181a94A35A4569E4529A3CDfB74e38FD98631,18,18,6,20985048612850343574,1,20.985048612850342,1e-06,20985048612850343575,107627154511187,15659511597394851623777,15659.511597394852,3.2823510662922948e-21,51.40001458932555,0,51.40001458932555,304.6596722298777,1789603200
CL-AERO/DIEM,0.0002488016336067836,0xD1edC6961222bf35AFAC0989Ce602212f28464F6,0x289541d6ce255535A859C96B022d78C0cd80D545,0x940181a94A35A4569E4529A3CDfB74e38FD98631,0xF4d97F2da56e8c3098f3a8D538DB630A2606a024,0x940181a94A35A4569E4529A3CDfB74e38FD98631,18,18,18,9901031397889957441,1459786032521830,9.901031397889957,0.00145978603252183,9902491183922479271,5157532989966,1435455817561686020104,1435.4558175616862,0.0,0,0,0,nan,0
CL-MOCA/CHECK,2.36041367491056e-06,0xD4E145Efdbbbb97CE8C23d4C0Fd59C902Bc34dFa,0x181aBe1152ECC190889DD4A25991c0D214AC9695,0x2B11834Ed1FeAEd4b4b3a86A6F571315E25A884D,0x9126236476eFBA9Ad8aB77855c60eB5BF37586Eb,0x940181a94A35A4569E4529A3CDfB74e38FD98631,18,18,18,2497450309583519949,897217901512232901,2.49745030958352,0.8972179015122329,3394668211095752850,91630472172,13618357292852356617,13.618357292852357,2.197101742225951e-19,2.99209165343814,0,2.99209165343814,4.55145058046729,1789603200
CL-cbETH/cbBTC,0.9731332846806396,0x8BB9eAF3C5A906D20c4CC10eA2F73A3Ac2D5d41A,0x2B0C60C15f896d138dB9f4ec0605A912A377f6ef,0x2Ae3F1Ec7F1F5012CFEab0185bfc7aa3cf0DEc22,0xcbB7C0000aB88B473b1f5aFd9ef808440eed33Bf,0x940181a94A35A4569E4529A3CDfB74e38FD98631,18,18,8,33305665609634073,229228,0.03330566560963407,0.00229228,33305665609863301,37776718262226091,5614472117837613547373271,5614472.117837614,2.097840591440753e-21,11778.267508312078,0,11778.267508312078,476.6806420278201,1789603200
CL-SUMR/USDC,0.007196723668938495,0x8fEbF59b6725c4729466b0279cb28080Ac5d1161,0xC7fCaC7ea12c31a43F060E27d7cf7273EFBCcd01,0x194f360D130F2393a5E9F3117A6a1B78aBEa1624,0x833589fCD6eDb6E08f4c7C32D4f71b54bdA02913,0x940181a94A35A4569E4529A3CDfB74e38FD98631,18,18,6,24721958581312480510077,1,24721.95858131248,1e-06,24721958581312480510078,279375338595332,41521346577203410778924,41521.34657720341,1.5530813741817557e-22,6.448603,0,6.448603,6438.8126509266285,1789603200
CL-FUN/USDC,0.049033662672640074,0x659bE70647B0f63217D60e077F4417b1eCC65064,0x72cD715cd1Df473115881B6a2bcEC16630AAf2A1,0x16EE7ecAc70d1028E7712751E2Ee6BA808a7dd92,0x833589fCD6eDb6E08f4c7C32D4f71b54bdA02913,0x940181a94A35A4569E4529A3CDfB74e38FD98631,18,18,6,108388191081224812434,1952636,108.38819108122482,1.952636,108388191081226765070,1903476740514996,282898690492679304589213,282898.6904926793,1.4054928099263585e-21,397.61207542504303,0,397.61207542504303,711.4942125192341,1789603200
CL-USDC/ACU,0.024934414562267557,0x6d76a0f856a2ba951DA45Da9be399509Ad602e6A,0x68ba7CA9Fc65C393a86D7Cd00ff1b70C2882b633,0x833589fCD6eDb6E08f4c7C32D4f71b54bdA02913,0xc5fEd7c8cCC75D8A72b601a66DffD7A489073F0b,0x940181a94A35A4569E4529A3CDfB74e38FD98631,18,6,12,1395860,9107834039726,1.39586,9.107834039726,9107835435586,967948865547820,143858582928234831867953,143858.58292823483,0.0,0,0,0,nan,0
CL-USDC/CLAWD,0.0060972752034282275,0x4c76Ef610b9F6FEeB3Ca70951BeF09ED31e7f6d0,0x7762C1810f3E249c83130093442eD24cEe6Dd61f,0x833589fCD6eDb6E08f4c7C32D4f71b54bdA02913,0x9f86dB9fc6f7c9408e8Fda3Ff8ce4e78ac7a6b07,0x940181a94A35A4569E4529A3CDfB74e38FD98631,18,6,18,779967,57373295885863399867940,0.779967,57373.2958858634,57373295885863400647907,236696540616611,35178101667404105130816,35178.1016674041,0.0,0,0,0,nan,0
CL-CHECK/SAND,0.00022273545551027257,0x3f985184335BD9e0A4774C79668Ce57EE2AaCFe2,0xfab8FcF5137630d186bC29A3f985661A152d1263,0x9126236476eFBA9Ad8aB77855c60eB5BF37586Eb,0xac531Eb26Ca1d21b85126De8FB87E80E09002DcF,0x940181a94A35A4569E4529A3CDfB74e38FD98631,18,18,18,728272613210265758312,28018637649201167712973322792,728.2726132102657,28018637649.201168,28018638377473780923239081104,0,1285067548610964586387,1285.0675486109644,0.0,0,0,0,nan,0
CL-UP/cbBTC,0.021729586272717205,0x1E726F3177a933cc134Fd0ea7C326EAb270E0137,0x46ded54E6C6B8bDdcc4F034f670Efc284A1B490B,0x5b2193fDc451C1f847bE09CA9d13A4Bf60f8c86B,0xcbB7C0000aB88B473b1f5aFd9ef808440eed33Bf,0x0000000000000000000000000000000000000000,18,18,8,0,0,0.0,0.0,0,0,125368393190204555556324,125368.39319020456,0.0,0,0,0,nan,0
CL-USDC/RNBW,0.14586484503544928,0x4bf85cA48a620BAf9DDE3b6A7A6d88b219827caA,0x0099140A97ACc1cc831ECB39Ab5FD60FC9F6BB64,0x833589fCD6eDb6E08f4c7C32D4f71b54bdA02913,0xa53887F7e7c1bf5010b8627F1C1ba94fE7a5d6E0,0x940181a94A35A4569E4529A3CDfB74e38FD98631,18,6,18,8058582,466996409332571266121,8.058582,466.99640933257126,466996409332579324703,5667042265133352,841564170413713054606548,841564.170413713,0.0,0,0,0,nan,0
CL-UP/USDC,0.02174975135523703,0xb1857B20d91c216f51656B63081f35C7cD0A489d,0xe897425DACD719e509f73987b289DAD6cd256EE6,0x5b2193fDc451C1f847bE09CA9d13A4Bf60f8c86B,0x833589fCD6eDb6E08f4c7C32D4f71b54bdA02913,0x940181a94A35A4569E4529A3CDfB74e38FD98631,18,18,6,39271033524853916355,2546061,39.27103352485392,2.546061,39271033524856462416,844326479172454,125484735211738227121832,125484.73521173823,0.0,0,0,0,nan,0
CL-wtCOIN/USDC,0.8159656311248017,0x4618dFcbC52d9fbCd45Ec4A65fc61B5DA57Ad205,0x9a48ed41616C312C9Dd5D221B06828C21f8CD207,0x5cDa0E1CA4ce2af96315f7F8963C85399c172204,0x833589fCD6eDb6E08f4c7C32D4f71b54bdA02913,0x940181a94A35A4569E4529A3CDfB74e38FD98631,18,18,6,138686444546212041,54647225,0.13868644454621204,54.647225,138686444600859266,31685247442468662,4707696630238499616724546,4707696.6302384995,1.0034586314938775e-21,4723.978818067464,0,4723.978818067464,996.5532894079264,1789603200
CL-USDC/FELIX,0.0001931392924749636,0x1F9bA3e5Ebcd2f4CA3cDEffa5eCdF1c03cf1865d,0xBc24a215368B5e2a3baad4904d6C810148D2b258,0x833589fCD6eDb6E08f4c7C32D4f71b54bdA02913,0xf30Bf00edd0C22db54C9274B90D2A4C21FC09b07,0x940181a94A35A4569E4529A3CDfB74e38FD98631,18,6,18,15860,1,0.01586,1e-18,15861,7497726995389,1114313105440057572200,1114.3131054400576,1.5024375052182242e-21,1.674185802169332,0,1.674185802169332,665.5850885822723,1789603200
CL-WBTC/cbBTC,7.1675629447495065e-06,0x383567feDD4e7Dfdd44c8df9624C19eFdB6D7B35,0xdF383F80C8067Ff91528651b28e063D8Fc953ADb,0x0555E30da8f98308EdB960aa94C0Db47230d2B9c,0xcbB7C0000aB88B473b1f5aFd9ef808440eed33Bf,0x940181a94A35A4569E4529A3CDfB74e38FD98631,18,8,8,1,1,1e-08,1e-08,2,278247928206,41353104389342412102,41.35310438934241,0.0,0,0,0,nan,0
CL-MEZO/MUSD,0.009779311428600225,0xfCd3F5cA230E7c1Bd5b415eb85d5186346De0fec,0x78329E80c7999548c81C5ab93185cf1316747845,0x8e4cbBcc33dB6c0a18561fDE1F6bA35906d4848b,0xdD468A1DDc392dcdbEf6db6e34E89AA338F9F186,0x940181a94A35A4569E4529A3CDfB74e38FD98631,18,18,18,23014880417874685161654,930826111164561258900,23014.880417874687,930.8261111645612,23945706529039246420554,0,56421532601821842013075,56421.53260182184,0.0,0,0,0,nan,0
CL-USDC/PENDLE,0.000260957916057458,0xa2440Bc42F9933914A2d246Ab471e5B2D7aa5045,0x55E13F1653FB7C40c9E2934b0B1fFaCF10AFFA18,0x833589fCD6eDb6E08f4c7C32D4f71b54bdA02913,0xA99F6e6785Da0F5d6fB42495Fe424BCE029Eeb3E,0x940181a94A35A4569E4529A3CDfB74e38FD98631,18,6,18,10607,11226464588413187,0.010607,0.011226464588413186,11226464588423794,9552660622448,1505591234724267338908,1505.5912347242672,0.0,0,0,0,nan,0
CL-WETH/VVV,5.311635914126659,0xA135B59Fe221C0c8D441294f97f96Fbc37Bc9fbE,0xCa9740aFFeDF731f95B3FBAb8d40835781c7aE4D,0x4200000000000000000000000000000000000006,0xacfE6019Ed1A7Dc6f7B508C02d1b04ec88cC21bf,0x940181a94A35A4569E4529A3CDfB74e38FD98631,18,18,18,599060996673704206,49252494119785044775,0.5990609966737042,49.25249411978505,49851555116458748981,206168437707485965,30645372231570461358815261,30645372.231570464,0.0,0,0,0,nan,0
CL-USDC/CHECK,0.01839143802791717,0x3c4384F3664B37A3Cb5A5cB3452B4B4A3Aa1256f,0xFBd7De67837D3CEeCaEa3cd98AccAcE26f94aF00,0x833589fCD6eDb6E08f4c7C32D4f71b54bdA02913,0x9126236476eFBA9Ad8aB77855c60eB5BF37586Eb,0x940181a94A35A4569E4529A3CDfB74e38FD98631,18,6,18,1453020,132092913857074497234,1.45302,132.0929138570745,132092913857075950254,713968392074001,106109016760809222065841,106109.01676080923,0.0,0,0,0,nan,0
CL-cbXRP/cbBTC,0.146708551112982,0x62916B911F2B64d0e3A3b72472D6f8C08c75DcAA,0xf018eBe4e6b3ff169be0a25218ec14F417fCad1a,0xcb585250f852C6c6bf90434AB21A00f02833a4af,0xcbB7C0000aB88B473b1f5aFd9ef808440eed33Bf,0x940181a94A35A4569E4529A3CDfB74e38FD98631,18,6,8,8361509,13146,8.361509,0.00013146,8374655,5588169439249844,846431914968881722508025,846431.9149688818,7.605404169645983e-21,6437.456815425767,0,6437.456815425767,131.485451357222,1789603200
CL-SOL/cbBTC,0.6806583774905738,0xCcfA472815563ff9eB2de95C7b2bE1Ccf91f7F31,0xBe13347c7e999D57a85138406b7e0116312eB055,0x311935Cd80B76769bF2ecC9D8Ab7635b2139cf82,0xcbB7C0000aB88B473b1f5aFd9ef808440eed33Bf,0x940181a94A35A4569E4529A3CDfB74e38FD98631,18,9,8,1081316365,183917,1.081316365,0.00183917,1081500282,26423678559754167,3927044262438888095049614,3927044.2624388877,1.823198969178832e-21,7159.7830511982265,0,7159.7830511982265,548.4864882577241,1789603200
CL-UP/cbBTC,0.11357165282835689,0x37e1490f7f6F98d263f826E1244C7E7f128632F2,0x9beDC4b57DD354fb8F585d79Ec30763edA265319,0x5b2193fDc451C1f847bE09CA9d13A4Bf60f8c86B,0xcbB7C0000aB88B473b1f5aFd9ef808440eed33Bf,0x940181a94A35A4569E4529A3CDfB74e38FD98631,18,18,8,489972741250663142117,21293,489.97274125066315,0.00021293,489972741250663163410,4462242128994590,655249273886262832555309,655249.2738862628,3.2329407890174853e-21,2118.382104520989,0,2118.382104520989,309.3159031545107,1789603200
CL-WETH/cbXRP,0.47101021481589866,0xB90fe999Be6869AF0aFC557DCCfBE169EA3403D6,0x847A399203C63b03AF1C2FC6Fc7cCf4E1386Fe63,0x4200000000000000000000000000000000000006,0xcb585250f852C6c6bf90434AB21A00f02833a4af,0x940181a94A35A4569E4529A3CDfB74e38FD98631,18,18,6,36691163301894502,73241506,0.0366911633018945,73.241506,36691163375136008,18270661782456264,2717483575919843589888125,2717483.5759198437,3.2033983579365083e-21,8705.182424821058,0,8705.182424821058,312.1684811763958,1789603200
CL-SOL/USDC,1.3493787760613016,0x1131DB5977242a03eBeaD1aCD18F80A9A29e5922,0xC58eC2d32FFA0c8c0cf5d15ceF7AE3cC70d2fa69,0x311935Cd80B76769bF2ecC9D8Ab7635b2139cf82,0x833589fCD6eDb6E08f4c7C32D4f71b54bdA02913,0x940181a94A35A4569E4529A3CDfB74e38FD98631,18,9,6,2013103490,228968186,2.01310349,228.968186,2242071676,52383994179453848,7785212605367115777710144,7785212.605367117,1.3091799666887847e-21,10192.244379359629,0,10192.244379359629,763.8369249792513,1789603200
CL-MEZO/MUSD,0.04750978317593277,0xEF458A3263d2a8C7f3ed9e949aE2F9B345D08b1F,0x25B2cd9d8864D3d3b5dCA9f89fd32357e149c063,0x8e4cbBcc33dB6c0a18561fDE1F6bA35906d4848b,0xdD468A1DDc392dcdbEf6db6e34E89AA338F9F186,0x940181a94A35A4569E4529A3CDfB74e38FD98631,18,18,18,615865311645442698381,4513897445977638238,615.8653116454427,4.513897445977638,620379209091420336619,1847265458179590,274106699631925398280877,274106.6996319254,1.0679279080884124e-20,2927.2619433094087,0,2927.2619433094087,93.63927962047521,1789603200
CL-USDC/MUSD,0.09794381284844576,0xFF56D037D948faD1027a1AC82ae610e4b694c641,0x18fbca64a478ACF51f9dC6f98b36EE8D6594072b,0x833589fCD6eDb6E08f4c7C32D4f71b54bdA02913,0xdD468A1DDc392dcdbEf6db6e34E89AA338F9F186,0x940181a94A35A4569E4529A3CDfB74e38FD98631,18,6,18,1943035,321018312102288112,1.943035,0.3210183121022881,321018312104231147,4084316163829080,565084778220046023877256,565084.778220046,1.597003047316249e-22,90.24421128094403,0,90.24421128094403,6261.728815611792,1789603200
CL-EURC/USDC,0.2140814910377546,0xf39B7c34BE147F5DC1bC374f27AF2E9f03AD3113,0x3b798f9C872586CF0ba103400650Cf9E1acAF27F,0x60a3E35Cc302bFA44Cb288Bc5a4F316Fdb1adb42,0x833589fCD6eDb6E08f4c7C32D4f71b54bdA02913,0x940181a94A35A4569E4529A3CDfB74e38FD98631,18,6,6,23953331,36616539,23.953331,36.616539,60569870,8310819600397727,1235138681718229837004948,1235138.68171823,1.7306511685327158e-21,2137.594202815613,0,2137.594202815613,577.8171928476044,1789603200
CL-WETH/USDC,0.10931411706189735,0x4e392fBfE4D0557C82D2F97F02ec39daA31516dd,0x6BFdC817fd78c72A0E330e3D958108fAc96201f4,0x4200000000000000000000000000000000000006,0x833589fCD6eDb6E08f4c7C32D4f71b54bdA02913,0x940181a94A35A4569E4529A3CDfB74e38FD98631,18,18,6,6210501644277637,15856713,0.006210501644277637,15.856713,6210501660134350,4376101570000240,630685510393856877451910,630685.5103938568,1.817221792468753e-21,1146.095453681995,0,1146.095453681995,550.2905611986242,1789603200
CL-USDC/cbBTC,0.13111830270133837,0x9D14ff91AE2c6e3D1A760542248B6c7F206894b0,0xF2d990b13af7c0cd72Cc937625dEB29E4022b81D,0x833589fCD6eDb6E08f4c7C32D4f71b54bdA02913,0xcbB7C0000aB88B473b1f5aFd9ef808440eed33Bf,0x940181a94A35A4569E4529A3CDfB74e38FD98631,18,6,8,18846994,25819,18.846994,0.00025819,18872813,5085996195159703,756484303068975385237389,756484.3030689755,1.9807601930933748e-21,1498.4139942190109,0,1498.4139942190109,504.85667244669787,1789603200
CL-WETH/cbBTC,1.4230961236570867,0x7C7420DD105E2779316423Ba3E973f434315EFA9,0xe3aE44A6cD6cf1b47295209539b7bB675F500873,0x4200000000000000000000000000000000000006,0xcbB7C0000aB88B473b1f5aFd9ef808440eed33Bf,0x940181a94A35A4569E4529A3CDfB74e38FD98631,18,18,8,119847477835233400,427352,0.1198474778352334,0.00427352,119847477835660752,55229352689991727,8210523299382999837283783,8210523.2993830005,2.737851924483625e-21,22479.19701623339,0,22479.19701623339,365.2498482687686,1789603200
CL-IDRX/frxUSD,0.002280352055790826,0xe2a363898DCCFb6E509CDe97A77cF51AEa6813A0,0xd1e537fdC08582dCf607423F85d54e120DEB191b,0x18Bc5bcC660cf2B9cE3cd51a404aFe1a0cBD3C22,0xe5020A6d073a794B6E7f05678707dE47986Fb0b6,0x940181a94A35A4569E4529A3CDfB74e38FD98631,18,2,18,581697,1,5816.97,1e-18,581698,88526607283061,13156443457067571295001,13156.443457067571,2.3219290435220524e-22,3.0548328172420867,0,3.0548328172420867,4306.76382118523,1789603200
CL-CHIP/USDC,1.0053601796376486,0x592E01EDEb601016a20A3E6cD5bF533eBBadBC8b,0x3808E53a5D0419D0670534C8918b7FD6A5B29cee,0x0C1c1C109FE34733fca54b82d7B46B75CFb71F6e,0x833589fCD6eDb6E08f4c7C32D4f71b54bdA02913,0x940181a94A35A4569E4529A3CDfB74e38FD98631,18,18,6,1605356214343261793135,51140322,1605.3562143432619,51.140322,1605356214343312933457,39029406501850816,5800404513768338624948586,5800404.513768339,2.7569433696948035e-21,15991.386765781432,0,15991.386765781432,362.72054442333393,1789603200
CL-CHZ/USDC,0.06672785375301399,0xa11fBd0f7112f2fad10F92f09B4A8d85E8ddD401,0xFfE0d0C52E87D3118319E2747c222651A0678c84,0x70c8392DE9b39a1E48d12A70Af6FF4Be25D6D0A2,0x833589fCD6eDb6E08f4c7C32D4f71b54bdA02913,0x940181a94A35A4569E4529A3CDfB74e38FD98631,18,18,6,1104976698511880151299,9837924,1104.9766985118802,9.837924,1104976698511889989223,2722933517479511,384984955583337039457428,384984.955583337,0.0,0,0,0,nan,0
CL-USDC/PROS,0.01646413848642027,0x24BDDff0577D1Ee32f92A0b92296cA9702611c6A,0x94b0c11314C50a4d7D9E123bF852AD15f007d890,0x833589fCD6eDb6E08f4c7C32D4f71b54bdA02913,0x8B7DdE054BE9D180c1Be7FaE0874697374A49832,0x940181a94A35A4569E4529A3CDfB74e38FD98631,18,6,18,455984,893421844901191592,0.455984,0.8934218449011916,893421844901647576,639159859516451,94989502395408915372994,94989.50239540891,0.0,0,0,0,nan,0
CL-USDC/cbMEGA,0.30852804733960215,0x0150e3d89E161518C044ad191c4bdf6b40Df6E83,0x195452C2Fdbab6Eaa68769F4A924DE64774463CD,0x833589fCD6eDb6E08f4c7C32D4f71b54bdA02913,0xcb111E6A2a3bde90856D299d61341ac302167D23,0x940181a94A35A4569E4529A3CDfB74e38FD98631,18,6,18,29110013,443076772696462600352,29.110013,443.0767726964626,443076772696491710365,11962988249996499,1780046111491865778313634,1780046.1114918657,0.0,0,0,0,nan,0
CL-WETH/MORPHO,8.705898118658553e-05,0x274e24a53Aa2aAF704C1EA0013bE91fDeF533F50,0x34D1F8DDABa9E724233FE27fCEfDF09a2057Ee11,0x4200000000000000000000000000000000000006,0xBAa5CC21fd487B8Fcc2F632f3F4E8D37262a0842,0x940181a94A35A4569E4529A3CDfB74e38FD98631,18,18,18,28183138926051,31897106319610061,2.8183138926051e-05,0.03189710631961006,31925289458536112,4024922635985,502284969771477576196,502.28496977147756,0.0,0,0,0,nan,0
CL-WETH/EURC,1.2234961651575482,0xaa5fE7dCC07DCB8B7AFCd1B93874e7Cb1e0Ab50b,0x9D025C59D53fA74a4eAcd62a709faC2dfffBC150,0x4200000000000000000000000000000000000006,0x60a3E35Cc302bFA44Cb288Bc5a4F316Fdb1adb42,0x940181a94A35A4569E4529A3CDfB74e38FD98631,18,18,6,85956818561391683,209873119,0.08595681856139169,209.873119,85956818771264802,47497756271062902,7058935516538869532235701,7058935.51653887,0.0,0,0,0,nan,0
CL-WETH/AERO,7.918767307375736,0x4e506648d493C8870f55e870480f92f2F33ecE51,0x956495C06Ba757cdF85F73B5f6D5CcB505D288F1,0x4200000000000000000000000000000000000006,0x940181a94A35A4569E4529A3CDfB74e38FD98631,0x940181a94A35A4569E4529A3CDfB74e38FD98631,18,18,18,203154480021353353,1022717450461270184174,0.20315448002135336,1022.7174504612702,1022920604941291537527,307433151952470250,45687162236461541572111064,45687162.23646154,0.0,0,0,0,nan,0
CL-LFI/USDC,0.632327946411978,0x8343C68279587498526114e6385F0a87f248E0D9,0xE9C73937382C621770f5b7018A407C0749df6aaE,0x3722264aB15a1dfCe5a5af89e6547F7949A8ABA3,0x833589fCD6eDb6E08f4c7C32D4f71b54bdA02913,0x940181a94A35A4569E4529A3CDfB74e38FD98631,18,18,6,2699882070004098209206810,183424025,2699882.070004098,183.424025,2699882070004098392630835,24810787649175278,3648202851909087149994557,3648202.8519090875,0.0,0,0,0,nan,0
CL-AORA/USDC,0.021399198260570365,0x0aeD2Bd5AbdFfCDe57c0bCf30E75cd594b8876A9,0x5B16F52bfA905Df8eB6d1C3d2ed111c8dE6f4920,0x6E84030FA86EBf585E3E18fe557e5612f7e93Bff,0x833589fCD6eDb6E08f4c7C32D4f71b54bdA02913,0x940181a94A35A4569E4529A3CDfB74e38FD98631,18,18,6,845200954730098356625,5602942,845.2009547300984,5.602942,845200954730103959567,1058971071384965,123462226469296455125361,123462.22646929645,9.274136506946584e-21,1145.005541727809,0,1145.005541727809,107.82675015091405,1789603200
CL-VIRTUAL/USDC,0.001248896156480656,0x86c21942420B5648bb813637dcD33b97cC57EdE9,0x10E57B782F0f8D6D6cc53774B7afB0e424d21027,0x0b3e328455c4059EEb9e3f84b5543F74E24e7E1b,0x833589fCD6eDb6E08f4c7C32D4f71b54bdA02913,0x940181a94A35A4569E4529A3CDfB74e38FD98631,18,18,6,1,211882,1e-18,0.211882,211883,48483978296826,7205480234844034899957,7205.480234844035,1.5449351604194427e-21,11.131999762517893,0,11.131999762517893,647.276355422259,1789603200
CL-GITLAWB/USDC,0.2061337230312093,0xB5E4b3e29a79FEb2aa96c68a4EA24FEdAa559aB2,0x3C2A9058D449E9ccee5bdbE0b57C8B69E6F2dbf6,0x5F980Dcfc4c0fa3911554cf5ab288ed0eb13DBa3,0x833589fCD6eDb6E08f4c7C32D4f71b54bdA02913,0x940181a94A35A4569E4529A3CDfB74e38FD98631,18,18,6,490969471346038479673938,11418693,490969.47134603845,11.418693,490969471346038491092631,8173664080379266,1189284200554907428056265,1189284.2005549076,3.0796398617125024e-21,3662.5670309337793,0,3662.5670309337793,324.7132927562276,1789603200
CL-TOWNS/WETH,0.22542802664359263,0x48Be08d21FCcF3F793783c23C33555F5E0C2B7cd,0xa69d26311035B324Dba7F4E97f43298d470086D5,0x00000000A22C618fd6b4D7E9A335C4B96B189a38,0x4200000000000000000000000000000000000006,0x940181a94A35A4569E4529A3CDfB74e38FD98631,18,18,18,19832758768070282826973,21438649662389897,19832.75876807028,0.021438649662389897,19832780206719945216870,8751446222785862,1300602281407901973701591,1300602.2814079018,0.0,0,0,0,nan,0
CL-RECALL/USDC,0.39783606290103596,0x0abe41C8AAa9282429e06EBEd48bE36298981d94,0x38eac5F3c2b8f9A2ab5401E4cB0516757C4E3d32,0x1f16e03C1a5908818F47f6EE7bB16690b40D0671,0x833589fCD6eDb6E08f4c7C32D4f71b54bdA02913,0x940181a94A35A4569E4529A3CDfB74e38FD98631,18,18,6,842995873835565680949,119394540,842.9958738355657,119.39454,842995873835685075489,15430095822540757,2295306838015706491883074,2295306.8380157063,0.0,0,0,0,nan,0
CL-VIRTUAL/WETH,0.4990137184538939,0x9520E1a3BFd86DA6c1E9e5Ee4B9c2F11c413358F,0xF0B0F3d39BaA91FcE3e97A08E30975CE1F365F31,0x0b3e328455c4059EEb9e3f84b5543F74E24e7E1b,0x4200000000000000000000000000000000000006,0x940181a94A35A4569E4529A3CDfB74e38FD98631,18,18,18,67185674146146233800,14511384018069881,67.18567414614624,0.014511384018069881,67200185530164303681,19348305340785900,2879049204033043116403613,2879049.2040330432,0.0,0,0,0,nan,0
CL-cbBTC/cbDOGE,0.052407555386313344,0xde201C571eA87D8769F088ad0766C61ba1D6ccb3,0xAAC36eBA6eF97577800335aFffd7F129c7ccc5FA,0xcbB7C0000aB88B473b1f5aFd9ef808440eed33Bf,0xcbD06E5A2B0C65597161de254AA074E489dEb510,0x940181a94A35A4569E4529A3CDfB74e38FD98631,18,8,8,1849,1886198149,1.849e-05,18.86198149,1886199998,2110226588238949,302364293887090556722090,302364.2938870906,0.0,0,0,0,nan,0
CL-USDC/PROS,0.010008070546774822,0x8A8e4170C09074b109352190d47e54d7c1F61e4E,0x298E7A376F0942A050CFa2d7B850c3FE8337A4b9,0x833589fCD6eDb6E08f4c7C32D4f71b54bdA02913,0x8B7DdE054BE9D180c1Be7FaE0874697374A49832,0x940181a94A35A4569E4529A3CDfB74e38FD98631,18,6,18,1006770,1999368828439136545,1.00677,1.9993688284391364,1999368828440143315,388527959402416,57741353546096595301235,57741.353546096594,0.0,0,0,0,nan,0
CL-USDC/OPG,0.04773186179253104,0xB828dC3D77360F053F1379Cd8676BaC6141684f3,0xE6671F550341f1763D78970b66A2CdeAf7B9909A,0x833589fCD6eDb6E08f4c7C32D4f71b54bdA02913,0xFbC2051AE2265686a469421b2C5A2D5462FbF5eB,0x940181a94A35A4569E4529A3CDfB74e38FD98631,18,6,18,12574761,54721567083131146057,12.574761,54.72156708313115,54721567083143720818,1881756210956825,275387977562181556562854,275387.97756218154,0.0,0,0,0,nan,0
CL-AERO/cbBTC,1.14318917050776,0xCDBe19a6EF1B633BE744920C93eE40521d5cf2A6,0x7487eeD4266C774B84Db9f61b5f0222076Db9676,0x940181a94A35A4569E4529A3CDfB74e38FD98631,0xcbB7C0000aB88B473b1f5aFd9ef808440eed33Bf,0x940181a94A35A4569E4529A3CDfB74e38FD98631,18,18,8,232759556412752156394,93023,232.75955641275215,0.00093023,232759556412752249417,44376693705156798,6595605991769258777676018,6595605.991769259,0.0,0,0,0,nan,0
CL-msUSD/msETH,1.436949150812374,0x00145e8Fc9F06a0b71bd57fEfBF451ec1dB9D69f,0xdf2bd73E1aB97CecCc583466c86C95d2eD1c1514,0x526728DBc96689597F85ae4cd716d4f7fCcBAE9d,0x7Ba6F01772924a82D9626c126347A28299E98c98,0x940181a94A35A4569E4529A3CDfB74e38FD98631,18,18,18,236965768187179640950,50202198922936877,236.96576818717963,0.050202198922936876,237015970386102577827,55950195032478530,8290448049605197968594827,8290448.049605197,0.0,0,0,0,nan,0
CL-USDC/MXNB,0.037869897675079416,0x82312aE1BBF1864CE00dfCeb974A10e0d6245b48,0x982e2BaB389a617dBF65Ea295dBb614Ef3950b28,0x833589fCD6eDb6E08f4c7C32D4f71b54bdA02913,0xF197FFC28c23E0309B5559e7a166f2c6164C80aA,0x940181a94A35A4569E4529A3CDfB74e38FD98631,18,6,6,155113,133926681,0.155113,133.926681,134081794,1470174631823071,218489582001990334217776,218489.58200199032,4.0578314505872744e-22,88.65938974733436,0,88.65938974733436,2464.3704702305313,1789603200
CL-KellyClaude/USDC,3.7980705654213514e-05,0xD03FF08155a70D5Ba88E5Ff204B43fa09a2EE0D9,0x434be5E1979a85F379E65Eb3F3207d70718eD939,0x50D2280441372486BeecdD328c1854743EBaCb07,0x833589fCD6eDb6E08f4c7C32D4f71b54bdA02913,0x940181a94A35A4569E4529A3CDfB74e38FD98631,18,18,6,609461046747178687857,2857,609.4610467471787,0.002857,609461046747178690714,1474476388361,219128886318342554155,219.12888631834258,3.5590930235969177e-20,7.799000905641751,0,7.799000905641751,28.097045886970733,1789603200
CL-CTR/USDC,0.004408864966070581,0x0ab02e160f0df68dc049B012c514857306960Eae,0x99deB55adA693737B57c3cBD293A17b6b20D510c,0x11030f79109269d796fd0FB956D6244e502757f7,0x833589fCD6eDb6E08f4c7C32D4f71b54bdA02913,0x940181a94A35A4569E4529A3CDfB74e38FD98631,18,18,6,227586884921585496808,2490575,227.5868849215855,2.490575,227586884921587987383,171159729130080,25436854142172186281658,25436.854142172186,4.1267221660263244e-21,104.97082982248048,0,104.97082982248048,242.32307380240073,1789603200
CL-FXUSD/USDC,0.05034105258449504,0x96b9E829c934324a33f4130C7acc8a18e2351199,0x9516250955c97Bb496766Eef9F3E898eB1545f11,0x55380fe7A1910dFf29A47B622057ab4139DA42C5,0x833589fCD6eDb6E08f4c7C32D4f71b54bdA02913,0x940181a94A35A4569E4529A3CDfB74e38FD98631,18,18,6,241152029058355266,119284,0.24115202905835526,0.119284,241152029058474550,1998313871844646,290441649224854194180305,290441.6492248542,9.473196313103122e-23,27.51410760608479,0,27.51410760608479,10556.099197657515,1789603200
CL-USDC/hTEA,0.04072728346248002,0xAbe1f289107C20081F591BB3972b8289aDd64f6C,0x1E488b80243E72408d8c580e302b452988F9E00F,0x833589fCD6eDb6E08f4c7C32D4f71b54bdA02913,0xa1A0B2E02B0E6830aD5A4A7211691200945d8919,0x940181a94A35A4569E4529A3CDfB74e38FD98631,18,6,18,1107463,1,1.107463,1e-18,1107464,1581103267913230,234975209495999088462803,234975.2094959991,0.0,0,0,0,nan,0
CL-VFY/ZEN,0.10868973626586517,0xc0113E59471A17Ce37B708572114162c3030307e,0x45343aad2894Ae9a9241Bc9072d25C549dd4D189,0xa749dE6c28262B7ffbc5De27dC845DD7eCD2b358,0xf43eB8De897Fbc7F2502483B2Bef7Bb9EA179229,0x940181a94A35A4569E4529A3CDfB74e38FD98631,18,18,18,2403272048900455247477,1187884048236587939,2403.272048900455,1.187884048236588,2404459932948691835416,4219936362803939,627083158459726438247338,627083.1584597264,0.0,0,0,0,nan,0
CL-ZORA/AERO,0.0007735982833951615,0xf185893f57171Ee19729be11684A947CfDE8DCD6,0x0a68F665d30962888547495955198437038E7fF9,0x1111111111166b7FE7bd91427724B487980aFc69,0x940181a94A35A4569E4529A3CDfB74e38FD98631,0x940181a94A35A4569E4529A3CDfB74e38FD98631,18,18,18,2265791338035646935,27515099322205573,2.265791338035647,0.027515099322205572,2293306437357852508,30032516704785,4463259104280419555465,4463.25910428042,4.469813718245123e-21,19.949936772395063,0,19.949936772395063,223.72296991217928,1789603200
CL-wtSGOV/USDC,6.961872552035149e-05,0xBBC639746D66B3403812c89657176EC45C1D4276,0x393cd9c8b7b1D87e8F62e1f3E392C6Eae29b395B,0x78c31580c97101694C70022c83D570150c11e935,0x833589fCD6eDb6E08f4c7C32D4f71b54bdA02913,0x940181a94A35A4569E4529A3CDfB74e38FD98631,18,18,6,2789835001955,50,2.789835001955e-06,5e-05,2789835002005,2702754563943,401663779737714775953,401.6637797377148,5.270837725059706e-21,2.117104603031619,0,2.117104603031619,189.72316207831508,1789603200
CL-SOL/WETH,0.09128185986104786,0xFCCE67a155DF9a1a95BeCfe7D09E32DfbE6F9816,0x0f41c2D69a2d3e73C5Bd97F93076193459D1983B,0x311935Cd80B76769bF2ecC9D8Ab7635b2139cf82,0x4200000000000000000000000000000000000006,0x940181a94A35A4569E4529A3CDfB74e38FD98631,18,9,18,83278135,3668934843366679,0.083278135,0.003668934843366679,3668934926644814,3779750583291521,526648779896994640614174,526648.7798969946,1.513042357852978e-21,773.0680221181773,23.773889577565622,796.8419116957429,660.9200296408156,1789603200
CL-USDC/FOLKS,0.07161624764188014,0x94a734bf60cDe88ab10a9951b17278a3CE129860,0xf1D60F16B6aBb78932aD53ed843b19cb331AFEe0,0x833589fCD6eDb6E08f4c7C32D4f71b54bdA02913,0xFF7F8F301F7A706E3CfD3D2275f5dc0b9EE8009B,0x940181a94A35A4569E4529A3CDfB74e38FD98631,18,6,6,39528259,14420054,39.528259,14.420054,53948313,2762848348709587,413188441808817385693139,413188.4418088174,0.0,0,0,0,nan,0
CL-WETH/AERO,0.0007130759742539964,0x9Be74093980230702f766bc6F8234177E58237E4,0x7f36b3830fd5B90bec07Fd976a612fc6fB91e099,0x4200000000000000000000000000000000000006,0x940181a94A35A4569E4529A3CDfB74e38FD98631,0x940181a94A35A4569E4529A3CDfB74e38FD98631,18,18,18,300684075136893,1411232061031029394,0.000300684075136893,1.4112320610310294,1411532745106166287,3477431829028,4114076908450240740841,4114.076908450241,5.3351445044171834e-21,21.949194808867937,0,21.949194808867937,187.43634763258228,1789603200
CL-wtSGOV/USDC,0.05535747327264724,0xD5B83c33A8711e727C0Abb6f72ee508755D37e10,0x74dC05b8FB6EBe3b604993Cb3f63e25322880121,0x78c31580c97101694C70022c83D570150c11e935,0x833589fCD6eDb6E08f4c7C32D4f71b54bdA02913,0x940181a94A35A4569E4529A3CDfB74e38FD98631,18,18,6,1999995618933119,3344993,0.001999995618933119,3.344993,1999995622278112,1971753714460803,319383783389155539999767,319383.7833891555,6.3071483123082306e-21,2014.4008903815297,0,2014.4008903815297,158.55025924291758,1789603200
CL-USDC/POD,0.3018567024733077,0x48C5D4a6677ED59646A9C6465db2562bE4a20AEC,0xE19269EAeA05713Ab3927846A1d465e05937d460,0x833589fCD6eDb6E08f4c7C32D4f71b54bdA02913,0xeD664536023d8E4b1640C394777D34aBAFF1dF8F,0x940181a94A35A4569E4529A3CDfB74e38FD98631,18,6,18,58553496,132781350420121105794,58.553496,132.7813504201211,132781350420179659290,11713924280875921,1741555926920097156340455,1741555.926920097,9.936172375350997e-22,1730.4399891192268,0,1730.4399891192268,1006.4237638235164,1789603200
CL-USDC/wtSKHY,0.016018563109700325,0x7313B413727eD86b01CcE08c2e2F9E0A8462f5C0,0x77e593C8f308Eda04A6D4da461bFF62Ce14E44FB,0x833589fCD6eDb6E08f4c7C32D4f71b54bdA02913,0xFcD17aC4c4BF6a72c93018096F3fC09e66573Ff9,0x940181a94A35A4569E4529A3CDfB74e38FD98631,18,6,18,241390,2943077673637760,0.24139,0.00294307767363776,2943077673879150,621880546204366,92418764585520815785224,92418.76458552081,0.0,0,0,0,nan,0
CL-USDC/METAc,1.5198828528846438,0xEAF57753BC382E0324a1D43F72E7027705a2273E,0x536DF7362915337ddc86C9b57D322905CA819d65,0x833589fCD6eDb6E08f4c7C32D4f71b54bdA02913,0xb2000000000000000000008bC8786B856E61707C,0x940181a94A35A4569E4529A3CDfB74e38FD98631,18,6,8,277931132,31282609,277.931132,0.31282609,309213741,59006029213431327,8768932307870621438580177,8768932.30787062,0.0,0,0,0,nan,0
CL-jEUR/USDC,0.11817347804005886,0x02B6B7AB1eDE16F48C57893d2FdF6251C2CB3821,0x1567c3577d4d971e0C76262381D064169DD438FB,0x4154550f4Db74Dc38d1FE98e1F3F28ed6daD627d,0x833589fCD6eDb6E08f4c7C32D4f71b54bdA02913,0x940181a94A35A4569E4529A3CDfB74e38FD98631,18,18,6,1653427967399971518,14607183,1.6534279673999714,14.607183,1653427967414578701,4587819324974689,681799408126858665561039,681799.4081268586,0.0,0,0,0,nan,0
CL-QUID/USDC,0.09598969401894387,0x8b289ED9bb4fCf49e358a2EbC5bA2cC60A296c96,0x66C2197b33e93B1de3D629AFf5225d054dB23Ae7,0x1a44233FAe8D50F1AeB3a5d58dd426ff4814Cb53,0x833589fCD6eDb6E08f4c7C32D4f71b54bdA02913,0x940181a94A35A4569E4529A3CDfB74e38FD98631,18,18,6,625368399055355263824,46933315,625.3683990553552,46.933315,625368399055402197139,3939820750172770,553810530533840910425058,553810.5305338409,2.186448724821938e-21,1210.8783282786774,0,1210.8783282786774,457.36265783293817,1789603200
CL-USDC/TAO,0.26640966020637347,0x99f0364e162A36a77e5d77b5EeB56539563735a3,0xdEBc2aeAb66bCDC35225Fa0C449CD480f47D3C7D,0x833589fCD6eDb6E08f4c7C32D4f71b54bdA02913,0xf3081494B87e8D5fb7960f066E931D1D0e6E3d67,0x940181a94A35A4569E4529A3CDfB74e38FD98631,18,6,18,71555203,240005531596302506,71.555203,0.2400055315963025,240005531667857709,9578735483077998,1537044958483922050258511,1537044.958483922,0.0,0,0,0,nan,0
CL-WETH/Basecat,1.303445111549516,0xfbA22a6B7629a2FEC052CC2a6Eddd2C9D6Da5eA5,0x7f015f6607A700291d6dCe512c3e0db842a223F2,0x4200000000000000000000000000000000000006,0xB2000000000000000000004c27f6523082f41D01,0x940181a94A35A4569E4529A3CDfB74e38FD98631,18,18,18,190733501738406562,19661797104149308316444,0.19073350173840656,19661.797104149307,19661987837651046723006,50603825246943739,7520199289379098897910022,7520199.289379098,0.0,0,0,0,nan,0
CL-USDC/AMZNc,0.9935720886776667,0xd03Bc8C7F2FAedCe2aac81bF0444AEA08Ea06E9b,0xE0328A955aa56A45E5C98903cf43F764c33C0567,0x833589fCD6eDb6E08f4c7C32D4f71b54bdA02913,0xb200000000000000000000d9192b6B456483C2E8,0x940181a94A35A4569E4529A3CDfB74e38FD98631,18,6,8,189451550,54673496,189.45155,0.54673496,244125046,38573718918863225,5732393369704889400596735,5732393.369704889,0.0,0,0,0,nan,0
CL-USDC/MSFTc,0.8721850625660478,0x7103eB3c9590d1281f7dc03b2A9EE27C39dF5D54,0x2C2B9AC9Fd5C072000ADD476De7694f44E111104,0x833589fCD6eDb6E08f4c7C32D4f71b54bdA02913,0xB200000000000000000000Ab99cFa739E253872B,0x940181a94A35A4569E4529A3CDfB74e38FD98631,18,6,8,135875945,14854280,135.875945,0.1485428,150730225,33861070278894476,5032053463240205078591386,5032053.463240205,0.0,0,0,0,nan,0
CL-USDC/MSTRc,1.270355957929151,0x8b27f626ab668197000BC722A1012022CAeD10E2,0x79C3aeDB356A3884E75cB723DBb96CeE4421C2b5,0x833589fCD6eDb6E08f4c7C32D4f71b54bdA02913,0xb2000000000000000000004884b426556b92883d,0x940181a94A35A4569E4529A3CDfB74e38FD98631,18,6,8,180660279,127655689,180.660279,1.27655689,308315968,49319363764492201,7329292110137611562488607,7329292.110137612,0.0,0,0,0,nan,0
CL-USDC/SNDKc,0.9975976879054457,0x5A8236f575471e7BfCA2C8462a200c28f737246E,0x92c488fBC3A6900C953Fac9b7df7d69f7bF6f395,0x833589fCD6eDb6E08f4c7C32D4f71b54bdA02913,0xb200000000000000000000397293Cb8cda9a10c5,0x940181a94A35A4569E4529A3CDfB74e38FD98631,18,6,8,113280511,7752196,113.280511,0.07752196,121032707,38728232269037297,5755618980191917397572841,5755618.980191917,0.0,0,0,0,nan,0
CL-USDC/SPCXc,0.894071441007964,0x0bf58fe0FAc935Ac69595c19B12Ba0d75E3F8c0E,0x3eb54a7BCDDFb4DBD56A95e2436Cdf42d8333cDe,0x833589fCD6eDb6E08f4c7C32D4f71b54bdA02913,0xb2000000000000000000007b9fcbd005511aCBd5,0x940181a94A35A4569E4529A3CDfB74e38FD98631,18,6,8,170655551,85981107,170.655551,0.85981107,256636658,34638693994371226,5158326465568870624069197,5158326.46556887,0.0,0,0,0,nan,0
CL-USDC/TSLAc,0.7736042359880326,0x469337fDcc5E8f38e2E4B670B04F57865D13a7BB,0xA7d474C6BA8beA20263805370fb8e3Ddda6cc642,0x833589fCD6eDb6E08f4c7C32D4f71b54bdA02913,0xb2000000000000000000001e800a7f5189430cD0,0x940181a94A35A4569E4529A3CDfB74e38FD98631,18,6,8,191380943,36384359,191.380943,0.36384359,227765302,30033901635630972,4463293447640399358326786,4463293.447640399,0.0,0,0,0,nan,0
CL-wtSPYM/USDC,0.1101322988303496,0x36622e47536a93b03DE0e235c377f13c613b8f8D,0xEA92eA0A4dEA7f143c6b5de0eBE527dB13068e8C,0x31C2C14134e6E3B7ef9478297F199331133Fc2d8,0x833589fCD6eDb6E08f4c7C32D4f71b54bdA02913,0x940181a94A35A4569E4529A3CDfB74e38FD98631,18,18,6,57958490394515581,1783,0.05795849039451558,0.001783,57958490394517364,4456101669029129,635405992982021213983793,635405.9929820212,0.0,0,0,0,nan,0
CL-USDC/BLUECHIP,2.068204268680021,0x3dfDeCc334A8f2618321C78A9dE0E9428438F871,0x82c0220215d13f1DFbB72f3182e6D0b61088B1b3,0x833589fCD6eDb6E08f4c7C32D4f71b54bdA02913,0xB200000000000000000000cFbdF64a8706a94a01,0x940181a94A35A4569E4529A3CDfB74e38FD98631,18,6,18,714536789,42809054840681014926082,714.536789,42809.05484068101,42809054840681729462871,80276699902781697,11932461239682564186079888,11932461.239682565,3.737070125296122e-21,44592.44442007164,0,44592.44442007164,267.5893056517801,1789603200
CL-USDC/cbZEC,0.9212324529439736,0x0Fc47C17AF86078d809358db1b4db2DeBC988566,0x8779E34E5d38358B0cB957c553B40cC1208C81FB,0x833589fCD6eDb6E08f4c7C32D4f71b54bdA02913,0xB2000000000000000000008501b13360000cb2EC,0x940181a94A35A4569E4529A3CDfB74e38FD98631,18,6,8,623994651,42291866,623.994651,0.42291866,666286517,35762693039208355,5315031355441203112632855,5315031.355441203,2.2289186311673005e-21,11846.772413381288,0,11846.772413381288,448.6480511297503,1789603200
CL-USDC/cbHYPE,1.1416771388452864,0xD5Eaea9da564217EA101D1E369fDA168A3025686,0x492eb737a9b2864Fb0b2038595101883C115CDF8,0x833589fCD6eDb6E08f4c7C32D4f71b54bdA02913,0xB200000000000000000000451d033a5000cb479e,0x940181a94A35A4569E4529A3CDfB74e38FD98631,18,6,18,92181399,1254697900173336948,92.181399,1.254697900173337,1254697900265518347,44517491743681847,6586882356740137009548021,6586882.356740137,7.071873870955631e-22,4658.160122968922,0,4658.160122968922,1414.0523689301442,1789603200
CL-WETH/NVDAc,0.2189383332925667,0x20E5fAd2661Ee9Eb0c04824524030AF31943B62D,0x115a146841eafd52D154D7E3c044C4f9A192f101,0x4200000000000000000000000000000000000006,0xb20000000000000000000078ee7ce2fE4908108C,0x940181a94A35A4569E4529A3CDfB74e38FD98631,18,18,8,5638345672561158,7616184,0.005638345672561158,0.07616184,5638345680177342,9067561519505825,1263160131451425377814711,1263160.1314514254,0.0,0,0,0,nan,0
CL-WETH/GOOGLc,0.18282106168920237,0x25F63549b2Bb9ffF114cDc39e8cfb16B450E2f9b,0x667347Bd1f0add904505a18604a5FCA0aC41d6B2,0x4200000000000000000000000000000000000006,0xb2000000000000000000002D0BA3164cc74f58B7,0x940181a94A35A4569E4529A3CDfB74e38FD98631,18,18,8,4523799942112344,3766696,0.004523799942112344,0.03766696,4523799945879040,7270602763604082,1054782288886925243292183,1054782.2888869252,0.0,0,0,0,nan,0
CL-USDbC/USDT,0.00039196985716163614,0xA49A984aBc1235af833CB0c6F47341C99dBCEc88,0xe1C726f9B9c7586CC69013e43d0a7A7078bA4223,0xd9aAEc86B65D86f6A7B5B1b0c42FFA531710b6CA,0xfde4C96c8593536E31F229EA8f37b2ADa2699bb2,0x940181a94A35A4569E4529A3CDfB74e38FD98631,18,6,6,0,0,0.0,0.0,0,16570662774762,2261461886784623931224,2261.461886784624,0.0,0,0,0,nan,0
CL-NVDAc/frxUSD,0.008508210006546198,0x7d0D8D09255773CCdB9B434a1569D745b06c0D5D,0x37C9D458811aea8f808AfC09aFbf63184667CA7c,0xb20000000000000000000078ee7ce2fE4908108C,0xe5020A6d073a794B6E7f05678707dE47986Fb0b6,0x940181a94A35A4569E4529A3CDfB74e38FD98631,18,8,18,21337,94828342806847039,0.00021337,0.09482834280684704,94828342806868376,330318662724405,49087939552018652619861,49087.93955201865,0.0,0,0,0,nan,0
CL-GOOGLc/frxUSD,0.00843735923661698,0x21101c06A39803eB7A348f94Ad111Ded261c19B6,0x78fB35B9a34E52b25F675BA1f5Fc30562De0bA3B,0xb2000000000000000000002D0BA3164cc74f58B7,0xe5020A6d073a794B6E7f05678707dE47986Fb0b6,0x940181a94A35A4569E4529A3CDfB74e38FD98631,18,8,18,9713,113438474064470649,9.713e-05,0.11343847406447065,113438474064480362,327567986429625,48679167517851248141798,48679.16751785125,0.0,0,0,0,nan,0
TOTAL,100.0,,,,,,,,,11240366736093304762493270059,850045839620763972145456186325,11240414622.474731,850045855530.3851,861286206356857276907949456384,3875546237116958314,576947906953995102760861953,,9.087986811758275e-22,524305.7230573673,23.773889577565622,524329.4969469449,1100.3537094774101,
