name,vote_pct,address,gauge,token0,token1,emissions_token,emissions_decimals,token0_decimals,token1_decimals,token0_fees_raw,token1_fees_raw,token0_fees,token1_fees,fees_raw,emissions_raw,votes_raw,votes,ratio,tfv,tbv,tvv,votes_per_tvv,rewards_epoch_ts
vAMM-tBTC/USDbC,0.00482239582841648,0x723AEf6543aecE026a15662Be4D3fb3424D502A9,0x50f0249B824033Cf0AF0C8b9fe1c67c2842A34d5,0x236aa50979D5f3De3Bd1Eeb40E81137F22ab794b,0xd9aAEc86B65D86f6A7B5B1b0c42FFA531710b6CA,0x940181a94A35A4569E4529A3CDfB74e38FD98631,18,18,6,0,0,0.0,0.0,0,147289834910041,21819740157476527485372,21819.740157476528,2.1972365455058373e-22,4.794313048744872,0,4.794313048744872,4551.171343137226,1788393600
vAMM-tBTC/WETH,0.0020390027077062506,0x2722C8f9B5E2aC72D1f225f8e8c990E449ba0078,0xfaE8C18D83655Fbf31af10d2e9A1Ad5bA77D0377,0x236aa50979D5f3De3Bd1Eeb40E81137F22ab794b,0x4200000000000000000000000000000000000006,0x940181a94A35A4569E4529A3CDfB74e38FD98631,18,18,18,0,0,0.0,0.0,0,62277005638875,9225810332776168019563,9225.810332776167,9.970432381070205e-22,9.198531808352358,0,9.198531808352358,1002.9655302598443,1788393600
vAMM-T/WETH,8.764019999645007e-07,0xAf58FDeE432a104a932a899968d60F92838886cd,0xaD3d4aFd779e4A57734557CcE25F87032614fE47,0x26f3901aC8a79c50fb0d8289C74f0d09AdC42E29,0x4200000000000000000000000000000000000006,0x940181a94A35A4569E4529A3CDfB74e38FD98631,18,18,18,3774409837449416588590,3832409226077080,3774.4098374494165,0.00383240922607708,3774413669858642665670,0,3965428096970939228,3.9654280969709395,0.0,0,0,0,nan,0
vAMM-EXTRA/USDbC,3.03907141917684e-05,0x2B7704f1cb9324cD8586B33C6c540CbD64E58237,0xf05a3De3dD6910042f506c6105bC14920C4289B6,0x2dAD3a13ef0C6366220f989157009e501e7938F8,0xd9aAEc86B65D86f6A7B5B1b0c42FFA531710b6CA,0x940181a94A35A4569E4529A3CDfB74e38FD98631,18,18,6,3869946501625197359544,42383924,3869.9465016251975,42.383924,3869946501625239743468,0,137507892437412648059,137.50789243741264,0.0,0,0,0,nan,0
sAMM-DOLA/USDbC,0.0004913816735034125,0x0B25c51637c43decd6CC1C1e3da4518D54ddb528,0xeAE066C25106006fB386A3a8b1698A0cB6931c1a,0x4621b7A9c75199271F773Ebd9A499dbd165c3191,0xd9aAEc86B65D86f6A7B5B1b0c42FFA531710b6CA,0x940181a94A35A4569E4529A3CDfB74e38FD98631,18,18,6,0,792,0.0,0.000792,792,15008209226968,2223338940949426658401,2223.3389409494266,0.0,0,0,0,nan,1788393600
vAMM-WETH/UNIDX,2.8139440672043367e-05,0xA819Af1CC8AbE618eA8abaDeb464960F7451CEAB,0x98F44CE76BDCaD37f00a98B275631B1D796862fa,0x4200000000000000000000000000000000000006,0x6B4712AE9797C199edd44F897cA09BC57628a1CF,0x940181a94A35A4569E4529A3CDfB74e38FD98631,18,18,18,66824064630132120,226353425106970930750,0.06682406463013212,226.35342510697092,226420249171601062870,0,127321627151110355016,127.32162715111036,0.0,0,0,0,nan,0
vAMM-ERN/stERN,9.610033424799042e-05,0x218F511431194B2C756D67a137DE536beA74E498,0x109Cc0f2640457b2A483C2eef189827750A676bB,0xa334884bF6b0A066d553D19e507315E839409e62,0xf7A0dd3317535eC4f4d29ADF9d620B3d8D5D5069,0x940181a94A35A4569E4529A3CDfB74e38FD98631,18,18,18,238963071307246622,118363806790615403,0.23896307130724662,0.11836380679061541,357326878097862025,0,434822108542330684198,434.8221085423307,0.0,0,0,0,nan,0
sAMM-MAI/USDbC,6.16272964256902e-05,0xf6Aec4F97623E691a9426a69BaF5501509fCa05D,0xC01E2ff20501839db7B28F5Cb3eD2876fEa3d6b1,0xbf1aeA8670D2528E08334083616dD9C5F3B087aE,0xd9aAEc86B65D86f6A7B5B1b0c42FFA531710b6CA,0x940181a94A35A4569E4529A3CDfB74e38FD98631,18,18,6,31240670882944059751,9323418,31.24067088294406,9.323418,31240670882953383169,0,278843056949536182548,278.8430569495362,0.0,0,0,0,nan,0
sAMM-DOLA/MAI,0.00014579067686579396,0x8b432C54d6e8E1B8D1802753514AB53044Af1861,0xDe23611176b16720346f4Df071D1aA01752c68C1,0x4621b7A9c75199271F773Ebd9A499dbd165c3191,0xbf1aeA8670D2528E08334083616dD9C5F3B087aE,0x940181a94A35A4569E4529A3CDfB74e38FD98631,18,18,18,10703182514482607944,12258004324385394932,10.703182514482608,12.258004324385395,22961186838868002876,0,659654412408287255581,659.6544124082873,0.0,0,0,0,nan,0
vAMM-USDbC/STG,1.3383144681284369e-07,0xb680190fB16f417647e69D6A84719aE9c7E5E20a,0x9a8D9F5C698C1F2B0d48a955BC531F2c7D67Af84,0xd9aAEc86B65D86f6A7B5B1b0c42FFA531710b6CA,0xE3B53AF74a4BF62Ae5511055290838050bf764Df,0x940181a94A35A4569E4529A3CDfB74e38FD98631,18,6,18,60495604,320681279036902428579,60.495604,320.6812790369024,320681279036962924183,0,605542866711187967,0.605542866711188,0.0,0,0,0,nan,0
vAMM-WETH/TAROT,0.06189104030271416,0x2d25E0514f23c6367687dE89Bd5167dc754D4934,0xa81dac2e9caa218Fcd039D7CEdEB7847cf362213,0x4200000000000000000000000000000000000006,0xF544251D25f3d243A36B07e7E7962a678f952691,0x940181a94A35A4569E4529A3CDfB74e38FD98631,18,18,18,1736522427610090,51440704411484254059,0.00173652242761009,51.440704411484255,51442440933911864149,1890330332255385,280036410433892931861237,280036.410433893,1.2796781226014974e-22,35.83564679641065,0,35.83564679641065,7814.465077882781,1788393600
sAMM-MIM/USDbC,1.3383144681284369e-07,0x982A169edFC1cf8Fd38dBeE76735547b23875BD1,0xBb0b5819Fa91076a1D6aaFa0D018E27a416DE029,0x4A3A6Dd60A34bB2Aba60D73B4C88315E9CeB6A3D,0xd9aAEc86B65D86f6A7B5B1b0c42FFA531710b6CA,0x940181a94A35A4569E4529A3CDfB74e38FD98631,18,18,6,2416901916150533961,2464478,2.416901916150534,2.464478,2416901916152998439,0,605542866711187967,0.605542866711188,0.0,0,0,0,nan,0
vAMM-WETH/HOP,0.01605586833075031,0x75D18ee68bB93BE5cB2dcCFa0d8151E25CBC8Eb8,0xb42A9e58773993ed15A5eED65633e85870185e13,0x4200000000000000000000000000000000000006,0xc5102fE9359FD9a28f877a67E36B0F050d81a3CC,0x940181a94A35A4569E4529A3CDfB74e38FD98631,18,18,18,0,0,0.0,0.0,0,490392385842396,72647473879112681193110,72647.47387911267,0.0,0,0,0,nan,1788393600
sAMM-DAI+/USD+,0.00025670108441709156,0x1b05e4e814b3431a48b8164c41eaC834d9cE2Da6,0x87803Cb321624921cedaAD4555F07Daa0D1Ed325,0x65a2508C429a6078a7BC2f7dF81aB575BD9D9275,0xB79DD08EA68A908A97220C76d19A6aA9cBDE4376,0x940181a94A35A4569E4529A3CDfB74e38FD98631,18,18,6,4223084333663945239,7125776,4.223084333663945,7.125776,4223084333671071015,0,1161487185916595141654,1161.487185916595,0.0,0,0,0,nan,0
sAMM-USD+/USDbC,0.00017360502250756172,0x4a3636608d7Bc5776CB19Eb72cAa36EbB9Ea683B,0xa5972f0C07a2D1cc5A8457c28d88ec4f3C009864,0xB79DD08EA68A908A97220C76d19A6aA9cBDE4376,0xd9aAEc86B65D86f6A7B5B1b0c42FFA531710b6CA,0x940181a94A35A4569E4529A3CDfB74e38FD98631,18,6,6,37932964,18296689,37.932964,18.296689,56229653,0,785505092474278257099,785.5050924742783,0.0,0,0,0,nan,0
vAMM-WETH/DEUS,0.2327596690297308,0x9e4CB8b916289864321661CE02cf66aa5BA63C94,0x7eC1926A50D2D253011cC9891935eBc476713bb1,0x4200000000000000000000000000000000000006,0xDE5ed76E7c05eC5e4572CfC88d1ACEA165109E44,0x940181a94A35A4569E4529A3CDfB74e38FD98631,18,18,18,0,0,0.0,0.0,0,7109149568993931,1053160229494612626661801,1053160.2294946127,5.31032827743986e-23,55.92626547360294,0,55.92626547360294,18831.22752030889,1788393600
sAMM-DAI/USDbC,1.7442227231591426e-06,0x6EAB8c1B93f5799daDf2C687a30230a540DbD636,0xCF1D5Aa63083fda05c7f8871a9fDbfed7bA49060,0x50c5725949A6F0c72E6C4a641F24049A917DB0Cb,0xd9aAEc86B65D86f6A7B5B1b0c42FFA531710b6CA,0x940181a94A35A4569E4529A3CDfB74e38FD98631,18,18,6,22868018658676099687,21998371,22.8680186586761,21.998371,22868018658698098058,0,7892028765418826011,7.892028765418826,0.0,0,0,0,nan,0
vAMM-AERO/USDbC,0.07083023607190257,0x2223F9FE624F69Da4D8256A7bCc9104FBA7F8f75,0x9a202c932453fB3d04003979B121E80e5A14eE7b,0x940181a94A35A4569E4529A3CDfB74e38FD98631,0xd9aAEc86B65D86f6A7B5B1b0c42FFA531710b6CA,0x940181a94A35A4569E4529A3CDfB74e38FD98631,18,18,6,2001773120205256090,23822463,2.001773120205256,23.822463,2001773120229078553,2163359835782134,320483303604948319184173,320483.30360494833,9.670859977721283e-22,309.9349154360994,0,309.9349154360994,1034.0342040973558,1788393600
vAMM-WETH/AERO,0.5998907376471044,0x7f670f78B17dEC44d5Ef68a48740b6f8849cc2e6,0x96a24aB830D4ec8b1F6f04Ceac104F1A3b211a01,0x4200000000000000000000000000000000000006,0x940181a94A35A4569E4529A3CDfB74e38FD98631,0x940181a94A35A4569E4529A3CDfB74e38FD98631,18,18,18,99141235950253077,10025390179160980907,0.09914123595025308,10.025390179160981,10124531415111233984,18522022801626584,2714306432749818744069324,2714306.432749819,7.0138417880531195e-22,1903.7715883602075,0,1903.7715883602075,1425.7521487059048,1788393600
vAMM-WETH/DOG,0.00035439831151076767,0xF89042057D079debe2a65A1a899E48E0E825105F,0x15093ed45C2A3F88393d41bC436003E2b8115aD5,0x4200000000000000000000000000000000000006,0x9E53e88dCff56d3062510A745952DEC4cEFDff9E,0x940181a94A35A4569E4529A3CDfB74e38FD98631,18,18,18,250898273508167643,6253215024487897626241535,0.2508982735081676,6253215.024487898,6253215275386171134409178,0,1603534704440179315218,1603.5347044401794,0.0,0,0,0,nan,0
vAMM-WETH/USDbC,0.052571647059667076,0xB4885Bc63399BF5518b994c1d0C153334Ee579D0,0xeca7Ff920E7162334634c721133F3183B83B0323,0x4200000000000000000000000000000000000006,0xd9aAEc86B65D86f6A7B5B1b0c42FFA531710b6CA,0x940181a94A35A4569E4529A3CDfB74e38FD98631,18,18,6,0,0,0.0,0.0,0,1605689265642472,237869249913724175785322,237869.24991372417,4.604424235251278e-22,109.52509391237945,0,109.52509391237945,2171.8242040862397,1788393600
vAMM-WETH/fBOMB,0.02314595201330568,0x4F9Dc2229f2357B27C22db56cB39582c854Ad6d5,0x76c48576822Cd955C320f5d5A163E738dbFEcc01,0x4200000000000000000000000000000000000006,0x74ccbe53F77b08632ce0CB91D3A545bF6B8E0979,0x940181a94A35A4569E4529A3CDfB74e38FD98631,18,18,18,0,0,0.0,0.0,0,685469591605636,104727748736791099253917,104727.74873679111,0.0,0,0,0,nan,0
vAMM-WETH/WELL,0.0020060564004018176,0xffA3F8737C39e36dec4300B162c2153c67c8352f,0xcEa0a2228145d0fD25dE083e3786ddB1eA184296,0x4200000000000000000000000000000000000006,0xFF8adeC2221f9f4D8dfbAFa6B9a297d17603493D,0x940181a94A35A4569E4529A3CDfB74e38FD98631,18,18,18,613429153331,0,6.13429153331e-07,0.0,613429153331,61270730680031,9076739229924133157917,9076.739229924133,0.0,0,0,0,nan,0
vAMM-USD+/stERN,3.002513629965498e-07,0x607363389331f4B2D1b955d009506A67c565D75E,0xe5Cf7Ec83BA94c4AdF833d7DCdb800a53f28410E,0xB79DD08EA68A908A97220C76d19A6aA9cBDE4376,0xf7A0dd3317535eC4f4d29ADF9d620B3d8D5D5069,0x940181a94A35A4569E4529A3CDfB74e38FD98631,18,6,18,401552,3043838599867921847,0.401552,3.043838599867922,3043838599868323399,0,1358537738422055515,1.3585377384220554,0.0,0,0,0,nan,0
vAMM-USD+/USDbC,1.3383144681284369e-07,0xdC0F1F6eCd03ec1C9FFC2A17BaBAbd313477b20E,0xD2121Cb13A28Ab16Cb0f0F19A665e9a9311F9aBb,0xB79DD08EA68A908A97220C76d19A6aA9cBDE4376,0xd9aAEc86B65D86f6A7B5B1b0c42FFA531710b6CA,0x940181a94A35A4569E4529A3CDfB74e38FD98631,18,6,6,5515,2659,0.005515,0.002659,8174,0,605542866711187967,0.605542866711188,0.0,0,0,0,nan,0
vAMM-USDbC/THALES,0.00044415253773774486,0x5F43555b02507133eCd5b78218283ed849b07Eac,0x2692CC440416B7f8252406D84e9D66f0C48C069E,0xd9aAEc86B65D86f6A7B5B1b0c42FFA531710b6CA,0xf34e0cff046e154CAfCae502C7541b9E5FD8C249,0x940181a94A35A4569E4529A3CDfB74e38FD98631,18,6,18,40060294,209155087965794172250,40.060294,209.15508796579417,209155087965834232544,0,2009642781004082510685,2009.6427810040825,0.0,0,0,0,nan,0
vAMM-WETH/THALES,0.00010038266774217346,0x3f386Acc3A8E9194cF6279C219DF8DD3C5B71974,0x62052D68A7DBa58079B7D70a40796CAbAab2a95f,0x4200000000000000000000000000000000000006,0xf34e0cff046e154CAfCae502C7541b9E5FD8C249,0x940181a94A35A4569E4529A3CDfB74e38FD98631,18,18,18,2549561515145773,39246284988759388217,0.002549561515145773,39.246284988759385,39248834550274533990,0,454198245930334209316,454.1982459303342,0.0,0,0,0,nan,0
vAMM-EXTRA/WETH,0.07946565055241661,0x84Ff3B6e2046579Fb2f2b891CE18eE10b5fbDbF2,0xE5Ff63862097b32d3ed30551e290D66f1548973F,0x2dAD3a13ef0C6366220f989157009e501e7938F8,0x4200000000000000000000000000000000000006,0x940181a94A35A4569E4529A3CDfB74e38FD98631,18,18,18,67426222070492088529,17049181155298,67.42622207049209,1.7049181155298e-05,67426239119673243827,2427109463290993,359555687295774189641988,359555.6872957742,1.5144416942238451e-22,54.45261242360313,0,54.45261242360313,6603.093429176238,1788393600
vAMM-fBOMB/AERO,0.25863575255389504,0xbBf71AAD6E1F8D180D3B1D898528654c1d18b2fF,0x12E45bE50dd4f3Bc430B65d399B1e3b90275661c,0x74ccbe53F77b08632ce0CB91D3A545bF6B8E0979,0x940181a94A35A4569E4529A3CDfB74e38FD98631,0x940181a94A35A4569E4529A3CDfB74e38FD98631,18,18,18,5744958562870070437721,7820912316191068998,5744.958562870071,7.820912316191069,5752779475186261506719,7885320254653900,1170240916953614347518786,1170240.9169536144,2.991717483235577e-21,3501.030210847761,0,3501.030210847761,334.2561607516792,1788393600
vAMM-EURA/USDbC,1.065552160557195e-05,0xA56bE957d432a5d0eDc040B27078d9726f54E7f6,0x275535F82F287073CEEbC653862E4E43868AA65C,0xA61BeB4A3d02decb01039e378237032B351125B4,0xd9aAEc86B65D86f6A7B5B1b0c42FFA531710b6CA,0x940181a94A35A4569E4529A3CDfB74e38FD98631,18,18,6,2685895852291096801,2768404,2.6858958522910967,2.768404,2685895852293865205,0,48212697785180123453,48.212697785180126,0.0,0,0,0,nan,0
vAMM-SONNE/USDbC,0.0029170876608102013,0x554EcA2a48136724294CE47fb7bfE9AADfceE3c6,0x744462994510ccd987F697752bD46d1155F8022F,0x22a2488fE295047Ba13BD8cCCdBC8361DBD8cf7c,0xd9aAEc86B65D86f6A7B5B1b0c42FFA531710b6CA,0x940181a94A35A4569E4529A3CDfB74e38FD98631,18,18,6,13886115659486041833291,4163352,13886.115659486042,4.163352,13886115659486045996643,0,13198853233986864757364,13198.853233986865,0.0,0,0,0,nan,0
sAMM-AERO/USDbC,1.3383144681284369e-07,0xB304b47e039E20AFAd75FA2ada6CD8D95a9eea41,0x46110ac9100A027bAec01bf1C211522ce0B02540,0x940181a94A35A4569E4529A3CDfB74e38FD98631,0xd9aAEc86B65D86f6A7B5B1b0c42FFA531710b6CA,0x940181a94A35A4569E4529A3CDfB74e38FD98631,18,18,6,1478606844676654254992,1333274920,1478.6068446766542,1333.27492,1478606844677987529912,0,605542866711187967,0.605542866711188,0.0,0,0,0,nan,0
vAMM-EXTRA/AERO,0.0008741521803398416,0x688F778C51dB4D990bF1abaF8d33fD95e48C6641,0x6664867531c0FDd058881153FaBE7D2162833b07,0x2dAD3a13ef0C6366220f989157009e501e7938F8,0x940181a94A35A4569E4529A3CDfB74e38FD98631,0x940181a94A35A4569E4529A3CDfB74e38FD98631,18,18,18,0,0,0.0,0.0,0,26699121123532,3955248410077138006707,3955.248410077138,1.8996518356928373e-21,7.513594902824212,0,7.513594902824212,526.4122515562342,1788393600
sAMM-DAI+/USDbC,1.3383144681284369e-07,0x4f7f293e7B7b6D1cAA1ca48784C5986f3dE5E19c,0x2d8b33A0dc95F0eb9429551eA4d2297729828558,0x65a2508C429a6078a7BC2f7dF81aB575BD9D9275,0xd9aAEc86B65D86f6A7B5B1b0c42FFA531710b6CA,0x940181a94A35A4569E4529A3CDfB74e38FD98631,18,18,6,50433405726722813,35368,0.050433405726722814,0.035368,50433405726758181,0,605542866711187967,0.605542866711188,0.0,0,0,0,nan,0
sAMM-DAI/MAI,2.595156716262276e-07,0x30A30f266e1173a75985997B2523EcbC19c60fF3,0xc16A2c13d3A62937FB3b0FE03Fa24B0C6161245E,0x50c5725949A6F0c72E6C4a641F24049A917DB0Cb,0xbf1aeA8670D2528E08334083616dD9C5F3B087aE,0x940181a94A35A4569E4529A3CDfB74e38FD98631,18,18,18,11155958481521998911,11332301023467000347,11.155958481522,11.332301023467,22488259504988999258,0,1174222258635433511,1.1742222586354334,0.0,0,0,0,nan,0
sAMM-WETH/USDbC,1.305313122122921e-06,0x44d7Dd237001AeF7fC7D8CB13ab4452f65CE5E40,0x1AF743E6EbF9C4f90aE9A37E6e61Bca31a867676,0x4200000000000000000000000000000000000006,0xd9aAEc86B65D86f6A7B5B1b0c42FFA531710b6CA,0x940181a94A35A4569E4529A3CDfB74e38FD98631,18,18,6,124040652853345610,310256112,0.1240406528533456,310.256112,124040653163601722,0,5906108532409502377,5.906108532409503,0.0,0,0,0,nan,0
vAMM-FREN/WETH,0.0006988154864265351,0x679d601AAA86cd555E8bfD48ddC8b4aaDe2A0F27,0x5C84541A91c4dAF68964197E7ED1c7de79A82Ec3,0x12063CC18A7096D170e5Fc410d8623Ad97ee24B3,0x4200000000000000000000000000000000000006,0x940181a94A35A4569E4529A3CDfB74e38FD98631,18,18,18,7536126267381373714632,19233165757456107,7536.1262673813735,0.019233165757456108,7536145500547131170739,0,3161908079381884072978,3161.908079381884,0.0,0,0,0,nan,0
sAMM-WETH/BASED,0.00043081963332510935,0x5F45e48F9C053286cE9Ca08Db897f8b7eb3f7992,0xA7919a78183d4B3980c01DfDaCd0158772eB5632,0x4200000000000000000000000000000000000006,0x9CBD543f1B1166b2Df36b68Eb6bB1DcE24E6aBDf,0x940181a94A35A4569E4529A3CDfB74e38FD98631,18,18,18,878826545675223820,4749986757189285790,0.8788265456752238,4.749986757189286,5628813302864509610,0,1949315814869552503461,1949.3158148695527,0.0,0,0,0,nan,0
vAMM-BASED/USDbC,7.460088160907193e-07,0xb905d9195019778CFbaa4e9eD90dF3FC5871CD9A,0x1202cEE03f9Dc305e14c3C34afaedE7BcE47b373,0xBa5E6fa2f33f3955f0cef50c63dCC84861eAb663,0xd9aAEc86B65D86f6A7B5B1b0c42FFA531710b6CA,0x940181a94A35A4569E4529A3CDfB74e38FD98631,18,18,6,41047168293617294,350188,0.04104716829361729,0.350188,41047168293967482,0,3375442228605126725,3.3754422286051264,0.0,0,0,0,nan,0
vAMM-WETH/USDC,1.4443843522682558,0xcDAC0d6c6C59727a65F871236188350531885C43,0x519BBD1Dd8C6A94C46080E24f316c14Ee758C025,0x4200000000000000000000000000000000000006,0x833589fCD6eDb6E08f4c7C32D4f71b54bdA02913,0x940181a94A35A4569E4529A3CDfB74e38FD98631,18,18,6,39765854156540734,120378658,0.039765854156540735,120.378658,39765854276919392,44116229234979261,6535359679167452403502943,6535359.679167452,0.0,0,0,0,nan,0
vAMM-USDC/AERO,12.250410137207027,0x6cDcb1C4A4D1C3C6d054b27AC5B77e89eAFb971d,0x4F09bAb2f0E15e2A078A227FE1537665F55b8360,0x833589fCD6eDb6E08f4c7C32D4f71b54bdA02913,0x940181a94A35A4569E4529A3CDfB74e38FD98631,0x940181a94A35A4569E4529A3CDfB74e38FD98631,18,6,18,1642024999,1546993118654586400007,1642.024999,1546.9931186545864,1546993118656228425006,374164918065236050,55429038910757915306384853,55429038.910757914,0.0,0,0,0,nan,0
sAMM-DAI/USDC,4.992089728367794e-05,0x67b00B46FA4f4F24c03855c5C8013C0B938B3eEc,0x640e9ef68e1353112fF18826c4eDa844E1dC5eD0,0x50c5725949A6F0c72E6C4a641F24049A917DB0Cb,0x833589fCD6eDb6E08f4c7C32D4f71b54bdA02913,0x940181a94A35A4569E4529A3CDfB74e38FD98631,18,18,6,0,0,0.0,0.0,0,1524732789002,225875487188202650534,225.87548718820264,0.0,0,0,0,nan,0
vAMM-WETH/USD+,5.086726350077031e-06,0x08B935148AB10d3699Cb8d944519e8213abE6f1D,0x1cb5503Ed87CAf12fa56e67219baC798eb51F5a7,0x4200000000000000000000000000000000000006,0xB79DD08EA68A908A97220C76d19A6aA9cBDE4376,0x940181a94A35A4569E4529A3CDfB74e38FD98631,18,18,6,16509143048504098,154947463,0.016509143048504097,154.947463,16509143203451561,0,23015748014056261285,23.01574801405626,0.0,0,0,0,nan,0
vAMM-WETH/AAG,0.00015953142363308754,0x6689a0582BAfcC286A81dc38D76e0470AcD17275,0xd962615116fAf0d2A9DB99310Db8126CF700ec1b,0x4200000000000000000000000000000000000006,0x96e890c6b2501a69cAD5Dba402BFB871a2A2874C,0x940181a94A35A4569E4529A3CDfB74e38FD98631,18,18,18,3615343124682188,37250172896660853802083,0.003615343124682188,37250.17289666086,37250176512003978484271,0,721826729799844593836,721.8267297998447,0.0,0,0,0,nan,0
sAMM-USD+/MAI,6.414806555752693e-05,0x3FF5bfE3ff5e1877664Fe25862871554e632b9C9,0xC8a2a224aA2Ff37435Ef49903fC6a4e5CA741645,0xB79DD08EA68A908A97220C76d19A6aA9cBDE4376,0xbf1aeA8670D2528E08334083616dD9C5F3B087aE,0x940181a94A35A4569E4529A3CDfB74e38FD98631,18,6,18,7810427,1352484362551789301,7.810427,1.3524843625517893,1352484362559599728,0,290248700411973884605,290.2487004119739,0.0,0,0,0,nan,0
vAMM-SONNE/USDC,7.756571085339812e-05,0x4cC2FeFB2635C86b1bae1b58E0f60Fb43E95e264,0xCbfeaED3dd9310406c046FB496C7E77f7571a808,0x22a2488fE295047Ba13BD8cCCdBC8361DBD8cf7c,0x833589fCD6eDb6E08f4c7C32D4f71b54bdA02913,0x940181a94A35A4569E4529A3CDfB74e38FD98631,18,18,6,70398679953029714278016,20467022,70398.67995302971,20.467022,70398679953029734745038,0,350959090910389825098,350.9590909103898,0.0,0,0,0,nan,0
vAMM-cbETH/AERO,1.0004129572090597e-07,0x325a5FC7a92d3166ffabe7233c992143CF5EDd2c,0x93c2EE357213Fa873A49Ad8d453007417D7aE399,0x2Ae3F1Ec7F1F5012CFEab0185bfc7aa3cf0DEc22,0x940181a94A35A4569E4529A3CDfB74e38FD98631,0x940181a94A35A4569E4529A3CDfB74e38FD98631,18,18,18,804796660782083,3492225455982182597,0.000804796660782083,3.4922254559821826,3493030252642964680,0,452653650864703704,0.45265365086470366,0.0,0,0,0,nan,0
vAMM-WETH/XEN,1.8371721121127003e-06,0xC95582235D8905Ea7dAC517286bEc72F653fa24B,0x50793B917AE25Ab859F67406f271eEb05C7521FA,0x4200000000000000000000000000000000000006,0x981D41C115a2d48Cb1215D13Bda8f989d407c9c5,0x940181a94A35A4569E4529A3CDfB74e38FD98631,18,18,18,50063031597013371,4777972881114033717392266,0.05006303159701337,4777972.881114034,4777972931177065314405637,0,8312593892572402034,8.312593892572401,0.0,0,0,0,nan,0
vAMM-tBTC/USDC,0.0002675144670314481,0x323121CD6F6274c9aeB9f87e0664C8FDa5d343A5,0x434a8eEA016357bE462Eb6adE1b99F9f9F5Ff2c3,0x236aa50979D5f3De3Bd1Eeb40E81137F22ab794b,0x833589fCD6eDb6E08f4c7C32D4f71b54bdA02913,0x940181a94A35A4569E4529A3CDfB74e38FD98631,18,18,6,0,0,0.0,0.0,0,8170742114933,1210414152358939358862,1210.4141523589394,3.037864816373573e-23,0.03677074566691863,0,0.03677074566691863,32917.857128143776,1788393600
vAMM-WETH/JARVIS,0.010112724185572889,0xeff0891e5a1bd47a8F1e77ABebfEE4145974D088,0xf460124c6146800c6C061A6fC40C14677523BC90,0x4200000000000000000000000000000000000006,0x777b2839832982B35213063d850848369390EE16,0x940181a94A35A4569E4529A3CDfB74e38FD98631,18,18,18,0,0,0.0,0.0,0,308872696423498,45756719660626777895898,45756.71966062678,2.161951675007137e-22,9.892381671312407,0,9.892381671312407,4625.450289015821,1788393600
vAMM-cbETH/USDC,5.581023130565382e-05,0xa1d2ee6212D4375F154393E59895A5D27859C4e4,0x1a3FD3c084E5680655768b41Da653ca6e84b5981,0x2Ae3F1Ec7F1F5012CFEab0185bfc7aa3cf0DEc22,0x833589fCD6eDb6E08f4c7C32D4f71b54bdA02913,0x940181a94A35A4569E4529A3CDfB74e38FD98631,18,18,6,33493717806379451,92378509,0.03349371780637945,92.378509,33493717898757960,0,252522768463389149031,252.52276846338916,0.0,0,0,0,nan,0
sAMM-USDC/MAI,0.34169233294041906,0x2a1463CeBE85315224c536AfD389b381B43F3206,0x9280df579CeA690cAf5c31601cb71564Bb6FA6B7,0x833589fCD6eDb6E08f4c7C32D4f71b54bdA02913,0xbf1aeA8670D2528E08334083616dD9C5F3B087aE,0x940181a94A35A4569E4529A3CDfB74e38FD98631,18,6,18,7893177,0,7.893177,0.0,7893177,10436369913325469,1546044369611628148626623,1546044.3696116281,2.0599051870310532e-23,31.847048163431474,0,31.847048163431474,48545.92368114295,1788393600
vAMM-MST/WETH,5.931886397113474e-06,0x52E9cC1aD755347BDF666ddf6Ad88EdfFe76fe68,0x44283e26C3610f7a6f93fe37ab80aA6Fca57839E,0x2F3b1A07E3eFb1fCc64BD09b86bD0Fa885D93552,0x4200000000000000000000000000000000000006,0x940181a94A35A4569E4529A3CDfB74e38FD98631,18,18,18,2080870484642075729318,2759362703926278,2080.8704846420756,0.002759362703926278,2080873244004779655596,0,26839816645907110505,26.839816645907113,0.0,0,0,0,nan,0
sAMM-LUSD/USDbC,3.946847490308494e-06,0x8c7D15fCB443e07C5dc980901A6281f96D87C10F,0xe69e310cE7dBC2F43A8671e140d435c0128a725E,0x368181499736d0c0CC614DBB145E2EC1AC86b8c6,0xd9aAEc86B65D86f6A7B5B1b0c42FFA531710b6CA,0x940181a94A35A4569E4529A3CDfB74e38FD98631,18,18,6,5442986603090874953,4923923,5.442986603090875,4.923923,5442986603095798876,0,17858174597002851894,17.85817459700285,0.0,0,0,0,nan,0
vAMM-WETH/VELA,0.0005270320152942192,0x951FdfA193D92C74c9e35Ea8C8C757CBCBB85147,0xA0eBBC0F5AdCc34E7ca3Ea5BaC654C00817B8F0B,0x4200000000000000000000000000000000000006,0x5A76A56ad937335168b30dF3AA1327277421C6Ae,0x940181a94A35A4569E4529A3CDfB74e38FD98631,18,18,18,7036149572747505,4091390541178038066956,0.007036149572747505,4091.390541178038,4091397577327610814461,0,2384644902151715785546,2384.644902151716,0.0,0,0,0,nan,0
vAMM-WETH/OVN,3.5098741778236597e-09,0xBE0aBf47Dd240d84941024433724004F0C92CDe5,0xc641c66daB86250414628aB98848A4762d288650,0x4200000000000000000000000000000000000006,0xA3d1a8DEB97B111454B294E2324EfAD13a9d8396,0x940181a94A35A4569E4529A3CDfB74e38FD98631,18,18,18,2133318983493169,7543278721278928279,0.002133318983493169,7.543278721278928,7545412040262421448,0,15881015426868585,0.015881015426868584,0.0,0,0,0,nan,0
sAMM-WETH/USDC,0.0007609594728538857,0x3548029694fbB241D45FB24Ba0cd9c9d4E745f16,0xaeBA79D1108788E5754Eb30aaC64EB868a3247FC,0x4200000000000000000000000000000000000006,0x833589fCD6eDb6E08f4c7C32D4f71b54bdA02913,0x940181a94A35A4569E4529A3CDfB74e38FD98631,18,18,6,0,0,0.0,0.0,0,23380128053561,3443088987055278729638,3443.0889870552787,0.0,0,0,0,nan,0
vAMM-EXTRA/USDC,2.6458486711196055e-06,0x68B41faC96b9A6E6dC6219D13834BdE39c22424d,0xA7A488EdcE2cd50255068B7ECE4Db4C8e6E9a010,0x2dAD3a13ef0C6366220f989157009e501e7938F8,0x833589fCD6eDb6E08f4c7C32D4f71b54bdA02913,0x940181a94A35A4569E4529A3CDfB74e38FD98631,18,18,6,19694897109628089184,670769,19.69489710962809,0.670769,19694897109628759953,0,11971586853083275271,11.971586853083275,0.0,0,0,0,nan,0
vAMM-USDC/MTA,0.00012367157058089558,0x1307f36BC34081401497A873522570AebA4CdE90,0x350545d8d440FfabaC5f38dC2b6a917a0DfDDbB5,0x833589fCD6eDb6E08f4c7C32D4f71b54bdA02913,0xba7D47f471ADD16875e765edEe0858C3413A56Fd,0x940181a94A35A4569E4529A3CDfB74e38FD98631,18,6,18,10818610,497270631268087155762,10.81861,497.27063126808713,497270631268097974372,0,559572799694515075401,559.5727996945151,0.0,0,0,0,nan,0
sAMM-USDC/USD+,3.031503787966147e-06,0x418457Ca08fA5EC77f811B105F2c585cd051Ac10,0x9701A079C6e80D91CE4c464C4a996237A27FE537,0x833589fCD6eDb6E08f4c7C32D4f71b54bdA02913,0xB79DD08EA68A908A97220C76d19A6aA9cBDE4376,0x940181a94A35A4569E4529A3CDfB74e38FD98631,18,6,6,0,0,0.0,0.0,0,92591761285,13716548224857680124,13.71654822485768,0.0,0,0,0,nan,1788393600
vAMM-SNX/USDC,0.0013002337790471786,0xcC79bfA7a3212d94390c358E88afcD39294549ca,0xe8cDa9cD77E847a283766E7122452c9155fd094f,0x22e6966B799c4D5B13BE962E1D117b56327FDa66,0x833589fCD6eDb6E08f4c7C32D4f71b54bdA02913,0x940181a94A35A4569E4529A3CDfB74e38FD98631,18,18,6,0,0,0.0,0.0,0,39713272390877,5883126191260669341893,5883.12619126067,1.0470137168609892e-21,6.159713820274068,0,6.159713820274068,955.0973247972919,1788393600
vAMM-USDC/WELL,7.269591266763524e-08,0x790027573FD4ccD0132e04c194E7a963c2521f1d,0x83a7D55b902Db2069c7c776856d864a8C381A392,0x833589fCD6eDb6E08f4c7C32D4f71b54bdA02913,0xFF8adeC2221f9f4D8dfbAFa6B9a297d17603493D,0x940181a94A35A4569E4529A3CDfB74e38FD98631,18,6,18,127015258,4963647113125508943693,127.015258,4963.647113125509,4963647113125635958951,0,328924870822822185,0.32892487082282224,0.0,0,0,0,nan,0
sAMM-USDC/AERO,0.0004000075969337881,0x861Ee8B9F7e42eDCF4f1B5614c6595F71A879f3f,0x63f85D5D213A83F3C0C76E3A26Cdcaca34aBE784,0x833589fCD6eDb6E08f4c7C32D4f71b54bdA02913,0x940181a94A35A4569E4529A3CDfB74e38FD98631,0x940181a94A35A4569E4529A3CDfB74e38FD98631,18,6,18,24881866646,27779933108747165087311,24881.866646,27779.933108747166,27779933108772046953957,0,1809901579352078398691,1809.9015793520782,0.0,0,0,0,nan,0
sAMM-WETH/wstETH,2.7524637830374254e-07,0x29BBb5F85F01702Ec85D217CEEb2d9657700cF04,0xc3A4ADA162B989326326db7aec07000bEA6Bb69c,0x4200000000000000000000000000000000000006,0xc1CBa3fCea344f92D9239c08C0568f6F2F0ee452,0x940181a94A35A4569E4529A3CDfB74e38FD98631,18,18,18,0,0,0.0,0.0,0,8406899260,1245398483982651666,1.2453984839826517,1.8742827991158872e-22,0.00023342289565736867,0,0.00023342289565736867,5335.374152031419,1788393600
vAMM-WETH/NPC,0.04751328788555895,0x5E14319D52c9C18a04BFBBE12dd3a0FE3C1A816a,0xd1D3cbD443443d6cfee567C5A85B94Df633CdCAB,0x4200000000000000000000000000000000000006,0xB166E8B140D35D9D8226E40C09f757BAC5A4d87d,0x940181a94A35A4569E4529A3CDfB74e38FD98631,18,18,18,0,0,0.0,0.0,0,1636267748789877,214981853953432449651362,214981.85395343247,1.575840373962823e-21,338.777085129198,0,338.777085129198,634.5820404926318,1788393600
vAMM-SEAM/AERO,0.001066533307032683,0xB77d96D27E0D3C0C04d02771d564A6E242992af0,0x0C6612326e1b28Ad3F20C62F8aef1dB88e0C293c,0x1C7a460413dD4e964f96D8dFC56E7223cE88CD85,0x940181a94A35A4569E4529A3CDfB74e38FD98631,0x940181a94A35A4569E4529A3CDfB74e38FD98631,18,18,18,806821959524831115594,205570170867543157681,806.8219595248311,205.57017086754317,1012392130392374273275,0,4825709140593066127251,4825.709140593067,0.0,0,0,0,nan,0
sAMM-WETH/AERO,0.00037108525696715,0x80aBe24A3ef1fc593aC5Da960F232ca23B2069d0,0x3d2a91023E9C815Ba14335cd9650AE9A518b6D63,0x4200000000000000000000000000000000000006,0x940181a94A35A4569E4529A3CDfB74e38FD98631,0x940181a94A35A4569E4529A3CDfB74e38FD98631,18,18,18,749069261910945817,2258161976074762596086,0.7490692619109458,2258.1619760747626,2258911045336673541903,0,1679037592804240923328,1679.0375928042408,0.0,0,0,0,nan,0
sAMM-USDC+/USD+,1.7717069562330013e-06,0xE96c788E66a97Cf455f46C5b27786191fD3bC50B,0x526b3D92fF55263dd24E3e14ccD0f5c2Dab81d3b,0x85483696Cc9970Ad9EdD786b2C5ef735F38D156f,0xB79DD08EA68A908A97220C76d19A6aA9cBDE4376,0x940181a94A35A4569E4529A3CDfB74e38FD98631,18,6,6,46381763,56390274,46.381763,56.390274,102772037,0,8016385795707657231,8.016385795707658,0.0,0,0,0,nan,0
vAMM-wBaseDOGE/WETH,0.0014629700473831663,0x9D933f0AF9dc01A6f9e5D2e6dcB25B6D0837EA81,0x67d128F56EBacE1341f17e0BD20e0653034F7cCb,0x373504DA48418C67E6FCD071F33Cb0b3B47613C7,0x4200000000000000000000000000000000000006,0x940181a94A35A4569E4529A3CDfB74e38FD98631,18,18,18,692150370451206596212107553,33927247104412547,692150370.4512066,0.03392724710441255,692150370485133843316520100,0,6619453779378755117457,6619.453779378755,0.0,0,0,0,nan,0
sAMM-MAI/eUSD,2.924992474281294e-06,0x413d78628d688edcdE29518199A3A3DB955068EC,0x2cC76EF706B2fC694F86c633b880a6dde81687F1,0xbf1aeA8670D2528E08334083616dD9C5F3B087aE,0xCfA3Ef56d303AE4fAabA0592388F19d7C3399FB4,0x940181a94A35A4569E4529A3CDfB74e38FD98631,18,18,18,1375127162740161660339,718639922160941822697,1375.1271627401616,718.6399221609419,2093767084901103483036,0,13234619890659094483,13.234619890659095,0.0,0,0,0,nan,0
vAMM-WETH/TKN,0.009043244378627418,0x1a9f461a371559f82976fa18C46A6A0d29f131d0,0xe157D5a0C9a533ebbdEaDb43633ce76d61816778,0x4200000000000000000000000000000000000006,0x78b3C724A2F663D11373C4a1978689271895256f,0x940181a94A35A4569E4529A3CDfB74e38FD98631,18,18,18,357293443745965,0,0.000357293443745965,0.0,357293443745965,276209427176157,40917678586123970027304,40917.67858612397,5.337596493390687e-22,21.84020577389825,0,21.84020577389825,1873.5024298638093,1788393600
vAMM-WETH/TOSHI,9.387497412154683e-05,0x081E4455d91726212D1fa9AfFeE80637D1f7bE8E,0x3356d4D0D25B033d28f566c9D62d4D8112F4BC29,0x4200000000000000000000000000000000000006,0xAC1Bd2486aAf3B5C0fc3Fd868558b082a531B2B4,0x940181a94A35A4569E4529A3CDfB74e38FD98631,18,18,18,27771959472045892,147477269657618627989516,0.02777195947204589,147477.26965761863,147477297429578100035408,0,424753092757752782095,424.75309275775277,0.0,0,0,0,nan,0
vAMM-WETH/BETS,2.557331642598356e-07,0xb7A0B6322834014F95841e643Dffa7Bb9b9Dc0ED,0xCa311e2460EaB52b3f2008B5cDeF0486556Bafb3,0x4200000000000000000000000000000000000006,0x94025780a1aB58868D9B2dBBB775f44b32e8E6e5,0x940181a94A35A4569E4529A3CDfB74e38FD98631,18,18,18,27938994086167900,739680371232317220831915,0.0279389940861679,739680.3712323172,739680399171311306999815,0,1157107668540593198,1.1571076685405932,0.0,0,0,0,nan,0
vAMM-AERO/ZOOMER,0.0016465334310121385,0x45D8c7BF5be7c99D39cDC724f60497BD79546458,0xaCF2c5e2c6e54b0AE44DaeF6C12136bCEab88d07,0x940181a94A35A4569E4529A3CDfB74e38FD98631,0xD1dB4851bcF5B41442cAA32025Ce0Afe6B8EabC2,0x940181a94A35A4569E4529A3CDfB74e38FD98631,18,18,18,93773763089949785838,42769008598680219158059008,93.77376308994978,42769008.59868022,42769102372443309107844846,0,7450017149894643817725,7450.017149894644,0.0,0,0,0,nan,0
vAMM-suUSD/eMTRG,8.342670904583366e-06,0x70fAaFB3c7990771F6724C00F2574437bf805A9f,0x68b896E8B47f3d7a2399376D76706204B0B6e32E,0x8BF591Eae535f93a242D5A954d3Cde648b48A5A8,0xa023E6f6B4862EA38cbe45e377abD908abAb2f82,0x940181a94A35A4569E4529A3CDfB74e38FD98631,18,18,18,1711645209101034178,16267927902979325426,1.7116452091010341,16.267927902979327,17979573112080359604,0,37747816196399443400,37.74781619639944,0.0,0,0,0,nan,0
vAMM-WETH/MET,0.15553217212361,0xF91E0Dfe1265B914182De54E08C9CA2068bedDDE,0x4aCfd43DaD13c5312FD0021C837167d294d7fCF9,0x4200000000000000000000000000000000000006,0x93dc5Cb35627A759848c7A7F0079EA7b49E435a5,0x940181a94A35A4569E4529A3CDfB74e38FD98631,18,18,18,74884379734565,6672311168815051634,7.4884379734565e-05,6.672311168815051,6672386053194786199,4750446893954906,703731444413483118661620,703731.4444134831,0.0,0,0,0,nan,0
vAMM-WETH/DOG,0.0008791863035720399,0xa01fd0F24a2E6fEf6b2ed7573Cb6F59164D396E0,0x040a3f6bc2d8DCD26879d29CaF6Bc4581d6477aA,0x4200000000000000000000000000000000000006,0xAfb89a09D82FBDE58f18Ac6437B3fC81724e4dF6,0x940181a94A35A4569E4529A3CDfB74e38FD98631,18,18,18,0,0,0.0,0.0,0,26853144195093,3978026146446272439280,3978.026146446273,0.0,0,0,0,nan,0
vAMM-WETH/DHT,0.0022295533361544363,0x688b0380360C84135769D4F75d70038119846a8E,0xF42c2da9E11AE1B272c0F4DFd03ab40D06aA709E,0x4200000000000000000000000000000000000006,0x54BC229d1cB15F8B6415EfEab4290a40bc8b7D84,0x940181a94A35A4569E4529A3CDfB74e38FD98631,18,18,18,0,0,0.0,0.0,0,68097645496933,10087988666434137852445,10087.988666434137,0.0,0,0,0,nan,0
vAMM-WETH/axlOP,0.07364068038202279,0x6a071315B5Ae7da81CA56901ff13893F84776c7B,0xf2B43787C9F841B69567Df52DD6669F4D6De293f,0x4200000000000000000000000000000000000006,0x994ac01750047B9d35431a7Ae4Ed312ee955E030,0x940181a94A35A4569E4529A3CDfB74e38FD98631,18,18,18,11537428924787198,61396785946764082151,0.011537428924787199,61.39678594676408,61408323375688869349,0,333199631081122755627915,333199.6310811228,0.0,0,0,0,nan,0
vAMM-wBaseDOGE/AERO,0.004822893358492142,0xDab27FB1923FC017e941D837040add59b9aFF9fD,0xEacFC84B210f27CC5999191a55BA39cb4E4c8902,0x373504DA48418C67E6FCD071F33Cb0b3B47613C7,0x940181a94A35A4569E4529A3CDfB74e38FD98631,0x940181a94A35A4569E4529A3CDfB74e38FD98631,18,18,18,130932611654573875255112562,25149443023401156752,130932611.65457387,25.149443023401158,130932636804016898656269314,0,21821991315896067800782,21821.99131589607,0.0,0,0,0,nan,0
vAMM-WETH/AYB,8.491547547712639e-05,0x35D057C5c0Af0caE0Db29946872B486aFC1E0e17,0x521221892F5398B45d3A1a843f01FdeCED76BBB6,0x4200000000000000000000000000000000000006,0x7ED613AB8b2b4c6A781DDC97eA98a666c6437511,0x940181a94A35A4569E4529A3CDfB74e38FD98631,18,18,18,20921426724269732,68449237168634986089632036,0.02092142672426973,68449237.16863498,68449237189556412813901768,0,384214335816535254588,384.21433581653525,0.0,0,0,0,nan,0
vAMM-WETH/bsdETH,0.06981093774449118,0x6B87B8663eE63191887F18225F79D9eEb2DE0d34,0x25F30f8be46a9dc4A02eAF5a70c48bcB47A11807,0x4200000000000000000000000000000000000006,0xCb327b99fF831bF8223cCEd12B1338FF3aA322Ff,0x940181a94A35A4569E4529A3CDfB74e38FD98631,18,18,18,1602615795811,992447866388,1.602615795811e-06,9.92447866388e-07,2595063662199,2132247932015209,315871317065807271884240,315871.31706580723,2.544831187855876e-25,0.08038391790181784,0,0.08038391790181784,3929533.733994122,1788393600
vAMM-WETH/L2VE,0.00037314377319845376,0x253Da544f498b85429F6ACDc6E98B36b36c1C824,0x3d9E2D8AF6FF16a62217c8a559Ee5987c72acb86,0x4200000000000000000000000000000000000006,0xA19328fb05ce6FD204D16c2a2A98F7CF434c12F4,0x940181a94A35A4569E4529A3CDfB74e38FD98631,18,18,18,82500188032253008,1736365231566696667253648,0.08250018803225301,1736365.2315666967,1736365314066884699506656,0,1688351695353086434746,1688.3516953530864,0.0,0,0,0,nan,0
vAMM-BMX/USDC,0.01464966799403772,0x2F48C208d7Bd2b4Ff6Da005A9427eF38F035b2d8,0x7062ADe77b3b2894cBc5bCa78d5E784214B1A390,0x548f93779fBC992010C07467cBaf329DD5F059B7,0x833589fCD6eDb6E08f4c7C32D4f71b54bdA02913,0x940181a94A35A4569E4529A3CDfB74e38FD98631,18,18,6,474811430036744126,480056,0.47481143003674414,0.480056,474811430037224182,447450384511529,66284884193790226010720,66284.88419379022,1.3146385081167164e-21,87.14066126721369,0,87.14066126721369,760.6653797419556,1788393600
vAMM-WETH/doginme,0.11220155445104095,0x139E9f235588A9720e7Eab045da29dC781c4b658,0x666c383e4EAb3328660A85d1C41FFDce9D85D8eE,0x4200000000000000000000000000000000000006,0x6921B130D297cc43754afba22e5EAc0FBf8Db75b,0x940181a94A35A4569E4529A3CDfB74e38FD98631,18,18,18,4738266024605677,273460482470602769184589,0.004738266024605677,273460.4824706028,273460487208868793790266,3427737906919030,507674784587432109242209,507674.78458743216,1.5796051635276462e-21,801.9257111270933,0,801.9257111270933,633.0695942818738,1788393600
vAMM-DEGEN/USDC,2.9884858713084394e-06,0x637ad8d2611d3efE2ef41fdBb40b9F21AbAF9585,0xF2478BEB6030CbA9069cD471c6C653B34dD7c093,0x4ed4E862860beD51a9570b96d89aF5E1B0Efefed,0x833589fCD6eDb6E08f4c7C32D4f71b54bdA02913,0x940181a94A35A4569E4529A3CDfB74e38FD98631,18,18,6,255378549403857196590108,466190798,255378.5494038572,466.190798,255378549403857662780906,0,13521906433311636055,13.521906433311635,0.0,0,0,0,nan,0
vAMM-AERO/TOSHI,0.0017257228482783313,0x4660Ff55A4Db144734AE76550Ee3093e0BA7F8D1,0xDA58433E3eE06c5CCC27D9E2794aC9CE54576A2c,0x940181a94A35A4569E4529A3CDfB74e38FD98631,0xAC1Bd2486aAf3B5C0fc3Fd868558b082a531B2B4,0x940181a94A35A4569E4529A3CDfB74e38FD98631,18,18,18,0,0,0.0,0.0,0,51280868142444,7808322973275737586557,7808.322973275738,2.3001786982056e-21,17.960538171838266,0,17.960538171838266,434.7488309408801,1788393600
vAMM-WETH/FARM,8.335857657863957e-05,0x5A5Fb78963938B4855BF257b186e1c4daFC9f482,0x47B8a299407Ee3b2B1cd9D98846E1D67c8817a20,0x4200000000000000000000000000000000000006,0xD08a2917653d4E460893203471f0000826fb4034,0x940181a94A35A4569E4529A3CDfB74e38FD98631,18,18,18,148448322111624832,28216299682503967560,0.14844832211162484,28.21629968250397,28364748004615592392,0,377169885168941075875,377.16988516894105,0.0,0,0,0,nan,0
vAMM-GROW/WETH,5.101855097094254e-05,0xDa74029240F657a7be372906290300dBb8F1BcCd,0x8c021a56b951b22491Aa74404275732281367ba5,0x321725ee44CB4bfA544CF45a5A585b925d30A58C,0x4200000000000000000000000000000000000006,0x940181a94A35A4569E4529A3CDfB74e38FD98631,18,18,18,245466468806427076811,30829937976484863,245.4664688064271,0.030829937976484863,245497298744403561674,0,230842005717826175057,230.84200571782617,0.0,0,0,0,nan,0
vAMM-KWENTA/WETH,8.366659398432856e-05,0xc91cE85Da7FB4523926a2930e930A8B52a7B85B2,0xc7D62524C372125830A234f0E197C335d0F973FE,0x37Ab9F42051C112CAAba55AB6487dd74286A0B29,0x4200000000000000000000000000000000000006,0x940181a94A35A4569E4529A3CDfB74e38FD98631,18,18,18,94209703541959521,72740055945466,0.09420970354195952,7.2740055945466e-05,94282443597904987,0,378563561672331858655,378.5635616723319,0.0,0,0,0,nan,0
vAMM-USDC/DOG,7.912504706303602e-06,0x1bA78f0373178F4d7996267D005eCbc29e14c99F,0xc3ef893d3E8F7521525fE138505262AE8B3D99BA,0x833589fCD6eDb6E08f4c7C32D4f71b54bdA02913,0x9E53e88dCff56d3062510A745952DEC4cEFDff9E,0x940181a94A35A4569E4529A3CDfB74e38FD98631,18,6,18,1624148,11505095818897851062523,1.624148,11505.095818897851,11505095818897852686671,0,35801456958179031303,35.80145695817903,0.0,0,0,0,nan,0
vAMM-WETH/VITA,9.238432689618511e-07,0x152f55611636A3E6273D1367F6E0360aBad7D319,0xB193Cf7E7820655F1837CcBB0fe3c96Db90faF1f,0x4200000000000000000000000000000000000006,0x490a4B510d0Ea9f835D2dF29Eb73b4FcA5071937,0x940181a94A35A4569E4529A3CDfB74e38FD98631,18,18,18,8053417284798653,36328908292383714423,0.008053417284798654,36.328908292383716,36336961709668513076,0,4180084089364464670,4.180084089364465,0.0,0,0,0,nan,0
vAMM-WETH/SPX,0.2253369548850736,0xe96a4E9EA3a2C6Db214174738a19Eb7Dbb8A3069,0xCC38E1fc0f8BD866143f672D9E4340f05D262543,0x4200000000000000000000000000000000000006,0x50dA645f148798F68EF2d7dB7C1CB22A6819bb2C,0x940181a94A35A4569E4529A3CDfB74e38FD98631,18,18,8,0,0,0.0,0.0,0,6904094699883565,1019574912224456499201273,1019574.9122244566,1.715209531685341e-21,1748.7846077146328,0,1748.7846077146328,583.0191481138831,1788393600
sAMM-DEGEN/DOG,7.527919752049421e-06,0x56EA567EfCf632E3427D84E3D70c7DE24377AfB8,0xf6B598c9E06322571901eEe8F33AB39B10a58904,0x4ed4E862860beD51a9570b96d89aF5E1B0Efefed,0xAfb89a09D82FBDE58f18Ac6437B3fC81724e4dF6,0x940181a94A35A4569E4529A3CDfB74e38FD98631,18,18,18,172513556750035312071,280240114484743231771,172.51355675003532,280.24011448474323,452753671234778543842,0,34061337716856462873,34.061337716856464,0.0,0,0,0,nan,0
vAMM-YFX/AERO,3.895242903229427e-05,0x448686cA47fBE77d8fc9EEc6829837bF45E8ea75,0xCEc1D4EFF7d6a785447Ff48C336feE57A29804d0,0x8901cB2e82CC95c01e42206F8d1F417FE53e7Af0,0x940181a94A35A4569E4529A3CDfB74e38FD98631,0x940181a94A35A4569E4529A3CDfB74e38FD98631,18,18,18,8231470961741029332,17687136852925454026,8.23147096174103,17.687136852925455,25918607814666483358,0,176246809724513266552,176.24680972451324,0.0,0,0,0,nan,0
vAMM-TYBG/wBLT,7.360904723172375e-06,0x1AFc638D3d53F0993096350403B5845bE7c77f43,0x89C56c18a1d9DBA342028C00C3e1bE3A96507E4b,0x0d97F261b1e88845184f678e2d1e7a98D9FD38dE,0x4E74D4Db6c0726ccded4656d0BCE448876BB4C7A,0x940181a94A35A4569E4529A3CDfB74e38FD98631,18,18,18,1723864732603286723421399,55095201476794954227,1723864.7326032866,55.095201476794955,1723919827804763518375626,0,33305650157777091712,33.305650157777094,0.0,0,0,0,nan,0
vAMM-MAVIA/WETH,0.01570513551710209,0xC90E88d30b99442B6994915F3b146cE3D55982D9,0x3d0f8DF262c1AE46b4af8381f769F7F2872A0d5d,0x24fcFC492C1393274B6bcd568ac9e225BEc93584,0x4200000000000000000000000000000000000006,0x940181a94A35A4569E4529A3CDfB74e38FD98631,18,18,18,0,0,0.0,0.0,0,479687930729429,71060524335607913253755,71060.52433560792,9.51881270882553e-22,67.64118221415904,0,67.64118221415904,1050.551188041375,1788393600
vAMM-WETH/TN100x,0.06580695415800372,0x8f5F1D63599362115e7F9fe71BFD5ab883D82c82,0x931143b901A1c81bA1657cF0F2AcD126F75ca4Fd,0x4200000000000000000000000000000000000006,0x5B5dee44552546ECEA05EDeA01DCD7Be7aa6144A,0x940181a94A35A4569E4529A3CDfB74e38FD98631,18,18,18,0,0,0.0,0.0,0,2010022784009009,297754620601957344704918,297754.6206019573,0.0,0,0,0,nan,0
sAMM-USDC/USX,0.005442055250261186,0x1f019b4420936a800fF6f54c00d9da05445DE433,0x62b2Da7b10dde762B3b020AAEe409786b548684C,0x833589fCD6eDb6E08f4c7C32D4f71b54bdA02913,0xc142171B138DB17a1B7Cb999C44526094a4dae05,0x940181a94A35A4569E4529A3CDfB74e38FD98631,18,6,18,0,0,0.0,0.0,0,166218764497149,24623493323301455731959,24623.493323301456,0.0,0,0,0,nan,0
vAMM-USDC/SPOT,2.2288044157150742e-05,0xa43455d99Eb63473cFA186b388c1BC2EA1B63924,0xD90C0E9728fe44905384C89d867Ba095e2Dc3E2e,0x833589fCD6eDb6E08f4c7C32D4f71b54bdA02913,0x8f2E6758C4D6570344bd5007DEc6301cd57590A0,0x940181a94A35A4569E4529A3CDfB74e38FD98631,18,6,9,85508278,117349335078,85.508278,117.349335078,117434843356,0,100846000500768479001,100.84600050076847,0.0,0,0,0,nan,0
vAMM-WETH/CHAD,0.0014620725020881638,0x17Cf4aBb54a9D18c90FA0e36B8669aB0f4936f2e,0x346C6cfaC949E9d7FCA69cFf0a882c06e86C9245,0x4200000000000000000000000000000000000006,0xecaF81Eb42cd30014EB44130b89Bcd6d4Ad98B92,0x940181a94A35A4569E4529A3CDfB74e38FD98631,18,18,18,362547580811004117,59101151075251341467958142,0.36254758081100413,59101151.07525134,59101151437798922278962259,0,6615392684891008078635,6615.392684891008,0.0,0,0,0,nan,0
vAMM-fBOMB/wstETH,0.04501240462681069,0xBd1F3d188de7eE07B1b323C0D26D6720CAfB8780,0x56b13a025EE67FE7645cd4c09033673e3Cb207Ba,0x74ccbe53F77b08632ce0CB91D3A545bF6B8E0979,0xc1CBa3fCea344f92D9239c08C0568f6F2F0ee452,0x940181a94A35A4569E4529A3CDfB74e38FD98631,18,18,18,0,0,0.0,0.0,0,1374831004105520,203666187464896075264862,203666.1874648961,8.21462447303144e-22,167.30412478781443,0,167.30412478781443,1217.3411009632805,1788393600
vAMM-cbETH/fBOMB,8.945218289348345e-07,0x40834a402B9013f1fD7575EABa84E1589205099d,0x33BD3859141EEB7FCf8d71A9A52F554C6Ca5a278,0x2Ae3F1Ec7F1F5012CFEab0185bfc7aa3cf0DEc22,0x74ccbe53F77b08632ce0CB91D3A545bF6B8E0979,0x940181a94A35A4569E4529A3CDfB74e38FD98631,18,18,18,3534630076748040,507047416751730140404,0.00353463007674804,507.04741675173017,507050951381806888444,0,4047414307538898338,4.047414307538898,0.0,0,0,0,nan,0
vAMM-DEGEN/MAI,0.0005626895897362238,0xe7c22c22Be0ba467AD5a32F607112e10d89778af,0x44d708dba44160FA748c25a7d3fbC4C73dE4b87F,0x4ed4E862860beD51a9570b96d89aF5E1B0Efefed,0xbf1aeA8670D2528E08334083616dD9C5F3B087aE,0x940181a94A35A4569E4529A3CDfB74e38FD98631,18,18,18,4268652886247140904015,11299231576283458026,4268.6528862471405,11.299231576283457,4279952117823424362041,0,2545983588699538788138,2545.983588699539,0.0,0,0,0,nan,0
sAMM-WETH/rETH,5.196512450359419e-05,0xb8866732424AcDdd729C6fcf7146b19bFE4A2e36,0xAa3D51d36BfE7C5C63299AF71bc19988BdBa0A06,0x4200000000000000000000000000000000000006,0xB6fe221Fe9EeF5aBa221c348bA20A1Bf5e73624c,0x940181a94A35A4569E4529A3CDfB74e38FD98631,18,18,18,0,0,0.0,0.0,0,1587232575610,235124936704266101517,235.1249367042661,1.2594176479443826e-23,0.0029612049475715866,0,0.0029612049475715866,79401.77760984981,1788393600
vAMM-WETH/WELL,0.04425875805214337,0x89D0F320ac73dd7d9513FFC5bc58D1161452a657,0x7b6964440b615aC1d31bc95681B133E112fB2684,0x4200000000000000000000000000000000000006,0xA88594D404727625A9437C3f886C7643872296AE,0x940181a94A35A4569E4529A3CDfB74e38FD98631,18,18,18,0,0,0.0,0.0,0,1323914082154903,200256186914357895182602,200256.18691435788,2.4455892152331334e-20,4897.4437100146415,0,4897.4437100146415,40.88994152293364,1788393600
vAMM-USDC/sFRAX,2.3634858827780397e-06,0xf0e08Fa759B9C3099B0Dd63f73f79984AEb6254f,0x29b1f2295031d7e98CCD428fAcc65Ef30821771e,0x833589fCD6eDb6E08f4c7C32D4f71b54bdA02913,0xe4796cCB6bB5DE2290C417Ac337F2b66CA2E770E,0x940181a94A35A4569E4529A3CDfB74e38FD98631,18,6,18,31951233,29019959532574298225,31.951233,29.019959532574298,29019959532606249458,0,10693988976225330758,10.69398897622533,0.0,0,0,0,nan,0
vAMM-FXS/USDC,5.366812160021196e-06,0xa2D4414421e5531E727d532ef018109f59d22340,0x9a27275AE67A5E19630B2D096D4989992028A154,0x23432452B720C80553458496D4D9d7C5003280d0,0x833589fCD6eDb6E08f4c7C32D4f71b54bdA02913,0x940181a94A35A4569E4529A3CDfB74e38FD98631,18,18,6,1935886106615144927,3623126,1.935886106615145,3.623126,1935886106618768053,0,24283043319590076243,24.283043319590078,0.0,0,0,0,nan,0
vAMM-sfrxETH/FXS,9.71506417551329e-11,0x1bDEb67E8B0D700b7717C7F3a7341859B7Dac784,0x8B207A66E66e08CC1CE51bc38d1dFe3d8Cb36322,0x1f55a02A049033E3419a8E2975cF3F572F4e6E9A,0x23432452B720C80553458496D4D9d7C5003280d0,0x940181a94A35A4569E4529A3CDfB74e38FD98631,18,18,18,3696328153375529,10198106533578435459,0.003696328153375529,10.198106533578436,10201802861731810988,0,439574401325153,0.000439574401325153,0.0,0,0,0,nan,0
vAMM-WETH/QI,0.02133420534458461,0x06709C364dd4E2f5b0c10b1eBf80B2Ce483dbdC5,0xdd1fd2BeEE67A3adA2277fc44aA69C5C0d753449,0x4200000000000000000000000000000000000006,0xD3FDCb837DAfdb7C9C3eBD48FE22a53F6Dd3d7D7,0x940181a94A35A4569E4529A3CDfB74e38FD98631,18,18,18,0,0,0.0,0.0,0,651620908082276,96530196534684030454158,96530.19653468403,5.900081354874225e-23,5.695360127566338,0,5.695360127566338,16948.918834379656,1788393600
vAMM-sfrxETH/AERO,1.1298330381290087e-05,0xE25bc9133D26F62C9FA03b6750f3F3Ba57E9eB44,0xEab862191A4d917D2D16E2FAF0859448Ff5BEdB7,0x1f55a02A049033E3419a8E2975cF3F572F4e6E9A,0x940181a94A35A4569E4529A3CDfB74e38FD98631,0x940181a94A35A4569E4529A3CDfB74e38FD98631,18,18,18,7250222744793746,31171156080731160164,0.007250222744793746,31.17115608073116,31178406303475953910,0,51121194092029528727,51.121194092029526,0.0,0,0,0,nan,0
vAMM-BAVA/AERO,0.00013277666031765765,0xD3c2fa602B8da5b0b9c25dFBE7F2f31Bb512dB13,0xE3Da183CDBbd0F01867605C632F1E275e7eD6E3D,0x3fbdE9864362CE4Abb244EbeF2EF0482ABA8eA39,0x940181a94A35A4569E4529A3CDfB74e38FD98631,0x940181a94A35A4569E4529A3CDfB74e38FD98631,18,18,18,4735044516626434107551007,2756512013232641097587,4735044.516626434,2756.512013232641,4737801028639666748648594,0,600770307994428256912,600.7703079944282,0.0,0,0,0,nan,0
vAMM-Mog/WETH,0.002045153241728394,0x4A311ac4563abc30E71D0631C88A6232C1309ac5,0x8FCc385d8d7f3A2e087853a79531630Bf96575e8,0x2Da56AcB9Ea78330f947bD57C54119Debda7AF71,0x4200000000000000000000000000000000000006,0x940181a94A35A4569E4529A3CDfB74e38FD98631,18,18,18,9559442106673919791072905495,588483755001598068,9559442106.67392,0.5884837550015981,9559442107262403546074503563,0,9253639457337465307181,9253.639457337466,0.0,0,0,0,nan,0
vAMM-VIRTUAL/WETH,2.0814374424172217,0x21594b992F68495dD28d605834b58889d0a727c7,0xBD62Cad65b49b4Ad9C7aa9b8bDB89d63221F7af5,0x0b3e328455c4059EEb9e3f84b5543F74E24e7E1b,0x4200000000000000000000000000000000000006,0x940181a94A35A4569E4529A3CDfB74e38FD98631,18,18,18,15412291112698901351,46699046238835696,15.4122911126989,0.046699046238835695,15458990158937737047,63643814808267771,9417813419621256671532619,9417813.419621257,0.0,0,0,0,nan,0
vAMM-HIGHER/WETH,0.002950335252412808,0xcEdF590857aE7Fbd4A342Ce9Ee9CA111570A1ca2,0x8Ee017223529FC20FA5B8D6f1D048003A424D9CC,0x0578d8A44db98B23BF096A382e016e29a5Ce0ffe,0x4200000000000000000000000000000000000006,0x940181a94A35A4569E4529A3CDfB74e38FD98631,18,18,18,72337316151689748900746,8615031194396209,72337.31615168975,0.00861503119439621,72337324766720943296955,0,13349287548266080198429,13349.287548266082,0.0,0,0,0,nan,0
vAMM-BRETT/AERO,0.008011137164104601,0x43BBb129b56A998732767725A183b7a566843dBA,0x80c6eF2039c429d905D125Bba5FD99125646aee9,0x532f27101965dd16442E59d40670FaF5eBB142E4,0x940181a94A35A4569E4529A3CDfB74e38FD98631,0x940181a94A35A4569E4529A3CDfB74e38FD98631,18,18,18,0,0,0.0,0.0,0,244687211062543,36247736085170099265294,36247.7360851701,0.0,0,0,0,nan,0
vAMM-USD+/sFRAX,1.0136009129499258e-07,0xbB38EeBd670A9F3cafe6D3170862ccD930cB25f9,0xEc4288995734ca01eAfC97588658F37515823502,0xB79DD08EA68A908A97220C76d19A6aA9cBDE4376,0xe4796cCB6bB5DE2290C417Ac337F2b66CA2E770E,0x940181a94A35A4569E4529A3CDfB74e38FD98631,18,6,18,71081656,57760147698720968727,71.081656,57.76014769872097,57760147698792050383,0,458620763016268660,0.4586207630162687,0.0,0,0,0,nan,0
vAMM-WELS/USDC,0.0006410274583329399,0xfEA9E8a7daEf9497ffF3e3501eD504984f96aa33,0xE4be724E22FeFeB2969f53865222E58c496ef5d7,0x7F62ac1e974D65Fab4A81821CA6AF659A5F46298,0x833589fCD6eDb6E08f4c7C32D4f71b54bdA02913,0x940181a94A35A4569E4529A3CDfB74e38FD98631,18,18,6,31920169886793926165192,46171921,31920.169886793927,46.171921,31920169886793972337113,0,2900436437053169395503,2900.4364370531694,0.0,0,0,0,nan,0
vAMM-DEGEN/TKN,0.006053766727464744,0xc01162ED99a018D02b8a12f4712B0b9b87a9852F,0x519b415fBC1007d3871BD9F7F679d0593a459888,0x4ed4E862860beD51a9570b96d89aF5E1B0Efefed,0x78b3C724A2F663D11373C4a1978689271895256f,0x940181a94A35A4569E4529A3CDfB74e38FD98631,18,18,18,0,0,0.0,0.0,0,184903112562859,27391284678228581007478,27391.28467822858,1.8135589288947998e-22,4.967570890210077,0,4.967570890210077,5514.019886904969,1788393600
vAMM-ANIME/WETH,0.0011742379636045513,0xeB956b77D455e33b41bBE6052dBE4388dCfD729B,0x93a7ddBd64f0835f99b6D248Ce058Fd90C68666c,0x0e0c9756a3290cD782CF4aB73ac24D25291c9564,0x4200000000000000000000000000000000000006,0x940181a94A35A4569E4529A3CDfB74e38FD98631,18,18,18,12131846645393001476621027,47791430018122340,12131846.645393,0.04779143001812234,12131846693184431494743367,0,5313036955182708443626,5313.036955182708,0.0,0,0,0,nan,0
vAMM-ezETH/WETH,1.610090319468465e-06,0x0C8bF3cb3E1f951B284EF14aa95444be86a33E2f,0x6318373c5a01224094BF0B1AC88562345B2Fb91E,0x2416092f143378750bb29b79eD961ab195CcEea5,0x4200000000000000000000000000000000000006,0x940181a94A35A4569E4529A3CDfB74e38FD98631,18,18,18,0,0,0.0,0.0,0,49177764022,7285124168748799029,7.285124168748799,1.7918058692949077e-23,0.00013053528244106284,0,0.00013053528244106284,55809.61738860188,1788393600
sAMM-ezETH/WETH,8.098522161274092e-05,0x497139e8435E01555AC1e3740fccab7AFf149e02,0x4Fa58b3Bec8cE12014c7775a0B3da7e6AdC3c7eA,0x2416092f143378750bb29b79eD961ab195CcEea5,0x4200000000000000000000000000000000000006,0x940181a94A35A4569E4529A3CDfB74e38FD98631,18,18,18,0,0,0.0,0.0,0,2473570625020,366431241867988722814,366.4312418679887,3.938257986395433e-23,0.014431007647514031,0,0.014431007647514031,25391.937335097475,1788393600
vAMM-BITCOIN/WETH,0.00022481774778840134,0xaa46e69d85c79bb3EfFe0902c1Ad69f712b5b382,0x7d7bb62DB5614b191E154DB763F8e6daABDFa55b,0x2a06A17CBC6d0032Cac2c6696DA90f29D39a1a29,0x4200000000000000000000000000000000000006,0x940181a94A35A4569E4529A3CDfB74e38FD98631,18,8,18,0,0,0.0,0.0,0,6866716739653,1017225672481308634142,1017.2256724813087,5.049017674427751e-21,5.135990399239782,0,5.135990399239782,198.05832826943683,1788393600
vAMM-REGEN/WETH,0.0004677953683147205,0x11D9944cB1886F5Ca08673C0B61b4d159946AcDa,0x4C73598c779cBED9002a52Ac14C3490d3d876DE7,0x1D653f09f216682eDE4549455D6Cf45f93C730cf,0x4200000000000000000000000000000000000006,0x940181a94A35A4569E4529A3CDfB74e38FD98631,18,18,18,20790043817208973493923,9664596199677838,20790.043817208974,0.009664596199677838,20790053481805173171761,0,2116618740284938021674,2116.618740284938,0.0,0,0,0,nan,0
vAMM-AERO/WELL,0.001704426496482391,0xCd401DE1cBAa0d770eE5FB70ff622c752C92B8c5,0x57c198edE5e375a273935f5ED8B4D22fE836f080,0x940181a94A35A4569E4529A3CDfB74e38FD98631,0xA88594D404727625A9437C3f886C7643872296AE,0x940181a94A35A4569E4529A3CDfB74e38FD98631,18,18,18,0,0,0.0,0.0,0,52059119309043,7711964051481834560457,7711.964051481835,0.0,0,0,0,nan,0
vAMM-WETH/BENJI,6.403240035480746e-08,0x9409dBe9d0aE5961A28cf395786Bddc0911eFBec,0x9E5AE7b0CeB4b8E5e2Bb986e63147b912072d2Be,0x4200000000000000000000000000000000000006,0xBC45647eA894030a4E9801Ec03479739FA2485F0,0x940181a94A35A4569E4529A3CDfB74e38FD98631,18,18,18,41177565722259,22718886476187227659,4.1177565722259e-05,22.718886476187226,22718927653752949918,0,289725353768853210,0.28972535376885317,0.0,0,0,0,nan,0
vAMM-WETH/RSR,0.0022837363541670184,0xd204058452F57464E0E5ab8C3Cc9cbCb6B41D4EE,0x40334F3E5e59c5A7aeAf6b47FfF6be1917c71ba6,0x4200000000000000000000000000000000000006,0xaB36452DbAC151bE02b16Ca17d8919826072f64a,0x940181a94A35A4569E4529A3CDfB74e38FD98631,18,18,18,0,0,0.0,0.0,0,69754874448363,10333148834957806799434,10333.148834957809,0.0,0,0,0,nan,0
vAMM-USDA/EURA,4.4064832374093746e-08,0x79eF3eCDa775860a2351ae2A7B80C4d80ba47F72,0x3fd91fAC3Ccc67d818A6E17e7296A82Ba7a4aCAa,0x0000206329b97DB379d5E1Bf586BbDB969C63274,0xA61BeB4A3d02decb01039e378237032B351125B4,0x940181a94A35A4569E4529A3CDfB74e38FD98631,18,18,18,8513812541527984277,5551722274295807210,8.513812541527985,5.551722274295807,14065534815823791487,0,199378737601721378,0.19937873760172137,0.0,0,0,0,nan,0
vAMM-LUSD/POOL,0.0016367806343455414,0x0b15b1d434f86eCaa83d14398C8Db6d162F3921e,0x5b41A91Cc14496E7fcc381595Dc2680EF71B6462,0x368181499736d0c0CC614DBB145E2EC1AC86b8c6,0xd652C5425aea2Afd5fb142e120FeCf79e18fafc3,0x940181a94A35A4569E4529A3CDfB74e38FD98631,18,18,18,0,0,0.0,0.0,0,49992979164535,7405888982766619682927,7405.88898276662,3.0342597763096245e-22,2.2471391048223355,0,2.2471391048223355,3295.696722500919,1788393600
vAMM-AERO/OVN,7.462873090719388e-05,0x4704f9Cf735b58ea442E387ACca6717311597322,0x365f5413BBC783D1fff1cAe9D3Bd9A16eA698D19,0x940181a94A35A4569E4529A3CDfB74e38FD98631,0xA3d1a8DEB97B111454B294E2324EfAD13a9d8396,0x940181a94A35A4569E4529A3CDfB74e38FD98631,18,18,18,579821602287112310379,420673135390057022003,579.8216022871123,420.67313539005704,1000494737677169332382,0,337670231688947804211,337.6702316889478,0.0,0,0,0,nan,0
sAMM-USDA/USDC,2.8313167731716874e-05,0xE503312E932a3647AeAC8b00A8Bd1d04E6A73C08,0x93c10Fb12B2EA0D558929914236A45355B03F1F7,0x0000206329b97DB379d5E1Bf586BbDB969C63274,0x833589fCD6eDb6E08f4c7C32D4f71b54bdA02913,0x940181a94A35A4569E4529A3CDfB74e38FD98631,18,18,6,24174367131542743910,20451014,24.174367131542745,20.451014,24174367131563194924,0,128107684421245941394,128.10768442124595,0.0,0,0,0,nan,0
vAMM-WETH/BUIDL,7.238670805031484e-05,0x6eB0f4B90EeB237f6ee6d5D8d69C15810b81fa05,0x136805463D527bA9c507fF7640e9cF84f0328278,0x4200000000000000000000000000000000000006,0xdADc4F8E9d8d37294de0E02A2Ce8Cc0c90A4F6c2,0x940181a94A35A4569E4529A3CDfB74e38FD98631,18,18,18,93805602303200337,78064171444052887953201,0.09380560230320034,78064.17144405289,78064265249655191153538,0,327525822580936522456,327.52582258093656,0.0,0,0,0,nan,0
vAMM-tBTC/AERO,2.2039677284355763e-07,0x5E19947708Ed0686ecE3BE487126b2c1c5378641,0x80Cdc20a68ff14f5f3b642786977F09a0fb11b64,0x236aa50979D5f3De3Bd1Eeb40E81137F22ab794b,0x940181a94A35A4569E4529A3CDfB74e38FD98631,0x940181a94A35A4569E4529A3CDfB74e38FD98631,18,18,18,71892571394351,9288208856289993900,7.1892571394351e-05,9.288208856289994,9288280748861388251,0,997222228556034548,0.9972222285560346,0.0,0,0,0,nan,0
vAMM-PRE/USDC,0.00013390478261483815,0x8a24D81C24f125341b46a52de3e4CF0e0C7E7F72,0x6169fA980Ab79355F7da28B13d08de0182131b13,0x3816dD4bd44c8830c2FA020A5605bAC72FA3De7A,0x833589fCD6eDb6E08f4c7C32D4f71b54bdA02913,0x940181a94A35A4569E4529A3CDfB74e38FD98631,18,18,6,0,0,0.0,0.0,0,4089985907224,605874686868780693383,605.8746868687807,1.0407945470588819e-19,63.05910702940346,0,63.05910702940346,9.608044189180653,1788393600
vAMM-KWENTA/AERO,1.7134370024687704e-06,0xBaDA36C1e87109546eCEFcD3bB16A58B2Da0B0eA,0xa7c66862208D8cD6bC993BbaAd64De42F8746247,0x37Ab9F42051C112CAAba55AB6487dd74286A0B29,0x940181a94A35A4569E4529A3CDfB74e38FD98631,0x940181a94A35A4569E4529A3CDfB74e38FD98631,18,18,18,41905886436304119,553455243678947970,0.04190588643630412,0.5534552436789479,595361130115252089,0,7752733599711711903,7.752733599711712,0.0,0,0,0,nan,0
sAMM-DEGEN/USDC,9.873055850137281e-08,0x67fBd3c6fFBd29506f3Ca395cB4C6092e5eeFC9C,0xabe274A025D2404aE4669CA4811Ec7F58C8167c1,0x4ed4E862860beD51a9570b96d89aF5E1B0Efefed,0x833589fCD6eDb6E08f4c7C32D4f71b54bdA02913,0x940181a94A35A4569E4529A3CDfB74e38FD98631,18,18,6,0,0,0.0,0.0,0,3016233492,446723000092235295,0.44672300009223526,4.275513133102418e-25,1.9099700537532646e-07,0,1.9099700537532646e-07,2338900.5456623994,1788393600
vAMM-AERO/GHST,7.244523808008952e-08,0x59Da7538Bbea7facC9185b412e0D43da67A84Ab7,0x785369676686874713ca132C2002E7736A36FE44,0x940181a94A35A4569E4529A3CDfB74e38FD98631,0xcD2F22236DD9Dfe2356D7C543161D4d260FD9BcB,0x940181a94A35A4569E4529A3CDfB74e38FD98631,18,18,18,24837016922657814,64491110587672016,0.024837016922657815,0.06449111058767201,89328127510329830,0,327790651534538225,0.32779065153453824,0.0,0,0,0,nan,0
vAMM-WETH/NORMILIO,0.00012279022482727562,0x7D68c4E183e31971deb223e6F8A064751d0599d0,0xE531DEd40AeA2Fd2ba7476BB6cE30cF9e2cfd2D0,0x4200000000000000000000000000000000000006,0xcDE90558fc317C69580DeeAF3eFC509428Df9080,0x940181a94A35A4569E4529A3CDfB74e38FD98631,18,18,18,368079985777795912,792445755494270232779281,0.36807998577779594,792445.7554942702,792446123574256010575193,0,555585002753508385365,555.5850027535083,0.0,0,0,0,nan,0
vAMM-WETH/GHST,0.026068821826086004,0x0DFb9Cb66A18468850d6216fCc691aa20ad1e091,0xe3800a58B5535935850a10e082952Ec3577D8DCc,0x4200000000000000000000000000000000000006,0xcD2F22236DD9Dfe2356D7C543161D4d260FD9BcB,0x940181a94A35A4569E4529A3CDfB74e38FD98631,18,18,18,0,0,0.0,0.0,0,467526139718293,117952764288851403121092,117952.76428885141,4.0104359859287384e-20,4730.420105437799,0,4730.420105437799,24.93494481668979,1788393600
vAMM-GNUS/AERO,6.961007414146467e-08,0x73DdDbe505F9197138785E1ccFa2988705ce4BFD,0x0BF71380275DA393bbf593546D5050bb1deEf779,0x614577036F0a024DBC1C88BA616b394DD65d105a,0x940181a94A35A4569E4529A3CDfB74e38FD98631,0x940181a94A35A4569E4529A3CDfB74e38FD98631,18,18,18,5455207764936012689,8395946782833169922,5.455207764936013,8.39594678283317,13851154547769182611,0,314962475945941748,0.31496247594594173,0.0,0,0,0,nan,0
vAMM-SOFT/WETH,0.002746873822913879,0x28495d9ee2F7f0e6b285db0810b9657CE09a5004,0xFdcF81330bb3E101515d924B63E65842342773a5,0x04D1963C76EB1BEc59d0eEb249Ed86F736B82993,0x4200000000000000000000000000000000000006,0x940181a94A35A4569E4529A3CDfB74e38FD98631,18,18,18,40932183263174098401281,29004648321466256,40932.1832631741,0.029004648321466257,40932212267822419867537,0,12428692126053889645212,12428.692126053891,0.0,0,0,0,nan,0
vAMM-AERO/BUIDL,2.5277762904828066e-07,0x6F9793007764dC4b6334Bbeba043D33FAaFE2584,0x940c8E211cE94Ad404d31836988D850D0CbACC8F,0x940181a94A35A4569E4529A3CDfB74e38FD98631,0xdADc4F8E9d8d37294de0E02A2Ce8Cc0c90A4F6c2,0x940181a94A35A4569E4529A3CDfB74e38FD98631,18,18,18,393283041606814599,1235002385446202766105,0.3932830416068146,1235.0023854462029,1235395668487809580704,0,1143734852903520734,1.1437348529035207,0.0,0,0,0,nan,0
vAMM-WETH/KLIMA,0.009959591429176696,0xB37642E87613d8569Fd8Ec80888eA6c63684E79e,0x44A927DD8f6def04f76B00cece9804BF441dc6b1,0x4200000000000000000000000000000000000006,0xDCEFd8C8fCc492630B943ABcaB3429F12Ea9Fea2,0x940181a94A35A4569E4529A3CDfB74e38FD98631,18,18,9,0,0,0.0,0.0,0,304200597415557,45063844775808313298384,45063.84477580831,1.077990773082284e-21,48.57840886793365,0,48.57840886793365,927.6517248294379,1788393600
vAMM-USDC/KLIMA,0.004581059839597553,0x958682eC6282BC7E939FA8Ba9397805C214c3A09,0x950aD950D6f07491ef2c150545A6A2AB7AdC03f4,0x833589fCD6eDb6E08f4c7C32D4f71b54bdA02913,0xDCEFd8C8fCc492630B943ABcaB3429F12Ea9Fea2,0x940181a94A35A4569E4529A3CDfB74e38FD98631,18,6,9,0,0,0.0,0.0,0,139921516852543,20727774928150719318655,20727.774928150717,1.5792964581711382e-21,32.73530152979695,0,32.73530152979695,633.1933405068374,1788393600
vAMM-GROW/VITA,2.9117428303285764e-08,0xDaD0D8F40Bf19c295B982dB2d1Ee47eE12DA92f0,0x8AC0f40EF2c222044B857d52508E18f94cA90c45,0x321725ee44CB4bfA544CF45a5A585b925d30A58C,0x490a4B510d0Ea9f835D2dF29Eb73b4FcA5071937,0x940181a94A35A4569E4529A3CDfB74e38FD98631,18,18,18,1077494496418539099684,776343820981872373863,1077.494496418539,776.3438209818723,1853838317400411473547,0,131746696504644157,0.13174669650464416,0.0,0,0,0,nan,0
vAMM-WETH/wrsETH,2.3349125616804847e-05,0xA24382874A6FD59de45BbccFa160488647514c28,0x2da7789a6371F550caF9054694F5A5A6682903f9,0x4200000000000000000000000000000000000006,0xEDfa23602D0EC14714057867A78d01e94176BEA0,0x940181a94A35A4569E4529A3CDfB74e38FD98631,18,18,18,84353511433939330,109505308527399678,0.08435351143393933,0.10950530852739968,193858819961339008,0,105647041841908453965,105.64704184190845,0.0,0,0,0,nan,0
vAMM-weETH.base/WETH,0.08000189673601703,0x91F0f34916Ca4E2cCe120116774b0e4fA0cdcaA8,0xf8d47b641eD9DF1c924C0F7A6deEEA2803b9CfeF,0x04C0599Ae5A44757c0af6F9eC3b93da8976c150A,0x4200000000000000000000000000000000000006,0x940181a94A35A4569E4529A3CDfB74e38FD98631,18,18,18,3459833122463,9506141569816,3.459833122463e-06,9.506141569816e-06,12965974692279,2443536459756781,361982023250539943573908,361982.02325053996,2.665508355840035e-25,0.0964866107638196,0,0.0964866107638196,3751629.582436068,1788393600
vAMM-WETH/SAM,0.1300445479843064,0x598299Fb3f3829F7Ba08662948706cDFf7eC2350,0xf96Bc096dd1E52dcE4d595B6C4B8c5d2200db1E5,0x4200000000000000000000000000000000000006,0xed1779845520339693CDBffec49a74246E7D671b,0x940181a94A35A4569E4529A3CDfB74e38FD98631,18,18,18,304243176539,18085291202030544037689,3.04243176539e-07,18085.291202030545,18085291202334787214228,3972013256645487,588408406708042841292045,588408.4067080428,1.2547700556334965e-22,73.8317249220268,0,73.8317249220268,7969.587698641162,1788393600
vAMM-BET/USDC,0.015159778049640004,0xF471D220F16Cc9c3400B5BD97d728072A87b9C75,0x34BF49C57c8a6A766c99909a3513258A3dB7E393,0x80F6BcedD3d4fa1035285affA30e38f464Db3895,0x833589fCD6eDb6E08f4c7C32D4f71b54bdA02913,0x940181a94A35A4569E4529A3CDfB74e38FD98631,18,18,6,0,0,0.0,0.0,0,463032401698531,68592962846183353963502,68592.96284618335,0.0,0,0,0,nan,0
sAMM-rgUSD/eUSD,6.999433992546493e-10,0xd7AdbF474E991f4AEbF95C0b095001ce661aAD17,0x1Efd219BFfFf88F89791Bc850b7347F6da67D933,0x8E5E9DF4F0EA39aE5270e79bbABFCc34203A3470,0xCfA3Ef56d303AE4fAabA0592388F19d7C3399FB4,0x940181a94A35A4569E4529A3CDfB74e38FD98631,18,18,18,129444284288970586819,153105671487750525597,129.44428428897058,153.10567148775053,282549955776721112416,0,3167011510478252,0.003167011510478252,0.0,0,0,0,nan,0
sAMM-USDC/rgUSD,1.02278842560367e-09,0xF8CCE695B387424122d59ae2d01fA8CE359CfB00,0xc78a90ed0E25F3bf3f000c18947C683C2351777d,0x833589fCD6eDb6E08f4c7C32D4f71b54bdA02913,0x8E5E9DF4F0EA39aE5270e79bbABFCc34203A3470,0x940181a94A35A4569E4529A3CDfB74e38FD98631,18,6,18,939406,992573906298818645,0.939406,0.9925739062988187,992573906299758051,0,4627778074798720,0.00462777807479872,0.0,0,0,0,nan,0
vAMM-MAI/QI,1.8033730900416575e-07,0x1894416A511251CfDD350B80bE256F4D166dCa0e,0x893E887C3b56D5E54Dc1F0dEbA783E96197151aA,0xbf1aeA8670D2528E08334083616dD9C5F3B087aE,0xD3FDCb837DAfdb7C9C3eBD48FE22a53F6Dd3d7D7,0x940181a94A35A4569E4529A3CDfB74e38FD98631,18,18,18,62775669031571825764,542393248804477980037,62.77566903157182,542.3932488044779,605168917836049805801,0,815966453849050413,0.8159664538490504,0.0,0,0,0,nan,0
vAMM-WETH/LBM,5.892505086932267e-06,0x0b8711D0F80Eacb3dE9f653BD554aF3bA654fA1f,0x150db5aF367A67385F78DE9Fc34937fB28F12a65,0x4200000000000000000000000000000000000006,0x56A38E7216304108E841579041249fEb236C887b,0x940181a94A35A4569E4529A3CDfB74e38FD98631,18,18,18,4201471186175720,665563143892668052610,0.00420147118617572,665.5631438926681,665567345363854228330,0,26661629291366144778,26.661629291366147,0.0,0,0,0,nan,0
vAMM-pwBLT/USDC,7.68950048293944e-06,0x9b0025d10E824E7E2b148953009A40B0C0792F30,0xF8Bbe737e94134cfc95e56b7539549C15EC450E1,0x3Dd79d6BD927615787Cc95F2c7A77C9aC1AF26F4,0x833589fCD6eDb6E08f4c7C32D4f71b54bdA02913,0x940181a94A35A4569E4529A3CDfB74e38FD98631,18,18,6,0,0,0.0,0.0,0,234868000937,34792436881653363960,34.792436881653366,0.0,0,0,0,nan,0
vAMM-weETH/AERO,3.379838646617243e-05,0xc5aDfb267a95df1233a2b5F7f48041E7Fb384BcA,0x0A5f63A1aC754b4418cc5381eE17E04CCad42F56,0x04C0599Ae5A44757c0af6F9eC3b93da8976c150A,0x940181a94A35A4569E4529A3CDfB74e38FD98631,0x940181a94A35A4569E4529A3CDfB74e38FD98631,18,18,18,19238777943540910,70235705985501506245,0.01923877794354091,70.23570598550151,70254944763445047155,0,152926478180870493770,152.92647818087048,0.0,0,0,0,nan,0
vAMM-WETH/ATH,0.0010552692007116812,0x7C36577aEC1d99d9b872b7075bD86C8F1334EcF2,0x39b68a3Fd59F88C31B2110A2550640b92cF42449,0x4200000000000000000000000000000000000006,0x58D75a1c4477914f9a98A8708fEaeD1DbE40b8a3,0x940181a94A35A4569E4529A3CDfB74e38FD98631,18,18,18,0,0,0.0,0.0,0,32232021873925,4774742799011944985259,4774.742799011945,0.0,0,0,0,nan,0
vAMM-USDC/XSWAP,7.337949819920489e-05,0xCdB55B284257fd5f879598Ba9E4B852bb0C3EDF1,0xAd978Bdbcc8a44dea4d773A8Df9fF7f73dD288d8,0x833589fCD6eDb6E08f4c7C32D4f71b54bdA02913,0x8Fe815417913a93Ea99049FC0718ee1647A2a07c,0x940181a94A35A4569E4529A3CDfB74e38FD98631,18,6,18,64550081,9591211464963295372234,64.550081,9591.211464963295,9591211464963359922315,0,332017868412602824599,332.0178684126028,0.0,0,0,0,nan,0
vAMM-WETH/stTAO,0.00033414946551148835,0x3a1d086839AF6e86f48D96CA6648b48244f91A89,0x21F1f74E4fB3f026F072B65dF81aA0f19Ee6e7d5,0x4200000000000000000000000000000000000006,0x806041B6473DA60abbe1b256d9A2749A151be6C6,0x940181a94A35A4569E4529A3CDfB74e38FD98631,18,18,9,0,0,0.0,0.0,0,10206223089106,1511915398619297663551,1511.9153986192978,0.0,0,0,0,nan,1788393600
vAMM-HBR/USDC,1.4150742586031368e-06,0x68cfB52C74827f91E1F664fFeD634F849AEce455,0xce0358DFf7Bcf904f21425f6fee7F8E6115372cd,0x416bd43Bc76D496ff49923c20eCaf86b52Ab078d,0x833589fCD6eDb6E08f4c7C32D4f71b54bdA02913,0x940181a94A35A4569E4529A3CDfB74e38FD98631,18,18,6,112866970075744938334128,25991165,112866.97007574493,25.991165,112866970075744964325293,0,6402741235862643210,6.402741235862644,0.0,0,0,0,nan,0
vAMM-wBLT/BMX,0.06940507337512197,0x61907C8C3E6ef7eD813aCc2fBbBf8C05ac0F31d5,0xeB86878fBF8329b1ED8C40d8f6736Ae7fc965Be8,0x4E74D4Db6c0726ccded4656d0BCE448876BB4C7A,0x548f93779fBC992010C07467cBaf329DD5F059B7,0x940181a94A35A4569E4529A3CDfB74e38FD98631,18,18,18,0,0,0.0,0.0,0,2294725822228485,314034915535549154549713,314034.91553554917,3.900596944852795e-21,1224.9236321150688,0,1224.9236321150688,256.37101554919536,1788393600
sAMM-zunUSD/USDC,1.0004129572090597e-07,0xaeb41e05E27EDa32dB13c5875834a19a2c15F70E,0xCb803c34e058cd828EE8d3732b2fAEA5cb988397,0x6ef3864876424ADE834a7C1BE8C0CF3d71208B84,0x833589fCD6eDb6E08f4c7C32D4f71b54bdA02913,0x940181a94A35A4569E4529A3CDfB74e38FD98631,18,18,6,2156731204755235697,396082,2.1567312047552356,0.396082,2156731204755631779,0,452653650864703704,0.45265365086470366,0.0,0,0,0,nan,0
vAMM-CRYO/WETH,0.00037017293654218456,0x65Ee5A0ee82027D054EFeb31a1f7079C37c5DbD8,0x7ac1193Dd817aD9b0b1b57582a2542572c6baC21,0x1f4446fAAAed23090f324f051C3F8c5ce5aD1c36,0x4200000000000000000000000000000000000006,0x940181a94A35A4569E4529A3CDfB74e38FD98631,18,18,18,0,0,0.0,0.0,0,11306519871627,1674909645758541734433,1674.909645758542,3.7974087678936175e-21,6.36031657423308,0,6.36031657423308,263.33746539345816,1788393600
vAMM-pHAM/pwBLT,2.904619309297513e-05,0x03FF264046b085450649A993Cdd65dCDD01A893e,0x19b05F319aC12296CB073218E912D0816030548F,0x2C8D2FC58B80aCb3b307C165af8F3eE296e6A271,0x3Dd79d6BD927615787Cc95F2c7A77C9aC1AF26F4,0x940181a94A35A4569E4529A3CDfB74e38FD98631,18,18,18,0,0,0.0,0.0,0,887186537245,131424380827054580913,131.4243808270546,0.0,0.0,0,0.0,nan,1788393600
vAMM-WETH/TRUF,3.443431319756408e-06,0xcE2D4E04e3d782EcB8bf2e265f421bA510F4e8F7,0xE81B7a527AA65b714cD44c034dDA915097bb3CdB,0x4200000000000000000000000000000000000006,0xB59c8912c83157a955f9D715E556257F432C35D7,0x940181a94A35A4569E4529A3CDfB74e38FD98631,18,18,18,915343075223902924,50910496355394668239343,0.9153430752239029,50910.496355394665,50911411698469892142267,0,15580383552188237583,15.580383552188238,0.0,0,0,0,nan,0
vAMM-AERO/BENJI,0.0003632984744268621,0x0f3027d68FE4E2A56860D7B18b3D80CAe8d716D1,0x2e8300243d49d81684e154821f879A5045e2d132,0x940181a94A35A4569E4529A3CDfB74e38FD98631,0xBC45647eA894030a4E9801Ec03479739FA2485F0,0x940181a94A35A4569E4529A3CDfB74e38FD98631,18,18,18,0,0,0.0,0.0,0,11096547086366,1643804986909330725740,1643.8049869093309,0.0,0,0,0,nan,0
vAMM-WETH/HLSp,8.579739300257346e-05,0x1536960c83d4f3a55430a9B3B6294843b831171A,0x10b70e962d032b74e2F40a11445F7f769aa4fc0e,0x4200000000000000000000000000000000000006,0xe54b0C7dad72fb102ADE2b1B9F4EEce69408Ab36,0x940181a94A35A4569E4529A3CDfB74e38FD98631,18,18,6,5521764763976339,15050819,0.005521764763976339,15.050819,5521764779027158,0,388204719835239577437,388.20471983523953,0.0,0,0,0,nan,0
sAMM-DOLA/rgUSD,4.311135194256743e-06,0xBA15D0494fE4f0cAECD7730F6D77BeB6DD0feca9,0x7139bFd55643Aa37C875c6D3f4d6663DbFd481f2,0x4621b7A9c75199271F773Ebd9A499dbd165c3191,0x8E5E9DF4F0EA39aE5270e79bbABFCc34203A3470,0x940181a94A35A4569E4529A3CDfB74e38FD98631,18,18,18,273072010407004465,691246771354701328,0.27307201040700446,0.6912467713547014,964318781761705793,0,19506455519086473360,19.506455519086472,0.0,0,0,0,nan,0
sAMM-USDz/USDC,0.02352070380600047,0x6d0b9C9E92a3De30081563c3657B5258b3fFa38B,0xb7E4bBee04285F4B55d0A93b34E5dA95C3a7faf9,0x04D5ddf5f3a8939889F11E97f8c4BB48317F1938,0x833589fCD6eDb6E08f4c7C32D4f71b54bdA02913,0x940181a94A35A4569E4529A3CDfB74e38FD98631,18,18,6,152277008181993112,151457,0.1522770081819931,0.151457,152277008182144569,718416065625076,106423376186525749881741,106423.37618652575,8.874898211535196e-22,94.44966309833347,0,94.44966309833347,1126.7734864837603,1788393600
vAMM-AERO/TRUF,2.2915444612734088e-05,0x56ae4A50252C505C2663346660Edb711648221DC,0xbC22B1450A6Bb9a7CD86c22d835f18d77077562b,0x940181a94A35A4569E4529A3CDfB74e38FD98631,0xB59c8912c83157a955f9D715E556257F432C35D7,0x940181a94A35A4569E4529A3CDfB74e38FD98631,18,18,18,7885950310810927070,135737131842022812334,7.8859503108109275,135.73713184202282,143623082152833739404,0,103684779274348791348,103.68477927434878,0.0,0,0,0,nan,0
vAMM-WETH/RWAX,0.0008445083233355299,0xd448670823ff9667848C821BeE829c642F67E064,0x4a64623FC6b1B008aA9D655F748C01f8b5552A26,0x4200000000000000000000000000000000000006,0xe0023E73aab4fE9a22f059a9d27E857E027eE3dc,0x940181a94A35A4569E4529A3CDfB74e38FD98631,18,18,18,0,0,0.0,0.0,0,25794651046264,3821119798467114747041,3821.119798467115,7.769771035178366e-20,296.89225932076386,0,296.89225932076386,12.870392132180038,1788393600
vAMM-WETH/OX,0.0038685719578733877,0xe140c5930889c4064A3d11b17Bb04fE7224a5CDC,0xD4ECF20068e5fA849Abe62F9523A90F8c073f203,0x4200000000000000000000000000000000000006,0xba0Dda8762C24dA9487f5FA026a9B64b695A07Ea,0x940181a94A35A4569E4529A3CDfB74e38FD98631,18,18,18,0,0,0.0,0.0,0,118161610659536,17504003799085797562746,17504.003799085796,5.188210021781175e-23,0.9081444793171269,0,0.9081444793171269,19274.470304821774,1788393600
vAMM-SNX/sUSDCy,3.299614329341129e-06,0xFF808Ffcf1Fd541c8291c5D073da327b1B084248,0xDB6Fd3392E66f57C30704a6cdB1d338a708cc284,0x22e6966B799c4D5B13BE962E1D117b56327FDa66,0xC1E02884AF4A283cA25ab63C45360d220d69DA52,0x940181a94A35A4569E4529A3CDfB74e38FD98631,18,18,18,30423479833432164791,12976398484699975083,30.423479833432165,12.976398484699976,43399878318132139874,0,14929659415732995318,14.929659415732996,0.0,0,0,0,nan,0
vAMM-BCT/USDC,0.00017318098894590682,0x77e09a5043820820390904357463BfB739a76104,0xb0FC063ff618F6110ADb3565c4F13B1A3B9527a8,0x576Bca23DcB6d94fF8E537D88b0d3E1bEaD444a2,0x833589fCD6eDb6E08f4c7C32D4f71b54bdA02913,0x940181a94A35A4569E4529A3CDfB74e38FD98631,18,18,6,2949105006758655750899,164577556,2949.1050067586557,164.577556,2949105006758820328455,0,783586481380838210312,783.5864813808382,0.0,0,0,0,nan,0
vAMM-BCT/KLIMA,2.2344090095453237e-06,0x6e2f9520919bd95889b27E0B2f735ac7ED149837,0x174F6439F572b1Acca20219F5Ba4c129D86d8f5a,0x576Bca23DcB6d94fF8E537D88b0d3E1bEaD444a2,0xDCEFd8C8fCc492630B943ABcaB3429F12Ea9Fea2,0x940181a94A35A4569E4529A3CDfB74e38FD98631,18,18,9,10934804143050261133,7742228120,10.934804143050261,7.74222812,10934804150792489253,0,10109958976514124564,10.109958976514124,0.0,0,0,0,nan,0
sAMM-GROW/VITA,3.6781327722788156e-11,0xD6871bc7f13a7b0f6E35f54349e1466Fd926ff7d,0xB6F959E169C544608b860a4fFe3C0982a46aD136,0x321725ee44CB4bfA544CF45a5A585b925d30A58C,0x490a4B510d0Ea9f835D2dF29Eb73b4FcA5071937,0x940181a94A35A4569E4529A3CDfB74e38FD98631,18,18,18,1392545918834282644,469560119818986084,1.3925459188342826,0.4695601198189861,1862106038653268728,0,166423297073430,0.00016642329707343,0.0,0,0,0,nan,0
vAMM-wXCH/WETH,0.00013157264382728735,0x0522d1c88Ef60F22fA4D3EEC6F8C6F48631D7ec3,0x9a4e4020E9e20C0b12a93C196fdB60393e2C8e36,0x36be1d329444aeF5D28df3662Ec5B4F965Cd93E9,0x4200000000000000000000000000000000000006,0x940181a94A35A4569E4529A3CDfB74e38FD98631,18,18,18,3324135559647353156,6518800054776334,3.324135559647353,0.006518800054776334,3330654359702129490,0,595322533091673497605,595.3225330916734,0.0,0,0,0,nan,0
vAMM-WETH/SKR,2.057251125140094e-08,0xaa721DC836b5195F33F09b7713F73171A0030e36,0xf07FCB6f97622972f19ef0dE444268cE23a4a75B,0x4200000000000000000000000000000000000006,0xe2dCA969624795985F2f083BcD0b674337ba130a,0x940181a94A35A4569E4529A3CDfB74e38FD98631,18,18,18,34153892890290177,286767999359613236360925,0.03415389289029018,286767.9993596132,286768033513506126651102,0,93083783634519857,0.09308378363451986,0.0,0,0,0,nan,0
vAMM-sfrxETH/sFRAX,1.480397175172823e-05,0xD73a3EF449043AAc66bFF3FEE37E83B4f8DAE998,0xb41f81b476bdB6E02FF7b6cDC2100077D595Fa40,0x1f55a02A049033E3419a8E2975cF3F572F4e6E9A,0xe4796cCB6bB5DE2290C417Ac337F2b66CA2E770E,0x940181a94A35A4569E4529A3CDfB74e38FD98631,18,18,18,0,0,0.0,0.0,0,452172317172,66983057470709878394,66.98305747070988,0.0,0,0,0,nan,0
vAMM-USDC/CTX,3.7289869510749665e-09,0xf629864E8B4914284f79641EF9Ce034C161F26AE,0xD1E5855ACcb803C0ec03Aa382a4f115aCd3903B6,0x833589fCD6eDb6E08f4c7C32D4f71b54bdA02913,0xBB22Ff867F8Ca3D5F2251B4084F6Ec86D4666E14,0x940181a94A35A4569E4529A3CDfB74e38FD98631,18,6,18,33236964,16150940678101791003,33.236964,16.15094067810179,16150940678135027967,0,16872427983539094,0.016872427983539093,0.0,0,0,0,nan,0
sAMM-WETH/msETH,0.11694011152465943,0xDE4FB30cCC2f1210FcE2c8aD66410C586C8D1f9A,0x62940D9643a130b80CA0f8bc7e94De5b7ec496C5,0x4200000000000000000000000000000000000006,0x7Ba6F01772924a82D9626c126347A28299E98c98,0x940181a94A35A4569E4529A3CDfB74e38FD98631,18,18,18,1422442328880528,4991155675315436,0.001422442328880528,0.004991155675315436,6413598004195964,3571815761144534,529115182212709273312028,529115.1822127092,0.0,0,0,0,nan,0
sAMM-msUSD/USDC,0.4216938201506336,0xcEFC8B799a8EE5D9b312aeca73262645D664AaF7,0xDBF852464fC906C744E52Dbd68C1b07dD33A922a,0x526728DBc96689597F85ae4cd716d4f7fCcBAE9d,0x833589fCD6eDb6E08f4c7C32D4f71b54bdA02913,0x940181a94A35A4569E4529A3CDfB74e38FD98631,18,18,6,6929670699014948839,2414007,6.929670699014949,2.414007,6929670699017362846,12874141963065958,1908024539893868588831648,1908024.5398938686,0.0,0,0,0,nan,0
vAMM-USDC/CHEX,2.2954303483517597e-05,0x6466e1a3b42Ef91f8f7C135970db4495e89F9C0A,0x1249abBD38f8B98114E35babda2827862bd19CfF,0x833589fCD6eDb6E08f4c7C32D4f71b54bdA02913,0xc43F3Ae305a92043bd9b62eBd2FE14F7547ee485,0x940181a94A35A4569E4529A3CDfB74e38FD98631,18,6,18,1285356760,8242570305363635259658,1285.35676,8242.570305363635,8242570305364920616418,0,103860602764057555874,103.86060276405756,0.0,0,0,0,nan,0
vAMM-WETH/OGN,8.728060128214134e-05,0x8eA4C49B712217fd6e29Db920E3dd48287a0d50D,0xA88BcfEcC886dEA1e8B3108179F0532d53c8c055,0x4200000000000000000000000000000000000006,0x7002458B1DF59EccB57387bC79fFc7C29E22e6f7,0x940181a94A35A4569E4529A3CDfB74e38FD98631,18,18,18,76324367015601016,4885462947885799757655,0.07632436701560101,4885.4629478858,4885539272252815358671,0,394915744896452000000,394.915744896452,0.0,0,0,0,nan,0
vAMM-WETH/RFL,0.023888221171845532,0x37785d5bE19D0d9559D4634a5385c72c419b25Da,0x937c527EB4f27030f6667078C64982B3202257d5,0x4200000000000000000000000000000000000006,0x6e2c81b6c2C0e02360F00a0dA694e489acB0b05e,0x940181a94A35A4569E4529A3CDfB74e38FD98631,18,18,18,0,0,0.0,0.0,0,729646338377192,108086270256491102426141,108086.27025649109,8.11124734833684e-22,87.67144730095825,0,87.67144730095825,1232.8560048227891,1788393600
vAMM-sfrxETH/wstETH,6.619037007984279e-05,0x456c166e63634D75a4B49EDEC86cB51424D4C926,0xCe7Cb6260fCBf17485cd2439B89FdDf8B0Eb39cC,0x1f55a02A049033E3419a8E2975cF3F572F4e6E9A,0xc1CBa3fCea344f92D9239c08C0568f6F2F0ee452,0x940181a94A35A4569E4529A3CDfB74e38FD98631,18,18,18,0,0,0.0,0.0,0,2021731162699,299489450359703519470,299.48945035970354,0.0,0.0,0,0.0,nan,1788393600
vAMM-USDC/APX,3.6177582494429753e-06,0x4C7d96aaf20081cF617EBf6da4814aE91e6D5D06,0x1C669D3d0B3C49Cda1f47C80896D30D7A79E4f83,0x833589fCD6eDb6E08f4c7C32D4f71b54bdA02913,0xcacf1ca03983CE6c7E235fb20C70aCC70ed13509,0x940181a94A35A4569E4529A3CDfB74e38FD98631,18,6,18,6699063,695443147576007966590126,6.699063,695443.147576008,695443147576007973289189,0,16369155034984708704,16.369155034984708,0.0,0,0,0,nan,0
sAMM-jEUR/EURA,1.0579489306186213e-06,0xe7e01f38470136dE763d22e534e53C8BCdbA3f39,0xb5FFE35051b62DfE687aaB959625a29bEd54575a,0x4154550f4Db74Dc38d1FE98e1F3F28ed6daD627d,0xA61BeB4A3d02decb01039e378237032B351125B4,0x940181a94A35A4569E4529A3CDfB74e38FD98631,18,18,18,19323574872324315634,19560242714502745484,19.323574872324315,19.560242714502746,38883817586827061118,0,4786867687209032544,4.786867687209033,0.0,0,0,0,nan,0
vAMM-USDC/EMT,5.036315814219691e-06,0x68426A1D8ab4AC250ae5E2DA0b9d684594c83BB0,0x8b02968e7FaF61d251b6B9c06c375E5f0c69b7CB,0x833589fCD6eDb6E08f4c7C32D4f71b54bdA02913,0xe2c86869216aC578bd62a4b8313770d9EE359A05,0x940181a94A35A4569E4529A3CDfB74e38FD98631,18,6,18,2149112523,569875450987361216939121,2149.112523,569875.4509873613,569875450987363366051644,0,22787657074875208353,22.78765707487521,0.0,0,0,0,nan,0
vAMM-USDz/WETH,0.00022651628809385464,0x2ce63497999F520CC2afaaadbCFC37Afd9deF4b0,0xc15B32d92E265832c87EC4b36B7e598ae2daad42,0x04D5ddf5f3a8939889F11E97f8c4BB48317F1938,0x4200000000000000000000000000000000000006,0x940181a94A35A4569E4529A3CDfB74e38FD98631,18,18,18,0,0,0.0,0.0,0,6918756277476,1024911003472514622979,1024.9110034725147,9.580256329544616e-22,0.9818910128237482,0,0.9818910128237482,1043.8134070756473,1788393600
vAMM-FUSE/WETH,2.1981949700064033e-06,0xc238f8Eaa625BAC4014FfD0E702a4B9a9d12019e,0x51Df914e8ae011028041132b6c65792c94ab9c9c,0x01facC69EC7360640AA5898E852326752801674A,0x4200000000000000000000000000000000000006,0x940181a94A35A4569E4529A3CDfB74e38FD98631,18,18,18,14988825014245707524858,38108926976715130,14988.825014245707,0.03810892697671513,14988863123172684239988,0,9946102470141171285,9.946102470141172,0.0,0,0,0,nan,0
vAMM-ION/WETH,0.0022008609970047234,0x0FAc819628a7F612AbAc1CaD939768058cc0170c,0x9b42e5F8c45222b2715F804968251c747c588fd7,0x3eE5e23eEE121094f1cFc0Ccc79d6C809Ebd22e5,0x4200000000000000000000000000000000000006,0x940181a94A35A4569E4529A3CDfB74e38FD98631,18,18,18,177698774000729116778,145780401444,177.69877400072912,1.45780401444e-07,177698774146509518222,67223513889527,9958165357225922088410,9958.165357225922,0.0,0,0,0,nan,0
vAMM-HBR/AERO,8.519329947479607e-05,0xCCa6105c83C59C600aab47589466BC36288D2377,0xdFE422acDA41b39683403068F2d3A4610ff87Bf9,0x416bd43Bc76D496ff49923c20eCaf86b52Ab078d,0x940181a94A35A4569E4529A3CDfB74e38FD98631,0x940181a94A35A4569E4529A3CDfB74e38FD98631,18,18,18,17980565174318259575,197160750116946735,17.980565174318258,0.19716075011694673,18177725924435206310,0,385471397172416174113,385.4713971724162,0.0,0,0,0,nan,0
vAMM-BTCB/WETH,4.405354552971128e-06,0xb22c77a609097187a7e084754E1a557B5116D3bE,0xDA14cBF0bD19fA531Fe0A6fFA8370795e7004999,0x0c41F1FC9022FEB69aF6dc666aBfE73C9FFDA7ce,0x4200000000000000000000000000000000000006,0x940181a94A35A4569E4529A3CDfB74e38FD98631,18,18,18,87669414341590734817,7219945128894038,87.66941434159074,0.007219945128894038,87676634286719628855,0,19932766837796084346,19.932766837796084,0.0,0,0,0,nan,0
vAMM-USDz/sUSDz,4.509043323462384e-06,0x7818B53F423457151407103321d8F961773815D1,0xc4021e049F13e137Cd1D40e7Ddb2173C7F8F02a3,0x04D5ddf5f3a8939889F11E97f8c4BB48317F1938,0xe31eE12bDFDD0573D634124611e85338e2cBF0cF,0x940181a94A35A4569E4529A3CDfB74e38FD98631,18,18,18,0,0,0.0,0.0,0,137725070731,20401924101087418241,20.401924101087417,0.0,0,0,0,nan,0
vAMM-WETH/MOZ,5.712306805669747e-06,0xA32ECde2C559C462610eD35740CC2B9642133c9B,0x68dBA60bEef5fDd4663588950A196FcCC8B7a166,0x4200000000000000000000000000000000000006,0xC227717ef4Ae4D982E14789eB33bA942243c3FEe,0x940181a94A35A4569E4529A3CDfB74e38FD98631,18,18,18,117768012013737697,1906215174862834135671764,0.1177680120137377,1906215.1748628342,1906215292630846149409461,0,25846291891892824134,25.846291891892825,0.0,0,0,0,nan,0
vAMM-ZRO/AERO,9.420303628810347e-07,0x04c7d6172aEf0FF6fA09D21eb929a45a41C8c13e,0x6bA7c122CaEbA0cE6334e72326a5B4568571982b,0x6985884C4392D348587B19cb9eAAf157F13271cd,0x940181a94A35A4569E4529A3CDfB74e38FD98631,0x940181a94A35A4569E4529A3CDfB74e38FD98631,18,18,18,5088551310795193817,17392841174475221043,5.088551310795194,17.392841174475222,22481392485270414860,0,4262374651494972008,4.262374651494972,0.0,0,0,0,nan,0
vAMM-WETH/MIGGLES,2.1976182299399496e-07,0x27e13dfA957231A606ab7F535b34275865a66f44,0x1752286215B2b34D645515a32a23d2BD48920c37,0x4200000000000000000000000000000000000006,0xB1a03EdA10342529bBF8EB700a06C60441fEf25d,0x940181a94A35A4569E4529A3CDfB74e38FD98631,18,18,18,6248991757067565,2911505953368161869228,0.006248991757067565,2911.505953368162,2911512202359918936793,0,994349291280988092,0.994349291280988,0.0,0,0,0,nan,0
vAMM-JOJO/WETH,2.3601766413383597e-08,0xaC8caC537EFc414C5A2f10D03BCCb13d70cE1de4,0xCeA71355737c796f4d03334fAD8Ca9013E69D345,0x0645bC5cDff2376089323Ac20Df4119e48e4BCc4,0x4200000000000000000000000000000000000006,0x940181a94A35A4569E4529A3CDfB74e38FD98631,18,18,18,70036695336008201355,1199984736687399,70.03669533600821,0.001199984736687399,70037895320744888754,0,106790157573313764,0.10679015757331375,0.0,0,0,0,nan,0
vAMM-WETH/PDT,0.026586211633055835,0x04e5A1c883Dafd1eAE6b11BD6d3Eb784D90ce515,0x9EedfC62b0B6C3Ede0887B6E1178305543f8C650,0x4200000000000000000000000000000000000006,0xeff2A458E464b07088bDB441C21A42AB4b61e07E,0x940181a94A35A4569E4529A3CDfB74e38FD98631,18,18,18,0,0,0.0,0.0,0,814294482828887,120293781399409862620895,120293.78139940987,0.0,0,0,0,nan,0
vAMM-AERO/PRIME,1.2863932029155948e-08,0xc0f9A9a1c8354f3D00B540b4a272ac0151255854,0xEeFCB46D600f084dFdF69c33e269deE52e956341,0x940181a94A35A4569E4529A3CDfB74e38FD98631,0xfA980cEd6895AC314E7dE34Ef1bFAE90a5AdD21b,0x940181a94A35A4569E4529A3CDfB74e38FD98631,18,18,18,83254344180668187202,26928904464766956779,83.25434418066818,26.92890446476696,110183248645435143981,0,58205021791376129,0.05820502179137613,0.0,0,0,0,nan,0
vAMM-USDC/sUSDz,4.298006800622248e-06,0x081064f90247b52914c6c04A3C053543705887D3,0xB1A5FA12346926547CFa90BF3A561a3629FcF742,0x833589fCD6eDb6E08f4c7C32D4f71b54bdA02913,0xe31eE12bDFDD0573D634124611e85338e2cBF0cF,0x940181a94A35A4569E4529A3CDfB74e38FD98631,18,6,18,99,17666860344713942,9.9e-05,0.01766686034471394,17666860344714041,0,19447053896328388316,19.447053896328388,0.0,0,0,0,nan,0
vAMM-AERO/MIGGLES,9.223785357099156e-05,0xD2b0960C6bBAA4dC6d00470ba283B34D2CC97b00,0xa15a735782145B87A741454A108D25Ea45b80166,0x940181a94A35A4569E4529A3CDfB74e38FD98631,0xB1a03EdA10342529bBF8EB700a06C60441fEf25d,0x940181a94A35A4569E4529A3CDfB74e38FD98631,18,18,18,51469430447236105167,1441954659080097485294,51.46943044723611,1441.9546590800974,1493424089527333590461,0,417345665766984457355,417.34566576698444,0.0,0,0,0,nan,0
vAMM-WETH/MOXIE,8.376167595210055e-05,0xc02Dc3a9b6eaD739C56CDEa716D8fEC4Ffe4C799,0xEa2c1c05C17Eed888D0027F17EE23637dfF66FEb,0x4200000000000000000000000000000000000006,0x8C9037D1Ef5c6D1f6816278C7AAF5491d24CD527,0x940181a94A35A4569E4529A3CDfB74e38FD98631,18,18,18,77242745363234751,8435440313458935632923046,0.07724274536323475,8435440.313458936,8435440390701680996157797,0,378993776010653355249,378.99377601065333,0.0,0,0,0,nan,0
vAMM-YFI/wstETH,0.16765808641432317,0x1524a14C55f097bb54F0b24383f3ae3e3743804A,0x8b87e30B3ad8BD645c3f83aea6E1156525081084,0x9EaF8C1E34F05a589EDa6BAfdF391Cf6Ad3CB239,0xc1CBa3fCea344f92D9239c08C0568f6F2F0ee452,0x940181a94A35A4569E4529A3CDfB74e38FD98631,18,18,18,0,0,0.0,0.0,0,5120980250958099,758597180949688089668264,758597.1809496881,5.087562097267427e-22,385.9410264893553,0,385.9410264893553,1965.577974049906,1788393600
vAMM-WETH/TIMI,7.1122149628425895e-06,0xAcb7907c232907934B2578315dFcFa1bA60E87Af,0xe3f0820BAd87cF3bf736429a3C54a3aC78fEdFFf,0x4200000000000000000000000000000000000006,0x9bEec80e62aA257cED8b0edD8692f79EE8783777,0x940181a94A35A4569E4529A3CDfB74e38FD98631,18,18,18,2526888189045918,30302159201833355628064,0.002526888189045918,30302.159201833354,30302161728721544673982,0,32180411553711097197,32.180411553711096,0.0,0,0,0,nan,0
vAMM-EURC/USDC,1.1013276352390279e-07,0xFDF5139b38525627B47538536042A7c8d2686BD9,0x1f077baf21b95314bD251b21aD1f0Cc8D5D86781,0x60a3E35Cc302bFA44Cb288Bc5a4F316Fdb1adb42,0x833589fCD6eDb6E08f4c7C32D4f71b54bdA02913,0x940181a94A35A4569E4529A3CDfB74e38FD98631,18,6,6,43610596,109490568,43.610596,109.490568,153101164,0,498314192450987272,0.49831419245098724,0.0,0,0,0,nan,0
vAMM-WETH/EURC,0.00021365234433359012,0x9DFf4b5AE4fD673213502Ab8fbf6d36015efb3E1,0x21D4eF9D2b66069f3307765A0349526f8E988294,0x4200000000000000000000000000000000000006,0x60a3E35Cc302bFA44Cb288Bc5a4F316Fdb1adb42,0x940181a94A35A4569E4529A3CDfB74e38FD98631,18,18,6,0,0,0.0,0.0,0,6525859137155,966705928601766657656,966.7059286017666,0.0,0,0,0,nan,0
vAMM-OGN/OETHb,0.019789059669932937,0x6FB655476fDCFB9712dD200308D941A1c6D1119e,0x147587251C3A4f8C907eDbC0e5A5eA953bdA743d,0x7002458B1DF59EccB57387bC79fFc7C29E22e6f7,0xDBFeFD2e8460a6Ee4955A68582F85708BAEA60A3,0x940181a94A35A4569E4529A3CDfB74e38FD98631,18,18,18,0,0,0.0,0.0,0,604443640690300,89538925323042515033151,89538.92532304251,2.4012660595039767e-21,215.00678238268313,0,215.00678238268313,416.44698055931684,1788393600
vAMM-TKN/USD+,0.0002244492088689318,0x8f72e491E293ecB223E77123A046521d6d7cAd49,0x668584C6Db676352d50052bF303CC5041C70528f,0x78b3C724A2F663D11373C4a1978689271895256f,0xB79DD08EA68A908A97220C76d19A6aA9cBDE4376,0x940181a94A35A4569E4529A3CDfB74e38FD98631,18,18,6,0,0,0.0,0.0,0,6855641697231,1015558156220333523559,1015.5581562203336,1.7740001404675735e-21,1.8016003117878618,0,1.8016003117878618,563.6978133138308,1788393600
vAMM-MODE/WETH,9.81882071658286e-05,0x9Bf387B4cdb6BCDB2107981E0e7C16d71576A970,0x224e14Bc695DCDD23602d571dF2203Cf2B515fcF,0x084382D1cc4f4DFD1769b1cC1Ac2A9b1f8365e90,0x4200000000000000000000000000000000000006,0x940181a94A35A4569E4529A3CDfB74e38FD98631,18,18,18,0,0,0.0,0.0,0,2999089061683,444269040351746430398,444.26904035174647,2.148526019724927e-21,0.9545235929539508,0,0.9545235929539508,465.4353686291538,1788393600
vAMM-COMP/sFRAX,4.817847737028644e-08,0xe253155a71707AAE3b604f6E71Fa2B3F14927949,0xBFe0639305a781459dE0C343f32F82c0D6AB4597,0x9e1028F5F1D5eDE59748FFceE5532509976840E0,0xe4796cCB6bB5DE2290C417Ac337F2b66CA2E770E,0x940181a94A35A4569E4529A3CDfB74e38FD98631,18,18,18,32774970450184979,1526608899952531654,0.03277497045018498,1.5266088999525316,1559383870402716633,0,217991615538475485,0.21799161553847549,0.0,0,0,0,nan,0
vAMM-WETH/uSOL,3.916568388377752e-06,0x80BEDFB71d9f447AA82184D1BEA40b33c161906e,0x2cc038D9579b88190f03f74e946477CA0434EeC5,0x4200000000000000000000000000000000000006,0x9B8Df6E244526ab5F6e6400d331DB28C8fdDdb55,0x940181a94A35A4569E4529A3CDfB74e38FD98631,18,18,18,2105388298239048,60371357092334049,0.002105388298239048,0.06037135709233405,62476745390573097,0,17721171712992919020,17.72117171299292,0.0,0,0,0,nan,0
vAMM-MODE/ION,9.141415086873874e-08,0x9E9F21e7812Bb0B47561bf619b275D91D3411721,0x7939EF558975FE95149f1613d90aFE5D22d64714,0x084382D1cc4f4DFD1769b1cC1Ac2A9b1f8365e90,0x3eE5e23eEE121094f1cFc0Ccc79d6C809Ebd22e5,0x940181a94A35A4569E4529A3CDfB74e38FD98631,18,18,18,46146071,57981681,4.6146071e-11,5.7981681e-11,104127752,0,413618684496749408,0.41361868449674943,0.0,0,0,0,nan,0
vAMM-WIF/WETH,2.224336357831073e-08,0x0aCBE7A8486e77a0476142b54024BF487e5630B7,0x09e834dfa12d94C6366FBCc95C3523CFA77179B2,0x1fba65dE0a9cBD2D1DF82d141897042d36Bb6c86,0x4200000000000000000000000000000000000006,0x940181a94A35A4569E4529A3CDfB74e38FD98631,18,18,18,752591639815016190,120190018033324,0.7525916398150162,0.000120190018033324,752711829833049514,0,100643835714827466,0.10064383571482748,0.0,0,0,0,nan,0
vAMM-WETH/RECORD,0.0001871987087265265,0x0AA3E62f4d97C404012352E881a2D0f2712c24A2,0x8351616F224a035Aa5ee6b9f74A68659701af3e9,0x4200000000000000000000000000000000000006,0xE642657E4F43e6DcF0bd73Ef24008394574Dee28,0x940181a94A35A4569E4529A3CDfB74e38FD98631,18,18,18,0,0,0.0,0.0,0,5717851623005,847012009706636386005,847.0120097066365,3.307356514075166e-22,0.2801370687803142,0,0.2801370687803142,3023.562763023234,1788393600
vAMM-WETH/PEGG,0.00013572044975287286,0x887de0c0AA6C1d5e781B17867b29734f84Dc1372,0x43dA0491ddb804A0437D4a7dFAeE1fEE1B41a856,0x4200000000000000000000000000000000000006,0x82B0E1A2374EA0198f62A48B14FFaB53DB6C1E36,0x940181a94A35A4569E4529A3CDfB74e38FD98631,18,18,18,0,0,0.0,0.0,0,4145484758807,614089977892992478146,614.0899778929925,0.0,0,0,0,nan,0
vAMM-WETH/LRDS,0.3021759316201107,0x14f7Ce67e16c435C876AFF4092eb547584121312,0x2BED28EDa5B8902FF20256ac001aa6A4bEb1cEc2,0x4200000000000000000000000000000000000006,0xB676f87A6E701f0DE8De5Ab91B56b66109766DB1,0x940181a94A35A4569E4529A3CDfB74e38FD98631,18,18,18,121877063499884,866435426769398118552,0.000121877063499884,866.4354267693981,866435548646461618436,9223741714390293,1367245772514545372242748,1367245.7725145454,5.342493731398164e-22,730.45019689396,0,730.45019689396,1871.7850694385254,1788393600
vAMM-VIRTUAL/cbBTC,0.1959172327609554,0xb909F567c5c2Bb1A4271349708CC4637D7318b4A,0x8c44e7F913D0893Cd5A3CBBb2fCd59785a7801ab,0x0b3e328455c4059EEb9e3f84b5543F74E24e7E1b,0xcbB7C0000aB88B473b1f5aFd9ef808440eed33Bf,0x940181a94A35A4569E4529A3CDfB74e38FD98631,18,18,8,4076380550409772716,9267,4.076380550409772,9.267e-05,4076380550409781983,5985187661346082,886460436537749521950276,886460.4365377495,6.38174194355883e-22,565.7161749158427,0,565.7161749158427,1566.970286238716,1788393600
vAMM-fBOMB/cbBTC,0.03407484350643683,0x3d36Cf85a0c275cF4894315a6c1D6C558D6d984C,0xA95EbEfbCB77Ae1daf0d2123784594F8ccE90274,0x74ccbe53F77b08632ce0CB91D3A545bF6B8E0979,0xcbB7C0000aB88B473b1f5aFd9ef808440eed33Bf,0x940181a94A35A4569E4529A3CDfB74e38FD98631,18,18,8,0,0,0.0,0.0,0,1026481943788285,154177354508302772128478,154177.3545083028,7.700403573386711e-21,1187.2278515910446,0,1187.2278515910446,129.8633234569796,1788393600
vAMM-BRETT/cbBTC,5.881934686904002e-07,0xeC394d416D2FD269a051627DBBF1934A37a5D04E,0xD0c22E9B6A86381368B0b33928f12aE31dc7020F,0x532f27101965dd16442E59d40670FaF5eBB142E4,0xcbB7C0000aB88B473b1f5aFd9ef808440eed33Bf,0x940181a94A35A4569E4529A3CDfB74e38FD98631,18,18,8,142973025392461657966,6289,142.97302539246166,6.289e-05,142973025392461664255,0,2661380174045913717,2.6613801740459135,0.0,0,0,0,nan,0
vAMM-WELS/PEGG,0.0004979021127866762,0x6D7Da1A335daBcA718E4ee5357041C96550D7563,0x076C466b97b7C0DAFacFDf855de150EB0E5adb58,0x7F62ac1e974D65Fab4A81821CA6AF659A5F46298,0x82B0E1A2374EA0198f62A48B14FFaB53DB6C1E36,0x940181a94A35A4569E4529A3CDfB74e38FD98631,18,18,18,6388369290811198852861,210644213504315169968,6388.369290811199,210.64421350431516,6599013504315514022829,0,2252841764014064006911,2252.8417640140638,0.0,0,0,0,nan,0
sAMM-DOLA/zunUSD,2.911122379419427e-05,0x557c843afA9D8214534A2101D7B1200F1b0F6f6a,0x4C601a90a08A4660D439D8b22a11b739592263E3,0x4621b7A9c75199271F773Ebd9A499dbd165c3191,0xD5B9dDB04f20eA773C9b56607250149B26049B1F,0x940181a94A35A4569E4529A3CDfB74e38FD98631,18,18,18,3707670806605054901,9946207702829917764,3.707670806605055,9.946207702829918,13653878509434972665,0,131718623160813013160,131.71862316081302,0.0,0,0,0,nan,0
sAMM-tBTC/cbBTC,0.004508265224480178,0x488d6ea6064eEE9352fdCDB7BC50d98A7fF3AD4E,0x80AAd55965d1eA36bAf15Ae6Ed798145ec65916F,0x236aa50979D5f3De3Bd1Eeb40E81137F22ab794b,0xcbB7C0000aB88B473b1f5aFd9ef808440eed33Bf,0x940181a94A35A4569E4529A3CDfB74e38FD98631,18,18,8,0,0,0.0,0.0,0,137702670859009,20398403461510620087468,20398.40346151062,4.5534128617188813e-23,0.9288235268017341,0,0.9288235268017341,21961.54907030563,1788393600
vAMM-DAI/OX,7.184119772432192e-07,0xaCC2c24D1e380De50eD04bE8d68F4E985a28bf2F,0x2D8aC6651a090E085E3638c166851eF9E5688540,0x50c5725949A6F0c72E6C4a641F24049A917DB0Cb,0xba0Dda8762C24dA9487f5FA026a9B64b695A07Ea,0x940181a94A35A4569E4529A3CDfB74e38FD98631,18,18,18,8579053743600090193,2718820313404901431328,8.57905374360009,2718.8203134049013,2727399367148501521521,0,3250575694574067081,3.250575694574067,0.0,0,0,0,nan,0
vAMM-USDC/superOETHb,0.0018050989410521578,0x295e0F68384aC506b0C033592Eef9674da5e4f99,0x634639c606BE9877856Fd7A4eD215D7839133fc0,0x833589fCD6eDb6E08f4c7C32D4f71b54bdA02913,0xDBFeFD2e8460a6Ee4955A68582F85708BAEA60A3,0x940181a94A35A4569E4529A3CDfB74e38FD98631,18,6,18,0,0,0.0,0.0,0,55135830074485,8167473441355286231665,8167.473441355286,9.954549144933324e-22,8.13035157619089,0,8.13035157619089,1004.5658376291015,1788393600
vAMM-WETH/MOR,0.011568579135004491,0x1eB79B7111fC98BBcbe79dd8043c2C98bc5698bd,0xABB4aC5F627eb41440950043012BECF7E749d342,0x4200000000000000000000000000000000000006,0x7431aDa8a591C955a994a21710752EF9b882b8e3,0x940181a94A35A4569E4529A3CDfB74e38FD98631,18,18,18,0,0,0.0,0.0,0,353359878962291,52343979983884962982787,52343.979983884965,5.829008772128821e-22,30.511351849420087,0,30.511351849420087,1715.5575486203782,1788393600
vAMM-fBOMB/USX,1.992393782559391e-06,0x49d88e65ef336487a0A513ba0738b85fccaeCCb0,0xfBeD71d6F9b3Fab9dd408C0D0183f1c8937AB53b,0x74ccbe53F77b08632ce0CB91D3A545bF6B8E0979,0xc142171B138DB17a1B7Cb999C44526094a4dae05,0x940181a94A35A4569E4529A3CDfB74e38FD98631,18,18,18,3812368235314859203,60203870121188416,3.8123682353148594,0.06020387012118841,3872572105436047619,0,9014920419979920279,9.014920419979921,0.0,0,0,0,nan,0
vAMM-WMTX/WETH,0.005582045421206822,0x1DDa8b6469df243971381f1f3F4137814ca68722,0xf2470b185647d1Fd0F432C223Ab0e80e0b23dCD3,0x3e31966d4f81C72D2a55310A6365A56A4393E98D,0x4200000000000000000000000000000000000006,0x940181a94A35A4569E4529A3CDfB74e38FD98631,18,6,18,47905682,643108939053853,47.905682,0.000643108939053853,643108986959535,170501869459628,25256902372105630791161,25256.902372105633,0.0,0,0,0,nan,0
vAMM-JARVIS/wstETH,1.6455653012596304e-10,0xa5061aa5eB2e8abCE384B36a855549e8D9C8cEd5,0xc498a9a90516Ca3aD2d096BbAFaD169E7583Aa04,0x777b2839832982B35213063d850848369390EE16,0xc1CBa3fCea344f92D9239c08C0568f6F2F0ee452,0x940181a94A35A4569E4529A3CDfB74e38FD98631,18,18,18,50539034640576706,49511529877,0.050539034640576706,4.9511529877e-08,50539084152106583,0,744563668416971,0.000744563668416971,0.0,0,0,0,nan,0
vAMM-cbBTC/TAROT,0.054301936854373595,0x2E26a29f782e51296d9D31f78D4883462a2d339d,0xD9f451A489d622E46E77b74dBD95A5616bca41e2,0xcbB7C0000aB88B473b1f5aFd9ef808440eed33Bf,0xF544251D25f3d243A36B07e7E7962a678f952691,0x940181a94A35A4569E4529A3CDfB74e38FD98631,18,8,18,0,0,0.0,0.0,0,1658636046524304,245698236803426884887200,245698.23680342687,3.9012011663746684e-23,9.585182479937284,0,9.585182479937284,25633.130857727236,1788393600
vAMM-BAVA/USDC,1.806059066544441e-06,0x2215Ae205C5F28af4103e77478D65AF1044559F6,0x73e01eC7c5b11dFDf9b140708AbB8e63f002F10f,0x3fbdE9864362CE4Abb244EbeF2EF0482ABA8eA39,0x833589fCD6eDb6E08f4c7C32D4f71b54bdA02913,0x940181a94A35A4569E4529A3CDfB74e38FD98631,18,18,6,119392044478026413489492,6382568,119392.04447802641,6.382568,119392044478026419872060,0,8171817690460003505,8.171817690460003,0.0,0,0,0,nan,0
vAMM-WETH/Neiro,4.569330448614368e-05,0xd661D3D5ad3D3DEB7E781f5C6823da8d3a3B0CE8,0xF8a98eaA0c0033DE1Fb0D9580e16A2b7343F439e,0x4200000000000000000000000000000000000006,0x5Ca35eBC4f25B042d2cAE75914c7e882E631fA9A,0x940181a94A35A4569E4529A3CDfB74e38FD98631,18,18,9,0,0,0.0,0.0,0,1395688004808,206747033279410355862,206.74703327941035,1.1521181033928786e-21,0.23819699986397858,0,0.23819699986397858,867.9665713567862,1788393600
vAMM-ICL/WETH,1.1126698397798378e-07,0xf8128cB2d1e3Eb8598BF8c5B4935893f92d9ea28,0xCFD3fEd4DC3D467772d1A4B6CE87B09aE0B75282,0x12c26138b666360AB2B7A1B149dF9Cf6642CDfBf,0x4200000000000000000000000000000000000006,0x940181a94A35A4569E4529A3CDfB74e38FD98631,18,18,18,38862623747511035664763,5433508226129166,38862.62374751104,0.005433508226129166,38862629181019261793929,0,503446163460813855,0.5034461634608138,0.0,0,0,0,nan,0
vAMM-USDC/TIMI,4.35061496416861e-05,0x029A7f478D7e2539615c69472E2027E1f37034C4,0xA2B3DddCBa94c47A0A257C41ab6Ed75BaE68a634,0x833589fCD6eDb6E08f4c7C32D4f71b54bdA02913,0x9bEec80e62aA257cED8b0edD8692f79EE8783777,0x940181a94A35A4569E4529A3CDfB74e38FD98631,18,6,18,4241758,5263747000157229497060,4.241758,5263.747000157229,5263747000157233738818,0,196850883712214580785,196.85088371221457,0.0,0,0,0,nan,0
vAMM-WETH/AIXBT,7.555214780456074e-05,0xF3E7E359b75a7223BA9D71065C57DDd4F5D8747e,0x97de0E89a077be1B2479164a876A82589eD2D3a2,0x4200000000000000000000000000000000000006,0x4F9Fd6Be4a90f2620860d680c0d4d5Fb53d1A825,0x940181a94A35A4569E4529A3CDfB74e38FD98631,18,18,18,0,0,0.0,0.0,0,2307740139956,341848386588394173380,341.8483865883942,3.66778100292802e-21,1.253825018210506,0,1.253825018210506,272.64441339373633,1788393600
sAMM-USDC/TOSHI,7.834434983663939e-08,0xD15810D4298a9b53421988Aa14637838ed4049b0,0xB213c098473D52E27c9f0BCf1c6C42c6e8D6C1FE,0x833589fCD6eDb6E08f4c7C32D4f71b54bdA02913,0xAC1Bd2486aAf3B5C0fc3Fd868558b082a531B2B4,0x940181a94A35A4569E4529A3CDfB74e38FD98631,18,6,18,0,0,0.0,0.0,0,2393194193,354482173812604626,0.3544821738126046,3.860282419967405e-21,0.0013684013037606278,0,0.0013684013037606278,259.04840403061587,1788393600
vAMM-fBOMB/USDC,0.022724190825413198,0xFf8e0bD2d8F02904e7e18Dd00ea50aeC68f37A10,0x0254263E74061b410Cbc33bf11fCe4A961ea8fE1,0x74ccbe53F77b08632ce0CB91D3A545bF6B8E0979,0x833589fCD6eDb6E08f4c7C32D4f71b54bdA02913,0x940181a94A35A4569E4529A3CDfB74e38FD98631,18,18,6,269643259391047697019,2992706,269.6432593910477,2.992706,269643259391050689725,697596357077324,102819419380230487425810,102819.4193802305,0.0,0,0,0,nan,0
vAMM-USDC/RECORD,3.111354741901168e-06,0x2508ec71d3E0f227D2AA3F190f055E288770Bb20,0xC27d16C68AD5C22Ff15d20117DA3a40b6A7e89cf,0x833589fCD6eDb6E08f4c7C32D4f71b54bdA02913,0xE642657E4F43e6DcF0bd73Ef24008394574Dee28,0x940181a94A35A4569E4529A3CDfB74e38FD98631,18,6,18,212103,236055848409943581150,0.212103,236.0558484099436,236055848409943793253,0,14077847282044555790,14.077847282044555,0.0,0,0,0,nan,0
vAMM-WETH/VIS,3.0091335055000394e-05,0xDbdfAc0F9268EF02c34Ed58c9Fab3517a98444dc,0x018b51fe7a1B422447f069c360f5759f64E72dB6,0x4200000000000000000000000000000000000006,0xFc60AA1fFCA50Ce08b3cDeC9626c0Bb9E9b09BeC,0x940181a94A35A4569E4529A3CDfB74e38FD98631,18,18,18,2654372372108749,245469299875091579387,0.002654372372108749,245.4692998750916,245471954247463688136,0,136153301233108184956,136.15330123310818,0.0,0,0,0,nan,0
vAMM-EXTRA/cbBTC,0.0015833331900574473,0x112aAB1af0393325Ae24ba4cF4555783574E16F7,0x0c807068a3b80B56Ae3547Dc1Cee72F6f0D550B6,0x2dAD3a13ef0C6366220f989157009e501e7938F8,0xcbB7C0000aB88B473b1f5aFd9ef808440eed33Bf,0x940181a94A35A4569E4529A3CDfB74e38FD98631,18,18,8,0,0,0.0,0.0,0,48364187704115,7164057041146356704178,7164.057041146357,0.0,0,0,0,nan,0
vAMM-WETH/CHAMP,0.0014737633803243624,0x26029Ed89A19B919b5698F10cf776a4f4AEA1529,0xf2c38dE50A250C0060fB45eBE4504B67f6F1be3C,0x4200000000000000000000000000000000000006,0xEb6d78148F001F3aA2f588997c5E102E489Ad341,0x940181a94A35A4569E4529A3CDfB74e38FD98631,18,18,18,0,0,0.0,0.0,0,45015800437819,6668290027706251989488,6668.290027706253,4.320761324666128e-21,28.81208965337,0,28.81208965337,231.44069409510178,1788393600
vAMM-USDC/G,0.0006355321416373133,0x637E0567eDD057f865Afb4602F3B961909E09774,0x509C953cDC289C476EA19f124c3E5804d479a1fb,0x833589fCD6eDb6E08f4c7C32D4f71b54bdA02913,0x9C7BEBa8F6eF6643aBd725e45a4E8387eF260649,0x940181a94A35A4569E4529A3CDfB74e38FD98631,18,6,18,1032261,130529529650745638485,1.032261,130.52952965074564,130529529650746670746,0,2875571953371623376189,2875.5719533716233,0.0,0,0,0,nan,0
vAMM-WETH/DOGE,3.839644357286695e-05,0x43Cdb48293FbDF1FA1dc56965AC97e0df211D7e8,0xE737086945b0288D09Dd18dCeE8C82971A0a0e04,0x4200000000000000000000000000000000000006,0x67f0870BB897F5E1c369976b4A2962d527B9562c,0x940181a94A35A4569E4529A3CDfB74e38FD98631,18,18,18,266234796485403,384066940653775583921,0.000266234796485403,384.0669406537756,384067206888572069324,0,173731160099786615049,173.73116009978662,0.0,0,0,0,nan,0
vAMM-wXCH/cbBTC,6.403240035480746e-08,0x3C5512cE278640F9Dea87a9217d49dEcc79951D6,0x116b2bC100CBA7A4BF7b4A2b061a6651D9Cc71bf,0x36be1d329444aeF5D28df3662Ec5B4F965Cd93E9,0xcbB7C0000aB88B473b1f5aFd9ef808440eed33Bf,0x940181a94A35A4569E4529A3CDfB74e38FD98631,18,18,8,10655184256073889,68,0.01065518425607389,6.8e-07,10655184256073957,0,289725353768853210,0.28972535376885317,0.0,0,0,0,nan,0
vAMM-WETH/FAI,0.0002903953098936114,0x5447F7FE76894d98753A0A6d69B9cb840037c13D,0xC8A601c97574088a50A63fca15aF9448fd36579A,0x4200000000000000000000000000000000000006,0xb33Ff54b9F7242EF1593d2C9Bcd8f9df46c77935,0x940181a94A35A4569E4529A3CDfB74e38FD98631,18,18,18,0,0,0.0,0.0,0,8870153257903,1313942370199239362031,1313.9423701992393,0.0,0,0,0,nan,0
vAMM-fBOMB/uSOL,2.919101011448185e-07,0xCDD9bc6a949d18868254372f505E2829B6A0dCa0,0xe849F5aFF4654012F025F93bD6A8357d3c549e65,0x74ccbe53F77b08632ce0CB91D3A545bF6B8E0979,0x9B8Df6E244526ab5F6e6400d331DB28C8fdDdb55,0x940181a94A35A4569E4529A3CDfB74e38FD98631,18,18,18,824854799751401537,109793910705753,0.8248547997514015,0.000109793910705753,824964593662107290,0,1320796297722026642,1.3207962977220267,0.0,0,0,0,nan,0
vAMM-WETH/COOKIE,6.629328010011043e-05,0xeD445A77E75F18B04818d940d0E490C15C6072B7,0x6cf5A745dd93e1Bf18f5893409b1B1DaCBe7cc11,0x4200000000000000000000000000000000000006,0xC0041EF357B183448B235a8Ea73Ce4E4eC8c265F,0x940181a94A35A4569E4529A3CDfB74e38FD98631,18,18,18,0,0,0.0,0.0,0,2024934750744,299955084036766873818,299.9550840367669,1.983391144602086e-21,0.5949282574568979,0,0.5949282574568979,504.1869843583592,1788393600
vAMM-INTX/USDC,1.8160365432925655e-05,0xA3fCbeF28465ddBAE92F5Bf6EF2D22a6C23ea160,0x5A303807a8EC667Be61f500bF09A8ACCF1B58303,0x7D27187eb33a7B1d99258FF222633670F84fa342,0x833589fCD6eDb6E08f4c7C32D4f71b54bdA02913,0x940181a94A35A4569E4529A3CDfB74e38FD98631,18,18,6,1774846307290070491749,100732671,1774.8463072900704,100.732671,1774846307290171224420,0,82169624603663825649,82.16962460366382,0.0,0,0,0,nan,0
vAMM-USDC/MET,0.13479993636237553,0xdA9b1279A069A7166560f3D7f20B5b0237af8459,0x0472A241929cC4E34951bD761dFAc665c4692171,0x833589fCD6eDb6E08f4c7C32D4f71b54bdA02913,0x93dc5Cb35627A759848c7A7F0079EA7b49E435a5,0x940181a94A35A4569E4529A3CDfB74e38FD98631,18,6,18,0,0,0.0,0.0,0,4117463673062680,609924960398208209559648,609924.9603982081,0.0,0,0,0,nan,0
vAMM-USDC/AUKI,0.018376755836775203,0x437846Bee5e09A17d4fd944e97fD29a54c30Ed7f,0x71dC14Ae59089140c2DD12cE22d1d0517226885D,0x833589fCD6eDb6E08f4c7C32D4f71b54bdA02913,0xF9569cFb8FD265e91aa478d86ae8c78b8AF55Df4,0x940181a94A35A4569E4529A3CDfB74e38FD98631,18,6,18,0,0,0.0,0.0,0,561317954804195,83148719342578885252514,83148.71934257889,4.530148760988536e-21,376.6760679075673,0,376.6760679075673,220.74330287153467,1788393600
vAMM-cbBTC/CHAMP,0.013740695965110562,0x32450CEBe156B2Ca77Dd517e0182409d89b723Ff,0xCFede447ca3b4885720B5a327e3BFb02078f06e8,0xcbB7C0000aB88B473b1f5aFd9ef808440eed33Bf,0xEb6d78148F001F3aA2f588997c5E102E489Ad341,0x940181a94A35A4569E4529A3CDfB74e38FD98631,18,8,18,1572,5146230527948752617653,1.572e-05,5146.230527948753,5146230527948752619225,419709519200727,62172087528544782201059,62172.087528544784,8.477176273469355e-22,52.70437452690398,0,52.70437452690398,1179.6380867172197,1788393600
vAMM-SKI/AERO,4.776328463382905e-07,0x9EFC401fc56c277aF2024659862A7a05892B5980,0x4A6dA782B6ca505fb82FD57784f39734D073D0D6,0x768BE13e1680b5ebE0024C42c896E3dB59ec0149,0x940181a94A35A4569E4529A3CDfB74e38FD98631,0x940181a94A35A4569E4529A3CDfB74e38FD98631,18,9,18,11231645962,29961483505779766,11.231645962,0.029961483505779766,29961494737425728,0,2161130062440271853,2.161130062440272,0.0,0,0,0,nan,0
vAMM-AERO/MORPHO,0.006757033552687879,0xd433B339c5C801228E1343C678Dc26213A7B8Aac,0x3B1A591878D6B27dE5116741BCbd5f48B547D204,0x940181a94A35A4569E4529A3CDfB74e38FD98631,0xBAa5CC21fd487B8Fcc2F632f3F4E8D37262a0842,0x940181a94A35A4569E4529A3CDfB74e38FD98631,18,18,18,0,0,0.0,0.0,0,208606015945239,30573333587884571399350,30573.33358788457,1.4133842122716057e-21,43.21186700962926,0,43.21186700962926,707.5216995616425,1788393600
vAMM-OX/cbBTC,0.00012914795640833507,0xdC4260f59CBc870c6BE271100430C23FD632D33E,0x5AFCf03d8D37bcB6f3152C250F168bd70Fcb8119,0xba0Dda8762C24dA9487f5FA026a9B64b695A07Ea,0xcbB7C0000aB88B473b1f5aFd9ef808440eed33Bf,0x940181a94A35A4569E4529A3CDfB74e38FD98631,18,18,8,0,0,0.0,0.0,0,3944823961429,584351627482290169418,584.3516274822902,4.570375731654747e-23,0.02670706496998014,0,0.02670706496998014,21880.039163387137,1788393600
vAMM-MET/cbBTC,0.04537142007406081,0x5aAc53d1b18F1eAf908C223a94916B339B74309F,0x72Ee712cA4Ea8E2D3d91E0846d04EDf31485c435,0x93dc5Cb35627A759848c7A7F0079EA7b49E435a5,0xcbB7C0000aB88B473b1f5aFd9ef808440eed33Bf,0x940181a94A35A4569E4529A3CDfB74e38FD98631,18,18,8,0,0,0.0,0.0,0,1385869897208310,205290613175734078421678,205290.6131757341,3.4285228528725383e-23,7.038435587532205,0,7.038435587532205,29167.07990329318,1788393600
vAMM-VIRTUAL/AIXBT,0.0009254784506430072,0xeb3458046d3aA2fdbBbF4FEe58C755744ec42ce2,0xBE208720227e7b8832BC3DE3B75E02C187783BD8,0x0b3e328455c4059EEb9e3f84b5543F74E24e7E1b,0x4F9Fd6Be4a90f2620860d680c0d4d5Fb53d1A825,0x940181a94A35A4569E4529A3CDfB74e38FD98631,18,18,18,0,0,0.0,0.0,0,28269017187129,4187482743614877664403,4187.482743614877,1.3698423685631377e-22,0.573619127983067,0,0.573619127983067,7300.110019585138,1788393600
vAMM-WETH/HEU,0.0012913811585314944,0xF930E1342fC23c5c7BceaE58cBbc776Eeb4cFb87,0xa936fcE0237cA8F36d66BC2605B0f28584f8036b,0x4200000000000000000000000000000000000006,0xEF22cb48B8483dF6152e1423b19dF5553BbD818b,0x940181a94A35A4569E4529A3CDfB74e38FD98631,18,18,18,0,0,0.0,0.0,0,39445364302682,5843071022369981266712,5843.071022369981,0.0,0,0,0,nan,0
vAMM-WETH/ANZ,0.029618018752848276,0xE4faa73134C66832c272f067adC401f0963A9D7a,0xED2fE03dE7F663CC1265bCfF93af9f15Ff60AcC1,0x4200000000000000000000000000000000000006,0xeeC468333ccc16D4BF1cEf497A56cf8C0aAe4Ca3,0x940181a94A35A4569E4529A3CDfB74e38FD98631,18,18,18,0,0,0.0,0.0,0,904682298625925,134011702100079703058649,134011.7021000797,0.0,0,0,0,nan,0
vAMM-BTCB/MIGGLES,1.0004129572090597e-07,0x45b09f8238B10555b0D4A46692e75afbD77faC25,0x432Dcaa35D9cD4d2b421e3815a372Dc135Be1845,0x0c41F1FC9022FEB69aF6dc666aBfE73C9FFDA7ce,0xB1a03EdA10342529bBF8EB700a06C60441fEf25d,0x940181a94A35A4569E4529A3CDfB74e38FD98631,18,18,18,1604026898471997906,8401470243220538976,1.6040268984719979,8.401470243220539,10005497141692536882,0,452653650864703704,0.45265365086470366,0.0,0,0,0,nan,0
vAMM-WETH/CXT,0.0003855195116443352,0x923BeBD9FbCAf0F85251a3d5A11BF5BFAa19942F,0x8D4b9bB3d47f27634511fb62e93CEB03e569bC26,0x4200000000000000000000000000000000000006,0xB1E1f3Cc2B6fE4420C1Ac82022b457018Eb628ff,0x940181a94A35A4569E4529A3CDfB74e38FD98631,18,18,18,0,0,0.0,0.0,0,11775731341702,1744347803253398658293,1744.3478032533985,0.0,0,0,0,nan,0
vAMM-WETH/SYMM,0.045779351532326554,0x3eB2a8015dE1419a5089dAb37b0056F0fc24f821,0x925bC135a96716D48aD5FE9AB553076146147785,0x4200000000000000000000000000000000000006,0x800822d361335b4d5F352Dac293cA4128b5B605f,0x940181a94A35A4569E4529A3CDfB74e38FD98631,18,18,18,0,0,0.0,0.0,0,1398334788147811,207136367597005176760702,207136.36759700516,7.346332207621084e-22,152.16925686475193,0,152.16925686475193,1361.2234945795128,1788393600
vAMM-cbETH/SPECTRA,0.041390993497968334,0xEf70044C0249a07234E07D673606e09b364dC977,0xeF495e3a8345e2E2683745Fa472640C8D360b55b,0x2Ae3F1Ec7F1F5012CFEab0185bfc7aa3cf0DEc22,0x64FCC3A02eeEba05Ef701b7eed066c6ebD5d4E51,0x940181a94A35A4569E4529A3CDfB74e38FD98631,18,18,18,0,0,0.0,0.0,0,1268732697324706,187280504363332590528807,187280.5043633326,4.772591291601192e-21,893.8133042111201,0,893.8133042111201,209.5297792961657,1788393600
vAMM-cbBTC/DEUS,0.06533818473690636,0x982534133b2B71Ab012404256Be316344Bb9f261,0x0Cf6C003718eBEe0F5C7a6C1445Cc73FE3e8fbEc,0xcbB7C0000aB88B473b1f5aFd9ef808440eed33Bf,0xDE5ed76E7c05eC5e4572CfC88d1ACEA165109E44,0x940181a94A35A4569E4529A3CDfB74e38FD98631,18,8,18,0,0,0.0,0.0,0,1995761269085003,295633594596202459457202,295633.5945962025,3.900625245527147e-23,11.531558625078853,0,11.531558625078853,25636.915546980617,1788393600
vAMM-USR/USDC,7.222132345838279e-08,0x8E5a94965005FF2eB41B69B9ADf41273f38d872a,0x2d1102727dFB75aDa41272761C132c47fAECfEdC,0x35E5dB674D8e93a03d814FA0ADa70731efe8a4b9,0x833589fCD6eDb6E08f4c7C32D4f71b54bdA02913,0x940181a94A35A4569E4529A3CDfB74e38FD98631,18,18,6,257528003421876980984,76681056,257.528003421877,76.681056,257528003421953662040,0,326777512207751551,0.32677751220775153,0.0,0,0,0,nan,0
vAMM-WETH/ODOS,8.538818382154372e-06,0xd085Ef129A79d1fDE3912cD288A0F9558b33A282,0x5e6334757f1ae0054EFd7E6f33f56F5a54799597,0x4200000000000000000000000000000000000006,0xca73ed1815e5915489570014e024b7EbE65dE679,0x940181a94A35A4569E4529A3CDfB74e38FD98631,18,18,18,26875794585511741,26262513041519953832415,0.02687579458551174,26262.513041519953,26262539917314539344156,0,38635318414264708257,38.6353184142647,0.0,0,0,0,nan,0
vAMM-eBTC/cbBTC,5.225892352374058e-08,0x14048DFa85509B75d3951F318152Ec363999eAC0,0xC8360CBb1b81eDB6dC8107FDF37BDAe0759F3dAc,0x657e8C867D8B37dCC18fA4Caead9C45EB088C642,0xcbB7C0000aB88B473b1f5aFd9ef808440eed33Bf,0x940181a94A35A4569E4529A3CDfB74e38FD98631,18,8,8,97746,97617,0.00097746,0.00097617,195363,0,236454279733376232,0.2364542797333762,0.0,0,0,0,nan,0
vAMM-WETH/GEKKO,1.0705486414541425e-07,0x1977911144b93b6f949dECFF7D7EA7E081F7F08C,0xd4c7c645D4B4e991D0eF00D652CA32e472033a95,0x4200000000000000000000000000000000000006,0xf7b0dd0B642a6ccc2fc4d8FfE2BfFb0caC8C43C8,0x940181a94A35A4569E4529A3CDfB74e38FD98631,18,18,18,148262155344698677,262661595203028787312495,0.14826215534469867,262661.59520302876,262661743465184132011172,0,484387719581685061,0.4843877195816851,0.0,0,0,0,nan,0
vAMM-AERO/FAI,5.225892352374058e-08,0xfF231D3b278D3C56c5B12e6B79BE9B3D88c0F53b,0x3592697e4C319B3640A0D3b3380A78843557fBd0,0x940181a94A35A4569E4529A3CDfB74e38FD98631,0xb33Ff54b9F7242EF1593d2C9Bcd8f9df46c77935,0x940181a94A35A4569E4529A3CDfB74e38FD98631,18,18,18,214860691604357628,6874604612214532729,0.21486069160435764,6.874604612214533,7089465303818890357,0,236454279733376232,0.2364542797333762,0.0,0,0,0,nan,0
vAMM-Anon/USDC,0.013435252263360899,0x3667af77FF1481aca513d2C97A32C0ac31ba813D,0x0c41ADAA6489213FE6ab44A4794a8212e84a6eF4,0x79bbF4508B1391af3A0F4B30bb5FC4aa9ab0E07C,0x833589fCD6eDb6E08f4c7C32D4f71b54bdA02913,0x940181a94A35A4569E4529A3CDfB74e38FD98631,18,18,6,0,0,0.0,0.0,0,416184445824745,60790056181046732777626,60790.056181046726,5.272725107813444e-21,320.52925553119496,0,320.52925553119496,189.65525028379332,1788393600
vAMM-WETH/FLOCK,0.013121876523095865,0x4910C78a1C75E36548F1f2f1f4dCb71A4F69fC07,0x35388feDFe7C0d8EA803f2Ae5534F357b0b361ff,0x4200000000000000000000000000000000000006,0x5aB3D4c385B400F3aBB49e80DE2fAF6a88A7B691,0x940181a94A35A4569E4529A3CDfB74e38FD98631,18,18,18,0,0,0.0,0.0,0,325400973158378,59372134992589424776969,59372.134992589425,0.0,0,0,0,nan,0
vAMM-ATH/AERO,1.0004129572090597e-07,0xBc91c004F5373e3D048d22579209e865007AC4B5,0x93795d7b30d50179bC409a21C5F2184638697eC3,0x58D75a1c4477914f9a98A8708fEaeD1DbE40b8a3,0x940181a94A35A4569E4529A3CDfB74e38FD98631,0x940181a94A35A4569E4529A3CDfB74e38FD98631,18,18,18,39279,21968,3.9279e-14,2.1968e-14,61247,0,452653650864703704,0.45265365086470366,0.0,0,0,0,nan,0
vAMM-1000X/WETH,0.005160895377724815,0x23dA62CE083687cD72EBCBA36eEc6752fa51B715,0x7d1a8AA63DBA54E39b141098f16Dd9EccB5aDE62,0x352b850b733ab8baB50aED1Dab5D22E3186ce984,0x4200000000000000000000000000000000000006,0x940181a94A35A4569E4529A3CDfB74e38FD98631,18,18,18,0,0,0.0,0.0,0,157641099079637,23351338241111256296791,23351.338241111254,4.806700197777886e-22,11.224288214192779,0,11.224288214192779,2080.4293150263356,1788393600
vAMM-WETH/DRV,0.09356111765344295,0xaC4e562d7C6108f971321F14238E24AE2cC398ac,0x9788Bd681f47986d1008939A79f630ecA207351A,0x4200000000000000000000000000000000000006,0x9d0E8f5b25384C7310CB8C6aE32C8fbeb645d083,0x940181a94A35A4569E4529A3CDfB74e38FD98631,18,18,18,4379796419075166,84101609540996623016,0.004379796419075166,84.10160954099662,84105989337415698182,2875357669784444,423332996435419420165457,423332.9964354194,9.128546860994213e-22,386.44150957658223,0,386.44150957658223,1095.4646070481886,1788393600
vAMM-BNKR/wBLT,0.0055398928999692175,0x17c9A4b6CAD28F5074C81B056C32bAD334329f25,0x378d2D0f69C0c838DF8019f62De8a891655381B9,0x22aF33FE49fD1Fa80c7149773dDe5890D3c76F3b,0x4E74D4Db6c0726ccded4656d0BCE448876BB4C7A,0x940181a94A35A4569E4529A3CDfB74e38FD98631,18,18,18,0,0,0.0,0.0,0,169217692205890,25066176207536706343343,25066.176207536704,7.560929026805061e-23,1.8952357927857468,0,1.8952357927857468,13225.887935924178,1788393600
vAMM-USDC/SEND,0.0003021065418816012,0x69bc1d350fE13F499c6AedEd2C5eA9471b2a599A,0x342D92F92b2365e15126b852A56820427Af56900,0x833589fCD6eDb6E08f4c7C32D4f71b54bdA02913,0xEab49138BA2Ea6dd776220fE26b7b8E446638956,0x940181a94A35A4569E4529A3CDfB74e38FD98631,18,6,18,0,0,0.0,0.0,0,9228515079679,1366931806984185776045,1366.9318069841859,1.1138208205266444e-20,15.225171068590946,0,15.225171068590946,89.78104750521481,1788393600
vAMM-WETH/BID,0.0030284667370156456,0x74F22A01Da78294f8dF640C98A414FE209e33f60,0x1AEeafdeAB8D8F99853CD5B7a8844cC4ffe0fC70,0x4200000000000000000000000000000000000006,0xa1832f7F4e534aE557f9B5AB76dE54B1873e498B,0x940181a94A35A4569E4529A3CDfB74e38FD98631,18,18,18,0,0,0.0,0.0,0,92506037929419,13702806577563928407206,13702.80657756393,0.0,0,0,0,nan,0
sAMM-Bold/USDC,4.287984098143287e-06,0xeb754F9750e1d2CD87835592d37eE9f15c217b50,0xc6081F7DA8762D5f76E1897Bf6dcC773aa62Ae7c,0x087C440F251Ff6Cfe62B86DdE1bE558B95b4bb9b,0x833589fCD6eDb6E08f4c7C32D4f71b54bdA02913,0x940181a94A35A4569E4529A3CDfB74e38FD98631,18,18,6,457348524881423644,405941,0.45734852488142363,0.405941,457348524881829585,0,19401704495004265347,19.401704495004267,0.0,0,0,0,nan,0
vAMM-WETH/VVV,2.3600261028974145,0x01784ef301D79e4B2DF3a21ad9a536d4cF09A5Ce,0x37a70295FCefebBB0a29735A53E2e6786A02F930,0x4200000000000000000000000000000000000006,0xacfE6019Ed1A7Dc6f7B508C02d1b04ec88cC21bf,0x940181a94A35A4569E4529A3CDfB74e38FD98631,18,18,18,79450923469963818,8203503120710367700,0.07945092346996382,8.203503120710367,8282954044180331518,74392950021307294,10678334620862697777050903,10678334.620862698,3.7141905232507073e-22,3966.136925290817,0,3966.136925290817,2692.376693494945,1788393600
vAMM-AERO/uADA,1.421971823743446e-06,0xa65bC40C8368Ac2f814b13caCC75a47A30a2ac81,0x6a1a65e681FB4a3DE02556c418f580ade8397e18,0x940181a94A35A4569E4529A3CDfB74e38FD98631,0xa3A34A0D9A08CCDDB6Ed422Ac0A28a06731335aA,0x940181a94A35A4569E4529A3CDfB74e38FD98631,18,18,18,11408852174452796814,13888891988572696362,11.408852174452797,13.888891988572697,25297744163025493176,0,6433950428230047049,6.433950428230046,0.0,0,0,0,nan,0
vAMM-wIRON/USDC,0.011835364917430211,0x9941dfa4d724fd7a2E5E5d9777560b20de98cE0d,0x9d21b1fc0Ccd64Cff8bDf29F45eb426f97f47680,0x166e70941262AE7cBf9df5c8897A6242c546457d,0x833589fCD6eDb6E08f4c7C32D4f71b54bdA02913,0x940181a94A35A4569E4529A3CDfB74e38FD98631,18,8,6,0,0,0.0,0.0,0,150322716808883,53551097080315801655897,53551.097080315805,0.0,0,0,0,nan,0
sAMM-USDC/cUSDO,5.9675515991820615e-05,0x5feDe9d65714907381A76AA9bF949219dD1c5023,0x78Fff283c03557ca8BBa0A134386b717e04490dc,0x833589fCD6eDb6E08f4c7C32D4f71b54bdA02913,0x83dB73EF5192de4B6a4c92bD0141Ba1a0Dc87c65,0x940181a94A35A4569E4529A3CDfB74e38FD98631,18,6,18,0,0,0.0,0.0,0,1822824645900,270011898449329590225,270.0118984493296,1.1466657205451726e-22,0.03096133880911705,0,0.03096133880911705,8720.937428255536,1788393600
vAMM-USDC/SQD,0.01753274151336973,0xa6C7Fbd1b4c71673DFDaDfaa9D17F14833D3245E,0x1EfB3Df7B4cc8C41dA408be577732cb1E8Af1546,0x833589fCD6eDb6E08f4c7C32D4f71b54bdA02913,0xd4554BEa546EFa83C1E6B389ecac40EA999B3E78,0x940181a94A35A4569E4529A3CDfB74e38FD98631,18,6,18,0,0,0.0,0.0,0,679753638066732,79329834729794401762525,79329.83472979441,2.9623984376095076e-21,235.00657845936342,0,235.00657845936342,337.56431521984763,1788393600
vAMM-WETH/RIZ,0.00011726425105353361,0x04B27c418aaAD06539210ae9A0298076904Cd70B,0x055Ea0Fde71dDe3A4bb80856f5768016E99DCB3c,0x4200000000000000000000000000000000000006,0x67543CF0304C19CA62AC95ba82FD4F4B40788dc1,0x940181a94A35A4569E4529A3CDfB74e38FD98631,18,18,8,8954505854533892,1261285571941,0.008954505854533891,12612.85571941,8955767140105833,0,530581805971199915743,530.5818059711999,0.0,0,0,0,nan,0
vAMM-WETH/KTA,0.0038674362626141324,0xd9eDC75a3a797Ec92Ca370F19051BAbebfb2edEe,0x0e62c181134Ca74837694a7D6d7501C3D4fe6363,0x4200000000000000000000000000000000000006,0xc0634090F2Fe6c6d75e61Be2b949464aBB498973,0x940181a94A35A4569E4529A3CDfB74e38FD98631,18,18,18,26833446985235019,149624542833548858191,0.02683344698523502,149.62454283354884,149651376280534093210,118133174364288,17498865155072169842078,17498.86515507217,9.055953615968564e-21,158.46891117642213,0,158.46891117642213,110.42459385355926,1788393600
vAMM-USDC/AITECH,0.0016393502341379984,0x95b9662f58d638b65Ac957ACb1365697c34c832b,0x018F92c3FeF19f88a03D4d9E700Afe9FAd496D60,0x833589fCD6eDb6E08f4c7C32D4f71b54bdA02913,0xD71552d9e08E5351AdB52163B3bbbC4d7DE53Ce1,0x940181a94A35A4569E4529A3CDfB74e38FD98631,18,6,18,0,0,0.0,0.0,0,50074942133023,7417515568757287461585,7417.515568757288,0.0,0,0,0,nan,0
vAMM-BNKR/USDC,2.0138703350253788e-05,0xbd583f38ea4A388E938E7cC5Aa993CCCb91A704e,0xa8d13F77c9598cF68237d6e547ef84242592252B,0x22aF33FE49fD1Fa80c7149773dDe5890D3c76F3b,0x833589fCD6eDb6E08f4c7C32D4f71b54bdA02913,0x940181a94A35A4569E4529A3CDfB74e38FD98631,18,18,6,168223679333990265518244,85141902,168223.67933399027,85.141902,168223679333990350660146,0,91120946899817542198,91.12094689981754,0.0,0,0,0,nan,0
vAMM-OVER/USDC,0.08733175918427724,0x889339213a0CC0a795F69cae5b1Db2223f944A4E,0xD4Ab5057b2eD8f62C61F9259Ce94975D60807A7D,0x7750C092e284e2c7366f50C8306F43c7EB2e82a2,0x833589fCD6eDb6E08f4c7C32D4f71b54bdA02913,0x940181a94A35A4569E4529A3CDfB74e38FD98631,18,18,6,0,0,0.0,0.0,0,2667998450184213,395147217419928623335265,395147.21741992864,3.2405248864440426e-22,128.04843918583936,0,128.04843918583936,3085.919827936702,1788393600
vAMM-VIRTUAL/cbETH,2.0917746728824353e-10,0x1e9282580BC3713a9B258c17BE4cA3F320AB70af,0x004c4149aFDA0aCaC8781b13f84E62f373b61B24,0x0b3e328455c4059EEb9e3f84b5543F74E24e7E1b,0x2Ae3F1Ec7F1F5012CFEab0185bfc7aa3cf0DEc22,0x940181a94A35A4569E4529A3CDfB74e38FD98631,18,18,18,3168778223536,1301866197,3.168778223536e-06,1.301866197e-09,3170080089733,0,946458595566440,0.00094645859556644,0.0,0,0,0,nan,0
vAMM-WETH/OVER,0.0037546545462229797,0xB452f81D9322936C2c8Ac6445f6892cB957aFB4c,0x07005714c9b5DEac0449B1f4054d8000b210C97C,0x4200000000000000000000000000000000000006,0x7750C092e284e2c7366f50C8306F43c7EB2e82a2,0x940181a94A35A4569E4529A3CDfB74e38FD98631,18,18,18,0,190709428294986321,0.0,0.19070942829498633,190709428294986321,113613441317167,16988565330311158116867,16988.565330311158,0.0,0,0,0,nan,0
sAMM-msUSD/USDT,1.9058138657191293e-06,0x5bD7A6393Bc746E9a9a8481A1e4b1dc5792bb242,0x4804726Db38Cd188Ee52B7E3e6aBdB6124552A9f,0x526728DBc96689597F85ae4cd716d4f7fCcBAE9d,0xfde4C96c8593536E31F229EA8f37b2ADa2699bb2,0x940181a94A35A4569E4529A3CDfB74e38FD98631,18,18,6,943583287730888,498,0.000943583287730888,0.000498,943583287731386,0,8623175039565808349,8.623175039565808,0.0,0,0,0,nan,0
vAMM-WETH/ZENT,0.00014069680772350415,0x82bdbC291762b478dE875E44fFF7b9717651bfe5,0xc771e723363c5434E4f69694F3404008F675410C,0x4200000000000000000000000000000000000006,0xdf49c226ED9CF05Be0e38cdb86Df4E8A945158B1,0x940181a94A35A4569E4529A3CDfB74e38FD98631,18,18,18,0,0,0.0,0.0,0,4297697326651,636606345630772611298,636.6063456307726,0.0,0,0,0,nan,0
vAMM-WETH/KING,0.00019058454489512258,0xdc5f7C7916C7792603FDc17F05f7929b423015ac,0x58dA2a684342294d3E4991924Ce59a80538f8432,0x4200000000000000000000000000000000000006,0xE22C243c7559C667a1EB94B593369D192c5fbac0,0x940181a94A35A4569E4529A3CDfB74e38FD98631,18,18,18,0,0,0.0,0.0,0,5821558444357,862331794320586564649,862.3317943205866,8.920875637563453e-21,7.692754695450899,0,7.692754695450899,112.09661928132525,1788393600
vAMM-AERO/TOWER,0.0003097937676197476,0x41fe2f2FD39E87E7e92a62E04e689bE807066A44,0xaB0666D38CB5983570c5106E5eD39523AF38f099,0x940181a94A35A4569E4529A3CDfB74e38FD98631,0xf7C1CEfCf7E1dd8161e00099facD3E1Db9e528ee,0x940181a94A35A4569E4529A3CDfB74e38FD98631,18,18,18,0,0,0.0,0.0,0,9462931482746,1401713951400833231330,1401.7139514008334,0.0,0,0,0,nan,0
vAMM-AERO/CHAMP,0.0010444817052396604,0x48a346A833775ed92bF52Dd598246e5a71f3d4A5,0x987fe7bBbfa94404d8F38D3B6F52e8c912d4F36A,0x940181a94A35A4569E4529A3CDfB74e38FD98631,0xEb6d78148F001F3aA2f588997c5E102E489Ad341,0x940181a94A35A4569E4529A3CDfB74e38FD98631,18,18,18,0,0,0.0,0.0,0,31904640585917,4725932963294510473462,4725.932963294511,1.0168117676628508e-21,4.805384250263626,0,4.805384250263626,983.4661948282791,1788393600
vAMM-AWE/USDC,0.0027848275056191283,0xcb7f520d18141E36956fE0b3A6Bc3D4F11245521,0xC7a0De60A7572e86d973B39b1deE9BE8829c8d91,0x1B4617734C43F6159F3a70b7E06d883647512778,0x833589fCD6eDb6E08f4c7C32D4f71b54bdA02913,0x940181a94A35A4569E4529A3CDfB74e38FD98631,18,18,6,0,0,0.0,0.0,0,85065080809786,12600419940217952245539,12600.419940217953,2.0974616097083466e-22,2.6428897090810697,0,2.6428897090810697,4767.66771497215,1788393600
sAMM-BOLD/USDC,0.00010883732647218506,0x2De3fE21d32319a1550264dA37846737885Ad7A1,0x7fDCBc8C442C667D41a1041bdc6e588393cEb6fe,0x03569CC076654F82679C4BA2124D64774781B01D,0x833589fCD6eDb6E08f4c7C32D4f71b54bdA02913,0x940181a94A35A4569E4529A3CDfB74e38FD98631,18,18,6,0,0,0.0,0.0,0,3324534806121,492452769858447867435,492.4527698584479,3.389054814902843e-22,0.16689494308010144,0,0.16689494308010144,2950.67520183697,1788393600
sAMM-BOLD/LUSD,1.488468797625567e-05,0xEf3EFc734a3FE0bF20762992ec839939bA3Af050,0x152cB3894E3f2160De21708439e35EFfCB408143,0x03569CC076654F82679C4BA2124D64774781B01D,0x368181499736d0c0CC614DBB145E2EC1AC86b8c6,0x940181a94A35A4569E4529A3CDfB74e38FD98631,18,18,18,0,0,0.0,0.0,0,454666288297,67348271590070041469,67.34827159007004,3.737126985195616e-22,0.0251689043165534,0,0.0251689043165534,2675.8523431540716,1788393600
vAMM-WETH/APU,0.0027922768527104246,0x24dFbc9e3eEDA5A4d5C8851eD4E656d306815498,0x29Ea6bdB07e55c53b32475E0836c01557803E099,0x4200000000000000000000000000000000000006,0xB9926b3fBc5873Db0182016D55727D5ae89E5EFd,0x940181a94A35A4569E4529A3CDfB74e38FD98631,18,18,18,0,0,0.0,0.0,0,85292627870071,12634125762729896786090,12634.125762729896,0.0,0,0,0,nan,0
vAMM-WETH/TLOS,0.38173022926707456,0xC3b22240657fa67b77D0f1b7A1C1012DB60D46fb,0x44B8B5521723D05E82e5DAfCE8b37a1082b6d3B2,0x4200000000000000000000000000000000000006,0x7252c865c05378Ffc15120F428dd65804dD0CE63,0x940181a94A35A4569E4529A3CDfB74e38FD98631,18,18,18,18880477707098535,3083914266640813707455,0.018880477707098536,3083.914266640814,3083933147118520805990,11650335285738556,1727202558483584374055876,1727202.5584835846,2.627180335216111e-22,453.7672596583028,0,453.7672596583028,3806.3622302415733,1788393600
vAMM-USDC/cbXRP,2.253497016177625e-07,0x956f325E63c54DE57E6e8A7c674ed8615F7Abf6B,0x9A4818C9bbAF0BC276E6f9410C7EEb84bACc0691,0x833589fCD6eDb6E08f4c7C32D4f71b54bdA02913,0xcb585250f852C6c6bf90434AB21A00f02833a4af,0x940181a94A35A4569E4529A3CDfB74e38FD98631,18,6,6,0,0,0.0,0.0,0,6884467463,1019632586958141663,1.0196325869581417,0.0,0,0,0,nan,1788393600
vAMM-wstETH/cbBTC,7.860980396860847e-11,0xc0734F84e402D69A445D93C60aD2C72258F159b6,0x2256edefD747c76973da71475311DdAec4265CB6,0xc1CBa3fCea344f92D9239c08C0568f6F2F0ee452,0xcbB7C0000aB88B473b1f5aFd9ef808440eed33Bf,0x940181a94A35A4569E4529A3CDfB74e38FD98631,18,18,8,2189721446420,31,2.18972144642e-06,3.1e-07,2189721446451,0,355683265632808,0.000355683265632808,0.0,0,0,0,nan,0
vAMM-WETH/ZEN,5.963993037399783e-06,0xB5ff964FE0656266E63D7F180b1eC557cf72e928,0x715202B06788CD0DB617335b0e26BE2f19eFD3D5,0x4200000000000000000000000000000000000006,0xf43eB8De897Fbc7F2502483B2Bef7Bb9EA179229,0x940181a94A35A4569E4529A3CDfB74e38FD98631,18,18,18,0,4581478334,0.0,4.581478334e-09,4581478334,114242644,26985088534259513471,26.985088534259514,0.0,0,0,0,nan,0
vAMM-RIPE/WETH,7.677404624368617e-09,0x765824aD2eD0ECB70ECc25B0Cf285832b335d6A9,0x49AAAFd906FB80959721c71a297B071Fc0693A95,0x2A0a59d6B975828e781EcaC125dBA40d7ee5dDC0,0x4200000000000000000000000000000000000006,0x940181a94A35A4569E4529A3CDfB74e38FD98631,18,18,18,2515357497995969898734,5718665665750791077,2515.35749799597,5.718665665750791,2521076163661720689811,0,34737707137271592,0.03473770713727159,0.0,0,0,0,nan,0
vAMM-CREATOR/WETH,0.0017757827207131103,0x640A1f93fE0f9868b6C6d83794EC4BA988Db3B12,0xcf3E3389C09B6C368c815f2887839af099FEf4fC,0x0FD122a924c4528A78a8141bdDd38A0e5bA35FA5,0x4200000000000000000000000000000000000006,0x940181a94A35A4569E4529A3CDfB74e38FD98631,18,18,18,1084467615310579306767361,670267613587907447,1084467.6153105793,0.6702676135879074,1084468285578192894674808,0,8034827276884919227524,8034.82727688492,0.0,0,0,0,nan,0
vAMM-EIGEN/KING,5.961552009918372e-06,0x6F01b54c399b27AA0D9D84931b1e730eE55D1080,0xA0e41131422843F4519B8C31D176C9cf902a543C,0x2081Ab0D9EC9e4303234Ab26D86b20B3367946ee,0xE22C243c7559C667a1EB94B593369D192c5fbac0,0x940181a94A35A4569E4529A3CDfB74e38FD98631,18,18,18,0,0,0.0,0.0,0,182104022826,26974043695292172838,26.974043695292174,4.815855592269303e-21,0.12990309917608936,0,0.12990309917608936,207.64742231998386,1788393600
vAMM-FLOCK/cbBTC,0.009110917362487534,0xd162C4444d5eFEaD433F080696D1f4Dc2BCD58Fb,0xC5a4F78f5a2F5A72E6a2F9f833939CFc4Be4fF91,0x5aB3D4c385B400F3aBB49e80DE2fAF6a88A7B691,0xcbB7C0000aB88B473b1f5aFd9ef808440eed33Bf,0x940181a94A35A4569E4529A3CDfB74e38FD98631,18,18,8,0,0,0.0,0.0,0,278307675257762,41223876371632941150774,41223.87637163294,2.3140640540807746e-20,953.9469048146558,0,953.9469048146558,43.214015542764834,1788393600
vAMM-VVV/DIEM,0.0002877360684369962,0xbB345D35450BF9Ee76F3D2cE214E8e7AC5e1071d,0x193446fb206192686CD790eA6Ab393e45b27364E,0xacfE6019Ed1A7Dc6f7B508C02d1b04ec88cC21bf,0xF4d97F2da56e8c3098f3a8D538DB630A2606a024,0x940181a94A35A4569E4529A3CDfB74e38FD98631,18,18,18,1192375127201422743,12036214669299981,1.1923751272014227,0.012036214669299982,1204411341870722724,8789362597472,1301910185438000886142,1301.910185438001,7.241996422847157e-23,0.09428428905810282,0,0.09428428905810282,13808.347058073452,1788393600
vAMM-WETH/LCAP,0.0394637449618247,0xb8B1a52b1893F3369eDb63aeE516F2e8B7D45A53,0xF8f03483a2Cf356F8E0d95E43eAF7C77a5524348,0x4200000000000000000000000000000000000006,0x4dA9A0f397dB1397902070f93a4D6ddBC0E0E6e8,0x940181a94A35A4569E4529A3CDfB74e38FD98631,18,18,18,53721717595089,0,5.3721717595089e-05,0.0,53721717595089,1205503721894568,178560344556098421788592,178560.34455609843,9.096843523224329e-23,16.243355138798485,0,16.243355138798485,10992.824021288157,1788393600
vAMM-SIRE/USDC,0.000913032924042094,0xeF6F90aCDa6e8102093F3F4e28D952B0276E4ABB,0xD29D5597c1225B874a9d9EBEE693f88892942118,0x7Ce02e86354EA0Cc3b302AeAdC0Ab56bC7EB44b8,0x833589fCD6eDb6E08f4c7C32D4f71b54bdA02913,0x940181a94A35A4569E4529A3CDfB74e38FD98631,18,18,6,78969295746728706581231,4945421275,78969.2957467287,4945.421275,78969295746733652002506,0,4131170867481711387241,4131.170867481712,0.0,0,0,0,nan,0
vAMM-AERO/MAI,0.0013853714113828484,0x104DAaf3D7108B5e52A4c200E58A7083171B3054,0xb3c6adc4F8939e3C778929B09f9c5Df74E4Ef6A0,0x940181a94A35A4569E4529A3CDfB74e38FD98631,0xbf1aeA8670D2528E08334083616dD9C5F3B087aE,0x940181a94A35A4569E4529A3CDfB74e38FD98631,18,18,18,4840494115919892,36033728293365820,0.004840494115919892,0.03603372829336582,40874222409285712,42320645731725,6268345713109229449852,6268.345713109229,1.085145728215785e-22,0.6802068573560208,0,0.6802068573560208,9215.352131959427,1788393600
vAMM-SYND/WETH,0.018403202743303905,0xA6f77321B8726FaAB89B72f28C2603b667448BC2,0xb41228D378ae3fE96eF1B1f927856a1Ca73BF903,0x11dC28D01984079b7efE7763b533e6ed9E3722B9,0x4200000000000000000000000000000000000006,0x940181a94A35A4569E4529A3CDfB74e38FD98631,18,18,18,0,0,0.0,0.0,0,562164828079392,83268382814628378291028,83268.38281462838,4.5514356269059026e-21,378.9906841373388,0,378.9906841373388,219.71089607166584,1788393600
vAMM-WETH/PHI,0.0005211933461992777,0x99ba9f844FCDC60Fc9e52af59f165cD91F86360E,0xB27773092F3D548044d6d8527d468072426603Cc,0x4200000000000000000000000000000000000006,0xFb3aD5550ca5730A6F91350032c4Da1eFdfDE3E8,0x940181a94A35A4569E4529A3CDfB74e38FD98631,18,18,18,0,0,0.0,0.0,0,15921113291375,2358226862851332283501,2358.226862851332,5.396282275523307e-22,1.2725657821667575,0,1.2725657821667575,1853.1276700180117,1788393600
vAMM-kVCM/WETH,0.00020438570012815604,0x5e710Fe3C079182a6a2be9cA3c200317d6C34A5D,0x3d4a5eAC08225e29EbbAeDE8721B23F57541Eb10,0x00fBAC94Fec8D4089d3fe979F39454F48c71A65d,0x4200000000000000000000000000000000000006,0x940181a94A35A4569E4529A3CDfB74e38FD98631,18,18,18,0,0,0.0,0.0,0,6243415001727,924777439964874447373,924.7774399648744,5.875744380528637e-22,0.543375584611327,0,0.543375584611327,1701.9120220986038,1788393600
vAMM-LCAP/eUSD,0.10457660599273028,0xe39E901F5C53fDA90eF90FeEF3ed1F0126b557a7,0xe3F63B420E0B046C8b27Ca54BBfE0AB64fd928C0,0x4dA9A0f397dB1397902070f93a4D6ddBC0E0E6e8,0xCfA3Ef56d303AE4fAabA0592388F19d7C3399FB4,0x940181a94A35A4569E4529A3CDfB74e38FD98631,18,18,18,0,0,0.0,0.0,0,3194545755005022,473174424186879482204085,473174.4241868795,9.475304141385221e-23,44.83471581095506,0,44.83471581095506,10553.750941168284,1788393600
vAMM-kVCM/USDC,0.024348067975414632,0x5C0D76fab1822bDeb47308eD6028231761ED723E,0x57387e4639048B67C30C911a145368bC5B33fE3b,0x00fBAC94Fec8D4089d3fe979F39454F48c71A65d,0x833589fCD6eDb6E08f4c7C32D4f71b54bdA02913,0x940181a94A35A4569E4529A3CDfB74e38FD98631,18,18,6,365408642628095808580,332031,365.40864262809583,0.332031,365408642628096140611,743770716739855,110166924380111380740233,110166.92438011138,0.0,0,0,0,nan,0
vAMM-USDC/coinage,0.0009651348451814435,0x0F9C19e1aaf9C989617b6e7154df3e6Bc5d143d2,0xC3e51aC2Ba4332b61BbEe34e57ACA96150f7E7C6,0x833589fCD6eDb6E08f4c7C32D4f71b54bdA02913,0xF4d7fD100b5B03e51261a2E6a673632eF2c68896,0x940181a94A35A4569E4529A3CDfB74e38FD98631,18,6,18,0,0,0.0,0.0,0,29485503250844,4366914763548252783157,4366.914763548253,0.0,0,0,0,nan,0
vAMM-FLOCK/DGLD,0.0017709360414685134,0x2b1CEd170A3cB7CFB1e21657B4BCc3Dd0594639a,0x89f0D55D0A78Ac4F50E9C3bFB61E103250AD566C,0x5aB3D4c385B400F3aBB49e80DE2fAF6a88A7B691,0xd02f50E1017F493ffFFa70c8fCf09e349e11d6c9,0x940181a94A35A4569E4529A3CDfB74e38FD98631,18,18,18,2754982414540349507586,0,2754.9824145403495,0.0,2754982414540349507586,0,8012897662330970622412,8012.897662330971,0.0,0,0,0,nan,0
vAMM-WBTC/USDT,1.1592294209038371e-08,0xD7f91d93d105578f96B19a247C68b5b512a07D7c,0x31d4E5b4faCC648CFD6c87d10a46473785Bb77a7,0x0555E30da8f98308EdB960aa94C0Db47230d2B9c,0xfde4C96c8593536E31F229EA8f37b2ADa2699bb2,0x940181a94A35A4569E4529A3CDfB74e38FD98631,18,8,6,4,1644,4e-08,0.001644,1648,354127594,52451282820824528,0.05245128282082453,0.0,0,0,0,nan,0
vAMM-SOL/fBOMB,0.02097533478859255,0xB8fA852a85Af20284906a898595f59BdD8C66cbE,0x96f03A43be421aeb8768d7eaA7E4bEd1B4782E39,0x311935Cd80B76769bF2ecC9D8Ab7635b2139cf82,0x74ccbe53F77b08632ce0CB91D3A545bF6B8E0979,0x940181a94A35A4569E4529A3CDfB74e38FD98631,18,9,18,0,43361715011883525440,0.0,43.361715011883526,43361715011883525440,640776329295243,94906426408686908398932,94906.42640868691,1.7186298371943232e-21,163.10901616745662,0,163.10901616745662,581.858861261543,1788393600
vAMM-WETH/MEZO,4.922515490487317e-06,0xAFf04483cD9722a720368b9B5a090968aa959dB4,0xcc84A0bcdb1Fb78326D9288dcFAebF6e2f60F556,0x4200000000000000000000000000000000000006,0x8e4cbBcc33dB6c0a18561fDE1F6bA35906d4848b,0x940181a94A35A4569E4529A3CDfB74e38FD98631,18,18,18,52307083431000,19035474891096216524,5.2307083431e-05,19.035474891096218,19035527198179647524,150381104930,22272748390058165181,22.272748390058165,0.0,0,0,0,nan,0
sAMM-eUSD/frxUSD,0.005525605100513496,0x0cd7AdBda66220D98aE8f85564Cc7E87dA5B67CF,0x93c6506b5e5CD71f49e5B0F728A3b1d922d503c8,0xCfA3Ef56d303AE4fAabA0592388F19d7C3399FB4,0xe5020A6d073a794B6E7f05678707dE47986Fb0b6,0x940181a94A35A4569E4529A3CDfB74e38FD98631,18,18,18,0,0,0.0,0.0,0,168804720440964,25001528658343644788878,25001.528658343646,2.2992692272533593e-22,5.74852454784225,0,5.74852454784225,4349.207948973298,1788393600
vAMM-VIRTUAL/FLOCK,0.001378279020033834,0xB7E0c9CaeB559429B5b8B37c118E1d2764550416,0x4aFe38a5e227fe4F04e0aEFcA6104Cf3399834Af,0x0b3e328455c4059EEb9e3f84b5543F74E24e7E1b,0x5aB3D4c385B400F3aBB49e80DE2fAF6a88A7B691,0x940181a94A35A4569E4529A3CDfB74e38FD98631,18,18,18,0,0,0.0,0.0,0,42105935946040,6236254996826935919918,6236.254996826936,2.7001124267096623e-20,168.38589613062635,0,168.38589613062635,37.035494896728906,1788393600
vAMM-FLOCK/VVV,0.002291830671699772,0xef724d142f283411f66bDe8De4d863e7295b9972,0xE6b378617777257988bF89e731a9C8cd9e0a5a8c,0x5aB3D4c385B400F3aBB49e80DE2fAF6a88A7B691,0xacfE6019Ed1A7Dc6f7B508C02d1b04ec88cC21bf,0x940181a94A35A4569E4529A3CDfB74e38FD98631,18,18,18,0,0,0.0,0.0,0,70015078662855,10369772934596424946987,10369.772934596424,2.1848933225869485e-20,226.56847641542592,0,226.56847641542592,45.768824942720045,1788393600
vAMM-AERO/SAPIEN,5.678480788300597e-05,0x9F12a2CB7ad24E7BeF73174677a171617C83D2EC,0xf2D96b3EeB3ECfcAa357d5A3E2B4008E63e76FdA,0x940181a94A35A4569E4529A3CDfB74e38FD98631,0xC729777d0470F30612B1564Fd96E8Dd26f5814E3,0x940181a94A35A4569E4529A3CDfB74e38FD98631,18,18,18,0,0,0.0,0.0,0,1734767249552,256932403930490433864,256.93240393049047,1.895679815545734e-22,0.048706157209067416,0,0.048706157209067416,5275.15243766056,1788393600
vAMM-FUN/AERO,3.368907022881199e-05,0x7995Ab86E35EE7816B52fD7A2bC4242De5313466,0x9aE31131e8Cb0D0813C891A0c0CbD3692A018436,0x16EE7ecAc70d1028E7712751E2Ee6BA808a7dd92,0x940181a94A35A4569E4529A3CDfB74e38FD98631,0x940181a94A35A4569E4529A3CDfB74e38FD98631,18,18,18,0,0,0.0,0.0,0,1029213000701,152431858498234246445,152.43185849823425,0.0,0,0,0,nan,0
vAMM-HYPE/AVNT,5.392738931894688e-05,0x92C6B33BC74e4146B59b07b84a4B0906Aa71d686,0xC950c64FE525Ff844650850684d5Af8d3a3E27B7,0x15D0e0c55a3E7eE67152aD7E89acf164253Ff68d,0x696F9436B67233384889472Cd7cD58A6fB5DF4f1,0x940181a94A35A4569E4529A3CDfB74e38FD98631,18,18,18,0,0,0.0,0.0,0,1647506251746,244003533550019779854,244.00353355001977,2.905723848463221e-22,0.07090068865455881,0,0.07090068865455881,3441.483265964451,1788393600
vAMM-HYPE/AAVE,7.631105876952677e-05,0xdABf94060fd5b0AC9dD8557cc3e9A84BB8211937,0xaA4999A574EF9C9cD513F34A56aFaa9A81535404,0x15D0e0c55a3E7eE67152aD7E89acf164253Ff68d,0x63706e401c06ac8513145b7687A14804d17f814b,0x940181a94A35A4569E4529A3CDfB74e38FD98631,18,18,18,0,0,0.0,0.0,0,2331337526033,345282206757332106560,345.2822067573321,3.1176992144138304e-22,0.10764860647584082,0,0.10764860647584082,3207.493511166097,1788393600
vAMM-HYPE/PENDLE,2.308018955866417e-05,0x25e39953Fb612A857ee7c06DB6d74108926388dd,0x54a85Ab8F5929bff71e96424b0a48F7ceE9F4240,0x15D0e0c55a3E7eE67152aD7E89acf164253Ff68d,0xA99F6e6785Da0F5d6fB42495Fe424BCE029Eeb3E,0x940181a94A35A4569E4529A3CDfB74e38FD98631,18,18,18,0,0,0.0,0.0,0,705110280130,104430195461728071456,104.43019546172808,3.2617469949735734e-21,0.34062487623179444,0,0.34062487623179444,306.5841714703878,1788393600
vAMM-HYPE/AERO,0.00033858700424519177,0x9EeCe9Af59f90111C7bb84eB78b310704BcBC588,0xD1431330558e66d86d9ee97665611F4eccDA0412,0x15D0e0c55a3E7eE67152aD7E89acf164253Ff68d,0x940181a94A35A4569E4529A3CDfB74e38FD98631,0x940181a94A35A4569E4529A3CDfB74e38FD98631,18,18,18,0,0,0.0,0.0,0,10560459661089,1531993788190222122392,1531.9937881902222,0.0,0,0,0,nan,0
vAMM-MORPHO/ZEN,3.3704618324341796e-05,0x393824EA50b1A4B953A94C5743Fd08199797f363,0x4D4e89CbBf9Bac44ed956fd351e22E85D31Eb6a1,0xBAa5CC21fd487B8Fcc2F632f3F4E8D37262a0842,0xf43eB8De897Fbc7F2502483B2Bef7Bb9EA179229,0x940181a94A35A4569E4529A3CDfB74e38FD98631,18,18,18,0,0,0.0,0.0,0,1029698221064,152502208468762362408,152.50220846876238,3.2224451071117284e-22,0.04914299955038961,0,0.04914299955038961,3103.233621553598,1788393600
vAMM-ETHFI/PENDLE,6.0640326411861585e-05,0x034A914B8280e138b470C9a28EA1BD56CDaCf02A,0x7EB68c4F7ADa7F3FFDf3b610fD213A8710206eCf,0x6C240DDA6b5c336DF09A4D011139beAAa1eA2Aa2,0xA99F6e6785Da0F5d6fB42495Fe424BCE029Eeb3E,0x940181a94A35A4569E4529A3CDfB74e38FD98631,18,18,18,0,0,0.0,0.0,0,1852607919348,274377345296821643418,274.37734529682166,1.7663061809985567e-22,0.04846344009237513,0,0.04846344009237513,5661.532585673589,1788393600
vAMM-ENA/PENDLE,3.232504177931022e-05,0x06Fa83a634B278cAB6ccD6728Ea849Eab9B64101,0xE07D5b2379B0E51dC1FC85bd07E777C34540a40e,0x58538e6A46E07434d7E7375Bc268D3cb839C0133,0xA99F6e6785Da0F5d6fB42495Fe424BCE029Eeb3E,0x940181a94A35A4569E4529A3CDfB74e38FD98631,18,18,18,0,0,0.0,0.0,0,987554519196,146260082602080288781,146.2600826020803,0.0,0,0,0,nan,0
vAMM-fBOMB/USDbC,0.05697785332585808,0xC395664B295ed5bf1D249Ae8be9740655AA174ef,0x81F1f6FC6A1447F11a83f9FB9c66376B112fc877,0x74ccbe53F77b08632ce0CB91D3A545bF6B8E0979,0xd9aAEc86B65D86f6A7B5B1b0c42FFA531710b6CA,0x940181a94A35A4569E4529A3CDfB74e38FD98631,18,18,6,0,15985834,0.0,15.985834,15985834,1740728110363508,257805870471083661488336,257805.87047108365,4.7526785497301094e-21,1225.2684305824182,0,1225.2684305824182,210.4076658112691,1788393600
vAMM-AERO/NVDAc,1.834446981195938e-06,0x029007b068d70e30205eDb95621E7a820507ACA2,0x5794625C33aA018443579d1D82c6593776C8bC85,0x940181a94A35A4569E4529A3CDfB74e38FD98631,0xb20000000000000000000078ee7ce2fE4908108C,0x940181a94A35A4569E4529A3CDfB74e38FD98631,18,18,8,18933434885686,0,1.8933434885686e-05,0.0,18933434885686,56044486967,8300263579878350946,8.30026357987835,2.683407061199035e-23,0.00022272985900058747,0,0.00022272985900058747,37266.056814845186,1788393600
CL-WETH/NORMILIO,1.5926360893664084e-05,0x2b5fD674f93E329d54371DBa980a67F3ff3BC119,0xdF628e37E89486FbeF037FBf73EBC90D1367d786,0x4200000000000000000000000000000000000006,0xcDE90558fc317C69580DeeAF3eFC509428Df9080,0x940181a94A35A4569E4529A3CDfB74e38FD98631,18,18,18,9060568056509008,26944435153605021332817,0.009060568056509007,26944.43515360502,26944444214173077841825,0,72061495720905346009,72.06149572090534,0.0,0,0,0,nan,0
CL-WETH/USD+,0.006257927338870097,0x4D69971CCd4A636c403a3C1B00c85e99bB9B5606,0xcC2714BF50F3c7174a868bec8f4D4d284A0b07cc,0x4200000000000000000000000000000000000006,0xB79DD08EA68A908A97220C76d19A6aA9cBDE4376,0x940181a94A35A4569E4529A3CDfB74e38FD98631,18,18,6,359559041751162,947021,0.000359559041751162,0.947021,359559042698183,191140152962325,28315043666448993299977,28315.043666448993,2.0180537755895448e-21,57.14128077706022,0,57.14128077706022,495.5269339677852,1788393600
CL-USDC/USD+,0.00019069763985176294,0x0c1A09d5D0445047DA3Ab4994262b22404288A3B,0xeA22A3AAdA580bD75Fb6caC35034e09046cbFf72,0x833589fCD6eDb6E08f4c7C32D4f71b54bdA02913,0xB79DD08EA68A908A97220C76d19A6aA9cBDE4376,0x940181a94A35A4569E4529A3CDfB74e38FD98631,18,6,6,5707,1780,0.005707,0.00178,7487,5824608385018,862843511453484016010,862.8435114534841,9.477941123094226e-22,0.817798,0,0.817798,1055.0814644367974,1788393600
CL-WETH/PRIME,0.0019416400275403625,0x87Cd18069B6547a0E88b6155DD657E71779500eA,0xf9f8138150F67a469Fa5437e75ad16EAAab8C09e,0x4200000000000000000000000000000000000006,0xfA980cEd6895AC314E7dE34Ef1bFAE90a5AdD21b,0x940181a94A35A4569E4529A3CDfB74e38FD98631,18,18,18,107314087728015,1168091027373765603,0.000107314087728015,1.1680910273737657,1168198341461493618,59305231117107,8785276528036052769267,8785.276528036053,1.9445613894077945e-21,17.083509531689472,0,17.083509531689472,514.2547853963841,1788393600
CL-wBLT/USDC,0.13465545122031744,0x7cE345561E1690445eEfA0dB04F59d64b65598A8,0xf00d67799Cd4E1A77D14671149b599A96DcD38eC,0x4E74D4Db6c0726ccded4656d0BCE448876BB4C7A,0x833589fCD6eDb6E08f4c7C32D4f71b54bdA02913,0x940181a94A35A4569E4529A3CDfB74e38FD98631,18,18,6,15750971493332619859,15324379,15.750971493332619,15.324379,15750971493347944238,4112873504234337,609271213097385994282588,609271.213097386,1.2238733203178484e-21,745.6707825475812,0,745.6707825475812,817.0780287458941,1788393600
CL-WETH/doginme,0.06207483278878691,0x088c39ee29fC30DF8Adc394e9f7dEa33E3A26507,0x42d80fdf14f13CA7019FD5A77fd53F1C1f4099a6,0x4200000000000000000000000000000000000006,0x6921B130D297cc43754afba22e5EAc0FBf8Db75b,0x940181a94A35A4569E4529A3CDfB74e38FD98631,18,18,18,10143186532625598,354387114068268630874887,0.010143186532625598,354387.1140682686,354387124211455163500485,1896006598997809,280868010416908149526417,280868.01041690813,9.177372991895455e-21,2577.630493087544,0,2577.630493087544,108.96364361382072,1788393600
CL-HIGHER/WETH,0.0005070090117219182,0xd9932A538e4c7621D9Ab1b45DE31a5D60E672B1c,0x63806fa58774B013458aA4C9a7FDD8a72db5Fe70,0x0578d8A44db98B23BF096A382e016e29a5Ce0ffe,0x4200000000000000000000000000000000000006,0x940181a94A35A4569E4529A3CDfB74e38FD98631,18,18,18,1373870973889152642920,223390458481979,1373.8709738891525,0.000223390458481979,1373871197279611124899,0,2294047458336471493116,2294.0474583364717,0.0,0,0,0,nan,0
CL-WETH/KEYCAT,0.03871503629297405,0xB211a9DDff3a10806c8fdb92Dbc4c34596A23F84,0xA9edd05F8d82f4050d4649FEf30bEC9378f499e7,0x4200000000000000000000000000000000000006,0x9a26F5433671751C3276a065f57e5a02D2817973,0x940181a94A35A4569E4529A3CDfB74e38FD98631,18,18,18,3039323700919596,7095183553033087604185,0.003039323700919596,7095.183553033087,7095186592356788523781,1182507644308598,175172686390066949793361,175172.68639006696,0.0,0,0,0,nan,0
CL-WETH/ROOST,1.5088525833572138e-05,0xAA500dbEDa452Cc2807185DA993b6E3779333Aca,0x4A7212433200428571B069AeC82620573eE2cbc0,0x4200000000000000000000000000000000000006,0xE1aBD004250AC8D1F199421d647e01d094FAa180,0x0000000000000000000000000000000000000000,18,18,18,0,0,0.0,0.0,0,0,68270570223187968200,68.27057022318797,0.0,0,0,0,nan,0
CL-tBTC/cbETH,2.1950018222211663e-08,0xEeB9b3B819C93Db45B731730af290ab6aF82f0D2,0xFC9C7A01517F958736c468229D59cFe34F80C83f,0x236aa50979D5f3De3Bd1Eeb40E81137F22ab794b,0x2Ae3F1Ec7F1F5012CFEab0185bfc7aa3cf0DEc22,0x0000000000000000000000000000000000000000,18,18,18,0,0,0.0,0.0,0,0,99316545364921468,0.09931654536492147,0.0,0,0,0,nan,0
CL-WETH/AERO,0.11636172611546808,0x82321f3BEB69f503380D6B233857d5C43562e2D0,0xdE8FF0D3e8ab225110B088a250b546015C567E27,0x4200000000000000000000000000000000000006,0x940181a94A35A4569E4529A3CDfB74e38FD98631,0x940181a94A35A4569E4529A3CDfB74e38FD98631,18,18,18,3633618442546701550,14706883501907979681624,3.6336184425467017,14706.88350190798,14710517120350526383174,0,526498180251761838639588,526498.1802517618,0.0,0,0,0,nan,0
CL-Mog/WETH,0.006748471791178416,0xC29dc26B28FFF463e32834Ce6325B5c74fAC7098,0x44e6F4D58A81531338d11aE6374F199A35c787Be,0x2Da56AcB9Ea78330f947bD57C54119Debda7AF71,0x4200000000000000000000000000000000000006,0x940181a94A35A4569E4529A3CDfB74e38FD98631,18,18,18,115034921496559812131277382,9046834741643965,115034921.49655981,0.009046834741643965,115034921505606646872921347,0,30534594459436024924486,30534.594459436026,0.0,0,0,0,nan,0
CL-WETH/DOG,0.0020738213669295367,0xa4eb9849F46e1E9Db3700BCDadB62096a7bc4aAB,0x3E848AF39c45Cf45c97A622440411C4141dF3e82,0x4200000000000000000000000000000000000006,0xAfb89a09D82FBDE58f18Ac6437B3fC81724e4dF6,0x940181a94A35A4569E4529A3CDfB74e38FD98631,18,18,18,318665252376789,2547000373118143853926,0.000318665252376789,2547.0003731181437,2547000691783396230715,70496,9383353206467085303379,9383.353206467085,0.0,0,0,0,nan,0
CL-LUSD/USDC,4.910371452552454e-08,0x95b9Ff408700af5a1092Cd218E33084a71e4bE97,0xBF58afee32FFa0Bd24E4c6e43b443aa9679b7c64,0x368181499736d0c0CC614DBB145E2EC1AC86b8c6,0x833589fCD6eDb6E08f4c7C32D4f71b54bdA02913,0x0000000000000000000000000000000000000000,18,18,6,0,0,0.0,0.0,0,0,222178006500489750,0.22217800650048977,0.0,0,0,0,nan,0
CL-USDC/rgUSD,0.0006513624810356979,0xDEfE76cd3c5c25728Fd45De93b000C23048c992f,0x601377635D6C852e27CC49633694449B6E9475c8,0x833589fCD6eDb6E08f4c7C32D4f71b54bdA02913,0x8E5E9DF4F0EA39aE5270e79bbABFCc34203A3470,0x940181a94A35A4569E4529A3CDfB74e38FD98631,18,6,18,6040934,9113978706070155399,6.040934,9.113978706070155,9113978706076196333,0,2947198983704145597644,2947.198983704146,0.0,0,0,0,nan,0
CL-WETH/bsdETH,0.2091109535237194,0x2ae9DF02539887d4EbcE0230168a302d34784c82,0x0b537aC41400433F09d97Cd370C1ea9CE78D8a74,0x4200000000000000000000000000000000000006,0xCb327b99fF831bF8223cCEd12B1338FF3aA322Ff,0x940181a94A35A4569E4529A3CDfB74e38FD98631,18,18,18,25979886052068,23715118638022,2.5979886052068e-05,2.3715118638022e-05,49695004690090,6387061067932848,946157642863581986928930,946157.642863582,0.0,0,0,0,nan,0
CL-tBTC/USDC,0.07743898732087524,0xf81e1a62cBfA487E807044618661bFD4802B4982,0x37E1a626b09faDE99E94752942a88f17EA2170fd,0x236aa50979D5f3De3Bd1Eeb40E81137F22ab794b,0x833589fCD6eDb6E08f4c7C32D4f71b54bdA02913,0x940181a94A35A4569E4529A3CDfB74e38FD98631,18,18,6,227083462054179,24678622,0.000227083462054179,24.678622,227083486732801,2365287579262100,350385708996115361307796,350385.70899611537,0.0,0,0,0,nan,0
CL-tBTC/SATS,6.932215807691343e-07,0x86BB57004D5E55a6Ab978287211a53CD3615cAF9,0x1e210791d844A37435d0B1aCCeFD1c94013218A7,0x236aa50979D5f3De3Bd1Eeb40E81137F22ab794b,0x9d36F8f62347538440a212e9162f534f797542df,0x0000000000000000000000000000000000000000,18,18,18,0,0,0.0,0.0,0,0,3136597513378429026,3.1365975133784287,0.0,0,0,0,nan,0
CL-WETH/weirdo,4.7223921779048727e-07,0x12CCDd646241412F2a5D44a6994Aa29086dEDC61,0xbe806f6D980FE4Ba0Af5D040A045429744C23cb8,0x4200000000000000000000000000000000000006,0x76734B57dFe834F102fB61E1eBF844Adf8DD931e,0x940181a94A35A4569E4529A3CDfB74e38FD98631,18,18,8,25679847505954015,365490052122062,0.025679847505954013,3654900.52122062,26045337558076077,0,2136725683868623334,2.1367256838686233,0.0,0,0,0,nan,0
CL-USDz/USD+,8.475306647891873e-05,0x4Ef1E503C4F1e5664ac98294d0e42ddC9c0FF961,0x958ee1605Aed682Dae998aE47AF7122C641a292C,0x04D5ddf5f3a8939889F11E97f8c4BB48317F1938,0xB79DD08EA68A908A97220C76d19A6aA9cBDE4376,0x940181a94A35A4569E4529A3CDfB74e38FD98631,18,18,6,5537978769377749712,5526906,5.53797876937775,5.526906,5537978769383276618,0,383479489017098906187,383.47948901709896,0.0,0,0,0,nan,0
CL-USDz/USDC,0.0013455855207761258,0xdE5Ff829fEF54d1BdEc957D9538A306f0EAD1368,0xE2F3C8c699A1bf30A12118B287B5208e7C6ddFEF,0x04D5ddf5f3a8939889F11E97f8c4BB48317F1938,0x833589fCD6eDb6E08f4c7C32D4f71b54bdA02913,0x940181a94A35A4569E4529A3CDfB74e38FD98631,18,18,6,4446398936698795,8950,0.004446398936698795,0.00895,4446398936707745,41099546330387,6088327766457692744969,6088.327766457693,0.0,0,0,0,nan,0
CL-WETH/OKAYEG,3.738925574806959e-05,0xAD04bE2b6613586f83049d5953611bAa23971340,0x1bED19abF408e7f05C0DF7c215A429321A2a171F,0x4200000000000000000000000000000000000006,0xdb6e0e5094A25a052aB6845a9f1e486B9A9B3DdE,0x0000000000000000000000000000000000000000,18,18,18,0,0,0.0,0.0,0,0,169173969564461190406,169.1739695644612,0.0,0,0,0,nan,0
CL-hyUSD/eUSD,2.3457229812478517e-07,0x919e084BdC0B4b58513C6d9f2b0a3F40dABC9D6d,0x76de16EDd3e7C15ac6cE2CaD5d9bF082A6f36e94,0xCc7FF230365bD730eE4B352cC2492CEdAC49383e,0xCfA3Ef56d303AE4fAabA0592388F19d7C3399FB4,0x940181a94A35A4569E4529A3CDfB74e38FD98631,18,18,18,299989694998007,475347870263836,0.000299989694998007,0.000475347870263836,775337565261843,0,1061361774382925152,1.0613617743829251,0.0,0,0,0,nan,0
CL-USDC/eUSD,0.2091436011930486,0x988702fe529a3461ec7Fd09Eea3f962856709FD9,0xE62Adb491707513EA98B957d9Adb73D8D23e191C,0x833589fCD6eDb6E08f4c7C32D4f71b54bdA02913,0xCfA3Ef56d303AE4fAabA0592388F19d7C3399FB4,0x940181a94A35A4569E4529A3CDfB74e38FD98631,18,6,18,33771,17062580487143257,0.033771,0.017062580487143257,17062580487177028,6388079385678962,946305362728739860075801,946305.3627287399,0.0,0,0,0,nan,0
CL-USDC/XPRT,1.28280776760514e-08,0x75118B598433430DA15FB1340e486461f2A7c07F,0x2cA011C7eAb0C8586E0eFe3bc0D474547f3080fA,0x833589fCD6eDb6E08f4c7C32D4f71b54bdA02913,0xc7Edf7B7b3667a06992508e7B156eff794a9e1c8,0x940181a94A35A4569E4529A3CDfB74e38FD98631,18,6,6,24746012,139943423,24.746012,139.943423,164689435,0,58042792746707986,0.05804279274670798,0.0,0,0,0,nan,0
CL-tBTC/T,0.08888041471300741,0xC35D9e6fC72e8EC2935fae56f07afaD2Ce4DCb1b,0xa8deC3aF01E62f7F0011214B520414FCbbA0cFdf,0x236aa50979D5f3De3Bd1Eeb40E81137F22ab794b,0x26f3901aC8a79c50fb0d8289C74f0d09AdC42E29,0x940181a94A35A4569E4529A3CDfB74e38FD98631,18,18,18,77810069217310,1724581246031921439263,7.781006921731e-05,1724.5812460319214,1724581323841990656573,2714762210174810,402154369556054242902021,402154.36955605424,0.0,0,0,0,nan,0
CL-USD+/wstETH,9.869419796712623e-06,0xa01A2513E95263b9BaCe60B573ce874E1e7a5246,0xa53bA46F4F0280b42575A3BaadAC54a61DB578d0,0xB79DD08EA68A908A97220C76d19A6aA9cBDE4376,0xc1CBa3fCea344f92D9239c08C0568f6F2F0ee452,0x940181a94A35A4569E4529A3CDfB74e38FD98631,18,6,18,42918152,17723007970686723,42.918152,0.017723007970686724,17723008013604875,0,44655848074594425342,44.655848074594424,0.0,0,0,0,nan,0
CL-DEGEN/USD+,0.0037742293739288744,0xa19acc3B4f11c46c2b1Fc36B5f592AF422Ee338c,0xFDb47B2dFcC65899E21aD86197fcEE79c38dFAB5,0x4ed4E862860beD51a9570b96d89aF5E1B0Efefed,0xB79DD08EA68A908A97220C76d19A6aA9cBDE4376,0x940181a94A35A4569E4529A3CDfB74e38FD98631,18,18,6,1,1,1e-18,1e-06,2,115280012024677,17077134927118861226450,17077.134927118863,0.0,0,0,0,nan,0
CL-PRE/AERO,2.1062999289372298e-05,0xc286ecD3910c62dF30fBBFD2C95A3043076d3912,0x35984A6297D9C88A48C20fC99D408555f882dCbF,0x3816dD4bd44c8830c2FA020A5605bAC72FA3De7A,0x940181a94A35A4569E4529A3CDfB74e38FD98631,0x940181a94A35A4569E4529A3CDfB74e38FD98631,18,18,18,10911209388122151483694,60194353391064433477,10911.209388122152,60.19435339106443,10971403741513215917171,0,95303079171360909523,95.30307917136092,0.0,0,0,0,nan,0
CL-WETH/CHOMP,0.0010348569717184381,0x0a7021C9843c2fB3b98c02Ed7f93354774286109,0x243Bc7b24dC4f2552EA9336391E79967d3387652,0x4200000000000000000000000000000000000006,0xebfF2db643Cf955247339c8c6bCD8406308ca437,0x940181a94A35A4569E4529A3CDfB74e38FD98631,18,18,18,37175337436037741,1514331291432366125480,0.03717533743603774,1514.331291432366,1514368466769802163221,0,4682384239384183133845,4682.384239384183,0.0,0,0,0,nan,0
CL-WETH/SKR,4.911199862333171e-10,0x4b1f694A027103F10B625b6D8928181d86D450AF,0x22766847029648Ca9639dF9a41d9384c1708C32A,0x4200000000000000000000000000000000000006,0xe2dCA969624795985F2f083BcD0b674337ba130a,0x940181a94A35A4569E4529A3CDfB74e38FD98631,18,18,18,6026251664767845,6040898966126301698991,0.006026251664767845,6040.898966126301,6040904992377966466836,0,2222154892928658,0.002222154892928658,0.0,0,0,0,nan,0
CL-RFL/USDC,0.004815976297605492,0x51c230951b82Dbf7b8696B6fCd2be199cC10779f,0x3d27729DC4683bA7ba97562CDBb3Bb1Ce16540da,0x6e2c81b6c2C0e02360F00a0dA694e489acB0b05e,0x833589fCD6eDb6E08f4c7C32D4f71b54bdA02913,0x940181a94A35A4569E4529A3CDfB74e38FD98631,18,18,6,1,1,1e-18,1e-06,2,147103982322472,21790693911748777070626,21790.693911748775,2.418333812908433e-21,52.69717189351999,0,52.69717189351999,413.50784356661666,1788393600
CL-WETH/ZRO,0.00011146483966784867,0xA4463789e8F3c6A599B3dFB608DDe55513Bcf289,0x46e078FeDCD91a813306D5637d7ec5C7Dc201EC3,0x4200000000000000000000000000000000000006,0x6985884C4392D348587B19cb9eAAf157F13271cd,0x940181a94A35A4569E4529A3CDfB74e38FD98631,18,18,18,405126559145281978,634871031793135338898,0.40512655914528195,634.8710317931353,635276158352280620876,0,504341394772206997574,504.341394772207,0.0,0,0,0,nan,0
CL-wXCH/USDC,0.004229102999329269,0x113138dC05b05AfbE25E8C31ca9DE9b445CAcA48,0xcbbc1c52E14A6163f32aB83Ba7aF70B3CeD3612d,0x36be1d329444aeF5D28df3662Ec5B4F965Cd93E9,0x833589fCD6eDb6E08f4c7C32D4f71b54bdA02913,0x940181a94A35A4569E4529A3CDfB74e38FD98631,18,18,6,1,8456,1e-18,0.008456,8457,129174520609238,19135287070549411610842,19135.28707054941,0.0,0,0,0,nan,0
CL-WETH/RDNT,0.0003016780091936556,0x2092f4acbb18BB1649595DF59B9Cb601bBA1EBB7,0x8D88C541f22de965536bD1849013caEE6ce90e11,0x4200000000000000000000000000000000000006,0xd722E55C1d9D9fA0021A5215Cbb904b92B3dC5d4,0x940181a94A35A4569E4529A3CDfB74e38FD98631,18,18,18,1,1,1e-18,1e-18,2,9214540560815,1364992838837925396240,1364.9928388379253,0.0,0,0,0,nan,0
CL-WETH/PRIME,5.523081902028001e-06,0x8216144205B2Ac3523BAc7a8dC46d3c970e84876,0x7396905bE2C4c89C7c0445C7F72681515391730a,0x4200000000000000000000000000000000000006,0xfA980cEd6895AC314E7dE34Ef1bFAE90a5AdD21b,0x940181a94A35A4569E4529A3CDfB74e38FD98631,18,18,18,12361981496206798,8141125681473876625,0.012361981496206797,8.141125681473877,8153487662970083423,0,24990112022862409873,24.99011202286241,0.0,0,0,0,nan,0
CL-WETH/BOOMER,0.00015610128262386814,0xa7423f6BEc29a511d365B0c934e8000720128aE3,0x25206a301486De7fE19eAB25ACE698Aa7DB03Db6,0x4200000000000000000000000000000000000006,0xcdE172dc5ffC46D228838446c57C1227e0B82049,0x0000000000000000000000000000000000000000,18,18,18,0,0,0.0,0.0,0,0,706306480490644298734,706.3064804906443,0.0,0,0,0,nan,0
CL-WETH/APX,8.912550138594169e-08,0x0C9A0e17eAB266DCF8dcFB4bc12792a9712FEd1E,0x1d94aE3D754D68A42CcC095A9305f3A2A2F3d9e8,0x4200000000000000000000000000000000000006,0xcacf1ca03983CE6c7E235fb20C70aCC70ed13509,0x940181a94A35A4569E4529A3CDfB74e38FD98631,18,18,18,385978644451827,31230806694174002078349,0.000385978644451827,31230.806694174003,31230807080152646530176,0,403263305385828815,0.4032633053858288,0.0,0,0,0,nan,0
CL-wstETH/wrsETH,0.00019344982750266486,0x14dcCDd311Ab827c42CCA448ba87B1ac1039e2A4,0x4197186D3D65f694018Ae4B80355225Ce1dD64AD,0xc1CBa3fCea344f92D9239c08C0568f6F2F0ee452,0xEDfa23602D0EC14714057867A78d01e94176BEA0,0x940181a94A35A4569E4529A3CDfB74e38FD98631,18,18,18,528186893758469,48480752751189774,0.000528186893758469,0.04848075275118977,49008939644948243,0,875296246887069168708,875.2962468870692,0.0,0,0,0,nan,0
CL-uDOGE/WETH,1.3857501178245473e-05,0xBE700f5c75dFCbEf3Cae37873aEEB1724daED3f6,0x18835e2b9f96fb3356F6Cc91405e3368D8bF6B1e,0x12E96C2BFEA6E835CF8Dd38a5834fa61Cf723736,0x4200000000000000000000000000000000000006,0x940181a94A35A4569E4529A3CDfB74e38FD98631,18,18,18,181319024442004032634,8158314725834537,181.31902444200404,0.008158314725834536,181327182756729867171,0,62700592340328215084,62.70059234032822,0.0,0,0,0,nan,0
CL-WETH/cbBTC,9.558545942769046,0x70aCDF2Ad0bf2402C957154f944c19Ef4e1cbAE1,0x41b2126661C673C2beDd208cC72E85DC51a5320a,0x4200000000000000000000000000000000000006,0xcbB7C0000aB88B473b1f5aFd9ef808440eed33Bf,0x940181a94A35A4569E4529A3CDfB74e38FD98631,18,18,8,210276353608404705,403188,0.21027635360840471,0.00403188,210276353608807893,291736452185455218,43249247091151400905723306,43249247.0911514,1.0006285282207546e-21,43276.43046347458,0,43276.43046347458,999.371866578827,1788393600
CL-USDC/cbBTC,4.532642868717953,0x4e962BB3889Bf030368F56810A9c96B83CB3E778,0x6399ed6725cC163D019aA64FF55b22149D7179A8,0x833589fCD6eDb6E08f4c7C32D4f71b54bdA02913,0xcbB7C0000aB88B473b1f5aFd9ef808440eed33Bf,0x940181a94A35A4569E4529A3CDfB74e38FD98631,18,6,8,614841407,712883,614.841407,0.00712883,615554290,138354661350725731,20508704208659012281360343,20508704.208659012,1.46553086802352e-21,30056.13908095366,0,30056.13908095366,682.346596594478,1788393600
CL-IBTC/WETH,1.1032312050334238e-10,0x9f093177c5087DD280bd61a1Afab564814807014,0xC5104cbB08A30b6cB3F52E38dA8878acDE1809cF,0x12418783e860997eb99e8aCf682DF952F721cF62,0x4200000000000000000000000000000000000006,0x940181a94A35A4569E4529A3CDfB74e38FD98631,18,8,18,865,64192685218985,8.65e-06,6.4192685218985e-05,64192685219850,0,499175494587170,0.00049917549458717,0.0,0,0,0,nan,0
CL-tBTC/cbBTC,0.007687985791849535,0x138aceE5573fA09e7F215965ff60898cc33c6330,0xB57eC27f68Bd356e300D57079B6cdbe57d50830d,0x236aa50979D5f3De3Bd1Eeb40E81137F22ab794b,0xcbB7C0000aB88B473b1f5aFd9ef808440eed33Bf,0x940181a94A35A4569E4529A3CDfB74e38FD98631,18,18,8,12383250930293,79,1.2383250930293e-05,7.9e-07,12383250930372,234825620133267,34785583407327217350216,34785.58340732722,1.6051306168153427e-21,55.83540495088469,0,55.83540495088469,623.0022588342678,1788393600
CL-USD+/cbBTC,6.671607821976181e-07,0xe05ce080119b33dd30482A6eC9b8911508AE226e,0x1e6490C37841024B9eE55F505cCB24cefa7FCE9c,0xB79DD08EA68A908A97220C76d19A6aA9cBDE4376,0xcbB7C0000aB88B473b1f5aFd9ef808440eed33Bf,0x940181a94A35A4569E4529A3CDfB74e38FD98631,18,6,8,5891301,6466,5.891301,6.466e-05,5897767,0,3018681051652900195,3.0186810516529006,0.0,0,0,0,nan,0
CL-cbBTC/uBTC,9.10812126423976e-06,0x9ed7EB51A8e6Af23d77180acC32a3312A06bDC79,0x381BaA9990C5aA04015936a2ec37D4d2da519899,0xcbB7C0000aB88B473b1f5aFd9ef808440eed33Bf,0xF1143f3A8D76f1Ca740d29D5671d365F66C44eD1,0x940181a94A35A4569E4529A3CDfB74e38FD98631,18,8,18,5092,46987742770247,5.092e-05,4.6987742770247e-05,46987742775339,0,41211224955326199788,41.2112249553262,0.0,0,0,0,nan,0
CL-WETH/ETHFI,0.04653770724087268,0xFefe4e80F2D747A484154F7ae18B20d478E49D40,0xD33e1Ccbd216Cb3e2D63B114E119862002442196,0x4200000000000000000000000000000000000006,0x6C240DDA6b5c336DF09A4D011139beAAa1eA2Aa2,0x940181a94A35A4569E4529A3CDfB74e38FD98631,18,18,18,2465697297806517,8020119968596096869,0.002465697297806517,8.020119968596097,8022585665893903386,1421470349273787,210567675414980183450183,210567.6754149802,2.203264768261605e-21,463.93634057657124,0,463.93634057657124,453.8719151711433,1788393600
CL-USDz/cbBTC,6.402566805584301e-09,0x7f770A81811B58094b75CeA1dE76304aa8EAE72c,0x384Ce87727323eDeDdc95D3206399806A3da7F02,0x04D5ddf5f3a8939889F11E97f8c4BB48317F1938,0xcbB7C0000aB88B473b1f5aFd9ef808440eed33Bf,0x940181a94A35A4569E4529A3CDfB74e38FD98631,18,18,8,91955452960064316,165,0.09195545296006431,1.65e-06,91955452960064481,0,28969489235106558,0.02896948923510656,0.0,0,0,0,nan,0
CL-WETH/TRVL,1.275039107205194e-05,0x0511a888D009029781f34696996742B0a55Db585,0x1E81Aaa4aeCe5123f70bF5607876C8d28FcdF89D,0x4200000000000000000000000000000000000006,0x74aa9bB52B36a378a6E641B86d7acb76Dc9b3940,0x940181a94A35A4569E4529A3CDfB74e38FD98631,18,18,18,1,1,1e-18,1e-18,2,389456794074,57691286654446460931,57.69128665444646,1.1009499255223627e-20,0.6351521774550211,0,0.6351521774550211,90.83065240460728,1788393600
CL-WETH/SPX,0.04828167910787501,0x4BA1e3E9280facbAcaFA7baF4aE0b78Bea60beCa,0x9D312ED8646cE9a4eC2A44279C07CFCcfefAB012,0x4200000000000000000000000000000000000006,0x50dA645f148798F68EF2d7dB7C1CB22A6819bb2C,0x940181a94A35A4569E4529A3CDfB74e38FD98631,18,18,8,3851605982902221,1739845930,0.003851605982902221,17.3984593,3851607722748151,1474749115667859,218458569139570085901516,218458.56913957009,2.5290222892574767e-21,552.4865906332683,0,552.4865906332683,395.4097218706605,1788393600
CL-WETH/uSUI,0.032508344088774184,0x5C45b0F48c326f79b56709d8F63CE2beE7697106,0xeD5355807FB4e7A04A7Ff8Bbc20cf65d425cB868,0x4200000000000000000000000000000000000006,0xb0505e5a99abd03d94a1169e638B78EDfEd26ea4,0x940181a94A35A4569E4529A3CDfB74e38FD98631,18,18,18,2492020922843507,5824600137141603283,0.002492020922843507,5.824600137141603,5827092158064446790,992957423656102,147089464698672377889530,147089.46469867238,8.934828823344046e-22,131.42191887999445,0,131.42191887999445,1119.2156221138764,1788393600
CL-WETH/mooBIFI,0.015441293885297294,0xb378137c90444BbceCD44a1f766851fbf53D2a9E,0x6E415053AAcDDDc8b678a806a5279A8DCDD4f6f1,0x4200000000000000000000000000000000000006,0xc55E93C62874D8100dBd2DfE307EDc1036ad5434,0x940181a94A35A4569E4529A3CDfB74e38FD98631,18,18,18,14208779137152466,604171159576142683,0.014208779137152466,0.6041711595761426,618379938713295149,471649597173924,69866728543321070021972,69866.72854332108,1.7322983788703687e-21,121.03002059257122,0,121.03002059257122,577.2677572163403,1788393600
CL-WETH/OVN,4.43336861267724e-08,0x1DA71Ce5Ebf772f9fdD44E29Bec53C7185E188BA,0x7a8464B293e1A035A2546Dd38fb9cF8BE4c5AB44,0x4200000000000000000000000000000000000006,0xA3d1a8DEB97B111454B294E2324EfAD13a9d8396,0x940181a94A35A4569E4529A3CDfB74e38FD98631,18,18,18,383547171972862485,763658942382350657114,0.3835471719728625,763.6589423823507,764042489554323519599,0,200595211577010362,0.20059521157701038,0.0,0,0,0,nan,0
CL-WETH/CHAD,0.00011597564013701958,0x36104bB6Ce1EdF37076f1CF6FBaBbCDF67DDff1B,0x3c63fa8945D6b2AA673a5E1B8ab70022c1796d6c,0x4200000000000000000000000000000000000006,0xecaF81Eb42cd30014EB44130b89Bcd6d4Ad98B92,0x940181a94A35A4569E4529A3CDfB74e38FD98631,18,18,18,8973478051414590,610615564668566293305682,0.00897347805141459,610615.5646685663,610615573642044344720272,0,524751269374278428145,524.7512693742784,0.0,0,0,0,nan,0
CL-USDz/KEYCAT,0.0001093431543772879,0x2C206C7dE24787f85B5c52d2ea339aDC6D5af40F,0xE7CfAea003D352B7c94a255566Da36b2DcE39B88,0x04D5ddf5f3a8939889F11E97f8c4BB48317F1938,0x9a26F5433671751C3276a065f57e5a02D2817973,0x940181a94A35A4569E4529A3CDfB74e38FD98631,18,18,18,1,1,1e-18,1e-18,2,3339853194872,494741473201443375100,494.7414732014434,6.4438936076111846e-21,3.1880614165829213,0,3.1880614165829213,155.1856782394503,1788393600
CL-WETH/uAPT,0.00023939437910602726,0xa88C07bD10813CF9B4111DeAb984c4026F2C83bf,0x27149E8aEf0331487B97D2D80ef88D7EAB9E026E,0x4200000000000000000000000000000000000006,0x9c0e042d65a2e1fF31aC83f404E5Cb79F452c337,0x940181a94A35A4569E4529A3CDfB74e38FD98631,18,18,18,1,5152233176234185,1e-18,0.005152233176234185,5152233176234186,7312228062608,1083180089961462234848,1083.1800899614623,4.313509862407497e-21,4.672308000812206,0,4.672308000812206,231.82977016351848,1788393600
CL-WETH/Neiro,0.0008500939226895187,0xa4513D1f6BDa04Bd733462b58D1790514DdCf5de,0xC36EBCd3B47b3b6C0fBC23e9778B634DFF0517a6,0x4200000000000000000000000000000000000006,0x5Ca35eBC4f25B042d2cAE75914c7e882E631fA9A,0x940181a94A35A4569E4529A3CDfB74e38FD98631,18,18,9,1,171021952436,1e-18,171.021952436,171021952437,27844476244855,3846392781205203903699,3846.392781205204,1.3088582220971568e-21,5.034382817095581,0,5.034382817095581,764.0246919927816,1788393600
CL-SolvBTC/cbBTC,5.878975293387844e-05,0x83eE4a0d418aA520A7BC1A3782bDb445F31b8e29,0x2d3825c93f79E97548FE7b7779ADfE6C3b962afb,0x3B86Ad95859b6AB773f55f8d94B4b9d443EE931f,0xcbB7C0000aB88B473b1f5aFd9ef808440eed33Bf,0x940181a94A35A4569E4529A3CDfB74e38FD98631,18,18,8,1,1,1e-18,1e-08,2,1795715015540,266004114672746357465,266.00411467274637,1.695663055131823e-23,0.004510533497636249,0,0.004510533497636249,58973.980530716864,1788393600
CL-SolvBTC/xSolvBTC,3.129306026761052e-05,0x0c0E3d9b455B1097D4B4B2fd0B34E51d31AD2d1A,0x04917fBA393848554F344c2877A17e9E0650622A,0x3B86Ad95859b6AB773f55f8d94B4b9d443EE931f,0xC26C9099BD3789107888c35bb41178079B282561,0x940181a94A35A4569E4529A3CDfB74e38FD98631,18,18,18,3749098008728,3344770206150,3.749098008728e-06,3.34477020615e-06,7093868214878,0,141590708864669502603,141.5907088646695,0.0,0,0,0,nan,0
CL-jEUR/USDC,3.585443458996036e-05,0xf11fD84609D5d55f5A2787eF5c8774C17a609B25,0x8f28db1048a89e878FdC18aBbf5D7b5bF242d280,0x4154550f4Db74Dc38d1FE98e1F3F28ed6daD627d,0x833589fCD6eDb6E08f4c7C32D4f71b54bdA02913,0x940181a94A35A4569E4529A3CDfB74e38FD98631,18,18,6,42199271043806597,43387,0.042199271043806594,0.043387,42199271043849984,0,162229413362583118563,162.2294133625831,0.0,0,0,0,nan,0
CL-VIRTUAL/WETH,0.6600798113924369,0xC200F21EfE67c7F41B81A854c26F9cdA80593065,0xBDA319Bc7Cc8F0829df39eC0FFF5D1E061FFadf7,0x0b3e328455c4059EEb9e3f84b5543F74E24e7E1b,0x4200000000000000000000000000000000000006,0x940181a94A35A4569E4529A3CDfB74e38FD98631,18,18,18,51291019712510912343,16339894163817750,51.29101971251091,0.01633989416381775,51307359606674730093,20161935251800812,2986642009539995616010332,2986642.009539996,0.0,0,0,0,nan,0
CL-WETH/uSEI,6.303909121889068e-05,0x859c91f9Fe1EC10e38a7CCaD0B87f0aAE0b88cFE,0x4C74464A878947AF6fb4c2aFdd10799529cAe732,0x4200000000000000000000000000000000000006,0x71a67215a2025F501f386A49858A9ceD2FC0249d,0x940181a94A35A4569E4529A3CDfB74e38FD98631,18,18,18,1,476953530701522643,1e-18,0.47695353070152263,476953530701522644,1925509753292,285230959693187203945,285.23095969318723,0.0,0,0,0,nan,0
CL-EIGEN/WETH,0.013268978729149896,0x3c5428b3D6e07f6de38b0c7F84ea9d30b3b27231,0xBf53D46947cED25cefb63a2b09C7a99C1ab96830,0x2081Ab0D9EC9e4303234Ab26D86b20B3367946ee,0x4200000000000000000000000000000000000006,0x940181a94A35A4569E4529A3CDfB74e38FD98631,18,18,18,5915954116128036967,559235782478180,5.915954116128037,0.00055923578247818,5916513351910515147,405296895389832,60037723639165646399117,60037.72363916565,0.0,0,0,0,nan,0
CL-WETH/LUNA,0.002476260400870755,0xB6b777577A05D85FFca7D9EBC7476Fb344B92445,0x9C590e540B6D2b602565d00eB47023a2Ea66f4E0,0x4200000000000000000000000000000000000006,0x55cD6469F597452B5A7536e2CD98fDE4c1247ee4,0x940181a94A35A4569E4529A3CDfB74e38FD98631,18,18,18,27479758763262,4450856384780529002,2.7479758763262e-05,4.450856384780529,4450883864539292264,75636866491509,11204256231075645362385,11204.256231075646,0.0,0,0,0,nan,0
CL-WETH/TALENT,0.0015136124155488884,0x346eDb1aAa704dF6dDbfc604724AAFcdC12b2fed,0x37C1Eb7F00CD43A1e52f4E93b55Ed324ce60359d,0x4200000000000000000000000000000000000006,0x9a33406165f562E16C3abD82fd1185482E01b49a,0x940181a94A35A4569E4529A3CDfB74e38FD98631,18,18,18,6950975162447,1,6.950975162447e-06,1e-18,6950975162448,46232981052601,6848593682790244199859,6848.593682790244,1.0425134610876526e-20,71.39751103828691,0,71.39751103828691,95.92202281558087,1788393600
CL-WETH/msETH,0.5094510696089153,0x74F72788F4814D7fF3C49B44684aa98Eee140C0E,0x4f665e05d23a5AB1D1A581e8040B585Fb4d0453d,0x4200000000000000000000000000000000000006,0x7Ba6F01772924a82D9626c126347A28299E98c98,0x940181a94A35A4569E4529A3CDfB74e38FD98631,18,18,18,9391963134054435,24199169328436728,0.009391963134054436,0.02419916932843673,33591132462491163,15517344967034951,2305096959547011359597501,2305096.9595470116,2.617429855911426e-21,6033.429602689001,0,6033.429602689001,382.05417338749885,1788393600
CL-msUSD/USDC,1.6277913686487702,0x7501bc8Bb51616F79bfA524E464fb7B41f0B10fB,0x3d86AED6eCC8dAf71C8b50d06f38455b663265d8,0x526728DBc96689597F85ae4cd716d4f7fCcBAE9d,0x833589fCD6eDb6E08f4c7C32D4f71b54bdA02913,0x940181a94A35A4569E4529A3CDfB74e38FD98631,18,18,6,114589986332448407255,23942285,114.5899863324484,23.942285,114589986332472349540,49609623166887275,7365215539795748887249714,7365215.539795749,9.717793341503545e-22,7157.364253136556,0,7157.364253136556,1029.040199619309,1788393600
CL-WETH/WELL,0.009376226259145084,0x3Ba9ce0f19cF3CcB631b973c83712C7E6E9585ae,0xe871A267A418C200F8b92Ae21397221122B79808,0x4200000000000000000000000000000000000006,0xA88594D404727625A9437C3f886C7643872296AE,0x940181a94A35A4569E4529A3CDfB74e38FD98631,18,18,18,347795672960985,1122541719636043337713,0.000347795672960985,1122.5417196360434,1122542067431716298698,286394909641885,42424311050267656494761,42424.31105026766,1.0153879624192165e-20,430.7713475437033,0,430.7713475437033,98.48452384815022,1788393600
CL-BTCB/AERO,1.677054376935505e-07,0x1a1fa53D4D84D016BF660f2CF0f86f481a537752,0x627AC3BEA1d3544270A924e5a13fd826Ae2a29Ab,0x0c41F1FC9022FEB69aF6dc666aBfE73C9FFDA7ce,0x940181a94A35A4569E4529A3CDfB74e38FD98631,0x0000000000000000000000000000000000000000,18,18,18,0,0,0.0,0.0,0,0,758811429768247461,0.7588114297682474,0.0,0,0,0,nan,0
CL-USDC/STAR,0.02269511921736121,0xa7C2693022cfB693c198EaA743E9B54d7921588E,0x9Aa4F2cF55E1EA0eEEfC6E455ADe474c8Add67A2,0x833589fCD6eDb6E08f4c7C32D4f71b54bdA02913,0xC19669A405067927865B40Ea045a2baabbbe57f5,0x940181a94A35A4569E4529A3CDfB74e38FD98631,18,6,18,3687656,5718329867101245655,3.687656,5.718329867101246,5718329867104933311,771589,102687880005151302274582,102687.8800051513,0.0,0,0,0,nan,0
CL-USDC/CHAMP,0.0004132811464839794,0x58c5649e6BC93969f4530673E8892faf762Cc7E7,0x0e956C897bBFCbd2155D3DfdD27c87fa5A0FaD39,0x833589fCD6eDb6E08f4c7C32D4f71b54bdA02913,0xEb6d78148F001F3aA2f588997c5E102E489Ad341,0x940181a94A35A4569E4529A3CDfB74e38FD98631,18,6,18,8213,113219440575107517880,0.008213,113.21944057510751,113219440575107526093,12623587926808,1869959984439009402943,1869.9599844390095,0.0,0,0,0,nan,0
CL-WETH/DOGE,6.278316656015487e-05,0x03Cd22d89bba07b109b869DA1B5fD344d0Ad6B40,0x8118696CDb46892a6314b70c71B2fBcD2EcD5E5d,0x4200000000000000000000000000000000000006,0x67f0870BB897F5E1c369976b4A2962d527B9562c,0x940181a94A35A4569E4529A3CDfB74e38FD98631,18,18,18,9314320363998826,8732361509423406111428,0.009314320363998827,8732.361509423406,8732370823743770110254,0,284072985575716204008,284.0729855757162,0.0,0,0,0,nan,0
CL-RSR/bsdETH,0.00019351640171257328,0xe2cb3a61D580004306e70F32341e00D596b4ecc4,0x0DED14A7A643344eC12e38d87dbDeF8245551e38,0xaB36452DbAC151bE02b16Ca17d8919826072f64a,0xCb327b99fF831bF8223cCEd12B1338FF3aA322Ff,0x940181a94A35A4569E4529A3CDfB74e38FD98631,18,18,18,1,632061865207,1e-18,6.32061865207e-07,632061865208,5910977493876,875597473085223840381,875.5974730852239,2.9469940532726954e-23,0.025803805462427536,0,0.025803805462427536,33932.8815030855,1788393600
CL-USDz/sUSDz,0.0005175949325300185,0x96CC4b6A75fA1dFea66091589d1f25AfF3aa0318,0xb1C4225d490B881d2e011decc9E0F7439F2AC174,0x04D5ddf5f3a8939889F11E97f8c4BB48317F1938,0xe31eE12bDFDD0573D634124611e85338e2cBF0cF,0x940181a94A35A4569E4529A3CDfB74e38FD98631,18,18,18,6056397403217566,57873422240597050,0.006056397403217566,0.05787342224059705,63929819643814616,17597,2341945235619556540882,2341.9452356195566,0.0,0,0,0,nan,1788393600
CL-WETH/USDS,0.0016671579731275246,0x4289a0666397f517c2A761652AaebAf6A4f7A693,0x0C8a0BA64139c17eB90a9Fe63158498be41467eb,0x4200000000000000000000000000000000000006,0x820C137fa70C8691f0e44Dc420a5e53c168921Dc,0x940181a94A35A4569E4529A3CDfB74e38FD98631,18,18,18,391002396363,1739470655768425,3.91002396363e-07,0.001739470655768425,1739861658164788,53538472304108,7543336355915198764843,7543.3363559151985,3.1214645879850442e-21,23.54625731024944,0,23.54625731024944,320.3624362259756,1788393600
CL-cbBTC/superOETHb,0.0011920290968006932,0x4d9199269D4F89a367965e90d07D6F4AF7750eD0,0x0c240E7B77FF16839bCf9E9CE15193Baf4CA5911,0xcbB7C0000aB88B473b1f5aFd9ef808440eed33Bf,0xDBFeFD2e8460a6Ee4955A68582F85708BAEA60A3,0x940181a94A35A4569E4529A3CDfB74e38FD98631,18,8,18,56,14280887357938,5.6e-07,1.4280887357938e-05,14280887357994,36410645820610,5393535926494722320150,5393.535926494723,0.0,0,0,0,nan,0
CL-WETH/HEU,8.797682290146209e-05,0x7C42dD1556754Be827E187cE0870e70c5E571f35,0x54A9d2003b547E54c4cf6dDCf1588032c4386687,0x4200000000000000000000000000000000000006,0xEF22cb48B8483dF6152e1423b19dF5553BbD818b,0x940181a94A35A4569E4529A3CDfB74e38FD98631,18,18,18,1,1,1e-18,1e-18,2,2687260694965,398065916588306734160,398.0659165883067,0.0,0,0,0,nan,0
CL-WETH/MOXIE,3.291734198624065e-05,0x8A86610952343bEff5f1A906Fd5Bd9185c031A90,0xe6813B3271803DC1C083EC5E605d68926757cA92,0x4200000000000000000000000000000000000006,0x8C9037D1Ef5c6D1f6816278C7AAF5491d24CD527,0x940181a94A35A4569E4529A3CDfB74e38FD98631,18,18,18,214466044937650,26747861747672950676797,0.00021446604493765,26747.861747672952,26747861962138995614447,0,148940044403284255950,148.94004440328425,0.0,0,0,0,nan,0
CL-WETH/FAI,0.03171971911151526,0x28A9eC9928A689410e82E579FD9418FbBF6452F3,0x093b5fa753c6a4C94B0aE98326919A5e241901a0,0x4200000000000000000000000000000000000006,0xb33Ff54b9F7242EF1593d2C9Bcd8f9df46c77935,0x940181a94A35A4569E4529A3CDfB74e38FD98631,18,18,18,659140042553657,1916804273675676189255,0.000659140042553657,1916.804273675676,1916804932815718742912,968881935179623,143521198488734193528711,143521.1984887342,0.0,0,0,0,nan,0
CL-WETH/REI,0.0015243056441909943,0x54cdD0222dF6B3BC17754c2C1B3d7D4203FE3d89,0xa4A7e0daE53e9dE540ddEf4Bb7214499DfDEA07D,0x4200000000000000000000000000000000000006,0x6B2504A03ca4D43d0D73776F6aD46dAb2F2a4cFD,0x940181a94A35A4569E4529A3CDfB74e38FD98631,18,18,18,80062005400863602,6201868514520273223690,0.0800620054008636,6201.8685145202735,6201948576525674087292,0,6896976992397545795000,6896.976992397546,0.0,0,0,0,nan,0
CL-USDC/ODOS,0.024285233606929323,0xb7068556049dF8Fb3ae77CCbb9611FE0e85B2641,0x417e10d1d0b491aeBeF222c9Df0263618EFCCB39,0x833589fCD6eDb6E08f4c7C32D4f71b54bdA02913,0xca73ed1815e5915489570014e024b7EbE65dE679,0x940181a94A35A4569E4529A3CDfB74e38FD98631,18,6,18,2117600,2977451540446711884010,2.1176,2977.451540446712,2977451540446714001610,741794845365731,109882619722822647816491,109882.61972282265,3.852399655367343e-21,423.31176635106283,0,423.31176635106283,259.5784678276443,1788393600
CL-uSHIB/WETH,5.515023053635819e-07,0x83212D59403D96A95Fd750d5b6880F77d0CAb337,0xbE1F88D873Ed7Cb52160e5C3aaf6bB04bc0aF982,0x239b9C1F24F3423062B0d364796e07Ee905E9FcE,0x4200000000000000000000000000000000000006,0x940181a94A35A4569E4529A3CDfB74e38FD98631,18,18,18,2996341316229793467333323,20197472405121871,2996341.3162297932,0.02019747240512187,2996341336427265872455194,0,2495364840930963729,2.495364840930964,0.0,0,0,0,nan,0
CL-WETH/uLINK,0.00037845381051605147,0xFd4F716cb3c493aFDDd40C67d3f42426aEb2d902,0xfd4fbaF8B074e7c275b9fCA2de88A912cAeEA9c3,0x4200000000000000000000000000000000000006,0xd403D1624DAEF243FbcBd4A80d8A6F36afFe32b2,0x940181a94A35A4569E4529A3CDfB74e38FD98631,18,18,18,3720750370869,644372670274332,3.720750370869e-06,0.000644372670274332,648093420645201,11559908806877,1712377851359141746723,1712.377851359142,7.088602170472809e-22,1.2138365353813978,0,1.2138365353813978,1410.7153652456986,1788393600
CL-AERO/CHAMP,6.318819057074328e-10,0xee16Ce7cf7F4714C9Fc20463ab6c5223E826A2eb,0x869305781fff479f0311974d55FeeB6Fc9DE96a2,0x940181a94A35A4569E4529A3CDfB74e38FD98631,0xEb6d78148F001F3aA2f588997c5E102E489Ad341,0x940181a94A35A4569E4529A3CDfB74e38FD98631,18,18,18,36865112524612777010,8010018520366570703177,36.865112524612776,8010.018520366571,8046883632891183480187,0,2859055847614782,0.002859055847614782,0.0,0,0,0,nan,0
CL-WETH/CHAMP,0.0016649276722808368,0x5535B3174F3d335C87475e54D3682099C1F9fB70,0xB9E4E0368A9F281584C9adB685e6C9F4b9F37dBb,0x4200000000000000000000000000000000000006,0xEb6d78148F001F3aA2f588997c5E102E489Ad341,0x940181a94A35A4569E4529A3CDfB74e38FD98631,18,18,18,4928763538941804,5177022739474800557014,0.004928763538941804,5177.022739474801,5177027668238339498818,0,7533244985011762886094,7533.244985011763,0.0,0,0,0,nan,0
CL-WETH/ZEREBRO,5.866131384496406e-09,0xcBD3c500a97538ACa280a280799176D1eAc04DE4,0xfc6087cD934B4FFa50118457Cc16b8537eC55873,0x4200000000000000000000000000000000000006,0xD2e92077ad4d7d50D7d60be13FffE3FB52cc0B9f,0x940181a94A35A4569E4529A3CDfB74e38FD98631,18,18,18,42334042301321708,1757822507818438393345,0.042334042301321706,1757.8225078184385,1757864841860739715053,0,26542297043534040,0.02654229704353404,0.0,0,0,0,nan,0
CL-WETH/COOKIE,0.0015037042423386585,0xE8833415Bd6Aee9c0c7B6aaD7DC80421C3F28ca1,0x282ece21a112950f62EC4493E2Bd2b27a74c7937,0x4200000000000000000000000000000000000006,0xC0041EF357B183448B235a8Ea73Ce4E4eC8c265F,0x940181a94A35A4569E4529A3CDfB74e38FD98631,18,18,18,2047638117925436807,351492018972546404650517,2.0476381179254366,351492.0189725464,351494066610664330087324,0,6803762488385060527902,6803.76248838506,0.0,0,0,0,nan,0
CL-EMP/WETH,0.0019377383567118545,0xb0f400ded843b39370B059aD49AcFF6eB7365EEF,0x72Ef9Eef04485fC4dE5Bb9205498e3d649A06596,0x39D5313C3750140E5042887413bA8AA6145a9bd2,0x4200000000000000000000000000000000000006,0x940181a94A35A4569E4529A3CDfB74e38FD98631,18,18,18,1225391547884708,1,0.001225391547884708,1e-18,1225391547884709,59189191590697,8767622762835695201043,8767.622762835696,0.0,0,0,0,nan,0
CL-WETH/LAY,1.3088922047855726e-06,0xEDA5C8f08e92E6983Ae29aB2D5Dc244342bF70c8,0x7946898CDBe3246a55C596D2d602A7394011fDDE,0x4200000000000000000000000000000000000006,0xb89D354AD1b0d95a48b3De4607F75a8cD710c1bA,0x940181a94A35A4569E4529A3CDfB74e38FD98631,18,18,18,991727283231946,5047210806460569561395,0.000991727283231946,5047.21080646057,5047211798187852793341,0,5922302693253995544,5.922302693253996,0.0,0,0,0,nan,0
CL-WETH/Anon,0.0003929080441144154,0x1807af3897aA6419E770D4642dF7B8b06E542C02,0xeCa59A0fBD6498B4d3d6E4143a30C2E8d8F68686,0x4200000000000000000000000000000000000006,0x79bbF4508B1391af3A0F4B30bb5FC4aa9ab0E07C,0x940181a94A35A4569E4529A3CDfB74e38FD98631,18,18,18,11762106424552,467896329511514838,1.1762106424552e-05,0.46789632951151483,467908091617939390,12001494193964,1777778459793918915860,1777.7784597939187,0.0,0,0,0,nan,0
CL-WETH/ACOLYT,7.595052368625504e-06,0x984FaEED533D60B53F142ad76b629D64849ea507,0x792F8CAB72d9B67cc310C8dBd2A87b9FDC327Fb7,0x4200000000000000000000000000000000000006,0x79dacb99A8698052a9898E81Fdf883c29efb93cb,0x940181a94A35A4569E4529A3CDfB74e38FD98631,18,18,18,127390252205256,5211136363302935249913,0.000127390252205256,5211.136363302935,5211136490693187455169,0,34365090519799353914,34.36509051979935,0.0,0,0,0,nan,0
CL-WETH/AION,8.707520281310705e-05,0x1d6aaA7ae38856fFfc37e5e3C99D1c392631f450,0x41aD48761d843B7b2c33fE4aAd944Ab229599dF8,0x4200000000000000000000000000000000000006,0xfc48314ad4aD5bD36a84E8307b86A68A01D95d9C,0x940181a94A35A4569E4529A3CDfB74e38FD98631,18,18,18,5168143361560028,821044669259576702602,0.005168143361560028,821.0446692595767,821049837402938262630,0,393986385013411524612,393.98638501341156,0.0,0,0,0,nan,0
CL-WETH/DRV,0.0250535953586801,0xA0e2bac96aB51c92d3284781AeE1EEc817F6F9C2,0x1aA9609DdfBA43CDa2e5872722f3463b31247444,0x4200000000000000000000000000000000000006,0x9d0E8f5b25384C7310CB8C6aE32C8fbeb645d083,0x940181a94A35A4569E4529A3CDfB74e38FD98631,18,18,18,4112412392522848998,82923512263530392327007,4.112412392522849,82923.51226353039,82927624675922915176005,0,113359201564436143629511,113359.20156443615,0.0,0,0,0,nan,0
CL-BNKR/WETH,0.5383647046072948,0xCDD442e2De893c07146B2F1072f8e077559f9aa4,0x28dCF4ABc65a3E0971602BdBaa95f14CEEC09a2a,0x22aF33FE49fD1Fa80c7149773dDe5890D3c76F3b,0x4200000000000000000000000000000000000006,0x940181a94A35A4569E4529A3CDfB74e38FD98631,18,18,18,3574837033165648880753505,425347225118475685,3574837.033165649,0.42534722511847567,3574837458512873999229190,16438345487233730,2435921559003403212462667,2435921.559003403,0.0,0,0,0,nan,0
CL-USDC/TRUMP,3.75522688560916e-06,0x0c40e7F5b43f6759060a3c4D2fb406DFecF03B57,0x0c1D14b66e74FBB35d53A0c97Dbe93fa8a97BbE7,0x833589fCD6eDb6E08f4c7C32D4f71b54bdA02913,0xc27468b12ffA6d714B1b5fBC87eF403F38b82AD4,0x940181a94A35A4569E4529A3CDfB74e38FD98631,18,6,18,3779637,1277785769609799962,3.779637,1.2777857696098,1277785769613579599,127,16991154976025171247,16.99115497602517,0.0,0,0,0,nan,0
CL-WETH/VEIL,0.0006996551224595023,0x8caD4aF4c6b4dd0eFd195407498E55eB9C328CD3,0x40a844835DF0a7b09E2B4D4D85443714c473624d,0x4200000000000000000000000000000000000006,0x767A739D1A152639e9Ea1D8c1BD55FDC5B217D7f,0x940181a94A35A4569E4529A3CDfB74e38FD98631,18,18,18,1,780353169976947985,1e-18,0.780353169976948,780353169976947986,21373226218404,3165707153683964933487,3165.707153683965,0.0,0,0,0,nan,0
CL-WETH/WELS,5.347905625609011e-07,0x39d8E6Ce85Be6fDb679b1515a0A8cbC919df948b,0x977EFe76abA185f61A70A67D491e780b205ed908,0x4200000000000000000000000000000000000006,0x7F62ac1e974D65Fab4A81821CA6AF659A5F46298,0x940181a94A35A4569E4529A3CDfB74e38FD98631,18,18,18,177014753019548,169991742830608241318,0.000177014753019548,169.99174283060825,169991919845361260866,0,2419749752807264060,2.4197497528072645,0.0,0,0,0,nan,0
CL-WETH/FLAY,2.105052550305766e-06,0x6eAF8196a9A3207A9CdF06EFd112fef7a27E34Fb,0x5B75d4Ae48E15892D3810b227D34dB45198C439B,0x4200000000000000000000000000000000000006,0xF1A7000000950C7ad8Aff13118Bb7aB561A448ee,0x940181a94A35A4569E4529A3CDfB74e38FD98631,18,18,18,243406026709453,85189086613588244170,0.000243406026709453,85.18908661358824,85189330019614953623,71,9524663942940495978,9.524663942940496,0.0,0,0,0,nan,1788393600
CL-WETH/AAVE,1.9446210938522823,0x4a79B0168296c0eF7b8F314973B82aD406a29f1B,0x28047b764D603A25146A0b8a8D414740dC1E650E,0x4200000000000000000000000000000000000006,0x63706e401c06ac8513145b7687A14804d17f814b,0x940181a94A35A4569E4529A3CDfB74e38FD98631,18,18,18,61880482495936671,1505799331051644307,0.061880482495936674,1.5057993310516442,1567679813547580978,59387273321807730,8798764863426318500057358,8798764.863426318,1.0769595177571003e-21,9475.913564173727,0,9475.913564173727,928.5400087113971,1788393600
CL-WETH/TIBBIR,0.002706568944210909,0x0f664afFB82f074937D5cFCD61b97F3F32d5dC50,0x2335A595b567CddDec56DE21261795ba7e7Aad98,0x4200000000000000000000000000000000000006,0xA4A2E2ca3fBfE21aed83471D28b6f65A233C6e00,0x940181a94A35A4569E4529A3CDfB74e38FD98631,18,18,18,462190727557816178,6853808352047534666806,0.4621907275578162,6853.808352047535,6854270542775092482984,0,12246325930563424356888,12246.325930563426,0.0,0,0,0,nan,0
CL-WETH/KAITO,0.2551843607480181,0x56b92E5B391DbFb8b8028AC95A4b97f52ffEB416,0x6205DfbE68444cFF504A20a712cEa794c6b6Cf04,0x4200000000000000000000000000000000000006,0x98d0baa52b2D063E780DE12F615f963Fe8537553,0x940181a94A35A4569E4529A3CDfB74e38FD98631,18,18,18,1677587011650576,38412069884616991489,0.001677587011650576,38.41206988461699,38413747471628642065,7794734499086201,1154624514844497752462383,1154624.514844498,0.0,0,0,0,nan,0
CL-WETH/RIZ,6.970414301747016e-05,0x78abF9026c500744Cb033842744b87ffA0F73689,0x5983adac7383396B31A3F4c5654623702ad27FaC,0x4200000000000000000000000000000000000006,0x67543CF0304C19CA62AC95ba82FD4F4B40788dc1,0x940181a94A35A4569E4529A3CDfB74e38FD98631,18,18,8,219763642839001,54070100585,0.000219763642839001,540.70100585,219817712939586,0,315388106380351682257,315.3881063803517,0.0,0,0,0,nan,0
CL-WETH/COW,0.0001701588546413905,0x6D99904cd4ec6F558D279a643b64d2Dc8E2E4C18,0xFB0232F10272848b303C2DDa79C6bb568e19c18d,0x4200000000000000000000000000000000000006,0xc694a91e6b071bF030A18BD3053A7fE09B6DaE69,0x940181a94A35A4569E4529A3CDfB74e38FD98631,18,18,18,55054790112764,862886392125288221,5.5054790112764e-05,0.8628863921252882,862941446915400985,0,769912326958057072041,769.9123269580572,0.0,0,0,0,nan,0
CL-WETH/LINKS,1.2732549818787515e-07,0x4Ba79157c6e7aB14bce06a869aF2d14C51C8E269,0x93eE62191632cdb63710f6dBe497Dbc6640242F4,0x4200000000000000000000000000000000000006,0x901F1D2BF312e6Fa1716Df603df8F86315bcb355,0x940181a94A35A4569E4529A3CDfB74e38FD98631,18,18,18,66092111145583487,2358745663723232145170821,0.06609211114558348,2358745.663723232,2358745729815343290754308,4,576105609064646042,0.576105609064646,0.0,0,0,0,nan,0
CL-CADC/USDC,0.07935403819158778,0x09Da4832d34BeBBB55783340d5bede7A70F5c48e,0xc420F795B3A10E736975A43Ed4b87b913d041EfC,0x043eB4B75d0805c43D7C834902E335621983Cf03,0x833589fCD6eDb6E08f4c7C32D4f71b54bdA02913,0x940181a94A35A4569E4529A3CDfB74e38FD98631,18,18,6,5476983728701353576,2984641,5.476983728701353,2.984641,5476983728704338217,2421894041951404,359050678416723390360880,359050.6784167234,1.5878436874297786e-21,570.1163531913737,0,570.1163531913737,629.7849139159829,1788393600
CL-USDC/CARV,0.04950163491145476,0x4b241E7E1Ba2D76c888aaACb6F099b42F57Aec2b,0xcaFd2e14dE4Db4fEa855000A96029286f0Ad3899,0x833589fCD6eDb6E08f4c7C32D4f71b54bdA02913,0xc08Cd26474722cE93F4D0c34D16201461c10AA8C,0x940181a94A35A4569E4529A3CDfB74e38FD98631,18,6,18,2926474,113816236481011724950,2.926474,113.81623648101173,113816236481014651424,1512057309086597,223978464142974737686898,223978.46414297476,4.099981508301687e-21,918.307561244009,0,918.307561244009,243.90353907089315,1788393600
CL-USDC/PROS,1.6838286390522663e-05,0x3115267471EA743bFe311C3FCdcd1b52c584269B,0x3C2552aF840c08471C4f92996B0Fb8091C702C17,0x833589fCD6eDb6E08f4c7C32D4f71b54bdA02913,0x915424Ac489433130d92B04096F3b96c82e92a9D,0x940181a94A35A4569E4529A3CDfB74e38FD98631,18,6,18,155928,3514171681808436811,0.155928,3.514171681808437,3514171681808592739,0,76187655848031571337,76.18765584803157,0.0,0,0,0,nan,0
CL-WETH/$PAAL,0.00021336254507431127,0x0bD7cfd63dB4B508C616368FC83635bACA65c710,0x7e9DC9928EDa29c5EC28D12e8144Fd12ae6B0187,0x4200000000000000000000000000000000000006,0xd52333441c0553fACb259600FA833a69186893A5,0x940181a94A35A4569E4529A3CDfB74e38FD98631,18,18,18,7076706356550,1260022499287870043,7.07670635655e-06,1.2600224992878701,1260029575994226593,6517287688416,965394683162718939387,965.3946831627189,3.1886581530647627e-21,3.078313627392177,0,3.078313627392177,313.61154190795116,1788393600
CL-WETH/LINK,0.22208445296842153,0x72bE417AFB0aBEa66913141C605D313BB389b59C,0xd66c27Ec3C0dfcD20678ff5F5C3CbB6EdE033b92,0x4200000000000000000000000000000000000006,0x88Fb150BDc53A65fe94Dea0c9BA0a6dAf8C6e196,0x940181a94A35A4569E4529A3CDfB74e38FD98631,18,18,18,6702227457694234,538333022353129848,0.006702227457694234,0.5383330223531299,545035249810824082,6783756832033777,1004858420835497594800401,1004858.4208354976,2.964458989447332e-21,2978.861578767641,0,2978.861578767641,337.32967922974416,1788393600
CL-WETH/RED,0.0006722315183110618,0x80866012A372c686A3b71a2aB05D004e29B36E1b,0x4bFE96D4f9E60aFD1E577C61E4BCC679e9A21cfB,0x4200000000000000000000000000000000000006,0x4eB92702bA4cfbF80561BAd64D89C706Ac824960,0x940181a94A35A4569E4529A3CDfB74e38FD98631,18,18,18,942454846698455237,15125265330647605150662,0.9424548466984553,15125.265330647606,15126207785494303605899,0,3041624449154719645096,3041.6244491547195,0.0,0,0,0,nan,0
CL-WETH/RWAX,0.00045674412456658814,0x7A9b4Ccc4F80506259c301BB07cf9A97b4d8805e,0xCA635E72A2Dca090eFD8b9E14202D48c2D99a5a0,0x4200000000000000000000000000000000000006,0xe0023E73aab4fE9a22f059a9d27E857E027eE3dc,0x940181a94A35A4569E4529A3CDfB74e38FD98631,18,18,18,7043856527073,6918950521301670292,7.043856527073e-06,6.91895052130167,6918957565158197365,14000872288439,2066615531178736403616,2066.6155311787365,0.0,0,0,0,nan,0
CL-BIO/WETH,0.8509801235957314,0x222cCBE78890A4d9Ef8d22d7FC1B968Be0F2c653,0x6f29b7B27e2043849A21E1E6ea9ED6d2678E11F3,0x226A2FA2556C48245E57cd1cbA4C6c9e67077DD2,0x4200000000000000000000000000000000000006,0x940181a94A35A4569E4529A3CDfB74e38FD98631,18,18,18,2776580932666429057381,36422063184070403,2776.580932666429,0.0364220631840704,2776617354729613127784,25990343327242618,3850402546099852099044609,3850402.5460998523,0.0,0,0,0,nan,0
CL-WETH/XION,3.586526233131061e-05,0x0c5BF61d127cd801fe4F77F344321ff1f163BF17,0xB5c7edC19d639a01eA8f976897D5401753264643,0x4200000000000000000000000000000000000006,0xe4c3461a20f50daD7B9E88ca0222A255C4126fC0,0x940181a94A35A4569E4529A3CDfB74e38FD98631,18,18,6,1775735149852800,15814764,0.0017757351498528,15.814764,1775735165667564,0,162278405297538483218,162.2784052975385,0.0,0,0,0,nan,0
CL-yTRYB/USDC,0.0007202834686077281,0xE98654b21d013EfF949A6D8ff80A9b23B284f8dd,0x7Cb174B263dCeb4f730265e8277ee33BfB693C72,0x1A9Be8a692De04bCB7cE5cDDD03afCA97D732c62,0x833589fCD6eDb6E08f4c7C32D4f71b54bdA02913,0x940181a94A35A4569E4529A3CDfB74e38FD98631,18,8,6,1369306999,1110498,13.69306999,1.110498,1370417497,0,3259043571690234216643,3259.0435716902343,0.0,0,0,0,nan,0
CL-IDRX/USDC,0.00033641365973639624,0x9cadc7e36191C8B40d0D02b830DC32CE2242D27b,0xcd3F046D0Abc3b9B057476e323317b4c5FD1b850,0x18Bc5bcC660cf2B9cE3cd51a404aFe1a0cBD3C22,0x833589fCD6eDb6E08f4c7C32D4f71b54bdA02913,0x940181a94A35A4569E4529A3CDfB74e38FD98631,18,2,6,99869,3012,998.69,0.003012,102881,10275958238366,1522160125807063886183,1522.1601258070639,0.0,0,0,0,nan,0
CL-cbBTC/EDGE,0.5702749646212711,0x5230845439Fa66FBEA20aF7cf09BC413B99E10B7,0x1A82875FDFCda393BC1CC44492515586CBC8697b,0xcbB7C0000aB88B473b1f5aFd9ef808440eed33Bf,0xED6E000dEF95780fb89734c07EE2ce9F6dcAf110,0x940181a94A35A4569E4529A3CDfB74e38FD98631,18,8,18,23297,377768549484247039694,0.00023297,377.76854948424705,377768549484247062991,17483297739757849,2580304891818932311200061,2580304.8918189327,0.0,0,0,0,nan,0
CL-USDC/KLIMA,1.6725775302141616e-05,0x2DB199a5D0EffAe36236E13FDb62aa43Eb3e14eC,0x3978aB83e3C0823Dcc432B2CE30E6414AD857914,0x833589fCD6eDb6E08f4c7C32D4f71b54bdA02913,0xDCEFd8C8fCc492630B943ABcaB3429F12Ea9Fea2,0x940181a94A35A4569E4529A3CDfB74e38FD98631,18,6,9,55625,145159613,0.055625,0.145159613,145215238,0,75678580525171683648,75.67858052517168,0.0,0,0,0,nan,0
CL-oUSDT/USDC,0.01118346541279644,0x4858bA5A92a23de1B2dBB3509B01D0A9F0E0756A,0x2ce6eBFb4E00eE53f7B138C46850F0bD3B33a83B,0x1217BfE6c773EEC6cc4A38b5Dc45B92292B6E189,0x833589fCD6eDb6E08f4c7C32D4f71b54bdA02913,0x940181a94A35A4569E4529A3CDfB74e38FD98631,18,6,6,369742,811999,0.369742,0.811999,1181741,341611349841739,50601468243114486543721,50601.46824311448,0.0,0,0,0,nan,0
CL-USDC/CTX,0.021204419251335146,0x562d63bFCea2eae8be3265B1f841D42Af6DdE0B7,0x09f0FCCB52931ac063290E1498f391680573E74d,0x833589fCD6eDb6E08f4c7C32D4f71b54bdA02913,0xBB22Ff867F8Ca3D5F2251B4084F6Ec86D4666E14,0x940181a94A35A4569E4529A3CDfB74e38FD98631,18,6,18,1,825164328908461459,1e-06,0.8251643289084615,825164328908461460,647706066713051,95942957549847889867875,95942.9575498479,1.90783130470696e-21,183.04297787977077,0,183.04297787977077,524.1553577262422,1788393600
CL-MOCA/USDC,0.0007526282681522155,0xbf4f004307F623C2Fa2c6cf8Ce8095200e389B13,0x5f42dc8b628b61F268BB832cBF04780a18CF6dD8,0x2B11834Ed1FeAEd4b4b3a86A6F571315E25A884D,0x833589fCD6eDb6E08f4c7C32D4f71b54bdA02913,0x940181a94A35A4569E4529A3CDfB74e38FD98631,18,18,6,2730471509356998068,15339,2.730471509356998,0.015339,2730471509357013407,22989636711282,3405393051620446942927,3405.3930516204473,3.1927641183535957e-21,10.872616744104418,0,10.872616744104418,313.2082305271169,1788393600
CL-WETH/uHBAR,0.002429177654148027,0x006B41C8B19E73324808ecE954DDDfF978c9c8F3,0x760E67cD9Ef0B4b14a804b3C20fBf762A3e94117,0x4200000000000000000000000000000000000006,0xc79e06860Aa9564f95E08fb7E5b61458d0C63898,0x940181a94A35A4569E4529A3CDfB74e38FD98631,18,18,18,4408647718145688,96671691762240963631,0.004408647718145688,96.67169176224097,96676100409959109319,0,10991222432950541827190,10991.222432950542,0.0,0,0,0,nan,0
CL-WETH/Base is for everyone,0.0020547562472274625,0x9aa26B650357bF9cc5439123BCd7e0C0200d90e6,0x78495D7753540ebEAc1fB45A27fB790868cB811e,0x4200000000000000000000000000000000000006,0xD769d56f479E9E72a77bB1523e866A33098Feec5,0x940181a94A35A4569E4529A3CDfB74e38FD98631,18,18,18,1,92127162766949956895,1e-18,92.12716276694995,92127162766949956896,62764590235868,9297089869160940488790,9297.08986916094,0.0,0,0,0,nan,0
CL-WETH/HYPER,0.0009230055627151045,0x29AF315b3Bd7566005f14d81C582b59E1C632fFd,0x29C4ff5Cfb44a14974cCC2447e9555f753B3489D,0x4200000000000000000000000000000000000006,0xC9d23ED2ADB0f551369946BD377f8644cE1ca5c4,0x940181a94A35A4569E4529A3CDfB74e38FD98631,18,18,18,382731010321,1,3.82731010321e-07,1e-18,382731010322,28193948416805,4176293746704370107290,4176.29374670437,0.0,0,0,0,nan,0
CL-USDC/TRYB,0.0014673047811351032,0xeAd784aFe3Bdf564367D36DeBD3619a31ef2bd6a,0x2420CBAC5cA9DA04344A8752395912B87a2f4A2e,0x833589fCD6eDb6E08f4c7C32D4f71b54bdA02913,0xFb8718a69aed7726AFb3f04D2Bd4bfDE1BdCb294,0x940181a94A35A4569E4529A3CDfB74e38FD98631,18,6,6,213159,108880925,0.213159,108.880925,109094084,49890,6639067010536963185227,6639.067010536963,0.0,0,0,0,nan,0
CL-ZORA/USDC,1.2594875542193988,0x3f53f1Fd5b7723DDf38D93a584D280B9b94C3111,0xaDEfE661847835C6566b1caAbECfcF09C586F300,0x1111111111166b7FE7bd91427724B487980aFc69,0x833589fCD6eDb6E08f4c7C32D4f71b54bdA02913,0x940181a94A35A4569E4529A3CDfB74e38FD98631,18,18,6,13503537805281926549578,114144167,13503.537805281927,114.144167,13503537805282040693745,38472076404833510,5698763051076008953410159,5698763.051076009,0.0,0,0,0,nan,0
CL-cbXRP/cbBTC,0.033431115508598966,0x95Ff4985af7ED78421215be100c18a2b987f7E90,0x2db769AcFc04a1F27f4EF1Cc84B90CBde34e0A5a,0xcb585250f852C6c6bf90434AB21A00f02833a4af,0xcbB7C0000aB88B473b1f5aFd9ef808440eed33Bf,0x940181a94A35A4569E4529A3CDfB74e38FD98631,18,6,8,146358106,378976,146.358106,0.00378976,146737082,0,151264699026530097153359,151264.69902653008,0.0,0,0,0,nan,0
CL-WETH/cbXRP,0.03043693930074108,0xA6da283cf7D06b2279626E787c329d6aCF7e2994,0xB2d7D02733ae07695dF556d3AF2d09FC48f34D0F,0x4200000000000000000000000000000000000006,0xcb585250f852C6c6bf90434AB21A00f02833a4af,0x940181a94A35A4569E4529A3CDfB74e38FD98631,18,18,6,3128718793836277460,4873940865,3.1287187938362773,4873.940865,3128718798710218325,0,137717045709442206740151,137717.0457094422,0.0,0,0,0,nan,0
CL-WETH/cbDOGE,0.1662077210604232,0xfb338cb462c9e44cAE9f442fEb09e8E904fFed47,0x34d4C2189A3F5ACD106731a6A236F6FFBB691577,0x4200000000000000000000000000000000000006,0xcbD06E5A2B0C65597161de254AA074E489dEb510,0x940181a94A35A4569E4529A3CDfB74e38FD98631,18,18,8,3191148568825013,1,0.003191148568825013,1e-08,3191148568825014,5076965519296032,752034759223743669595988,752034.7592237436,2.8107681825228583e-21,2113.795373377337,0,2113.795373377337,355.7746263878763,1788393600
CL-cbBTC/cbDOGE,5.67329049492999e-05,0x363d1607b8DA83d6B6EA76D017CeEcf1316BB08A,0x648Eec151f6642Eb57B259A7AA0f963B826a7284,0xcbB7C0000aB88B473b1f5aFd9ef808440eed33Bf,0xcbD06E5A2B0C65597161de254AA074E489dEb510,0x940181a94A35A4569E4529A3CDfB74e38FD98631,18,8,8,267886,192563813199,0.00267886,1925.63813199,192564081085,0,256697560386498517999,256.69756038649854,0.0,0,0,0,nan,0
CL-USDC/VIRGEN,3.330586291476588e-05,0xda353757c951289C0d2aC757dF4A2a6005f866Fd,0xd6F600AC3A4A9eB421FBb5923EB9F482946E4f09,0x833589fCD6eDb6E08f4c7C32D4f71b54bdA02913,0xbf8566956b4e2D8BEB90c4c19dbb8c67A9290C36,0x940181a94A35A4569E4529A3CDfB74e38FD98631,18,6,18,12244656,14651316861349212395335,12.244656,14651.316861349213,14651316861349224639991,0,150697972621496451866,150.69797262149646,0.0,0,0,0,nan,0
CL-WETH/DEGEN,3.5162436632088634e-07,0x68a5aEA4DE3D938a755D85d1868Fe79A9C7B6ae1,0x6a7d1B43b42F8A30B729bfFbdAe2884b683b545c,0x4200000000000000000000000000000000000006,0x4ed4E862860beD51a9570b96d89aF5E1B0Efefed,0x940181a94A35A4569E4529A3CDfB74e38FD98631,18,18,18,224292307834070,321527562831583471391,0.00022429230783407,321.52756283158345,321527787123891305461,0,1590983523365902473,1.5909835233659027,0.0,0,0,0,nan,0
CL-BIOS/USDC,9.114730354786533e-07,0x5E8961929dd762300ec192C85615502c3A516087,0x17eD47514fD512B8cE273FAd376eaBA4d926Fb9F,0x73Cb479f2ccf77BAd90BcDA91e3987358437240A,0x833589fCD6eDb6E08f4c7C32D4f71b54bdA02913,0x940181a94A35A4569E4529A3CDfB74e38FD98631,18,18,6,8894861956140115836822,22711363,8894.861956140116,22.711363,8894861956140138548185,0,4124112889592727052,4.124112889592727,0.0,0,0,0,nan,0
CL-WETH/HOME,0.1963849510860388,0x098A4dE96305baFAEA0c0ce07CF6456e2c64982a,0xF9F42a321E3A07820081D9d54e3F614e34B9Ae0E,0x4200000000000000000000000000000000000006,0x4BfAa776991E85e5f8b1255461cbbd216cFc714f,0x940181a94A35A4569E4529A3CDfB74e38FD98631,18,18,18,11249441645667868,4692816535689946267279,0.011249441645667869,4692.816535689946,4692827785131591935147,5996733409098234,888576706682989935246626,888576.7066829898,0.0,0,0,0,nan,0
CL-WETH/SOLACE,5.788500611084179e-09,0xcAfD76397eFC53129e7A967a4B746D1899b479fa,0xAa5836B9501F2AE3f99a0d4D7F6F86C01648FE47,0x4200000000000000000000000000000000000006,0x7d6fcB3327D7E17095fA8B0E3513AC7A3564f5E1,0x940181a94A35A4569E4529A3CDfB74e38FD98631,18,18,18,188483381217473,348406902171276275015,0.000188483381217473,348.4069021712763,348407090654657492488,0,26191043566144785,0.026191043566144784,0.0,0,0,0,nan,0
CL-USDC/SQD,0.002430068788050774,0xCe62141227cfd3Fe8d715F403B99F0377C0C16C6,0xbbECFcbAA02b8Ae165be383c1FC505d15772Dd61,0x833589fCD6eDb6E08f4c7C32D4f71b54bdA02913,0xd4554BEa546EFa83C1E6B389ecac40EA999B3E78,0x940181a94A35A4569E4529A3CDfB74e38FD98631,18,6,18,107392,1,0.107392,1e-18,107393,74229145283037,10995254518016825131647,10995.254518016825,0.0,0,0,0,nan,0
CL-CADC/WETH,0.003812577146823018,0x3debC1A83EDE28E30baaA43f9fa110E052d4Ccdd,0xf4533d9632Ad33983A39F3DdE529FDfFD5b0ad88,0x043eB4B75d0805c43D7C834902E335621983Cf03,0x4200000000000000000000000000000000000006,0x940181a94A35A4569E4529A3CDfB74e38FD98631,18,18,18,852960916444409735,244557204606529,0.8529609164444097,0.000244557204606529,853205473649016264,116459395851638,17250645868555387885464,17250.645868555388,0.0,0,0,0,nan,0
CL-cbADA/cbBTC,1.623045538829898,0x8782d97C8b25B4d17dBFbaa03f25dC18e51e909D,0x27f732A92CbDfD4047087b8aED4E0b88C29c4198,0xcbADA732173e39521CDBE8bf59a6Dc85A9fc7b8c,0xcbB7C0000aB88B473b1f5aFd9ef808440eed33Bf,0x940181a94A35A4569E4529A3CDfB74e38FD98631,18,6,8,1807908107,443585,1807.908107,0.00443585,1808351692,49567612796378863,7343742235412645916008005,7343742.235412646,0.0,0,0,0,nan,0
CL-WETH/cbADA,0.5388656523966955,0xb862F23ba38c8C65e256782B31E8C08C9aefd612,0x0C8b92c57Af0105C5b027Da4645A24f3144AD6f4,0x4200000000000000000000000000000000000006,0xcbADA732173e39521CDBE8bf59a6Dc85A9fc7b8c,0x940181a94A35A4569E4529A3CDfB74e38FD98631,18,18,6,31626600219411470,405813203,0.03162660021941147,405.813203,31626600625224673,16454179860569701,2438188181442974965265222,2438188.181442975,0.0,0,0,0,nan,0
CL-WETH/cbLTC,0.17428000671579036,0x200681425b0C8D78C6a467512C5D49FA56BaC88A,0x88040de1F5811090b638Fa70633B24a3e319D06f,0x4200000000000000000000000000000000000006,0xcb17C9Db87B595717C857a08468793f5bAb6445F,0x940181a94A35A4569E4529A3CDfB74e38FD98631,18,18,8,2154253575539199,7790887,0.002154253575539199,0.07790887,2154253583330086,5319530079518682,788559171931456543264737,788559.1719314565,0.0,0,0,0,nan,0
CL-SUPR/WETH,2.9153367290533057e-05,0x1c6511ef0ec38b5b91208D1A21eF9f9D1aA532B3,0xA6b01B70982BF3D288d84182b44632CE6E34f6F0,0x17906b1Cd88aA8EfaEfC5e82891B52a22219BD45,0x4200000000000000000000000000000000000006,0x940181a94A35A4569E4529A3CDfB74e38FD98631,18,18,18,9237498628879707486044,2989205247208892,9237.498628879708,0.002989205247208892,9237501618084954694936,0,131909308490710905149,131.9093084907109,0.0,0,0,0,nan,0
CL-TIG/USDC,0.12229472715297811,0x3F5E98C7ebfF35056ab4346BCcd722A537c1aEfA,0x03fDf6f0f980Aa6eb2bc5387a27883360414Bf6C,0x0C03Ce270B4826Ec62e7DD007f0B716068639F7B,0x833589fCD6eDb6E08f4c7C32D4f71b54bdA02913,0x940181a94A35A4569E4529A3CDfB74e38FD98631,18,18,6,19726878040832540907,20776426,19.726878040832542,20.776426,19726878040853317333,3733605053178671,553343040275418783005289,553343.0402754188,0.0,0,0,0,nan,0
CL-WETH/SYRUP,0.10515698487477741,0x7432aaB631B801a10BEF7d70c1507a32755595fa,0x152cF5b5Fa1A41D00140A83e39328D8C5F0cDdB8,0x4200000000000000000000000000000000000006,0x688AEe022AA544f150678B8E5720b6b96a9E9a2F,0x940181a94A35A4569E4529A3CDfB74e38FD98631,18,18,18,11911356917025593,181147950120626857044,0.011911356917025592,181.14795012062686,181159861477543882637,3212136687726172,475800445950695055179547,475800.445950695,0.0,0,0,0,nan,0
CL-VCHF/USDC,0.0038266633436693496,0x44B7CbBb1E326617d439a2966C4475e78b9D42E6,0x38B25d8551c8f4Dd17557Bb319c9f8D9846C48Eb,0x1fcA74D9ef54a6AC80ffE7D3b14e76c4330Fd5D8,0x833589fCD6eDb6E08f4c7C32D4f71b54bdA02913,0x940181a94A35A4569E4529A3CDfB74e38FD98631,18,18,6,7329087146269503,228991,0.007329087146269503,0.228991,7329087146498494,116889674351350,17314381232870131057978,17314.38123287013,0.0,0,0,0,nan,0
CL-VIRTUAL/MAMO,0.030242870036791443,0x4A021bA3ab1F0121e7DF76f345C547db86Cb3468,0xa1d2b60242f36Df5Ce0Bc09a7AC2DE0943F52059,0x0b3e328455c4059EEb9e3f84b5543F74E24e7E1b,0x7300B37DfdfAb110d83290A29DfB31B1740219fE,0x940181a94A35A4569E4529A3CDfB74e38FD98631,18,18,18,305803775360684856,245863557050371438232,0.30580377536068487,245.86355705037144,246169360825732123088,921947365711767,136838946718276579870475,136838.94671827657,0.0,0,0,0,nan,0
CL-R1/USDC,0.00028974111010805347,0x81aA7644632479A621A3ADd22641aC1b41FaA5f4,0x28e9E379291dd5a7cD5BF1d2e41d03bD9cf101B7,0x6444C6c2D527D85EA97032da9A7504d6d1448ecF,0x833589fCD6eDb6E08f4c7C32D4f71b54bdA02913,0x940181a94A35A4569E4529A3CDfB74e38FD98631,18,18,6,139150444928689720895,52802086,139.15044492868972,52.802086,139150444928742522981,9892,1310982333354516538548,1310.9823333545164,0.0,0,0,0,nan,1788393600
CL-WETH/ZEN,3.5095217570208677,0x0392B12a1cEb0cd13af5Ea448CF5586EA609852D,0x828622C92977a372Be19F24bC5c4B5021B4b06eC,0x4200000000000000000000000000000000000006,0xf43eB8De897Fbc7F2502483B2Bef7Bb9EA179229,0x940181a94A35A4569E4529A3CDfB74e38FD98631,18,18,18,43658000815118195,26361978771578553027,0.0436580008151182,26.361978771578553,26405636772393671222,107202942263488046,15879420839734591528324925,15879420.839734592,1.3907452860742374e-21,22084.22967844989,0,22084.22967844989,719.0389282733262,1788393600
CL-ZRO/ZEN,0.02215947453897771,0x82685574957fEf6ab359D8c1083401B492dCa0CF,0xAc7aa2b1eA5B8847FCa2A79D3DdC191aF96e4669,0x6985884C4392D348587B19cb9eAAf157F13271cd,0xf43eB8De897Fbc7F2502483B2Bef7Bb9EA179229,0x940181a94A35A4569E4529A3CDfB74e38FD98631,18,18,18,2070692290800970605,514463433670514834,2.0706922908009706,0.5144634336705148,2585155724471485439,676890195890338,100264265661800956517156,100264.26566180095,1.5157757395067806e-21,151.97814142962065,0,151.97814142962065,659.7281998492671,1788393600
CL-cbBTC/ZEN,2.4695314362253877,0x47f9e291bb766Fc307Ad7BBa4f29f3Eab6A97101,0xB6abC5598A53C8432F9C849528d9D30E30c205FA,0xcbB7C0000aB88B473b1f5aFd9ef808440eed33Bf,0xf43eB8De897Fbc7F2502483B2Bef7Bb9EA179229,0x940181a94A35A4569E4529A3CDfB74e38FD98631,18,8,18,78656,13848376441102062811,0.00078656,13.848376441102063,13848376441102141467,75435129989382244,11173809899974911149168567,11173809.89997491,1.102283480276366e-21,12316.706064490856,0,12316.706064490856,907.2076447605644,1788393600
CL-ZORA/WETH,0.5465830446090534,0xAdB8Fb846DBD3Bd6A23335CEe65Bb610C1cf0ea3,0x6b82714e0e4964595A97fE2b1c3Ad03Dbb246fdF,0x1111111111166b7FE7bd91427724B487980aFc69,0x4200000000000000000000000000000000000006,0x940181a94A35A4569E4529A3CDfB74e38FD98631,18,18,18,10918941272884924978878,35071920148574446,10918.941272884926,0.035071920148574444,10918976344805073553324,16690026587346861,2473106819140593389402305,2473106.8191405935,0.0,0,0,0,nan,0
CL-WETH/ADM,0.0011494323286631426,0x304Bd2Fc8059CC38b09d6E9cdfE62A57A5f456bE,0xA5374a774f297310F5b7124b32836E2540675CB1,0x4200000000000000000000000000000000000006,0x55fF51DA774b8ce0ed1ABAeD1CB76236bc6b2f16,0x940181a94A35A4569E4529A3CDfB74e38FD98631,18,18,18,11365379255277819,24738881869909981532087,0.01136537925527782,24738.881869909983,24738893235289236809906,0,5200799692187131401304,5200.799692187132,0.0,0,0,0,nan,0
CL-WETH/AAA,1.3142667996969195e-05,0xeE43F28bf16AbaA17D5874e57B3A8FfdC99ECBBA,0xeC465874335285521e8A9D97959c8B799862f107,0x4200000000000000000000000000000000000006,0xaaa843fb2916c0B57454270418E121C626402AAa,0x940181a94A35A4569E4529A3CDfB74e38FD98631,18,18,18,1,1,1e-18,1e-18,2,401460021054,59466209509395726789,59.466209509395725,0.0,0,0,0,nan,0
CL-WETH/MAMO,0.007113930271622148,0xAa067F08FeF60420d050A92E7800E588748B7d67,0x6165cEeE2Df1cB4811698be5BfEf218AA6414868,0x4200000000000000000000000000000000000006,0x7300B37DfdfAb110d83290A29DfB31B1740219fE,0x940181a94A35A4569E4529A3CDfB74e38FD98631,18,18,18,401597091307259,150351303281915488808,0.000401597091307259,150.35130328191548,150351704879006796067,215618645963750,32188172756480730919662,32188.17275648073,0.0,0,0,0,nan,0
CL-TOWNS/USDC,0.00027293796416958207,0xF099ceFE04717710dd2EC40f2e0c9C06134F5Eb5,0x83e1dd4273a7eeC62982f4e5B9AE3452f8fCC6f5,0x00000000A22C618fd6b4D7E9A335C4B96B189a38,0x833589fCD6eDb6E08f4c7C32D4f71b54bdA02913,0x940181a94A35A4569E4529A3CDfB74e38FD98631,18,18,6,712484009753858053,41345,0.7124840097538581,0.041345,712484009753899398,8836905185446,1234953676385891543785,1234.9536763858916,0.0,0,0,0,nan,0
CL-WETH/SOON,7.038650641356753e-05,0xC75a16d7E685eaE65Ba0aB6Cf596f73F6Edf170D,0xFAEC1Df3e83fa614b960520D5E3518DbAa4BE163,0x4200000000000000000000000000000000000006,0xb9E1Fd5A02D3A33b25a14d661414E6ED6954a721,0x940181a94A35A4569E4529A3CDfB74e38FD98631,18,18,18,617500001,5927690778686,6.17500001e-10,5.927690778686e-06,5928308278687,2150069437587,318475574212851635140,318.47557421285165,1.1071328160193148e-21,0.35259475931164275,0,0.35259475931164275,903.233998243761,1788393600
CL-WFRAX/WETH,4.6050104341580346e-05,0x2229B66a40Ece21d0B5d4e061CB35bc44CD623b5,0x03b16EcD57519243BA821196bfE019350C88835c,0x0CEAC003B0d2479BebeC9f4b2EBAd0a803759bbf,0x4200000000000000000000000000000000000006,0x940181a94A35A4569E4529A3CDfB74e38FD98631,18,18,18,254835110503284768,5517136850834,0.2548351105032848,5.517136850834e-06,254840627640135602,1047841860990,208361434172837164621,208.36143417283716,8.318194195897706e-20,17.33190872385416,0,17.33190872385416,12.021840034621592,1788393600
CL-USDC/GHST,0.018199762908455215,0x56C11053159a24c0731b4b12356BC1f0578FB474,0x8cA6075D8109bBb56d4af4B1056D2ba946c8086B,0x833589fCD6eDb6E08f4c7C32D4f71b54bdA02913,0xcD2F22236DD9Dfe2356D7C543161D4d260FD9BcB,0x940181a94A35A4569E4529A3CDfB74e38FD98631,18,6,18,313012104,3923158309476839632261,313.012104,3923.15830947684,3923158309477152644365,0,82347885101039410057535,82347.88510103941,0.0,0,0,0,nan,0
CL-USDC/DIEM,0.5500568845048437,0xBc3231036Ee1ECa03E5F67FEceDC640D21610823,0x2f63384822b36516aCd8A9C0645a01806B935c2d,0x833589fCD6eDb6E08f4c7C32D4f71b54bdA02913,0xF4d97F2da56e8c3098f3a8D538DB630A2606a024,0x940181a94A35A4569E4529A3CDfB74e38FD98631,18,6,18,80712073,58919031544094252,80.712073,0.05891903154409425,58919031624806325,16792260262526597,2488824791404124803134492,2488824.791404125,0.0,0,0,0,nan,0
CL-WETH/DIEM,1.3101633994768087e-09,0x9b5AFE0fea549Df6C1A56F3aee6426969B1ac323,0x968a4B8DEC71776009Ba68aD218D199c4649918c,0x4200000000000000000000000000000000000006,0xF4d97F2da56e8c3098f3a8D538DB630A2606a024,0x0000000000000000000000000000000000000000,18,18,18,0,0,0.0,0.0,0,0,5928054427213470,0.00592805442721347,0.0,0,0,0,nan,0
CL-WETH/LCAP,0.3139722908578045,0x3a88eF38879EFb900c2D7b6199d21C139cEf5Fa7,0x48C36c950A7471b82295E0901c465851A860d687,0x4200000000000000000000000000000000000006,0x4dA9A0f397dB1397902070f93a4D6ddBC0E0E6e8,0x940181a94A35A4569E4529A3CDfB74e38FD98631,18,18,18,21689963891687373,6091244867157485360,0.021689963891687373,6.091244867157485,6112934831049172733,9590948998048329,1420620381843379039418776,1420620.381843379,1.5101484512952193e-21,2145.347669519202,0,2145.347669519202,662.1865546677369,1788393600
CL-LCAP/uSOL,0.002978786725208267,0xd52C89A57ACC47E300aC1468441b3495676280Ad,0x25610a80aB993311a8f597fECE6C8068b91c1EF1,0x4dA9A0f397dB1397902070f93a4D6ddBC0E0E6e8,0x9B8Df6E244526ab5F6e6400d331DB28C8fdDdb55,0x940181a94A35A4569E4529A3CDfB74e38FD98631,18,18,18,11401423181100656,1,0.011401423181100656,1e-18,11401423181100657,90993353201586,13478021017185464307832,13478.021017185465,3.146876400380137e-22,4.2413666262808425,0,4.2413666262808425,3177.7542959081643,1788393600
CL-WETH/VELVET,0.4387288246911863,0xF579B16f9b1A4aCc872D34a8141fbbD36C0ce10C,0xbaB42F222012FeA2D1BC17Ca9Db82031e84511D2,0x4200000000000000000000000000000000000006,0xbF927b841994731C573BDF09ceB0c6B0Aa887cDd,0x940181a94A35A4569E4529A3CDfB74e38FD98631,18,18,18,11654023997467436,455173497583434562931,0.011654023997467436,455.17349758343454,455185151607432030367,13401768700697440,1985102280063187561338672,1985102.2800631875,2.292387192656432e-21,4550.623042929933,0,4550.623042929933,436.22648181051557,1788393600
CL-USDC/frxUSD,0.000572956138526962,0xD3d9f0f7D0d477e0A19222965B59233Ad7f6Bc6b,0x4A3Ee54B82c1aE22b81EEb95cA53f9F7234fEE5b,0x833589fCD6eDb6E08f4c7C32D4f71b54bdA02913,0xe5020A6d073a794B6E7f05678707dE47986Fb0b6,0x940181a94A35A4569E4529A3CDfB74e38FD98631,18,6,18,3588,8919507315734495,0.003588,0.008919507315734494,8919507315738083,17501985764413,2592436313630980747248,2592.4363136309807,3.423375432024795e-21,8.874882785173227,0,8.874882785173227,292.10935810465236,1788393600
CL-uPUMP/WETH,0.020680105112175214,0x777820ca027BdeE7D12Cae14355Da487328aE8d2,0xA41d7b78C7796289B6eC774A692BeF49Bc0e5271,0x20FbD133897Ef802e0235dB77bB19a071E257d41,0x4200000000000000000000000000000000000006,0x940181a94A35A4569E4529A3CDfB74e38FD98631,18,18,18,21664109998958016313038,18922289200403979,21664.109998958018,0.01892228920040398,21664128921247216717017,0,93570610134908010812977,93570.61013490801,0.0,0,0,0,nan,0
CL-FLOCK/USDC,0.2620081027368913,0xd7338B6F338DA54b922bbBC6fBE3EFEDD5Ce35fa,0xfC0d4756FaD40dB4B71225DeF4eEC42e9c9EF070,0x5aB3D4c385B400F3aBB49e80DE2fAF6a88A7B691,0x833589fCD6eDb6E08f4c7C32D4f71b54bdA02913,0x940181a94A35A4569E4529A3CDfB74e38FD98631,18,18,6,1306346792144294547062,54890580,1306.3467921442946,54.89058,1306346792144349437642,7999467277261865,1185499681959878730954181,1185499.681959879,0.0,0,0,0,nan,0
CL-WETH/USDC,0.00407943836919706,0xdbc6998296caA1652A810dc8D3BaF4A8294330f1,0x45C6e6A47a711B14D8357D5243F46704904578e3,0x4200000000000000000000000000000000000006,0x833589fCD6eDb6E08f4c7C32D4f71b54bdA02913,0x940181a94A35A4569E4529A3CDfB74e38FD98631,18,18,6,290402550785386652,672189381,0.2904025507853866,672.189381,290402551457576033,0,18458104305707408061627,18458.10430570741,0.0,0,0,0,nan,0
CL-WETH/MEM,0.00033430735177082953,0x531a13a588C4188FdAE818D56CB91ECC4F6BDeAF,0x5f57a113eD5529A14B08006Bf788c3fe0cBfBfA4,0x4200000000000000000000000000000000000006,0x7750741868Cc4A865d9c0f619e6E642FD61F642f,0x940181a94A35A4569E4529A3CDfB74e38FD98631,18,18,18,1,1,1e-18,1e-18,2,10212025176437,1512629781526847661302,1512.6297815268476,0.0,0,0,0,nan,0
CL-AVNT/USDC,0.3292284056870428,0xc4ed25e61cBdE561c982789f740E3e9A8C317100,0x658CeF587d3D9e31DEF560c19c199914c07a4826,0x696F9436B67233384889472Cd7cD58A6fB5DF4f1,0x833589fCD6eDb6E08f4c7C32D4f71b54bdA02913,0x940181a94A35A4569E4529A3CDfB74e38FD98631,18,18,6,505159731676791566697,60225819,505.1597316767916,60.225819,505159731676851792516,10056827767582620,1489649236634818279077570,1489649.2366348184,0.0,0,0,0,nan,0
CL-WETH/AUBRAI,5.570052851996238e-05,0xE2b2A0faeB9e0725513ba166d7A2fE849E480C6D,0xEe9AFdf35D0d825AC4A89728bb16425ABE0E9Cfe,0x4200000000000000000000000000000000000006,0x9d56c29e820Dd13b0580B185d0e0Dc301d27581d,0x940181a94A35A4569E4529A3CDfB74e38FD98631,18,18,18,232964382073022,408507491449801587,0.000232964382073022,0.4085074914498016,408740455831874609,1894,252026399777883554089,252.02639977788354,0.0,0,0,0,nan,0
CL-USDC/VNXAU,7.286497011391809e-06,0xafF8b2C5EeECf3f19cf2066268a4B0B3d2F89E2D,0x9C6CbA0122111c5b2E7Cc4a273F97BF90FEFcf19,0x833589fCD6eDb6E08f4c7C32D4f71b54bdA02913,0xAc3FE22294beaED9d1FD752323a6d06D12Ff3098,0x940181a94A35A4569E4529A3CDfB74e38FD98631,18,6,18,34910,410385629979896,0.03491,0.000410385629979896,410385630014806,0,32968979964260959830,32.96897996426096,0.0,0,0,0,nan,0
CL-SYND/WETH,0.02255798707502169,0x50F8F7fFBD70c6C87b1668EEe4E03F5AC057DE3F,0xC2e94B700aDA596bF431Fc10558BA7Ab0c639914,0x11dC28D01984079b7efE7763b533e6ed9E3722B9,0x4200000000000000000000000000000000000006,0x940181a94A35A4569E4529A3CDfB74e38FD98631,18,18,18,42619315362180512684,1,42.619315362180515,1e-18,42619315362180512685,689076217478412,102067402586965370748719,102067.40258696537,0.0,0,0,0,nan,0
CL-VVV/DIEM,0.0009068659038635884,0x782D7C494d5DDC20c246a82aC8fe277e2728d002,0x8add35fF47e34f0A11b46Ea5B638389BF52b2f8E,0xacfE6019Ed1A7Dc6f7B508C02d1b04ec88cC21bf,0xF4d97F2da56e8c3098f3a8D538DB630A2606a024,0x940181a94A35A4569E4529A3CDfB74e38FD98631,18,18,18,10999318361025285396,86256968052692375,10.999318361025285,0.08625696805269238,11085575329077977771,0,4103267148536041545061,4103.2671485360415,0.0,0,0,0,nan,0
CL-USDC/AERO,0.4056321145015114,0xCCd9cC53b63662088c738B8BC06E9078Fb8D9ad4,0x491300eC768Cf28B13A8d3BbFd87713dD728b0AD,0x833589fCD6eDb6E08f4c7C32D4f71b54bdA02913,0x940181a94A35A4569E4529A3CDfB74e38FD98631,0x940181a94A35A4569E4529A3CDfB74e38FD98631,18,6,18,116715947,118020993676171483528,116.715947,118.02099367617149,118020993676288199475,12385847823317372,1835350654087028783411614,1835350.654087029,8.505071709794445e-22,1560.9788925628318,0,1560.9788925628318,1175.7690400756994,1788393600
CL-LCAP/USDC,0.11385999820882457,0xC8C15670050541255f9b797C008047682524861F,0xa45562bbD6Cfb11fCfbb96c038001D6FC8b43990,0x4dA9A0f397dB1397902070f93a4D6ddBC0E0E6e8,0x833589fCD6eDb6E08f4c7C32D4f71b54bdA02913,0x940181a94A35A4569E4529A3CDfB74e38FD98631,18,18,6,2005878385401062051,16240091,2.0058783854010622,16.240091,2005878385417302142,3478094938745024,515178692011910391896121,515178.69201191043,1.2807445102428354e-21,659.8122815883387,0,659.8122815883387,780.7958511650346,1788393600
CL-SYND/USDC,0.003002053313745165,0x9dCBB8258e0015d6cB81061b3F5c47D5C5D6188f,0x46060dDAD805A2783DFf4A536AA774Da5A3Eac89,0x11dC28D01984079b7efE7763b533e6ed9E3722B9,0x833589fCD6eDb6E08f4c7C32D4f71b54bdA02913,0x940181a94A35A4569E4529A3CDfB74e38FD98631,18,18,6,1,38,1e-18,3.8e-05,39,91703473701016,13583294606141919204149,13583.294606141919,1.8459063815862494e-20,250.7349019644345,0,250.7349019644345,54.17392831919603,1788393600
CL-LINK/AERO,0.0011262810659207205,0x07b1Be2F179313C4F3C7124893d46990672c3F1a,0x1c484bA49128bF0D9191ADb349AF154c1196EA4a,0x88Fb150BDc53A65fe94Dea0c9BA0a6dAf8C6e196,0x940181a94A35A4569E4529A3CDfB74e38FD98631,0x940181a94A35A4569E4529A3CDfB74e38FD98631,18,18,18,12110911824064345,178608760001507784,0.012110911824064345,0.17860876000150777,190719671825572129,34404414350576,5096047914164173970975,5096.0479141641745,0.0,0,0,0,nan,0
CL-WETH/RSR,0.0023627538971468806,0xC36eaA38e17b0270a374969dd301AF981f50b2B2,0xB8fA634ab603B4CF2217Dc0f71522feaeE64AeeF,0x4200000000000000000000000000000000000006,0xaB36452DbAC151bE02b16Ca17d8919826072f64a,0x940181a94A35A4569E4529A3CDfB74e38FD98631,18,18,18,39273437880214,16534248809214751,3.9273437880214e-05,0.016534248809214752,16573522247094965,72175324964388,10690676984253045873185,10690.676984253047,7.140462046481597e-22,7.633637325725322,0,7.633637325725322,1400.4695963515996,1788393600
CL-WETH/APU,0.0035542915315747445,0x7f94857597C318056d0313CE32a6e154298c1a8e,0xdA6d1A0ec6A40B1F97b901d99c9CeBe8553F90F9,0x4200000000000000000000000000000000000006,0xB9926b3fBc5873Db0182016D55727D5ae89E5EFd,0x940181a94A35A4569E4529A3CDfB74e38FD98631,18,18,18,401354873242801,252874837736484920172475,0.000401354873242801,252874.83773648491,252874838137839793415276,108573367128652,16081989206669158096596,16081.989206669157,0.0,0,0,0,nan,0
CL-USDC/VFY,0.0013662591991022823,0xF81d3c731b3AC5a4DFC968f514860beDEEbeBAf2,0xC2607b22f95D6030B9560C872661509D928c2e45,0x833589fCD6eDb6E08f4c7C32D4f71b54bdA02913,0xa749dE6c28262B7ffbc5De27dC845DD7eCD2b358,0x940181a94A35A4569E4529A3CDfB74e38FD98631,18,6,18,41009,15069880296836112204,0.041009,15.069880296836113,15069880296836153213,41735282629251,6181869297519466011069,6181.869297519466,0.0,0,0,0,nan,0
CL-VFY/ZEN,0.03643413503291893,0x700d91F1C3C5e430eA776245e741B84402e8de2E,0x30765db9bc45c107eb37B999Ea9C34684b88f938,0xa749dE6c28262B7ffbc5De27dC845DD7eCD2b358,0xf43eB8De897Fbc7F2502483B2Bef7Bb9EA179229,0x940181a94A35A4569E4529A3CDfB74e38FD98631,18,18,18,28997909207697583585,28287479587803326,28.997909207697585,0.028287479587803328,29026196687285386911,1112957866230905,164852365414754987238068,164852.36541475498,0.0,0,0,0,nan,0
CL-AUDD/USDC,0.00013885960301960755,0xCde41D0B1AD079C3CeB7271559F738f503102852,0x9fDbD9eFFeD52f89978Ef42aDe2307FD9BBDd66b,0x449B3317a6d1efb1Bc3ba0700C9EaA4FFFf4Ae65,0x833589fCD6eDb6E08f4c7C32D4f71b54bdA02913,0x940181a94A35A4569E4529A3CDfB74e38FD98631,18,6,6,2115,2202,0.002115,0.002202,4317,4241774879958,628293604271198023150,628.2936042711981,0.0,0,0,0,nan,0
CL-USDC/WCT,0.000295302297860953,0x3f932B543490c477846288e48e4546A04FF1410e,0xd2E50D99b8e002b8B617c2Fe9e2F3617b4E277C0,0x833589fCD6eDb6E08f4c7C32D4f71b54bdA02913,0xeF4461891DfB3AC8572cCf7C794664A8DD927945,0x940181a94A35A4569E4529A3CDfB74e38FD98631,18,6,18,7501,1,0.007501,1e-18,7502,9020664338814,1336144861701977606339,1336.1448617019776,0.0,0,0,0,nan,0
CL-XSGD/WETH,0.07691123448202244,0xfEbEeBAa6C9585Fd97aa9157E3B7aACe804b688C,0xF3fa5d26f7385d415D31310b715BA09892Ae373f,0x0A4C9cb2778aB3302996A34BeFCF9a8Bc288C33b,0x4200000000000000000000000000000000000006,0x940181a94A35A4569E4529A3CDfB74e38FD98631,18,6,18,9975399,2868950799051200,9.975399,0.0028689507990512,2868950809026599,2349424420912856,347997802606664104128925,347997.80260666413,9.9782821432276e-22,347.242025963252,0,347.242025963252,1002.1765125961226,1788393600
CL-WETH/PHI,0.0001697028407995764,0xaC858B9d917442411A5c9fc1d02ce05BA96EAe5C,0xe03a45dD0909E1bb7545c6475186E8AE2604f0a8,0x4200000000000000000000000000000000000006,0xFb3aD5550ca5730A6F91350032c4Da1eFdfDE3E8,0x940181a94A35A4569E4529A3CDfB74e38FD98631,18,18,18,4453485911856286,108185110284985220049683,0.004453485911856286,108185.11028498522,108185114738471131905969,5770,767849015713890123906,767.8490157138901,0.0,0,0,0,nan,0
CL-WETH/uZEC,0.04761311640507239,0x3054f64E28140EE00428bE94Eac4aD6F7241712a,0x76E017276E8861968A86A56919B2235c505B6438,0x4200000000000000000000000000000000000006,0x83f31af747189c2FA9E5DeB253200c505eff6ed2,0x940181a94A35A4569E4529A3CDfB74e38FD98631,18,18,18,1006632305066354,1351634744229346,0.001006632305066354,0.001351634744229346,2358267049295700,1454448354537737,215433544862597019942951,215433.54486259705,3.9582115174686755e-22,85.27315385242362,0,85.27315385242362,2526.3935380580983,1788393600
CL-kVCM/USDC,0.0003100095436041311,0x5aAdAcac0deDeDd534990Ddc0Ea6565d104B48DE,0x740546B5d6Ef109D33124b7E93B8ebf5f8f78d1B,0x00fBAC94Fec8D4089d3fe979F39454F48c71A65d,0x833589fCD6eDb6E08f4c7C32D4f71b54bdA02913,0x940181a94A35A4569E4529A3CDfB74e38FD98631,18,18,6,292622435788425449476,12803339,292.62243578842543,12.803339,292622435788438252815,10541,1402690266095642831983,1402.6902660956428,0.0,0,0,0,nan,1788393600
CL-USDC/LMTS,0.07417759828212968,0xa5E0Da329eE5AA03f09228e534953496334080f5,0x23FD7a6fFeecababC8952F41E1490458ad28be9A,0x833589fCD6eDb6E08f4c7C32D4f71b54bdA02913,0x9EadbE35F3Ee3bF3e28180070C429298a1b02F93,0x940181a94A35A4569E4529A3CDfB74e38FD98631,18,6,18,1239134,666383601853199477,1.239134,0.6663836018531994,666383601854438611,2268840164547172,335629006330080150484456,335629.00633008016,1.28594042154852e-21,431.59890588401413,0,431.59890588401413,777.6410036133769,1788393600
CL-BIO/USDC,0.16438458132488554,0xd40BffA9C9E35493B88a2b6744C49D8716b00898,0x134cE8d4299dF4B6b4938754a1D13a3aD2c24D54,0x226A2FA2556C48245E57cd1cbA4C6c9e67077DD2,0x833589fCD6eDb6E08f4c7C32D4f71b54bdA02913,0x940181a94A35A4569E4529A3CDfB74e38FD98631,18,18,6,398987627209467426141,14255497,398.9876272094674,14.255497,398987627209481681638,5017578717496992,743785657176625954788353,743785.657176626,0.0,0,0,0,nan,0
CL-WETH/COMMON,0.03946074881382731,0x45dF01EFA0dE71725d4d8fC1165b102bC2E989Fb,0xB716cB1E4c8b6c1Dc78C9E72ea47D99562e52657,0x4200000000000000000000000000000000000006,0x4c87da04887a1F9F21F777E3A8dD55C3C9f84701,0x940181a94A35A4569E4529A3CDfB74e38FD98631,18,18,18,2162574027352286,66553451754122382536200,0.002162574027352286,66553.45175412238,66553453916696409888486,1205424161703001,178546787981088306704944,178546.7879810883,2.8484229732501585e-20,5085.767726853572,0,5085.767726853572,35.10714558164661,1788393600
CL-WETH/SAND,0.0007162596205224381,0xA69CDf524D072c366FD050957880552916D29405,0xC77386D4B892e6E4D36d43d6A59EEaCA770E4295,0x4200000000000000000000000000000000000006,0xac531Eb26Ca1d21b85126De8FB87E80E09002DcF,0x940181a94A35A4569E4529A3CDfB74e38FD98631,18,18,18,2145977051014490603,820676313119324677803837940368,2.1459770510144907,820676313119.3247,820676313121470654854852430971,0,3240836994964030650205,3240.836994964031,0.0,0,0,0,nan,0
CL-USDC/cbBTC,2.1153849920136652e-08,0x4F5905e36ac07eE1F01ffB939aA7f212A58D5CDF,0xfd548a1C01f1547b305313e4D42BD9C714EFdF6a,0x833589fCD6eDb6E08f4c7C32D4f71b54bdA02913,0xcbB7C0000aB88B473b1f5aFd9ef808440eed33Bf,0x940181a94A35A4569E4529A3CDfB74e38FD98631,18,6,8,365726775,575866,365.726775,0.00575866,366302641,0,95714148114465879,0.09571414811446587,0.0,0,0,0,nan,0
CL-WETH/LITKEY,0.03648832153462817,0xCd1F9777571493AEAcb7eaE45cD30a226d3e612d,0x413112E5434C7d3b00cAD0948d89dCA460f6fB46,0x4200000000000000000000000000000000000006,0xF732A566121Fa6362E9E0FBdd6D66E5c8C925E49,0x940181a94A35A4569E4529A3CDfB74e38FD98631,18,18,18,1872854522246179,418977672581816642105,0.001872854522246179,418.97767258181665,418979545436338888284,1114624170092188,165097541345849487267629,165097.5413458495,0.0,0,0,0,nan,0
CL-WETH/ROOM,1.5464228906121322e-06,0x827F373b058CcfDa902E0Fbd11702d56e92784DD,0xb7A4B01d15981Dc4a641303c87BFBC2c9662517E,0x4200000000000000000000000000000000000006,0x6555255b8dEd3c538Cb398d9E36769f45D7d3ea7,0x940181a94A35A4569E4529A3CDfB74e38FD98631,18,18,18,12555448947188,845620903088168400834,1.2555448947188e-05,845.6209030881683,845620915643617348022,0,6997050189845250029,6.99705018984525,0.0,0,0,0,nan,1788393600
CL-msUSD/USDC,0.0012591615036857931,0x054B67943BA17b2cD8C420544C88BdE71a81Ef9f,0xA0B1Db34fa530B9A001965C8A212c1a54Dab8510,0x526728DBc96689597F85ae4cd716d4f7fCcBAE9d,0x833589fCD6eDb6E08f4c7C32D4f71b54bdA02913,0x940181a94A35A4569E4529A3CDfB74e38FD98631,18,18,6,3597161266733232,369,0.003597161266733232,0.000369,3597161266733601,38464138305892,5697287780655533579740,5697.287780655533,5.933012513628528e-22,3.380207969637218,0,3.380207969637218,1685.4843938099457,1788393600
CL-WETH/PING,0.008442949900934154,0x5D28f920C9d23100E4A38b2bA2D8aE617c3b2615,0xcc049DFa700197b49db9E8BeC3Af462d22b68621,0x4200000000000000000000000000000000000006,0xd85c31854c2B0Fb40aaA9E2Fc4Da23C21f829d46,0x940181a94A35A4569E4529A3CDfB74e38FD98631,18,18,18,52159428252725,555871383118728899128,5.2159428252725e-05,555.8713831187289,555871435278157151853,257911210052507,38201545363701168107065,38201.545363701174,0.0,0,0,0,nan,0
CL-WETH/LSK,0.013589544307806525,0x275BE3a43B66516e532BcaA36eE453EDd47614ea,0x90F6Ef29a0915Cd33dbf0ce779B46923DB5cbb22,0x4200000000000000000000000000000000000006,0xac485391EB2d7D88253a7F1eF18C37f4242D1A24,0x940181a94A35A4569E4529A3CDfB74e38FD98631,18,18,18,1829296220747525,40101156361200376112,0.001829296220747525,40.101156361200374,40102985657421123637,415129670097471,61488176459421912522570,61488.17645942191,4.6027167126486285e-21,283.0126574200692,0,283.0126574200692,217.26299106176165,1788393600
CL-USDC/CHECK,0.1212251639868814,0x5a7B4970B2610aEe4776A6944d9F2171EE6060B0,0xeCCE253d45D14A8D8cdf230AD6DE75d7dA2E2151,0x833589fCD6eDb6E08f4c7C32D4f71b54bdA02913,0x9126236476eFBA9Ad8aB77855c60eB5BF37586Eb,0x940181a94A35A4569E4529A3CDfB74e38FD98631,18,6,18,41316184,2748067610073885015122,41.316184,2748.067610073885,2748067610073926331306,3703153041303748,548503622028430717537178,548503.6220284307,2.583284559329349e-21,1416.9409375222663,0,1416.9409375222663,387.1040828191269,1788393600
CL-TRUST/USDC,0.013480935352250699,0x52448E17DABcb3b6654045974Afd572090BCC1F5,0x43cBf909CDE242941Ff0827c9Dd4653C7472900d,0x6cd905dF2Ed214b22e0d48FF17CD4200C1C6d8A3,0x833589fCD6eDb6E08f4c7C32D4f71b54bdA02913,0x940181a94A35A4569E4529A3CDfB74e38FD98631,18,18,6,1,625821,1e-18,0.625821,625822,411811913529015,60996756992144122641870,60996.756992144125,9.600047205408603e-22,58.55717465014209,0,58.55717465014209,1041.6615445772045,1788393600
CL-USDC/EDEL,0.0001609796036684737,0xe2B182796518E76845f46ccDC522495D81630d14,0x5b29c69383f3E4D274511Df97486207315Eade6d,0x833589fCD6eDb6E08f4c7C32D4f71b54bdA02913,0xFb31f85A8367210B2e4Ed2360D2dA9Dc2D2Ccc95,0x940181a94A35A4569E4529A3CDfB74e38FD98631,18,6,18,50299,4252043415851784001,0.050299,4.252043415851784,4252043415851834300,4917593292579,728379263685008359274,728.3792636850083,0.0,0,0,0,nan,0
CL-USDai/USDC,6.074928872382225e-05,0x2595b1BD2944D213360e73c928c5d1636cCC2d99,0xDe7bDBb10EAE1546D88d506C9250F57D14B3A221,0x0A1a1A107E45b7Ced86833863f482BC5f4ed82EF,0x833589fCD6eDb6E08f4c7C32D4f71b54bdA02913,0x940181a94A35A4569E4529A3CDfB74e38FD98631,18,18,6,3225889090595,1,3.225889090595e-06,1e-06,3225889090596,1855795577111,274870363584522082340,274.87036358452207,1.96104961078801e-22,0.05390344195245859,0,0.05390344195245859,5099.310055690887,1788393600
CL-WETH/REI,0.0035334984003696774,0x34E3334E845d101205394e0Bd8821fDdc7Cd5559,0x7A01529B70dD997d7723D4AA2EeC0CC301E0E6CF,0x4200000000000000000000000000000000000006,0x6B2504A03ca4D43d0D73776F6aD46dAb2F2a4cFD,0x940181a94A35A4569E4529A3CDfB74e38FD98631,18,18,18,661837561826405246,51537948789491854969928,0.6618375618264053,51537.94878949186,51538610627053681375174,0,15987907190986953700335,15987.907190986954,0.0,0,0,0,nan,0
CL-BITCOIN/APU,0.001160968641926809,0x3d6a88675979AB63fe60beDd62550A5cF7387f39,0xB93E0F044FBFc816dF3c26620021Eb64Fea735b3,0x2a06A17CBC6d0032Cac2c6696DA90f29D39a1a29,0xB9926b3fBc5873Db0182016D55727D5ae89E5EFd,0x940181a94A35A4569E4529A3CDfB74e38FD98631,18,8,18,949785825,31131549691705945776974,9.49785825,31131.549691705946,31131549691706895562799,35465772787045,5252997679815016453419,5252.997679815016,0.0,0,0,0,nan,0
CL-USDC/cbBTC,0.001516294263317918,0x95DaDA6BC214A86Af204250F7b6FF873b52e0289,0x989612FdbEFb492dAf3E56406838D17c61B0ed2C,0x833589fCD6eDb6E08f4c7C32D4f71b54bdA02913,0xcbB7C0000aB88B473b1f5aFd9ef808440eed33Bf,0x940181a94A35A4569E4529A3CDfB74e38FD98631,18,6,8,505886,760,0.505886,7.6e-06,506646,46319647514011,6860728153610187703409,6860.728153610188,0.0,0,0,0,nan,0
CL-WETH/REPPO,0.35123993622249755,0x71FE33676773DF7Cf9Ce14f640caE06823F083cC,0x456979e89917F4dC1E86662fcDFD4c9766c6684d,0x4200000000000000000000000000000000000006,0xFf8104251E7761163faC3211eF5583FB3F8583d6,0x940181a94A35A4569E4529A3CDfB74e38FD98631,18,18,18,25999404622937203,7342467669553295696424,0.025999404622937202,7342.467669553295,7342493668957918633627,10711479753753097,1589244104795960803381981,1589244.1047959607,1.447786495732476e-21,2300.88615334604,0,2300.88615334604,690.7095783443343,1788393600
CL-SOL/USDC,0.0010435817220017423,0xb30540172F1B37d1eE1d109e49F883E935E69219,0xC6e211fF1D04A1728ab011406AD42EF529Cb3886,0x311935Cd80B76769bF2ecC9D8Ab7635b2139cf82,0x833589fCD6eDb6E08f4c7C32D4f71b54bdA02913,0x940181a94A35A4569E4529A3CDfB74e38FD98631,18,9,6,4261992189,381908160,4.261992189,381.90816,4643900349,0,4721860837924430909140,4721.860837924431,0.0,0,0,0,nan,0
CL-SOL/cbBTC,0.031062016428695927,0xa25773F75d7190E130D501509D22592151dB3915,0xAB69fc62A7F435cD87b84DEe6ed545145E63770f,0x311935Cd80B76769bF2ecC9D8Ab7635b2139cf82,0xcbB7C0000aB88B473b1f5aFd9ef808440eed33Bf,0x940181a94A35A4569E4529A3CDfB74e38FD98631,18,9,8,4662393725,560317,4.662393725,0.00560317,4662954042,0,140545312196814941210962,140545.31219681495,0.0,0,0,0,nan,0
CL-USDC/DeprecatedDGLD,8.948284354618582e-06,0x9E2E1D6118971698D410DB64ed20209946Dd5b2F,0xFc836EfAE8359a946393c95E4c07F8D81Ea906De,0x833589fCD6eDb6E08f4c7C32D4f71b54bdA02913,0xd02f50E1017F493ffFFa70c8fCf09e349e11d6c9,0x940181a94A35A4569E4529A3CDfB74e38FD98631,18,6,18,111348612,211018500469197886348,111.348612,211.01850046919787,211018500469309234960,0,40488016002847199475,40.4880160028472,0.0,0,0,0,nan,0
CL-MYRC/USDC,1.1157112830381072e-05,0x8d15046288Df104C9757a18fABaf587a88209D48,0x81Fbc2c15CaAf32CD5fdc0427cBA2817d7629238,0x3eD03E95DD894235090B3d4A49E0C3239EDcE59e,0x833589fCD6eDb6E08f4c7C32D4f71b54bdA02913,0x940181a94A35A4569E4529A3CDfB74e38FD98631,18,18,6,307195302417989,1,0.000307195302417989,1e-06,307195302417990,340827803551,50482231556363578867,50.48223155636357,3.432437629054483e-20,1.7327711119270401,0,1.7327711119270401,29.13381415980645,1788393600
CL-RAVE/USDC,0.4270773200384949,0x51663B8A28E7Ea197c5CcF983AfC084Da0a8023D,0x8eF58803e5522986Be1896c1Ea024553A50e0940,0x1aA8fD5BCce2231C6100d55Bf8B377cff33Acfc3,0x833589fCD6eDb6E08f4c7C32D4f71b54bdA02913,0x940181a94A35A4569E4529A3CDfB74e38FD98631,18,18,6,153365510028173093153,35688120,153.3655100281731,35.68812,153365510028208781273,13036341011156162,1932383089641849216742884,1932383.0896418493,1.0781090075833792e-21,2083.319615044678,0,2083.319615044678,927.549990739375,1788393600
CL-USDC/cbBTC,0.435861547268873,0xFCda5ab6BBC1fe5B8e1a185e86bb5f24b12e2278,0xB705606141ECa43b4192C8D8D2211CD19eA4d381,0x833589fCD6eDb6E08f4c7C32D4f71b54bdA02913,0xcbB7C0000aB88B473b1f5aFd9ef808440eed33Bf,0x940181a94A35A4569E4529A3CDfB74e38FD98631,18,6,8,59293722,49312,59.293722,0.00049312,59343034,13302572480152709,1972128801622115533892342,1972128.8016221155,1.5113330133750461e-21,2980.5433645192707,0,2980.5433645192707,661.6675419316365,1788393600
CL-AERO/DIEM,8.161870181889653e-05,0xD1edC6961222bf35AFAC0989Ce602212f28464F6,0x289541d6ce255535A859C96B022d78C0cd80D545,0x940181a94A35A4569E4529A3CDfB74e38FD98631,0xF4d97F2da56e8c3098f3a8D538DB630A2606a024,0x940181a94A35A4569E4529A3CDfB74e38FD98631,18,18,18,7032498276573800,10755618466126,0.0070324982765738,1.0755618466126e-05,7043253895039926,2493323445048,369297529494518753908,369.29752949451876,6.964262331275889e-22,0.25718848736919236,0,0.25718848736919236,1435.902257025971,1788393600
CL-MOCA/CHECK,7.483462996384297e-05,0xD4E145Efdbbbb97CE8C23d4C0Fd59C902Bc34dFa,0x181aBe1152ECC190889DD4A25991c0D214AC9695,0x2B11834Ed1FeAEd4b4b3a86A6F571315E25A884D,0x9126236476eFBA9Ad8aB77855c60eB5BF37586Eb,0x940181a94A35A4569E4529A3CDfB74e38FD98631,18,18,18,1434736030820406740,1173988221676687560,1.4347360308204067,1.1739882216766875,2608724252497094300,2286080680434,338601856564757220235,338.6018565647572,5.591261339296111e-21,1.893211470024414,0,1.893211470024414,178.85052035966734,1788393600
CL-USDC/CLAWD,0.016156993884743828,0x4c76Ef610b9F6FEeB3Ca70951BeF09ED31e7f6d0,0x7762C1810f3E249c83130093442eD24cEe6Dd61f,0x833589fCD6eDb6E08f4c7C32D4f71b54bdA02913,0x9f86dB9fc6f7c9408e8Fda3Ff8ce4e78ac7a6b07,0x940181a94A35A4569E4529A3CDfB74e38FD98631,18,6,18,1586052,74756262255240894861482,1.586052,74756.2622552409,74756262255240896447534,493575744177195,73105033438702800181688,73105.0334387028,0.0,0,0,0,nan,0
CL-WETH/MOLT,0.00011206277594531393,0x85Fb468A5E65a537C5Ac767776599708a3D41046,0x83c20bA54325741fE1D84632E423D187C8b4f3c2,0x4200000000000000000000000000000000000006,0xB695559b26BB2c9703ef1935c37AeaE9526bab07,0x940181a94A35A4569E4529A3CDfB74e38FD98631,18,18,18,3891428150413,3011068417051836695277,3.891428150413e-06,3011.0684170518366,3011068420943264845690,3423376181628,507046857921486653487,507.04685792148666,2.1730690974798372e-21,1.1018478579234323,0,1.1018478579234323,460.17864832725525,1788393600
CL-UP/cbBTC,0.027707755086559163,0x1E726F3177a933cc134Fd0ea7C326EAb270E0137,0x46ded54E6C6B8bDdcc4F034f670Efc284A1B490B,0x5b2193fDc451C1f847bE09CA9d13A4Bf60f8c86B,0xcbB7C0000aB88B473b1f5aFd9ef808440eed33Bf,0x0000000000000000000000000000000000000000,18,18,8,0,0,0.0,0.0,0,0,125368393190204555556324,125368.39319020456,0.0,0,0,0,nan,0
CL-USDC/RNBW,0.022771745818218427,0x4bf85cA48a620BAf9DDE3b6A7A6d88b219827caA,0x0099140A97ACc1cc831ECB39Ab5FD60FC9F6BB64,0x833589fCD6eDb6E08f4c7C32D4f71b54bdA02913,0xa53887F7e7c1bf5010b8627F1C1ba94fE7a5d6E0,0x940181a94A35A4569E4529A3CDfB74e38FD98631,18,6,18,2121074,148340330151536818745,2.121074,148.34033015153682,148340330151538939819,695648056106156,103034589935099978361755,103034.58993509997,0.0,0,0,0,nan,0
CL-msUSD/msETH,0.00011623557805116274,0x8845126640B36df1D24bf3dF9B2903fD4c730FE6,0x019a8a996B6cb2e2e12fe95997FA9ef733c99765,0x526728DBc96689597F85ae4cd716d4f7fCcBAE9d,0x7Ba6F01772924a82D9626c126347A28299E98c98,0x940181a94A35A4569E4529A3CDfB74e38FD98631,18,18,18,424155577790820452531,289503111769851426,424.1555777908205,0.28950311176985144,424445080902590303957,0,525927402140124503311,525.9274021401245,0.0,0,0,0,nan,0
CL-wtCOIN/USDC,0.34196147259064946,0x4618dFcbC52d9fbCd45Ec4A65fc61B5DA57Ad205,0x9a48ed41616C312C9Dd5D221B06828C21f8CD207,0x5cDa0E1CA4ce2af96315f7F8963C85399c172204,0x833589fCD6eDb6E08f4c7C32D4f71b54bdA02913,0x940181a94A35A4569E4529A3CDfB74e38FD98631,18,18,6,377756405870728375,90783626,0.3777564058707284,90.783626,377756405961512001,10444502229268514,1547262137178424835523643,1547262.1371784247,0.0,0,0,0,nan,0
CL-USDC/MUSD,0.0001511783172838795,0x78595D8e45E1Df1CbA5775E8368827cdaC50aF9c,0x4fE3512bbbBD252B31ebA69F9648C9e41F668677,0x833589fCD6eDb6E08f4c7C32D4f71b54bdA02913,0xdD468A1DDc392dcdbEf6db6e34E89AA338F9F186,0x940181a94A35A4569E4529A3CDfB74e38FD98631,18,6,18,185726708,369240603741594646649,185.726708,369.24060374159467,369240603741780373357,0,684031696680936278167,684.0316966809363,0.0,0,0,0,nan,0
CL-WBTC/cbBTC,9.140127050772515e-06,0x383567feDD4e7Dfdd44c8df9624C19eFdB6D7B35,0xdF383F80C8067Ff91528651b28e063D8Fc953ADb,0x0555E30da8f98308EdB960aa94C0Db47230d2B9c,0xcbB7C0000aB88B473b1f5aFd9ef808440eed33Bf,0x940181a94A35A4569E4529A3CDfB74e38FD98631,18,8,8,1,6,1e-08,6e-08,7,279222101573,41356040513925765636,41.35604051392577,0.0,0,0,0,nan,1788393600
CL-USDC/KAT,6.46713368373378e-05,0x7bD36Ffa2AA69b9035782D2e85f60d3Dd0B5124c,0x3d292E05F13Dd7Ea9A30D73d79e00541Ad3c4Ef7,0x833589fCD6eDb6E08f4c7C32D4f71b54bdA02913,0xD5390300c5DB71F80d46f0fA9983Fc72D4d1e3da,0x940181a94A35A4569E4529A3CDfB74e38FD98631,18,6,18,1,1,1e-06,1e-18,2,1975647218359,292616329234573530994,292.6163292345735,5.394035897181513e-22,0.15783829839927738,0,0.15783829839927738,1853.8994160615787,1788393600
CL-USDC/deSPXA,0.0001335211396389846,0xf840346faFEdc1c0466216F3A899A599E6D03E75,0x0fb1DAFCC2bD0bc30477bA7B96B2e8045ADd8a03,0x833589fCD6eDb6E08f4c7C32D4f71b54bdA02913,0x9c5C365e764829876243d0b289733B9D2b729685,0x940181a94A35A4569E4529A3CDfB74e38FD98631,18,6,18,401,1,0.000401,1e-18,402,33764244080256,604138829766997578083,604.1388297669976,1.8633778989880055e-21,1.1257389433083003,0,1.1257389433083003,536.659794313916,1788393600
CL-USDC/PENDLE,0.00034686056192938084,0xa2440Bc42F9933914A2d246Ab471e5B2D7aa5045,0x55E13F1653FB7C40c9E2934b0B1fFaCF10AFFA18,0x833589fCD6eDb6E08f4c7C32D4f71b54bdA02913,0xA99F6e6785Da0F5d6fB42495Fe424BCE029Eeb3E,0x940181a94A35A4569E4529A3CDfB74e38FD98631,18,6,18,45813,18280065974608663,0.045813,0.018280065974608663,18280065974654476,10596192349193,1569428890008933115960,1569.4288900089332,1.3423494939740658e-21,2.106722076331771,0,2.106722076331771,744.9624739973419,1788393600
CL-USDC/WARD,0.0007785128839869906,0x2AEdf455E810B7511D2835bF485FB13912b1AD27,0x80F062cD33826fc02CC0E9eA6199B91592C17504,0x833589fCD6eDb6E08f4c7C32D4f71b54bdA02913,0xf09e4C8193F16019F0573F370F9A997b11f56638,0x940181a94A35A4569E4529A3CDfB74e38FD98631,18,6,18,25364,16383958703823334845,0.025364,16.383958703823335,16383958703823360209,23783843720576,3522512344952358280417,3522.5123449523585,4.150627066000442e-21,14.620635079279943,0,14.620635079279943,240.92745122572612,1788393600
CL-WETH/DRV,2.555005781523996,0xEF7E596AEF9e4c6301b4D1F1e88F8fFE8C306222,0xA9BFEB96Bc114cf7523Bdd3065e5561F2A074A89,0x4200000000000000000000000000000000000006,0x9d0E8f5b25384C7310CB8C6aE32C8fbeb645d083,0x940181a94A35A4569E4529A3CDfB74e38FD98631,18,18,18,23563132560806664,420375625931373810524,0.023563132560806666,420.3756259313738,420399189063934617188,78142803981957251,11560552936196905410845965,11560552.936196906,1.0275464073473808e-21,11879.004636538344,0,11879.004636538344,973.192055219684,1788393600
CL-WETH/ZRO,0.7969433746298848,0x717e174d5dAe280802D1a2c15C1C0976561A3f61,0x27461E3bD492F7d8c08F21aAb9C817ee00154Eef,0x4200000000000000000000000000000000000006,0x6985884C4392D348587B19cb9eAAf157F13271cd,0x940181a94A35A4569E4529A3CDfB74e38FD98631,18,18,18,50481545631556740,79258353457087178959,0.05048154563155674,79.25835345708718,79308835002718735699,24341969301653155,3605904196453442433430877,3605904.1964534423,1.508552838082853e-21,5439.69700941471,0,5439.69700941471,662.8869567942027,1788393600
CL-WETH/VVV,3.5111360283840027,0xA135B59Fe221C0c8D441294f97f96Fbc37Bc9fbE,0xCa9740aFFeDF731f95B3FBAb8d40835781c7aE4D,0x4200000000000000000000000000000000000006,0xacfE6019Ed1A7Dc6f7B508C02d1b04ec88cC21bf,0x940181a94A35A4569E4529A3CDfB74e38FD98631,18,18,18,105452024029442316,12297742726559472933,0.10545202402944232,12.297742726559473,12403194750588915249,107088562269625843,15886724881737884755995947,15886724.881737884,8.360637334186443e-22,13282.314516420645,0,13282.314516420645,1196.0810641923485,1788393600
CL-USDC/CHECK,0.027746556305283516,0x3c4384F3664B37A3Cb5A5cB3452B4B4A3Aa1256f,0xFBd7De67837D3CEeCaEa3cd98AccAcE26f94aF00,0x833589fCD6eDb6E08f4c7C32D4f71b54bdA02913,0x9126236476eFBA9Ad8aB77855c60eB5BF37586Eb,0x940181a94A35A4569E4529A3CDfB74e38FD98631,18,6,18,893571,67956351379419886797,0.893571,67.95635137941989,67956351379420780368,847636251048629,125543955823485293634852,125543.95582348529,5.9306078776676235e-22,74.4551973400318,0,74.4551973400318,1686.167793634803,1788393600
CL-WETH/cbXRP,2.0031218082239994,0xB90fe999Be6869AF0aFC557DCCfBE169EA3403D6,0x847A399203C63b03AF1C2FC6Fc7cCf4E1386Fe63,0x4200000000000000000000000000000000000006,0xcb585250f852C6c6bf90434AB21A00f02833a4af,0x940181a94A35A4569E4529A3CDfB74e38FD98631,18,18,6,48109917604214019,62621037,0.04810991760421402,62.621037,48109917666835056,61433407243778346,9063461174561933072552445,9063461.174561933,6.992241206632836e-22,6337.390669948879,0,6337.390669948879,1430.1566128059205,1788393600
CL-SOL/USDC,2.3545359885153503,0x1131DB5977242a03eBeaD1aCD18F80A9A29e5922,0xC58eC2d32FFA0c8c0cf5d15ceF7AE3cC70d2fa69,0x311935Cd80B76769bF2ecC9D8Ab7635b2139cf82,0x833589fCD6eDb6E08f4c7C32D4f71b54bdA02913,0x940181a94A35A4569E4529A3CDfB74e38FD98631,18,9,6,2390517166,242067978,2.390517166,242.067978,2632585144,71998099306233201,10653493675922928878069166,10653493.675922928,1.0451691420823394e-21,11134.702845443995,0,11134.702845443995,956.7829356382003,1788393600
CL-MEZO/MUSD,0.10400718513792523,0xEF458A3263d2a8C7f3ed9e949aE2F9B345D08b1F,0x25B2cd9d8864D3d3b5dCA9f89fd32357e149c063,0x8e4cbBcc33dB6c0a18561fDE1F6bA35906d4848b,0xdD468A1DDc392dcdbEf6db6e34E89AA338F9F186,0x940181a94A35A4569E4529A3CDfB74e38FD98631,18,18,18,1434666375632198061060,6964104097715176520,1434.666375632198,6.964104097715176,1441630479729913237580,3177378550218384,470597983858426781431519,470597.9838584268,3.09288906843978e-21,1455.5073544747584,5.430770054766244e-06,1455.5073599055283,323.32229765500574,1788393600
CL-USDC/MUSD,0.01409653917720214,0xFF56D037D948faD1027a1AC82ae610e4b694c641,0x18fbca64a478ACF51f9dC6f98b36EE8D6594072b,0x833589fCD6eDb6E08f4c7C32D4f71b54bdA02913,0xdD468A1DDc392dcdbEf6db6e34E89AA338F9F186,0x940181a94A35A4569E4529A3CDfB74e38FD98631,18,6,18,1926900,18037320853053160478,1.9269,18.03732085305316,18037320853055087378,430642854801839,63782159928426908933240,63782.1599284269,1.6601119857009572e-21,105.88551514164104,1.3029435772711175e-05,105.88552817107681,602.369001978963,1788393600
CL-EURC/USDC,0.3829225105198774,0xf39B7c34BE147F5DC1bC374f27AF2E9f03AD3113,0x3b798f9C872586CF0ba103400650Cf9E1acAF27F,0x60a3E35Cc302bFA44Cb288Bc5a4F316Fdb1adb42,0x833589fCD6eDb6E08f4c7C32D4f71b54bdA02913,0x940181a94A35A4569E4529A3CDfB74e38FD98631,18,6,6,38134516,62788517,38.134516,62.788517,100923033,11697458703785226,1732597235332276830425436,1732597.235332277,1.3729685749087275e-21,2378.8015570849575,0,2378.8015570849575,728.3487898231598,1788393600
CL-WETH/USDC,0.22599791992441687,0x4e392fBfE4D0557C82D2F97F02ec39daA31516dd,0x6BFdC817fd78c72A0E330e3D958108fAc96201f4,0x4200000000000000000000000000000000000006,0x833589fCD6eDb6E08f4c7C32D4f71b54bdA02913,0x940181a94A35A4569E4529A3CDfB74e38FD98631,18,18,6,5620252843317497,13691798,0.005620252843317497,13.691798,5620252857009295,6915720068084186,1022565559596590964944957,1022565.5595965909,0.0,0,0,0,nan,0
CL-USDC/cbBTC,0.33488511368473134,0x9D14ff91AE2c6e3D1A760542248B6c7F206894b0,0xF2d990b13af7c0cd72Cc937625dEB29E4022b81D,0x833589fCD6eDb6E08f4c7C32D4f71b54bdA02913,0xcbB7C0000aB88B473b1f5aFd9ef808440eed33Bf,0x940181a94A35A4569E4529A3CDfB74e38FD98631,18,6,8,30402426,40660,30.402426,0.0004066,30443086,10225159565296405,1515243962378601382599298,1515243.9623786013,0.0,0,0,0,nan,0
CL-WETH/cbBTC,1.644364256785211,0x7C7420DD105E2779316423Ba3E973f434315EFA9,0xe3aE44A6cD6cf1b47295209539b7bB675F500873,0x4200000000000000000000000000000000000006,0xcbB7C0000aB88B473b1f5aFd9ef808440eed33Bf,0x940181a94A35A4569E4529A3CDfB74e38FD98631,18,18,8,135635355593665800,414930,0.1356353555936658,0.0041493,135635355594080730,49749850407930805,7440202356652466364120428,7440202.356652467,0.0,0,0,0,nan,0
CL-IDRX/frxUSD,0.002003941164818671,0xe2a363898DCCFb6E509CDe97A77cF51AEa6813A0,0xd1e537fdC08582dCf607423F85d54e120DEB191b,0x18Bc5bcC660cf2B9cE3cd51a404aFe1a0cBD3C22,0xe5020A6d073a794B6E7f05678707dE47986Fb0b6,0x940181a94A35A4569E4529A3CDfB74e38FD98631,18,2,18,1,1,0.01,1e-18,2,61220097986756,9067168491138207470435,9067.168491138207,0.0,0,0,0,nan,0
CL-CHIP/USDC,0.15865918489901643,0x592E01EDEb601016a20A3E6cD5bF533eBBadBC8b,0x3808E53a5D0419D0670534C8918b7FD6A5B29cee,0x0C1c1C109FE34733fca54b82d7B46B75CFb71F6e,0x833589fCD6eDb6E08f4c7C32D4f71b54bdA02913,0x940181a94A35A4569E4529A3CDfB74e38FD98631,18,18,6,936997015975670780221,58124107,936.9970159756708,58.124107,936997015975728904328,4804113980269311,717880139098896761225848,717880.1390988968,8.493989882651729e-21,6097.666638462644,0,6097.666638462644,117.73030269819573,1788393600
CL-USDC/PROS,0.023349239423571002,0x24BDDff0577D1Ee32f92A0b92296cA9702611c6A,0x94b0c11314C50a4d7D9E123bF852AD15f007d890,0x833589fCD6eDb6E08f4c7C32D4f71b54bdA02913,0x8B7DdE054BE9D180c1Be7FaE0874697374A49832,0x940181a94A35A4569E4529A3CDfB74e38FD98631,18,6,18,743893,1866742014792537910,0.743893,1.866742014792538,1866742014793281803,713315147362522,105647556779743098058256,105647.5567797431,0.0,0,0,0,nan,0
CL-USDC/cbMEGA,0.6677062145340178,0x0150e3d89E161518C044ad191c4bdf6b40Df6E83,0x195452C2Fdbab6Eaa68769F4A924DE64774463CD,0x833589fCD6eDb6E08f4c7C32D4f71b54bdA02913,0xcb111E6A2a3bde90856D299d61341ac302167D23,0x940181a94A35A4569E4529A3CDfB74e38FD98631,18,6,18,80379635,958421700450013875327,80.379635,958.4217004500139,958421700450094254962,20392118766057238,3021148951899412307259304,3021148.951899412,0.0,0,0,0,nan,0
CL-WETH/MORPHO,1.0553224788239752e-05,0x274e24a53Aa2aAF704C1EA0013bE91fDeF533F50,0x34D1F8DDABa9E724233FE27fCEfDF09a2057Ee11,0x4200000000000000000000000000000000000006,0xBAa5CC21fd487B8Fcc2F632f3F4E8D37262a0842,0x940181a94A35A4569E4529A3CDfB74e38FD98631,18,18,18,1,4501004037447,1e-18,4.501004037447e-06,4501004037448,6751798006,47749838647825070893,47.74983864782507,0.0,0,0,0,nan,0
CL-WETH/EURC,2.323823529755791,0xaa5fE7dCC07DCB8B7AFCd1B93874e7Cb1e0Ab50b,0x9D025C59D53fA74a4eAcd62a709faC2dfffBC150,0x4200000000000000000000000000000000000006,0x60a3E35Cc302bFA44Cb288Bc5a4F316Fdb1adb42,0x940181a94A35A4569E4529A3CDfB74e38FD98631,18,18,6,104766620067467784,236857768,0.10476662006746779,236.857768,104766620304325552,70991985854501790,10514529996130835743751690,10514529.996130837,0.0,0,0,0,nan,0
CL-WETH/AERO,7.956215366428079,0x4e506648d493C8870f55e870480f92f2F33ecE51,0x956495C06Ba757cdF85F73B5f6D5CcB505D288F1,0x4200000000000000000000000000000000000006,0x940181a94A35A4569E4529A3CDfB74e38FD98631,0x940181a94A35A4569E4529A3CDfB74e38FD98631,18,18,18,587116765764457218,2694409926859764693450,0.5871167657644573,2694.4099268597647,2694997043625529150668,243059562690310346,35999233183931335015774352,35999233.183931336,0.0,0,0,0,nan,0
CL-GITLAWB/USDC,0.27029740952342646,0xB5E4b3e29a79FEb2aa96c68a4EA24FEdAa559aB2,0x3C2A9058D449E9ccee5bdbE0b57C8B69E6F2dbf6,0x5F980Dcfc4c0fa3911554cf5ab288ed0eb13DBa3,0x833589fCD6eDb6E08f4c7C32D4f71b54bdA02913,0x940181a94A35A4569E4529A3CDfB74e38FD98631,18,18,6,1250799571071062706906650,21684102,1250799.5710710627,21.684102,1250799571071062728590752,8257544775815901,1223006043238230392212790,1223006.0432382305,7.357341777863721e-21,8998.073456496437,0,8998.073456496437,135.918655160038,1788393600
CL-WETH/RSC,0.1004662758975207,0x6cdA37dDB9e099bB49495a9ca7Df9Cd445A6965F,0xB5032EA9aFbEd3bd359e13760e6042FEE3c5f6Ca,0x4200000000000000000000000000000000000006,0xFbB75A59193A3525a8825BeBe7D4b56899E2f7e1,0x940181a94A35A4569E4529A3CDfB74e38FD98631,18,18,18,6694875673831147,206274844786666862619,0.006694875673831147,206.27484478666688,206281539662340693766,3069229457825602,454576545076574499056157,454576.5450765745,3.490029326357751e-21,1586.4854733916309,0,1586.4854733916309,286.5305435824563,1788393600
CL-USDC/PROS,0.008832084689318474,0x8A8e4170C09074b109352190d47e54d7c1F61e4E,0x298E7A376F0942A050CFa2d7B850c3FE8337A4b9,0x833589fCD6eDb6E08f4c7C32D4f71b54bdA02913,0x8B7DdE054BE9D180c1Be7FaE0874697374A49832,0x940181a94A35A4569E4529A3CDfB74e38FD98631,18,6,18,948488,2377390670901135183,0.948488,2.377390670901135,2377390670902083671,269818844784468,39962251093983080855165,39962.25109398308,1.8953410186874045e-21,75.74209369751173,0,75.74209369751173,527.6095384104218,1788393600
CL-USDC/OPG,0.1322633290791645,0xB828dC3D77360F053F1379Cd8676BaC6141684f3,0xE6671F550341f1763D78970b66A2CdeAf7B9909A,0x833589fCD6eDb6E08f4c7C32D4f71b54bdA02913,0xFbC2051AE2265686a469421b2C5A2D5462FbF5eB,0x940181a94A35A4569E4529A3CDfB74e38FD98631,18,6,18,13401740,128695788728972032878,13.40174,128.69578872897202,128695788728985434618,4040624599382335,598447654558840436366572,598447.6545588404,4.20574856436065e-21,2516.9203640058413,0,2516.9203640058413,237.76980118924874,1788393600
CL-AERO/cbBTC,1.3636587619710308,0xCDBe19a6EF1B633BE744920C93eE40521d5cf2A6,0x7487eeD4266C774B84Db9f61b5f0222076Db9676,0x940181a94A35A4569E4529A3CDfB74e38FD98631,0xcbB7C0000aB88B473b1f5aFd9ef808440eed33Bf,0x940181a94A35A4569E4529A3CDfB74e38FD98631,18,18,8,125522922582113014064,116587,125.52292258211301,0.00116587,125522922582113130651,41728525634777837,6170103182808307236876477,6170103.182808307,1.0100387860776917e-21,6232.043528737804,0,6232.043528737804,990.0609895223178,1788393600
CL-msUSD/msETH,0.6547562180111586,0x00145e8Fc9F06a0b71bd57fEfBF451ec1dB9D69f,0xdf2bd73E1aB97CecCc583466c86C95d2eD1c1514,0x526728DBc96689597F85ae4cd716d4f7fCcBAE9d,0x7Ba6F01772924a82D9626c126347A28299E98c98,0x940181a94A35A4569E4529A3CDfB74e38FD98631,18,18,18,315566388514939221585,114253412000546600,315.5663885149392,0.1142534120005466,315680641926939768185,19789879754164417,2962554516846203486489765,2962554.5168462032,8.219004368985648e-21,24349.24851731711,0,24349.24851731711,121.66923815900287,1788393600
CL-USDC/MXNB,0.048287816705459105,0x82312aE1BBF1864CE00dfCeb974A10e0d6245b48,0x982e2BaB389a617dBF65Ea295dBb614Ef3950b28,0x833589fCD6eDb6E08f4c7C32D4f71b54bdA02913,0xF197FFC28c23E0309B5559e7a166f2c6164C80aA,0x940181a94A35A4569E4529A3CDfB74e38FD98631,18,6,6,25252,13527963,0.025252,13.527963,13553215,1475195222090761,218486339731043899471905,218486.33973104387,0.0,0,0,0,nan,0
CL-KellyClaude/USDC,0.0006533234387449961,0xD03FF08155a70D5Ba88E5Ff204B43fa09a2EE0D9,0x434be5E1979a85F379E65Eb3F3207d70718eD939,0x50D2280441372486BeecdD328c1854743EBaCb07,0x833589fCD6eDb6E08f4c7C32D4f71b54bdA02913,0x940181a94A35A4569E4529A3CDfB74e38FD98631,18,18,6,4772570485307044212415,37955,4772.570485307044,0.037955,4772570485307044250370,19959063819250,2956071666328943032712,2956.071666328943,0.0,0,0,0,nan,0
CL-USDC/PSG,0.017761891666935467,0x76F9AeFA6aBcbcEb10CC149e071209366f64Ce9D,0xb9dd4FacCc297796d8Dd63e0eA5CcD5Ce6feb099,0x833589fCD6eDb6E08f4c7C32D4f71b54bdA02913,0xDD15623d107c639aF0C5127AFFA26d3f20327EC8,0x940181a94A35A4569E4529A3CDfB74e38FD98631,18,6,18,1,1850843657355466194,1e-06,1.8508436573554663,1850843657355466195,542654383925809,80366663100121699872754,80366.66310012169,0.0,0,0,0,nan,0
CL-AFC/USDC,0.002467651078815047,0xb4580451325C61344712E811392C881a634151d8,0x75aF4B1123E1d9eEc4B0Cd0A342Ca63f4cEB6A2e,0x580edA966a8129C3c01D149871B47feFcC599D28,0x833589fCD6eDb6E08f4c7C32D4f71b54bdA02913,0x940181a94A35A4569E4529A3CDfB74e38FD98631,18,18,6,1,1,1e-18,1e-06,2,75386864215865,11165301906944756239152,11165.301906944756,0.0,0,0,0,nan,0
CL-FXUSD/USDC,0.057769635302439656,0x96b9E829c934324a33f4130C7acc8a18e2351199,0x9516250955c97Bb496766Eef9F3E898eB1545f11,0x55380fe7A1910dFf29A47B622057ab4139DA42C5,0x833589fCD6eDb6E08f4c7C32D4f71b54bdA02913,0x940181a94A35A4569E4529A3CDfB74e38FD98631,18,18,6,80408096897767045,693,0.08040809689776704,0.000693,80408096897767738,1764871094940279,261388421054878462915047,261388.42105487845,9.724813127861584e-23,25.419535485454933,0,25.419535485454933,10282.973943581503,1788393600
CL-USDC/hTEA,0.06327878140485757,0xAbe1f289107C20081F591BB3972b8289aDd64f6C,0x1E488b80243E72408d8c580e302b452988F9E00F,0x833589fCD6eDb6E08f4c7C32D4f71b54bdA02913,0xa1A0B2E02B0E6830aD5A4A7211691200945d8919,0x940181a94A35A4569E4529A3CDfB74e38FD98631,18,6,18,1,1,1e-06,1e-18,2,1933169945486869,286315478210990426506931,286315.47821099043,1.9228356129524726e-22,55.05375980436101,0,55.05375980436101,5200.652584463638,1788393600
CL-VFY/ZEN,0.049045777760538624,0xc0113E59471A17Ce37B708572114162c3030307e,0x45343aad2894Ae9a9241Bc9072d25C549dd4D189,0xa749dE6c28262B7ffbc5De27dC845DD7eCD2b358,0xf43eB8De897Fbc7F2502483B2Bef7Bb9EA179229,0x940181a94A35A4569E4529A3CDfB74e38FD98631,18,18,18,535954595846354030075,410952399111641420,535.954595846354,0.41095239911164144,536365548245465671495,1497862822635165,221915861873101804424426,221915.86187310182,1.0751327165432453e-20,2385.8900341966355,0,2385.8900341966355,93.01177283630517,1788393600
CL-PORTAL/USDC,0.17951103420230954,0xfE8513f8aa444fAaBB1c35e1E0F24D08c4C9BE15,0x8bA61cff54Ef589C7fd662D028e2722aB94875dc,0x0FfebC403F2d3dd9EA5501ca03916E98967aCB2D,0x833589fCD6eDb6E08f4c7C32D4f71b54bdA02913,0x940181a94A35A4569E4529A3CDfB74e38FD98631,18,18,6,1090522872703789632110,27014309,1090.5228727037897,27.014309,1090522872703816646419,5484089242175167,812227834682010203604195,812227.8346820102,0.0,0,0,0,nan,0
CL-WETH/COOKIE,0.2660193089217712,0x17EA71d7E2dFb58F6b7e95C2ddDAD863E225091c,0xc4F34E44A3951D92334695cAc10A08506234C6CC,0x4200000000000000000000000000000000000006,0xC0041EF357B183448B235a8Ea73Ce4E4eC8c265F,0x940181a94A35A4569E4529A3CDfB74e38FD98631,18,18,18,2689964118970547,1245359994340885697816,0.002689964118970547,1245.3599943408858,1245362684305004668363,8130611555909550,1203649058283655579893235,1203649.0582836557,0.0,0,0,0,nan,0
CL-ZORA/AERO,0.0004365763143805421,0xf185893f57171Ee19729be11684A947CfDE8DCD6,0x0a68F665d30962888547495955198437038E7fF9,0x1111111111166b7FE7bd91427724B487980aFc69,0x940181a94A35A4569E4529A3CDfB74e38FD98631,0x940181a94A35A4569E4529A3CDfB74e38FD98631,18,18,18,10417114091891548141,141311006558671635,10.417114091891548,0.14131100655867163,10558425098450219776,13337472427374,1975362885510009999537,1975.36288551001,0.0,0,0,0,nan,0
CL-O/USDC,2.919664746531326,0x8D479A4C680A76D4Ae03f10203569558405DDFFF,0x96019f55c4bdA3E1946a3Ef05bCCc5Aa823E774b,0x182FA643E5f29d5EcA75e7b9CF9336A3fe4620b2,0x833589fCD6eDb6E08f4c7C32D4f71b54bdA02913,0x940181a94A35A4569E4529A3CDfB74e38FD98631,18,18,6,554078403367373062327,189187898,554.0784033673731,189.187898,554078403367562250225,89196789772256728,13210513691319533136444685,13210513.691319533,2.233915661986604e-21,29511.173437927166,0,29511.173437927166,447.6444733418037,1788393600
CL-WETH/AERO,0.0003017070180371191,0x9Be74093980230702f766bc6F8234177E58237E4,0x7f36b3830fd5B90bec07Fd976a612fc6fB91e099,0x4200000000000000000000000000000000000006,0x940181a94A35A4569E4529A3CDfB74e38FD98631,0x940181a94A35A4569E4529A3CDfB74e38FD98631,18,18,18,1300340041067,147173530335699,1.300340041067e-06,0.000147173530335699,148473870376766,9229715258167,1365124094224078757938,1365.1240942240788,0.0,0,0,0,nan,1788393600
CL-USDC/wtSKHY,0.031897185230130166,0x7313B413727eD86b01CcE08c2e2F9E0A8462f5C0,0x77e593C8f308Eda04A6D4da461bFF62Ce14E44FB,0x833589fCD6eDb6E08f4c7C32D4f71b54bdA02913,0xFcD17aC4c4BF6a72c93018096F3fC09e66573Ff9,0x940181a94A35A4569E4529A3CDfB74e38FD98631,18,6,18,3882334,67591135876049263,3.882334,0.06759113587604926,67591135879931597,974479953232870,144324173759265763625210,144324.17375926577,0.0,0,0,0,nan,0
CL-jEUR/USDC,0.15406953240037924,0x02B6B7AB1eDE16F48C57893d2FdF6251C2CB3821,0x1567c3577d4d971e0C76262381D064169DD438FB,0x4154550f4Db74Dc38d1FE98e1F3F28ed6daD627d,0x833589fCD6eDb6E08f4c7C32D4f71b54bdA02913,0x940181a94A35A4569E4529A3CDfB74e38FD98631,18,18,6,9834257995000878341,10434098,9.834257995000879,10.434098,9834257995011312439,4706940954055411,697113485241231071257409,697113.4852412312,3.3636909687316048e-22,234.4874334486942,0,234.4874334486942,2972.92471067009,1788393600
CL-QUID/USDC,0.5180964634001993,0x8b289ED9bb4fCf49e358a2EbC5bA2cC60A296c96,0x66C2197b33e93B1de3D629AFf5225d054dB23Ae7,0x1a44233FAe8D50F1AeB3a5d58dd426ff4814Cb53,0x833589fCD6eDb6E08f4c7C32D4f71b54bdA02913,0x940181a94A35A4569E4529A3CDfB74e38FD98631,18,18,6,445124251650656069616,35093548,445.12425165065605,35.093548,445124251650691163164,15828239521051901,2344214496306083638444229,2344214.4963060836,0.0,0,0,0,nan,0
CL-ALIGN/USDC,2.5548786130183987,0x0F56aeBA06f65E2790c5b6687F5C3128B7456f76,0xA3E808edB7F55f5B8360ae8919244Df93e9a941C,0x53f39e5C53EE40bbc3Da97C3B47BD2968d110a8D,0x833589fCD6eDb6E08f4c7C32D4f71b54bdA02913,0x940181a94A35A4569E4529A3CDfB74e38FD98631,18,18,6,206257516184772827164630,1510757636,206257.51618477283,1510.757636,206257516184774337922266,78118302681546010,11559977540927193192106242,11559977.540927194,1.0001981725318662e-21,11562.268410944795,0,11562.268410944795,999.8018667327051,1788393600
CL-USDC/TAO,0.21290510641613605,0x99f0364e162A36a77e5d77b5EeB56539563735a3,0xdEBc2aeAb66bCDC35225Fa0C449CD480f47D3C7D,0x833589fCD6eDb6E08f4c7C32D4f71b54bdA02913,0xf3081494B87e8D5fb7960f066E931D1D0e6E3d67,0x940181a94A35A4569E4529A3CDfB74e38FD98631,18,6,18,118525772,54649971825089871,118.525772,0.05464997182508987,54649971943615643,6464035747487067,963324925097536468412083,963324.9250975364,7.30926291451545e-21,7041.195149643796,0,7041.195149643796,136.81270077371306,1788393600
CL-USDC/MAG7,0.02388714036687956,0xe942B86f5c6d4a780fd673317Ee7E565d25aB7F3,0x017BB6502758eCF478446e97e66831989bd109d6,0x833589fCD6eDb6E08f4c7C32D4f71b54bdA02913,0xCEF8Db49E456f872E288E1C042F916E9ceD7c781,0x940181a94A35A4569E4529A3CDfB74e38FD98631,18,6,18,1266184,8171614124129682,1.266184,0.008171614124129681,8171614125395866,733366988373048,108081379972831793892328,108081.3799728318,8.447624417574826e-22,91.30309045436768,0,91.30309045436768,1183.7647491992589,1788393600
CL-WETH/Basecat,1.5941994462077744,0xfbA22a6B7629a2FEC052CC2a6Eddd2C9D6Da5eA5,0x7f015f6607A700291d6dCe512c3e0db842a223F2,0x4200000000000000000000000000000000000006,0xB2000000000000000000004c27f6523082f41D01,0x940181a94A35A4569E4529A3CDfB74e38FD98631,18,18,18,126082802251707204,5297850747424109641409,0.1260828022517072,5297.85074742411,5297976830226361348613,48703659566095452,7213223242785713907275126,7213223.242785714,1.5718044638183523e-21,11337.776491528875,0,11337.776491528875,636.211451881693,1788393600
CL-USDC/BLUECHIP,1.3526266507380489,0x3dfDeCc334A8f2618321C78A9dE0E9428438F871,0x82c0220215d13f1DFbB72f3182e6D0b61088B1b3,0x833589fCD6eDb6E08f4c7C32D4f71b54bdA02913,0xB200000000000000000000cFbdF64a8706a94a01,0x940181a94A35A4569E4529A3CDfB74e38FD98631,18,6,18,183993179,15535594712930841030804,183.993179,15535.59471293084,15535594712931025023983,41324315979959484,6120186541981440988843091,6120186.541981441,8.002785574268288e-22,4897.854057,0,4897.854057,1249.5649055190788,1788393600
TOTAL,100.0,,,,,,,,,10526447277282593034257089910,820878484268208365054943881423,10526483449.918383,820882172531.195,831404931545490958089200971333,3041680781296738392,452466801437190014309548977,,8.1975791135872885e-22,370913.24008685537,1.846020582747742e-05,370913.2401053156,1219.8723380937236,
