name,vote_pct,address,gauge,token0,token1,emissions_token,emissions_decimals,token0_decimals,token1_decimals,token0_fees_raw,token1_fees_raw,token0_fees,token1_fees,fees_raw,emissions_raw,votes_raw,votes,ratio,tfv,tbv,tvv,votes_per_tvv,rewards_epoch_ts
vAMM-tBTC/USDbC,0.003135930924424109,0x723AEf6543aecE026a15662Be4D3fb3424D502A9,0x50f0249B824033Cf0AF0C8b9fe1c67c2842A34d5,0x236aa50979D5f3De3Bd1Eeb40E81137F22ab794b,0xd9aAEc86B65D86f6A7B5B1b0c42FFA531710b6CA,0x940181a94A35A4569E4529A3CDfB74e38FD98631,18,18,6,994199680249,86263,9.94199680249e-07,0.086263,994199766512,146161042037100,21823236307057676434995,21823.236307057676,2.1887587863985584e-22,4.776580021472451,0,4.776580021472451,4568.799477650191,1783555200
vAMM-tBTC/WETH,0.0012875899063794528,0x2722C8f9B5E2aC72D1f225f8e8c990E449ba0078,0xfaE8C18D83655Fbf31af10d2e9A1Ad5bA77D0377,0x236aa50979D5f3De3Bd1Eeb40E81137F22ab794b,0x4200000000000000000000000000000000000006,0x940181a94A35A4569E4529A3CDfB74e38FD98631,18,18,18,0,0,0.0,0.0,0,60012636428665,8960458463753094110845,8960.458463753093,1.574070475305874e-21,14.104393112998373,0,14.104393112998373,635.2955701082441,1783555200
vAMM-T/WETH,5.698196373307753e-07,0xAf58FDeE432a104a932a899968d60F92838886cd,0xaD3d4aFd779e4A57734557CcE25F87032614fE47,0x26f3901aC8a79c50fb0d8289C74f0d09AdC42E29,0x4200000000000000000000000000000000000006,0x940181a94A35A4569E4529A3CDfB74e38FD98631,18,18,18,3770503082359684723951,3825287496785461,3770.503082359685,0.003825287496785461,3770506907647181509412,0,3965428096970939228,3.9654280969709395,0.0,0,0,0,nan,0
vAMM-EXTRA/USDbC,1.9759454838850392e-05,0x2B7704f1cb9324cD8586B33C6c540CbD64E58237,0xf05a3De3dD6910042f506c6105bC14920C4289B6,0x2dAD3a13ef0C6366220f989157009e501e7938F8,0xd9aAEc86B65D86f6A7B5B1b0c42FFA531710b6CA,0x940181a94A35A4569E4529A3CDfB74e38FD98631,18,18,6,3577564845833154038007,41264535,3577.564845833154,41.264535,3577564845833195302542,0,137507892437412648059,137.50789243741264,0.0,0,0,0,nan,0
sAMM-DOLA/USDbC,0.000454609329533959,0x0B25c51637c43decd6CC1C1e3da4518D54ddb528,0xeAE066C25106006fB386A3a8b1698A0cB6931c1a,0x4621b7A9c75199271F773Ebd9A499dbd165c3191,0xd9aAEc86B65D86f6A7B5B1b0c42FFA531710b6CA,0x940181a94A35A4569E4529A3CDfB74e38FD98631,18,18,6,0,0,0.0,0.0,0,21188659739586,3163668800400815633393,3163.6688004008156,0.0,0,0,0,nan,1783555200
vAMM-WETH/UNIDX,1.8295720319082004e-05,0xA819Af1CC8AbE618eA8abaDeb464960F7451CEAB,0x98F44CE76BDCaD37f00a98B275631B1D796862fa,0x4200000000000000000000000000000000000006,0x6B4712AE9797C199edd44F897cA09BC57628a1CF,0x940181a94A35A4569E4529A3CDfB74e38FD98631,18,18,18,66824064630132120,226333148520407904521,0.06682406463013212,226.33314852040792,226399972585038036641,0,127321627151110355016,127.32162715111036,0.0,0,0,0,nan,0
vAMM-ERN/stERN,6.24825794678404e-05,0x218F511431194B2C756D67a137DE536beA74E498,0x109Cc0f2640457b2A483C2eef189827750A676bB,0xa334884bF6b0A066d553D19e507315E839409e62,0xf7A0dd3317535eC4f4d29ADF9d620B3d8D5D5069,0x940181a94A35A4569E4529A3CDfB74e38FD98631,18,18,18,238963071307246622,118363806790615403,0.23896307130724662,0.11836380679061541,357326878097862025,0,434822108542330684198,434.8221085423307,0.0,0,0,0,nan,0
sAMM-MAI/USDbC,4.006887672596068e-05,0xf6Aec4F97623E691a9426a69BaF5501509fCa05D,0xC01E2ff20501839db7B28F5Cb3eD2876fEa3d6b1,0xbf1aeA8670D2528E08334083616dD9C5F3B087aE,0xd9aAEc86B65D86f6A7B5B1b0c42FFA531710b6CA,0x940181a94A35A4569E4529A3CDfB74e38FD98631,18,18,6,30944295901901913807,9010708,30.944295901901913,9.010708,30944295901910924515,0,278843056949536182548,278.8430569495362,0.0,0,0,0,nan,0
sAMM-DOLA/MAI,9.479027959913367e-05,0x8b432C54d6e8E1B8D1802753514AB53044Af1861,0xDe23611176b16720346f4Df071D1aA01752c68C1,0x4621b7A9c75199271F773Ebd9A499dbd165c3191,0xbf1aeA8670D2528E08334083616dD9C5F3B087aE,0x940181a94A35A4569E4529A3CDfB74e38FD98631,18,18,18,10573142670605501285,12108389100375266565,10.5731426706055,12.108389100375266,22681531770980767850,0,659654412408287255581,659.6544124082873,0.0,0,0,0,nan,0
vAMM-USDbC/STG,8.701461942058153e-08,0xb680190fB16f417647e69D6A84719aE9c7E5E20a,0x9a8D9F5C698C1F2B0d48a955BC531F2c7D67Af84,0xd9aAEc86B65D86f6A7B5B1b0c42FFA531710b6CA,0xE3B53AF74a4BF62Ae5511055290838050bf764Df,0x940181a94A35A4569E4529A3CDfB74e38FD98631,18,6,18,60406357,320085489288635863216,60.406357,320.08548928863587,320085489288696269573,0,605542866711187967,0.605542866711188,0.0,0,0,0,nan,0
vAMM-WETH/TAROT,0.07337778280309326,0x2d25E0514f23c6367687dE89Bd5167dc754D4934,0xa81dac2e9caa218Fcd039D7CEdEB7847cf362213,0x4200000000000000000000000000000000000006,0xF544251D25f3d243A36B07e7E7962a678f952691,0x940181a94A35A4569E4529A3CDfB74e38FD98631,18,18,18,116564647296487,14338717554025181527,0.000116564647296487,14.338717554025182,14338834118672478014,3420028519550951,510642846539718306271832,510642.8465397183,2.098851007976761e-22,107.17632531760103,0,107.17632531760103,4764.511612303412,1783555200
sAMM-MIM/USDbC,8.701461942058153e-08,0x982A169edFC1cf8Fd38dBeE76735547b23875BD1,0xBb0b5819Fa91076a1D6aaFa0D018E27a416DE029,0x4A3A6Dd60A34bB2Aba60D73B4C88315E9CeB6A3D,0xd9aAEc86B65D86f6A7B5B1b0c42FFA531710b6CA,0x940181a94A35A4569E4529A3CDfB74e38FD98631,18,18,6,2412675130578756554,2464257,2.4126751305787564,2.464257,2412675130581220811,0,605542866711187967,0.605542866711188,0.0,0,0,0,nan,0
vAMM-WETH/HOP,0.010439215188497296,0x75D18ee68bB93BE5cB2dcCFa0d8151E25CBC8Eb8,0xb42A9e58773993ed15A5eED65633e85870185e13,0x4200000000000000000000000000000000000006,0xc5102fE9359FD9a28f877a67E36B0F050d81a3CC,0x940181a94A35A4569E4529A3CDfB74e38FD98631,18,18,18,0,0,0.0,0.0,0,486561006992602,72647473879112681193110,72647.47387911267,3.1517651615725154e-23,2.289677772484367,0,2.289677772484367,31728.252224891912,1783555200
sAMM-DAI+/USD+,0.00016690208241296658,0x1b05e4e814b3431a48b8164c41eaC834d9cE2Da6,0x87803Cb321624921cedaAD4555F07Daa0D1Ed325,0x65a2508C429a6078a7BC2f7dF81aB575BD9D9275,0xB79DD08EA68A908A97220C76d19A6aA9cBDE4376,0x940181a94A35A4569E4529A3CDfB74e38FD98631,18,18,6,4183041646058347703,7089152,4.1830416460583475,7.089152,4183041646065436855,0,1161487185916595141654,1161.487185916595,0.0,0,0,0,nan,0
sAMM-USD+/USDbC,0.0001128746294144318,0x4a3636608d7Bc5776CB19Eb72cAa36EbB9Ea683B,0xa5972f0C07a2D1cc5A8457c28d88ec4f3C009864,0xB79DD08EA68A908A97220C76d19A6aA9cBDE4376,0xd9aAEc86B65D86f6A7B5B1b0c42FFA531710b6CA,0x940181a94A35A4569E4529A3CDfB74e38FD98631,18,6,6,37687093,18056980,37.687093,18.05698,55744073,0,785505092474278257099,785.5050924742783,0.0,0,0,0,nan,0
vAMM-WETH/DEUS,0.15133575449589504,0x9e4CB8b916289864321661CE02cf66aa5BA63C94,0x7eC1926A50D2D253011cC9891935eBc476713bb1,0x4200000000000000000000000000000000000006,0xDE5ed76E7c05eC5e4572CfC88d1ACEA165109E44,0x940181a94A35A4569E4529A3CDfB74e38FD98631,18,18,18,0,0,0.0,0.0,0,7053602763418824,1053159655510361342386612,1053159.6555103613,3.290712465890919e-23,34.65645606961331,0,34.65645606961331,30388.5559849199,1783555200
sAMM-DAI/USDbC,1.1340598944033654e-06,0x6EAB8c1B93f5799daDf2C687a30230a540DbD636,0xCF1D5Aa63083fda05c7f8871a9fDbfed7bA49060,0x50c5725949A6F0c72E6C4a641F24049A917DB0Cb,0xd9aAEc86B65D86f6A7B5B1b0c42FFA531710b6CA,0x940181a94A35A4569E4529A3CDfB74e38FD98631,18,18,6,22781200967610543752,21912857,22.781200967610545,21.912857,22781200967632456609,0,7892028765418826011,7.892028765418826,0.0,0,0,0,nan,0
vAMM-AERO/USDbC,0.08804540247600777,0x2223F9FE624F69Da4D8256A7bCc9104FBA7F8f75,0x9a202c932453fB3d04003979B121E80e5A14eE7b,0x940181a94A35A4569E4529A3CDfB74e38FD98631,0xd9aAEc86B65D86f6A7B5B1b0c42FFA531710b6CA,0x940181a94A35A4569E4529A3CDfB74e38FD98631,18,18,6,61295936085307337,0,0.06129593608530734,0.0,61295936085307337,4103705011943733,612716182304550066202339,612716.1823045501,1.1834430465811992e-21,725.1147054760983,0,725.1147054760983,844.9920787391159,1783555200
vAMM-cbETH/WETH,0.0007238951258943009,0x44Ecc644449fC3a9858d2007CaA8CFAa4C561f91,0xDf9D427711CCE46b52fEB6B2a20e4aEaeA12B2b7,0x2Ae3F1Ec7F1F5012CFEab0185bfc7aa3cf0DEc22,0x4200000000000000000000000000000000000006,0x940181a94A35A4569E4529A3CDfB74e38FD98631,18,18,18,0,80943429418,0.0,8.0943429418e-08,80943429418,33740336765292,5037653817843495785552,5037.653817843496,0.0,0,0,0,nan,0
vAMM-WETH/fBOMB,0.012338050688695909,0x4F9Dc2229f2357B27C22db56cB39582c854Ad6d5,0x76c48576822Cd955C320f5d5A163E738dbFEcc01,0x4200000000000000000000000000000000000006,0x74ccbe53F77b08632ce0CB91D3A545bF6B8E0979,0x940181a94A35A4569E4529A3CDfB74e38FD98631,18,18,18,0,0,0.0,0.0,0,575069468453143,85861647541650969469378,85861.64754165098,0.0,0,0,0,nan,0
vAMM-WETH/WELL,0.0013058091215877277,0xffA3F8737C39e36dec4300B162c2153c67c8352f,0xcEa0a2228145d0fD25dE083e3786ddB1eA184296,0x4200000000000000000000000000000000000006,0xFF8adeC2221f9f4D8dfbAFa6B9a297d17603493D,0x940181a94A35A4569E4529A3CDfB74e38FD98631,18,18,18,0,0,0.0,0.0,0,60863014458249,9087247684689883623183,9087.247684689884,0.0,0,0,0,nan,0
vAMM-USD+/stERN,1.9521763160934714e-07,0x607363389331f4B2D1b955d009506A67c565D75E,0xe5Cf7Ec83BA94c4AdF833d7DCdb800a53f28410E,0xB79DD08EA68A908A97220C76d19A6aA9cBDE4376,0xf7A0dd3317535eC4f4d29ADF9d620B3d8D5D5069,0x940181a94A35A4569E4529A3CDfB74e38FD98631,18,6,18,401403,3043838599867921847,0.401403,3.043838599867922,3043838599868323250,0,1358537738422055515,1.3585377384220554,0.0,0,0,0,nan,0
vAMM-USD+/USDbC,8.701461942058153e-08,0xdC0F1F6eCd03ec1C9FFC2A17BaBAbd313477b20E,0xD2121Cb13A28Ab16Cb0f0F19A665e9a9311F9aBb,0xB79DD08EA68A908A97220C76d19A6aA9cBDE4376,0xd9aAEc86B65D86f6A7B5B1b0c42FFA531710b6CA,0x940181a94A35A4569E4529A3CDfB74e38FD98631,18,6,6,5515,2659,0.005515,0.002659,8174,0,605542866711187967,0.605542866711188,0.0,0,0,0,nan,0
vAMM-USDbC/THALES,0.00028877939345587614,0x5F43555b02507133eCd5b78218283ed849b07Eac,0x2692CC440416B7f8252406D84e9D66f0C48C069E,0xd9aAEc86B65D86f6A7B5B1b0c42FFA531710b6CA,0xf34e0cff046e154CAfCae502C7541b9E5FD8C249,0x940181a94A35A4569E4529A3CDfB74e38FD98631,18,6,18,40029056,209084894297938696329,40.029056,209.0848942979387,209084894297978725385,0,2009642781004082510685,2009.6427810040825,0.0,0,0,0,nan,0
vAMM-WETH/THALES,6.526686991752408e-05,0x3f386Acc3A8E9194cF6279C219DF8DD3C5B71974,0x62052D68A7DBa58079B7D70a40796CAbAab2a95f,0x4200000000000000000000000000000000000006,0xf34e0cff046e154CAfCae502C7541b9E5FD8C249,0x940181a94A35A4569E4529A3CDfB74e38FD98631,18,18,18,2335148590889701,37670101852599741345,0.002335148590889701,37.67010185259974,37672437001190631046,0,454198245930334209316,454.1982459303342,0.0,0,0,0,nan,0
vAMM-EXTRA/WETH,0.05590527288641869,0x84Ff3B6e2046579Fb2f2b891CE18eE10b5fbDbF2,0xE5Ff63862097b32d3ed30551e290D66f1548973F,0x2dAD3a13ef0C6366220f989157009e501e7938F8,0x4200000000000000000000000000000000000006,0x940181a94A35A4569E4529A3CDfB74e38FD98631,18,18,18,0,18259151233936,0.0,1.8259151233936e-05,18259151233936,2605747186638730,389050017495174841494500,389050.01749517483,1.0340524486559551e-22,40.22981232405277,0,40.22981232405277,9670.68934752569,1783555200
vAMM-fBOMB/AERO,2.517256162817824,0xbBf71AAD6E1F8D180D3B1D898528654c1d18b2fF,0x12E45bE50dd4f3Bc430B65d399B1e3b90275661c,0x74ccbe53F77b08632ce0CB91D3A545bF6B8E0979,0x940181a94A35A4569E4529A3CDfB74e38FD98631,0x940181a94A35A4569E4529A3CDfB74e38FD98631,18,18,18,9717535591667642209,0,9.717535591667643,0.0,9717535591667642209,117329418645826759,17517820835501656029680147,17517820.835501656,1.7559117169838816e-22,3075.974686108173,0,3075.974686108173,5695.047138917061,1783555200
vAMM-EURA/USDbC,6.928014150016989e-06,0xA56bE957d432a5d0eDc040B27078d9726f54E7f6,0x275535F82F287073CEEbC653862E4E43868AA65C,0xA61BeB4A3d02decb01039e378237032B351125B4,0xd9aAEc86B65D86f6A7B5B1b0c42FFA531710b6CA,0x940181a94A35A4569E4529A3CDfB74e38FD98631,18,18,6,2650244273868035706,2719626,2.6502442738680356,2.719626,2650244273870755332,0,48212697785180123453,48.212697785180126,0.0,0,0,0,nan,0
vAMM-SONNE/USDbC,0.001896634002446683,0x554EcA2a48136724294CE47fb7bfE9AADfceE3c6,0x744462994510ccd987F697752bD46d1155F8022F,0x22a2488fE295047Ba13BD8cCCdBC8361DBD8cf7c,0xd9aAEc86B65D86f6A7B5B1b0c42FFA531710b6CA,0x940181a94A35A4569E4529A3CDfB74e38FD98631,18,18,6,13529325933930303211907,4162575,13529.325933930304,4.162575,13529325933930307374482,0,13198853233986864757364,13198.853233986865,0.0,0,0,0,nan,0
sAMM-AERO/USDbC,8.701461942058153e-08,0xB304b47e039E20AFAd75FA2ada6CD8D95a9eea41,0x46110ac9100A027bAec01bf1C211522ce0B02540,0x940181a94A35A4569E4529A3CDfB74e38FD98631,0xd9aAEc86B65D86f6A7B5B1b0c42FFA531710b6CA,0x940181a94A35A4569E4529A3CDfB74e38FD98631,18,18,6,1465364805509881365817,1327976206,1465.3648055098813,1327.976206,1465364805511209342023,0,605542866711187967,0.605542866711188,0.0,0,0,0,nan,0
vAMM-EXTRA/AERO,0.0004197417306538081,0x688F778C51dB4D990bF1abaF8d33fD95e48C6641,0x6664867531c0FDd058881153FaBE7D2162833b07,0x2dAD3a13ef0C6366220f989157009e501e7938F8,0x940181a94A35A4569E4529A3CDfB74e38FD98631,0x940181a94A35A4569E4529A3CDfB74e38FD98631,18,18,18,0,0,0.0,0.0,0,19564180215846,2921021921958819775498,2921.02192195882,6.706417332223875e-21,19.589592045230525,0,19.589592045230525,149.11091130506725,1783555200
sAMM-DAI+/USDbC,8.701461942058153e-08,0x4f7f293e7B7b6D1cAA1ca48784C5986f3dE5E19c,0x2d8b33A0dc95F0eb9429551eA4d2297729828558,0x65a2508C429a6078a7BC2f7dF81aB575BD9D9275,0xd9aAEc86B65D86f6A7B5B1b0c42FFA531710b6CA,0x940181a94A35A4569E4529A3CDfB74e38FD98631,18,18,6,49163836563352229,34040,0.04916383656335223,0.03404,49163836563386269,0,605542866711187967,0.605542866711188,0.0,0,0,0,nan,0
sAMM-DAI/MAI,1.6873207260332526e-07,0x30A30f266e1173a75985997B2523EcbC19c60fF3,0xc16A2c13d3A62937FB3b0FE03Fa24B0C6161245E,0x50c5725949A6F0c72E6C4a641F24049A917DB0Cb,0xbf1aeA8670D2528E08334083616dD9C5F3B087aE,0x940181a94A35A4569E4529A3CDfB74e38FD98631,18,18,18,11155940981210336005,11332276676186437732,11.155940981210335,11.332276676186437,22488217657396773737,0,1174222258635433511,1.1742222586354334,0.0,0,0,0,nan,0
sAMM-WETH/USDbC,8.486893570317192e-07,0x44d7Dd237001AeF7fC7D8CB13ab4452f65CE5E40,0x1AF743E6EbF9C4f90aE9A37E6e61Bca31a867676,0x4200000000000000000000000000000000000006,0xd9aAEc86B65D86f6A7B5B1b0c42FFA531710b6CA,0x940181a94A35A4569E4529A3CDfB74e38FD98631,18,18,6,123538728196275084,309227321,0.12353872819627508,309.227321,123538728505502405,0,5906108532409502377,5.906108532409503,0.0,0,0,0,nan,0
vAMM-FREN/WETH,0.00045435631942057056,0x679d601AAA86cd555E8bfD48ddC8b4aaDe2A0F27,0x5C84541A91c4dAF68964197E7ED1c7de79A82Ec3,0x12063CC18A7096D170e5Fc410d8623Ad97ee24B3,0x4200000000000000000000000000000000000006,0x940181a94A35A4569E4529A3CDfB74e38FD98631,18,18,18,7536126267381373714632,19233165757456107,7536.1262673813735,0.019233165757456108,7536145500547131170739,0,3161908079381884072978,3161.908079381884,0.0,0,0,0,nan,0
sAMM-WETH/BASED,0.0002801105967652232,0x5F45e48F9C053286cE9Ca08Db897f8b7eb3f7992,0xA7919a78183d4B3980c01DfDaCd0158772eB5632,0x4200000000000000000000000000000000000006,0x9CBD543f1B1166b2Df36b68Eb6bB1DcE24E6aBDf,0x940181a94A35A4569E4529A3CDfB74e38FD98631,18,18,18,878826517501655654,4749986757189285790,0.8788265175016556,4.749986757189286,5628813274690941444,0,1949315814869552503461,1949.3158148695527,0.0,0,0,0,nan,0
vAMM-BASED/USDbC,4.850405100029362e-07,0xb905d9195019778CFbaa4e9eD90dF3FC5871CD9A,0x1202cEE03f9Dc305e14c3C34afaedE7BcE47b373,0xBa5E6fa2f33f3955f0cef50c63dCC84861eAb663,0xd9aAEc86B65D86f6A7B5B1b0c42FFA531710b6CA,0x940181a94A35A4569E4529A3CDfB74e38FD98631,18,18,6,41047168293617294,350188,0.04104716829361729,0.350188,41047168293967482,0,3375442228605126725,3.3754422286051264,0.0,0,0,0,nan,0
sAMM-DAI/AERO,8.795166103870143e-08,0xE2D3b2f9d4bAAb9A0de671E95FeBAc27E37050f2,0x4b6F6Be7e8622bD8e56b50158D03312EEC5bA480,0x50c5725949A6F0c72E6C4a641F24049A917DB0Cb,0x940181a94A35A4569E4529A3CDfB74e38FD98631,0x940181a94A35A4569E4529A3CDfB74e38FD98631,18,18,18,1669994931621192934,2181965902501675993,1.6699949316211928,2.181965902501676,3851960834122868927,0,612063826883655389,0.6120638268836555,0.0,0,0,0,nan,0
vAMM-YFX/USD+,5.7252820000061296e-08,0xc3B5ac236fb5AbE245310FeCa2526F89667D4CAe,0x9B3920fB28242261B9be3a10c10310fc42E23a0F,0x8901cB2e82CC95c01e42206F8d1F417FE53e7Af0,0xB79DD08EA68A908A97220C76d19A6aA9cBDE4376,0x940181a94A35A4569E4529A3CDfB74e38FD98631,18,18,6,81584070824994097,117633,0.0815840708249941,0.117633,81584070825111730,0,398427723766341120,0.3984277237663411,0.0,0,0,0,nan,0
sAMM-DOLA/USD+,8.013708637107915e-05,0x8E9154AC849e839d60299E85156bcb589De2693A,0x969c70383A95704C6a35497d8C77BF38dc152e63,0x4621b7A9c75199271F773Ebd9A499dbd165c3191,0xB79DD08EA68A908A97220C76d19A6aA9cBDE4376,0x940181a94A35A4569E4529A3CDfB74e38FD98631,18,18,6,0,0,0.0,0.0,0,3735193060966,557681471621163039869,557.681471621163,6.075865513692129e-24,0.0033883976210481,0,0.0033883976210481,164585.60475811598,1783555200
vAMM-DAI+/USD+,1.7656089024799416e-06,0x3CF04A380e54FA4eD31eA48acb9132EA35e2E8D9,0x18f880A04F8aD0da98414672184146D17fe1d2dA,0x65a2508C429a6078a7BC2f7dF81aB575BD9D9275,0xB79DD08EA68A908A97220C76d19A6aA9cBDE4376,0x940181a94A35A4569E4529A3CDfB74e38FD98631,18,18,6,2863874804654989,4656,0.002863874804654989,0.004656,2863874804659645,0,12287037321059777189,12.287037321059776,0.0,0,0,0,nan,0
sAMM-USDC/USDbC,0.00029758563959466245,0x27a8Afa3Bd49406e48a074350fB7b2020c43B2bD,0x1Cfc45C5221A07DA0DE958098A319a29FbBD66fE,0x833589fCD6eDb6E08f4c7C32D4f71b54bdA02913,0xd9aAEc86B65D86f6A7B5B1b0c42FFA531710b6CA,0x940181a94A35A4569E4529A3CDfB74e38FD98631,18,6,6,0,651,0.0,0.000651,651,13870663025949,2070926270690686943037,2070.926270690687,0.0,0,0,0,nan,1783555200
vAMM-WETH/USDC,0.996469085804573,0xcDAC0d6c6C59727a65F871236188350531885C43,0x519BBD1Dd8C6A94C46080E24f316c14Ee758C025,0x4200000000000000000000000000000000000006,0x833589fCD6eDb6E08f4c7C32D4f71b54bdA02913,0x940181a94A35A4569E4529A3CDfB74e38FD98631,18,18,6,8117305137952519,38073557,0.00811730513795252,38.073557,8117305176026076,46551866111303271,6934521472657901878548753,6934521.472657902,1.2221339712178413e-21,8474.914265874795,0,8474.914265874795,818.2408995664464,1783555200
vAMM-USDC/AERO,9.610157973916516,0x6cDcb1C4A4D1C3C6d054b27AC5B77e89eAFb971d,0x4F09bAb2f0E15e2A078A227FE1537665F55b8360,0x833589fCD6eDb6E08f4c7C32D4f71b54bdA02913,0x940181a94A35A4569E4529A3CDfB74e38FD98631,0x940181a94A35A4569E4529A3CDfB74e38FD98631,18,6,18,1570077630,1890567151628290499969,1570.07763,1890.5671516282905,1890567151629860577599,448254848870286540,66877987260337755512008646,66877987.260337755,1.5100203588496916e-21,100987.12232200032,0,100987.12232200032,662.2427268211029,1783555200
sAMM-DAI/USDC,6.3260527095410065e-06,0x67b00B46FA4f4F24c03855c5C8013C0B938B3eEc,0x640e9ef68e1353112fF18826c4eDa844E1dC5eD0,0x50c5725949A6F0c72E6C4a641F24049A917DB0Cb,0x833589fCD6eDb6E08f4c7C32D4f71b54bdA02913,0x940181a94A35A4569E4529A3CDfB74e38FD98631,18,18,6,0,0,0.0,0.0,0,294861491091,44023591876969890597,44.02359187696989,2.6215739010013015e-21,0.11541109949299716,0,0.11541109949299716,381.4502423975358,1783555200
vAMM-WETH/USD+,3.307291133656927e-06,0x08B935148AB10d3699Cb8d944519e8213abE6f1D,0x1cb5503Ed87CAf12fa56e67219baC798eb51F5a7,0x4200000000000000000000000000000000000006,0xB79DD08EA68A908A97220C76d19A6aA9cBDE4376,0x940181a94A35A4569E4529A3CDfB74e38FD98631,18,18,6,16424272686996403,154713885,0.016424272686996404,154.713885,16424272841710288,0,23015748014056261285,23.01574801405626,0.0,0,0,0,nan,0
vAMM-WETH/AAG,0.00010372424750417086,0x6689a0582BAfcC286A81dc38D76e0470AcD17275,0xd962615116fAf0d2A9DB99310Db8126CF700ec1b,0x4200000000000000000000000000000000000006,0x96e890c6b2501a69cAD5Dba402BFB871a2A2874C,0x940181a94A35A4569E4529A3CDfB74e38FD98631,18,18,18,3614407929675655,27520322088474212321220,0.003614407929675655,27520.32208847421,27520325702882141996875,0,721826729799844593836,721.8267297998447,0.0,0,0,0,nan,0
sAMM-USD+/MAI,4.17078320826988e-05,0x3FF5bfE3ff5e1877664Fe25862871554e632b9C9,0xC8a2a224aA2Ff37435Ef49903fC6a4e5CA741645,0xB79DD08EA68A908A97220C76d19A6aA9cBDE4376,0xbf1aeA8670D2528E08334083616dD9C5F3B087aE,0x940181a94A35A4569E4529A3CDfB74e38FD98631,18,6,18,7737242,1308739744106782868,7.737242,1.308739744106783,1308739744114520110,0,290248700411973884605,290.2487004119739,0.0,0,0,0,nan,0
vAMM-OVN/USD+,0.011025401657710076,0x61366A4e6b1DB1b85DD701f2f4BFa275EF271197,0x00B2149d89677a5069eD4D303941614A33700146,0xA3d1a8DEB97B111454B294E2324EfAD13a9d8396,0xB79DD08EA68A908A97220C76d19A6aA9cBDE4376,0x940181a94A35A4569E4529A3CDfB74e38FD98631,18,18,6,0,0,0.0,0.0,0,513906345432080,76726800288376475972691,76726.80028837649,3.4037166383147037e-22,26.115628674619643,0,26.115628674619643,2937.9648962057377,1783555200
sAMM-cbETH/WETH,0.00033080770728393836,0x9E8bfEB5c73F3f897BebdB49CC4161FecE0B0c55,0x00Aa4579C145FeA0b1EE133D6f792b7edEe1A6F4,0x2Ae3F1Ec7F1F5012CFEab0185bfc7aa3cf0DEc22,0x4200000000000000000000000000000000000006,0x940181a94A35A4569E4529A3CDfB74e38FD98631,18,18,18,0,0,0.0,0.0,0,15419318512733,2302121743826077108062,2302.121743826077,1.5086111810463637e-24,0.0034730066028659727,0,0.0034730066028659727,662861.3207721328,1783555200
vAMM-AERO/DOG,0.0006773861211560506,0x656D48D3F337c6b3cD2ED8471B135fF54b1F96Ad,0xDcC24121BAe131F952B09A08E65b95642F093794,0x940181a94A35A4569E4529A3CDfB74e38FD98631,0x9E53e88dCff56d3062510A745952DEC4cEFDff9E,0x940181a94A35A4569E4529A3CDfB74e38FD98631,18,18,18,218568564320540811217,865831685336253096697868,218.56856432054082,865831.6853362531,866050253900573637509085,0,4713993308326597849420,4713.993308326598,0.0,0,0,0,nan,0
vAMM-tBTC/T,1.2799965871901594e-05,0xfd8aA87c97D32345BFe4F753ACf25729008331C9,0x76BB14cc51d409987Ea34a158Ba51643F81BB82e,0x236aa50979D5f3De3Bd1Eeb40E81137F22ab794b,0x26f3901aC8a79c50fb0d8289C74f0d09AdC42E29,0x940181a94A35A4569E4529A3CDfB74e38FD98631,18,18,18,202228607926042,1691107696452862592381,0.000202228607926042,1691.1076964528627,1691107898681470518423,0,89076158460371774978,89.07615846037179,0.0,0,0,0,nan,0
vAMM-cbETH/AERO,6.50449164288723e-08,0x325a5FC7a92d3166ffabe7233c992143CF5EDd2c,0x93c2EE357213Fa873A49Ad8d453007417D7aE399,0x2Ae3F1Ec7F1F5012CFEab0185bfc7aa3cf0DEc22,0x940181a94A35A4569E4529A3CDfB74e38FD98631,0x940181a94A35A4569E4529A3CDfB74e38FD98631,18,18,18,779463550205358,3331291532920666749,0.000779463550205358,3.331291532920667,3332070996470872107,0,452653650864703704,0.45265365086470366,0.0,0,0,0,nan,0
vAMM-AERO/TAROT,0.07389208879827572,0x7810F8f3253ced11e8c56C6C8497f3134055D44C,0x65B4A4b9813E37DA640bbEf8AbDD8E47100bE5f8,0x940181a94A35A4569E4529A3CDfB74e38FD98631,0xF544251D25f3d243A36B07e7E7962a678f952691,0x940181a94A35A4569E4529A3CDfB74e38FD98631,18,18,18,1279237056669851009,3695162671213615295,1.279237056669851,3.695162671213615,4974399727883466304,3444207112955689,514221950014092312476074,514221.9500140923,5.922167528083902e-22,304.5308534601441,0,304.5308534601441,1688.570941733468,1783555200
vAMM-WETH/XEN,1.1944937901564318e-06,0xC95582235D8905Ea7dAC517286bEc72F653fa24B,0x50793B917AE25Ab859F67406f271eEb05C7521FA,0x4200000000000000000000000000000000000006,0x981D41C115a2d48Cb1215D13Bda8f989d407c9c5,0x940181a94A35A4569E4529A3CDfB74e38FD98631,18,18,18,50063031597013371,4774851740866471786456536,0.05006303159701337,4774851.740866472,4774851790929503383469907,0,8312593892572402034,8.312593892572401,0.0,0,0,0,nan,0
vAMM-tBTC/USDC,0.000173934093827935,0x323121CD6F6274c9aeB9f87e0664C8FDa5d343A5,0x434a8eEA016357bE462Eb6adE1b99F9f9F5Ff2c3,0x236aa50979D5f3De3Bd1Eeb40E81137F22ab794b,0x833589fCD6eDb6E08f4c7C32D4f71b54bdA02913,0x940181a94A35A4569E4529A3CDfB74e38FD98631,18,18,6,0,0,0.0,0.0,0,8107263325199,1210423610385499739423,1210.4236103854996,5.365879893232294e-23,0.06494987713261192,0,0.06494987713261192,18636.27252002506,1783555200
vAMM-WETH/JARVIS,0.015793758285060112,0xeff0891e5a1bd47a8F1e77ABebfEE4145974D088,0xf460124c6146800c6C061A6fC40C14677523BC90,0x4200000000000000000000000000000000000006,0x777b2839832982B35213063d850848369390EE16,0x940181a94A35A4569E4529A3CDfB74e38FD98631,18,18,18,0,0,0.0,0.0,0,736164799514311,109910239586898145433288,109910.23958689814,0.0,0,0,0,nan,1783555200
vAMM-cbETH/USDC,3.628673344335419e-05,0xa1d2ee6212D4375F154393E59895A5D27859C4e4,0x1a3FD3c084E5680655768b41Da653ca6e84b5981,0x2Ae3F1Ec7F1F5012CFEab0185bfc7aa3cf0DEc22,0x833589fCD6eDb6E08f4c7C32D4f71b54bdA02913,0x940181a94A35A4569E4529A3CDfB74e38FD98631,18,18,6,33141833889840636,91375276,0.033141833889840634,91.375276,33141833981215912,0,252522768463389149031,252.52276846338916,0.0,0,0,0,nan,0
sAMM-USDC/MAI,0.22437491848996613,0x2a1463CeBE85315224c536AfD389b381B43F3206,0x9280df579CeA690cAf5c31601cb71564Bb6FA6B7,0x833589fCD6eDb6E08f4c7C32D4f71b54bdA02913,0xbf1aeA8670D2528E08334083616dD9C5F3B087aE,0x940181a94A35A4569E4529A3CDfB74e38FD98631,18,6,18,26437,0,0.026437,0.0,26437,10458505133990496,1561446022119431104079403,1561446.022119431,1.4467390806936353e-22,225.90049825937996,0,225.90049825937996,6912.096405943168,1783555200
vAMM-MST/WETH,3.856797857179095e-06,0x52E9cC1aD755347BDF666ddf6Ad88EdfFe76fe68,0x44283e26C3610f7a6f93fe37ab80aA6Fca57839E,0x2F3b1A07E3eFb1fCc64BD09b86bD0Fa885D93552,0x4200000000000000000000000000000000000006,0x940181a94A35A4569E4529A3CDfB74e38FD98631,18,18,18,2080870484642075729318,2759089940768719,2080.8704846420756,0.002759089940768719,2080873243732016498037,0,26839816645907110505,26.839816645907113,0.0,0,0,0,nan,0
vAMM-oBMX/USDC,7.916525615169661e-07,0xA8D5DB293917EA106A5fc4dA5A25340e8b428966,0x432146f6A9E1297C88268a1E67ddBFAC804bE6C2,0x3Ff7AB26F2dfD482C40bDaDfC0e88D01BFf79713,0x833589fCD6eDb6E08f4c7C32D4f71b54bdA02913,0x940181a94A35A4569E4529A3CDfB74e38FD98631,18,18,6,9026808799603607845,5599020,9.026808799603607,5.59902,9026808799609206865,0,5509184143220550715,5.50918414322055,0.0,0,0,0,nan,0
sAMM-eUSD/USDbC,1.455045929603184e-06,0x5BfB340FA9305abB164Fb0248D0D82FC3D82C3bb,0x1457Da0dcBe22249408BB2D1e24Bd2f1484d7620,0xCfA3Ef56d303AE4fAabA0592388F19d7C3399FB4,0xd9aAEc86B65D86f6A7B5B1b0c42FFA531710b6CA,0x940181a94A35A4569E4529A3CDfB74e38FD98631,18,18,6,10844485848737833373,11322191,10.844485848737833,11.322191,10844485848749155564,0,10125800575528955765,10.125800575528956,0.0,0,0,0,nan,0
vAMM-hyUSD/eUSD,0.0004669961893959004,0xb5E331615FdbA7DF49e05CdEACEb14Acdd5091c3,0x025137c819298654162de2609f407514De4bb027,0xCc7FF230365bD730eE4B352cC2492CEdAC49383e,0xCfA3Ef56d303AE4fAabA0592388F19d7C3399FB4,0x940181a94A35A4569E4529A3CDfB74e38FD98631,18,18,18,0,10825299979906,0.0,1.0825299979906e-05,10825299979906,21764337217958,3249870115539540364340,3249.8701155395406,3.4563123513504644e-25,0.0011232566220624074,0,0.0011232566220624074,2893257.0275637154,1783555200
sAMM-LUSD/USDbC,2.5661639357493068e-06,0x8c7D15fCB443e07C5dc980901A6281f96D87C10F,0xe69e310cE7dBC2F43A8671e140d435c0128a725E,0x368181499736d0c0CC614DBB145E2EC1AC86b8c6,0xd9aAEc86B65D86f6A7B5B1b0c42FFA531710b6CA,0x940181a94A35A4569E4529A3CDfB74e38FD98631,18,18,6,5441714700977576335,4922744,5.441714700977577,4.922744,5441714700982499079,0,17858174597002851894,17.85817459700285,0.0,0,0,0,nan,0
vAMM-WETH/VELA,0.00034266602749517236,0x951FdfA193D92C74c9e35Ea8C8C757CBCBB85147,0xA0eBBC0F5AdCc34E7ca3Ea5BaC654C00817B8F0B,0x4200000000000000000000000000000000000006,0x5A76A56ad937335168b30dF3AA1327277421C6Ae,0x940181a94A35A4569E4529A3CDfB74e38FD98631,18,18,18,7004981010222193,3990369460777238283705,0.007004981010222193,3990.369460777238,3990376465758248505898,0,2384644902151715785546,2384.644902151716,0.0,0,0,0,nan,0
vAMM-WETH/OVN,2.282052335760464e-09,0xBE0aBf47Dd240d84941024433724004F0C92CDe5,0xc641c66daB86250414628aB98848A4762d288650,0x4200000000000000000000000000000000000006,0xA3d1a8DEB97B111454B294E2324EfAD13a9d8396,0x940181a94A35A4569E4529A3CDfB74e38FD98631,18,18,18,2130946886771852,7532650357630029804,0.002130946886771852,7.53265035763003,7534781304516801656,0,15881015426868585,0.015881015426868584,0.0,0,0,0,nan,0
sAMM-WETH/USDC,0.0005088773443410031,0x3548029694fbB241D45FB24Ba0cd9c9d4E745f16,0xaeBA79D1108788E5754Eb30aaC64EB868a3247FC,0x4200000000000000000000000000000000000006,0x833589fCD6eDb6E08f4c7C32D4f71b54bdA02913,0x940181a94A35A4569E4529A3CDfB74e38FD98631,18,18,6,0,0,0.0,0.0,0,24017571038941,3541324985945309917959,3541.32498594531,1.5873765097035718e-21,5.621416095915917,0,5.621416095915917,629.9702647021915,1783555200
vAMM-SEAM/WETH,3.135012106442003e-05,0x1B00a1aFE48aDB8D8C76b854da22a70011446481,0x8362A202E02f1B5DD75d86E9B6A4Ddf3FbAe37E4,0x1C7a460413dD4e964f96D8dFC56E7223cE88CD85,0x4200000000000000000000000000000000000006,0x940181a94A35A4569E4529A3CDfB74e38FD98631,18,18,18,318673949963472437956,24841545576998938,318.6739499634724,0.024841545576998938,318698791509049436894,0,218168421668709422546,218.16842166870944,0.0,0,0,0,nan,0
vAMM-SEAM/USDC,8.98862780518227e-05,0xB0d931138BF96501654f2268Cdd84420151fF52e,0xfbE95C0DcE6a5A9D61068281523A1DA37F332bd3,0x1C7a460413dD4e964f96D8dFC56E7223cE88CD85,0x833589fCD6eDb6E08f4c7C32D4f71b54bdA02913,0x940181a94A35A4569E4529A3CDfB74e38FD98631,18,18,6,0,0,0.0,0.0,0,4189146102706,625527007437848407628,625.5270074378484,3.9828311036506244e-20,24.91368421396958,0,24.91368421396958,25.10776816730716,1783555200
vAMM-SEAM/USDbC,3.374125614726314e-05,0x42e8dC1b1891C103291Ec01D903451E729DaAACc,0xf2669b18Eb18052A6fa7aA87294C629e3B158c1D,0x1C7a460413dD4e964f96D8dFC56E7223cE88CD85,0xd9aAEc86B65D86f6A7B5B1b0c42FFA531710b6CA,0x940181a94A35A4569E4529A3CDfB74e38FD98631,18,18,6,0,0,0.0,0.0,0,1572525384696,234808554124612940562,234.80855412461293,3.809642023915294e-21,0.8945365353679143,0,0.8945365353679143,262.4918545423507,1783555200
sAMM-DOLA/USDC,0.0038065543506078533,0xf213F2D02837012dC0236cC105061e121bB03e37,0xCCff5627cd544b4cBb7d048139C1A6b6Bde67885,0x4621b7A9c75199271F773Ebd9A499dbd165c3191,0x833589fCD6eDb6E08f4c7C32D4f71b54bdA02913,0x940181a94A35A4569E4529A3CDfB74e38FD98631,18,18,6,0,0,0.0,0.0,0,177406060949046,26490167389203289235761,26490.16738920329,4.601548587139229e-24,0.12189579232287007,0,0.12189579232287007,217318.14432968912,1783555200
sAMM-eUSD/USDC,0.045486036979460506,0x7A034374C89C463DD65D8C9BCfe63BcBCED41f4F,0x793F22aB88dC91793E5Ce6ADbd7E733B0BD4733e,0x833589fCD6eDb6E08f4c7C32D4f71b54bdA02913,0xCfA3Ef56d303AE4fAabA0592388F19d7C3399FB4,0x940181a94A35A4569E4529A3CDfB74e38FD98631,18,6,18,0,0,0.0,0.0,0,2119895817964669,316541581303046089382413,316541.5813030461,5.7377431609308176e-24,1.816234293271779,0,1.816234293271779,174284.5526459175,1783555200
sAMM-LUSD/USDC,0.00027299620655378624,0xf53B7Af40BE75043eeBa493C622F4f56b3C27A31,0xA8C37a644bDf3297C6E19A48150aF3b7069294FC,0x368181499736d0c0CC614DBB145E2EC1AC86b8c6,0x833589fCD6eDb6E08f4c7C32D4f71b54bdA02913,0x940181a94A35A4569E4529A3CDfB74e38FD98631,18,18,6,44784505095559752368,44632931,44.78450509555975,44.632931,44784505095604385299,0,1899806108659005806540,1899.8061086590058,0.0,0,0,0,nan,0
vAMM-USDC/YFX,2.5301679980175987e-05,0x8f24dD646e2ae3615767EbdCCc6691C54C41793F,0x32cD891Fa6c52BD324b9ef1B35F2e6E948eEEaf3,0x833589fCD6eDb6E08f4c7C32D4f71b54bdA02913,0x8901cB2e82CC95c01e42206F8d1F417FE53e7Af0,0x940181a94A35A4569E4529A3CDfB74e38FD98631,18,6,18,2720295250,651051296109147174661,2720.29525,651.0512961091472,651051296111867469911,0,176076755030671500000,176.07675503067148,0.0,0,0,0,nan,0
vAMM-EXTRA/USDC,1.7202796550790115e-06,0x68B41faC96b9A6E6dC6219D13834BdE39c22424d,0xA7A488EdcE2cd50255068B7ECE4Db4C8e6E9a010,0x2dAD3a13ef0C6366220f989157009e501e7938F8,0x833589fCD6eDb6E08f4c7C32D4f71b54bdA02913,0x940181a94A35A4569E4529A3CDfB74e38FD98631,18,18,6,18410784160241262992,665313,18.410784160241263,0.665313,18410784160241928305,0,11971586853083275271,11.971586853083275,0.0,0,0,0,nan,0
vAMM-USDC/MTA,8.040886431042804e-05,0x1307f36BC34081401497A873522570AebA4CdE90,0x350545d8d440FfabaC5f38dC2b6a917a0DfDDbB5,0x833589fCD6eDb6E08f4c7C32D4f71b54bdA02913,0xba7D47f471ADD16875e765edEe0858C3413A56Fd,0x940181a94A35A4569E4529A3CDfB74e38FD98631,18,6,18,10576669,493648187455178665685,10.576669,493.6481874551787,493648187455189242354,0,559572799694515075401,559.5727996945151,0.0,0,0,0,nan,0
sAMM-USDC/USD+,1.9710212342464137e-06,0x418457Ca08fA5EC77f811B105F2c585cd051Ac10,0x9701A079C6e80D91CE4c464C4a996237A27FE537,0x833589fCD6eDb6E08f4c7C32D4f71b54bdA02913,0xB79DD08EA68A908A97220C76d19A6aA9cBDE4376,0x940181a94A35A4569E4529A3CDfB74e38FD98631,18,6,6,0,0,0.0,0.0,0,91860270735,13716520930411499323,13.7165209304115,0.0,0,0,0,nan,1783555200
vAMM-SNX/USDC,0.001182207339756762,0xcC79bfA7a3212d94390c358E88afcD39294549ca,0xe8cDa9cD77E847a283766E7122452c9155fd094f,0x22e6966B799c4D5B13BE962E1D117b56327FDa66,0x833589fCD6eDb6E08f4c7C32D4f71b54bdA02913,0x940181a94A35A4569E4529A3CDfB74e38FD98631,18,18,6,0,874,0.0,0.000874,874,55104739939282,8227091336263329085356,8227.09133626333,5.935653082809326e-22,4.883316005264533,0,4.883316005264533,1684.7345794116106,1783555200
vAMM-USDC/WELL,4.7265477022393285e-08,0x790027573FD4ccD0132e04c194E7a963c2521f1d,0x83a7D55b902Db2069c7c776856d864a8C381A392,0x833589fCD6eDb6E08f4c7C32D4f71b54bdA02913,0xFF8adeC2221f9f4D8dfbAFa6B9a297d17603493D,0x940181a94A35A4569E4529A3CDfB74e38FD98631,18,6,18,126379852,4779029207857148734776,126.379852,4779.029207857148,4779029207857275114628,0,328924870822822185,0.32892487082282224,0.0,0,0,0,nan,0
sAMM-USDC/AERO,0.0002600772063774371,0x861Ee8B9F7e42eDCF4f1B5614c6595F71A879f3f,0x63f85D5D213A83F3C0C76E3A26Cdcaca34aBE784,0x833589fCD6eDb6E08f4c7C32D4f71b54bdA02913,0x940181a94A35A4569E4529A3CDfB74e38FD98631,0x940181a94A35A4569E4529A3CDfB74e38FD98631,18,6,18,24837829698,27658927830143969872883,24837.829698,27658.92783014397,27658927830168807702581,0,1809901579352078398691,1809.9015793520782,0.0,0,0,0,nan,0
sAMM-WETH/wstETH,6.021583069678254e-09,0x29BBb5F85F01702Ec85D217CEEb2d9657700cF04,0xc3A4ADA162B989326326db7aec07000bEA6Bb69c,0x4200000000000000000000000000000000000006,0xc1CBa3fCea344f92D9239c08C0568f6F2F0ee452,0x940181a94A35A4569E4529A3CDfB74e38FD98631,18,18,18,0,0,0.0,0.0,0,280676458,41904759205210768,0.041904759205210765,0.0,0,0,0,nan,0
vAMM-WETH/DEGEN,0.012132389542018014,0x2C4909355b0C036840819484c3A882A95659aBf3,0x86A1260AB9f758026Ce1a5830BdfF66DBcF736d5,0x4200000000000000000000000000000000000006,0x4ed4E862860beD51a9570b96d89aF5E1B0Efefed,0x940181a94A35A4569E4529A3CDfB74e38FD98631,18,18,18,0,0,0.0,0.0,0,587504307834892,84430432406082775740304,84430.43240608278,6.490800203377804e-22,54.802106783267796,0,54.802106783267796,1540.642091370493,1783555200
vAMM-TYBG/WETH,0.02577663827071595,0x20000FbfeDFD172821821C9c59284129B04ffB2e,0xa1D8F6a8EC2236A9919eB7E990Bb27791C139a37,0x0d97F261b1e88845184f678e2d1e7a98D9FD38dE,0x4200000000000000000000000000000000000006,0x940181a94A35A4569E4529A3CDfB74e38FD98631,18,18,18,0,0,0.0,0.0,0,1201505856392995,179382034152007115234563,179382.0341520071,4.0383319179402485e-22,72.44041940210981,0,72.44041940210981,2476.269955813959,1783555200
vAMM-WETH/NPC,0.002958335048525614,0x5E14319D52c9C18a04BFBBE12dd3a0FE3C1A816a,0xd1D3cbD443443d6cfee567C5A85B94Df633CdCAB,0x4200000000000000000000000000000000000006,0xB166E8B140D35D9D8226E40C09f757BAC5A4d87d,0x940181a94A35A4569E4529A3CDfB74e38FD98631,18,18,18,11328656355639,116406809080707347752,1.1328656355639e-05,116.40680908070735,116406820409363703391,137894509309007,20587330013106545648845,20587.330013106548,9.186605969532063e-21,189.1276887951312,0,189.1276887951312,108.85412994925012,1783555200
vAMM-SEAM/AERO,0.000693439337472042,0xB77d96D27E0D3C0C04d02771d564A6E242992af0,0x0C6612326e1b28Ad3F20C62F8aef1dB88e0C293c,0x1C7a460413dD4e964f96D8dFC56E7223cE88CD85,0x940181a94A35A4569E4529A3CDfB74e38FD98631,0x940181a94A35A4569E4529A3CDfB74e38FD98631,18,18,18,689824575960351876841,201273514485424397581,689.8245759603519,201.27351448542439,891098090445776274422,0,4825709140593066127251,4825.709140593067,0.0,0,0,0,nan,0
sAMM-WETH/AERO,0.00024127246007241425,0x80aBe24A3ef1fc593aC5Da960F232ca23B2069d0,0x3d2a91023E9C815Ba14335cd9650AE9A518b6D63,0x4200000000000000000000000000000000000006,0x940181a94A35A4569E4529A3CDfB74e38FD98631,0x940181a94A35A4569E4529A3CDfB74e38FD98631,18,18,18,747267220892727497,2244001181430367902671,0.7472672208927275,2244.001181430368,2244748448651260630168,0,1679037592804240923328,1679.0375928042408,0.0,0,0,0,nan,0
sAMM-USDC+/USD+,1.583002560008468e-06,0xE96c788E66a97Cf455f46C5b27786191fD3bC50B,0x526b3D92fF55263dd24E3e14ccD0f5c2Dab81d3b,0x85483696Cc9970Ad9EdD786b2C5ef735F38D156f,0xB79DD08EA68A908A97220C76d19A6aA9cBDE4376,0x940181a94A35A4569E4529A3CDfB74e38FD98631,18,6,6,45743240,55791055,45.74324,55.791055,101534295,0,11016262722077086342,11.016262722077085,0.0,0,0,0,nan,0
vAMM-wBaseDOGE/WETH,0.0009511948419326174,0x9D933f0AF9dc01A6f9e5D2e6dcB25B6D0837EA81,0x67d128F56EBacE1341f17e0BD20e0653034F7cCb,0x373504DA48418C67E6FCD071F33Cb0b3B47613C7,0x4200000000000000000000000000000000000006,0x940181a94A35A4569E4529A3CDfB74e38FD98631,18,18,18,530951839736670145516967649,29551160675948334,530951839.73667014,0.029551160675948335,530951839766221306192915983,0,6619453779378755117457,6619.453779378755,0.0,0,0,0,nan,0
sAMM-MAI/eUSD,1.9017735593457405e-06,0x413d78628d688edcdE29518199A3A3DB955068EC,0x2cC76EF706B2fC694F86c633b880a6dde81687F1,0xbf1aeA8670D2528E08334083616dD9C5F3B087aE,0xCfA3Ef56d303AE4fAabA0592388F19d7C3399FB4,0x940181a94A35A4569E4529A3CDfB74e38FD98631,18,18,18,1374469884041072496096,717870855044705564167,1374.4698840410724,717.8708550447055,2092340739085778060263,0,13234619890659094483,13.234619890659095,0.0,0,0,0,nan,0
vAMM-WETH/TKN,0.005879742666415383,0x1a9f461a371559f82976fa18C46A6A0d29f131d0,0xe157D5a0C9a533ebbdEaDb43633ce76d61816778,0x4200000000000000000000000000000000000006,0x78b3C724A2F663D11373C4a1978689271895256f,0x940181a94A35A4569E4529A3CDfB74e38FD98631,18,18,18,4483321458349,0,4.483321458349e-06,0.0,4483321458349,274067749781307,40917678586123970027304,40917.67858612397,8.595057417956116e-22,35.1689796857209,0,35.1689796857209,1163.459359690697,1783555200
vAMM-WETH/TOSHI,6.10356933354128e-05,0x081E4455d91726212D1fa9AfFeE80637D1f7bE8E,0x3356d4D0D25B033d28f566c9D62d4D8112F4BC29,0x4200000000000000000000000000000000000006,0xAC1Bd2486aAf3B5C0fc3Fd868558b082a531B2B4,0x940181a94A35A4569E4529A3CDfB74e38FD98631,18,18,18,27698531735829008,145633022847626359088765,0.027698531735829007,145633.02284762636,145633050546158094917773,0,424753092757752782095,424.75309275775277,0.0,0,0,0,nan,0
vAMM-WETH/BETS,1.6627275943904015e-07,0xb7A0B6322834014F95841e643Dffa7Bb9b9Dc0ED,0xCa311e2460EaB52b3f2008B5cDeF0486556Bafb3,0x4200000000000000000000000000000000000006,0x94025780a1aB58868D9B2dBBB775f44b32e8E6e5,0x940181a94A35A4569E4529A3CDfB74e38FD98631,18,18,18,27484252377818123,693135025913747830452170,0.027484252377818125,693135.0259137478,693135053398000208270293,0,1157107668540593198,1.1571076685405932,0.0,0,0,0,nan,0
vAMM-AERO/ZOOMER,0.001070544205228123,0x45D8c7BF5be7c99D39cDC724f60497BD79546458,0xaCF2c5e2c6e54b0AE44DaeF6C12136bCEab88d07,0x940181a94A35A4569E4529A3CDfB74e38FD98631,0xD1dB4851bcF5B41442cAA32025Ce0Afe6B8EabC2,0x940181a94A35A4569E4529A3CDfB74e38FD98631,18,18,18,88992013665639026497,40711173057342913557853538,88.99201366563902,40711173.05734292,40711262049356579196880035,0,7450017149894643817725,7450.017149894644,0.0,0,0,0,nan,0
vAMM-suUSD/eMTRG,5.4242433374322075e-06,0x70fAaFB3c7990771F6724C00F2574437bf805A9f,0x68b896E8B47f3d7a2399376D76706204B0B6e32E,0x8BF591Eae535f93a242D5A954d3Cde648b48A5A8,0xa023E6f6B4862EA38cbe45e377abD908abAb2f82,0x940181a94A35A4569E4529A3CDfB74e38FD98631,18,18,18,1711645209101034178,16267927902979325426,1.7116452091010341,16.267927902979327,17979573112080359604,0,37747816196399443400,37.74781619639944,0.0,0,0,0,nan,0
vAMM-WETH/MET,0.4646682771802851,0xF91E0Dfe1265B914182De54E08C9CA2068bedDDE,0x4aCfd43DaD13c5312FD0021C837167d294d7fCF9,0x4200000000000000000000000000000000000006,0x93dc5Cb35627A759848c7A7F0079EA7b49E435a5,0x940181a94A35A4569E4529A3CDfB74e38FD98631,18,18,18,362609392295724,5707724627698057902,0.000362609392295724,5.707724627698058,5708087237090353626,21659426265581361,3233669956923868997638903,3233669.956923869,6.48375048120493e-23,209.66309139263058,0,209.66309139263058,15423.172173247507,1783555200
vAMM-WETH/DOG,0.0004013013824945003,0xa01fd0F24a2E6fEf6b2ed7573Cb6F59164D396E0,0x040a3f6bc2d8DCD26879d29CaF6Bc4581d6477aA,0x4200000000000000000000000000000000000006,0xAfb89a09D82FBDE58f18Ac6437B3fC81724e4dF6,0x940181a94A35A4569E4529A3CDfB74e38FD98631,18,18,18,0,0,0.0,0.0,0,18705726496244,2792693816154354762287,2792.693816154355,3.307296676184611e-21,9.236266975768615,0,9.236266975768615,302.3617467404308,1783555200
vAMM-WETH/DHT,0.0014496124763163493,0x688b0380360C84135769D4F75d70038119846a8E,0xF42c2da9E11AE1B272c0F4DFd03ab40D06aA709E,0x4200000000000000000000000000000000000006,0x54BC229d1cB15F8B6415EfEab4290a40bc8b7D84,0x940181a94A35A4569E4529A3CDfB74e38FD98631,18,18,18,0,0,0.0,0.0,0,67570299257288,10087988666434137852445,10087.988666434137,8.124851809487595e-24,0.08196341297056775,0,0.08196341297056775,123079.16789722549,1783555200
vAMM-WETH/WELS,0.00031408576617001136,0xCaedc2561356B6a01a94E3C0438011459E91FBb9,0xdE41799DE5fB357f501dd9386ACee424E816f7a6,0x4200000000000000000000000000000000000006,0x7F62ac1e974D65Fab4A81821CA6AF659A5F46298,0x940181a94A35A4569E4529A3CDfB74e38FD98631,18,18,18,0,0,0.0,0.0,0,14640374278850,2185752193208839526034,2185.7521932088393,1.4308986628518296e-21,3.1275898905879824,0,3.1275898905879824,698.8615098758747,1783555200
vAMM-WETH/axlOP,0.047879746725561396,0x6a071315B5Ae7da81CA56901ff13893F84776c7B,0xf2B43787C9F841B69567Df52DD6669F4D6De293f,0x4200000000000000000000000000000000000006,0x994ac01750047B9d35431a7Ae4Ed312ee955E030,0x940181a94A35A4569E4529A3CDfB74e38FD98631,18,18,18,11487640833839929,59926771041658886991,0.01148764083383993,59.92677104165889,59938258682492726920,0,333199631081122755627915,333199.6310811228,0.0,0,0,0,nan,0
vAMM-WETH/bsdETH,0.04509320721218364,0x6B87B8663eE63191887F18225F79D9eEb2DE0d34,0x25F30f8be46a9dc4A02eAF5a70c48bcB47A11807,0x4200000000000000000000000000000000000006,0xCb327b99fF831bF8223cCEd12B1338FF3aA322Ff,0x940181a94A35A4569E4529A3CDfB74e38FD98631,18,18,18,0,0,0.0,0.0,0,2101935371708773,313807842248732001853151,313807.842248732,4.104388800220465e-25,0.1287989393147046,0,0.1287989393147046,2436416.3549668724,1783555200
vAMM-WETH/L2VE,0.00024261086752973236,0x253Da544f498b85429F6ACDc6E98B36b36c1C824,0x3d9E2D8AF6FF16a62217c8a559Ee5987c72acb86,0x4200000000000000000000000000000000000006,0xA19328fb05ce6FD204D16c2a2A98F7CF434c12F4,0x940181a94A35A4569E4529A3CDfB74e38FD98631,18,18,18,82403591087056780,1662747731936640916352837,0.08240359108705678,1662747.7319366408,1662747814340232003409617,0,1688351695353086434746,1688.3516953530864,0.0,0,0,0,nan,0
vAMM-AERO/BASED,4.487034851737331e-07,0x4b1aFCB3F6b525030c9B548839a0E66c058d9B3F,0xB14FAFC5194250477156b6bE22f7b41E95cC0F81,0x940181a94A35A4569E4529A3CDfB74e38FD98631,0xBa5E6fa2f33f3955f0cef50c63dCC84861eAb663,0x940181a94A35A4569E4529A3CDfB74e38FD98631,18,18,18,1629900590039226565,90189158394916593150,1.6299005900392265,90.18915839491659,91819058984955819715,0,3122569477688666806,3.1225694776886668,0.0,0,0,0,nan,0
vAMM-GB/WETH,5.429923173031622e-05,0x284ddaDA0B71F2D0D4e395B69b1013dBf6f3e6C1,0x83FC503345Dcde6197b2BD8eaa82ccb4b737Be40,0x2aF864fb54b55900Cd58d19c7102d9e4FA8D84a3,0x4200000000000000000000000000000000000006,0x940181a94A35A4569E4529A3CDfB74e38FD98631,18,18,18,1034664621564124792160286,647772976083669542,1034664.6215641248,0.6477729760836696,1034665269337100875829828,0,377873427030281022205,377.87342703028105,0.0,0,0,0,nan,0
vAMM-BMX/USDC,0.004756198847598581,0x2F48C208d7Bd2b4Ff6Da005A9427eF38F035b2d8,0x7062ADe77b3b2894cBc5bCa78d5E784214B1A390,0x548f93779fBC992010C07467cBaf329DD5F059B7,0x833589fCD6eDb6E08f4c7C32D4f71b54bdA02913,0x940181a94A35A4569E4529A3CDfB74e38FD98631,18,18,6,0,0,0.0,0.0,0,221701298503930,33098832173275806706490,33098.832173275805,1.4182202823034822e-21,46.9414351086988,0,46.9414351086988,705.1090810630586,1783555200
vAMM-WETH/doginme,0.03284231877931082,0x139E9f235588A9720e7Eab045da29dC781c4b658,0x666c383e4EAb3328660A85d1C41FFDce9D85D8eE,0x4200000000000000000000000000000000000006,0x6921B130D297cc43754afba22e5EAc0FBf8Db75b,0x940181a94A35A4569E4529A3CDfB74e38FD98631,18,18,18,1440993009641975,13842650029937982081944,0.001440993009641975,13842.650029937982,13842651470930991723919,1545537729532397,228552764989311600821137,228552.7649893116,1.824198108318751e-21,416.9255215445223,0,416.9255215445223,548.1860744399287,1783555200
vAMM-DEGEN/USDC,1.9430557386063683e-06,0x637ad8d2611d3efE2ef41fdBb40b9F21AbAF9585,0xF2478BEB6030CbA9069cD471c6C653B34dD7c093,0x4ed4E862860beD51a9570b96d89aF5E1B0Efefed,0x833589fCD6eDb6E08f4c7C32D4f71b54bdA02913,0x940181a94A35A4569E4529A3CDfB74e38FD98631,18,18,6,238362168908046386260761,448074759,238362.16890804638,448.074759,238362168908046834335520,0,13521906433311636055,13.521906433311635,0.0,0,0,0,nan,0
vAMM-AERO/TOSHI,0.0017921790894934138,0x4660Ff55A4Db144734AE76550Ee3093e0BA7F8D1,0xDA58433E3eE06c5CCC27D9E2794aC9CE54576A2c,0x940181a94A35A4569E4529A3CDfB74e38FD98631,0xAC1Bd2486aAf3B5C0fc3Fd868558b082a531B2B4,0x940181a94A35A4569E4529A3CDfB74e38FD98631,18,18,18,0,0,0.0,0.0,0,83539070594765,12471941735057418816140,12471.941735057419,2.645571313346679e-21,32.99541127599912,0,32.99541127599912,377.9901887184391,1783555200
vAMM-WETH/FARM,5.419813496132375e-05,0x5A5Fb78963938B4855BF257b186e1c4daFC9f482,0x47B8a299407Ee3b2B1cd9D98846E1D67c8817a20,0x4200000000000000000000000000000000000006,0xD08a2917653d4E460893203471f0000826fb4034,0x940181a94A35A4569E4529A3CDfB74e38FD98631,18,18,18,137245963620241486,24136158324900820398,0.1372459636202415,24.13615832490082,24273404288521061884,0,377169885168941075875,377.16988516894105,0.0,0,0,0,nan,0
vAMM-WELS/AERO,0.00010505271650827235,0x90359da9715411B828769ab9343Fa2732F726E19,0xb4F1CD310453F86ecF52554b6bCBAb543667a446,0x7F62ac1e974D65Fab4A81821CA6AF659A5F46298,0x940181a94A35A4569E4529A3CDfB74e38FD98631,0x940181a94A35A4569E4529A3CDfB74e38FD98631,18,18,18,86745067538431318306161,169279675798532811102,86745.06753843132,169.27967579853282,86914347214229851117263,0,731071669724161374416,731.0716697241613,0.0,0,0,0,nan,0
vAMM-HPC/WETH,1.998171512006483e-08,0xd07B4d7CeA966B6E8087C8be3347E4B790679785,0x77ABe39cd429eA55b0fb065B74ca3e3B3c7C13DA,0x1f3BA804eFB9CFe17D595e7262CEA4782dbF6e4E,0x4200000000000000000000000000000000000006,0x940181a94A35A4569E4529A3CDfB74e38FD98631,18,18,18,895746382976389679188309,205567607481335045,895746.3829763897,0.20556760748133504,895746588543997160523354,0,139054622501151690,0.1390546225011517,0.0,0,0,0,nan,0
sAMM-hyUSD/eUSD,1.4360821680143845e-07,0x145AdA46F76eC16B80d8E0B17D6A03fcdc9610E5,0xb2dd7F23Bcb81637C22f8eA5004AaEE29e6056E9,0xCc7FF230365bD730eE4B352cC2492CEdAC49383e,0xCfA3Ef56d303AE4fAabA0592388F19d7C3399FB4,0x940181a94A35A4569E4529A3CDfB74e38FD98631,18,18,18,6552420383890326109,7170445198692149794,6.552420383890326,7.17044519869215,13722865582582475903,0,999382998676381155,0.9993829986763811,0.0,0,0,0,nan,0
vAMM-GROW/WETH,3.317127552490947e-05,0xDa74029240F657a7be372906290300dBb8F1BcCd,0x8c021a56b951b22491Aa74404275732281367ba5,0x321725ee44CB4bfA544CF45a5A585b925d30A58C,0x4200000000000000000000000000000000000006,0x940181a94A35A4569E4529A3CDfB74e38FD98631,18,18,18,245259256647194322568,30827336288433333,245.25925664719432,0.030827336288433333,245290083983482755901,0,230842005717826175057,230.84200571782617,0.0,0,0,0,nan,0
vAMM-KWENTA/WETH,5.4398401923754664e-05,0xc91cE85Da7FB4523926a2930e930A8B52a7B85B2,0xc7D62524C372125830A234f0E197C335d0F973FE,0x37Ab9F42051C112CAAba55AB6487dd74286A0B29,0x4200000000000000000000000000000000000006,0x940181a94A35A4569E4529A3CDfB74e38FD98631,18,18,18,94209703541959521,72740055945466,0.09420970354195952,7.2740055945466e-05,94282443597904987,0,378563561672331858655,378.5635616723319,0.0,0,0,0,nan,0
vAMM-USDC/DOG,5.144557591500931e-06,0x1bA78f0373178F4d7996267D005eCbc29e14c99F,0xc3ef893d3E8F7521525fE138505262AE8B3D99BA,0x833589fCD6eDb6E08f4c7C32D4f71b54bdA02913,0x9E53e88dCff56d3062510A745952DEC4cEFDff9E,0x940181a94A35A4569E4529A3CDfB74e38FD98631,18,6,18,1605973,11160983149497868722379,1.605973,11160.983149497868,11160983149497870328352,0,35801456958179031303,35.80145695817903,0.0,0,0,0,nan,0
vAMM-wBaseDOGE/DOG,2.0271570946290523e-09,0x2d9Fef5A2EF3A66b8b458C547F8D6F4af4C413Ad,0xA53FdF59E0Ecd1adC7e41c161b54aE3D32B2f0a5,0x373504DA48418C67E6FCD071F33Cb0b3B47613C7,0xAfb89a09D82FBDE58f18Ac6437B3fC81724e4dF6,0x940181a94A35A4569E4529A3CDfB74e38FD98631,18,18,18,265049724023703167596204,54294675846295320050,265049.7240237032,54.29467584629532,265104018699549462916254,0,14107175627837684,0.014107175627837684,0.0,0,0,0,nan,0
sAMM-USDC/STAR,0.0025290056948462994,0xF45F6cDBcd0D2D4Bf4d9758b032a66A2cf4e55C8,0xc115982d35fe4304274FEEf5b351256342BB6C2e,0x833589fCD6eDb6E08f4c7C32D4f71b54bdA02913,0xC19669A405067927865B40Ea045a2baabbbe57f5,0x940181a94A35A4569E4529A3CDfB74e38FD98631,18,6,18,0,0,0.0,0.0,0,117890321257883,17599586926698913502598,17599.586926698914,1.1582010397107758e-21,20.383859876982857,0,20.383859876982857,863.4079626190965,1783555200
vAMM-WETH/VITA,6.006650332742773e-07,0x152f55611636A3E6273D1367F6E0360aBad7D319,0xB193Cf7E7820655F1837CcBB0fe3c96Db90faF1f,0x4200000000000000000000000000000000000006,0x490a4B510d0Ea9f835D2dF29Eb73b4FcA5071937,0x940181a94A35A4569E4529A3CDfB74e38FD98631,18,18,18,7957332269247952,35325514497878414104,0.007957332269247951,35.325514497878416,35333471830147662056,0,4180084089364464670,4.180084089364465,0.0,0,0,0,nan,0
vAMM-WETH/SPX,0.08118642875835248,0xe96a4E9EA3a2C6Db214174738a19Eb7Dbb8A3069,0xCC38E1fc0f8BD866143f672D9E4340f05D262543,0x4200000000000000000000000000000000000006,0x50dA645f148798F68EF2d7dB7C1CB22A6819bb2C,0x940181a94A35A4569E4529A3CDfB74e38FD98631,18,18,8,8157716515787,6620985505,8.157716515787e-06,66.20985505,8164337501292,3784528515537465,564983943338930055880214,564983.9433389301,0.0,0,0,0,nan,0
sAMM-DEGEN/DOG,4.894507889235457e-06,0x56EA567EfCf632E3427D84E3D70c7DE24377AfB8,0xf6B598c9E06322571901eEe8F33AB39B10a58904,0x4ed4E862860beD51a9570b96d89aF5E1B0Efefed,0xAfb89a09D82FBDE58f18Ac6437B3fC81724e4dF6,0x940181a94A35A4569E4529A3CDfB74e38FD98631,18,18,18,171708373823190952724,278737928637163780411,171.70837382319095,278.7379286371638,450446302460354733135,0,34061337716856462873,34.061337716856464,0.0,0,0,0,nan,0
vAMM-TYBG/wBLT,4.785917946278501e-06,0x1AFc638D3d53F0993096350403B5845bE7c77f43,0x89C56c18a1d9DBA342028C00C3e1bE3A96507E4b,0x0d97F261b1e88845184f678e2d1e7a98D9FD38dE,0x4E74D4Db6c0726ccded4656d0BCE448876BB4C7A,0x940181a94A35A4569E4529A3CDfB74e38FD98631,18,18,18,1356521912118785298026642,44542608972255568244,1356521.9121187853,44.54260897225557,1356566454727757553594886,0,33305650157777091712,33.305650157777094,0.0,0,0,0,nan,0
vAMM-MAVIA/WETH,0.011203036994144076,0xC90E88d30b99442B6994915F3b146cE3D55982D9,0x3d0f8DF262c1AE46b4af8381f769F7F2872A0d5d,0x24fcFC492C1393274B6bcd568ac9e225BEc93584,0x4200000000000000000000000000000000000006,0x940181a94A35A4569E4529A3CDfB74e38FD98631,18,18,18,0,0,0.0,0.0,0,522232762462746,77962981191881155198784,77962.98119188116,1.4266421737807094e-21,111.2252769620099,0,111.2252769620099,700.9466132281261,1783555200
vAMM-WETH/TOWER,0.0017846702176796785,0xAaCE080ea9CE5e7942Ea826d311b6170BdfCf73B,0xb00ec5Ccd55b47d92e29496ca322B1F64a5c24B5,0x4200000000000000000000000000000000000006,0xf7C1CEfCf7E1dd8161e00099facD3E1Db9e528ee,0x940181a94A35A4569E4529A3CDfB74e38FD98631,18,18,18,0,0,0.0,0.0,0,83192910846497,12419686794518303583345,12419.686794518304,2.385924551326852e-21,29.632435642831112,0,29.632435642831112,419.124736967849,1783555200
vAMM-WETH/WAMPL,1.3107192432029941e-05,0xfa4d06CA791C0316baD2d97910ac391cF9a71BD2,0x93964594cEcbe653273BEA3eae3bdB8D6d720fA5,0x4200000000000000000000000000000000000006,0x489fe42C267fe0366B16b0c39e7AEEf977E841eF,0x940181a94A35A4569E4529A3CDfB74e38FD98631,18,18,18,711443094257545,53387122638380267,0.000711443094257545,0.05338712263838027,54098565732637812,0,91214176797850489099,91.21417679785048,0.0,0,0,0,nan,0
vAMM-WETH/TN100x,0.043317185882711634,0x8f5F1D63599362115e7F9fe71BFD5ab883D82c82,0x931143b901A1c81bA1657cF0F2AcD126F75ca4Fd,0x4200000000000000000000000000000000000006,0x5B5dee44552546ECEA05EDeA01DCD7Be7aa6144A,0x940181a94A35A4569E4529A3CDfB74e38FD98631,18,18,18,0,0,0.0,0.0,0,2019242965765917,301448343875355026472614,301448.343875355,1.6435009951923092e-22,49.54306531582194,0,49.54306531582194,6084.571916447109,1783555200
sAMM-USDC/USX,0.0035383191151588866,0x1f019b4420936a800fF6f54c00d9da05445DE433,0x62b2Da7b10dde762B3b020AAEe409786b548684C,0x833589fCD6eDb6E08f4c7C32D4f71b54bdA02913,0xc142171B138DB17a1B7Cb999C44526094a4dae05,0x940181a94A35A4569E4529A3CDfB74e38FD98631,18,6,18,0,0,0.0,0.0,0,164941390715349,24623493323301455731959,24623.493323301456,0.0,0.0,0,0.0,nan,1783555200
vAMM-USDC/SPOT,1.4491255427251845e-05,0xa43455d99Eb63473cFA186b388c1BC2EA1B63924,0xD90C0E9728fe44905384C89d867Ba095e2Dc3E2e,0x833589fCD6eDb6E08f4c7C32D4f71b54bdA02913,0x8f2E6758C4D6570344bd5007DEc6301cd57590A0,0x940181a94A35A4569E4529A3CDfB74e38FD98631,18,6,9,79383290,86826745550,79.38329,86.82674555,86906128840,0,100846000500768479001,100.84600050076847,0.0,0,0,0,nan,0
sAMM-BRETT/AERO,0.00018076521639936904,0xFfa80952B3800240F11AD25E45e8d3E5C1593E70,0xCab96B63cB77Eb0f771D09197860cE159F197Cc6,0x532f27101965dd16442E59d40670FaF5eBB142E4,0x940181a94A35A4569E4529A3CDfB74e38FD98631,0x940181a94A35A4569E4529A3CDfB74e38FD98631,18,18,18,0,0,0.0,0.0,0,8426505698181,1257962030622309533330,1257.9620306223096,1.9431110307521922e-21,2.444359897969637,0,2.444359897969637,514.6386306154069,1783555200
vAMM-WETH/CHAD,0.0009506112753336058,0x17Cf4aBb54a9D18c90FA0e36B8669aB0f4936f2e,0x346C6cfaC949E9d7FCA69cFf0a882c06e86C9245,0x4200000000000000000000000000000000000006,0xecaF81Eb42cd30014EB44130b89Bcd6d4Ad98B92,0x940181a94A35A4569E4529A3CDfB74e38FD98631,18,18,18,355605003648986519,55662341054908640961549076,0.3556050036489865,55662341.05490864,55662341410513644610535595,0,6615392684891008078635,6615.392684891008,0.0,0,0,0,nan,0
vAMM-fBOMB/wstETH,0.007202283024912299,0xBd1F3d188de7eE07B1b323C0D26D6720CAfB8780,0x56b13a025EE67FE7645cd4c09033673e3Cb207Ba,0x74ccbe53F77b08632ce0CB91D3A545bF6B8E0979,0xc1CBa3fCea344f92D9239c08C0568f6F2F0ee452,0x940181a94A35A4569E4529A3CDfB74e38FD98631,18,18,18,0,0,0.0,0.0,0,335739807459748,50121360511738858558722,50121.36051173886,3.535383528927496e-21,177.19823240063857,0,177.19823240063857,282.8547431467394,1783555200
vAMM-WETH/WELL,0.017448672016079622,0x89D0F320ac73dd7d9513FFC5bc58D1161452a657,0x7b6964440b615aC1d31bc95681B133E112fB2684,0x4200000000000000000000000000000000000006,0xA88594D404727625A9437C3f886C7643872296AE,0x940181a94A35A4569E4529A3CDfB74e38FD98631,18,18,18,0,0,0.0,0.0,0,813382875493185,121426938867021990990362,121426.93886702199,2.745173866422232e-21,333.33805925739875,0,333.33805925739875,364.2756519838555,1783555200
vAMM-RSR/bsdETH,0.00040936558296972097,0x95F04B5594e2a944CA91d56933D119841eeF9a99,0x190351cf2a6e2ac19A528b283E0748eD0652799d,0xaB36452DbAC151bE02b16Ca17d8919826072f64a,0xCb327b99fF831bF8223cCEd12B1338FF3aA322Ff,0x940181a94A35A4569E4529A3CDfB74e38FD98631,18,18,18,0,487492151459821,0.0,0.000487492151459821,487492151459821,19083072044208,2848813340735575125860,2848.8133407355754,2.2283981717069737e-21,6.348290440029592,0,6.348290440029592,448.7528363182917,1783555200
vAMM-WETH/SEXY,0.016240573947142744,0x862a9D8443BbF74CF86bC05aFC8e05c63319DC1e,0x2F1c1492F6057808C3fd16eef67E0237FBAeBF4B,0x4200000000000000000000000000000000000006,0xD1917629B3E6A72E6772Aab5dBe58Eb7FA3C2F33,0x940181a94A35A4569E4529A3CDfB74e38FD98631,18,18,18,0,0,0.0,0.0,0,757074008089094,113019671527308133496771,113019.67152730814,1.6142674009660582e-23,1.824439714144253,0,1.824439714144253,61947.60542160179,1783555200
vAMM-TKN/AERO,0.03072031094570647,0xd88b9f7185f404015B665e070A5EF03a7e26661F,0x82FDF8F646c6dcF7966734146486114f60C7Def5,0x78b3C724A2F663D11373C4a1978689271895256f,0x940181a94A35A4569E4529A3CDfB74e38FD98631,0x940181a94A35A4569E4529A3CDfB74e38FD98631,18,18,18,0,0,0.0,0.0,0,1432064470941991,213785514206617899397079,213785.5142066179,2.194908761914335e-22,46.92396983024672,0,46.92396983024672,4555.998032136103,1783555200
vAMM-AERO/USD+,0.00031399089039145853,0x267d950110D9ED57999c3451b89C35a9D278C074,0x45D3ef9d20f9eA644aB9bc706e630311050de370,0x940181a94A35A4569E4529A3CDfB74e38FD98631,0xB79DD08EA68A908A97220C76d19A6aA9cBDE4376,0x940181a94A35A4569E4529A3CDfB74e38FD98631,18,18,6,37122749088748151301,29411433,37.12274908874815,29.411433,37122749088777562734,0,2185091943801223861701,2185.091943801224,0.0,0,0,0,nan,0
vAMM-WETH/PRIME,0.0006190401358395278,0xB21b821EC1bB22d0241AE425e07e14d1CCea4AeD,0x2C477011BB6dF2828Da8367Bae4C5bA7381C0240,0x4200000000000000000000000000000000000006,0xfA980cEd6895AC314E7dE34Ef1bFAE90a5AdD21b,0x940181a94A35A4569E4529A3CDfB74e38FD98631,18,18,18,17711614290390901,20085572824096780672,0.0177116142903909,20.08557282409678,20103284438387171573,0,4307958144983698775490,4307.958144983699,0.0,0,0,0,nan,0
vAMM-USDC/sFRAX,1.5366928288793744e-06,0xf0e08Fa759B9C3099B0Dd63f73f79984AEb6254f,0x29b1f2295031d7e98CCD428fAcc65Ef30821771e,0x833589fCD6eDb6E08f4c7C32D4f71b54bdA02913,0xe4796cCB6bB5DE2290C417Ac337F2b66CA2E770E,0x940181a94A35A4569E4529A3CDfB74e38FD98631,18,6,18,31689480,28808278039575673974,31.68948,28.808278039575676,28808278039607363454,0,10693988976225330758,10.69398897622533,0.0,0,0,0,nan,0
vAMM-FXS/USDC,3.489397512522272e-06,0xa2D4414421e5531E727d532ef018109f59d22340,0x9a27275AE67A5E19630B2D096D4989992028A154,0x23432452B720C80553458496D4D9d7C5003280d0,0x833589fCD6eDb6E08f4c7C32D4f71b54bdA02913,0x940181a94A35A4569E4529A3CDfB74e38FD98631,18,18,6,1929664981788553088,3621975,1.9296649817885532,3.621975,1929664981792175063,0,24283043319590076243,24.283043319590078,0.0,0,0,0,nan,0
vAMM-sfrxETH/FXS,6.31654691039092e-11,0x1bDEb67E8B0D700b7717C7F3a7341859B7Dac784,0x8B207A66E66e08CC1CE51bc38d1dFe3d8Cb36322,0x1f55a02A049033E3419a8E2975cF3F572F4e6E9A,0x23432452B720C80553458496D4D9d7C5003280d0,0x940181a94A35A4569E4529A3CDfB74e38FD98631,18,18,18,3648955623809982,9614577538663694121,0.003648955623809982,9.614577538663694,9618226494287504103,0,439574401325153,0.000439574401325153,0.0,0,0,0,nan,0
vAMM-WETH/QI,0.014412356085001308,0x06709C364dd4E2f5b0c10b1eBf80B2Ce483dbdC5,0xdd1fd2BeEE67A3adA2277fc44aA69C5C0d753449,0x4200000000000000000000000000000000000006,0xD3FDCb837DAfdb7C9C3eBD48FE22a53F6Dd3d7D7,0x940181a94A35A4569E4529A3CDfB74e38FD98631,18,18,18,35439498848490,0,3.543949884849e-05,0.0,35439498848490,671849420026121,100296932606130112487359,100296.93260613011,7.926968068599405e-24,0.7950505821472599,0,0.7950505821472599,126151.63721438925,1783555200
vAMM-sfrxETH/AERO,7.34595598888498e-06,0xE25bc9133D26F62C9FA03b6750f3F3Ba57E9eB44,0xEab862191A4d917D2D16E2FAF0859448Ff5BEdB7,0x1f55a02A049033E3419a8E2975cF3F572F4e6E9A,0x940181a94A35A4569E4529A3CDfB74e38FD98631,0x940181a94A35A4569E4529A3CDfB74e38FD98631,18,18,18,7228157097469927,31013298052718452769,0.007228157097469927,31.013298052718454,31020526209815922696,0,51121194092029528727,51.121194092029526,0.0,0,0,0,nan,0
vAMM-BAVA/AERO,8.632881763307686e-05,0xD3c2fa602B8da5b0b9c25dFBE7F2f31Bb512dB13,0xE3Da183CDBbd0F01867605C632F1E275e7eD6E3D,0x3fbdE9864362CE4Abb244EbeF2EF0482ABA8eA39,0x940181a94A35A4569E4529A3CDfB74e38FD98631,0x940181a94A35A4569E4529A3CDfB74e38FD98631,18,18,18,4689826163757056003227614,2756481884255263765499,4689826.163757056,2756.4818842552636,4692582645641311266993113,0,600770307994428256912,600.7703079944282,0.0,0,0,0,nan,0
vAMM-Mog/WETH,0.0014595878594723753,0x4A311ac4563abc30E71D0631C88A6232C1309ac5,0x8FCc385d8d7f3A2e087853a79531630Bf96575e8,0x2Da56AcB9Ea78330f947bD57C54119Debda7AF71,0x4200000000000000000000000000000000000006,0x940181a94A35A4569E4529A3CDfB74e38FD98631,18,18,18,7788921680992452669449255805,505921250567112989,7788921680.992453,0.505921250567113,7788921681498373920016368794,0,10157408289861389706971,10157.40828986139,0.0,0,0,0,nan,0
vAMM-VIRTUAL/WETH,0.8053399500261569,0x21594b992F68495dD28d605834b58889d0a727c7,0xBD62Cad65b49b4Ad9C7aa9b8bDB89d63221F7af5,0x0b3e328455c4059EEb9e3f84b5543F74E24e7E1b,0x4200000000000000000000000000000000000006,0x940181a94A35A4569E4529A3CDfB74e38FD98631,18,18,18,13667839472604872763,7590716184546092,13.667839472604873,0.007590716184546092,13675430188789418855,37706456405125765,5604435958729667513387161,5604435.958729668,1.7816840656098594e-21,9985.334244399564,0,9985.334244399564,561.2667359505773,1783555200
vAMM-HIGHER/WETH,0.0019182509437474635,0xcEdF590857aE7Fbd4A342Ce9Ee9CA111570A1ca2,0x8Ee017223529FC20FA5B8D6f1D048003A424D9CC,0x0578d8A44db98B23BF096A382e016e29a5Ce0ffe,0x4200000000000000000000000000000000000006,0x940181a94A35A4569E4529A3CDfB74e38FD98631,18,18,18,54600865086327203971096,6664337466320176,54600.865086327205,0.006664337466320176,54600871750664670291272,0,13349287548266080198429,13349.287548266082,0.0,0,0,0,nan,0
vAMM-BRETT/AERO,0.004494709045579863,0x43BBb129b56A998732767725A183b7a566843dBA,0x80c6eF2039c429d905D125Bba5FD99125646aee9,0x532f27101965dd16442E59d40670FaF5eBB142E4,0x940181a94A35A4569E4529A3CDfB74e38FD98631,0x940181a94A35A4569E4529A3CDfB74e38FD98631,18,18,18,0,0,0.0,0.0,0,209528380615861,31279100208870952535135,31279.10020887095,2.7185389502366335e-21,85.0334522461705,0,85.0334522461705,367.84464681403796,1783555200
vAMM-WETH/LUCHA,0.02527736444593662,0x0D4953d2BDe145D316296CC72cCE509D899a5529,0xd3011443522E904092232CD7C73586D0b1b61418,0x4200000000000000000000000000000000000006,0xF4435cC8b478d54313F04c956882BE3D9aCf9F6F,0x940181a94A35A4569E4529A3CDfB74e38FD98631,18,18,18,0,0,0.0,0.0,0,1178346625974046,175907540955991070706232,175907.54095599108,2.1966379235749376e-26,0.003864051755067415,0,0.003864051755067415,45524116.16260095,1783555200
vAMM-USD+/sFRAX,6.590237181552124e-08,0xbB38EeBd670A9F3cafe6D3170862ccD930cB25f9,0xEc4288995734ca01eAfC97588658F37515823502,0xB79DD08EA68A908A97220C76d19A6aA9cBDE4376,0xe4796cCB6bB5DE2290C417Ac337F2b66CA2E770E,0x940181a94A35A4569E4529A3CDfB74e38FD98631,18,6,18,70379626,57233540611606279087,70.379626,57.23354061160628,57233540611676658713,0,458620763016268660,0.4586207630162687,0.0,0,0,0,nan,0
vAMM-WELS/USDC,0.0004167836607414634,0xfEA9E8a7daEf9497ffF3e3501eD504984f96aa33,0xE4be724E22FeFeB2969f53865222E58c496ef5d7,0x7F62ac1e974D65Fab4A81821CA6AF659A5F46298,0x833589fCD6eDb6E08f4c7C32D4f71b54bdA02913,0x940181a94A35A4569E4529A3CDfB74e38FD98631,18,18,6,31709959857605864914147,46045936,31709.959857605863,46.045936,31709959857605910960083,0,2900436437053169395503,2900.4364370531694,0.0,0,0,0,nan,0
vAMM-DEGEN/TKN,0.003936042091721381,0xc01162ED99a018D02b8a12f4712B0b9b87a9852F,0x519b415fBC1007d3871BD9F7F679d0593a459888,0x4ed4E862860beD51a9570b96d89aF5E1B0Efefed,0x78b3C724A2F663D11373C4a1978689271895256f,0x940181a94A35A4569E4529A3CDfB74e38FD98631,18,18,18,0,0,0.0,0.0,0,183485186060103,27391284678228581007478,27391.28467822858,4.18629700101585e-22,11.466805290243972,0,11.466805290243972,2388.7459484058086,1783555200
vAMM-ANIME/WETH,0.000763466822974247,0xeB956b77D455e33b41bBE6052dBE4388dCfD729B,0x93a7ddBd64f0835f99b6D248Ce058Fd90C68666c,0x0e0c9756a3290cD782CF4aB73ac24D25291c9564,0x4200000000000000000000000000000000000006,0x940181a94A35A4569E4529A3CDfB74e38FD98631,18,18,18,11560506838918292196516787,46068650514133973,11560506.838918293,0.046068650514133974,11560506884986942710650760,0,5313036955182708443626,5313.036955182708,0.0,0,0,0,nan,0
vAMM-ezETH/WETH,1.2393041888116952e-06,0x0C8bF3cb3E1f951B284EF14aa95444be86a33E2f,0x6318373c5a01224094BF0B1AC88562345B2Fb91E,0x2416092f143378750bb29b79eD961ab195CcEea5,0x4200000000000000000000000000000000000006,0x940181a94A35A4569E4529A3CDfB74e38FD98631,18,18,18,0,0,0.0,0.0,0,57772811081,8624433643649463225,8.624433643649462,2.7791783739961525e-20,0.2396883947039543,0,0.2396883947039543,35.98185742076389,1783555200
sAMM-ezETH/WETH,7.36868362832077e-05,0x497139e8435E01555AC1e3740fccab7AFf149e02,0x4Fa58b3Bec8cE12014c7775a0B3da7e6AdC3c7eA,0x2416092f143378750bb29b79eD961ab195CcEea5,0x4200000000000000000000000000000000000006,0x940181a94A35A4569E4529A3CDfB74e38FD98631,18,18,18,0,0,0.0,0.0,0,3435069218904,512793578584077489399,512.7935785840775,1.9756710967153423e-20,10.131114517897895,0,10.131114517897895,50.61571238565735,1783555200
vAMM-USDC/WELL,8.787247877489974e-07,0x81A8c12738F7346094526ECC2487a63f45dD1935,0x47C84ff870c7EeA60420EC8c98B7FBa9D37b478B,0x833589fCD6eDb6E08f4c7C32D4f71b54bdA02913,0xA88594D404727625A9437C3f886C7643872296AE,0x940181a94A35A4569E4529A3CDfB74e38FD98631,18,6,18,75508226,3141262533796303276602,75.508226,3141.262533796303,3141262533796378784828,0,6115127901115079251,6.11512790111508,0.0,0,0,0,nan,0
vAMM-BITCOIN/WETH,0.00014617215332176056,0xaa46e69d85c79bb3EfFe0902c1Ad69f712b5b382,0x7d7bb62DB5614b191E154DB763F8e6daABDFa55b,0x2a06A17CBC6d0032Cac2c6696DA90f29D39a1a29,0x4200000000000000000000000000000000000006,0x940181a94A35A4569E4529A3CDfB74e38FD98631,18,8,18,0,0,0.0,0.0,0,6814127052582,1017225672481308634142,1017.2256724813087,8.545079588905633e-22,0.8692274331230837,0,0.8692274331230837,1170.2641146822482,1783555200
vAMM-REGEN/WETH,0.0003041515048218827,0x11D9944cB1886F5Ca08673C0B61b4d159946AcDa,0x4C73598c779cBED9002a52Ac14C3490d3d876DE7,0x1D653f09f216682eDE4549455D6Cf45f93C730cf,0x4200000000000000000000000000000000000006,0x940181a94A35A4569E4529A3CDfB74e38FD98631,18,18,18,20786243621498424227000,9664596199677838,20786.243621498423,0.009664596199677838,20786253286094623904838,0,2116618740284938021674,2116.618740284938,0.0,0,0,0,nan,0
vAMM-AERO/WELL,0.001400635768124466,0xCd401DE1cBAa0d770eE5FB70ff622c752C92B8c5,0x57c198edE5e375a273935f5ED8B4D22fE836f080,0x940181a94A35A4569E4529A3CDfB74e38FD98631,0xA88594D404727625A9437C3f886C7643872296AE,0x940181a94A35A4569E4529A3CDfB74e38FD98631,18,18,18,0,0,0.0,0.0,0,65293627147862,9747155178014886935081,9747.155178014887,3.084397132262493e-21,30.06409747878663,0,30.06409747878663,324.2124658786956,1783555200
vAMM-WETH/BENJI,4.163262880398872e-08,0x9409dBe9d0aE5961A28cf395786Bddc0911eFBec,0x9E5AE7b0CeB4b8E5e2Bb986e63147b912072d2Be,0x4200000000000000000000000000000000000006,0xBC45647eA894030a4E9801Ec03479739FA2485F0,0x940181a94A35A4569E4529A3CDfB74e38FD98631,18,18,18,40730903290985,21304356450529744048,4.0730903290985e-05,21.304356450529745,21304397181433035033,0,289725353768853210,0.28972535376885317,0.0,0,0,0,nan,0
vAMM-LUSD/POOL,0.0010642031253814928,0x0b15b1d434f86eCaa83d14398C8Db6d162F3921e,0x5b41A91Cc14496E7fcc381595Dc2680EF71B6462,0x368181499736d0c0CC614DBB145E2EC1AC86b8c6,0xd652C5425aea2Afd5fb142e120FeCf79e18fafc3,0x940181a94A35A4569E4529A3CDfB74e38FD98631,18,18,18,0,0,0.0,0.0,0,49610757518395,7405888982766619682927,7405.88898276662,7.91648670115662e-23,0.5862862164231427,0,0.5862862164231427,12631.866101081145,1783555200
vAMM-AERO/OVN,4.852215807553582e-05,0x4704f9Cf735b58ea442E387ACca6717311597322,0x365f5413BBC783D1fff1cAe9D3Bd9A16eA698D19,0x940181a94A35A4569E4529A3CDfB74e38FD98631,0xA3d1a8DEB97B111454B294E2324EfAD13a9d8396,0x940181a94A35A4569E4529A3CDfB74e38FD98631,18,18,18,567163841102003251405,417039963726192474545,567.1638411020033,417.03996372619247,984203804828195725950,0,337670231688947804211,337.6702316889478,0.0,0,0,0,nan,0
sAMM-USDA/USDC,1.8408674294702445e-05,0xE503312E932a3647AeAC8b00A8Bd1d04E6A73C08,0x93c10Fb12B2EA0D558929914236A45355B03F1F7,0x0000206329b97DB379d5E1Bf586BbDB969C63274,0x833589fCD6eDb6E08f4c7C32D4f71b54bdA02913,0x940181a94A35A4569E4529A3CDfB74e38FD98631,18,18,6,23410972023667173560,19691710,23.410972023667174,19.69171,23410972023686865270,0,128107684421245941394,128.10768442124595,0.0,0,0,0,nan,0
vAMM-GENOME/WETH,0.0016970419029955217,0x963ceee215e5b0B1dCB221C3bA398De66abC73D9,0xa4F335B6ee0f8e34F31d4C8b702080196252dAc3,0x1db0c569ebb4a8b57AC01833B9792F526305e062,0x4200000000000000000000000000000000000006,0x940181a94A35A4569E4529A3CDfB74e38FD98631,18,18,18,0,4796281685148,0.0,4.796281685148e-06,4796281685148,79112278793473,11809873165127615016996,11809.873165127614,2.6134487301947335e-21,30.864498027163624,0,30.864498027163624,382.63616517378085,1783555200
vAMM-WETH/BUIDL,4.706443815791141e-05,0x6eB0f4B90EeB237f6ee6d5D8d69C15810b81fa05,0x136805463D527bA9c507fF7640e9cF84f0328278,0x4200000000000000000000000000000000000006,0xdADc4F8E9d8d37294de0E02A2Ce8Cc0c90A4F6c2,0x940181a94A35A4569E4529A3CDfB74e38FD98631,18,18,18,93805376262925078,77924891483900931903879,0.09380537626292508,77924.89148390094,77924985289277194828957,0,327525822580936522456,327.52582258093656,0.0,0,0,0,nan,0
vAMM-VIRTUAL/AERO,0.017256437782790766,0x8B49c7eC53Cb4CA3666bB16727FC5C5F6d12226f,0x57538a02972c01440113cC7A7Ff8F1d954d01239,0x0b3e328455c4059EEb9e3f84b5543F74E24e7E1b,0x940181a94A35A4569E4529A3CDfB74e38FD98631,0x940181a94A35A4569E4529A3CDfB74e38FD98631,18,18,18,1589788861818906956,0,1.5897888618189069,0.0,1589788861818906956,804278794890399,120089162876264424582597,120089.16287626442,2.99834143709602e-21,360.0683131980767,0,360.0683131980767,333.5177200394258,1783555200
vAMM-tBTC/AERO,1.4329772088114387e-07,0x5E19947708Ed0686ecE3BE487126b2c1c5378641,0x80Cdc20a68ff14f5f3b642786977F09a0fb11b64,0x236aa50979D5f3De3Bd1Eeb40E81137F22ab794b,0x940181a94A35A4569E4529A3CDfB74e38FD98631,0x940181a94A35A4569E4529A3CDfB74e38FD98631,18,18,18,71820413006065,9273842610780153692,7.1820413006065e-05,9.273842610780154,9273914431193159757,0,997222228556034548,0.9972222285560346,0.0,0,0,0,nan,0
vAMM-PRE/USDC,0.0005254227469456596,0x8a24D81C24f125341b46a52de3e4CF0e0C7E7F72,0x6169fA980Ab79355F7da28B13d08de0182131b13,0x3816dD4bd44c8830c2FA020A5605bAC72FA3De7A,0x833589fCD6eDb6E08f4c7C32D4f71b54bdA02913,0x940181a94A35A4569E4529A3CDfB74e38FD98631,18,18,6,0,0,0.0,0.0,0,24494027382249,3656465988581755143287,3656.465988581755,7.647023191206512e-21,27.961080212542527,0,27.961080212542527,130.76984010587583,1783555200
vAMM-KWENTA/AERO,1.114043613975588e-06,0xBaDA36C1e87109546eCEFcD3bB16A58B2Da0B0eA,0xa7c66862208D8cD6bC993BbaAd64De42F8746247,0x37Ab9F42051C112CAAba55AB6487dd74286A0B29,0x940181a94A35A4569E4529A3CDfB74e38FD98631,0x940181a94A35A4569E4529A3CDfB74e38FD98631,18,18,18,41905886436304119,553455243678947970,0.04190588643630412,0.5534552436789479,595361130115252089,0,7752733599711711903,7.752733599711712,0.0,0,0,0,nan,0
sAMM-DEGEN/USDC,6.419270042856583e-08,0x67fBd3c6fFBd29506f3Ca395cB4C6092e5eeFC9C,0xabe274A025D2404aE4669CA4811Ec7F58C8167c1,0x4ed4E862860beD51a9570b96d89aF5E1B0Efefed,0x833589fCD6eDb6E08f4c7C32D4f71b54bdA02913,0x940181a94A35A4569E4529A3CDfB74e38FD98631,18,18,6,0,0,0.0,0.0,0,2992034437,446723000092235295,0.44672300009223526,5.55024360294317e-27,2.47942147354951e-09,0,2.47942147354951e-09,180172271.98275086,1783555200
vAMM-AERO/GHST,4.71024932517388e-08,0x59Da7538Bbea7facC9185b412e0D43da67A84Ab7,0x785369676686874713ca132C2002E7736A36FE44,0x940181a94A35A4569E4529A3CDfB74e38FD98631,0xcD2F22236DD9Dfe2356D7C543161D4d260FD9BcB,0x940181a94A35A4569E4529A3CDfB74e38FD98631,18,18,18,22194986274667388,49890248307436082,0.02219498627466739,0.04989024830743608,72085234582103470,0,327790651534538225,0.32779065153453824,0.0,0,0,0,nan,0
vAMM-WETH/NORMILIO,7.983583034004563e-05,0x7D68c4E183e31971deb223e6F8A064751d0599d0,0xE531DEd40AeA2Fd2ba7476BB6cE30cF9e2cfd2D0,0x4200000000000000000000000000000000000006,0xcDE90558fc317C69580DeeAF3eFC509428Df9080,0x940181a94A35A4569E4529A3CDfB74e38FD98631,18,18,18,368036959684370710,784111785693300970588082,0.3680369596843707,784111.785693301,784112153730260654958792,0,555585002753508385365,555.5850027535083,0.0,0,0,0,nan,0
vAMM-WETH/GHST,0.005328475161536628,0x0DFb9Cb66A18468850d6216fCc691aa20ad1e091,0xe3800a58B5535935850a10e082952Ec3577D8DCc,0x4200000000000000000000000000000000000006,0xcD2F22236DD9Dfe2356D7C543161D4d260FD9BcB,0x940181a94A35A4569E4529A3CDfB74e38FD98631,18,18,18,0,0,0.0,0.0,0,248333354546691,37081356512294980628151,37081.35651229498,4.437090505479805e-21,164.5333349110158,0,164.5333349110158,225.37291019081093,1783555200
vAMM-GNUS/AERO,4.5259124469666265e-08,0x73DdDbe505F9197138785E1ccFa2988705ce4BFD,0x0BF71380275DA393bbf593546D5050bb1deEf779,0x614577036F0a024DBC1C88BA616b394DD65d105a,0x940181a94A35A4569E4529A3CDfB74e38FD98631,0x940181a94A35A4569E4529A3CDfB74e38FD98631,18,18,18,4731572529433561281,7680219429226311592,4.731572529433561,7.6802194292263115,12411791958659872873,0,314962475945941748,0.31496247594594173,0.0,0,0,0,nan,0
vAMM-SOFT/WETH,0.0017859642557063848,0x28495d9ee2F7f0e6b285db0810b9657CE09a5004,0xFdcF81330bb3E101515d924B63E65842342773a5,0x04D1963C76EB1BEc59d0eEb249Ed86F736B82993,0x4200000000000000000000000000000000000006,0x940181a94A35A4569E4529A3CDfB74e38FD98631,18,18,18,40754290229383328421434,29003413318710102,40754.290229383325,0.029003413318710102,40754319232796647131536,0,12428692126053889645212,12428.692126053891,0.0,0,0,0,nan,0
vAMM-AERO/BUIDL,1.643511275823867e-07,0x6F9793007764dC4b6334Bbeba043D33FAaFE2584,0x940c8E211cE94Ad404d31836988D850D0CbACC8F,0x940181a94A35A4569E4529A3CDfB74e38FD98631,0xdADc4F8E9d8d37294de0E02A2Ce8Cc0c90A4F6c2,0x940181a94A35A4569E4529A3CDfB74e38FD98631,18,18,18,393240101949698040,1231141693499401050924,0.39324010194969805,1231.141693499401,1231534933601350748964,0,1143734852903520734,1.1437348529035207,0.0,0,0,0,nan,0
vAMM-WETH/KLIMA,0.00656269568071041,0xB37642E87613d8569Fd8Ec80888eA6c63684E79e,0x44A927DD8f6def04f76B00cece9804BF441dc6b1,0x4200000000000000000000000000000000000006,0xDCEFd8C8fCc492630B943ABcaB3429F12Ea9Fea2,0x940181a94A35A4569E4529A3CDfB74e38FD98631,18,18,9,0,0,0.0,0.0,0,305854176478404,45670412423944317956399,45670.41242394432,3.892128281795671e-21,177.75510383650607,0,177.75510383650607,256.928838825076,1783555200
sAMM-PRO/AERO,5.3812626262582795e-08,0x3e1893753F410F909A40C50857fF6C9eEF2C1D88,0x95Fc882911a36E298C0dEC1e8DDC50b05599c09d,0x18dD5B087bCA9920562aFf7A0199b96B9230438b,0x940181a94A35A4569E4529A3CDfB74e38FD98631,0x940181a94A35A4569E4529A3CDfB74e38FD98631,18,8,18,45330,20446725156401056,0.0004533,0.020446725156401058,20446725156446386,0,374487094114608442,0.37448709411460845,0.0,0,0,0,nan,0
vAMM-VIRTUAL/WAI,0.01214687869102039,0x37E769D2dcF3e3E8dFC37c0Df83EEB56edfC0fD2,0x57E0f09B66baD2f184d30B58973690C15d7f6243,0x0b3e328455c4059EEb9e3f84b5543F74E24e7E1b,0x23471E7250bCD7ee21Df3f39Ed6151931D1E076b,0x940181a94A35A4569E4529A3CDfB74e38FD98631,18,18,18,0,0,0.0,0.0,0,566104756270074,84531263747776012082743,84531.263747776,1.894151026229972e-23,1.6011497997636637,0,1.6011497997636637,52794.1006895502,1783555200
vAMM-USDC/KLIMA,0.002979964323970138,0x958682eC6282BC7E939FA8Ba9397805C214c3A09,0x950aD950D6f07491ef2c150545A6A2AB7AdC03f4,0x833589fCD6eDb6E08f4c7C32D4f71b54bdA02913,0xDCEFd8C8fCc492630B943ABcaB3429F12Ea9Fea2,0x940181a94A35A4569E4529A3CDfB74e38FD98631,18,6,9,0,0,0.0,0.0,0,138881108491001,20737850161844505854205,20737.850161844504,1.397338700158098e-20,289.778005892252,0,289.778005892252,71.56461063354632,1783555200
vAMM-GROW/VITA,1.8931588969964928e-08,0xDaD0D8F40Bf19c295B982dB2d1Ee47eE12DA92f0,0x8AC0f40EF2c222044B857d52508E18f94cA90c45,0x321725ee44CB4bfA544CF45a5A585b925d30A58C,0x490a4B510d0Ea9f835D2dF29Eb73b4FcA5071937,0x940181a94A35A4569E4529A3CDfB74e38FD98631,18,18,18,1077374794319431325695,776323705552947140301,1077.3747943194314,776.3237055529471,1853698499872378465996,0,131746696504644157,0.13174669650464416,0.0,0,0,0,nan,0
vAMM-WETH/wrsETH,1.5945994827912157e-05,0xA24382874A6FD59de45BbccFa160488647514c28,0x2da7789a6371F550caF9054694F5A5A6682903f9,0x4200000000000000000000000000000000000006,0xEDfa23602D0EC14714057867A78d01e94176BEA0,0x940181a94A35A4569E4529A3CDfB74e38FD98631,18,18,18,82974190990414405,108222962020719743,0.0829741909904144,0.10822296202071974,191197153011134148,0,110969667912743631657,110.96966791274363,0.0,0,0,0,nan,0
vAMM-WETH/XCAD,4.516726389125542e-07,0x63b9877618E27081181a59F9Ca52040Ada1332fc,0xC418D71a9c4756c54F414E128Ecc6A2448DEd100,0x4200000000000000000000000000000000000006,0x750cF88d9E0c2BCedEEC31d5FaAd6eD6E3F1abC6,0x940181a94A35A4569E4529A3CDfB74e38FD98631,18,18,18,0,0,0.0,0.0,0,21050392645,3143232095978378102,3.1432320959783784,0.0,0,0,0,nan,1783555200
vAMM-weETH.base/WETH,0.0514867759286367,0x91F0f34916Ca4E2cCe120116774b0e4fA0cdcaA8,0xf8d47b641eD9DF1c924C0F7A6deEEA2803b9CfeF,0x04C0599Ae5A44757c0af6F9eC3b93da8976c150A,0x4200000000000000000000000000000000000006,0x940181a94A35A4569E4529A3CDfB74e38FD98631,18,18,18,0,0,0.0,0.0,0,2399562771777424,358301284326124001013162,358301.28432612395,1.7166739223644756e-23,6.150864711523564,0,6.150864711523564,58252.18097462804,1783555200
vAMM-WETH/SAM,0.08481655226308513,0x598299Fb3f3829F7Ba08662948706cDFf7eC2350,0xf96Bc096dd1E52dcE4d595B6C4B8c5d2200db1E5,0x4200000000000000000000000000000000000006,0xed1779845520339693CDBffec49a74246E7D671b,0x940181a94A35A4569E4529A3CDfB74e38FD98631,18,18,18,0,0,0.0,0.0,0,3952710614985690,590246311986968228553090,590246.3119869683,2.529876003630774e-21,75.10650696025078,1418.1434739671436,1493.2499809273943,395.27628965405466,1783555200
vAMM-BET/USDC,0.00985670364086806,0xF471D220F16Cc9c3400B5BD97d728072A87b9C75,0x34BF49C57c8a6A766c99909a3513258A3dB7E393,0x80F6BcedD3d4fa1035285affA30e38f464Db3895,0x833589fCD6eDb6E08f4c7C32D4f71b54bdA02913,0x940181a94A35A4569E4529A3CDfB74e38FD98631,18,18,6,0,0,0.0,0.0,0,459375804417284,68593721592513054494553,68593.72159251306,6.890620046159291e-22,47.265327304603986,0,47.265327304603986,1451.248208871105,1783555200
sAMM-rgUSD/eUSD,4.550896665360299e-10,0xd7AdbF474E991f4AEbF95C0b095001ce661aAD17,0x1Efd219BFfFf88F89791Bc850b7347F6da67D933,0x8E5E9DF4F0EA39aE5270e79bbABFCc34203A3470,0xCfA3Ef56d303AE4fAabA0592388F19d7C3399FB4,0x940181a94A35A4569E4529A3CDfB74e38FD98631,18,18,18,129442143776180833743,153096003263072075303,129.44214377618084,153.09600326307208,282538147039252909046,0,3167011510478252,0.003167011510478252,0.0,0,0,0,nan,0
sAMM-USDC/rgUSD,6.649972612650415e-10,0xF8CCE695B387424122d59ae2d01fA8CE359CfB00,0xc78a90ed0E25F3bf3f000c18947C683C2351777d,0x833589fCD6eDb6E08f4c7C32D4f71b54bdA02913,0x8E5E9DF4F0EA39aE5270e79bbABFCc34203A3470,0x940181a94A35A4569E4529A3CDfB74e38FD98631,18,6,18,937132,990562339420465040,0.937132,0.990562339420465,990562339421402172,0,4627778074798720,0.00462777807479872,0.0,0,0,0,nan,0
vAMM-MAI/QI,1.1725183194256065e-07,0x1894416A511251CfDD350B80bE256F4D166dCa0e,0x893E887C3b56D5E54Dc1F0dEbA783E96197151aA,0xbf1aeA8670D2528E08334083616dD9C5F3B087aE,0xD3FDCb837DAfdb7C9C3eBD48FE22a53F6Dd3d7D7,0x940181a94A35A4569E4529A3CDfB74e38FD98631,18,18,18,62774414114466249077,542331172382746540605,62.774414114466246,542.3311723827466,605105586497212789682,0,815966453849050413,0.8159664538490504,0.0,0,0,0,nan,0
vAMM-WETH/MASA,1.1814305862299555e-06,0x33c3782446dF290bE025A24A0Ac94562E9A995D6,0x29Ff29c57474857a6F1fB6C5839CF82adA2BB6b5,0x4200000000000000000000000000000000000006,0x944824290CC12F31ae18Ef51216A223Ba4063092,0x940181a94A35A4569E4529A3CDfB74e38FD98631,18,18,18,6124945560048999,3884695705283878995816039,0.006124945560048999,3884695.705283879,3884695711408824555865038,0,8221685835894741508,8.221685835894743,0.0,0,0,0,nan,0
vAMM-WETH/LBM,3.8311928906386545e-06,0x0b8711D0F80Eacb3dE9f653BD554aF3bA654fA1f,0x150db5aF367A67385F78DE9Fc34937fB28F12a65,0x4200000000000000000000000000000000000006,0x56A38E7216304108E841579041249fEb236C887b,0x940181a94A35A4569E4529A3CDfB74e38FD98631,18,18,18,4176797250301572,619254379360454408117,0.004176797250301572,619.2543793604544,619258556157704709689,0,26661629291366144778,26.661629291366147,0.0,0,0,0,nan,0
vAMM-pwBLT/USDC,4.999564556699841e-06,0x9b0025d10E824E7E2b148953009A40B0C0792F30,0xF8Bbe737e94134cfc95e56b7539549C15EC450E1,0x3Dd79d6BD927615787Cc95F2c7A77C9aC1AF26F4,0x833589fCD6eDb6E08f4c7C32D4f71b54bdA02913,0x940181a94A35A4569E4529A3CDfB74e38FD98631,18,18,6,0,0,0.0,0.0,0,233009883836,34792436881653363960,34.792436881653366,0.0,0.0,0,0.0,nan,1783555200
vAMM-weETH/AERO,2.197505747282623e-05,0xc5aDfb267a95df1233a2b5F7f48041E7Fb384BcA,0x0A5f63A1aC754b4418cc5381eE17E04CCad42F56,0x04C0599Ae5A44757c0af6F9eC3b93da8976c150A,0x940181a94A35A4569E4529A3CDfB74e38FD98631,0x940181a94A35A4569E4529A3CDfB74e38FD98631,18,18,18,19133674308840485,69494592375811465791,0.019133674308840484,69.49459237581146,69513726050120306276,0,152926478180870493770,152.92647818087048,0.0,0,0,0,nan,0
vAMM-WETH/ATH,0.0006861156333055195,0x7C36577aEC1d99d9b872b7075bD86C8F1334EcF2,0x39b68a3Fd59F88C31B2110A2550640b92cF42449,0x4200000000000000000000000000000000000006,0x58D75a1c4477914f9a98A8708fEaeD1DbE40b8a3,0x940181a94A35A4569E4529A3CDfB74e38FD98631,18,18,18,0,0,0.0,0.0,0,31977129648458,4774742799011944985259,4774.742799011945,1.1283663936602487e-21,5.38765931277635,0,5.38765931277635,886.2369577989224,1783555200
vAMM-USDC/XSWAP,4.825210829047275e-05,0xCdB55B284257fd5f879598Ba9E4B852bb0C3EDF1,0xAd978Bdbcc8a44dea4d773A8Df9fF7f73dD288d8,0x833589fCD6eDb6E08f4c7C32D4f71b54bdA02913,0x8Fe815417913a93Ea99049FC0718ee1647A2a07c,0x940181a94A35A4569E4529A3CDfB74e38FD98631,18,6,18,60173622,8766375135697326996956,60.173622,8766.375135697326,8766375135697387170578,0,335790930002739958381,335.79093000273997,0.0,0,0,0,nan,0
vAMM-WETH/stTAO,0.00021725752252932008,0x3a1d086839AF6e86f48D96CA6648b48244f91A89,0x21F1f74E4fB3f026F072B65dF81aA0f19Ee6e7d5,0x4200000000000000000000000000000000000006,0x806041B6473DA60abbe1b256d9A2749A151be6C6,0x940181a94A35A4569E4529A3CDfB74e38FD98631,18,18,9,0,0,0.0,0.0,0,10125511834721,1511915398619297663551,1511.9153986192978,1.3826762745969825e-21,2.0904895508687424,0,2.0904895508687424,723.2350900730371,1783555200
vAMM-HBR/USDC,9.200539260134235e-07,0x68cfB52C74827f91E1F664fFeD634F849AEce455,0xce0358DFf7Bcf904f21425f6fee7F8E6115372cd,0x416bd43Bc76D496ff49923c20eCaf86b52Ab078d,0x833589fCD6eDb6E08f4c7C32D4f71b54bdA02913,0x940181a94A35A4569E4529A3CDfB74e38FD98631,18,18,6,112781186277277142188329,25990179,112781.18627727714,25.990179,112781186277277168178508,0,6402741235862643210,6.402741235862644,0.0,0,0,0,nan,0
vAMM-wBLT/BMX,0.062071444119250294,0x61907C8C3E6ef7eD813aCc2fBbBf8C05ac0F31d5,0xeB86878fBF8329b1ED8C40d8f6736Ae7fc965Be8,0x4E74D4Db6c0726ccded4656d0BCE448876BB4C7A,0x548f93779fBC992010C07467cBaf329DD5F059B7,0x940181a94A35A4569E4529A3CDfB74e38FD98631,18,18,18,0,0,0.0,0.0,0,2892960276752099,431960979237285757333169,431960.9792372858,2.279096014284017e-21,984.4805461059191,0,984.4805461059191,438.77045711659156,1783555200
sAMM-zunUSD/USDC,6.50449164288723e-08,0xaeb41e05E27EDa32dB13c5875834a19a2c15F70E,0xCb803c34e058cd828EE8d3732b2fAEA5cb988397,0x6ef3864876424ADE834a7C1BE8C0CF3d71208B84,0x833589fCD6eDb6E08f4c7C32D4f71b54bdA02913,0x940181a94A35A4569E4529A3CDfB74e38FD98631,18,18,6,2138329362374681249,396082,2.138329362374681,0.396082,2138329362375077331,0,452653650864703704,0.45265365086470366,0.0,0,0,0,nan,0
vAMM-pHAM/pwBLT,1.8885273213376022e-05,0x03FF264046b085450649A993Cdd65dCDD01A893e,0x19b05F319aC12296CB073218E912D0816030548F,0x2C8D2FC58B80aCb3b307C165af8F3eE296e6A271,0x3Dd79d6BD927615787Cc95F2c7A77C9aC1AF26F4,0x940181a94A35A4569E4529A3CDfB74e38FD98631,18,18,18,0,0,0.0,0.0,0,880179359151,131424380827054580913,131.4243808270546,0.0,0.0,0,0.0,nan,1783555200
vAMM-WETH/TRUF,2.23885247395203e-06,0xcE2D4E04e3d782EcB8bf2e265f421bA510F4e8F7,0xE81B7a527AA65b714cD44c034dDA915097bb3CdB,0x4200000000000000000000000000000000000006,0xB59c8912c83157a955f9D715E556257F432C35D7,0x940181a94A35A4569E4529A3CDfB74e38FD98631,18,18,18,913983631712107773,49594435398293874490452,0.9139836317121077,49594.43539829388,49595349381925586598225,0,15580383552188237583,15.580383552188238,0.0,0,0,0,nan,0
vAMM-AERO/BENJI,0.000299296424304769,0x0f3027d68FE4E2A56860D7B18b3D80CAe8d716D1,0x2e8300243d49d81684e154821f879A5045e2d132,0x940181a94A35A4569E4529A3CDfB74e38FD98631,0xBC45647eA894030a4E9801Ec03479739FA2485F0,0x940181a94A35A4569E4529A3CDfB74e38FD98631,18,18,18,0,0,0.0,0.0,0,13949204333165,2082831781334551635980,2082.8317813345516,4.300818972206114e-21,8.957882441077496,0,8.957882441077496,232.51385525930377,1783555200
vAMM-WETH/HLSp,5.5783806251734576e-05,0x1536960c83d4f3a55430a9B3B6294843b831171A,0x10b70e962d032b74e2F40a11445F7f769aa4fc0e,0x4200000000000000000000000000000000000006,0xe54b0C7dad72fb102ADE2b1B9F4EEce69408Ab36,0x940181a94A35A4569E4529A3CDfB74e38FD98631,18,18,6,5375449344410574,14209229,0.005375449344410574,14.209229,5375449358619803,0,388204719835239577437,388.20471983523953,0.0,0,0,0,nan,0
sAMM-DOLA/rgUSD,2.80301675826256e-06,0xBA15D0494fE4f0cAECD7730F6D77BeB6DD0feca9,0x7139bFd55643Aa37C875c6D3f4d6663DbFd481f2,0x4621b7A9c75199271F773Ebd9A499dbd165c3191,0x8E5E9DF4F0EA39aE5270e79bbABFCc34203A3470,0x940181a94A35A4569E4529A3CDfB74e38FD98631,18,18,18,262557183549698463,688478893351236029,0.2625571835496985,0.688478893351236,951036076900934492,0,19506455519086473360,19.506455519086472,0.0,0,0,0,nan,0
sAMM-USDz/USDC,0.0008397821115517095,0x6d0b9C9E92a3De30081563c3657B5258b3fFa38B,0xb7E4bBee04285F4B55d0A93b34E5dA95C3a7faf9,0x04D5ddf5f3a8939889F11E97f8c4BB48317F1938,0x833589fCD6eDb6E08f4c7C32D4f71b54bdA02913,0x940181a94A35A4569E4529A3CDfB74e38FD98631,18,18,6,0,0,0.0,0.0,0,39139432743251,5844122178870506857236,5844.122178870507,7.580935064905958e-22,4.430391074939403,0,4.430391074939403,1319.098490408195,1783555200
sAMM-rgUSD/USD3,1.4299591253911936e-07,0xD42cd5b74B6cb892eCdE3cAb2765b6bD57C83346,0x73f294Df4543E5e0B5063C0ceE8339e4295047b3,0x8E5E9DF4F0EA39aE5270e79bbABFCc34203A3470,0xEFb97aaF77993922aC4be4Da8Fbc9A2425322677,0x940181a94A35A4569E4529A3CDfB74e38FD98631,18,18,18,13156629902745990484,28490697899465598056,13.15662990274599,28.490697899465598,41647327802211588540,0,995121916104588705,0.9951219161045887,0.0,0,0,0,nan,0
vAMM-WETH/APX,4.096084960427219e-06,0x898e0DE33B19A3494723f437734C788C2c10Ed04,0x4927B42B4B60148D60ED3b54F21FD2E57176cE83,0x4200000000000000000000000000000000000006,0xcacf1ca03983CE6c7E235fb20C70aCC70ed13509,0x940181a94A35A4569E4529A3CDfB74e38FD98631,18,18,18,602784788741800,55673378932615013060993,0.0006027847887418,55673.378932615014,55673379535399801802793,0,28505037955070384826,28.505037955070385,0.0,0,0,0,nan,0
vAMM-WETH/OX,0.0025152706978221317,0xe140c5930889c4064A3d11b17Bb04fE7224a5CDC,0xD4ECF20068e5fA849Abe62F9523A90F8c073f203,0x4200000000000000000000000000000000000006,0xba0Dda8762C24dA9487f5FA026a9B64b695A07Ea,0x940181a94A35A4569E4529A3CDfB74e38FD98631,18,18,18,0,0,0.0,0.0,0,117229509488578,17504003799085797562746,17504.003799085796,2.6638138028013932e-21,46.62740692429277,0,46.62740692429277,375.4016136369413,1783555200
vAMM-BCT/USDC,0.0001125989309902748,0x77e09a5043820820390904357463BfB739a76104,0xb0FC063ff618F6110ADb3565c4F13B1A3B9527a8,0x576Bca23DcB6d94fF8E537D88b0d3E1bEaD444a2,0x833589fCD6eDb6E08f4c7C32D4f71b54bdA02913,0x940181a94A35A4569E4529A3CDfB74e38FD98631,18,18,6,1763020224969259017561,163150222,1763.020224969259,163.150222,1763020224969422167783,0,783586481380838210312,783.5864813808382,0.0,0,0,0,nan,0
vAMM-BCT/KLIMA,1.4527695412827737e-06,0x6e2f9520919bd95889b27E0B2f735ac7ED149837,0x174F6439F572b1Acca20219F5Ba4c129D86d8f5a,0x576Bca23DcB6d94fF8E537D88b0d3E1bEaD444a2,0xDCEFd8C8fCc492630B943ABcaB3429F12Ea9Fea2,0x940181a94A35A4569E4529A3CDfB74e38FD98631,18,18,9,8178078248696587737,5401415919,8.178078248696588,5.401415919,8178078254098003656,0,10109958976514124564,10.109958976514124,0.0,0,0,0,nan,0
sAMM-GROW/VITA,2.3914508210150688e-11,0xD6871bc7f13a7b0f6E35f54349e1466Fd926ff7d,0xB6F959E169C544608b860a4fFe3C0982a46aD136,0x321725ee44CB4bfA544CF45a5A585b925d30A58C,0x490a4B510d0Ea9f835D2dF29Eb73b4FcA5071937,0x940181a94A35A4569E4529A3CDfB74e38FD98631,18,18,18,1392545918834282644,469560119818986084,1.3925459188342826,0.4695601198189861,1862106038653268728,0,166423297073430,0.00016642329707343,0.0,0,0,0,nan,0
vAMM-wXCH/WETH,8.554598938769305e-05,0x0522d1c88Ef60F22fA4D3EEC6F8C6F48631D7ec3,0x9a4e4020E9e20C0b12a93C196fdB60393e2C8e36,0x36be1d329444aeF5D28df3662Ec5B4F965Cd93E9,0x4200000000000000000000000000000000000006,0x940181a94A35A4569E4529A3CDfB74e38FD98631,18,18,18,2476527489549782677,5982424456275145,2.476527489549783,0.005982424456275145,2482509914006057822,0,595322533091673497605,595.3225330916734,0.0,0,0,0,nan,0
vAMM-wXCH/USDC,0.002830969429355825,0xd16Cc119b7c113660580291580cbEB588C9e2653,0x543a172C6805a7eC512188Fba90Fb9ac62ffa4D5,0x36be1d329444aeF5D28df3662Ec5B4F965Cd93E9,0x833589fCD6eDb6E08f4c7C32D4f71b54bdA02913,0x940181a94A35A4569E4529A3CDfB74e38FD98631,18,18,6,0,0,0.0,0.0,0,131943316426300,19700980768967034099084,19700.98076896703,5.048589263975766e-22,9.946216,0,9.946216,1980.7513499573136,1783555200
vAMM-USDC/CTX,2.424515224929655e-09,0xf629864E8B4914284f79641EF9Ce034C161F26AE,0xD1E5855ACcb803C0ec03Aa382a4f115aCd3903B6,0x833589fCD6eDb6E08f4c7C32D4f71b54bdA02913,0xBB22Ff867F8Ca3D5F2251B4084F6Ec86D4666E14,0x940181a94A35A4569E4529A3CDfB74e38FD98631,18,6,18,33236275,16149267485715473068,33.236275,16.149267485715473,16149267485748709343,0,16872427983539094,0.016872427983539093,0.0,0,0,0,nan,0
sAMM-WETH/msETH,0.9071365548447365,0xDE4FB30cCC2f1210FcE2c8aD66410C586C8D1f9A,0x62940D9643a130b80CA0f8bc7e94De5b7ec496C5,0x4200000000000000000000000000000000000006,0x7Ba6F01772924a82D9626c126347A28299E98c98,0x940181a94A35A4569E4529A3CDfB74e38FD98631,18,18,18,2084811279869348,38601010295170426,0.002084811279869348,0.03860101029517043,40685821575039774,42306306686300253,6312848042972242373294977,6312848.042972242,1.5751358268561658e-22,994.3593121984411,0,994.3593121984411,6348.65884547819,1783555200
sAMM-msUSD/USDC,1.213552319238624,0xcEFC8B799a8EE5D9b312aeca73262645D664AaF7,0xDBF852464fC906C744E52Dbd68C1b07dD33A922a,0x526728DBc96689597F85ae4cd716d4f7fCcBAE9d,0x833589fCD6eDb6E08f4c7C32D4f71b54bdA02913,0x940181a94A35A4569E4529A3CDfB74e38FD98631,18,18,6,1781077510195211902,12854164,1.7810775101952119,12.854164,1781077510208066066,56560733082353148,8445223977178615925088578,8445223.977178616,5.030314863185551e-23,424.82135695332585,0,424.82135695332585,19879.471309410827,1783555200
vAMM-USDC/OX,0.00012517857917572177,0x33A20Ce534aE0F2fC00BC28e7133836B34415E7B,0x271cc28Fac66b40515a31D28FB95Eed8D17e2853,0x833589fCD6eDb6E08f4c7C32D4f71b54bdA02913,0xba0Dda8762C24dA9487f5FA026a9B64b695A07Ea,0x940181a94A35A4569E4529A3CDfB74e38FD98631,18,6,18,997404924,260394705271592822676593,997.404924,260394.70527159283,260394705271593820081517,0,871129428475909888438,871.1294284759099,0.0,0,0,0,nan,0
vAMM-AERO/APX,0.00045503548466544673,0x4634274a24443fAe01B1bAcd6212C65D1283B72c,0xb023a82C4AC8fcD103876fd07EAA1dF1df5782c2,0x940181a94A35A4569E4529A3CDfB74e38FD98631,0xcacf1ca03983CE6c7E235fb20C70aCC70ed13509,0x940181a94A35A4569E4529A3CDfB74e38FD98631,18,18,18,5885182759275028488,164696643667027602482424,5.885182759275028,164696.64366702762,164702528849786877510912,0,3166634453778410018900,3166.63445377841,0.0,0,0,0,nan,0
vAMM-WETH/SKOP,2.0095465048155213e-09,0x18c55864D9BC0D7C3F6Dc18e3A1d20E50f551891,0x3FC41388699Ab1876AA48577bBa493F71845Ae02,0x4200000000000000000000000000000000000006,0x6d3B8C76c5396642960243Febf736C6BE8b60562,0x940181a94A35A4569E4529A3CDfB74e38FD98631,18,18,18,5716477371065658,981739558045929552125,0.005716477371065658,981.7395580459296,981745274523300617783,0,13984621887889498,0.013984621887889497,0.0,0,0,0,nan,0
vAMM-WETH/RFL,0.009772123364602122,0x37785d5bE19D0d9559D4634a5385c72c419b25Da,0x937c527EB4f27030f6667078C64982B3202257d5,0x4200000000000000000000000000000000000006,0x6e2c81b6c2C0e02360F00a0dA694e489acB0b05e,0x940181a94A35A4569E4529A3CDfB74e38FD98631,18,18,18,0,0,0.0,0.0,0,455454991524270,68005119547266546446531,68005.11954726654,3.08566834829484e-21,209.84124490900712,0,209.84124490900712,324.07889867769046,1783555200
vAMM-sfrxETH/wstETH,2.9451303793708427e-05,0x456c166e63634D75a4B49EDEC86cB51424D4C926,0xCe7Cb6260fCBf17485cd2439B89FdDf8B0Eb39cC,0x1f55a02A049033E3419a8E2975cF3F572F4e6E9A,0xc1CBa3fCea344f92D9239c08C0568f6F2F0ee452,0x940181a94A35A4569E4529A3CDfB74e38FD98631,18,18,18,0,0,0.0,0.0,0,1372653907371,204954374866874523168,204.95437486687453,9.228046568077809e-23,0.018913285156027942,0,0.018913285156027942,10836.529623281895,1783555200
vAMM-bsdETH/eUSD,9.677782383406147e-09,0xe593Cb44256A78E4C280CC491C201cF60e849135,0x66C48B791ffFc09f235814Ba783CbD6B8E5d72c9,0xCb327b99fF831bF8223cCEd12B1338FF3aA322Ff,0xCfA3Ef56d303AE4fAabA0592388F19d7C3399FB4,0x940181a94A35A4569E4529A3CDfB74e38FD98631,18,18,18,109059410275969,65470747389868491,0.000109059410275969,0.0654707473898685,65579806800144460,0,67348591844425798,0.0673485918444258,0.0,0,0,0,nan,0
sAMM-USDz/DOLA,3.911107692807793e-05,0xcEa8ef6ce6235F2C2CdD13C9E8a3ED470725a638,0x528aD6E380E7B3B9D7eE3a492a52c4D3AC8f5958,0x04D5ddf5f3a8939889F11E97f8c4BB48317F1938,0x4621b7A9c75199271F773Ebd9A499dbd165c3191,0x940181a94A35A4569E4529A3CDfB74e38FD98631,18,18,18,0,0,0.0,0.0,0,1822890612354,272177638664570007413,272.17763866457,7.346162640557847e-22,0.19994612007529172,0,0.19994612007529172,1361.2549148844637,1783555200
vAMM-ZUN/USDC,4.132345036915499e-06,0x80326ED67271fB298D674c43AEF3BC437B801B0e,0xf1AE7589f6fA9345f39370Fa50CE0bFeABe2B9bf,0x1db0Fc8933f545648b54A9eE4326209a9A259643,0x833589fCD6eDb6E08f4c7C32D4f71b54bdA02913,0x940181a94A35A4569E4529A3CDfB74e38FD98631,18,18,6,24967659975940530207970,33460020,24967.65997594053,33.46002,24967659975940563667990,0,28757375215292741433,28.75737521529274,0.0,0,0,0,nan,0
vAMM-HBR/AERO,5.539103631861494e-05,0xCCa6105c83C59C600aab47589466BC36288D2377,0xdFE422acDA41b39683403068F2d3A4610ff87Bf9,0x416bd43Bc76D496ff49923c20eCaf86b52Ab078d,0x940181a94A35A4569E4529A3CDfB74e38FD98631,0x940181a94A35A4569E4529A3CDfB74e38FD98631,18,18,18,17980565174318259575,197160750116946735,17.980565174318258,0.19716075011694673,18177725924435206310,0,385471397172416174113,385.4713971724162,0.0,0,0,0,nan,0
vAMM-BTCB/WETH,2.8642763638024195e-06,0xb22c77a609097187a7e084754E1a557B5116D3bE,0xDA14cBF0bD19fA531Fe0A6fFA8370795e7004999,0x0c41F1FC9022FEB69aF6dc666aBfE73C9FFDA7ce,0x4200000000000000000000000000000000000006,0x940181a94A35A4569E4529A3CDfB74e38FD98631,18,18,18,87392413633002537805,7212726769220029,87.39241363300253,0.007212726769220029,87399626359771757834,0,19932766837796084346,19.932766837796084,0.0,0,0,0,nan,0
vAMM-ZRO/AERO,6.124899301384443e-07,0x04c7d6172aEf0FF6fA09D21eb929a45a41C8c13e,0x6bA7c122CaEbA0cE6334e72326a5B4568571982b,0x6985884C4392D348587B19cb9eAAf157F13271cd,0x940181a94A35A4569E4529A3CDfB74e38FD98631,0x940181a94A35A4569E4529A3CDfB74e38FD98631,18,18,18,4799507209919895446,16774203330651461917,4.799507209919896,16.774203330651464,21573710540571357363,0,4262374651494972008,4.262374651494972,0.0,0,0,0,nan,0
vAMM-WETH/MIGGLES,1.4288488876412943e-07,0x27e13dfA957231A606ab7F535b34275865a66f44,0x1752286215B2b34D645515a32a23d2BD48920c37,0x4200000000000000000000000000000000000006,0xB1a03EdA10342529bBF8EB700a06C60441fEf25d,0x940181a94A35A4569E4529A3CDfB74e38FD98631,18,18,18,4746389833784947,1872981849427975603444,0.004746389833784947,1872.9818494279757,1872986595817809388391,0,994349291280988092,0.994349291280988,0.0,0,0,0,nan,0
vAMM-AERO/L2VE,0.0005330839589660834,0xFC13b664e814098F08F10bA0fb23b1Bb916F344e,0x9B49ca7C6C41f01971e2453078a357415Cb3Adda,0x940181a94A35A4569E4529A3CDfB74e38FD98631,0xA19328fb05ce6FD204D16c2a2A98F7CF434c12F4,0x940181a94A35A4569E4529A3CDfB74e38FD98631,18,18,18,34078309185974059716,1020925956691038260435820,34.07830918597406,1020925.9566910382,1020960035000224234495536,0,3709781078853037928889,3709.781078853038,0.0,0,0,0,nan,0
vAMM-WETH/sUSDz,3.77979989960244e-06,0x5346a22ee56d200971eC63F98c83e233bd07648d,0xA28731068548A4FC77A5942E23037697D80FDE9F,0x4200000000000000000000000000000000000006,0xe31eE12bDFDD0573D634124611e85338e2cBF0cF,0x940181a94A35A4569E4529A3CDfB74e38FD98631,18,18,18,60553074526432724,177436332727635502172,0.06055307452643272,177.4363327276355,177496885802161934896,0,26303980664869124722,26.303980664869126,0.0,0,0,0,nan,0
vAMM-JOJO/WETH,1.5345412240712217e-08,0xaC8caC537EFc414C5A2f10D03BCCb13d70cE1de4,0xCeA71355737c796f4d03334fAD8Ca9013E69D345,0x0645bC5cDff2376089323Ac20Df4119e48e4BCc4,0x4200000000000000000000000000000000000006,0x940181a94A35A4569E4529A3CDfB74e38FD98631,18,18,18,7652225277939121383730,6029866960991691,7652.225277939121,0.006029866960991691,7652231307806082375421,0,106790157573313764,0.10679015757331375,0.0,0,0,0,nan,0
vAMM-WETH/PDT,0.009141887169480918,0x04e5A1c883Dafd1eAE6b11BD6d3Eb784D90ce515,0x9EedfC62b0B6C3Ede0887B6E1178305543f8C650,0x4200000000000000000000000000000000000006,0xeff2A458E464b07088bDB441C21A42AB4b61e07E,0x940181a94A35A4569E4529A3CDfB74e38FD98631,18,18,18,0,0,0.0,0.0,0,426091256425423,63619246979644002683613,63619.246979644,7.180723400037844e-21,456.83221547951655,0,456.83221547951655,139.26173510523046,1783555200
vAMM-AERO/PRIME,8.363879913325504e-09,0xc0f9A9a1c8354f3D00B540b4a272ac0151255854,0xEeFCB46D600f084dFdF69c33e269deE52e956341,0x940181a94A35A4569E4529A3CDfB74e38FD98631,0xfA980cEd6895AC314E7dE34Ef1bFAE90a5AdD21b,0x940181a94A35A4569E4529A3CDfB74e38FD98631,18,18,18,83254491618199917462,26929182536909850319,83.25449161819992,26.92918253690985,110183674155109767781,0,58205021791376129,0.05820502179137613,0.0,0,0,0,nan,0
vAMM-WETH/MOXIE,0.00029849581389735746,0xc02Dc3a9b6eaD739C56CDEa716D8fEC4Ffe4C799,0xEa2c1c05C17Eed888D0027F17EE23637dfF66FEb,0x4200000000000000000000000000000000000006,0x8C9037D1Ef5c6D1f6816278C7AAF5491d24CD527,0x940181a94A35A4569E4529A3CDfB74e38FD98631,18,18,18,75663477456225914,6054760264702664956961675,0.07566347745622591,6054760.264702665,6054760340366142413187589,0,2077260258704779186412,2077.260258704779,0.0,0,0,0,nan,0
vAMM-YFI/wstETH,0.08742137607388292,0x1524a14C55f097bb54F0b24383f3ae3e3743804A,0x8b87e30B3ad8BD645c3f83aea6E1156525081084,0x9EaF8C1E34F05a589EDa6BAfdF391Cf6Ad3CB239,0xc1CBa3fCea344f92D9239c08C0568f6F2F0ee452,0x940181a94A35A4569E4529A3CDfB74e38FD98631,18,18,18,0,0,0.0,0.0,0,3712158159512229,608373524266597767905886,608373.5242665978,9.41466154203064e-21,5727.630822102383,0,5727.630822102383,106.217307498057,1783555200
vAMM-WETH/TIMI,4.624224671908136e-06,0xAcb7907c232907934B2578315dFcFa1bA60E87Af,0xe3f0820BAd87cF3bf736429a3C54a3aC78fEdFFf,0x4200000000000000000000000000000000000006,0x9bEec80e62aA257cED8b0edD8692f79EE8783777,0x940181a94A35A4569E4529A3CDfB74e38FD98631,18,18,18,2404233842515347,26356498677235589605390,0.002404233842515347,26356.498677235588,26356501081469432120737,0,32180411553711097197,32.180411553711096,0.0,0,0,0,nan,0
vAMM-EURC/USDC,7.160619370102796e-08,0xFDF5139b38525627B47538536042A7c8d2686BD9,0x1f077baf21b95314bD251b21aD1f0Cc8D5D86781,0x60a3E35Cc302bFA44Cb288Bc5a4F316Fdb1adb42,0x833589fCD6eDb6E08f4c7C32D4f71b54bdA02913,0x940181a94A35A4569E4529A3CDfB74e38FD98631,18,6,6,40090405,105295376,40.090405,105.295376,145385781,0,498314192450987272,0.49831419245098724,0.0,0,0,0,nan,0
vAMM-WETH/EURC,0.0076806153869518595,0x9DFf4b5AE4fD673213502Ab8fbf6d36015efb3E1,0x21D4eF9D2b66069f3307765A0349526f8E988294,0x4200000000000000000000000000000000000006,0x60a3E35Cc302bFA44Cb288Bc5a4F316Fdb1adb42,0x940181a94A35A4569E4529A3CDfB74e38FD98631,18,18,6,0,192653,0.0,0.192653,192653,357981975846377,53450120111894720355701,53450.12011189472,1.7215854616465392e-21,92.01894970789924,0,92.01894970789924,580.8599237609682,1783555200
vAMM-MODE/WETH,6.569025770559332e-05,0x9Bf387B4cdb6BCDB2107981E0e7C16d71576A970,0x224e14Bc695DCDD23602d571dF2203Cf2B515fcF,0x084382D1cc4f4DFD1769b1cC1Ac2A9b1f8365e90,0x4200000000000000000000000000000000000006,0x940181a94A35A4569E4529A3CDfB74e38FD98631,18,18,18,0,0,0.0,0.0,0,3061754869662,457144641106514476459,457.1446411065145,4.620988469989319e-21,2.1124601156706087,0,2.1124601156706087,216.40391584926664,1783555200
vAMM-COMP/sFRAX,3.132471457550027e-08,0xe253155a71707AAE3b604f6E71Fa2B3F14927949,0xBFe0639305a781459dE0C343f32F82c0D6AB4597,0x9e1028F5F1D5eDE59748FFceE5532509976840E0,0xe4796cCB6bB5DE2290C417Ac337F2b66CA2E770E,0x940181a94A35A4569E4529A3CDfB74e38FD98631,18,18,18,32734063545539552,1525227103051238778,0.03273406354553955,1.5252271030512388,1557961166596778330,0,217991615538475485,0.21799161553847549,0.0,0,0,0,nan,0
vAMM-WETH/uSOL,2.546477049044831e-06,0x80BEDFB71d9f447AA82184D1BEA40b33c161906e,0x2cc038D9579b88190f03f74e946477CA0434EeC5,0x4200000000000000000000000000000000000006,0x9B8Df6E244526ab5F6e6400d331DB28C8fdDdb55,0x940181a94A35A4569E4529A3CDfB74e38FD98631,18,18,18,2104000316380489,60333204630342998,0.002104000316380489,0.060333204630343,62437204946723487,0,17721171712992919020,17.72117171299292,0.0,0,0,0,nan,0
sAMM-weETH/cbETH,1.1767610597781449e-05,0x24Be4F7A32E5d131B30370BC53E93661e09E7dAB,0x284F8F51e047beF175680AC4D69C5C196C62c84a,0x04C0599Ae5A44757c0af6F9eC3b93da8976c150A,0x2Ae3F1Ec7F1F5012CFEab0185bfc7aa3cf0DEc22,0x940181a94A35A4569E4529A3CDfB74e38FD98631,18,18,18,3886690227998475,3796182020623553,0.003886690227998475,0.003796182020623553,7682872248622028,0,81891901650219421465,81.89190165021942,0.0,0,0,0,nan,0
vAMM-MODE/ION,5.9435713630315096e-08,0x9E9F21e7812Bb0B47561bf619b275D91D3411721,0x7939EF558975FE95149f1613d90aFE5D22d64714,0x084382D1cc4f4DFD1769b1cC1Ac2A9b1f8365e90,0x3eE5e23eEE121094f1cFc0Ccc79d6C809Ebd22e5,0x940181a94A35A4569E4529A3CDfB74e38FD98631,18,18,18,46146071,57981681,4.6146071e-11,5.7981681e-11,104127752,0,413618684496749408,0.41361868449674943,0.0,0,0,0,nan,0
vAMM-WIF/WETH,1.446220497867759e-08,0x0aCBE7A8486e77a0476142b54024BF487e5630B7,0x09e834dfa12d94C6366FBCc95C3523CFA77179B2,0x1fba65dE0a9cBD2D1DF82d141897042d36Bb6c86,0x4200000000000000000000000000000000000006,0x940181a94A35A4569E4529A3CDfB74e38FD98631,18,18,18,731310319633327066,118566166100152,0.731310319633327,0.000118566166100152,731428885799427218,0,100643835714827466,0.10064383571482748,0.0,0,0,0,nan,0
vAMM-WETH/RECORD,0.00043802781765275606,0x0AA3E62f4d97C404012352E881a2D0f2712c24A2,0x8351616F224a035Aa5ee6b9f74A68659701af3e9,0x4200000000000000000000000000000000000006,0xE642657E4F43e6DcF0bd73Ef24008394574Dee28,0x940181a94A35A4569E4529A3CDfB74e38FD98631,18,18,18,0,0,0.0,0.0,0,20416225433086,3048276509935033532152,3048.2765099350336,2.6757803474418755e-21,8.156518378852871,0,8.156518378852871,373.72275379630076,1783555200
vAMM-EURC/APX,1.7798991650621108e-08,0x642849BC08552c0F38628d4DD2058756A7aC78F9,0xF4Be61A42fd3e1e211c88A8EEF180019A8C46486,0x60a3E35Cc302bFA44Cb288Bc5a4F316Fdb1adb42,0xcacf1ca03983CE6c7E235fb20C70aCC70ed13509,0x940181a94A35A4569E4529A3CDfB74e38FD98631,18,6,18,162525,30306014429417699008007,0.162525,30306.0144294177,30306014429417699170532,0,123864845935719615,0.12386484593571961,0.0,0,0,0,nan,0
vAMM-WETH/PEGG,1.4534613932538242e-05,0x887de0c0AA6C1d5e781B17867b29734f84Dc1372,0x43dA0491ddb804A0437D4a7dFAeE1fEE1B41a856,0x4200000000000000000000000000000000000006,0x82B0E1A2374EA0198f62A48B14FFaB53DB6C1E36,0x940181a94A35A4569E4529A3CDfB74e38FD98631,18,18,18,0,0,0.0,0.0,0,677450021826,101147736390234738372,101.14773639023474,1.122335255441225e-19,11.35216705588358,0,11.35216705588358,8.909993650755172,1783555200
vAMM-PEGG/AERO,1.3335627140690457e-07,0x3225b7a01F8f3e68D89292141E22F1C6829e08CD,0xC601B888DB7f9F1792c332C538736B8dd03c3279,0x82B0E1A2374EA0198f62A48B14FFaB53DB6C1E36,0x940181a94A35A4569E4529A3CDfB74e38FD98631,0x940181a94A35A4569E4529A3CDfB74e38FD98631,18,18,18,0,0,0.0,0.0,0,6215659348,928038752790910593,0.9280387527909106,1.898324513744116e-18,1.7617187141275013,0,1.7617187141275013,0.5267803227318987,1783555200
vAMM-APX/cbBTC,2.128042923985843e-09,0xAA342cCCdc06A1adFF2b41ae046E214c9B197Bb5,0xD3756Dc2545ddBfa4798c9A75062e8491658b482,0xcacf1ca03983CE6c7E235fb20C70aCC70ed13509,0xcbB7C0000aB88B473b1f5aFd9ef808440eed33Bf,0x940181a94A35A4569E4529A3CDfB74e38FD98631,18,18,8,101957944482284357385416,1426,101957.94448228435,1.426e-05,101957944482284357386842,0,14809249540543866,0.014809249540543867,0.0,0,0,0,nan,0
vAMM-USDC/cbBTC,0.04971369032787771,0x9c38b55f9A9Aba91BbCEDEb12bf4428f47A6a0B8,0xEDC76895e053A9bbAC456B5a9c5B49144eee0080,0x833589fCD6eDb6E08f4c7C32D4f71b54bdA02913,0xcbB7C0000aB88B473b1f5aFd9ef808440eed33Bf,0x940181a94A35A4569E4529A3CDfB74e38FD98631,18,6,8,2171306,3011,2.171306,3.011e-05,2174317,2600735415097912,345962215963159128582077,345962.2159631591,1.1857666851217206e-22,41.023047,0,41.023047,8433.36225032624,1783555200
vAMM-VIRTUAL/cbBTC,0.03791441641636084,0xb909F567c5c2Bb1A4271349708CC4637D7318b4A,0x8c44e7F913D0893Cd5A3CBBb2fCd59785a7801ab,0x0b3e328455c4059EEb9e3f84b5543F74E24e7E1b,0xcbB7C0000aB88B473b1f5aFd9ef808440eed33Bf,0x940181a94A35A4569E4529A3CDfB74e38FD98631,18,18,8,4822969737966483178,2335,4.822969737966483,2.335e-05,4822969737966485513,1823886468285165,263849966354210565146775,263849.96635421057,3.681920270423972e-21,971.4745394702509,0,971.4745394702509,271.5974074813006,1783555200
vAMM-fBOMB/cbBTC,0.5628938131052278,0x3d36Cf85a0c275cF4894315a6c1D6C558D6d984C,0xA95EbEfbCB77Ae1daf0d2123784594F8ccE90274,0x74ccbe53F77b08632ce0CB91D3A545bF6B8E0979,0xcbB7C0000aB88B473b1f5aFd9ef808440eed33Bf,0x940181a94A35A4569E4529A3CDfB74e38FD98631,18,18,8,0,0,0.0,0.0,0,26236418285518106,3917230639074756962256018,3917230.639074757,4.3108689603676e-23,168.86667972588307,0,168.86667972588307,23197.179250717174,1783555200
vAMM-BRETT/cbBTC,3.824320220892589e-07,0xeC394d416D2FD269a051627DBBF1934A37a5D04E,0xD0c22E9B6A86381368B0b33928f12aE31dc7020F,0x532f27101965dd16442E59d40670FaF5eBB142E4,0xcbB7C0000aB88B473b1f5aFd9ef808440eed33Bf,0x940181a94A35A4569E4529A3CDfB74e38FD98631,18,18,8,142752660517609982773,6289,142.75266051761,6.289e-05,142752660517609989062,0,2661380174045913717,2.6613801740459135,0.0,0,0,0,nan,0
vAMM-WETH/cbBTC,0.05684083161540597,0x2578365B3dfA7FfE60108e181EFb79FeDdec2319,0xAFdEBa12B6a870d6639d043030b4b49F9C7c62BB,0x4200000000000000000000000000000000000006,0xcbB7C0000aB88B473b1f5aFd9ef808440eed33Bf,0x940181a94A35A4569E4529A3CDfB74e38FD98631,18,18,8,0,0,0.0,0.0,0,2650110671388705,395560658103615368184075,395560.6581036154,3.0192278399326004e-22,119.42877513284965,0,119.42877513284965,3312.10512427682,1783555200
vAMM-AERO/KLIMA,2.069252787695123e-08,0xf597b0EE3D51Dab24c213199E02E1b7ab9d7B5e7,0x9C25C4681666fC54c45199F8bc51C736f95F27F0,0x940181a94A35A4569E4529A3CDfB74e38FD98631,0xDCEFd8C8fCc492630B943ABcaB3429F12Ea9Fea2,0x940181a94A35A4569E4529A3CDfB74e38FD98631,18,18,9,62161313497474500318,311199772733,62.1613134974745,311.199772733,62161313808674273051,0,144001234890725212,0.14400123489072522,0.0,0,0,0,nan,0
vAMM-cbBTC/KLIMA,0.00011444657508180304,0x6CD89bc86E4a418f7f11e453384904B4493C4077,0xC913c26A4e8a79604fcd3d5a44560F5bE38aE32c,0xcbB7C0000aB88B473b1f5aFd9ef808440eed33Bf,0xDCEFd8C8fCc492630B943ABcaB3429F12Ea9Fea2,0x940181a94A35A4569E4529A3CDfB74e38FD98631,18,8,9,0,0,0.0,0.0,0,5334342171202,796444409247398156992,796.4444092473981,1.1496305214437317e-20,9.156168015040311,0,9.156168015040311,86.98446860511129,1783555200
vAMM-WELS/PEGG,0.00032372632803875695,0x6D7Da1A335daBcA718E4ee5357041C96550D7563,0x076C466b97b7C0DAFacFDf855de150EB0E5adb58,0x7F62ac1e974D65Fab4A81821CA6AF659A5F46298,0x82B0E1A2374EA0198f62A48B14FFaB53DB6C1E36,0x940181a94A35A4569E4529A3CDfB74e38FD98631,18,18,18,6385673705632545900683,204419608528211496643,6385.6737056325455,204.41960852821148,6590093314160757397326,0,2252841764014064006911,2252.8417640140638,0.0,0,0,0,nan,0
sAMM-DOLA/zunUSD,1.8927554918102344e-05,0x557c843afA9D8214534A2101D7B1200F1b0F6f6a,0x4C601a90a08A4660D439D8b22a11b739592263E3,0x4621b7A9c75199271F773Ebd9A499dbd165c3191,0xD5B9dDB04f20eA773C9b56607250149B26049B1F,0x940181a94A35A4569E4529A3CDfB74e38FD98631,18,18,18,3707670806605054901,9946207702829917764,3.707670806605055,9.946207702829918,13653878509434972665,0,131718623160813013160,131.71862316081302,0.0,0,0,0,nan,0
sAMM-tBTC/cbBTC,0.003358403846095463,0x488d6ea6064eEE9352fdCDB7BC50d98A7fF3AD4E,0x80AAd55965d1eA36bAf15Ae6Ed798145ec65916F,0x236aa50979D5f3De3Bd1Eeb40E81137F22ab794b,0xcbB7C0000aB88B473b1f5aFd9ef808440eed33Bf,0x940181a94A35A4569E4529A3CDfB74e38FD98631,18,18,8,0,0,0.0,0.0,0,156534830783301,23371446155604356982065,23371.446155604357,1.4066031825514853e-22,3.2874350543303765,0,3.2874350543303765,7109.325589510369,1783555200
vAMM-DAI/OX,4.670975789003197e-07,0xaCC2c24D1e380De50eD04bE8d68F4E985a28bf2F,0x2D8aC6651a090E085E3638c166851eF9E5688540,0x50c5725949A6F0c72E6C4a641F24049A917DB0Cb,0xba0Dda8762C24dA9487f5FA026a9B64b695A07Ea,0x940181a94A35A4569E4529A3CDfB74e38FD98631,18,18,18,8579042782515268420,2718625763404901431328,8.579042782515268,2718.6257634049016,2727204806187416699748,0,3250575694574067081,3.250575694574067,0.0,0,0,0,nan,0
vAMM-USDC/superOETHb,0.005558035446252685,0x295e0F68384aC506b0C033592Eef9674da5e4f99,0x634639c606BE9877856Fd7A4eD215D7839133fc0,0x833589fCD6eDb6E08f4c7C32D4f71b54bdA02913,0xDBFeFD2e8460a6Ee4955A68582F85708BAEA60A3,0x940181a94A35A4569E4529A3CDfB74e38FD98631,18,6,18,0,0,0.0,0.0,0,259061986064890,38678887982473634132870,38678.887982473636,2.2412813967776636e-22,8.66902720831653,0,8.66902720831653,4461.733370194927,1783555200
vAMM-WETH/MOR,0.016632227750541937,0x1eB79B7111fC98BBcbe79dd8043c2C98bc5698bd,0xABB4aC5F627eb41440950043012BECF7E749d342,0x4200000000000000000000000000000000000006,0x7431aDa8a591C955a994a21710752EF9b882b8e3,0x940181a94A35A4569E4529A3CDfB74e38FD98631,18,18,18,0,0,0.0,0.0,0,775233982475596,115745226939121980297015,115745.22693912197,5.875602878125617e-22,68.00729885328079,0,68.00729885328079,1701.9530093208257,1783555200
sAMM-jEUR/EURC,0.010249750077003178,0xC75799e0646470128a42D07335aB3BFa9E8Ee7C2,0x533eb2cEf740654D09764334Bd86E62F0a253d1a,0x4154550f4Db74Dc38d1FE98e1F3F28ed6daD627d,0x60a3E35Cc302bFA44Cb288Bc5a4F316Fdb1adb42,0x940181a94A35A4569E4529A3CDfB74e38FD98631,18,18,6,0,3126,0.0,0.003126,3126,477744454366061,71328968465656073665015,71328.96846565607,1.3839728713284997e-22,9.871735729631405,0,9.871735729631405,7225.575159143708,1783555200
vAMM-WETH/Silo,8.640417081222598e-05,0x57bd5C33c8002A634b389Ab4de5e09eC1C31Dce7,0x99c34f5E11d91BF19A40CE316C5fBEAb44259D23,0x4200000000000000000000000000000000000006,0xF734eFdE0C424BA2B547b186586dE417b0954802,0x940181a94A35A4569E4529A3CDfB74e38FD98631,18,18,18,81751481803803792,7838384226851256298132,0.08175148180380379,7838.384226851256,7838465978333060101924,0,601294697808709969488,601.29469780871,0.0,0,0,0,nan,0
vAMM-WMTX/WETH,0.0013626126146560884,0x1DDa8b6469df243971381f1f3F4137814ca68722,0xf2470b185647d1Fd0F432C223Ab0e80e0b23dCD3,0x3e31966d4f81C72D2a55310A6365A56A4393E98D,0x4200000000000000000000000000000000000006,0x940181a94A35A4569E4529A3CDfB74e38FD98631,18,6,18,0,0,0.0,0.0,0,63511852992567,9482548500355904219779,9482.548500355904,2.102373816784074e-20,199.3586168353334,0,199.3586168353334,47.565280351981556,1783555200
vAMM-JARVIS/wstETH,1.0699147459794156e-10,0xa5061aa5eB2e8abCE384B36a855549e8D9C8cEd5,0xc498a9a90516Ca3aD2d096BbAFaD169E7583Aa04,0x777b2839832982B35213063d850848369390EE16,0xc1CBa3fCea344f92D9239c08C0568f6F2F0ee452,0x940181a94A35A4569E4529A3CDfB74e38FD98631,18,18,18,50539034640576706,40525246411,0.050539034640576706,4.0525246411e-08,50539075165823117,0,744563668416971,0.000744563668416971,0.0,0,0,0,nan,0
vAMM-BOTTO/WETH,0.3717194128558412,0x55F618171d851d57906431ce9FEEe96Dc6f3877e,0xc6fC7E3838BCb2B0CC6da0251c4F32b8865Ed725,0x24914CB6BD01E6a0CF2a9c0478e33c25926e6a0c,0x4200000000000000000000000000000000000006,0x940181a94A35A4569E4529A3CDfB74e38FD98631,18,18,18,0,0,0.0,0.0,0,17328722185383999,2586830125463776700293525,2586830.1254637768,2.177239785186391e-24,5.632149466678438,0,5.632149466678438,459297.1370465707,1783555200
vAMM-cbBTC/TAROT,0.04850232880172249,0x2E26a29f782e51296d9D31f78D4883462a2d339d,0xD9f451A489d622E46E77b74dBD95A5616bca41e2,0xcbB7C0000aB88B473b1f5aFd9ef808440eed33Bf,0xF544251D25f3d243A36B07e7E7962a678f952691,0x940181a94A35A4569E4529A3CDfB74e38FD98631,18,8,18,0,0,0.0,0.0,0,2260733027097358,337532237919743477461315,337532.23791974346,6.423954776150421e-23,21.682918318892767,0,21.682918318892767,15566.734742788049,1783555200
vAMM-BAVA/USDC,1.174264689421062e-06,0x2215Ae205C5F28af4103e77478D65AF1044559F6,0x73e01eC7c5b11dFDf9b140708AbB8e63f002F10f,0x3fbdE9864362CE4Abb244EbeF2EF0482ABA8eA39,0x833589fCD6eDb6E08f4c7C32D4f71b54bdA02913,0x940181a94A35A4569E4529A3CDfB74e38FD98631,18,18,6,106199032672211335364059,6365521,106199.03267221134,6.365521,106199032672211341729580,0,8171817690460003505,8.171817690460003,0.0,0,0,0,nan,0
vAMM-WETH/Neiro,2.2325675759884208e-05,0xd661D3D5ad3D3DEB7E781f5C6823da8d3a3B0CE8,0xF8a98eaA0c0033DE1Fb0D9580e16A2b7343F439e,0x4200000000000000000000000000000000000006,0x5Ca35eBC4f25B042d2cAE75914c7e882E631fA9A,0x940181a94A35A4569E4529A3CDfB74e38FD98631,18,18,9,0,0,0.0,0.0,0,1040497476136,155366463600334770347,155.36646360033475,3.057654884420297e-21,0.4750570263026719,0,0.4750570263026719,327.04802791685586,1783555200
vAMM-ICL/WETH,7.234364191294868e-08,0xf8128cB2d1e3Eb8598BF8c5B4935893f92d9ea28,0xCFD3fEd4DC3D467772d1A4B6CE87B09aE0B75282,0x12c26138b666360AB2B7A1B149dF9Cf6642CDfBf,0x4200000000000000000000000000000000000006,0x940181a94A35A4569E4529A3CDfB74e38FD98631,18,18,18,38862623747511035664763,5426982754479861,38862.62374751104,0.005426982754479861,38862629174493790144624,0,503446163460813855,0.5034461634608138,0.0,0,0,0,nan,0
vAMM-USDC/CARV,6.1953418726006e-06,0xbe54ED1762172820d088aa676a8E2947AeEB10b0,0xCe3Dff721ef6E293664da2Bb4Dcbca563aa43055,0x833589fCD6eDb6E08f4c7C32D4f71b54bdA02913,0xc08Cd26474722cE93F4D0c34D16201461c10AA8C,0x940181a94A35A4569E4529A3CDfB74e38FD98631,18,6,18,6562348,31090977466558651443,6.562348,31.090977466558652,31090977466565213791,0,43113962949806059481,43.11396294980606,0.0,0,0,0,nan,0
vAMM-WETH/TALENT,5.473624396206021e-08,0x53C1d63A83506623B866e880546FF87885b2120E,0x2b3197894d2D8D0355e344bda8Ece023a82C6251,0x4200000000000000000000000000000000000006,0x9a33406165f562E16C3abD82fd1185482E01b49a,0x940181a94A35A4569E4529A3CDfB74e38FD98631,18,18,18,3055030711447898,152013930988810357228,0.003055030711447898,152.01393098881036,152016986019521805126,0,380914635982986203,0.3809146359829862,0.0,0,0,0,nan,0
vAMM-WETH/VRTX,4.2556038840465255e-06,0xe20eEb487186EC2e9272B9D2B5732d31e115d3e3,0x30cf555B45c81CEc2e5770CCE484De79f37e6eA6,0x4200000000000000000000000000000000000006,0xFB0c734Fc3008683c5efF45bcf8128836C4D97D0,0x940181a94A35A4569E4529A3CDfB74e38FD98631,18,18,18,3412300559351207,22459076201258071861963,0.003412300559351207,22459.07620125807,22459079613558631213170,0,29615145049100502613,29.6151450491005,0.0,0,0,0,nan,0
vAMM-WETH/SYRUP,0.0026331567684673,0xFC42A013ebD8B160C35c6A0FE876DE4e42da262a,0x9b872778b8010F6Ebf9f230f13A7e97da09a762F,0x4200000000000000000000000000000000000006,0x688AEe022AA544f150678B8E5720b6b96a9E9a2F,0x940181a94A35A4569E4529A3CDfB74e38FD98631,18,18,18,0,0,0.0,0.0,0,122733580408773,18324383979326041090395,18324.38397932604,1.3848959427259488e-21,25.377365025921012,0,25.377365025921012,722.0759113725599,1783555200
vAMM-WETH/AIXBT,3.639086554155468e-05,0xF3E7E359b75a7223BA9D71065C57DDd4F5D8747e,0x97de0E89a077be1B2479164a876A82589eD2D3a2,0x4200000000000000000000000000000000000006,0x4F9Fd6Be4a90f2620860d680c0d4d5Fb53d1A825,0x940181a94A35A4569E4529A3CDfB74e38FD98631,18,18,18,0,0,0.0,0.0,0,1696207865621,253247433464291964587,253.24743346429196,3.512711092575008e-21,0.8895850686961696,0,0.8895850686961696,284.6804003078277,1783555200
vAMM-WETH/VIS,1.9564804311872527e-05,0xDbdfAc0F9268EF02c34Ed58c9Fab3517a98444dc,0x018b51fe7a1B422447f069c360f5759f64E72dB6,0x4200000000000000000000000000000000000006,0xFc60AA1fFCA50Ce08b3cDeC9626c0Bb9E9b09BeC,0x940181a94A35A4569E4529A3CDfB74e38FD98631,18,18,18,247861620551236276,16451504736460831024909,0.24786162055123628,16451.504736460833,16451752598081382261185,0,136153301233108184956,136.15330123310818,0.0,0,0,0,nan,0
vAMM-EXTRA/cbBTC,0.0010264888441060883,0x112aAB1af0393325Ae24ba4cF4555783574E16F7,0x0c807068a3b80B56Ae3547Dc1Cee72F6f0D550B6,0x2dAD3a13ef0C6366220f989157009e501e7938F8,0xcbB7C0000aB88B473b1f5aFd9ef808440eed33Bf,0x940181a94A35A4569E4529A3CDfB74e38FD98631,18,18,8,0,0,0.0,0.0,0,47845955329053,7143431775557839527553,7143.4317755578395,3.18860273973378e-22,2.277756613064507,0,2.277756613064507,3136.1699202563286,1783555200
vAMM-HENLO/WETH,2.9525081904987384e-07,0x9342001C286d21C7507694Cd52A9AA73C3d5ce56,0xeD34DbC85cb8D0dE1dFc53309B7837D8bda43Cba,0x23A96680Ccde03Bd4Bdd9a3e9a0Cb56A5D27F7c9,0x4200000000000000000000000000000000000006,0x940181a94A35A4569E4529A3CDfB74e38FD98631,18,18,18,295651127328654585981972637209167,40293452001600538125,295651127328654.56,40.293452001600535,295651127328694879433974237747292,0,2054678036366822742,2.0546780363668224,0.0,0,0,0,nan,0
vAMM-USDC/G,0.000413210712064205,0x637E0567eDD057f865Afb4602F3B961909E09774,0x509C953cDC289C476EA19f124c3E5804d479a1fb,0x833589fCD6eDb6E08f4c7C32D4f71b54bdA02913,0x9C7BEBa8F6eF6643aBd725e45a4E8387eF260649,0x940181a94A35A4569E4529A3CDfB74e38FD98631,18,6,18,1032197,130513811801197831490,1.032197,130.51381180119782,130513811801198863687,0,2875571953371623376189,2875.5719533716233,0.0,0,0,0,nan,0
vAMM-USDC/MCADE,0.0004560124633668546,0x1c3FCeA97a3161434901097878faF90227cD3394,0x918A82Cc55E919087944849812C44D07a7f2d5aD,0x833589fCD6eDb6E08f4c7C32D4f71b54bdA02913,0xc48823EC67720a04A9DFD8c7d109b2C3D6622094,0x940181a94A35A4569E4529A3CDfB74e38FD98631,18,6,18,14966428,7364076953498999265816,14.966428,7364.0769534989995,7364076953499014232244,0,3173433339844978075641,3173.4333398449785,0.0,0,0,0,nan,0
vAMM-wXCH/cbBTC,4.163262880398872e-08,0x3C5512cE278640F9Dea87a9217d49dEcc79951D6,0x116b2bC100CBA7A4BF7b4A2b061a6651D9Cc71bf,0x36be1d329444aeF5D28df3662Ec5B4F965Cd93E9,0xcbB7C0000aB88B473b1f5aFd9ef808440eed33Bf,0x940181a94A35A4569E4529A3CDfB74e38FD98631,18,18,8,10348784300233477,68,0.010348784300233477,6.8e-07,10348784300233545,0,289725353768853210,0.28972535376885317,0.0,0,0,0,nan,0
vAMM-WETH/FAI,0.0029431882312208834,0x5447F7FE76894d98753A0A6d69B9cb840037c13D,0xC8A601c97574088a50A63fca15aF9448fd36579A,0x4200000000000000000000000000000000000006,0xb33Ff54b9F7242EF1593d2C9Bcd8f9df46c77935,0x940181a94A35A4569E4529A3CDfB74e38FD98631,18,18,18,12701853967355601,28370647926202797,0.012701853967355601,0.028370647926202797,41072501893558398,137192112836289,20481921896248339018438,20481.92189624834,7.103455403023959e-22,14.549241875822,0,14.549241875822,1407.7655778261062,1783555200
vAMM-WETH/COOKIE,3.70788045506108e-05,0xeD445A77E75F18B04818d940d0E490C15C6072B7,0x6cf5A745dd93e1Bf18f5893409b1B1DaCBe7cc11,0x4200000000000000000000000000000000000006,0xC0041EF357B183448B235a8Ea73Ce4E4eC8c265F,0x940181a94A35A4569E4529A3CDfB74e38FD98631,18,18,18,0,0,0.0,0.0,0,1728370439845,258034865305518489162,258.03486530551845,4.41220427424656e-21,1.138502535605644,0,1.138502535605644,226.6440848708807,1783555200
vAMM-INTX/USDC,1.1807518519130724e-05,0xA3fCbeF28465ddBAE92F5Bf6EF2D22a6C23ea160,0x5A303807a8EC667Be61f500bF09A8ACCF1B58303,0x7D27187eb33a7B1d99258FF222633670F84fa342,0x833589fCD6eDb6E08f4c7C32D4f71b54bdA02913,0x940181a94A35A4569E4529A3CDfB74e38FD98631,18,18,6,1774686862426648745292,100732625,1774.6868624266488,100.732625,1774686862426749477917,0,82169624603663825649,82.16962460366382,0.0,0,0,0,nan,0
vAMM-AIXBT/AERO,3.1926051841007278e-06,0xEdBB53445B0Ff73852AB86C3605b3426CF9123c7,0xE741938F18152c16573465457636b5BA7078366C,0x4F9Fd6Be4a90f2620860d680c0d4d5Fb53d1A825,0x940181a94A35A4569E4529A3CDfB74e38FD98631,0x940181a94A35A4569E4529A3CDfB74e38FD98631,18,18,18,1914968830305318115900,211389359176600664142,1914.968830305318,211.38935917660066,2126358189481918780042,0,22217637775475716303,22.217637775475716,0.0,0,0,0,nan,0
vAMM-cbBTC/CHAMP,0.4659593327073489,0x32450CEBe156B2Ca77Dd517e0182409d89b723Ff,0xCFede447ca3b4885720B5a327e3BFb02078f06e8,0xcbB7C0000aB88B473b1f5aFd9ef808440eed33Bf,0xEb6d78148F001F3aA2f588997c5E102E489Ad341,0x940181a94A35A4569E4529A3CDfB74e38FD98631,18,8,18,493,2986893014167687265866,4.93e-06,2986.8930141676874,2986893014167687266359,21762017538396918,3242654532965773056550503,3242654.5329657733,1.8037396700585256e-22,584.8904617405466,0,584.8904617405466,5544.03729429288,1783555200
vAMM-SKI/AERO,3.1054764284971376e-07,0x9EFC401fc56c277aF2024659862A7a05892B5980,0x4A6dA782B6ca505fb82FD57784f39734D073D0D6,0x768BE13e1680b5ebE0024C42c896E3dB59ec0149,0x940181a94A35A4569E4529A3CDfB74e38FD98631,0x940181a94A35A4569E4529A3CDfB74e38FD98631,18,9,18,117,29531823889886401,1.17e-07,0.0295318238898864,29531823889886518,0,2161130062440271853,2.161130062440272,0.0,0,0,0,nan,0
vAMM-AERO/MORPHO,0.004506836457715032,0xd433B339c5C801228E1343C678Dc26213A7B8Aac,0x3B1A591878D6B27dE5116741BCbd5f48B547D204,0x940181a94A35A4569E4529A3CDfB74e38FD98631,0xBAa5CC21fd487B8Fcc2F632f3F4E8D37262a0842,0x940181a94A35A4569E4529A3CDfB74e38FD98631,18,18,18,0,0,0.0,0.0,0,210081212096086,31363496003037710082555,31363.49600303771,1.824577780163043e-21,57.225137915375015,0,57.225137915375015,548.0720037655182,1783555200
vAMM-OX/cbBTC,8.39695045031722e-05,0xdC4260f59CBc870c6BE271100430C23FD632D33E,0x5AFCf03d8D37bcB6f3152C250F168bd70Fcb8119,0xba0Dda8762C24dA9487f5FA026a9B64b695A07Ea,0xcbB7C0000aB88B473b1f5aFd9ef808440eed33Bf,0x940181a94A35A4569E4529A3CDfB74e38FD98631,18,18,8,0,0,0.0,0.0,0,3914145864985,584351627482290169418,584.3516274822902,1.2694631911803868e-21,0.7418128817951207,0,0.7418128817951207,787.7345376750692,1783555200
vAMM-AERO/AUKI,0.0004660588079478164,0x16f7e8199B46Ff86D33be983Ee6c642d9c14A5ae,0x7a1b8b9a035b9B578714987D4887177daB22c709,0x940181a94A35A4569E4529A3CDfB74e38FD98631,0xF9569cFb8FD265e91aa478d86ae8c78b8AF55Df4,0x940181a94A35A4569E4529A3CDfB74e38FD98631,18,18,18,0,0,0.0,0.0,0,21724817441317,3243346790458600943657,3243.346790458601,4.538297489001388e-21,14.719272595098978,0,14.719272595098978,220.34694781986212,1783555200
sAMM-USR/USDC,7.540752303215255e-05,0xd3eE0a3B349237D68517DF30bFB66Be971f46Ad9,0xBbebd633E692C892EAa6DDfbbD1517bEb3F0358A,0x35E5dB674D8e93a03d814FA0ADa70731efe8a4b9,0x833589fCD6eDb6E08f4c7C32D4f71b54bdA02913,0x940181a94A35A4569E4529A3CDfB74e38FD98631,18,18,6,0,0,0.0,0.0,0,3515038539425,524767998441409729583,524.7679984414098,1.8019977376759428e-21,0.945630745996153,0,0.945630745996153,554.9396534147215,1783555200
vAMM-MET/cbBTC,0.03046234501935151,0x5aAc53d1b18F1eAf908C223a94916B339B74309F,0x72Ee712cA4Ea8E2D3d91E0846d04EDf31485c435,0x93dc5Cb35627A759848c7A7F0079EA7b49E435a5,0xcbB7C0000aB88B473b1f5aFd9ef808440eed33Bf,0x940181a94A35A4569E4529A3CDfB74e38FD98631,18,18,8,0,0,0.0,0.0,0,1419982714328448,211990305222208529073929,211990.30522220852,1.3102139965569044e-23,2.7775266503650786,0,2.7775266503650786,76323.40996416523,1783555200
vAMM-WETH/ANZ,0.019257081449099198,0xE4faa73134C66832c272f067adC401f0963A9D7a,0xED2fE03dE7F663CC1265bCfF93af9f15Ff60AcC1,0x4200000000000000000000000000000000000006,0xeeC468333ccc16D4BF1cEf497A56cf8C0aAe4Ca3,0x940181a94A35A4569E4529A3CDfB74e38FD98631,18,18,18,0,0,0.0,0.0,0,897665432728272,134011829079151235952841,134011.82907915124,0.0,0,0,0,nan,0
vAMM-WETH/ODOS,5.551774635326764e-06,0xd085Ef129A79d1fDE3912cD288A0F9558b33A282,0x5e6334757f1ae0054EFd7E6f33f56F5a54799597,0x4200000000000000000000000000000000000006,0xca73ed1815e5915489570014e024b7EbE65dE679,0x940181a94A35A4569E4529A3CDfB74e38FD98631,18,18,18,23740159731216986,18718533322920508839060,0.023740159731216987,18718.53332292051,18718557063080240056046,0,38635318414264708257,38.6353184142647,0.0,0,0,0,nan,0
vAMM-VIRTUAL/GAME,2.5898238182637304e-05,0x9f7700b6030471D89c643f30b2315A670Ab13bB4,0x08d745c2193617D1d50c8703907605d7903343d8,0x0b3e328455c4059EEb9e3f84b5543F74E24e7E1b,0x1C4CcA7C5DB003824208aDDA61Bd749e55F463a3,0x940181a94A35A4569E4529A3CDfB74e38FD98631,18,18,18,31998682082393172089,1480884766180914496252,31.998682082393174,1480.8847661809145,1512883448263307668341,0,180228259300689054490,180.22825930068905,0.0,0,0,0,nan,0
vAMM-WETH/GEKKO,6.960500302864017e-08,0x1977911144b93b6f949dECFF7D7EA7E081F7F08C,0xd4c7c645D4B4e991D0eF00D652CA32e472033a95,0x4200000000000000000000000000000000000006,0xf7b0dd0B642a6ccc2fc4d8FfE2BfFb0caC8C43C8,0x940181a94A35A4569E4529A3CDfB74e38FD98631,18,18,18,148253002897416872,262273669419838412629400,0.14825300289741689,262273.6694198384,262273817672841310046272,0,484387719581685061,0.4843877195816851,0.0,0,0,0,nan,0
vAMM-Anon/USDC,0.002857063725177816,0x3667af77FF1481aca513d2C97A32C0ac31ba813D,0x0c41ADAA6489213FE6ab44A4794a8212e84a6eF4,0x79bbF4508B1391af3A0F4B30bb5FC4aa9ab0E07C,0x833589fCD6eDb6E08f4c7C32D4f71b54bdA02913,0x940181a94A35A4569E4529A3CDfB74e38FD98631,18,18,6,0,0,0.0,0.0,0,133183280365302,19882573411698527607698,19882.57341169853,8.406809910868794e-21,167.14901521104355,0,167.14901521104355,118.95118488490435,1783555200
vAMM-ATH/AERO,6.50449164288723e-08,0xBc91c004F5373e3D048d22579209e865007AC4B5,0x93795d7b30d50179bC409a21C5F2184638697eC3,0x58D75a1c4477914f9a98A8708fEaeD1DbE40b8a3,0x940181a94A35A4569E4529A3CDfB74e38FD98631,0x940181a94A35A4569E4529A3CDfB74e38FD98631,18,18,18,39279,21968,3.9279e-14,2.1968e-14,61247,0,452653650864703704,0.45265365086470366,0.0,0,0,0,nan,0
vAMM-WETH/VEIL,0.6753181843699626,0xf207d02BECD4417aAA3383804b6B87b17602c86D,0xd2eBB7D16503BF671142e031A2FDC0cE9ce9253f,0x4200000000000000000000000000000000000006,0x767A739D1A152639e9Ea1D8c1BD55FDC5B217D7f,0x940181a94A35A4569E4529A3CDfB74e38FD98631,18,18,18,327855362694494,1463346758467719621051,0.000327855362694494,1463.3467584677196,1463347086323082315545,31480253762675403,4699602343015670167798406,4699602.34301567,7.35031265105304e-22,3454.3546556786587,0,3454.3546556786587,1360.486345919905,1783555200
vAMM-1000X/WETH,0.0013572521563105088,0x23dA62CE083687cD72EBCBA36eEc6752fa51B715,0x7d1a8AA63DBA54E39b141098f16Dd9EccB5aDE62,0x352b850b733ab8baB50aED1Dab5D22E3186ce984,0x4200000000000000000000000000000000000006,0x940181a94A35A4569E4529A3CDfB74e38FD98631,18,18,18,0,0,0.0,0.0,0,63270579589304,9445244569877523150886,9445.244569877523,6.1009709104539474e-21,57.62516236294588,0,57.62516236294588,163.90833765270224,1783555200
vAMM-BNKR/wBLT,0.001739123074346959,0x17c9A4b6CAD28F5074C81B056C32bAD334329f25,0x378d2D0f69C0c838DF8019f62De8a891655381B9,0x22aF33FE49fD1Fa80c7149773dDe5890D3c76F3b,0x4E74D4Db6c0726ccded4656d0BCE448876BB4C7A,0x940181a94A35A4569E4529A3CDfB74e38FD98631,18,18,18,0,0,0.0,0.0,0,81070790393656,12102719968393491261973,12102.71996839349,3.5735945460476563e-22,4.325021407139304,0,4.325021407139304,2798.302905140667,1783555200
vAMM-WETH/BID,0.012683390901765249,0x74F22A01Da78294f8dF640C98A414FE209e33f60,0x1AEeafdeAB8D8F99853CD5B7a8844cC4ffe0fC70,0x4200000000000000000000000000000000000006,0xa1832f7F4e534aE557f9B5AB76dE54B1873e498B,0x940181a94A35A4569E4529A3CDfB74e38FD98631,18,18,18,0,0,0.0,0.0,0,591247704343143,88264902351074378753271,88264.90235107437,1.630892860434163e-22,14.395059907128577,0,14.395059907128577,6131.61063034998,1783555200
sAMM-Bold/USDC,2.787964363138274e-06,0xeb754F9750e1d2CD87835592d37eE9f15c217b50,0xc6081F7DA8762D5f76E1897Bf6dcC773aa62Ae7c,0x087C440F251Ff6Cfe62B86DdE1bE558B95b4bb9b,0x833589fCD6eDb6E08f4c7C32D4f71b54bdA02913,0x940181a94A35A4569E4529A3CDfB74e38FD98631,18,18,6,455506336746057901,404279,0.4555063367460579,0.404279,455506336746462180,0,19401704495004265347,19.401704495004267,0.0,0,0,0,nan,0
vAMM-WETH/VVV,2.4822034963134247,0x01784ef301D79e4B2DF3a21ad9a536d4cF09A5Ce,0x37a70295FCefebBB0a29735A53E2e6786A02F930,0x4200000000000000000000000000000000000006,0xacfE6019Ed1A7Dc6f7B508C02d1b04ec88cC21bf,0x940181a94A35A4569E4529A3CDfB74e38FD98631,18,18,18,188473854682919270,28350166076607124424,0.18847385468291927,28.350166076607124,28538639931290043694,115750466466881735,17273886054170823973067653,17273886.054170825,0.0,0,0,0,nan,0
vAMM-AERO/uADA,9.245385895204392e-07,0xa65bC40C8368Ac2f814b13caCC75a47A30a2ac81,0x6a1a65e681FB4a3DE02556c418f580ade8397e18,0x940181a94A35A4569E4529A3CDfB74e38FD98631,0xa3A34A0D9A08CCDDB6Ed422Ac0A28a06731335aA,0x940181a94A35A4569E4529A3CDfB74e38FD98631,18,18,18,11408842279373097503,13888846609283726724,11.408842279373097,13.888846609283727,25297688888656824227,0,6433950428230047049,6.433950428230046,0.0,0,0,0,nan,0
vAMM-Bold/POOL,3.587248245246409e-06,0x72cCcbd837E15500169323d3cC3FCC266db03700,0x191863cC6560E877B09dD3d7847DFD4CB84d6575,0x087C440F251Ff6Cfe62B86DdE1bE558B95b4bb9b,0xd652C5425aea2Afd5fb142e120FeCf79e18fafc3,0x940181a94A35A4569E4529A3CDfB74e38FD98631,18,18,18,9369333000061176558,44541394602476154776,9.369333000061177,44.54139460247615,53910727602537331334,0,24963995711247023403,24.963995711247023,0.0,0,0,0,nan,0
sAMM-USDC/cUSDO,3.879986682066389e-05,0x5feDe9d65714907381A76AA9bF949219dD1c5023,0x78Fff283c03557ca8BBa0A134386b717e04490dc,0x833589fCD6eDb6E08f4c7C32D4f71b54bdA02913,0x83dB73EF5192de4B6a4c92bD0141Ba1a0Dc87c65,0x940181a94A35A4569E4529A3CDfB74e38FD98631,18,6,18,0,0,0.0,0.0,0,1808266115808,270011898449329590225,270.0118984493296,1.512729339376704e-22,0.0408454920765104,0,0.0408454920765104,6610.567891887614,1783555200
vAMM-WETH/RIZ,7.62429490232748e-05,0x04B27c418aaAD06539210ae9A0298076904Cd70B,0x055Ea0Fde71dDe3A4bb80856f5768016E99DCB3c,0x4200000000000000000000000000000000000006,0x67543CF0304C19CA62AC95ba82FD4F4B40788dc1,0x940181a94A35A4569E4529A3CDfB74e38FD98631,18,18,8,8951555947334946,1250709597132,0.008951555947334947,12507.09597132,8952806656932078,0,530581805971199915743,530.5818059711999,0.0,0,0,0,nan,0
vAMM-WETH/KTA,0.008503781674962579,0xd9eDC75a3a797Ec92Ca370F19051BAbebfb2edEe,0x0e62c181134Ca74837694a7D6d7501C3D4fe6363,0x4200000000000000000000000000000000000006,0xc0634090F2Fe6c6d75e61Be2b949464aBB498973,0x940181a94A35A4569E4529A3CDfB74e38FD98631,18,18,18,0,0,0.0,0.0,0,396730424615172,59178611222253091221617,59178.61122225309,2.2855249332440592e-21,135.25419146321613,0,135.25419146321613,437.53624624895536,1783555200
vAMM-USDC/AITECH,0.0017228120896404075,0x95b9662f58d638b65Ac957ACb1365697c34c832b,0x018F92c3FeF19f88a03D4d9E700Afe9FAd496D60,0x833589fCD6eDb6E08f4c7C32D4f71b54bdA02913,0xD71552d9e08E5351AdB52163B3bbbC4d7DE53Ce1,0x940181a94A35A4569E4529A3CDfB74e38FD98631,18,6,18,0,0,0.0,0.0,0,80293707155078,11989210301812667114255,11989.210301812667,0.0,0,0,0,nan,0
vAMM-BNKR/USDC,1.3093795586749578e-05,0xbd583f38ea4A388E938E7cC5Aa993CCCb91A704e,0xa8d13F77c9598cF68237d6e547ef84242592252B,0x22aF33FE49fD1Fa80c7149773dDe5890D3c76F3b,0x833589fCD6eDb6E08f4c7C32D4f71b54bdA02913,0x940181a94A35A4569E4529A3CDfB74e38FD98631,18,18,6,166328823749839865897337,84612036,166328.82374983985,84.612036,166328823749839950509373,0,91120946899817542198,91.12094689981754,0.0,0,0,0,nan,0
vAMM-VIRTUAL/cbETH,1.3600314530636063e-10,0x1e9282580BC3713a9B258c17BE4cA3F320AB70af,0x004c4149aFDA0aCaC8781b13f84E62f373b61B24,0x0b3e328455c4059EEb9e3f84b5543F74E24e7E1b,0x2Ae3F1Ec7F1F5012CFEab0185bfc7aa3cf0DEc22,0x940181a94A35A4569E4529A3CDfB74e38FD98631,18,18,18,2870085939125,1275498645,2.870085939125e-06,1.275498645e-09,2871361437770,0,946458595566440,0.00094645859556644,0.0,0,0,0,nan,0
vAMM-WETH/OVER,0.003945975360598268,0xB452f81D9322936C2c8Ac6445f6892cB957aFB4c,0x07005714c9b5DEac0449B1f4054d8000b210C97C,0x4200000000000000000000000000000000000006,0x7750C092e284e2c7366f50C8306F43c7EB2e82a2,0x940181a94A35A4569E4529A3CDfB74e38FD98631,18,18,18,0,0,0.0,0.0,0,183908700969236,27460411224452378422210,27460.41122445238,0.0,0,0,0,nan,0
sAMM-msUSD/USDT,1.2391233313342796e-06,0x5bD7A6393Bc746E9a9a8481A1e4b1dc5792bb242,0x4804726Db38Cd188Ee52B7E3e6aBdB6124552A9f,0x526728DBc96689597F85ae4cd716d4f7fCcBAE9d,0xfde4C96c8593536E31F229EA8f37b2ADa2699bb2,0x940181a94A35A4569E4529A3CDfB74e38FD98631,18,18,6,1044784480452220,544,0.00104478448045222,0.000544,1044784480452764,0,8623175039565808349,8.623175039565808,0.0,0,0,0,nan,0
vAMM-WETH/ZENT,9.147834436006808e-05,0x82bdbC291762b478dE875E44fFF7b9717651bfe5,0xc771e723363c5434E4f69694F3404008F675410C,0x4200000000000000000000000000000000000006,0xdf49c226ED9CF05Be0e38cdb86Df4E8A945158B1,0x940181a94A35A4569E4529A3CDfB74e38FD98631,18,18,18,0,0,0.0,0.0,0,4263499373580,636606345630772611298,636.6063456307726,0.0,0,0,0,nan,0
vAMM-cbBTC/EDGE,0.3071307789834271,0x594b83709464A83F37aC77E69DDD447a8A33c0EE,0x6e64524E3620C0Cd6af727B3D9Bd998396441aD0,0xcbB7C0000aB88B473b1f5aFd9ef808440eed33Bf,0xED6E000dEF95780fb89734c07EE2ce9F6dcAf110,0x940181a94A35A4569E4529A3CDfB74e38FD98631,18,8,18,49277,668512548681005620348,0.00049277,668.5125486810056,668512548681005669625,14623074279829783,2137351787541976923049110,2137351.787541977,0.0,0,0,0,nan,0
vAMM-WETH/KING,5.4506838705696185e-05,0xdc5f7C7916C7792603FDc17F05f7929b423015ac,0x58dA2a684342294d3E4991924Ce59a80538f8432,0x4200000000000000000000000000000000000006,0xE22C243c7559C667a1EB94B593369D192c5fbac0,0x940181a94A35A4569E4529A3CDfB74e38FD98631,18,18,18,0,0,0.0,0.0,0,2540381270597,379318183369594372378,379.31818336959435,0.0,0,0,0,nan,0
vAMM-AERO/CHAMP,0.000679101812298923,0x48a346A833775ed92bF52Dd598246e5a71f3d4A5,0x987fe7bBbfa94404d8F38D3B6F52e8c912d4F36A,0x940181a94A35A4569E4529A3CDfB74e38FD98631,0xEb6d78148F001F3aA2f588997c5E102E489Ad341,0x940181a94A35A4569E4529A3CDfB74e38FD98631,18,18,18,0,0,0.0,0.0,0,31651080616010,4725932963294510473462,4725.932963294511,1.503942766576373e-21,7.107532695471623,0,7.107532695471623,664.9189199376478,1783555200
vAMM-AWE/USDC,0.0018106410064615732,0xcb7f520d18141E36956fE0b3A6Bc3D4F11245521,0xC7a0De60A7572e86d973B39b1deE9BE8829c8d91,0x1B4617734C43F6159F3a70b7E06d883647512778,0x833589fCD6eDb6E08f4c7C32D4f71b54bdA02913,0x940181a94A35A4569E4529A3CDfB74e38FD98631,18,18,6,0,0,0.0,0.0,0,84389031842171,12600419940217952245539,12600.419940217953,3.3674263861422724e-22,4.243098658316317,0,4.243098658316317,2969.626905922066,1783555200
sAMM-BOLD/USDC,0.00015978991165507345,0x2De3fE21d32319a1550264dA37846737885Ad7A1,0x7fDCBc8C442C667D41a1041bdc6e588393cEb6fe,0x03569CC076654F82679C4BA2124D64774781B01D,0x833589fCD6eDb6E08f4c7C32D4f71b54bdA02913,0x940181a94A35A4569E4529A3CDfB74e38FD98631,18,18,6,0,12670,0.0,0.01267,12670,7447371342301,1111992925090633045259,1111.992925090633,3.972968819611487e-21,4.417913219013657,0,4.417913219013657,251.70094340125956,1783555200
vAMM-BOLD/POOL,0.00016537345369069029,0xAa10db59a60e511872a70aAAf1aff09fb173ba75,0xD51CEdaA7cD1Cd3cb8bc8F4C189698e9967240ff,0x03569CC076654F82679C4BA2124D64774781B01D,0xd652C5425aea2Afd5fb142e120FeCf79e18fafc3,0x940181a94A35A4569E4529A3CDfB74e38FD98631,18,18,18,0,0,0.0,0.0,0,7707706946083,1150849315811685947639,1150.849315811686,0.0,0,0,0,nan,0
vAMM-WETH/TLOS,0.17030061105061242,0xC3b22240657fa67b77D0f1b7A1C1012DB60D46fb,0x44B8B5521723D05E82e5DAfCE8b37a1082b6d3B2,0x4200000000000000000000000000000000000006,0x7252c865c05378Ffc15120F428dd65804dD0CE63,0x940181a94A35A4569E4529A3CDfB74e38FD98631,18,18,18,46566773634575,319713515211074943372,4.6566773634575e-05,319.71351521107493,319713561777848577947,7937745097372146,1185137864245636462655138,1185137.8642456364,4.5076349785240855e-22,534.216889124696,0,534.216889124696,2218.4582486477766,1783555200
vAMM-wstETH/cbBTC,5.111057481595228e-11,0xc0734F84e402D69A445D93C60aD2C72258F159b6,0x2256edefD747c76973da71475311DdAec4265CB6,0xc1CBa3fCea344f92D9239c08C0568f6F2F0ee452,0xcbB7C0000aB88B473b1f5aFd9ef808440eed33Bf,0x940181a94A35A4569E4529A3CDfB74e38FD98631,18,18,8,2189721446420,31,2.18972144642e-06,3.1e-07,2189721446451,0,355683265632808,0.000355683265632808,0.0,0,0,0,nan,0
vAMM-RIPE/WETH,6.838315984546976e-09,0x765824aD2eD0ECB70ECc25B0Cf285832b335d6A9,0x49AAAFd906FB80959721c71a297B071Fc0693A95,0x2A0a59d6B975828e781EcaC125dBA40d7ee5dDC0,0x4200000000000000000000000000000000000006,0x940181a94A35A4569E4529A3CDfB74e38FD98631,18,18,18,1590150398458177430109,4903349434406177963,1590.1503984581775,4.903349434406178,1595053747892583608072,0,47588479870775286,0.04758847987077529,0.0,0,0,0,nan,0
vAMM-CREATOR/WETH,0.0011744526746405555,0x640A1f93fE0f9868b6C6d83794EC4BA988Db3B12,0xcf3E3389C09B6C368c815f2887839af099FEf4fC,0x0FD122a924c4528A78a8141bdDd38A0e5bA35FA5,0x4200000000000000000000000000000000000006,0x940181a94A35A4569E4529A3CDfB74e38FD98631,18,18,18,469990091070879925200670,655721852675604622,469990.09107087995,0.6557218526756047,469990746792732600805292,0,8173125897166755055589,8173.125897166755,0.0,0,0,0,nan,0
vAMM-EIGEN/KING,8.398703266813696e-06,0x6F01b54c399b27AA0D9D84931b1e730eE55D1080,0xA0e41131422843F4519B8C31D176C9cf902a543C,0x2081Ab0D9EC9e4303234Ab26D86b20B3367946ee,0xE22C243c7559C667a1EB94B593369D192c5fbac0,0x940181a94A35A4569E4529A3CDfB74e38FD98631,18,18,18,0,0,0.0,0.0,0,391528667131,58447360762001443292,58.44736076200144,4.123443771149618e-21,0.24100440567420944,0,0.24100440567420944,242.51573575385495,1783555200
vAMM-FLOCK/cbBTC,0.002364483329365981,0xd162C4444d5eFEaD433F080696D1f4Dc2BCD58Fb,0xC5a4F78f5a2F5A72E6a2F9f833939CFc4Be4fF91,0x5aB3D4c385B400F3aBB49e80DE2fAF6a88A7B691,0xcbB7C0000aB88B473b1f5aFd9ef808440eed33Bf,0x940181a94A35A4569E4529A3CDfB74e38FD98631,18,18,8,0,0,0.0,0.0,0,110209034716354,16454660413264166724005,16454.660413264166,3.8005345814369326e-21,62.5365059264118,0,62.5365059264118,263.1208790690474,1783555200
vAMM-VVV/DIEM,0.00028233382122583214,0xbB345D35450BF9Ee76F3D2cE214E8e7AC5e1071d,0x193446fb206192686CD790eA6Ab393e45b27364E,0xacfE6019Ed1A7Dc6f7B508C02d1b04ec88cC21bf,0xF4d97F2da56e8c3098f3a8D538DB630A2606a024,0x940181a94A35A4569E4529A3CDfB74e38FD98631,18,18,18,1898300592009855550,151112262179275397,1.8983005920098555,0.1511122621792754,2049412854189130947,13160766826062,1964787441616691373996,1964.7874416166915,8.840327542543152e-23,0.17369364535366932,0,0.17369364535366932,11311.798066164456,1783555200
vAMM-WETH/LCAP,0.025490640337589795,0xb8B1a52b1893F3369eDb63aeE516F2e8B7D45A53,0xF8f03483a2Cf356F8E0d95E43eAF7C77a5524348,0x4200000000000000000000000000000000000006,0x4dA9A0f397dB1397902070f93a4D6ddBC0E0E6e8,0x940181a94A35A4569E4529A3CDfB74e38FD98631,18,18,18,0,0,0.0,0.0,0,1188111989545066,177391747813321769936488,177391.74781332177,1.1496610140765296e-22,20.39403766798715,0,20.39403766798715,8698.216150290655,1783555200
vAMM-LCAP/USDC,0.01199550225794997,0x48D1036b0308884c163cde60AD5fBf87112Ac52f,0xac2A6d7B160422e85614EA5F0bEeE562509e44A8,0x4dA9A0f397dB1397902070f93a4D6ddBC0E0E6e8,0x833589fCD6eDb6E08f4c7C32D4f71b54bdA02913,0x940181a94A35A4569E4529A3CDfB74e38FD98631,18,18,6,0,0,0.0,0.0,0,559155261699939,83477821006264758796375,83477.82100626477,0.0,0,0,0,nan,0
vAMM-AERO/MAI,0.0004443581671243263,0x104DAaf3D7108B5e52A4c200E58A7083171B3054,0xb3c6adc4F8939e3C778929B09f9c5Df74E4Ef6A0,0x940181a94A35A4569E4529A3CDfB74e38FD98631,0xbf1aeA8670D2528E08334083616dD9C5F3B087aE,0x940181a94A35A4569E4529A3CDfB74e38FD98631,18,18,18,0,0,0.0,0.0,0,20711690382794,3092330003380430312729,3092.3300033804303,3.5178434717202974e-22,1.0878332914796651,0,1.0878332914796651,2842.65064105021,1783555200
vAMM-SYND/WETH,0.033829388834934915,0xA6f77321B8726FaAB89B72f28C2603b667448BC2,0xb41228D378ae3fE96eF1B1f927856a1Ca73BF903,0x11dC28D01984079b7efE7763b533e6ed9E3722B9,0x4200000000000000000000000000000000000006,0x940181a94A35A4569E4529A3CDfB74e38FD98631,18,18,18,127606065447269790992,1441287298592886,127.60606544726978,0.001441287298592886,127607506734568383878,1577065713493894,235421877732750303916278,235421.87773275032,0.0,0,0,0,nan,0
vAMM-WETH/PHI,0.0003388698377257415,0x99ba9f844FCDC60Fc9e52af59f165cD91F86360E,0xB27773092F3D548044d6d8527d468072426603Cc,0x4200000000000000000000000000000000000006,0xFb3aD5550ca5730A6F91350032c4Da1eFdfDE3E8,0x940181a94A35A4569E4529A3CDfB74e38FD98631,18,18,18,0,0,0.0,0.0,0,15793693106968,2358226862851332283501,2358.226862851332,2.4583448432589527e-23,0.0579733484752531,0,0.0579733484752531,40677.77564820119,1783555200
vAMM-kVCM/WETH,0.000132431622066025,0x5e710Fe3C079182a6a2be9cA3c200317d6C34A5D,0x3d4a5eAC08225e29EbbAeDE8721B23F57541Eb10,0x00fBAC94Fec8D4089d3fe979F39454F48c71A65d,0x4200000000000000000000000000000000000006,0x940181a94A35A4569E4529A3CDfB74e38FD98631,18,18,18,0,0,0.0,0.0,0,6172174129849,921604031633624534679,921.6040316336246,0.0,0,0,0,nan,0
vAMM-LCAP/eUSD,0.06754869953840462,0xe39E901F5C53fDA90eF90FeEF3ed1F0126b557a7,0xe3F63B420E0B046C8b27Ca54BBfE0AB64fd928C0,0x4dA9A0f397dB1397902070f93a4D6ddBC0E0E6e8,0xCfA3Ef56d303AE4fAabA0592388F19d7C3399FB4,0x940181a94A35A4569E4529A3CDfB74e38FD98631,18,18,18,0,0,0.0,0.0,0,3148312445904127,470077711463544181561155,470077.71146354417,1.6992241510902818e-22,79.87674002081033,0,79.87674002081033,5885.038765240977,1783555200
vAMM-kVCM/USDC,0.11574178983231144,0x5C0D76fab1822bDeb47308eD6028231761ED723E,0x57387e4639048B67C30C911a145368bC5B33fE3b,0x00fBAC94Fec8D4089d3fe979F39454F48c71A65d,0x833589fCD6eDb6E08f4c7C32D4f71b54bdA02913,0x940181a94A35A4569E4529A3CDfB74e38FD98631,18,18,6,521905274169425771,479060,0.5219052741694258,0.47906,521905274169904831,5394444374089055,805457929713867727194159,805457.9297138677,5.702929580783992e-23,45.934698534422495,0,45.934698534422495,17534.84741192488,1783555200
vAMM-FLOCK/DGLD,0.0011514283775327556,0x2b1CEd170A3cB7CFB1e21657B4BCc3Dd0594639a,0x89f0D55D0A78Ac4F50E9C3bFB61E103250AD566C,0x5aB3D4c385B400F3aBB49e80DE2fAF6a88A7B691,0xd02f50E1017F493ffFFa70c8fCf09e349e11d6c9,0x940181a94A35A4569E4529A3CDfB74e38FD98631,18,18,18,2754982414540349507586,4100697378078896,2754.9824145403495,0.004100697378078896,2754986515237727586482,0,8012897662330970622412,8012.897662330971,0.0,0,0,0,nan,0
vAMM-PHNM/USDC,0.002007425508828264,0xF687f5a1A37B03fAB632AB0f9E41A62b2b0EA4D8,0x19c38452e702d749978Ecc82AB66ADDF28A37AF1,0x3fDa9cc61B1FEf8b2fFd715F0A9EeF7182e48F37,0x833589fCD6eDb6E08f4c7C32D4f71b54bdA02913,0x940181a94A35A4569E4529A3CDfB74e38FD98631,18,18,6,0,0,0.0,0.0,0,93566189769680,13969861678640072747091,13969.861678640073,9.610779266748687e-23,1.3426125698042104,0,1.3426125698042104,10404.983531978447,1783555200
vAMM-SOL/fBOMB,0.18586065381222514,0xB8fA852a85Af20284906a898595f59BdD8C66cbE,0x96f03A43be421aeb8768d7eaA7E4bEd1B4782E39,0x311935Cd80B76769bF2ecC9D8Ab7635b2139cf82,0x74ccbe53F77b08632ce0CB91D3A545bF6B8E0979,0x940181a94A35A4569E4529A3CDfB74e38FD98631,18,9,18,0,141575202118412404332,0.0,141.5752021184124,141575202118412404332,8663660786127142,1293421655667782055980382,1293421.655667782,0.0,0,0,0,nan,0
sAMM-msUSD/frxUSD,0.007716213226556909,0xA678C47022f2E5286C51cC433be1599BBA88DF05,0x90C2eafBb37fDFB54bDAc0C12F59b14417F280cb,0x526728DBc96689597F85ae4cd716d4f7fCcBAE9d,0xe5020A6d073a794B6E7f05678707dE47986Fb0b6,0x940181a94A35A4569E4529A3CDfB74e38FD98631,18,18,18,0,271813766585877277,0.0,0.2718137665858773,271813766585877277,363561900238464,53697848803770932544376,53697.84880377093,6.7652372103167575e-21,12.11959424678723,351.1590905944471,363.27868484123434,147.81447699646566,1783555200
vAMM-OFC/USDC,3.2015810379186666e-05,0x66E1031dB440890a824F0dB80489Be979BD16a86,0xB62982Dd4851C3e149529cD1bDBd88e4dDC6125C,0x752C5a95d202972E124390F30a50154409d3c858,0x833589fCD6eDb6E08f4c7C32D4f71b54bdA02913,0x940181a94A35A4569E4529A3CDfB74e38FD98631,18,18,6,0,0,0.0,0.0,0,1492519923581,222801015808487407775,222.80101580848742,0.0,0,0,0,nan,0
sAMM-eUSD/frxUSD,0.003592641612565032,0x0cd7AdBda66220D98aE8f85564Cc7E87dA5B67CF,0x93c6506b5e5CD71f49e5B0F728A3b1d922d503c8,0xCfA3Ef56d303AE4fAabA0592388F19d7C3399FB4,0xe5020A6d073a794B6E7f05678707dE47986Fb0b6,0x940181a94A35A4569E4529A3CDfB74e38FD98631,18,18,18,0,0,0.0,0.0,0,167484754269131,25001528658343644788878,25001.528658343646,1.130102621580815e-21,1.2395669167366123,27.014726163585415,28.25429308032203,884.875391759711,1783555200
vAMM-GITLAWB/USDC,1.3111969924824876e-05,0x8355378e9666B4002227fAB20484b6Df5c04B510,0x918D91145Ae06C1Cd93c0daFf5f4eE969f72Cf3f,0x5F980Dcfc4c0fa3911554cf5ab288ed0eb13DBa3,0x833589fCD6eDb6E08f4c7C32D4f71b54bdA02913,0x940181a94A35A4569E4529A3CDfB74e38FD98631,18,18,6,0,0,0.0,0.0,0,611165655526,91247423816592873388,91.24742381659287,1.903940019788305e-20,1.7372962190699566,0,1.7372962190699566,52.522662983426756,1783555200
vAMM-HYPE/AVNT,2.364172295342273e-05,0x92C6B33BC74e4146B59b07b84a4B0906Aa71d686,0xC950c64FE525Ff844650850684d5Af8d3a3E27B7,0x15D0e0c55a3E7eE67152aD7E89acf164253Ff68d,0x696F9436B67233384889472Cd7cD58A6fB5DF4f1,0x940181a94A35A4569E4529A3CDfB74e38FD98631,18,18,18,0,0,0.0,0.0,0,1102000043070,164524958984318876828,164.52495898431889,2.1960027921021728e-23,0.003612972693000597,0,0.003612972693000597,45537.28272097176,1783555200
CL-WETH/wstETH,0.19516401767304883,0x861A2922bE165a5Bd41b1E482B49216b465e1B5F,0x2A1f7bf46bd975b5004b61c6040597E1B6117040,0x4200000000000000000000000000000000000006,0xc1CBa3fCea344f92D9239c08C0568f6F2F0ee452,0x940181a94A35A4569E4529A3CDfB74e38FD98631,18,18,18,3744165934622553,383287926915512,0.003744165934622553,0.000383287926915512,4127453861538065,9096843989137911,1358164634029966660328385,1358164.6340299668,0.0,0,0,0,nan,0
CL-WETH/DEGEN,0.02247173481163269,0xaFB62448929664Bfccb0aAe22f232520e765bA88,0x319e23D38d8ee58783Ff5331507b808709bd00b0,0x4200000000000000000000000000000000000006,0x4ed4E862860beD51a9570b96d89aF5E1B0Efefed,0x940181a94A35A4569E4529A3CDfB74e38FD98631,18,18,18,731533993794578,561388455851549506857,0.000731533993794578,561.3884558515495,561389187385543301435,1049802110994864,156382902188400063965707,156382.90218840007,0.0,0,0,0,nan,0
CL-ezETH/WETH,0.0008152789213653056,0xDC7EAd706795eDa3FEDa08Ad519d9452BAdF2C0d,0xC6B4fe83Fb284bDdE1f1d19F0B5beB31011B280A,0x2416092f143378750bb29b79eD961ab195CcEea5,0x4200000000000000000000000000000000000006,0x940181a94A35A4569E4529A3CDfB74e38FD98631,18,18,18,39353223208767906,87316088250479674,0.039353223208767905,0.08731608825047968,126669311459247580,10358,5673602188921152006126,5673.6021889211515,0.0,0,0,0,nan,0
CL-WETH/BRETT,0.584660613931408,0x4e829F8A5213c42535AB84AA40BD4aDCCE9cBa02,0xFd73Ab1100a60Ba64686ef9dcdE36d0209773f6a,0x4200000000000000000000000000000000000006,0x532f27101965dd16442E59d40670FaF5eBB142E4,0x940181a94A35A4569E4529A3CDfB74e38FD98631,18,18,18,13702899108633463,2812272832220701685240,0.013702899108633463,2812.2728322207017,2812286535119810318703,27251777530208523,4068707839793272054619145,4068707.839793272,0.0,0,0,0,nan,0
CL-AERO/wstETH,0.5429570955635911,0x565aecF84b5d30a6E79a5CEf3f0dA0Fc4280dEBC,0x45F8b8eC9c92D09BA8495074436fD97073423041,0x940181a94A35A4569E4529A3CDfB74e38FD98631,0xc1CBa3fCea344f92D9239c08C0568f6F2F0ee452,0x940181a94A35A4569E4529A3CDfB74e38FD98631,18,18,18,1,38026046401607011,1e-18,0.03802604640160701,38026046401607012,25321355153347143,3778489158926210532409066,3778489.158926211,0.0,0,0,0,nan,0
CL-WETH/TOSHI,0.18990846595562091,0x74E4c08Bb50619b70550733D32b7e60424E9628e,0x527B83782B2eF0C5506e79333ca709D81644952f,0x4200000000000000000000000000000000000006,0xAC1Bd2486aAf3B5C0fc3Fd868558b082a531B2B4,0x940181a94A35A4569E4529A3CDfB74e38FD98631,18,18,18,3512705423696353,51318210054700018570482,0.003512705423696353,51318.210054700015,51318213567405442266835,8856724917453888,1321590758578786525307752,1321590.7585787864,0.0,0,0,0,nan,0
CL-weETH/WETH,0.06658912731633881,0xbD3cd0D9d429b41F0a2e1C026552Bd598294d5E0,0xfCfEE5f453728BaA5ffDA151f25A0e53B8C5A01C,0x04C0599Ae5A44757c0af6F9eC3b93da8976c150A,0x4200000000000000000000000000000000000006,0x940181a94A35A4569E4529A3CDfB74e38FD98631,18,18,18,1065989354694533,1450459491375280,0.001065989354694533,0.00145045949137528,2516448846069813,3103845286930655,463399958713082663345180,463399.95871308265,0.0,0,0,0,nan,0
CL-USDC/axlUSDC,0.0009812513370136687,0x43B97febdaDaD12Afde21bAa96eb762bc26D13f3,0x956d84430523fd383E790956eEaAB5b448620cdc,0x833589fCD6eDb6E08f4c7C32D4f71b54bdA02913,0xEB466342C4d449BC9f53A865D5Cb90586f405215,0x940181a94A35A4569E4529A3CDfB74e38FD98631,18,6,6,322726,1031768,0.322726,1.031768,1354494,45737982466950,6828619736959967266241,6828.619736959967,0.0,0,0,0,nan,0
CL-WETH/NORMILIO,1.035501195660702e-05,0x2b5fD674f93E329d54371DBa980a67F3ff3BC119,0xdF628e37E89486FbeF037FBf73EBC90D1367d786,0x4200000000000000000000000000000000000006,0xcDE90558fc317C69580DeeAF3eFC509428Df9080,0x940181a94A35A4569E4529A3CDfB74e38FD98631,18,18,18,9060568056509008,26944435153605021332817,0.009060568056509007,26944.43515360502,26944444214173077841825,0,72061495720905346009,72.06149572090534,0.0,0,0,0,nan,0
CL-USDC/USD+,0.0004469598679780896,0x0c1A09d5D0445047DA3Ab4994262b22404288A3B,0xeA22A3AAdA580bD75Fb6caC35034e09046cbFf72,0x833589fCD6eDb6E08f4c7C32D4f71b54bdA02913,0xB79DD08EA68A908A97220C76d19A6aA9cBDE4376,0x940181a94A35A4569E4529A3CDfB74e38FD98631,18,6,6,32989,19756,0.032989,0.019756,52745,20833645605241,3110435482710264954251,3110.4354827102648,0.0,0,0,0,nan,1783555200
CL-HIGHER/WETH,0.00032964745766728116,0xd9932A538e4c7621D9Ab1b45DE31a5D60E672B1c,0x63806fa58774B013458aA4C9a7FDD8a72db5Fe70,0x0578d8A44db98B23BF096A382e016e29a5Ce0ffe,0x4200000000000000000000000000000000000006,0x940181a94A35A4569E4529A3CDfB74e38FD98631,18,18,18,1022063198978189248661,180955864178333,1022.0631989781892,0.000180955864178333,1022063379934053426994,0,2294047458336471493116,2294.0474583364717,0.0,0,0,0,nan,0
CL-WETH/KEYCAT,0.009453062650798483,0xB211a9DDff3a10806c8fdb92Dbc4c34596A23F84,0xA9edd05F8d82f4050d4649FEf30bEC9378f499e7,0x4200000000000000000000000000000000000006,0x9a26F5433671751C3276a065f57e5a02D2817973,0x940181a94A35A4569E4529A3CDfB74e38FD98631,18,18,18,422638355374789,867181973932143082180,0.000422638355374789,867.1819739321431,867182396570498456969,440629518175462,65784746228643784509235,65784.74622864378,0.0,0,0,0,nan,0
CL-WETH/ROOST,9.81026779798582e-06,0xAA500dbEDa452Cc2807185DA993b6E3779333Aca,0x4A7212433200428571B069AeC82620573eE2cbc0,0x4200000000000000000000000000000000000006,0xE1aBD004250AC8D1F199421d647e01d094FAa180,0x0000000000000000000000000000000000000000,18,18,18,0,0,0.0,0.0,0,0,68270570223187968200,68.27057022318797,0.0,0,0,0,nan,0
CL-tBTC/cbETH,1.427147749924257e-08,0xEeB9b3B819C93Db45B731730af290ab6aF82f0D2,0xFC9C7A01517F958736c468229D59cFe34F80C83f,0x236aa50979D5f3De3Bd1Eeb40E81137F22ab794b,0x2Ae3F1Ec7F1F5012CFEab0185bfc7aa3cf0DEc22,0x0000000000000000000000000000000000000000,18,18,18,0,0,0.0,0.0,0,0,99316545364921468,0.09931654536492147,0.0,0,0,0,nan,0
CL-WETH/AERO,0.08951090494622169,0x82321f3BEB69f503380D6B233857d5C43562e2D0,0xdE8FF0D3e8ab225110B088a250b546015C567E27,0x4200000000000000000000000000000000000006,0x940181a94A35A4569E4529A3CDfB74e38FD98631,0x940181a94A35A4569E4529A3CDfB74e38FD98631,18,18,18,3074232544341332918,12206492031838800307206,3.0742325443413328,12206.4920318388,12209566264383141640124,0,622914750923190228088932,622914.7509231901,0.0,0,0,0,nan,0
CL-Mog/WETH,0.004387725893758816,0xC29dc26B28FFF463e32834Ce6325B5c74fAC7098,0x44e6F4D58A81531338d11aE6374F199A35c787Be,0x2Da56AcB9Ea78330f947bD57C54119Debda7AF71,0x4200000000000000000000000000000000000006,0x940181a94A35A4569E4529A3CDfB74e38FD98631,18,18,18,115033447947451164373554442,9046794490560920,115033447.94745116,0.00904679449056092,115033447956497958864115362,0,30534594459436024924486,30534.594459436026,0.0,0,0,0,nan,0
CL-WETH/DOG,0.0013483585606154105,0xa4eb9849F46e1E9Db3700BCDadB62096a7bc4aAB,0x3E848AF39c45Cf45c97A622440411C4141dF3e82,0x4200000000000000000000000000000000000006,0xAfb89a09D82FBDE58f18Ac6437B3fC81724e4dF6,0x940181a94A35A4569E4529A3CDfB74e38FD98631,18,18,18,1,1,1e-18,1e-18,2,62850792384933,9383353206467085303379,9383.353206467085,0.0,0,0,0,nan,0
CL-LUSD/USDC,3.1926285886684054e-08,0x95b9Ff408700af5a1092Cd218E33084a71e4bE97,0xBF58afee32FFa0Bd24E4c6e43b443aa9679b7c64,0x368181499736d0c0CC614DBB145E2EC1AC86b8c6,0x833589fCD6eDb6E08f4c7C32D4f71b54bdA02913,0x0000000000000000000000000000000000000000,18,18,6,0,0,0.0,0.0,0,0,222178006500489750,0.22217800650048977,0.0,0,0,0,nan,0
CL-USDC/rgUSD,0.0004235032927009174,0xDEfE76cd3c5c25728Fd45De93b000C23048c992f,0x601377635D6C852e27CC49633694449B6E9475c8,0x833589fCD6eDb6E08f4c7C32D4f71b54bdA02913,0x8E5E9DF4F0EA39aE5270e79bbABFCc34203A3470,0x940181a94A35A4569E4529A3CDfB74e38FD98631,18,6,18,6040934,9113978706070155399,6.040934,9.113978706070155,9113978706076196333,0,2947198983704145597644,2947.198983704146,0.0,0,0,0,nan,0
CL-WETH/bsdETH,0.13507071716326258,0x2ae9DF02539887d4EbcE0230168a302d34784c82,0x0b537aC41400433F09d97Cd370C1ea9CE78D8a74,0x4200000000000000000000000000000000000006,0xCb327b99fF831bF8223cCEd12B1338FF3aA322Ff,0x940181a94A35A4569E4529A3CDfB74e38FD98631,18,18,18,8613847925316,1,8.613847925316e-06,1e-18,8613847925317,6296026776318105,939969740997707124553748,939969.7409977071,0.0,0,0,0,nan,0
CL-tBTC/USDC,0.10773122653479393,0xf81e1a62cBfA487E807044618661bFD4802B4982,0x37E1a626b09faDE99E94752942a88f17EA2170fd,0x236aa50979D5f3De3Bd1Eeb40E81137F22ab794b,0x833589fCD6eDb6E08f4c7C32D4f71b54bdA02913,0x940181a94A35A4569E4529A3CDfB74e38FD98631,18,18,6,376378126329060,40958061,0.00037637812632906,40.958061,376378167287121,5021656071380825,749711671263844134599782,749711.6712638442,0.0,0,0,0,nan,0
CL-tBTC/SATS,4.507192701063383e-07,0x86BB57004D5E55a6Ab978287211a53CD3615cAF9,0x1e210791d844A37435d0B1aCCeFD1c94013218A7,0x236aa50979D5f3De3Bd1Eeb40E81137F22ab794b,0x9d36F8f62347538440a212e9162f534f797542df,0x0000000000000000000000000000000000000000,18,18,18,0,0,0.0,0.0,0,0,3136597513378429026,3.1365975133784287,0.0,0,0,0,nan,0
CL-tBTC/WETH,0.010748599110643511,0xA33f162da19C7273BA1205BFD9D4340dA2446E3a,0x996802075582Af2eE133fb30Cc5A9E8A671d3c3a,0x236aa50979D5f3De3Bd1Eeb40E81137F22ab794b,0x4200000000000000000000000000000000000006,0x940181a94A35A4569E4529A3CDfB74e38FD98631,18,18,18,5686056670798,67933497078543,5.686056670798e-06,6.7933497078543e-05,73619553749341,501027467102071,74800505500445700278263,74800.5055004457,4.8714348495822265e-21,364.3857892612382,0,364.3857892612382,205.27832781870413,1783555200
CL-PSTAKE/USDC,0.00013762864814982986,0x178904D6F5f49074fC3fDb918F0170E0DBB1677e,0xBb9FA2e124dD7fA35621aDe57d42C2d40cB9Ab7A,0x38815A4455921667d673B4cb3d48F0383eE93400,0x833589fCD6eDb6E08f4c7C32D4f71b54bdA02913,0x940181a94A35A4569E4529A3CDfB74e38FD98631,18,18,6,649390065549659859865,21880327,649.3900655496599,21.880327,649390065549681740192,0,957770621732111206974,957.7706217321113,0.0,0,0,0,nan,0
CL-WETH/SPEC,0.0003253873087866625,0xfD7aBC461df4e496A25898CaB0c6EA88cDd94Cf9,0x79eFe300783f448283E54ce7caD08118A52849f6,0x4200000000000000000000000000000000000006,0x96419929d7949D6A801A6909c145C8EEf6A40431,0x940181a94A35A4569E4529A3CDfB74e38FD98631,18,18,18,3835156149505460,71099068390784953766,0.00383515614950546,71.09906839078495,71102903546934459226,0,2264400684231565880935,2264.4006842315657,0.0,0,0,0,nan,0
CL-WETH/SKI,0.005168013175060508,0xe782B72A1157b7bEa1A9452835Cce214962aD43B,0x1Dd8e44b202fe7D3E85ce7788311374E2E9df950,0x4200000000000000000000000000000000000006,0x768BE13e1680b5ebE0024C42c896E3dB59ec0149,0x940181a94A35A4569E4529A3CDfB74e38FD98631,18,18,9,30937939912388,47428219403,3.0937939912388e-05,47.428219403,30985368131791,240898048610511,35964686555729739538205,35964.686555729735,7.095699550785423e-22,25.519461023763007,0,25.519461023763007,1409.304315723613,1783555200
CL-WETH/BENJI,0.00039894726280170247,0xeBeC4772aBA30d82bC64BBB99187B4Ca29928e2E,0x6c44652cbF0fc9c31149682Eba60aA0D601B6787,0x4200000000000000000000000000000000000006,0xBC45647eA894030a4E9801Ec03479739FA2485F0,0x940181a94A35A4569E4529A3CDfB74e38FD98631,18,18,18,61139346501260,53456025380412226412,6.113934650126e-05,53.45602538041223,53456086519758727672,18596240731585,2776311277256288763003,2776.3112772562886,3.2397160619385833e-21,8.994460237868422,0,8.994460237868422,308.6690255817108,1783555200
CL-DOLA/USD+,1.4312578341457016e-10,0x96331Fcb46A7757854d9E26AFf3aCA2815D623fD,0xCB4B8aeD321e22B0B87D9e41538408404433Ac70,0x4621b7A9c75199271F773Ebd9A499dbd165c3191,0xB79DD08EA68A908A97220C76d19A6aA9cBDE4376,0x940181a94A35A4569E4529A3CDfB74e38FD98631,18,18,6,4809113490617385606,9258347,4.809113490617386,9.258347,4809113490626643953,0,996025699661265,0.000996025699661265,0.0,0,0,0,nan,0
CL-USD+/USDbC,9.995947157147644e-05,0x20086910E220D5f4c9695B784d304A72a0de403B,0x7E62007c19C9b9D581354B29c57c61C41b50851a,0xB79DD08EA68A908A97220C76d19A6aA9cBDE4376,0xd9aAEc86B65D86f6A7B5B1b0c42FFA531710b6CA,0x940181a94A35A4569E4529A3CDfB74e38FD98631,18,6,6,2918,3040,0.002918,0.00304,5958,4659438903505,695627302324444464183,695.6273023244445,0.0,0,0,0,nan,1783555200
CL-WETH/RSC,0.28291541638699513,0x6cCa90E732942D73c276F73b805cA2948f6B3018,0xe3d65bd2dF47B6B39d9f58ee7368259412326A19,0x4200000000000000000000000000000000000006,0xFbB75A59193A3525a8825BeBe7D4b56899E2f7e1,0x940181a94A35A4569E4529A3CDfB74e38FD98631,18,18,18,12616177031817244,302244929743450727044,0.012616177031817244,302.2449297434507,302257545920482544288,13241493551619184,1968834816684250452180618,1968834.8166842505,2.7977904952995252e-21,5508.387336933979,0,5508.387336933979,357.4249042878896,1783555200
CL-WETH/TN100x,2.80301675826256e-06,0xF9b787C6E6111442778A9f6f8850F2d446d44a7c,0x8c5D5de27801DF39a21c396A07C4Ea02f01325B6,0x4200000000000000000000000000000000000006,0x5B5dee44552546ECEA05EDeA01DCD7Be7aa6144A,0x0000000000000000000000000000000000000000,18,18,18,0,0,0.0,0.0,0,0,19506455519086473360,19.506455519086472,0.0,0,0,0,nan,0
CL-TYBG/WETH,0.0006801650983046291,0x8d628d22d298b4a6E3DC9171d4b7aa5229e2353c,0xCc0AbE95Dc41bD7c05f4b1a2F7585A06D3eB8CD8,0x0d97F261b1e88845184f678e2d1e7a98D9FD38dE,0x4200000000000000000000000000000000000006,0x940181a94A35A4569E4529A3CDfB74e38FD98631,18,18,18,1,1,1e-18,1e-18,2,31705041219900,4733332469955765928624,4733.332469955766,2.3366908773323833e-22,1.1060334801926797,0,1.1060334801926797,4279.5562292844725,1783555200
CL-USD+/sFRAX,0.00011856920846384206,0x8e62bE92c6Fb091428d0d6cBa0C0e32529B27e51,0x472b62c9A91E39C2F473BC49bF15Bd0195040E43,0xB79DD08EA68A908A97220C76d19A6aA9cBDE4376,0xe4796cCB6bB5DE2290C417Ac337F2b66CA2E770E,0x0000000000000000000000000000000000000000,18,6,18,0,0,0.0,0.0,0,0,825134200149002290933,825.1342001490023,0.0,0,0,0,nan,0
CL-TKN/USD+,2.82104573023315e-07,0x6f8e210030f6eE6933b032628a0e148a1CcfF6a6,0x72E51ee5e566d4546a3fB695cb0502A7dc6403cD,0x78b3C724A2F663D11373C4a1978689271895256f,0xB79DD08EA68A908A97220C76d19A6aA9cBDE4376,0x0000000000000000000000000000000000000000,18,18,6,0,0,0.0,0.0,0,0,1963192081955693941,1.9631920819556938,0.0,0,0,0,nan,0
CL-USDC/AERO,3.3241792845200258,0xBE00fF35AF70E8415D0eB605a286D8A45466A4c1,0x430C09546ae9249AB75B9A4ef7B5FD9a4006D6f3,0x833589fCD6eDb6E08f4c7C32D4f71b54bdA02913,0x940181a94A35A4569E4529A3CDfB74e38FD98631,0x940181a94A35A4569E4529A3CDfB74e38FD98631,18,6,18,429712252,251200879135583795253,429.712252,251.2008791355838,251200879136013507505,154953370739652947,23133274233847696462336198,23133274.233847696,0.0,0,0,0,nan,0
CL-PRE/AERO,1.3694754937408468e-05,0xc286ecD3910c62dF30fBBFD2C95A3043076d3912,0x35984A6297D9C88A48C20fC99D408555f882dCbF,0x3816dD4bd44c8830c2FA020A5605bAC72FA3De7A,0x940181a94A35A4569E4529A3CDfB74e38FD98631,0x940181a94A35A4569E4529A3CDfB74e38FD98631,18,18,18,10845872092820188868301,59872403275789373174,10845.87209282019,59.872403275789374,10905744496095978241475,0,95303079171360909523,95.30307917136092,0.0,0,0,0,nan,0
CL-WETH/CHOMP,0.0006728439966336342,0x0a7021C9843c2fB3b98c02Ed7f93354774286109,0x243Bc7b24dC4f2552EA9336391E79967d3387652,0x4200000000000000000000000000000000000006,0xebfF2db643Cf955247339c8c6bCD8406308ca437,0x940181a94A35A4569E4529A3CDfB74e38FD98631,18,18,18,37175337436037741,1514299932063859365110,0.03717533743603774,1514.2999320638594,1514337107401295402851,0,4682384239384183133845,4682.384239384183,0.0,0,0,0,nan,0
CL-WETH/SKR,3.1931672046925916e-10,0x4b1f694A027103F10B625b6D8928181d86D450AF,0x22766847029648Ca9639dF9a41d9384c1708C32A,0x4200000000000000000000000000000000000006,0xe2dCA969624795985F2f083BcD0b674337ba130a,0x940181a94A35A4569E4529A3CDfB74e38FD98631,18,18,18,6026251664767845,6040898966126301698991,0.006026251664767845,6040.898966126301,6040904992377966466836,0,2222154892928658,0.002222154892928658,0.0,0,0,0,nan,0
CL-RFL/USDC,0.0034048481454063326,0x51c230951b82Dbf7b8696B6fCd2be199cC10779f,0x3d27729DC4683bA7ba97562CDBb3Bb1Ce16540da,0x6e2c81b6c2C0e02360F00a0dA694e489acB0b05e,0x833589fCD6eDb6E08f4c7C32D4f71b54bdA02913,0x940181a94A35A4569E4529A3CDfB74e38FD98631,18,18,6,1,1,1e-18,1e-06,2,158714291916182,23694656374006392407181,23694.65637400639,0.0,0,0,0,nan,0
CL-WETH/ZRO,0.0006767192215705326,0xA4463789e8F3c6A599B3dFB608DDe55513Bcf289,0x46e078FeDCD91a813306D5637d7ec5C7Dc201EC3,0x4200000000000000000000000000000000000006,0x6985884C4392D348587B19cb9eAAf157F13271cd,0x940181a94A35A4569E4529A3CDfB74e38FD98631,18,18,18,295946924418852616,383856117706572684502,0.2959469244188526,383.85611770657266,384152064630991537118,0,4709352291799581287987,4709.3522917995815,0.0,0,0,0,nan,0
CL-wXCH/USDC,0.0003827612422599321,0x113138dC05b05AfbE25E8C31ca9DE9b445CAcA48,0xcbbc1c52E14A6163f32aB83Ba7aF70B3CeD3612d,0x36be1d329444aeF5D28df3662Ec5B4F965Cd93E9,0x833589fCD6eDb6E08f4c7C32D4f71b54bdA02913,0x940181a94A35A4569E4529A3CDfB74e38FD98631,18,18,6,32289600480557471,922,0.03228960048055747,0.000922,32289600480558393,17842111290690,2663671247974134557105,2663.6712479741345,0.0,0,0,0,nan,0
CL-WETH/RDNT,0.00019614520938606044,0x2092f4acbb18BB1649595DF59B9Cb601bBA1EBB7,0x8D88C541f22de965536bD1849013caEE6ce90e11,0x4200000000000000000000000000000000000006,0xd722E55C1d9D9fA0021A5215Cbb904b92B3dC5d4,0x940181a94A35A4569E4529A3CDfB74e38FD98631,18,18,18,1,1,1e-18,1e-18,2,9141550616248,1364992838837925396240,1364.9928388379253,0.0,0,0,0,nan,0
CL-WETH/PRIME,3.59100107768951e-06,0x8216144205B2Ac3523BAc7a8dC46d3c970e84876,0x7396905bE2C4c89C7c0445C7F72681515391730a,0x4200000000000000000000000000000000000006,0xfA980cEd6895AC314E7dE34Ef1bFAE90a5AdD21b,0x940181a94A35A4569E4529A3CDfB74e38FD98631,18,18,18,12361981496206798,8141125681473876625,0.012361981496206797,8.141125681473877,8153487662970083423,0,24990112022862409873,24.99011202286241,0.0,0,0,0,nan,0
CL-WETH/BOOMER,0.000101494036133195,0xa7423f6BEc29a511d365B0c934e8000720128aE3,0x25206a301486De7fE19eAB25ACE698Aa7DB03Db6,0x4200000000000000000000000000000000000006,0xcdE172dc5ffC46D228838446c57C1227e0B82049,0x0000000000000000000000000000000000000000,18,18,18,0,0,0.0,0.0,0,0,706306480490644298734,706.3064804906443,0.0,0,0,0,nan,0
CL-WETH/APX,5.794767798192828e-08,0x0C9A0e17eAB266DCF8dcFB4bc12792a9712FEd1E,0x1d94aE3D754D68A42CcC095A9305f3A2A2F3d9e8,0x4200000000000000000000000000000000000006,0xcacf1ca03983CE6c7E235fb20C70aCC70ed13509,0x940181a94A35A4569E4529A3CDfB74e38FD98631,18,18,18,383152318665648,29781800909252207973379,0.000383152318665648,29781.800909252208,29781801292404526639027,0,403263305385828815,0.4032633053858288,0.0,0,0,0,nan,0
CL-USDz/WETH,0.005922812113018096,0xcf88B8bf7CCCe2D836878E538197eB20fC673BCE,0x549690894f61bf0D3a5799D03fDED6e775A424aA,0x04D5ddf5f3a8939889F11E97f8c4BB48317F1938,0x4200000000000000000000000000000000000006,0x940181a94A35A4569E4529A3CDfB74e38FD98631,18,18,18,88983816857775562,38436531852916,0.08898381685777557,3.8436531852916e-05,89022253389628478,276038792337369,41217402889202427462235,41217.40288920243,1.212081737551942e-22,4.995886131132291,0,4.995886131132291,8250.26868253715,1783555200
CL-EXTRA/WETH,0.005860072726018626,0x5A1401c002f67ca00557E7179D34C3FE6d753b28,0x283a6fFdd95F1145988e324F01663fF95247CcE0,0x2dAD3a13ef0C6366220f989157009e501e7938F8,0x4200000000000000000000000000000000000006,0x940181a94A35A4569E4529A3CDfB74e38FD98631,18,18,18,116120965081086232,1,0.11612096508108623,1e-18,116120965081086233,273114758231803,40780793633052817275885,40780.79363305282,6.441353525178875e-22,26.2683508827857,0,26.2683508827857,1552.468741377194,1783555200
CL-WETH/MIGGLES,0.0017048787237164285,0x326841EFD63340767e02ec88E583f18a82AF4A48,0xAfabcBbab5e4261B1d655c906738176191819164,0x4200000000000000000000000000000000000006,0xB1a03EdA10342529bBF8EB700a06C60441fEf25d,0x940181a94A35A4569E4529A3CDfB74e38FD98631,18,18,18,2630315345531,304615236457491267689,2.630315345531e-06,304.6152364574913,304615239087806613220,79457638533218,11864410332753463187747,11864.410332753463,4.656998260314487e-21,55.2525382792901,0,55.2525382792901,214.73059342145214,1783555200
CL-USDC/USDT,0.05495754738247484,0xa41Bc0AFfbA7Fd420d186b84899d7ab2aC57fcD1,0xBd85D45f1636fCEB2359d9Dcf839f12b3cF5AF3F,0x833589fCD6eDb6E08f4c7C32D4f71b54bdA02913,0xfde4C96c8593536E31F229EA8f37b2ADa2699bb2,0x940181a94A35A4569E4529A3CDfB74e38FD98631,18,6,6,3300650,3429333,3.30065,3.429333,6729983,2561353411150462,382454707163015640998218,382454.7071630157,9.136283879147565e-22,349.42147755575627,0,349.42147755575627,1094.5369181034052,1783555200
CL-WETH/USDT,1.0363566351640552,0x9785eF59E2b499fB741674ecf6fAF912Df7b3C1b,0x2c0CbF25Bb64687d11ea2E4a3dc893D56Ca39c10,0x4200000000000000000000000000000000000006,0xfde4C96c8593536E31F229EA8f37b2ADa2699bb2,0x940181a94A35A4569E4529A3CDfB74e38FD98631,18,18,6,90415572864850291,164688710,0.09041557286485029,164.68871,90415573029539001,48311507527352050,7212102655521892208698875,7212102.655521892,1.4492776375095671e-21,10452.339098071243,0,10452.339098071243,689.9989167833957,1783555200
CL-BITCOIN/WETH,0.002881134388380588,0xfD22D75b2FB405EE185155D57B0277b9DB2F8E29,0x4D046a24DA2B4C01B89Df7eAe9b4794586489769,0x2a06A17CBC6d0032Cac2c6696DA90f29D39a1a29,0x4200000000000000000000000000000000000006,0x940181a94A35A4569E4529A3CDfB74e38FD98631,18,8,18,112608564,1,1.12608564,1e-18,112608565,134284024936767,20050083405955864452276,20050.083405955866,3.2542434128294192e-21,65.24785185051232,0,65.24785185051232,307.29108832413516,1783555200
CL-WETH/PEPE,0.0016189551067895347,0x3333E1d9174720D6eC2cF815e65B82915a9eaE1e,0x399fFB6b1263a12Ed23c27BA07043f07D74c19DA,0x4200000000000000000000000000000000000006,0xB4fDe59a779991bfB6a52253B51947828b982be3,0x940181a94A35A4569E4529A3CDfB74e38FD98631,18,18,18,10577489162659030,7524774849310132359640973,0.01057748916265903,7524774.849310133,7524774859887621522300003,0,11266459854333068139299,11266.459854333069,0.0,0,0,0,nan,0
CL-USD+/USDT,8.792696435383125e-08,0xE9C137071861fbA0359eEcCB5865C2588D1Be2BE,0x9cc802bf83AED8e8C1B19d051Dd2D85e1f931973,0xB79DD08EA68A908A97220C76d19A6aA9cBDE4376,0xfde4C96c8593536E31F229EA8f37b2ADa2699bb2,0x940181a94A35A4569E4529A3CDfB74e38FD98631,18,6,6,15744606,15776720,15.744606,15.77672,31521326,0,611891960346122493,0.6118919603461225,0.0,0,0,0,nan,0
CL-BRETT/USD+,0.00018682752912066114,0xFAD14c545E464e04c737d00643296144eb20c7F8,0x5E3F10AcAa0CE7315Fd9c29839569Ad827a6500a,0x532f27101965dd16442E59d40670FaF5eBB142E4,0xB79DD08EA68A908A97220C76d19A6aA9cBDE4376,0x940181a94A35A4569E4529A3CDfB74e38FD98631,18,18,6,1,1,1e-18,1e-06,2,8707664828301,1300150231278653767368,1300.1502312786538,5.221631641296539e-21,6.788905586083631,0,6.788905586083631,191.51101967654282,1783555200
CL-EURC/USDC,0.5481469903873898,0xE846373C1a92B167b4E9cd5d8E4d6B1Db9E90EC7,0x1f6c9d116CE22b51b0BC666f86B038a6c19900B8,0x60a3E35Cc302bFA44Cb288Bc5a4F316Fdb1adb42,0x833589fCD6eDb6E08f4c7C32D4f71b54bdA02913,0x940181a94A35A4569E4529A3CDfB74e38FD98631,18,6,6,18549841,36112914,18.549841,36.112914,54662755,25548056495749766,3814606121920008926101753,3814606.1219200087,5.747585054580008e-22,2192.4773135456844,0,2192.4773135456844,1739.8611599547228,1783555200
CL-WETH/superOETHb,0.01221076994290926,0x6446021F4E396dA3df4235C62537431372195D38,0xdD234DBe2efF53BED9E8fC0e427ebcd74ed4F429,0x4200000000000000000000000000000000000006,0xDBFeFD2e8460a6Ee4955A68582F85708BAEA60A3,0x940181a94A35A4569E4529A3CDfB74e38FD98631,18,18,18,60335643586934,146191485273841,6.0335643586934e-05,0.000146191485273841,206527128860775,569200990214377,84975888939314819437907,84975.88893931481,4.685570249331805e-22,39.81604971245771,0,39.81604971245771,2134.2119460114955,1783555200
CL-USDC/USDC+,7.617566550683793e-07,0x8dd9751961621Fcfc394d90969E5ae0c5BAbE147,0xd030DF11Fa453A222782F6458cC71954A48EA104,0x833589fCD6eDb6E08f4c7C32D4f71b54bdA02913,0x85483696Cc9970Ad9EdD786b2C5ef735F38D156f,0x940181a94A35A4569E4529A3CDfB74e38FD98631,18,6,6,18805611,17260074,18.805611,17.260074,36065685,0,5301135736937172554,5.301135736937173,0.0,0,0,0,nan,0
CL-WETH/uSOL,0.6417694838561364,0x0225Ba893D5f8Ecd6d2022f9dEC59b34F61098A1,0xcB1137E326B8c48A5B8B29a5Ccc19B6e8b9782D2,0x4200000000000000000000000000000000000006,0x9B8Df6E244526ab5F6e6400d331DB28C8fdDdb55,0x940181a94A35A4569E4529A3CDfB74e38FD98631,18,18,18,56585446120436586,1147237345637722753,0.05658544612043659,1.1472373456377227,1203822791758159339,29920350582142267,4466133801535475059173749,4466133.801535475,1.147588220382901e-21,5125.282541296016,0,5125.282541296016,871.3927018755412,1783555200
CL-WIF/WETH,1.2929093941023766e-05,0x3caCB8007d50f3E4166D7c5FD303c1a6ed337531,0x1C664940858DCEa1e5a3B87951f1f74911102CB5,0x1fba65dE0a9cBD2D1DF82d141897042d36Bb6c86,0x4200000000000000000000000000000000000006,0x940181a94A35A4569E4529A3CDfB74e38FD98631,18,18,18,89472904184878266435,27826070089168607,89.47290418487826,0.027826070089168608,89500730254967435042,0,89974772758403437504,89.97477275840343,0.0,0,0,0,nan,0
CL-WETH/POKT,0.024695829863118905,0x32bb4aD5Fed77f7Abf97d1435f8D6aaae59aA64e,0x470Cb18F662BB91b972C81Fdb385412D5509442a,0x4200000000000000000000000000000000000006,0x764A726d9ceD0433A8D7643335919dEb03a9a935,0x940181a94A35A4569E4529A3CDfB74e38FD98631,18,18,6,2661646592629611,715661688,0.002661646592629611,715.661688,2661647308291299,1418025143478710,171860587458796980466948,171860.587458797,2.35082396751057e-21,404.01398806858646,0,404.01398806858646,425.3827652858928,1783555200
CL-EURC/USD+,0.00205448949160693,0xA51C7A5a121aD3d73E2E9888Bb016e07bdd5BA94,0xf3295461eB9F0acEC52F2Efb9E9788eD86F57f47,0x60a3E35Cc302bFA44Cb288Bc5a4F316Fdb1adb42,0xB79DD08EA68A908A97220C76d19A6aA9cBDE4376,0x940181a94A35A4569E4529A3CDfB74e38FD98631,18,6,6,1,63300,1e-06,0.0633,63301,95769346116194,14297384332194294000881,14297.384332194293,2.9875262683946143e-22,4.271381126176404,0,4.271381126176404,3347.2509031271643,1783555200
CL-USDC/sUSX,0.016562973169391777,0xF1a662b3ff0aa7002Bb0F0677067709fd31da422,0x01994190cffB892a899694dBD6803F89FBAa4997,0x833589fCD6eDb6E08f4c7C32D4f71b54bdA02913,0xbC404429558292eE2D769E57d57D6E74bbd2792d,0x940181a94A35A4569E4529A3CDfB74e38FD98631,18,6,18,3158330,1199629340630205647,3.15833,1.1996293406302057,1199629340633363977,0,115263277838134101337064,115263.2778381341,0.0,0,0,0,nan,0
CL-WETH/uBTC,1.3379908000913236e-08,0xDdF56Af090c09bB0F993E00D7c676076CC59C72e,0xe5FfE849A481028a8F772b7113bAb7bFae6f2A82,0x4200000000000000000000000000000000000006,0xF1143f3A8D76f1Ca740d29D5671d365F66C44eD1,0x940181a94A35A4569E4529A3CDfB74e38FD98631,18,18,18,35199970026259894,872203146940364,0.035199970026259894,0.000872203146940364,36072173173200258,0,93112029922739330,0.09311202992273933,0.0,0,0,0,nan,0
CL-WETH/EURC,0.009378468403203076,0x5d4e504EB4c526995E0cC7A6E327FDa75D8B52b5,0xb0C500d53720ff63F000de6D26f7Fe5c66571e3d,0x4200000000000000000000000000000000000006,0x60a3E35Cc302bFA44Cb288Bc5a4F316Fdb1adb42,0x940181a94A35A4569E4529A3CDfB74e38FD98631,18,18,6,211072673108880099,366672671,0.2110726731088801,366.672671,211072673475552770,0,65265637889954636085064,65265.63788995463,0.0,0,0,0,nan,0
CL-EURC/cbBTC,0.2950193625565511,0xb07d7EeCe8866E549601AF5C7622D8cdbEdC914e,0x017a82B26d612cAD89d240206F652E76ae8C4B31,0x60a3E35Cc302bFA44Cb288Bc5a4F316Fdb1adb42,0xcbB7C0000aB88B473b1f5aFd9ef808440eed33Bf,0x940181a94A35A4569E4529A3CDfB74e38FD98631,18,6,8,41439487,70224,41.439487,0.00070224,41509711,13761506314659720,2053067309003778901250023,2053067.3090037787,0.0,0,0,0,nan,0
CL-WETH/stTAO,0.00033344706946068173,0x266f421f80016d670C9de757d561a5C4a6A9FFAc,0x41513004596B32B5483620f55774E3a2a5cB9052,0x4200000000000000000000000000000000000006,0x806041B6473DA60abbe1b256d9A2749A151be6C6,0x940181a94A35A4569E4529A3CDfB74e38FD98631,18,18,9,1315904787857,1,1.315904787857e-06,1e-09,1315904787858,15543884419914,2320489311821395348297,2320.4893118213954,0.0,0,0,0,nan,0
CL-xPufETH/WETH,7.797538112632077e-05,0xCDf927C0F7b81b146C0C9e9323eb5A28D1BFA183,0x7d90e903936dad918fac797913925C7598d233f8,0x23dA5F2d509cb43A59d43C108a43eDf34510eff1,0x4200000000000000000000000000000000000006,0x940181a94A35A4569E4529A3CDfB74e38FD98631,18,18,18,2230153625348281,9673683439768339,0.002230153625348281,0.009673683439768339,11903837065116620,990,542637962845142579588,542.6379628451426,0.0,0,0,0,nan,0
CL-uSOL/cbBTC,0.012884178370331775,0xC900eA56B5227aE2d95c288a2597B278Cbf741dd,0xBa5377EA1eD9bd016dC07182427340874d94231A,0x9B8Df6E244526ab5F6e6400d331DB28C8fdDdb55,0xcbB7C0000aB88B473b1f5aFd9ef808440eed33Bf,0x940181a94A35A4569E4529A3CDfB74e38FD98631,18,18,8,57644683399391560,8168,0.05764468339939156,8.168e-05,57644683399399728,649359279631054,89662201105296102251170,89662.2011052961,0.0,0,0,0,nan,0
CL-Mog/USD+,0.0006715883323538892,0x08361c463C8EC4fC1c7AddfADB006f5Ca7951fc1,0xDE199C94Fc91fA302ceae3A34c85c386966fDce5,0x2Da56AcB9Ea78330f947bD57C54119Debda7AF71,0xB79DD08EA68A908A97220C76d19A6aA9cBDE4376,0x940181a94A35A4569E4529A3CDfB74e38FD98631,18,18,6,62166606508697261157577593,31060670,62166606.508697264,31.06067,62166606508697261188638263,0,4673645954339132262636,4673.645954339132,0.0,0,0,0,nan,0
CL-MIGGLES/USD+,7.180651760135165e-07,0xaeA775CB2879F54E197eC085f9bB08E4B59f1d9E,0x871f78b2C1324fbdEFC9A6Ac9Ac409C9202dEd4F,0xB1a03EdA10342529bBF8EB700a06C60441fEf25d,0xB79DD08EA68A908A97220C76d19A6aA9cBDE4376,0x940181a94A35A4569E4529A3CDfB74e38FD98631,18,18,6,1159333912534943186709,29643993,1159.3339125349432,29.643993,1159333912534972830702,0,4997082651904938879,4.997082651904939,0.0,0,0,0,nan,0
CL-USDz/BRETT,4.524873369700805e-06,0xaf61a867867A95836A08A025220F8E6879F8bAdb,0x3E3E749FD28c2Ee7C6Dd05fa2D70b1b37dba5607,0x04D5ddf5f3a8939889F11E97f8c4BB48317F1938,0x532f27101965dd16442E59d40670FaF5eBB142E4,0x940181a94A35A4569E4529A3CDfB74e38FD98631,18,18,18,1160289361562688300135,22186144032107108894743,1160.2893615626883,22186.14403210711,23346433393669797194878,0,31489016558815711239,31.48901655881571,0.0,0,0,0,nan,0
CL-USDz/DEGEN,0.0006717063341125463,0x24Ee0b4DcCE323A03fba842190CeaA451Ff7cA5B,0x9918C85E4e5937DA606d65C9935Ea3ffe4DE06A4,0x04D5ddf5f3a8939889F11E97f8c4BB48317F1938,0x4ed4E862860beD51a9570b96d89aF5E1B0Efefed,0x940181a94A35A4569E4529A3CDfB74e38FD98631,18,18,18,3079635215878880632,1960344441696982443235,3.0796352158788807,1960.3444416969824,1963424076912861323867,0,4674467139603056836599,4674.467139603057,0.0,0,0,0,nan,0
CL-WETH/DOG,8.300240247180746e-06,0x6bFdf73DC419f2d9393AF8e68459491395Ea88a2,0x85b720eFdAC1BbE7671003AB8E349945B915A611,0x4200000000000000000000000000000000000006,0x9E53e88dCff56d3062510A745952DEC4cEFDff9E,0x940181a94A35A4569E4529A3CDfB74e38FD98631,18,18,18,336058684531392,5070766470945009514468,0.000336058684531392,5070.766470945009,5070766807003694045860,0,57762147408537370814,57.76214740853737,0.0,0,0,0,nan,0
CL-WETH/CHAD,7.54051191174345e-05,0x36104bB6Ce1EdF37076f1CF6FBaBbCDF67DDff1B,0x3c63fa8945D6b2AA673a5E1B8ab70022c1796d6c,0x4200000000000000000000000000000000000006,0xecaF81Eb42cd30014EB44130b89Bcd6d4Ad98B92,0x940181a94A35A4569E4529A3CDfB74e38FD98631,18,18,18,8973478051414590,610615231668566293305681,0.00897347805141459,610615.2316685662,610615240642044344720271,0,524751269374278428145,524.7512693742784,0.0,0,0,0,nan,0
CL-USDz/KEYCAT,1.237192843834008e-05,0x2C206C7dE24787f85B5c52d2ea339aDC6D5af40F,0xE7CfAea003D352B7c94a255566Da36b2DcE39B88,0x04D5ddf5f3a8939889F11E97f8c4BB48317F1938,0x9a26F5433671751C3276a065f57e5a02D2817973,0x940181a94A35A4569E4529A3CDfB74e38FD98631,18,18,18,1,1,1e-18,1e-18,2,576738139108,86097405966773755824,86.09740596677375,0.0,0,0,0,nan,0
CL-WETH/uAPT,4.3546182139163194e-05,0xa88C07bD10813CF9B4111DeAb984c4026F2C83bf,0x27149E8aEf0331487B97D2D80ef88D7EAB9E026E,0x4200000000000000000000000000000000000006,0x9c0e042d65a2e1fF31aC83f404E5Cb79F452c337,0x940181a94A35A4569E4529A3CDfB74e38FD98631,18,18,18,29427642059276,68256019576889055,2.9427642059276e-05,0.06825601957688905,68285447218948331,2029978121630,303041950220141367160,303.0419502201414,0.0,0,0,0,nan,0
CL-WETH/Neiro,5.515166812778557e-05,0xa4513D1f6BDa04Bd733462b58D1790514DdCf5de,0xC36EBCd3B47b3b6C0fBC23e9778B634DFF0517a6,0x4200000000000000000000000000000000000006,0x5Ca35eBC4f25B042d2cAE75914c7e882E631fA9A,0x940181a94A35A4569E4529A3CDfB74e38FD98631,18,18,9,1,1,1e-18,1e-09,2,2571182874859,383805611567198670092,383.8056115671987,0.0,0,0,0,nan,0
CL-SolvBTC/cbBTC,3.822396080440873e-05,0x83eE4a0d418aA520A7BC1A3782bDb445F31b8e29,0x2d3825c93f79E97548FE7b7779ADfE6C3b962afb,0x3B86Ad95859b6AB773f55f8d94B4b9d443EE931f,0xcbB7C0000aB88B473b1f5aFd9ef808440eed33Bf,0x940181a94A35A4569E4529A3CDfB74e38FD98631,18,18,8,1,1,1e-18,1e-08,2,1781873871445,266004114672746357465,266.00411467274637,0.0,0,0,0,nan,0
CL-SolvBTC/xSolvBTC,2.034614281275282e-05,0x0c0E3d9b455B1097D4B4B2fd0B34E51d31AD2d1A,0x04917fBA393848554F344c2877A17e9E0650622A,0x3B86Ad95859b6AB773f55f8d94B4b9d443EE931f,0xC26C9099BD3789107888c35bb41178079B282561,0x940181a94A35A4569E4529A3CDfB74e38FD98631,18,18,18,3416378558530,3344770206150,3.41637855853e-06,3.34477020615e-06,6761148764680,0,141590708864669502603,141.5907088646695,0.0,0,0,0,nan,0
CL-jEUR/USDC,2.331186021435229e-05,0xf11fD84609D5d55f5A2787eF5c8774C17a609B25,0x8f28db1048a89e878FdC18aBbf5D7b5bF242d280,0x4154550f4Db74Dc38d1FE98e1F3F28ed6daD627d,0x833589fCD6eDb6E08f4c7C32D4f71b54bdA02913,0x940181a94A35A4569E4529A3CDfB74e38FD98631,18,18,6,42199271043806597,43384,0.042199271043806594,0.043384,42199271043849981,0,162229413362583118563,162.2294133625831,0.0,0,0,0,nan,0
CL-VIRTUAL/WETH,0.15372784483733448,0xC200F21EfE67c7F41B81A854c26F9cdA80593065,0xBDA319Bc7Cc8F0829df39eC0FFF5D1E061FFadf7,0x0b3e328455c4059EEb9e3f84b5543F74E24e7E1b,0x4200000000000000000000000000000000000006,0x940181a94A35A4569E4529A3CDfB74e38FD98631,18,18,18,26775342379875541035,7545226353410204,26.775342379875543,0.007545226353410204,26782887606228951239,7164836350970844,1069806435700090966500878,1069806.435700091,0.0,0,0,0,nan,0
CL-WETH/uSEI,4.098679840696958e-05,0x859c91f9Fe1EC10e38a7CCaD0B87f0aAE0b88cFE,0x4C74464A878947AF6fb4c2aFdd10799529cAe732,0x4200000000000000000000000000000000000006,0x71a67215a2025F501f386A49858A9ceD2FC0249d,0x940181a94A35A4569E4529A3CDfB74e38FD98631,18,18,18,916495693966,1,9.16495693966e-07,1e-18,916495693967,1910251138256,285230959693187203945,285.23095969318723,0.0,0,0,0,nan,0
CL-EIGEN/WETH,0.009112033722496285,0x3c5428b3D6e07f6de38b0c7F84ea9d30b3b27231,0xBf53D46947cED25cefb63a2b09C7a99C1ab96830,0x2081Ab0D9EC9e4303234Ab26D86b20B3367946ee,0x4200000000000000000000000000000000000006,0x940181a94A35A4569E4529A3CDfB74e38FD98631,18,18,18,23502534503446058276,3468777528304447,23.502534503446057,0.003468777528304447,23506003280974362723,424679981524892,63411494052737455394093,63411.49405273746,0.0,0,0,0,nan,0
CL-WETH/LUNA,0.0010084181913642748,0xB6b777577A05D85FFca7D9EBC7476Fb344B92445,0x9C590e540B6D2b602565d00eB47023a2Ea66f4E0,0x4200000000000000000000000000000000000006,0x55cD6469F597452B5A7536e2CD98fDE4c1247ee4,0x940181a94A35A4569E4529A3CDfB74e38FD98631,18,18,18,533622002316,19339378221144921,5.33622002316e-07,0.019339378221144923,19339911843147237,46998840425781,7017676414706007816615,7017.676414706008,0.0,0,0,0,nan,0
CL-WETH/MOODENG,4.992882414353167e-05,0xCE8893c143059E7359d261a7AE4bAb7273CD0C27,0xcc8C372072c8F0B42186020326f8C91301fB0A8f,0x4200000000000000000000000000000000000006,0x81893B6D44151716CEeEc730d8d89114C959a079,0x940181a94A35A4569E4529A3CDfB74e38FD98631,18,18,6,6741701324078838,133928680,0.006741701324078838,133.92868,6741701458007518,0,347459352287205469396,347.45935228720543,0.0,0,0,0,nan,0
CL-POPCAT/WETH,0.00017698837901037774,0x5D332dC44faC918e66D335fB874FdcDab73560C2,0x3d806C3a4ACBb6c3CF1C0389131421a36DfCEd85,0x13281AE464191bC592c6E5D65EeeAEee02660D84,0x4200000000000000000000000000000000000006,0x940181a94A35A4569E4529A3CDfB74e38FD98631,18,9,18,170999140692,35755777014012884,170.999140692,0.035755777014012884,35755948013153576,0,1231678666345583811085,1231.6786663455837,0.0,0,0,0,nan,0
CL-NEIRO/WETH,2.838665791539611e-08,0xaEF61f2410B14626157C950cEeE2Ddac90195250,0xa4a99F0C9FFb071Cb85B106c6e85167e60666442,0x2545D6738E3f072c430Af027B94b62847234cE3D,0x4200000000000000000000000000000000000006,0x0000000000000000000000000000000000000000,18,9,18,0,0,0.0,0.0,0,0,197545404725093932,0.1975454047250939,0.0,0,0,0,nan,0
CL-SolvBTC/xSolvBTC,1.0734064200556411e-06,0x283f82A1D3B65090ed241B30C3D4cCb777B1e8AE,0x264fC3fEded75803Fa8ae9C83D7c2C4591342CEb,0x3B86Ad95859b6AB773f55f8d94B4b9d443EE931f,0xC26C9099BD3789107888c35bb41178079B282561,0x940181a94A35A4569E4529A3CDfB74e38FD98631,18,18,18,9808925032754,15429579884593,9.808925032754e-06,1.5429579884593e-05,25238504917347,0,7469935570308820056,7.46993557030882,0.0,0,0,0,nan,0
CL-WETH/YGG,0.0005382410013085199,0xdC9279CE30A5044bbc345bf50030d44f45f0e768,0x588D8f2024016604D087bd99668757f1C66B9C03,0x4200000000000000000000000000000000000006,0xaAC78d1219c08AecC8e37e03858FE885f5EF1799,0x940181a94A35A4569E4529A3CDfB74e38FD98631,18,18,18,719500582688256,44554515516405926267,0.000719500582688256,44.55451551640593,44555235016988614523,6837,3745669418359483652895,3745.6694183594836,0.0,0,0,0,nan,1783555200
CL-EURC/USDC,2.0269550414465764e-05,0xc5E51044eB7318950B1aFb044FccFb25782C48c1,0x85af8D930cB738954d307D6E62F04dd05D839C37,0x60a3E35Cc302bFA44Cb288Bc5a4F316Fdb1adb42,0x833589fCD6eDb6E08f4c7C32D4f71b54bdA02913,0x940181a94A35A4569E4529A3CDfB74e38FD98631,18,6,6,206041064,239997763,206.041064,239.997763,446038827,0,141057695208621055464,141.05769520862106,0.0,0,0,0,nan,0
CL-WETH/TALENT,0.0010003739783100802,0x346eDb1aAa704dF6dDbfc604724AAFcdC12b2fed,0x37C1Eb7F00CD43A1e52f4E93b55Ed324ce60359d,0x4200000000000000000000000000000000000006,0x9a33406165f562E16C3abD82fd1185482E01b49a,0x940181a94A35A4569E4529A3CDfB74e38FD98631,18,18,18,1,1,1e-18,1e-18,2,46624390390310,6961695984455222312195,6961.695984455223,1.0176266561141671e-20,70.84407405544593,0,70.84407405544593,98.26786611688466,1783555200
CL-WETH/msETH,4.854563162078296,0x74F72788F4814D7fF3C49B44684aa98Eee140C0E,0x4f665e05d23a5AB1D1A581e8040B585Fb4d0453d,0x4200000000000000000000000000000000000006,0x7Ba6F01772924a82D9626c126347A28299E98c98,0x940181a94A35A4569E4529A3CDfB74e38FD98631,18,18,18,39058559350514978,1159429984498531112,0.03905855935051498,1.1594299844985312,1198488543849046090,226497638190904530,33783358628356049800505561,33783358.62835605,6.468455351728528e-22,21852.614691895382,0,21852.614691895382,1545.9641376867135,1783555200
CL-msUSD/USDC,6.880085650831188,0x7501bc8Bb51616F79bfA524E464fb7B41f0B10fB,0x3d86AED6eCC8dAf71C8b50d06f38455b663265d8,0x526728DBc96689597F85ae4cd716d4f7fCcBAE9d,0x833589fCD6eDb6E08f4c7C32D4f71b54bdA02913,0x940181a94A35A4569E4529A3CDfB74e38FD98631,18,18,6,40081274049210608268,1688202655,40.081274049210606,1688.202655,40081274050898810923,320834531831830940,47879158881173037347962267,47879158.88117304,2.2864583075294215e-22,10947.370058137916,0,10947.370058137916,4373.57635915315,1783555200
CL-BTCB/AERO,1.0903883342211527e-07,0x1a1fa53D4D84D016BF660f2CF0f86f481a537752,0x627AC3BEA1d3544270A924e5a13fd826Ae2a29Ab,0x0c41F1FC9022FEB69aF6dc666aBfE73C9FFDA7ce,0x940181a94A35A4569E4529A3CDfB74e38FD98631,0x0000000000000000000000000000000000000000,18,18,18,0,0,0.0,0.0,0,0,758811429768247461,0.7588114297682474,0.0,0,0,0,nan,0
CL-USDC/STAR,0.014755927761620009,0xa7C2693022cfB693c198EaA743E9B54d7921588E,0x9Aa4F2cF55E1EA0eEEfC6E455ADe474c8Add67A2,0x833589fCD6eDb6E08f4c7C32D4f71b54bdA02913,0xC19669A405067927865B40Ea045a2baabbbe57f5,0x940181a94A35A4569E4529A3CDfB74e38FD98631,18,6,18,3556145,5505429009091004918,3.556145,5.505429009091005,5505429009094561063,187444,102687880005151302274582,102687.8800051513,0.0,0,0,0,nan,1783555200
CL-RUSSELL/WETH,7.456824502412855e-07,0x6bcE1AAa2eFE9dE37BEC193f3499484082B261c2,0x985a58248b44Ca5914b03b6de3f0934A2078720B,0x0C5142BC58f9A61AB8C3D2085DD2F4e550c5cE0B,0x4200000000000000000000000000000000000006,0x940181a94A35A4569E4529A3CDfB74e38FD98631,18,18,18,121702403864101246487694,260064350674124630,121702.40386410124,0.26006435067412464,121702663928451920612324,0,5189273843660892491,5.189273843660892,0.0,0,0,0,nan,0
CL-LOGX/USDC,1.2107511102859831e-05,0x68ae3F59217490F3E02b8076aE117c9f9Dc0fEbE,0xf661ede7D6318e43fCF252351A05C3ce377F1E9D,0x04055057677807D2a53d2b25a80FF3b4d932aE1a,0x833589fCD6eDb6E08f4c7C32D4f71b54bdA02913,0x940181a94A35A4569E4529A3CDfB74e38FD98631,18,18,6,1115701716093354610967,9902656,1115.7017160933547,9.902656,1115701716093364513623,0,84257301023477632445,84.25730102347762,0.0,0,0,0,nan,0
CL-WETH/ElonRWA,2.0701361683000985e-07,0x5Ca1C5d0db6c558ca0a4c1Bb7792831aB5805672,0x6c58108057d0Cb05D36518B2642DAaAEDe49828D,0x4200000000000000000000000000000000000006,0xAa6Cccdce193698D33deb9ffd4be74eAa74c4898,0x940181a94A35A4569E4529A3CDfB74e38FD98631,18,18,18,29382599356424,990172274954335650051,2.9382599356424e-05,990.1722749543356,990172304336935006475,0,1440627101724073089,1.4406271017240733,0.0,0,0,0,nan,0
CL-uXRP/WETH,0.0061502437344253015,0x61C6e9E93592e535Efc1BEE07f491A517e98f6d0,0x4b9C4828A512ed379b8F2b656aCc839A62265ADb,0x2615a94df961278DcbC41Fb0a54fEc5f10a693aE,0x4200000000000000000000000000000000000006,0x940181a94A35A4569E4529A3CDfB74e38FD98631,18,18,18,13316152242573030,14940355559263,0.01331615224257303,1.4940355559263e-05,13331092598132293,286647958015105,42800120792524286729928,42800.120792524285,5.6962258881744376e-21,243.79915607536986,0,243.79915607536986,175.5548357160545,1783555200
CL-USDC/CHAMP,0.00035795354206538156,0x58c5649e6BC93969f4530673E8892faf762Cc7E7,0x0e956C897bBFCbd2155D3DfdD27c87fa5A0FaD39,0x833589fCD6eDb6E08f4c7C32D4f71b54bdA02913,0xEb6d78148F001F3aA2f588997c5E102E489Ad341,0x940181a94A35A4569E4529A3CDfB74e38FD98631,18,6,18,1,4048957924397782768,1e-06,4.048957924397783,4048957924397782769,16683347250611,2491032144426362306067,2491.0321444263623,4.779671208507158e-21,11.906314620180527,0,11.906314620180527,209.21941204243035,1783555200
CL-WETH/uADA,7.912755069033063e-06,0xB79C8a96D89f5CCa7B907D3d1229b61373C3D439,0xC397805B44426d10a304D339D405f35d69A2Eb1b,0x4200000000000000000000000000000000000006,0xa3A34A0D9A08CCDDB6Ed422Ac0A28a06731335aA,0x940181a94A35A4569E4529A3CDfB74e38FD98631,18,18,18,2302781930366075,18869562799347309854,0.002302781930366075,18.86956279934731,18871865581277675929,0,55065601849342014550,55.065601849342016,0.0,0,0,0,nan,0
CL-LUM/WETH,0.00010086140897068483,0x80FDA26eEf8eAEfBbB2c75b84bF351c99c2a6D47,0x930b91c3DDd7D344ef8d599D1D6D68b17bb14c16,0x0fD7a301B51d0A83FCAf6718628174D527B373b6,0x4200000000000000000000000000000000000006,0x940181a94A35A4569E4529A3CDfB74e38FD98631,18,18,18,1,18584246098194,1e-18,1.8584246098194e-05,18584246098195,4700905878273,701903968957563121182,701.9039689575632,1.8312810108632364e-21,1.285383409801524,0,1.285383409801524,546.0658381034684,1783555200
CL-WETH/AIXBT,0.019379810370427013,0x22A52bB644f855ebD5ca2edB643FF70222D70C31,0xC23924a846eca931Ec3014253E94f15b038bd0C8,0x4200000000000000000000000000000000000006,0x4F9Fd6Be4a90f2620860d680c0d4d5Fb53d1A825,0x940181a94A35A4569E4529A3CDfB74e38FD98631,18,18,18,556217576493404,60098853468803105036,0.000556217576493404,60.09885346880311,60099409686379598440,903254964276341,134865911109781126871808,134865.91110978113,2.769497813398594e-21,373.510845920548,0,373.510845920548,361.0762915796811,1783555200
CL-SEKOIA/WETH,0.00018746849446131105,0x52f38A65DAb3Cf23478cc567110BEC90162aB832,0x0592D3036ed8BFDF4545410EDfc7F075227324A2,0x1185cB5122Edad199BdBC0cbd7a0457E448f23c7,0x4200000000000000000000000000000000000006,0x940181a94A35A4569E4529A3CDfB74e38FD98631,18,18,18,15269227145659640483410,1091282260703629,15269.22714565964,0.001091282260703629,15269228236941901187039,0,1304610768972482379948,1304.6107689724824,0.0,0,0,0,nan,0
CL-cbBTC/LBTC,0.0009128870481804739,0xA44D3Bb767d953711EA4Bce8C0F01f4d7D299aF6,0xc3f97660D0b47F0E05C3c513f73eeff7c1bd6c7a,0xcbB7C0000aB88B473b1f5aFd9ef808440eed33Bf,0xecAc9C5F704e954931349Da37F60E39f515c11c1,0x940181a94A35A4569E4529A3CDfB74e38FD98631,18,8,8,257,144,2.57e-06,1.44e-06,401,42547875460682,6352866263389837168761,6352.8662633898375,0.0,0,0,0,nan,1783555200
CL-USDC/AVAIL,0.0006303855583095482,0xFf0df9b15C29542fa5d7eFe169452507b4d648C2,0x63F2328a30DFbf8dDC137318181D887d98d06514,0x833589fCD6eDb6E08f4c7C32D4f71b54bdA02913,0xd89d90d26B48940FA8F58385Fe84625d468E057a,0x940181a94A35A4569E4529A3CDfB74e38FD98631,18,6,18,33023,15027570200008952222,0.033023,15.027570200008952,15027570200008985245,29381442426292,4386912000005912366020,4386.912000005912,5.203255001400729e-21,22.82622180473564,0,22.82622180473564,192.1873903413916,1783555200
CL-RSR/bsdETH,0.00012582062323669008,0xe2cb3a61D580004306e70F32341e00D596b4ecc4,0x0DED14A7A643344eC12e38d87dbDeF8245551e38,0xaB36452DbAC151bE02b16Ca17d8919826072f64a,0xCb327b99fF831bF8223cCEd12B1338FF3aA322Ff,0x940181a94A35A4569E4529A3CDfB74e38FD98631,18,18,18,1,65390166147131,1e-18,6.5390166147131e-05,65390166147132,5865785075090,875597473085223840381,875.5974730852239,0.0,0,0,0,nan,0
CL-HENLO/WETH,0.0005232375778950348,0xa1B6F148F208FFe9Eb04C68BcBFEa3525f2536d6,0xB592a97283c160FFD764E614d6cA4ddbCEa395A3,0x23A96680Ccde03Bd4Bdd9a3e9a0Cb56A5D27F7c9,0x4200000000000000000000000000000000000006,0x940181a94A35A4569E4529A3CDfB74e38FD98631,18,18,18,75877296454723061066361757883,39957560763823735,75877296454.72307,0.039957560763823737,75877296454763018627125581618,0,3641259192988382510090,3641.2591929883824,0.0,0,0,0,nan,0
CL-GAME/WETH,0.01920267284910849,0x2A36148a416cBa81699B555120Bd65f4682BDFD2,0x6366138fD616Df7E5906D7B00250634da342Ee20,0x1C4CcA7C5DB003824208aDDA61Bd749e55F463a3,0x4200000000000000000000000000000000000006,0x940181a94A35A4569E4529A3CDfB74e38FD98631,18,18,18,272620924178666970021,483619763901591,272.620924178667,0.000483619763901591,272621407798430871612,895016691360778,133633194548178113249375,133633.19454817811,1.7867112291740692e-21,238.76392928963287,0,238.76392928963287,559.6875329777063,1783555200
CL-USDz/sUSDz,0.00033653021872433983,0x96CC4b6A75fA1dFea66091589d1f25AfF3aa0318,0xb1C4225d490B881d2e011decc9E0F7439F2AC174,0x04D5ddf5f3a8939889F11E97f8c4BB48317F1938,0xe31eE12bDFDD0573D634124611e85338e2cBF0cF,0x940181a94A35A4569E4529A3CDfB74e38FD98631,18,18,18,1,4636718364110,1e-18,4.63671836411e-06,4636718364111,15685324916606,2341945235619556540882,2341.9452356195566,1.350383059934166e-25,0.0003162523173474178,0,0.0003162523173474178,7405306.165857502,1783555200
CL-WETH/PLAY,0.0007933814167579667,0x9D029DF22CEefC6245D382a41bc232c8Dc988Bf9,0x353e5958AfeC30AB701Ef5c09EA04Ae7Eca6907A,0x4200000000000000000000000000000000000006,0x7404AC09aDf614603D9c16a7CE85A1101F3514ba,0x940181a94A35A4569E4529A3CDfB74e38FD98631,18,18,18,589254868954169,1337489647996626856883,0.000589254868954169,1337.489647996627,1337490237251495811052,0,5521215408377317820844,5521.2154083773175,0.0,0,0,0,nan,0
CL-cbBTC/superOETHb,0.0007750342738312051,0x4d9199269D4F89a367965e90d07D6F4AF7750eD0,0x0c240E7B77FF16839bCf9E9CE15193Baf4CA5911,0xcbB7C0000aB88B473b1f5aFd9ef808440eed33Bf,0xDBFeFD2e8460a6Ee4955A68582F85708BAEA60A3,0x940181a94A35A4569E4529A3CDfB74e38FD98631,18,8,18,12,8727762184584,1.2e-07,8.727762184584e-06,8727762184596,36123903129481,5393535926494722320150,5393.535926494723,2.340666248900065e-22,1.262446750537614,0,1.262446750537614,4272.28786021896,1783555200
CL-WETH/FAI,0.29170485828223097,0x28A9eC9928A689410e82E579FD9418FbBF6452F3,0x093b5fa753c6a4C94B0aE98326919A5e241901a0,0x4200000000000000000000000000000000000006,0xb33Ff54b9F7242EF1593d2C9Bcd8f9df46c77935,0x940181a94A35A4569E4529A3CDfB74e38FD98631,18,18,18,8233648751709913,351217848247547884692,0.008233648751709913,351.21784824754786,351226081896299594605,13596376058159794,2030001364069891686234552,2030001.3640698916,5.571341826263487e-22,1130.983150701452,0,1130.983150701452,1794.8997408235973,1783555200
CL-WETH/REI,0.015287260947600669,0x54cdD0222dF6B3BC17754c2C1B3d7D4203FE3d89,0xa4A7e0daE53e9dE540ddEf4Bb7214499DfDEA07D,0x4200000000000000000000000000000000000006,0x6B2504A03ca4D43d0D73776F6aD46dAb2F2a4cFD,0x940181a94A35A4569E4529A3CDfB74e38FD98631,18,18,18,2290486757191819,166575061283170681281,0.002290486757191819,166.57506128317067,166577351769927873100,712539893804917,106385477291216260796950,106385.47729121626,0.0,0,0,0,nan,0
CL-USDC/ODOS,0.0034253373050162823,0xb7068556049dF8Fb3ae77CCbb9611FE0e85B2641,0x417e10d1d0b491aeBeF222c9Df0263618EFCCB39,0x833589fCD6eDb6E08f4c7C32D4f71b54bdA02913,0xca73ed1815e5915489570014e024b7EbE65dE679,0x940181a94A35A4569E4529A3CDfB74e38FD98631,18,6,18,358380,878125111628756215738,0.35838,878.1251116287563,878125111628756574118,159655119901997,23837242350125451359639,23837.242350125453,0.0,0,0,0,nan,0
CL-uSHIB/WETH,3.5857613702626415e-07,0x83212D59403D96A95Fd750d5b6880F77d0CAb337,0xbE1F88D873Ed7Cb52160e5C3aaf6bB04bc0aF982,0x239b9C1F24F3423062B0d364796e07Ee905E9FcE,0x4200000000000000000000000000000000000006,0x940181a94A35A4569E4529A3CDfB74e38FD98631,18,18,18,2987080325422039551947404,20147048566286491,2987080.3254220397,0.02014704856628649,2987080345569088118233895,0,2495364840930963729,2.495364840930964,0.0,0,0,0,nan,0
CL-WETH/uLINK,0.00023989210443498005,0xFd4F716cb3c493aFDDd40C67d3f42426aEb2d902,0xfd4fbaF8B074e7c275b9fCA2de88A912cAeEA9c3,0x4200000000000000000000000000000000000006,0xd403D1624DAEF243FbcBd4A80d8A6F36afFe32b2,0x940181a94A35A4569E4529A3CDfB74e38FD98631,18,18,18,1544266518199,2750769241483015,1.544266518199e-06,0.002750769241483015,2752313508001214,11181381360900,1669431568950562823619,1669.431568950563,0.0,0,0,0,nan,0
CL-AERO/CHAMP,4.1083739923080154e-10,0xee16Ce7cf7F4714C9Fc20463ab6c5223E826A2eb,0x869305781fff479f0311974d55FeeB6Fc9DE96a2,0x940181a94A35A4569E4529A3CDfB74e38FD98631,0xEb6d78148F001F3aA2f588997c5E102E489Ad341,0x940181a94A35A4569E4529A3CDfB74e38FD98631,18,18,18,36865110350999312014,8010017751767075117314,36.86511035099931,8010.017751767075,8046882862118074429328,0,2859055847614782,0.002859055847614782,0.0,0,0,0,nan,0
CL-EMP/WETH,0.004449985059148626,0xb0f400ded843b39370B059aD49AcFF6eB7365EEF,0x72Ef9Eef04485fC4dE5Bb9205498e3d649A06596,0x39D5313C3750140E5042887413bA8AA6145a9bd2,0x4200000000000000000000000000000000000006,0x940181a94A35A4569E4529A3CDfB74e38FD98631,18,18,18,10223312258305115,6470422109237,0.010223312258305115,6.470422109237e-06,10229782680414352,207416053976298,30967861808534767547311,30967.86180853477,0.0,0,0,0,nan,0
CL-WETH/DRV,0.016316139734497966,0xA0e2bac96aB51c92d3284781AeE1EEc817F6F9C2,0x1aA9609DdfBA43CDa2e5872722f3463b31247444,0x4200000000000000000000000000000000000006,0x9d0E8f5b25384C7310CB8C6aE32C8fbeb645d083,0x940181a94A35A4569E4529A3CDfB74e38FD98631,18,18,18,2338209415136812853,51565930328609585715762,2.338209415136813,51565.93032860959,51568268538024722528615,0,113545540901961114466396,113545.54090196111,0.0,0,0,0,nan,0
CL-WETH/DKING,8.040937596313144e-07,0x18D9600F64149AC0dB8517a74D0827b57960C4d3,0x16fe97736520c893E57807fC2d6B08030bDa96f1,0x4200000000000000000000000000000000000006,0x57eDc3F1fd42c0D48230e964b1C5184B9c89B2ed,0x940181a94A35A4569E4529A3CDfB74e38FD98631,18,18,18,74493591886379,215081698550601088649,7.4493591886379e-05,215.0816985506011,215081773044192975028,0,5595763603334839960,5.595763603334841,0.0,0,0,0,nan,0
CL-WETH/uBERA,5.205405148179782e-10,0x569f22aD5ce151AA4507AdF2302B79e5Ca6B4049,0xe75819C7dE5c3a3ac7ADBF94db0A2531596BA61F,0x4200000000000000000000000000000000000006,0x544F87A5aa41Fcd725EF7C78a37cd9C1c4bA1650,0x940181a94A35A4569E4529A3CDfB74e38FD98631,18,18,18,917959783535137,2114402760910231831,0.000917959783535137,2.114402760910232,2115320720693766968,0,3622490079036533,0.003622490079036533,0.0,0,0,0,nan,0
CL-DRB/WETH,0.004789670126508198,0x385B47e56b73eb6549378f78F7c7Cbc42C56C9e0,0x7a53fD90c6fb9Ffd8eebc668300Fe42e151cfA02,0x3ec2156D4c0A9CBdAB4a016633b7BcF6a8d68Ea2,0x4200000000000000000000000000000000000006,0x940181a94A35A4569E4529A3CDfB74e38FD98631,18,18,18,139049958426897911527417,2488405638220862,139049.9584268979,0.002488405638220862,139049960915303549748279,223264453246986,33331761930578464281567,33331.76193057846,0.0,0,0,0,nan,0
CL-USDC/cbBTC,1.3477761396110497,0x3e66e55e97ce60096f74b7C475e8249f2D31a9fb,0x9B55cb6cAe1e303B5EDce6F9fcf90246D382809c,0x833589fCD6eDb6E08f4c7C32D4f71b54bdA02913,0xcbB7C0000aB88B473b1f5aFd9ef808440eed33Bf,0x940181a94A35A4569E4529A3CDfB74e38FD98631,18,6,8,302021122,463268,302.021122,0.00463268,302484390,62918948133813922,9379300084279550390900378,9379300.08427955,0.0,0,0,0,nan,0
CL-WETH/RWAX,0.00789828776783943,0x7A9b4Ccc4F80506259c301BB07cf9A97b4d8805e,0xCA635E72A2Dca090eFD8b9E14202D48c2D99a5a0,0x4200000000000000000000000000000000000006,0xe0023E73aab4fE9a22f059a9d27E857E027eE3dc,0x940181a94A35A4569E4529A3CDfB74e38FD98631,18,18,18,1,44533162524578060968,1e-18,44.53316252457806,44533162524578060969,393444319702975,54964922548591144315345,54964.922548591145,0.0,0,0,0,nan,0
CL-WETH/XION,2.3318900202450854e-05,0x0c5BF61d127cd801fe4F77F344321ff1f163BF17,0xB5c7edC19d639a01eA8f976897D5401753264643,0x4200000000000000000000000000000000000006,0xe4c3461a20f50daD7B9E88ca0222A255C4126fC0,0x940181a94A35A4569E4529A3CDfB74e38FD98631,18,18,6,1775689539689738,15813266,0.001775689539689738,15.813266,1775689555503004,0,162278405297538483218,162.2784052975385,0.0,0,0,0,nan,0
CL-USDC/LsETH,7.737215672268781e-07,0x98eCc8425cc4C3f30dD4EF02360B05698008a8fc,0x9966c25d5EEbB6C648b34d60c5057Ea1b05b551A,0x833589fCD6eDb6E08f4c7C32D4f71b54bdA02913,0xB29749498954A3A821ec37BdE86e386dF3cE30B6,0x940181a94A35A4569E4529A3CDfB74e38FD98631,18,6,18,1476,617061316098,0.001476,6.17061316098e-07,617061317574,36066774189,5384400678583186581,5.384400678583186,4.230721724436098e-21,0.022779900923950356,0,0.022779900923950356,236.36629046626493,1783555200
CL-USDC/ZARP,0.0005388944140462982,0xB86D18195349aAA6941042BD539289F26142A87b,0xdaA5708f6fBF97B0Bc94005afCcD08EC04EfCB5e,0x833589fCD6eDb6E08f4c7C32D4f71b54bdA02913,0xb755506531786C8aC63B756BaB1ac387bACB0C04,0x940181a94A35A4569E4529A3CDfB74e38FD98631,18,6,18,387,223287550397017147,0.000387,0.22328755039701714,223287550397017534,25120633610967,3750216578652943839923,3750.216578652944,0.0,0,0,0,nan,0
CL-PROMPT/cbBTC,0.0007431499820265688,0x41D60eD9C8327EA0c6b16a44343c177E0402FeeA,0x6d5EBd01df7091d15FFd730281e71715160B1587,0x30c7235866872213F68cb1F08c37Cb9eCCB93452,0xcbB7C0000aB88B473b1f5aFd9ef808440eed33Bf,0x940181a94A35A4569E4529A3CDfB74e38FD98631,18,18,8,1262499670656534608,66,1.2624996706565346,6.6e-07,1262499670656534674,34642033633851,5171650160734896971014,5171.650160734897,0.0,0,0,0,nan,0
CL-MOCA/USDC,0.0005009534656117517,0xbf4f004307F623C2Fa2c6cf8Ce8095200e389B13,0x5f42dc8b628b61F268BB832cBF04780a18CF6dD8,0x2B11834Ed1FeAEd4b4b3a86A6F571315E25A884D,0x833589fCD6eDb6E08f4c7C32D4f71b54bdA02913,0x940181a94A35A4569E4529A3CDfB74e38FD98631,18,18,6,10006679908253372262,117085,10.006679908253373,0.117085,10006679908253489347,23352243058447,3486181973505175161506,3486.1819735051754,0.0,0,0,0,nan,0
CL-WETH/SIGN,0.0030853397327999174,0x8A7b72F8ff5299E493317D4430293894107af859,0x3b23C56D4E0aA528FAc0446E17a4b6fF575fC057,0x4200000000000000000000000000000000000006,0x868FCEd65edBF0056c4163515dD840e9f287A4c3,0x940181a94A35A4569E4529A3CDfB74e38FD98631,18,18,18,647560335390806,118894715619705916586,0.000647560335390806,118.89471561970592,118895363180041307392,143831127142199,21471167477584616329398,21471.167477584615,0.0,0,0,0,nan,0
CL-WETH/GIZA,0.00020645146536997256,0x3C589883d42D5D45b50b9Fff4f07D990A1242A3F,0x1B5dD992cbd0De7a9B44A8736866214D093d2942,0x4200000000000000000000000000000000000006,0x590830dFDf9A3F68aFCDdE2694773dEBDF267774,0x940181a94A35A4569E4529A3CDfB74e38FD98631,18,18,18,222165222706,432683373265316493,2.22165222706e-07,0.4326833732653165,432683595430539199,9621979809254,1436715037189359123000,1436.715037189359,1.6723512014159241e-21,2.4026921185359487,0,2.4026921185359487,597.9605235750321,1783555200
CL-GIZA/USDC,0.0063470378763601535,0xe077DdFb9E9d9403A8eC42D3023D17e8417ee399,0xe9d34ea7240cD470Ef9e8A797c442c41E090117a,0x590830dFDf9A3F68aFCDdE2694773dEBDF267774,0x833589fCD6eDb6E08f4c7C32D4f71b54bdA02913,0x940181a94A35A4569E4529A3CDfB74e38FD98631,18,18,6,144771734378753860576059,1081792884,144771.73437875387,1081.792884,144771734378754942368943,0,44169629613601916069202,44169.629613601915,0.0,0,0,0,nan,0
CL-MAMO/cbBTC,0.0030489081003196024,0xE2B3aA806e56603a244bFc111c9474F7DeDD03db,0x219A387d97D62cF1A9f853D41a4D13BB71EA818C,0x7300B37DfdfAb110d83290A29DfB31B1740219fE,0xcbB7C0000aB88B473b1f5aFd9ef808440eed33Bf,0x940181a94A35A4569E4529A3CDfB74e38FD98631,18,18,8,148442514979657474941,1712,148.4425149796575,1.712e-05,148442514979657476653,142098929300284,21217636343184453850721,21217.636343184455,0.0,0,0,0,nan,0
CL-cbXRP/cbBTC,0.02173626499647963,0x95Ff4985af7ED78421215be100c18a2b987f7E90,0x2db769AcFc04a1F27f4EF1Cc84B90CBde34e0A5a,0xcb585250f852C6c6bf90434AB21A00f02833a4af,0xcbB7C0000aB88B473b1f5aFd9ef808440eed33Bf,0x940181a94A35A4569E4529A3CDfB74e38FD98631,18,6,8,136022707,356434,136.022707,0.00356434,136379141,0,151264699026530097153359,151264.69902653008,0.0,0,0,0,nan,0
CL-WETH/cbXRP,0.02146774063236099,0xA6da283cf7D06b2279626E787c329d6aCF7e2994,0xB2d7D02733ae07695dF556d3AF2d09FC48f34D0F,0x4200000000000000000000000000000000000006,0xcb585250f852C6c6bf90434AB21A00f02833a4af,0x940181a94A35A4569E4529A3CDfB74e38FD98631,18,18,6,2546438169033282161,3885320866,2.5464381690332822,3885.320866,2546438172918603027,0,149396012887201424290331,149396.01288720142,0.0,0,0,0,nan,0
CL-WETH/cbDOGE,0.09368976705185629,0xfb338cb462c9e44cAE9f442fEb09e8E904fFed47,0x34d4C2189A3F5ACD106731a6A236F6FFBB691577,0x4200000000000000000000000000000000000006,0xcbD06E5A2B0C65597161de254AA074E489dEb510,0x940181a94A35A4569E4529A3CDfB74e38FD98631,18,18,8,1,1,1e-18,1e-08,2,4366595262685920,651995842765996125275131,651995.8427659961,1.1121102176804518e-21,725.0912386252417,0,725.0912386252417,899.1914507230388,1783555200
CL-cbBTC/cbDOGE,5.9287864716598717e-05,0x363d1607b8DA83d6B6EA76D017CeEcf1316BB08A,0x648Eec151f6642Eb57B259A7AA0f963B826a7284,0xcbB7C0000aB88B473b1f5aFd9ef808440eed33Bf,0xcbD06E5A2B0C65597161de254AA074E489dEb510,0x940181a94A35A4569E4529A3CDfB74e38FD98631,18,8,8,265535,192453628610,0.00265535,1924.5362861,192453894145,0,412589790092014720065,412.5897900920147,0.0,0,0,0,nan,0
CL-USDC/VIRGEN,2.1654828181415773e-05,0xda353757c951289C0d2aC757dF4A2a6005f866Fd,0xd6F600AC3A4A9eB421FBb5923EB9F482946E4f09,0x833589fCD6eDb6E08f4c7C32D4f71b54bdA02913,0xbf8566956b4e2D8BEB90c4c19dbb8c67A9290C36,0x940181a94A35A4569E4529A3CDfB74e38FD98631,18,6,18,12244635,14641639563057074897710,12.244635,14641.639563057075,14641639563057087142345,0,150697972621496451866,150.69797262149646,0.0,0,0,0,nan,0
CL-WETH/DEGEN,2.2861936520198148e-07,0x68a5aEA4DE3D938a755D85d1868Fe79A9C7B6ae1,0x6a7d1B43b42F8A30B729bfFbdAe2884b683b545c,0x4200000000000000000000000000000000000006,0x4ed4E862860beD51a9570b96d89aF5E1B0Efefed,0x940181a94A35A4569E4529A3CDfB74e38FD98631,18,18,18,224291700067622,321525741540458151287,0.000224291700067622,321.52574154045817,321525965832158218909,0,1590983523365902473,1.5909835233659027,0.0,0,0,0,nan,0
CL-NATION/WETH,0.00010343837584088888,0xE8898C5653f5843f4979c8e11f575C3EC1D48FC0,0xa9AC50eb0f10FB68C309073763bBbB1EB24e69a8,0x2f74f818e81685c8086Dd783837a4605a90474B8,0x4200000000000000000000000000000000000006,0x940181a94A35A4569E4529A3CDfB74e38FD98631,18,18,18,232868785291363990095838,315046443798003,232868.78529136398,0.000315046443798003,232868785606410433893841,0,719837322184802819449,719.8373221848028,0.0,0,0,0,nan,0
CL-WETH/noice,0.003131812024310468,0x9Ea86AA9f7203da077371bb2F82ec555E6E22f81,0x3e2B0d294BeE08c601483B97f758824A81f81d25,0x4200000000000000000000000000000000000006,0x9Cb41FD9dC6891BAe8187029461bfAADF6CC0C69,0x940181a94A35A4569E4529A3CDfB74e38FD98631,18,18,18,467923977435367,72696833127913276677967,0.000467923977435367,72696.83312791328,72696833595837254113334,145970514520967,21794572496319668831687,21794.572496319666,1.728166998760073e-20,376.6466094022359,0,376.6466094022359,57.864778156131955,1783555200
CL-WETH/JKL,4.5170103367634087e-07,0x30e8b965852FFB425AAc5B265Dd985aB43123c3d,0x473A8A08738AD2C04B4B2b3A7eEe2a3124aE79b6,0x4200000000000000000000000000000000000006,0x4eeD0d2deb4C588393c80869B122327581B0D98e,0x940181a94A35A4569E4529A3CDfB74e38FD98631,18,18,6,2463623301446053,2689478723,0.002463623301446053,2689.478723,2463625990924776,5,3143429697792618550,3.1434296977926186,0.0,0,0,0,nan,1783555200
CL-BIOS/USDC,5.92622146611104e-07,0x5E8961929dd762300ec192C85615502c3A516087,0x17eD47514fD512B8cE273FAd376eaBA4d926Fb9F,0x73Cb479f2ccf77BAd90BcDA91e3987358437240A,0x833589fCD6eDb6E08f4c7C32D4f71b54bdA02913,0x940181a94A35A4569E4529A3CDfB74e38FD98631,18,18,6,8894861956140115836822,22711363,8894.861956140116,22.711363,8894861956140138548185,0,4124112889592727052,4.124112889592727,0.0,0,0,0,nan,0
CL-WETH/HOME,0.03406525676134581,0x098A4dE96305baFAEA0c0ce07CF6456e2c64982a,0xF9F42a321E3A07820081D9d54e3F614e34B9Ae0E,0x4200000000000000000000000000000000000006,0x4BfAa776991E85e5f8b1255461cbbd216cFc714f,0x940181a94A35A4569E4529A3CDfB74e38FD98631,18,18,18,4023193298868032,473647784068394095996,0.004023193298868032,473.6477840683941,473651807261692964028,1592224770911591,237063304670834370528540,237063.30467083436,0.0,0,0,0,nan,0
CL-WETH/SOLACE,3.763571191109288e-09,0xcAfD76397eFC53129e7A967a4B746D1899b479fa,0xAa5836B9501F2AE3f99a0d4D7F6F86C01648FE47,0x4200000000000000000000000000000000000006,0x7d6fcB3327D7E17095fA8B0E3513AC7A3564f5E1,0x940181a94A35A4569E4529A3CDfB74e38FD98631,18,18,18,188483381217473,348381769445149859804,0.000188483381217473,348.38176944514987,348381957928531077277,0,26191043566144785,0.026191043566144784,0.0,0,0,0,nan,0
CL-USDC/SQD,4.317322679129834e-06,0xCe62141227cfd3Fe8d715F403B99F0377C0C16C6,0xbbECFcbAA02b8Ae165be383c1FC505d15772Dd61,0x833589fCD6eDb6E08f4c7C32D4f71b54bdA02913,0xd4554BEa546EFa83C1E6B389ecac40EA999B3E78,0x940181a94A35A4569E4529A3CDfB74e38FD98631,18,6,18,1,582772395603949283,1e-06,0.5827723956039493,582772395603949284,201227934692,30044651910747094467,30.044651910747096,0.0,0,0,0,nan,0
CL-CADC/WETH,0.012734505588775421,0x3debC1A83EDE28E30baaA43f9fa110E052d4Ccdd,0xf4533d9632Ad33983A39F3DdE529FDfFD5b0ad88,0x043eB4B75d0805c43D7C834902E335621983Cf03,0x4200000000000000000000000000000000000006,0x940181a94A35A4569E4529A3CDfB74e38FD98631,18,18,18,2896108125045706852,855041584574983,2.896108125045707,0.000855041584574983,2896963166630281835,593548004034403,88620614233850985767974,88620.61423385098,0.0,0,0,0,nan,0
CL-cbADA/cbBTC,0.12617071179865147,0x8782d97C8b25B4d17dBFbaa03f25dC18e51e909D,0x27f732A92CbDfD4047087b8aED4E0b88C29c4198,0xcbADA732173e39521CDBE8bf59a6Dc85A9fc7b8c,0xcbB7C0000aB88B473b1f5aFd9ef808440eed33Bf,0x940181a94A35A4569E4529A3CDfB74e38FD98631,18,6,8,75563412,47727,75.563412,0.00047727,75611139,5880610807203441,878033772098246460172925,878033.7720982465,0.0,0,0,0,nan,0
CL-WETH/cbADA,0.09025844925684252,0xb862F23ba38c8C65e256782B31E8C08C9aefd612,0x0C8b92c57Af0105C5b027Da4645A24f3144AD6f4,0x4200000000000000000000000000000000000006,0xcbADA732173e39521CDBE8bf59a6Dc85A9fc7b8c,0x940181a94A35A4569E4529A3CDfB74e38FD98631,18,18,6,7887156235244386,32032781,0.007887156235244386,32.032781,7887156267277167,4220330060814723,628116981627194387347472,628116.9816271943,0.0,0,0,0,nan,0
CL-WETH/cbLTC,0.054964248466021264,0x200681425b0C8D78C6a467512C5D49FA56BaC88A,0x88040de1F5811090b638Fa70633B24a3e319D06f,0x4200000000000000000000000000000000000006,0xcb17C9Db87B595717C857a08468793f5bAb6445F,0x940181a94A35A4569E4529A3CDfB74e38FD98631,18,18,8,12028471306541085,17663395,0.012028471306541085,0.17663395,12028471324204480,2561970729194588,382501340629527241611059,382501.3406295272,0.0,0,0,0,nan,0
CL-SUPR/WETH,2.7766779214761683e-05,0x1c6511ef0ec38b5b91208D1A21eF9f9D1aA532B3,0xA6b01B70982BF3D288d84182b44632CE6E34f6F0,0x17906b1Cd88aA8EfaEfC5e82891B52a22219BD45,0x4200000000000000000000000000000000000006,0x940181a94A35A4569E4529A3CDfB74e38FD98631,18,18,18,9230946733466170725144,2989153487814883,9230.946733466171,0.002989153487814883,9230949722619658540027,0,193231610929351705504,193.23161092935172,0.0,0,0,0,nan,0
CL-TIG/USDC,0.05567255157902766,0x3F5E98C7ebfF35056ab4346BCcd722A537c1aEfA,0x03fDf6f0f980Aa6eb2bc5387a27883360414Bf6C,0x0C03Ce270B4826Ec62e7DD007f0B716068639F7B,0x833589fCD6eDb6E08f4c7C32D4f71b54bdA02913,0x940181a94A35A4569E4529A3CDfB74e38FD98631,18,18,6,10032835106411202781,10546629,10.032835106411202,10.546629,10032835106421749410,2608421973484735,387430488172852604699331,387430.4881728526,0.0,0,0,0,nan,0
CL-WETH/SYRUP,0.031304042817353925,0x7432aaB631B801a10BEF7d70c1507a32755595fa,0x152cF5b5Fa1A41D00140A83e39328D8C5F0cDdB8,0x4200000000000000000000000000000000000006,0x688AEe022AA544f150678B8E5720b6b96a9E9a2F,0x940181a94A35A4569E4529A3CDfB74e38FD98631,18,18,18,2161483399474504,71281909681865890314,0.002161483399474504,71.28190968186588,71284071165265364818,1804770040975962,217847758842080625130622,217847.75884208063,0.0,0,0,0,nan,0
CL-VCHF/USDC,0.0008522749185755024,0x44B7CbBb1E326617d439a2966C4475e78b9D42E6,0x38B25d8551c8f4Dd17557Bb319c9f8D9846C48Eb,0x1fcA74D9ef54a6AC80ffE7D3b14e76c4330Fd5D8,0x833589fCD6eDb6E08f4c7C32D4f71b54bdA02913,0x940181a94A35A4569E4529A3CDfB74e38FD98631,18,18,6,1,1,1e-18,1e-06,2,39726278823831,5931060790207672109130,5931.060790207673,0.0,0,0,0,nan,0
CL-R1/USDC,0.00019204287924288338,0x81aA7644632479A621A3ADd22641aC1b41FaA5f4,0x28e9E379291dd5a7cD5BF1d2e41d03bD9cf101B7,0x6444C6c2D527D85EA97032da9A7504d6d1448ecF,0x833589fCD6eDb6E08f4c7C32D4f71b54bdA02913,0x940181a94A35A4569E4529A3CDfB74e38FD98631,18,18,6,120056960017691080585,52066860,120.05696001769108,52.06686,120056960017743147445,2439,1336444340072583815617,1336.4443400725838,0.0,0,0,0,nan,0
CL-WETH/ZEN,0.5147857432523447,0x0392B12a1cEb0cd13af5Ea448CF5586EA609852D,0x828622C92977a372Be19F24bC5c4B5021B4b06eC,0x4200000000000000000000000000000000000006,0xf43eB8De897Fbc7F2502483B2Bef7Bb9EA179229,0x940181a94A35A4569E4529A3CDfB74e38FD98631,18,18,18,51779791841153939,31097131025261013362,0.05177979184115394,31.097131025261014,31148910817102167301,24099105511847150,3582442086017356281466702,3582442.0860173567,4.720279819130436e-21,16910.12908183127,0,16910.12908183127,211.8518474153125,1783555200
CL-ZRO/ZEN,0.010158146286269458,0x82685574957fEf6ab359D8c1083401B492dCa0CF,0xAc7aa2b1eA5B8847FCa2A79D3DdC191aF96e4669,0x6985884C4392D348587B19cb9eAAf157F13271cd,0xf43eB8De897Fbc7F2502483B2Bef7Bb9EA179229,0x940181a94A35A4569E4529A3CDfB74e38FD98631,18,18,18,1486184034911716062,200628026158906450,1.4861840349117161,0.20062802615890646,1686812061070622512,473509222285453,70691489126990043661090,70691.48912699005,0.0,0,0,0,nan,0
CL-cbBTC/ZEN,0.31373895800179463,0x47f9e291bb766Fc307Ad7BBa4f29f3Eab6A97101,0xB6abC5598A53C8432F9C849528d9D30E30c205FA,0xcbB7C0000aB88B473b1f5aFd9ef808440eed33Bf,0xf43eB8De897Fbc7F2502483B2Bef7Bb9EA179229,0x940181a94A35A4569E4529A3CDfB74e38FD98631,18,8,18,43794,13478080307856091458,0.00043794,13.478080307856091,13478080307856135252,14714125558958502,2183338722762387825203372,2183338.7227623877,0.0,0,0,0,nan,0
CL-ZORA/WETH,0.13584904696846356,0xAdB8Fb846DBD3Bd6A23335CEe65Bb610C1cf0ea3,0x6b82714e0e4964595A97fE2b1c3Ad03Dbb246fdF,0x1111111111166b7FE7bd91427724B487980aFc69,0x4200000000000000000000000000000000000006,0x940181a94A35A4569E4529A3CDfB74e38FD98631,18,18,18,7545138192246439241314,26539796393577457,7545.138192246439,0.026539796393577456,7545164732042832818771,6334861438190337,945386210834920330238107,945386.2108349204,3.680309662920517e-21,3479.3140069275705,0,3479.3140069275705,271.71626618137566,1783555200
CL-WETH/ADM,0.0007473386786904075,0x304Bd2Fc8059CC38b09d6E9cdfE62A57A5f456bE,0xA5374a774f297310F5b7124b32836E2540675CB1,0x4200000000000000000000000000000000000006,0x55fF51DA774b8ce0ed1ABAeD1CB76236bc6b2f16,0x940181a94A35A4569E4529A3CDfB74e38FD98631,18,18,18,10013504380563195,24379960808698412881246,0.010013504380563195,24379.96080869841,24379970822202793444441,0,5200799692187131401304,5200.799692187132,0.0,0,0,0,nan,0
CL-WETH/AAA,0.00011182790108604402,0xeE43F28bf16AbaA17D5874e57B3A8FfdC99ECBBA,0xeC465874335285521e8A9D97959c8B799862f107,0x4200000000000000000000000000000000000006,0xaaa843fb2916c0B57454270418E121C626402AAa,0x940181a94A35A4569E4529A3CDfB74e38FD98631,18,18,18,167979134852,84538743150642485,1.67979134852e-07,0.08453874315064248,84538911129777337,5182537777331,778220812236538951310,778.2208122365389,8.288459264458955e-22,0.6450251500976714,0,0.6450251500976714,1206.4968507331826,1783555200
CL-WETH/MAMO,0.006229697488098022,0xAa067F08FeF60420d050A92E7800E588748B7d67,0x6165cEeE2Df1cB4811698be5BfEf218AA6414868,0x4200000000000000000000000000000000000006,0x7300B37DfdfAb110d83290A29DfB31B1740219fE,0x940181a94A35A4569E4529A3CDfB74e38FD98631,18,18,18,206055471806650,47956845417452908252,0.00020605547180665,47.95684541745291,47957051472924714902,290402005579602,43353046888050762751872,43353.04688805076,2.8701297601080894e-21,124.42887006475587,0,124.42887006475587,348.416302948735,1783555200
CL-TOWNS/USDC,1.5560088994538e-05,0xF099ceFE04717710dd2EC40f2e0c9C06134F5Eb5,0x83e1dd4273a7eeC62982f4e5B9AE3452f8fCC6f5,0x00000000A22C618fd6b4D7E9A335C4B96B189a38,0x833589fCD6eDb6E08f4c7C32D4f71b54bdA02913,0x940181a94A35A4569E4529A3CDfB74e38FD98631,18,18,6,3889176744530832848,6632,3.889176744530833,0.006632,3889176744530839480,725352378533,108284113161392441778,108.28411316139244,1.1150567268118324e-20,1.207429287874643,0,1.207429287874643,89.68153601110481,1783555200
CL-TOWNS/WETH,0.00019567978634939476,0xB98185D088C7F3B035cF1384EB9efF4312bf734d,0xf5C198ead622C29589E5d34936CFEa42869bc3aC,0x00000000A22C618fd6b4D7E9A335C4B96B189a38,0x4200000000000000000000000000000000000006,0x940181a94A35A4569E4529A3CDfB74e38FD98631,18,18,18,1084420479908371313179,2064512235040821,1084.4204799083714,0.002064512235040821,1084422544420606354000,0,1361753916439222212018,1361.7539164392224,0.0,0,0,0,nan,0
CL-WETH/ZXBT,2.3808694940671186e-08,0x017FFF440a3Ad5Fa72EC1f1efA615B5892F9a72A,0xFc8AcA4F761832bd7aBB776931699433A80c561D,0x4200000000000000000000000000000000000006,0xE99D2F7988c5F2d013A34E7484f079cAB87f469F,0x940181a94A35A4569E4529A3CDfB74e38FD98631,18,18,18,62821993027831,2546318076470667109201,6.2821993027831e-05,2546.318076470667,2546318139292660137032,0,165686932644517170,0.16568693264451717,0.0,0,0,0,nan,0
CL-CLANKER/USDC,6.771401404486665e-06,0x6DCa95B8585aDABffd4a2F906FF8599240be3cF1,0xe16d6f7A0FF2C06F418a6feFbB72058DeD3eF0EF,0x1bc0c42215582d5A085795f4baDbaC3ff36d1Bcb,0x833589fCD6eDb6E08f4c7C32D4f71b54bdA02913,0x940181a94A35A4569E4529A3CDfB74e38FD98631,18,18,6,165854612913181361,3838166,0.16585461291318135,3.838166,165854612917019527,86,47122815056008399253,47.1228150560084,0.0,0,0,0,nan,0
CL-WETH/docker,1.3140619317200816e-05,0xC172acE2c8ed86acDFdd5723d0118f16C00117DD,0x655CB374D5d086916168aCF703B967e5064B94B0,0x4200000000000000000000000000000000000006,0x56f8AD6112C2DB9F9848243531B277cE1C3BE30c,0x940181a94A35A4569E4529A3CDfB74e38FD98631,18,18,18,92635345078540,5534152580007843380804,9.263534507854e-05,5534.152580007843,5534152672643188459344,0,91446797614977345949,91.44679761497736,0.0,0,0,0,nan,0
CL-1000X/USDC,0.0012468849580636178,0x458F1d779E5F9ee149b53B8f77c5d62C2Bc28d8e,0x3494963a2a8407f2c15d0af6cA417292882a87ed,0x352b850b733ab8baB50aED1Dab5D22E3186ce984,0x833589fCD6eDb6E08f4c7C32D4f71b54bdA02913,0x940181a94A35A4569E4529A3CDfB74e38FD98631,18,18,6,1,370383,1e-18,0.370383,370384,58116977394019,8677188925178620733156,8677.18892517862,0.0,0,0,0,nan,0
CL-USDC/TOWER,0.0009125182228061875,0xd59858F403aB4246Db7a29Aedf0BfD7573d9B8E5,0x391b58a68728d6aF0f4B91cf6cf729eB87fD90f3,0x833589fCD6eDb6E08f4c7C32D4f71b54bdA02913,0xf7C1CEfCf7E1dd8161e00099facD3E1Db9e528ee,0x940181a94A35A4569E4529A3CDfB74e38FD98631,18,6,18,2213079,4659054679308496768702,2.213079,4659.054679308497,4659054679308498981781,11593,6350299573149181812617,6350.299573149182,0.0,0,0,0,nan,1783555200
CL-WETH/ENA,0.007099608201321182,0xc422BFB18F9FC217f955d759D3753F31137cCEFd,0x11EC04A8AD5df5c187470Ec941Ef26DEa7f9EBD1,0x4200000000000000000000000000000000000006,0x58538e6A46E07434d7E7375Bc268D3cb839C0133,0x940181a94A35A4569E4529A3CDfB74e38FD98631,18,18,18,692134412313991,7290543580859180615,0.000692134412313991,7.290543580859181,7291235715271494606,330967775371920,49406836821002311187889,49406.83682100231,5.722888323996118e-21,282.7498095684956,0,282.7498095684956,174.7369411014001,1783555200
CL-USDC/AERO,5.006887097125328e-08,0xa4FDd479eda160671636e2eCF8f993Cbf86258a8,0xA31AEFB33c052Aa0325d2FFbc882BceD31bf62C2,0x833589fCD6eDb6E08f4c7C32D4f71b54bdA02913,0x940181a94A35A4569E4529A3CDfB74e38FD98631,0x0000000000000000000000000000000000000000,18,6,18,0,0,0.0,0.0,0,0,348433951246518830,0.3484339512465188,0.0,0,0,0,nan,0
CL-WETH/ORDER,0.0031322730308071638,0x27bd426eC343845995c527d634c4E07f0608AaCd,0x6EA5161E3f223dE6ab0e079F0977AEf1056C4b3e,0x4200000000000000000000000000000000000006,0x4E200fE2f3eFb977d5fd9c430A41531FB04d97B8,0x940181a94A35A4569E4529A3CDfB74e38FD98631,18,18,18,422218156588447,18691950300370964186,0.000422218156588447,18.691950300370966,18692372518527552633,146016146793122,21797780683604066509725,21797.780683604065,0.0,0,0,0,nan,0
CL-USDC/GHST,0.012329518629580094,0x56C11053159a24c0731b4b12356BC1f0578FB474,0x8cA6075D8109bBb56d4af4B1056D2ba946c8086B,0x833589fCD6eDb6E08f4c7C32D4f71b54bdA02913,0xcD2F22236DD9Dfe2356D7C543161D4d260FD9BcB,0x940181a94A35A4569E4529A3CDfB74e38FD98631,18,6,18,313008767,3923118426216458906459,313.008767,3923.118426216459,3923118426216771915226,0,85802272145075728672001,85802.27214507574,0.0,0,0,0,nan,0
CL-GAI/WETH,2.3038520111602916e-07,0x3A4eA0342da8841843cFE05495DccB1D9A746Ef2,0x1BEF11019be0c39d5A7A8788E3ed6B99d68a0c79,0x3489256FEBdb1dc930Dc3743617AD387Cd6D3568,0x4200000000000000000000000000000000000006,0x940181a94A35A4569E4529A3CDfB74e38FD98631,18,18,18,20160681095121838014,34478652817777,20.160681095121838,3.4478652817777e-05,20160715573774655791,2,1603272140481672848,1.603272140481673,0.0,0,0,0,nan,1783555200
CL-WETH/LCAP,0.1327120322439151,0x3a88eF38879EFb900c2D7b6199d21C139cEf5Fa7,0x48C36c950A7471b82295E0901c465851A860d687,0x4200000000000000000000000000000000000006,0x4dA9A0f397dB1397902070f93a4D6ddBC0E0E6e8,0x940181a94A35A4569E4529A3CDfB74e38FD98631,18,18,18,4970747672965792,2228405227620281983,0.004970747672965792,2.228405227620282,2233375975293247775,6185979525258574,923555432261533047626159,923555.4322615331,1.535945010112556e-21,1418.5303577444465,0,1418.5303577444465,651.064975253716,1783555200
CL-LCAP/uSOL,0.0009151935409353359,0xd52C89A57ACC47E300aC1468441b3495676280Ad,0x25610a80aB993311a8f597fECE6C8068b91c1EF1,0x4dA9A0f397dB1397902070f93a4D6ddBC0E0E6e8,0x9B8Df6E244526ab5F6e6400d331DB28C8fdDdb55,0x940181a94A35A4569E4529A3CDfB74e38FD98631,18,18,18,28160192979789925,975936786060651,0.028160192979789923,0.000975936786060651,29136129765850576,42655235499121,6368917361976811988710,6368.917361976812,6.266009943679685e-22,3.990769952062089,0,3.990769952062089,1595.91192639052,1783555200
CL-USDC/VELVET,0.0610709504536882,0x6b0F53cbD9272D8117e9535FE25371dedF39a1bE,0xc632BA1757eb3245d8f81d0Ea2ED3DE456DFfB73,0x833589fCD6eDb6E08f4c7C32D4f71b54bdA02913,0xbF927b841994731C573BDF09ceB0c6B0Aa887cDd,0x940181a94A35A4569E4529A3CDfB74e38FD98631,18,6,18,3579011,9265475838645544957,3.579011,9.265475838645544,9265475838649123968,2846613786835905,424998450338060821934293,424998.4503380608,0.0,0,0,0,nan,0
CL-WETH/balajis,8.418748873399863e-07,0x4A7118f40fCBBBeB2d5Ff3696eBc456Bb2B8326e,0x0b3e4c78EE4232d22d2CA56F62b9972796D73ed5,0x4200000000000000000000000000000000000006,0xcaf75598B8b9a6E645B60D882845d361F549f5EC,0x0000000000000000000000000000000000000000,18,18,18,0,0,0.0,0.0,0,0,5858686001118486320,5.858686001118486,0.0,0,0,0,nan,0
CL-WETH/VELVET,0.012581229864674142,0xF579B16f9b1A4aCc872D34a8141fbbD36C0ce10C,0xbaB42F222012FeA2D1BC17Ca9Db82031e84511D2,0x4200000000000000000000000000000000000006,0xbF927b841994731C573BDF09ceB0c6B0Aa887cDd,0x940181a94A35A4569E4529A3CDfB74e38FD98631,18,18,18,1516352060540557,9553959129927482641,0.001516352060540557,9.553959129927483,9555475481988023198,586361247274777,87553954148596756834227,87553.95414859675,2.4427871007693982e-21,213.8756698155475,0,213.8756698155475,409.3684626404948,1783555200
CL-USDC/frxUSD,0.0001315298423522944,0xD3d9f0f7D0d477e0A19222965B59233Ad7f6Bc6b,0x4A3Ee54B82c1aE22b81EEb95cA53f9F7234fEE5b,0x833589fCD6eDb6E08f4c7C32D4f71b54bdA02913,0xe5020A6d073a794B6E7f05678707dE47986Fb0b6,0x940181a94A35A4569E4529A3CDfB74e38FD98631,18,6,18,113943,116308335167059880,0.113943,0.11630833516705988,116308335167173823,6129942616627,915328462348478882376,915.3284623484789,0.0,0,0,0,nan,0
CL-uPUMP/WETH,0.019212567145586276,0x777820ca027BdeE7D12Cae14355Da487328aE8d2,0xA41d7b78C7796289B6eC774A692BeF49Bc0e5271,0x20FbD133897Ef802e0235dB77bB19a071E257d41,0x4200000000000000000000000000000000000006,0x940181a94A35A4569E4529A3CDfB74e38FD98631,18,18,18,19005818455224628067711,16114938998103661,19005.818455224628,0.01611493899810366,19005834570163626171372,0,133702049881835228892109,133702.04988183524,0.0,0,0,0,nan,0
CL-FLOCK/USDC,0.0784001035871326,0xd7338B6F338DA54b922bbBC6fBE3EFEDD5Ce35fa,0xfC0d4756FaD40dB4B71225DeF4eEC42e9c9EF070,0x5aB3D4c385B400F3aBB49e80DE2fAF6a88A7B691,0x833589fCD6eDb6E08f4c7C32D4f71b54bdA02913,0x940181a94A35A4569E4529A3CDfB74e38FD98631,18,18,6,227807960753209732101,10248862,227.80796075320973,10.248862,227807960753219980963,3663601264367835,545593646133642967158843,545593.646133643,0.0,0,0,0,nan,0
CL-WETH/USDC,0.003020412658904563,0xdbc6998296caA1652A810dc8D3BaF4A8294330f1,0x45C6e6A47a711B14D8357D5243F46704904578e3,0x4200000000000000000000000000000000000006,0x833589fCD6eDb6E08f4c7C32D4f71b54bdA02913,0x940181a94A35A4569E4529A3CDfB74e38FD98631,18,18,6,284922852073036090,657053146,0.2849228520730361,657.053146,284922852730089236,0,21019333903921214733348,21019.333903921215,0.0,0,0,0,nan,0
CL-BIO/AUBRAI,0.009323217400528426,0x6744257f30D991fF0de9f5Aa2AcD03f8093e7067,0xCcCc26Ff97FE100E6eD2D36E345A6171aA9Ec599,0x226A2FA2556C48245E57cd1cbA4C6c9e67077DD2,0x9d56c29e820Dd13b0580B185d0e0Dc301d27581d,0x940181a94A35A4569E4529A3CDfB74e38FD98631,18,18,18,1,1102710744107697259,1e-18,1.1027107441076973,1102710744107697260,434549817477048,64881140999994547979107,64881.140999994546,0.0,0,0,0,nan,0
CL-WETH/MEM,0.0002173605441894937,0x531a13a588C4188FdAE818D56CB91ECC4F6BDeAF,0x5f57a113eD5529A14B08006Bf788c3fe0cBfBfA4,0x4200000000000000000000000000000000000006,0x7750741868Cc4A865d9c0f619e6E642FD61F642f,0x940181a94A35A4569E4529A3CDfB74e38FD98631,18,18,18,1,417767229735542064,1e-18,0.4177672297355421,417767229735542065,10130715292356,1512632335978218130569,1512.6323359782182,0.0,0,0,0,nan,0
CL-USDC/MIRROR,0.0001682749424007344,0x3c2dfe6d969AD9de9d566727607eB2e9139D3596,0xff1f9d7a1DAd3D1FEAdBb22Cc77eBaaa88eC5bd4,0x833589fCD6eDb6E08f4c7C32D4f71b54bdA02913,0xe1bfA25468AF64e366ddAFC9D91bCc6c97439A14,0x940181a94A35A4569E4529A3CDfB74e38FD98631,18,6,18,1,1,1e-06,1e-18,2,7844495762202,1171041046843893133667,1171.0410468438931,0.0,0,0,0,nan,0
CL-AVNT/USDC,0.13407432171607325,0xe30d5BF485F7476AC15884a28ffb3C9cEA635DCB,0x26b130316314259fa5047656c6BB16fE521Ea082,0x696F9436B67233384889472Cd7cD58A6fB5DF4f1,0x833589fCD6eDb6E08f4c7C32D4f71b54bdA02913,0x940181a94A35A4569E4529A3CDfB74e38FD98631,18,18,6,397375167395495657713,44420301,397.3751673954957,44.420301,397375167395540078014,6275562395630998,933035731983053157626052,933035.7319830531,3.608648161382746e-21,3366.997678725049,0,3366.997678725049,277.11208055728673,1783555200
CL-AVNT/USDC,0.24686524013353828,0xc4ed25e61cBdE561c982789f740E3e9A8C317100,0x658CeF587d3D9e31DEF560c19c199914c07a4826,0x696F9436B67233384889472Cd7cD58A6fB5DF4f1,0x833589fCD6eDb6E08f4c7C32D4f71b54bdA02913,0x940181a94A35A4569E4529A3CDfB74e38FD98631,18,18,6,374277665213283211042,43667106,374.2776652132832,43.667106,374277665213326878148,11995796143690285,1717958271807948672055614,1717958.2718079486,0.0,0,0,0,nan,0
CL-WETH/AUBRAI,3.621540681292727e-05,0xE2b2A0faeB9e0725513ba166d7A2fE849E480C6D,0xEe9AFdf35D0d825AC4A89728bb16425ABE0E9Cfe,0x4200000000000000000000000000000000000006,0x9d56c29e820Dd13b0580B185d0e0Dc301d27581d,0x940181a94A35A4569E4529A3CDfB74e38FD98631,18,18,18,226256263982640,386327182989771820,0.00022625626398264,0.3863271829897718,386553439253754460,460,252026399777883554089,252.02639977788354,0.0,0,0,0,nan,0
CL-WETH/RETAKE,0.0003187921180796805,0x06c522A75A0413269FAE5069FF9B93D65C7c4B57,0x266F44F2BDE17b7A45489DFb0727Fe37451a50Cf,0x4200000000000000000000000000000000000006,0x5eeB2662615782b58251b6f0c3E107571ae1AB07,0x940181a94A35A4569E4529A3CDfB74e38FD98631,18,18,18,351986204688194,352081397216524903903669,0.000351986204688194,352081.3972165249,352081397568511108591863,0,2218504135883642989512,2218.504135883643,0.0,0,0,0,nan,0
CL-WETH/BID,0.010192213717710348,0x1024C20c048ea6087293f46D4a1C042CB6705924,0x57676415De17E1c684D1028B8a39D1AcF8D6a63d,0x4200000000000000000000000000000000000006,0xa1832f7F4e534aE557f9B5AB76dE54B1873e498B,0x940181a94A35A4569E4529A3CDfB74e38FD98631,18,18,18,1,10993995221521262474,1e-18,10.993995221521262,10993995221521262475,475023388318798,70928567565459024120066,70928.56756545902,3.855105846721232e-21,273.437135521163,0,273.437135521163,259.3962500019293,1783555200
CL-USDC/VNXAU,4.737539490566245e-06,0xafF8b2C5EeECf3f19cf2066268a4B0B3d2F89E2D,0x9C6CbA0122111c5b2E7Cc4a273F97BF90FEFcf19,0x833589fCD6eDb6E08f4c7C32D4f71b54bdA02913,0xAc3FE22294beaED9d1FD752323a6d06D12Ff3098,0x940181a94A35A4569E4529A3CDfB74e38FD98631,18,6,18,34707,410375704464210,0.034707,0.00041037570446421,410375704498917,0,32968979964260959830,32.96897996426096,0.0,0,0,0,nan,0
CL-SYND/WETH,0.13409307590571426,0x50F8F7fFBD70c6C87b1668EEe4E03F5AC057DE3F,0xC2e94B700aDA596bF431Fc10558BA7Ab0c639914,0x11dC28D01984079b7efE7763b533e6ed9E3722B9,0x4200000000000000000000000000000000000006,0x940181a94A35A4569E4529A3CDfB74e38FD98631,18,18,18,373994892282100055722,6700679031632778,373.99489228210007,0.006700679031632778,374001592961131688500,6255269042430176,933166244141052525887419,933166.2441410526,0.0,0,0,0,nan,0
CL-VVV/DIEM,0.0007916024687992571,0x782D7C494d5DDC20c246a82aC8fe277e2728d002,0x8add35fF47e34f0A11b46Ea5B638389BF52b2f8E,0xacfE6019Ed1A7Dc6f7B508C02d1b04ec88cC21bf,0xF4d97F2da56e8c3098f3a8D538DB630A2606a024,0x940181a94A35A4569E4529A3CDfB74e38FD98631,18,18,18,10993208652701308110,86203311819816153,10.993208652701307,0.08620331181981615,11079411964521124263,0,5508835543317629083675,5508.835543317629,0.0,0,0,0,nan,0
CL-USDC/AERO,0.06263904331947714,0xCCd9cC53b63662088c738B8BC06E9078Fb8D9ad4,0x491300eC768Cf28B13A8d3BbFd87713dD728b0AD,0x833589fCD6eDb6E08f4c7C32D4f71b54bdA02913,0x940181a94A35A4569E4529A3CDfB74e38FD98631,0x940181a94A35A4569E4529A3CDfB74e38FD98631,18,6,18,18082327,22000422268782332581,18.082327,22.000422268782334,22000422268800414908,3493728810072646,435910955104985076174391,435910.9551049851,0.0,0,0,0,nan,0
CL-LCAP/USDC,0.04231468192893255,0xC8C15670050541255f9b797C008047682524861F,0xa45562bbD6Cfb11fCfbb96c038001D6FC8b43990,0x4dA9A0f397dB1397902070f93a4D6ddBC0E0E6e8,0x833589fCD6eDb6E08f4c7C32D4f71b54bdA02913,0x940181a94A35A4569E4529A3CDfB74e38FD98631,18,18,6,966266398114982313,8586600,0.9662663981149823,8.5866,966266398123568913,1972223927520688,294471825192597898545951,294471.8251925979,1.4545286269357464e-21,428.31769956865253,0,428.31769956865253,687.5079537669183,1783555200
CL-SYND/USDC,0.016158492520115236,0x9dCBB8258e0015d6cB81061b3F5c47D5C5D6188f,0x46060dDAD805A2783DFf4A536AA774Da5A3Eac89,0x11dC28D01984079b7efE7763b533e6ed9E3722B9,0x833589fCD6eDb6E08f4c7C32D4f71b54bdA02913,0x940181a94A35A4569E4529A3CDfB74e38FD98631,18,18,6,28618442280766449088,1246730,28.61844228076645,1.24673,28618442280767695818,753150525950551,112448459207390471431619,112448.45920739046,1.2666523345260077e-20,1424.3310336889367,0,1424.3310336889367,78.94826170862494,1783555200
CL-LINK/AERO,0.0002998559712794811,0x07b1Be2F179313C4F3C7124893d46990672c3F1a,0x1c484bA49128bF0D9191ADb349AF154c1196EA4a,0x88Fb150BDc53A65fe94Dea0c9BA0a6dAf8C6e196,0x940181a94A35A4569E4529A3CDfB74e38FD98631,0x940181a94A35A4569E4529A3CDfB74e38FD98631,18,18,18,14531936493404367,130052863085775619,0.014531936493404366,0.13005286308577563,144584799579179986,13624124290499,2086725721012538665277,2086.7257210125385,6.970282408705037e-21,14.545067584966032,0,14.545067584966032,143.46621002774884,1783555200
CL-SPON/WETH,0.00535326368251087,0xb51C06EE6a8459630F0b98A2372F8121aF8F61b1,0x1f5aB71271879f5C28832B26753CD868f49f1857,0x080D43c2164AFdBc3712422CE78Ab902ccaB5CA1,0x4200000000000000000000000000000000000006,0x940181a94A35A4569E4529A3CDfB74e38FD98631,18,18,18,1,3355600615155,1e-18,3.355600615155e-06,3355600615156,249497698243867,37253862145856628521854,37253.86214585663,4.622923251471717e-21,172.22174552120262,0,172.22174552120262,216.3133466863522,1783555200
CL-WETH/TAIRO,3.0374164668639795e-10,0x214c7b09E2b3B50B2573ecA53d897d4F89c9b2a2,0xAB9cB3563051Da11FaD8322fb5EfAB78B818ff43,0x4200000000000000000000000000000000000006,0x9d5C1C400DC828a3409F9C209B83fF51A65d2A0E,0x940181a94A35A4569E4529A3CDfB74e38FD98631,18,18,18,14492255393750,179428377550551848853,1.449225539375e-05,179.42837755055186,179428392042807242603,0,2113766499225229,0.002113766499225229,0.0,0,0,0,nan,0
CL-WETH/RSR,0.0013593317612217181,0xC36eaA38e17b0270a374969dd301AF981f50b2B2,0xB8fA634ab603B4CF2217Dc0f71522feaeE64AeeF,0x4200000000000000000000000000000000000006,0xaB36452DbAC151bE02b16Ca17d8919826072f64a,0x940181a94A35A4569E4529A3CDfB74e38FD98631,18,18,18,218546918338880,81660917123466826996,0.00021854691833888,81.66091712346683,81661135670385165876,63368991111396,9459716734761375974899,9459.716734761376,1.2214190219868777e-21,11.55427796244514,0,11.55427796244514,818.7198512540797,1783555200
CL-WETH/APU,0.0033110977264933696,0x7f94857597C318056d0313CE32a6e154298c1a8e,0xdA6d1A0ec6A40B1F97b901d99c9CeBe8553F90F9,0x4200000000000000000000000000000000000006,0xB9926b3fBc5873Db0182016D55727D5ae89E5EFd,0x940181a94A35A4569E4529A3CDfB74e38FD98631,18,18,18,1,2131865829818221492043,1e-18,2131.8658298182213,2131865829818221492044,154357464864619,23042238449271982711281,23042.238449271983,2.1722311514399874e-21,50.05306815841683,0,50.05306815841683,460.3561639087502,1783555200
CL-USDC/VFY,0.0005332883842256899,0xF81d3c731b3AC5a4DFC968f514860beDEEbeBAf2,0xC2607b22f95D6030B9560C872661509D928c2e45,0x833589fCD6eDb6E08f4c7C32D4f71b54bdA02913,0xa749dE6c28262B7ffbc5De27dC845DD7eCD2b358,0x940181a94A35A4569E4529A3CDfB74e38FD98631,18,6,18,222370,25030638606312082589,0.22237,25.03063860631208,25030638606312304959,24860952418340,3711203693335002247035,3711.2036933350023,7.019299615637709e-21,26.050050658179625,0,26.050050658179625,142.46435609789103,1783555200
CL-VFY/ZEN,0.010374054826117298,0x700d91F1C3C5e430eA776245e741B84402e8de2E,0x30765db9bc45c107eb37B999Ea9C34684b88f938,0xa749dE6c28262B7ffbc5De27dC845DD7eCD2b358,0xf43eB8De897Fbc7F2502483B2Bef7Bb9EA179229,0x940181a94A35A4569E4529A3CDfB74e38FD98631,18,18,18,287363050299947810329,326514357721980849,287.3630502999478,0.32651435772198084,287689564657669791178,485768407996954,72194016829087467740160,72194.01682908747,0.0,0,0,0,nan,0
CL-AUDD/USDC,0.000526305047376601,0xCde41D0B1AD079C3CeB7271559F738f503102852,0x9fDbD9eFFeD52f89978Ef42aDe2307FD9BBDd66b,0x449B3317a6d1efb1Bc3ba0700C9EaA4FFFf4Ae65,0x833589fCD6eDb6E08f4c7C32D4f71b54bdA02913,0x940181a94A35A4569E4529A3CDfB74e38FD98631,18,6,6,207241,139722,0.207241,0.139722,346963,24536700343913,3662605999717934940016,3662.605999717935,0.0,0,0,0,nan,0
CL-XSGD/WETH,0.03419575296192981,0xfEbEeBAa6C9585Fd97aa9157E3B7aACe804b688C,0xF3fa5d26f7385d415D31310b715BA09892Ae373f,0x0A4C9cb2778aB3302996A34BeFCF9a8Bc288C33b,0x4200000000000000000000000000000000000006,0x940181a94A35A4569E4529A3CDfB74e38FD98631,18,6,18,9258970,3937047349194640,9.25897,0.00393704734919464,3937047358453610,2010236047369263,237971439923539521915990,237971.43992353952,1.8997941755119884e-21,452.0967555049415,0,452.0967555049415,526.3728107443551,1783555200
CL-WETH/AUDD,0.0006061428120015375,0xBdb6f998176b2766beFB2037033dfB3F8e368d52,0x0caC405DEB53494D37158f70e46cD98A275D69f2,0x4200000000000000000000000000000000000006,0x449B3317a6d1efb1Bc3ba0700C9EaA4FFFf4Ae65,0x940181a94A35A4569E4529A3CDfB74e38FD98631,18,18,6,168171237670071,442743,0.000168171237670071,0.442743,168171238112814,28578200946197,4218204463340726576507,4218.204463340727,0.0,0,0,0,nan,0
CL-USDC/CYPR,0.018051640789373335,0xE6C694f8B9EE84353a10de59c9b4cDEFa0F5b4Ad,0x95B033e94C9820dAe254Da568b9070e79a392F61,0x833589fCD6eDb6E08f4c7C32D4f71b54bdA02913,0xD262A4c7108C8139b2B189758e8D17c3DFC91a38,0x940181a94A35A4569E4529A3CDfB74e38FD98631,18,6,18,3944944,7080437805146061648063,3.944944,7080.437805146062,7080437805146065593007,841295938593436,125623054898430406219291,125623.05489843042,0.0,0,0,0,nan,0
CL-WETH/PHI,0.00011037239327100707,0xaC858B9d917442411A5c9fc1d02ce05BA96EAe5C,0xe03a45dD0909E1bb7545c6475186E8AE2604f0a8,0x4200000000000000000000000000000000000006,0xFb3aD5550ca5730A6F91350032c4Da1eFdfDE3E8,0x940181a94A35A4569E4529A3CDfB74e38FD98631,18,18,18,4451479287287581,107724854677486124253454,0.004451479287287581,107724.85467748612,107724859128965411541035,1402,768091797357120433480,768.0917973571204,0.0,0,0,0,nan,0
CL-KRWQ/USDC,0.005162096053691556,0xb0b3303ed186C01cDc4456E45d17A622E3860c64,0x7ae924c53701EB53E89E57e28daFeb4182B72F34,0x370923D39f139C64813f173a1bf0b4f9Ba36a24f,0x833589fCD6eDb6E08f4c7C32D4f71b54bdA02913,0x940181a94A35A4569E4529A3CDfB74e38FD98631,18,18,6,278065414917530432093,163135,278.0654149175304,0.163135,278065414917530595228,240617457107555,35923508755260208459271,35923.508755260205,0.0,0,0,0,nan,0
CL-WETH/SEND,4.3327711221578505e-05,0x69959Af9c0CaE8eB69C2f3de816Cad8A8f6688b0,0x0D3Bbb0F96badc2975e215Ceb0033E7a896391B9,0x4200000000000000000000000000000000000006,0xEab49138BA2Ea6dd776220fE26b7b8E446638956,0x940181a94A35A4569E4529A3CDfB74e38FD98631,18,18,18,1,1,1e-18,1e-18,2,2019306141400,301521590691958850894,301.52159069195886,0.0,0,0,0,nan,0
CL-USDC/ZEN,0.12710386223611714,0xbFA5184f90B071C34C85d065b8c7877617248ef7,0x78F5a590Da87B546311dC0E7F4f3Be77CFeeB2a0,0x833589fCD6eDb6E08f4c7C32D4f71b54bdA02913,0xf43eB8De897Fbc7F2502483B2Bef7Bb9EA179229,0x940181a94A35A4569E4529A3CDfB74e38FD98631,18,6,18,25882279,3580883055666647430,25.882279,3.5808830556666473,3580883055692529709,5959494560884344,884527653180970653231444,884527.6531809706,2.806175095037201e-21,2482.1394712281426,0,2482.1394712281426,356.3569507008055,1783555200
CL-RECALL/USDC,0.010185733626505293,0x5e3791F68EbCEAC82788f3becAb154C15141A2f4,0x40F207AE22ECd68149f05a7eFef6feC091E32177,0x1f16e03C1a5908818F47f6EE7bB16690b40D0671,0x833589fCD6eDb6E08f4c7C32D4f71b54bdA02913,0x940181a94A35A4569E4529A3CDfB74e38FD98631,18,18,6,361361247817834605153,19180266,361.3612478178346,19.180266,361361247817853785419,0,70883472005299261779432,70883.47200529926,0.0,0,0,0,nan,0
CL-RECALL/WETH,2.4343948794823904e-05,0x6Ee714d6d8dF7662BcA805f58CC1d5A8886D78eB,0x2e6C36a3120361EE3f6265A0AC998EaD69aEB1d4,0x1f16e03C1a5908818F47f6EE7bB16690b40D0671,0x4200000000000000000000000000000000000006,0x940181a94A35A4569E4529A3CDfB74e38FD98631,18,18,18,211297972846595222394,2869812111984393,211.29797284659523,0.002869812111984393,211300842658707206787,0,169411814226716986560,169.41181422671698,0.0,0,0,0,nan,0
CL-WETH/uZEC,0.017412473843598394,0x3054f64E28140EE00428bE94Eac4aD6F7241712a,0x76E017276E8861968A86A56919B2235c505B6438,0x4200000000000000000000000000000000000006,0x83f31af747189c2FA9E5DeB253200c505eff6ed2,0x940181a94A35A4569E4529A3CDfB74e38FD98631,18,18,18,104362856413863,3811925101073229,0.000104362856413863,0.003811925101073229,3916287957487092,811534427484137,121175032402568686182689,121175.03240256869,2.5681005607856232e-21,311.1896686662527,0,311.1896686662527,389.3928513819895,1783555200
CL-kVCM/USDC,0.00020156221199032007,0x5aAdAcac0deDeDd534990Ddc0Ea6565d104B48DE,0x740546B5d6Ef109D33124b7E93B8ebf5f8f78d1B,0x00fBAC94Fec8D4089d3fe979F39454F48c71A65d,0x833589fCD6eDb6E08f4c7C32D4f71b54bdA02913,0x940181a94A35A4569E4529A3CDfB74e38FD98631,18,18,6,203207597251980604487,12064616,203.20759725198062,12.064616,203207597251992669103,2560,1402690266095642831983,1402.6902660956428,0.0,0,0,0,nan,1783555200
CL-USDC/LMTS,0.00865123118408318,0xa5E0Da329eE5AA03f09228e534953496334080f5,0x23FD7a6fFeecababC8952F41E1490458ad28be9A,0x833589fCD6eDb6E08f4c7C32D4f71b54bdA02913,0x9EadbE35F3Ee3bF3e28180070C429298a1b02F93,0x940181a94A35A4569E4529A3CDfB74e38FD98631,18,6,18,651256,42028412679235986441,0.651256,42.028412679235984,42028412679236637697,403207589190718,60204726133087577572391,60204.72613308758,2.6418418342697104e-21,159.05136411914165,0,159.05136411914165,378.52379617435804,1783555200
CL-BIO/USDC,0.21725270605636102,0xd40BffA9C9E35493B88a2b6744C49D8716b00898,0x134cE8d4299dF4B6b4938754a1D13a3aD2c24D54,0x226A2FA2556C48245E57cd1cbA4C6c9e67077DD2,0x833589fCD6eDb6E08f4c7C32D4f71b54bdA02913,0x940181a94A35A4569E4529A3CDfB74e38FD98631,18,18,6,913528662267106560921,29868150,913.5286622671066,29.86815,913528662267136429071,10178789830011454,1511881880333950851021256,1511881.880333951,1.8295691303929663e-21,2766.0924170594694,0,2766.0924170594694,546.5767777712853,1783555200
CL-WETH/COMMON,0.09907602589716812,0x45dF01EFA0dE71725d4d8fC1165b102bC2E989Fb,0xB716cB1E4c8b6c1Dc78C9E72ea47D99562e52657,0x4200000000000000000000000000000000000006,0x4c87da04887a1F9F21F777E3A8dD55C3C9f84701,0x940181a94A35A4569E4529A3CDfB74e38FD98631,18,18,18,1153494959554809,23136855284673698071574,0.001153494959554809,23136.855284673697,23136856438168657626383,4622263521889077,689479321332669636750439,689479.3213326697,1.8688721551232936e-20,12885.487051719323,0,12885.487051719323,53.50820799906604,1783555200
CL-WETH/TITN,2.9221812693129302e-05,0xfe2313df3e27aD2608B16230695d835E18d409f4,0x52bf08d71F69282e729A16d14a4503c6957B7De4,0x4200000000000000000000000000000000000006,0xe62bfbE57763ec24c0F130426F34DbCe11Fc5B06,0x940181a94A35A4569E4529A3CDfB74e38FD98631,18,18,18,1,49026390028913528,1e-18,0.04902639002891353,49026390028913529,1362061486215,203357324855568977023,203.357324855569,6.112449726778342e-21,1.2430114247517972,0,1.2430114247517972,163.600527562468,1783555200
CL-USDC/cbBTC,1.3753824261161166e-08,0x4F5905e36ac07eE1F01ffB939aA7f212A58D5CDF,0xfd548a1C01f1547b305313e4D42BD9C714EFdF6a,0x833589fCD6eDb6E08f4c7C32D4f71b54bdA02913,0xcbB7C0000aB88B473b1f5aFd9ef808440eed33Bf,0x940181a94A35A4569E4529A3CDfB74e38FD98631,18,6,8,365251174,550750,365.251174,0.0055075,365801924,0,95714148114465879,0.09571414811446587,0.0,0,0,0,nan,0
CL-CHECK/TOWER,0.0013458777077373287,0xB5a64B150730b6c475CDC9C40632CE1D1ebf3ceC,0x58700106298036e6D74A3deb237B9ADAe17D2FAe,0x9126236476eFBA9Ad8aB77855c60eB5BF37586Eb,0xf7C1CEfCf7E1dd8161e00099facD3E1Db9e528ee,0x940181a94A35A4569E4529A3CDfB74e38FD98631,18,18,18,1,394305480314478970244,1e-18,394.305480314479,394305480314478970245,62729550978511,9366088719491384281098,9366.088719491385,2.129203564234845e-21,19.94230948448083,0,19.94230948448083,469.6591799851519,1783555200
CL-WETH/ROOM,1.0054542672475729e-06,0x827F373b058CcfDa902E0Fbd11702d56e92784DD,0xb7A4B01d15981Dc4a641303c87BFBC2c9662517E,0x4200000000000000000000000000000000000006,0x6555255b8dEd3c538Cb398d9E36769f45D7d3ea7,0x940181a94A35A4569E4529A3CDfB74e38FD98631,18,18,18,9705773572368,532037417079022470320,9.705773572368e-06,532.0374170790225,532037426784796042688,0,6997050189845250029,6.99705018984525,0.0,0,0,0,nan,1783555200
CL-msUSD/USDC,0.0208124764988312,0x054B67943BA17b2cD8C420544C88BdE71a81Ef9f,0xA0B1Db34fa530B9A001965C8A212c1a54Dab8510,0x526728DBc96689597F85ae4cd716d4f7fCcBAE9d,0x833589fCD6eDb6E08f4c7C32D4f71b54bdA02913,0x940181a94A35A4569E4529A3CDfB74e38FD98631,18,18,6,2629840612443466605,3479605,2.629840612443467,3.479605,2629840612446946210,1255769058819293,144835968557721761803783,144835.96855772176,0.0,0,0,0,nan,0
CL-WETH/PING,0.006329394177266427,0x5D28f920C9d23100E4A38b2bA2D8aE617c3b2615,0xcc049DFa700197b49db9E8BeC3Af462d22b68621,0x4200000000000000000000000000000000000006,0xd85c31854c2B0Fb40aaA9E2Fc4Da23C21f829d46,0x940181a94A35A4569E4529A3CDfB74e38FD98631,18,18,18,1851727362171813,1676860996363893807571,0.001851727362171813,1676.8609963638937,1676862848091255979384,295017239107562,44046845463079297474327,44046.84546307929,8.531966333334877e-21,375.8062025805966,0,375.8062025805966,117.20627589597291,1783555200
CL-ICP/WETH,0.08022571314651487,0xBe762d548f8CA86A78E9Da6e3DdC87F91457e398,0x7140E2eE393c885FDa93A4a6b0a05564c6AdEdFc,0x00f3C42833C3170159af4E92dbb451Fb3F708917,0x4200000000000000000000000000000000000006,0x940181a94A35A4569E4529A3CDfB74e38FD98631,18,8,18,943593507,10797106769410432,9.43593507,0.010797106769410432,10797107713003939,3739991895119567,558298233632214592314489,558298.2336322146,2.5809576787377194e-21,1440.9441131187696,0,1440.9441131187696,387.453079234168,1783555200
CL-HYPE/WETH,0.7178877679022737,0x9E48d016eE76cf53e2De8dc8058c7549c8c202DF,0x9495E37F2dd9b54f6b473a46ede1F1641459868e,0x15D0e0c55a3E7eE67152aD7E89acf164253Ff68d,0x4200000000000000000000000000000000000006,0x940181a94A35A4569E4529A3CDfB74e38FD98631,18,18,18,601388931778683886,22267688293168030,0.6013889317786839,0.02226768829316803,623656620071851916,33461859203385116,4995848052282770613335891,4995848.052282771,0.0,0,0,0,nan,0
CL-WETH/LSK,0.00029783213799137504,0x275BE3a43B66516e532BcaA36eE453EDd47614ea,0x90F6Ef29a0915Cd33dbf0ce779B46923DB5cbb22,0x4200000000000000000000000000000000000006,0xac485391EB2d7D88253a7F1eF18C37f4242D1A24,0x940181a94A35A4569E4529A3CDfB74e38FD98631,18,18,18,134234321645669,1929319538857700998,0.000134234321645669,1.929319538857701,1929453773179346667,13883254472056,2072641676064852513879,2072.6416760648526,2.0220334561597052e-21,4.190950811634058,0,4.190950811634058,494.5516588529768,1783555200
CL-USDC/CHECK,0.09677705569969183,0x5a7B4970B2610aEe4776A6944d9F2171EE6060B0,0xeCCE253d45D14A8D8cdf230AD6DE75d7dA2E2151,0x833589fCD6eDb6E08f4c7C32D4f71b54bdA02913,0x9126236476eFBA9Ad8aB77855c60eB5BF37586Eb,0x940181a94A35A4569E4529A3CDfB74e38FD98631,18,6,18,1439310,199630027316982570998,1.43931,199.63002731698256,199630027316984010308,4511066218512634,673480572925409418912574,673480.5729254094,0.0,0,0,0,nan,0
CL-USDC/elizaOS,0.0014472346955068803,0x84b783723DaC9B89d0981FFf3dcE369bC5870C16,0x757319eb2053b7Be8b4Da20652324FD812f45bf2,0x833589fCD6eDb6E08f4c7C32D4f71b54bdA02913,0xea17Df5Cf6D172224892B5477A16ACb111182478,0x940181a94A35A4569E4529A3CDfB74e38FD98631,18,6,9,132667,1,0.132667,1e-09,132668,67459910801784,10071441467614394043869,10071.441467614393,1.9861350362375652e-20,200.0324276424483,0,200.0324276424483,50.34904383411663,1783555200
CL-USDC/TOWER,0.0540087044494924,0xD4dC229A997a73E86c13e3ce8019be02cD4827a6,0xF8b0f41537A00E0BDa5aB5733568F248157aFf74,0x833589fCD6eDb6E08f4c7C32D4f71b54bdA02913,0xf7C1CEfCf7E1dd8161e00099facD3E1Db9e528ee,0x940181a94A35A4569E4529A3CDfB74e38FD98631,18,6,18,956821,14043071832412369797907,0.956821,14043.07183241237,14043071832412370754728,2517556206208920,375851620537770476589687,375851.62053777045,5.003026390140188e-22,188.03955763274215,0,188.03955763274215,1998.7901762236743,1783555200
CL-USDC/EDEL,0.0011858291646790237,0xe2B182796518E76845f46ccDC522495D81630d14,0x5b29c69383f3E4D274511Df97486207315Eade6d,0x833589fCD6eDb6E08f4c7C32D4f71b54bdA02913,0xFb31f85A8367210B2e4Ed2360D2dA9Dc2D2Ccc95,0x940181a94A35A4569E4529A3CDfB74e38FD98631,18,6,18,120710,8691802023347438676,0.12071,8.691802023347439,8691802023347559386,55279044390916,8252295954300578465747,8252.295954300578,4.6868083362318966e-21,38.67692947166871,0,38.67692947166871,213.36481636541183,1783555200
CL-WETH/jesse,0.003074067479024373,0x4e40ff3Be6bdA5b131c91520Fa73515076eEE098,0x474716f0164cbe5d2F55336492C51FE0bF04373E,0x4200000000000000000000000000000000000006,0x50F88fe97f72CD3E75b9Eb4f747F59BcEBA80d59,0x940181a94A35A4569E4529A3CDfB74e38FD98631,18,18,18,696645477379444,626860164458415405519,0.000696645477379444,626.8601644584154,626860861103892784963,143301849621533,21392722810343735710289,21392.722810343734,1.3520645401446677e-20,289.24341929009745,0,289.24341929009745,73.96096638204877,1783555200
CL-sUSDai/USDC,8.17945076642953e-06,0xEd7b8e8D89Bb5061E5B8eC1fC8E31cdb36B7CAFE,0xB5DBc58d852A10fA344e24A5Cb87C9C5732F55A6,0x0B2b2B2076d95dda7817e785989fE353fe955ef9,0x833589fCD6eDb6E08f4c7C32D4f71b54bdA02913,0x940181a94A35A4569E4529A3CDfB74e38FD98631,18,18,6,1,37,1e-18,3.7e-05,38,381242238626,56921562126090602554,56.9215621260906,4.471831878130804e-24,0.00025454365606845497,0,0.00025454365606845497,223622.00262725292,1783555200
CL-USDai/USDC,4.479664067237194e-06,0x2595b1BD2944D213360e73c928c5d1636cCC2d99,0xDe7bDBb10EAE1546D88d506C9250F57D14B3A221,0x0A1a1A107E45b7Ced86833863f482BC5f4ed82EF,0x833589fCD6eDb6E08f4c7C32D4f71b54bdA02913,0x940181a94A35A4569E4529A3CDfB74e38FD98631,18,18,6,1540847340231694,1591,0.001540847340231694,0.001591,1540847340233285,178517203056,31174400798864993979,31.174400798864994,8.132114946449151e-22,0.02535138106830464,0,0.02535138106830464,1229.6924066926097,1783555200
CL-WETH/REPPO,0.406204910609092,0x71FE33676773DF7Cf9Ce14f640caE06823F083cC,0x456979e89917F4dC1E86662fcDFD4c9766c6684d,0x4200000000000000000000000000000000000006,0xFf8104251E7761163faC3211eF5583FB3F8583d6,0x940181a94A35A4569E4529A3CDfB74e38FD98631,18,18,18,14206572303989120,395881796951012226600,0.01420657230398912,395.88179695101223,395896003523316215720,18959347340930119,2826817926462265031686853,2826817.9264622647,1.0819505777974173e-21,3058.4772888639445,0,3058.4772888639445,924.256634749206,1783555200
CL-SOL/USDC,0.0006895525457642658,0xb30540172F1B37d1eE1d109e49F883E935E69219,0xC6e211fF1D04A1728ab011406AD42EF529Cb3886,0x311935Cd80B76769bF2ecC9D8Ab7635b2139cf82,0x833589fCD6eDb6E08f4c7C32D4f71b54bdA02913,0x940181a94A35A4569E4529A3CDfB74e38FD98631,18,9,6,4223933065,378335948,4.223933065,378.335948,4602269013,0,4798660593938394636890,4798.660593938394,0.0,0,0,0,nan,0
CL-USDC/DeprecatedDGLD,5.818001494619987e-06,0x9E2E1D6118971698D410DB64ed20209946Dd5b2F,0xFc836EfAE8359a946393c95E4c07F8D81Ea906De,0x833589fCD6eDb6E08f4c7C32D4f71b54bdA02913,0xd02f50E1017F493ffFFa70c8fCf09e349e11d6c9,0x940181a94A35A4569E4529A3CDfB74e38FD98631,18,6,18,111348612,211018500469197886348,111.348612,211.01850046919787,211018500469309234960,0,40488016002847199475,40.4880160028472,0.0,0,0,0,nan,0
CL-MYRC/USDC,0.00023581729951171614,0x8d15046288Df104C9757a18fABaf587a88209D48,0x81Fbc2c15CaAf32CD5fdc0427cBA2817d7629238,0x3eD03E95DD894235090B3d4A49E0C3239EDcE59e,0x833589fCD6eDb6E08f4c7C32D4f71b54bdA02913,0x940181a94A35A4569E4529A3CDfB74e38FD98631,18,18,6,1,1,1e-18,1e-06,2,10991018323057,1641074620762400302675,1641.0746207624002,4.447111872679893e-22,0.7298042429946123,0,0.7298042429946123,2248.6504244323983,1783555200
CL-RAVE/USDC,0.6778507796750451,0x51663B8A28E7Ea197c5CcF983AfC084Da0a8023D,0x8eF58803e5522986Be1896c1Ea024553A50e0940,0x1aA8fD5BCce2231C6100d55Bf8B377cff33Acfc3,0x833589fCD6eDb6E08f4c7C32D4f71b54bdA02913,0x940181a94A35A4569E4529A3CDfB74e38FD98631,18,18,6,251823785032933758702,59798248,251.82378503293376,59.798248,251823785032993556950,31630015817572799,4717226910375396059348155,4717226.910375396,1.1325255902125855e-21,5342.380190839587,0,5342.380190839587,882.9822554493365,1783555200
CL-BRACKY/USDC,0.00047171123048655116,0x8c30Ecf71C809D295222E00351Eff6058d3497bA,0x50bEed7938E571a90bEd95ae092febb2a85e3783,0x06f71fb90F84b35302d132322A3C90E4477333b0,0x833589fCD6eDb6E08f4c7C32D4f71b54bdA02913,0x940181a94A35A4569E4529A3CDfB74e38FD98631,18,18,6,11960210573212241548846,1,11960.210573212242,1e-06,11960210573212241548847,21986044566564,3282682527036664006466,3282.6825270366644,2.266717760118811e-21,7.440914784865706,0,7.440914784865706,441.1665261525919,1783555200
CL-AERO/DIEM,8.510841514128048e-05,0xD1edC6961222bf35AFAC0989Ce602212f28464F6,0x289541d6ce255535A859C96B022d78C0cd80D545,0x940181a94A35A4569E4529A3CDfB74e38FD98631,0xF4d97F2da56e8c3098f3a8D538DB630A2606a024,0x940181a94A35A4569E4529A3CDfB74e38FD98631,18,18,18,4819580256773402,25982877228955,0.004819580256773402,2.5982877228955e-05,4845563134002357,3966972509306,592277413026378069789,592.277413026378,1.1904676554434866e-21,0.7050871032576458,0,0.7050871032576458,840.0060223622527,1783555200
CL-MOCA/CHECK,0.0004226719812410717,0xD4E145Efdbbbb97CE8C23d4C0Fd59C902Bc34dFa,0x181aBe1152ECC190889DD4A25991c0D214AC9695,0x2B11834Ed1FeAEd4b4b3a86A6F571315E25A884D,0x9126236476eFBA9Ad8aB77855c60eB5BF37586Eb,0x940181a94A35A4569E4529A3CDfB74e38FD98631,18,18,18,1600628739369834209,1375465151870897726,1.6006287393698342,1.3754651518708978,2976093891240731935,19701085107205,2941413809581947757529,2941.4138095819476,5.0972412944035285e-22,1.49930959341299,0,1.49930959341299,1961.8455204346344,1783555200
CL-cbETH/cbBTC,0.4809260520169275,0x8BB9eAF3C5A906D20c4CC10eA2F73A3Ac2D5d41A,0x2B0C60C15f896d138dB9f4ec0605A912A377f6ef,0x2Ae3F1Ec7F1F5012CFEab0185bfc7aa3cf0DEc22,0xcbB7C0000aB88B473b1f5aFd9ef808440eed33Bf,0x940181a94A35A4569E4529A3CDfB74e38FD98631,18,18,8,35529289151977363,89439,0.03552928915197736,0.00089439,35529289152066802,22419701613517287,3346809331048361128804878,3346809.331048361,0.0,0,0,0,nan,0
CL-cbBTC/USDT,6.348178714060298e-05,0x6567CB712b9BCf7c1c568eBe8c2657830E299442,0x774C988f7De1607098eefdaa47bc4E05B6655d1A,0xcbB7C0000aB88B473b1f5aFd9ef808440eed33Bf,0xfde4C96c8593536E31F229EA8f37b2ADa2699bb2,0x940181a94A35A4569E4529A3CDfB74e38FD98631,18,8,6,46,23402,4.6e-07,0.023402,23448,2958996492089,441775688097507678608,441.7756880975077,5.034795864442958e-21,2.224250407444774,0,2.224250407444774,198.61778449892296,1783555200
CL-SUMR/USDC,0.006775399372387479,0x8fEbF59b6725c4729466b0279cb28080Ac5d1161,0xC7fCaC7ea12c31a43F060E27d7cf7273EFBCcd01,0x194f360D130F2393a5E9F3117A6a1B78aBEa1624,0x833589fCD6eDb6E08f4c7C32D4f71b54bdA02913,0x940181a94A35A4569E4529A3CDfB74e38FD98631,18,18,6,7364123394520034467103,34111170,7364.123394520035,34.11117,7364123394520068578273,0,47150637288178109056079,47150.637288178106,0.0,0,0,0,nan,1783555200
CL-FUN/USDC,0.1741454610125222,0x659bE70647B0f63217D60e077F4417b1eCC65064,0x72cD715cd1Df473115881B6a2bcEC16630AAf2A1,0x16EE7ecAc70d1028E7712751E2Ee6BA808a7dd92,0x833589fCD6eDb6E08f4c7C32D4f71b54bdA02913,0x940181a94A35A4569E4529A3CDfB74e38FD98631,18,18,6,1899971296573954822923,49395617,1899.9712965739548,49.395617,1899971296574004218540,8166002596831194,1211894534372019457307200,1211894.5343720196,1.3092959368331274e-21,1586.72858972356,0,1586.72858972356,763.769268557237,1783555200
CL-PORTAL/USDC,0.0006152068690988097,0x6133d984A2ea4d20C56dB083Fb0B0D093a9F5B42,0x162A77D0b9064D60e626a0eE515594a422aDe40d,0x0FfebC403F2d3dd9EA5501ca03916E98967aCB2D,0x833589fCD6eDb6E08f4c7C32D4f71b54bdA02913,0x940181a94A35A4569E4529A3CDfB74e38FD98631,18,18,6,120043122747062454764314,1958113122,120043.12274706246,1958.113122,120043122747064412877436,0,4281282083575860029999,4281.28208357586,0.0,0,0,0,nan,0
CL-USDC/ACU,0.01129364760920687,0x6d76a0f856a2ba951DA45Da9be399509Ad602e6A,0x68ba7CA9Fc65C393a86D7Cd00ff1b70C2882b633,0x833589fCD6eDb6E08f4c7C32D4f71b54bdA02913,0xc5fEd7c8cCC75D8A72b601a66DffD7A489073F0b,0x940181a94A35A4569E4529A3CDfB74e38FD98631,18,6,12,872423,12079128984018,0.872423,12.079128984018,12079129856441,526456602108849,78593548928256384845962,78593.54892825638,1.5787365919404264e-21,124.07851158349862,0,124.07851158349862,633.4178894092138,1783555200
CL-CHECK/SAND,0.002308789647782918,0x3f985184335BD9e0A4774C79668Ce57EE2AaCFe2,0xfab8FcF5137630d186bC29A3f985661A152d1263,0x9126236476eFBA9Ad8aB77855c60eB5BF37586Eb,0xac531Eb26Ca1d21b85126De8FB87E80E09002DcF,0x940181a94A35A4569E4529A3CDfB74e38FD98631,18,18,18,6627154284603002787,558448428047229062,6.6271542846030025,0.558448428047229,7185602712650231849,107618124162667,16067082879418962457790,16067.082879418962,0.0,0,0,0,nan,0
CL-WETH/MOLT,0.0026549902661496313,0x85Fb468A5E65a537C5Ac767776599708a3D41046,0x83c20bA54325741fE1D84632E423D187C8b4f3c2,0x4200000000000000000000000000000000000006,0xB695559b26BB2c9703ef1935c37AeaE9526bab07,0x940181a94A35A4569E4529A3CDfB74e38FD98631,18,18,18,103223401723339,34556046679711187963759,0.000103223401723339,34556.04667971119,34556046782934589687098,123756987785128,18476325329698296463536,18476.325329698295,5.214073446511257e-21,96.33691729068323,0,96.33691729068323,191.78862941969126,1783555200
CL-UP/cbBTC,0.01801504669696396,0x1E726F3177a933cc134Fd0ea7C326EAb270E0137,0x46ded54E6C6B8bDdcc4F034f670Efc284A1B490B,0x5b2193fDc451C1f847bE09CA9d13A4Bf60f8c86B,0xcbB7C0000aB88B473b1f5aFd9ef808440eed33Bf,0x0000000000000000000000000000000000000000,18,18,8,0,0,0.0,0.0,0,0,125368393190204555556324,125368.39319020456,0.0,0,0,0,nan,0
CL-USDC/RNBW,0.03975986840656305,0x4bf85cA48a620BAf9DDE3b6A7A6d88b219827caA,0x0099140A97ACc1cc831ECB39Ab5FD60FC9F6BB64,0x833589fCD6eDb6E08f4c7C32D4f71b54bdA02913,0xa53887F7e7c1bf5010b8627F1C1ba94fE7a5d6E0,0x940181a94A35A4569E4529A3CDfB74e38FD98631,18,6,18,2815734,70301871950620942811,2.815734,70.30187195062095,70301871950623758545,1853472773486776,276692639182824791747379,276692.6391828248,8.47679263408084e-22,234.54661257293571,0,234.54661257293571,1179.6914743195584,1783555200
CL-UP/USDC,0.1147261333094142,0xb1857B20d91c216f51656B63081f35C7cD0A489d,0xe897425DACD719e509f73987b289DAD6cd256EE6,0x5b2193fDc451C1f847bE09CA9d13A4Bf60f8c86B,0x833589fCD6eDb6E08f4c7C32D4f71b54bdA02913,0x940181a94A35A4569E4529A3CDfB74e38FD98631,18,18,6,337360314246007006198,13596528,337.360314246007,13.596528,337360314246020602726,5361668991416832,798389881073714278849009,798389.8810737142,5.166260989595244e-22,412.4690497078716,0,412.4690497078716,1935.6358535002043,1783555200
CL-msUSD/msETH,0.00023649800101776508,0x8845126640B36df1D24bf3dF9B2903fD4c730FE6,0x019a8a996B6cb2e2e12fe95997FA9ef733c99765,0x526728DBc96689597F85ae4cd716d4f7fCcBAE9d,0x7Ba6F01772924a82D9626c126347A28299E98c98,0x940181a94A35A4569E4529A3CDfB74e38FD98631,18,18,18,424141356191599888887,289503111745882041,424.14135619159987,0.28950311174588206,424430859303345770928,0,1645811686143967739007,1645.8116861439676,0.0,0,0,0,nan,0
CL-KellyClaude/USDC,0.018749694460405676,0xCBBA009BDe5731E68C97707e6B6edBfAb9926CF9,0x8612abc6Bf9735f192cd7E4005b8494DFe3d773d,0x50D2280441372486BeecdD328c1854743EBaCb07,0x833589fCD6eDb6E08f4c7C32D4f71b54bdA02913,0x940181a94A35A4569E4529A3CDfB74e38FD98631,18,18,6,46500000000000027764711,80308,46500.00000000003,0.080308,46500000000000027845019,873987660990014,130480875617407326715774,130480.87561740734,0.0,0,0,0,nan,0
CL-USDC/FELIX,0.0001657897943832948,0x1F9bA3e5Ebcd2f4CA3cDEffa5eCdF1c03cf1865d,0xBc24a215368B5e2a3baad4904d6C810148D2b258,0x833589fCD6eDb6E08f4c7C32D4f71b54bdA02913,0xf30Bf00edd0C22db54C9274B90D2A4C21FC09b07,0x940181a94A35A4569E4529A3CDfB74e38FD98631,18,6,18,6534,3205065877437645108208,0.006534,3205.065877437645,3205065877437645114742,7727776179933,1153746669592085568393,1153.7466695920855,1.6748513508390953e-20,19.32354168092412,0,19.32354168092412,59.70679126234116,1783555200
CL-USDC/MUSD,9.8293219242387e-05,0x78595D8e45E1Df1CbA5775E8368827cdaC50aF9c,0x4fE3512bbbBD252B31ebA69F9648C9e41F668677,0x833589fCD6eDb6E08f4c7C32D4f71b54bdA02913,0xdD468A1DDc392dcdbEf6db6e34E89AA338F9F186,0x940181a94A35A4569E4529A3CDfB74e38FD98631,18,6,18,183453282,366953797196773600924,183.453282,366.9537971967736,366953797196957054206,0,684031696680936278167,684.0316966809363,0.0,0,0,0,nan,0
CL-WBTC/cbBTC,8.68951966457571e-05,0x383567feDD4e7Dfdd44c8df9624C19eFdB6D7B35,0xdF383F80C8067Ff91528651b28e063D8Fc953ADb,0x0555E30da8f98308EdB960aa94C0Db47230d2B9c,0xcbB7C0000aB88B473b1f5aFd9ef808440eed33Bf,0x940181a94A35A4569E4529A3CDfB74e38FD98631,18,8,8,29,7,2.9e-07,7e-08,36,4050510380982,604711792462983188055,604.7117924629832,0.0,0,0,0,nan,1783555200
CL-MEZO/MUSD,1.1044580441865113e-05,0x0DD2076128FaE11da3D0F5522D3a52B532af3741,0x73aA1980FE058652313E58b0836347106aDBBB10,0x8e4cbBcc33dB6c0a18561fDE1F6bA35906d4848b,0xdD468A1DDc392dcdbEf6db6e34E89AA338F9F186,0x940181a94A35A4569E4529A3CDfB74e38FD98631,18,18,18,1002347588120659048,10038590446708126,1.002347588120659,0.010038590446708125,1012386178567367174,0,76860267239270577042,76.86026723927058,0.0,0,0,0,nan,1783555200
CL-USDC/KAT,0.00019629316299419635,0x7bD36Ffa2AA69b9035782D2e85f60d3Dd0B5124c,0x3d292E05F13Dd7Ea9A30D73d79e00541Ad3c4Ef7,0x833589fCD6eDb6E08f4c7C32D4f71b54bdA02913,0xD5390300c5DB71F80d46f0fA9983Fc72D4d1e3da,0x940181a94A35A4569E4529A3CDfB74e38FD98631,18,6,18,988,1,0.000988,1e-18,989,9149959089973,1366022461820907788997,1366.022461820908,7.605784818425654e-22,1.0389672901745899,0,1.0389672901745899,1314.7887086910687,1783555200
CL-USDC/deSPXA,0.006283389959283547,0xf840346faFEdc1c0466216F3A899A599E6D03E75,0x0fb1DAFCC2bD0bc30477bA7B96B2e8045ADd8a03,0x833589fCD6eDb6E08f4c7C32D4f71b54bdA02913,0x9c5C365e764829876243d0b289733B9D2b729685,0x940181a94A35A4569E4529A3CDfB74e38FD98631,18,6,18,1879301,799954265662309,1.879301,0.000799954265662309,799954267541610,292892325931381,43726697811757497519753,43726.69781175749,1.1729067174274475e-21,51.28733759433044,0,51.28733759433044,852.582720468439,1783555200
CL-USDC/PENDLE,0.0002583745015454657,0xa2440Bc42F9933914A2d246Ab471e5B2D7aa5045,0x55E13F1653FB7C40c9E2934b0B1fFaCF10AFFA18,0x833589fCD6eDb6E08f4c7C32D4f71b54bdA02913,0xA99F6e6785Da0F5d6fB42495Fe424BCE029Eeb3E,0x940181a94A35A4569E4529A3CDfB74e38FD98631,18,6,18,89560,22456339126500262,0.08956,0.02245633912650026,22456339126589822,12011238910261,1798052297335094949609,1798.0522973350949,2.2965658962316032e-21,4.129345585700666,0,4.129345585700666,435.43274836610755,1783555200
CL-CTR/WETH,1.112825818634476e-06,0x8f4eCDD1d8BE3371837c857d1BF10C60af67e5e9,0x45E81A4a9Fbeae280406B1a60D0A68890aE65A89,0x11030f79109269d796fd0FB956D6244e502757f7,0x4200000000000000000000000000000000000006,0x0000000000000000000000000000000000000000,18,18,18,0,0,0.0,0.0,0,51925703052,7744258848148871810,7.744258848148872,0.0,0,0,0,nan,0
CL-USDC/LBTC,3.614741042920843e-05,0x9E3e7eBDb3728053d705EBf73b7522487E8dA367,0xAADf3b59D854CDdEFb01d3ef7BBB81E797AF5cc1,0x833589fCD6eDb6E08f4c7C32D4f71b54bdA02913,0xecAc9C5F704e954931349Da37F60E39f515c11c1,0x940181a94A35A4569E4529A3CDfB74e38FD98631,18,6,8,1,1,1e-06,1e-08,2,1684921523205,251553206590379206120,251.5532065903792,0.0,0,0,0,nan,0
CL-WETH/DRV,0.5074679658929606,0xEF7E596AEF9e4c6301b4D1F1e88F8fFE8C306222,0xA9BFEB96Bc114cf7523Bdd3065e5561F2A074A89,0x4200000000000000000000000000000000000006,0x9d0E8f5b25384C7310CB8C6aE32C8fbeb645d083,0x940181a94A35A4569E4529A3CDfB74e38FD98631,18,18,18,70628981279096660,422605923167921128982,0.07062898127909666,422.6059231679211,422676552149200225642,23670993681845503,3531516989640877432684190,3531516.989640877,0.0,0,0,0,nan,0
CL-USDC/CHECK,0.1077176587260698,0x3c4384F3664B37A3Cb5A5cB3452B4B4A3Aa1256f,0xFBd7De67837D3CEeCaEa3cd98AccAcE26f94aF00,0x833589fCD6eDb6E08f4c7C32D4f71b54bdA02913,0x9126236476eFBA9Ad8aB77855c60eB5BF37586Eb,0x940181a94A35A4569E4529A3CDfB74e38FD98631,18,6,18,4747042,180058873481019141831,4.747042,180.05887348101913,180058873481023888873,5021173104193446,749617251615232105917556,749617.2516152321,0.0,0,0,0,nan,0
CL-USDC/GHST,0.03173663782883454,0x41D4934322f2bd6fE1dbe4124070FE61651A2067,0x5b3f00bc7843Bd033100517D46AA4001E1e32A83,0x833589fCD6eDb6E08f4c7C32D4f71b54bdA02913,0xcD2F22236DD9Dfe2356D7C543161D4d260FD9BcB,0x940181a94A35A4569E4529A3CDfB74e38FD98631,18,6,18,3471910,1,3.47191,1e-18,3471911,1479524973907922,220858227946252487191738,220858.22794625247,2.535792592989576e-21,560.0506585269104,0,560.0506585269104,394.3540188438869,1783555200
CL-WETH/TIBBIR,0.32221346568034254,0x0E4409F7a8ebA3213F336daf608985302e79328c,0x5E0f61E5238Cf493eaE763797eA7aebBc19F2ad3,0x4200000000000000000000000000000000000006,0xA4A2E2ca3fBfE21aed83471D28b6f65A233C6e00,0x940181a94A35A4569E4529A3CDfB74e38FD98631,18,18,18,67340420222435053,1582111531118065688059,0.06734042022243505,1582.1115311180656,1582178871538288123112,15004148156787844,2242313613508391122413538,2242313.613508391,3.412820285589307e-21,7652.613386834499,0,7652.613386834499,293.0127918608892,1783555200
CL-GIZA/USDC,0.03112463000326135,0xe9EEd359ef1e600cEC91F240768f463ED3c88730,0xbED18D5dd9BD7DbcC3E4d0C584ba02FFE02f9461,0x590830dFDf9A3F68aFCDdE2694773dEBDF267774,0x833589fCD6eDb6E08f4c7C32D4f71b54bdA02913,0x940181a94A35A4569E4529A3CDfB74e38FD98631,18,18,6,1002185360591384322943,1887161,1002.1853605913843,1.887161,1002185360591386210104,1450613753240867,216599208305472253567806,216599.20830547225,9.425114299115328e-21,2041.472295376966,0,2041.472295376966,106.09950906312757,1783555200
CL-WETH/REI,1.4376351570558657e-07,0xf8F33dB251d41942f3b6518e3925Df03c8C35F2c,0x901AC099C159be0A896c7A0161afEd2Cb1f305A9,0x4200000000000000000000000000000000000006,0x6B2504A03ca4D43d0D73776F6aD46dAb2F2a4cFD,0x940181a94A35A4569E4529A3CDfB74e38FD98631,18,18,18,0,0,0.0,0.0,0,0,1000463738260616155,1.0004637382606163,0.0,0,0,0,nan,1783555200
CL-cbXRP/cbBTC,0.25753343879038687,0x62916B911F2B64d0e3A3b72472D6f8C08c75DcAA,0xf018eBe4e6b3ff169be0a25218ec14F417fCad1a,0xcb585250f852C6c6bf90434AB21A00f02833a4af,0xcbB7C0000aB88B473b1f5aFd9ef808440eed33Bf,0x940181a94A35A4569E4529A3CDfB74e38FD98631,18,6,8,101935,8759,0.101935,8.759e-05,110694,12066531042942395,1792199263038262681738319,1792199.2630382627,1.5513069116729702e-21,2780.2511038464604,0,2780.2511038464604,644.61776871836,1783555200
CL-SOL/cbBTC,0.7921453419853026,0xCcfA472815563ff9eB2de95C7b2bE1Ccf91f7F31,0xBe13347c7e999D57a85138406b7e0116312eB055,0x311935Cd80B76769bF2ecC9D8Ab7635b2139cf82,0xcbB7C0000aB88B473b1f5aFd9ef808440eed33Bf,0x940181a94A35A4569E4529A3CDfB74e38FD98631,18,9,8,1781390156,202061,1.781390156,0.00202061,1781592217,37042585098107684,5512613448542377743262125,5512613.448542378,1.3716998242155455e-21,7561.650898333832,0,7561.650898333832,729.0224744119108,1783555200
CL-EURC/USDC,0.36618688317617737,0xf39B7c34BE147F5DC1bC374f27AF2E9f03AD3113,0x3b798f9C872586CF0ba103400650Cf9E1acAF27F,0x60a3E35Cc302bFA44Cb288Bc5a4F316Fdb1adb42,0x833589fCD6eDb6E08f4c7C32D4f71b54bdA02913,0x940181a94A35A4569E4529A3CDfB74e38FD98631,18,6,6,19004545,32281107,19.004545,32.281107,51285652,17071261104214432,2548328734494112363938588,2548328.7344941124,6.104778611543656e-22,1555.698275352177,0,1555.698275352177,1638.0610397714975,1783555200
CL-WETH/USDC,0.08080116854182483,0x4e392fBfE4D0557C82D2F97F02ec39daA31516dd,0x6BFdC817fd78c72A0E330e3D958108fAc96201f4,0x4200000000000000000000000000000000000006,0x833589fCD6eDb6E08f4c7C32D4f71b54bdA02913,0x940181a94A35A4569E4529A3CDfB74e38FD98631,18,18,6,5156315348519570,8994724,0.00515631534851957,8.994724,5156315357514294,3797678906616308,562302881495536538318743,562302.8814955365,1.2327810504169007e-21,693.1963369025175,0,693.1963369025175,811.1740520847729,1783555200
CL-USDC/cbBTC,0.6800040523581273,0x9D14ff91AE2c6e3D1A760542248B6c7F206894b0,0xF2d990b13af7c0cd72Cc937625dEB29E4022b81D,0x833589fCD6eDb6E08f4c7C32D4f71b54bdA02913,0xcbB7C0000aB88B473b1f5aFd9ef808440eed33Bf,0x940181a94A35A4569E4529A3CDfB74e38FD98631,18,6,8,102940121,160963,102.940121,0.00160963,103101084,31692921938750679,4732211736166819824987792,4732211.73616682,0.0,0,0,0,nan,0
CL-WETH/cbBTC,0.34584347339522775,0x7C7420DD105E2779316423Ba3E973f434315EFA9,0xe3aE44A6cD6cf1b47295209539b7bB675F500873,0x4200000000000000000000000000000000000006,0xcbB7C0000aB88B473b1f5aFd9ef808440eed33Bf,0x940181a94A35A4569E4529A3CDfB74e38FD98631,18,18,8,31900642246939247,89002,0.03190064224693925,0.00089002,31900642247028249,16108950053947519,2406757045053120785540940,2406757.0450531207,0.0,0,0,0,nan,0
CL-IDRX/frxUSD,0.00020876919208687668,0xe2a363898DCCFb6E509CDe97A77cF51AEa6813A0,0xd1e537fdC08582dCf607423F85d54e120DEB191b,0x18Bc5bcC660cf2B9cE3cd51a404aFe1a0cBD3C22,0xe5020A6d073a794B6E7f05678707dE47986Fb0b6,0x940181a94A35A4569E4529A3CDfB74e38FD98631,18,2,18,175705,1,1757.05,1e-18,175706,9729904403726,1452844313967823080398,1452.8443139678232,0.0,0,0,0,nan,0
CL-USDC/cbBTC,6.543386321873784,0x160D7E9d948B16c163332a277b393c288408eb12,0x7B0f1103746648FBfce9222f1266f79B934E16b2,0x833589fCD6eDb6E08f4c7C32D4f71b54bdA02913,0xcbB7C0000aB88B473b1f5aFd9ef808440eed33Bf,0x940181a94A35A4569E4529A3CDfB74e38FD98631,18,6,8,734716839,1258342,734.716839,0.01258342,735975181,305185064425899733,45536036791640857507955924,45536036.79164086,8.677617695938455e-22,39514.43186660473,0,39514.43186660473,1152.390016522678,1783555200
CL-WETH/cbBTC,7.727283154824235,0x42d4a22CaD0F5a49681a5715cE994Af73A43B76b,0x61E0B10423a0009C3f83ab4313813d29437d0817,0x4200000000000000000000000000000000000006,0xcbB7C0000aB88B473b1f5aFd9ef808440eed33Bf,0x940181a94A35A4569E4529A3CDfB74e38FD98631,18,18,8,582673243659120136,1508154,0.5826732436591201,0.01508154,582673243660628290,360416471328225608,53774885468895939033871238,53774885.468895935,1.5200174003254381e-21,81738.76161322938,0,81738.76161322938,657.8872056240267,1783555200
CL-WETH/USDC,14.082097918127436,0x3FE04A59Ebd38cF06080a6F60a98D124eb59392A,0xA0B61fdB9f1FB9b917Fe38b49427Fd4D87472D28,0x4200000000000000000000000000000000000006,0x833589fCD6eDb6E08f4c7C32D4f71b54bdA02913,0x940181a94A35A4569E4529A3CDfB74e38FD98631,18,18,6,1573345878899982257,2465942962,1.5733458788999823,2465.942962,1573345881365925219,656315278998644142,97998635165363705410014980,97998635.16536371,1.4947146542977627e-21,146479.9960828492,0,146479.9960828492,669.024015469905,1783555200
CL-WETH/RED,0.0592353912599481,0x0040559f59e2391eC57162826df354B1BBb05c12,0x2e60483407832D535f235bEdBb0624A5536A52d2,0x4200000000000000000000000000000000000006,0x4eB92702bA4cfbF80561BAd64D89C706Ac824960,0x940181a94A35A4569E4529A3CDfB74e38FD98631,18,18,18,21599201524424074,173357921466404748485,0.021599201524424076,173.35792146640475,173379520667929172559,2748376080041545,412224622404354418722531,412224.6224043544,5.551719293912356e-21,2288.55538962799,0,2288.55538962799,180.12438076552846,1783555200
CL-CHZ/USDC,0.17150342370076102,0xa11fBd0f7112f2fad10F92f09B4A8d85E8ddD401,0xFfE0d0C52E87D3118319E2747c222651A0678c84,0x70c8392DE9b39a1E48d12A70Af6FF4Be25D6D0A2,0x833589fCD6eDb6E08f4c7C32D4f71b54bdA02913,0x940181a94A35A4569E4529A3CDfB74e38FD98631,18,18,6,2050346754658570385128,37611924,2050.3467546585703,37.611924,2050346754658607997052,7997786043828597,1193508349862162459513941,1193508.3498621625,1.911896838440877e-21,2281.8648407542564,0,2281.8648407542564,523.040772856492,1783555200
CL-USDC/PROS,0.02203643073088949,0x24BDDff0577D1Ee32f92A0b92296cA9702611c6A,0x94b0c11314C50a4d7D9E123bF852AD15f007d890,0x833589fCD6eDb6E08f4c7C32D4f71b54bdA02913,0x8B7DdE054BE9D180c1Be7FaE0874697374A49832,0x940181a94A35A4569E4529A3CDfB74e38FD98631,18,6,18,293958,859332077053938921,0.293958,0.8593320770539389,859332077054232879,1027385426339935,153353580418109503381674,153353.5804181095,2.6072453061952654e-22,39.98304027333541,0,39.98304027333541,3835.465721709527,1783555200
CL-USDC/cbMEGA,1.5946405236270924,0x0150e3d89E161518C044ad191c4bdf6b40Df6E83,0x195452C2Fdbab6Eaa68769F4A924DE64774463CD,0x833589fCD6eDb6E08f4c7C32D4f71b54bdA02913,0xcb111E6A2a3bde90856D299d61341ac302167D23,0x940181a94A35A4569E4529A3CDfB74e38FD98631,18,6,18,456922793,8492522810438682010788,456.922793,8492.522810438682,8492522810439138933581,74326896566208371,11097252398285855818028266,11097252.398285855,3.37627803051597e-21,37467.40947142319,0,37467.40947142319,296.18413855780057,1783555200
CL-WETH/EURC,1.91353153167017,0xaa5fE7dCC07DCB8B7AFCd1B93874e7Cb1e0Ab50b,0x9D025C59D53fA74a4eAcd62a709faC2dfffBC150,0x4200000000000000000000000000000000000006,0x60a3E35Cc302bFA44Cb288Bc5a4F316Fdb1adb42,0x940181a94A35A4569E4529A3CDfB74e38FD98631,18,18,6,102637313362813645,169975182,0.10263731336281365,169.975182,102637313532788827,89215162534027174,13316444718664510491974901,13316444.718664512,9.112653057723221e-22,12134.81406835404,0,12134.81406835404,1097.3752579688885,1783555200
CL-WETH/AERO,6.529939148699534,0x4e506648d493C8870f55e870480f92f2F33ecE51,0x956495C06Ba757cdF85F73B5f6D5CcB505D288F1,0x4200000000000000000000000000000000000006,0x940181a94A35A4569E4529A3CDfB74e38FD98631,0x940181a94A35A4569E4529A3CDfB74e38FD98631,18,18,18,673219729771468217,1479572629491180976796,0.6732197297714683,1479.572629491181,1480245849220952445013,304572588985300434,45442456657091983564989712,45442456.65709199,1.9730110569083115e-21,89658.4694375192,0,89658.4694375192,506.839531637998,1783555200
CL-LFI/USDC,0.6114640145927719,0x8343C68279587498526114e6385F0a87f248E0D9,0xE9C73937382C621770f5b7018A407C0749df6aaE,0x3722264aB15a1dfCe5a5af89e6547F7949A8ABA3,0x833589fCD6eDb6E08f4c7C32D4f71b54bdA02913,0x940181a94A35A4569E4529A3CDfB74e38FD98631,18,18,6,1092216305055806309443274,74641840,1092216.3050558064,74.64184,1092216305055806384085114,28497253965731420,4255235209356780381139986,4255235.20935678,0.0,0,0,0,nan,0
CL-VIRTUAL/USDC,0.0003169582847135882,0x86c21942420B5648bb813637dcD33b97cC57EdE9,0x10E57B782F0f8D6D6cc53774B7afB0e424d21027,0x0b3e328455c4059EEb9e3f84b5543F74E24e7E1b,0x833589fCD6eDb6E08f4c7C32D4f71b54bdA02913,0x940181a94A35A4569E4529A3CDfB74e38FD98631,18,18,6,1,1,1e-18,1e-06,2,14771973705622,2205742318145789459861,2205.7423181457893,1.1306792919861894e-21,2.4939871625850576,0,2.4939871625850576,884.4240865536382,1783555200
CL-GITLAWB/USDC,0.1560481472136075,0xB5E4b3e29a79FEb2aa96c68a4EA24FEdAa559aB2,0x3C2A9058D449E9ccee5bdbE0b57C8B69E6F2dbf6,0x5F980Dcfc4c0fa3911554cf5ab288ed0eb13DBa3,0x833589fCD6eDb6E08f4c7C32D4f71b54bdA02913,0x940181a94A35A4569E4529A3CDfB74e38FD98631,18,18,6,595548634487068384953928,30495852,595548.6344870684,30.495852,595548634487068415449780,7272689305261461,1085953636732757817118276,1085953.6367327578,3.6760327405433404e-21,3992.0011233417267,0,3992.0011233417267,272.03239758201767,1783555200
CL-WETH/RSC,0.043979457870810416,0x6cdA37dDB9e099bB49495a9ca7Df9Cd445A6965F,0xB5032EA9aFbEd3bd359e13760e6042FEE3c5f6Ca,0x4200000000000000000000000000000000000006,0xFbB75A59193A3525a8825BeBe7D4b56899E2f7e1,0x940181a94A35A4569E4529A3CDfB74e38FD98631,18,18,18,2675490297969063,52920464647535193197,0.002675490297969063,52.92046464753519,52923140137833162260,2049681067154310,306057156519555376282338,306057.15651955537,1.6273218134061409e-21,498.05348695333,0,498.05348695333,614.5066032802104,1783555200
CL-VVV/DIEM,0.6267742080720874,0x01271A205e3F37cbfC9B353170D726060E193C0D,0xFD32ca5fF18FcD9AE8D0Ba4176176bA735d36584,0xacfE6019Ed1A7Dc6f7B508C02d1b04ec88cC21bf,0xF4d97F2da56e8c3098f3a8D538DB630A2606a024,0x940181a94A35A4569E4529A3CDfB74e38FD98631,18,18,18,18600490635554901920,384926062914961907,18.600490635554902,0.3849260629149619,18985416698469863827,29220997353378211,4361780276278888755756099,4361780.276278889,9.19110498954655e-23,400.89580460612626,0,400.89580460612626,10880.084615912278,1783555200
CL-TOWNS/WETH,0.11024530888683412,0x48Be08d21FCcF3F793783c23C33555F5E0C2B7cd,0xa69d26311035B324Dba7F4E97f43298d470086D5,0x00000000A22C618fd6b4D7E9A335C4B96B189a38,0x4200000000000000000000000000000000000006,0x940181a94A35A4569E4529A3CDfB74e38FD98631,18,18,18,4306084431483384496220,4108542503094353,4306.084431483385,0.004108542503094353,4306088540025887590573,5138096793428767,767207405253600960300441,767207.405253601,3.358973631966504e-21,2577.0294444962856,0,2577.0294444962856,297.7099880997137,1783555200
CL-cbBTC/cbDOGE,0.014153026168518747,0xde201C571eA87D8769F088ad0766C61ba1D6ccb3,0xAAC36eBA6eF97577800335aFffd7F129c7ccc5FA,0xcbB7C0000aB88B473b1f5aFd9ef808440eed33Bf,0xcbD06E5A2B0C65597161de254AA074E489dEb510,0x940181a94A35A4569E4529A3CDfB74e38FD98631,18,8,8,3523,2692021548,3.523e-05,26.92021548,2692025071,659601172730562,98492231486979101261857,98492.2314869791,0.0,0,0,0,nan,0
CL-USDC/PROS,0.012381684664021349,0x8A8e4170C09074b109352190d47e54d7c1F61e4E,0x298E7A376F0942A050CFa2d7B850c3FE8337A4b9,0x833589fCD6eDb6E08f4c7C32D4f71b54bdA02913,0x8B7DdE054BE9D180c1Be7FaE0874697374A49832,0x940181a94A35A4569E4529A3CDfB74e38FD98631,18,6,18,1629400,4461883981740881893,1.6294,4.461883981740882,4461883981742511293,577181486862817,86165300452857309444414,86165.30045285731,0.0,0,0,0,nan,0
CL-USDC/OPG,0.4737211280189794,0xB828dC3D77360F053F1379Cd8676BaC6141684f3,0xE6671F550341f1763D78970b66A2CdeAf7B9909A,0x833589fCD6eDb6E08f4c7C32D4f71b54bdA02913,0xFbC2051AE2265686a469421b2C5A2D5462FbF5eB,0x940181a94A35A4569E4529A3CDfB74e38FD98631,18,6,18,51793054,421387269815107380876,51.793054,421.3872698151074,421387269815159173930,22095566578066172,3296669591758508332536326,3296669.5917585082,0.0,0,0,0,nan,0
CL-AERO/cbBTC,1.3448655974742536,0xCDBe19a6EF1B633BE744920C93eE40521d5cf2A6,0x7487eeD4266C774B84Db9f61b5f0222076Db9676,0x940181a94A35A4569E4529A3CDfB74e38FD98631,0xcbB7C0000aB88B473b1f5aFd9ef808440eed33Bf,0x940181a94A35A4569E4529A3CDfB74e38FD98631,18,18,8,324554140378764483643,415079,324.5541403787645,0.00415079,324554140378764898722,62270566717366754,9359045349604674414732465,9359045.349604676,2.648162365707748e-21,24784.271673775216,0,24784.271673775216,377.62035022831384,1783555200
CL-MOCA/USDC,0.04027235876436029,0xDC55a0291029665FeCFf5ca5ADD0E51dd2964877,0x7885De82BAf18bf437F47e9c7856144bCa407F9F,0x2B11834Ed1FeAEd4b4b3a86A6F571315E25A884D,0x833589fCD6eDb6E08f4c7C32D4f71b54bdA02913,0x940181a94A35A4569E4529A3CDfB74e38FD98631,18,18,6,934737216880889075469,9662987,934.737216880889,9.662987,934737216880898738456,1948447086744648,280259107466992001424853,280259.107466992,3.148947687888935e-21,882.521268468001,0,882.521268468001,317.5664060238496,1783555200
CL-msUSD/msETH,0.4401047856474576,0x00145e8Fc9F06a0b71bd57fEfBF451ec1dB9D69f,0xdf2bd73E1aB97CecCc583466c86C95d2eD1c1514,0x526728DBc96689597F85ae4cd716d4f7fCcBAE9d,0x7Ba6F01772924a82D9626c126347A28299E98c98,0x940181a94A35A4569E4529A3CDfB74e38FD98631,18,18,18,31395696658453989690,18052028567677522,31.39569665845399,0.01805202856767752,31413748687021667212,20542480716480422,3062730324270529546351602,3062730.3242705297,1.1818220444850038e-21,3619.602213535616,0,3619.602213535616,846.1510805848646,1783555200
CL-USDC/PSG,0.09185180868468208,0x76F9AeFA6aBcbcEb10CC149e071209366f64Ce9D,0xb9dd4FacCc297796d8Dd63e0eA5CcD5Ce6feb099,0x833589fCD6eDb6E08f4c7C32D4f71b54bdA02913,0xDD15623d107c639aF0C5127AFFA26d3f20327EC8,0x940181a94A35A4569E4529A3CDfB74e38FD98631,18,6,18,20931498,1961351218065828258,20.931498,1.9613512180658284,1961351218086759756,4280891138378332,639205318760196351594002,639205.3187601964,0.0,0,0,0,nan,0
CL-AFC/USDC,0.0034833624199627814,0xb4580451325C61344712E811392C881a634151d8,0x75aF4B1123E1d9eEc4B0Cd0A342Ca63f4cEB6A2e,0x580edA966a8129C3c01D149871B47feFcC599D28,0x833589fCD6eDb6E08f4c7C32D4f71b54bdA02913,0x940181a94A35A4569E4529A3CDfB74e38FD98631,18,18,6,1,1,1e-18,1e-06,2,162347323682756,24241044546583009141937,24241.04454658301,0.0,0,0,0,nan,0
CL-FXUSD/USDC,0.06786215428586702,0x96b9E829c934324a33f4130C7acc8a18e2351199,0x9516250955c97Bb496766Eef9F3E898eB1545f11,0x55380fe7A1910dFf29A47B622057ab4139DA42C5,0x833589fCD6eDb6E08f4c7C32D4f71b54bdA02913,0x940181a94A35A4569E4529A3CDfB74e38FD98631,18,18,6,90140599529377528,1,0.09014059952937753,1e-06,90140599529377529,3078784312334528,472259072338607903196551,472259.0723386079,2.224094126283096e-22,105.03486288722014,0,105.03486288722014,4496.212584631925,1783555200
CL-USDC/deSPXA,0.04648979271385944,0x7AE311B9cB94635dD4De5f42220469F6f5501d54,0x9E165254B0b7598186F14b7886E4C7a9a98C0aC8,0x833589fCD6eDb6E08f4c7C32D4f71b54bdA02913,0x9c5C365e764829876243d0b289733B9D2b729685,0x940181a94A35A4569E4529A3CDfB74e38FD98631,18,6,18,10525359,12093137471389089,10.525359,0.01209313747138909,12093137481914448,2166741348934535,323526811244096190695998,323526.8112440962,1.256932720081363e-21,406.65143487629155,0,406.65143487629155,795.5875314752476,1783555200
CL-PORTAL/USDC,0.10470486498621143,0xfE8513f8aa444fAaBB1c35e1E0F24D08c4C9BE15,0x8bA61cff54Ef589C7fd662D028e2722aB94875dc,0x0FfebC403F2d3dd9EA5501ca03916E98967aCB2D,0x833589fCD6eDb6E08f4c7C32D4f71b54bdA02913,0x940181a94A35A4569E4529A3CDfB74e38FD98631,18,18,6,498254141777939513026,5786354,498.25414177793954,5.786354,498254141777945299380,4880250621283129,728650938480822890085647,728650.938480823,0.0,0,0,0,nan,0
CL-WETH/COOKIE,0.041466662153944435,0x17EA71d7E2dFb58F6b7e95C2ddDAD863E225091c,0xc4F34E44A3951D92334695cAc10A08506234C6CC,0x4200000000000000000000000000000000000006,0xC0041EF357B183448B235a8Ea73Ce4E4eC8c265F,0x940181a94A35A4569E4529A3CDfB74e38FD98631,18,18,18,671014271967487,95535159464592127165,0.000671014271967487,95.53515946459213,95535830478864094652,2072951481759368,288570376344191897861859,288570.3763441919,0.0,0,0,0,nan,0
CL-ZORA/AERO,3.787945081450403e-05,0xf185893f57171Ee19729be11684A947CfDE8DCD6,0x0a68F665d30962888547495955198437038E7fF9,0x1111111111166b7FE7bd91427724B487980aFc69,0x940181a94A35A4569E4529A3CDfB74e38FD98631,0x940181a94A35A4569E4529A3CDfB74e38FD98631,18,18,18,8294002634341869288,53540089714292088,8.294002634341869,0.05354008971429209,8347542724056161376,1765469418054,263606637463897091993,263.6066374638971,1.4067262952274593e-20,3.7082238851695593,0,3.7082238851695593,71.08703401597437,1783555200
CL-WETH/SERV,0.3843547721975781,0x3416f5Fa0adE2D3de6935d4B204d9fe0b68C0eA6,0xD7615D69A287bE98B3309e70f7881568aBf361E5,0x4200000000000000000000000000000000000006,0x5576D6ed9181F2225afF5282Ac0ED29f755437Ea,0x940181a94A35A4569E4529A3CDfB74e38FD98631,18,18,18,35616764870020691,6779103818450946772442,0.03561676487002069,6779.103818450947,6779139435215816793133,17953880829807871,2674760771700811314579751,2674760.771700811,0.0,0,0,0,nan,0
CL-wXCH/USDC,6.299388920085885e-06,0xab8bbcE8329fD8cCc28BE25A635B73ddfcaF8E91,0x8f4CC9A0c327ab005621A916d8a4CF99b2f6cD42,0x36be1d329444aeF5D28df3662Ec5B4F965Cd93E9,0x833589fCD6eDb6E08f4c7C32D4f71b54bdA02913,0x0000000000000000000000000000000000000000,18,18,6,0,0,0.0,0.0,0,7038018273987,43838036074835123805,43.838036074835124,0.0,0,0,0,nan,1783555200
CL-O/USDC,1.3065870883529533,0x8D479A4C680A76D4Ae03f10203569558405DDFFF,0x96019f55c4bdA3E1946a3Ef05bCCc5Aa823E774b,0x182FA643E5f29d5EcA75e7b9CF9336A3fe4620b2,0x833589fCD6eDb6E08f4c7C32D4f71b54bdA02913,0x940181a94A35A4569E4529A3CDfB74e38FD98631,18,18,6,345953954066832364402,188540850,345.95395406683235,188.54085,345953954067020905252,60373338125579618,9092661628097988120532254,9092661.628097989,2.8145936877485798e-21,25592.14802327832,0,25592.14802327832,355.29106895706485,1783555200
TOTAL,100.0,,,,,,,,,295735528649771221873455127814141,126451464336692645787950179,295735528686313.8,126487368.37508376,295735655101235558566100915764320,4649122773466202690,695909343445291484240749015,,1.0973745933102523e-21,761876.9154533561,1796.3172907251762,763673.2327440813,911.2658577081506,
