name,vote_pct,address,gauge,token0,token1,emissions_token,emissions_decimals,token0_decimals,token1_decimals,token0_fees_raw,token1_fees_raw,token0_fees,token1_fees,fees_raw,emissions_raw,votes_raw,votes,ratio,tfv,tbv,tvv,votes_per_tvv,rewards_epoch_ts
vAMM-tBTC/USDbC,0.0037721468993702975,0x723AEf6543aecE026a15662Be4D3fb3424D502A9,0x50f0249B824033Cf0AF0C8b9fe1c67c2842A34d5,0x236aa50979D5f3De3Bd1Eeb40E81137F22ab794b,0xd9aAEc86B65D86f6A7B5B1b0c42FFA531710b6CA,0x940181a94A35A4569E4529A3CDfB74e38FD98631,18,18,6,0,1486,0.0,0.001486,1486,223326932881934,30112783359188741230451,30112.783359188743,9.843271633373262e-23,2.9640830624141694,0,2.9640830624141694,10159.223856116452,1778716800
vAMM-tBTC/WETH,0.0019101802540919292,0x2722C8f9B5E2aC72D1f225f8e8c990E449ba0078,0xfaE8C18D83655Fbf31af10d2e9A1Ad5bA77D0377,0x236aa50979D5f3De3Bd1Eeb40E81137F22ab794b,0x4200000000000000000000000000000000000006,0x940181a94A35A4569E4529A3CDfB74e38FD98631,18,18,18,183457484142,281754751,1.83457484142e-07,2.81754751e-10,183739238893,113090690468390,15248834603464831897940,15248.834603464831,9.655457069035424e-22,14.72344678665765,0,14.72344678665765,1035.6837515304694,1778716800
vAMM-T/WETH,4.967384489916435e-07,0xAf58FDeE432a104a932a899968d60F92838886cd,0xaD3d4aFd779e4A57734557CcE25F87032614fE47,0x26f3901aC8a79c50fb0d8289C74f0d09AdC42E29,0x4200000000000000000000000000000000000006,0x940181a94A35A4569E4529A3CDfB74e38FD98631,18,18,18,3765236768647537976666,3803488561230627,3765.236768647538,0.003803488561230627,3765240572136099207293,0,3965428096970939228,3.9654280969709395,0.0,0,0,0,nan,0
vAMM-EXTRA/USDbC,3.924942804508662e-05,0x2B7704f1cb9324cD8586B33C6c540CbD64E58237,0xf05a3De3dD6910042f506c6105bC14920C4289B6,0x2dAD3a13ef0C6366220f989157009e501e7938F8,0xd9aAEc86B65D86f6A7B5B1b0c42FFA531710b6CA,0x940181a94A35A4569E4529A3CDfB74e38FD98631,18,18,6,2853299562095405893084,38708053,2853.2995620954057,38.708053,2853299562095444601137,0,313325423220146093721,313.3254232201461,0.0,0,0,0,nan,0
sAMM-DOLA/USDbC,0.0009424773280887638,0x0B25c51637c43decd6CC1C1e3da4518D54ddb528,0xeAE066C25106006fB386A3a8b1698A0cB6931c1a,0x4621b7A9c75199271F773Ebd9A499dbd165c3191,0xd9aAEc86B65D86f6A7B5B1b0c42FFA531710b6CA,0x940181a94A35A4569E4529A3CDfB74e38FD98631,18,18,6,0,0,0.0,0.0,0,55798614584166,7523730214860323596994,7523.730214860324,6.930709418955963e-23,0.5214478786581602,0,0.5214478786581602,14428.537391351767,1778716800
vAMM-WETH/UNIDX,1.5949235756524267e-05,0xA819Af1CC8AbE618eA8abaDeb464960F7451CEAB,0x98F44CE76BDCaD37f00a98B275631B1D796862fa,0x4200000000000000000000000000000000000006,0x6B4712AE9797C199edd44F897cA09BC57628a1CF,0x940181a94A35A4569E4529A3CDfB74e38FD98631,18,18,18,66824064630132120,226333029296948315040,0.06682406463013212,226.33302929694833,226399853361578447160,0,127321627151110355016,127.32162715111036,0.0,0,0,0,nan,0
vAMM-ERN/stERN,5.4468989098448986e-05,0x218F511431194B2C756D67a137DE536beA74E498,0x109Cc0f2640457b2A483C2eef189827750A676bB,0xa334884bF6b0A066d553D19e507315E839409e62,0xf7A0dd3317535eC4f4d29ADF9d620B3d8D5D5069,0x940181a94A35A4569E4529A3CDfB74e38FD98631,18,18,18,238474356076908476,118363806790615403,0.23847435607690848,0.11836380679061541,356838162867523879,0,434822108542330684198,434.8221085423307,0.0,0,0,0,nan,0
sAMM-MAI/USDbC,3.492991531658485e-05,0xf6Aec4F97623E691a9426a69BaF5501509fCa05D,0xC01E2ff20501839db7B28F5Cb3eD2876fEa3d6b1,0xbf1aeA8670D2528E08334083616dD9C5F3B087aE,0xd9aAEc86B65D86f6A7B5B1b0c42FFA531710b6CA,0x940181a94A35A4569E4529A3CDfB74e38FD98631,18,18,6,30632010853665536027,8701490,30.632010853665538,8.70149,30632010853674237517,0,278843056949536182548,278.8430569495362,0.0,0,0,0,nan,0
sAMM-DOLA/MAI,8.263312350575397e-05,0x8b432C54d6e8E1B8D1802753514AB53044Af1861,0xDe23611176b16720346f4Df071D1aA01752c68C1,0x4621b7A9c75199271F773Ebd9A499dbd165c3191,0xbf1aeA8670D2528E08334083616dD9C5F3B087aE,0x940181a94A35A4569E4529A3CDfB74e38FD98631,18,18,18,10153290437752754045,11658388651199159873,10.153290437752753,11.658388651199159,21811679088951913918,0,659654412408287255581,659.6544124082873,0.0,0,0,0,nan,0
vAMM-USDbC/STG,7.585471657847927e-08,0xb680190fB16f417647e69D6A84719aE9c7E5E20a,0x9a8D9F5C698C1F2B0d48a955BC531F2c7D67Af84,0xd9aAEc86B65D86f6A7B5B1b0c42FFA531710b6CA,0xE3B53AF74a4BF62Ae5511055290838050bf764Df,0x940181a94A35A4569E4529A3CDfB74e38FD98631,18,6,18,56611456,311352312541343109319,56.611456,311.3523125413431,311352312541399720775,0,605542866711187967,0.605542866711188,0.0,0,0,0,nan,0
vAMM-WETH/TAROT,0.035378897659540415,0x2d25E0514f23c6367687dE89Bd5167dc754D4934,0xa81dac2e9caa218Fcd039D7CEdEB7847cf362213,0x4200000000000000000000000000000000000006,0xF544251D25f3d243A36B07e7E7962a678f952691,0x940181a94A35A4569E4529A3CDfB74e38FD98631,18,18,18,15195761388434,28841346723397345973,1.5195761388434e-05,28.841346723397347,28841361919158734407,2094579271122228,282427251411257412876021,282427.2514112574,1.9345093757006177e-22,54.6358165808433,0,54.6358165808433,5169.269338060622,1778716800
sAMM-MIM/USDbC,7.585471657847927e-08,0x982A169edFC1cf8Fd38dBeE76735547b23875BD1,0xBb0b5819Fa91076a1D6aaFa0D018E27a416DE029,0x4A3A6Dd60A34bB2Aba60D73B4C88315E9CeB6A3D,0xd9aAEc86B65D86f6A7B5B1b0c42FFA531710b6CA,0x940181a94A35A4569E4529A3CDfB74e38FD98631,18,18,6,2401978351964765472,2458713,2.4019783519647655,2.458713,2401978351967224185,0,605542866711187967,0.605542866711188,0.0,0,0,0,nan,0
vAMM-WETH/HOP,0.009100352500512339,0x75D18ee68bB93BE5cB2dcCFa0d8151E25CBC8Eb8,0xb42A9e58773993ed15A5eED65633e85870185e13,0x4200000000000000000000000000000000000006,0xc5102fE9359FD9a28f877a67E36B0F050d81a3CC,0x940181a94A35A4569E4529A3CDfB74e38FD98631,18,18,18,0,0,0.0,0.0,0,538783824032024,72647473879112681193110,72647.47387911267,3.546648303165467e-24,0.2576550399626126,0,0.2576550399626126,281956.3470974769,1778716800
sAMM-DAI+/USD+,0.00014549635730290897,0x1b05e4e814b3431a48b8164c41eaC834d9cE2Da6,0x87803Cb321624921cedaAD4555F07Daa0D1Ed325,0x65a2508C429a6078a7BC2f7dF81aB575BD9D9275,0xB79DD08EA68A908A97220C76d19A6aA9cBDE4376,0x940181a94A35A4569E4529A3CDfB74e38FD98631,18,18,6,4162330354191840530,7042471,4.16233035419184,7.042471,4162330354198883001,0,1161487185916595141654,1161.487185916595,0.0,0,0,0,nan,0
sAMM-USD+/USDbC,9.839809770066549e-05,0x4a3636608d7Bc5776CB19Eb72cAa36EbB9Ea683B,0xa5972f0C07a2D1cc5A8457c28d88ec4f3C009864,0xB79DD08EA68A908A97220C76d19A6aA9cBDE4376,0xd9aAEc86B65D86f6A7B5B1b0c42FFA531710b6CA,0x940181a94A35A4569E4529A3CDfB74e38FD98631,18,6,6,36838814,17354465,36.838814,17.354465,54193279,0,785505092474278257099,785.5050924742783,0.0,0,0,0,nan,0
vAMM-WETH/DEUS,0.1319373891676289,0x9e4CB8b916289864321661CE02cf66aa5BA63C94,0x7eC1926A50D2D253011cC9891935eBc476713bb1,0x4200000000000000000000000000000000000006,0xDE5ed76E7c05eC5e4572CfC88d1ACEA165109E44,0x940181a94A35A4569E4529A3CDfB74e38FD98631,18,18,18,234313445615674,186979269805498487,0.000234313445615674,0.18697926980549848,187213583251114161,7811324851643072,1053246897050858852107543,1053246.897050859,1.979782621974679e-23,20.85199903430044,0,20.85199903430044,50510.59590585647,1778716800
sAMM-DAI/USDbC,9.886130910622617e-07,0x6EAB8c1B93f5799daDf2C687a30230a540DbD636,0xCF1D5Aa63083fda05c7f8871a9fDbfed7bA49060,0x50c5725949A6F0c72E6C4a641F24049A917DB0Cb,0xd9aAEc86B65D86f6A7B5B1b0c42FFA531710b6CA,0x940181a94A35A4569E4529A3CDfB74e38FD98631,18,18,6,23263557968876522661,22400828,23.263557968876523,22.400828,23263557968898923489,0,7892028765418826011,7.892028765418826,0.0,0,0,0,nan,0
vAMM-AERO/USDbC,0.022810302208127603,0x2223F9FE624F69Da4D8256A7bCc9104FBA7F8f75,0x9a202c932453fB3d04003979B121E80e5A14eE7b,0x940181a94A35A4569E4529A3CDfB74e38FD98631,0xd9aAEc86B65D86f6A7B5B1b0c42FFA531710b6CA,0x940181a94A35A4569E4529A3CDfB74e38FD98631,18,18,6,97951901032119473,0,0.09795190103211947,0.0,97951901032119473,1350479054011419,182093038016529926853633,182093.0380165299,4.44770237018984e-21,809.8956367811887,0,809.8956367811887,224.83518832158663,1778716800
vAMM-WETH/AERO,0.14376334656102147,0x7f670f78B17dEC44d5Ef68a48740b6f8849cc2e6,0x96a24aB830D4ec8b1F6f04Ceac104F1A3b211a01,0x4200000000000000000000000000000000000006,0x940181a94A35A4569E4529A3CDfB74e38FD98631,0x940181a94A35A4569E4529A3CDfB74e38FD98631,18,18,18,175739916388717,82811940269632315447,0.000175739916388717,82.81194026963232,82812116009548704164,8488989782798309,1147652683066688302578348,1147652.6830666882,7.96710791308693e-21,9143.472772736059,0,9143.472772736059,125.5160606469733,1778716800
vAMM-WETH/DOG,0.00023203260623490745,0xF89042057D079debe2a65A1a899E48E0E825105F,0x15093ed45C2A3F88393d41bC436003E2b8115aD5,0x4200000000000000000000000000000000000006,0x9E53e88dCff56d3062510A745952DEC4cEFDff9E,0x940181a94A35A4569E4529A3CDfB74e38FD98631,18,18,18,245417654870175260,5578111854663311213040527,0.24541765487017525,5578111.8546633115,5578112100080966083215787,0,1852299974050881291515,1852.2999740508812,0.0,0,0,0,nan,0
vAMM-WETH/USDbC,0.013516110069368826,0xB4885Bc63399BF5518b994c1d0C153334Ee579D0,0xeca7Ff920E7162334634c721133F3183B83B0323,0x4200000000000000000000000000000000000006,0xd9aAEc86B65D86f6A7B5B1b0c42FFA531710b6CA,0x940181a94A35A4569E4529A3CDfB74e38FD98631,18,18,6,0,0,0.0,0.0,0,800227807613105,107898155940267532092298,107898.15594026753,0.0,0,0,0,nan,0
vAMM-WETH/fBOMB,0.010761761602369942,0x4F9Dc2229f2357B27C22db56cB39582c854Ad6d5,0x76c48576822Cd955C320f5d5A163E738dbFEcc01,0x4200000000000000000000000000000000000006,0x74ccbe53F77b08632ce0CB91D3A545bF6B8E0979,0x940181a94A35A4569E4529A3CDfB74e38FD98631,18,18,18,0,0,0.0,0.0,0,637156218887441,85910385873227776504494,85910.38587322779,8.453005788727063e-22,72.62009890981702,0,72.62009890981702,1183.0111382788841,1778716800
vAMM-WETH/WELL,0.001145900592719166,0xffA3F8737C39e36dec4300B162c2153c67c8352f,0xcEa0a2228145d0fD25dE083e3786ddB1eA184296,0x4200000000000000000000000000000000000006,0xFF8adeC2221f9f4D8dfbAFa6B9a297d17603493D,0x940181a94A35A4569E4529A3CDfB74e38FD98631,18,18,18,0,0,0.0,0.0,0,67843696585606,9147643827306541417889,9147.643827306541,5.6709600092329484e-21,51.875922323362026,0,51.875922323362026,176.33698674860867,1778716800
vAMM-USD+/stERN,1.7018034688256573e-07,0x607363389331f4B2D1b955d009506A67c565D75E,0xe5Cf7Ec83BA94c4AdF833d7DCdb800a53f28410E,0xB79DD08EA68A908A97220C76d19A6aA9cBDE4376,0xf7A0dd3317535eC4f4d29ADF9d620B3d8D5D5069,0x940181a94A35A4569E4529A3CDfB74e38FD98631,18,6,18,399734,3043133375651543943,0.399734,3.0431333756515437,3043133375651943677,0,1358537738422055515,1.3585377384220554,0.0,0,0,0,nan,0
vAMM-USD+/USDbC,7.585471657847927e-08,0xdC0F1F6eCd03ec1C9FFC2A17BaBAbd313477b20E,0xD2121Cb13A28Ab16Cb0f0F19A665e9a9311F9aBb,0xB79DD08EA68A908A97220C76d19A6aA9cBDE4376,0xd9aAEc86B65D86f6A7B5B1b0c42FFA531710b6CA,0x940181a94A35A4569E4529A3CDfB74e38FD98631,18,6,6,5492,2659,0.005492,0.002659,8151,0,605542866711187967,0.605542866711188,0.0,0,0,0,nan,0
vAMM-USDbC/THALES,0.00025174251396104354,0x5F43555b02507133eCd5b78218283ed849b07Eac,0x2692CC440416B7f8252406D84e9D66f0C48C069E,0xd9aAEc86B65D86f6A7B5B1b0c42FFA531710b6CA,0xf34e0cff046e154CAfCae502C7541b9E5FD8C249,0x940181a94A35A4569E4529A3CDfB74e38FD98631,18,6,18,40008779,208128677030553694647,40.008779,208.1286770305537,208128677030593703426,0,2009642781004082510685,2009.6427810040825,0.0,0,0,0,nan,0
vAMM-WETH/THALES,8.285689929771667e-05,0x3f386Acc3A8E9194cF6279C219DF8DD3C5B71974,0x62052D68A7DBa58079B7D70a40796CAbAab2a95f,0x4200000000000000000000000000000000000006,0xf34e0cff046e154CAfCae502C7541b9E5FD8C249,0x940181a94A35A4569E4529A3CDfB74e38FD98631,18,18,18,2191201050144954,37377357915471360651,0.002191201050144954,37.37735791547136,37379549116521505605,0,661440798814799704612,661.4407988147997,0.0,0,0,0,nan,0
vAMM-EXTRA/WETH,0.05369027386336016,0x84Ff3B6e2046579Fb2f2b891CE18eE10b5fbDbF2,0xE5Ff63862097b32d3ed30551e290D66f1548973F,0x2dAD3a13ef0C6366220f989157009e501e7938F8,0x4200000000000000000000000000000000000006,0x940181a94A35A4569E4529A3CDfB74e38FD98631,18,18,18,0,3967562767580,0.0,3.96756276758e-06,3967562767580,3178791240389168,428605679596617004581676,428605.67959661694,7.400937605122536e-23,31.720838918957035,0,31.720838918957035,13511.801522388907,1778716800
vAMM-fBOMB/AERO,0.3118158886298845,0xbBf71AAD6E1F8D180D3B1D898528654c1d18b2fF,0x12E45bE50dd4f3Bc430B65d399B1e3b90275661c,0x74ccbe53F77b08632ce0CB91D3A545bF6B8E0979,0x940181a94A35A4569E4529A3CDfB74e38FD98631,0x940181a94A35A4569E4529A3CDfB74e38FD98631,18,18,18,0,0,0.0,0.0,0,18461428151374340,2489204305333945148686291,2489204.305333945,3.91395316531016e-22,974.2629069965473,0,974.2629069965473,2554.961589380069,1778716800
vAMM-EURA/USDbC,6.039474209053785e-06,0xA56bE957d432a5d0eDc040B27078d9726f54E7f6,0x275535F82F287073CEEbC653862E4E43868AA65C,0xA61BeB4A3d02decb01039e378237032B351125B4,0xd9aAEc86B65D86f6A7B5B1b0c42FFA531710b6CA,0x940181a94A35A4569E4529A3CDfB74e38FD98631,18,18,6,2615781129817426802,2684193,2.6157811298174267,2.684193,2615781129820110995,0,48212697785180123453,48.212697785180126,0.0,0,0,0,nan,0
vAMM-SONNE/USDbC,0.001653384634291358,0x554EcA2a48136724294CE47fb7bfE9AADfceE3c6,0x744462994510ccd987F697752bD46d1155F8022F,0x22a2488fE295047Ba13BD8cCCdBC8361DBD8cf7c,0xd9aAEc86B65D86f6A7B5B1b0c42FFA531710b6CA,0x940181a94A35A4569E4529A3CDfB74e38FD98631,18,18,6,6623400378570238188504,3932295,6623.400378570238,3.932295,6623400378570242120799,0,13198853233986864757364,13198.853233986865,0.0,0,0,0,nan,0
sAMM-AERO/USDbC,7.585471657847927e-08,0xB304b47e039E20AFAd75FA2ada6CD8D95a9eea41,0x46110ac9100A027bAec01bf1C211522ce0B02540,0x940181a94A35A4569E4529A3CDfB74e38FD98631,0xd9aAEc86B65D86f6A7B5B1b0c42FFA531710b6CA,0x940181a94A35A4569E4529A3CDfB74e38FD98631,18,18,6,1441776316755942692731,1317468573,1441.7763167559426,1317.468573,1441776316757260161304,0,605542866711187967,0.605542866711188,0.0,0,0,0,nan,0
vAMM-EXTRA/AERO,0.0004245620375588514,0x688F778C51dB4D990bF1abaF8d33fD95e48C6641,0x6664867531c0FDd058881153FaBE7D2162833b07,0x2dAD3a13ef0C6366220f989157009e501e7938F8,0x940181a94A35A4569E4529A3CDfB74e38FD98631,0x940181a94A35A4569E4529A3CDfB74e38FD98631,18,18,18,0,350071398470083589,0.0,0.35007139847008356,350071398470083589,25136695681311,3389248881500257393892,3389.2488815002575,9.893601920455317e-21,33.531879242911984,0,33.531879242911984,101.07542309060062,1778716800
sAMM-DAI+/USDbC,7.585471657847927e-08,0x4f7f293e7B7b6D1cAA1ca48784C5986f3dE5E19c,0x2d8b33A0dc95F0eb9429551eA4d2297729828558,0x65a2508C429a6078a7BC2f7dF81aB575BD9D9275,0xd9aAEc86B65D86f6A7B5B1b0c42FFA531710b6CA,0x940181a94A35A4569E4529A3CDfB74e38FD98631,18,18,6,46812387809134010,31883,0.04681238780913401,0.031883,46812387809165893,0,605542866711187967,0.605542866711188,0.0,0,0,0,nan,0
sAMM-DAI/MAI,1.470916454068551e-07,0x30A30f266e1173a75985997B2523EcbC19c60fF3,0xc16A2c13d3A62937FB3b0FE03Fa24B0C6161245E,0x50c5725949A6F0c72E6C4a641F24049A917DB0Cb,0xbf1aeA8670D2528E08334083616dD9C5F3B087aE,0x940181a94A35A4569E4529A3CDfB74e38FD98631,18,18,18,11155931332642330704,11332260776200400459,11.15593133264233,11.3322607762004,22488192108842731163,0,1174222258635433511,1.1742222586354334,0.0,0,0,0,nan,0
sAMM-WETH/USDbC,7.398422365056714e-07,0x44d7Dd237001AeF7fC7D8CB13ab4452f65CE5E40,0x1AF743E6EbF9C4f90aE9A37E6e61Bca31a867676,0x4200000000000000000000000000000000000006,0xd9aAEc86B65D86f6A7B5B1b0c42FFA531710b6CA,0x940181a94A35A4569E4529A3CDfB74e38FD98631,18,18,6,122721608594124054,307832022,0.12272160859412405,307.832022,122721608901956076,0,5906108532409502377,5.906108532409503,0.0,0,0,0,nan,0
vAMM-FREN/WETH,0.00039608367036236646,0x679d601AAA86cd555E8bfD48ddC8b4aaDe2A0F27,0x5C84541A91c4dAF68964197E7ED1c7de79A82Ec3,0x12063CC18A7096D170e5Fc410d8623Ad97ee24B3,0x4200000000000000000000000000000000000006,0x940181a94A35A4569E4529A3CDfB74e38FD98631,18,18,18,7536126267381373714632,19233165757456107,7536.1262673813735,0.019233165757456108,7536145500547131170739,0,3161908079381884072978,3161.908079381884,0.0,0,0,0,nan,0
sAMM-WETH/BASED,0.00024418551813178407,0x5F45e48F9C053286cE9Ca08Db897f8b7eb3f7992,0xA7919a78183d4B3980c01DfDaCd0158772eB5632,0x4200000000000000000000000000000000000006,0x9CBD543f1B1166b2Df36b68Eb6bB1DcE24E6aBDf,0x940181a94A35A4569E4529A3CDfB74e38FD98631,18,18,18,878825926775581947,4748795747364824992,0.8788259267755819,4.748795747364825,5627621674140406939,0,1949315814869552503461,1949.3158148695527,0.0,0,0,0,nan,0
vAMM-BASED/USDbC,4.228325155054488e-07,0xb905d9195019778CFbaa4e9eD90dF3FC5871CD9A,0x1202cEE03f9Dc305e14c3C34afaedE7BcE47b373,0xBa5E6fa2f33f3955f0cef50c63dCC84861eAb663,0xd9aAEc86B65D86f6A7B5B1b0c42FFA531710b6CA,0x940181a94A35A4569E4529A3CDfB74e38FD98631,18,18,6,41047168293617294,350188,0.04104716829361729,0.350188,41047168293967482,0,3375442228605126725,3.3754422286051264,0.0,0,0,0,nan,0
vAMM-WETH/USDC,0.4297607436839464,0xcDAC0d6c6C59727a65F871236188350531885C43,0x519BBD1Dd8C6A94C46080E24f316c14Ee758C025,0x4200000000000000000000000000000000000006,0x833589fCD6eDb6E08f4c7C32D4f71b54bdA02913,0x940181a94A35A4569E4529A3CDfB74e38FD98631,18,18,6,126622342710243,23699875,0.000126622342710243,23.699875,126622366410118,25445185071248819,3430749786812085882917845,3430749.786812086,1.8446013167295436e-21,6328.365574123175,0,6328.365574123175,542.1225665028735,1778716800
vAMM-USDC/AERO,7.085417961779557,0x6cDcb1C4A4D1C3C6d054b27AC5B77e89eAFb971d,0x4F09bAb2f0E15e2A078A227FE1537665F55b8360,0x833589fCD6eDb6E08f4c7C32D4f71b54bdA02913,0x940181a94A35A4569E4529A3CDfB74e38FD98631,0x940181a94A35A4569E4529A3CDfB74e38FD98631,18,6,18,100051388,237465937740473141891,100.051388,237.46593774047315,237465937740573193279,419506967024052168,56562393189933804059121658,56562393.18993381,1.3274497568208247e-21,75083.7350851815,0,75083.7350851815,753.3241803403164,1778716800
sAMM-DAI/USDC,9.269417663925378e-06,0x67b00B46FA4f4F24c03855c5C8013C0B938B3eEc,0x640e9ef68e1353112fF18826c4eDa844E1dC5eD0,0x50c5725949A6F0c72E6C4a641F24049A917DB0Cb,0x833589fCD6eDb6E08f4c7C32D4f71b54bdA02913,0x940181a94A35A4569E4529A3CDfB74e38FD98631,18,18,6,0,0,0.0,0.0,0,548815071589,73997109186341200066,73.9971091863412,1.1022920879328408e-21,0.08156642798600644,0,0.08156642798600644,907.2005604932972,1778716800
vAMM-WETH/USD+,2.8831204831624493e-06,0x08B935148AB10d3699Cb8d944519e8213abE6f1D,0x1cb5503Ed87CAf12fa56e67219baC798eb51F5a7,0x4200000000000000000000000000000000000006,0xB79DD08EA68A908A97220C76d19A6aA9cBDE4376,0x940181a94A35A4569E4529A3CDfB74e38FD98631,18,18,6,15936185778673147,151352759,0.015936185778673145,151.352759,15936185930025906,0,23015748014056261285,23.01574801405626,0.0,0,0,0,nan,0
vAMM-WETH/AAG,9.042128149426703e-05,0x6689a0582BAfcC286A81dc38D76e0470AcD17275,0xd962615116fAf0d2A9DB99310Db8126CF700ec1b,0x4200000000000000000000000000000000000006,0x96e890c6b2501a69cAD5Dba402BFB871a2A2874C,0x940181a94A35A4569E4529A3CDfB74e38FD98631,18,18,18,3614143327508051,27519255636628157432441,0.003614143327508051,27519.255636628157,27519259250771484940492,0,721826729799844593836,721.8267297998447,0.0,0,0,0,nan,0
sAMM-USD+/MAI,3.635866941443642e-05,0x3FF5bfE3ff5e1877664Fe25862871554e632b9C9,0xC8a2a224aA2Ff37435Ef49903fC6a4e5CA741645,0xB79DD08EA68A908A97220C76d19A6aA9cBDE4376,0xbf1aeA8670D2528E08334083616dD9C5F3B087aE,0x940181a94A35A4569E4529A3CDfB74e38FD98631,18,6,18,7459939,1058117245588795984,7.459939,1.058117245588796,1058117245596255923,0,290248700411973884605,290.2487004119739,0.0,0,0,0,nan,0
vAMM-OVN/USD+,0.2086103979472518,0x61366A4e6b1DB1b85DD701f2f4BFa275EF271197,0x00B2149d89677a5069eD4D303941614A33700146,0xA3d1a8DEB97B111454B294E2324EfAD13a9d8396,0xB79DD08EA68A908A97220C76d19A6aA9cBDE4376,0x940181a94A35A4569E4529A3CDfB74e38FD98631,18,18,6,102668921812750660,10511411,0.10266892181275065,10.511411,102668921823262071,12358548135753233,1665322132843872871390741,1665322.1328438728,5.9590847694480075e-22,992.3795758054594,0,992.3795758054594,1678.1100432183152,1778716800
sAMM-cbETH/WETH,3.125003504595167e-07,0x9E8bfEB5c73F3f897BebdB49CC4161FecE0B0c55,0x00Aa4579C145FeA0b1EE133D6f792b7edEe1A6F4,0x2Ae3F1Ec7F1F5012CFEab0185bfc7aa3cf0DEc22,0x4200000000000000000000000000000000000006,0x940181a94A35A4569E4529A3CDfB74e38FD98631,18,18,18,0,0,0.0,0.0,0,18502393638,2494668315973824791,2.494668315973825,7.760320755366889e-21,0.019359426310207838,0,0.019359426310207838,128.8606529966457,1778716800
vAMM-AERO/DOG,0.0005905091877277585,0x656D48D3F337c6b3cD2ED8471B135fF54b1F96Ad,0xDcC24121BAe131F952B09A08E65b95642F093794,0x940181a94A35A4569E4529A3CDfB74e38FD98631,0x9E53e88dCff56d3062510A745952DEC4cEFDff9E,0x940181a94A35A4569E4529A3CDfB74e38FD98631,18,18,18,215957492224769442438,763823881112936765017083,215.95749222476945,763823.8811129368,764039838605161534459521,0,4713993308326597849420,4713.993308326598,0.0,0,0,0,nan,0
vAMM-tBTC/T,1.1158329369164e-05,0xfd8aA87c97D32345BFe4F753ACf25729008331C9,0x76BB14cc51d409987Ea34a158Ba51643F81BB82e,0x236aa50979D5f3De3Bd1Eeb40E81137F22ab794b,0x26f3901aC8a79c50fb0d8289C74f0d09AdC42E29,0x940181a94A35A4569E4529A3CDfB74e38FD98631,18,18,18,195020779179217,1593705305895116149492,0.000195020779179217,1593.7053058951162,1593705500915895328709,0,89076158460371774978,89.07615846037179,0.0,0,0,0,nan,0
vAMM-SONNE/USDC,4.396369577638111e-05,0x4cC2FeFB2635C86b1bae1b58E0f60Fb43E95e264,0xCbfeaED3dd9310406c046FB496C7E77f7571a808,0x22a2488fE295047Ba13BD8cCCdBC8361DBD8cf7c,0x833589fCD6eDb6E08f4c7C32D4f71b54bdA02913,0x940181a94A35A4569E4529A3CDfB74e38FD98631,18,18,6,37081776073725537433666,19594409,37081.77607372554,19.594409,37081776073725557028075,0,350959090910389825098,350.9590909103898,0.0,0,0,0,nan,0
vAMM-cbETH/AERO,5.670269816080986e-08,0x325a5FC7a92d3166ffabe7233c992143CF5EDd2c,0x93c2EE357213Fa873A49Ad8d453007417D7aE399,0x2Ae3F1Ec7F1F5012CFEab0185bfc7aa3cf0DEc22,0x940181a94A35A4569E4529A3CDfB74e38FD98631,0x940181a94A35A4569E4529A3CDfB74e38FD98631,18,18,18,719759847186868,3101324393573280497,0.000719759847186868,3.1013243935732806,3102044153420467365,0,452653650864703704,0.45265365086470366,0.0,0,0,0,nan,0
vAMM-AERO/TAROT,0.03661940583996703,0x7810F8f3253ced11e8c56C6C8497f3134055D44C,0x65B4A4b9813E37DA640bbEf8AbDD8E47100bE5f8,0x940181a94A35A4569E4529A3CDfB74e38FD98631,0xF544251D25f3d243A36B07e7E7962a678f952691,0x940181a94A35A4569E4529A3CDfB74e38FD98631,18,18,18,2219478347657775025,0,2.219478347657775,0.0,2219478347657775025,2168396447077897,292330140956392528215437,292330.1409563925,8.375617779838756e-22,244.84455261771308,0,244.84455261771308,1193.94177992116,1778716800
vAMM-WETH/XEN,1.041296146675304e-06,0xC95582235D8905Ea7dAC517286bEc72F653fa24B,0x50793B917AE25Ab859F67406f271eEb05C7521FA,0x4200000000000000000000000000000000000006,0x981D41C115a2d48Cb1215D13Bda8f989d407c9c5,0x940181a94A35A4569E4529A3CDfB74e38FD98631,18,18,18,50021753807092666,4754345515169164230274197,0.050021753807092666,4754345.515169164,4754345565190918037366863,0,8312593892572402034,8.312593892572401,0.0,0,0,0,nan,0
vAMM-tBTC/USDC,0.00027007132909448765,0x323121CD6F6274c9aeB9f87e0664C8FDa5d343A5,0x434a8eEA016357bE462Eb6adE1b99F9f9F5Ff2c3,0x236aa50979D5f3De3Bd1Eeb40E81137F22ab794b,0x833589fCD6eDb6E08f4c7C32D4f71b54bdA02913,0x940181a94A35A4569E4529A3CDfB74e38FD98631,18,18,6,0,0,0.0,0.0,0,15990291077622,2155960422937952603981,2155.9604229379524,7.580678688617067e-22,1.6343643231667575,0,1.6343643231667575,1319.143101925124,1778716800
vAMM-WETH/JARVIS,0.013768158343962989,0xeff0891e5a1bd47a8F1e77ABebfEE4145974D088,0xf460124c6146800c6C061A6fC40C14677523BC90,0x4200000000000000000000000000000000000006,0x777b2839832982B35213063d850848369390EE16,0x940181a94A35A4569E4529A3CDfB74e38FD98631,18,18,18,0,0,0.0,0.0,0,815180420153886,109910239586898145433288,109910.23958689814,1.3088377169312028e-24,0.14385466704827726,0,0.14385466704827726,764036.6617373112,1778716800
vAMM-cbETH/USDC,3.1632843989126326e-05,0xa1d2ee6212D4375F154393E59895A5D27859C4e4,0x1a3FD3c084E5680655768b41Da653ca6e84b5981,0x2Ae3F1Ec7F1F5012CFEab0185bfc7aa3cf0DEc22,0x833589fCD6eDb6E08f4c7C32D4f71b54bdA02913,0x940181a94A35A4569E4529A3CDfB74e38FD98631,18,18,6,32348689364505119,89901078,0.03234868936450512,89.901078,32348689454406197,0,252522768463389149031,252.52276846338916,0.0,0,0,0,nan,0
sAMM-USDC/MAI,0.2989130919955308,0x2a1463CeBE85315224c536AfD389b381B43F3206,0x9280df579CeA690cAf5c31601cb71564Bb6FA6B7,0x833589fCD6eDb6E08f4c7C32D4f71b54bdA02913,0xbf1aeA8670D2528E08334083616dD9C5F3B087aE,0x940181a94A35A4569E4529A3CDfB74e38FD98631,18,6,18,14034,0,0.014034,0.0,14034,17698100381116361,2386202187404013786109795,2386202.1874040137,2.86006644812947e-23,68.2469681464737,0,68.2469681464737,34964.22261986312,1778716800
vAMM-MST/WETH,3.362151214415451e-06,0x52E9cC1aD755347BDF666ddf6Ad88EdfFe76fe68,0x44283e26C3610f7a6f93fe37ab80aA6Fca57839E,0x2F3b1A07E3eFb1fCc64BD09b86bD0Fa885D93552,0x4200000000000000000000000000000000000006,0x940181a94A35A4569E4529A3CDfB74e38FD98631,18,18,18,2080870484642075729318,2759089940768719,2080.8704846420756,0.002759089940768719,2080873243732016498037,0,26839816645907110505,26.839816645907113,0.0,0,0,0,nan,0
vAMM-oBMX/USDC,6.901205921759494e-07,0xA8D5DB293917EA106A5fc4dA5A25340e8b428966,0x432146f6A9E1297C88268a1E67ddBFAC804bE6C2,0x3Ff7AB26F2dfD482C40bDaDfC0e88D01BFf79713,0x833589fCD6eDb6E08f4c7C32D4f71b54bdA02913,0x940181a94A35A4569E4529A3CDfB74e38FD98631,18,18,6,9026808799603607845,5599020,9.026808799603607,5.59902,9026808799609206865,0,5509184143220550715,5.50918414322055,0.0,0,0,0,nan,0
sAMM-eUSD/USDbC,1.2684316421041908e-06,0x5BfB340FA9305abB164Fb0248D0D82FC3D82C3bb,0x1457Da0dcBe22249408BB2D1e24Bd2f1484d7620,0xCfA3Ef56d303AE4fAabA0592388F19d7C3399FB4,0xd9aAEc86B65D86f6A7B5B1b0c42FFA531710b6CA,0x940181a94A35A4569E4529A3CDfB74e38FD98631,18,18,6,9337782567923524274,10076068,9.337782567923524,10.076068,9337782567933600342,0,10125800575528955765,10.125800575528956,0.0,0,0,0,nan,0
vAMM-hyUSD/eUSD,0.00040710243664499746,0xb5E331615FdbA7DF49e05CdEACEb14Acdd5091c3,0x025137c819298654162de2609f407514De4bb027,0xCc7FF230365bD730eE4B352cC2492CEdAC49383e,0xCfA3Ef56d303AE4fAabA0592388F19d7C3399FB4,0x940181a94A35A4569E4529A3CDfB74e38FD98631,18,18,18,0,0,0.0,0.0,0,24101457054286,3249870115539540364340,3249.8701155395406,1.2730618447827559e-23,0.04137285644593115,0,0.04137285644593115,78550.77929624441,1778716800
vAMM-WETH/wstETH,0.0004752519001182519,0xA6385c73961dd9C58db2EF0c4EB98cE4B60651e8,0xDf7c8F17Ab7D47702A4a4b6D951d2A4c90F99bf4,0x4200000000000000000000000000000000000006,0xc1CBa3fCea344f92D9239c08C0568f6F2F0ee452,0x940181a94A35A4569E4529A3CDfB74e38FD98631,18,18,18,0,0,0.0,0.0,0,28136071488701,3793902488710807397364,3793.9024887108076,2.5850838843672768e-21,9.807556182427213,0,9.807556182427213,386.8346424064917,1778716800
vAMM-AERO/wstETH,0.005149430941557533,0x82a0c1a0d4EF0c0cA3cFDA3AD1AA78309Cc6139b,0x26D6D4E9e3fAf1C7C19992B1Ca792e4A9ea4F833,0x940181a94A35A4569E4529A3CDfB74e38FD98631,0xc1CBa3fCea344f92D9239c08C0568f6F2F0ee452,0x940181a94A35A4569E4529A3CDfB74e38FD98631,18,18,18,4179837380199995925,0,4.179837380199996,0.0,4179837380199995925,304859319138596,41107544987739164177788,41107.54498773916,9.661609845208258e-21,397.165061365882,0,397.165061365882,103.50241999224973,1778716800
vAMM-SEAM/WETH,2.7329367914009563e-05,0x1B00a1aFE48aDB8D8C76b854da22a70011446481,0x8362A202E02f1B5DD75d86E9B6A4Ddf3FbAe37E4,0x1C7a460413dD4e964f96D8dFC56E7223cE88CD85,0x4200000000000000000000000000000000000006,0x940181a94A35A4569E4529A3CDfB74e38FD98631,18,18,18,187551842510229684149,24017268385682554,187.55184251022968,0.024017268385682553,187575859778615366703,0,218168421668709422546,218.16842166870944,0.0,0,0,0,nan,0
vAMM-SEAM/USDC,0.005110187413544414,0xB0d931138BF96501654f2268Cdd84420151fF52e,0xfbE95C0DcE6a5A9D61068281523A1DA37F332bd3,0x1C7a460413dD4e964f96D8dFC56E7223cE88CD85,0x833589fCD6eDb6E08f4c7C32D4f71b54bdA02913,0x940181a94A35A4569E4529A3CDfB74e38FD98631,18,18,6,0,0,0.0,0.0,0,653062952568828,40794266664059200740172,40794.2666640592,3.113365453188755e-21,127.00746052005158,0,127.00746052005158,321.1958297333149,1778716800
vAMM-SEAM/USDbC,0.0003775626019489982,0x42e8dC1b1891C103291Ec01D903451E729DaAACc,0xf2669b18Eb18052A6fa7aA87294C629e3B158c1D,0x1C7a460413dD4e964f96D8dFC56E7223cE88CD85,0xd9aAEc86B65D86f6A7B5B1b0c42FFA531710b6CA,0x940181a94A35A4569E4529A3CDfB74e38FD98631,18,18,6,0,0,0.0,0.0,0,22352856823491,3014055693037764091908,3014.0556930377643,2.2104746663444437e-21,6.6624937524112235,0,6.6624937524112235,452.3915226107262,1778716800
sAMM-DOLA/USDC,0.0038908621570575347,0xf213F2D02837012dC0236cC105061e121bB03e37,0xCCff5627cd544b4cBb7d048139C1A6b6Bde67885,0x4621b7A9c75199271F773Ebd9A499dbd165c3191,0x833589fCD6eDb6E08f4c7C32D4f71b54bdA02913,0x940181a94A35A4569E4529A3CDfB74e38FD98631,18,18,6,8208337220698,16,8.208337220698e-06,1.6e-05,8208337220714,230350898811738,31060478910696240381193,31060.478910696238,3.3217296848551846e-23,1.0317451482347813,0,1.0317451482347813,30104.797646819847,1778716800
sAMM-eUSD/USDC,0.03953468594072057,0x7A034374C89C463DD65D8C9BCfe63BcBCED41f4F,0x793F22aB88dC91793E5Ce6ADbd7E733B0BD4733e,0x833589fCD6eDb6E08f4c7C32D4f71b54bdA02913,0xCfA3Ef56d303AE4fAabA0592388F19d7C3399FB4,0x940181a94A35A4569E4529A3CDfB74e38FD98631,18,6,18,2,0,2e-06,0.0,2,2340578220263028,315602616935522648809854,315602.61693552264,1.360764919799925e-24,0.4294609697229129,0,0.4294609697229129,734880.7905387738,1778716800
sAMM-LUSD/USDC,0.0002379835711864227,0xf53B7Af40BE75043eeBa493C622F4f56b3C27A31,0xA8C37a644bDf3297C6E19A48150aF3b7069294FC,0x368181499736d0c0CC614DBB145E2EC1AC86b8c6,0x833589fCD6eDb6E08f4c7C32D4f71b54bdA02913,0x940181a94A35A4569E4529A3CDfB74e38FD98631,18,18,6,42992938145936940562,42830827,42.99293814593694,42.830827,42992938145979771389,0,1899806108659005806540,1899.8061086590058,0.0,0,0,0,nan,0
vAMM-USDC/YFX,2.205665871592232e-05,0x8f24dD646e2ae3615767EbdCCc6691C54C41793F,0x32cD891Fa6c52BD324b9ef1B35F2e6E948eEEaf3,0x833589fCD6eDb6E08f4c7C32D4f71b54bdA02913,0x8901cB2e82CC95c01e42206F8d1F417FE53e7Af0,0x940181a94A35A4569E4529A3CDfB74e38FD98631,18,6,18,2718218119,646930306234678742781,2718.218119,646.9303062346787,646930306237396960900,0,176076755030671500000,176.07675503067148,0.0,0,0,0,nan,0
vAMM-USDC/DEUS,0.012375703170006122,0xf185f82A1948d014baE23d30b06FA8Da35110315,0xC5170E37875cfD19872692E1086C49F205b5Fca6,0x833589fCD6eDb6E08f4c7C32D4f71b54bdA02913,0xDE5ed76E7c05eC5e4572CfC88d1ACEA165109E44,0x940181a94A35A4569E4529A3CDfB74e38FD98631,18,6,18,0,0,0.0,0.0,0,732745300572639,98794367880590956761796,98794.36788059096,9.466618194552202e-23,9.35248560497686,0,9.35248560497686,10563.434369577455,1778716800
vAMM-WETH/DEGEN,0.0033875333585274016,0x2C4909355b0C036840819484c3A882A95659aBf3,0x86A1260AB9f758026Ce1a5830BdfF66DBcF736d5,0x4200000000000000000000000000000000000006,0x4ed4E862860beD51a9570b96d89aF5E1B0Efefed,0x940181a94A35A4569E4529A3CDfB74e38FD98631,18,18,18,0,0,0.0,0.0,0,200570648313635,27042440516934637928125,27042.44051693464,1.4486999831864532e-21,39.17638312220387,0,39.17638312220387,690.2740468046904,1778716800
vAMM-TYBG/WETH,0.022258270809131914,0x20000FbfeDFD172821821C9c59284129B04ffB2e,0xa1D8F6a8EC2236A9919eB7E990Bb27791C139a37,0x0d97F261b1e88845184f678e2d1e7a98D9FD38dE,0x4200000000000000000000000000000000000006,0x940181a94A35A4569E4529A3CDfB74e38FD98631,18,18,18,0,0,0.0,0.0,0,1317889655438755,177686210189065947628888,177686.21018906595,1.0364192412769687e-21,184.1574071495317,0,184.1574071495317,964.8605122073027,1778716800
vAMM-WETH/NPC,0.0036242470582922856,0x5E14319D52c9C18a04BFBBE12dd3a0FE3C1A816a,0xd1D3cbD443443d6cfee567C5A85B94Df633CdCAB,0x4200000000000000000000000000000000000006,0xB166E8B140D35D9D8226E40C09f757BAC5A4d87d,0x940181a94A35A4569E4529A3CDfB74e38FD98631,18,18,18,0,0,0.0,0.0,0,214587995079929,28932109331360163035815,28932.109331360163,7.067299777476356e-21,204.4718898394433,0,204.4718898394433,141.49675710474637,1778716800
vAMM-SEAM/AERO,0.0006045035277815463,0xB77d96D27E0D3C0C04d02771d564A6E242992af0,0x0C6612326e1b28Ad3F20C62F8aef1dB88e0C293c,0x1C7a460413dD4e964f96D8dFC56E7223cE88CD85,0x940181a94A35A4569E4529A3CDfB74e38FD98631,0x940181a94A35A4569E4529A3CDfB74e38FD98631,18,18,18,501086197820445809373,196289231812107357102,501.0861978204458,196.28923181210735,697375429632553166475,0,4825709140593066127251,4825.709140593067,0.0,0,0,0,nan,0
sAMM-WETH/AERO,0.00021032849650844487,0x80aBe24A3ef1fc593aC5Da960F232ca23B2069d0,0x3d2a91023E9C815Ba14335cd9650AE9A518b6D63,0x4200000000000000000000000000000000000006,0x940181a94A35A4569E4529A3CDfB74e38FD98631,0x940181a94A35A4569E4529A3CDfB74e38FD98631,18,18,18,742691047327721126,2230558498580678062230,0.7426910473277212,2230.558498580678,2231301189628005783356,0,1679037592804240923328,1679.0375928042408,0.0,0,0,0,nan,0
sAMM-USDC+/USD+,1.3799774260007557e-06,0xE96c788E66a97Cf455f46C5b27786191fD3bC50B,0x526b3D92fF55263dd24E3e14ccD0f5c2Dab81d3b,0x85483696Cc9970Ad9EdD786b2C5ef735F38D156f,0xB79DD08EA68A908A97220C76d19A6aA9cBDE4376,0x940181a94A35A4569E4529A3CDfB74e38FD98631,18,6,6,44131293,53976902,44.131293,53.976902,98108195,0,11016262722077086342,11.016262722077085,0.0,0,0,0,nan,0
vAMM-wBaseDOGE/WETH,0.000829201065592937,0x9D933f0AF9dc01A6f9e5D2e6dcB25B6D0837EA81,0x67d128F56EBacE1341f17e0BD20e0653034F7cCb,0x373504DA48418C67E6FCD071F33Cb0b3B47613C7,0x4200000000000000000000000000000000000006,0x940181a94A35A4569E4529A3CDfB74e38FD98631,18,18,18,310057724143635576936102705,17453384558986481,310057724.1436356,0.01745338455898648,310057724161088961495089186,0,6619453779378755117457,6619.453779378755,0.0,0,0,0,nan,0
sAMM-MAI/eUSD,1.6578650266037422e-06,0x413d78628d688edcdE29518199A3A3DB955068EC,0x2cC76EF706B2fC694F86c633b880a6dde81687F1,0xbf1aeA8670D2528E08334083616dD9C5F3B087aE,0xCfA3Ef56d303AE4fAabA0592388F19d7C3399FB4,0x940181a94A35A4569E4529A3CDfB74e38FD98631,18,18,18,1369661071386011268418,712948978572382616524,1369.6610713860114,712.9489785723827,2082610049958393884942,0,13234619890659094483,13.234619890659095,0.0,0,0,0,nan,0
vAMM-WETH/TKN,0.005125646891122727,0x1a9f461a371559f82976fa18C46A6A0d29f131d0,0xe157D5a0C9a533ebbdEaDb43633ce76d61816778,0x4200000000000000000000000000000000000006,0x78b3C724A2F663D11373C4a1978689271895256f,0x940181a94A35A4569E4529A3CDfB74e38FD98631,18,18,18,1835701868372,59838461840583591842,1.835701868372e-06,59.83846184058359,59838463676285460214,303484357485265,40917678586123970027304,40917.67858612397,6.071330258006093e-22,24.842474008730242,0,24.842474008730242,1647.0854944537534,1778716800
vAMM-WETH/TOSHI,5.32076707334724e-05,0x081E4455d91726212D1fa9AfFeE80637D1f7bE8E,0x3356d4D0D25B033d28f566c9D62d4D8112F4BC29,0x4200000000000000000000000000000000000006,0xAC1Bd2486aAf3B5C0fc3Fd868558b082a531B2B4,0x940181a94A35A4569E4529A3CDfB74e38FD98631,18,18,18,26521887769049223,130026114152135068475097,0.026521887769049225,130026.11415213507,130026140674022837524320,0,424753092757752782095,424.75309275775277,0.0,0,0,0,nan,0
vAMM-WETH/BETS,1.4494774701027778e-07,0xb7A0B6322834014F95841e643Dffa7Bb9b9Dc0ED,0xCa311e2460EaB52b3f2008B5cDeF0486556Bafb3,0x4200000000000000000000000000000000000006,0x94025780a1aB58868D9B2dBBB775f44b32e8E6e5,0x940181a94A35A4569E4529A3CDfB74e38FD98631,18,18,18,27483524649431849,677301823571341089178571,0.027483524649431847,677301.8235713411,677301851054865738610420,0,1157107668540593198,1.1571076685405932,0.0,0,0,0,nan,0
vAMM-AERO/ZOOMER,0.000933243491875861,0x45D8c7BF5be7c99D39cDC724f60497BD79546458,0xaCF2c5e2c6e54b0AE44DaeF6C12136bCEab88d07,0x940181a94A35A4569E4529A3CDfB74e38FD98631,0xD1dB4851bcF5B41442cAA32025Ce0Afe6B8EabC2,0x940181a94A35A4569E4529A3CDfB74e38FD98631,18,18,18,85870995795157857517,36535935298593935273035430,85.87099579515785,36535935.29859394,36536021169589730430892947,0,7450017149894643817725,7450.017149894644,0.0,0,0,0,nan,0
vAMM-suUSD/eMTRG,4.728566805824626e-06,0x70fAaFB3c7990771F6724C00F2574437bf805A9f,0x68b896E8B47f3d7a2399376D76706204B0B6e32E,0x8BF591Eae535f93a242D5A954d3Cde648b48A5A8,0xa023E6f6B4862EA38cbe45e377abD908abAb2f82,0x940181a94A35A4569E4529A3CDfB74e38FD98631,18,18,18,1711645209101034178,16267927902979325426,1.7116452091010341,16.267927902979327,17979573112080359604,0,37747816196399443400,37.74781619639944,0.0,0,0,0,nan,0
vAMM-WETH/MET,0.8930640763431765,0xF91E0Dfe1265B914182De54E08C9CA2068bedDDE,0x4aCfd43DaD13c5312FD0021C837167d294d7fCF9,0x4200000000000000000000000000000000000006,0x93dc5Cb35627A759848c7A7F0079EA7b49E435a5,0x940181a94A35A4569E4529A3CDfB74e38FD98631,18,18,18,38727311324737,179912961351500075,3.8727311324737e-05,0.17991296135150006,179951688662824812,52877963022059086,7129267701977722397042212,7129267.701977722,2.842856335706908e-23,202.67483855517995,0,202.67483855517995,35175.889384200585,1778716800
vAMM-WETH/WELS,0.00027628987628885207,0xCaedc2561356B6a01a94E3C0438011459E91FBb9,0xdE41799DE5fB357f501dd9386ACee424E816f7a6,0x4200000000000000000000000000000000000006,0x7F62ac1e974D65Fab4A81821CA6AF659A5F46298,0x940181a94A35A4569E4529A3CDfB74e38FD98631,18,18,18,11408759046,0,1.1408759046e-08,0.0,11408759046,16359011910537,2205602647768604581500,2205.6026477686046,1.718032018691985e-20,37.89295969378283,0,37.89295969378283,58.20613289625096,1778716800
vAMM-WETH/axlOP,0.04173901629290788,0x6a071315B5Ae7da81CA56901ff13893F84776c7B,0xf2B43787C9F841B69567Df52DD6669F4D6De293f,0x4200000000000000000000000000000000000006,0x994ac01750047B9d35431a7Ae4Ed312ee955E030,0x940181a94A35A4569E4529A3CDfB74e38FD98631,18,18,18,11422636414134141,58610711334316671207,0.011422636414134142,58.61071133431667,58622133970730805348,0,333199631081122755627915,333199.6310811228,0.0,0,0,0,nan,0
vAMM-wBaseDOGE/AERO,0.002733581811367986,0xDab27FB1923FC017e941D837040add59b9aFF9fD,0xEacFC84B210f27CC5999191a55BA39cb4E4c8902,0x373504DA48418C67E6FCD071F33Cb0b3B47613C7,0x940181a94A35A4569E4529A3CDfB74e38FD98631,0x940181a94A35A4569E4529A3CDfB74e38FD98631,18,18,18,58771262973329152558368837,12695962213362064272,58771262.97332915,12.695962213362064,58771275669291365920433109,0,21821991315896067800782,21821.99131589607,0.0,0,0,0,nan,0
vAMM-WETH/AYB,4.812949033161069e-05,0x35D057C5c0Af0caE0Db29946872B486aFC1E0e17,0x521221892F5398B45d3A1a843f01FdeCED76BBB6,0x4200000000000000000000000000000000000006,0x7ED613AB8b2b4c6A781DDC97eA98a666c6437511,0x940181a94A35A4569E4529A3CDfB74e38FD98631,18,18,18,36852246828840977,244711071235191889258096923,0.03685224682884098,244711071.23519188,244711071272044136086937900,0,384214335816535254588,384.21433581653525,0.0,0,0,0,nan,0
vAMM-WETH/bsdETH,0.03919208195447999,0x6B87B8663eE63191887F18225F79D9eEb2DE0d34,0x25F30f8be46a9dc4A02eAF5a70c48bcB47A11807,0x4200000000000000000000000000000000000006,0xCb327b99fF831bF8223cCEd12B1338FF3aA322Ff,0x940181a94A35A4569E4529A3CDfB74e38FD98631,18,18,18,0,0,0.0,0.0,0,2320571215403469,312867633412643606929825,312867.63341264357,6.226999647446424e-25,0.19482266429579287,0,0.19482266429579287,1605909.8387938421,1778716800
vAMM-WETH/L2VE,0.00021149524893484663,0x253Da544f498b85429F6ACDc6E98B36b36c1C824,0x3d9E2D8AF6FF16a62217c8a559Ee5987c72acb86,0x4200000000000000000000000000000000000006,0xA19328fb05ce6FD204D16c2a2A98F7CF434c12F4,0x940181a94A35A4569E4529A3CDfB74e38FD98631,18,18,18,81811810751765876,1610298169062204497144705,0.08181181075176587,1610298.1690622044,1610298250874015248910581,0,1688351695353086434746,1688.3516953530864,0.0,0,0,0,nan,0
vAMM-AERO/BASED,3.91155830161326e-07,0x4b1aFCB3F6b525030c9B548839a0E66c058d9B3F,0xB14FAFC5194250477156b6bE22f7b41E95cC0F81,0x940181a94A35A4569E4529A3CDfB74e38FD98631,0xBa5E6fa2f33f3955f0cef50c63dCC84861eAb663,0x940181a94A35A4569E4529A3CDfB74e38FD98631,18,18,18,1619738467146359026,85039255679791621639,1.619738467146359,85.03925567979162,86658994146937980665,0,3122569477688666806,3.1225694776886668,0.0,0,0,0,nan,0
vAMM-GB/WETH,4.73351818436854e-05,0x284ddaDA0B71F2D0D4e395B69b1013dBf6f3e6C1,0x83FC503345Dcde6197b2BD8eaa82ccb4b737Be40,0x2aF864fb54b55900Cd58d19c7102d9e4FA8D84a3,0x4200000000000000000000000000000000000006,0x940181a94A35A4569E4529A3CDfB74e38FD98631,18,18,18,1032999991304870230113639,647720236673763206,1032999.9913048702,0.6477202366737632,1033000639025106903876845,0,377873427030281022205,377.87342703028105,0.0,0,0,0,nan,0
vAMM-WETH/doginme,0.027825710906110038,0x139E9f235588A9720e7Eab045da29dC781c4b658,0x666c383e4EAb3328660A85d1C41FFDce9D85D8eE,0x4200000000000000000000000000000000000006,0x6921B130D297cc43754afba22e5EAc0FBf8Db75b,0x940181a94A35A4569E4529A3CDfB74e38FD98631,18,18,18,0,0,0.0,0.0,0,1647566053057721,222130692861135203990734,222130.6928611352,6.700610126252528e-21,1488.4111699368127,0,1488.4111699368127,149.24014099582797,1778716800
vAMM-DEGEN/USDC,1.6938526345299594e-06,0x637ad8d2611d3efE2ef41fdBb40b9F21AbAF9585,0xF2478BEB6030CbA9069cD471c6C653B34dD7c093,0x4ed4E862860beD51a9570b96d89aF5E1B0Efefed,0x833589fCD6eDb6E08f4c7C32D4f71b54bdA02913,0x940181a94A35A4569E4529A3CDfB74e38FD98631,18,18,6,184032526934029105366433,376402985,184032.5269340291,376.402985,184032526934029481769418,0,13521906433311636055,13.521906433311635,0.0,0,0,0,nan,0
vAMM-AERO/TOSHI,0.0004871766770384929,0x4660Ff55A4Db144734AE76550Ee3093e0BA7F8D1,0xDA58433E3eE06c5CCC27D9E2794aC9CE54576A2c,0x940181a94A35A4569E4529A3CDfB74e38FD98631,0xAC1Bd2486aAf3B5C0fc3Fd868558b082a531B2B4,0x940181a94A35A4569E4529A3CDfB74e38FD98631,18,18,18,0,0,0.0,0.0,0,28845831024350,3889097144058353391362,3889.0971440583535,6.998050764148327e-21,27.21609924082464,0,27.21609924082464,142.8969342610508,1778716800
vAMM-WETH/FARM,4.7247051058192244e-05,0x5A5Fb78963938B4855BF257b186e1c4daFC9f482,0x47B8a299407Ee3b2B1cd9D98846E1D67c8817a20,0x4200000000000000000000000000000000000006,0xD08a2917653d4E460893203471f0000826fb4034,0x940181a94A35A4569E4529A3CDfB74e38FD98631,18,18,18,113659009068798087,16984520742598558063,0.11365900906879808,16.98452074259856,17098179751667356150,0,377169885168941075875,377.16988516894105,0.0,0,0,0,nan,0
vAMM-WELS/AERO,9.157937010581794e-05,0x90359da9715411B828769ab9343Fa2732F726E19,0xb4F1CD310453F86ecF52554b6bCBAb543667a446,0x7F62ac1e974D65Fab4A81821CA6AF659A5F46298,0x940181a94A35A4569E4529A3CDfB74e38FD98631,0x940181a94A35A4569E4529A3CDfB74e38FD98631,18,18,18,73902722389779897775660,158057827000055298358,73902.7223897799,158.0578270000553,74060780216779953074018,0,731071669724161374416,731.0716697241613,0.0,0,0,0,nan,0
vAMM-HPC/WETH,1.741899633966476e-08,0xd07B4d7CeA966B6E8087C8be3347E4B790679785,0x77ABe39cd429eA55b0fb065B74ca3e3B3c7C13DA,0x1f3BA804eFB9CFe17D595e7262CEA4782dbF6e4E,0x4200000000000000000000000000000000000006,0x940181a94A35A4569E4529A3CDfB74e38FD98631,18,18,18,890825852920258976525055,205449811707055694,890825.852920259,0.2054498117070557,890826058370070683580749,0,139054622501151690,0.1390546225011517,0.0,0,0,0,nan,0
sAMM-hyUSD/eUSD,1.2519000435043353e-07,0x145AdA46F76eC16B80d8E0B17D6A03fcdc9610E5,0xb2dd7F23Bcb81637C22f8eA5004AaEE29e6056E9,0xCc7FF230365bD730eE4B352cC2492CEdAC49383e,0xCfA3Ef56d303AE4fAabA0592388F19d7C3399FB4,0x940181a94A35A4569E4529A3CDfB74e38FD98631,18,18,18,6482222914926286447,7043418295510824135,6.482222914926287,7.043418295510824,13525641210437110582,0,999382998676381155,0.9993829986763811,0.0,0,0,0,nan,0
vAMM-GROW/WETH,0.0006351748720397115,0xDa74029240F657a7be372906290300dBb8F1BcCd,0x8c021a56b951b22491Aa74404275732281367ba5,0x321725ee44CB4bfA544CF45a5A585b925d30A58C,0x4200000000000000000000000000000000000006,0x940181a94A35A4569E4529A3CDfB74e38FD98631,18,18,18,245105184787509020163,30819810825317603,245.10518478750902,0.030819810825317602,245136004598334337766,0,5070556324337528512178,5070.556324337528,0.0,0,0,0,nan,0
vAMM-KWENTA/WETH,4.7421633143092295e-05,0xc91cE85Da7FB4523926a2930e930A8B52a7B85B2,0xc7D62524C372125830A234f0E197C335d0F973FE,0x37Ab9F42051C112CAAba55AB6487dd74286A0B29,0x4200000000000000000000000000000000000006,0x940181a94A35A4569E4529A3CDfB74e38FD98631,18,18,18,93849436856815548,72740055945466,0.09384943685681554,7.2740055945466e-05,93922176912761014,0,378563561672331858655,378.5635616723319,0.0,0,0,0,nan,0
vAMM-USDC/DOG,4.484751650050475e-06,0x1bA78f0373178F4d7996267D005eCbc29e14c99F,0xc3ef893d3E8F7521525fE138505262AE8B3D99BA,0x833589fCD6eDb6E08f4c7C32D4f71b54bdA02913,0x9E53e88dCff56d3062510A745952DEC4cEFDff9E,0x940181a94A35A4569E4529A3CDfB74e38FD98631,18,6,18,1603160,9710735895735616153437,1.60316,9710.735895735615,9710735895735617756597,0,35801456958179031303,35.80145695817903,0.0,0,0,0,nan,0
vAMM-wBaseDOGE/DOG,1.7671677230455053e-09,0x2d9Fef5A2EF3A66b8b458C547F8D6F4af4C413Ad,0xA53FdF59E0Ecd1adC7e41c161b54aE3D32B2f0a5,0x373504DA48418C67E6FCD071F33Cb0b3B47613C7,0xAfb89a09D82FBDE58f18Ac6437B3fC81724e4dF6,0x940181a94A35A4569E4529A3CDfB74e38FD98631,18,18,18,265049724023703167596204,54294675846295320050,265049.7240237032,54.29467584629532,265104018699549462916254,0,14107175627837684,0.014107175627837684,0.0,0,0,0,nan,0
sAMM-USDC/STAR,0.0002558913000948443,0xF45F6cDBcd0D2D4Bf4d9758b032a66A2cf4e55C8,0xc115982d35fe4304274FEEf5b351256342BB6C2e,0x833589fCD6eDb6E08f4c7C32D4f71b54bdA02913,0xC19669A405067927865B40Ea045a2baabbbe57f5,0x940181a94A35A4569E4529A3CDfB74e38FD98631,18,6,18,0,0,0.0,0.0,0,15151526744403,2042762248878359981114,2042.7622488783602,4.5504887725769546e-20,92.95566678565028,0,92.95566678565028,21.975661296570944,1778716800
vAMM-WETH/VITA,5.236278243934497e-07,0x152f55611636A3E6273D1367F6E0360aBad7D319,0xB193Cf7E7820655F1837CcBB0fe3c96Db90faF1f,0x4200000000000000000000000000000000000006,0x490a4B510d0Ea9f835D2dF29Eb73b4FcA5071937,0x940181a94A35A4569E4529A3CDfB74e38FD98631,18,18,18,7642729921036121,33467915044618254986,0.007642729921036121,33.46791504461825,33475557774539291107,0,4180084089364464670,4.180084089364465,0.0,0,0,0,nan,0
vAMM-WETH/SPX,0.037655905290499406,0xe96a4E9EA3a2C6Db214174738a19Eb7Dbb8A3069,0xCC38E1fc0f8BD866143f672D9E4340f05D262543,0x4200000000000000000000000000000000000006,0x50dA645f148798F68EF2d7dB7C1CB22A6819bb2C,0x940181a94A35A4569E4529A3CDfB74e38FD98631,18,18,8,0,0,0.0,0.0,0,2229636005140735,300604443161062743863784,300604.4431610627,3.3866636120645048e-21,1018.0461292784838,0,1018.0461292784838,295.27585687507997,1778716800
sAMM-DEGEN/DOG,4.266771620692393e-06,0x56EA567EfCf632E3427D84E3D70c7DE24377AfB8,0xf6B598c9E06322571901eEe8F33AB39B10a58904,0x4ed4E862860beD51a9570b96d89aF5E1B0Efefed,0xAfb89a09D82FBDE58f18Ac6437B3fC81724e4dF6,0x940181a94A35A4569E4529A3CDfB74e38FD98631,18,18,18,168570455740795384725,267417352183257842237,168.57045574079538,267.41735218325783,435987807924053226962,0,34061337716856462873,34.061337716856464,0.0,0,0,0,nan,0
vAMM-YFX/AERO,2.2077961007326175e-05,0x448686cA47fBE77d8fc9EEc6829837bF45E8ea75,0xCEc1D4EFF7d6a785447Ff48C336feE57A29804d0,0x8901cB2e82CC95c01e42206F8d1F417FE53e7Af0,0x940181a94A35A4569E4529A3CDfB74e38FD98631,0x940181a94A35A4569E4529A3CDfB74e38FD98631,18,18,18,7886699408355227774,16882818916636056920,7.886699408355228,16.882818916636058,24769518324991284694,0,176246809724513266552,176.24680972451324,0.0,0,0,0,nan,0
vAMM-TYBG/wBLT,4.17210868472689e-06,0x1AFc638D3d53F0993096350403B5845bE7c77f43,0x89C56c18a1d9DBA342028C00C3e1bE3A96507E4b,0x0d97F261b1e88845184f678e2d1e7a98D9FD38dE,0x4E74D4Db6c0726ccded4656d0BCE448876BB4C7A,0x940181a94A35A4569E4529A3CDfB74e38FD98631,18,18,18,1176252829304829089756159,43202121176751263279,1176252.829304829,43.20212117675126,1176296031426005841019438,0,33305650157777091712,33.305650157777094,0.0,0,0,0,nan,0
vAMM-MAVIA/WETH,0.01320661833455554,0xC90E88d30b99442B6994915F3b146cE3D55982D9,0x3d0f8DF262c1AE46b4af8381f769F7F2872A0d5d,0x24fcFC492C1393274B6bcd568ac9e225BEc93584,0x4200000000000000000000000000000000000006,0x940181a94A35A4569E4529A3CDfB74e38FD98631,18,18,18,0,0,0.0,0.0,0,781974341546531,105427505191366990222855,105427.50519136699,1.4643544374047915e-21,154.38323505149492,0,154.38323505149492,682.894779061997,1778716800
vAMM-WETH/TN100x,0.05132640324914283,0x8f5F1D63599362115e7F9fe71BFD5ab883D82c82,0x931143b901A1c81bA1657cF0F2AcD126F75ca4Fd,0x4200000000000000000000000000000000000006,0x5B5dee44552546ECEA05EDeA01DCD7Be7aa6144A,0x940181a94A35A4569E4529A3CDfB74e38FD98631,18,18,18,0,0,0.0,0.0,0,3039077026984512,409735066761533186504877,409735.0667615332,2.5173507029284054e-21,1031.4468583265627,0,1031.4468583265627,397.24302173579207,1778716800
sAMM-USDC/USX,0.0030845183881952234,0x1f019b4420936a800fF6f54c00d9da05445DE433,0x62b2Da7b10dde762B3b020AAEe409786b548684C,0x833589fCD6eDb6E08f4c7C32D4f71b54bdA02913,0xc142171B138DB17a1B7Cb999C44526094a4dae05,0x940181a94A35A4569E4529A3CDfB74e38FD98631,18,6,18,0,0,0.0,0.0,0,182639128325475,24623493323301455731959,24623.493323301456,0.0,0.0,0,0.0,nan,1778716800
vAMM-USDC/SPOT,1.2632705637514261e-05,0xa43455d99Eb63473cFA186b388c1BC2EA1B63924,0xD90C0E9728fe44905384C89d867Ba095e2Dc3E2e,0x833589fCD6eDb6E08f4c7C32D4f71b54bdA02913,0x8f2E6758C4D6570344bd5007DEc6301cd57590A0,0x940181a94A35A4569E4529A3CDfB74e38FD98631,18,6,9,74479378,70351536509,74.479378,70.351536509,70426015887,0,100846000500768479001,100.84600050076847,0.0,0,0,0,nan,0
sAMM-BRETT/AERO,0.00015758150008041459,0xFfa80952B3800240F11AD25E45e8d3E5C1593E70,0xCab96B63cB77Eb0f771D09197860cE159F197Cc6,0x532f27101965dd16442E59d40670FaF5eBB142E4,0x940181a94A35A4569E4529A3CDfB74e38FD98631,0x940181a94A35A4569E4529A3CDfB74e38FD98631,18,18,18,0,0,0.0,0.0,0,9330645563680,1257962030622309533330,1257.9620306223096,0.0,0,0,0,nan,0
vAMM-WETH/CHAD,0.0008286923432740044,0x17Cf4aBb54a9D18c90FA0e36B8669aB0f4936f2e,0x346C6cfaC949E9d7FCA69cFf0a882c06e86C9245,0x4200000000000000000000000000000000000006,0xecaF81Eb42cd30014EB44130b89Bcd6d4Ad98B92,0x940181a94A35A4569E4529A3CDfB74e38FD98631,18,18,18,347666064905107432,52429388529700067231883305,0.34766606490510743,52429388.52970007,52429388877366132136990737,0,6615392684891008078635,6615.392684891008,0.0,0,0,0,nan,0
vAMM-fBOMB/wstETH,0.005090522545792358,0xBd1F3d188de7eE07B1b323C0D26D6720CAfB8780,0x56b13a025EE67FE7645cd4c09033673e3Cb207Ba,0x74ccbe53F77b08632ce0CB91D3A545bF6B8E0979,0xc1CBa3fCea344f92D9239c08C0568f6F2F0ee452,0x940181a94A35A4569E4529A3CDfB74e38FD98631,18,18,18,0,0,0.0,0.0,0,301417752619944,40637283408050888346730,40637.28340805089,1.4901266293814484e-21,60.554698152057526,0,60.554698152057526,671.0839067516699,1778716800
vAMM-cbETH/fBOMB,5.070086397706263e-07,0x40834a402B9013f1fD7575EABa84E1589205099d,0x33BD3859141EEB7FCf8d71A9A52F554C6Ca5a278,0x2Ae3F1Ec7F1F5012CFEab0185bfc7aa3cf0DEc22,0x74ccbe53F77b08632ce0CB91D3A545bF6B8E0979,0x940181a94A35A4569E4529A3CDfB74e38FD98631,18,18,18,2987904158580140,421797698883639115891,0.00298790415858014,421.7976988836391,421800686787797696031,0,4047414307538898338,4.047414307538898,0.0,0,0,0,nan,0
vAMM-DEGEN/MAI,0.0003189284758371589,0xe7c22c22Be0ba467AD5a32F607112e10d89778af,0x44d708dba44160FA748c25a7d3fbC4C73dE4b87F,0x4ed4E862860beD51a9570b96d89aF5E1B0Efefed,0xbf1aeA8670D2528E08334083616dD9C5F3B087aE,0x940181a94A35A4569E4529A3CDfB74e38FD98631,18,18,18,3004629994780016543735,9620597650265150512,3004.6299947800167,9.62059765026515,3014250592430281694247,0,2545983588699538788138,2545.983588699539,0.0,0,0,0,nan,0
sAMM-WETH/rETH,2.9453464675592486e-05,0xb8866732424AcDdd729C6fcf7146b19bFE4A2e36,0xAa3D51d36BfE7C5C63299AF71bc19988BdBa0A06,0x4200000000000000000000000000000000000006,0xB6fe221Fe9EeF5aBa221c348bA20A1Bf5e73624c,0x940181a94A35A4569E4529A3CDfB74e38FD98631,18,18,18,0,0,0.0,0.0,0,1743985425764,235124936704266101517,235.1249367042661,2.730767336244924e-23,0.0064207149708866516,0,0.0064207149708866516,36619.74371551914,1778716800
vAMM-RSR/bsdETH,0.00035733981709183536,0x95F04B5594e2a944CA91d56933D119841eeF9a99,0x190351cf2a6e2ac19A528b283E0748eD0652799d,0xaB36452DbAC151bE02b16Ca17d8919826072f64a,0xCb327b99fF831bF8223cCEd12B1338FF3aA322Ff,0x940181a94A35A4569E4529A3CDfB74e38FD98631,18,18,18,0,37561177149378,0.0,3.7561177149378e-05,37561177149378,21158918179358,2852618624024125253527,2852.618624024125,4.7899804232328e-21,13.663987364024846,0,13.663987364024846,208.76912046439872,1778716800
vAMM-WETH/SEXY,0.014157668470373853,0x862a9D8443BbF74CF86bC05aFC8e05c63319DC1e,0x2F1c1492F6057808C3fd16eef67E0237FBAeBF4B,0x4200000000000000000000000000000000000006,0xD1917629B3E6A72E6772Aab5dBe58Eb7FA3C2F33,0x940181a94A35A4569E4529A3CDfB74e38FD98631,18,18,18,0,0,0.0,0.0,0,838308339700496,113019671527308133496771,113019.67152730814,6.986194633034104e-22,78.95774226513574,0,78.95774226513574,1431.3944178874103,1778716800
vAMM-TKN/AERO,0.026780332954466027,0xd88b9f7185f404015B665e070A5EF03a7e26661F,0x82FDF8F646c6dcF7966734146486114f60C7Def5,0x78b3C724A2F663D11373C4a1978689271895256f,0x940181a94A35A4569E4529A3CDfB74e38FD98631,0x940181a94A35A4569E4529A3CDfB74e38FD98631,18,18,18,0,506698457984254231,0.0,0.5066984579842543,506698457984254231,1585725538259625,213785514206617899397079,213785.5142066179,1.9150662277898317e-22,40.94134182477772,0,40.94134182477772,5221.751527382397,1778716800
vAMM-AERO/USD+,0.0002737205558958619,0x267d950110D9ED57999c3451b89C35a9D278C074,0x45D3ef9d20f9eA644aB9bc706e630311050de370,0x940181a94A35A4569E4529A3CDfB74e38FD98631,0xB79DD08EA68A908A97220C76d19A6aA9cBDE4376,0x940181a94A35A4569E4529A3CDfB74e38FD98631,18,18,6,36851577637560811360,29159944,36.85157763756081,29.159944,36851577637589971304,0,2185091943801223861701,2185.091943801224,0.0,0,0,0,nan,0
vAMM-WETH/PRIME,0.0005396462613695459,0xB21b821EC1bB22d0241AE425e07e14d1CCea4AeD,0x2C477011BB6dF2828Da8367Bae4C5bA7381C0240,0x4200000000000000000000000000000000000006,0xfA980cEd6895AC314E7dE34Ef1bFAE90a5AdD21b,0x940181a94A35A4569E4529A3CDfB74e38FD98631,18,18,18,17317689385756067,17892752913722002630,0.017317689385756067,17.892752913722003,17910070603107758697,0,4307958144983698775490,4307.958144983699,0.0,0,0,0,nan,0
vAMM-BAVA/AERO,7.52568710604895e-05,0xD3c2fa602B8da5b0b9c25dFBE7F2f31Bb512dB13,0xE3Da183CDBbd0F01867605C632F1E275e7eD6E3D,0x3fbdE9864362CE4Abb244EbeF2EF0482ABA8eA39,0x940181a94A35A4569E4529A3CDfB74e38FD98631,0x940181a94A35A4569E4529A3CDfB74e38FD98631,18,18,18,4686270150316250902562077,2756436436172693361539,4686270.1503162505,2756.4364361726934,4689026586752423595923616,0,600770307994428256912,600.7703079944282,0.0,0,0,0,nan,0
vAMM-Mog/WETH,0.0012867847444764657,0x4A311ac4563abc30E71D0631C88A6232C1309ac5,0x8FCc385d8d7f3A2e087853a79531630Bf96575e8,0x2Da56AcB9Ea78330f947bD57C54119Debda7AF71,0x4200000000000000000000000000000000000006,0x940181a94A35A4569E4529A3CDfB74e38FD98631,18,18,18,5584972756009399952848233610,369440200019283679,5584972756.0094,0.3694402000192837,5584972756378840152867517289,0,10272312100782011217844,10272.31210078201,0.0,0,0,0,nan,0
vAMM-VIRTUAL/WETH,0.8736806274773636,0x21594b992F68495dD28d605834b58889d0a727c7,0xBD62Cad65b49b4Ad9C7aa9b8bDB89d63221F7af5,0x0b3e328455c4059EEb9e3f84b5543F74E24e7E1b,0x4200000000000000000000000000000000000006,0x940181a94A35A4569E4529A3CDfB74e38FD98631,18,18,18,4436621073213268005,3519885388259333,4.436621073213268,0.003519885388259333,4440140958601527338,51105698372480164,6974530993142873677146341,6974530.993142873,3.321218558354928e-21,23163.941770247737,0,23163.941770247737,301.09430693273066,1778716800
vAMM-HIGHER/WETH,0.0016722291338315868,0xcEdF590857aE7Fbd4A342Ce9Ee9CA111570A1ca2,0x8Ee017223529FC20FA5B8D6f1D048003A424D9CC,0x0578d8A44db98B23BF096A382e016e29a5Ce0ffe,0x4200000000000000000000000000000000000006,0x940181a94A35A4569E4529A3CDfB74e38FD98631,18,18,18,24512966978120304131352,3057453645776304,24512.966978120305,0.003057453645776304,24512970035573949907656,0,13349287548266080198429,13349.287548266082,0.0,0,0,0,nan,0
vAMM-BRETT/AERO,0.003249039185625254,0x43BBb129b56A998732767725A183b7a566843dBA,0x80c6eF2039c429d905D125Bba5FD99125646aee9,0x532f27101965dd16442E59d40670FaF5eBB142E4,0x940181a94A35A4569E4529A3CDfB74e38FD98631,0x940181a94A35A4569E4529A3CDfB74e38FD98631,18,18,18,0,0,0.0,0.0,0,192385609691631,25936851276545138875073,25936.851276545138,4.38774974201844e-21,113.80441249743157,0,113.80441249743157,227.90725515261107,1778716800
vAMM-WETH/LUCHA,0.02558484447919334,0x0D4953d2BDe145D316296CC72cCE509D899a5529,0xd3011443522E904092232CD7C73586D0b1b61418,0x4200000000000000000000000000000000000006,0xF4435cC8b478d54313F04c956882BE3D9aCf9F6F,0x940181a94A35A4569E4529A3CDfB74e38FD98631,18,18,18,0,0,0.0,0.0,0,1514957383638927,204242013800972827318999,204242.0138009728,1.1594801507388412e-23,2.3681456094915645,0,2.3681456094915645,86245.54714134453,1778716800
vAMM-ANIME/WETH,0.0006655497646190416,0xeB956b77D455e33b41bBE6052dBE4388dCfD729B,0x93a7ddBd64f0835f99b6D248Ce058Fd90C68666c,0x0e0c9756a3290cD782CF4aB73ac24D25291c9564,0x4200000000000000000000000000000000000006,0x940181a94A35A4569E4529A3CDfB74e38FD98631,18,18,18,11551377498204307795211294,46061439171381894,11551377.498204308,0.0460614391713819,11551377544265746966593188,0,5313036955182708443626,5313.036955182708,0.0,0,0,0,nan,0
vAMM-ezETH/WETH,7.614432312966023e-07,0x0C8bF3cb3E1f951B284EF14aa95444be86a33E2f,0x6318373c5a01224094BF0B1AC88562345B2Fb91E,0x2416092f143378750bb29b79eD961ab195CcEea5,0x4200000000000000000000000000000000000006,0x940181a94A35A4569E4529A3CDfB74e38FD98631,18,18,18,0,0,0.0,0.0,0,45089169992,6078547754379052874,6.078547754379053,1.3077074416752049e-19,0.7948962132979593,0,0.7948962132979593,7.646970324792033,1778716800
sAMM-ezETH/WETH,9.435097721804261e-06,0x497139e8435E01555AC1e3740fccab7AFf149e02,0x4Fa58b3Bec8cE12014c7775a0B3da7e6AdC3c7eA,0x2416092f143378750bb29b79eD961ab195CcEea5,0x4200000000000000000000000000000000000006,0x940181a94A35A4569E4529A3CDfB74e38FD98631,18,18,18,0,0,0.0,0.0,0,558703141073,75319721434203952315,75.31972143420394,2.950044273308818e-20,2.221965128841888,0,2.221965128841888,33.89779634996405,1778716800
vAMM-USDC/WELL,7.660255273083294e-07,0x81A8c12738F7346094526ECC2487a63f45dD1935,0x47C84ff870c7EeA60420EC8c98B7FBa9D37b478B,0x833589fCD6eDb6E08f4c7C32D4f71b54bdA02913,0xA88594D404727625A9437C3f886C7643872296AE,0x940181a94A35A4569E4529A3CDfB74e38FD98631,18,6,18,75206034,3062791096653507791654,75.206034,3062.791096653508,3062791096653582997688,0,6115127901115079251,6.11512790111508,0.0,0,0,0,nan,0
vAMM-BITCOIN/WETH,0.0007092248228259495,0xaa46e69d85c79bb3EfFe0902c1Ad69f712b5b382,0x7d7bb62DB5614b191E154DB763F8e6daABDFa55b,0x2a06A17CBC6d0032Cac2c6696DA90f29D39a1a29,0x4200000000000000000000000000000000000006,0x940181a94A35A4569E4529A3CDfB74e38FD98631,18,8,18,0,0,0.0,0.0,0,41997035740733,5661691872679193315652,5661.691872679193,1.417357469880051e-22,0.8024641267901029,0,0.8024641267901029,7055.383142578904,1778716800
vAMM-REGEN/WETH,0.00026514310294994904,0x11D9944cB1886F5Ca08673C0B61b4d159946AcDa,0x4C73598c779cBED9002a52Ac14C3490d3d876DE7,0x1D653f09f216682eDE4549455D6Cf45f93C730cf,0x4200000000000000000000000000000000000006,0x940181a94A35A4569E4529A3CDfB74e38FD98631,18,18,18,20786243621498424227000,9664596199677838,20786.243621498423,0.009664596199677838,20786253286094623904838,0,2116618740284938021674,2116.618740284938,0.0,0,0,0,nan,0
vAMM-AERO/WELL,0.0008007820787978187,0xCd401DE1cBAa0d770eE5FB70ff622c752C92B8c5,0x57c198edE5e375a273935f5ED8B4D22fE836f080,0x940181a94A35A4569E4529A3CDfB74e38FD98631,0xA88594D404727625A9437C3f886C7643872296AE,0x940181a94A35A4569E4529A3CDfB74e38FD98631,18,18,18,0,0,0.0,0.0,0,47418635813969,6392587006827585239368,6392.587006827585,1.214074576942424e-20,77.61077365881836,0,77.61077365881836,82.36726301595425,1778716800
vAMM-WETH/BENJI,3.629311119640006e-08,0x9409dBe9d0aE5961A28cf395786Bddc0911eFBec,0x9E5AE7b0CeB4b8E5e2Bb986e63147b912072d2Be,0x4200000000000000000000000000000000000006,0xBC45647eA894030a4E9801Ec03479739FA2485F0,0x940181a94A35A4569E4529A3CDfB74e38FD98631,18,18,18,30773888225706,16958239157820653422,3.0773888225706e-05,16.958239157820653,16958269931708879128,0,289725353768853210,0.28972535376885317,0.0,0,0,0,nan,0
vAMM-WETH/RSR,0.001140206537555843,0xd204058452F57464E0E5ab8C3Cc9cbCb6B41D4EE,0x40334F3E5e59c5A7aeAf6b47FfF6be1917c71ba6,0x4200000000000000000000000000000000000006,0xaB36452DbAC151bE02b16Ca17d8919826072f64a,0x940181a94A35A4569E4529A3CDfB74e38FD98631,18,18,18,241245310728721,235179663364371944572,0.000241245310728721,235.17966336437195,235179904609682673293,67523946033988,9102188585466136901148,9102.188585466138,4.90558217848781e-22,4.465153411009785,0,4.465153411009785,2038.494033155223,1778716800
vAMM-USDA/EURA,2.4975635027613702e-08,0x79eF3eCDa775860a2351ae2A7B80C4d80ba47F72,0x3fd91fAC3Ccc67d818A6E17e7296A82Ba7a4aCAa,0x0000206329b97DB379d5E1Bf586BbDB969C63274,0xA61BeB4A3d02decb01039e378237032B351125B4,0x940181a94A35A4569E4529A3CDfB74e38FD98631,18,18,18,8351281346181657546,5402070168120473962,8.351281346181658,5.402070168120474,13753351514302131508,0,199378737601721378,0.19937873760172137,0.0,0,0,0,nan,0
vAMM-LUSD/POOL,0.0009277156757712738,0x0b15b1d434f86eCaa83d14398C8Db6d162F3921e,0x5b41A91Cc14496E7fcc381595Dc2680EF71B6462,0x368181499736d0c0CC614DBB145E2EC1AC86b8c6,0xd652C5425aea2Afd5fb142e120FeCf79e18fafc3,0x940181a94A35A4569E4529A3CDfB74e38FD98631,18,18,18,0,0,0.0,0.0,0,54935625713408,7405888982766619682927,7405.88898276662,8.197421320616365e-22,6.070919224544893,0,6.070919224544893,1219.895819536588,1778716800
vAMM-WETH/BUIDL,4.1028273652936426e-05,0x6eB0f4B90EeB237f6ee6d5D8d69C15810b81fa05,0x136805463D527bA9c507fF7640e9cF84f0328278,0x4200000000000000000000000000000000000006,0xdADc4F8E9d8d37294de0E02A2Ce8Cc0c90A4F6c2,0x940181a94A35A4569E4529A3CDfB74e38FD98631,18,18,18,93805376262925078,77923075782246661040304,0.09380537626292508,77923.07578224665,77923169587622923965382,0,327525822580936522456,327.52582258093656,0.0,0,0,0,nan,0
vAMM-VIRTUAL/AERO,0.010686330309141255,0x8B49c7eC53Cb4CA3666bB16727FC5C5F6d12226f,0x57538a02972c01440113cC7A7Ff8F1d954d01239,0x0b3e328455c4059EEb9e3f84b5543F74E24e7E1b,0x940181a94A35A4569E4529A3CDfB74e38FD98631,0x940181a94A35A4569E4529A3CDfB74e38FD98631,18,18,18,0,0,0.0,0.0,0,632801899811353,85308223165333742491872,85308.22316533374,5.851666543528897e-21,499.1952753844803,0,499.1952753844803,170.89148750382168,1778716800
vAMM-tBTC/AERO,1.2491933052355762e-07,0x5E19947708Ed0686ecE3BE487126b2c1c5378641,0x80Cdc20a68ff14f5f3b642786977F09a0fb11b64,0x236aa50979D5f3De3Bd1Eeb40E81137F22ab794b,0x940181a94A35A4569E4529A3CDfB74e38FD98631,0x940181a94A35A4569E4529A3CDfB74e38FD98631,18,18,18,71681892303539,9258439247687861207,7.1681892303539e-05,9.25843924768786,9258510929580164746,0,997222228556034548,0.9972222285560346,0.0,0,0,0,nan,0
vAMM-PRE/USDC,0.0005122875295968057,0x8a24D81C24f125341b46a52de3e4CF0e0C7E7F72,0x6169fA980Ab79355F7da28B13d08de0182131b13,0x3816dD4bd44c8830c2FA020A5605bAC72FA3De7A,0x833589fCD6eDb6E08f4c7C32D4f71b54bdA02913,0x940181a94A35A4569E4529A3CDfB74e38FD98631,18,18,6,0,0,0.0,0.0,0,30335626225329,4089555313696240663221,4089.555313696241,4.908955574872199e-21,20.075445355917385,0,20.075445355917385,203.70931957884633,1778716800
vAMM-KWENTA/AERO,9.71163962525991e-07,0xBaDA36C1e87109546eCEFcD3bB16A58B2Da0B0eA,0xa7c66862208D8cD6bC993BbaAd64De42F8746247,0x37Ab9F42051C112CAAba55AB6487dd74286A0B29,0x940181a94A35A4569E4529A3CDfB74e38FD98631,0x940181a94A35A4569E4529A3CDfB74e38FD98631,18,18,18,41905886436304119,553455243678947970,0.04190588643630412,0.5534552436789479,595361130115252089,0,7752733599711711903,7.752733599711712,0.0,0,0,0,nan,0
vAMM-AERO/GHST,4.1061448059442665e-08,0x59Da7538Bbea7facC9185b412e0D43da67A84Ab7,0x785369676686874713ca132C2002E7736A36FE44,0x940181a94A35A4569E4529A3CDfB74e38FD98631,0xcD2F22236DD9Dfe2356D7C543161D4d260FD9BcB,0x940181a94A35A4569E4529A3CDfB74e38FD98631,18,18,18,21230388800570355,42354547186548241,0.021230388800570356,0.04235454718654824,63584935987118596,0,327790651534538225,0.32779065153453824,0.0,0,0,0,nan,0
vAMM-WETH/NORMILIO,6.959663012465367e-05,0x7D68c4E183e31971deb223e6F8A064751d0599d0,0xE531DEd40AeA2Fd2ba7476BB6cE30cF9e2cfd2D0,0x4200000000000000000000000000000000000006,0xcDE90558fc317C69580DeeAF3eFC509428Df9080,0x940181a94A35A4569E4529A3CDfB74e38FD98631,18,18,18,367654879263251409,776496232987642579276551,0.3676548792632514,776496.2329876426,776496600642521842527960,0,555585002753508385365,555.5850027535083,0.0,0,0,0,nan,0
vAMM-WETH/GHST,0.009796606589975963,0x0DFb9Cb66A18468850d6216fCc691aa20ad1e091,0xe3800a58B5535935850a10e082952Ec3577D8DCc,0x4200000000000000000000000000000000000006,0xcD2F22236DD9Dfe2356D7C543161D4d260FD9BcB,0x940181a94A35A4569E4529A3CDfB74e38FD98631,18,18,18,0,0,0.0,0.0,0,579993256881819,78205621299741331765853,78205.62129974134,7.242485104393862e-21,566.4030473432439,0,566.4030473432439,138.0741534964734,1778716800
vAMM-VIRTUAL/WAI,0.01059884666049278,0x37E769D2dcF3e3E8dFC37c0Df83EEB56edfC0fD2,0x57E0f09B66baD2f184d30B58973690C15d7f6243,0x0b3e328455c4059EEb9e3f84b5543F74E24e7E1b,0x23471E7250bCD7ee21Df3f39Ed6151931D1E076b,0x940181a94A35A4569E4529A3CDfB74e38FD98631,18,18,18,0,0,0.0,0.0,0,627489359280175,84609847351904345998728,84609.84735190435,7.818830579468748e-24,0.6615500617992527,0,0.6615500617992527,127896.36376389486,1778716800
vAMM-USDC/KLIMA,0.0025977745044413513,0x958682eC6282BC7E939FA8Ba9397805C214c3A09,0x950aD950D6f07491ef2c150545A6A2AB7AdC03f4,0x833589fCD6eDb6E08f4c7C32D4f71b54bdA02913,0xDCEFd8C8fCc492630B943ABcaB3429F12Ea9Fea2,0x940181a94A35A4569E4529A3CDfB74e38FD98631,18,6,9,50888,0,0.050888,0.0,50888,153797475476495,20737851137590898473852,20737.8511375909,1.5835109719926682e-20,328.3861481192583,0,328.3861481192583,63.15080966831659,1778716800
vAMM-GROW/VITA,1.650355222213712e-08,0xDaD0D8F40Bf19c295B982dB2d1Ee47eE12DA92f0,0x8AC0f40EF2c222044B857d52508E18f94cA90c45,0x321725ee44CB4bfA544CF45a5A585b925d30A58C,0x490a4B510d0Ea9f835D2dF29Eb73b4FcA5071937,0x940181a94A35A4569E4529A3CDfB74e38FD98631,18,18,18,1077332403508770255691,776300847972122362490,1077.3324035087703,776.3008479721224,1853633251480892618181,0,131746696504644157,0.13174669650464416,0.0,0,0,0,nan,0
vAMM-WETH/wrsETH,1.3900870063991478e-05,0xA24382874A6FD59de45BbccFa160488647514c28,0x2da7789a6371F550caF9054694F5A5A6682903f9,0x4200000000000000000000000000000000000006,0xEDfa23602D0EC14714057867A78d01e94176BEA0,0x940181a94A35A4569E4529A3CDfB74e38FD98631,18,18,18,83249964745065283,109528693463886676,0.08324996474506528,0.10952869346388668,192778658208951959,0,110969667912743631657,110.96966791274363,0.0,0,0,0,nan,0
vAMM-WETH/XCAD,1.1259033098233066e-05,0x63b9877618E27081181a59F9Ca52040Ada1332fc,0xC418D71a9c4756c54F414E128Ecc6A2448DEd100,0x4200000000000000000000000000000000000006,0x750cF88d9E0c2BCedEEC31d5FaAd6eD6E3F1abC6,0x940181a94A35A4569E4529A3CDfB74e38FD98631,18,18,18,0,0,0.0,0.0,0,666600207363,89880069245878416920,89.88006924587842,3.8098414398435246e-19,34.242881242895315,0,34.242881242895315,2.624781151104995,1778716800
vAMM-weETH.base/WETH,0.04488345223526745,0x91F0f34916Ca4E2cCe120116774b0e4fA0cdcaA8,0xf8d47b641eD9DF1c924C0F7A6deEEA2803b9CfeF,0x04C0599Ae5A44757c0af6F9eC3b93da8976c150A,0x4200000000000000000000000000000000000006,0x940181a94A35A4569E4529A3CDfB74e38FD98631,18,18,18,1528550414385162,1724217161213309,0.001528550414385162,0.001724217161213309,3252767575598471,2657364215409107,358301442024627296023738,358301.4420246273,1.573978061817305e-23,5.639586092642683,0,5.639586092642683,63533.28704247672,1778716800
vAMM-WETH/SAM,0.17532036221736313,0x598299Fb3f3829F7Ba08662948706cDFf7eC2350,0xf96Bc096dd1E52dcE4d595B6C4B8c5d2200db1E5,0x4200000000000000000000000000000000000006,0xed1779845520339693CDBffec49a74246E7D671b,0x940181a94A35A4569E4529A3CDfB74e38FD98631,18,18,18,0,14988825419459725941474,0.0,14988.825419459727,14988825419459725941474,10379996047249410,1399570119283336672174436,1399570.1192833367,1.9208415632308298e-22,268.83524557753634,0,268.83524557753634,5206.051447148058,1778716800
sAMM-rgUSD/eUSD,3.967229633681536e-10,0xd7AdbF474E991f4AEbF95C0b095001ce661aAD17,0x1Efd219BFfFf88F89791Bc850b7347F6da67D933,0x8E5E9DF4F0EA39aE5270e79bbABFCc34203A3470,0xCfA3Ef56d303AE4fAabA0592388F19d7C3399FB4,0x940181a94A35A4569E4529A3CDfB74e38FD98631,18,18,18,129413943488861441270,153089566297058270095,129.41394348886143,153.08956629705827,282503509785919711365,0,3167011510478252,0.003167011510478252,0.0,0,0,0,nan,0
sAMM-USDC/rgUSD,5.797092386844751e-10,0xF8CCE695B387424122d59ae2d01fA8CE359CfB00,0xc78a90ed0E25F3bf3f000c18947C683C2351777d,0x833589fCD6eDb6E08f4c7C32D4f71b54bdA02913,0x8E5E9DF4F0EA39aE5270e79bbABFCc34203A3470,0x940181a94A35A4569E4529A3CDfB74e38FD98631,18,6,18,936554,988179719489120624,0.936554,0.9881797194891206,988179719490057178,0,4627778074798720,0.00462777807479872,0.0,0,0,0,nan,0
vAMM-MAI/QI,1.0221391002494811e-07,0x1894416A511251CfDD350B80bE256F4D166dCa0e,0x893E887C3b56D5E54Dc1F0dEbA783E96197151aA,0xbf1aeA8670D2528E08334083616dD9C5F3B087aE,0xD3FDCb837DAfdb7C9C3eBD48FE22a53F6Dd3d7D7,0x940181a94A35A4569E4529A3CDfB74e38FD98631,18,18,18,62773872417388392037,541717285351682410565,62.77387241738839,541.7172853516824,604491157769070802602,0,815966453849050413,0.8159664538490504,0.0,0,0,0,nan,0
vAMM-WETH/MASA,1.0299083403727765e-06,0x33c3782446dF290bE025A24A0Ac94562E9A995D6,0x29Ff29c57474857a6F1fB6C5839CF82adA2BB6b5,0x4200000000000000000000000000000000000006,0x944824290CC12F31ae18Ef51216A223Ba4063092,0x940181a94A35A4569E4529A3CDfB74e38FD98631,18,18,18,6013289167404811,3776194649934723579718252,0.006013289167404811,3776194.6499347235,3776194655948012747123063,0,8221685835894741508,8.221685835894743,0.0,0,0,0,nan,0
vAMM-pwBLT/USDC,4.358354435031584e-06,0x9b0025d10E824E7E2b148953009A40B0C0792F30,0xF8Bbe737e94134cfc95e56b7539549C15EC450E1,0x3Dd79d6BD927615787Cc95F2c7A77C9aC1AF26F4,0x833589fCD6eDb6E08f4c7C32D4f71b54bdA02913,0x940181a94A35A4569E4529A3CDfB74e38FD98631,18,18,6,0,0,0.0,0.0,0,258042477787,34792436881653363960,34.792436881653366,0.0,0.0,0,0.0,nan,1778716800
vAMM-weETH/AERO,1.915668616948238e-05,0xc5aDfb267a95df1233a2b5F7f48041E7Fb384BcA,0x0A5f63A1aC754b4418cc5381eE17E04CCad42F56,0x04C0599Ae5A44757c0af6F9eC3b93da8976c150A,0x940181a94A35A4569E4529A3CDfB74e38FD98631,0x940181a94A35A4569E4529A3CDfB74e38FD98631,18,18,18,18874565332121886,68568145219797365224,0.018874565332121885,68.56814521979736,68587019785129487110,0,152926478180870493770,152.92647818087048,0.0,0,0,0,nan,0
vAMM-WETH/ATH,0.000598119112064332,0x7C36577aEC1d99d9b872b7075bD86C8F1334EcF2,0x39b68a3Fd59F88C31B2110A2550640b92cF42449,0x4200000000000000000000000000000000000006,0x58D75a1c4477914f9a98A8708fEaeD1DbE40b8a3,0x940181a94A35A4569E4529A3CDfB74e38FD98631,18,18,18,0,0,0.0,0.0,0,35412479638782,4774742799011944985259,4774.742799011945,1.2422716609139911e-21,5.931527667365687,0,5.931527667365687,804.9769075986635,1778716800
vAMM-USDC/XSWAP,0.0009042160943867717,0xCdB55B284257fd5f879598Ba9E4B852bb0C3EDF1,0xAd978Bdbcc8a44dea4d773A8Df9fF7f73dD288d8,0x833589fCD6eDb6E08f4c7C32D4f71b54bdA02913,0x8Fe815417913a93Ea99049FC0718ee1647A2a07c,0x940181a94A35A4569E4529A3CDfB74e38FD98631,18,6,18,44501858,6283706299038404962748,44.501858,6283.706299038405,6283706299038449464606,0,7218293477570026418373,7218.293477570026,0.0,0,0,0,nan,0
vAMM-WETH/stTAO,0.00722399217367895,0x3a1d086839AF6e86f48D96CA6648b48244f91A89,0x21F1f74E4fB3f026F072B65dF81aA0f19Ee6e7d5,0x4200000000000000000000000000000000000006,0x806041B6473DA60abbe1b256d9A2749A151be6C6,0x940181a94A35A4569E4529A3CDfB74e38FD98631,18,18,9,0,0,0.0,0.0,0,427707046167733,57668621376008255397321,57668.621376008254,2.6064888098178026e-23,1.5031261629418524,0,1.5031261629418524,38365.78911190113,1778716800
vAMM-HBR/USDC,8.750507321031268e-07,0x68cfB52C74827f91E1F664fFeD634F849AEce455,0xce0358DFf7Bcf904f21425f6fee7F8E6115372cd,0x416bd43Bc76D496ff49923c20eCaf86b52Ab078d,0x833589fCD6eDb6E08f4c7C32D4f71b54bdA02913,0x940181a94A35A4569E4529A3CDfB74e38FD98631,18,18,6,112767987699849790112874,25990179,112767.9876998498,25.990179,112767987699849816103053,0,6985468441995122030,6.985468441995121,0.0,0,0,0,nan,0
vAMM-wBLT/BMX,0.02596341739297705,0x61907C8C3E6ef7eD813aCc2fBbBf8C05ac0F31d5,0xeB86878fBF8329b1ED8C40d8f6736Ae7fc965Be8,0x4E74D4Db6c0726ccded4656d0BCE448876BB4C7A,0x548f93779fBC992010C07467cBaf329DD5F059B7,0x940181a94A35A4569E4529A3CDfB74e38FD98631,18,18,18,0,0,0.0,0.0,0,1537215739265597,207264134742320246376285,207264.13474232022,4.563222509384193e-21,945.792365044194,0,945.792365044194,219.14337903609047,1778716800
sAMM-zunUSD/USDC,5.670269816080986e-08,0xaeb41e05E27EDa32dB13c5875834a19a2c15F70E,0xCb803c34e058cd828EE8d3732b2fAEA5cb988397,0x6ef3864876424ADE834a7C1BE8C0CF3d71208B84,0x833589fCD6eDb6E08f4c7C32D4f71b54bdA02913,0x940181a94A35A4569E4529A3CDfB74e38FD98631,18,18,6,2138329362374681249,396082,2.138329362374681,0.396082,2138329362375077331,0,452653650864703704,0.45265365086470366,0.0,0,0,0,nan,0
vAMM-CRYO/WETH,0.002303418319022078,0x65Ee5A0ee82027D054EFeb31a1f7079C37c5DbD8,0x7ac1193Dd817aD9b0b1b57582a2542572c6baC21,0x1f4446fAAAed23090f324f051C3F8c5ce5aD1c36,0x4200000000000000000000000000000000000006,0x940181a94A35A4569E4529A3CDfB74e38FD98631,18,18,18,0,0,0.0,0.0,0,136378460528513,18388026414845489449880,18388.026414845488,1.4588689095414227e-21,26.825720044444516,0,26.825720044444516,685.4625480464433,1778716800
vAMM-WETH/TRUF,1.951712493871911e-06,0xcE2D4E04e3d782EcB8bf2e265f421bA510F4e8F7,0xE81B7a527AA65b714cD44c034dDA915097bb3CdB,0x4200000000000000000000000000000000000006,0xB59c8912c83157a955f9D715E556257F432C35D7,0x940181a94A35A4569E4529A3CDfB74e38FD98631,18,18,18,912458584903281138,48832725922090756833524,0.9124585849032811,48832.72592209076,48833638380675660114662,0,15580383552188237583,15.580383552188238,0.0,0,0,0,nan,0
vAMM-AERO/BENJI,0.0003457391739777879,0x0f3027d68FE4E2A56860D7B18b3D80CAe8d716D1,0x2e8300243d49d81684e154821f879A5045e2d132,0x940181a94A35A4569E4529A3CDfB74e38FD98631,0xBC45647eA894030a4E9801Ec03479739FA2485F0,0x940181a94A35A4569E4529A3CDfB74e38FD98631,18,18,18,0,0,0.0,0.0,0,20469571556869,2760011506051362499668,2760.011506051362,2.4171480802378192e-21,6.671356513286343,0,6.671356513286343,413.71068995558255,1778716800
vAMM-WETH/HLSp,4.862935494139805e-05,0x1536960c83d4f3a55430a9B3B6294843b831171A,0x10b70e962d032b74e2F40a11445F7f769aa4fc0e,0x4200000000000000000000000000000000000006,0xe54b0C7dad72fb102ADE2b1B9F4EEce69408Ab36,0x940181a94A35A4569E4529A3CDfB74e38FD98631,18,18,6,4842287116020885,13631194,0.004842287116020885,13.631194,4842287129652079,0,388204719835239577437,388.20471983523953,0.0,0,0,0,nan,0
sAMM-DOLA/rgUSD,2.44352090692984e-06,0xBA15D0494fE4f0cAECD7730F6D77BeB6DD0feca9,0x7139bFd55643Aa37C875c6D3f4d6663DbFd481f2,0x4621b7A9c75199271F773Ebd9A499dbd165c3191,0x8E5E9DF4F0EA39aE5270e79bbABFCc34203A3470,0x940181a94A35A4569E4529A3CDfB74e38FD98631,18,18,18,258660764154371674,665908436137116934,0.25866076415437167,0.6659084361371169,924569200291488608,0,19506455519086473360,19.506455519086472,0.0,0,0,0,nan,0
sAMM-USDz/USDC,0.0007318073001322945,0x6d0b9C9E92a3De30081563c3657B5258b3fFa38B,0xb7E4bBee04285F4B55d0A93b34E5dA95C3a7faf9,0x04D5ddf5f3a8939889F11E97f8c4BB48317F1938,0x833589fCD6eDb6E08f4c7C32D4f71b54bdA02913,0x940181a94A35A4569E4529A3CDfB74e38FD98631,18,18,6,0,0,0.0,0.0,0,43326828497773,5841966200530339216082,5841.966200530339,2.3426234921806105e-21,13.685527261887476,0,13.685527261887476,426.87183977189557,1778716800
vAMM-AERO/TRUF,1.298831177398559e-05,0x56ae4A50252C505C2663346660Edb711648221DC,0xbC22B1450A6Bb9a7CD86c22d835f18d77077562b,0x940181a94A35A4569E4529A3CDfB74e38FD98631,0xB59c8912c83157a955f9D715E556257F432C35D7,0x940181a94A35A4569E4529A3CDfB74e38FD98631,18,18,18,7885950310810927070,135737131842022812334,7.8859503108109275,135.73713184202282,143623082152833739404,0,103684779274348791348,103.68477927434878,0.0,0,0,0,nan,0
vAMM-WETH/RWAX,0.00010178538903885902,0xd448670823ff9667848C821BeE829c642F67E064,0x4a64623FC6b1B008aA9D655F748C01f8b5552A26,0x4200000000000000000000000000000000000006,0xe0023E73aab4fE9a22f059a9d27E857E027eE3dc,0x940181a94A35A4569E4529A3CDfB74e38FD98631,18,18,18,0,0,0.0,0.0,0,6026281751530,812545600959911659745,812.5456009599117,8.026270375046352e-21,6.521710685358775,0,6.521710685358775,124.59086889335258,1778716800
vAMM-SNX/sUSDCy,1.87019804187337e-06,0xFF808Ffcf1Fd541c8291c5D073da327b1B084248,0xDB6Fd3392E66f57C30704a6cdB1d338a708cc284,0x22e6966B799c4D5B13BE962E1D117b56327FDa66,0xC1E02884AF4A283cA25ab63C45360d220d69DA52,0x940181a94A35A4569E4529A3CDfB74e38FD98631,18,18,18,25910537680612561931,12390148585794139505,25.910537680612563,12.39014858579414,38300686266406701436,0,14929659415732995318,14.929659415732996,0.0,0,0,0,nan,0
vAMM-BCT/USDC,9.81577584799136e-05,0x77e09a5043820820390904357463BfB739a76104,0xb0FC063ff618F6110ADb3565c4F13B1A3B9527a8,0x576Bca23DcB6d94fF8E537D88b0d3E1bEaD444a2,0x833589fCD6eDb6E08f4c7C32D4f71b54bdA02913,0x940181a94A35A4569E4529A3CDfB74e38FD98631,18,18,6,951401176865412590385,161990260,951.4011768654126,161.99026,951401176865574580645,0,783586481380838210312,783.5864813808382,0.0,0,0,0,nan,0
vAMM-BCT/KLIMA,1.2664472078560484e-06,0x6e2f9520919bd95889b27E0B2f735ac7ED149837,0x174F6439F572b1Acca20219F5Ba4c129D86d8f5a,0x576Bca23DcB6d94fF8E537D88b0d3E1bEaD444a2,0xDCEFd8C8fCc492630B943ABcaB3429F12Ea9Fea2,0x940181a94A35A4569E4529A3CDfB74e38FD98631,18,18,9,3234861320827787663,2929967938,3.234861320827788,2.929967938,3234861323757755601,0,10109958976514124564,10.109958976514124,0.0,0,0,0,nan,0
sAMM-GROW/VITA,2.084739615565824e-11,0xD6871bc7f13a7b0f6E35f54349e1466Fd926ff7d,0xB6F959E169C544608b860a4fFe3C0982a46aD136,0x321725ee44CB4bfA544CF45a5A585b925d30A58C,0x490a4B510d0Ea9f835D2dF29Eb73b4FcA5071937,0x940181a94A35A4569E4529A3CDfB74e38FD98631,18,18,18,1392545918834282644,469560119818986084,1.3925459188342826,0.4695601198189861,1862106038653268728,0,166423297073430,0.00016642329707343,0.0,0,0,0,nan,0
vAMM-wXCH/WETH,7.457444303772013e-05,0x0522d1c88Ef60F22fA4D3EEC6F8C6F48631D7ec3,0x9a4e4020E9e20C0b12a93C196fdB60393e2C8e36,0x36be1d329444aeF5D28df3662Ec5B4F965Cd93E9,0x4200000000000000000000000000000000000006,0x940181a94A35A4569E4529A3CDfB74e38FD98631,18,18,18,1968095950466254821,5333026477856827,1.9680959504662547,0.005333026477856827,1973428976944111648,0,595322533091673497605,595.3225330916734,0.0,0,0,0,nan,0
vAMM-wXCH/USDC,0.0035170330699608597,0xd16Cc119b7c113660580291580cbEB588C9e2653,0x543a172C6805a7eC512188Fba90Fb9ac62ffa4D5,0x36be1d329444aeF5D28df3662Ec5B4F965Cd93E9,0x833589fCD6eDb6E08f4c7C32D4f71b54bdA02913,0x940181a94A35A4569E4529A3CDfB74e38FD98631,18,18,6,0,0,0.0,0.0,0,208228630937853,28076227604103525641402,28076.227604103526,0.0,0,0,0,nan,0
vAMM-WETH/SKR,1.166035373184677e-08,0xaa721DC836b5195F33F09b7713F73171A0030e36,0xf07FCB6f97622972f19ef0dE444268cE23a4a75B,0x4200000000000000000000000000000000000006,0xe2dCA969624795985F2f083BcD0b674337ba130a,0x940181a94A35A4569E4529A3CDfB74e38FD98631,18,18,18,33412598630421030,265096878003676016186185,0.03341259863042103,265096.878003676,265096911416274646607215,0,93083783634519857,0.09308378363451986,0.0,0,0,0,nan,0
vAMM-sfrxETH/sFRAX,1.190239947308267e-06,0xD73a3EF449043AAc66bFF3FEE37E83B4f8DAE998,0xb41f81b476bdB6E02FF7b6cDC2100077D595Fa40,0x1f55a02A049033E3419a8E2975cF3F572F4e6E9A,0xe4796cCB6bB5DE2290C417Ac337F2b66CA2E770E,0x940181a94A35A4569E4529A3CDfB74e38FD98631,18,18,18,0,0,0.0,0.0,0,70469143661,9501601776094470759,9.50160177609447,0.0,0.0,0,0.0,nan,1778716800
vAMM-USDC/CTX,2.113563404079505e-09,0xf629864E8B4914284f79641EF9Ce034C161F26AE,0xD1E5855ACcb803C0ec03Aa382a4f115aCd3903B6,0x833589fCD6eDb6E08f4c7C32D4f71b54bdA02913,0xBB22Ff867F8Ca3D5F2251B4084F6Ec86D4666E14,0x940181a94A35A4569E4529A3CDfB74e38FD98631,18,6,18,33236241,16148852223057723976,33.236241,16.148852223057723,16148852223090960217,0,16872427983539094,0.016872427983539093,0.0,0,0,0,nan,0
sAMM-WETH/msETH,0.5843780165361574,0xDE4FB30cCC2f1210FcE2c8aD66410C586C8D1f9A,0x62940D9643a130b80CA0f8bc7e94De5b7ec496C5,0x4200000000000000000000000000000000000006,0x7Ba6F01772924a82D9626c126347A28299E98c98,0x940181a94A35A4569E4529A3CDfB74e38FD98631,18,18,18,481670964711883,6516809971333,0.000481670964711883,6.516809971333e-06,488187774683216,34572376305870558,4665048599979846104292504,4665048.599979847,3.783844415440747e-23,176.51818092793417,0,176.51818092793417,26428.14794179424,1778716800
sAMM-msUSD/USDC,0.5856301533492625,0xcEFC8B799a8EE5D9b312aeca73262645D664AaF7,0xDBF852464fC906C744E52Dbd68C1b07dD33A922a,0x526728DBc96689597F85ae4cd716d4f7fCcBAE9d,0x833589fCD6eDb6E08f4c7C32D4f71b54bdA02913,0x940181a94A35A4569E4529A3CDfB74e38FD98631,18,18,6,22691883469263147,7195,0.02269188346926315,0.007195,22691883469270342,34661661675690203,4675044320081677515634955,4675044.320081677,1.215795363171122e-23,56.83897206974794,0,56.83897206974794,82250.6838150567,1778716800
vAMM-USDC/OX,0.00010912402660954655,0x33A20Ce534aE0F2fC00BC28e7133836B34415E7B,0x271cc28Fac66b40515a31D28FB95Eed8D17e2853,0x833589fCD6eDb6E08f4c7C32D4f71b54bdA02913,0xba0Dda8762C24dA9487f5FA026a9B64b695A07Ea,0x940181a94A35A4569E4529A3CDfB74e38FD98631,18,6,18,997405635,257755606887386915097582,997.405635,257755.6068873869,257755606887387912503217,0,871129428475909888438,871.1294284759099,0.0,0,0,0,nan,0
vAMM-AERO/APX,0.0003966757304955151,0x4634274a24443fAe01B1bAcd6212C65D1283B72c,0xb023a82C4AC8fcD103876fd07EAA1dF1df5782c2,0x940181a94A35A4569E4529A3CDfB74e38FD98631,0xcacf1ca03983CE6c7E235fb20C70aCC70ed13509,0x940181a94A35A4569E4529A3CDfB74e38FD98631,18,18,18,5880404864608336992,162963044289600047936646,5.880404864608337,162963.04428960005,162968924694464656273638,0,3166634453778410018900,3166.63445377841,0.0,0,0,0,nan,0
vAMM-USDC/CHEX,1.3010336706839862e-05,0x6466e1a3b42Ef91f8f7C135970db4495e89F9C0A,0x1249abBD38f8B98114E35babda2827862bd19CfF,0x833589fCD6eDb6E08f4c7C32D4f71b54bdA02913,0xc43F3Ae305a92043bd9b62eBd2FE14F7547ee485,0x940181a94A35A4569E4529A3CDfB74e38FD98631,18,6,18,1282120627,7982673223357524679166,1282.120627,7982.673223357525,7982673223358806799793,0,103860602764057555874,103.86060276405756,0.0,0,0,0,nan,0
vAMM-WETH/OGN,4.9470026893714414e-05,0x8eA4C49B712217fd6e29Db920E3dd48287a0d50D,0xA88BcfEcC886dEA1e8B3108179F0532d53c8c055,0x4200000000000000000000000000000000000006,0x7002458B1DF59EccB57387bC79fFc7C29E22e6f7,0x940181a94A35A4569E4529A3CDfB74e38FD98631,18,18,18,80706272880994530,5119827351147605666629,0.08070627288099454,5119.827351147605,5119908057420486661159,0,394915744896452000000,394.915744896452,0.0,0,0,0,nan,0
vAMM-WETH/SKOP,1.7518157476190718e-09,0x18c55864D9BC0D7C3F6Dc18e3A1d20E50f551891,0x3FC41388699Ab1876AA48577bBa493F71845Ae02,0x4200000000000000000000000000000000000006,0x6d3B8C76c5396642960243Febf736C6BE8b60562,0x940181a94A35A4569E4529A3CDfB74e38FD98631,18,18,18,5691597948782011,968101345619828938739,0.005691597948782011,968.101345619829,968107037217777720750,0,13984621887889498,0.013984621887889497,0.0,0,0,0,nan,0
vAMM-WETH/RFL,0.01030700290690918,0x37785d5bE19D0d9559D4634a5385c72c419b25Da,0x937c527EB4f27030f6667078C64982B3202257d5,0x4200000000000000000000000000000000000006,0x6e2c81b6c2C0e02360F00a0dA694e489acB0b05e,0x940181a94A35A4569E4529A3CDfB74e38FD98631,18,18,18,235056409983,102669791537473572412,2.35056409983e-07,102.66979153747357,102669791772529982395,610240039752973,82280079195774890333536,82280.0791957749,0.0,0,0,0,nan,0
vAMM-sfrxETH/wstETH,2.5674080022581035e-05,0x456c166e63634D75a4B49EDEC86cB51424D4C926,0xCe7Cb6260fCBf17485cd2439B89FdDf8B0Eb39cC,0x1f55a02A049033E3419a8E2975cF3F572F4e6E9A,0xc1CBa3fCea344f92D9239c08C0568f6F2F0ee452,0x940181a94A35A4569E4529A3CDfB74e38FD98631,18,18,18,0,0,0.0,0.0,0,1520068613068,204954374866874523168,204.95437486687453,0.0,0,0,0,nan,0
vAMM-USDC/APX,2.0505197634508124e-06,0x4C7d96aaf20081cF617EBf6da4814aE91e6D5D06,0x1C669D3d0B3C49Cda1f47C80896D30D7A79E4f83,0x833589fCD6eDb6E08f4c7C32D4f71b54bdA02913,0xcacf1ca03983CE6c7E235fb20C70aCC70ed13509,0x940181a94A35A4569E4529A3CDfB74e38FD98631,18,6,18,6496332,598157016197512940793823,6.496332,598157.016197513,598157016197512947290155,0,16369155034984708704,16.369155034984708,0.0,0,0,0,nan,0
sAMM-jEUR/EURA,5.996379640041312e-07,0xe7e01f38470136dE763d22e534e53C8BCdbA3f39,0xb5FFE35051b62DfE687aaB959625a29bEd54575a,0x4154550f4Db74Dc38d1FE98e1F3F28ed6daD627d,0xA61BeB4A3d02decb01039e378237032B351125B4,0x940181a94A35A4569E4529A3CDfB74e38FD98631,18,18,18,18155167945122699602,18350941480726496979,18.1551679451227,18.350941480726497,36506109425849196581,0,4786867687209032544,4.786867687209033,0.0,0,0,0,nan,0
vAMM-USDC/EMT,2.8545481483256656e-06,0x68426A1D8ab4AC250ae5E2DA0b9d684594c83BB0,0x8b02968e7FaF61d251b6B9c06c375E5f0c69b7CB,0x833589fCD6eDb6E08f4c7C32D4f71b54bdA02913,0xe2c86869216aC578bd62a4b8313770d9EE359A05,0x940181a94A35A4569E4529A3CDfB74e38FD98631,18,6,18,2091251561,452317570057071793471899,2091.251561,452317.5700570718,452317570057073884723460,0,22787657074875208353,22.78765707487521,0.0,0,0,0,nan,0
vAMM-USDz/WETH,3.450002518507478e-05,0x2ce63497999F520CC2afaaadbCFC37Afd9deF4b0,0xc15B32d92E265832c87EC4b36B7e598ae2daad42,0x04D5ddf5f3a8939889F11E97f8c4BB48317F1938,0x4200000000000000000000000000000000000006,0x940181a94A35A4569E4529A3CDfB74e38FD98631,18,18,18,0,0,0.0,0.0,0,2042641647994,275411274268809514424,275.4112742688095,2.8601124224576517e-21,0.7877072068211135,0,0.7877072068211135,349.63660594177446,1778716800
vAMM-FUSE/WETH,1.3739432740632294e-05,0xc238f8Eaa625BAC4014FfD0E702a4B9a9d12019e,0x51Df914e8ae011028041132b6c65792c94ab9c9c,0x01facC69EC7360640AA5898E852326752801674A,0x4200000000000000000000000000000000000006,0x940181a94A35A4569E4529A3CDfB74e38FD98631,18,18,18,12847238334576473447717,35341762021383528,12847.238334576474,0.035341762021383526,12847273676338494831245,0,109680925116111319581,109.68092511611133,0.0,0,0,0,nan,0
vAMM-ION/WETH,0.0012472993329908986,0x0FAc819628a7F612AbAc1CaD939768058cc0170c,0x9b42e5F8c45222b2715F804968251c747c588fd7,0x3eE5e23eEE121094f1cFc0Ccc79d6C809Ebd22e5,0x4200000000000000000000000000000000000006,0x940181a94A35A4569E4529A3CDfB74e38FD98631,18,18,18,0,134075873315,0.0,1.34075873315e-07,134075873315,73848803049187,9957102838355940929418,9957.10283835594,3.0262398832167874e-23,0.3013258173072383,0,0.3013258173072383,33044.30708041012,1778716800
vAMM-bsdETH/eUSD,8.436575884486777e-09,0xe593Cb44256A78E4C280CC491C201cF60e849135,0x66C48B791ffFc09f235814Ba783CbD6B8E5d72c9,0xCb327b99fF831bF8223cCEd12B1338FF3aA322Ff,0xCfA3Ef56d303AE4fAabA0592388F19d7C3399FB4,0x940181a94A35A4569E4529A3CDfB74e38FD98631,18,18,18,107208678949132,62994461643546822,0.000107208678949132,0.06299446164354683,63101670322495954,0,67348591844425798,0.0673485918444258,0.0,0,0,0,nan,0
sAMM-USDz/DOLA,3.409495640173685e-05,0xcEa8ef6ce6235F2C2CdD13C9E8a3ED470725a638,0x528aD6E380E7B3B9D7eE3a492a52c4D3AC8f5958,0x04D5ddf5f3a8939889F11E97f8c4BB48317F1938,0x4621b7A9c75199271F773Ebd9A499dbd165c3191,0x940181a94A35A4569E4529A3CDfB74e38FD98631,18,18,18,0,0,0.0,0.0,0,2018658756310,272177638664570007413,272.17763866457,0.0,0,0,0,nan,0
vAMM-ZUN/USDC,3.6023585883266952e-06,0x80326ED67271fB298D674c43AEF3BC437B801B0e,0xf1AE7589f6fA9345f39370Fa50CE0bFeABe2B9bf,0x1db0Fc8933f545648b54A9eE4326209a9A259643,0x833589fCD6eDb6E08f4c7C32D4f71b54bdA02913,0x940181a94A35A4569E4529A3CDfB74e38FD98631,18,18,6,24489902044231576661002,33396542,24489.902044231578,33.396542,24489902044231610057544,0,28757375215292741433,28.75737521529274,0.0,0,0,0,nan,0
vAMM-HBR/AERO,4.828695900660308e-05,0xCCa6105c83C59C600aab47589466BC36288D2377,0xdFE422acDA41b39683403068F2d3A4610ff87Bf9,0x416bd43Bc76D496ff49923c20eCaf86b52Ab078d,0x940181a94A35A4569E4529A3CDfB74e38FD98631,0x940181a94A35A4569E4529A3CDfB74e38FD98631,18,18,18,17980565174318259575,197160750116946735,17.980565174318258,0.19716075011694673,18177725924435206310,0,385471397172416174113,385.4713971724162,0.0,0,0,0,nan,0
vAMM-BTCB/WETH,2.496923772412423e-06,0xb22c77a609097187a7e084754E1a557B5116D3bE,0xDA14cBF0bD19fA531Fe0A6fFA8370795e7004999,0x0c41F1FC9022FEB69aF6dc666aBfE73C9FFDA7ce,0x4200000000000000000000000000000000000006,0x940181a94A35A4569E4529A3CDfB74e38FD98631,18,18,18,86925134011754905877,7203432968175412,86.9251340117549,0.007203432968175412,86932337444723081289,0,19932766837796084346,19.932766837796084,0.0,0,0,0,nan,0
vAMM-ZRO/AERO,5.339361404692306e-07,0x04c7d6172aEf0FF6fA09D21eb929a45a41C8c13e,0x6bA7c122CaEbA0cE6334e72326a5B4568571982b,0x6985884C4392D348587B19cb9eAAf157F13271cd,0x940181a94A35A4569E4529A3CDfB74e38FD98631,0x940181a94A35A4569E4529A3CDfB74e38FD98631,18,18,18,4396763918372334525,15973896306058048604,4.396763918372335,15.973896306058048,20370660224430383129,0,4262374651494972008,4.262374651494972,0.0,0,0,0,nan,0
vAMM-WETH/MIGGLES,1.245594454440256e-07,0x27e13dfA957231A606ab7F535b34275865a66f44,0x1752286215B2b34D645515a32a23d2BD48920c37,0x4200000000000000000000000000000000000006,0xB1a03EdA10342529bBF8EB700a06C60441fEf25d,0x940181a94A35A4569E4529A3CDfB74e38FD98631,18,18,18,4444058031064685,1590123165023351530536,0.004444058031064685,1590.1231650233515,1590127609081382595221,0,994349291280988092,0.994349291280988,0.0,0,0,0,nan,0
vAMM-AERO/L2VE,0.000464714238701151,0xFC13b664e814098F08F10bA0fb23b1Bb916F344e,0x9B49ca7C6C41f01971e2453078a357415Cb3Adda,0x940181a94A35A4569E4529A3CDfB74e38FD98631,0xA19328fb05ce6FD204D16c2a2A98F7CF434c12F4,0x940181a94A35A4569E4529A3CDfB74e38FD98631,18,18,18,32839890405884187887,923529091587627837751473,32.83989040588419,923529.0915876279,923561931478033721939360,0,3709781078853037928889,3709.781078853038,0.0,0,0,0,nan,0
vAMM-WETH/sUSDz,3.2950284908088762e-06,0x5346a22ee56d200971eC63F98c83e233bd07648d,0xA28731068548A4FC77A5942E23037697D80FDE9F,0x4200000000000000000000000000000000000006,0xe31eE12bDFDD0573D634124611e85338e2cBF0cF,0x940181a94A35A4569E4529A3CDfB74e38FD98631,18,18,18,60546730797566891,177430484861377099175,0.060546730797566894,177.4304848613771,177491031592174666066,0,26303980664869124722,26.303980664869126,0.0,0,0,0,nan,0
vAMM-WETH/MOXIE,0.0002611845478451064,0xc02Dc3a9b6eaD739C56CDEa716D8fEC4Ffe4C799,0xEa2c1c05C17Eed888D0027F17EE23637dfF66FEb,0x4200000000000000000000000000000000000006,0x8C9037D1Ef5c6D1f6816278C7AAF5491d24CD527,0x940181a94A35A4569E4529A3CDfB74e38FD98631,18,18,18,75475567500225963,5717716342010732897751506,0.07547556750022597,5717716.342010733,5717716417486300397977469,0,2085017873333696445333,2085.017873333696,0.0,0,0,0,nan,0
vAMM-YFI/wstETH,0.0678354492002919,0x1524a14C55f097bb54F0b24383f3ae3e3743804A,0x8b87e30B3ad8BD645c3f83aea6E1156525081084,0x9EaF8C1E34F05a589EDa6BAfdF391Cf6Ad3CB239,0xc1CBa3fCea344f92D9239c08C0568f6F2F0ee452,0x940181a94A35A4569E4529A3CDfB74e38FD98631,18,18,18,0,0,0.0,0.0,0,4016372133081322,541525619318442591842465,541525.6193184425,6.961835509224244e-22,377.0012285725784,0,377.0012285725784,1436.402797329852,1778716800
vAMM-WETH/TIMI,4.0311530891995805e-06,0xAcb7907c232907934B2578315dFcFa1bA60E87Af,0xe3f0820BAd87cF3bf736429a3C54a3aC78fEdFFf,0x4200000000000000000000000000000000000006,0x9bEec80e62aA257cED8b0edD8692f79EE8783777,0x940181a94A35A4569E4529A3CDfB74e38FD98631,18,18,18,2392167050556582,25696186066130803390279,0.002392167050556582,25696.186066130802,25696188458297853946861,0,32180411553711097197,32.180411553711096,0.0,0,0,0,nan,0
vAMM-EURC/USDC,6.24224706678475e-08,0xFDF5139b38525627B47538536042A7c8d2686BD9,0x1f077baf21b95314bD251b21aD1f0Cc8D5D86781,0x60a3E35Cc302bFA44Cb288Bc5a4F316Fdb1adb42,0x833589fCD6eDb6E08f4c7C32D4f71b54bdA02913,0x940181a94A35A4569E4529A3CDfB74e38FD98631,18,6,6,35391461,99883700,35.391461,99.8837,135275161,0,498314192450987272,0.49831419245098724,0.0,0,0,0,nan,0
vAMM-WETH/EURC,0.00032018272702942523,0x9DFf4b5AE4fD673213502Ab8fbf6d36015efb3E1,0x21D4eF9D2b66069f3307765A0349526f8E988294,0x4200000000000000000000000000000000000006,0x60a3E35Cc302bFA44Cb288Bc5a4F316Fdb1adb42,0x940181a94A35A4569E4529A3CDfB74e38FD98631,18,18,6,0,0,0.0,0.0,0,18957241346452,2555996187741486079228,2555.996187741486,2.1376549056981825e-21,5.463837789671441,0,5.463837789671441,467.80235543837165,1778716800
vAMM-OGN/OETHb,0.004235115259779306,0x6FB655476fDCFB9712dD200308D941A1c6D1119e,0x147587251C3A4f8C907eDbC0e5A5eA953bdA743d,0x7002458B1DF59EccB57387bC79fFc7C29E22e6f7,0xDBFeFD2e8460a6Ee4955A68582F85708BAEA60A3,0x940181a94A35A4569E4529A3CDfB74e38FD98631,18,18,18,0,0,0.0,0.0,0,250753095825522,33808627214443312081935,33808.62721444331,3.606590977635923e-21,121.93388987786757,0,121.93388987786757,277.27014407813107,1778716800
vAMM-TKN/USD+,3.170539632751897e-05,0x8f72e491E293ecB223E77123A046521d6d7cAd49,0x668584C6Db676352d50052bF303CC5041C70528f,0x78b3C724A2F663D11373C4a1978689271895256f,0xB79DD08EA68A908A97220C76d19A6aA9cBDE4376,0x940181a94A35A4569E4529A3CDfB74e38FD98631,18,18,6,0,0,0.0,0.0,0,1877216036834,253101948677337033652,253.10194867733702,1.4550587805110362e-20,3.6827821278741286,0,3.6827821278741286,68.72574588696592,1778716800
vAMM-MODE/WETH,0.00018517387175491862,0x9Bf387B4cdb6BCDB2107981E0e7C16d71576A970,0x224e14Bc695DCDD23602d571dF2203Cf2B515fcF,0x084382D1cc4f4DFD1769b1cC1Ac2A9b1f8365e90,0x4200000000000000000000000000000000000006,0x940181a94A35A4569E4529A3CDfB74e38FD98631,18,18,18,0,9277143764,0.0,9.277143764e-09,9277143764,10963811916892,1478229992810966116013,1478.2299928109662,0.0,0,0,0,nan,0
vAMM-COMP/sFRAX,2.7307219888435297e-08,0xe253155a71707AAE3b604f6E71Fa2B3F14927949,0xBFe0639305a781459dE0C343f32F82c0D6AB4597,0x9e1028F5F1D5eDE59748FFceE5532509976840E0,0xe4796cCB6bB5DE2290C417Ac337F2b66CA2E770E,0x940181a94A35A4569E4529A3CDfB74e38FD98631,18,18,18,32636657477451990,1524940250709523558,0.03263665747745199,1.5249402507095235,1557576908186975548,0,217991615538475485,0.21799161553847549,0.0,0,0,0,nan,0
sAMM-weETH/cbETH,1.0258376956016288e-05,0x24Be4F7A32E5d131B30370BC53E93661e09E7dAB,0x284F8F51e047beF175680AC4D69C5C196C62c84a,0x04C0599Ae5A44757c0af6F9eC3b93da8976c150A,0x2Ae3F1Ec7F1F5012CFEab0185bfc7aa3cf0DEc22,0x940181a94A35A4569E4529A3CDfB74e38FD98631,18,18,18,3639434720830089,3555384877752979,0.003639434720830089,0.003555384877752979,7194819598583068,0,81891901650219421465,81.89190165021942,0.0,0,0,0,nan,0
vAMM-MODE/ION,5.181289353546056e-08,0x9E9F21e7812Bb0B47561bf619b275D91D3411721,0x7939EF558975FE95149f1613d90aFE5D22d64714,0x084382D1cc4f4DFD1769b1cC1Ac2A9b1f8365e90,0x3eE5e23eEE121094f1cFc0Ccc79d6C809Ebd22e5,0x940181a94A35A4569E4529A3CDfB74e38FD98631,18,18,18,46146071,57981681,4.6146071e-11,5.7981681e-11,104127752,0,413618684496749408,0.41361868449674943,0.0,0,0,0,nan,0
vAMM-WIF/WETH,1.2607381001749016e-08,0x0aCBE7A8486e77a0476142b54024BF487e5630B7,0x09e834dfa12d94C6366FBCc95C3523CFA77179B2,0x1fba65dE0a9cBD2D1DF82d141897042d36Bb6c86,0x4200000000000000000000000000000000000006,0x940181a94A35A4569E4529A3CDfB74e38FD98631,18,18,18,663757795982080913,115221401846111,0.663757795982081,0.000115221401846111,663873017383927024,0,100643835714827466,0.10064383571482748,0.0,0,0,0,nan,0
vAMM-WETH/RECORD,0.0009065815650860964,0x0AA3E62f4d97C404012352E881a2D0f2712c24A2,0x8351616F224a035Aa5ee6b9f74A68659701af3e9,0x4200000000000000000000000000000000000006,0xE642657E4F43e6DcF0bd73Ef24008394574Dee28,0x940181a94A35A4569E4529A3CDfB74e38FD98631,18,18,18,0,0,0.0,0.0,0,53677537310617,7237176863771969772150,7237.176863771971,5.102948616384205e-21,36.930941663512954,0,36.930941663512954,195.96513215697826,1778716800
vAMM-EURC/APX,1.5516214126211946e-08,0x642849BC08552c0F38628d4DD2058756A7aC78F9,0xF4Be61A42fd3e1e211c88A8EEF180019A8C46486,0x60a3E35Cc302bFA44Cb288Bc5a4F316Fdb1adb42,0xcacf1ca03983CE6c7E235fb20C70aCC70ed13509,0x940181a94A35A4569E4529A3CDfB74e38FD98631,18,6,18,159728,27508241073122607752438,0.159728,27508.24107312261,27508241073122607912166,0,123864845935719615,0.12386484593571961,0.0,0,0,0,nan,0
vAMM-WETH/PEGG,5.0287097264937046e-05,0x887de0c0AA6C1d5e781B17867b29734f84Dc1372,0x43dA0491ddb804A0437D4a7dFAeE1fEE1B41a856,0x4200000000000000000000000000000000000006,0x82B0E1A2374EA0198f62A48B14FFaB53DB6C1E36,0x940181a94A35A4569E4529A3CDfB74e38FD98631,18,18,18,0,0,0.0,0.0,0,2977434842748,401438360195963890423,401.43836019596387,7.017042604055195e-20,28.16910076397134,0,28.16910076397134,14.251017934850408,1778716800
vAMM-PEGG/AERO,4.620035132246114e-06,0x3225b7a01F8f3e68D89292141E22F1C6829e08CD,0xC601B888DB7f9F1792c332C538736B8dd03c3279,0x82B0E1A2374EA0198f62A48B14FFaB53DB6C1E36,0x940181a94A35A4569E4529A3CDfB74e38FD98631,0x940181a94A35A4569E4529A3CDfB74e38FD98631,18,18,18,0,0,0.0,0.0,0,273546383179,36881415480503277702,36.88141548050328,1.2107849827792651e-19,4.465546400743609,0,4.465546400743609,8.259104747934483,1778716800
vAMM-APX/cbBTC,1.8551146225849422e-09,0xAA342cCCdc06A1adFF2b41ae046E214c9B197Bb5,0xD3756Dc2545ddBfa4798c9A75062e8491658b482,0xcacf1ca03983CE6c7E235fb20C70aCC70ed13509,0xcbB7C0000aB88B473b1f5aFd9ef808440eed33Bf,0x940181a94A35A4569E4529A3CDfB74e38FD98631,18,18,8,96630804081145515793397,1423,96630.80408114551,1.423e-05,96630804081145515794820,0,14809249540543866,0.014809249540543867,0.0,0,0,0,nan,0
vAMM-USDC/cbBTC,0.03851665798748896,0x9c38b55f9A9Aba91BbCEDEb12bf4428f47A6a0B8,0xEDC76895e053A9bbAC456B5a9c5B49144eee0080,0x833589fCD6eDb6E08f4c7C32D4f71b54bdA02913,0xcbB7C0000aB88B473b1f5aFd9ef808440eed33Bf,0x940181a94A35A4569E4529A3CDfB74e38FD98631,18,6,8,6212,0,0.006212,0.0,6212,2280524677848621,307475771394491508900080,307475.7713944915,9.148994365448064e-23,28.130941,0,28.130941,10930.163032743607,1778716800
vAMM-VIRTUAL/cbBTC,0.16244591417989507,0xb909F567c5c2Bb1A4271349708CC4637D7318b4A,0x8c44e7F913D0893Cd5A3CBBb2fCd59785a7801ab,0x0b3e328455c4059EEb9e3f84b5543F74E24e7E1b,0xcbB7C0000aB88B473b1f5aFd9ef808440eed33Bf,0x940181a94A35A4569E4529A3CDfB74e38FD98631,18,18,8,4749598724303144582,2959,4.749598724303144,2.959e-05,4749598724303147541,9739527773971292,1296794306208260721131630,1296794.3062082606,1.5556002515169856e-21,2017.293548903365,0,2017.293548903365,642.8386720976825,1778716800
vAMM-fBOMB/cbBTC,0.0012897814163062434,0x3d36Cf85a0c275cF4894315a6c1D6C558D6d984C,0xA95EbEfbCB77Ae1daf0d2123784594F8ccE90274,0x74ccbe53F77b08632ce0CB91D3A545bF6B8E0979,0xcbB7C0000aB88B473b1f5aFd9ef808440eed33Bf,0x940181a94A35A4569E4529A3CDfB74e38FD98631,18,18,8,0,0,0.0,0.0,0,76367069177578,10296234321208725933259,10296.234321208727,2.3368301983822812e-21,24.06055129142064,0,24.06055129142064,427.93010835458676,1778716800
vAMM-BRETT/cbBTC,3.3338389387075694e-07,0xeC394d416D2FD269a051627DBBF1934A37a5D04E,0xD0c22E9B6A86381368B0b33928f12aE31dc7020F,0x532f27101965dd16442E59d40670FaF5eBB142E4,0xcbB7C0000aB88B473b1f5aFd9ef808440eed33Bf,0x940181a94A35A4569E4529A3CDfB74e38FD98631,18,18,8,142222777902639034409,6288,142.22277790263902,6.288e-05,142222777902639040697,0,2661380174045913717,2.6613801740459135,0.0,0,0,0,nan,0
vAMM-WETH/cbBTC,0.04999931248979157,0x2578365B3dfA7FfE60108e181EFb79FeDdec2319,0xAFdEBa12B6a870d6639d043030b4b49F9C7c62BB,0x4200000000000000000000000000000000000006,0xcbB7C0000aB88B473b1f5aFd9ef808440eed33Bf,0x940181a94A35A4569E4529A3CDfB74e38FD98631,18,18,8,0,0,0.0,0.0,0,2960348995215641,399140994579191383693619,399140.9945791914,5.175356391675279e-22,206.56968974750458,0,206.56968974750458,1932.2340807456874,1778716800
vAMM-AERO/KLIMA,1.803864509033472e-08,0xf597b0EE3D51Dab24c213199E02E1b7ab9d7B5e7,0x9C25C4681666fC54c45199F8bc51C736f95F27F0,0x940181a94A35A4569E4529A3CDfB74e38FD98631,0xDCEFd8C8fCc492630B943ABcaB3429F12Ea9Fea2,0x940181a94A35A4569E4529A3CDfB74e38FD98631,18,18,9,62101075179931183481,293579194542,62.101075179931186,293.579194542,62101075473510378023,0,144001234890725212,0.14400123489072522,0.0,0,0,0,nan,0
vAMM-cbBTC/KLIMA,9.978780184347302e-05,0x6CD89bc86E4a418f7f11e453384904B4493C4077,0xC913c26A4e8a79604fcd3d5a44560F5bE38aE32c,0xcbB7C0000aB88B473b1f5aFd9ef808440eed33Bf,0xDCEFd8C8fCc492630B943ABcaB3429F12Ea9Fea2,0x940181a94A35A4569E4529A3CDfB74e38FD98631,18,8,9,0,0,0.0,0.0,0,5908367007087,796599002892431947616,796.5990028924319,1.4081122148674824e-21,1.1217007863240904,0,1.1217007863240904,710.1706735028288,1778716800
sAMM-tBTC/cbBTC,0.002927401921827263,0x488d6ea6064eEE9352fdCDB7BC50d98A7fF3AD4E,0x80AAd55965d1eA36bAf15Ae6Ed798145ec65916F,0x236aa50979D5f3De3Bd1Eeb40E81137F22ab794b,0xcbB7C0000aB88B473b1f5aFd9ef808440eed33Bf,0x940181a94A35A4569E4529A3CDfB74e38FD98631,18,18,8,0,0,0.0,0.0,0,173329706689564,23369243624094498478789,23369.2436240945,1.096278506697332e-22,2.561919950286846,0,2.561919950286846,9121.769640568962,1778716800
vAMM-DAI/OX,4.0719082262166395e-07,0xaCC2c24D1e380De50eD04bE8d68F4E985a28bf2F,0x2D8aC6651a090E085E3638c166851eF9E5688540,0x50c5725949A6F0c72E6C4a641F24049A917DB0Cb,0xba0Dda8762C24dA9487f5FA026a9B64b695A07Ea,0x940181a94A35A4569E4529A3CDfB74e38FD98631,18,18,18,8579014519074117852,2716067806166435453519,8.579014519074118,2716.0678061664353,2724646820685509571371,0,3250575694574067081,3.250575694574067,0.0,0,0,0,nan,0
vAMM-USDC/superOETHb,0.0003342863071445311,0x295e0F68384aC506b0C033592Eef9674da5e4f99,0x634639c606BE9877856Fd7A4eD215D7839133fc0,0x833589fCD6eDb6E08f4c7C32D4f71b54bdA02913,0xDBFeFD2e8460a6Ee4955A68582F85708BAEA60A3,0x940181a94A35A4569E4529A3CDfB74e38FD98631,18,6,18,0,0,0.0,0.0,0,19793123847925,2668584075733346183755,2668.5840757333463,1.7698316240033043e-21,4.722944488544505,0,4.722944488544505,565.0255009784664,1778716800
vAMM-WETH/MOR,0.008429311720241656,0x1eB79B7111fC98BBcbe79dd8043c2C98bc5698bd,0xABB4aC5F627eb41440950043012BECF7E749d342,0x4200000000000000000000000000000000000006,0x7431aDa8a591C955a994a21710752EF9b882b8e3,0x940181a94A35A4569E4529A3CDfB74e38FD98631,18,18,18,0,0,0.0,0.0,0,499100343824075,67290602532229218181075,67290.60253222923,1.016172661952095e-20,683.7887069953574,0,683.7887069953574,98.40847303242477,1778716800
sAMM-jEUR/EURC,0.008935186894668212,0xC75799e0646470128a42D07335aB3BFa9E8Ee7C2,0x533eb2cEf740654D09764334Bd86E62F0a253d1a,0x4154550f4Db74Dc38d1FE98e1F3F28ed6daD627d,0x60a3E35Cc302bFA44Cb288Bc5a4F316Fdb1adb42,0x940181a94A35A4569E4529A3CDfB74e38FD98631,18,18,6,0,519,0.0,0.000519,519,529053260724995,71328968465656073665015,71328.96846565607,0.0,0.0,0,0.0,nan,1778716800
vAMM-WETH/Silo,7.532255995375484e-05,0x57bd5C33c8002A634b389Ab4de5e09eC1C31Dce7,0x99c34f5E11d91BF19A40CE316C5fBEAb44259D23,0x4200000000000000000000000000000000000006,0xF734eFdE0C424BA2B547b186586dE417b0954802,0x940181a94A35A4569E4529A3CDfB74e38FD98631,18,18,18,81747089785059127,7827351609503633648630,0.08174708978505912,7827.351609503634,7827433356593418707757,0,601294697808709969488,601.29469780871,0.0,0,0,0,nan,0
vAMM-JARVIS/wstETH,9.32694762786125e-11,0xa5061aa5eB2e8abCE384B36a855549e8D9C8cEd5,0xc498a9a90516Ca3aD2d096BbAFaD169E7583Aa04,0x777b2839832982B35213063d850848369390EE16,0xc1CBa3fCea344f92D9239c08C0568f6F2F0ee452,0x940181a94A35A4569E4529A3CDfB74e38FD98631,18,18,18,50539034640576706,40440742626,0.050539034640576706,4.0440742626e-08,50539075081319332,0,744563668416971,0.000744563668416971,0.0,0,0,0,nan,0
vAMM-BAVA/USDC,1.0236614927155807e-06,0x2215Ae205C5F28af4103e77478D65AF1044559F6,0x73e01eC7c5b11dFDf9b140708AbB8e63f002F10f,0x3fbdE9864362CE4Abb244EbeF2EF0482ABA8eA39,0x833589fCD6eDb6E08f4c7C32D4f71b54bdA02913,0x940181a94A35A4569E4529A3CDfB74e38FD98631,18,18,6,105324786728414375509487,6358694,105324.78672841437,6.358694,105324786728414381868181,0,8171817690460003505,8.171817690460003,0.0,0,0,0,nan,0
vAMM-WETH/Neiro,2.140867632706899e-05,0xd661D3D5ad3D3DEB7E781f5C6823da8d3a3B0CE8,0xF8a98eaA0c0033DE1Fb0D9580e16A2b7343F439e,0x4200000000000000000000000000000000000006,0x5Ca35eBC4f25B042d2cAE75914c7e882E631fA9A,0x940181a94A35A4569E4529A3CDfB74e38FD98631,18,18,9,0,0,0.0,0.0,0,1267458878808,170903957200510852858,170.90395720051083,0.0,0,0,0,nan,0
vAMM-USDC/TIMI,2.4658977610143374e-05,0x029A7f478D7e2539615c69472E2027E1f37034C4,0xA2B3DddCBa94c47A0A257C41ab6Ed75BaE68a634,0x833589fCD6eDb6E08f4c7C32D4f71b54bdA02913,0x9bEec80e62aA257cED8b0edD8692f79EE8783777,0x940181a94A35A4569E4529A3CDfB74e38FD98631,18,6,18,4241758,5263747000157229497060,4.241758,5263.747000157229,5263747000157233738818,0,196850883712214580785,196.85088371221457,0.0,0,0,0,nan,0
vAMM-USDC/CARV,5.59046222978525e-05,0xbe54ED1762172820d088aa676a8E2947AeEB10b0,0xCe3Dff721ef6E293664da2Bb4Dcbca563aa43055,0x833589fCD6eDb6E08f4c7C32D4f71b54bdA02913,0xc08Cd26474722cE93F4D0c34D16201461c10AA8C,0x940181a94A35A4569E4529A3CDfB74e38FD98631,18,6,18,6490453,28766995740202544419,6.490453,28.766995740202546,28766995740209034872,0,446282667388571175326,446.28266738857116,0.0,0,0,0,nan,0
vAMM-WETH/TALENT,4.7716145861008076e-08,0x53C1d63A83506623B866e880546FF87885b2120E,0x2b3197894d2D8D0355e344bda8Ece023a82C6251,0x4200000000000000000000000000000000000006,0x9a33406165f562E16C3abD82fd1185482E01b49a,0x940181a94A35A4569E4529A3CDfB74e38FD98631,18,18,18,3054710386352055,147929332746174933805,0.003054710386352055,147.92933274617494,147932387456561285860,0,380914635982986203,0.3809146359829862,0.0,0,0,0,nan,0
vAMM-WETH/VRTX,3.7098090946573893e-06,0xe20eEb487186EC2e9272B9D2B5732d31e115d3e3,0x30cf555B45c81CEc2e5770CCE484De79f37e6eA6,0x4200000000000000000000000000000000000006,0xFB0c734Fc3008683c5efF45bcf8128836C4D97D0,0x940181a94A35A4569E4529A3CDfB74e38FD98631,18,18,18,3399761462674075,21996042441949441628945,0.003399761462674075,21996.04244194944,21996045841710904303020,0,29615145049100502613,29.6151450491005,0.0,0,0,0,nan,0
vAMM-WETH/SYRUP,0.0009400945484887807,0xFC42A013ebD8B160C35c6A0FE876DE4e42da262a,0x9b872778b8010F6Ebf9f230f13A7e97da09a762F,0x4200000000000000000000000000000000000006,0x688AEe022AA544f150678B8E5720b6b96a9E9a2F,0x940181a94A35A4569E4529A3CDfB74e38FD98631,18,18,18,0,0,0.0,0.0,0,55665378182502,7504708652921958380932,7504.708652921959,1.1855552480966274e-21,8.897246728907799,0,8.897246728907799,843.4866292443725,1778716800
vAMM-WETH/AIXBT,0.00010581000019170562,0xF3E7E359b75a7223BA9D71065C57DDd4F5D8747e,0x97de0E89a077be1B2479164a876A82589eD2D3a2,0x4200000000000000000000000000000000000006,0x4F9Fd6Be4a90f2620860d680c0d4d5Fb53d1A825,0x940181a94A35A4569E4529A3CDfB74e38FD98631,18,18,18,0,0,0.0,0.0,0,6265277982549,844673788695886688272,844.6737886958867,1.6995066810232557e-21,1.4355287471738851,0,1.4355287471738851,588.4060422745207,1778716800
sAMM-USDC/TOSHI,2.4514739961185468e-06,0xD15810D4298a9b53421988Aa14637838ed4049b0,0xB213c098473D52E27c9f0BCf1c6C42c6e8D6C1FE,0x833589fCD6eDb6E08f4c7C32D4f71b54bdA02913,0xAC1Bd2486aAf3B5C0fc3Fd868558b082a531B2B4,0x940181a94A35A4569E4529A3CDfB74e38FD98631,18,6,18,0,0,0.0,0.0,0,145152434959,19569944470647668507,19.56994447064767,5.948909922269078e-22,0.01164198368396908,0,0.01164198368396908,1680.9802351462947,1778716800
vAMM-fBOMB/USDC,0.3234803210625198,0xFf8e0bD2d8F02904e7e18Dd00ea50aeC68f37A10,0x0254263E74061b410Cbc33bf11fCe4A961ea8fE1,0x74ccbe53F77b08632ce0CB91D3A545bF6B8E0979,0x833589fCD6eDb6E08f4c7C32D4f71b54bdA02913,0x940181a94A35A4569E4529A3CDfB74e38FD98631,18,18,6,29137835874706532033,9962,29.137835874706532,0.009962,29137835874706541995,19154257646946828,2582320648949957679478048,2582320.648949958,2.8740441371037947e-22,742.1703521236693,0,742.1703521236693,3479.417685657781,1778716800
vAMM-USDC/RECORD,1.7634938405176898e-06,0x2508ec71d3E0f227D2AA3F190f055E288770Bb20,0xC27d16C68AD5C22Ff15d20117DA3a40b6A7e89cf,0x833589fCD6eDb6E08f4c7C32D4f71b54bdA02913,0xE642657E4F43e6DcF0bd73Ef24008394574Dee28,0x940181a94A35A4569E4529A3CDfB74e38FD98631,18,6,18,212073,223666285807100580908,0.212073,223.6662858071006,223666285807100792981,0,14077847282044555790,14.077847282044555,0.0,0,0,0,nan,0
vAMM-WETH/VIS,1.705555567412469e-05,0xDbdfAc0F9268EF02c34Ed58c9Fab3517a98444dc,0x018b51fe7a1B422447f069c360f5759f64E72dB6,0x4200000000000000000000000000000000000006,0xFc60AA1fFCA50Ce08b3cDeC9626c0Bb9E9b09BeC,0x940181a94A35A4569E4529A3CDfB74e38FD98631,18,18,18,247803026002970984,16358419781088722843834,0.247803026002971,16358.419781088724,16358667584114725814818,0,136153301233108184956,136.15330123310818,0.0,0,0,0,nan,0
vAMM-HENLO/WETH,2.573839585546092e-07,0x9342001C286d21C7507694Cd52A9AA73C3d5ce56,0xeD34DbC85cb8D0dE1dFc53309B7837D8bda43Cba,0x23A96680Ccde03Bd4Bdd9a3e9a0Cb56A5D27F7c9,0x4200000000000000000000000000000000000006,0x940181a94A35A4569E4529A3CDfB74e38FD98631,18,18,18,291816581045182721878231419661462,40291393396935349670,291816581045182.75,40.29139339693535,291816581045223013271628355011132,0,2054678036366822742,2.0546780363668224,0.0,0,0,0,nan,0
vAMM-WETH/CHAMP,0.002274821876210261,0x26029Ed89A19B919b5698F10cf776a4f4AEA1529,0xf2c38dE50A250C0060fB45eBE4504B67f6F1be3C,0x4200000000000000000000000000000000000006,0xEb6d78148F001F3aA2f588997c5E102E489Ad341,0x940181a94A35A4569E4529A3CDfB74e38FD98631,18,18,18,0,0,0.0,0.0,0,134699348629811,18159743023395533864896,18159.743023395535,2.4346568692883934e-21,44.21274309642192,0,44.21274309642192,410.73549731559586,1778716800
vAMM-USDC/MCADE,0.00039803867485170525,0x1c3FCeA97a3161434901097878faF90227cD3394,0x918A82Cc55E919087944849812C44D07a7f2d5aD,0x833589fCD6eDb6E08f4c7C32D4f71b54bdA02913,0xc48823EC67720a04A9DFD8c7d109b2C3D6622094,0x940181a94A35A4569E4529A3CDfB74e38FD98631,18,6,18,13358148,5029326405449401951179,13.358148,5029.326405449402,5029326405449415309327,0,3177514742702320751075,3177.5147427023207,0.0,0,0,0,nan,0
vAMM-WETH/DOGE,7.234264454854295e-05,0x43Cdb48293FbDF1FA1dc56965AC97e0df211D7e8,0xE737086945b0288D09Dd18dCeE8C82971A0a0e04,0x4200000000000000000000000000000000000006,0x67f0870BB897F5E1c369976b4A2962d527B9562c,0x940181a94A35A4569E4529A3CDfB74e38FD98631,18,18,18,255996161434729,374500838159963656168,0.000255996161434729,374.5008381599637,374501094156125090897,0,577506242740633257730,577.5062427406333,0.0,0,0,0,nan,0
vAMM-wXCH/cbBTC,3.629311119640006e-08,0x3C5512cE278640F9Dea87a9217d49dEcc79951D6,0x116b2bC100CBA7A4BF7b4A2b061a6651D9Cc71bf,0x36be1d329444aeF5D28df3662Ec5B4F965Cd93E9,0xcbB7C0000aB88B473b1f5aFd9ef808440eed33Bf,0x940181a94A35A4569E4529A3CDfB74e38FD98631,18,18,8,10222460101624655,68,0.010222460101624656,6.8e-07,10222460101624723,0,289725353768853210,0.28972535376885317,0.0,0,0,0,nan,0
vAMM-fBOMB/uSOL,1.6545257871792215e-07,0xCDD9bc6a949d18868254372f505E2829B6A0dCa0,0xe849F5aFF4654012F025F93bD6A8357d3c549e65,0x74ccbe53F77b08632ce0CB91D3A545bF6B8E0979,0x9B8Df6E244526ab5F6e6400d331DB28C8fdDdb55,0x940181a94A35A4569E4529A3CDfB74e38FD98631,18,18,18,811031713656778902,94000358971674,0.811031713656779,9.4000358971674e-05,811125714015750576,0,1320796297722026642,1.3207962977220267,0.0,0,0,0,nan,0
vAMM-WETH/COOKIE,2.157428463388973e-05,0xeD445A77E75F18B04818d940d0E490C15C6072B7,0x6cf5A745dd93e1Bf18f5893409b1B1DaCBe7cc11,0x4200000000000000000000000000000000000006,0xC0041EF357B183448B235a8Ea73Ce4E4eC8c265F,0x940181a94A35A4569E4529A3CDfB74e38FD98631,18,18,18,0,0,0.0,0.0,0,1277496179614,172225996664723527322,172.22599666472354,2.82796740706674e-21,0.4870495052174232,0,0.4870495052174232,353.61086464473533,1778716800
vAMM-INTX/USDC,1.0293166558997295e-05,0xA3fCbeF28465ddBAE92F5Bf6EF2D22a6C23ea160,0x5A303807a8EC667Be61f500bF09A8ACCF1B58303,0x7D27187eb33a7B1d99258FF222633670F84fa342,0x833589fCD6eDb6E08f4c7C32D4f71b54bdA02913,0x940181a94A35A4569E4529A3CDfB74e38FD98631,18,18,6,1774631771558623953456,100727345,1774.631771558624,100.727345,1774631771558724680801,0,82169624603663825649,82.16962460366382,0.0,0,0,0,nan,0
vAMM-AIXBT/AERO,2.7831433729130696e-06,0xEdBB53445B0Ff73852AB86C3605b3426CF9123c7,0xE741938F18152c16573465457636b5BA7078366C,0x4F9Fd6Be4a90f2620860d680c0d4d5Fb53d1A825,0x940181a94A35A4569E4529A3CDfB74e38FD98631,0x940181a94A35A4569E4529A3CDfB74e38FD98631,18,18,18,1711447083483048823254,201779773315976301288,1711.4470834830488,201.7797733159763,1913226856799025124542,0,22217637775475716303,22.217637775475716,0.0,0,0,0,nan,0
vAMM-USDC/MET,0.23500645168552128,0xdA9b1279A069A7166560f3D7f20B5b0237af8459,0x0472A241929cC4E34951bD761dFAc665c4692171,0x833589fCD6eDb6E08f4c7C32D4f71b54bdA02913,0x93dc5Cb35627A759848c7A7F0079EA7b49E435a5,0x940181a94A35A4569E4529A3CDfB74e38FD98631,18,6,18,94520,1665457346785753,0.09452,0.001665457346785753,1665457346880273,13915664555555452,1876039973098371398206676,1876039.9730983714,2.9675196296770537e-23,55.67185446228229,0,55.67185446228229,33698.17641640426,1778716800
vAMM-USDC/AUKI,0.007926520955093044,0x437846Bee5e09A17d4fd944e97fD29a54c30Ed7f,0x71dC14Ae59089140c2DD12cE22d1d0517226885D,0x833589fCD6eDb6E08f4c7C32D4f71b54bdA02913,0xF9569cFb8FD265e91aa478d86ae8c78b8AF55Df4,0x940181a94A35A4569E4529A3CDfB74e38FD98631,18,6,18,0,0,0.0,0.0,0,469276616949486,63276859221106216470976,63276.85922110621,5.8030417447892424e-21,367.19825553923147,0,367.19825553923147,172.3234200232896,1778716800
vAMM-cbBTC/CHAMP,0.0003312987561442099,0x32450CEBe156B2Ca77Dd517e0182409d89b723Ff,0xCFede447ca3b4885720B5a327e3BFb02078f06e8,0xcbB7C0000aB88B473b1f5aFd9ef808440eed33Bf,0xEb6d78148F001F3aA2f588997c5E102E489Ad341,0x940181a94A35A4569E4529A3CDfB74e38FD98631,18,8,18,486,398352234842163722036,4.86e-06,398.35223484216374,398352234842163722522,19617687005649,2644734666246611142378,2644.734666246611,5.1129409473308734e-21,13.522372169877748,0,13.522372169877748,195.58215326582905,1778716800
vAMM-SKI/AERO,2.707189158481573e-07,0x9EFC401fc56c277aF2024659862A7a05892B5980,0x4A6dA782B6ca505fb82FD57784f39734D073D0D6,0x768BE13e1680b5ebE0024C42c896E3dB59ec0149,0x940181a94A35A4569E4529A3CDfB74e38FD98631,0x940181a94A35A4569E4529A3CDfB74e38FD98631,18,9,18,117,29531823889886401,1.17e-07,0.0295318238898864,29531823889886518,0,2161130062440271853,2.161130062440272,0.0,0,0,0,nan,0
vAMM-AERO/MORPHO,0.0025207992588653677,0xd433B339c5C801228E1343C678Dc26213A7B8Aac,0x3B1A591878D6B27dE5116741BCbd5f48B547D204,0x940181a94A35A4569E4529A3CDfB74e38FD98631,0xBAa5CC21fd487B8Fcc2F632f3F4E8D37262a0842,0x940181a94A35A4569E4529A3CDfB74e38FD98631,18,18,18,0,0,0.0,0.0,0,149267843441492,20123363166712325766330,20123.363166712326,1.9367932990011486e-21,38.974794934654966,0,38.974794934654966,516.3173584479688,1778716800
vAMM-OX/cbBTC,7.320014737450999e-05,0xdC4260f59CBc870c6BE271100430C23FD632D33E,0x5AFCf03d8D37bcB6f3152C250F168bd70Fcb8119,0xba0Dda8762C24dA9487f5FA026a9B64b695A07Ea,0xcbB7C0000aB88B473b1f5aFd9ef808440eed33Bf,0x940181a94A35A4569E4529A3CDfB74e38FD98631,18,18,8,0,0,0.0,0.0,0,4334509421868,584351627482290169418,584.3516274822902,6.5092369490917125e-22,0.38036832048695995,0,0.38036832048695995,1536.2783807394478,1778716800
vAMM-AERO/AUKI,0.00022626223695767806,0x16f7e8199B46Ff86D33be983Ee6c642d9c14A5ae,0x7a1b8b9a035b9B578714987D4887177daB22c709,0x940181a94A35A4569E4529A3CDfB74e38FD98631,0xF9569cFb8FD265e91aa478d86ae8c78b8AF55Df4,0x940181a94A35A4569E4529A3CDfB74e38FD98631,18,18,18,0,0,0.0,0.0,0,13398067237348,1806235522007209823721,1806.23552200721,1.0629364308204569e-20,19.199135389834684,0,19.199135389834684,94.07900331613645,1778716800
sAMM-USR/USDC,8.50135273445946e-05,0xd3eE0a3B349237D68517DF30bFB66Be971f46Ad9,0xBbebd633E692C892EAa6DDfbbD1517bEb3F0358A,0x35E5dB674D8e93a03d814FA0ADa70731efe8a4b9,0x833589fCD6eDb6E08f4c7C32D4f71b54bdA02913,0x940181a94A35A4569E4529A3CDfB74e38FD98631,18,18,6,0,0,0.0,0.0,0,5034056812847,678657008812567031938,678.657008812567,1.1867458362237728e-20,8.053933794323942,0,8.053933794323942,84.26404116841071,1778716800
vAMM-MET/cbBTC,0.028550064100714728,0x5aAc53d1b18F1eAf908C223a94916B339B74309F,0x72Ee712cA4Ea8E2D3d91E0846d04EDf31485c435,0x93dc5Cb35627A759848c7A7F0079EA7b49E435a5,0xcbB7C0000aB88B473b1f5aFd9ef808440eed33Bf,0x940181a94A35A4569E4529A3CDfB74e38FD98631,18,18,8,0,0,0.0,0.0,0,1690600503295186,227913153461571645621788,227913.15346157164,8.045966539378837e-23,18.337816066361192,0,18.337816066361192,12428.58760480505,1778716800
vAMM-VIRTUAL/AIXBT,0.0005245546337938732,0xeb3458046d3aA2fdbBbF4FEe58C755744ec42ce2,0xBE208720227e7b8832BC3DE3B75E02C187783BD8,0x0b3e328455c4059EEb9e3f84b5543F74E24e7E1b,0x4F9Fd6Be4a90f2620860d680c0d4d5Fb53d1A825,0x940181a94A35A4569E4529A3CDfB74e38FD98631,18,18,18,0,0,0.0,0.0,0,31061658032337,4187482743614877664403,4187.482743614877,9.656794577060921e-22,4.043766065007634,0,4.043766065007634,1035.5403048289274,1778716800
vAMM-WETH/HEU,0.003954600525344331,0xF930E1342fC23c5c7BceaE58cBbc776Eeb4cFb87,0xa936fcE0237cA8F36d66BC2605B0f28584f8036b,0x4200000000000000000000000000000000000006,0xEF22cb48B8483dF6152e1423b19dF5553BbD818b,0x940181a94A35A4569E4529A3CDfB74e38FD98631,18,18,18,0,0,0.0,0.0,0,234172841605323,31569297821277085619018,31569.297821277087,2.8657084333993913e-21,90.46840300293078,0,90.46840300293078,348.95385320612303,1778716800
vAMM-WETH/ANZ,0.01674679841555944,0xE4faa73134C66832c272f067adC401f0963A9D7a,0xED2fE03dE7F663CC1265bCfF93af9f15Ff60AcC1,0x4200000000000000000000000000000000000006,0xeeC468333ccc16D4BF1cEf497A56cf8C0aAe4Ca3,0x940181a94A35A4569E4529A3CDfB74e38FD98631,18,18,18,0,0,0.0,0.0,0,991679385785462,133688513756431588180938,133688.51375643158,2.2022576724383205e-22,29.441655513697743,0,29.441655513697743,4540.794714965432,1778716800
vAMM-BTCB/MIGGLES,5.670269816080986e-08,0x45b09f8238B10555b0D4A46692e75afbD77faC25,0x432Dcaa35D9cD4d2b421e3815a372Dc135Be1845,0x0c41F1FC9022FEB69aF6dc666aBfE73C9FFDA7ce,0xB1a03EdA10342529bBF8EB700a06C60441fEf25d,0x940181a94A35A4569E4529A3CDfB74e38FD98631,18,18,18,1604026898471997906,8401470243220538976,1.6040268984719979,8.401470243220539,10005497141692536882,0,452653650864703704,0.45265365086470366,0.0,0,0,0,nan,0
vAMM-WETH/CXT,0.0007578009778435459,0x923BeBD9FbCAf0F85251a3d5A11BF5BFAa19942F,0x8D4b9bB3d47f27634511fb62e93CEB03e569bC26,0x4200000000000000000000000000000000000006,0xB1E1f3Cc2B6fE4420C1Ac82022b457018Eb628ff,0x940181a94A35A4569E4529A3CDfB74e38FD98631,18,18,18,0,0,0.0,0.0,0,44873986633605,6049471901264887945555,6049.471901264888,1.6973165597434993e-21,10.267868835719886,0,10.267868835719886,589.1652881482057,1778716800
vAMM-WETH/MCADE,0.00041795557796996927,0x2b4A56fC7F4b78b7E27801Df979d350AFDFA26b5,0x3cC1Cf416751439bd4c8232E0B2023BF6CC2c94e,0x4200000000000000000000000000000000000006,0xc48823EC67720a04A9DFD8c7d109b2C3D6622094,0x940181a94A35A4569E4529A3CDfB74e38FD98631,18,18,18,315267466579168861,313145389478326932585568,0.3152674665791689,313145.38947832695,313145704745793511754429,0,3336509979310511983626,3336.5099793105123,0.0,0,0,0,nan,0
vAMM-WETH/AIXCB,0.00020780579008924265,0x19C3c7EEfb070EE00ddE367A9768De1DF52cbE5d,0x8D02e0814526448e6be0Faca8e00925691Cda345,0x4200000000000000000000000000000000000006,0x76C71F1703Fbf19FFdcF3051E1e684Cb9934510f,0x940181a94A35A4569E4529A3CDfB74e38FD98631,18,18,18,0,0,0.0,0.0,0,12305439712398,1658899004910712071517,1658.8990049107122,1.0396627538264788e-20,17.246955077654764,0,17.246955077654764,96.18503657262896,1778716800
vAMM-WETH/SAINT,0.0011054360796896234,0x971342176D5580cCf41d028D8bdf9DA71946fFDb,0x8890a5c5698e2ec7Fd9B496b7c661B14c8D68AeD,0x4200000000000000000000000000000000000006,0x7588880d9c78E81FAde7b7e8DC0781E95995a792,0x940181a94A35A4569E4529A3CDfB74e38FD98631,18,18,18,19139500572698421,46459172167118966808740,0.01913950057269842,46459.172167118966,46459191306619539507161,0,8824618466126390386301,8824.61846612639,0.0,0,0,0,nan,0
vAMM-WETH/SYMM,0.02629378005426219,0x3eB2a8015dE1419a5089dAb37b0056F0fc24f821,0x925bC135a96716D48aD5FE9AB553076146147785,0x4200000000000000000000000000000000000006,0x800822d361335b4d5F352Dac293cA4128b5B605f,0x940181a94A35A4569E4529A3CDfB74e38FD98631,18,18,18,0,0,0.0,0.0,0,1557014003940149,209901396629153236502421,209901.39662915323,1.7110432236429297e-21,359.1503623354995,0,359.1503623354995,584.4387717283557,1778716800
vAMM-cbETH/SPECTRA,0.014893831602737882,0xEf70044C0249a07234E07D673606e09b364dC977,0xeF495e3a8345e2E2683745Fa472640C8D360b55b,0x2Ae3F1Ec7F1F5012CFEab0185bfc7aa3cf0DEc22,0x64FCC3A02eeEba05Ef701b7eed066c6ebD5d4E51,0x940181a94A35A4569E4529A3CDfB74e38FD98631,18,18,18,0,0,0.0,0.0,0,881954970665218,118896410030148616207439,118896.41003014862,1.241089337714628e-21,147.56106678096398,0,147.56106678096398,805.743768487629,1778716800
vAMM-cbBTC/DEUS,0.03703322053972377,0x982534133b2B71Ab012404256Be316344Bb9f261,0x0Cf6C003718eBEe0F5C7a6C1445Cc73FE3e8fbEc,0xcbB7C0000aB88B473b1f5aFd9ef808440eed33Bf,0xDE5ed76E7c05eC5e4572CfC88d1ACEA165109E44,0x940181a94A35A4569E4529A3CDfB74e38FD98631,18,8,18,0,0,0.0,0.0,0,2193047564651735,295633594596202459457202,295633.5945962025,9.60139538621596e-24,2.838495031166418,0,2.838495031166418,104151.52795765799,1778716800
vAMM-USR/USDC,4.093453483708847e-08,0x8E5a94965005FF2eB41B69B9ADf41273f38d872a,0x2d1102727dFB75aDa41272761C132c47fAECfEdC,0x35E5dB674D8e93a03d814FA0ADa70731efe8a4b9,0x833589fCD6eDb6E08f4c7C32D4f71b54bdA02913,0x940181a94A35A4569E4529A3CDfB74e38FD98631,18,18,6,247132105071184448788,74203080,247.13210507118444,74.20308,247132105071258651868,0,326777512207751551,0.32677751220775153,0.0,0,0,0,nan,0
vAMM-WETH/ODOS,4.839741807463362e-06,0xd085Ef129A79d1fDE3912cD288A0F9558b33A282,0x5e6334757f1ae0054EFd7E6f33f56F5a54799597,0x4200000000000000000000000000000000000006,0xca73ed1815e5915489570014e024b7EbE65dE679,0x940181a94A35A4569E4529A3CDfB74e38FD98631,18,18,18,22164566123634868,15405736819847429976857,0.022164566123634866,15405.73681984743,15405758984413553611725,0,38635318414264708257,38.6353184142647,0.0,0,0,0,nan,0
vAMM-eBTC/cbBTC,2.9619987880227674e-08,0x14048DFa85509B75d3951F318152Ec363999eAC0,0xC8360CBb1b81eDB6dC8107FDF37BDAe0759F3dAc,0x657e8C867D8B37dCC18fA4Caead9C45EB088C642,0xcbB7C0000aB88B473b1f5aFd9ef808440eed33Bf,0x940181a94A35A4569E4529A3CDfB74e38FD98631,18,8,8,94972,94428,0.00094972,0.00094428,189400,0,236454279733376232,0.2364542797333762,0.0,0,0,0,nan,0
vAMM-AERO/FAI,2.9619987880227674e-08,0xfF231D3b278D3C56c5B12e6B79BE9B3D88c0F53b,0x3592697e4C319B3640A0D3b3380A78843557fBd0,0x940181a94A35A4569E4529A3CDfB74e38FD98631,0xb33Ff54b9F7242EF1593d2C9Bcd8f9df46c77935,0x940181a94A35A4569E4529A3CDfB74e38FD98631,18,18,18,214858612259260033,6873675142022129135,0.21485861225926003,6.873675142022129,7088533754281389168,0,236454279733376232,0.2364542797333762,0.0,0,0,0,nan,0
vAMM-Anon/USDC,0.002295222337868819,0x3667af77FF1481aca513d2C97A32C0ac31ba813D,0x0c41ADAA6489213FE6ab44A4794a8212e84a6eF4,0x79bbF4508B1391af3A0F4B30bb5FC4aa9ab0E07C,0x833589fCD6eDb6E08f4c7C32D4f71b54bdA02913,0x940181a94A35A4569E4529A3CDfB74e38FD98631,18,18,6,0,0,0.0,0.0,0,135919363345626,18322598473816654757537,18322.598473816655,2.7117930506300483e-21,49.68709521078073,0,49.68709521078073,368.75970301924906,1778716800
vAMM-ATH/AERO,5.670269816080986e-08,0xBc91c004F5373e3D048d22579209e865007AC4B5,0x93795d7b30d50179bC409a21C5F2184638697eC3,0x58D75a1c4477914f9a98A8708fEaeD1DbE40b8a3,0x940181a94A35A4569E4529A3CDfB74e38FD98631,0x940181a94A35A4569E4529A3CDfB74e38FD98631,18,18,18,39279,21968,3.9279e-14,2.1968e-14,61247,0,452653650864703704,0.45265365086470366,0.0,0,0,0,nan,0
vAMM-WETH/VEIL,0.6845370564313474,0xf207d02BECD4417aAA3383804b6B87b17602c86D,0xd2eBB7D16503BF671142e031A2FDC0cE9ce9253f,0x4200000000000000000000000000000000000006,0x767A739D1A152639e9Ea1D8c1BD55FDC5B217D7f,0x940181a94A35A4569E4529A3CDfB74e38FD98631,18,18,18,2768382503633253,119344013345456791394,0.002768382503633253,119.34401334545679,119346781727960424647,40537224749927977,5464611170125692620093804,5464611.170125693,2.1875568579442644e-21,11954.147641207292,0,11954.147641207292,457.1309753017073,1778716800
vAMM-1000X/WETH,0.0005391298036505532,0x23dA62CE083687cD72EBCBA36eEc6752fa51B715,0x7d1a8AA63DBA54E39b141098f16Dd9EccB5aDE62,0x352b850b733ab8baB50aED1Dab5D22E3186ce984,0x4200000000000000000000000000000000000006,0x940181a94A35A4569E4529A3CDfB74e38FD98631,18,18,18,0,0,0.0,0.0,0,31924555395279,4303835299341393109941,4303.835299341393,6.485164815855085e-21,27.911081256523943,0,27.911081256523943,154.19808569169686,1778716800
vAMM-WETH/DRV,0.0021506904918683774,0xaC4e562d7C6108f971321F14238E24AE2cC398ac,0x9788Bd681f47986d1008939A79f630ecA207351A,0x4200000000000000000000000000000000000006,0x9d0E8f5b25384C7310CB8C6aE32C8fbeb645d083,0x940181a94A35A4569E4529A3CDfB74e38FD98631,18,18,18,0,0,0.0,0.0,0,127360561444119,17168810913782483614322,17168.810913782483,2.249179185032292e-21,38.615732139034805,0,38.615732139034805,444.60663990434483,1778716800
vAMM-BNKR/wBLT,0.0015163783245392608,0x17c9A4b6CAD28F5074C81B056C32bAD334329f25,0x378d2D0f69C0c838DF8019f62De8a891655381B9,0x22aF33FE49fD1Fa80c7149773dDe5890D3c76F3b,0x4E74D4Db6c0726ccded4656d0BCE448876BB4C7A,0x940181a94A35A4569E4529A3CDfB74e38FD98631,18,18,18,0,0,0.0,0.0,0,89798632794588,12105141500465688686901,12105.14150046569,1.6265104530287602e-21,19.689139185899695,0,19.689139185899695,614.8131406950865,1778716800
vAMM-WETH/BID,0.011059002877330157,0x74F22A01Da78294f8dF640C98A414FE209e33f60,0x1AEeafdeAB8D8F99853CD5B7a8844cC4ffe0fC70,0x4200000000000000000000000000000000000006,0xa1832f7F4e534aE557f9B5AB76dE54B1873e498B,0x940181a94A35A4569E4529A3CDfB74e38FD98631,18,18,18,0,0,0.0,0.0,0,654905454871783,88283242062836983627663,88283.24206283697,1.6076064271583565e-20,1419.247073505937,0,1419.247073505937,62.204279797986615,1778716800
sAMM-Bold/USDC,2.4303990295535668e-06,0xeb754F9750e1d2CD87835592d37eE9f15c217b50,0xc6081F7DA8762D5f76E1897Bf6dcC773aa62Ae7c,0x087C440F251Ff6Cfe62B86DdE1bE558B95b4bb9b,0x833589fCD6eDb6E08f4c7C32D4f71b54bdA02913,0x940181a94A35A4569E4529A3CDfB74e38FD98631,18,18,6,452497072825626435,402376,0.45249707282562646,0.402376,452497072826028811,0,19401704495004265347,19.401704495004267,0.0,0,0,0,nan,0
vAMM-USDC/USDT,4.069508597359394e-05,0x5E7801e9B3aFf7C785E4E74Ff2076d4967d0cB6B,0x6f62Ebea59dA60C8e10B4Dcda88571de7C124Fb1,0x833589fCD6eDb6E08f4c7C32D4f71b54bdA02913,0xfde4C96c8593536E31F229EA8f37b2ADa2699bb2,0x940181a94A35A4569E4529A3CDfB74e38FD98631,18,6,6,0,0,0.0,0.0,0,2409782228466,324866008773667771930,324.8660087736678,0.0,0,0,0,nan,1778716800
vAMM-WETH/VVV,1.5586502789741965,0x01784ef301D79e4B2DF3a21ad9a536d4cF09A5Ce,0x37a70295FCefebBB0a29735A53E2e6786A02F930,0x4200000000000000000000000000000000000006,0xacfE6019Ed1A7Dc6f7B508C02d1b04ec88cC21bf,0x940181a94A35A4569E4529A3CDfB74e38FD98631,18,18,18,845563310805536561,165614200864399155868,0.8455633108055366,165.61420086439915,166459764175204692429,92228293131887781,12442595539246948683097023,12442595.539246948,1.555712396353302e-21,19357.100123216776,0,19357.100123216776,642.7923325314302,1778716800
vAMM-Bold/POOL,3.127172201082471e-06,0x72cCcbd837E15500169323d3cC3FCC266db03700,0x191863cC6560E877B09dD3d7847DFD4CB84d6575,0x087C440F251Ff6Cfe62B86DdE1bE558B95b4bb9b,0xd652C5425aea2Afd5fb142e120FeCf79e18fafc3,0x940181a94A35A4569E4529A3CDfB74e38FD98631,18,18,18,9344721424304171273,43654367903453963388,9.344721424304172,43.65436790345397,52999089327758134661,0,24963995711247023403,24.963995711247023,0.0,0,0,0,nan,0
vAMM-USDC/SQD,0.024466921938793646,0xa6C7Fbd1b4c71673DFDaDfaa9D17F14833D3245E,0x1EfB3Df7B4cc8C41dA408be577732cb1E8Af1546,0x833589fCD6eDb6E08f4c7C32D4f71b54bdA02913,0xd4554BEa546EFa83C1E6B389ecac40EA999B3E78,0x940181a94A35A4569E4529A3CDfB74e38FD98631,18,6,18,0,0,0.0,0.0,0,1573140746066262,195317716797314345170903,195317.71679731435,2.3938018194697802e-21,467.55190584409434,0,467.55190584409434,417.7455259105355,1778716800
vAMM-WETH/RIZ,6.646454731146029e-05,0x04B27c418aaAD06539210ae9A0298076904Cd70B,0x055Ea0Fde71dDe3A4bb80856f5768016E99DCB3c,0x4200000000000000000000000000000000000006,0x67543CF0304C19CA62AC95ba82FD4F4B40788dc1,0x940181a94A35A4569E4529A3CDfB74e38FD98631,18,18,8,8950326475171880,1248608175900,0.00895032647517188,12486.081759,8951575083347780,0,530581805971199915743,530.5818059711999,0.0,0,0,0,nan,0
vAMM-WETH/KTA,0.0015428569800260954,0xd9eDC75a3a797Ec92Ca370F19051BAbebfb2edEe,0x0e62c181134Ca74837694a7D6d7501C3D4fe6363,0x4200000000000000000000000000000000000006,0xc0634090F2Fe6c6d75e61Be2b949464aBB498973,0x940181a94A35A4569E4529A3CDfB74e38FD98631,18,18,18,24347276330782305,288969782943749656812,0.024347276330782305,288.96978294374964,288994130220080439117,91342980475443,12316518744668652083478,12316.518744668652,1.4838482384451116e-20,182.75844643052778,0,182.75844643052778,67.3923366346329,1778716800
vAMM-DRB/WETH,0.00034283686486350574,0xDb6556a14976894a01085c2AbF3c85C86D1C15C8,0x0d3205883Db8C717E79C131046e21aB3C1A3eBAD,0x3ec2156D4c0A9CBdAB4a016633b7BcF6a8d68Ea2,0x4200000000000000000000000000000000000006,0x940181a94A35A4569E4529A3CDfB74e38FD98631,18,18,18,0,0,0.0,0.0,0,20298680486821,2736842576544834866987,2736.842576544835,1.2242719772409936e-21,3.3506396725838803,0,3.3506396725838803,816.8119654699518,1778716800
sAMM-oUSDT/USDC,0.00024290079587779194,0xc84f7c63742EA1894EE04e5F49fbaE8C3a4a734d,0xe68921DD3923E90e7970c109B0d6f3c4a8B28Ca7,0x1217BfE6c773EEC6cc4A38b5Dc45B92292B6E189,0x833589fCD6eDb6E08f4c7C32D4f71b54bdA02913,0x940181a94A35A4569E4529A3CDfB74e38FD98631,18,6,6,0,0,0.0,0.0,0,14380663586940,1939059967485228614391,1939.0599674852285,1.745860898465543e-21,3.3853289770123274,0,3.3853289770123274,572.7833190369928,1778716800
vAMM-USDC/AITECH,0.014670315645455997,0x95b9662f58d638b65Ac957ACb1365697c34c832b,0x018F92c3FeF19f88a03D4d9E700Afe9FAd496D60,0x833589fCD6eDb6E08f4c7C32D4f71b54bdA02913,0xD71552d9e08E5351AdB52163B3bbbC4d7DE53Ce1,0x940181a94A35A4569E4529A3CDfB74e38FD98631,18,6,18,0,0,0.0,0.0,0,871282912287468,117112097865615829060837,117112.09786561583,1.5217727264881217e-21,178.21799647370193,0,178.21799647370193,657.1283494531767,1778716800
vAMM-BNKR/USDC,1.1414474484669236e-05,0xbd583f38ea4A388E938E7cC5Aa993CCCb91A704e,0xa8d13F77c9598cF68237d6e547ef84242592252B,0x22aF33FE49fD1Fa80c7149773dDe5890D3c76F3b,0x833589fCD6eDb6E08f4c7C32D4f71b54bdA02913,0x940181a94A35A4569E4529A3CDfB74e38FD98631,18,18,6,164257249752813306368394,83509779,164257.2497528133,83.509779,164257249752813389878173,0,91120946899817542198,91.12094689981754,0.0,0,0,0,nan,0
vAMM-VIRTUAL/cbETH,1.1856030756316297e-10,0x1e9282580BC3713a9B258c17BE4cA3F320AB70af,0x004c4149aFDA0aCaC8781b13f84E62f373b61B24,0x0b3e328455c4059EEb9e3f84b5543F74E24e7E1b,0x2Ae3F1Ec7F1F5012CFEab0185bfc7aa3cf0DEc22,0x940181a94A35A4569E4529A3CDfB74e38FD98631,18,18,18,2870085939125,1259293836,2.870085939125e-06,1.259293836e-09,2871345232961,0,946458595566440,0.00094645859556644,0.0,0,0,0,nan,0
vAMM-STPT/USDC,7.267333184477955e-05,0x3B85f7EaBBD2548CC5AfFb7BdF4bd2ca063404ad,0x12Cfd0322fF97062A06d36E70e24F1691a7b6517,0x4489d0a0345eCB216A3994De780d453c7fA6312C,0x833589fCD6eDb6E08f4c7C32D4f71b54bdA02913,0x940181a94A35A4569E4529A3CDfB74e38FD98631,18,18,6,50426152715321353881357,2957153923,50426.152715321354,2957.153923,50426152715324311035280,0,580146096165448435702,580.1460961654484,0.0,0,0,0,nan,0
vAMM-WETH/OVER,0.04512574540546372,0xB452f81D9322936C2c8Ac6445f6892cB957aFB4c,0x07005714c9b5DEac0449B1f4054d8000b210C97C,0x4200000000000000000000000000000000000006,0x7750C092e284e2c7366f50C8306F43c7EB2e82a2,0x940181a94A35A4569E4529A3CDfB74e38FD98631,18,18,18,1156895721559,0,1.156895721559e-06,0.0,1156895721559,2671649509554468,360235651359038261639615,360235.6513590383,4.664024272250015e-22,168.0147821668349,0,168.0147821668349,2144.071174650171,1778716800
sAMM-msUSD/USDT,1.0802018066622796e-06,0x5bD7A6393Bc746E9a9a8481A1e4b1dc5792bb242,0x4804726Db38Cd188Ee52B7E3e6aBdB6124552A9f,0x526728DBc96689597F85ae4cd716d4f7fCcBAE9d,0xfde4C96c8593536E31F229EA8f37b2ADa2699bb2,0x940181a94A35A4569E4529A3CDfB74e38FD98631,18,18,6,942304159241219,443,0.000942304159241219,0.000443,942304159241662,0,8623175039565808349,8.623175039565808,0.0,0,0,0,nan,0
vAMM-WETH/ZENT,7.974595453853355e-05,0x82bdbC291762b478dE875E44fFF7b9717651bfe5,0xc771e723363c5434E4f69694F3404008F675410C,0x4200000000000000000000000000000000000006,0xdf49c226ED9CF05Be0e38cdb86Df4E8A945158B1,0x940181a94A35A4569E4529A3CDfB74e38FD98631,18,18,18,0,0,0.0,0.0,0,4721323457761,636606345630772611298,636.6063456307726,6.799768082792329e-23,0.04328775510323189,0,0.04328775510323189,14706.383921102048,1778716800
vAMM-cbBTC/EDGE,0.023803232773373144,0x594b83709464A83F37aC77E69DDD447a8A33c0EE,0x6e64524E3620C0Cd6af727B3D9Bd998396441aD0,0xcbB7C0000aB88B473b1f5aFd9ef808440eed33Bf,0xED6E000dEF95780fb89734c07EE2ce9F6dcAf110,0x940181a94A35A4569E4529A3CDfB74e38FD98631,18,8,18,47873,41142343804761892442,0.00047873,41.14234380476189,41142343804761940315,1279534472117874,190019532874656236055998,190019.53287465623,4.656810436564832e-21,884.8849438418733,0,884.8849438418733,214.73925417880344,1778716800
vAMM-ZORA/WETH,2.2410292559517394e-08,0x84e6bEA6Efe00399B6697fE9BE3D303FCf3F4f8e,0x9e2f066e89B669e1b5cdb7b9e6e4b2B14ec02255,0x1111111111166b7FE7bd91427724B487980aFc69,0x4200000000000000000000000000000000000006,0x940181a94A35A4569E4529A3CDfB74e38FD98631,18,18,18,1541481747466311800819,15752118858354689,1541.4817474663118,0.01575211885835469,1541497499585170155508,0,178899789128954746,0.17889978912895474,0.0,0,0,0,nan,0
vAMM-WETH/KING,8.413604657748717e-05,0xdc5f7C7916C7792603FDc17F05f7929b423015ac,0x58dA2a684342294d3E4991924Ce59a80538f8432,0x4200000000000000000000000000000000000006,0xE22C243c7559C667a1EB94B593369D192c5fbac0,0x940181a94A35A4569E4529A3CDfB74e38FD98631,18,18,18,0,0,0.0,0.0,0,4981242396014,671652141572064863391,671.6521415720648,1.3780730848727448e-20,9.25585738697601,0,9.25585738697601,72.56509186465556,1778716800
vAMM-AERO/CHAMP,0.0005920048360020992,0x48a346A833775ed92bF52Dd598246e5a71f3d4A5,0x987fe7bBbfa94404d8F38D3B6F52e8c912d4F36A,0x940181a94A35A4569E4529A3CDfB74e38FD98631,0xEb6d78148F001F3aA2f588997c5E102E489Ad341,0x940181a94A35A4569E4529A3CDfB74e38FD98631,18,18,18,0,0,0.0,0.0,0,35049780150747,4725932963294510473462,4725.932963294511,1.716749961632944e-21,8.113245233415718,0,8.113245233415718,582.4960083580352,1778716800
vAMM-AWE/USDC,0.0015784205146799595,0xcb7f520d18141E36956fE0b3A6Bc3D4F11245521,0xC7a0De60A7572e86d973B39b1deE9BE8829c8d91,0x1B4617734C43F6159F3a70b7E06d883647512778,0x833589fCD6eDb6E08f4c7C32D4f71b54bdA02913,0x940181a94A35A4569E4529A3CDfB74e38FD98631,18,18,6,0,0,0.0,0.0,0,93450743407045,12600419940217952245539,12600.419940217953,2.069790014056689e-22,2.60802233651839,0,2.60802233651839,4831.4079844266325,1778716800
sAMM-BOLD/USDC,0.00014411397393527089,0x2De3fE21d32319a1550264dA37846737885Ad7A1,0x7fDCBc8C442C667D41a1041bdc6e588393cEb6fe,0x03569CC076654F82679C4BA2124D64774781B01D,0x833589fCD6eDb6E08f4c7C32D4f71b54bdA02913,0x940181a94A35A4569E4529A3CDfB74e38FD98631,18,18,6,5986910170138894,5987,0.005986910170138894,0.005987,5986910170144881,57808966452,1150451716731664843702,1150.4517167316649,1.451673449219271e-20,16.700802117880876,0,16.700802117880876,68.8860156902238,1778716800
sAMM-BOLD/LUSD,1.7372764000334013e-06,0xEf3EFc734a3FE0bF20762992ec839939bA3Af050,0x152cB3894E3f2160De21708439e35EFfCB408143,0x03569CC076654F82679C4BA2124D64774781B01D,0x368181499736d0c0CC614DBB145E2EC1AC86b8c6,0x940181a94A35A4569E4529A3CDfB74e38FD98631,18,18,18,0,0,0.0,0.0,0,102856748846,13868555298832659015,13.868555298832659,1.082324963066019e-18,15.0102836015881,0,15.0102836015881,0.9239369266391046,1778716800
vAMM-wstETH/cbBTC,4.455548036230566e-11,0xc0734F84e402D69A445D93C60aD2C72258F159b6,0x2256edefD747c76973da71475311DdAec4265CB6,0xc1CBa3fCea344f92D9239c08C0568f6F2F0ee452,0xcbB7C0000aB88B473b1f5aFd9ef808440eed33Bf,0x940181a94A35A4569E4529A3CDfB74e38FD98631,18,18,8,2189721446420,31,2.18972144642e-06,3.1e-07,2189721446451,0,355683265632808,0.000355683265632808,0.0,0,0,0,nan,0
vAMM-RIPE/WETH,0.0003360989922359092,0x765824aD2eD0ECB70ECc25B0Cf285832b335d6A9,0x49AAAFd906FB80959721c71a297B071Fc0693A95,0x2A0a59d6B975828e781EcaC125dBA40d7ee5dDC0,0x4200000000000000000000000000000000000006,0x940181a94A35A4569E4529A3CDfB74e38FD98631,18,18,18,1510975876773293101873,4888491267966889309,1510.975876773293,4.88849126796689,1515864368041259991182,0,2683054613310823054426,2683.054613310823,0.0,0,0,0,nan,0
vAMM-CREATOR/WETH,0.0010238253682302997,0x640A1f93fE0f9868b6C6d83794EC4BA988Db3B12,0xcf3E3389C09B6C368c815f2887839af099FEf4fC,0x0FD122a924c4528A78a8141bdDd38A0e5bA35FA5,0x4200000000000000000000000000000000000006,0x940181a94A35A4569E4529A3CDfB74e38FD98631,18,18,18,456057812355349691589138,651187235747612351,456057.8123553497,0.6511872357476124,456058463542585439201489,0,8173125897166755055589,8173.125897166755,0.0,0,0,0,nan,0
vAMM-EIGEN/KING,2.2751646618527405e-06,0x6F01b54c399b27AA0D9D84931b1e730eE55D1080,0xA0e41131422843F4519B8C31D176C9cf902a543C,0x2081Ab0D9EC9e4303234Ab26D86b20B3367946ee,0xE22C243c7559C667a1EB94B593369D192c5fbac0,0x940181a94A35A4569E4529A3CDfB74e38FD98631,18,18,18,0,0,0.0,0.0,0,134722859432,18162479457067391366,18.16247945706739,2.6502616727695413e-20,0.48135323187529855,0,0.48135323187529855,37.73212321917606,1778716800
vAMM-FLOCK/AERO,0.001659819399909981,0xdAA601bc9E5B00337f11fB17CD574D3f01633Fe6,0x85b1A485194F0e3F9281dDf0ea212933Bc42dea7,0x5aB3D4c385B400F3aBB49e80DE2fAF6a88A7B691,0x940181a94A35A4569E4529A3CDfB74e38FD98631,0x940181a94A35A4569E4529A3CDfB74e38FD98631,18,18,18,0,0,0.0,0.0,0,98287631857898,13250221515289243556961,13250.221515289244,1.994406195179762e-20,264.2632387759704,0,264.2632387759704,50.140237350690086,1778716800
vAMM-WETH/LCAP,0.02215468404439851,0xb8B1a52b1893F3369eDb63aeE516F2e8B7D45A53,0xF8f03483a2Cf356F8E0d95E43eAF7C77a5524348,0x4200000000000000000000000000000000000006,0x4dA9A0f397dB1397902070f93a4D6ddBC0E0E6e8,0x940181a94A35A4569E4529A3CDfB74e38FD98631,18,18,18,0,0,0.0,0.0,0,1311663816045487,176859284332647924259194,176859.28433264792,7.195176403544546e-23,12.72533749378044,0,12.72533749378044,13898.1999038602,1778716800
vAMM-SIRE/USDC,0.0015858330720368446,0xeF6F90aCDa6e8102093F3F4e28D952B0276E4ABB,0xD29D5597c1225B874a9d9EBEE693f88892942118,0x7Ce02e86354EA0Cc3b302AeAdC0Ab56bC7EB44b8,0x833589fCD6eDb6E08f4c7C32D4f71b54bdA02913,0x940181a94A35A4569E4529A3CDfB74e38FD98631,18,18,6,40247494496558072461434,3519591476,40247.49449655807,3519.591476,40247494496561592052910,0,12659593864187534176781,12659.593864187535,0.0,0,0,0,nan,0
vAMM-LCAP/USDC,0.010425652669338885,0x48D1036b0308884c163cde60AD5fBf87112Ac52f,0xac2A6d7B160422e85614EA5F0bEeE562509e44A8,0x4dA9A0f397dB1397902070f93a4D6ddBC0E0E6e8,0x833589fCD6eDb6E08f4c7C32D4f71b54bdA02913,0x940181a94A35A4569E4529A3CDfB74e38FD98631,18,18,6,0,0,0.0,0.0,0,617346742364536,83227251903248536188519,83227.25190324853,0.0,0,0,0,nan,0
vAMM-WETH/PHI,0.000295408698777822,0x99ba9f844FCDC60Fc9e52af59f165cD91F86360E,0xB27773092F3D548044d6d8527d468072426603Cc,0x4200000000000000000000000000000000000006,0xFb3aD5550ca5730A6F91350032c4Da1eFdfDE3E8,0x940181a94A35A4569E4529A3CDfB74e38FD98631,18,18,18,0,0,0.0,0.0,0,17490104025293,2358226862851332283501,2358.226862851332,1.9209357057759988e-22,0.45300021831712434,0,0.45300021831712434,5205.796305379366,1778716800
vAMM-LCAP/eUSD,0.058708611320231016,0xe39E901F5C53fDA90eF90FeEF3ed1F0126b557a7,0xe3F63B420E0B046C8b27Ca54BBfE0AB64fd928C0,0x4dA9A0f397dB1397902070f93a4D6ddBC0E0E6e8,0xCfA3Ef56d303AE4fAabA0592388F19d7C3399FB4,0x940181a94A35A4569E4529A3CDfB74e38FD98631,18,18,18,0,0,0.0,0.0,0,3475994329454450,468666714517415228175800,468666.71451741527,3.389500856427108e-23,15.88546230235658,0,15.88546230235658,29502.86907595314,1778716800
vAMM-FLOCK/DGLD,0.0010039083278776749,0x2b1CEd170A3cB7CFB1e21657B4BCc3Dd0594639a,0x89f0D55D0A78Ac4F50E9C3bFB61E103250AD566C,0x5aB3D4c385B400F3aBB49e80DE2fAF6a88A7B691,0xd02f50E1017F493ffFFa70c8fCf09e349e11d6c9,0x940181a94A35A4569E4529A3CDfB74e38FD98631,18,18,18,2754982414540349507586,4100697378078896,2754.9824145403495,0.004100697378078896,2754986515237727586482,0,8014129565026313547460,8014.129565026314,0.0,0,0,0,nan,0
vAMM-PHNM/USDC,0.0017500677459067965,0xF687f5a1A37B03fAB632AB0f9E41A62b2b0EA4D8,0x19c38452e702d749978Ecc82AB66ADDF28A37AF1,0x3fDa9cc61B1FEf8b2fFd715F0A9EeF7182e48F37,0x833589fCD6eDb6E08f4c7C32D4f71b54bdA02913,0x940181a94A35A4569E4529A3CDfB74e38FD98631,18,18,6,0,0,0.0,0.0,0,103617457946183,13970667713177473236014,13970.667713177472,2.474311843361501e-22,3.456778858238316,0,3.456778858238316,4041.527759255438,1778716800
vAMM-USDC/ZEN,0.00011559023756736369,0xD1291750B30ca46587aA533C68a470F13bE5cbC9,0x8D53866D2412d12c19Df63Da94a94418C48D0F26,0x833589fCD6eDb6E08f4c7C32D4f71b54bdA02913,0xf43eB8De897Fbc7F2502483B2Bef7Bb9EA179229,0x940181a94A35A4569E4529A3CDfB74e38FD98631,18,6,18,0,0,0.0,0.0,0,6844536651403,922748735709163313161,922.7487357091633,0.0,0,0,0,nan,0
sAMM-msUSD/frxUSD,0.11766271486572707,0xA678C47022f2E5286C51cC433be1599BBA88DF05,0x90C2eafBb37fDFB54bDAc0C12F59b14417F280cb,0x526728DBc96689597F85ae4cd716d4f7fCcBAE9d,0xe5020A6d073a794B6E7f05678707dE47986Fb0b6,0x940181a94A35A4569E4529A3CDfB74e38FD98631,18,18,18,1819460592012040,5604830367233365,0.00181946059201204,0.005604830367233365,7424290959245405,6959382966560886,939293176200829009969700,939293.176200829,0.0,0,0,0,nan,0
vAMM-OFC/USDC,1.2504715840207183e-05,0x66E1031dB440890a824F0dB80489Be979BD16a86,0xB62982Dd4851C3e149529cD1bDBd88e4dDC6125C,0x752C5a95d202972E124390F30a50154409d3c858,0x833589fCD6eDb6E08f4c7C32D4f71b54bdA02913,0x940181a94A35A4569E4529A3CDfB74e38FD98631,18,18,6,0,0,0.0,0.0,0,740451423029,99824266951860845953,99.82426695186085,5.157486742580501e-19,51.48423333920391,0,51.48423333920391,1.9389288812784409,1778716800
vAMM-RAVE/WETH,3.970375938532209e-05,0xB359b1F51A9a3aa7E5439815820132D63ffF680d,0x2Ab87361863CAddB4A1660213fFE1951e3Ee7e28,0x1aA8fD5BCce2231C6100d55Bf8B377cff33Acfc3,0x4200000000000000000000000000000000000006,0x940181a94A35A4569E4529A3CDfB74e38FD98631,18,18,18,0,0,0.0,0.0,0,2351064561716,316952318350896291311,316.9523183508963,0.0,0,0,0,nan,0
sAMM-eUSD/frxUSD,0.021727918832440303,0x0cd7AdBda66220D98aE8f85564Cc7E87dA5B67CF,0x93c6506b5e5CD71f49e5B0F728A3b1d922d503c8,0xCfA3Ef56d303AE4fAabA0592388F19d7C3399FB4,0xe5020A6d073a794B6E7f05678707dE47986Fb0b6,0x940181a94A35A4569E4529A3CDfB74e38FD98631,18,18,18,0,0,0.0,0.0,0,1286604852587894,173452447664892248293773,173452.44766489224,6.874563065381773e-23,11.924097903171333,0,11.924097903171333,14546.379027864308,1778716800
vAMM-CHIP/WETH,5.1950926574114805e-06,0x5D4d2Edd62A452089bd3Afe157d14F9BeCed051D,0xAE919F18686433087030FaB6a03ee0f7C578900A,0x0C1c1C109FE34733fca54b82d7B46B75CFb71F6e,0x4200000000000000000000000000000000000006,0x940181a94A35A4569E4529A3CDfB74e38FD98631,18,18,18,0,0,0.0,0.0,0,307627263825,41472059253487476746,41.47205925348748,0.0,0,0,0,nan,0
vAMM-UP/cbBTC,6.963202440321408e-05,0x3dcFAC9Adbc00e9D817F347dd4e0D603E385b356,0x56f2F35759D0c420b17F438C327B9F954C91a1bd,0x5b2193fDc451C1f847bE09CA9d13A4Bf60f8c86B,0xcbB7C0000aB88B473b1f5aFd9ef808440eed33Bf,0x940181a94A35A4569E4529A3CDfB74e38FD98631,18,18,8,55722081,2,5.5722081e-11,2e-08,55722083,4123352304008,555867552789569404779,555.8675527895695,0.0,0,0,0,nan,1778716800
vAMM-VIRTUAL/FLOCK,0.05834814906495353,0xB7E0c9CaeB559429B5b8B37c118E1d2764550416,0x4aFe38a5e227fe4F04e0aEFcA6104Cf3399834Af,0x0b3e328455c4059EEb9e3f84b5543F74E24e7E1b,0x5aB3D4c385B400F3aBB49e80DE2fAF6a88A7B691,0x940181a94A35A4569E4529A3CDfB74e38FD98631,18,18,18,456834710492727302,7385970433965032144,0.4568347104927273,7.385970433965032,7842805144457759446,3494832528341998,465789169688992012952560,465789.169688992,3.990002188687615e-22,185.84998065260652,0,185.84998065260652,2506.2642893660122,1778716800
vAMM-FLOCK/VVV,0.14300720159891117,0xef724d142f283411f66bDe8De4d863e7295b9972,0xE6b378617777257988bF89e731a9C8cd9e0a5a8c,0x5aB3D4c385B400F3aBB49e80DE2fAF6a88A7B691,0xacfE6019Ed1A7Dc6f7B508C02d1b04ec88cC21bf,0x940181a94A35A4569E4529A3CDfB74e38FD98631,18,18,18,66191819401616042825,350231144614872541,66.19181940161604,0.35023114461487254,66542050546230915366,8650936831205740,1141616431022535561077670,1141616.4310225355,1.3292398555725494e-22,151.74820598916446,0,151.74820598916446,7523.096721842316,1778716800
CL-USDC/USDbC,0.007264628892809706,0x98c7A2338336d2d354663246F64676009c7bDa97,0x4a3E1294d7869567B387FC3d5e5Ccf14BE2Bbe0a,0x833589fCD6eDb6E08f4c7C32D4f71b54bdA02913,0xd9aAEc86B65D86f6A7B5B1b0c42FFA531710b6CA,0x940181a94A35A4569E4529A3CDfB74e38FD98631,18,6,6,296611,3450934,0.296611,3.450934,3747545,430114245699192,57993021446381156794849,57993.02144638116,4.554874421299588e-22,26.415093,0,26.415093,2195.4502089536904,1778716800
CL-WETH/USDC,9.544723798910368,0xb2cc224c1c9feE385f8ad6a55b4d94E92359DC59,0xF33a96b5932D9E9B9A0eDA447AbD8C9d48d2e0c8,0x4200000000000000000000000000000000000006,0x833589fCD6eDb6E08f4c7C32D4f71b54bdA02913,0x940181a94A35A4569E4529A3CDfB74e38FD98631,18,18,6,407155521170589510,812921269,0.4071555211705895,812.921269,407155521983510779,563335330111802773,76194858696478923777335931,76194858.69647892,1.2886868425597937e-21,98191.31187285506,0,98191.31187285506,775.9837122365909,1778716800
CL-cbETH/WETH,0.0552652999750539,0x47cA96Ea59C13F72745928887f84C9F52C3D7348,0xF5550F8F0331B8CAA165046667f4E6628E9E3Aac,0x2Ae3F1Ec7F1F5012CFEab0185bfc7aa3cf0DEc22,0x4200000000000000000000000000000000000006,0x940181a94A35A4569E4529A3CDfB74e38FD98631,18,18,18,439697133562821,3402467582001474,0.000439697133562821,0.003402467582001474,3842164715564295,3272062527217233,441179002256563438346071,441179.00225656346,2.669496856524496e-21,1177.7259596885096,0,1177.7259596885096,374.60242650442086,1778716800
CL-WETH/wstETH,0.2688050481830189,0x861A2922bE165a5Bd41b1E482B49216b465e1B5F,0x2A1f7bf46bd975b5004b61c6040597E1B6117040,0x4200000000000000000000000000000000000006,0xc1CBa3fCea344f92D9239c08C0568f6F2F0ee452,0x940181a94A35A4569E4529A3CDfB74e38FD98631,18,18,18,15352732789629696,3603595216629300,0.015352732789629696,0.0036035952166293,18956328006258996,15915206694677195,2145851791493800864121426,2145851.791493801,9.70294838016989e-22,2082.1089164359432,0,2082.1089164359432,1030.6145728279046,1778716800
CL-WETH/DEGEN,0.01086129735754741,0xaFB62448929664Bfccb0aAe22f232520e765bA88,0x319e23D38d8ee58783Ff5331507b808709bd00b0,0x4200000000000000000000000000000000000006,0x4ed4E862860beD51a9570b96d89aF5E1B0Efefed,0x940181a94A35A4569E4529A3CDfB74e38FD98631,18,18,18,505463008890148,1068864467530123570759,0.000505463008890148,1068.8644675301236,1068864972993132460907,643067507794811,86704972805314834273213,86704.97280531483,3.033424271329278e-21,263.012968952587,0,263.012968952587,329.66044659548714,1778716800
CL-ezETH/WETH,0.0007107167959174675,0xDC7EAd706795eDa3FEDa08Ad519d9452BAdF2C0d,0xC6B4fe83Fb284bDdE1f1d19F0B5beB31011B280A,0x2416092f143378750bb29b79eD961ab195CcEea5,0x4200000000000000000000000000000000000006,0x940181a94A35A4569E4529A3CDfB74e38FD98631,18,18,18,36089625823248644,82918895945128042,0.03608962582324864,0.08291889594512804,119008521768376686,4684375170832,5673602188921152006126,5673.6021889211515,0.0,0,0,0,nan,1778716800
CL-WETH/BRETT,0.7482676583877514,0x4e829F8A5213c42535AB84AA40BD4aDCCE9cBa02,0xFd73Ab1100a60Ba64686ef9dcdE36d0209773f6a,0x4200000000000000000000000000000000000006,0x532f27101965dd16442E59d40670FaF5eBB142E4,0x940181a94A35A4569E4529A3CDfB74e38FD98631,18,18,18,29217910629665616,9207656976768335656914,0.029217910629665615,9207.656976768336,9207686194678965322530,44302867549105363,5973368082637304789956228,5973368.082637304,2.4230975210423914e-21,14474.053393312195,0,14474.053393312195,412.69490448317174,1778716800
CL-AERO/wstETH,0.05204003163168064,0x565aecF84b5d30a6E79a5CEf3f0dA0Fc4280dEBC,0x45F8b8eC9c92D09BA8495074436fD97073423041,0x940181a94A35A4569E4529A3CDfB74e38FD98631,0xc1CBa3fCea344f92D9239c08C0568f6F2F0ee452,0x940181a94A35A4569E4529A3CDfB74e38FD98631,18,18,18,26383179716359263711,1,26.383179716359265,1e-18,26383179716359263712,3090786180888459,415431911941639131238859,415431.91194163915,9.283359573348712e-21,3856.6038167979746,0,3856.6038167979746,107.71962370938068,1778716800
CL-WETH/TOSHI,0.052241004757582386,0x74E4c08Bb50619b70550733D32b7e60424E9628e,0x527B83782B2eF0C5506e79333ca709D81644952f,0x4200000000000000000000000000000000000006,0xAC1Bd2486aAf3B5C0fc3Fd868558b082a531B2B4,0x940181a94A35A4569E4529A3CDfB74e38FD98631,18,18,18,2048295117971158,40926150737854864278923,0.002048295117971158,40926.15073785486,40926152786149982250081,3003808519637073,417036266268960964666467,417036.26626896096,4.853779516589139e-21,2024.2020868910968,0,2024.2020868910968,206.02501547139138,1778716800
CL-weETH/WETH,0.0580488590701624,0xbD3cd0D9d429b41F0a2e1C026552Bd598294d5E0,0xfCfEE5f453728BaA5ffDA151f25A0e53B8C5A01C,0x04C0599Ae5A44757c0af6F9eC3b93da8976c150A,0x4200000000000000000000000000000000000006,0x940181a94A35A4569E4529A3CDfB74e38FD98631,18,18,18,60483130507122,2402419655791251,6.0483130507122e-05,0.002402419655791251,2462902786298373,3436948467178168,463399958713082663345180,463399.95871308265,1.3157830454655599e-21,609.7338089441146,0,609.7338089441146,760.0037129572321,1778716800
CL-USDC/axlUSDC,0.004507694660001944,0x43B97febdaDaD12Afde21bAa96eb762bc26D13f3,0x956d84430523fd383E790956eEaAB5b448620cdc,0x833589fCD6eDb6E08f4c7C32D4f71b54bdA02913,0xEB466342C4d449BC9f53A865D5Cb90586f405215,0x940181a94A35A4569E4529A3CDfB74e38FD98631,18,6,6,82285,2112405,0.082285,2.112405,2194690,266890934643094,35984609392775793484413,35984.60939277579,2.4826327050572364e-21,89.336568157215,0,89.336568157215,402.79820609909564,1778716800
CL-WETH/NORMILIO,9.026948602034582e-06,0x2b5fD674f93E329d54371DBa980a67F3ff3BC119,0xdF628e37E89486FbeF037FBf73EBC90D1367d786,0x4200000000000000000000000000000000000006,0xcDE90558fc317C69580DeeAF3eFC509428Df9080,0x940181a94A35A4569E4529A3CDfB74e38FD98631,18,18,18,9060568056509008,26944435153599576294314,0.009060568056509007,26944.435153599577,26944444214167632803322,0,72061495720905346009,72.06149572090534,0.0,0,0,0,nan,0
CL-WETH/USD+,0.020043630355458433,0x4D69971CCd4A636c403a3C1B00c85e99bB9B5606,0xcC2714BF50F3c7174a868bec8f4D4d284A0b07cc,0x4200000000000000000000000000000000000006,0xB79DD08EA68A908A97220C76d19A6aA9cBDE4376,0x940181a94A35A4569E4529A3CDfB74e38FD98631,18,18,6,624566053121266,1074593,0.000624566053121266,1.074593,624566054195859,1186740372340722,160006891228529777146915,160006.8912285298,9.79599186258823e-22,156.7426204432718,0,156.7426204432718,1020.8256744465964,1778716800
CL-USDC/USD+,0.0007251669620123883,0x0c1A09d5D0445047DA3Ab4994262b22404288A3B,0xeA22A3AAdA580bD75Fb6caC35034e09046cbFf72,0x833589fCD6eDb6E08f4c7C32D4f71b54bdA02913,0xB79DD08EA68A908A97220C76d19A6aA9cBDE4376,0x940181a94A35A4569E4529A3CDfB74e38FD98631,18,6,6,164103,117423,0.164103,0.117423,281526,42935628265913,5788956848410496288070,5788.956848410496,2.1925235781446842e-21,12.692424383002155,0,12.692424383002155,456.0954372249903,1778716800
CL-WETH/PRIME,0.005720147455901296,0x87Cd18069B6547a0E88b6155DD657E71779500eA,0xf9f8138150F67a469Fa5437e75ad16EAAab8C09e,0x4200000000000000000000000000000000000006,0xfA980cEd6895AC314E7dE34Ef1bFAE90a5AdD21b,0x940181a94A35A4569E4529A3CDfB74e38FD98631,18,18,18,107405633973096,50775344836583305,0.000107405633973096,0.0507753448365833,50882750470556401,338680921901282,45663534776687729997460,45663.53477668773,4.616075874667424e-21,210.78634123470516,0,210.78634123470516,216.6342207431864,1778716800
CL-wBLT/USDC,0.01598425406394203,0x7cE345561E1690445eEfA0dB04F59d64b65598A8,0xf00d67799Cd4E1A77D14671149b599A96DcD38eC,0x4E74D4Db6c0726ccded4656d0BCE448876BB4C7A,0x833589fCD6eDb6E08f4c7C32D4f71b54bdA02913,0x940181a94A35A4569E4529A3CDfB74e38FD98631,18,18,6,3674228538199425156,693328,3.6742285381994253,0.693328,3674228538200118484,946402797963946,127601175835985943341874,127601.17583598594,0.0,0,0,0,nan,0
CL-WETH/doginme,0.009174383019761503,0x088c39ee29fC30DF8Adc394e9f7dEa33E3A26507,0x42d80fdf14f13CA7019FD5A77fd53F1C1f4099a6,0x4200000000000000000000000000000000000006,0x6921B130D297cc43754afba22e5EAc0FBf8Db75b,0x940181a94A35A4569E4529A3CDfB74e38FD98631,18,18,18,754421550295473,35672452278794173571410,0.000754421550295473,35672.452278794175,35672453033215723866883,543200935418182,73238454306860733000246,73238.45430686073,0.0,0,0,0,nan,0
CL-HIGHER/WETH,0.00028909384998632273,0xd9932A538e4c7621D9Ab1b45DE31a5D60E672B1c,0x63806fa58774B013458aA4C9a7FDD8a72db5Fe70,0x0578d8A44db98B23BF096A382e016e29a5Ce0ffe,0x4200000000000000000000000000000000000006,0x940181a94A35A4569E4529A3CDfB74e38FD98631,18,18,18,586580425324306773878,118419692840501,586.5804253243068,0.000118419692840501,586580543743999614379,0,2307815869144751976577,2307.815869144752,0.0,0,0,0,nan,0
CL-WETH/KEYCAT,0.0039995900189894905,0xB211a9DDff3a10806c8fdb92Dbc4c34596A23F84,0xA9edd05F8d82f4050d4649FEf30bEC9378f499e7,0x4200000000000000000000000000000000000006,0x9a26F5433671751C3276a065f57e5a02D2817973,0x940181a94A35A4569E4529A3CDfB74e38FD98631,18,18,18,1351940612533055,5908745427971234125779,0.001351940612533055,5908.745427971234,5908746779911846658834,703471402865885,31928445784417761279692,31928.445784417763,0.0,0,0,0,nan,0
CL-WETH/ROOST,8.55206962152364e-06,0xAA500dbEDa452Cc2807185DA993b6E3779333Aca,0x4A7212433200428571B069AeC82620573eE2cbc0,0x4200000000000000000000000000000000000006,0xE1aBD004250AC8D1F199421d647e01d094FAa180,0x0000000000000000000000000000000000000000,18,18,18,0,0,0.0,0.0,0,0,68270570223187968200,68.27057022318797,0.0,0,0,0,nan,0
CL-tBTC/cbETH,1.2441114930684075e-08,0xEeB9b3B819C93Db45B731730af290ab6aF82f0D2,0xFC9C7A01517F958736c468229D59cFe34F80C83f,0x236aa50979D5f3De3Bd1Eeb40E81137F22ab794b,0x2Ae3F1Ec7F1F5012CFEab0185bfc7aa3cf0DEc22,0x0000000000000000000000000000000000000000,18,18,18,0,0,0.0,0.0,0,0,99316545364921468,0.09931654536492147,0.0,0,0,0,nan,0
CL-WETH/AERO,1.3592327590942,0x82321f3BEB69f503380D6B233857d5C43562e2D0,0xdE8FF0D3e8ab225110B088a250b546015C567E27,0x4200000000000000000000000000000000000006,0x940181a94A35A4569E4529A3CDfB74e38FD98631,0x940181a94A35A4569E4529A3CDfB74e38FD98631,18,18,18,50437181053598292,236198693466439603177,0.05043718105359829,236.1986934664396,236249130647493201469,80640832151218998,10850659505373110774021133,10850659.505373111,4.944471165317786e-21,53650.77304899869,0,53650.77304899869,202.2460980285096,1778716800
CL-Mog/WETH,0.003829562817164366,0xC29dc26B28FFF463e32834Ce6325B5c74fAC7098,0x44e6F4D58A81531338d11aE6374F199A35c787Be,0x2Da56AcB9Ea78330f947bD57C54119Debda7AF71,0x4200000000000000000000000000000000000006,0x940181a94A35A4569E4529A3CDfB74e38FD98631,18,18,18,113487750019626847989742297,8919980658437266,113487750.01962684,0.008919980658437266,113487750028546828648179563,0,30571130592216805924486,30571.130592216807,0.0,0,0,0,nan,0
CL-WETH/DOG,0.0011754272689200103,0xa4eb9849F46e1E9Db3700BCDadB62096a7bc4aAB,0x3E848AF39c45Cf45c97A622440411C4141dF3e82,0x4200000000000000000000000000000000000006,0xAfb89a09D82FBDE58f18Ac6437B3fC81724e4dF6,0x940181a94A35A4569E4529A3CDfB74e38FD98631,18,18,18,1,1,1e-18,1e-18,2,69595909221066,9383353206467085303379,9383.353206467085,4.556229489940041e-22,4.275271059382877,0,4.275271059382877,2194.797259900883,1778716800
CL-LUSD/USDC,2.7831637757701948e-08,0x95b9Ff408700af5a1092Cd218E33084a71e4bE97,0xBF58afee32FFa0Bd24E4c6e43b443aa9679b7c64,0x368181499736d0c0CC614DBB145E2EC1AC86b8c6,0x833589fCD6eDb6E08f4c7C32D4f71b54bdA02913,0x0000000000000000000000000000000000000000,18,18,6,0,0,0.0,0.0,0,0,222178006500489750,0.22217800650048977,0.0,0,0,0,nan,0
CL-USDC/rgUSD,0.0003691876428558211,0xDEfE76cd3c5c25728Fd45De93b000C23048c992f,0x601377635D6C852e27CC49633694449B6E9475c8,0x833589fCD6eDb6E08f4c7C32D4f71b54bdA02913,0x8E5E9DF4F0EA39aE5270e79bbABFCc34203A3470,0x940181a94A35A4569E4529A3CDfB74e38FD98631,18,6,18,6040934,9113978706070155399,6.040934,9.113978706070155,9113978706076196333,0,2947198983704145597644,2947.198983704146,0.0,0,0,0,nan,0
CL-WETH/bsdETH,0.11739427803820833,0x2ae9DF02539887d4EbcE0230168a302d34784c82,0x0b537aC41400433F09d97Cd370C1ea9CE78D8a74,0x4200000000000000000000000000000000000006,0xCb327b99fF831bF8223cCEd12B1338FF3aA322Ff,0x940181a94A35A4569E4529A3CDfB74e38FD98631,18,18,18,657608328226,1486526902746,6.57608328226e-07,1.486526902746e-06,2144135230972,6950801409368918,937150263888997060069638,937150.2638889971,2.6386375426061136e-22,247.27998693607344,0,247.27998693607344,3789.8346546389466,1778716800
CL-tBTC/USDC,0.06194391954545402,0xf81e1a62cBfA487E807044618661bFD4802B4982,0x37E1a626b09faDE99E94752942a88f17EA2170fd,0x236aa50979D5f3De3Bd1Eeb40E81137F22ab794b,0x833589fCD6eDb6E08f4c7C32D4f71b54bdA02913,0x940181a94A35A4569E4529A3CDfB74e38FD98631,18,18,6,21125776295181,7058,2.1125776295181e-05,0.007058,21125776302239,3667657006119100,494493952502925647715754,494493.95250292565,1.307425194244699e-21,646.5138519039665,0,646.5138519039665,764.862115555071,1778716800
CL-tBTC/SATS,3.929130842384469e-07,0x86BB57004D5E55a6Ab978287211a53CD3615cAF9,0x1e210791d844A37435d0B1aCCeFD1c94013218A7,0x236aa50979D5f3De3Bd1Eeb40E81137F22ab794b,0x9d36F8f62347538440a212e9162f534f797542df,0x0000000000000000000000000000000000000000,18,18,18,0,0,0.0,0.0,0,0,3136597513378429026,3.1365975133784287,0.0,0,0,0,nan,0
CL-tBTC/WETH,0.011230841347726964,0xA33f162da19C7273BA1205BFD9D4340dA2446E3a,0x996802075582Af2eE133fb30Cc5A9E8A671d3c3a,0x236aa50979D5f3De3Bd1Eeb40E81137F22ab794b,0x4200000000000000000000000000000000000006,0x940181a94A35A4569E4529A3CDfB74e38FD98631,18,18,18,14437124752614,1,1.4437124752614e-05,1e-18,14437124752615,664976279398476,89655016484638324341054,89655.01648463833,2.1159561978027678e-21,189.70608779477976,0,189.70608779477976,472.5995750944236,1778716800
CL-PSTAKE/USDC,0.00011997733447553611,0x178904D6F5f49074fC3fDb918F0170E0DBB1677e,0xBb9FA2e124dD7fA35621aDe57d42C2d40cB9Ab7A,0x38815A4455921667d673B4cb3d48F0383eE93400,0x833589fCD6eDb6E08f4c7C32D4f71b54bdA02913,0x940181a94A35A4569E4529A3CDfB74e38FD98631,18,18,6,649390065549659859865,21880327,649.3900655496599,21.880327,649390065549681740192,0,957770621732111206974,957.7706217321113,0.0,0,0,0,nan,0
CL-WETH/SPEC,0.0003066445665885637,0xfD7aBC461df4e496A25898CaB0c6EA88cDd94Cf9,0x79eFe300783f448283E54ce7caD08118A52849f6,0x4200000000000000000000000000000000000006,0x96419929d7949D6A801A6909c145C8EEf6A40431,0x940181a94A35A4569E4529A3CDfB74e38FD98631,18,18,18,3768161607201895,68284642640156067022,0.003768161607201895,68.28464264015606,68288410801763268917,0,2447922005236648365153,2447.9220052366486,0.0,0,0,0,nan,0
CL-WETH/SKI,0.004515886456258599,0xe782B72A1157b7bEa1A9452835Cce214962aD43B,0x1Dd8e44b202fe7D3E85ce7788311374E2E9df950,0x4200000000000000000000000000000000000006,0x768BE13e1680b5ebE0024C42c896E3dB59ec0149,0x940181a94A35A4569E4529A3CDfB74e38FD98631,18,18,9,1,1,1e-18,1e-09,2,267384898503315,36050003926069402126010,36050.0039260694,1.0257676116706107e-21,36.978926427960346,0,36.978926427960346,974.8796790058088,1778716800
CL-WETH/BENJI,0.0006575078771336188,0xeBeC4772aBA30d82bC64BBB99187B4Ca29928e2E,0x6c44652cbF0fc9c31149682Eba60aA0D601B6787,0x4200000000000000000000000000000000000006,0xBC45647eA894030a4E9801Ec03479739FA2485F0,0x940181a94A35A4569E4529A3CDfB74e38FD98631,18,18,18,1,1,1e-18,1e-18,2,38930933869882,5248839133065034737306,5248.839133065035,1.85294063780228e-21,9.725787330943092,0,9.725787330943092,539.682696573632,1778716800
CL-DOLA/USD+,1.2476944458619425e-10,0x96331Fcb46A7757854d9E26AFf3aCA2815D623fD,0xCB4B8aeD321e22B0B87D9e41538408404433Ac70,0x4621b7A9c75199271F773Ebd9A499dbd165c3191,0xB79DD08EA68A908A97220C76d19A6aA9cBDE4376,0x940181a94A35A4569E4529A3CDfB74e38FD98631,18,18,6,4799881545253543344,9248823,4.799881545253544,9.248823,4799881545262792167,0,996025699661265,0.000996025699661265,0.0,0,0,0,nan,0
CL-TKN/USD+,2.459237605665489e-07,0x6f8e210030f6eE6933b032628a0e148a1CcfF6a6,0x72E51ee5e566d4546a3fB695cb0502A7dc6403cD,0x78b3C724A2F663D11373C4a1978689271895256f,0xB79DD08EA68A908A97220C76d19A6aA9cBDE4376,0x0000000000000000000000000000000000000000,18,18,6,0,0,0.0,0.0,0,0,1963192081955693941,1.9631920819556938,0.0,0,0,0,nan,0
CL-USDC/AERO,0.9758022319642268,0xBE00fF35AF70E8415D0eB605a286D8A45466A4c1,0x430C09546ae9249AB75B9A4ef7B5FD9a4006D6f3,0x833589fCD6eDb6E08f4c7C32D4f71b54bdA02913,0x940181a94A35A4569E4529A3CDfB74e38FD98631,0x940181a94A35A4569E4529A3CDfB74e38FD98631,18,6,18,1,150985658718921588570,1e-06,150.9856587189216,150985658718921588571,57777888361091180,7789760578374302540615998,7789760.578374302,2.62608625501834e-21,20456.583184752468,0,20456.583184752468,380.7948037080055,1778716800
CL-WETH/OKAYEG,2.1191965456491748e-05,0xAD04bE2b6613586f83049d5953611bAa23971340,0x1bED19abF408e7f05C0DF7c215A429321A2a171F,0x4200000000000000000000000000000000000006,0xdb6e0e5094A25a052aB6845a9f1e486B9A9B3DdE,0x0000000000000000000000000000000000000000,18,18,18,0,0,0.0,0.0,0,0,169173969564461190406,169.1739695644612,0.0,0,0,0,nan,0
CL-hyUSD/eUSD,1.3295391789570423e-07,0x919e084BdC0B4b58513C6d9f2b0a3F40dABC9D6d,0x76de16EDd3e7C15ac6cE2CaD5d9bF082A6f36e94,0xCc7FF230365bD730eE4B352cC2492CEdAC49383e,0xCfA3Ef56d303AE4fAabA0592388F19d7C3399FB4,0x940181a94A35A4569E4529A3CDfB74e38FD98631,18,18,18,299989694998007,475347870263836,0.000299989694998007,0.000475347870263836,775337565261843,0,1061361774382925152,1.0613617743829251,0.0,0,0,0,nan,0
CL-USDC/eUSD,0.11741250660166246,0x988702fe529a3461ec7Fd09Eea3f962856709FD9,0xE62Adb491707513EA98B957d9Adb73D8D23e191C,0x833589fCD6eDb6E08f4c7C32D4f71b54bdA02913,0xCfA3Ef56d303AE4fAabA0592388F19d7C3399FB4,0x940181a94A35A4569E4529A3CDfB74e38FD98631,18,6,18,423364,1749104957092033235,0.423364,1.7491049570920332,1749104957092456599,6952074983034439,937295781228826757585367,937295.7812288267,4.8445748728381084e-23,45.40799590158339,0,45.40799590158339,20641.646093791664,1778716800
CL-USDC/XPRT,7.270863608942254e-09,0x75118B598433430DA15FB1340e486461f2A7c07F,0x2cA011C7eAb0C8586E0eFe3bc0D474547f3080fA,0x833589fCD6eDb6E08f4c7C32D4f71b54bdA02913,0xc7Edf7B7b3667a06992508e7B156eff794a9e1c8,0x940181a94A35A4569E4529A3CDfB74e38FD98631,18,6,6,24745588,139934646,24.745588,139.934646,164680234,0,58042792746707986,0.05804279274670798,0.0,0,0,0,nan,0
CL-tBTC/T,0.04994442418487881,0xC35D9e6fC72e8EC2935fae56f07afaD2Ce4DCb1b,0xa8deC3aF01E62f7F0011214B520414FCbbA0cFdf,0x236aa50979D5f3De3Bd1Eeb40E81137F22ab794b,0x26f3901aC8a79c50fb0d8289C74f0d09AdC42E29,0x940181a94A35A4569E4529A3CDfB74e38FD98631,18,18,18,292366915231,1,2.92366915231e-07,1e-18,292366915232,2957269660606876,398702825101998721653208,398702.82510199875,3.753391384553856e-22,149.6487748735125,0,149.6487748735125,2664.2571944808365,1778716800
CL-USD+/wstETH,5.593917269090018e-06,0xa01A2513E95263b9BaCe60B573ce874E1e7a5246,0xa53bA46F4F0280b42575A3BaadAC54a61DB578d0,0xB79DD08EA68A908A97220C76d19A6aA9cBDE4376,0xc1CBa3fCea344f92D9239c08C0568f6F2F0ee452,0x940181a94A35A4569E4529A3CDfB74e38FD98631,18,6,18,42917890,17722952318898307,42.91789,0.017722952318898307,17722952361816197,0,44655848074594425342,44.655848074594424,0.0,0,0,0,nan,0
CL-DEGEN/USD+,0.0021393560212197684,0xa19acc3B4f11c46c2b1Fc36B5f592AF422Ee338c,0xFDb47B2dFcC65899E21aD86197fcEE79c38dFAB5,0x4ed4E862860beD51a9570b96d89aF5E1B0Efefed,0xB79DD08EA68A908A97220C76d19A6aA9cBDE4376,0x940181a94A35A4569E4529A3CDfB74e38FD98631,18,18,6,698949989578695444,1,0.6989499895786955,1e-06,698949989578695445,126673853148662,17078328631878346537021,17078.328631878347,0.0,0,0,0,nan,0
CL-PRE/AERO,1.1938358879302752e-05,0xc286ecD3910c62dF30fBBFD2C95A3043076d3912,0x35984A6297D9C88A48C20fC99D408555f882dCbF,0x3816dD4bd44c8830c2FA020A5605bAC72FA3De7A,0x940181a94A35A4569E4529A3CDfB74e38FD98631,0x940181a94A35A4569E4529A3CDfB74e38FD98631,18,18,18,10845730846589917451783,59872386657759655395,10845.730846589917,59.872386657759655,10905603233247677107178,0,95303079171360909523,95.30307917136092,0.0,0,0,0,nan,0
CL-WETH/CHOMP,0.0005865496051816726,0x0a7021C9843c2fB3b98c02Ed7f93354774286109,0x243Bc7b24dC4f2552EA9336391E79967d3387652,0x4200000000000000000000000000000000000006,0xebfF2db643Cf955247339c8c6bCD8406308ca437,0x940181a94A35A4569E4529A3CDfB74e38FD98631,18,18,18,37175256802015370,1514181392255385883254,0.03717525680201537,1514.1813922553858,1514218567512187898624,0,4682384239384183133845,4682.384239384183,0.0,0,0,0,nan,0
CL-WETH/SKR,2.7836333125690834e-10,0x4b1f694A027103F10B625b6D8928181d86D450AF,0x22766847029648Ca9639dF9a41d9384c1708C32A,0x4200000000000000000000000000000000000006,0xe2dCA969624795985F2f083BcD0b674337ba130a,0x940181a94A35A4569E4529A3CDfB74e38FD98631,18,18,18,6026251664767845,6040898966126301698991,0.006026251664767845,6040.898966126301,6040904992377966466836,0,2222154892928658,0.002222154892928658,0.0,0,0,0,nan,0
CL-RFL/USDC,0.0031480489258939024,0x51c230951b82Dbf7b8696B6fCd2be199cC10779f,0x3d27729DC4683bA7ba97562CDBb3Bb1Ce16540da,0x6e2c81b6c2C0e02360F00a0dA694e489acB0b05e,0x833589fCD6eDb6E08f4c7C32D4f71b54bdA02913,0x940181a94A35A4569E4529A3CDfB74e38FD98631,18,18,6,1,1,1e-18,1e-06,2,186448835083108,25130653136916467223545,25130.65313691647,3.953763106346659e-21,99.36064921113528,0,99.36064921113528,252.92360040356996,1778716800
CL-WETH/ZRO,0.0019216470888062318,0xA4463789e8F3c6A599B3dFB608DDe55513Bcf289,0x46e078FeDCD91a813306D5637d7ec5C7Dc201EC3,0x4200000000000000000000000000000000000006,0x6985884C4392D348587B19cb9eAAf157F13271cd,0x940181a94A35A4569E4529A3CDfB74e38FD98631,18,18,18,259286034731039336,316035263775791989674,0.25928603473103934,316.035263775792,316294549810523029010,0,15340373538394715386712,15340.373538394715,0.0,0,0,0,nan,0
CL-wXCH/USDC,0.0009432702642174452,0x113138dC05b05AfbE25E8C31ca9DE9b445CAcA48,0xcbbc1c52E14A6163f32aB83Ba7aF70B3CeD3612d,0x36be1d329444aeF5D28df3662Ec5B4F965Cd93E9,0x833589fCD6eDb6E08f4c7C32D4f71b54bdA02913,0x940181a94A35A4569E4529A3CDfB74e38FD98631,18,18,6,11556074585259154,1,0.011556074585259153,1e-06,11556074585259155,55852438925120,7530060168199268533519,7530.060168199268,1.8439041242508926e-21,13.884709,0,13.884709,542.3275466701728,1778716800
CL-WETH/RDNT,0.0001710481757328607,0x2092f4acbb18BB1649595DF59B9Cb601bBA1EBB7,0x8D88C541f22de965536bD1849013caEE6ce90e11,0x4200000000000000000000000000000000000006,0xd722E55C1d9D9fA0021A5215Cbb904b92B3dC5d4,0x940181a94A35A4569E4529A3CDfB74e38FD98631,18,18,18,1831373637399,3962737382069624172,1.831373637399e-06,3.962737382069624,3962739213443261571,10126856736664,1365465555089574109738,1365.465555089574,2.3591910340790167e-21,3.2213940949110507,0,3.2213940949110507,423.8741100465317,1778716800
CL-WETH/PRIME,3.1304437207792016e-06,0x8216144205B2Ac3523BAc7a8dC46d3c970e84876,0x7396905bE2C4c89C7c0445C7F72681515391730a,0x4200000000000000000000000000000000000006,0xfA980cEd6895AC314E7dE34Ef1bFAE90a5AdD21b,0x940181a94A35A4569E4529A3CDfB74e38FD98631,18,18,18,12361981496206675,8141125681473876625,0.012361981496206676,8.141125681473877,8153487662970083300,0,24990112022862409873,24.99011202286241,0.0,0,0,0,nan,0
CL-WETH/BOOMER,8.847710185431723e-05,0xa7423f6BEc29a511d365B0c934e8000720128aE3,0x25206a301486De7fE19eAB25ACE698Aa7DB03Db6,0x4200000000000000000000000000000000000006,0xcdE172dc5ffC46D228838446c57C1227e0B82049,0x0000000000000000000000000000000000000000,18,18,18,0,0,0.0,0.0,0,0,706306480490644298734,706.3064804906443,0.0,0,0,0,nan,0
CL-WETH/APX,5.051570321136707e-08,0x0C9A0e17eAB266DCF8dcFB4bc12792a9712FEd1E,0x1d94aE3D754D68A42CcC095A9305f3A2A2F3d9e8,0x4200000000000000000000000000000000000006,0xcacf1ca03983CE6c7E235fb20C70aCC70ed13509,0x940181a94A35A4569E4529A3CDfB74e38FD98631,18,18,18,382521519567437,28880365705152196958958,0.000382521519567437,28880.3657051522,28880366087673716526395,0,403263305385828815,0.4032633053858288,0.0,0,0,0,nan,0
CL-USDz/WETH,0.005163192543646352,0xcf88B8bf7CCCe2D836878E538197eB20fC673BCE,0x549690894f61bf0D3a5799D03fDED6e775A424aA,0x04D5ddf5f3a8939889F11E97f8c4BB48317F1938,0x4200000000000000000000000000000000000006,0x940181a94A35A4569E4529A3CDfB74e38FD98631,18,18,18,77344068397427802,60878978881962,0.0773440683974278,6.0878978881962e-05,77404947376309764,305685289944182,41217402889202427462235,41217.40288920243,0.0,0,0,0,nan,0
CL-EXTRA/WETH,0.005406557290797153,0x5A1401c002f67ca00557E7179D34C3FE6d753b28,0x283a6fFdd95F1145988e324F01663fF95247CcE0,0x2dAD3a13ef0C6366220f989157009e501e7938F8,0x4200000000000000000000000000000000000006,0x940181a94A35A4569E4529A3CDfB74e38FD98631,18,18,18,51675193325960099,1,0.0516751933259601,1e-18,51675193325960100,320093627937801,43160166547065054051065,43160.166547065055,0.0,0,0,0,nan,0
CL-WETH/MIGGLES,0.0008695689293198275,0x326841EFD63340767e02ec88E583f18a82AF4A48,0xAfabcBbab5e4261B1d655c906738176191819164,0x4200000000000000000000000000000000000006,0xB1a03EdA10342529bBF8EB700a06C60441fEf25d,0x940181a94A35A4569E4529A3CDfB74e38FD98631,18,18,18,84307307646648,83223772004232204582,8.4307307646648e-05,83.2237720042322,83223856311539851230,51482571691555,6941707595974293396621,6941.707595974293,0.0,0,0,0,nan,0
CL-USDC/USDT,0.0440673369672911,0xa41Bc0AFfbA7Fd420d186b84899d7ab2aC57fcD1,0xBd85D45f1636fCEB2359d9Dcf839f12b3cF5AF3F,0x833589fCD6eDb6E08f4c7C32D4f71b54bdA02913,0xfde4C96c8593536E31F229EA8f37b2ADa2699bb2,0x940181a94A35A4569E4529A3CDfB74e38FD98631,18,6,6,3833934,3478779,3.833934,3.478779,7312713,2608997520320117,351786451247147149839393,351786.45124714717,0.0,0,0,0,nan,0
CL-WETH/USDT,0.1338480910027618,0x9785eF59E2b499fB741674ecf6fAF912Df7b3C1b,0x2c0CbF25Bb64687d11ea2E4a3dc893D56Ca39c10,0x4200000000000000000000000000000000000006,0xfde4C96c8593536E31F229EA8f37b2ADa2699bb2,0x940181a94A35A4569E4529A3CDfB74e38FD98631,18,18,6,10870475791895907,19003173,0.010870475791895907,19.003173,10870475810899080,7924541493562063,1068499895399085015214896,1068499.895399085,0.0,0,0,0,nan,0
CL-BITCOIN/WETH,0.00886687919354492,0xfD22D75b2FB405EE185155D57B0277b9DB2F8E29,0x4D046a24DA2B4C01B89Df7eAe9b4794586489769,0x2a06A17CBC6d0032Cac2c6696DA90f29D39a1a29,0x4200000000000000000000000000000000000006,0x940181a94A35A4569E4529A3CDfB74e38FD98631,18,8,18,1312977096,381718942719882,13.12977096,0.000381718942719882,381720255696978,524960635178443,70783672892455230890236,70783.67289245523,0.0,0,0,0,nan,0
CL-WETH/PEPE,0.0014113189438343357,0x3333E1d9174720D6eC2cF815e65B82915a9eaE1e,0x399fFB6b1263a12Ed23c27BA07043f07D74c19DA,0x4200000000000000000000000000000000000006,0xB4fDe59a779991bfB6a52253B51947828b982be3,0x940181a94A35A4569E4529A3CDfB74e38FD98631,18,18,18,9387263172493623,6828369615682860277922216,0.009387263172493623,6828369.61568286,6828369625070123450415839,0,11266459854333068139299,11266.459854333069,0.0,0,0,0,nan,0
CL-USD+/USDT,7.665005036025411e-08,0xE9C137071861fbA0359eEcCB5865C2588D1Be2BE,0x9cc802bf83AED8e8C1B19d051Dd2D85e1f931973,0xB79DD08EA68A908A97220C76d19A6aA9cBDE4376,0xfde4C96c8593536E31F229EA8f37b2ADa2699bb2,0x940181a94A35A4569E4529A3CDfB74e38FD98631,18,6,6,15723268,15755371,15.723268,15.755371,31478639,0,611891960346122493,0.6118919603461225,0.0,0,0,0,nan,0
CL-BRETT/USD+,0.0002698725133366919,0xFAD14c545E464e04c737d00643296144eb20c7F8,0x5E3F10AcAa0CE7315Fd9c29839569Ad827a6500a,0x532f27101965dd16442E59d40670FaF5eBB142E4,0xB79DD08EA68A908A97220C76d19A6aA9cBDE4376,0x940181a94A35A4569E4529A3CDfB74e38FD98631,18,18,6,12415849751397599135,1,12.4158497513976,1e-06,12415849751397599136,15977933848022,2154373290728468655150,2154.373290728469,3.854625847928344e-21,8.3043029725284,0,8.3043029725284,259.4285514215204,1778716800
CL-EURC/USDC,0.3325698341323025,0xE846373C1a92B167b4E9cd5d8E4d6B1Db9E90EC7,0x1f6c9d116CE22b51b0BC666f86B038a6c19900B8,0x60a3E35Cc302bFA44Cb288Bc5a4F316Fdb1adb42,0x833589fCD6eDb6E08f4c7C32D4f71b54bdA02913,0x940181a94A35A4569E4529A3CDfB74e38FD98631,18,6,6,6033239,4127118,6.033239,4.127118,10160357,19689981099499235,2654881592416017756663473,2654881.592416018,5.349747308090788e-22,1420.2945652327376,0,1420.2945652327376,1869.2471670346592,1778716800
CL-WETH/superOETHb,0.010661462647822516,0x6446021F4E396dA3df4235C62537431372195D38,0xdD234DBe2efF53BED9E8fC0e427ebcd74ed4F429,0x4200000000000000000000000000000000000006,0xDBFeFD2e8460a6Ee4955A68582F85708BAEA60A3,0x940181a94A35A4569E4529A3CDfB74e38FD98631,18,18,18,40571589015984,1,4.0571589015984e-05,1e-18,40571589015985,631288296913977,85109706374254939602433,85109.70637425494,1.387982396024015e-22,11.813077417823875,0,11.813077417823875,7204.702328102855,1778716800
CL-USDC/USDC+,6.640589312089202e-07,0x8dd9751961621Fcfc394d90969E5ae0c5BAbE147,0xd030DF11Fa453A222782F6458cC71954A48EA104,0x833589fCD6eDb6E08f4c7C32D4f71b54bdA02913,0x85483696Cc9970Ad9EdD786b2C5ef735F38D156f,0x0000000000000000000000000000000000000000,18,6,6,0,0,0.0,0.0,0,0,5301135736937172554,5.301135736937173,0.0,0,0,0,nan,0
CL-WETH/uSOL,0.029747154256085623,0x0225Ba893D5f8Ecd6d2022f9dEC59b34F61098A1,0xcB1137E326B8c48A5B8B29a5Ccc19B6e8b9782D2,0x4200000000000000000000000000000000000006,0x9B8Df6E244526ab5F6e6400d331DB28C8fdDdb55,0x940181a94A35A4569E4529A3CDfB74e38FD98631,18,18,18,803565688389291,65345018549950122,0.000803565688389291,0.06534501854995012,66148584238339413,1761393438094264,237469439966776150346238,237469.43996677615,4.710627807815275e-21,1118.6301474138158,0,1118.6301474138158,212.285928924575,1778716800
CL-WIF/WETH,1.1270896351020746e-05,0x3caCB8007d50f3E4166D7c5FD303c1a6ed337531,0x1C664940858DCEa1e5a3B87951f1f74911102CB5,0x1fba65dE0a9cBD2D1DF82d141897042d36Bb6c86,0x4200000000000000000000000000000000000006,0x940181a94A35A4569E4529A3CDfB74e38FD98631,18,18,18,89472450053507601177,27826065182430087,89.4724500535076,0.027826065182430085,89500276118690031264,0,89974772758403437504,89.97477275840343,0.0,0,0,0,nan,0
CL-WETH/POKT,0.029962362528940686,0x32bb4aD5Fed77f7Abf97d1435f8D6aaae59aA64e,0x470Cb18F662BB91b972C81Fdb385412D5509442a,0x4200000000000000000000000000000000000006,0x764A726d9ceD0433A8D7643335919dEb03a9a935,0x940181a94A35A4569E4529A3CDfB74e38FD98631,18,18,6,464345133265271,75069424,0.000464345133265271,75.069424,464345208334695,1774136386087447,239187432470904654416187,239187.43247090466,1.6191612109692695e-21,387.2830128082204,0,387.2830128082204,617.6037279211843,1778716800
CL-EURC/USD+,0.0017909946528186075,0xA51C7A5a121aD3d73E2E9888Bb016e07bdd5BA94,0xf3295461eB9F0acEC52F2Efb9E9788eD86F57f47,0x60a3E35Cc302bFA44Cb288Bc5a4F316Fdb1adb42,0xB79DD08EA68A908A97220C76d19A6aA9cBDE4376,0x940181a94A35A4569E4529A3CDfB74e38FD98631,18,6,6,1,1,1e-06,1e-06,2,106048672823593,14297384332194294000881,14297.384332194293,1.7766807231992844e-22,2.5401887135181074,0,2.5401887135181074,5628.4732925975095,1778716800
CL-USDC/sUSX,0.014438718962712593,0xF1a662b3ff0aa7002Bb0F0677067709fd31da422,0x01994190cffB892a899694dBD6803F89FBAa4997,0x833589fCD6eDb6E08f4c7C32D4f71b54bdA02913,0xbC404429558292eE2D769E57d57D6E74bbd2792d,0x940181a94A35A4569E4529A3CDfB74e38FD98631,18,6,18,3158111,1199629340630205647,3.158111,1.1996293406302057,1199629340633363758,0,115263277838134101337064,115263.2778381341,0.0,0,0,0,nan,0
CL-wstETH/wrsETH,0.00017918595831634352,0x14dcCDd311Ab827c42CCA448ba87B1ac1039e2A4,0x4197186D3D65f694018Ae4B80355225Ce1dD64AD,0xc1CBa3fCea344f92D9239c08C0568f6F2F0ee452,0xEDfa23602D0EC14714057867A78d01e94176BEA0,0x940181a94A35A4569E4529A3CDfB74e38FD98631,18,18,18,428441310346068,48365840481651096,0.000428441310346068,0.048365840481651094,48794281791997164,0,1430428901029655357988,1430.4289010296554,0.0,0,0,0,nan,0
CL-uDOGE/WETH,7.854333562064388e-06,0xBE700f5c75dFCbEf3Cae37873aEEB1724daED3f6,0x18835e2b9f96fb3356F6Cc91405e3368D8bF6B1e,0x12E96C2BFEA6E835CF8Dd38a5834fa61Cf723736,0x4200000000000000000000000000000000000006,0x940181a94A35A4569E4529A3CDfB74e38FD98631,18,18,18,171450293872707701138,7722289316572848,171.4502938727077,0.007722289316572848,171458016162024273986,0,62700592340328215084,62.70059234032822,0.0,0,0,0,nan,0
CL-WETH/cbBTC,3.3503304476827527,0x70aCDF2Ad0bf2402C957154f944c19Ef4e1cbAE1,0x41b2126661C673C2beDd208cC72E85DC51a5320a,0x4200000000000000000000000000000000000006,0xcbB7C0000aB88B473b1f5aFd9ef808440eed33Bf,0x940181a94A35A4569E4529A3CDfB74e38FD98631,18,18,8,121081658421974664,316102,0.12108165842197466,0.00316102,121081658422290766,197932053171903183,26745452296570484735977811,26745452.296570487,1.0313065711841877e-21,27582.760702746367,0,27582.760702746367,969.6437780395016,1778716800
CL-USDC/cbBTC,3.4413967821934297,0x4e962BB3889Bf030368F56810A9c96B83CB3E778,0x6399ed6725cC163D019aA64FF55b22149D7179A8,0x833589fCD6eDb6E08f4c7C32D4f71b54bdA02913,0xcbB7C0000aB88B473b1f5aFd9ef808440eed33Bf,0x940181a94A35A4569E4529A3CDfB74e38FD98631,18,6,8,298916427,438005,298.916427,0.00438005,299354432,200001728094940868,27472428439226333727000548,27472428.439226333,1.429728403357321e-21,39278.11124876332,0,39278.11124876332,699.4335411199618,1778716800
CL-xPufETH/WETH,6.797478946436603e-05,0xCDf927C0F7b81b146C0C9e9323eb5A28D1BFA183,0x7d90e903936dad918fac797913925C7598d233f8,0x23dA5F2d509cb43A59d43C108a43eDf34510eff1,0x4200000000000000000000000000000000000006,0x940181a94A35A4569E4529A3CDfB74e38FD98631,18,18,18,1665015850436340,9380100726235917,0.00166501585043634,0.009380100726235917,11045116576672257,448110299015,542637962845142579588,542.6379628451426,0.0,0,0,0,nan,0
CL-uSOL/cbBTC,0.009748254178141458,0xC900eA56B5227aE2d95c288a2597B278Cbf741dd,0xBa5377EA1eD9bd016dC07182427340874d94231A,0x9B8Df6E244526ab5F6e6400d331DB28C8fdDdb55,0xcbB7C0000aB88B473b1f5aFd9ef808440eed33Bf,0x940181a94A35A4569E4529A3CDfB74e38FD98631,18,18,8,18494577344165846,37,0.018494577344165847,3.7e-07,18494577344165883,425487332454944,77819627397247815041449,77819.62739724781,0.0,0,0,0,nan,0
CL-cbBTC/uBTC,5.1624186505844676e-06,0x9ed7EB51A8e6Af23d77180acC32a3312A06bDC79,0x381BaA9990C5aA04015936a2ec37D4d2da519899,0xcbB7C0000aB88B473b1f5aFd9ef808440eed33Bf,0xF1143f3A8D76f1Ca740d29D5671d365F66C44eD1,0x940181a94A35A4569E4529A3CDfB74e38FD98631,18,8,18,3285,31060680637158,3.285e-05,3.1060680637158e-05,31060680640443,0,41211224955326199788,41.2112249553262,0.0,0,0,0,nan,0
CL-WETH/ETHFI,0.0014691012053525134,0xFefe4e80F2D747A484154F7ae18B20d478E49D40,0xD33e1Ccbd216Cb3e2D63B114E119862002442196,0x4200000000000000000000000000000000000006,0x6C240DDA6b5c336DF09A4D011139beAAa1eA2Aa2,0x940181a94A35A4569E4529A3CDfB74e38FD98631,18,18,18,405696633189616,600376409866567560,0.000405696633189616,0.6003764098665676,600782106499757176,86991007647289,11727731583541530137708,11727.73158354153,0.0,0,0,0,nan,0
CL-USDz/cbBTC,3.6289295377009088e-09,0x7f770A81811B58094b75CeA1dE76304aa8EAE72c,0x384Ce87727323eDeDdc95D3206399806A3da7F02,0x04D5ddf5f3a8939889F11E97f8c4BB48317F1938,0xcbB7C0000aB88B473b1f5aFd9ef808440eed33Bf,0x940181a94A35A4569E4529A3CDfB74e38FD98631,18,18,8,91955452960064316,165,0.09195545296006431,1.65e-06,91955452960064481,0,28969489235106558,0.02896948923510656,0.0,0,0,0,nan,0
CL-WETH/TRVL,2.268106600684132e-05,0x0511a888D009029781f34696996742B0a55Db585,0x1E81Aaa4aeCe5123f70bF5607876C8d28FcdF89D,0x4200000000000000000000000000000000000006,0x74aa9bB52B36a378a6E641B86d7acb76Dc9b3940,0x940181a94A35A4569E4529A3CDfB74e38FD98631,18,18,18,1,1,1e-18,1e-18,2,1343031423946,181061354512330271190,181.06135451233027,0.0,0,0,0,nan,0
CL-WETH/SPX,0.09944818833567212,0x4BA1e3E9280facbAcaFA7baF4aE0b78Bea60beCa,0x9D312ED8646cE9a4eC2A44279C07CFCcfefAB012,0x4200000000000000000000000000000000000006,0x50dA645f148798F68EF2d7dB7C1CB22A6819bb2C,0x940181a94A35A4569E4529A3CDfB74e38FD98631,18,18,8,317582497739377,354601091,0.000317582497739377,3.54601091,317582852340468,5890694097139834,793887892148582215536731,793887.8921485821,0.0,0,0,0,nan,0
CL-WETH/uSUI,0.012486066958293358,0x5C45b0F48c326f79b56709d8F63CE2beE7697106,0xeD5355807FB4e7A04A7Ff8Bbc20cf65d425cB868,0x4200000000000000000000000000000000000006,0xb0505e5a99abd03d94a1169e638B78EDfEd26ea4,0x940181a94A35A4569E4529A3CDfB74e38FD98631,18,18,18,4645435252852358,8576828970009861634,0.004645435252852358,8.576828970009862,8581474405262713992,731086806661362,99675394239333168975347,99675.39423933318,0.0,0,0,0,nan,0
CL-WETH/mooBIFI,0.01690089813180949,0xb378137c90444BbceCD44a1f766851fbf53D2a9E,0x6E415053AAcDDDc8b678a806a5279A8DCDD4f6f1,0x4200000000000000000000000000000000000006,0xc55E93C62874D8100dBd2DfE307EDc1036ad5434,0x940181a94A35A4569E4529A3CDfB74e38FD98631,18,18,18,27382538549904,2996894909329403,2.7382538549904e-05,0.002996894909329403,3024277447879307,1000767368088214,134918680951650015498621,134918.68095165002,0.0,0,0,0,nan,0
CL-WETH/OVN,2.5128019431251067e-08,0x1DA71Ce5Ebf772f9fdD44E29Bec53C7185E188BA,0x7a8464B293e1A035A2546Dd38fb9cF8BE4c5AB44,0x4200000000000000000000000000000000000006,0xA3d1a8DEB97B111454B294E2324EfAD13a9d8396,0x940181a94A35A4569E4529A3CDfB74e38FD98631,18,18,18,349117664812938180,717953507524156372582,0.34911766481293816,717.9535075241564,718302625188969310762,0,200595211577010362,0.20059521157701038,0.0,0,0,0,nan,0
CL-Mog/USD+,0.0005854549838560605,0x08361c463C8EC4fC1c7AddfADB006f5Ca7951fc1,0xDE199C94Fc91fA302ceae3A34c85c386966fDce5,0x2Da56AcB9Ea78330f947bD57C54119Debda7AF71,0xB79DD08EA68A908A97220C76d19A6aA9cBDE4376,0x940181a94A35A4569E4529A3CDfB74e38FD98631,18,18,6,62166606508697261157577593,31060670,62166606.508697264,31.06067,62166606508697261188638263,0,4673645954339132262636,4673.645954339132,0.0,0,0,0,nan,0
CL-WIF/USD+,3.455836834169302e-06,0x090d9C28E1Edca0e693a9e553B256E07Ca2af021,0xF36283a09895eDff51E9451cd70c64e53B5dc2Bb,0x1fba65dE0a9cBD2D1DF82d141897042d36Bb6c86,0xB79DD08EA68A908A97220C76d19A6aA9cBDE4376,0x940181a94A35A4569E4529A3CDfB74e38FD98631,18,18,6,1612328196336362748,554465,1.6123281963363627,0.554465,1612328196336917213,0,27587702358414755267,27.587702358414752,0.0,0,0,0,nan,0
CL-KEYCAT/USD+,1.355528753597842e-12,0x5D7411A51442D287d742FfefC02658D2c9865F29,0x13DBd71e42055a440337F0c3794d82cD82703e74,0x9a26F5433671751C3276a065f57e5a02D2817973,0xB79DD08EA68A908A97220C76d19A6aA9cBDE4376,0x940181a94A35A4569E4529A3CDfB74e38FD98631,18,18,6,1887650763617552605152,4588939,1887.6507636175527,4.588939,1887650763617557194091,0,10821090690041,1.0821090690041e-05,0.0,0,0,0,nan,0
CL-MIGGLES/USD+,6.259710238817373e-07,0xaeA775CB2879F54E197eC085f9bB08E4B59f1d9E,0x871f78b2C1324fbdEFC9A6Ac9Ac409C9202dEd4F,0xB1a03EdA10342529bBF8EB700a06C60441fEf25d,0xB79DD08EA68A908A97220C76d19A6aA9cBDE4376,0x940181a94A35A4569E4529A3CDfB74e38FD98631,18,18,6,1159333668617412600835,29643993,1159.3336686174125,29.643993,1159333668617442244828,0,4997082651904938879,4.997082651904939,0.0,0,0,0,nan,0
CL-USDz/BRETT,3.944543908801816e-06,0xaf61a867867A95836A08A025220F8E6879F8bAdb,0x3E3E749FD28c2Ee7C6Dd05fa2D70b1b37dba5607,0x04D5ddf5f3a8939889F11E97f8c4BB48317F1938,0x532f27101965dd16442E59d40670FaF5eBB142E4,0x940181a94A35A4569E4529A3CDfB74e38FD98631,18,18,18,1160289361562688300135,22186143542808105304798,1160.2893615626883,22186.143542808106,23346432904370793604933,0,31489016558815711239,31.48901655881571,0.0,0,0,0,nan,0
CL-USDz/DEGEN,0.0005855578515123038,0x24Ee0b4DcCE323A03fba842190CeaA451Ff7cA5B,0x9918C85E4e5937DA606d65C9935Ea3ffe4DE06A4,0x04D5ddf5f3a8939889F11E97f8c4BB48317F1938,0x4ed4E862860beD51a9570b96d89aF5E1B0Efefed,0x940181a94A35A4569E4529A3CDfB74e38FD98631,18,18,18,3079623707873970167,1960343238325287483559,3.0796237078739703,1960.3432383252875,1963422862033161453726,0,4674467139603056836599,4674.467139603057,0.0,0,0,0,nan,0
CL-WETH/DOG,7.23570792673329e-06,0x6bFdf73DC419f2d9393AF8e68459491395Ea88a2,0x85b720eFdAC1BbE7671003AB8E349945B915A611,0x4200000000000000000000000000000000000006,0x9E53e88dCff56d3062510A745952DEC4cEFDff9E,0x940181a94A35A4569E4529A3CDfB74e38FD98631,18,18,18,336057400487393,5070652848011265845862,0.000336057400487393,5070.652848011266,5070653184068666333255,0,57762147408537370814,57.76214740853737,0.0,0,0,0,nan,0
CL-WETH/uNEAR,0.0020270915379200704,0x864cc817099761c7b7F8228822f2BDe0B74A6588,0xB95276137089404eD801c65d5Fba51BDf2c084DF,0x4200000000000000000000000000000000000006,0x5ed25E305E08F58AFD7995EaC72563E6BE65A617,0x940181a94A35A4569E4529A3CDfB74e38FD98631,18,18,18,11382900000001,1756878251293462,1.1382900000001e-05,0.001756878251293462,1768261151293463,120032967333077,16182129158549401689069,16182.129158549402,1.5716829063445328e-21,25.433175786751534,0,25.433175786751534,636.2606578993914,1778716800
CL-BOTTO/WETH,1.78764180488697e-05,0x6641fFD33CF3eF95c75f2afC75A4791Cd2C1B448,0xa3E705674531E59718D97c5fDA03e41263F14351,0x24914CB6BD01E6a0CF2a9c0478e33c25926e6a0c,0x4200000000000000000000000000000000000006,0x940181a94A35A4569E4529A3CDfB74e38FD98631,18,18,18,272443370112900946855,11875218570574127,272.44337011290094,0.011875218570574128,272455245331471520982,0,142706187830003981871,142.70618783000398,0.0,0,0,0,nan,0
CL-WETH/CHAD,6.573417176684858e-05,0x36104bB6Ce1EdF37076f1CF6FBaBbCDF67DDff1B,0x3c63fa8945D6b2AA673a5E1B8ab70022c1796d6c,0x4200000000000000000000000000000000000006,0xecaF81Eb42cd30014EB44130b89Bcd6d4Ad98B92,0x940181a94A35A4569E4529A3CDfB74e38FD98631,18,18,18,8973478051414590,610615231668566293305681,0.00897347805141459,610615.2316685662,610615240642044344720271,0,524751269374278428145,524.7512693742784,0.0,0,0,0,nan,0
CL-USDz/KEYCAT,1.8024427998510546e-05,0x2C206C7dE24787f85B5c52d2ea339aDC6D5af40F,0xE7CfAea003D352B7c94a255566Da36b2DcE39B88,0x04D5ddf5f3a8939889F11E97f8c4BB48317F1938,0x9a26F5433671751C3276a065f57e5a02D2817973,0x940181a94A35A4569E4529A3CDfB74e38FD98631,18,18,18,1,43617673238039867561,1e-18,43.61767323803987,43617673238039867562,1067305317332,143887740846744475670,143.88774084674446,1.8084728712495693e-20,2.602170758267259,0,2.602170758267259,55.295272375805524,1778716800
CL-WETH/uAPT,3.796124520496104e-05,0xa88C07bD10813CF9B4111DeAb984c4026F2C83bf,0x27149E8aEf0331487B97D2D80ef88D7EAB9E026E,0x4200000000000000000000000000000000000006,0x9c0e042d65a2e1fF31aC83f404E5Cb79F452c337,0x940181a94A35A4569E4529A3CDfB74e38FD98631,18,18,18,1,1,1e-18,1e-18,2,2247851574716,303041950220141367160,303.0419502201414,1.0971655379179402e-22,0.03324871843249831,0,0.03324871843249831,9114.394915262026,1778716800
CL-WETH/Neiro,0.0003482643249122382,0xa4513D1f6BDa04Bd733462b58D1790514DdCf5de,0xC36EBCd3B47b3b6C0fBC23e9778B634DFF0517a6,0x4200000000000000000000000000000000000006,0x5Ca35eBC4f25B042d2cAE75914c7e882E631fA9A,0x940181a94A35A4569E4529A3CDfB74e38FD98631,18,18,9,1,1,1e-18,1e-09,2,20624014024098,2780169608338166386984,2780.169608338166,1.3218451297045192e-21,3.674953656534326,0,3.674953656534326,756.5182770114201,1778716800
CL-SolvBTC/cbBTC,8.615418387584168e-05,0x83eE4a0d418aA520A7BC1A3782bDb445F31b8e29,0x2d3825c93f79E97548FE7b7779ADfE6C3b962afb,0x3B86Ad95859b6AB773f55f8d94B4b9d443EE931f,0xcbB7C0000aB88B473b1f5aFd9ef808440eed33Bf,0x940181a94A35A4569E4529A3CDfB74e38FD98631,18,18,8,1,1,1e-18,1e-08,2,5101574045823,687762789666017049726,687.7627896660169,5.388613920614927e-22,0.3706088142475255,0,0.3706088142475255,1855.7647935665875,1778716800
CL-SolvBTC/xSolvBTC,1.773668501688097e-05,0x0c0E3d9b455B1097D4B4B2fd0B34E51d31AD2d1A,0x04917fBA393848554F344c2877A17e9E0650622A,0x3B86Ad95859b6AB773f55f8d94B4b9d443EE931f,0xC26C9099BD3789107888c35bb41178079B282561,0x940181a94A35A4569E4529A3CDfB74e38FD98631,18,18,18,3222194188033,3344217670924,3.222194188033e-06,3.344217670924e-06,6566411858957,0,141590708864669502603,141.5907088646695,0.0,0,0,0,nan,0
CL-jEUR/USDC,2.0322039690017436e-05,0xf11fD84609D5d55f5A2787eF5c8774C17a609B25,0x8f28db1048a89e878FdC18aBbf5D7b5bF242d280,0x4154550f4Db74Dc38d1FE98e1F3F28ed6daD627d,0x833589fCD6eDb6E08f4c7C32D4f71b54bdA02913,0x940181a94A35A4569E4529A3CDfB74e38FD98631,18,18,6,42082979153876360,43261,0.04208297915387636,0.043261,42082979153919621,0,162229413362583118563,162.2294133625831,0.0,0,0,0,nan,0
CL-VIRTUAL/WETH,0.18445263356246894,0xC200F21EfE67c7F41B81A854c26F9cdA80593065,0xBDA319Bc7Cc8F0829df39eC0FFF5D1E061FFadf7,0x0b3e328455c4059EEb9e3f84b5543F74E24e7E1b,0x4200000000000000000000000000000000000006,0x940181a94A35A4569E4529A3CDfB74e38FD98631,18,18,18,18466646015781838835,5096019093919958,18.466646015781837,0.005096019093919958,18471742034875758793,10919953175234019,1472472399053619134149001,1472472.399053619,2.043530808294279e-21,3009.042711829058,0,3009.042711829058,489.3491186632479,1778716800
CL-WETH/uSEI,3.587433830390041e-05,0x859c91f9Fe1EC10e38a7CCaD0B87f0aAE0b88cFE,0x4C74464A878947AF6fb4c2aFdd10799529cAe732,0x4200000000000000000000000000000000000006,0x71a67215a2025F501f386A49858A9ceD2FC0249d,0x940181a94A35A4569E4529A3CDfB74e38FD98631,18,18,18,1,1,1e-18,1e-18,2,2123830312991,286382319225143428949,286.3823192251434,8.893744478225083e-22,0.2547011170269913,0,0.2547011170269913,1124.3857999837307,1778716800
CL-EIGEN/WETH,0.0017159811455521408,0x3c5428b3D6e07f6de38b0c7F84ea9d30b3b27231,0xBf53D46947cED25cefb63a2b09C7a99C1ab96830,0x2081Ab0D9EC9e4303234Ab26D86b20B3367946ee,0x4200000000000000000000000000000000000006,0x940181a94A35A4569E4529A3CDfB74e38FD98631,18,18,18,676039309340987347,102667483913503,0.6760393093409873,0.000102667483913503,676141976824900850,101576690053070,13698556780248977099842,13698.556780248977,5.480273808528486e-21,75.07184193743878,0,75.07184193743878,182.4726345686934,1778716800
CL-EURC/USDC,0.0001173310893070216,0xc5E51044eB7318950B1aFb044FccFb25782C48c1,0x85af8D930cB738954d307D6E62F04dd05D839C37,0x60a3E35Cc302bFA44Cb288Bc5a4F316Fdb1adb42,0x833589fCD6eDb6E08f4c7C32D4f71b54bdA02913,0x940181a94A35A4569E4529A3CDfB74e38FD98631,18,6,6,126090187,143808875,126.090187,143.808875,269899062,0,936645832692723583806,936.6458326927236,0.0,0,0,0,nan,0
CL-WETH/TALENT,0.0028717439664429395,0x346eDb1aAa704dF6dDbfc604724AAFcdC12b2fed,0x37C1Eb7F00CD43A1e52f4E93b55Ed324ce60359d,0x4200000000000000000000000000000000000006,0x9a33406165f562E16C3abD82fd1185482E01b49a,0x940181a94A35A4569E4529A3CDfB74e38FD98631,18,18,18,13656856956222,707174892400877408584,1.3656856956222e-05,707.1748924008774,707174906057734364806,170015116934535,22924930081325706224683,22924.930081325707,7.368834963953102e-21,168.93002632945309,0,168.93002632945309,135.7066625717368,1778716800
CL-WETH/msETH,3.8669718395473547,0x74F72788F4814D7fF3C49B44684aa98Eee140C0E,0x4f665e05d23a5AB1D1A581e8040B585Fb4d0453d,0x4200000000000000000000000000000000000006,0x7Ba6F01772924a82D9626c126347A28299E98c98,0x940181a94A35A4569E4529A3CDfB74e38FD98631,18,18,18,7750355399795975,367607495183581,0.007750355399795975,0.000367607495183581,8117962894979556,228960232617139147,30869764186493326560311938,30869764.186493326,1.2550024757373042e-22,3874.1630479475893,0,3874.1630479475893,7968.111771353341,1778716800
CL-msUSD/USDC,3.997892024688917,0x7501bc8Bb51616F79bfA524E464fb7B41f0B10fB,0x3d86AED6eCC8dAf71C8b50d06f38455b663265d8,0x526728DBc96689597F85ae4cd716d4f7fCcBAE9d,0x833589fCD6eDb6E08f4c7C32D4f71b54bdA02913,0x940181a94A35A4569E4529A3CDfB74e38FD98631,18,18,6,112877042038470,2727,0.00011287704203847,0.002727,112877042041197,236686169801913471,31914890815355754999839212,31914890.815355755,5.638866884230971e-23,1799.6382093255675,0,1799.6382093255675,17734.05935147164,1778716800
CL-WETH/WELL,0.015519745157090318,0x3Ba9ce0f19cF3CcB631b973c83712C7E6E9585ae,0xe871A267A418C200F8b92Ae21397221122B79808,0x4200000000000000000000000000000000000006,0xA88594D404727625A9437C3f886C7643872296AE,0x940181a94A35A4569E4529A3CDfB74e38FD98631,18,18,18,475846946735278,410980623383064245341,0.000475846946735278,410.98062338306426,410981099230010980619,269272980634232,123893033906843660722513,123893.03390684367,0.0,0,0,0,nan,0
CL-USDC/STAR,0.012863432899707091,0xa7C2693022cfB693c198EaA743E9B54d7921588E,0x9Aa4F2cF55E1EA0eEEfC6E455ADe474c8Add67A2,0x833589fCD6eDb6E08f4c7C32D4f71b54bdA02913,0xC19669A405067927865B40Ea045a2baabbbe57f5,0x940181a94A35A4569E4529A3CDfB74e38FD98631,18,6,18,1,1,1e-06,1e-18,2,761551620847199,102687880005151302274582,102687.8800051513,1.63939678767893e-23,1.6834618061400448,0,1.6834618061400448,60998.045593087154,1778716800
CL-RUSSELL/WETH,6.500462944876104e-07,0x6bcE1AAa2eFE9dE37BEC193f3499484082B261c2,0x985a58248b44Ca5914b03b6de3f0934A2078720B,0x0C5142BC58f9A61AB8C3D2085DD2F4e550c5cE0B,0x4200000000000000000000000000000000000006,0x940181a94A35A4569E4529A3CDfB74e38FD98631,18,18,18,118326465490048908427871,256580554820712938,118326.46549004891,0.25658055482071296,118326722070603729140809,0,5189273843660892491,5.189273843660892,0.0,0,0,0,nan,0
CL-LOGX/USDC,1.0554684135767101e-05,0x68ae3F59217490F3E02b8076aE117c9f9Dc0fEbE,0xf661ede7D6318e43fCF252351A05C3ce377F1E9D,0x04055057677807D2a53d2b25a80FF3b4d932aE1a,0x833589fCD6eDb6E08f4c7C32D4f71b54bdA02913,0x940181a94A35A4569E4529A3CDfB74e38FD98631,18,18,6,1115697094776156882492,9902648,1115.697094776157,9.902648,1115697094776166785140,0,84257301023477632445,84.25730102347762,0.0,0,0,0,nan,0
CL-WETH/ElonRWA,1.8046345932545782e-07,0x5Ca1C5d0db6c558ca0a4c1Bb7792831aB5805672,0x6c58108057d0Cb05D36518B2642DAaAEDe49828D,0x4200000000000000000000000000000000000006,0xAa6Cccdce193698D33deb9ffd4be74eAa74c4898,0x940181a94A35A4569E4529A3CDfB74e38FD98631,18,18,18,29382599356424,990172274954335650051,2.9382599356424e-05,990.1722749543356,990172304336935006475,0,1440627101724073089,1.4406271017240733,0.0,0,0,0,nan,0
CL-uXRP/WETH,0.006623494228435884,0x61C6e9E93592e535Efc1BEE07f491A517e98f6d0,0x4b9C4828A512ed379b8F2b656aCc839A62265ADb,0x2615a94df961278DcbC41Fb0a54fEc5f10a693aE,0x4200000000000000000000000000000000000006,0x940181a94A35A4569E4529A3CDfB74e38FD98631,18,18,18,1,639134950926249,1e-18,0.000639134950926249,639134950926250,392144579360582,52874888519061171856368,52874.88851906117,0.0,0,0,0,nan,0
CL-USDC/CHAMP,0.00034241595980720403,0x58c5649e6BC93969f4530673E8892faf762Cc7E7,0x0e956C897bBFCbd2155D3DfdD27c87fa5A0FaD39,0x833589fCD6eDb6E08f4c7C32D4f71b54bdA02913,0xEb6d78148F001F3aA2f588997c5E102E489Ad341,0x940181a94A35A4569E4529A3CDfB74e38FD98631,18,6,18,32338,33245735120770490204,0.032338,33.24573512077049,33245735120770522542,20272768103046,2733482521087472672006,2733.482521087473,0.0,0,0,0,nan,0
CL-WETH/uADA,6.897918960207032e-06,0xB79C8a96D89f5CCa7B907D3d1229b61373C3D439,0xC397805B44426d10a304D339D405f35d69A2Eb1b,0x4200000000000000000000000000000000000006,0xa3A34A0D9A08CCDDB6Ed422Ac0A28a06731335aA,0x940181a94A35A4569E4529A3CDfB74e38FD98631,18,18,18,2282576718620928,18650071904585982258,0.002282576718620928,18.65007190458598,18652354481304603186,0,55065601849342014550,55.065601849342016,0.0,0,0,0,nan,0
CL-LUM/WETH,0.00030701033841678123,0x80FDA26eEf8eAEfBbB2c75b84bF351c99c2a6D47,0x930b91c3DDd7D344ef8d599D1D6D68b17bb14c16,0x0fD7a301B51d0A83FCAf6718628174D527B373b6,0x4200000000000000000000000000000000000006,0x940181a94A35A4569E4529A3CDfB74e38FD98631,18,18,18,1,1,1e-18,1e-18,2,18176601854820,2450841936012368645317,2450.8419360123685,0.0,0,0,0,nan,0
CL-WETH/AIXBT,0.22488661575726399,0x22A52bB644f855ebD5ca2edB643FF70222D70C31,0xC23924a846eca931Ec3014253E94f15b038bd0C8,0x4200000000000000000000000000000000000006,0x4F9Fd6Be4a90f2620860d680c0d4d5Fb53d1A825,0x940181a94A35A4569E4529A3CDfB74e38FD98631,18,18,18,3745306397382054,244490267635432913873,0.003745306397382054,244.4902676354329,244494012941830295927,13314569597664614,1795254034727567883916345,1795254.034727568,0.0,0,0,0,nan,0
CL-SEKOIA/WETH,0.0001729888847743926,0x52f38A65DAb3Cf23478cc567110BEC90162aB832,0x0592D3036ed8BFDF4545410EDfc7F075227324A2,0x1185cB5122Edad199BdBC0cbd7a0457E448f23c7,0x4200000000000000000000000000000000000006,0x940181a94A35A4569E4529A3CDfB74e38FD98631,18,18,18,14155537116394818805649,1038878521806883,14155.537116394818,0.001038878521806883,14155538155273340612532,0,1380958098855731233853,1380.9580988557311,0.0,0,0,0,nan,0
CL-cbBTC/LBTC,0.014360998263457724,0xA44D3Bb767d953711EA4Bce8C0F01f4d7D299aF6,0xc3f97660D0b47F0E05C3c513f73eeff7c1bd6c7a,0xcbB7C0000aB88B473b1f5aFd9ef808440eed33Bf,0xecAc9C5F704e954931349Da37F60E39f515c11c1,0x940181a94A35A4569E4529A3CDfB74e38FD98631,18,8,8,30,7357,3e-07,7.357e-05,7387,850252960705920,114642838962973330738532,114642.83896297333,0.0,0,0,0,nan,0
CL-USDC/AVAIL,0.0018953220703668435,0xFf0df9b15C29542fa5d7eFe169452507b4d648C2,0x63F2328a30DFbf8dDC137318181D887d98d06514,0x833589fCD6eDb6E08f4c7C32D4f71b54bdA02913,0xd89d90d26B48940FA8F58385Fe84625d468E057a,0x940181a94A35A4569E4529A3CDfB74e38FD98631,18,6,18,1830960,765475921719906923887,1.83096,765.475921719907,765475921719908754847,112214337506786,15130222767934456046678,15130.222767934456,7.125538145469789e-21,107.81097948237246,0,107.81097948237246,140.34027740568214,1778716800
CL-CLANKER/WETH,0.836292611514808,0xd23FE2DB317e1A96454a2D1c7e8fc0DbF19BB000,0xeE096FdD7fe7a759F3e8B0855B02976cf0FD25F9,0x1bc0c42215582d5A085795f4baDbaC3ff36d1Bcb,0x4200000000000000000000000000000000000006,0x940181a94A35A4569E4529A3CDfB74e38FD98631,18,18,18,1149625257546367470,22676089914015934,1.1496252575463675,0.022676089914015932,1172301347460383404,49513362792911351,6676065091643047963057274,6676065.091643048,9.838561645451335e-22,6568.287795317585,0,6568.287795317585,1016.408735378845,1778716800
CL-SEAM/USDC,0.0015611787135051713,0x948e80fBB383694b462f79557a3A44a25416dc72,0x843b7a6e1aa033572d72df5b318Fc90a37Eaa2fb,0x1C7a460413dD4e964f96D8dFC56E7223cE88CD85,0x833589fCD6eDb6E08f4c7C32D4f71b54bdA02913,0x940181a94A35A4569E4529A3CDfB74e38FD98631,18,18,6,313485912564413578,5858,0.3134859125644136,0.005858,313485912564419436,92431630405800,12462779854253834084852,12462.779854253835,5.915112684575685e-22,7.371874720097117,0,7.371874720097117,1690.5848684972837,1778716800
CL-AERO/cbBTC,0.6274989582727433,0xdFe5F275020def30993f042174Fc2D335678b626,0x2B74B62c564456C48055bd515A62594742b3f545,0x940181a94A35A4569E4529A3CDfB74e38FD98631,0xcbB7C0000aB88B473b1f5aFd9ef808440eed33Bf,0x940181a94A35A4569E4529A3CDfB74e38FD98631,18,18,8,203347815413032746855,103238,203.34781541303275,0.00103238,203347815413032850093,36732681019755024,5009280044671136417571199,5009280.044671136,6.276884187962267e-21,31442.670705471173,0,31442.670705471173,159.3147125317029,1778716800
CL-ANON/WETH,1.193174687071145e-07,0xDB20b9455DEB2D616727cbdae4aC9F8eeB9AC899,0xf823D416eF26B5233dAE227BA7B8F3159a68C2fc,0x0Db510e79909666d6dEc7f5e49370838c16D950f,0x4200000000000000000000000000000000000006,0x940181a94A35A4569E4529A3CDfB74e38FD98631,18,18,18,727449058694831860686210,174643987438359527,727449.0586948319,0.17464398743835952,727449233338819299045737,0,952502959718751855,0.9525029597187519,0.0,0,0,0,nan,0
CL-WETH/MORPHO,1.1357592827948801,0xB5F0b4aE66C14F7EFaA9aA1468E8FC536A3E288c,0xf008577BfbB3B8EAAaC22C1933C9a8cd876fCFd2,0x4200000000000000000000000000000000000006,0xBAa5CC21fd487B8Fcc2F632f3F4E8D37262a0842,0x940181a94A35A4569E4529A3CDfB74e38FD98631,18,18,18,2004805216211345,33718268481303857062,0.002004805216211345,33.71826848130386,33720273286520068407,67244103121190990,9066686463535957074065118,9066686.463535957,1.01428494310088e-21,9196.203563781088,0,9196.203563781088,985.9162425726167,1778716800
CL-WETH/SAINT,3.089320243757678e-07,0xeb4ab2038eF5662ff00AcabBB76A09aBd7440D10,0x7cFfFd69796e607a38a36BE004074941cF58b7B9,0x4200000000000000000000000000000000000006,0x7588880d9c78E81FAde7b7e8DC0781E95995a792,0x940181a94A35A4569E4529A3CDfB74e38FD98631,18,18,18,16805761541388017,32245293797666457912521,0.016805761541388017,32245.293797666458,32245310603427999300538,0,2466182619848678762,2.466182619848679,0.0,0,0,0,nan,0
CL-WETH/DOGE,3.558505432568455e-05,0x03Cd22d89bba07b109b869DA1B5fD344d0Ad6B40,0x8118696CDb46892a6314b70c71B2fBcD2EcD5E5d,0x4200000000000000000000000000000000000006,0x67f0870BB897F5E1c369976b4A2962d527B9562c,0x940181a94A35A4569E4529A3CDfB74e38FD98631,18,18,18,8564566151327839,8047070524939851640128,0.008564566151327838,8047.070524939852,8047079089506002967967,0,284072985575716204008,284.0729855757162,0.0,0,0,0,nan,0
CL-RSR/bsdETH,0.00010965790942618136,0xe2cb3a61D580004306e70F32341e00D596b4ecc4,0x0DED14A7A643344eC12e38d87dbDeF8245551e38,0xaB36452DbAC151bE02b16Ca17d8919826072f64a,0xCb327b99fF831bF8223cCEd12B1338FF3aA322Ff,0x940181a94A35A4569E4529A3CDfB74e38FD98631,18,18,18,1,4438420000166,1e-18,4.438420000166e-06,4438420000167,6493964773038,875391377446985562392,875.3913774469855,0.0,0,0,0,nan,0
CL-SIMMI/WETH,0.0012213194131166125,0xBae6f0e8D43E6158D3Df940B332adC75BEEBA75f,0x1c553B8CBCfa13c5F93394A3138e6C6Ca16E3737,0x161e113B8E9BBAEfb846F73F31624F6f9607bd44,0x4200000000000000000000000000000000000006,0x940181a94A35A4569E4529A3CDfB74e38FD98631,18,18,18,1,1,1e-18,1e-18,2,72310852704631,9749706965466140098263,9749.70696546614,2.7763019937894935e-22,2.706813088708696,0,2.706813088708696,3601.9136327278907,1778716800
CL-HENLO/WETH,0.000456130687449171,0xa1B6F148F208FFe9Eb04C68BcBFEa3525f2536d6,0xB592a97283c160FFD764E614d6cA4ddbCEa395A3,0x23A96680Ccde03Bd4Bdd9a3e9a0Cb56A5D27F7c9,0x4200000000000000000000000000000000000006,0x940181a94A35A4569E4529A3CDfB74e38FD98631,18,18,18,75877296454717182309372463654,39957560763823735,75877296454.71718,0.039957560763823737,75877296454757139870136287389,0,3641259192988382510090,3641.2591929883824,0.0,0,0,0,nan,0
CL-GAME/WETH,0.008288817913171386,0x2A36148a416cBa81699B555120Bd65f4682BDFD2,0x6366138fD616Df7E5906D7B00250634da342Ee20,0x1C4CcA7C5DB003824208aDDA61Bd749e55F463a3,0x4200000000000000000000000000000000000006,0x940181a94A35A4569E4529A3CDfB74e38FD98631,18,18,18,9154456053630490191,358208356343606,9.15445605363049,0.000358208356343606,9154814261986833797,490757360259547,66169050352932873279256,66169.05035293287,5.048532152598416e-21,334.0565782136852,0,334.0565782136852,198.07737571510017,1778716800
CL-WETH/PEPE,0.0009973698284594511,0x47f6F4b438B9D91E7387d6c1CF953A86BF5de1A5,0x16cb808aEB948836695d5033a8CAC675f916835A,0x4200000000000000000000000000000000000006,0x52b492a33E447Cdb854c7FC19F1e57E8BfA1777D,0x940181a94A35A4569E4529A3CDfB74e38FD98631,18,18,18,2630529917462380,1230908065200944195644289796,0.00263052991746238,1230908065.2009442,1230908065203574725561752176,0,7961933184098515124742,7961.933184098515,0.0,0,0,0,nan,0
CL-USDz/sUSDz,0.00029336914338546716,0x96CC4b6A75fA1dFea66091589d1f25AfF3aa0318,0xb1C4225d490B881d2e011decc9E0F7439F2AC174,0x04D5ddf5f3a8939889F11E97f8c4BB48317F1938,0xe31eE12bDFDD0573D634124611e85338e2cBF0cF,0x940181a94A35A4569E4529A3CDfB74e38FD98631,18,18,18,1,1,1e-18,1e-18,2,17369553523509,2341945235619556540882,2341.9452356195566,0.0,0,0,0,nan,0
CL-USDS/USDC,4.2137880327114e-05,0xA441378a1CB4DF371535296e539a1E0deF6924e4,0xe2a2B1D8AA4bD8A05e517Ccf61E96A727831B63e,0x820C137fa70C8691f0e44Dc420a5e53c168921Dc,0x833589fCD6eDb6E08f4c7C32D4f71b54bdA02913,0x940181a94A35A4569E4529A3CDfB74e38FD98631,18,18,6,539100983801383,1,0.000539100983801383,1e-06,539100983801384,2494897189548,336383734609494352099,336.38373460949435,1.9678036851349738e-22,0.0661937152584028,0,0.0661937152584028,5081.807741057304,1778716800
CL-WETH/USDS,2.7669809053006104e-05,0x4289a0666397f517c2A761652AaebAf6A4f7A693,0x0C8a0BA64139c17eB90a9Fe63158498be41467eb,0x4200000000000000000000000000000000000006,0x820C137fa70C8691f0e44Dc420a5e53c168921Dc,0x940181a94A35A4569E4529A3CDfB74e38FD98631,18,18,18,1560401323154,1636668280849292,1.560401323154e-06,0.001636668280849292,1638228682172446,1638272459502,220886139334177229768,220.88613933417722,0.0,0,0,0,nan,0
CL-cbBTC/superOETHb,0.0006758393120606818,0x4d9199269D4F89a367965e90d07D6F4AF7750eD0,0x0c240E7B77FF16839bCf9E9CE15193Baf4CA5911,0xcbB7C0000aB88B473b1f5aFd9ef808440eed33Bf,0xDBFeFD2e8460a6Ee4955A68582F85708BAEA60A3,0x940181a94A35A4569E4529A3CDfB74e38FD98631,18,8,18,12,12928600661017,1.2e-07,1.2928600661017e-05,12928600661029,40015055032616,5395177688627084446753,5395.1776886270845,0.0,0,0,0,nan,0
CL-WETH/HEU,0.00013771333603045701,0x7C42dD1556754Be827E187cE0870e70c5E571f35,0x54A9d2003b547E54c4cf6dDCf1588032c4386687,0x4200000000000000000000000000000000000006,0xEF22cb48B8483dF6152e1423b19dF5553BbD818b,0x940181a94A35A4569E4529A3CDfB74e38FD98631,18,18,18,57492160581656,5741183956560155129,5.7492160581656e-05,5.741183956560155,5741241448720736785,8153723261793,1099355874568029244822,1099.3558745680293,0.0,0,0,0,nan,0
CL-WETH/MOXIE,1.9204447116863967e-05,0x8A86610952343bEff5f1A906Fd5Bd9185c031A90,0xe6813B3271803DC1C083EC5E605d68926757cA92,0x4200000000000000000000000000000000000006,0x8C9037D1Ef5c6D1f6816278C7AAF5491d24CD527,0x940181a94A35A4569E4529A3CDfB74e38FD98631,18,18,18,214466044937650,26747684632142848348717,0.00021446604493765,26747.68463214285,26747684846608893286367,0,153307750464240862015,153.30775046424088,0.0,0,0,0,nan,0
CL-WETH/FAI,0.09426022666384057,0x28A9eC9928A689410e82E579FD9418FbBF6452F3,0x093b5fa753c6a4C94B0aE98326919A5e241901a0,0x4200000000000000000000000000000000000006,0xb33Ff54b9F7242EF1593d2C9Bcd8f9df46c77935,0x940181a94A35A4569E4529A3CDfB74e38FD98631,18,18,18,17408089316146993,6520767057285390826832,0.017408089316146992,6520.767057285391,6520784465374706973825,5476597648925512,752472759051375015976798,752472.7590513751,4.617971172577974e-21,3474.8975094494617,0,3474.8975094494617,216.5453101868871,1778716800
CL-Mog/wBLT,9.189633274051456e-05,0x48d0CC084D274889131986925FB3B348a4405811,0xCB32e7190785E7bF4f02c56Cb576bf38BeBB2b17,0x2Da56AcB9Ea78330f947bD57C54119Debda7AF71,0x4E74D4Db6c0726ccded4656d0BCE448876BB4C7A,0x940181a94A35A4569E4529A3CDfB74e38FD98631,18,18,18,13408464562548410812742753,10133291059622195641,13408464.56254841,10.133291059622195,13408474695839470434938394,0,733601960141316138606,733.6019601413161,0.0,0,0,0,nan,0
CL-WETH/PENDLE,0.029410509122004137,0x016df91005F30039c9f1A89b44db5e8c60613603,0xB2025A9813914b7a0eB85a2b87848028fbE4d203,0x4200000000000000000000000000000000000006,0xA99F6e6785Da0F5d6fB42495Fe424BCE029Eeb3E,0x940181a94A35A4569E4529A3CDfB74e38FD98631,18,18,18,1179863817216284,1198815506657029577,0.001179863817216284,1.1988155066570296,1199995370474245861,1746220794803839,234782025541528519008049,234782.0255415285,1.7023471425777624e-21,399.6805103092403,0,399.6805103092403,587.4242538368289,1778716800
CL-uSHIB/WETH,3.125876022564053e-07,0x83212D59403D96A95Fd750d5b6880F77d0CAb337,0xbE1F88D873Ed7Cb52160e5C3aaf6bB04bc0aF982,0x239b9C1F24F3423062B0d364796e07Ee905E9FcE,0x4200000000000000000000000000000000000006,0x940181a94A35A4569E4529A3CDfB74e38FD98631,18,18,18,2986800706539443936975640,20144713723288566,2986800.706539444,0.020144713723288566,2986800726684157660264206,0,2495364840930963729,2.495364840930964,0.0,0,0,0,nan,0
CL-WETH/uLINK,0.0009680352037859113,0xFd4F716cb3c493aFDDd40C67d3f42426aEb2d902,0xfd4fbaF8B074e7c275b9fCA2de88A912cAeEA9c3,0x4200000000000000000000000000000000000006,0xd403D1624DAEF243FbcBd4A80d8A6F36afFe32b2,0x940181a94A35A4569E4529A3CDfB74e38FD98631,18,18,18,1,314847167214829,1e-18,0.000314847167214829,314847167214830,57316130869122,7727756938771249748633,7727.75693877125,3.285267223970265e-21,25.387746585753977,0,25.387746585753977,304.38924197815913,1778716800
CL-AERO/CHAMP,3.5814619067472237e-10,0xee16Ce7cf7F4714C9Fc20463ab6c5223E826A2eb,0x869305781fff479f0311974d55FeeB6Fc9DE96a2,0x940181a94A35A4569E4529A3CDfB74e38FD98631,0xEb6d78148F001F3aA2f588997c5E102E489Ad341,0x940181a94A35A4569E4529A3CDfB74e38FD98631,18,18,18,36865109390170691357,8010017751767075117314,36.865109390170694,8010.017751767075,8046882861157245808671,0,2859055847614782,0.002859055847614782,0.0,0,0,0,nan,0
CL-VIRTUAL/WETH,0.8414890155364018,0x3f0296BF652e19bca772EC3dF08b32732F93014A,0x5013Ea8783Bfeaa8c4850a54eacd54D7A3B7f889,0x0b3e328455c4059EEb9e3f84b5543F74E24e7E1b,0x4200000000000000000000000000000000000006,0x940181a94A35A4569E4529A3CDfB74e38FD98631,18,18,18,68006631242357954820,23529909602042943,68.00663124235795,0.02352990960204294,68030161151959997763,49823986722127785,6717547619424559416679345,6717547.619424559,1.844879731201705e-21,12393.067446458632,0,12393.067446458632,542.040753707358,1778716800
CL-EMP/WETH,0.0023033724006300605,0xb0f400ded843b39370B059aD49AcFF6eB7365EEF,0x72Ef9Eef04485fC4dE5Bb9205498e3d649A06596,0x39D5313C3750140E5042887413bA8AA6145a9bd2,0x4200000000000000000000000000000000000006,0x940181a94A35A4569E4529A3CDfB74e38FD98631,18,18,18,414886817726437,3182260747058,0.000414886817726437,3.182260747058e-06,418069078473495,143305083342302,18387659851551982241463,18387.659851551984,0.0,0,0,0,nan,0
CL-WETH/LAY,0.00015791304166002407,0xEDA5C8f08e92E6983Ae29aB2D5Dc244342bF70c8,0x7946898CDBe3246a55C596D2d602A7394011fDDE,0x4200000000000000000000000000000000000006,0xb89D354AD1b0d95a48b3De4607F75a8cD710c1bA,0x940181a94A35A4569E4529A3CDfB74e38FD98631,18,18,18,969067993369561,4941723873286528117120,0.000969067993369561,4941.723873286528,4941724842354521486681,0,1260608703731198722981,1260.6087037311988,0.0,0,0,0,nan,0
CL-WETH/Anon,0.004935385171563108,0x1807af3897aA6419E770D4642dF7B8b06E542C02,0xeCa59A0fBD6498B4d3d6E4143a30C2E8d8F68686,0x4200000000000000000000000000000000000006,0x79bbF4508B1391af3A0F4B30bb5FC4aa9ab0E07C,0x940181a94A35A4569E4529A3CDfB74e38FD98631,18,18,18,11355611814170,315900360578570733,1.135561181417e-05,0.31590036057857074,315911716190384903,292224202227120,39398832662174949556331,39398.83266217495,3.586788814920641e-21,141.31529231361912,0,141.31529231361912,278.8009140209515,1778716800
CL-WETH/ACOLYT,4.304821912494676e-06,0x984FaEED533D60B53F142ad76b629D64849ea507,0x792F8CAB72d9B67cc310C8dBd2A87b9FDC327Fb7,0x4200000000000000000000000000000000000006,0x79dacb99A8698052a9898E81Fdf883c29efb93cb,0x940181a94A35A4569E4529A3CDfB74e38FD98631,18,18,18,123472817602068,925025974214714972344,0.000123472817602068,925.025974214715,925026097687532574412,0,34365090519799353914,34.36509051979935,0.0,0,0,0,nan,0
CL-WETH/AION,4.935360849560773e-05,0x1d6aaA7ae38856fFfc37e5e3C99D1c392631f450,0x41aD48761d843B7b2c33fE4aAd944Ab229599dF8,0x4200000000000000000000000000000000000006,0xfc48314ad4aD5bD36a84E8307b86A68A01D95d9C,0x940181a94A35A4569E4529A3CDfB74e38FD98631,18,18,18,4585465222734574,518636270421593313137,0.004585465222734574,518.6362704215933,518640855886816047711,0,393986385013411524612,393.98638501341156,0.0,0,0,0,nan,0
CL-BNKR/WETH,0.6405956433969785,0xCDD442e2De893c07146B2F1072f8e077559f9aa4,0x28dCF4ABc65a3E0971602BdBaa95f14CEEC09a2a,0x22aF33FE49fD1Fa80c7149773dDe5890D3c76F3b,0x4200000000000000000000000000000000000006,0x940181a94A35A4569E4529A3CDfB74e38FD98631,18,18,18,441225099357488744349153,48783730534447117,441225.09935748874,0.048783730534447116,441225148141219278796270,37928178770453506,5113829960777384680211180,5113829.960777384,2.137127851585956e-21,10928.908437452064,0,10928.908437452064,467.91772390121776,1778716800
CL-WETH/DKING,7.009661668982745e-07,0x18D9600F64149AC0dB8517a74D0827b57960C4d3,0x16fe97736520c893E57807fC2d6B08030bDa96f1,0x4200000000000000000000000000000000000006,0x57eDc3F1fd42c0D48230e964b1C5184B9c89B2ed,0x940181a94A35A4569E4529A3CDfB74e38FD98631,18,18,18,74493591886379,215081698550601088649,7.4493591886379e-05,215.0816985506011,215081773044192975028,0,5595763603334839960,5.595763603334841,0.0,0,0,0,nan,0
CL-USDC/TRUMP,5.3502527118400026e-05,0x0c40e7F5b43f6759060a3c4D2fb406DFecF03B57,0x0c1D14b66e74FBB35d53A0c97Dbe93fa8a97BbE7,0x833589fCD6eDb6E08f4c7C32D4f71b54bdA02913,0xc27468b12ffA6d714B1b5fBC87eF403F38b82AD4,0x940181a94A35A4569E4529A3CDfB74e38FD98631,18,6,18,1,167964731799576,1e-06,0.000167964731799576,167964731799577,3167925878918,427106910537988558617,427.1069105379886,0.0,0,0,0,nan,0
CL-WETH/VEIL,0.0009819148194552712,0x8caD4aF4c6b4dd0eFd195407498E55eB9C328CD3,0x40a844835DF0a7b09E2B4D4D85443714c473624d,0x4200000000000000000000000000000000000006,0x767A739D1A152639e9Ea1D8c1BD55FDC5B217D7f,0x940181a94A35A4569E4529A3CDfB74e38FD98631,18,18,18,24469209922520,1,2.446920992252e-05,1e-18,24469209922521,58134485436316,7838556934346716538071,7838.556934346717,7.729883442337189e-21,60.59113145862405,0,60.59113145862405,129.3680567708072,1778716800
CL-WETH/WELS,3.0311550474854115e-07,0x39d8E6Ce85Be6fDb679b1515a0A8cbC919df948b,0x977EFe76abA185f61A70A67D491e780b205ed908,0x4200000000000000000000000000000000000006,0x7F62ac1e974D65Fab4A81821CA6AF659A5F46298,0x940181a94A35A4569E4529A3CDfB74e38FD98631,18,18,18,177014724220558,169991718579347709733,0.000177014724220558,169.99171857934772,169991895594071930291,0,2419749752807264060,2.4197497528072645,0.0,0,0,0,nan,0
CL-WETH/USDC,0.0015743627394977585,0x0652202C4b2D09CB93aEDeFAdc14B36869483a98,0x9017Bdde03D36636113a55Aa97CF159048843498,0x4200000000000000000000000000000000000006,0x833589fCD6eDb6E08f4c7C32D4f71b54bdA02913,0x940181a94A35A4569E4529A3CDfB74e38FD98631,18,18,6,83184641434322,123971,8.3184641434322e-05,0.123971,83184641558293,93220145104741,12568027006368447698067,12568.027006368447,2.556653214773446e-21,32.13208664919138,0,32.13208664919138,391.1363474019739,1778716800
CL-WETH/ANZ,2.0934136559947933e-05,0xaE092538552D0B772014346d9E9a6273C24C5612,0x52abaB90414f807E624cF86973eD85aE9de50Ed7,0x4200000000000000000000000000000000000006,0xeeC468333ccc16D4BF1cEf497A56cf8C0aAe4Ca3,0x940181a94A35A4569E4529A3CDfB74e38FD98631,18,18,18,1,1,1e-18,1e-18,2,1239532304139,167115739619424135984,167.11573961942415,1.2640732346419384e-21,0.21124653354030543,0,0.21124653354030543,791.0934055045159,1778716800
CL-WETH/VVV,1.4736015896764347,0x46D398A5b33709877f50c8918A7eE96F1Be1d7dd,0x6831125a82Af7417e0cde3A214c03fE248Ff6AA8,0x4200000000000000000000000000000000000006,0xacfE6019Ed1A7Dc6f7B508C02d1b04ec88cC21bf,0x940181a94A35A4569E4529A3CDfB74e38FD98631,18,18,18,109300742140166785,25021054082392757268,0.10930074214016679,25.02105408239276,25130354824532924053,87254273681474670,11763657835035594194001332,11763657.835035594,1.095887561446268e-21,12891.646298525444,0,12891.646298525444,912.5023726706752,1778716800
CL-WETH/VVV,0.09171897025108339,0x7eC6C9D993D9832Aa654593f2Dbc21303650Bc6c,0x5d05eF25a5f933271E1f0FDc02dC3EaB6a4eA687,0x4200000000000000000000000000000000000006,0xacfE6019Ed1A7Dc6f7B508C02d1b04ec88cC21bf,0x940181a94A35A4569E4529A3CDfB74e38FD98631,18,18,18,748656671127366187,194970228053746894138,0.7486566711273662,194.9702280537469,195718884724874260325,0,732186087864131312857029,732186.0878641313,0.0,0,0,0,nan,0
CL-WETH/FLAY,1.193128882552921e-06,0x6eAF8196a9A3207A9CdF06EFd112fef7a27E34Fb,0x5B75d4Ae48E15892D3810b227D34dB45198C439B,0x4200000000000000000000000000000000000006,0xF1A7000000950C7ad8Aff13118Bb7aB561A448ee,0x940181a94A35A4569E4529A3CDfB74e38FD98631,18,18,18,18900576886841,16731695440802789697,1.8900576886841e-05,16.73169544080279,16731714341379676538,7864579760,9524663942940495978,9.524663942940496,0.0,0,0,0,nan,0
CL-WETH/AAVE,0.06537952751332984,0x4a79B0168296c0eF7b8F314973B82aD406a29f1B,0x28047b764D603A25146A0b8a8D414740dC1E650E,0x4200000000000000000000000000000000000006,0x63706e401c06ac8513145b7687A14804d17f814b,0x940181a94A35A4569E4529A3CDfB74e38FD98631,18,18,18,35326384982018562,22716645532132802,0.03532638498201856,0.022716645532132804,58043030514151364,3789530271536681,521920169244648479003506,521920.1692446485,0.0,0,0,0,nan,0
CL-WETH/TIBBIR,0.004334590488739396,0x0f664afFB82f074937D5cFCD61b97F3F32d5dC50,0x2335A595b567CddDec56DE21261795ba7e7Aad98,0x4200000000000000000000000000000000000006,0xA4A2E2ca3fBfE21aed83471D28b6f65A233C6e00,0x940181a94A35A4569E4529A3CDfB74e38FD98631,18,18,18,446242366473238558,6592769154565246485414,0.44624236647323856,6592.769154565247,6593215396931719723972,0,34602730969994546819907,34602.73096999455,0.0,0,0,0,nan,0
CL-WETH/W,0.010949644681923432,0xf1Eef36d55978eDfD427e95c3D0C9B9359EF0AEF,0xA2292a26d33117f52Fd511aafD98A73C2172a990,0x4200000000000000000000000000000000000006,0xB0fFa8000886e57F86dd5264b9582b2Ad87b2b91,0x940181a94A35A4569E4529A3CDfB74e38FD98631,18,18,18,65998407014051,91291448038787696967,6.5998407014051e-05,91.29144803878769,91291514037194711018,648333821268625,87410243281324999125500,87410.243281325,7.319137299073487e-21,639.7675719214335,0,639.7675719214335,136.6281242089266,1778716800
CL-WETH/KAITO,0.007969141607968485,0x56b92E5B391DbFb8b8028AC95A4b97f52ffEB416,0x6205DfbE68444cFF504A20a712cEa794c6b6Cf04,0x4200000000000000000000000000000000000006,0x98d0baa52b2D063E780DE12F615f963Fe8537553,0x940181a94A35A4569E4529A3CDfB74e38FD98631,18,18,18,679000342467950,2326268097167809250,0.00067900034246795,2.326268097167809,2326947097510277200,471891449882971,63617096895010061183572,63617.09689501006,2.719185778265802e-21,172.98670513146885,0,172.98670513146885,367.7571455370599,1778716800
CL-WETH/RIZ,3.9507814783846146e-05,0x78abF9026c500744Cb033842744b87ffA0F73689,0x5983adac7383396B31A3F4c5654623702ad27FaC,0x4200000000000000000000000000000000000006,0x67543CF0304C19CA62AC95ba82FD4F4B40788dc1,0x940181a94A35A4569E4529A3CDfB74e38FD98631,18,18,8,219763310636660,54068089530,0.00021976331063666,540.6808953,219817378726190,0,315388106380351682257,315.3881063803517,0.0,0,0,0,nan,0
CL-WETH/COW,9.644483415165935e-05,0x6D99904cd4ec6F558D279a643b64d2Dc8E2E4C18,0xFB0232F10272848b303C2DDa79C6bb568e19c18d,0x4200000000000000000000000000000000000006,0xc694a91e6b071bF030A18BD3053A7fE09B6DaE69,0x940181a94A35A4569E4529A3CDfB74e38FD98631,18,18,18,54961257245262,861513549258117195,5.4961257245262e-05,0.8615135492581172,861568510515362457,0,769912326958057072041,769.9123269580572,0.0,0,0,0,nan,0
CL-WETH/LINKS,4.635014796009811e-08,0x4Ba79157c6e7aB14bce06a869aF2d14C51C8E269,0x93eE62191632cdb63710f6dBe497Dbc6640242F4,0x4200000000000000000000000000000000000006,0x901F1D2BF312e6Fa1716Df603df8F86315bcb355,0x940181a94A35A4569E4529A3CDfB74e38FD98631,18,18,18,65123592953868294,2255443377782933086454175,0.0651235929538683,2255443.377782933,2255443442906526040322469,305525817,370009970826368053,0.37000997082636805,0.0,0,0,0,nan,0
CL-MXNe/USDC,6.215819822582742e-08,0x256D96010e9D9801B1F4c2320B2AD44715c8078F,0xab205bb675a7DDAF1f5808da0D89bdbdC8F9F646,0x269caE7Dc59803e5C596c95756faEeBb6030E0aF,0x833589fCD6eDb6E08f4c7C32D4f71b54bdA02913,0x940181a94A35A4569E4529A3CDfB74e38FD98631,18,6,6,1,1,1e-06,1e-06,2,3680691867,496204524135661882,0.4962045241356619,0.0,0,0,0,nan,0
CL-oUSDT/WETH,0.07534328530073238,0x93617b2909a7c207E4180dE0E667ea80c9BdfE9e,0x3D7981a71dEe2e73656566f3003D3C6a19C45EE6,0x1217BfE6c773EEC6cc4A38b5Dc45B92292B6E189,0x4200000000000000000000000000000000000006,0x940181a94A35A4569E4529A3CDfB74e38FD98631,18,6,18,3773445,2397581953118696,3.773445,0.002397581953118696,2397581956892141,4461445561099943,601460146795779511123132,601460.1467957795,0.0,0,0,0,nan,0
CL-oUSDT/cbBTC,0.12930607727390672,0x85c99e6B9adaB159A33A999a6303933212ac091E,0x5743b100361F2d6b13282C731426215294689a71,0x1217BfE6c773EEC6cc4A38b5Dc45B92292B6E189,0xcbB7C0000aB88B473b1f5aFd9ef808440eed33Bf,0x940181a94A35A4569E4529A3CDfB74e38FD98631,18,6,8,11029780,15599,11.02978,0.00015599,11045379,7656847218358683,1032241319293709680109986,1032241.3192937096,0.0,0,0,0,nan,0
CL-WETH/KTA,0.06114002474695375,0x46D710c35BdfB800a18A820712310048Ef8B5256,0x6bf4D7E9cC3BF9fEA7ee88bA7cfde9626E77eFd4,0x4200000000000000000000000000000000000006,0xc0634090F2Fe6c6d75e61Be2b949464aBB498973,0x940181a94A35A4569E4529A3CDfB74e38FD98631,18,18,18,2574447152514966,19652990944830213792,0.002574447152514966,19.652990944830215,19655565391982728758,3620443389998904,488076516873666723358022,488076.5168736667,4.391644951163471e-21,2143.458771109691,0,2143.458771109691,227.70511075470063,1778716800
CL-WETH/uBERA,4.5377953132544483e-10,0x569f22aD5ce151AA4507AdF2302B79e5Ca6B4049,0xe75819C7dE5c3a3ac7ADBF94db0A2531596BA61F,0x4200000000000000000000000000000000000006,0x544F87A5aa41Fcd725EF7C78a37cd9C1c4bA1650,0x940181a94A35A4569E4529A3CDfB74e38FD98631,18,18,18,917940196326072,2114179946099875335,0.000917940196326072,2.1141799460998754,2115097886296201407,0,3622490079036533,0.003622490079036533,0.0,0,0,0,nan,0
CL-DRB/WETH,0.06516978321784567,0x385B47e56b73eb6549378f78F7c7Cbc42C56C9e0,0x7a53fD90c6fb9Ffd8eebc668300Fe42e151cfA02,0x3ec2156D4c0A9CBdAB4a016633b7BcF6a8d68Ea2,0x4200000000000000000000000000000000000006,0x940181a94A35A4569E4529A3CDfB74e38FD98631,18,18,18,78302618392257596411588,1295604557924652,78302.6183922576,0.001295604557924652,78302619687862154336240,3859067964974394,520245795287527375263734,520245.7952875274,8.82483839734115e-22,459.10850703086544,0,459.10850703086544,1133.1652263471383,1778716800
CL-USDC/cbBTC,0.7639650490456598,0x3e66e55e97ce60096f74b7C475e8249f2D31a9fb,0x9B55cb6cAe1e303B5EDce6F9fcf90246D382809c,0x833589fCD6eDb6E08f4c7C32D4f71b54bdA02913,0xcbB7C0000aB88B473b1f5aFd9ef808440eed33Bf,0x940181a94A35A4569E4529A3CDfB74e38FD98631,18,6,8,74582461,103627,74.582461,0.00103627,74686088,45229549713300881,6098679248081326880371780,6098679.2480813265,1.4151804229322316e-21,8630.731477627756,0,8630.731477627756,706.6236811897212,1778716800
CL-CADC/USDC,0.0532303681405812,0x09Da4832d34BeBBB55783340d5bede7A70F5c48e,0xc420F795B3A10E736975A43Ed4b87b913d041EfC,0x043eB4B75d0805c43D7C834902E335621983Cf03,0x833589fCD6eDb6E08f4c7C32D4f71b54bdA02913,0x940181a94A35A4569E4529A3CDfB74e38FD98631,18,18,6,1,811208,1e-18,0.811208,811209,3152100753837135,424934284562132584202457,424934.28456213255,1.3572921336783107e-21,576.7599617664033,0,576.7599617664033,736.7610665288128,1778716800
CL-USDC/CARV,0.01722380813585908,0x4b241E7E1Ba2D76c888aaACb6F099b42F57Aec2b,0xcaFd2e14dE4Db4fEa855000A96029286f0Ad3899,0x833589fCD6eDb6E08f4c7C32D4f71b54bdA02913,0xc08Cd26474722cE93F4D0c34D16201461c10AA8C,0x940181a94A35A4569E4529A3CDfB74e38FD98631,18,6,18,1847697,82649018289489773736,1.847697,82.64901828948977,82649018289491621433,1019932920313552,137496448800002681220728,137496.44880000266,5.607983082394311e-21,771.0777587597106,0,771.0777587597106,178.31722837028477,1778716800
CL-USDC/PROS,9.54382151757313e-06,0x3115267471EA743bFe311C3FCdcd1b52c584269B,0x3C2552aF840c08471C4f92996B0Fb8091C702C17,0x833589fCD6eDb6E08f4c7C32D4f71b54bdA02913,0x915424Ac489433130d92B04096F3b96c82e92a9D,0x940181a94A35A4569E4529A3CDfB74e38FD98631,18,6,18,135667,3094811196285023606,0.135667,3.0948111962850238,3094811196285159273,0,76187655848031571337,76.18765584803157,0.0,0,0,0,nan,0
CL-WETH/$PAAL,0.0013340513017694848,0x0bD7cfd63dB4B508C616368FC83635bACA65c710,0x7e9DC9928EDa29c5EC28D12e8144Fd12ae6B0187,0x4200000000000000000000000000000000000006,0xd52333441c0553fACb259600FA833a69186893A5,0x940181a94A35A4569E4529A3CDfB74e38FD98631,18,18,18,5466062238615,6928268302116798592,5.466062238615e-06,6.928268302116798,6928273768179037207,78997464433449,10649637702851478374395,10649.637702851478,1.745986503642084e-21,18.594123697856567,0,18.594123697856567,572.7421133634339,1778716800
CL-yTRYB/USDC,0.0004083957983711227,0xE98654b21d013EfF949A6D8ff80A9b23B284f8dd,0x7Cb174B263dCeb4f730265e8277ee33BfB693C72,0x1A9Be8a692De04bCB7cE5cDDD03afCA97D732c62,0x833589fCD6eDb6E08f4c7C32D4f71b54bdA02913,0x940181a94A35A4569E4529A3CDfB74e38FD98631,18,8,6,1365529080,1109211,13.6552908,1.109211,1366638291,0,3260194931222190441647,3260.19493122219,0.0,0,0,0,nan,0
CL-IDRX/USDC,0.00023471342057368973,0x9cadc7e36191C8B40d0D02b830DC32CE2242D27b,0xcd3F046D0Abc3b9B057476e323317b4c5FD1b850,0x18Bc5bcC660cf2B9cE3cd51a404aFe1a0cBD3C22,0x833589fCD6eDb6E08f4c7C32D4f71b54bdA02913,0x940181a94A35A4569E4529A3CDfB74e38FD98631,18,2,6,152,1,1.52,1e-06,153,13899018418104,1873700726344869238581,1873.7007263448693,2.54165040640428e-21,4.762292212594431,0,4.762292212594431,393.44514000834545,1778716800
CL-USDC/LsETH,4.478966004002691e-05,0x98eCc8425cc4C3f30dD4EF02360B05698008a8fc,0x9966c25d5EEbB6C648b34d60c5057Ea1b05b551A,0x833589fCD6eDb6E08f4c7C32D4f71b54bdA02913,0xB29749498954A3A821ec37BdE86e386dF3cE30B6,0x940181a94A35A4569E4529A3CDfB74e38FD98631,18,6,18,963,943952812134,0.000963,9.43952812134e-07,943952813097,2652311046773,357552705527506132487,357.55270552750613,3.341271194191448e-22,0.11946805553842735,0,0.11946805553842735,2992.872897412296,1778716800
CL-LsETH/cbBTC,0.00014130578324283196,0x4796eda5A091B8Ca92EFA7d7Ee6f4De113A626FE,0x8016E3AfB222702CAF92783582869149AA9C1282,0xB29749498954A3A821ec37BdE86e386dF3cE30B6,0xcbB7C0000aB88B473b1f5aFd9ef808440eed33Bf,0x940181a94A35A4569E4529A3CDfB74e38FD98631,18,18,8,2273710261875503,8883,0.002273710261875503,8.883e-05,2273710261884386,0,1128034127966280307523,1128.0341279662803,0.0,0,0,0,nan,0
CL-cbBTC/EDGE,0.1330545659086726,0x5230845439Fa66FBEA20aF7cf09BC413B99E10B7,0x1A82875FDFCda393BC1CC44492515586CBC8697b,0xcbB7C0000aB88B473b1f5aFd9ef808440eed33Bf,0xED6E000dEF95780fb89734c07EE2ce9F6dcAf110,0x940181a94A35A4569E4529A3CDfB74e38FD98631,18,8,18,17646,37862720460801391538,0.00017646,37.86272046080139,37862720460801409184,7879145078379789,1062165240390719179992439,1062165.2403907191,5.864082579966937e-22,622.862468322161,0,622.862468322161,1705.296585379325,1778716800
CL-USDC/KLIMA,9.480051029213879e-06,0x2DB199a5D0EffAe36236E13FDb62aa43Eb3e14eC,0x3978aB83e3C0823Dcc432B2CE30E6414AD857914,0x833589fCD6eDb6E08f4c7C32D4f71b54bdA02913,0xDCEFd8C8fCc492630B943ABcaB3429F12Ea9Fea2,0x940181a94A35A4569E4529A3CDfB74e38FD98631,18,6,9,55613,143364864,0.055613,0.143364864,143420477,0,75678580525171683648,75.67858052517168,0.0,0,0,0,nan,0
CL-oUSDT/USDC,0.004878900463258849,0x4858bA5A92a23de1B2dBB3509B01D0A9F0E0756A,0x2ce6eBFb4E00eE53f7B138C46850F0bD3B33a83B,0x1217BfE6c773EEC6cc4A38b5Dc45B92292B6E189,0x833589fCD6eDb6E08f4c7C32D4f71b54bdA02913,0x940181a94A35A4569E4529A3CDfB74e38FD98631,18,6,6,238926,255457,0.238926,0.255457,494383,288916587011825,38947919209001358241606,38947.91920900136,2.1114709081700544e-21,82.23739834356401,0,82.23739834356401,473.6034941947974,1778716800
CL-PROMPT/cbBTC,0.0005983049141601496,0x41D60eD9C8327EA0c6b16a44343c177E0402FeeA,0x6d5EBd01df7091d15FFd730281e71715160B1587,0x30c7235866872213F68cb1F08c37Cb9eCCB93452,0xcbB7C0000aB88B473b1f5aFd9ef808440eed33Bf,0x940181a94A35A4569E4529A3CDfB74e38FD98631,18,18,8,41250953145365200495,1528,41.2509531453652,1.528e-05,41250953145365202023,35430157899980,4776226044073258344984,4776.226044073258,3.570708202055474e-20,170.54509510443353,0,170.54509510443353,28.005648835274503,1778716800
CL-USDC/CTX,0.030412752798366364,0x562d63bFCea2eae8be3265B1f841D42Af6DdE0B7,0x09f0FCCB52931ac063290E1498f391680573E74d,0x833589fCD6eDb6E08f4c7C32D4f71b54bdA02913,0xBB22Ff867F8Ca3D5F2251B4084F6Ec86D4666E14,0x940181a94A35A4569E4529A3CDfB74e38FD98631,18,6,18,2597755,2032130810128223518,2.597755,2.0321308101282236,2032130810130821273,1800986925478697,242782866310601112024290,242782.86631060112,6.271537671961795e-22,152.2621892173799,0,152.2621892173799,1594.505290896532,1778716800
CL-MOCA/USDC,0.002719291303923394,0xbf4f004307F623C2Fa2c6cf8Ce8095200e389B13,0x5f42dc8b628b61F268BB832cBF04780a18CF6dD8,0x2B11834Ed1FeAEd4b4b3a86A6F571315E25A884D,0x833589fCD6eDb6E08f4c7C32D4f71b54bdA02913,0x940181a94A35A4569E4529A3CDfB74e38FD98631,18,18,6,53421357077346285771,722696,53.421357077346286,0.722696,53421357077347008467,161031397499703,21707911200181665700483,21707.911200181665,0.0,0,0,0,nan,0
CL-WETH/uHBAR,0.0013768406967299557,0x006B41C8B19E73324808ecE954DDDfF978c9c8F3,0x760E67cD9Ef0B4b14a804b3C20fBf762A3e94117,0x4200000000000000000000000000000000000006,0xc79e06860Aa9564f95E08fb7E5b61458d0C63898,0x940181a94A35A4569E4529A3CDfB74e38FD98631,18,18,18,3959957466016598,84817024987949828063,0.003959957466016598,84.81702498794982,84820984945415844661,0,10991222432950541827190,10991.222432950542,0.0,0,0,0,nan,0
CL-WETH/Base is for everyone,0.0002026415434610597,0x9aa26B650357bF9cc5439123BCd7e0C0200d90e6,0x78495D7753540ebEAc1fB45A27fB790868cB811e,0x4200000000000000000000000000000000000006,0xD769d56f479E9E72a77bB1523e866A33098Feec5,0x940181a94A35A4569E4529A3CDfB74e38FD98631,18,18,18,1,72226934979112752184,1e-18,72.22693497911276,72226934979112752185,12000524041472,1617673187338800029059,1617.6731873388,0.0,0,0,0,nan,0
CL-WETH/HYPER,0.0017086047928908878,0x29AF315b3Bd7566005f14d81C582b59E1C632fFd,0x29C4ff5Cfb44a14974cCC2447e9555f753B3489D,0x4200000000000000000000000000000000000006,0xC9d23ED2ADB0f551369946BD377f8644cE1ca5c4,0x940181a94A35A4569E4529A3CDfB74e38FD98631,18,18,18,215404349668692,1446069822271475498,0.000215404349668692,1.4460698222714754,1446285226621144190,101180413138135,13639671875817927928192,13639.671875817929,0.0,0,0,0,nan,0
CL-USDC/TRYB,0.0008316579619952914,0xeAd784aFe3Bdf564367D36DeBD3619a31ef2bd6a,0x2420CBAC5cA9DA04344A8752395912B87a2f4A2e,0x833589fCD6eDb6E08f4c7C32D4f71b54bdA02913,0xFb8718a69aed7726AFb3f04D2Bd4bfDE1BdCb294,0x940181a94A35A4569E4529A3CDfB74e38FD98631,18,6,6,1,24667141,1e-06,24.667141,24667142,5480706959209,6639067010536963185227,6639.067010536963,0.0,0,0,0,nan,1778716800
CL-ZORA/USDC,0.22259064513523535,0x3f53f1Fd5b7723DDf38D93a584D280B9b94C3111,0xaDEfE661847835C6566b1caAbECfcF09C586F300,0x1111111111166b7FE7bd91427724B487980aFc69,0x833589fCD6eDb6E08f4c7C32D4f71b54bdA02913,0x940181a94A35A4569E4529A3CDfB74e38FD98631,18,18,6,2413943791725665377064,14852639,2413.9437917256655,14.852639,2413943791725680229703,13181089940248218,1776925462753938865203789,1776925.462753939,4.496734513992779e-21,7990.362057158227,0,7990.362057158227,222.38359789492478,1778716800
CL-WETH/SIGN,0.005440984532462934,0x8A7b72F8ff5299E493317D4430293894107af859,0x3b23C56D4E0aA528FAc0446E17a4b6fF575fC057,0x4200000000000000000000000000000000000006,0x868FCEd65edBF0056c4163515dD840e9f287A4c3,0x940181a94A35A4569E4529A3CDfB74e38FD98631,18,18,18,168818120528466,6653363328115460305,0.000168818120528466,6.653363328115461,6653532146235988771,322197307269228,43434996795619048662999,43434.99679561905,1.0479666113588107e-21,45.51842640628569,0,45.51842640628569,954.2288744327301,1778716800
CL-USDC/RIZE,0.038961570482697834,0xEa5cb64754Ad7aA24F7A6BBe3b724F29B4f822B8,0xE590B6913D090A012BDBBd9c58A9f0D7309C9356,0x833589fCD6eDb6E08f4c7C32D4f71b54bdA02913,0x9818B6c09f5ECc843060927E8587c427C7C93583,0x940181a94A35A4569E4529A3CDfB74e38FD98631,18,6,18,469123,52857448938524551647,0.469123,52.85744893852455,52857448938525020770,2307745681825497,311027476547930174779844,311027.47654793016,3.037815730085522e-21,944.8441607461081,0,944.8441607461081,329.1838902854873,1778716800
CL-WETH/GIZA,0.0036348125481910107,0x3C589883d42D5D45b50b9Fff4f07D990A1242A3F,0x1B5dD992cbd0De7a9B44A8736866214D093d2942,0x4200000000000000000000000000000000000006,0x590830dFDf9A3F68aFCDdE2694773dEBDF267774,0x940181a94A35A4569E4529A3CDfB74e38FD98631,18,18,18,175326962237623,48559403560900401393,0.000175326962237623,48.5594035609004,48559578887862639016,215187625981622,29016452894029236985217,29016.452894029237,2.9082243913457992e-21,84.38635605675223,0,84.38635605675223,343.85242176489817,1778716800
CL-GIZA/USDC,0.00863065897110801,0xe077DdFb9E9d9403A8eC42D3023D17e8417ee399,0xe9d34ea7240cD470Ef9e8A797c442c41E090117a,0x590830dFDf9A3F68aFCDdE2694773dEBDF267774,0x833589fCD6eDb6E08f4c7C32D4f71b54bdA02913,0x940181a94A35A4569E4529A3CDfB74e38FD98631,18,18,6,90320050237832559002017,809340223,90320.05023783256,809.340223,90320050237833368342240,0,68897943472826973786048,68897.94347282697,0.0,0,0,0,nan,0
CL-MAMO/cbBTC,0.013790676043444187,0xE2B3aA806e56603a244bFc111c9474F7DeDD03db,0x219A387d97D62cF1A9f853D41a4D13BB71EA818C,0x7300B37DfdfAb110d83290A29DfB31B1740219fE,0xcbB7C0000aB88B473b1f5aFd9ef808440eed33Bf,0x940181a94A35A4569E4529A3CDfB74e38FD98631,18,18,8,10879821178391830301,369,10.87982117839183,3.69e-06,10879821178391830670,198934563499282,110089996797927693081609,110089.9967979277,6.689340109496959e-21,736.4294312347696,0,736.4294312347696,149.49157669233838,1778716800
CL-cbXRP/cbBTC,0.1590050353485396,0x95Ff4985af7ED78421215be100c18a2b987f7E90,0x2db769AcFc04a1F27f4EF1Cc84B90CBde34e0A5a,0xcb585250f852C6c6bf90434AB21A00f02833a4af,0xcbB7C0000aB88B473b1f5aFd9ef808440eed33Bf,0x940181a94A35A4569E4529A3CDfB74e38FD98631,18,6,8,115435062,318253,115.435062,0.00318253,115753315,0,1269326012534140497152230,1269326.0125341406,0.0,0,0,0,nan,0
CL-WETH/cbXRP,0.10655556167654026,0xA6da283cf7D06b2279626E787c329d6aCF7e2994,0xB2d7D02733ae07695dF556d3AF2d09FC48f34D0F,0x4200000000000000000000000000000000000006,0xcb585250f852C6c6bf90434AB21A00f02833a4af,0x940181a94A35A4569E4529A3CDfB74e38FD98631,18,18,6,565582109271963029,815090650,0.5655821092719631,815.09065,565582110087053679,0,850625553585405756684734,850625.5535854057,0.0,0,0,0,nan,0
CL-WETH/cbDOGE,0.08702768894110875,0xfb338cb462c9e44cAE9f442fEb09e8E904fFed47,0x34d4C2189A3F5ACD106731a6A236F6FFBB691577,0x4200000000000000000000000000000000000006,0xcbD06E5A2B0C65597161de254AA074E489dEb510,0x940181a94A35A4569E4529A3CDfB74e38FD98631,18,18,8,9989002953624130,1,0.00998900295362413,1e-08,9989002953624131,5152266417579985,694735919158384479324000,694735.9191583846,4.334495223207977e-22,301.13295229830214,0,301.13295229830214,2307.0737156330188,1778716800
CL-cbBTC/cbDOGE,0.16101365879614687,0x363d1607b8DA83d6B6EA76D017CeEcf1316BB08A,0x648Eec151f6642Eb57B259A7AA0f963B826a7284,0xcbB7C0000aB88B473b1f5aFd9ef808440eed33Bf,0xcbD06E5A2B0C65597161de254AA074E489dEb510,0x940181a94A35A4569E4529A3CDfB74e38FD98631,18,8,8,68764,45764425980,0.00068764,457.6442598,45764494744,0,1285360712226795822824998,1285360.712226796,0.0,0,0,0,nan,0
CL-cbADA/cbBTC,0.09003205534565885,0x8782d97C8b25B4d17dBFbaa03f25dC18e51e909D,0x27f732A92CbDfD4047087b8aED4E0b88C29c4198,0xcbADA732173e39521CDBE8bf59a6Dc85A9fc7b8c,0xcbB7C0000aB88B473b1f5aFd9ef808440eed33Bf,0x940181a94A35A4569E4529A3CDfB74e38FD98631,18,6,8,44242389,6911,44.242389,6.911e-05,44249300,5326634889895179,718719564834257918842639,718719.5648342578,1.1572975325945812e-21,831.7723790101378,0,831.7723790101378,864.0820288954293,1778716800
CL-WETH/cbADA,0.044170028359038396,0xb862F23ba38c8C65e256782B31E8C08C9aefd612,0x0C8b92c57Af0105C5b027Da4645A24f3144AD6f4,0x4200000000000000000000000000000000000006,0xcbADA732173e39521CDBE8bf59a6Dc85A9fc7b8c,0x940181a94A35A4569E4529A3CDfB74e38FD98631,18,18,6,447720486444566,6021066,0.000447720486444566,6.021066,447720492465632,2615139583600767,352606229403998879626859,352606.2294039988,9.175259961238742e-21,3235.2538187338732,0,3235.2538187338732,108.98873756433503,1778716800
CL-WETH/cbLTC,0.037523442460357104,0x200681425b0C8D78C6a467512C5D49FA56BaC88A,0x88040de1F5811090b638Fa70633B24a3e319D06f,0x4200000000000000000000000000000000000006,0xcb17C9Db87B595717C857a08468793f5bAb6445F,0x940181a94A35A4569E4529A3CDfB74e38FD98631,18,18,8,890781218608138,55832,0.000890781218608138,0.00055832,890781218663970,2221640070255348,299547001705671405102707,299547.0017056714,1.901009764908671e-21,569.4417752915957,0,569.4417752915957,526.0362247786993,1778716800
CL-cbLTC/cbBTC,0.06899435623104452,0x6044c817e55A03DAdc5F6b8B7045aF1985aE90fA,0x3De827C30391B6C75Af11a946adAA83733b9EE62,0xcb17C9Db87B595717C857a08468793f5bAb6445F,0xcbB7C0000aB88B473b1f5aFd9ef808440eed33Bf,0x940181a94A35A4569E4529A3CDfB74e38FD98631,18,8,8,1611,2393,1.611e-05,2.393e-05,4004,4084929749883655,550777092625677753735124,550777.0926256777,4.37620070581267e-21,2410.3111014939414,0,2410.3111014939414,228.50871503031252,1778716800
CL-WETH/WOO,0.008847093330816475,0xAD06a870Fc2198398c18a6f2cA035Bf795EdEeFe,0xe75880892CC7B8F7D64614345c5422c3cc4FA41A,0x4200000000000000000000000000000000000006,0xF3df0A31ec5EA438150987805e841F960b9471b6,0x940181a94A35A4569E4529A3CDfB74e38FD98631,18,18,18,2031000001,4744883159130631310,2.031000001e-09,4.744883159130631,4744883161161631311,523807405724993,70625723742061383565609,70625.72374206138,6.950385132055328e-21,490.87598023747046,0,490.87598023747046,143.87691919228735,1778716800
CL-SEDA/WETH,0.003483916618238509,0x681D6e4B0b020656cA04956dDAf76aDd7EF022F6,0x82F40418147828bcC8f0F1F551685FC2f6768176,0x306aCd0c07c430AbBBb2e74Ef7bdE94F32A898c0,0x4200000000000000000000000000000000000006,0x940181a94A35A4569E4529A3CDfB74e38FD98631,18,18,18,7958891858352790913,16852746655144,7.958891858352791,1.6852746655144e-05,7958908711099446057,206279325916501,27811861299465003610685,27811.861299465003,0.0,0,0,0,nan,0
CL-SUPR/WETH,2.4205601100805005e-05,0x1c6511ef0ec38b5b91208D1A21eF9f9D1aA532B3,0xA6b01B70982BF3D288d84182b44632CE6E34f6F0,0x17906b1Cd88aA8EfaEfC5e82891B52a22219BD45,0x4200000000000000000000000000000000000006,0x940181a94A35A4569E4529A3CDfB74e38FD98631,18,18,18,9230912255861841503678,2989151531364655,9230.912255861842,0.002989151531364655,9230915245013372868333,0,193231610929351705504,193.23161092935172,0.0,0,0,0,nan,0
CL-TIG/USDC,0.2372308166638971,0x3F5E98C7ebfF35056ab4346BCcd722A537c1aEfA,0x03fDf6f0f980Aa6eb2bc5387a27883360414Bf6C,0x0C03Ce270B4826Ec62e7DD007f0B716068639F7B,0x833589fCD6eDb6E08f4c7C32D4f71b54bdA02913,0x940181a94A35A4569E4529A3CDfB74e38FD98631,18,18,6,13471833791527218661,22087882,13.471833791527219,22.087882,13471833791549306543,14045659290368275,1893796922255568760202226,1893796.9222555687,0.0,0,0,0,nan,0
CL-WETH/SYRUP,0.022090295687664567,0x7432aaB631B801a10BEF7d70c1507a32755595fa,0x152cF5b5Fa1A41D00140A83e39328D8C5F0cDdB8,0x4200000000000000000000000000000000000006,0x688AEe022AA544f150678B8E5720b6b96a9E9a2F,0x940181a94A35A4569E4529A3CDfB74e38FD98631,18,18,18,875501450499489,2576866398167257040,0.000875501450499489,2.576866398167257,2577741899617756529,1310385225509290,176345276610014699086039,176345.2766100147,0.0,0,0,0,nan,0
CL-VEUR/USDC,0.0004830086352467188,0xc5cE625C8Ffa95789eFa4bD9a5925C91154a5187,0x94824E750c153908c9ecE916d3018D2D7E1222Fc,0x4ed9Df25d38795a47f52614126e47f564D37F347,0x833589fCD6eDb6E08f4c7C32D4f71b54bdA02913,0x940181a94A35A4569E4529A3CDfB74e38FD98631,18,18,6,1,1,1e-18,1e-06,2,28597642322502,3855823959620947273383,3855.8239596209473,9.901869621997183e-22,3.8179866133539546,0,3.8179866133539546,1009.910287829363,1778716800
CL-VCHF/USDC,0.0025950651321895385,0x44B7CbBb1E326617d439a2966C4475e78b9D42E6,0x38B25d8551c8f4Dd17557Bb319c9f8D9846C48Eb,0x1fcA74D9ef54a6AC80ffE7D3b14e76c4330Fd5D8,0x833589fCD6eDb6E08f4c7C32D4f71b54bdA02913,0x940181a94A35A4569E4529A3CDfB74e38FD98631,18,18,6,14173914045838642,7406,0.014173914045838641,0.007406,14173914045846048,153646827485903,20716222409485992616567,20716.222409485992,2.5691340717146556e-21,53.22275282942914,0,53.22275282942914,389.2362064750455,1778716800
CL-VIRTUAL/MAMO,0.009333139655780557,0x4A021bA3ab1F0121e7DF76f345C547db86Cb3468,0xa1d2b60242f36Df5Ce0Bc09a7AC2DE0943F52059,0x0b3e328455c4059EEb9e3f84b5543F74E24e7E1b,0x7300B37DfdfAb110d83290A29DfB31B1740219fE,0x940181a94A35A4569E4529A3CDfB74e38FD98631,18,18,18,1,2613177066175944945,1e-18,2.613177066175945,2613177066175944946,552594971466361,74505797365020381675246,74505.79736502038,3.3605802320992485e-21,250.38270980167977,0,250.38270980167977,297.56766121763786,1778716800
CL-USDC/VGBP,7.123785069368632e-07,0x02bC3eA058FD3aA62C8aA19912F1D0908685E7e1,0xa4972a1Bb2Eb82a7aF5d11bcf559534567de4536,0x833589fCD6eDb6E08f4c7C32D4f71b54bdA02913,0xAEB4bb7DebD1E5e82266f7c3b5cFf56B3A7BF411,0x940181a94A35A4569E4529A3CDfB74e38FD98631,18,6,18,1,1,1e-06,1e-18,2,42178387469,5686867511101736952,5.686867511101737,7.282850940070575e-22,0.00414166083992841,0,0.00414166083992841,1373.0886547436455,1778716800
CL-VCHF/WETH,7.832631829186744e-05,0x89AB78D42bA0D381fE3C02666aBB4276E21e5a13,0x18fb83982A84Cd4C75c59Fae8a342b8c1B58A132,0x1fcA74D9ef54a6AC80ffE7D3b14e76c4330Fd5D8,0x4200000000000000000000000000000000000006,0x940181a94A35A4569E4529A3CDfB74e38FD98631,18,18,18,5763667831203935,7567349911574,0.005763667831203935,7.567349911574e-06,5771235181115509,4637538386889,625273489332985074694,625.2734893329852,2.0042193570476658e-21,1.253185230769906,0,1.253185230769906,498.94738142488524,1778716800
CL-WETH/VGBP,1.2115047329560518e-06,0xf935fa2e4ae1593953263f4C1674ea21dae64169,0x6936F0A25e723925C765EB1424cD5B3a7d0D7039,0x4200000000000000000000000000000000000006,0xAEB4bb7DebD1E5e82266f7c3b5cFf56B3A7BF411,0x940181a94A35A4569E4529A3CDfB74e38FD98631,18,18,18,1,1,1e-18,1e-18,2,71730675301,9671357064123742700,9.671357064123741,5.269513910032509e-21,0.050963350578291225,0,0.050963350578291225,189.7708246098606,1778716800
CL-MAMO/USDC,0.003189019975177253,0x678F431DA2aBb9B5726bbf5CCDbaEEBB60dA9813,0xDFB9E9445aB1ABf6f083Fa2971cc335fDbE84Dd8,0x7300B37DfdfAb110d83290A29DfB31B1740219fE,0x833589fCD6eDb6E08f4c7C32D4f71b54bdA02913,0x940181a94A35A4569E4529A3CDfB74e38FD98631,18,18,6,12863514046478847666,311610,12.863514046478848,0.31161,12863514046479159276,188816904408959,25457722141380249529981,25457.72214138025,5.313213616271621e-21,135.26231592084108,0,135.26231592084108,188.21001228663536,1778716800
CL-R1/USDC,0.00017406012174791012,0x81aA7644632479A621A3ADd22641aC1b41FaA5f4,0x28e9E379291dd5a7cD5BF1d2e41d03bD9cf101B7,0x6444C6c2D527D85EA97032da9A7504d6d1448ecF,0x833589fCD6eDb6E08f4c7C32D4f71b54bdA02913,0x940181a94A35A4569E4529A3CDfB74e38FD98631,18,18,6,35012155797052392422,16540690,35.012155797052394,16.54069,35012155797068933112,1147225054681,1389509708262902378265,1389.5097082629022,0.0,0,0,0,nan,1778716800
CL-WETH/ZEN,2.1820325692689866,0x0392B12a1cEb0cd13af5Ea448CF5586EA609852D,0x828622C92977a372Be19F24bC5c4B5021B4b06eC,0x4200000000000000000000000000000000000006,0xf43eB8De897Fbc7F2502483B2Bef7Bb9EA179229,0x940181a94A35A4569E4529A3CDfB74e38FD98631,18,18,18,19101684080448244,12183548593331007659,0.019101684080448243,12.183548593331007,12202650277411455903,129196126169734646,17419012513022701391808023,17419012.513022702,1.0833134962411432e-21,18870.251346550842,0,18870.251346550842,923.0938259975322,1778716800
CL-ZRO/ZEN,0.04781180218094294,0x82685574957fEf6ab359D8c1083401B492dCa0CF,0xAc7aa2b1eA5B8847FCa2A79D3DdC191aF96e4669,0x6985884C4392D348587B19cb9eAAf157F13271cd,0xf43eB8De897Fbc7F2502483B2Bef7Bb9EA179229,0x940181a94A35A4569E4529A3CDfB74e38FD98631,18,18,18,805071103110436450,218820162444798751,0.8050711031104365,0.21882016244479874,1023891265555235201,2830892496275121,381678253656416811929670,381678.25365641684,9.992291125559441e-22,381.38402268300393,0,381.38402268300393,1000.771482169974,1778716800
CL-cbBTC/ZEN,2.3304258601794148,0x47f9e291bb766Fc307Ad7BBa4f29f3Eab6A97101,0xB6abC5598A53C8432F9C849528d9D30E30c205FA,0xcbB7C0000aB88B473b1f5aFd9ef808440eed33Bf,0xf43eB8De897Fbc7F2502483B2Bef7Bb9EA179229,0x940181a94A35A4569E4529A3CDfB74e38FD98631,18,8,18,14041,8002488952010457188,0.00014041,8.002488952010458,8002488952010471229,138257951435158096,18603625716153454607347930,18603625.716153454,0.0,0,0,0,nan,0
CL-ZORA/WETH,0.0846076121203508,0xAdB8Fb846DBD3Bd6A23335CEe65Bb610C1cf0ea3,0x6b82714e0e4964595A97fE2b1c3Ad03Dbb246fdF,0x1111111111166b7FE7bd91427724B487980aFc69,0x4200000000000000000000000000000000000006,0x940181a94A35A4569E4529A3CDfB74e38FD98631,18,18,18,646958681507498024372,3122193426738909,646.958681507498,0.003122193426738909,646961803700924763281,4998233353600077,675416616130115926379279,675416.6161301159,0.0,0,0,0,nan,0
CL-WETH/ADM,0.000651490106348582,0x304Bd2Fc8059CC38b09d6E9cdfE62A57A5f456bE,0xA5374a774f297310F5b7124b32836E2540675CB1,0x4200000000000000000000000000000000000006,0x55fF51DA774b8ce0ed1ABAeD1CB76236bc6b2f16,0x940181a94A35A4569E4529A3CDfB74e38FD98631,18,18,18,10013444680563193,24379624743620160801849,0.010013444680563192,24379.62474362016,24379634757064841365042,0,5200799692187131401304,5200.799692187132,0.0,0,0,0,nan,0
CL-WETH/A0X,0.0006363292637088143,0x035D6b8ac7Fe438F8B3b52Eac81e346377f7509F,0x688da366bFe09A22f2AF5f54FC463c4E0c137a0f,0x4200000000000000000000000000000000000006,0x820C5F0fB255a1D18fd0eBB0F1CCefbC4D546dA7,0x940181a94A35A4569E4529A3CDfB74e38FD98631,18,18,18,1,118805356723954332815855,1e-18,118805.35672395433,118805356723954332815856,37677532401622,5079771751830330766952,5079.771751830331,4.65228095027459e-20,236.3252535278323,0,236.3252535278323,21.494832549633042,1778716800
CL-TOWNS/USDC,7.409575579150363e-05,0xF099ceFE04717710dd2EC40f2e0c9C06134F5Eb5,0x83e1dd4273a7eeC62982f4e5B9AE3452f8fCC6f5,0x00000000A22C618fd6b4D7E9A335C4B96B189a38,0x833589fCD6eDb6E08f4c7C32D4f71b54bdA02913,0x940181a94A35A4569E4529A3CDfB74e38FD98631,18,18,6,2478720278144448069,4057,2.478720278144448,0.004057,2478720278144452126,4387544150212,591501206476707746881,591.5012064767077,2.013989897932708e-21,1.191277454459098,0,1.191277454459098,496.52682023205085,1778716800
CL-CLANKER/USDC,2.54447300275506e-12,0x6DCa95B8585aDABffd4a2F906FF8599240be3cF1,0xe16d6f7A0FF2C06F418a6feFbB72058DeD3eF0EF,0x1bc0c42215582d5A085795f4baDbaC3ff36d1Bcb,0x833589fCD6eDb6E08f4c7C32D4f71b54bdA02913,0x940181a94A35A4569E4529A3CDfB74e38FD98631,18,18,6,6093145711174,1,6.093145711174e-06,1e-06,6093145711175,150667,20312348998937,2.0312348998937e-05,0.0,0,0,0,nan,0
CL-1000X/USDC,0.0007345497543353728,0x458F1d779E5F9ee149b53B8f77c5d62C2Bc28d8e,0x3494963a2a8407f2c15d0af6cA417292882a87ed,0x352b850b733ab8baB50aED1Dab5D22E3186ce984,0x833589fCD6eDb6E08f4c7C32D4f71b54bdA02913,0x940181a94A35A4569E4529A3CDfB74e38FD98631,18,18,6,1,1,1e-18,1e-06,2,43489181698417,5863859019525161682970,5863.859019525162,2.6398121916979536e-21,15.47948653014053,0,15.47948653014053,378.81482748846236,1778716800
CL-WETH/SOON,0.005747276016175378,0xC75a16d7E685eaE65Ba0aB6Cf596f73F6Edf170D,0xFAEC1Df3e83fa614b960520D5E3518DbAa4BE163,0x4200000000000000000000000000000000000006,0xb9E1Fd5A02D3A33b25a14d661414E6ED6954a721,0x940181a94A35A4569E4529A3CDfB74e38FD98631,18,18,18,1007465177606050,8464405780181692906,0.00100746517760605,8.464405780181693,8465413245359298956,340346293496866,45880100165092003068933,45880.100165092,7.919263812872712e-21,363.33661696838846,0,363.33661696838846,126.27436383347987,1778716800
CL-USDC/TOWER,0.0007954848463922451,0xd59858F403aB4246Db7a29Aedf0BfD7573d9B8E5,0x391b58a68728d6aF0f4B91cf6cf729eB87fD90f3,0x833589fCD6eDb6E08f4c7C32D4f71b54bdA02913,0xf7C1CEfCf7E1dd8161e00099facD3E1Db9e528ee,0x940181a94A35A4569E4529A3CDfB74e38FD98631,18,6,18,2184184,4321142059860772378009,2.184184,4321.142059860772,4321142059860774562193,5243624413355,6350299573149181812617,6350.299573149182,0.0,0,0,0,nan,1778716800
CL-WETH/ENA,0.005414616896875482,0xc422BFB18F9FC217f955d759D3753F31137cCEFd,0x11EC04A8AD5df5c187470Ec941Ef26DEa7f9EBD1,0x4200000000000000000000000000000000000006,0x58538e6A46E07434d7E7375Bc268D3cb839C0133,0x940181a94A35A4569E4529A3CDfB74e38FD98631,18,18,18,162989805893200,3159812724881814292,0.0001629898058932,3.159812724881814,3159975714687707492,320632864605800,43224505815463538775232,43224.50581546354,3.703399279919448e-21,160.07760371186168,0,160.07760371186168,270.02219431812136,1778716800
CL-USDC/AERO,4.364737836261267e-08,0xa4FDd479eda160671636e2eCF8f993Cbf86258a8,0xA31AEFB33c052Aa0325d2FFbc882BceD31bf62C2,0x833589fCD6eDb6E08f4c7C32D4f71b54bdA02913,0x940181a94A35A4569E4529A3CDfB74e38FD98631,0x0000000000000000000000000000000000000000,18,6,18,0,0,0.0,0.0,0,0,348433951246518830,0.3484339512465188,0.0,0,0,0,nan,0
CL-WETH/ORDER,0.01947633987703474,0x27bd426eC343845995c527d634c4E07f0608AaCd,0x6EA5161E3f223dE6ab0e079F0977AEf1056C4b3e,0x4200000000000000000000000000000000000006,0x4E200fE2f3eFb977d5fd9c430A41531FB04d97B8,0x940181a94A35A4569E4529A3CDfB74e38FD98631,18,18,18,593292178985809,26773064967641054961,0.000593292178985809,26.773064967641055,26773658259820040770,1149508964777272,155478251243338599499228,155478.25124333863,0.0,0,0,0,nan,0
CL-WFRAX/WETH,0.000938146536060309,0x2229B66a40Ece21d0B5d4e061CB35bc44CD623b5,0x03b16EcD57519243BA821196bfE019350C88835c,0x0CEAC003B0d2479BebeC9f4b2EBAd0a803759bbf,0x4200000000000000000000000000000000000006,0x940181a94A35A4569E4529A3CDfB74e38FD98631,18,18,18,1963127105907365971,418931317960275,1.963127105907366,0.000418931317960275,1963546037225326246,55553116426484,7489157806731592875142,7489.157806731592,0.0,0,0,0,nan,0
CL-USDC/GHST,0.01252098231517713,0x56C11053159a24c0731b4b12356BC1f0578FB474,0x8cA6075D8109bBb56d4af4B1056D2ba946c8086B,0x833589fCD6eDb6E08f4c7C32D4f71b54bdA02913,0xcD2F22236DD9Dfe2356D7C543161D4d260FD9BcB,0x940181a94A35A4569E4529A3CDfB74e38FD98631,18,6,18,313002221,3923029509482909247894,313.002221,3923.0295094829094,3923029509483222250115,0,99954121077337624059037,99954.12107733762,0.0,0,0,0,nan,0
CL-GAI/WETH,2.008375632842083e-07,0x3A4eA0342da8841843cFE05495DccB1D9A746Ef2,0x1BEF11019be0c39d5A7A8788E3ed6B99d68a0c79,0x3489256FEBdb1dc930Dc3743617AD387Cd6D3568,0x4200000000000000000000000000000000000006,0x940181a94A35A4569E4529A3CDfB74e38FD98631,18,18,18,1941909086763260944,6094814754522,1.941909086763261,6.094814754522e-06,1941915181578015466,1323894071,1603272140481672848,1.603272140481673,0.0,0,0,0,nan,1778716800
CL-WETH/PREDI,0.00010699741618698333,0x0c86A9584175ad79252316D46FB127002Ee9b3C6,0x16926Ce2985688C8A549c3F1EE346Fe65dFd223c,0x4200000000000000000000000000000000000006,0xaeA742f80922f7C94B8FD91686c9dFbDFE90d9E6,0x940181a94A35A4569E4529A3CDfB74e38FD98631,18,18,18,51500808203066,92294873646381372313,5.1500808203066e-05,92.29487364638138,92294925147189575379,0,854152847061562186227,854.1528470615622,0.0,0,0,0,nan,0
CL-USDC/SAPIEN,0.329788940161142,0x80Cc08712Aa61cE9dc7604F9cE7560A25094B862,0x96FA1A659f080067b554d1d60DfF183EDCe0b027,0x833589fCD6eDb6E08f4c7C32D4f71b54bdA02913,0xC729777d0470F30612B1564Fd96E8Dd26f5814E3,0x940181a94A35A4569E4529A3CDfB74e38FD98631,18,6,18,40539522,268774787833960603076,40.539522,268.7747878339606,268774787834001142598,19526391997956183,2632681911456506369401502,2632681.9114565067,0.0,0,0,0,nan,0
CL-USDC/DIEM,0.16445986821535807,0xBc3231036Ee1ECa03E5F67FEceDC640D21610823,0x2f63384822b36516aCd8A9C0645a01806B935c2d,0x833589fCD6eDb6E08f4c7C32D4f71b54bdA02913,0xF4d97F2da56e8c3098f3a8D538DB630A2606a024,0x940181a94A35A4569E4529A3CDfB74e38FD98631,18,6,18,49386540,40765484231966937,49.38654,0.040765484231966936,40765484281353477,9733125635382327,1312871559608806936906987,1312871.5596088069,2.164631459807566e-21,2841.8830806158476,0,2841.8830806158476,461.97240434124484,1778716800
CL-WETH/DIEM,7.425913393717614e-10,0x9b5AFE0fea549Df6C1A56F3aee6426969B1ac323,0x968a4B8DEC71776009Ba68aD218D199c4649918c,0x4200000000000000000000000000000000000006,0xF4d97F2da56e8c3098f3a8D538DB630A2606a024,0x0000000000000000000000000000000000000000,18,18,18,0,0,0.0,0.0,0,0,5928054427213470,0.00592805442721347,0.0,0,0,0,nan,0
CL-WETH/LCAP,0.04158987333224406,0x3a88eF38879EFb900c2D7b6199d21C139cEf5Fa7,0x48C36c950A7471b82295E0901c465851A860d687,0x4200000000000000000000000000000000000006,0x4dA9A0f397dB1397902070f93a4D6ddBC0E0E6e8,0x940181a94A35A4569E4529A3CDfB74e38FD98631,18,18,18,728613294734429,1,0.000728613294734429,1e-18,728613294734430,2462473046906546,332009033317083562807243,332009.03331708355,1.614710243511712e-21,536.0983870355161,0,536.0983870355161,619.3061597387127,1778716800
CL-LCAP/uSOL,0.0014771882849922817,0xd52C89A57ACC47E300aC1468441b3495676280Ad,0x25610a80aB993311a8f597fECE6C8068b91c1EF1,0x4dA9A0f397dB1397902070f93a4D6ddBC0E0E6e8,0x9B8Df6E244526ab5F6e6400d331DB28C8fdDdb55,0x940181a94A35A4569E4529A3CDfB74e38FD98631,18,18,18,1,4171631127078526,1e-18,0.004171631127078526,4171631127078527,87458198643488,11792290171448458373649,11792.29017144846,3.176878607315797e-21,37.46267437693494,0,37.46267437693494,314.77438190341127,1778716800
CL-WETH/balajis,7.339017443154962e-07,0x4A7118f40fCBBBeB2d5Ff3696eBc456Bb2B8326e,0x0b3e4c78EE4232d22d2CA56F62b9972796D73ed5,0x4200000000000000000000000000000000000006,0xcaf75598B8b9a6E645B60D882845d361F549f5EC,0x0000000000000000000000000000000000000000,18,18,18,0,0,0.0,0.0,0,0,5858686001118486320,5.858686001118486,0.0,0,0,0,nan,0
CL-WETH/VELVET,0.0002508253500144702,0xF579B16f9b1A4aCc872D34a8141fbbD36C0ce10C,0xbaB42F222012FeA2D1BC17Ca9Db82031e84511D2,0x4200000000000000000000000000000000000006,0xbF927b841994731C573BDF09ceB0c6B0Aa887cDd,0x940181a94A35A4569E4529A3CDfB74e38FD98631,18,18,18,33167164608278,232761788010754010,3.3167164608278e-05,0.232761788010754,232794955175362288,14850575600559,2002321125733278276412,2002.3211257332782,0.0,0,0,0,nan,0
CL-USDC/frxUSD,0.00015664484241774797,0xD3d9f0f7D0d477e0A19222965B59233Ad7f6Bc6b,0x4A3Ee54B82c1aE22b81EEb95cA53f9F7234fEE5b,0x833589fCD6eDb6E08f4c7C32D4f71b54bdA02913,0xe5020A6d073a794B6E7f05678707dE47986Fb0b6,0x940181a94A35A4569E4529A3CDfB74e38FD98631,18,6,18,3416,4574614885667812,0.003416,0.004574614885667812,4574614885671228,9273982309074,1250484758387150075236,1250.4847583871501,0.0,0,0,0,nan,0
CL-uPUMP/WETH,0.016748494049365917,0x777820ca027BdeE7D12Cae14355Da487328aE8d2,0xA41d7b78C7796289B6eC774A692BeF49Bc0e5271,0x20FbD133897Ef802e0235dB77bB19a071E257d41,0x4200000000000000000000000000000000000006,0x940181a94A35A4569E4529A3CDfB74e38FD98631,18,18,18,18163088601720634123396,15351012665803516,18163.088601720636,0.015351012665803515,18163103952733299926912,0,133702049881835228892109,133702.04988183524,0.0,0,0,0,nan,0
CL-FLOCK/USDC,0.046029556490297496,0xd7338B6F338DA54b922bbBC6fBE3EFEDD5Ce35fa,0xfC0d4756FaD40dB4B71225DeF4eEC42e9c9EF070,0x5aB3D4c385B400F3aBB49e80DE2fAF6a88A7B691,0x833589fCD6eDb6E08f4c7C32D4f71b54bdA02913,0x940181a94A35A4569E4529A3CDfB74e38FD98631,18,18,6,276698827195423213700,13688193,276.69882719542323,13.688193,276698827195436901893,2725512757546461,367450711673835731670597,367450.71167383576,8.566012815519206e-21,3147.5875052697293,0,3147.5875052697293,116.74042772715462,1778716800
CL-WETH/USDC,0.0027386699522471652,0xdbc6998296caA1652A810dc8D3BaF4A8294330f1,0x45C6e6A47a711B14D8357D5243F46704904578e3,0x4200000000000000000000000000000000000006,0x833589fCD6eDb6E08f4c7C32D4f71b54bdA02913,0x940181a94A35A4569E4529A3CDfB74e38FD98631,18,18,6,256953424855805134,599495120,0.25695342485580513,599.49512,256953425455300254,0,21862609586627074034208,21862.609586627077,0.0,0,0,0,nan,0
CL-BIO/AUBRAI,0.16255580740204362,0x6744257f30D991fF0de9f5Aa2AcD03f8093e7067,0xCcCc26Ff97FE100E6eD2D36E345A6171aA9Ec599,0x226A2FA2556C48245E57cd1cbA4C6c9e67077DD2,0x9d56c29e820Dd13b0580B185d0e0Dc301d27581d,0x940181a94A35A4569E4529A3CDfB74e38FD98631,18,18,18,1,560265498648656821,1e-18,0.5602654986486568,560265498648656822,9624567256351408,1297671576070618246788089,1297671.5760706184,6.205866629056649e-22,805.3176729411997,0,805.3176729411997,1611.378490343112,1778716800
CL-WETH/cbBTC,0.0061597550369035204,0x22AEe3699b6A0fEd71490C103Bd4E5f3309891D5,0x83e2E9493996651ed63033d81f5052cBE2fEB6A1,0x4200000000000000000000000000000000000006,0xcbB7C0000aB88B473b1f5aFd9ef808440eed33Bf,0x940181a94A35A4569E4529A3CDfB74e38FD98631,18,18,8,255427546105995092,847490,0.2554275461059951,0.0084749,255427546106842582,0,49172891173170284845320,49172.89117317028,0.0,0,0,0,nan,0
CL-USDC/CARV,0.0027313429584359707,0xff862675c47B6a2C9072DCBe2f37a78A445c4f37,0xE0C13dfDc050722b5AE99A77Db52c0f57af0f83D,0x833589fCD6eDb6E08f4c7C32D4f71b54bdA02913,0xc08Cd26474722cE93F4D0c34D16201461c10AA8C,0x940181a94A35A4569E4529A3CDfB74e38FD98631,18,6,18,436886,8796040574255935655,0.436886,8.796040574255935,8796040574256372541,161735270492380,21804118710424071046695,21804.11871042407,0.0,0,0,0,nan,0
CL-USDC/MIRROR,7.760310212090203e-05,0x3c2dfe6d969AD9de9d566727607eB2e9139D3596,0xff1f9d7a1DAd3D1FEAdBb22Cc77eBaaa88eC5bd4,0x833589fCD6eDb6E08f4c7C32D4f71b54bdA02913,0xe1bfA25468AF64e366ddAFC9D91bCc6c97439A14,0x940181a94A35A4569E4529A3CDfB74e38FD98631,18,6,18,3393,8928897774302973926,0.003393,8.928897774302975,8928897774302977319,4595368592982,619500105512281121923,619.5001055122812,1.4274247685442163e-20,8.842897947239855,0,8.842897947239855,70.05623147620362,1778716800
CL-AVNT/USDC,0.04503352636556497,0xe30d5BF485F7476AC15884a28ffb3C9cEA635DCB,0x26b130316314259fa5047656c6BB16fE521Ea082,0x696F9436B67233384889472Cd7cD58A6fB5DF4f1,0x833589fCD6eDb6E08f4c7C32D4f71b54bdA02913,0x940181a94A35A4569E4529A3CDfB74e38FD98631,18,18,6,33179261037064845654,4162829,33.17926103706485,4.162829,33179261037069008483,2666189839921589,359499473250352477230151,359499.4732503525,4.799451845993132e-21,1725.4004105249628,0,1725.4004105249628,208.35712745714065,1778716800
CL-AVNT/USDC,0.0887238437424079,0xc4ed25e61cBdE561c982789f740E3e9A8C317100,0x658CeF587d3D9e31DEF560c19c199914c07a4826,0x696F9436B67233384889472Cd7cD58A6fB5DF4f1,0x833589fCD6eDb6E08f4c7C32D4f71b54bdA02913,0x940181a94A35A4569E4529A3CDfB74e38FD98631,18,18,6,51593663986240405222,6754191,51.59366398624041,6.754191,51593663986247159413,5260733786143285,708276203627076648702841,708276.2036270767,5.2623156742513754e-21,3727.172968046025,0,3727.172968046025,190.03040902563515,1778716800
CL-WETH/AUBRAI,3.157066522684984e-05,0xE2b2A0faeB9e0725513ba166d7A2fE849E480C6D,0xEe9AFdf35D0d825AC4A89728bb16425ABE0E9Cfe,0x4200000000000000000000000000000000000006,0x9d56c29e820Dd13b0580B185d0e0Dc301d27581d,0x940181a94A35A4569E4529A3CDfB74e38FD98631,18,18,18,191184511167299,338210030236811199,0.000191184511167299,0.3382100302368112,338401214747978498,208125407734,252026399777883554089,252.02639977788354,0.0,0,0,0,nan,1778716800
CL-WETH/RETAKE,0.00027790601079923284,0x06c522A75A0413269FAE5069FF9B93D65C7c4B57,0x266F44F2BDE17b7A45489DFb0727Fe37451a50Cf,0x4200000000000000000000000000000000000006,0x5eeB2662615782b58251b6f0c3E107571ae1AB07,0x940181a94A35A4569E4529A3CDfB74e38FD98631,18,18,18,317439742383658,321352278253712511672500,0.000317439742383658,321352.2782537125,321352278571152254056158,0,2218504135883642989512,2218.504135883643,0.0,0,0,0,nan,0
CL-WETH/BID,0.001043697692093891,0x1024C20c048ea6087293f46D4a1C042CB6705924,0x57676415De17E1c684D1028B8a39D1AcF8D6a63d,0x4200000000000000000000000000000000000006,0xa1832f7F4e534aE557f9B5AB76dE54B1873e498B,0x940181a94A35A4569E4529A3CDfB74e38FD98631,18,18,18,36659222664775,1,3.6659222664775e-05,1e-18,36659222664776,61794811731515,8331765260720666252674,8331.765260720667,8.928773324990458e-20,743.9244341000486,0,743.9244341000486,11.199746746858631,1778716800
CL-USDC/VNXAU,4.129934920467574e-06,0xafF8b2C5EeECf3f19cf2066268a4B0B3d2F89E2D,0x9C6CbA0122111c5b2E7Cc4a273F97BF90FEFcf19,0x833589fCD6eDb6E08f4c7C32D4f71b54bdA02913,0xAc3FE22294beaED9d1FD752323a6d06D12Ff3098,0x940181a94A35A4569E4529A3CDfB74e38FD98631,18,6,18,34527,410336545258060,0.034527,0.00041033654525806,410336545292587,0,32968979964260959830,32.96897996426096,0.0,0,0,0,nan,0
CL-SYND/WETH,0.10653265582633321,0x50F8F7fFBD70c6C87b1668EEe4E03F5AC057DE3F,0xC2e94B700aDA596bF431Fc10558BA7Ab0c639914,0x11dC28D01984079b7efE7763b533e6ed9E3722B9,0x4200000000000000000000000000000000000006,0x940181a94A35A4569E4529A3CDfB74e38FD98631,18,18,18,3228877319285108261777,12420002423751351,3228.877319285108,0.012420002423751351,3228889739287532013128,6308061364906890,850442697794434901631224,850442.697794435,2.9613612907783356e-21,2518.468085273538,0,2518.468085273538,337.68253914643753,1778716800
CL-VVV/DIEM,0.5104769375302329,0x782D7C494d5DDC20c246a82aC8fe277e2728d002,0x8add35fF47e34f0A11b46Ea5B638389BF52b2f8E,0xacfE6019Ed1A7Dc6f7B508C02d1b04ec88cC21bf,0xF4d97F2da56e8c3098f3a8D538DB630A2606a024,0x940181a94A35A4569E4529A3CDfB74e38FD98631,18,18,18,819841132608758955,3079374660431441,0.8198411326087589,0.003079374660431441,822920507269190396,0,4075101484588559082046563,4075101.484588559,0.0,0,0,0,nan,0
CL-USDC/AERO,4.661139775742941e-08,0xCCd9cC53b63662088c738B8BC06E9078Fb8D9ad4,0x491300eC768Cf28B13A8d3BbFd87713dD728b0AD,0x833589fCD6eDb6E08f4c7C32D4f71b54bdA02913,0x940181a94A35A4569E4529A3CDfB74e38FD98631,0x0000000000000000000000000000000000000000,18,6,18,0,0,0.0,0.0,0,5718271562866,372095509581760258,0.37209550958176024,3.87302895379099e-20,0.014411366821857702,0,0.014411366821857702,25.819584927739363,1778716800
CL-BIO/VITA,0.037534219549295506,0x5bd27255061a0e8BCE2fC32BBB50D3be4e0B28BD,0xdC2FF82fB3C5184C61b034505FC8ecd51df5f482,0x226A2FA2556C48245E57cd1cbA4C6c9e67077DD2,0x490a4B510d0Ea9f835D2dF29Eb73b4FcA5071937,0x940181a94A35A4569E4529A3CDfB74e38FD98631,18,18,18,1,81323175281117106,1e-18,0.0813231752811171,81323175281117107,2231449365527380,299633034448590027165888,299633.03444859,3.0401229295319004e-22,91.09212584723804,0,91.09212584723804,3289.340672003595,1778716800
CL-WETH/WCT,0.0012920332077940933,0xEBd2eeaB20CeFa41C94343F506ac506bfc3F681e,0xC5135Bcc045dc47Fc2a79483E3aD8E7B9C6512EF,0x4200000000000000000000000000000000000006,0xeF4461891DfB3AC8572cCf7C794664A8DD927945,0x940181a94A35A4569E4529A3CDfB74e38FD98631,18,18,18,557144283945569,10988541237324888820,0.000557144283945569,10.988541237324888,10989098381608834389,76514113833340,10314210214261832139337,10314.210214261831,0.0,0,0,0,nan,0
CL-XSGD/USDC,0.01872717551685987,0x892A6AB3fa0f1F839fCb0Ae264a8c4bbfb030725,0x131B41209b9777d12641Da25357425021Ba55304,0x0A4C9cb2778aB3302996A34BeFCF9a8Bc288C33b,0x833589fCD6eDb6E08f4c7C32D4f71b54bdA02913,0x940181a94A35A4569E4529A3CDfB74e38FD98631,18,6,6,981700,429583,0.9817,0.429583,1411283,1108683020772108,149497724853410080023477,149497.72485341007,7.7986907510327095e-22,116.5886524114722,0,116.5886524114722,1282.2665136036828,1778716800
CL-WETH/TAIRO,2.647858104293175e-10,0x214c7b09E2b3B50B2573ecA53d897d4F89c9b2a2,0xAB9cB3563051Da11FaD8322fb5EfAB78B818ff43,0x4200000000000000000000000000000000000006,0x9d5C1C400DC828a3409F9C209B83fF51A65d2A0E,0x940181a94A35A4569E4529A3CDfB74e38FD98631,18,18,18,14492255393750,179280353823391284736,1.449225539375e-05,179.2803538233913,179280368315646678486,0,2113766499225229,0.002113766499225229,0.0,0,0,0,nan,0
CL-WETH/RSR,0.0011849931215030924,0xC36eaA38e17b0270a374969dd301AF981f50b2B2,0xB8fA634ab603B4CF2217Dc0f71522feaeE64AeeF,0x4200000000000000000000000000000000000006,0xaB36452DbAC151bE02b16Ca17d8919826072f64a,0x940181a94A35A4569E4529A3CDfB74e38FD98631,18,18,18,14072841826832,21986396733278960937,1.4072841826832e-05,21.986396733278962,21986410806120787769,70168916060975,9459716734761375974899,9459.716734761376,9.055545313769256e-22,8.566289354705297,0,8.566289354705297,1104.2957274803396,1778716800
CL-VFY/ZEN,0.034332089484514786,0x700d91F1C3C5e430eA776245e741B84402e8de2E,0x30765db9bc45c107eb37B999Ea9C34684b88f938,0xa749dE6c28262B7ffbc5De27dC845DD7eCD2b358,0xf43eB8De897Fbc7F2502483B2Bef7Bb9EA179229,0x940181a94A35A4569E4529A3CDfB74e38FD98631,18,18,18,141639267455293101503,193288017985841720,141.6392674552931,0.19328801798584172,141832555473278943223,2033045262824801,274070655384088727839039,274070.6553840887,3.0829716448530725e-21,844.9520592354436,0,844.9520592354436,324.3623734488345,1778716800
CL-AUDD/USDC,0.018719941540642392,0xCde41D0B1AD079C3CeB7271559F738f503102852,0x9fDbD9eFFeD52f89978Ef42aDe2307FD9BBDd66b,0x449B3317a6d1efb1Bc3ba0700C9EaA4FFFf4Ae65,0x833589fCD6eDb6E08f4c7C32D4f71b54bdA02913,0x940181a94A35A4569E4529A3CDfB74e38FD98631,18,6,6,142780,15992,0.14278,0.015992,158772,1108595227985166,149439976530114718141714,149439.9765301147,1.0691940789534009e-22,15.978033806493386,0,15.978033806493386,9352.838924986072,1778716800
CL-WETH/MIRA,6.755119334621427e-08,0xe85590601af19C9eFbB96B24C7c1aC33F56B758C,0xf4eC5D03C52aC2b64770463BAd65F6212E641642,0x4200000000000000000000000000000000000006,0x7AaFD31a321d3627b30A8e2171264B56852187fe,0x940181a94A35A4569E4529A3CDfB74e38FD98631,18,18,18,63600821067519,1317794262804738950,6.3600821067519e-05,1.317794262804739,1317857863625806469,0,539256424830325041,0.5392564248303251,0.0,0,0,0,nan,0
CL-USDC/WCT,0.00039155797027074976,0x3f932B543490c477846288e48e4546A04FF1410e,0xd2E50D99b8e002b8B617c2Fe9e2F3617b4E277C0,0x833589fCD6eDb6E08f4c7C32D4f71b54bdA02913,0xeF4461891DfB3AC8572cCf7C794664A8DD927945,0x940181a94A35A4569E4529A3CDfB74e38FD98631,18,6,18,265065,3533466657698296361,0.265065,3.5334666576982965,3533466657698561426,23188103232842,3125779733895057298999,3125.7797338950577,1.150986642194012e-20,35.977307201539645,0,35.977307201539645,86.88198136633446,1778716800
CL-XSGD/WETH,0.02060824799931265,0xfEbEeBAa6C9585Fd97aa9157E3B7aACe804b688C,0xF3fa5d26f7385d415D31310b715BA09892Ae373f,0x0A4C9cb2778aB3302996A34BeFCF9a8Bc288C33b,0x4200000000000000000000000000000000000006,0x940181a94A35A4569E4529A3CDfB74e38FD98631,18,6,18,2439966,1131506095338967,2.439966,0.001131506095338967,1131506097778933,1220049546665077,164514194163363999722576,164514.19416336398,1.6495003708719554e-21,271.36622428616977,0,271.36622428616977,606.2441801521888,1778716800
CL-WETH/AUDD,0.0006799100261368942,0xBdb6f998176b2766beFB2037033dfB3F8e368d52,0x0caC405DEB53494D37158f70e46cD98A275D69f2,0x4200000000000000000000000000000000000006,0x449B3317a6d1efb1Bc3ba0700C9EaA4FFFf4Ae65,0x940181a94A35A4569E4529A3CDfB74e38FD98631,18,18,6,18979715381835,40281,1.8979715381835e-05,0.040281,18979715422116,40252034971095,5427673912757340016944,5427.673912757339,1.3834665050887515e-21,7.509005058843785,0,7.509005058843785,722.8219811045216,1778716800
CL-USDC/CYPR,0.028833098415420762,0xE6C694f8B9EE84353a10de59c9b4cDEFa0F5b4Ad,0x95B033e94C9820dAe254Da568b9070e79a392F61,0x833589fCD6eDb6E08f4c7C32D4f71b54bdA02913,0xD262A4c7108C8139b2B189758e8D17c3DFC91a38,0x940181a94A35A4569E4529A3CDfB74e38FD98631,18,6,18,513587,46110490720478080587,0.513587,46.11049072047808,46110490720478594174,1817747246585699,230172596486810693318258,230172.5964868107,0.0,0,0,0,nan,0
CL-WETH/PHI,0.0007077894606050061,0xaC858B9d917442411A5c9fc1d02ce05BA96EAe5C,0xe03a45dD0909E1bb7545c6475186E8AE2604f0a8,0x4200000000000000000000000000000000000006,0xFb3aD5550ca5730A6F91350032c4Da1eFdfDE3E8,0x940181a94A35A4569E4529A3CDfB74e38FD98631,18,18,18,3807673490024869,89007779216245053352344,0.003807673490024869,89007.77921624505,89007783023918543377213,4664833835308,5650233477034940029490,5650.23347703494,0.0,0,0,0,nan,1778716800
CL-KRWQ/USDC,0.022455543355853015,0xb0b3303ed186C01cDc4456E45d17A622E3860c64,0x7ae924c53701EB53E89E57e28daFeb4182B72F34,0x370923D39f139C64813f173a1bf0b4f9Ba36a24f,0x833589fCD6eDb6E08f4c7C32D4f71b54bdA02913,0x940181a94A35A4569E4529A3CDfB74e38FD98631,18,18,6,3525052032087924150853,2423215,3525.052032087924,2.423215,3525052032087926574068,1329612974650401,179261023053092952751517,179261.02305309297,1.3392960944923572e-21,240.08358806971182,0,240.08358806971182,746.6608796309804,1778716800
CL-WETH/SEND,3.7770793880294246e-05,0x69959Af9c0CaE8eB69C2f3de816Cad8A8f6688b0,0x0D3Bbb0F96badc2975e215Ceb0033E7a896391B9,0x4200000000000000000000000000000000000006,0xEab49138BA2Ea6dd776220fE26b7b8E446638956,0x940181a94A35A4569E4529A3CDfB74e38FD98631,18,18,18,793344322655,1,7.93344322655e-07,1e-18,793344322656,2236146923555,301521590691958850894,301.52159069195886,7.077912957063649e-23,0.02134143573593058,0,0.02134143573593058,14128.458573399314,1778716800
CL-USDC/ZEN,0.3741649042017224,0xbFA5184f90B071C34C85d065b8c7877617248ef7,0x78F5a590Da87B546311dC0E7F4f3Be77CFeeB2a0,0x833589fCD6eDb6E08f4c7C32D4f71b54bdA02913,0xf43eB8De897Fbc7F2502483B2Bef7Bb9EA179229,0x940181a94A35A4569E4529A3CDfB74e38FD98631,18,6,18,358141,478478313634809771,0.358141,0.47847831363480975,478478313635167912,22672422144929365,2986932110920429434135917,2986932.1109204297,2.8401202217205202e-21,8483.246289131472,0,8483.246289131472,352.0977711972378,1778716800
CL-RECALL/USDC,0.20136267379372996,0x5e3791F68EbCEAC82788f3becAb154C15141A2f4,0x40F207AE22ECd68149f05a7eFef6feC091E32177,0x1f16e03C1a5908818F47f6EE7bB16690b40D0671,0x833589fCD6eDb6E08f4c7C32D4f71b54bdA02913,0x940181a94A35A4569E4529A3CDfB74e38FD98631,18,18,6,204163304939579255059,11169743,204.16330493957926,11.169743,204163304939590424802,0,1607464060742121610822364,1607464.0607421217,0.0,0,0,0,nan,0
CL-RECALL/WETH,0.065512634944844,0x6Ee714d6d8dF7662BcA805f58CC1d5A8886D78eB,0x2e6C36a3120361EE3f6265A0AC998EaD69aEB1d4,0x1f16e03C1a5908818F47f6EE7bB16690b40D0671,0x4200000000000000000000000000000000000006,0x940181a94A35A4569E4529A3CDfB74e38FD98631,18,18,18,206214171291564480357,2758100737503660,206.21417129156447,0.00275810073750366,206216929392301984017,0,522982756507449042193370,522982.756507449,0.0,0,0,0,nan,0
CL-EURAU/EURC,4.50269283007179e-05,0xc87B179Bc04F98Acb376E4E90b36A8d52ad5BA0a,0xe217269D06AA942896C9ad70f7Fb9A356082D9fA,0x4933A85b5b5466Fbaf179F72D3DE273c287EC2c2,0x60a3E35Cc302bFA44Cb288Bc5a4F316Fdb1adb42,0x940181a94A35A4569E4529A3CDfB74e38FD98631,18,6,6,1,1,1e-06,1e-06,2,2665911591580,359446801362796157971,359.4468013627961,0.0,0,0,0,nan,1778716800
CL-BIO/USDC,0.17723828500051614,0xd40BffA9C9E35493B88a2b6744C49D8716b00898,0x134cE8d4299dF4B6b4938754a1D13a3aD2c24D54,0x226A2FA2556C48245E57cd1cbA4C6c9e67077DD2,0x833589fCD6eDb6E08f4c7C32D4f71b54bdA02913,0x940181a94A35A4569E4529A3CDfB74e38FD98631,18,18,6,602103754915912003751,27980177,602.103754915912,27.980177,602103754915939983928,10493159486073779,1414880761951674820912363,1414880.7619516747,4.630525545953661e-21,6551.641512695611,0,6551.641512695611,215.95820821544544,1778716800
CL-USDC/TITN,0.000331733319037621,0x611865e603862a3D1cd29146458564a684e1cBbb,0xf852a8F5BF12A588f1c4605E62D324a831D76854,0x833589fCD6eDb6E08f4c7C32D4f71b54bdA02913,0xe62bfbE57763ec24c0F130426F34DbCe11Fc5B06,0x940181a94A35A4569E4529A3CDfB74e38FD98631,18,6,18,104926,12047254545900733435,0.104926,12.047254545900733,12047254545900838361,19641803169517,2648203751256904702675,2648.2037512569045,2.5059370268733332e-20,66.36231834979536,0,66.36231834979536,39.90523262460843,1778716800
CL-WETH/TITN,2.5477513016985227e-05,0xfe2313df3e27aD2608B16230695d835E18d409f4,0x52bf08d71F69282e729A16d14a4503c6957B7De4,0x4200000000000000000000000000000000000006,0xe62bfbE57763ec24c0F130426F34DbCe11Fc5B06,0x940181a94A35A4569E4529A3CDfB74e38FD98631,18,18,18,1,21985163325259963,1e-18,0.021985163325259963,21985163325259964,1508513818811,203385194288021878660,203.38519428802186,1.923664172851508e-21,0.3912448115403108,0,0.3912448115403108,519.8412561365473,1778716800
CL-WETH/SAND,0.039278311850248424,0xA69CDf524D072c366FD050957880552916D29405,0xC77386D4B892e6E4D36d43d6A59EEaCA770E4295,0x4200000000000000000000000000000000000006,0xac531Eb26Ca1d21b85126De8FB87E80E09002DcF,0x940181a94A35A4569E4529A3CDfB74e38FD98631,18,18,18,3029947062777070,64775236939891809841,0.00302994706277707,64.77523693989181,64778266886954586911,2325932487566264,313556000605022476813279,313556.0006050225,4.810450707240559e-21,1508.3456848699514,0,1508.3456848699514,207.88072903331644,1778716800
CL-USDC/cbBTC,1.198985237363255e-08,0x4F5905e36ac07eE1F01ffB939aA7f212A58D5CDF,0xfd548a1C01f1547b305313e4D42BD9C714EFdF6a,0x833589fCD6eDb6E08f4c7C32D4f71b54bdA02913,0xcbB7C0000aB88B473b1f5aFd9ef808440eed33Bf,0x940181a94A35A4569E4529A3CDfB74e38FD98631,18,6,8,364573837,509655,364.573837,0.00509655,365083492,0,95714148114465879,0.09571414811446587,0.0,0,0,0,nan,0
CL-CHECK/TOWER,0.015492116490855884,0xB5a64B150730b6c475CDC9C40632CE1D1ebf3ceC,0x58700106298036e6D74A3deb237B9ADAe17D2FAe,0x9126236476eFBA9Ad8aB77855c60eB5BF37586Eb,0xf7C1CEfCf7E1dd8161e00099facD3E1Db9e528ee,0x940181a94A35A4569E4529A3CDfB74e38FD98631,18,18,18,1,1,1e-18,1e-18,2,917191609458405,123672476207736073992049,123672.47620773606,3.207565052238754e-22,39.668751260776304,0,39.668751260776304,3117.6296776959807,1778716800
CL-WETH/LITKEY,0.01249740043430806,0xCd1F9777571493AEAcb7eaE45cD30a226d3e612d,0x413112E5434C7d3b00cAD0948d89dCA460f6fB46,0x4200000000000000000000000000000000000006,0xF732A566121Fa6362E9E0FBdd6D66E5c8C925E49,0x940181a94A35A4569E4529A3CDfB74e38FD98631,18,18,18,28697827653790,9026335696314114946,2.869782765379e-05,9.026335696314115,9026364394141768736,739940735535786,99765868581144804152453,99765.8685811448,1.9731513424523862e-21,196.85315752181418,0,196.85315752181418,506.8034967642787,1778716800
CL-msUSD/USDC,0.008513018540937344,0x054B67943BA17b2cD8C420544C88BdE71a81Ef9f,0xA0B1Db34fa530B9A001965C8A212c1a54Dab8510,0x526728DBc96689597F85ae4cd716d4f7fCcBAE9d,0x833589fCD6eDb6E08f4c7C32D4f71b54bdA02913,0x940181a94A35A4569E4529A3CDfB74e38FD98631,18,18,6,2169972003918071759,1109849,2.1699720039180717,1.109849,2169972003919181608,504035157865191,67958828193779285976745,67958.82819377928,1.91616100722324e-21,130.22005668150322,0,130.22005668150322,521.8768131855093,1778716800
CL-WETH/PING,0.04173551293802624,0x5D28f920C9d23100E4A38b2bA2D8aE617c3b2615,0xcc049DFa700197b49db9E8BeC3Af462d22b68621,0x4200000000000000000000000000000000000006,0xd85c31854c2B0Fb40aaA9E2Fc4Da23C21f829d46,0x940181a94A35A4569E4529A3CDfB74e38FD98631,18,18,18,1538284306863028,2568627663026434798053,0.001538284306863028,2568.6276630264347,2568629201310741661081,2471119265761403,333171664045533858457433,333171.66404553386,5.233160418186513e-21,1743.5407647444226,0,1743.5407647444226,191.08911634444746,1778716800
CL-ICP/WETH,0.007677279562057771,0xBe762d548f8CA86A78E9Da6e3DdC87F91457e398,0x7140E2eE393c885FDa93A4a6b0a05564c6AdEdFc,0x00f3C42833C3170159af4E92dbb451Fb3F708917,0x4200000000000000000000000000000000000006,0x940181a94A35A4569E4529A3CDfB74e38FD98631,18,8,18,22484288,235989627627509,0.22484288,0.000235989627627509,235989650111797,454623756812311,61287182712519964674716,61287.18271251996,9.414037504577239e-21,576.9598366055407,0,576.9598366055407,106.22434842794985,1778716800
CL-HYPE/WETH,0.020041416304910773,0x9E48d016eE76cf53e2De8dc8058c7549c8c202DF,0x9495E37F2dd9b54f6b473a46ede1F1641459868e,0x15D0e0c55a3E7eE67152aD7E89acf164253Ff68d,0x4200000000000000000000000000000000000006,0x940181a94A35A4569E4529A3CDfB74e38FD98631,18,18,18,32258040847605084,573836326096810,0.032258040847605085,0.00057383632609681,32831877173701894,1186644607908014,159989216618747455712137,159989.21661874745,8.691033475058549e-22,139.04716372819274,0,139.04716372819274,1150.6111475347452,1778716800
CL-WETH/LSK,0.00010064794888583168,0x275BE3a43B66516e532BcaA36eE453EDd47614ea,0x90F6Ef29a0915Cd33dbf0ce779B46923DB5cbb22,0x4200000000000000000000000000000000000006,0xac485391EB2d7D88253a7F1eF18C37f4242D1A24,0x940181a94A35A4569E4529A3CDfB74e38FD98631,18,18,18,1,1,1e-18,1e-18,2,5959902607802,803465496227545044977,803.465496227545,1.2144624336527518e-20,9.757786619045202,0,9.757786619045202,82.34095780075215,1778716800
CL-TRUST/USDC,0.007640898717831798,0x52448E17DABcb3b6654045974Afd572090BCC1F5,0x43cBf909CDE242941Ff0827c9Dd4653C7472900d,0x6cd905dF2Ed214b22e0d48FF17CD4200C1C6d8A3,0x833589fCD6eDb6E08f4c7C32D4f71b54bdA02913,0x940181a94A35A4569E4529A3CDfB74e38FD98631,18,18,6,1,1,1e-18,1e-06,2,452425004625737,60996756992147302319243,60996.756992147304,1.6234488517726312e-21,99.02511510075576,0,99.02511510075576,615.9725937211435,1778716800
CL-USDC/elizaOS,0.03840513466200941,0x84b783723DaC9B89d0981FFf3dcE369bC5870C16,0x757319eb2053b7Be8b4Da20652324FD812f45bf2,0x833589fCD6eDb6E08f4c7C32D4f71b54bdA02913,0xea17Df5Cf6D172224892B5477A16ACb111182478,0x940181a94A35A4569E4529A3CDfB74e38FD98631,18,6,9,373537,174328533001,0.373537,174.328533001,174328906538,2274027741207849,306585488531906691946442,306585.48853190674,3.464265029115991e-21,1062.0933863555263,0,1062.0933863555263,288.66151740566437,1778716800
CL-USDC/TOWER,0.04708261413460767,0xD4dC229A997a73E86c13e3ce8019be02cD4827a6,0xF8b0f41537A00E0BDa5aB5733568F248157aFf74,0x833589fCD6eDb6E08f4c7C32D4f71b54bdA02913,0xf7C1CEfCf7E1dd8161e00099facD3E1Db9e528ee,0x940181a94A35A4569E4529A3CDfB74e38FD98631,18,6,18,1,275191375597395330400,1e-06,275.19137559739534,275191375597395330401,2787988462536870,375857196774705830146286,375857.19677470584,0.0,0,0,0,nan,0
CL-WETH/USDC,0.2671438994811655,0xc758d81B9b81A6FCDAd075bD471874A2c46B54e0,0x655D019A5899C6F1a3B2770cabf91F4b3517C6be,0x4200000000000000000000000000000000000006,0x833589fCD6eDb6E08f4c7C32D4f71b54bdA02913,0x940181a94A35A4569E4529A3CDfB74e38FD98631,18,18,6,7370849675297073,19464660,0.007370849675297073,19.46466,7370849694761733,0,2132590958254602772299245,2132590.9582546027,0.0,0,0,0,nan,0
CL-USDC/EDEL,0.004088243349315536,0xe2B182796518E76845f46ccDC522495D81630d14,0x5b29c69383f3E4D274511Df97486207315Eade6d,0x833589fCD6eDb6E08f4c7C32D4f71b54bdA02913,0xFb31f85A8367210B2e4Ed2360D2dA9Dc2D2Ccc95,0x940181a94A35A4569E4529A3CDfB74e38FD98631,18,6,18,1706151,109116274413348253401,1.706151,109.11627441334825,109116274413349959552,242089837905445,32636159084402038101928,32636.15908440204,6.2576746474272345e-21,204.22646529186466,0,204.22646529186466,159.80376998525125,1778716800
CL-WETH/jesse,0.0007946346450020185,0x4e40ff3Be6bdA5b131c91520Fa73515076eEE098,0x474716f0164cbe5d2F55336492C51FE0bF04373E,0x4200000000000000000000000000000000000006,0x50F88fe97f72CD3E75b9Eb4f747F59BcEBA80d59,0x940181a94A35A4569E4529A3CDfB74e38FD98631,18,18,18,73855107762263,50749456820692786018,7.3855107762263e-05,50.749456820692785,50749530675800548281,47055236095837,6343512475255447376364,6343.5124752554475,1.840357419723023e-20,116.74330250941922,0,116.74330250941922,54.33727108022863,1778716800
CL-sUSDai/USDC,0.00010586814751888258,0xEd7b8e8D89Bb5061E5B8eC1fC8E31cdb36B7CAFE,0xB5DBc58d852A10fA344e24A5Cb87C9C5732F55A6,0x0B2b2B2076d95dda7817e785989fE353fe955ef9,0x833589fCD6eDb6E08f4c7C32D4f71b54bdA02913,0x940181a94A35A4569E4529A3CDfB74e38FD98631,18,18,6,1,1,1e-18,1e-06,2,6267947237541,845137974718569951885,845.1379747185699,5.765727224032234e-22,0.4872835028898324,0,0.4872835028898324,1734.386593649248,1778716800
CL-USDai/USDC,7.822282873301842e-06,0x2595b1BD2944D213360e73c928c5d1636cCC2d99,0xDe7bDBb10EAE1546D88d506C9250F57D14B3A221,0x0A1a1A107E45b7Ced86833863f482BC5f4ed82EF,0x833589fCD6eDb6E08f4c7C32D4f71b54bdA02913,0x940181a94A35A4569E4529A3CDfB74e38FD98631,18,18,6,3577345814089987,1,0.003577345814089987,1e-06,3577345814089988,463188735369,62444733946430457201,62.44473394643045,5.035306812454459e-21,0.3144283942423675,0,0.3144283942423675,198.59763014372308,1778716800
CL-USDC/cbBTC,0.035823507632203,0x95DaDA6BC214A86Af204250F7b6FF873b52e0289,0x989612FdbEFb492dAf3E56406838D17c61B0ed2C,0x833589fCD6eDb6E08f4c7C32D4f71b54bdA02913,0xcbB7C0000aB88B473b1f5aFd9ef808440eed33Bf,0x940181a94A35A4569E4529A3CDfB74e38FD98631,18,6,8,3255796,4698,3.255796,4.698e-05,3260494,2121371393800676,285976541548488887227519,285976.5415484889,5.186775712330584e-22,148.329618,0,148.329618,1927.9800312604384,1778716800
CL-SOL/USDC,0.0012264215739211553,0xb30540172F1B37d1eE1d109e49F883E935E69219,0xC6e211fF1D04A1728ab011406AD42EF529Cb3886,0x311935Cd80B76769bF2ecC9D8Ab7635b2139cf82,0x833589fCD6eDb6E08f4c7C32D4f71b54bdA02913,0x940181a94A35A4569E4529A3CDfB74e38FD98631,18,9,6,4023124959,360285932,4.023124959,360.285932,4383410891,0,9790437156275141810624,9790.437156275142,0.0,0,0,0,nan,0
CL-SOL/cbBTC,0.019458692575558777,0xa25773F75d7190E130D501509D22592151dB3915,0xAB69fc62A7F435cD87b84DEe6ed545145E63770f,0x311935Cd80B76769bF2ecC9D8Ab7635b2139cf82,0xcbB7C0000aB88B473b1f5aFd9ef808440eed33Bf,0x940181a94A35A4569E4529A3CDfB74e38FD98631,18,9,8,4026642926,469687,4.026642926,0.00469687,4027112613,0,155337374076993703190541,155337.3740769937,0.0,0,0,0,nan,0
CL-MYRC/USDC,0.0001407988756161772,0x8d15046288Df104C9757a18fABaf587a88209D48,0x81Fbc2c15CaAf32CD5fdc0427cBA2817d7629238,0x3eD03E95DD894235090B3d4A49E0C3239EDcE59e,0x833589fCD6eDb6E08f4c7C32D4f71b54bdA02913,0x940181a94A35A4569E4529A3CDfB74e38FD98631,18,18,6,1,1,1e-18,1e-06,2,8335710061816,1123987520039339961172,1123.9875200393399,1.5338557521991496e-21,1.7240347230123985,0,1.7240347230123985,651.9517878824397,1778716800
CL-RAVE/USDC,0.9604036055425589,0x51663B8A28E7Ea197c5CcF983AfC084Da0a8023D,0x8eF58803e5522986Be1896c1Ea024553A50e0940,0x1aA8fD5BCce2231C6100d55Bf8B377cff33Acfc3,0x833589fCD6eDb6E08f4c7C32D4f71b54bdA02913,0x940181a94A35A4569E4529A3CDfB74e38FD98631,18,18,6,50414218719133590834,18701723,50.41421871913359,18.701723,50414218719152292557,58025822325549411,7666834426812662313962125,7666834.426812662,7.110533990577619e-22,5451.528679198212,0,5451.528679198212,1406.3641371029655,1778716800
CL-BRACKY/USDC,0.00041123437630548776,0x8c30Ecf71C809D295222E00351Eff6058d3497bA,0x50bEed7938E571a90bEd95ae092febb2a85e3783,0x06f71fb90F84b35302d132322A3C90E4477333b0,0x833589fCD6eDb6E08f4c7C32D4f71b54bdA02913,0x940181a94A35A4569E4529A3CDfB74e38FD98631,18,18,6,6163356417207571217929,313,6163.356417207571,0.000313,6163356417207571218242,24346837645599,3282855099202386814530,3282.855099202387,1.828863514331201e-21,6.003893913767381,0,6.003893913767381,546.7876592013981,1778716800
CL-AERO/DIEM,0.00012665005552266604,0xD1edC6961222bf35AFAC0989Ce602212f28464F6,0x289541d6ce255535A859C96B022d78C0cd80D545,0x940181a94A35A4569E4529A3CDfB74e38FD98631,0xF4d97F2da56e8c3098f3a8D538DB630A2606a024,0x940181a94A35A4569E4529A3CDfB74e38FD98631,18,18,18,18216820045397988,15070373074127,0.01821682004539799,1.5070373074127e-05,18231890418472115,7498515571114,1011038484482118483891,1011.0384844821185,1.839744244534879e-20,18.60052232829244,0,18.60052232829244,54.3553813509996,1778716800
CL-cbBTC/USDT,0.00016630343234422552,0x6567CB712b9BCf7c1c568eBe8c2657830E299442,0x774C988f7De1607098eefdaa47bc4E05B6655d1A,0xcbB7C0000aB88B473b1f5aFd9ef808440eed33Bf,0xfde4C96c8593536E31F229EA8f37b2ADa2699bb2,0x940181a94A35A4569E4529A3CDfB74e38FD98631,18,8,6,51,29857,5.1e-07,0.029857,29908,9846860449000,1327588602370483267102,1327.5886023704834,0.0,0,0,0,nan,0
CL-SUMR/USDC,0.036783994526553024,0x8fEbF59b6725c4729466b0279cb28080Ac5d1161,0xC7fCaC7ea12c31a43F060E27d7cf7273EFBCcd01,0x194f360D130F2393a5E9F3117A6a1B78aBEa1624,0x833589fCD6eDb6E08f4c7C32D4f71b54bdA02913,0x940181a94A35A4569E4529A3CDfB74e38FD98631,18,18,6,797010491502226428105,1,797.0104915022264,1e-06,797010491502226428106,2178029612326724,293644040863992887334519,293644.0408639929,0.0,0,0,0,nan,0
CL-FUN/USDC,0.43952147579072065,0x659bE70647B0f63217D60e077F4417b1eCC65064,0x72cD715cd1Df473115881B6a2bcEC16630AAf2A1,0x16EE7ecAc70d1028E7712751E2Ee6BA808a7dd92,0x833589fCD6eDb6E08f4c7C32D4f71b54bdA02913,0x940181a94A35A4569E4529A3CDfB74e38FD98631,18,18,6,1203255772249399136085,72547881,1203.2557722493991,72.547881,1203255772249471683966,26022752829830993,3508669024635892746808155,3508669.024635893,0.0,0,0,0,nan,0
CL-USDC/ACU,0.06289365775179225,0x6d76a0f856a2ba951DA45Da9be399509Ad602e6A,0x68ba7CA9Fc65C393a86D7Cd00ff1b70C2882b633,0x833589fCD6eDb6E08f4c7C32D4f71b54bdA02913,0xc5fEd7c8cCC75D8A72b601a66DffD7A489073F0b,0x940181a94A35A4569E4529A3CDfB74e38FD98631,18,6,12,6351058,56485956556646,6.351058,56.485956556646,56485962907704,3724042102894610,502075645798110276720649,502075.6457981103,1.1925790263942293e-21,598.7648848421643,0,598.7648848421643,838.5188552439218,1778716800
CL-USDC/CLAWD,0.06444289101722633,0x4c76Ef610b9F6FEeB3Ca70951BeF09ED31e7f6d0,0x7762C1810f3E249c83130093442eD24cEe6Dd61f,0x833589fCD6eDb6E08f4c7C32D4f71b54bdA02913,0x9f86dB9fc6f7c9408e8Fda3Ff8ce4e78ac7a6b07,0x940181a94A35A4569E4529A3CDfB74e38FD98631,18,6,18,13013810,201143756532300674452182,13.01381,201143.75653230067,201143756532300687465992,3815320771071655,514443065980673439585967,514443.0659806734,4.0486686625780115e-21,2082.8095199165045,0,2082.8095199165045,246.99477367536537,1778716800
CL-EMBER/USDC,8.702213334880575e-07,0x24bfa3f843F86Ba3AeA18296f6cAD8519F25399f,0xB115C1caCb4abe824a3405a8f3aC75a8C7ec5970,0x7FfBE850D2d45242efdb914D7d4Dbb682d0C9B07,0x833589fCD6eDb6E08f4c7C32D4f71b54bdA02913,0x940181a94A35A4569E4529A3CDfB74e38FD98631,18,18,6,1,433,1e-18,0.000433,434,51525358976,6946915692558183474,6.946915692558184,9.617906723625942e-22,0.006681478714791792,0,0.006681478714791792,1039.727280306791,1778716800
CL-CHECK/SAND,0.0032090391235023996,0x3f985184335BD9e0A4774C79668Ce57EE2AaCFe2,0xfab8FcF5137630d186bC29A3f985661A152d1263,0x9126236476eFBA9Ad8aB77855c60eB5BF37586Eb,0xac531Eb26Ca1d21b85126De8FB87E80E09002DcF,0x940181a94A35A4569E4529A3CDfB74e38FD98631,18,18,18,1,1,1e-18,1e-18,2,190005011960419,25617533594282906328732,25617.533594282908,4.357625563639153e-22,11.1631619267832,0,11.1631619267832,2294.827734498778,1778716800
CL-WETH/MOLT,0.03454043841187484,0x85Fb468A5E65a537C5Ac767776599708a3D41046,0x83c20bA54325741fE1D84632E423D187C8b4f3c2,0x4200000000000000000000000000000000000006,0xB695559b26BB2c9703ef1935c37AeaE9526bab07,0x940181a94A35A4569E4529A3CDfB74e38FD98631,18,18,18,316941516505830,44544922475328613554463,0.00031694151650583,44544.92247532861,44544922792270130060293,2041434757655484,275733890215627257306385,275733.89021562727,0.0,0,0,0,nan,0
CL-USDC/CLAWNCH,0.00010720029487849923,0xb16395A423162b2577A91D40171AAF28A214719F,0xe0CEd0AC7c227c6df4644Eb8d04cC5F5C9262FB9,0x833589fCD6eDb6E08f4c7C32D4f71b54bdA02913,0xa1F72459dfA10BAD200Ac160eCd78C6b77a747be,0x940181a94A35A4569E4529A3CDfB74e38FD98631,18,6,18,1,3677866944880618206,1e-06,3.677866944880618,3677866944880618207,6347027244840,855772413385141357167,855.7724133851414,3.47456596658505e-22,0.29734377026903647,0,0.29734377026903647,2878.057315984253,1778716800
CL-USDC/RNBW,0.04555845257958159,0x4bf85cA48a620BAf9DDE3b6A7A6d88b219827caA,0x0099140A97ACc1cc831ECB39Ab5FD60FC9F6BB64,0x833589fCD6eDb6E08f4c7C32D4f71b54bdA02913,0xa53887F7e7c1bf5010b8627F1C1ba94fE7a5d6E0,0x940181a94A35A4569E4529A3CDfB74e38FD98631,18,6,18,1121108,117633499177297659973,1.121108,117.63349917729767,117633499177298781081,2693988797062413,363689922292748065194487,363689.92229274806,4.63723939966909e-21,1686.5172369185211,0,1686.5172369185211,215.64554119663504,1778716800
CL-UP/USDC,0.32310106826093166,0xb1857B20d91c216f51656B63081f35C7cD0A489d,0xe897425DACD719e509f73987b289DAD6cd256EE6,0x5b2193fDc451C1f847bE09CA9d13A4Bf60f8c86B,0x833589fCD6eDb6E08f4c7C32D4f71b54bdA02913,0x940181a94A35A4569E4529A3CDfB74e38FD98631,18,18,6,786081431659088805554,174342953,786.0814316590888,174.342953,786081431659263148507,19132172975500273,2579293100512091742282819,2579293.1005120915,2.516669436085216e-21,6491.228112764255,0,6491.228112764255,397.35055612052946,1778716800
CL-wtCOIN/USDC,0.019460959016737257,0x4618dFcbC52d9fbCd45Ec4A65fc61B5DA57Ad205,0x9a48ed41616C312C9Dd5D221B06828C21f8CD207,0x5cDa0E1CA4ce2af96315f7F8963C85399c172204,0x833589fCD6eDb6E08f4c7C32D4f71b54bdA02913,0x940181a94A35A4569E4529A3CDfB74e38FD98631,18,18,6,435009819845760,1,0.00043500981984576,1e-06,435009819845761,1148456366004092,155355466917496632613205,155355.4669174966,4.9042114438196335e-22,76.18960587167294,0,76.18960587167294,2039.0637953838964,1778716800
CL-USDC/FELIX,0.005295153921253059,0x1F9bA3e5Ebcd2f4CA3cDEffa5eCdF1c03cf1865d,0xBc24a215368B5e2a3baad4904d6C810148D2b258,0x833589fCD6eDb6E08f4c7C32D4f71b54bdA02913,0xf30Bf00edd0C22db54C9274B90D2A4C21FC09b07,0x940181a94A35A4569E4529A3CDfB74e38FD98631,18,6,18,288052,123856323174723963516705,0.288052,123856.32317472396,123856323174723963804757,313513900078091,42270841284275055432682,42270.841284275055,2.946343142918755e-21,124.54440336333082,0,124.54440336333082,339.40378003947075,1778716800
CL-USDC/MUSD,0.0002660453573246799,0x78595D8e45E1Df1CbA5775E8368827cdaC50aF9c,0x4fE3512bbbBD252B31ebA69F9648C9e41F668677,0x833589fCD6eDb6E08f4c7C32D4f71b54bdA02913,0xdD468A1DDc392dcdbEf6db6e34E89AA338F9F186,0x940181a94A35A4569E4529A3CDfB74e38FD98631,18,6,18,179709498,362628841845333764142,179.709498,362.62884184533374,362628841845513473640,0,2123821373492484815910,2123.821373492485,0.0,0,0,0,nan,0
CL-WBTC/cbBTC,4.540007267111742e-06,0x383567feDD4e7Dfdd44c8df9624C19eFdB6D7B35,0xdF383F80C8067Ff91528651b28e063D8Fc953ADb,0x0555E30da8f98308EdB960aa94C0Db47230d2B9c,0xcbB7C0000aB88B473b1f5aFd9ef808440eed33Bf,0x940181a94A35A4569E4529A3CDfB74e38FD98631,18,8,8,1,29,1e-08,2.9e-07,30,268812394209,36242558662415949691,36.24255866241595,0.0,0,0,0,nan,1778716800
CL-MEZO/MUSD,0.00034648186234194795,0x0DD2076128FaE11da3D0F5522D3a52B532af3741,0x73aA1980FE058652313E58b0836347106aDBBB10,0x8e4cbBcc33dB6c0a18561fDE1F6bA35906d4848b,0xdD468A1DDc392dcdbEf6db6e34E89AA338F9F186,0x940181a94A35A4569E4529A3CDfB74e38FD98631,18,18,18,1619883997916224385,1,1.6198839979162243,1e-18,1619883997916224386,20518044236257,2765940335020635847060,2765.9403350206358,0.0,0,0,0,nan,0
CL-MEZO/MUSD,0.05464069356843691,0xfCd3F5cA230E7c1Bd5b415eb85d5186346De0fec,0x78329E80c7999548c81C5ab93185cf1316747845,0x8e4cbBcc33dB6c0a18561fDE1F6bA35906d4848b,0xdD468A1DDc392dcdbEf6db6e34E89AA338F9F186,0x940181a94A35A4569E4529A3CDfB74e38FD98631,18,18,18,22912012955046020364553,927535093756992219694,22912.01295504602,927.5350937569922,23839548048803012584247,0,436192813248293676677106,436192.8132482937,0.0,0,0,0,nan,0
CL-USDC/PENDLE,5.1950926574114805e-06,0xa2440Bc42F9933914A2d246Ab471e5B2D7aa5045,0x55E13F1653FB7C40c9E2934b0B1fFaCF10AFFA18,0x833589fCD6eDb6E08f4c7C32D4f71b54bdA02913,0xA99F6e6785Da0F5d6fB42495Fe424BCE029Eeb3E,0x940181a94A35A4569E4529A3CDfB74e38FD98631,18,6,18,1,800502405231459,1e-06,0.000800502405231459,800502405231460,307569180595,41472059253487476746,41.47205925348748,3.8588128045562945e-20,1.6003291327867484,0,1.6003291327867484,25.914706171267227,1778716800
CL-WETH/DRV,0.11062712931668243,0xEF7E596AEF9e4c6301b4D1F1e88F8fFE8C306222,0xA9BFEB96Bc114cf7523Bdd3065e5561F2A074A89,0x4200000000000000000000000000000000000006,0x9d0E8f5b25384C7310CB8C6aE32C8fbeb645d083,0x940181a94A35A4569E4529A3CDfB74e38FD98631,18,18,18,633511621217363,7161589452527729362,0.000633511621217363,7.161589452527729,7162222964148946725,6546452637714811,883128591656471416123017,883128.5916564714,1.3002302263649955e-21,1148.2704886388935,0,1148.2704886388935,769.0945647338642,1778716800
CL-WETH/ZRO,0.2516687653643035,0x717e174d5dAe280802D1a2c15C1C0976561A3f61,0x27461E3bD492F7d8c08F21aAb9C817ee00154Eef,0x4200000000000000000000000000000000000006,0x6985884C4392D348587B19cb9eAAf157F13271cd,0x940181a94A35A4569E4529A3CDfB74e38FD98631,18,18,18,4803560038813434,7777168660513792363,0.004803560038813434,7.777168660513793,7781972220552605797,14823780933565061,2009054051143893626083703,2009054.0511438935,1.6257630656499877e-21,3266.2458732442237,0,3266.2458732442237,615.0957794087881,1778716800
CL-WETH/VVV,1.6816176113271728,0xA135B59Fe221C0c8D441294f97f96Fbc37Bc9fbE,0xCa9740aFFeDF731f95B3FBAb8d40835781c7aE4D,0x4200000000000000000000000000000000000006,0xacfE6019Ed1A7Dc6f7B508C02d1b04ec88cC21bf,0x940181a94A35A4569E4529A3CDfB74e38FD98631,18,18,18,161739556698500295,28598065055664901665,0.1617395566985003,28.5980650556649,28759804612363401960,99678904419597344,13424235103713718547941073,13424235.10371372,1.5204986088293482e-21,20411.53079979481,0,20411.53079979481,657.6789970034324,1778716800
CL-USDC/CHECK,0.20874164759778058,0x3c4384F3664B37A3Cb5A5cB3452B4B4A3Aa1256f,0xFBd7De67837D3CEeCaEa3cd98AccAcE26f94aF00,0x833589fCD6eDb6E08f4c7C32D4f71b54bdA02913,0x9126236476eFBA9Ad8aB77855c60eB5BF37586Eb,0x940181a94A35A4569E4529A3CDfB74e38FD98631,18,6,18,30416152,711960874232581379899,30.416152,711.9608742325814,711960874232611796051,12359844996128807,1666369889571746328576274,1666369.8895717463,1.522579514534607e-21,2537.180657499236,0,2537.180657499236,656.7801487238983,1778716800
CL-USDC/MUSD,0.1330218631072615,0xFF56D037D948faD1027a1AC82ae610e4b694c641,0x18fbca64a478ACF51f9dC6f98b36EE8D6594072b,0x833589fCD6eDb6E08f4c7C32D4f71b54bdA02913,0xdD468A1DDc392dcdbEf6db6e34E89AA338F9F186,0x940181a94A35A4569E4529A3CDfB74e38FD98631,18,6,18,1,1084376058198894824,1e-06,1.0843760581988948,1084376058198894825,7876885837310449,1061904176227418513522642,1061904.1762274185,0.0,0,0,0,nan,0
CL-EURC/USDC,0.27711271288007344,0xf39B7c34BE147F5DC1bC374f27AF2E9f03AD3113,0x3b798f9C872586CF0ba103400650Cf9E1acAF27F,0x60a3E35Cc302bFA44Cb288Bc5a4F316Fdb1adb42,0x833589fCD6eDb6E08f4c7C32D4f71b54bdA02913,0x940181a94A35A4569E4529A3CDfB74e38FD98631,18,6,6,12012253,9363242,12.012253,9.363242,21375495,16409394964927599,2212171294396762092288739,2212171.2943967623,0.0,0,0,0,nan,0
CL-WETH/USDC,0.09044468852230271,0x4e392fBfE4D0557C82D2F97F02ec39daA31516dd,0x6BFdC817fd78c72A0E330e3D958108fAc96201f4,0x4200000000000000000000000000000000000006,0x833589fCD6eDb6E08f4c7C32D4f71b54bdA02913,0x940181a94A35A4569E4529A3CDfB74e38FD98631,18,18,6,7092587977603086,15149921,0.007092587977603086,15.149921,7092587992753007,5328194067558663,722013586458167854279389,722013.5864581679,0.0,0,0,0,nan,0
CL-USDC/cbBTC,0.5550221782470245,0x9D14ff91AE2c6e3D1A760542248B6c7F206894b0,0xF2d990b13af7c0cd72Cc937625dEB29E4022b81D,0x833589fCD6eDb6E08f4c7C32D4f71b54bdA02913,0xcbB7C0000aB88B473b1f5aFd9ef808440eed33Bf,0x940181a94A35A4569E4529A3CDfB74e38FD98631,18,6,8,46365058,65702,46.365058,0.00065702,46430760,32858725810086099,4430703007851499838877482,4430703.0078515,0.0,0,0,0,nan,0
CL-WETH/cbBTC,0.1748390202742295,0x7C7420DD105E2779316423Ba3E973f434315EFA9,0xe3aE44A6cD6cf1b47295209539b7bB675F500873,0x4200000000000000000000000000000000000006,0xcbB7C0000aB88B473b1f5aFd9ef808440eed33Bf,0x940181a94A35A4569E4529A3CDfB74e38FD98631,18,18,8,9231092265583936,22751,0.009231092265583937,0.00022751,9231092265606687,10321100589116283,1395727600409616868829106,1395727.600409617,0.0,0,0,0,nan,0
CL-CHIP/USDC,0.2683672356630777,0x592E01EDEb601016a20A3E6cD5bF533eBBadBC8b,0x3808E53a5D0419D0670534C8918b7FD6A5B29cee,0x0C1c1C109FE34733fca54b82d7B46B75CFb71F6e,0x833589fCD6eDb6E08f4c7C32D4f71b54bdA02913,0x940181a94A35A4569E4529A3CDfB74e38FD98631,18,18,6,1464327811144666663600,45110443,1464.3278111446666,45.110443,1464327811144711774043,15890593302271051,2142356764943501217759696,2142356.764943501,7.279792616023859e-21,15595.912958324461,0,15595.912958324461,137.3665504974493,1778716800
CL-USDC/cbBTC,2.7341046159134694,0x160D7E9d948B16c163332a277b393c288408eb12,0x7B0f1103746648FBfce9222f1266f79B934E16b2,0x833589fCD6eDb6E08f4c7C32D4f71b54bdA02913,0xcbB7C0000aB88B473b1f5aFd9ef808440eed33Bf,0x940181a94A35A4569E4529A3CDfB74e38FD98631,18,6,8,224653349,291646,224.653349,0.00291646,224944995,163952059846317618,21826164827807800755894277,21826164.827807803,1.0716182508586912e-21,23389.316575728884,0,23389.316575728884,933.1681307207084,1778716800
CL-WETH/cbBTC,2.6159780835842477,0x42d4a22CaD0F5a49681a5715cE994Af73A43B76b,0x61E0B10423a0009C3f83ab4313813d29437d0817,0x4200000000000000000000000000000000000006,0xcbB7C0000aB88B473b1f5aFd9ef808440eed33Bf,0x940181a94A35A4569E4529A3CDfB74e38FD98631,18,18,8,105989223491735789,206537,0.10598922349173578,0.00206537,105989223491942326,154662239866366945,20883169029421511810862924,20883169.02942151,9.965923411094749e-22,20812.006312816062,0,20812.006312816062,1003.4193107351512,1778716800
CL-WETH/USDC,6.159222648784846,0x3FE04A59Ebd38cF06080a6F60a98D124eb59392A,0xA0B61fdB9f1FB9b917Fe38b49427Fd4D87472D28,0x4200000000000000000000000000000000000006,0x833589fCD6eDb6E08f4c7C32D4f71b54bdA02913,0x940181a94A35A4569E4529A3CDfB74e38FD98631,18,18,6,283886869109270928,473159081,0.2838868691092709,473.159081,283886869582430009,364368012758679939,49168641156267890230623672,49168641.15626789,1.134459322013921e-21,55779.823310485444,0,55779.823310485444,881.477176479783,1778716800
CL-WETH/RED,0.21129060560890678,0x0040559f59e2391eC57162826df354B1BBb05c12,0x2e60483407832D535f235bEdBb0624A5536A52d2,0x4200000000000000000000000000000000000006,0x4eB92702bA4cfbF80561BAd64D89C706Ac824960,0x940181a94A35A4569E4529A3CDfB74e38FD98631,18,18,18,3764823378529002,82947390052093832604,0.003764823378529002,82.94739005209384,82951154875472361606,12510610839109056,1686718042077027610782443,1686718.0420770277,5.143493166349091e-22,867.5622722980912,0,867.5622722980912,1944.204002335267,1778716800
CL-LFI/USDC,1.1132701263530171,0x8343C68279587498526114e6385F0a87f248E0D9,0xE9C73937382C621770f5b7018A407C0749df6aaE,0x3722264aB15a1dfCe5a5af89e6547F7949A8ABA3,0x833589fCD6eDb6E08f4c7C32D4f71b54bdA02913,0x940181a94A35A4569E4529A3CDfB74e38FD98631,18,18,6,1631533856943574788404300,302080782,1631533.8569435747,302.080782,1631533856943575090485082,65907747186306778,8887157109581641722140137,8887157.109581642,1.7763855171084223e-21,15787.017177727977,0,15787.017177727977,562.9408652395383,1778716800
CL-AORA/USDC,18.070203372575172,0x0aeD2Bd5AbdFfCDe57c0bCf30E75cd594b8876A9,0x5B16F52bfA905Df8eB6d1C3d2ed111c8dE6f4920,0x6E84030FA86EBf585E3E18fe557e5612f7e93Bff,0x833589fCD6eDb6E08f4c7C32D4f71b54bdA02913,0x940181a94A35A4569E4529A3CDfB74e38FD98631,18,18,6,17366803868506444202412,992676209,17366.803868506446,992.676209,17366803868507436878621,329619907960800750,144253162437993740139549444,144253162.43799374,0.0,0,0,0,nan,1778716800
CL-VIRTUAL/USDC,5.1950926574114805e-06,0x86c21942420B5648bb813637dcD33b97cC57EdE9,0x10E57B782F0f8D6D6cc53774B7afB0e424d21027,0x0b3e328455c4059EEb9e3f84b5543F74E24e7E1b,0x833589fCD6eDb6E08f4c7C32D4f71b54bdA02913,0x940181a94A35A4569E4529A3CDfB74e38FD98631,18,18,6,1,1,1e-18,1e-06,2,307833123727,41472059253487476746,41.47205925348748,1.8130857995083542e-21,0.07519240170886718,0,0.07519240170886718,551.545878452727,1778716800
CL-GITLAWB/USDC,0.005074165709409913,0xB5E4b3e29a79FEb2aa96c68a4EA24FEdAa559aB2,0x3C2A9058D449E9ccee5bdbE0b57C8B69E6F2dbf6,0x5F980Dcfc4c0fa3911554cf5ab288ed0eb13DBa3,0x833589fCD6eDb6E08f4c7C32D4f71b54bdA02913,0x0000000000000000000000000000000000000000,18,18,6,0,0,0.0,0.0,0,309150119795681,40506707933774300896567,40506.707933774305,1.426761778632633e-21,57.79342265814441,0,57.79342265814441,700.8878531624046,1778716800
CL-VVV/DIEM,0.6578084958275231,0x01271A205e3F37cbfC9B353170D726060E193C0D,0xFD32ca5fF18FcD9AE8D0Ba4176176bA735d36584,0xacfE6019Ed1A7Dc6f7B508C02d1b04ec88cC21bf,0xF4d97F2da56e8c3098f3a8D538DB630A2606a024,0x940181a94A35A4569E4529A3CDfB74e38FD98631,18,18,18,1121191230768066282,12402738827740089,1.1211912307680663,0.012402738827740088,1133593969595806371,38945468428955654,5251238950952502453145744,5251238.950952502,0.0,0,0,0,nan,0
CL-TOWNS/WETH,0.1315616741620506,0x48Be08d21FCcF3F793783c23C33555F5E0C2B7cd,0xa69d26311035B324Dba7F4E97f43298d470086D5,0x00000000A22C618fd6b4D7E9A335C4B96B189a38,0x4200000000000000000000000000000000000006,0x940181a94A35A4569E4529A3CDfB74e38FD98631,18,18,18,2136067534718913245300,3033015950557300,2136.067534718913,0.0030330159505573,2136070567734863802600,7789080725253091,1050247590589685819116337,1050247.5905896858,0.0,0,0,0,nan,0
CL-RECALL/USDC,0.35051792116476144,0x0abe41C8AAa9282429e06EBEd48bE36298981d94,0x38eac5F3c2b8f9A2ab5401E4cB0516757C4E3d32,0x1f16e03C1a5908818F47f6EE7bB16690b40D0671,0x833589fCD6eDb6E08f4c7C32D4f71b54bdA02913,0x940181a94A35A4569E4529A3CDfB74e38FD98631,18,18,6,3244709508912920943338,117362015,3244.709508912921,117.362015,3244709508913038305353,20752368993550801,2798159908700710367162142,2798159.9087007106,0.0,0,0,0,nan,0
TOTAL,100.0,,,,,,,,,291898628456429304177641805335784,1602652774569137270419634542,291898628466215.6,1602682787.6895728,291900231109203873314912224970326,5070589894108110540,798292965849649504133508784,,1.0016596569157548e-21,799617.8582912203,0,799617.8582912203,998.3430929814374,
