name,vote_pct,address,gauge,token0,token1,emissions_token,emissions_decimals,token0_decimals,token1_decimals,token0_fees_raw,token1_fees_raw,token0_fees,token1_fees,fees_raw,emissions_raw,votes_raw,votes,ratio,tfv,tbv,tvv,votes_per_tvv,rewards_epoch_ts
vAMM-tBTC/USDbC,0.0022796747748584606,0x723AEf6543aecE026a15662Be4D3fb3424D502A9,0x50f0249B824033Cf0AF0C8b9fe1c67c2842A34d5,0x236aa50979D5f3De3Bd1Eeb40E81137F22ab794b,0xd9aAEc86B65D86f6A7B5B1b0c42FFA531710b6CA,0x940181a94A35A4569E4529A3CDfB74e38FD98631,18,18,6,0,0,0.0,0.0,0,167772762204154,21560287346673756194022,21560.287346673755,8.223359948470365e-22,17.729800344414937,0,17.729800344414937,1216.047949094106,1769040000
vAMM-tBTC/WETH,0.001061572803092121,0x2722C8f9B5E2aC72D1f225f8e8c990E449ba0078,0xfaE8C18D83655Fbf31af10d2e9A1Ad5bA77D0377,0x236aa50979D5f3De3Bd1Eeb40E81137F22ab794b,0x4200000000000000000000000000000000000006,0x940181a94A35A4569E4529A3CDfB74e38FD98631,18,18,18,0,0,0.0,0.0,0,78126495682538,10039947332180792189920,10039.94733218079,2.761452203211391e-21,27.724834680576976,0,27.724834680576976,362.12830294041095,1769040000
vAMM-T/WETH,4.192841337791484e-07,0xAf58FDeE432a104a932a899968d60F92838886cd,0xaD3d4aFd779e4A57734557CcE25F87032614fE47,0x26f3901aC8a79c50fb0d8289C74f0d09AdC42E29,0x4200000000000000000000000000000000000006,0x940181a94A35A4569E4529A3CDfB74e38FD98631,18,18,18,3759302473501063720279,3797910074763755,3759.3024735010636,0.003797910074763755,3759306271411138484034,0,3965428096970939228,3.9654280969709395,0.0,0,0,0,nan,0
vAMM-EXTRA/USDbC,3.312943154011419e-05,0x2B7704f1cb9324cD8586B33C6c540CbD64E58237,0xf05a3De3dD6910042f506c6105bC14920C4289B6,0x2dAD3a13ef0C6366220f989157009e501e7938F8,0xd9aAEc86B65D86f6A7B5B1b0c42FFA531710b6CA,0x940181a94A35A4569E4529A3CDfB74e38FD98631,18,18,6,1964804884618923510395,33591709,1964.8048846189236,33.591709,1964804884618957102104,0,313325423220146093721,313.3254232201461,0.0,0,0,0,nan,0
sAMM-DOLA/USDbC,0.0003351069961706063,0x0B25c51637c43decd6CC1C1e3da4518D54ddb528,0xeAE066C25106006fB386A3a8b1698A0cB6931c1a,0x4621b7A9c75199271F773Ebd9A499dbd165c3191,0xd9aAEc86B65D86f6A7B5B1b0c42FFA531710b6CA,0x940181a94A35A4569E4529A3CDfB74e38FD98631,18,18,6,0,0,0.0,0.0,0,24662213663775,3169313100710848458367,3169.3131007108486,5.170587681680289e-22,1.6387211277923475,0,1.6387211277923475,1934.016134264702,1769040000
vAMM-WETH/UNIDX,1.3462339209273081e-05,0xA819Af1CC8AbE618eA8abaDeb464960F7451CEAB,0x98F44CE76BDCaD37f00a98B275631B1D796862fa,0x4200000000000000000000000000000000000006,0x6B4712AE9797C199edd44F897cA09BC57628a1CF,0x940181a94A35A4569E4529A3CDfB74e38FD98631,18,18,18,66823878677805527,226308126689906196080,0.06682387867780552,226.3081266899062,226374950568584001607,0,127321627151110355016,127.32162715111036,0.0,0,0,0,nan,0
vAMM-ERN/stERN,4.597587112157138e-05,0x218F511431194B2C756D67a137DE536beA74E498,0x109Cc0f2640457b2A483C2eef189827750A676bB,0xa334884bF6b0A066d553D19e507315E839409e62,0xf7A0dd3317535eC4f4d29ADF9d620B3d8D5D5069,0x940181a94A35A4569E4529A3CDfB74e38FD98631,18,18,18,236672700341664176,115062690349145938,0.23667270034166418,0.11506269034914594,351735390690810114,0,434822108542330684198,434.8221085423307,0.0,0,0,0,nan,0
sAMM-MAI/USDbC,2.9483442073435444e-05,0xf6Aec4F97623E691a9426a69BaF5501509fCa05D,0xC01E2ff20501839db7B28F5Cb3eD2876fEa3d6b1,0xbf1aeA8670D2528E08334083616dD9C5F3B087aE,0xd9aAEc86B65D86f6A7B5B1b0c42FFA531710b6CA,0x940181a94A35A4569E4529A3CDfB74e38FD98631,18,18,6,29791410489878759396,7863695,29.79141048987876,7.863695,29791410489886623091,0,278843056949536182548,278.8430569495362,0.0,0,0,0,nan,0
sAMM-DOLA/MAI,6.974849174833716e-05,0x8b432C54d6e8E1B8D1802753514AB53044Af1861,0xDe23611176b16720346f4Df071D1aA01752c68C1,0x4621b7A9c75199271F773Ebd9A499dbd165c3191,0xbf1aeA8670D2528E08334083616dD9C5F3B087aE,0x940181a94A35A4569E4529A3CDfB74e38FD98631,18,18,18,9632359437536690564,11215271916909773887,9.63235943753669,11.215271916909774,20847631354446464451,0,659654412408287255581,659.6544124082873,0.0,0,0,0,nan,0
vAMM-USDbC/STG,6.4027013004998e-08,0xb680190fB16f417647e69D6A84719aE9c7E5E20a,0x9a8D9F5C698C1F2B0d48a955BC531F2c7D67Af84,0xd9aAEc86B65D86f6A7B5B1b0c42FFA531710b6CA,0xE3B53AF74a4BF62Ae5511055290838050bf764Df,0x940181a94A35A4569E4529A3CDfB74e38FD98631,18,6,18,56194343,310323914058628586100,56.194343,310.3239140586286,310323914058684780443,0,605542866711187967,0.605542866711188,0.0,0,0,0,nan,0
vAMM-WETH/TAROT,0.02153578201142263,0x2d25E0514f23c6367687dE89Bd5167dc754D4934,0xa81dac2e9caa218Fcd039D7CEdEB7847cf362213,0x4200000000000000000000000000000000000006,0xF544251D25f3d243A36B07e7E7962a678f952691,0x940181a94A35A4569E4529A3CDfB74e38FD98631,18,18,18,6572533869654,0,6.572533869654e-06,0.0,6572533869654,1583319066056488,203677144442863771634455,203677.14444286376,4.61900244631425e-22,94.07852284398885,0,94.07852284398885,2164.969626283601,1769040000
sAMM-MIM/USDbC,6.4027013004998e-08,0x982A169edFC1cf8Fd38dBeE76735547b23875BD1,0xBb0b5819Fa91076a1D6aaFa0D018E27a416DE029,0x4A3A6Dd60A34bB2Aba60D73B4C88315E9CeB6A3D,0xd9aAEc86B65D86f6A7B5B1b0c42FFA531710b6CA,0x940181a94A35A4569E4529A3CDfB74e38FD98631,18,18,6,2397039097629293728,2454097,2.397039097629294,2.454097,2397039097631747825,0,605542866711187967,0.605542866711188,0.0,0,0,0,nan,0
vAMM-WETH/HOP,0.007681373211612239,0x75D18ee68bB93BE5cB2dcCFa0d8151E25CBC8Eb8,0xb42A9e58773993ed15A5eED65633e85870185e13,0x4200000000000000000000000000000000000006,0xc5102fE9359FD9a28f877a67E36B0F050d81a3CC,0x940181a94A35A4569E4529A3CDfB74e38FD98631,18,18,18,0,0,0.0,0.0,0,565317417675835,72647473879112681193110,72647.47387911267,4.91674004258876e-23,3.571887438143543,0,3.571887438143543,20338.679518095498,1769040000
sAMM-DAI+/USD+,0.00012280972866829143,0x1b05e4e814b3431a48b8164c41eaC834d9cE2Da6,0x87803Cb321624921cedaAD4555F07Daa0D1Ed325,0x65a2508C429a6078a7BC2f7dF81aB575BD9D9275,0xB79DD08EA68A908A97220C76d19A6aA9cBDE4376,0x940181a94A35A4569E4529A3CDfB74e38FD98631,18,18,6,4141088030320314579,6983395,4.141088030320314,6.983395,4141088030327297974,0,1161487185916595141654,1161.487185916595,0.0,0,0,0,nan,0
sAMM-USD+/USDbC,8.309808199861208e-05,0x4a3636608d7Bc5776CB19Eb72cAa36EbB9Ea683B,0xa5972f0C07a2D1cc5A8457c28d88ec4f3C009864,0xB79DD08EA68A908A97220C76d19A6aA9cBDE4376,0xd9aAEc86B65D86f6A7B5B1b0c42FFA531710b6CA,0x940181a94A35A4569E4529A3CDfB74e38FD98631,18,6,6,33282283,13988222,33.282283,13.988222,47270505,0,785909703264041899199,785.9097032640419,0.0,0,0,0,nan,0
vAMM-WETH/DEUS,0.11049927452237997,0x9e4CB8b916289864321661CE02cf66aa5BA63C94,0x7eC1926A50D2D253011cC9891935eBc476713bb1,0x4200000000000000000000000000000000000006,0xDE5ed76E7c05eC5e4572CfC88d1ACEA165109E44,0x940181a94A35A4569E4529A3CDfB74e38FD98631,18,18,18,2067529022005,0,2.067529022005e-06,0.0,2067529022005,8132306408113489,1045059644724724327594335,1045059.6447247242,3.068644080161432e-23,32.069160922001345,0,32.069160922001345,32587.682829199046,1769040000
sAMM-DAI/USDbC,8.344628533792841e-07,0x6EAB8c1B93f5799daDf2C687a30230a540DbD636,0xCF1D5Aa63083fda05c7f8871a9fDbfed7bA49060,0x50c5725949A6F0c72E6C4a641F24049A917DB0Cb,0xd9aAEc86B65D86f6A7B5B1b0c42FFA531710b6CA,0x940181a94A35A4569E4529A3CDfB74e38FD98631,18,18,6,36227489369046918285,35380794,36.22748936904692,35.380794,36227489369082299079,0,7892028765418826011,7.892028765418826,0.0,0,0,0,nan,0
vAMM-AERO/USDbC,0.017973473301808,0x2223F9FE624F69Da4D8256A7bCc9104FBA7F8f75,0x9a202c932453fB3d04003979B121E80e5A14eE7b,0x940181a94A35A4569E4529A3CDfB74e38FD98631,0xd9aAEc86B65D86f6A7B5B1b0c42FFA531710b6CA,0x940181a94A35A4569E4529A3CDfB74e38FD98631,18,18,6,71055306856156873,0,0.07105530685615687,0.0,71055306856156873,1322776033961617,169986198592213363603564,169986.19859221336,3.41079183630727e-21,579.7875384432276,0,579.7875384432276,293.18705098188013,1769040000
vAMM-WETH/AERO,0.15844430583463023,0x7f670f78B17dEC44d5Ef68a48740b6f8849cc2e6,0x96a24aB830D4ec8b1F6f04Ceac104F1A3b211a01,0x4200000000000000000000000000000000000006,0x940181a94A35A4569E4529A3CDfB74e38FD98631,0x940181a94A35A4569E4529A3CDfB74e38FD98631,18,18,18,6840842200578,13719954571845848046,6.840842200578e-06,13.719954571845848,13719961412688048624,11669803929259421,1498505313088347106355393,1498505.3130883472,3.026070458958209e-21,4534.582660528569,0,4534.582660528569,330.46157171907754,1769040000
vAMM-WETH/DOG,0.00021687691284595075,0xF89042057D079debe2a65A1a899E48E0E825105F,0x15093ed45C2A3F88393d41bC436003E2b8115aD5,0x4200000000000000000000000000000000000006,0x9E53e88dCff56d3062510A745952DEC4cEFDff9E,0x940181a94A35A4569E4529A3CDfB74e38FD98631,18,18,18,234790439780891539,5138111979836246161966192,0.23479043978089154,5138111.979836246,5138112214626685942857731,0,2051138439301516240733,2051.1384393015164,0.0,0,0,0,nan,0
vAMM-WETH/USDbC,0.012604089085454002,0xB4885Bc63399BF5518b994c1d0C153334Ee579D0,0xeca7Ff920E7162334634c721133F3183B83B0323,0x4200000000000000000000000000000000000006,0xd9aAEc86B65D86f6A7B5B1b0c42FFA531710b6CA,0x940181a94A35A4569E4529A3CDfB74e38FD98631,18,18,6,0,0,0.0,0.0,0,927621294798583,119204627529527692808218,119204.62752952769,1.7146174761892075e-21,204.39033760475328,0,204.39033760475328,583.2204639734176,1769040000
vAMM-WETH/BASED,3.716729989550654e-08,0x89dE19c640B03649206e9998481Ee9E8E23EBCAf,0x07CBcB5eB7b501365DD244d12245B1188dF4ed57,0x4200000000000000000000000000000000000006,0xBa5E6fa2f33f3955f0cef50c63dCC84861eAb663,0x940181a94A35A4569E4529A3CDfB74e38FD98631,18,18,18,2096553493965466,450289181293150966092,0.002096553493965466,450.289181293151,450291277846644931558,0,351514029318884573,0.35151402931888454,0.0,0,0,0,nan,0
vAMM-WETH/DAI,1.4892626803624296e-05,0x9287C921f5d920cEeE0d07d7c58d476E46aCC640,0x36BdA777CCBefE881ed729AfF7F1f06779f4199a,0x4200000000000000000000000000000000000006,0x50c5725949A6F0c72E6C4a641F24049A917DB0Cb,0x940181a94A35A4569E4529A3CDfB74e38FD98631,18,18,18,50073617540249274,145528415823777382854,0.05007361754024928,145.52841582377738,145578489441317632128,0,140848737185702723308,140.84873718570273,0.0,0,0,0,nan,0
vAMM-YFX/USDbC,3.5135726157377327e-05,0x6dbbD2c5EC6A59F54FB0e5f750A245137Ff0492c,0x9915D03D62b1d83f9a8890bAeBd72Ed4bCa49701,0x8901cB2e82CC95c01e42206F8d1F417FE53e7Af0,0xd9aAEc86B65D86f6A7B5B1b0c42FFA531710b6CA,0x940181a94A35A4569E4529A3CDfB74e38FD98631,18,18,6,55607476536392752014,87672355,55.60747653639275,87.672355,55607476536480424369,0,332300186167621198386,332.3001861676212,0.0,0,0,0,nan,0
vAMM-cbETH/WETH,0.0003049943770944891,0x44Ecc644449fC3a9858d2007CaA8CFAa4C561f91,0xDf9D427711CCE46b52fEB6B2a20e4aEaeA12B2b7,0x2Ae3F1Ec7F1F5012CFEab0185bfc7aa3cf0DEc22,0x4200000000000000000000000000000000000006,0x940181a94A35A4569E4529A3CDfB74e38FD98631,18,18,18,0,386383535540,0.0,3.8638353554e-07,386383535540,22446626413738,2884519529626865349405,2884.5195296268653,4.26984734229345e-22,1.2316458047370824,0,1.2316458047370824,2342.0041042096673,1769040000
vAMM-wUSDR/USDbC,0.0028328263407341294,0x3Fc28BFac25fC8e93B5b2fc15EfBBD5a8aA44eFe,0xF64957C35409055776C7122AC655347ef88eaF9B,0x9483ab65847A447e36d21af1CaB8C87e9712ff93,0xd9aAEc86B65D86f6A7B5B1b0c42FFA531710b6CA,0x940181a94A35A4569E4529A3CDfB74e38FD98631,18,9,6,0,11021,0.0,0.011021,11021,133351339394709,26791782136224349657856,26791.78213622435,1.7113869121086247e-20,458.511053,0,458.511053,58.43214020889557,1769040000
vAMM-WETH/fBOMB,0.009386386598523592,0x4F9Dc2229f2357B27C22db56cB39582c854Ad6d5,0x76c48576822Cd955C320f5d5A163E738dbFEcc01,0x4200000000000000000000000000000000000006,0x74ccbe53F77b08632ce0CB91D3A545bF6B8E0979,0x940181a94A35A4569E4529A3CDfB74e38FD98631,18,18,18,0,0,0.0,0.0,0,690809479709190,88772834810922164641978,88772.83481092217,2.8801475668089683e-21,255.67886417941196,0,255.67886417941196,347.20443199649674,1769040000
vAMM-WETH/WELL,0.0010050216412407496,0xffA3F8737C39e36dec4300B162c2153c67c8352f,0xcEa0a2228145d0fD25dE083e3786ddB1eA184296,0x4200000000000000000000000000000000000006,0xFF8adeC2221f9f4D8dfbAFa6B9a297d17603493D,0x940181a94A35A4569E4529A3CDfB74e38FD98631,18,18,18,268917638286,0,2.68917638286e-07,0.0,268917638286,73966533318711,9505108190760047601497,9505.108190760047,9.036441888764512e-22,8.589235781222277,0,8.589235781222277,1106.6302559233552,1769040000
vAMM-USD+/stERN,1.436448486597661e-07,0x607363389331f4B2D1b955d009506A67c565D75E,0xe5Cf7Ec83BA94c4AdF833d7DCdb800a53f28410E,0xB79DD08EA68A908A97220C76d19A6aA9cBDE4376,0xf7A0dd3317535eC4f4d29ADF9d620B3d8D5D5069,0x940181a94A35A4569E4529A3CDfB74e38FD98631,18,6,18,394164,3039129703787109650,0.394164,3.0391297037871094,3039129703787503814,0,1358537738422055515,1.3585377384220554,0.0,0,0,0,nan,0
vAMM-USD+/USDbC,6.4027013004998e-08,0xdC0F1F6eCd03ec1C9FFC2A17BaBAbd313477b20E,0xD2121Cb13A28Ab16Cb0f0F19A665e9a9311F9aBb,0xB79DD08EA68A908A97220C76d19A6aA9cBDE4376,0xd9aAEc86B65D86f6A7B5B1b0c42FFA531710b6CA,0x940181a94A35A4569E4529A3CDfB74e38FD98631,18,6,6,5461,2659,0.005461,0.002659,8120,0,605542866711187967,0.605542866711188,0.0,0,0,0,nan,0
vAMM-USDbC/THALES,0.00021248937366496665,0x5F43555b02507133eCd5b78218283ed849b07Eac,0x2692CC440416B7f8252406D84e9D66f0C48C069E,0xd9aAEc86B65D86f6A7B5B1b0c42FFA531710b6CA,0xf34e0cff046e154CAfCae502C7541b9E5FD8C249,0x940181a94A35A4569E4529A3CDfB74e38FD98631,18,6,18,35343402,156875486901757630619,35.343402,156.87548690175763,156875486901792974021,0,2009642781004082510685,2009.6427810040825,0.0,0,0,0,nan,0
vAMM-WETH/THALES,0.0005281407328013144,0x3f386Acc3A8E9194cF6279C219DF8DD3C5B71974,0x62052D68A7DBa58079B7D70a40796CAbAab2a95f,0x4200000000000000000000000000000000000006,0xf34e0cff046e154CAfCae502C7541b9E5FD8C249,0x940181a94A35A4569E4529A3CDfB74e38FD98631,18,18,18,0,0,0.0,0.0,0,38869881705376,4994951948523519585830,4994.95194852352,6.451436577953507e-23,0.3222461570582478,0,0.3222461570582478,15500.423633044767,1769040000
vAMM-EXTRA/WETH,0.023179845278509578,0x84Ff3B6e2046579Fb2f2b891CE18eE10b5fbDbF2,0xE5Ff63862097b32d3ed30551e290D66f1548973F,0x2dAD3a13ef0C6366220f989157009e501e7938F8,0x4200000000000000000000000000000000000006,0x940181a94A35A4569E4529A3CDfB74e38FD98631,18,18,18,2777721532753409621183,4179263093834158,2777.7215327534095,0.004179263093834158,2777725712016503455341,1705980599423990,219226062580411080114727,219226.0625804111,7.833083670957466e-22,171.72160910469177,0,171.72160910469177,1276.6364333725628,1769040000
vAMM-fBOMB/AERO,0.01575574679401602,0xbBf71AAD6E1F8D180D3B1D898528654c1d18b2fF,0x12E45bE50dd4f3Bc430B65d399B1e3b90275661c,0x74ccbe53F77b08632ce0CB91D3A545bF6B8E0979,0x940181a94A35A4569E4529A3CDfB74e38FD98631,0x940181a94A35A4569E4529A3CDfB74e38FD98631,18,18,18,784413406853223395011,0,784.4134068532234,0.0,784413406853223395011,1149636389099043,149011794132568866145151,149011.79413256887,8.88573685511192e-21,1324.0795909701171,0,1324.0795909701171,112.53990707869153,1769040000
vAMM-EURA/USDbC,5.097764663405839e-06,0xA56bE957d432a5d0eDc040B27078d9726f54E7f6,0x275535F82F287073CEEbC653862E4E43868AA65C,0xA61BeB4A3d02decb01039e378237032B351125B4,0xd9aAEc86B65D86f6A7B5B1b0c42FFA531710b6CA,0x940181a94A35A4569E4529A3CDfB74e38FD98631,18,18,6,2446997167208922496,2501844,2.4469971672089224,2.501844,2446997167211424340,0,48212697785180123453,48.212697785180126,0.0,0,0,0,nan,0
vAMM-SONNE/USDbC,0.001395579395152213,0x554EcA2a48136724294CE47fb7bfE9AADfceE3c6,0x744462994510ccd987F697752bD46d1155F8022F,0x22a2488fE295047Ba13BD8cCCdBC8361DBD8cf7c,0xd9aAEc86B65D86f6A7B5B1b0c42FFA531710b6CA,0x940181a94A35A4569E4529A3CDfB74e38FD98631,18,18,6,6384910961509330973607,3898285,6384.910961509331,3.898285,6384910961509334871892,0,13198853233986864757364,13198.853233986865,0.0,0,0,0,nan,0
sAMM-AERO/USDbC,6.4027013004998e-08,0xB304b47e039E20AFAd75FA2ada6CD8D95a9eea41,0x46110ac9100A027bAec01bf1C211522ce0B02540,0x940181a94A35A4569E4529A3CDfB74e38FD98631,0xd9aAEc86B65D86f6A7B5B1b0c42FFA531710b6CA,0x940181a94A35A4569E4529A3CDfB74e38FD98631,18,18,6,1400865198854502796485,1302162373,1400.8651988545028,1302.162373,1400865198855804958858,0,605542866711187967,0.605542866711188,0.0,0,0,0,nan,0
vAMM-EXTRA/AERO,0.0006295762305839375,0x688F778C51dB4D990bF1abaF8d33fD95e48C6641,0x6664867531c0FDd058881153FaBE7D2162833b07,0x2dAD3a13ef0C6366220f989157009e501e7938F8,0x940181a94A35A4569E4529A3CDfB74e38FD98631,0x940181a94A35A4569E4529A3CDfB74e38FD98631,18,18,18,471474441639597951348,396191114001892176,471.47444163959796,0.39619111400189216,471870632753599843524,46335353797205,5954289878418378770038,5954.289878418379,7.886986223288693e-21,46.961402240553056,0,46.961402240553056,126.7911432439428,1769040000
sAMM-DAI+/USDbC,6.4027013004998e-08,0x4f7f293e7B7b6D1cAA1ca48784C5986f3dE5E19c,0x2d8b33A0dc95F0eb9429551eA4d2297729828558,0x65a2508C429a6078a7BC2f7dF81aB575BD9D9275,0xd9aAEc86B65D86f6A7B5B1b0c42FFA531710b6CA,0x940181a94A35A4569E4529A3CDfB74e38FD98631,18,18,6,45072717964597896,30165,0.04507271796459789,0.030165,45072717964628061,0,605542866711187967,0.605542866711188,0.0,0,0,0,nan,0
sAMM-DAI/MAI,1.2415627027816487e-07,0x30A30f266e1173a75985997B2523EcbC19c60fF3,0xc16A2c13d3A62937FB3b0FE03Fa24B0C6161245E,0x50c5725949A6F0c72E6C4a641F24049A917DB0Cb,0xbf1aeA8670D2528E08334083616dD9C5F3B087aE,0x940181a94A35A4569E4529A3CDfB74e38FD98631,18,18,18,11155931332642330704,11332260776200400459,11.15593133264233,11.3322607762004,22488192108842731163,0,1174222258635433511,1.1742222586354334,0.0,0,0,0,nan,0
sAMM-WETH/USDbC,6.244817808973888e-07,0x44d7Dd237001AeF7fC7D8CB13ab4452f65CE5E40,0x1AF743E6EbF9C4f90aE9A37E6e61Bca31a867676,0x4200000000000000000000000000000000000006,0xd9aAEc86B65D86f6A7B5B1b0c42FFA531710b6CA,0x940181a94A35A4569E4529A3CDfB74e38FD98631,18,18,6,121396484453009751,305111953,0.12139648445300975,305.111953,121396484758121704,0,5906108532409502377,5.906108532409503,0.0,0,0,0,nan,0
vAMM-FREN/WETH,0.0003343240269986516,0x679d601AAA86cd555E8bfD48ddC8b4aaDe2A0F27,0x5C84541A91c4dAF68964197E7ED1c7de79A82Ec3,0x12063CC18A7096D170e5Fc410d8623Ad97ee24B3,0x4200000000000000000000000000000000000006,0x940181a94A35A4569E4529A3CDfB74e38FD98631,18,18,18,7536056723901041175092,19233165757456107,7536.056723901042,0.019233165757456108,7536075957066798631199,0,3161908079381884072978,3161.908079381884,0.0,0,0,0,nan,0
sAMM-WETH/BASED,0.0007590990933821447,0x5F45e48F9C053286cE9Ca08Db897f8b7eb3f7992,0xA7919a78183d4B3980c01DfDaCd0158772eB5632,0x4200000000000000000000000000000000000006,0x9CBD543f1B1166b2Df36b68Eb6bB1DcE24E6aBDf,0x940181a94A35A4569E4529A3CDfB74e38FD98631,18,18,18,878824120406765287,4748656830468847977,0.8788241204067653,4.748656830468848,5627480950875613264,0,7179267305326358826012,7179.267305326359,0.0,0,0,0,nan,0
vAMM-BASED/USDbC,3.5690203840118467e-07,0xb905d9195019778CFbaa4e9eD90dF3FC5871CD9A,0x1202cEE03f9Dc305e14c3C34afaedE7BcE47b373,0xBa5E6fa2f33f3955f0cef50c63dCC84861eAb663,0xd9aAEc86B65D86f6A7B5B1b0c42FFA531710b6CA,0x940181a94A35A4569E4529A3CDfB74e38FD98631,18,18,6,37635624955606544,350159,0.037635624955606545,0.350159,37635624955956703,0,3375442228605126725,3.3754422286051264,0.0,0,0,0,nan,0
sAMM-DAI/AERO,6.4716506061097e-08,0xE2D3b2f9d4bAAb9A0de671E95FeBAc27E37050f2,0x4b6F6Be7e8622bD8e56b50158D03312EEC5bA480,0x50c5725949A6F0c72E6C4a641F24049A917DB0Cb,0x940181a94A35A4569E4529A3CDfB74e38FD98631,0x940181a94A35A4569E4529A3CDfB74e38FD98631,18,18,18,1623117188550013598,2070033173899669504,1.6231171885500135,2.0700331738996693,3693150362449683102,0,612063826883655389,0.6120638268836555,0.0,0,0,0,nan,0
vAMM-YFX/USD+,4.212771457401423e-08,0xc3B5ac236fb5AbE245310FeCa2526F89667D4CAe,0x9B3920fB28242261B9be3a10c10310fc42E23a0F,0x8901cB2e82CC95c01e42206F8d1F417FE53e7Af0,0xB79DD08EA68A908A97220C76d19A6aA9cBDE4376,0x940181a94A35A4569E4529A3CDfB74e38FD98631,18,18,6,81291344509999872,116520,0.08129134450999988,0.11652,81291344510116392,0,398427723766341120,0.3984277237663411,0.0,0,0,0,nan,0
sAMM-DOLA/USD+,5.897123420640389e-05,0x8E9154AC849e839d60299E85156bcb589De2693A,0x969c70383A95704C6a35497d8C77BF38dc152e63,0x4621b7A9c75199271F773Ebd9A499dbd165c3191,0xB79DD08EA68A908A97220C76d19A6aA9cBDE4376,0x940181a94A35A4569E4529A3CDfB74e38FD98631,18,18,6,0,0,0.0,0.0,0,4340146384301,557727255089272420229,557.7272550892724,3.8426391091302444e-22,0.21431445626338982,0,0.21431445626338982,2602.378135443334,1769040000
vAMM-DAI+/USD+,1.2991686329674917e-06,0x3CF04A380e54FA4eD31eA48acb9132EA35e2E8D9,0x18f880A04F8aD0da98414672184146D17fe1d2dA,0x65a2508C429a6078a7BC2f7dF81aB575BD9D9275,0xB79DD08EA68A908A97220C76d19A6aA9cBDE4376,0x940181a94A35A4569E4529A3CDfB74e38FD98631,18,18,6,2863874804654989,4612,0.002863874804654989,0.004612,2863874804659601,0,12287037321059777189,12.287037321059776,0.0,0,0,0,nan,0
sAMM-USDC/USDbC,0.00021904313400843256,0x27a8Afa3Bd49406e48a074350fB7b2020c43B2bD,0x1Cfc45C5221A07DA0DE958098A319a29FbBD66fE,0x833589fCD6eDb6E08f4c7C32D4f71b54bdA02913,0xd9aAEc86B65D86f6A7B5B1b0c42FFA531710b6CA,0x940181a94A35A4569E4529A3CDfB74e38FD98631,18,6,6,0,0,0.0,0.0,0,16121205323560,2071625726012162901952,2071.625726012163,0.0,0,0,0,nan,1769040000
vAMM-WETH/USDC,0.3647121383198251,0xcDAC0d6c6C59727a65F871236188350531885C43,0x519BBD1Dd8C6A94C46080E24f316c14Ee758C025,0x4200000000000000000000000000000000000006,0x833589fCD6eDb6E08f4c7C32D4f71b54bdA02913,0x940181a94A35A4569E4529A3CDfB74e38FD98631,18,18,6,413940738561147,131928172,0.000413940738561147,131.928172,413940870489319,26814656364557077,3449307150176044456820688,3449307.150176044,3.2402594187628842e-21,11176.64998156409,0,11176.64998156409,308.61726508977955,1769040000
vAMM-USDC/AERO,5.854414312143882,0x6cDcb1C4A4D1C3C6d054b27AC5B77e89eAFb971d,0x4F09bAb2f0E15e2A078A227FE1537665F55b8360,0x833589fCD6eDb6E08f4c7C32D4f71b54bdA02913,0x940181a94A35A4569E4529A3CDfB74e38FD98631,0x940181a94A35A4569E4529A3CDfB74e38FD98631,18,6,18,393719534,254459876029652649302,393.719534,254.45987602965266,254459876030046368836,430875702022807146,55368799185023374195632807,55368799.185023375,1.1228647086285567e-21,62171.67056400434,0,62171.67056400434,890.579241039091,1769040000
sAMM-DAI/USDC,1.0492660141533059e-05,0x67b00B46FA4f4F24c03855c5C8013C0B938B3eEc,0x640e9ef68e1353112fF18826c4eDa844E1dC5eD0,0x50c5725949A6F0c72E6C4a641F24049A917DB0Cb,0x833589fCD6eDb6E08f4c7C32D4f71b54bdA02913,0x940181a94A35A4569E4529A3CDfB74e38FD98631,18,18,6,0,0,0.0,0.0,0,772243170373,99235544551081405200,99.2355445510814,1.85255492901446e-21,0.18383929719153994,0,0.18383929719153994,539.795060507053,1769040000
vAMM-WETH/USD+,2.4335677594870926e-06,0x08B935148AB10d3699Cb8d944519e8213abE6f1D,0x1cb5503Ed87CAf12fa56e67219baC798eb51F5a7,0x4200000000000000000000000000000000000006,0xB79DD08EA68A908A97220C76d19A6aA9cBDE4376,0x940181a94A35A4569E4529A3CDfB74e38FD98631,18,18,6,15178817904722085,144855788,0.015178817904722084,144.855788,15178818049577873,0,23015748014056261285,23.01574801405626,0.0,0,0,0,nan,0
vAMM-WETH/AAG,7.632227536137853e-05,0x6689a0582BAfcC286A81dc38D76e0470AcD17275,0xd962615116fAf0d2A9DB99310Db8126CF700ec1b,0x4200000000000000000000000000000000000006,0x96e890c6b2501a69cAD5Dba402BFB871a2A2874C,0x940181a94A35A4569E4529A3CDfB74e38FD98631,18,18,18,3551434125936684,25777953331558636988338,0.003551434125936684,25777.953331558638,25777956882992762925022,0,721826729799844593836,721.8267297998447,0.0,0,0,0,nan,0
sAMM-USD+/MAI,3.068941661701498e-05,0x3FF5bfE3ff5e1877664Fe25862871554e632b9C9,0xC8a2a224aA2Ff37435Ef49903fC6a4e5CA741645,0xB79DD08EA68A908A97220C76d19A6aA9cBDE4376,0xbf1aeA8670D2528E08334083616dD9C5F3B087aE,0x940181a94A35A4569E4529A3CDfB74e38FD98631,18,6,18,7334392,999458575446631336,7.334392,0.9994585754466313,999458575453965728,0,290248700411973884605,290.2487004119739,0.0,0,0,0,nan,0
vAMM-OVN/USD+,0.013344051347253172,0x61366A4e6b1DB1b85DD701f2f4BFa275EF271197,0x00B2149d89677a5069eD4D303941614A33700146,0xA3d1a8DEB97B111454B294E2324EfAD13a9d8396,0xB79DD08EA68A908A97220C76d19A6aA9cBDE4376,0x940181a94A35A4569E4529A3CDfB74e38FD98631,18,18,6,519986813636313682,19662,0.5199868136363137,0.019662,519986813636333344,982112216852225,126202906041020759878011,126202.90604102076,6.319860735148841e-22,79.75847905503255,0,79.75847905503255,1582.313348201412,1769040000
sAMM-cbETH/WETH,4.231215302976242e-06,0x9E8bfEB5c73F3f897BebdB49CC4161FecE0B0c55,0x00Aa4579C145FeA0b1EE133D6f792b7edEe1A6F4,0x2Ae3F1Ec7F1F5012CFEab0185bfc7aa3cf0DEc22,0x4200000000000000000000000000000000000006,0x940181a94A35A4569E4529A3CDfB74e38FD98631,18,18,18,0,0,0.0,0.0,0,311414287388,40017207175297648086,40.01720717529765,5.2003395545452215e-21,0.2081030653361312,0,0.2081030653361312,192.29513563705203,1769040000
vAMM-AERO/DOG,0.0004984335997498493,0x656D48D3F337c6b3cD2ED8471B135fF54b1F96Ad,0xDcC24121BAe131F952B09A08E65b95642F093794,0x940181a94A35A4569E4529A3CDfB74e38FD98631,0x9E53e88dCff56d3062510A745952DEC4cEFDff9E,0x940181a94A35A4569E4529A3CDfB74e38FD98631,18,18,18,208016050026873192115,706208340982961269574880,208.0160500268732,706208.3409829612,706416357032988142766995,0,4713993308326597849420,4713.993308326598,0.0,0,0,0,nan,0
vAMM-tBTC/T,9.418458493538244e-06,0xfd8aA87c97D32345BFe4F753ACf25729008331C9,0x76BB14cc51d409987Ea34a158Ba51643F81BB82e,0x236aa50979D5f3De3Bd1Eeb40E81137F22ab794b,0x26f3901aC8a79c50fb0d8289C74f0d09AdC42E29,0x940181a94A35A4569E4529A3CDfB74e38FD98631,18,18,18,181967507602522,1421307990179056139485,0.000181967507602522,1421.307990179056,1421308172146563742007,0,89076158460371774978,89.07615846037179,0.0,0,0,0,nan,0
vAMM-SONNE/USDC,3.710862353970924e-05,0x4cC2FeFB2635C86b1bae1b58E0f60Fb43E95e264,0xCbfeaED3dd9310406c046FB496C7E77f7571a808,0x22a2488fE295047Ba13BD8cCCdBC8361DBD8cf7c,0x833589fCD6eDb6E08f4c7C32D4f71b54bdA02913,0x940181a94A35A4569E4529A3CDfB74e38FD98631,18,18,6,36058196994467116329559,19401670,36058.196994467115,19.40167,36058196994467135731229,0,350959090910389825098,350.9590909103898,0.0,0,0,0,nan,0
vAMM-cbETH/AERO,4.7861287423103475e-08,0x325a5FC7a92d3166ffabe7233c992143CF5EDd2c,0x93c2EE357213Fa873A49Ad8d453007417D7aE399,0x2Ae3F1Ec7F1F5012CFEab0185bfc7aa3cf0DEc22,0x940181a94A35A4569E4529A3CDfB74e38FD98631,0x940181a94A35A4569E4529A3CDfB74e38FD98631,18,18,18,643865781517918,2695639894309744645,0.000643865781517918,2.695639894309745,2696283760091262563,0,452653650864703704,0.45265365086470366,0.0,0,0,0,nan,0
vAMM-AERO/TAROT,0.02604278214932084,0x7810F8f3253ced11e8c56C6C8497f3134055D44C,0x65B4A4b9813E37DA640bbEf8AbDD8E47100bE5f8,0x940181a94A35A4569E4529A3CDfB74e38FD98631,0xF544251D25f3d243A36B07e7E7962a678f952691,0x940181a94A35A4569E4529A3CDfB74e38FD98631,18,18,18,32589169432098112,27020227139184253952,0.032589169432098115,27.020227139184254,27052816308616352064,1914187421288345,246302618530770374235764,246302.61853077036,1.0057791484758802e-21,247.72603793325777,0,247.72603793325777,994.2540581750599,1769040000
vAMM-WETH/XEN,8.789312640336097e-07,0xC95582235D8905Ea7dAC517286bEc72F653fa24B,0x50793B917AE25Ab859F67406f271eEb05C7521FA,0x4200000000000000000000000000000000000006,0x981D41C115a2d48Cb1215D13Bda8f989d407c9c5,0x940181a94A35A4569E4529A3CDfB74e38FD98631,18,18,18,49964007647681989,4694700374503229653322430,0.04996400764768199,4694700.37450323,4694700424467237301004419,0,8312593892572402034,8.312593892572401,0.0,0,0,0,nan,0
vAMM-tBTC/USDC,0.00028775893509934696,0x323121CD6F6274c9aeB9f87e0664C8FDa5d343A5,0x434a8eEA016357bE462Eb6adE1b99F9f9F5Ff2c3,0x236aa50979D5f3De3Bd1Eeb40E81137F22ab794b,0x833589fCD6eDb6E08f4c7C32D4f71b54bdA02913,0x940181a94A35A4569E4529A3CDfB74e38FD98631,18,18,6,0,137437,0.0,0.137437,137437,21178872304094,2721513347315064188671,2721.513347315064,3.078713387074714e-21,8.378759575481403,0,8.378759575481403,324.8110084551148,1769040000
vAMM-WETH/JARVIS,0.011621347928071884,0xeff0891e5a1bd47a8F1e77ABebfEE4145974D088,0xf460124c6146800c6C061A6fC40C14677523BC90,0x4200000000000000000000000000000000000006,0x777b2839832982B35213063d850848369390EE16,0x940181a94A35A4569E4529A3CDfB74e38FD98631,18,18,18,0,0,0.0,0.0,0,855323723258573,109910239586898145433288,109910.23958689814,4.915237644590851e-24,0.5402349471435213,0,0.5402349471435213,203448.96265605505,1769040000
vAMM-cbETH/USDC,2.6700469065511976e-05,0xa1d2ee6212D4375F154393E59895A5D27859C4e4,0x1a3FD3c084E5680655768b41Da653ca6e84b5981,0x2Ae3F1Ec7F1F5012CFEab0185bfc7aa3cf0DEc22,0x833589fCD6eDb6E08f4c7C32D4f71b54bdA02913,0x940181a94A35A4569E4529A3CDfB74e38FD98631,18,18,6,29914624756235916,84934370,0.029914624756235915,84.93437,29914624841170286,0,252522768463389149031,252.52276846338916,0.0,0,0,0,nan,0
sAMM-USDC/MAI,0.19195934832635972,0x2a1463CeBE85315224c536AfD389b381B43F3206,0x9280df579CeA690cAf5c31601cb71564Bb6FA6B7,0x833589fCD6eDb6E08f4c7C32D4f71b54bdA02913,0xbf1aeA8670D2528E08334083616dD9C5F3B087aE,0x940181a94A35A4569E4529A3CDfB74e38FD98631,18,6,18,23915,0,0.023915,0.0,23915,14128285260274632,1815477696397950070689343,1815477.6963979502,1.0175756064707341e-22,184.73858179462354,0,184.73858179462354,9827.279601054002,1769040000
vAMM-MST/WETH,2.8379052646967723e-06,0x52E9cC1aD755347BDF666ddf6Ad88EdfFe76fe68,0x44283e26C3610f7a6f93fe37ab80aA6Fca57839E,0x2F3b1A07E3eFb1fCc64BD09b86bD0Fa885D93552,0x4200000000000000000000000000000000000006,0x940181a94A35A4569E4529A3CDfB74e38FD98631,18,18,18,2080870484642075729318,2759089940768719,2080.8704846420756,0.002759089940768719,2080873243732016498037,0,26839816645907110505,26.839816645907113,0.0,0,0,0,nan,0
vAMM-oBMX/USDC,5.825130212509756e-07,0xA8D5DB293917EA106A5fc4dA5A25340e8b428966,0x432146f6A9E1297C88268a1E67ddBFAC804bE6C2,0x3Ff7AB26F2dfD482C40bDaDfC0e88D01BFf79713,0x833589fCD6eDb6E08f4c7C32D4f71b54bdA02913,0x940181a94A35A4569E4529A3CDfB74e38FD98631,18,18,6,9026781420547729485,5599020,9.02678142054773,5.59902,9026781420553328505,0,5509184143220550715,5.50918414322055,0.0,0,0,0,nan,0
sAMM-eUSD/USDbC,1.0706504869862919e-06,0x5BfB340FA9305abB164Fb0248D0D82FC3D82C3bb,0x1457Da0dcBe22249408BB2D1e24Bd2f1484d7620,0xCfA3Ef56d303AE4fAabA0592388F19d7C3399FB4,0xd9aAEc86B65D86f6A7B5B1b0c42FFA531710b6CA,0x940181a94A35A4569E4529A3CDfB74e38FD98631,18,18,6,8377534533544643077,8877776,8.377534533544644,8.877776,8377534533553520853,0,10125800575528955765,10.125800575528956,0.0,0,0,0,nan,0
vAMM-hyUSD/eUSD,0.0005730405448444867,0xb5E331615FdbA7DF49e05CdEACEb14Acdd5091c3,0x025137c819298654162de2609f407514De4bb027,0xCc7FF230365bD730eE4B352cC2492CEdAC49383e,0xCfA3Ef56d303AE4fAabA0592388F19d7C3399FB4,0x940181a94A35A4569E4529A3CDfB74e38FD98631,18,18,18,0,2499412484,0.0,2.499412484e-09,2499412484,42171578267027,5419597104112672856953,5419.597104112672,5.543757419339325e-23,0.3004493165575455,0,0.3004493165575455,18038.307313222493,1769040000
vAMM-WETH/wstETH,0.00036861848847769376,0xA6385c73961dd9C58db2EF0c4EB98cE4B60651e8,0xDf7c8F17Ab7D47702A4a4b6D951d2A4c90F99bf4,0x4200000000000000000000000000000000000006,0xc1CBa3fCea344f92D9239c08C0568f6F2F0ee452,0x940181a94A35A4569E4529A3CDfB74e38FD98631,18,18,18,0,0,0.0,0.0,0,27127615274987,3486251907739369575646,3486.2519077393695,3.023538970930734e-21,10.5408185055316,0,10.5408185055316,330.7382539515179,1769040000
vAMM-AERO/wstETH,0.005175085010706398,0x82a0c1a0d4EF0c0cA3cFDA3AD1AA78309Cc6139b,0x26D6D4E9e3fAf1C7C19992B1Ca792e4A9ea4F833,0x940181a94A35A4569E4529A3CDfB74e38FD98631,0xc1CBa3fCea344f92D9239c08C0568f6F2F0ee452,0x940181a94A35A4569E4529A3CDfB74e38FD98631,18,18,18,1735847397372416,0,0.001735847397372416,0.0,1735847397372416,380848805018605,48943963895561229499793,48943.96389556123,4.0669559732671886e-21,199.05294632042637,0,199.05294632042637,245.88414690819732,1769040000
sAMM-LUSD/USDbC,1.8882322623629724e-06,0x8c7D15fCB443e07C5dc980901A6281f96D87C10F,0xe69e310cE7dBC2F43A8671e140d435c0128a725E,0x368181499736d0c0CC614DBB145E2EC1AC86b8c6,0xd9aAEc86B65D86f6A7B5B1b0c42FFA531710b6CA,0x940181a94A35A4569E4529A3CDfB74e38FD98631,18,18,6,5434037300552282723,4914809,5.434037300552283,4.914809,5434037300557197532,0,17858174597002851894,17.85817459700285,0.0,0,0,0,nan,0
vAMM-WETH/VELA,0.0002521401845448395,0x951FdfA193D92C74c9e35Ea8C8C757CBCBB85147,0xA0eBBC0F5AdCc34E7ca3Ea5BaC654C00817B8F0B,0x4200000000000000000000000000000000000006,0x5A76A56ad937335168b30dF3AA1327277421C6Ae,0x940181a94A35A4569E4529A3CDfB74e38FD98631,18,18,18,6887018022203154,3234591490435407461050,0.006887018022203154,3234.5914904354076,3234598377453429664204,0,2384644902151715785546,2384.644902151716,0.0,0,0,0,nan,0
vAMM-WETH/OVN,1.6791775399670513e-09,0xBE0aBf47Dd240d84941024433724004F0C92CDe5,0xc641c66daB86250414628aB98848A4762d288650,0x4200000000000000000000000000000000000006,0xA3d1a8DEB97B111454B294E2324EfAD13a9d8396,0x940181a94A35A4569E4529A3CDfB74e38FD98631,18,18,18,1941003252261071,7141904467868013574,0.001941003252261071,7.141904467868014,7143845471120274645,0,15881015426868585,0.015881015426868584,0.0,0,0,0,nan,0
sAMM-WETH/USDC,0.004234893336289457,0x3548029694fbB241D45FB24Ba0cd9c9d4E745f16,0xaeBA79D1108788E5754Eb30aaC64EB868a3247FC,0x4200000000000000000000000000000000000006,0x833589fCD6eDb6E08f4c7C32D4f71b54bdA02913,0x940181a94A35A4569E4529A3CDfB74e38FD98631,18,18,6,0,0,0.0,0.0,0,311657501890377,40051992599945982172511,40051.99259994599,3.481455959704771e-21,139.43924833513336,0,139.43924833513336,287.2361482018576,1769040000
vAMM-SEAM/WETH,2.3068015725011693e-05,0x1B00a1aFE48aDB8D8C76b854da22a70011446481,0x8362A202E02f1B5DD75d86E9B6A4Ddf3FbAe37E4,0x1C7a460413dD4e964f96D8dFC56E7223cE88CD85,0x4200000000000000000000000000000000000006,0x940181a94A35A4569E4529A3CDfB74e38FD98631,18,18,18,99113201285369601764,20589258772186094,99.1132012853696,0.020589258772186095,99133790544141787858,0,218168421668709422546,218.16842166870944,0.0,0,0,0,nan,0
vAMM-SEAM/USDC,0.04480438016266267,0xB0d931138BF96501654f2268Cdd84420151fF52e,0xfbE95C0DcE6a5A9D61068281523A1DA37F332bd3,0x1C7a460413dD4e964f96D8dFC56E7223cE88CD85,0x833589fCD6eDb6E08f4c7C32D4f71b54bdA02913,0x940181a94A35A4569E4529A3CDfB74e38FD98631,18,18,6,0,0,0.0,0.0,0,3297278133450450,423742597562668918828321,423742.59756266896,6.11451040495983e-22,259.0978521821645,0,259.0978521821645,1635.453918254588,1769040000
vAMM-SEAM/USDbC,2.4827458426311273e-05,0x42e8dC1b1891C103291Ec01D903451E729DaAACc,0xf2669b18Eb18052A6fa7aA87294C629e3B158c1D,0x1C7a460413dD4e964f96D8dFC56E7223cE88CD85,0xd9aAEc86B65D86f6A7B5B1b0c42FFA531710b6CA,0x940181a94A35A4569E4529A3CDfB74e38FD98631,18,18,6,0,0,0.0,0.0,0,1827142042491,234808554124612940562,234.80855412461293,1.1713710460540534e-21,0.27504794166738766,0,0.27504794166738766,853.700459276893,1769040000
sAMM-DOLA/USDC,0.002806263788548308,0xf213F2D02837012dC0236cC105061e121bB03e37,0xCCff5627cd544b4cBb7d048139C1A6b6Bde67885,0x4621b7A9c75199271F773Ebd9A499dbd165c3191,0x833589fCD6eDb6E08f4c7C32D4f71b54bdA02913,0x940181a94A35A4569E4529A3CDfB74e38FD98631,18,18,6,0,0,0.0,0.0,0,206523054528517,26540563732571623777518,26540.563732571627,1.8007845652499936e-21,47.79383752264874,0,47.79383752264874,555.3135112867736,1769040000
sAMM-eUSD/USDC,0.03288353012933482,0x7A034374C89C463DD65D8C9BCfe63BcBCED41f4F,0x793F22aB88dC91793E5Ce6ADbd7E733B0BD4733e,0x833589fCD6eDb6E08f4c7C32D4f71b54bdA02913,0xCfA3Ef56d303AE4fAabA0592388F19d7C3399FB4,0x940181a94A35A4569E4529A3CDfB74e38FD98631,18,6,18,3476,365413577576078,0.003476,0.000365413577576078,365413577579554,2420021857435803,310999782241079318373365,310999.7822410793,5.915216103976147e-23,18.396309202455072,0,18.396309202455072,16905.55310951041,1769040000
sAMM-LUSD/USDC,0.00020108200441696603,0xf53B7Af40BE75043eeBa493C622F4f56b3C27A31,0xA8C37a644bDf3297C6E19A48150aF3b7069294FC,0x368181499736d0c0CC614DBB145E2EC1AC86b8c6,0x833589fCD6eDb6E08f4c7C32D4f71b54bdA02913,0x940181a94A35A4569E4529A3CDfB74e38FD98631,18,18,6,36473417076360005443,35975760,36.47341707636001,35.97576,36473417076395981203,0,1901756269485449900999,1901.7562694854498,0.0,0,0,0,nan,0
vAMM-USDC/YFX,1.8617457663164244e-05,0x8f24dD646e2ae3615767EbdCCc6691C54C41793F,0x32cD891Fa6c52BD324b9ef1B35F2e6E948eEEaf3,0x833589fCD6eDb6E08f4c7C32D4f71b54bdA02913,0x8901cB2e82CC95c01e42206F8d1F417FE53e7Af0,0x940181a94A35A4569E4529A3CDfB74e38FD98631,18,6,18,2718028230,646436546290364706090,2718.02823,646.4365462903647,646436546293082734320,0,176076755030671500000,176.07675503067148,0.0,0,0,0,nan,0
vAMM-EXTRA/USDC,1.2658145100376656e-06,0x68B41faC96b9A6E6dC6219D13834BdE39c22424d,0xA7A488EdcE2cd50255068B7ECE4Db4C8e6E9a010,0x2dAD3a13ef0C6366220f989157009e501e7938F8,0x833589fCD6eDb6E08f4c7C32D4f71b54bdA02913,0x940181a94A35A4569E4529A3CDfB74e38FD98631,18,18,6,15963000118152883192,688802,15.963000118152884,0.688802,15963000118153571994,0,11971586853083275271,11.971586853083275,0.0,0,0,0,nan,0
vAMM-USDC/MTA,5.9166372676258135e-05,0x1307f36BC34081401497A873522570AebA4CdE90,0x350545d8d440FfabaC5f38dC2b6a917a0DfDDbB5,0x833589fCD6eDb6E08f4c7C32D4f71b54bdA02913,0xba7D47f471ADD16875e765edEe0858C3413A56Fd,0x940181a94A35A4569E4529A3CDfB74e38FD98631,18,6,18,9308474,444927181140097333352,9.308474,444.92718114009733,444927181140106641826,0,559572799694515075401,559.5727996945151,0.0,0,0,0,nan,0
sAMM-USDC/USD+,7.362397279372721e-05,0x418457Ca08fA5EC77f811B105F2c585cd051Ac10,0x9701A079C6e80D91CE4c464C4a996237A27FE537,0x833589fCD6eDb6E08f4c7C32D4f71b54bdA02913,0xB79DD08EA68A908A97220C76d19A6aA9cBDE4376,0x940181a94A35A4569E4529A3CDfB74e38FD98631,18,6,6,45473,24388,0.045473,0.024388,69861,5418263267091,696307221776845219069,696.3072217768453,5.496647202000426e-21,3.8273551423123866,0,3.8273551423123866,181.92908572266825,1769040000
vAMM-SNX/USDC,0.0010357296475952912,0xcC79bfA7a3212d94390c358E88afcD39294549ca,0xe8cDa9cD77E847a283766E7122452c9155fd094f,0x22e6966B799c4D5B13BE962E1D117b56327FDa66,0x833589fCD6eDb6E08f4c7C32D4f71b54bdA02913,0x940181a94A35A4569E4529A3CDfB74e38FD98631,18,18,6,0,29306,0.0,0.029306,29306,76230366602821,9795532705760662519119,9795.532705760663,1.6299079451082881e-21,15.96581658368739,0,15.96581658368739,613.5315819529684,1769040000
vAMM-USDC/WELL,3.4778837535022387e-08,0x790027573FD4ccD0132e04c194E7a963c2521f1d,0x83a7D55b902Db2069c7c776856d864a8C381A392,0x833589fCD6eDb6E08f4c7C32D4f71b54bdA02913,0xFF8adeC2221f9f4D8dfbAFa6B9a297d17603493D,0x940181a94A35A4569E4529A3CDfB74e38FD98631,18,6,18,122807725,3845253200861047786047,122.807725,3845.253200861048,3845253200861170593772,0,328924870822822185,0.32892487082282224,0.0,0,0,0,nan,0
sAMM-USDC/AERO,0.00019136975816150077,0x861Ee8B9F7e42eDCF4f1B5614c6595F71A879f3f,0x63f85D5D213A83F3C0C76E3A26Cdcaca34aBE784,0x833589fCD6eDb6E08f4c7C32D4f71b54bdA02913,0x940181a94A35A4569E4529A3CDfB74e38FD98631,0x940181a94A35A4569E4529A3CDfB74e38FD98631,18,6,18,24543475668,26938383542695220278810,24543.475668,26938.38354269522,26938383542719763754478,0,1809901579352078398691,1809.9015793520782,0.0,0,0,0,nan,0
sAMM-WETH/wstETH,9.87294353788966e-09,0x29BBb5F85F01702Ec85D217CEEb2d9657700cF04,0xc3A4ADA162B989326326db7aec07000bEA6Bb69c,0x4200000000000000000000000000000000000006,0xc1CBa3fCea344f92D9239c08C0568f6F2F0ee452,0x940181a94A35A4569E4529A3CDfB74e38FD98631,18,18,18,0,0,0.0,0.0,0,726654978,93374503232638973,0.09337450323263898,4.0787756358280027e-19,0.038085364879283094,0,0.038085364879283094,2.451716125829503,1769040000
vAMM-USDC/DEUS,0.010362840828236687,0xf185f82A1948d014baE23d30b06FA8Da35110315,0xC5170E37875cfD19872692E1086C49F205b5Fca6,0x833589fCD6eDb6E08f4c7C32D4f71b54bdA02913,0xDE5ed76E7c05eC5e4572CfC88d1ACEA165109E44,0x940181a94A35A4569E4529A3CDfB74e38FD98631,18,6,18,0,0,0.0,0.0,0,762711733913652,98007763409365092669423,98007.7634093651,1.2039886844893024e-22,11.800023813698028,0,11.800023813698028,8305.725899942086,1769040000
vAMM-WETH/DEGEN,0.002916520524144015,0x2C4909355b0C036840819484c3A882A95659aBf3,0x86A1260AB9f758026Ce1a5830BdfF66DBcF736d5,0x4200000000000000000000000000000000000006,0x4ed4E862860beD51a9570b96d89aF5E1B0Efefed,0x940181a94A35A4569E4529A3CDfB74e38FD98631,18,18,18,53264141941515,0,5.3264141941515e-05,0.0,53264141941515,214658081011171,27583329537398877381596,27583.32953739888,1.857555082188075e-21,51.237553965863725,0,51.237553965863725,538.3420441142813,1769040000
vAMM-TYBG/WETH,0.018765065006579346,0x20000FbfeDFD172821821C9c59284129B04ffB2e,0xa1D8F6a8EC2236A9919eB7E990Bb27791C139a37,0x0d97F261b1e88845184f678e2d1e7a98D9FD38dE,0x4200000000000000000000000000000000000006,0x940181a94A35A4569E4529A3CDfB74e38FD98631,18,18,18,63115808249661879048599,562382204800709,63115.80824966188,0.000562382204800709,63115808812044083849308,1381138456751607,177472768520668706319069,177472.7685206687,5.440578885228878e-22,96.55545971166626,0,96.55545971166626,1838.039703302512,1769040000
vAMM-WETH/NPC,0.0024488599632142374,0x5E14319D52c9C18a04BFBBE12dd3a0FE3C1A816a,0xd1D3cbD443443d6cfee567C5A85B94Df633CdCAB,0x4200000000000000000000000000000000000006,0xB166E8B140D35D9D8226E40C09f757BAC5A4d87d,0x940181a94A35A4569E4529A3CDfB74e38FD98631,18,18,18,0,0,0.0,0.0,0,180622547917386,23160375796122929169055,23160.375796122928,9.065880277973482e-21,209.96919416052526,0,209.96919416052526,110.30368473203932,1769040000
vAMM-SEAM/AERO,0.0005102458618350055,0xB77d96D27E0D3C0C04d02771d564A6E242992af0,0x0C6612326e1b28Ad3F20C62F8aef1dB88e0C293c,0x1C7a460413dD4e964f96D8dFC56E7223cE88CD85,0x940181a94A35A4569E4529A3CDfB74e38FD98631,0x940181a94A35A4569E4529A3CDfB74e38FD98631,18,18,18,296235266350573418169,152834148705453851006,296.2352663505734,152.83414870545386,449069415056027269175,0,4825709140593066127251,4825.709140593067,0.0,0,0,0,nan,0
sAMM-WETH/AERO,0.00019769310240847724,0x80aBe24A3ef1fc593aC5Da960F232ca23B2069d0,0x3d2a91023E9C815Ba14335cd9650AE9A518b6D63,0x4200000000000000000000000000000000000006,0x940181a94A35A4569E4529A3CDfB74e38FD98631,0x940181a94A35A4569E4529A3CDfB74e38FD98631,18,18,18,736563671137797644,2193134457090911919329,0.7365636711377976,2193.134457090912,2193871020762049716973,0,1869705337528598923328,1869.7053375285989,0.0,0,0,0,nan,0
sAMM-USDC+/USD+,1.1648034108695288e-06,0xE96c788E66a97Cf455f46C5b27786191fD3bC50B,0x526b3D92fF55263dd24E3e14ccD0f5c2Dab81d3b,0x85483696Cc9970Ad9EdD786b2C5ef735F38D156f,0xB79DD08EA68A908A97220C76d19A6aA9cBDE4376,0x940181a94A35A4569E4529A3CDfB74e38FD98631,18,6,6,41903519,51441360,41.903519,51.44136,93344879,0,11016262722077086342,11.016262722077085,0.0,0,0,0,nan,0
vAMM-wBaseDOGE/WETH,0.00078511010220739,0x9D933f0AF9dc01A6f9e5D2e6dcB25B6D0837EA81,0x67d128F56EBacE1341f17e0BD20e0653034F7cCb,0x373504DA48418C67E6FCD071F33Cb0b3B47613C7,0x4200000000000000000000000000000000000006,0x940181a94A35A4569E4529A3CDfB74e38FD98631,18,18,18,0,4675262957608,0.0,4.675262957608e-06,4675262957608,57785344978160,7425269423976803710537,7425.269423976803,1.4256139063799268e-21,10.585567349439,0,10.585567349439,701.4521922974982,1769040000
sAMM-MAI/eUSD,1.3993611789329976e-06,0x413d78628d688edcdE29518199A3A3DB955068EC,0x2cC76EF706B2fC694F86c633b880a6dde81687F1,0xbf1aeA8670D2528E08334083616dD9C5F3B087aE,0xCfA3Ef56d303AE4fAabA0592388F19d7C3399FB4,0x940181a94A35A4569E4529A3CDfB74e38FD98631,18,18,18,1365317097323123448676,708672901704012907028,1365.3170973231236,708.6729017040129,2073989999027136355704,0,13234619890659094483,13.234619890659095,0.0,0,0,0,nan,0
vAMM-WETH/TKN,0.004326426555393,0x1a9f461a371559f82976fa18C46A6A0d29f131d0,0xe157D5a0C9a533ebbdEaDb43633ce76d61816778,0x4200000000000000000000000000000000000006,0x78b3C724A2F663D11373C4a1978689271895256f,0x940181a94A35A4569E4529A3CDfB74e38FD98631,18,18,18,1181978009430,0,1.18197800943e-06,0.0,1181978009430,318431835640834,40917678586123970027304,40917.67858612397,4.266676350378912e-22,17.45824915358208,0,17.45824915358208,2343.7446805900627,1769040000
vAMM-WETH/TOSHI,5.128575009035905e-05,0x081E4455d91726212D1fa9AfFeE80637D1f7bE8E,0x3356d4D0D25B033d28f566c9D62d4D8112F4BC29,0x4200000000000000000000000000000000000006,0xAC1Bd2486aAf3B5C0fc3Fd868558b082a531B2B4,0x940181a94A35A4569E4529A3CDfB74e38FD98631,18,18,18,25420226446282814,118776026751019730896709,0.025420226446282813,118776.02675101973,118776052171246177179523,0,485040901856929622169,485.0409018569296,0.0,0,0,0,nan,0
vAMM-WETH/BETS,1.223466608469961e-07,0xb7A0B6322834014F95841e643Dffa7Bb9b9Dc0ED,0xCa311e2460EaB52b3f2008B5cDeF0486556Bafb3,0x4200000000000000000000000000000000000006,0x94025780a1aB58868D9B2dBBB775f44b32e8E6e5,0x940181a94A35A4569E4529A3CDfB74e38FD98631,18,18,18,26995402838721362,611847270477268675541664,0.02699540283872136,611847.2704772687,611847297472671514263026,0,1157107668540593198,1.1571076685405932,0.0,0,0,0,nan,0
vAMM-AERO/ZOOMER,0.0008478090233847212,0x45D8c7BF5be7c99D39cDC724f60497BD79546458,0xaCF2c5e2c6e54b0AE44DaeF6C12136bCEab88d07,0x940181a94A35A4569E4529A3CDfB74e38FD98631,0xD1dB4851bcF5B41442cAA32025Ce0Afe6B8EabC2,0x940181a94A35A4569E4529A3CDfB74e38FD98631,18,18,18,0,0,0.0,0.0,0,62400171681872,8018251708914195683257,8018.251708914196,4.249016111151166e-22,3.4069680694441784,0,3.4069680694441784,2353.4860161522774,1769040000
vAMM-suUSD/eMTRG,3.991261480204779e-06,0x70fAaFB3c7990771F6724C00F2574437bf805A9f,0x68b896E8B47f3d7a2399376D76706204B0B6e32E,0x8BF591Eae535f93a242D5A954d3Cde648b48A5A8,0xa023E6f6B4862EA38cbe45e377abD908abAb2f82,0x940181a94A35A4569E4529A3CDfB74e38FD98631,18,18,18,1711645209101034178,16267927902979325426,1.7116452091010341,16.267927902979327,17979573112080359604,0,37747816196399443400,37.74781619639944,0.0,0,0,0,nan,0
vAMM-WETH/MET,0.05060161506870344,0xF91E0Dfe1265B914182De54E08C9CA2068bedDDE,0x4aCfd43DaD13c5312FD0021C837167d294d7fCF9,0x4200000000000000000000000000000000000006,0x93dc5Cb35627A759848c7A7F0079EA7b49E435a5,0x940181a94A35A4569E4529A3CDfB74e38FD98631,18,18,18,7830730482128,13672066155589713146,7.830730482128e-06,13.672066155589713,13672073986320195274,3718885955491112,478570615913736857178357,478570.61591373687,4.619054063637993e-22,221.05435481740835,0,221.05435481740835,2164.945433031789,1769040000
vAMM-WETH/DOG,0.0013707388792767116,0xa01fd0F24a2E6fEf6b2ed7573Cb6F59164D396E0,0x040a3f6bc2d8DCD26879d29CaF6Bc4581d6477aA,0x4200000000000000000000000000000000000006,0xAfb89a09D82FBDE58f18Ac6437B3fC81724e4dF6,0x940181a94A35A4569E4529A3CDfB74e38FD98631,18,18,18,0,0,0.0,0.0,0,100889550164459,12963921187529196855130,12963.921187529197,6.368309591330249e-21,82.55826363979162,0,82.55826363979162,157.0275417139565,1769040000
vAMM-WETH/DHT,0.001066652448650036,0x688b0380360C84135769D4F75d70038119846a8E,0xF42c2da9E11AE1B272c0F4DFd03ab40D06aA709E,0x4200000000000000000000000000000000000006,0x54BC229d1cB15F8B6415EfEab4290a40bc8b7D84,0x940181a94A35A4569E4529A3CDfB74e38FD98631,18,18,18,0,0,0.0,0.0,0,78508085933117,10087988666434137852445,10087.988666434137,6.580168324145809e-22,6.638066347721184,0,6.638066347721184,1519.7179627313149,1769040000
vAMM-AERO/DOG,1.0706790461229193e-08,0xa99e526aB91d3E5d5bAC58551D1a27C8a253591c,0xeC4C5DAD3bac5399fb0FF04C95D02dC15a3472CD,0x940181a94A35A4569E4529A3CDfB74e38FD98631,0xAfb89a09D82FBDE58f18Ac6437B3fC81724e4dF6,0x940181a94A35A4569E4529A3CDfB74e38FD98631,18,18,18,17212927436580034696,10179749257470013705053,17.212927436580035,10179.749257470014,10196962184906593739749,0,101260706768604499,0.10126070676860449,0.0,0,0,0,nan,0
vAMM-WETH/WELS,0.00023818758858427016,0xCaedc2561356B6a01a94E3C0438011459E91FBb9,0xdE41799DE5fB357f501dd9386ACee424E816f7a6,0x4200000000000000000000000000000000000006,0x7F62ac1e974D65Fab4A81821CA6AF659A5F46298,0x940181a94A35A4569E4529A3CDfB74e38FD98631,18,18,18,0,0,0.0,0.0,0,17531157122867,2252686615180456261077,2252.686615180456,3.0251717711462575e-21,6.814763957482929,0,6.814763957482929,330.55974194189093,1769040000
vAMM-WETH/axlOP,0.035230828873204556,0x6a071315B5Ae7da81CA56901ff13893F84776c7B,0xf2B43787C9F841B69567Df52DD6669F4D6De293f,0x4200000000000000000000000000000000000006,0x994ac01750047B9d35431a7Ae4Ed312ee955E030,0x940181a94A35A4569E4529A3CDfB74e38FD98631,18,18,18,10751026970377750,48272961659724627535,0.01075102697037775,48.27296165972463,48283712686695005285,0,333199631081122755627915,333199.6310811228,0.0,0,0,0,nan,0
vAMM-wBaseDOGE/AERO,0.0023073460172460757,0xDab27FB1923FC017e941D837040add59b9aFF9fD,0xEacFC84B210f27CC5999191a55BA39cb4E4c8902,0x373504DA48418C67E6FCD071F33Cb0b3B47613C7,0x940181a94A35A4569E4529A3CDfB74e38FD98631,0x940181a94A35A4569E4529A3CDfB74e38FD98631,18,18,18,0,0,0.0,0.0,0,169826237290262,21821991315896067800782,21821.99131589607,8.421724540910067e-23,1.8377879979660832,0,1.8377879979660832,11874.052578451327,1769040000
vAMM-WETH/AYB,4.0624863454571775e-05,0x35D057C5c0Af0caE0Db29946872B486aFC1E0e17,0x521221892F5398B45d3A1a843f01FdeCED76BBB6,0x4200000000000000000000000000000000000006,0x7ED613AB8b2b4c6A781DDC97eA98a666c6437511,0x940181a94A35A4569E4529A3CDfB74e38FD98631,18,18,18,36203698667337726,212073194542303254445913957,0.036203698667337726,212073194.54230326,212073194578506953113251683,0,384214335816535254588,384.21433581653525,0.0,0,0,0,nan,0
vAMM-WETH/bsdETH,0.03259421514343796,0x6B87B8663eE63191887F18225F79D9eEb2DE0d34,0x25F30f8be46a9dc4A02eAF5a70c48bcB47A11807,0x4200000000000000000000000000000000000006,0xCb327b99fF831bF8223cCEd12B1338FF3aA322Ff,0x940181a94A35A4569E4529A3CDfB74e38FD98631,18,18,18,0,0,0.0,0.0,0,2399040208598412,308263552363717774213872,308263.55236371775,3.88849256881437e-25,0.11986805326026359,0,0.11986805326026359,2571690.6546767745,1769040000
vAMM-WETH/L2VE,0.00017851769362339881,0x253Da544f498b85429F6ACDc6E98B36b36c1C824,0x3d9E2D8AF6FF16a62217c8a559Ee5987c72acb86,0x4200000000000000000000000000000000000006,0xA19328fb05ce6FD204D16c2a2A98F7CF434c12F4,0x940181a94A35A4569E4529A3CDfB74e38FD98631,18,18,18,80820499308495157,1344083015393802530734203,0.08082049930849515,1344083.0153938024,1344083096214301839229360,0,1688351695353086434746,1688.3516953530864,0.0,0,0,0,nan,0
vAMM-AERO/BASED,3.3016456397683494e-07,0x4b1aFCB3F6b525030c9B548839a0E66c058d9B3F,0xB14FAFC5194250477156b6bE22f7b41E95cC0F81,0x940181a94A35A4569E4529A3CDfB74e38FD98631,0xBa5E6fa2f33f3955f0cef50c63dCC84861eAb663,0x940181a94A35A4569E4529A3CDfB74e38FD98631,18,18,18,1435639762427479555,73952792944655652778,1.4356397624274795,73.95279294465566,75388432707083132333,0,3122569477688666806,3.1225694776886668,0.0,0,0,0,nan,0
vAMM-GB/WETH,3.995440811335703e-05,0x284ddaDA0B71F2D0D4e395B69b1013dBf6f3e6C1,0x83FC503345Dcde6197b2BD8eaa82ccb4b737Be40,0x2aF864fb54b55900Cd58d19c7102d9e4FA8D84a3,0x4200000000000000000000000000000000000006,0x940181a94A35A4569E4529A3CDfB74e38FD98631,18,18,18,961313133313469280615110,650199024212299759,961313.1333134692,0.6501990242122998,961313783512493492914869,0,377873427030281022205,377.87342703028105,0.0,0,0,0,nan,0
vAMM-BMX/USDC,0.005608217034244573,0x2F48C208d7Bd2b4Ff6Da005A9427eF38F035b2d8,0x7062ADe77b3b2894cBc5bCa78d5E784214B1A390,0x548f93779fBC992010C07467cBaf329DD5F059B7,0x833589fCD6eDb6E08f4c7C32D4f71b54bdA02913,0x940181a94A35A4569E4529A3CDfB74e38FD98631,18,18,6,0,0,0.0,0.0,0,412783007797257,53040360008515158765543,53040.36000851516,4.2862677150589666e-21,227.34518269960327,0,227.34518269960327,233.30320607056223,1769040000
vAMM-WETH/doginme,0.02340676268949049,0x139E9f235588A9720e7Eab045da29dC781c4b658,0x666c383e4EAb3328660A85d1C41FFDce9D85D8eE,0x4200000000000000000000000000000000000006,0x6921B130D297cc43754afba22e5EAc0FBf8Db75b,0x940181a94A35A4569E4529A3CDfB74e38FD98631,18,18,18,52936847913672,7097304685226944804886,5.2936847913672e-05,7097.3046852269445,7097304738163792718558,1721408061208342,221372160189889405315274,221372.1601898894,1.6355704770091686e-21,362.0697696383275,0,362.0697696383275,611.4074655031782,1769040000
vAMM-DEGEN/USDC,1.4297373921026396e-06,0x637ad8d2611d3efE2ef41fdBb40b9F21AbAF9585,0xF2478BEB6030CbA9069cD471c6C653B34dD7c093,0x4ed4E862860beD51a9570b96d89aF5E1B0Efefed,0x833589fCD6eDb6E08f4c7C32D4f71b54bdA02913,0x940181a94A35A4569E4529A3CDfB74e38FD98631,18,18,6,121374945266764456058332,340855819,121374.94526676445,340.855819,121374945266764796914151,0,13521906433311636055,13.521906433311635,0.0,0,0,0,nan,0
vAMM-AERO/TOSHI,0.0005263935809462754,0x4660Ff55A4Db144734AE76550Ee3093e0BA7F8D1,0xDA58433E3eE06c5CCC27D9E2794aC9CE54576A2c,0x940181a94A35A4569E4529A3CDfB74e38FD98631,0xAC1Bd2486aAf3B5C0fc3Fd868558b082a531B2B4,0x940181a94A35A4569E4529A3CDfB74e38FD98631,18,18,18,0,0,0.0,0.0,0,38798574545797,4978428058164968963823,4978.428058164968,5.08205495646159e-21,25.300644988384725,0,25.300644988384725,196.770796177351,1769040000
vAMM-WETH/FARM,3.9880019186689914e-05,0x5A5Fb78963938B4855BF257b186e1c4daFC9f482,0x47B8a299407Ee3b2B1cd9D98846E1D67c8817a20,0x4200000000000000000000000000000000000006,0xD08a2917653d4E460893203471f0000826fb4034,0x940181a94A35A4569E4529A3CDfB74e38FD98631,18,18,18,84916278067740712,11502839063147852396,0.08491627806774071,11.502839063147853,11587755341215593108,0,377169885168941075875,377.16988516894105,0.0,0,0,0,nan,0
vAMM-WELS/AERO,7.735350457219718e-05,0x90359da9715411B828769ab9343Fa2732F726E19,0xb4F1CD310453F86ecF52554b6bCBAb543667a446,0x7F62ac1e974D65Fab4A81821CA6AF659A5F46298,0x940181a94A35A4569E4529A3CDfB74e38FD98631,0x940181a94A35A4569E4529A3CDfB74e38FD98631,18,18,18,59855185793154122052405,135542312778075045947,59855.18579315412,135.54231277807506,59990728105932197098352,0,731579699105264049566,731.579699105264,0.0,0,0,0,nan,0
vAMM-HPC/WETH,1.4702926271168031e-08,0xd07B4d7CeA966B6E8087C8be3347E4B790679785,0x77ABe39cd429eA55b0fb065B74ca3e3B3c7C13DA,0x1f3BA804eFB9CFe17D595e7262CEA4782dbF6e4E,0x4200000000000000000000000000000000000006,0x940181a94A35A4569E4529A3CDfB74e38FD98631,18,18,18,845358726983951767922450,203948143289733666,845358.7269839518,0.20394814328973365,845358930932095057656116,0,139054622501151690,0.1390546225011517,0.0,0,0,0,nan,0
sAMM-hyUSD/eUSD,1.0566965902968059e-07,0x145AdA46F76eC16B80d8E0B17D6A03fcdc9610E5,0xb2dd7F23Bcb81637C22f8eA5004AaEE29e6056E9,0xCc7FF230365bD730eE4B352cC2492CEdAC49383e,0xCfA3Ef56d303AE4fAabA0592388F19d7C3399FB4,0x940181a94A35A4569E4529A3CDfB74e38FD98631,18,18,18,6240450859980441872,6751057391772642470,6.240450859980442,6.751057391772642,12991508251753084342,0,999382998676381155,0.9993829986763811,0.0,0,0,0,nan,0
vAMM-GROW/WETH,0.0005361347537362305,0xDa74029240F657a7be372906290300dBb8F1BcCd,0x8c021a56b951b22491Aa74404275732281367ba5,0x321725ee44CB4bfA544CF45a5A585b925d30A58C,0x4200000000000000000000000000000000000006,0x940181a94A35A4569E4529A3CDfB74e38FD98631,18,18,18,244158928952463358891,30769105842218675,244.15892895246336,0.030769105842218675,244189698058305577566,0,5070556324337528512178,5070.556324337528,0.0,0,0,0,nan,0
vAMM-KWENTA/WETH,4.002737942906549e-05,0xc91cE85Da7FB4523926a2930e930A8B52a7B85B2,0xc7D62524C372125830A234f0E197C335d0F973FE,0x37Ab9F42051C112CAAba55AB6487dd74286A0B29,0x4200000000000000000000000000000000000006,0x940181a94A35A4569E4529A3CDfB74e38FD98631,18,18,18,91710776161596650,69740055945466,0.09171077616159665,6.9740055945466e-05,91780516217542116,0,378563561672331858655,378.5635616723319,0.0,0,0,0,nan,0
vAMM-USDC/DOG,3.7854633854559003e-06,0x1bA78f0373178F4d7996267D005eCbc29e14c99F,0xc3ef893d3E8F7521525fE138505262AE8B3D99BA,0x833589fCD6eDb6E08f4c7C32D4f71b54bdA02913,0x9E53e88dCff56d3062510A745952DEC4cEFDff9E,0x940181a94A35A4569E4529A3CDfB74e38FD98631,18,6,18,1557084,9001474417692491725126,1.557084,9001.474417692492,9001474417692493282210,0,35801456958179031303,35.80145695817903,0.0,0,0,0,nan,0
vAMM-wBaseDOGE/DOG,1.4916207704551365e-09,0x2d9Fef5A2EF3A66b8b458C547F8D6F4af4C413Ad,0xA53FdF59E0Ecd1adC7e41c161b54aE3D32B2f0a5,0x373504DA48418C67E6FCD071F33Cb0b3B47613C7,0xAfb89a09D82FBDE58f18Ac6437B3fC81724e4dF6,0x940181a94A35A4569E4529A3CDfB74e38FD98631,18,18,18,256281924648421385115336,50208277691207970148,256281.92464842138,50.20827769120797,256332132926112593085484,0,14107175627837684,0.014107175627837684,0.0,0,0,0,nan,0
sAMM-USDC/STAR,0.0005928699601210911,0xF45F6cDBcd0D2D4Bf4d9758b032a66A2cf4e55C8,0xc115982d35fe4304274FEEf5b351256342BB6C2e,0x833589fCD6eDb6E08f4c7C32D4f71b54bdA02913,0xC19669A405067927865B40Ea045a2baabbbe57f5,0x940181a94A35A4569E4529A3CDfB74e38FD98631,18,6,18,0,0,0.0,0.0,0,43637792440076,5607136088179668310731,5607.136088179668,3.4238262691500004e-21,19.197859833408522,0,19.197859833408522,292.0708941953004,1769040000
vAMM-WETH/VITA,4.419807631544162e-07,0x152f55611636A3E6273D1367F6E0360aBad7D319,0xB193Cf7E7820655F1837CcBB0fe3c96Db90faF1f,0x4200000000000000000000000000000000000006,0x490a4B510d0Ea9f835D2dF29Eb73b4FcA5071937,0x940181a94A35A4569E4529A3CDfB74e38FD98631,18,18,18,6229849303310218,24915192373809952849,0.006229849303310218,24.91519237380995,24921422223113263067,0,4180084089364464670,4.180084089364465,0.0,0,0,0,nan,0
vAMM-WETH/SPX,0.03617295464245998,0xe96a4E9EA3a2C6Db214174738a19Eb7Dbb8A3069,0xCC38E1fc0f8BD866143f672D9E4340f05D262543,0x4200000000000000000000000000000000000006,0x50dA645f148798F68EF2d7dB7C1CB22A6819bb2C,0x940181a94A35A4569E4529A3CDfB74e38FD98631,18,18,8,3547675704948,2756146022,3.547675704948e-06,27.56146022,3550431850970,2662485861671234,342109894301942972675962,342109.89430194296,2.6809402720048184e-21,917.1761930853907,0,917.1761930853907,373.003460928354,1769040000
sAMM-DEGEN/DOG,3.6014720556603402e-06,0x56EA567EfCf632E3427D84E3D70c7DE24377AfB8,0xf6B598c9E06322571901eEe8F33AB39B10a58904,0x4ed4E862860beD51a9570b96d89aF5E1B0Efefed,0xAfb89a09D82FBDE58f18Ac6437B3fC81724e4dF6,0x940181a94A35A4569E4529A3CDfB74e38FD98631,18,18,18,166227344668681109211,263618940058057203195,166.2273446686811,263.6189400580572,429846284726738312406,0,34061337716856462873,34.061337716856464,0.0,0,0,0,nan,0
vAMM-YFX/AERO,1.863543837880425e-05,0x448686cA47fBE77d8fc9EEc6829837bF45E8ea75,0xCEc1D4EFF7d6a785447Ff48C336feE57A29804d0,0x8901cB2e82CC95c01e42206F8d1F417FE53e7Af0,0x940181a94A35A4569E4529A3CDfB74e38FD98631,0x940181a94A35A4569E4529A3CDfB74e38FD98631,18,18,18,7791828876140799263,16676511685455440835,7.7918288761408,16.67651168545544,24468340561596240098,0,176246809724513266552,176.24680972451324,0.0,0,0,0,nan,0
vAMM-TYBG/wBLT,3.5215695089823907e-06,0x1AFc638D3d53F0993096350403B5845bE7c77f43,0x89C56c18a1d9DBA342028C00C3e1bE3A96507E4b,0x0d97F261b1e88845184f678e2d1e7a98D9FD38dE,0x4E74D4Db6c0726ccded4656d0BCE448876BB4C7A,0x940181a94A35A4569E4529A3CDfB74e38FD98631,18,18,18,842449966757368393195663,38916226410630741486,842449.9667573684,38.91622641063074,842488882983779023937149,0,33305650157777091712,33.305650157777094,0.0,0,0,0,nan,0
vAMM-MAVIA/WETH,0.016175220245283527,0xC90E88d30b99442B6994915F3b146cE3D55982D9,0x3d0f8DF262c1AE46b4af8381f769F7F2872A0d5d,0x24fcFC492C1393274B6bcd568ac9e225BEc93584,0x4200000000000000000000000000000000000006,0x940181a94A35A4569E4529A3CDfB74e38FD98631,18,18,18,0,0,0.0,0.0,0,1189772688638125,152979012721540572557209,152979.01272154058,2.8374985800762527e-21,434.0777313788384,0,434.0777313788384,352.4230838463104,1769040000
vAMM-WETH/TOWER,0.0013269124776778794,0xAaCE080ea9CE5e7942Ea826d311b6170BdfCf73B,0xb00ec5Ccd55b47d92e29496ca322B1F64a5c24B5,0x4200000000000000000000000000000000000006,0xf7C1CEfCf7E1dd8161e00099facD3E1Db9e528ee,0x940181a94A35A4569E4529A3CDfB74e38FD98631,18,18,18,0,0,0.0,0.0,0,97666495491235,12549427935130854195693,12549.427935130854,1.6936414563405956e-21,21.254231404296373,0,21.254231404296373,590.4437425384428,1769040000
vAMM-WETH/WAMPL,9.644521643521587e-06,0xfa4d06CA791C0316baD2d97910ac391cF9a71BD2,0x93964594cEcbe653273BEA3eae3bdB8D6d720fA5,0x4200000000000000000000000000000000000006,0x489fe42C267fe0366B16b0c39e7AEEf977E841eF,0x940181a94A35A4569E4529A3CDfB74e38FD98631,18,18,18,711160248844159,52596127788910106,0.000711160248844159,0.0525961277889101,53307288037754265,0,91214176797850489099,91.21417679785048,0.0,0,0,0,nan,0
vAMM-WETH/TN100x,0.03721856512105233,0x8f5F1D63599362115e7F9fe71BFD5ab883D82c82,0x931143b901A1c81bA1657cF0F2AcD126F75ca4Fd,0x4200000000000000000000000000000000000006,0x5B5dee44552546ECEA05EDeA01DCD7Be7aa6144A,0x940181a94A35A4569E4529A3CDfB74e38FD98631,18,18,18,0,0,0.0,0.0,0,2749393805304427,351998876107491907301634,351998.8761074919,7.232781713350006e-22,254.59310342300216,0,254.59310342300216,1382.59391701845,1769040000
sAMM-USDC/USX,0.0026035625451293503,0x1f019b4420936a800fF6f54c00d9da05445DE433,0x62b2Da7b10dde762B3b020AAEe409786b548684C,0x833589fCD6eDb6E08f4c7C32D4f71b54bdA02913,0xc142171B138DB17a1B7Cb999C44526094a4dae05,0x940181a94A35A4569E4529A3CDfB74e38FD98631,18,6,18,0,0,0.0,0.0,0,191635906911693,24623493323301455731959,24623.493323301456,5.232354252435763e-22,12.883884,0,12.883884,1911.1855806293704,1769040000
vAMM-USDC/SPOT,1.093270814474668e-05,0xa43455d99Eb63473cFA186b388c1BC2EA1B63924,0xD90C0E9728fe44905384C89d867Ba095e2Dc3E2e,0x833589fCD6eDb6E08f4c7C32D4f71b54bdA02913,0x8f2E6758C4D6570344bd5007DEc6301cd57590A0,0x940181a94A35A4569E4529A3CDfB74e38FD98631,18,6,9,60357883,41610089674,60.357883,41.610089674,41670447557,0,103397349340189876624,103.39734934018989,0.0,0,0,0,nan,0
sAMM-BRETT/AERO,0.0001333670476872571,0xFfa80952B3800240F11AD25E45e8d3E5C1593E70,0xCab96B63cB77Eb0f771D09197860cE159F197Cc6,0x532f27101965dd16442E59d40670FaF5eBB142E4,0x940181a94A35A4569E4529A3CDfB74e38FD98631,0x940181a94A35A4569E4529A3CDfB74e38FD98631,18,18,18,0,0,0.0,0.0,0,9816516673852,1261334249265153785698,1261.3342492651536,3.051320651759774e-21,3.848735243554674,0,3.848735243554674,327.7269465020907,1769040000
vAMM-WETH/CHAD,0.0006994778681303545,0x17Cf4aBb54a9D18c90FA0e36B8669aB0f4936f2e,0x346C6cfaC949E9d7FCA69cFf0a882c06e86C9245,0x4200000000000000000000000000000000000006,0xecaF81Eb42cd30014EB44130b89Bcd6d4Ad98B92,0x940181a94A35A4569E4529A3CDfB74e38FD98631,18,18,18,321907189356149403,44810948825540202494703360,0.3219071893561494,44810948.8255402,44810949147447391850852763,0,6615392684891008078635,6615.392684891008,0.0,0,0,0,nan,0
vAMM-fBOMB/wstETH,0.0054041009501176115,0xBd1F3d188de7eE07B1b323C0D26D6720CAfB8780,0x56b13a025EE67FE7645cd4c09033673e3Cb207Ba,0x74ccbe53F77b08632ce0CB91D3A545bF6B8E0979,0xc1CBa3fCea344f92D9239c08C0568f6F2F0ee452,0x940181a94A35A4569E4529A3CDfB74e38FD98631,18,18,18,0,0,0.0,0.0,0,397770273871672,51109908579921200825500,51109.9085799212,2.8442445337572275e-21,145.36907809927249,0,145.36907809927249,351.58720993620295,1769040000
vAMM-cbETH/fBOMB,4.279529373582828e-07,0x40834a402B9013f1fD7575EABa84E1589205099d,0x33BD3859141EEB7FCf8d71A9A52F554C6Ca5a278,0x2Ae3F1Ec7F1F5012CFEab0185bfc7aa3cf0DEc22,0x74ccbe53F77b08632ce0CB91D3A545bF6B8E0979,0x940181a94A35A4569E4529A3CDfB74e38FD98631,18,18,18,2694994302093401,367110888911317400416,0.002694994302093401,367.1108889113174,367113583905619493817,0,4047414307538898338,4.047414307538898,0.0,0,0,0,nan,0
vAMM-DEGEN/MAI,0.00026919931404612653,0xe7c22c22Be0ba467AD5a32F607112e10d89778af,0x44d708dba44160FA748c25a7d3fbC4C73dE4b87F,0x4ed4E862860beD51a9570b96d89aF5E1B0Efefed,0xbf1aeA8670D2528E08334083616dD9C5F3B087aE,0x940181a94A35A4569E4529A3CDfB74e38FD98631,18,18,18,2468900468983446650836,9204816609086812527,2468.9004689834464,9.204816609086812,2478105285592533463363,0,2545983588699538788138,2545.983588699539,0.0,0,0,0,nan,0
sAMM-WETH/rETH,2.4860911105973784e-05,0xb8866732424AcDdd729C6fcf7146b19bFE4A2e36,0xAa3D51d36BfE7C5C63299AF71bc19988BdBa0A06,0x4200000000000000000000000000000000000006,0xB6fe221Fe9EeF5aBa221c348bA20A1Bf5e73624c,0x940181a94A35A4569E4529A3CDfB74e38FD98631,18,18,18,0,0,0.0,0.0,0,1829893910310,235124936704266101517,235.1249367042661,2.263041580958492e-22,0.05320975084819877,0,0.05320975084819877,4418.83175463554,1769040000
vAMM-WETH/WELL,0.01245134994868622,0x89D0F320ac73dd7d9513FFC5bc58D1161452a657,0x7b6964440b615aC1d31bc95681B133E112fB2684,0x4200000000000000000000000000000000000006,0xA88594D404727625A9437C3f886C7643872296AE,0x940181a94A35A4569E4529A3CDfB74e38FD98631,18,18,18,441959437354378,4951354930735700185293,0.000441959437354378,4951.3549307357,4951355372695137539671,897888502985954,117760079511488257651491,117760.07951148825,8.423831109424322e-21,991.9910212371565,0,991.9910212371565,118.71083204425014,1769040000
vAMM-RSR/bsdETH,0.0008110836549309996,0x95F04B5594e2a944CA91d56933D119841eeF9a99,0x190351cf2a6e2ac19A528b283E0748eD0652799d,0xaB36452DbAC151bE02b16Ca17d8919826072f64a,0xCb327b99fF831bF8223cCEd12B1338FF3aA322Ff,0x940181a94A35A4569E4529A3CDfB74e38FD98631,18,18,18,0,0,0.0,0.0,0,59700646259800,7670917297222130701000,7670.91729722213,2.0005827261276444e-21,15.346304638376353,0,15.346304638376353,499.8543609019427,1769040000
vAMM-WETH/SEXY,0.011950123395889821,0x862a9D8443BbF74CF86bC05aFC8e05c63319DC1e,0x2F1c1492F6057808C3fd16eef67E0237FBAeBF4B,0x4200000000000000000000000000000000000006,0xD1917629B3E6A72E6772Aab5dBe58Eb7FA3C2F33,0x940181a94A35A4569E4529A3CDfB74e38FD98631,18,18,18,0,0,0.0,0.0,0,879601117938556,113019671527308133496771,113019.67152730814,1.8792411958231603e-21,212.3912226725193,0,212.3912226725193,532.1296713921664,1769040000
vAMM-TKN/AERO,0.022604701125700177,0xd88b9f7185f404015B665e070A5EF03a7e26661F,0x82FDF8F646c6dcF7966734146486114f60C7Def5,0x78b3C724A2F663D11373C4a1978689271895256f,0x940181a94A35A4569E4529A3CDfB74e38FD98631,0x940181a94A35A4569E4529A3CDfB74e38FD98631,18,18,18,0,3669700931877922,0.0,0.003669700931877922,3669700931877922,1663842265233136,213786570361131769481348,213786.57036113174,9.6861002320519e-23,20.70758148784538,0,20.70758148784538,10324.07239283916,1769040000
vAMM-AERO/USD+,0.00023104047292758312,0x267d950110D9ED57999c3451b89C35a9D278C074,0x45D3ef9d20f9eA644aB9bc706e630311050de370,0x940181a94A35A4569E4529A3CDfB74e38FD98631,0xB79DD08EA68A908A97220C76d19A6aA9cBDE4376,0x940181a94A35A4569E4529A3CDfB74e38FD98631,18,18,6,36130410118208436340,28749256,36.13041011820844,28.749256,36130410118237185596,0,2185091943801223861701,2185.091943801224,0.0,0,0,0,nan,0
vAMM-WETH/PRIME,0.00045550151333119843,0xB21b821EC1bB22d0241AE425e07e14d1CCea4AeD,0x2C477011BB6dF2828Da8367Bae4C5bA7381C0240,0x4200000000000000000000000000000000000006,0xfA980cEd6895AC314E7dE34Ef1bFAE90a5AdD21b,0x940181a94A35A4569E4529A3CDfB74e38FD98631,18,18,18,16508218463199038,16524444723456015602,0.016508218463199036,16.524444723456014,16540952941919214640,0,4307958144983698775490,4307.958144983699,0.0,0,0,0,nan,0
vAMM-USDC/sFRAX,1.1499099948340774e-06,0xf0e08Fa759B9C3099B0Dd63f73f79984AEb6254f,0x29b1f2295031d7e98CCD428fAcc65Ef30821771e,0x833589fCD6eDb6E08f4c7C32D4f71b54bdA02913,0xe4796cCB6bB5DE2290C417Ac337F2b66CA2E770E,0x940181a94A35A4569E4529A3CDfB74e38FD98631,18,6,18,30302031,27528969124880656606,30.302031,27.528969124880657,27528969124910958637,0,10875406520640270816,10.87540652064027,0.0,0,0,0,nan,0
vAMM-FXS/USDC,2.567565098848513e-06,0xa2D4414421e5531E727d532ef018109f59d22340,0x9a27275AE67A5E19630B2D096D4989992028A154,0x23432452B720C80553458496D4D9d7C5003280d0,0x833589fCD6eDb6E08f4c7C32D4f71b54bdA02913,0x940181a94A35A4569E4529A3CDfB74e38FD98631,18,18,6,1907406811817463418,3617271,1.9074068118174634,3.617271,1907406811821080689,0,24283043319590076243,24.283043319590078,0.0,0,0,0,nan,0
vAMM-sfrxETH/FXS,4.647835431233523e-11,0x1bDEb67E8B0D700b7717C7F3a7341859B7Dac784,0x8B207A66E66e08CC1CE51bc38d1dFe3d8Cb36322,0x1f55a02A049033E3419a8E2975cF3F572F4e6E9A,0x23432452B720C80553458496D4D9d7C5003280d0,0x940181a94A35A4569E4529A3CDfB74e38FD98631,18,18,18,3330392098416221,5365554894821031888,0.003330392098416221,5.365554894821032,5368885286919448109,0,439574401325153,0.000439574401325153,0.0,0,0,0,nan,0
vAMM-WETH/QI,0.010057022087909914,0x06709C364dd4E2f5b0c10b1eBf80B2Ce483dbdC5,0xdd1fd2BeEE67A3adA2277fc44aA69C5C0d753449,0x4200000000000000000000000000000000000006,0xD3FDCb837DAfdb7C9C3eBD48FE22a53F6Dd3d7D7,0x940181a94A35A4569E4529A3CDfB74e38FD98631,18,18,18,100167899787,0,1.00167899787e-07,0.0,100167899787,740257449952433,95115447369305200025771,95115.4473693052,1.2382483690158828e-22,11.77765475732582,0,11.77765475732582,8075.924225079058,1769040000
vAMM-sfrxETH/AERO,5.405294222584766e-06,0xE25bc9133D26F62C9FA03b6750f3F3Ba57E9eB44,0xEab862191A4d917D2D16E2FAF0859448Ff5BEdB7,0x1f55a02A049033E3419a8E2975cF3F572F4e6E9A,0x940181a94A35A4569E4529A3CDfB74e38FD98631,0x940181a94A35A4569E4529A3CDfB74e38FD98631,18,18,18,7108870845246998,30406308193703317799,0.007108870845246998,30.406308193703317,30413417064548564797,0,51121194092029528727,51.121194092029526,0.0,0,0,0,nan,0
vAMM-BAVA/AERO,6.352238699778448e-05,0xD3c2fa602B8da5b0b9c25dFBE7F2f31Bb512dB13,0xE3Da183CDBbd0F01867605C632F1E275e7eD6E3D,0x3fbdE9864362CE4Abb244EbeF2EF0482ABA8eA39,0x940181a94A35A4569E4529A3CDfB74e38FD98631,0x940181a94A35A4569E4529A3CDfB74e38FD98631,18,18,18,4581812871469716298840659,2756111620816271957220,4581812.871469717,2756.111620816272,4584568983090532570797879,0,600770307994428256912,600.7703079944282,0.0,0,0,0,nan,0
vAMM-Mog/WETH,0.017184910258254527,0x4A311ac4563abc30E71D0631C88A6232C1309ac5,0x8FCc385d8d7f3A2e087853a79531630Bf96575e8,0x2Da56AcB9Ea78330f947bD57C54119Debda7AF71,0x4200000000000000000000000000000000000006,0x940181a94A35A4569E4529A3CDfB74e38FD98631,18,18,18,0,0,0.0,0.0,0,1264912986591709,162528272576851796948297,162528.27257685177,1.8405563144828015e-21,299.1424383733065,0,299.1424383733065,543.3139926941062,1769040000
vAMM-VIRTUAL/WETH,0.7278048900299905,0x21594b992F68495dD28d605834b58889d0a727c7,0xBD62Cad65b49b4Ad9C7aa9b8bDB89d63221F7af5,0x0b3e328455c4059EEb9e3f84b5543F74E24e7E1b,0x4200000000000000000000000000000000000006,0x940181a94A35A4569E4529A3CDfB74e38FD98631,18,18,18,18146593400404540677,53690526307266127,18.14659340040454,0.053690526307266125,18200283926711806804,53560304234384390,6883298764550810478909705,6883298.76455081,2.1540882508867897e-21,14827.232996062456,0,14827.232996062456,464.2335334164338,1769040000
vAMM-HIGHER/WETH,0.0014114855519682707,0xcEdF590857aE7Fbd4A342Ce9Ee9CA111570A1ca2,0x8Ee017223529FC20FA5B8D6f1D048003A424D9CC,0x0578d8A44db98B23BF096A382e016e29a5Ce0ffe,0x4200000000000000000000000000000000000006,0x940181a94A35A4569E4529A3CDfB74e38FD98631,18,18,18,0,0,0.0,0.0,0,103894924460087,13349287548266080198429,13349.287548266082,1.1091990292911052e-21,14.807016790264575,0,14.807016790264575,901.5514561341666,1769040000
vAMM-BRETT/AERO,0.0025862654392255924,0x43BBb129b56A998732767725A183b7a566843dBA,0x80c6eF2039c429d905D125Bba5FD99125646aee9,0x532f27101965dd16442E59d40670FaF5eBB142E4,0x940181a94A35A4569E4529A3CDfB74e38FD98631,0x940181a94A35A4569E4529A3CDfB74e38FD98631,18,18,18,0,0,0.0,0.0,0,190366704120622,24459903947455500103472,24459.9039474555,2.297781727603908e-21,56.20352034940994,0,56.20352034940994,435.20234667493196,1769040000
vAMM-WETH/LUCHA,0.02153568657901874,0x0D4953d2BDe145D316296CC72cCE509D899a5529,0xd3011443522E904092232CD7C73586D0b1b61418,0x4200000000000000000000000000000000000006,0xF4435cC8b478d54313F04c956882BE3D9aCf9F6F,0x940181a94A35A4569E4529A3CDfB74e38FD98631,18,18,18,0,0,0.0,0.0,0,1585172818243316,203676241879887355331908,203676.24187988738,5.450100666252728e-24,1.110056021569426,0,1.110056021569426,183482.84944387278,1769040000
vAMM-USD+/sFRAX,4.849221941542559e-08,0xbB38EeBd670A9F3cafe6D3170862ccD930cB25f9,0xEc4288995734ca01eAfC97588658F37515823502,0xB79DD08EA68A908A97220C76d19A6aA9cBDE4376,0xe4796cCB6bB5DE2290C417Ac337F2b66CA2E770E,0x940181a94A35A4569E4529A3CDfB74e38FD98631,18,6,18,68089943,55668558204927022397,68.089943,55.668558204927024,55668558204995112340,0,458620763016268660,0.4586207630162687,0.0,0,0,0,nan,0
vAMM-WELS/USDC,0.00030667734967134114,0xfEA9E8a7daEf9497ffF3e3501eD504984f96aa33,0xE4be724E22FeFeB2969f53865222E58c496ef5d7,0x7F62ac1e974D65Fab4A81821CA6AF659A5F46298,0x833589fCD6eDb6E08f4c7C32D4f71b54bdA02913,0x940181a94A35A4569E4529A3CDfB74e38FD98631,18,18,6,30818660133194622679913,45590898,30818.660133194622,45.590898,30818660133194668270811,0,2900436437053169395503,2900.4364370531694,0.0,0,0,0,nan,0
vAMM-DEGEN/TKN,0.002896214680624758,0xc01162ED99a018D02b8a12f4712B0b9b87a9852F,0x519b415fBC1007d3871BD9F7F679d0593a459888,0x4ed4E862860beD51a9570b96d89aF5E1B0Efefed,0x78b3C724A2F663D11373C4a1978689271895256f,0x940181a94A35A4569E4529A3CDfB74e38FD98631,18,18,18,0,0,0.0,0.0,0,213181073688006,27391284678228581007478,27391.28467822858,1.072220477785637e-22,2.9369496344852646,0,2.9369496344852646,9326.440043984354,1769040000
vAMM-ANIME/WETH,0.0005617734184089813,0xeB956b77D455e33b41bBE6052dBE4388dCfD729B,0x93a7ddBd64f0835f99b6D248Ce058Fd90C68666c,0x0e0c9756a3290cD782CF4aB73ac24D25291c9564,0x4200000000000000000000000000000000000006,0x940181a94A35A4569E4529A3CDfB74e38FD98631,18,18,18,11019301898335233477341996,45481762135545782,11019301.898335233,0.045481762135545785,11019301943816995612887778,0,5313036955182708443626,5313.036955182708,0.0,0,0,0,nan,0
vAMM-ezETH/WETH,1.6476543620154886e-05,0x0C8bF3cb3E1f951B284EF14aa95444be86a33E2f,0x6318373c5a01224094BF0B1AC88562345B2Fb91E,0x2416092f143378750bb29b79eD961ab195CcEea5,0x4200000000000000000000000000000000000006,0x940181a94A35A4569E4529A3CDfB74e38FD98631,18,18,18,0,0,0.0,0.0,0,1212801015597,155828813323865257024,155.82881332386526,3.446982038394692e-23,0.00537139120591723,0,0.00537139120591723,29010.885141302162,1769040000
sAMM-ezETH/WETH,1.3147168736673115e-05,0x497139e8435E01555AC1e3740fccab7AFf149e02,0x4Fa58b3Bec8cE12014c7775a0B3da7e6AdC3c7eA,0x2416092f143378750bb29b79eD961ab195CcEea5,0x4200000000000000000000000000000000000006,0x940181a94A35A4569E4529A3CDfB74e38FD98631,18,18,18,0,0,0.0,0.0,0,967733279725,124340866023521820073,124.34086602352181,2.2167547621470032e-21,0.2756332068871245,0,0.2756332068871245,451.10989139433065,1769040000
vAMM-USDC/WELL,6.465824224441935e-07,0x81A8c12738F7346094526ECC2487a63f45dD1935,0x47C84ff870c7EeA60420EC8c98B7FBa9D37b478B,0x833589fCD6eDb6E08f4c7C32D4f71b54bdA02913,0xA88594D404727625A9437C3f886C7643872296AE,0x940181a94A35A4569E4529A3CDfB74e38FD98631,18,6,18,74822677,2972821322875640355192,74.822677,2972.8213228756404,2972821322875715177869,0,6115127901115079251,6.11512790111508,0.0,0,0,0,nan,0
vAMM-BITCOIN/WETH,0.00010848710423119112,0xaa46e69d85c79bb3EfFe0902c1Ad69f712b5b382,0x7d7bb62DB5614b191E154DB763F8e6daABDFa55b,0x2a06A17CBC6d0032Cac2c6696DA90f29D39a1a29,0x4200000000000000000000000000000000000006,0x940181a94A35A4569E4529A3CDfB74e38FD98631,18,8,18,0,0,0.0,0.0,0,7985489749800,1026029311912814468279,1026.0293119128144,1.165532954350898e-21,1.1958709751643617,0,1.1958709751643617,857.9765988314883,1769040000
vAMM-REGEN/WETH,0.0002238004657653452,0x11D9944cB1886F5Ca08673C0B61b4d159946AcDa,0x4C73598c779cBED9002a52Ac14C3490d3d876DE7,0x1D653f09f216682eDE4549455D6Cf45f93C730cf,0x4200000000000000000000000000000000000006,0x940181a94A35A4569E4529A3CDfB74e38FD98631,18,18,18,20777227708600764794061,9664596199677838,20777.227708600763,0.009664596199677838,20777237373196964471899,0,2116618740284938021674,2116.618740284938,0.0,0,0,0,nan,0
vAMM-AERO/WELL,0.0006015629374332564,0xCd401DE1cBAa0d770eE5FB70ff622c752C92B8c5,0x57c198edE5e375a273935f5ED8B4D22fE836f080,0x940181a94A35A4569E4529A3CDfB74e38FD98631,0xA88594D404727625A9437C3f886C7643872296AE,0x940181a94A35A4569E4529A3CDfB74e38FD98631,18,18,18,0,0,0.0,0.0,0,44279683790769,5689350924618359463996,5689.350924618359,6.818336223857041e-21,38.791907499559905,0,38.791907499559905,146.66334530424692,1769040000
vAMM-WETH/BENJI,3.063408061329455e-08,0x9409dBe9d0aE5961A28cf395786Bddc0911eFBec,0x9E5AE7b0CeB4b8E5e2Bb986e63147b912072d2Be,0x4200000000000000000000000000000000000006,0xBC45647eA894030a4E9801Ec03479739FA2485F0,0x940181a94A35A4569E4529A3CDfB74e38FD98631,18,18,18,8892008781874,6125105747155639345,8.892008781874e-06,6.125105747155639,6125114639164421219,0,289725353768853210,0.28972535376885317,0.0,0,0,0,nan,0
vAMM-WETH/RSR,0.0009624189780333799,0xd204058452F57464E0E5ab8C3Cc9cbCb6B41D4EE,0x40334F3E5e59c5A7aeAf6b47FfF6be1917c71ba6,0x4200000000000000000000000000000000000006,0xaB36452DbAC151bE02b16Ca17d8919826072f64a,0x940181a94A35A4569E4529A3CDfB74e38FD98631,18,18,18,0,0,0.0,0.0,0,70842687346116,9102188585466136901148,9102.188585466138,3.2395622204441966e-22,2.94871062648345,0,2.94871062648345,3086.8368376727267,1769040000
vAMM-USDA/EURA,2.1081290404225055e-08,0x79eF3eCDa775860a2351ae2A7B80C4d80ba47F72,0x3fd91fAC3Ccc67d818A6E17e7296A82Ba7a4aCAa,0x0000206329b97DB379d5E1Bf586BbDB969C63274,0xA61BeB4A3d02decb01039e378237032B351125B4,0x940181a94A35A4569E4529A3CDfB74e38FD98631,18,18,18,8046674626498329429,5146821804915814063,8.04667462649833,5.146821804915814,13193496431414143492,0,199378737601721378,0.19937873760172137,0.0,0,0,0,nan,0
vAMM-LUSD/POOL,0.0007830609132405602,0x0b15b1d434f86eCaa83d14398C8Db6d162F3921e,0x5b41A91Cc14496E7fcc381595Dc2680EF71B6462,0x368181499736d0c0CC614DBB145E2EC1AC86b8c6,0xd652C5425aea2Afd5fb142e120FeCf79e18fafc3,0x940181a94A35A4569E4529A3CDfB74e38FD98631,18,18,18,7599406323342206,0,0.007599406323342206,0.0,7599406323342206,57640074178637,7405888982766619682927,7405.88898276662,1.0453267919878794e-22,0.774157417217381,0,0.774157417217381,9566.386393850269,1769040000
vAMM-AERO/OVN,3.570352737068994e-05,0x4704f9Cf735b58ea442E387ACca6717311597322,0x365f5413BBC783D1fff1cAe9D3Bd9A16eA698D19,0x940181a94A35A4569E4529A3CDfB74e38FD98631,0xA3d1a8DEB97B111454B294E2324EfAD13a9d8396,0x940181a94A35A4569E4529A3CDfB74e38FD98631,18,18,18,424715754998602054758,361938557162560361264,424.71575499860205,361.93855716256036,786654312161162416022,0,337670231688947804211,337.6702316889478,0.0,0,0,0,nan,0
sAMM-USDA/USDC,1.4381624931392288e-05,0xE503312E932a3647AeAC8b00A8Bd1d04E6A73C08,0x93c10Fb12B2EA0D558929914236A45355B03F1F7,0x0000206329b97DB379d5E1Bf586BbDB969C63274,0x833589fCD6eDb6E08f4c7C32D4f71b54bdA02913,0x940181a94A35A4569E4529A3CDfB74e38FD98631,18,18,6,18838721367688101464,15219195,18.838721367688102,15.219195,18838721367703320659,0,136015877989506880513,136.01587798950686,0.0,0,0,0,nan,0
vAMM-GENOME/WETH,0.004311647571465637,0x963ceee215e5b0B1dCB221C3bA398De66abC73D9,0xa4F335B6ee0f8e34F31d4C8b702080196252dAc3,0x1db0c569ebb4a8b57AC01833B9792F526305e062,0x4200000000000000000000000000000000000006,0x940181a94A35A4569E4529A3CDfB74e38FD98631,18,18,18,0,3765263895158,0.0,3.765263895158e-06,3765263895158,317374653298619,40777904639559339259032,40777.90463955934,2.6168593966019434e-21,106.71004292976883,0,106.71004292976883,382.13745885565146,1769040000
vAMM-WETH/BUIDL,3.463090931242711e-05,0x6eB0f4B90EeB237f6ee6d5D8d69C15810b81fa05,0x136805463D527bA9c507fF7640e9cF84f0328278,0x4200000000000000000000000000000000000006,0xdADc4F8E9d8d37294de0E02A2Ce8Cc0c90A4F6c2,0x940181a94A35A4569E4529A3CDfB74e38FD98631,18,18,18,93805334140533847,77923075782246661040304,0.09380533414053385,77923.07578224665,77923169587580801574151,0,327525822580936522456,327.52582258093656,0.0,0,0,0,nan,0
vAMM-VIRTUAL/AERO,0.013823996253238026,0x8B49c7eC53Cb4CA3666bB16727FC5C5F6d12226f,0x57538a02972c01440113cC7A7Ff8F1d954d01239,0x0b3e328455c4059EEb9e3f84b5543F74E24e7E1b,0x940181a94A35A4569E4529A3CDfB74e38FD98631,0x940181a94A35A4569E4529A3CDfB74e38FD98631,18,18,18,0,0,0.0,0.0,0,1017508857320768,130742040393747987225603,130742.04039374799,3.1247528730638196e-21,408.53656635058996,0,408.53656635058996,320.0253077996214,1769040000
vAMM-tBTC/AERO,1.0544119022226547e-07,0x5E19947708Ed0686ecE3BE487126b2c1c5378641,0x80Cdc20a68ff14f5f3b642786977F09a0fb11b64,0x236aa50979D5f3De3Bd1Eeb40E81137F22ab794b,0x940181a94A35A4569E4529A3CDfB74e38FD98631,0x940181a94A35A4569E4529A3CDfB74e38FD98631,18,18,18,71551524000952,9234434485595711295,7.1551524000952e-05,9.234434485595711,9234506037119712247,0,997222228556034548,0.9972222285560346,0.0,0,0,0,nan,0
vAMM-PRE/USDC,0.0006061491724515367,0x8a24D81C24f125341b46a52de3e4CF0e0C7E7F72,0x6169fA980Ab79355F7da28B13d08de0182131b13,0x3816dD4bd44c8830c2FA020A5605bAC72FA3De7A,0x833589fCD6eDb6E08f4c7C32D4f71b54bdA02913,0x940181a94A35A4569E4529A3CDfB74e38FD98631,18,18,6,0,0,0.0,0.0,0,44672135335318,5732725771734278244853,5732.725771734278,5.504594016064826e-21,31.556327978829124,0,31.556327978829124,181.6664402645427,1769040000
vAMM-KWENTA/AERO,8.19734493296865e-07,0xBaDA36C1e87109546eCEFcD3bB16A58B2Da0B0eA,0xa7c66862208D8cD6bC993BbaAd64De42F8746247,0x37Ab9F42051C112CAAba55AB6487dd74286A0B29,0x940181a94A35A4569E4529A3CDfB74e38FD98631,0x940181a94A35A4569E4529A3CDfB74e38FD98631,18,18,18,41905886436304119,553455243678947970,0.04190588643630412,0.5534552436789479,595361130115252089,0,7752733599711711903,7.752733599711712,0.0,0,0,0,nan,0
vAMM-AERO/GHST,3.4658910974718086e-08,0x59Da7538Bbea7facC9185b412e0D43da67A84Ab7,0x785369676686874713ca132C2002E7736A36FE44,0x940181a94A35A4569E4529A3CDfB74e38FD98631,0xcD2F22236DD9Dfe2356D7C543161D4d260FD9BcB,0x940181a94A35A4569E4529A3CDfB74e38FD98631,18,18,18,18454348743924149,29950453556051240,0.01845434874392415,0.02995045355605124,48404802299975389,0,327790651534538225,0.32779065153453824,0.0,0,0,0,nan,0
vAMM-WETH/NORMILIO,5.87447233750454e-05,0x7D68c4E183e31971deb223e6F8A064751d0599d0,0xE531DEd40AeA2Fd2ba7476BB6cE30cF9e2cfd2D0,0x4200000000000000000000000000000000000006,0xcDE90558fc317C69580DeeAF3eFC509428Df9080,0x940181a94A35A4569E4529A3CDfB74e38FD98631,18,18,18,366602152047923402,721459318291788487977616,0.3666021520479234,721459.3182917885,721459684893940535901018,0,555585002753508385365,555.5850027535083,0.0,0,0,0,nan,0
vAMM-WETH/GHST,0.005589999572701864,0x0DFb9Cb66A18468850d6216fCc691aa20ad1e091,0xe3800a58B5535935850a10e082952Ec3577D8DCc,0x4200000000000000000000000000000000000006,0xcD2F22236DD9Dfe2356D7C543161D4d260FD9BcB,0x940181a94A35A4569E4529A3CDfB74e38FD98631,18,18,18,578847301631943,0,0.000578847301631943,0.0,578847301631943,412139056238944,52868066262968853243198,52868.06626296886,1.3054924015593e-20,690.1885879143942,0,690.1885879143942,76.59945004701558,1769040000
vAMM-GNUS/AERO,3.3302525142444374e-08,0x73DdDbe505F9197138785E1ccFa2988705ce4BFD,0x0BF71380275DA393bbf593546D5050bb1deEf779,0x614577036F0a024DBC1C88BA616b394DD65d105a,0x940181a94A35A4569E4529A3CDfB74e38FD98631,0x940181a94A35A4569E4529A3CDfB74e38FD98631,18,18,18,947144843100951237,4068145739829465693,0.9471448431009513,4.068145739829466,5015290582930416930,0,314962475945941748,0.31496247594594173,0.0,0,0,0,nan,0
vAMM-SOFT/WETH,0.001314146489268298,0x28495d9ee2F7f0e6b285db0810b9657CE09a5004,0xFdcF81330bb3E101515d924B63E65842342773a5,0x04D1963C76EB1BEc59d0eEb249Ed86F736B82993,0x4200000000000000000000000000000000000006,0x940181a94A35A4569E4529A3CDfB74e38FD98631,18,18,18,43054291473070504284923,31139963099013571,43054.2914730705,0.03113996309901357,43054322613033603298494,0,12428692126053889645212,12428.692126053891,0.0,0,0,0,nan,0
vAMM-AERO/BUIDL,1.209326875549671e-07,0x6F9793007764dC4b6334Bbeba043D33FAaFE2584,0x940c8E211cE94Ad404d31836988D850D0CbACC8F,0x940181a94A35A4569E4529A3CDfB74e38FD98631,0xdADc4F8E9d8d37294de0E02A2Ce8Cc0c90A4F6c2,0x940181a94A35A4569E4529A3CDfB74e38FD98631,18,18,18,392748498023674945,1199157385508444833640,0.39274849802367495,1199.1573855084448,1199550134006468508585,0,1143734852903520734,1.1437348529035207,0.0,0,0,0,nan,0
vAMM-WETH/KLIMA,0.004911546832890159,0xB37642E87613d8569Fd8Ec80888eA6c63684E79e,0x44A927DD8f6def04f76B00cece9804BF441dc6b1,0x4200000000000000000000000000000000000006,0xDCEFd8C8fCc492630B943ABcaB3429F12Ea9Fea2,0x940181a94A35A4569E4529A3CDfB74e38FD98631,18,18,9,721497076397,0,7.21497076397e-07,0.0,721497076397,361463055457379,46451521156271934989947,46451.521156271934,2.549266244408154e-22,11.841729488509527,0,11.841729488509527,3922.697372993158,1769040000
sAMM-PRO/AERO,3.959635454927396e-08,0x3e1893753F410F909A40C50857fF6C9eEF2C1D88,0x95Fc882911a36E298C0dEC1e8DDC50b05599c09d,0x18dD5B087bCA9920562aFf7A0199b96B9230438b,0x940181a94A35A4569E4529A3CDfB74e38FD98631,0x940181a94A35A4569E4529A3CDfB74e38FD98631,18,8,18,43005,20436751846612384,0.00043005,0.020436751846612384,20436751846655389,0,374487094114608442,0.37448709411460845,0.0,0,0,0,nan,0
vAMM-VIRTUAL/WAI,0.027276875674133668,0x37E769D2dcF3e3E8dFC37c0Df83EEB56edfC0fD2,0x57E0f09B66baD2f184d30B58973690C15d7f6243,0x0b3e328455c4059EEb9e3f84b5543F74E24e7E1b,0x23471E7250bCD7ee21Df3f39Ed6151931D1E076b,0x940181a94A35A4569E4529A3CDfB74e38FD98631,18,18,18,2125456579724974436,13300803809323675933,2.1254565797249745,13.300803809323677,15426260389048650369,2007429260060959,257974200504249919668953,257974.20050424992,1.3576751013770354e-21,350.2451488222672,0,350.2451488222672,736.5532438399584,1769040000
vAMM-USDC/KLIMA,0.002192988843410092,0x958682eC6282BC7E939FA8Ba9397805C214c3A09,0x950aD950D6f07491ef2c150545A6A2AB7AdC03f4,0x833589fCD6eDb6E08f4c7C32D4f71b54bdA02913,0xDCEFd8C8fCc492630B943ABcaB3429F12Ea9Fea2,0x940181a94A35A4569E4529A3CDfB74e38FD98631,18,6,9,427,0,0.000427,0.0,427,161392016587268,20740445143060773124777,20740.445143060773,6.488095154563702e-22,13.456598163618688,0,13.456598163618688,1541.2844235131226,1769040000
vAMM-GROW/VITA,1.3930223464248306e-08,0xDaD0D8F40Bf19c295B982dB2d1Ee47eE12DA92f0,0x8AC0f40EF2c222044B857d52508E18f94cA90c45,0x321725ee44CB4bfA544CF45a5A585b925d30A58C,0x490a4B510d0Ea9f835D2dF29Eb73b4FcA5071937,0x940181a94A35A4569E4529A3CDfB74e38FD98631,18,18,18,1076844237367584766825,776188550857355740285,1076.8442373675848,776.1885508573557,1853032788224940507110,0,131746696504644157,0.13174669650464416,0.0,0,0,0,nan,0
vAMM-WETH/wrsETH,5.565016908895455e-05,0xA24382874A6FD59de45BbccFa160488647514c28,0x2da7789a6371F550caF9054694F5A5A6682903f9,0x4200000000000000000000000000000000000006,0xEDfa23602D0EC14714057867A78d01e94176BEA0,0x940181a94A35A4569E4529A3CDfB74e38FD98631,18,18,18,0,0,0.0,0.0,0,4095595456789,526317898360452049428,526.317898360452,1.2875478208619476e-21,0.67765946311464,0,0.67765946311464,776.6701817184164,1769040000
vAMM-WETH/XCAD,0.00984816504161917,0x63b9877618E27081181a59F9Ca52040Ada1332fc,0xC418D71a9c4756c54F414E128Ecc6A2448DEd100,0x4200000000000000000000000000000000000006,0x750cF88d9E0c2BCedEEC31d5FaAd6eD6E3F1abC6,0x940181a94A35A4569E4529A3CDfB74e38FD98631,18,18,18,0,0,0.0,0.0,0,724779469002142,93140157743755193044029,93140.1577437552,7.068694908554131e-23,6.58379358825211,0,6.58379358825211,14146.88302348227,1769040000
vAMM-weETH.base/WETH,0.03700416124902728,0x91F0f34916Ca4E2cCe120116774b0e4fA0cdcaA8,0xf8d47b641eD9DF1c924C0F7A6deEEA2803b9CfeF,0x04C0599Ae5A44757c0af6F9eC3b93da8976c150A,0x4200000000000000000000000000000000000006,0x940181a94A35A4569E4529A3CDfB74e38FD98631,18,18,18,0,9784157984,0.0,9.784157984e-09,9784157984,2723339182196996,349971126737239443828121,349971.1267372394,6.132249004010396e-25,0.21461100933668326,0,0.21461100933668326,1630723.0827482957,1769040000
vAMM-WETH/SAM,0.061240525713751354,0x598299Fb3f3829F7Ba08662948706cDFf7eC2350,0xf96Bc096dd1E52dcE4d595B6C4B8c5d2200db1E5,0x4200000000000000000000000000000000000006,0xed1779845520339693CDBffec49a74246E7D671b,0x940181a94A35A4569E4529A3CDfB74e38FD98631,18,18,18,0,0,0.0,0.0,0,4530106438987459,579189341484826623005789,579189.3414848266,9.352231838592688e-23,54.16713000007928,0,54.16713000007928,10692.6348411662,1769040000
vAMM-BET/USDC,0.007284762717045354,0xF471D220F16Cc9c3400B5BD97d728072A87b9C75,0x34BF49C57c8a6A766c99909a3513258A3dB7E393,0x80F6BcedD3d4fa1035285affA30e38f464Db3895,0x833589fCD6eDb6E08f4c7C32D4f71b54bdA02913,0x940181a94A35A4569E4529A3CDfB74e38FD98631,18,18,6,0,0,0.0,0.0,0,536125642919658,68896484342414698380972,68896.4843424147,7.998741848925202e-22,55.10851925534924,0,55.10851925534924,1250.1966170271776,1769040000
sAMM-rgUSD/eUSD,3.348636377630422e-10,0xd7AdbF474E991f4AEbF95C0b095001ce661aAD17,0x1Efd219BFfFf88F89791Bc850b7347F6da67D933,0x8E5E9DF4F0EA39aE5270e79bbABFCc34203A3470,0xCfA3Ef56d303AE4fAabA0592388F19d7C3399FB4,0x940181a94A35A4569E4529A3CDfB74e38FD98631,18,18,18,129366535790165661200,153052021988677600440,129.36653579016567,153.0520219886776,282418557778843261640,0,3167011510478252,0.003167011510478252,0.0,0,0,0,nan,0
sAMM-USDC/rgUSD,4.893176408610937e-10,0xF8CCE695B387424122d59ae2d01fA8CE359CfB00,0xc78a90ed0E25F3bf3f000c18947C683C2351777d,0x833589fCD6eDb6E08f4c7C32D4f71b54bdA02913,0x8E5E9DF4F0EA39aE5270e79bbABFCc34203A3470,0x940181a94A35A4569E4529A3CDfB74e38FD98631,18,6,18,930937,976721933525258527,0.930937,0.9767219335252585,976721933526189464,0,4627778074798720,0.00462777807479872,0.0,0,0,0,nan,0
vAMM-MAI/QI,8.627612944395039e-08,0x1894416A511251CfDD350B80bE256F4D166dCa0e,0x893E887C3b56D5E54Dc1F0dEbA783E96197151aA,0xbf1aeA8670D2528E08334083616dD9C5F3B087aE,0xD3FDCb837DAfdb7C9C3eBD48FE22a53F6Dd3d7D7,0x940181a94A35A4569E4529A3CDfB74e38FD98631,18,18,18,62771545457947376464,541061693668532224873,62.771545457947376,541.0616936685323,603833239126479601337,0,815966453849050413,0.8159664538490504,0.0,0,0,0,nan,0
vAMM-WETH/MASA,8.693191099696501e-07,0x33c3782446dF290bE025A24A0Ac94562E9A995D6,0x29Ff29c57474857a6F1fB6C5839CF82adA2BB6b5,0x4200000000000000000000000000000000000006,0x944824290CC12F31ae18Ef51216A223Ba4063092,0x940181a94A35A4569E4529A3CDfB74e38FD98631,18,18,18,5837765236220278,3131844147305502512177163,0.005837765236220278,3131844.1473055026,3131844153143267748397441,0,8221685835894741508,8.221685835894743,0.0,0,0,0,nan,0
vAMM-WETH/LBM,2.819064643010509e-06,0x0b8711D0F80Eacb3dE9f653BD554aF3bA654fA1f,0x150db5aF367A67385F78DE9Fc34937fB28F12a65,0x4200000000000000000000000000000000000006,0x56A38E7216304108E841579041249fEb236C887b,0x940181a94A35A4569E4529A3CDfB74e38FD98631,18,18,18,3032740383954062,409555071936820200005,0.003032740383954062,409.5550719368202,409558104677204154067,0,26661629291366144778,26.661629291366147,0.0,0,0,0,nan,0
vAMM-pwBLT/USDC,3.678774750986649e-06,0x9b0025d10E824E7E2b148953009A40B0C0792F30,0xF8Bbe737e94134cfc95e56b7539549C15EC450E1,0x3Dd79d6BD927615787Cc95F2c7A77C9aC1AF26F4,0x833589fCD6eDb6E08f4c7C32D4f71b54bdA02913,0x940181a94A35A4569E4529A3CDfB74e38FD98631,18,18,6,0,0,0.0,0.0,0,270743519848,34792436881653363960,34.792436881653366,0.0,0.0,0,0.0,nan,1769040000
vAMM-weETH/AERO,1.6169665511005236e-05,0xc5aDfb267a95df1233a2b5F7f48041E7Fb384BcA,0x0A5f63A1aC754b4418cc5381eE17E04CCad42F56,0x04C0599Ae5A44757c0af6F9eC3b93da8976c150A,0x940181a94A35A4569E4529A3CDfB74e38FD98631,0x940181a94A35A4569E4529A3CDfB74e38FD98631,18,18,18,18510606282692201,66483023834087705771,0.018510606282692202,66.4830238340877,66501534440370397972,0,152926478180870493770,152.92647818087048,0.0,0,0,0,nan,0
vAMM-WETH/ATH,0.0005048569409268049,0x7C36577aEC1d99d9b872b7075bD86C8F1334EcF2,0x39b68a3Fd59F88C31B2110A2550640b92cF42449,0x4200000000000000000000000000000000000006,0x58D75a1c4477914f9a98A8708fEaeD1DbE40b8a3,0x940181a94A35A4569E4529A3CDfB74e38FD98631,18,18,18,0,0,0.0,0.0,0,37155508140342,4774742799011944985259,4774.742799011945,5.344849985118818e-22,2.5520283978245173,0,2.5520283978245173,1870.9599011837745,1769040000
vAMM-USDC/XSWAP,0.0013407444367195128,0xCdB55B284257fd5f879598Ba9E4B852bb0C3EDF1,0xAd978Bdbcc8a44dea4d773A8Df9fF7f73dD288d8,0x833589fCD6eDb6E08f4c7C32D4f71b54bdA02913,0x8Fe815417913a93Ea99049FC0718ee1647A2a07c,0x940181a94A35A4569E4529A3CDfB74e38FD98631,18,6,18,0,0,0.0,0.0,0,98673715747249,12680245284515067807485,12680.245284515067,8.26594962395596e-22,10.481426874120666,0,10.481426874120666,1209.7823547119742,1769040000
vAMM-WETH/stTAO,0.0019110819388819078,0x3a1d086839AF6e86f48D96CA6648b48244f91A89,0x21F1f74E4fB3f026F072B65dF81aA0f19Ee6e7d5,0x4200000000000000000000000000000000000006,0x806041B6473DA60abbe1b256d9A2749A151be6C6,0x940181a94A35A4569E4529A3CDfB74e38FD98631,18,18,9,0,0,0.0,0.0,0,140648397145940,18074278050425227588752,18074.278050425226,7.356890204791917e-22,13.29704791478589,0,13.29704791478589,1359.2699797920716,1769040000
vAMM-HBR/USDC,7.386077904125383e-07,0x68cfB52C74827f91E1F664fFeD634F849AEce455,0xce0358DFf7Bcf904f21425f6fee7F8E6115372cd,0x416bd43Bc76D496ff49923c20eCaf86b52Ab078d,0x833589fCD6eDb6E08f4c7C32D4f71b54bdA02913,0x940181a94A35A4569E4529A3CDfB74e38FD98631,18,18,6,107161558713144835739946,25990079,107161.55871314484,25.990079,107161558713144861730025,0,6985468441995122030,6.985468441995121,0.0,0,0,0,nan,0
vAMM-wBLT/BMX,0.019197012152993617,0x61907C8C3E6ef7eD813aCc2fBbBf8C05ac0F31d5,0xeB86878fBF8329b1ED8C40d8f6736Ae7fc965Be8,0x4E74D4Db6c0726ccded4656d0BCE448876BB4C7A,0x548f93779fBC992010C07467cBaf329DD5F059B7,0x940181a94A35A4569E4529A3CDfB74e38FD98631,18,18,18,0,0,0.0,0.0,0,1426676696007972,181557958521442251660221,181557.95852144223,3.3564944654163526e-21,609.3982829295126,0,609.3982829295126,297.9298819954872,1769040000
sAMM-zunUSD/USDC,4.7861287423103475e-08,0xaeb41e05E27EDa32dB13c5875834a19a2c15F70E,0xCb803c34e058cd828EE8d3732b2fAEA5cb988397,0x6ef3864876424ADE834a7C1BE8C0CF3d71208B84,0x833589fCD6eDb6E08f4c7C32D4f71b54bdA02913,0x940181a94A35A4569E4529A3CDfB74e38FD98631,18,18,6,2138329362374681249,396082,2.138329362374681,0.396082,2138329362375077331,0,452653650864703704,0.45265365086470366,0.0,0,0,0,nan,0
vAMM-CRYO/WETH,3.783198073024751e-05,0x65Ee5A0ee82027D054EFeb31a1f7079C37c5DbD8,0x7ac1193Dd817aD9b0b1b57582a2542572c6baC21,0x1f4446fAAAed23090f324f051C3F8c5ce5aD1c36,0x4200000000000000000000000000000000000006,0x940181a94A35A4569E4529A3CDfB74e38FD98631,18,18,18,0,0,0.0,0.0,0,2784314331724,357800325043559590767,357.8003250435596,3.29847979118974e-20,11.801971414373014,0,11.801971414373014,30.31699641365111,1769040000
vAMM-pHAM/pwBLT,2.0270668770800465e-05,0x03FF264046b085450649A993Cdd65dCDD01A893e,0x19b05F319aC12296CB073218E912D0816030548F,0x2C8D2FC58B80aCb3b307C165af8F3eE296e6A271,0x3Dd79d6BD927615787Cc95F2c7A77C9aC1AF26F4,0x940181a94A35A4569E4529A3CDfB74e38FD98631,18,18,18,0,0,0.0,0.0,0,1491857219282,191712189926231420987,191.71218992623142,0.0,0.0,0,0.0,nan,1769040000
vAMM-WETH/TRUF,1.6473902594819918e-06,0xcE2D4E04e3d782EcB8bf2e265f421bA510F4e8F7,0xE81B7a527AA65b714cD44c034dDA915097bb3CdB,0x4200000000000000000000000000000000000006,0xB59c8912c83157a955f9D715E556257F432C35D7,0x940181a94A35A4569E4529A3CDfB74e38FD98631,18,18,18,907168118283016477,46279804040244577384395,0.9071681182830165,46279.80404024458,46280711208362860400872,0,15580383552188237583,15.580383552188238,0.0,0,0,0,nan,0
vAMM-AERO/BENJI,0.00031365895153799854,0x0f3027d68FE4E2A56860D7B18b3D80CAe8d716D1,0x2e8300243d49d81684e154821f879A5045e2d132,0x940181a94A35A4569E4529A3CDfB74e38FD98631,0xBC45647eA894030a4E9801Ec03479739FA2485F0,0x940181a94A35A4569E4529A3CDfB74e38FD98631,18,18,18,0,0,0.0,0.0,0,23083557747412,2966465742656444477170,2966.4657426564445,1.6437641159862208e-21,4.876169939081079,0,4.876169939081079,608.3597946168954,1769040000
vAMM-WETH/HLSp,4.1046786300179955e-05,0x1536960c83d4f3a55430a9B3B6294843b831171A,0x10b70e962d032b74e2F40a11445F7f769aa4fc0e,0x4200000000000000000000000000000000000006,0xe54b0C7dad72fb102ADE2b1B9F4EEce69408Ab36,0x940181a94A35A4569E4529A3CDfB74e38FD98631,18,18,6,3736852214556403,11519920,0.003736852214556403,11.51992,3736852226076323,0,388204719835239577437,388.20471983523953,0.0,0,0,0,nan,0
sAMM-DOLA/rgUSD,2.0625130768779134e-06,0xBA15D0494fE4f0cAECD7730F6D77BeB6DD0feca9,0x7139bFd55643Aa37C875c6D3f4d6663DbFd481f2,0x4621b7A9c75199271F773Ebd9A499dbd165c3191,0x8E5E9DF4F0EA39aE5270e79bbABFCc34203A3470,0x940181a94A35A4569E4529A3CDfB74e38FD98631,18,18,18,198635734324346269,564394875618999020,0.19863573432434628,0.564394875618999,763030609943345289,0,19506455519086473360,19.506455519086472,0.0,0,0,0,nan,0
sAMM-USDz/USDC,0.0007229921438115588,0x6d0b9C9E92a3De30081563c3657B5258b3fFa38B,0xb7E4bBee04285F4B55d0A93b34E5dA95C3a7faf9,0x04D5ddf5f3a8939889F11E97f8c4BB48317F1938,0x833589fCD6eDb6E08f4c7C32D4f71b54bdA02913,0x940181a94A35A4569E4529A3CDfB74e38FD98631,18,18,6,0,0,0.0,0.0,0,53208208535943,6837781661611226058747,6837.781661611226,4.349296743443968e-22,2.9739541513226593,0,2.9739541513226593,2299.222285780747,1769040000
sAMM-rgUSD/USD3,1.0521911390028077e-07,0xD42cd5b74B6cb892eCdE3cAb2765b6bD57C83346,0x73f294Df4543E5e0B5063C0ceE8339e4295047b3,0x8E5E9DF4F0EA39aE5270e79bbABFCc34203A3470,0xEFb97aaF77993922aC4be4Da8Fbc9A2425322677,0x940181a94A35A4569E4529A3CDfB74e38FD98631,18,18,18,13151349562172333730,28488331120525416953,13.151349562172333,28.488331120525416,41639680682697750683,0,995121916104588705,0.9951219161045887,0.0,0,0,0,nan,0
vAMM-WETH/APX,3.0139772693049093e-06,0x898e0DE33B19A3494723f437734C788C2c10Ed04,0x4927B42B4B60148D60ED3b54F21FD2E57176cE83,0x4200000000000000000000000000000000000006,0xcacf1ca03983CE6c7E235fb20C70aCC70ed13509,0x940181a94A35A4569E4529A3CDfB74e38FD98631,18,18,18,580280900691405,39796768951080403866445,0.000580280900691405,39796.768951080405,39796769531361304557850,0,28505037955070384826,28.505037955070385,0.0,0,0,0,nan,0
vAMM-AERO/TRUF,1.0963099519402566e-05,0x56ae4A50252C505C2663346660Edb711648221DC,0xbC22B1450A6Bb9a7CD86c22d835f18d77077562b,0x940181a94A35A4569E4529A3CDfB74e38FD98631,0xB59c8912c83157a955f9D715E556257F432C35D7,0x940181a94A35A4569E4529A3CDfB74e38FD98631,18,18,18,7885950310810927070,135737131842022812334,7.8859503108109275,135.73713184202282,143623082152833739404,0,103684779274348791348,103.68477927434878,0.0,0,0,0,nan,0
vAMM-WETH/RWAX,0.00017893908328882812,0xd448670823ff9667848C821BeE829c642F67E064,0x4a64623FC6b1B008aA9D655F748C01f8b5552A26,0x4200000000000000000000000000000000000006,0xe0023E73aab4fE9a22f059a9d27E857E027eE3dc,0x940181a94A35A4569E4529A3CDfB74e38FD98631,18,18,18,0,0,0.0,0.0,0,13169035577154,1692337036758699145230,1692.3370367586992,1.5323835861093174e-21,2.593309497293911,0,2.593309497293911,652.5781201683153,1769040000
vAMM-WETH/OX,0.0018521428417825404,0xe140c5930889c4064A3d11b17Bb04fE7224a5CDC,0xD4ECF20068e5fA849Abe62F9523A90F8c073f203,0x4200000000000000000000000000000000000006,0xba0Dda8762C24dA9487f5FA026a9B64b695A07Ea,0x940181a94A35A4569E4529A3CDfB74e38FD98631,18,18,18,0,0,0.0,0.0,0,136308594685471,17516854735735626066254,17516.854735735626,3.1240753205534982e-21,54.723973573632335,0,54.723973573632335,320.09471520130575,1769040000
vAMM-SNX/sUSDCy,1.5785860095471028e-06,0xFF808Ffcf1Fd541c8291c5D073da327b1B084248,0xDB6Fd3392E66f57C30704a6cdB1d338a708cc284,0x22e6966B799c4D5B13BE962E1D117b56327FDa66,0xC1E02884AF4A283cA25ab63C45360d220d69DA52,0x940181a94A35A4569E4529A3CDfB74e38FD98631,18,18,18,17936294154403708045,10872082739468516503,17.936294154403708,10.872082739468517,28808376893872224548,0,14929659415732995318,14.929659415732996,0.0,0,0,0,nan,0
vAMM-BCT/USDC,8.285243637068609e-05,0x77e09a5043820820390904357463BfB739a76104,0xb0FC063ff618F6110ADb3565c4F13B1A3B9527a8,0x576Bca23DcB6d94fF8E537D88b0d3E1bEaD444a2,0x833589fCD6eDb6E08f4c7C32D4f71b54bdA02913,0x940181a94A35A4569E4529A3CDfB74e38FD98631,18,18,6,892280381676392441241,158665993,892.2803816763925,158.665993,892280381676551107234,0,783586481380838210312,783.5864813808382,0.0,0,0,0,nan,0
vAMM-BCT/KLIMA,1.0689754771366153e-06,0x6e2f9520919bd95889b27E0B2f735ac7ED149837,0x174F6439F572b1Acca20219F5Ba4c129D86d8f5a,0x576Bca23DcB6d94fF8E537D88b0d3E1bEaD444a2,0xDCEFd8C8fCc492630B943ABcaB3429F12Ea9Fea2,0x940181a94A35A4569E4529A3CDfB74e38FD98631,18,18,9,2852287076471454723,2440415915,2.8522870764714545,2.440415915,2852287078911870638,0,10109958976514124564,10.109958976514124,0.0,0,0,0,nan,0
sAMM-GROW/VITA,1.7596750274555376e-11,0xD6871bc7f13a7b0f6E35f54349e1466Fd926ff7d,0xB6F959E169C544608b860a4fFe3C0982a46aD136,0x321725ee44CB4bfA544CF45a5A585b925d30A58C,0x490a4B510d0Ea9f835D2dF29Eb73b4FcA5071937,0x940181a94A35A4569E4529A3CDfB74e38FD98631,18,18,18,1392545918834282644,469560119818986084,1.3925459188342826,0.4695601198189861,1862106038653268728,0,166423297073430,0.00016642329707343,0.0,0,0,0,nan,0
vAMM-wXCH/WETH,6.294636707628594e-05,0x0522d1c88Ef60F22fA4D3EEC6F8C6F48631D7ec3,0x9a4e4020E9e20C0b12a93C196fdB60393e2C8e36,0x36be1d329444aeF5D28df3662Ec5B4F965Cd93E9,0x4200000000000000000000000000000000000006,0x940181a94A35A4569E4529A3CDfB74e38FD98631,18,18,18,1478343881863419604,4731240861943992,1.4783438818634196,0.004731240861943992,1483075122725363596,0,595322533091673497605,595.3225330916734,0.0,0,0,0,nan,0
vAMM-wXCH/USDC,0.0011273619630340333,0xd16Cc119b7c113660580291580cbEB588C9e2653,0x543a172C6805a7eC512188Fba90Fb9ac62ffa4D5,0x36be1d329444aeF5D28df3662Ec5B4F965Cd93E9,0x833589fCD6eDb6E08f4c7C32D4f71b54bdA02913,0x940181a94A35A4569E4529A3CDfB74e38FD98631,18,18,6,0,0,0.0,0.0,0,82968290250836,10662155906968383297924,10662.155906968384,1.6311727338964687e-21,17.391818,0,17.391818,613.0558580459146,1769040000
vAMM-WETH/SKR,9.842204330951799e-09,0xaa721DC836b5195F33F09b7713F73171A0030e36,0xf07FCB6f97622972f19ef0dE444268cE23a4a75B,0x4200000000000000000000000000000000000006,0xe2dCA969624795985F2f083BcD0b674337ba130a,0x940181a94A35A4569E4529A3CDfB74e38FD98631,18,18,18,23229968032230526,80252311658658634281517,0.023229968032230527,80252.31165865864,80252334888626666512043,0,93083783634519857,0.09308378363451986,0.0,0,0,0,nan,0
vAMM-sfrxETH/sFRAX,1.0053248457637533e-05,0xD73a3EF449043AAc66bFF3FEE37E83B4f8DAE998,0xb41f81b476bdB6E02FF7b6cDC2100077D595Fa40,0x1f55a02A049033E3419a8E2975cF3F572F4e6E9A,0xe4796cCB6bB5DE2290C417Ac337F2b66CA2E770E,0x940181a94A35A4569E4529A3CDfB74e38FD98631,18,18,18,0,0,0.0,0.0,0,739870623349,95079757825379934013,95.07975782537993,0.0,0.0,0,0.0,nan,1769040000
vAMM-USDC/CTX,1.7840044451274027e-09,0xf629864E8B4914284f79641EF9Ce034C161F26AE,0xD1E5855ACcb803C0ec03Aa382a4f115aCd3903B6,0x833589fCD6eDb6E08f4c7C32D4f71b54bdA02913,0xBB22Ff867F8Ca3D5F2251B4084F6Ec86D4666E14,0x940181a94A35A4569E4529A3CDfB74e38FD98631,18,6,18,33235329,16131760007404836754,33.235329,16.131760007404836,16131760007438072083,0,16872427983539094,0.016872427983539093,0.0,0,0,0,nan,0
sAMM-WETH/msETH,0.5632547136699466,0xDE4FB30cCC2f1210FcE2c8aD66410C586C8D1f9A,0x62940D9643a130b80CA0f8bc7e94De5b7ec496C5,0x4200000000000000000000000000000000000006,0x7Ba6F01772924a82D9626c126347A28299E98c98,0x940181a94A35A4569E4529A3CDfB74e38FD98631,18,18,18,66873777874533,277545888688843,6.6873777874533e-05,0.000277545888688843,344419666563376,41392699521310939,5327046476112578702456457,5327046.476112579,2.473610829736829e-22,1317.7039853823487,0,1317.7039853823487,4042.673115667073,1769040000
sAMM-msUSD/USDC,0.3778863128148522,0xcEFC8B799a8EE5D9b312aeca73262645D664AaF7,0xDBF852464fC906C744E52Dbd68C1b07dD33A922a,0x526728DBc96689597F85ae4cd716d4f7fCcBAE9d,0x833589fCD6eDb6E08f4c7C32D4f71b54bdA02913,0x940181a94A35A4569E4529A3CDfB74e38FD98631,18,18,6,0,18415,0.0,0.018415,18415,27772361331063465,3573903426276718330481311,3573903.4262767187,7.744180724828399e-23,276.76954026170336,0,276.76954026170336,12912.921786470302,1769040000
vAMM-USDC/OX,9.210878091751294e-05,0x33A20Ce534aE0F2fC00BC28e7133836B34415E7B,0x271cc28Fac66b40515a31D28FB95Eed8D17e2853,0x833589fCD6eDb6E08f4c7C32D4f71b54bdA02913,0xba0Dda8762C24dA9487f5FA026a9B64b695A07Ea,0x940181a94A35A4569E4529A3CDfB74e38FD98631,18,6,18,997360366,255649010179403957018182,997.360366,255649.01017940397,255649010179404954378548,0,871129428475909888438,871.1294284759099,0.0,0,0,0,nan,0
vAMM-AERO/APX,0.00033482376971149445,0x4634274a24443fAe01B1bAcd6212C65D1283B72c,0xb023a82C4AC8fcD103876fd07EAA1dF1df5782c2,0x940181a94A35A4569E4529A3CDfB74e38FD98631,0xcacf1ca03983CE6c7E235fb20C70aCC70ed13509,0x940181a94A35A4569E4529A3CDfB74e38FD98631,18,18,18,5865897296435819488,158879987473460535336755,5.865897296435819,158879.98747346053,158885853370756971156243,0,3166634453778410018900,3166.63445377841,0.0,0,0,0,nan,0
vAMM-USDC/CHEX,1.0981690198082852e-05,0x6466e1a3b42Ef91f8f7C135970db4495e89F9C0A,0x1249abBD38f8B98114E35babda2827862bd19CfF,0x833589fCD6eDb6E08f4c7C32D4f71b54bdA02913,0xc43F3Ae305a92043bd9b62eBd2FE14F7547ee485,0x940181a94A35A4569E4529A3CDfB74e38FD98631,18,6,18,1269210905,7490978309168718133226,1269.210905,7490.978309168718,7490978309169987344131,0,103860602764057555874,103.86060276405756,0.0,0,0,0,nan,0
vAMM-WETH/OGN,4.175637584782804e-05,0x8eA4C49B712217fd6e29Db920E3dd48287a0d50D,0xA88BcfEcC886dEA1e8B3108179F0532d53c8c055,0x4200000000000000000000000000000000000006,0x7002458B1DF59EccB57387bC79fFc7C29E22e6f7,0x940181a94A35A4569E4529A3CDfB74e38FD98631,18,18,18,61178120001487669,3600320656371166707630,0.06117812000148767,3600.320656371167,3600381834491168195299,0,394915744896452000000,394.915744896452,0.0,0,0,0,nan,0
vAMM-WETH/SKOP,1.4786625633110398e-09,0x18c55864D9BC0D7C3F6Dc18e3A1d20E50f551891,0x3FC41388699Ab1876AA48577bBa493F71845Ae02,0x4200000000000000000000000000000000000006,0x6d3B8C76c5396642960243Febf736C6BE8b60562,0x940181a94A35A4569E4529A3CDfB74e38FD98631,18,18,18,5277447324254269,860544295230651608969,0.005277447324254269,860.5442952306516,860549572677975863238,0,13984621887889498,0.013984621887889497,0.0,0,0,0,nan,0
vAMM-WETH/RFL,0.0790673371719289,0x37785d5bE19D0d9559D4634a5385c72c419b25Da,0x937c527EB4f27030f6667078C64982B3202257d5,0x4200000000000000000000000000000000000006,0x6e2c81b6c2C0e02360F00a0dA694e489acB0b05e,0x940181a94A35A4569E4529A3CDfB74e38FD98631,18,18,18,10135354749678,62965683244692064084,1.0135354749678e-05,62.965683244692066,62965693380046813762,5819041034749212,747788468760403687361936,747788.4687604037,1.930626356485665e-21,1443.7001268648928,0,1443.7001268648928,517.966615674049,1769040000
vAMM-sfrxETH/wstETH,2.2027391032409717e-05,0x456c166e63634D75a4B49EDEC86cB51424D4C926,0xCe7Cb6260fCBf17485cd2439B89FdDf8B0Eb39cC,0x1f55a02A049033E3419a8E2975cF3F572F4e6E9A,0xc1CBa3fCea344f92D9239c08C0568f6F2F0ee452,0x940181a94A35A4569E4529A3CDfB74e38FD98631,18,18,18,0,0,0.0,0.0,0,1621128229313,208326593509718775536,208.32659350971878,2.1225165378493052e-21,0.44217663999818785,0,0.44217663999818785,471.1388496474453,1769040000
vAMM-USDC/APX,1.7307909314464233e-06,0x4C7d96aaf20081cF617EBf6da4814aE91e6D5D06,0x1C669D3d0B3C49Cda1f47C80896D30D7A79E4f83,0x833589fCD6eDb6E08f4c7C32D4f71b54bdA02913,0xcacf1ca03983CE6c7E235fb20C70aCC70ed13509,0x940181a94A35A4569E4529A3CDfB74e38FD98631,18,6,18,6143999,423622442694607939921641,6.143999,423622.44269460795,423622442694607946065640,0,16369155034984708704,16.369155034984708,0.0,0,0,0,nan,0
sAMM-jEUR/EURA,5.06138964738753e-07,0xe7e01f38470136dE763d22e534e53C8BCdbA3f39,0xb5FFE35051b62DfE687aaB959625a29bEd54575a,0x4154550f4Db74Dc38d1FE98e1F3F28ed6daD627d,0xA61BeB4A3d02decb01039e378237032B351125B4,0x940181a94A35A4569E4529A3CDfB74e38FD98631,18,18,18,16273907151916003767,16449148879073051634,16.273907151916003,16.44914887907305,32723056030989055401,0,4786867687209032544,4.786867687209033,0.0,0,0,0,nan,0
vAMM-USDC/EMT,2.4094505873889647e-06,0x68426A1D8ab4AC250ae5E2DA0b9d684594c83BB0,0x8b02968e7FaF61d251b6B9c06c375E5f0c69b7CB,0x833589fCD6eDb6E08f4c7C32D4f71b54bdA02913,0xe2c86869216aC578bd62a4b8313770d9EE359A05,0x940181a94A35A4569E4529A3CDfB74e38FD98631,18,6,18,1966395880,301916663625587428556637,1966.39588,301916.6636255874,301916663625589394952517,0,22787657074875208353,22.78765707487521,0.0,0,0,0,nan,0
vAMM-USDz/WETH,5.835921511787187e-05,0x2ce63497999F520CC2afaaadbCFC37Afd9deF4b0,0xc15B32d92E265832c87EC4b36B7e598ae2daad42,0x04D5ddf5f3a8939889F11E97f8c4BB48317F1938,0x4200000000000000000000000000000000000006,0x940181a94A35A4569E4529A3CDfB74e38FD98631,18,18,18,0,0,0.0,0.0,0,4295072787419,551939013908589559975,551.9390139085896,3.142137887028315e-21,1.7342684869312275,0,1.7342684869312275,318.25465207249465,1769040000
vAMM-FUSE/WETH,1.1597101385984707e-05,0xc238f8Eaa625BAC4014FfD0E702a4B9a9d12019e,0x51Df914e8ae011028041132b6c65792c94ab9c9c,0x01facC69EC7360640AA5898E852326752801674A,0x4200000000000000000000000000000000000006,0x940181a94A35A4569E4529A3CDfB74e38FD98631,18,18,18,9714428763763002307812,29378533934086071,9714.428763763002,0.02937853393408607,9714458142296936393883,0,109680925116111319581,109.68092511611133,0.0,0,0,0,nan,0
vAMM-ION/WETH,0.001436387319468954,0x0FAc819628a7F612AbAc1CaD939768058cc0170c,0x9b42e5F8c45222b2715F804968251c747c588fd7,0x3eE5e23eEE121094f1cFc0Ccc79d6C809Ebd22e5,0x4200000000000000000000000000000000000006,0x940181a94A35A4569E4529A3CDfB74e38FD98631,18,18,18,3348906708698127527011,206778760938,3348.9067086981277,2.06778760938e-07,3348906708904906287949,105714034631648,13584798889039733859744,13584.798889039734,6.392150987654919e-22,8.683608563566878,0,8.683608563566878,1564.4186157856525,1769040000
vAMM-bsdETH/eUSD,7.121096462272439e-09,0xe593Cb44256A78E4C280CC491C201cF60e849135,0x66C48B791ffFc09f235814Ba783CbD6B8E5d72c9,0xCb327b99fF831bF8223cCEd12B1338FF3aA322Ff,0xCfA3Ef56d303AE4fAabA0592388F19d7C3399FB4,0x940181a94A35A4569E4529A3CDfB74e38FD98631,18,18,18,103275496122568,54017455717510557,0.000103275496122568,0.05401745571751056,54120731213633125,0,67348591844425798,0.0673485918444258,0.0,0,0,0,nan,0
sAMM-USDz/DOLA,5.8967286062757866e-05,0xcEa8ef6ce6235F2C2CdD13C9E8a3ED470725a638,0x528aD6E380E7B3B9D7eE3a492a52c4D3AC8f5958,0x04D5ddf5f3a8939889F11E97f8c4BB48317F1938,0x4621b7A9c75199271F773Ebd9A499dbd165c3191,0x940181a94A35A4569E4529A3CDfB74e38FD98631,18,18,18,0,0,0.0,0.0,0,4339825085114,557689915064970246936,557.6899150649703,5.574192511296408e-21,3.108670948180687,0,3.108670948180687,179.39818152556535,1769040000
vAMM-ZUN/USDC,3.0406581236755513e-06,0x80326ED67271fB298D674c43AEF3BC437B801B0e,0xf1AE7589f6fA9345f39370Fa50CE0bFeABe2B9bf,0x1db0Fc8933f545648b54A9eE4326209a9A259643,0x833589fCD6eDb6E08f4c7C32D4f71b54bdA02913,0x940181a94A35A4569E4529A3CDfB74e38FD98631,18,18,6,24489898066866351635856,33396542,24489.89806686635,33.396542,24489898066866385032398,0,28757375215292741433,28.75737521529274,0.0,0,0,0,nan,0
vAMM-HBR/AERO,4.0757778708314596e-05,0xCCa6105c83C59C600aab47589466BC36288D2377,0xdFE422acDA41b39683403068F2d3A4610ff87Bf9,0x416bd43Bc76D496ff49923c20eCaf86b52Ab078d,0x940181a94A35A4569E4529A3CDfB74e38FD98631,0x940181a94A35A4569E4529A3CDfB74e38FD98631,18,18,18,18432922760834597474,200739942153872850,18.432922760834597,0.20073994215387286,18633662702988470324,0,385471397172416174113,385.4713971724162,0.0,0,0,0,nan,0
vAMM-BTCB/WETH,2.107589060508015e-06,0xb22c77a609097187a7e084754E1a557B5116D3bE,0xDA14cBF0bD19fA531Fe0A6fFA8370795e7004999,0x0c41F1FC9022FEB69aF6dc666aBfE73C9FFDA7ce,0x4200000000000000000000000000000000000006,0x940181a94A35A4569E4529A3CDfB74e38FD98631,18,18,18,86303920718514003261,7176456806471711,86.30392071851401,0.007176456806471711,86311097175320474972,0,19932766837796084346,19.932766837796084,0.0,0,0,0,nan,0
vAMM-USDz/sUSDz,5.552481069755161e-05,0x7818B53F423457151407103321d8F961773815D1,0xc4021e049F13e137Cd1D40e7Ddb2173C7F8F02a3,0x04D5ddf5f3a8939889F11E97f8c4BB48317F1938,0xe31eE12bDFDD0573D634124611e85338e2cBF0cF,0x940181a94A35A4569E4529A3CDfB74e38FD98631,18,18,18,0,0,0.0,0.0,0,4086468657469,525132306902507419533,525.1323069025074,8.35836298863825e-21,4.38924643815214,0,4.38924643815214,119.6406522855405,1769040000
vAMM-WETH/MOZ,4.0959194736256565e-06,0xA32ECde2C559C462610eD35740CC2B9642133c9B,0x68dBA60bEef5fDd4663588950A196FcCC8B7a166,0x4200000000000000000000000000000000000006,0xC227717ef4Ae4D982E14789eB33bA942243c3FEe,0x940181a94A35A4569E4529A3CDfB74e38FD98631,18,18,18,115010125007954804,1542954875418119401169310,0.11501012500795481,1542954.8754181194,1542954990428244409124114,0,38737631250794872311,38.73763125079487,0.0,0,0,0,nan,0
vAMM-ZRO/AERO,4.5068174731485135e-07,0x04c7d6172aEf0FF6fA09D21eb929a45a41C8c13e,0x6bA7c122CaEbA0cE6334e72326a5B4568571982b,0x6985884C4392D348587B19cb9eAAf157F13271cd,0x940181a94A35A4569E4529A3CDfB74e38FD98631,0x940181a94A35A4569E4529A3CDfB74e38FD98631,18,18,18,3634527801895604298,12068141410205376042,3.6345278018956044,12.068141410205376,15702669212100980340,0,4262374651494972008,4.262374651494972,0.0,0,0,0,nan,0
vAMM-WETH/MIGGLES,1.0513742049367302e-07,0x27e13dfA957231A606ab7F535b34275865a66f44,0x1752286215B2b34D645515a32a23d2BD48920c37,0x4200000000000000000000000000000000000006,0xB1a03EdA10342529bBF8EB700a06C60441fEf25d,0x940181a94A35A4569E4529A3CDfB74e38FD98631,18,18,18,3529858265349191,915539994744329693393,0.003529858265349191,915.5399947443296,915543524602595042584,0,994349291280988092,0.994349291280988,0.0,0,0,0,nan,0
vAMM-AERO/L2VE,0.0003922533224963352,0xFC13b664e814098F08F10bA0fb23b1Bb916F344e,0x9B49ca7C6C41f01971e2453078a357415Cb3Adda,0x940181a94A35A4569E4529A3CDfB74e38FD98631,0xA19328fb05ce6FD204D16c2a2A98F7CF434c12F4,0x940181a94A35A4569E4529A3CDfB74e38FD98631,18,18,18,29803854123874308042,642515544459355061164419,29.80385412387431,642515.5444593551,642545348313478935472461,0,3709781078853037928889,3709.781078853038,0.0,0,0,0,nan,0
vAMM-WETH/sUSDz,2.7812487021105463e-06,0x5346a22ee56d200971eC63F98c83e233bd07648d,0xA28731068548A4FC77A5942E23037697D80FDE9F,0x4200000000000000000000000000000000000006,0xe31eE12bDFDD0573D634124611e85338e2cBF0cF,0x940181a94A35A4569E4529A3CDfB74e38FD98631,18,18,18,60524712495289089,177390629847106759500,0.06052471249528909,177.39062984710677,177451154559602048589,0,26303980664869124722,26.303980664869126,0.0,0,0,0,nan,0
vAMM-JOJO/WETH,1.1291446375857402e-08,0xaC8caC537EFc414C5A2f10D03BCCb13d70cE1de4,0xCeA71355737c796f4d03334fAD8Ca9013E69D345,0x0645bC5cDff2376089323Ac20Df4119e48e4BCc4,0x4200000000000000000000000000000000000006,0x940181a94A35A4569E4529A3CDfB74e38FD98631,18,18,18,7635934557302518777629,6024656750504445,7635.934557302518,0.006024656750504445,7635940581959269282074,0,106790157573313764,0.10679015757331375,0.0,0,0,0,nan,0
vAMM-WETH/PDT,0.0023886888780273265,0x04e5A1c883Dafd1eAE6b11BD6d3Eb784D90ce515,0x9EedfC62b0B6C3Ede0887B6E1178305543f8C650,0x4200000000000000000000000000000000000006,0xeff2A458E464b07088bDB441C21A42AB4b61e07E,0x940181a94A35A4569E4529A3CDfB74e38FD98631,18,18,18,0,0,0.0,0.0,0,175802229088343,22591300811875879664806,22591.30081187588,1.0638230912432456e-20,240.33147464895845,0,240.33147464895845,94.00059166147086,1769040000
vAMM-AERO/PRIME,6.154302019001518e-09,0xc0f9A9a1c8354f3D00B540b4a272ac0151255854,0xEeFCB46D600f084dFdF69c33e269deE52e956341,0x940181a94A35A4569E4529A3CDfB74e38FD98631,0xfA980cEd6895AC314E7dE34Ef1bFAE90a5AdD21b,0x940181a94A35A4569E4529A3CDfB74e38FD98631,18,18,18,81299907368172589294,25507046993833866982,81.29990736817258,25.507046993833868,106806954362006456276,0,58205021791376129,0.05820502179137613,0.0,0,0,0,nan,0
vAMM-USDC/sUSDz,2.056232252378227e-06,0x081064f90247b52914c6c04A3C053543705887D3,0xB1A5FA12346926547CFa90BF3A561a3629FcF742,0x833589fCD6eDb6E08f4c7C32D4f71b54bdA02913,0xe31eE12bDFDD0573D634124611e85338e2cBF0cF,0x940181a94A35A4569E4529A3CDfB74e38FD98631,18,6,18,99,17666860344713942,9.9e-05,0.01766686034471394,17666860344714041,0,19447053896328388316,19.447053896328388,0.0,0,0,0,nan,0
vAMM-AERO/MIGGLES,4.4128001234282494e-05,0xD2b0960C6bBAA4dC6d00470ba283B34D2CC97b00,0xa15a735782145B87A741454A108D25Ea45b80166,0x940181a94A35A4569E4529A3CDfB74e38FD98631,0xB1a03EdA10342529bBF8EB700a06C60441fEf25d,0x940181a94A35A4569E4529A3CDfB74e38FD98631,18,18,18,49003682070455023081,1039161452993089285628,49.00368207045502,1039.1614529930894,1088165135063544308709,0,417345665766984457355,417.34566576698444,0.0,0,0,0,nan,0
vAMM-WETH/MOXIE,0.00023245936719571453,0xc02Dc3a9b6eaD739C56CDEa716D8fEC4Ffe4C799,0xEa2c1c05C17Eed888D0027F17EE23637dfF66FEb,0x4200000000000000000000000000000000000006,0x8C9037D1Ef5c6D1f6816278C7AAF5491d24CD527,0x940181a94A35A4569E4529A3CDfB74e38FD98631,18,18,18,0,0,0.0,0.0,0,17108520180375,2198511300137857751610,2198.5113001378577,3.5464010031937174e-21,7.796802680341623,0,7.796802680341623,281.9760086632753,1769040000
vAMM-YFI/wstETH,0.05883574677511675,0x1524a14C55f097bb54F0b24383f3ae3e3743804A,0x8b87e30B3ad8BD645c3f83aea6E1156525081084,0x9EaF8C1E34F05a589EDa6BAfdF391Cf6Ad3CB239,0xc1CBa3fCea344f92D9239c08C0568f6F2F0ee452,0x940181a94A35A4569E4529A3CDfB74e38FD98631,18,18,18,0,0,0.0,0.0,0,4348539288925926,556445867067336322297969,556445.8670673363,1.5265528873082216e-21,849.4440450023692,0,849.4440450023692,655.0706551433701,1769040000
vAMM-WETH/TIMI,3.4025925204042704e-06,0xAcb7907c232907934B2578315dFcFa1bA60E87Af,0xe3f0820BAd87cF3bf736429a3C54a3aC78fEdFFf,0x4200000000000000000000000000000000000006,0x9bEec80e62aA257cED8b0edD8692f79EE8783777,0x940181a94A35A4569E4529A3CDfB74e38FD98631,18,18,18,2377129963527774,24665500465586075554721,0.002377129963527774,24665.500465586076,24665502842716039082495,0,32180411553711097197,32.180411553711096,0.0,0,0,0,nan,0
vAMM-EURC/USDC,5.268920011215607e-08,0xFDF5139b38525627B47538536042A7c8d2686BD9,0x1f077baf21b95314bD251b21aD1f0Cc8D5D86781,0x60a3E35Cc302bFA44Cb288Bc5a4F316Fdb1adb42,0x833589fCD6eDb6E08f4c7C32D4f71b54bdA02913,0x940181a94A35A4569E4529A3CDfB74e38FD98631,18,6,6,37338394,120773374,37.338394,120.773374,158111768,0,498314192450987272,0.49831419245098724,0.0,0,0,0,nan,0
vAMM-WETH/EURC,0.0014797868246517192,0x9DFf4b5AE4fD673213502Ab8fbf6d36015efb3E1,0x21D4eF9D2b66069f3307765A0349526f8E988294,0x4200000000000000000000000000000000000006,0x60a3E35Cc302bFA44Cb288Bc5a4F316Fdb1adb42,0x940181a94A35A4569E4529A3CDfB74e38FD98631,18,18,6,0,0,0.0,0.0,0,108909195863430,13995254719302614394940,13995.254719302615,1.0163670738341712e-21,14.224316086621474,0,14.224316086621474,983.8964934465777,1769040000
vAMM-OGN/OETHb,0.012454187218085964,0x6FB655476fDCFB9712dD200308D941A1c6D1119e,0x147587251C3A4f8C907eDbC0e5A5eA953bdA743d,0x7002458B1DF59EccB57387bC79fFc7C29E22e6f7,0xDBFeFD2e8460a6Ee4955A68582F85708BAEA60A3,0x940181a94A35A4569E4529A3CDfB74e38FD98631,18,18,18,0,0,0.0,0.0,0,916612391763205,117786913314367981647332,117786.91331436798,1.668138954342865e-21,196.4849384115035,0,196.4849384115035,599.4704442316275,1769040000
vAMM-TKN/USD+,1.9877200656362073e-05,0x8f72e491E293ecB223E77123A046521d6d7cAd49,0x668584C6Db676352d50052bF303CC5041C70528f,0x78b3C724A2F663D11373C4a1978689271895256f,0xB79DD08EA68A908A97220C76d19A6aA9cBDE4376,0x940181a94A35A4569E4529A3CDfB74e38FD98631,18,18,6,0,0,0.0,0.0,0,1462936771073,187990919812351996682,187.990919812352,1.427620270195079e-20,2.6837964773673133,0,2.6837964773673133,70.04663781240329,1769040000
vAMM-MODE/WETH,0.0013715766600986498,0x9Bf387B4cdb6BCDB2107981E0e7C16d71576A970,0x224e14Bc695DCDD23602d571dF2203Cf2B515fcF,0x084382D1cc4f4DFD1769b1cC1Ac2A9b1f8365e90,0x4200000000000000000000000000000000000006,0x940181a94A35A4569E4529A3CDfB74e38FD98631,18,18,18,762941698258993980546,38408043390,762.9416982589939,3.840804339e-08,762941698297402023936,100946444182900,12971844596365283960059,12971.844596365283,5.750431723193704e-21,74.59370667527776,0,74.59370667527776,173.89998666823834,1769040000
vAMM-COMP/sFRAX,4.223148662875691e-08,0xe253155a71707AAE3b604f6E71Fa2B3F14927949,0xBFe0639305a781459dE0C343f32F82c0D6AB4597,0x9e1028F5F1D5eDE59748FFceE5532509976840E0,0xe4796cCB6bB5DE2290C417Ac337F2b66CA2E770E,0x940181a94A35A4569E4529A3CDfB74e38FD98631,18,18,18,32350216550347393,1519752720866166670,0.032350216550347394,1.5197527208661668,1552102937416514063,0,399409159953415543,0.3994091599534155,0.0,0,0,0,nan,0
vAMM-WETH/uSOL,1.8737462764510784e-06,0x80BEDFB71d9f447AA82184D1BEA40b33c161906e,0x2cc038D9579b88190f03f74e946477CA0434EeC5,0x4200000000000000000000000000000000000006,0x9B8Df6E244526ab5F6e6400d331DB28C8fdDdb55,0x940181a94A35A4569E4529A3CDfB74e38FD98631,18,18,18,2084349960427765,59888036404542940,0.002084349960427765,0.05988803640454294,61972386364970705,0,17721171712992919020,17.72117171299292,0.0,0,0,0,nan,0
sAMM-weETH/cbETH,8.658831835374242e-06,0x24Be4F7A32E5d131B30370BC53E93661e09E7dAB,0x284F8F51e047beF175680AC4D69C5C196C62c84a,0x04C0599Ae5A44757c0af6F9eC3b93da8976c150A,0x2Ae3F1Ec7F1F5012CFEab0185bfc7aa3cf0DEc22,0x940181a94A35A4569E4529A3CDfB74e38FD98631,18,18,18,3045648684441594,2974591183473011,0.003045648684441594,0.002974591183473011,6020239867914605,0,81891901650219421465,81.89190165021942,0.0,0,0,0,nan,0
vAMM-MODE/ION,4.373392925131165e-08,0x9E9F21e7812Bb0B47561bf619b275D91D3411721,0x7939EF558975FE95149f1613d90aFE5D22d64714,0x084382D1cc4f4DFD1769b1cC1Ac2A9b1f8365e90,0x3eE5e23eEE121094f1cFc0Ccc79d6C809Ebd22e5,0x940181a94A35A4569E4529A3CDfB74e38FD98631,18,18,18,46146071,57981681,4.6146071e-11,5.7981681e-11,104127752,0,413618684496749408,0.41361868449674943,0.0,0,0,0,nan,0
vAMM-WIF/WETH,1.064156566352478e-08,0x0aCBE7A8486e77a0476142b54024BF487e5630B7,0x09e834dfa12d94C6366FBCc95C3523CFA77179B2,0x1fba65dE0a9cBD2D1DF82d141897042d36Bb6c86,0x4200000000000000000000000000000000000006,0x940181a94A35A4569E4529A3CDfB74e38FD98631,18,18,18,654672634766163705,115081190884070,0.6546726347661637,0.00011508119088407,654787715957047775,0,100643835714827466,0.10064383571482748,0.0,0,0,0,nan,0
vAMM-WETH/RECORD,0.03991643508644476,0x0AA3E62f4d97C404012352E881a2D0f2712c24A2,0x8351616F224a035Aa5ee6b9f74A68659701af3e9,0x4200000000000000000000000000000000000006,0xE642657E4F43e6DcF0bd73Ef24008394574Dee28,0x940181a94A35A4569E4529A3CDfB74e38FD98631,18,18,18,0,0,0.0,0.0,0,2944548652844717,377514292744688749096814,377514.29274468875,2.340261530060514e-22,88.3482176358398,0,88.3482176358398,4273.026698747393,1769040000
vAMM-EURC/APX,1.3096836801433114e-08,0x642849BC08552c0F38628d4DD2058756A7aC78F9,0xF4Be61A42fd3e1e211c88A8EEF180019A8C46486,0x60a3E35Cc302bFA44Cb288Bc5a4F316Fdb1adb42,0xcacf1ca03983CE6c7E235fb20C70aCC70ed13509,0x940181a94A35A4569E4529A3CDfB74e38FD98631,18,6,18,146352,17469615772202373736420,0.146352,17469.615772202375,17469615772202373882772,0,123864845935719615,0.12386484593571961,0.0,0,0,0,nan,0
vAMM-WETH/PEGG,0.0002476385505811897,0x887de0c0AA6C1d5e781B17867b29734f84Dc1372,0x43dA0491ddb804A0437D4a7dFAeE1fEE1B41a856,0x4200000000000000000000000000000000000006,0x82B0E1A2374EA0198f62A48B14FFaB53DB6C1E36,0x940181a94A35A4569E4529A3CDfB74e38FD98631,18,18,18,0,0,0.0,0.0,0,18280824770843,2342070179276229685072,2342.0701792762297,1.6164876244698322e-20,37.859274604398664,0,37.859274604398664,61.86252123816755,1769040000
vAMM-PEGG/AERO,2.9009950032603873e-06,0x3225b7a01F8f3e68D89292141E22F1C6829e08CD,0xC601B888DB7f9F1792c332C538736B8dd03c3279,0x82B0E1A2374EA0198f62A48B14FFaB53DB6C1E36,0x940181a94A35A4569E4529A3CDfB74e38FD98631,0x940181a94A35A4569E4529A3CDfB74e38FD98631,18,18,18,0,0,0.0,0.0,0,213517137153,27436495131390864502,27.436495131390867,1.444676966847991e-20,0.3963687256735743,0,0.3963687256735743,69.21962645959594,1769040000
vAMM-WETH/LRDS,0.3567846697992954,0x14f7Ce67e16c435C876AFF4092eb547584121312,0x2BED28EDa5B8902FF20256ac001aa6A4bEb1cEc2,0x4200000000000000000000000000000000000006,0xB676f87A6E701f0DE8De5Ab91B56b66109766DB1,0x940181a94A35A4569E4529A3CDfB74e38FD98631,18,18,18,1177278869211728,4077182810232493695,0.001177278869211728,4.077182810232494,4078360089101705423,26237792695655647,3374332201503841427314094,3374332.201503841,2.4031512484212366e-22,810.9030642631935,0,810.9030642631935,4161.202923273995,1769040000
vAMM-APX/cbBTC,0.00018138975904078417,0xAA342cCCdc06A1adFF2b41ae046E214c9B197Bb5,0xD3756Dc2545ddBfa4798c9A75062e8491658b482,0xcacf1ca03983CE6c7E235fb20C70aCC70ed13509,0xcbB7C0000aB88B473b1f5aFd9ef808440eed33Bf,0x940181a94A35A4569E4529A3CDfB74e38FD98631,18,18,8,71556755235285396505256,1373,71556.7552352854,1.373e-05,71556755235285396506629,0,1715514585586460816080,1715.5145855864607,0.0,0,0,0,nan,0
vAMM-USDC/cbBTC,0.0032330494166717266,0x9c38b55f9A9Aba91BbCEDEb12bf4428f47A6a0B8,0xEDC76895e053A9bbAC456B5a9c5B49144eee0080,0x833589fCD6eDb6E08f4c7C32D4f71b54bdA02913,0xcbB7C0000aB88B473b1f5aFd9ef808440eed33Bf,0x940181a94A35A4569E4529A3CDfB74e38FD98631,18,6,8,1502318,0,1.502318,0.0,1502318,237957120541631,30576938078268751018064,30576.93807826875,2.761046569931114e-21,84.42435,0,84.42435,362.1815042492924,1769040000
vAMM-VIRTUAL/cbBTC,0.15974362244008633,0xb909F567c5c2Bb1A4271349708CC4637D7318b4A,0x8c44e7F913D0893Cd5A3CBBb2fCd59785a7801ab,0x0b3e328455c4059EEb9e3f84b5543F74E24e7E1b,0xcbB7C0000aB88B473b1f5aFd9ef808440eed33Bf,0x940181a94A35A4569E4529A3CDfB74e38FD98631,18,18,8,20071411671330200237,39118,20.0714116713302,0.00039118,20071411671330239355,11752286598239639,1510793749876299695722936,1510793.7498762996,2.006355706552198e-21,3031.1896614877082,0,3031.1896614877082,498.41610674232834,1769040000
vAMM-fBOMB/cbBTC,0.0003260243549803395,0x3d36Cf85a0c275cF4894315a6c1D6C558D6d984C,0xA95EbEfbCB77Ae1daf0d2123784594F8ccE90274,0x74ccbe53F77b08632ce0CB91D3A545bF6B8E0979,0xcbB7C0000aB88B473b1f5aFd9ef808440eed33Bf,0x940181a94A35A4569E4529A3CDfB74e38FD98631,18,18,8,0,0,0.0,0.0,0,23996751805037,3083412973162591182840,3083.4129731625912,1.3315586292244434e-20,41.05745151877245,0,41.05745151877245,75.09996015589961,1769040000
vAMM-BRETT/cbBTC,2.8140076018128286e-07,0xeC394d416D2FD269a051627DBBF1934A37a5D04E,0xD0c22E9B6A86381368B0b33928f12aE31dc7020F,0x532f27101965dd16442E59d40670FaF5eBB142E4,0xcbB7C0000aB88B473b1f5aFd9ef808440eed33Bf,0x940181a94A35A4569E4529A3CDfB74e38FD98631,18,18,8,141714800166168351852,6288,141.71480016616835,6.288e-05,141714800166168358140,0,2661380174045913717,2.6613801740459135,0.0,0,0,0,nan,0
vAMM-WETH/cbBTC,0.030552275112709207,0x2578365B3dfA7FfE60108e181EFb79FeDdec2319,0xAFdEBa12B6a870d6639d043030b4b49F9C7c62BB,0x4200000000000000000000000000000000000006,0xcbB7C0000aB88B473b1f5aFd9ef808440eed33Bf,0x940181a94A35A4569E4529A3CDfB74e38FD98631,18,18,8,186227951795909,10649,0.000186227951795909,0.00010649,186227951806558,2165535282425479,288951668803519500139213,288951.6688035195,4.6353386975365495e-21,1339.3888521227184,0,1339.3888521227184,215.73396579012663,1769040000
vAMM-AERO/KLIMA,1.5225955825653666e-08,0xf597b0EE3D51Dab24c213199E02E1b7ab9d7B5e7,0x9C25C4681666fC54c45199F8bc51C736f95F27F0,0x940181a94A35A4569E4529A3CDfB74e38FD98631,0xDCEFd8C8fCc492630B943ABcaB3429F12Ea9Fea2,0x940181a94A35A4569E4529A3CDfB74e38FD98631,18,18,9,61930915534464480485,291721343805,61.93091553446448,291.721343805,61930915826185824290,0,144001234890725212,0.14400123489072522,0.0,0,0,0,nan,0
vAMM-cbBTC/KLIMA,8.650431383605672e-05,0x6CD89bc86E4a418f7f11e453384904B4493C4077,0xC913c26A4e8a79604fcd3d5a44560F5bE38aE32c,0xcbB7C0000aB88B473b1f5aFd9ef808440eed33Bf,0xDCEFd8C8fCc492630B943ABcaB3429F12Ea9Fea2,0x940181a94A35A4569E4529A3CDfB74e38FD98631,18,8,9,0,0,0.0,0.0,0,6367078156826,818124534078781427364,818.1245340787814,7.33127838881696e-22,0.5997898716052714,0,0.5997898716052714,1364.0185885252802,1769040000
vAMM-WELS/PEGG,0.00023820399323030465,0x6D7Da1A335daBcA718E4ee5357041C96550D7563,0x076C466b97b7C0DAFacFDf855de150EB0E5adb58,0x7F62ac1e974D65Fab4A81821CA6AF659A5F46298,0x82B0E1A2374EA0198f62A48B14FFaB53DB6C1E36,0x940181a94A35A4569E4529A3CDfB74e38FD98631,18,18,18,6383485257147898114787,151713611139874757764,6383.485257147898,151.71361113987476,6535198868287772872551,0,2252841764014064006911,2252.8417640140638,0.0,0,0,0,nan,0
sAMM-DOLA/zunUSD,1.392725513211299e-05,0x557c843afA9D8214534A2101D7B1200F1b0F6f6a,0x4C601a90a08A4660D439D8b22a11b739592263E3,0x4621b7A9c75199271F773Ebd9A499dbd165c3191,0xD5B9dDB04f20eA773C9b56607250149B26049B1F,0x940181a94A35A4569E4529A3CDfB74e38FD98631,18,18,18,3706183301102065677,9818514048666256390,3.7061833011020657,9.818514048666257,13524697349768322067,0,131718623160813013160,131.71862316081302,0.0,0,0,0,nan,0
sAMM-tBTC/cbBTC,0.002502703916519135,0x488d6ea6064eEE9352fdCDB7BC50d98A7fF3AD4E,0x80AAd55965d1eA36bAf15Ae6Ed798145ec65916F,0x236aa50979D5f3De3Bd1Eeb40E81137F22ab794b,0xcbB7C0000aB88B473b1f5aFd9ef808440eed33Bf,0x940181a94A35A4569E4529A3CDfB74e38FD98631,18,18,8,0,0,0.0,0.0,0,184209699358182,23669611200197861152996,23669.611200197858,1.0724579221099851e-22,2.538466204491543,0,2.538466204491543,9324.375151545066,1769040000
vAMM-DAI/OX,3.436992882115622e-07,0xaCC2c24D1e380De50eD04bE8d68F4E985a28bf2F,0x2D8aC6651a090E085E3638c166851eF9E5688540,0x50c5725949A6F0c72E6C4a641F24049A917DB0Cb,0xba0Dda8762C24dA9487f5FA026a9B64b695A07Ea,0x940181a94A35A4569E4529A3CDfB74e38FD98631,18,18,18,8579689158763570890,2715579371369081707793,8.579689158763571,2715.579371369082,2724159060527845278683,0,3250575694574067081,3.250575694574067,0.0,0,0,0,nan,0
vAMM-USDC/superOETHb,0.0007182933429440627,0x295e0F68384aC506b0C033592Eef9674da5e4f99,0x634639c606BE9877856Fd7A4eD215D7839133fc0,0x833589fCD6eDb6E08f4c7C32D4f71b54bdA02913,0xDBFeFD2e8460a6Ee4955A68582F85708BAEA60A3,0x940181a94A35A4569E4529A3CDfB74e38FD98631,18,6,18,0,0,0.0,0.0,0,52871262496702,6793342209981858101377,6793.342209981858,1.5153373787895331e-21,10.294205377694203,0,10.294205377694203,659.9190477296945,1769040000
vAMM-WETH/MOR,0.010259139926776809,0x1eB79B7111fC98BBcbe79dd8043c2C98bc5698bd,0xABB4aC5F627eb41440950043012BECF7E749d342,0x4200000000000000000000000000000000000006,0x7431aDa8a591C955a994a21710752EF9b882b8e3,0x940181a94A35A4569E4529A3CDfB74e38FD98631,18,18,18,1600327337341442,6792061689270997993,0.001600327337341442,6.792061689270998,6793662016608339435,757734428089890,97027000162676575503232,97027.00016267659,5.837832624567223e-21,566.4273870135626,0,566.4273870135626,171.29644926641475,1769040000
sAMM-jEUR/EURC,0.007541961176733443,0xC75799e0646470128a42D07335aB3BFa9E8Ee7C2,0x533eb2cEf740654D09764334Bd86E62F0a253d1a,0x4154550f4Db74Dc38d1FE98e1F3F28ed6daD627d,0x60a3E35Cc302bFA44Cb288Bc5a4F316Fdb1adb42,0x940181a94A35A4569E4529A3CDfB74e38FD98631,18,18,6,0,0,0.0,0.0,0,555139502589079,71328968465656073665015,71328.96846565607,1.600276098638998e-22,11.414604337616423,0,11.414604337616423,6248.921675768821,1769040000
vAMM-WETH/Silo,6.35778333011008e-05,0x57bd5C33c8002A634b389Ab4de5e09eC1C31Dce7,0x99c34f5E11d91BF19A40CE316C5fBEAb44259D23,0x4200000000000000000000000000000000000006,0xF734eFdE0C424BA2B547b186586dE417b0954802,0x940181a94A35A4569E4529A3CDfB74e38FD98631,18,18,18,81721504031126989,7804874892175643453669,0.08172150403112699,7804.874892175643,7804956613679674580658,0,601294697808709969488,601.29469780871,0.0,0,0,0,nan,0
vAMM-fBOMB/USX,9.531916874918279e-07,0x49d88e65ef336487a0A513ba0738b85fccaeCCb0,0xfBeD71d6F9b3Fab9dd408C0D0183f1c8937AB53b,0x74ccbe53F77b08632ce0CB91D3A545bF6B8E0979,0xc142171B138DB17a1B7Cb999C44526094a4dae05,0x940181a94A35A4569E4529A3CDfB74e38FD98631,18,18,18,3812368235314859203,60203870121188416,3.8123682353148594,0.06020387012118841,3872572105436047619,0,9014920419979920279,9.014920419979921,0.0,0,0,0,nan,0
vAMM-WMTX/WETH,0.024574145515839106,0x1DDa8b6469df243971381f1f3F4137814ca68722,0xf2470b185647d1Fd0F432C223Ab0e80e0b23dCD3,0x3e31966d4f81C72D2a55310A6365A56A4393E98D,0x4200000000000000000000000000000000000006,0x940181a94A35A4569E4529A3CDfB74e38FD98631,18,6,18,0,0,0.0,0.0,0,1820674826618652,232412818031625189536752,232412.81803162518,1.7142163463016658e-21,398.4058517598464,0,398.4058517598464,583.3569386719762,1769040000
vAMM-JARVIS/wstETH,7.872636323783091e-11,0xa5061aa5eB2e8abCE384B36a855549e8D9C8cEd5,0xc498a9a90516Ca3aD2d096BbAFaD169E7583Aa04,0x777b2839832982B35213063d850848369390EE16,0xc1CBa3fCea344f92D9239c08C0568f6F2F0ee452,0x940181a94A35A4569E4529A3CDfB74e38FD98631,18,18,18,49247211619042995,40440742626,0.049247211619042996,4.0440742626e-08,49247252059785621,0,744563668416971,0.000744563668416971,0.0,0,0,0,nan,0
vAMM-BOTTO/WETH,0.012453838917911289,0x55F618171d851d57906431ce9FEEe96Dc6f3877e,0xc6fC7E3838BCb2B0CC6da0251c4F32b8865Ed725,0x24914CB6BD01E6a0CF2a9c0478e33c25926e6a0c,0x4200000000000000000000000000000000000006,0x940181a94A35A4569E4529A3CDfB74e38FD98631,18,18,18,0,586600738092,0.0,5.86600738092e-07,586600738092,916688726632860,117783619225258561649925,117783.61922525858,5.224394818545528e-22,61.534812998998035,0,61.534812998998035,1914.0972968777273,1769040000
vAMM-cbBTC/TAROT,0.015112776127118656,0x2E26a29f782e51296d9D31f78D4883462a2d339d,0xD9f451A489d622E46E77b74dBD95A5616bca41e2,0xcbB7C0000aB88B473b1f5aFd9ef808440eed33Bf,0xF544251D25f3d243A36B07e7E7962a678f952691,0x940181a94A35A4569E4529A3CDfB74e38FD98631,18,8,18,0,0,0.0,0.0,0,1114193726474583,142930824826475473174516,142930.82482647547,1.8606882548763514e-22,26.594970701441213,0,26.594970701441213,5374.355415955764,1769040000
vAMM-BAVA/USDC,8.640463067185337e-07,0x2215Ae205C5F28af4103e77478D65AF1044559F6,0x73e01eC7c5b11dFDf9b140708AbB8e63f002F10f,0x3fbdE9864362CE4Abb244EbeF2EF0482ABA8eA39,0x833589fCD6eDb6E08f4c7C32D4f71b54bdA02913,0x940181a94A35A4569E4529A3CDfB74e38FD98631,18,18,6,101921500251763589651136,6342263,101921.50025176359,6.342263,101921500251763595993399,0,8171817690460003505,8.171817690460003,0.0,0,0,0,nan,0
vAMM-WETH/Neiro,3.503227708412311e-05,0xd661D3D5ad3D3DEB7E781f5C6823da8d3a3B0CE8,0xF8a98eaA0c0033DE1Fb0D9580e16A2b7343F439e,0x4200000000000000000000000000000000000006,0x5Ca35eBC4f25B042d2cAE75914c7e882E631fA9A,0x940181a94A35A4569E4529A3CDfB74e38FD98631,18,18,9,0,0,0.0,0.0,0,2578156175017,331321804615258602154,331.3218046152586,1.2580297470903947e-22,0.04168126860656669,0,0.04168126860656669,7948.937632936162,1769040000
vAMM-ICL/WETH,5.323182854137371e-08,0xf8128cB2d1e3Eb8598BF8c5B4935893f92d9ea28,0xCFD3fEd4DC3D467772d1A4B6CE87B09aE0B75282,0x12c26138b666360AB2B7A1B149dF9Cf6642CDfBf,0x4200000000000000000000000000000000000006,0x940181a94A35A4569E4529A3CDfB74e38FD98631,18,18,18,30539113443287400183297,5423021028890663,30539.1134432874,0.005423021028890663,30539118866308429073960,0,503446163460813855,0.5034461634608138,0.0,0,0,0,nan,0
vAMM-USDC/TIMI,2.0814008032066617e-05,0x029A7f478D7e2539615c69472E2027E1f37034C4,0xA2B3DddCBa94c47A0A257C41ab6Ed75BaE68a634,0x833589fCD6eDb6E08f4c7C32D4f71b54bdA02913,0x9bEec80e62aA257cED8b0edD8692f79EE8783777,0x940181a94A35A4569E4529A3CDfB74e38FD98631,18,6,18,4241753,5263746998487306617060,4.241753,5263.746998487307,5263746998487310858813,0,196850883712214580785,196.85088371221457,0.0,0,0,0,nan,0
vAMM-USDC/CARV,4.7187652137634056e-05,0xbe54ED1762172820d088aa676a8E2947AeEB10b0,0xCe3Dff721ef6E293664da2Bb4Dcbca563aa43055,0x833589fCD6eDb6E08f4c7C32D4f71b54bdA02913,0xc08Cd26474722cE93F4D0c34D16201461c10AA8C,0x940181a94A35A4569E4529A3CDfB74e38FD98631,18,6,18,6012757,20858456935045427660,6.012757,20.858456935045428,20858456935051440417,0,446282667388571175326,446.28266738857116,0.0,0,0,0,nan,0
vAMM-WETH/TALENT,4.027597003055593e-08,0x53C1d63A83506623B866e880546FF87885b2120E,0x2b3197894d2D8D0355e344bda8Ece023a82C6251,0x4200000000000000000000000000000000000006,0x9a33406165f562E16C3abD82fd1185482E01b49a,0x940181a94A35A4569E4529A3CDfB74e38FD98631,18,18,18,3053926549217865,142695121673392468324,0.003053926549217865,142.69512167339246,142698175599941686189,0,380914635982986203,0.3809146359829862,0.0,0,0,0,nan,0
vAMM-WETH/VRTX,3.1313543292188306e-06,0xe20eEb487186EC2e9272B9D2B5732d31e115d3e3,0x30cf555B45c81CEc2e5770CCE484De79f37e6eA6,0x4200000000000000000000000000000000000006,0xFB0c734Fc3008683c5efF45bcf8128836C4D97D0,0x940181a94A35A4569E4529A3CDfB74e38FD98631,18,18,18,3302942009817938,20968001560458936318462,0.003302942009817938,20968.001560458935,20968004863400946136400,0,29615145049100502613,29.6151450491005,0.0,0,0,0,nan,0
vAMM-WETH/YFI,1.4184143774381098e-05,0xA5B1C80B6ddC11e751e405d9374265055762F66e,0x3DcB77970F4f6b6dCa82e845AAb2e2128fc280D6,0x4200000000000000000000000000000000000006,0x9EaF8C1E34F05a589EDa6BAfdF391Cf6Ad3CB239,0x940181a94A35A4569E4529A3CDfB74e38FD98631,18,18,18,0,0,0.0,0.0,0,1044089734204,134148177150039907607,134.1481771500399,6.426185969666498e-21,0.8620611338579223,0,0.8620611338579223,155.61329919804632,1769040000
vAMM-WETH/SYRUP,0.0007385958120523358,0xFC42A013ebD8B160C35c6A0FE876DE4e42da262a,0x9b872778b8010F6Ebf9f230f13A7e97da09a762F,0x4200000000000000000000000000000000000006,0x688AEe022AA544f150678B8E5720b6b96a9E9a2F,0x940181a94A35A4569E4529A3CDfB74e38FD98631,18,18,18,0,0,0.0,0.0,0,54367873741361,6985355155270736529571,6985.355155270737,5.840112958754229e-21,40.79526316379729,0,40.79526316379729,171.22956474686285,1769040000
vAMM-WETH/AIXBT,6.831372831293762e-05,0xF3E7E359b75a7223BA9D71065C57DDd4F5D8747e,0x97de0E89a077be1B2479164a876A82589eD2D3a2,0x4200000000000000000000000000000000000006,0x4F9Fd6Be4a90f2620860d680c0d4d5Fb53d1A825,0x940181a94A35A4569E4529A3CDfB74e38FD98631,18,18,18,0,0,0.0,0.0,0,5028558374029,646084971590293761324,646.0849715902938,6.753617499572597e-21,4.363410770343072,0,4.363410770343072,148.06879425186355,1769040000
vAMM-fBOMB/USDC,0.0064793547627496305,0xFf8e0bD2d8F02904e7e18Dd00ea50aeC68f37A10,0x0254263E74061b410Cbc33bf11fCe4A961ea8fE1,0x74ccbe53F77b08632ce0CB91D3A545bF6B8E0979,0x833589fCD6eDb6E08f4c7C32D4f71b54bdA02913,0x940181a94A35A4569E4529A3CDfB74e38FD98631,18,18,6,22244557152937470301,6535,22.24455715293747,0.006535,22244557152937476836,476960141502176,61279245639148076154931,61279.245639148074,1.396614823532259e-21,85.58350283450874,0,85.58350283450874,716.0170314323619,1769040000
vAMM-USDC/RECORD,1.48851974081588e-06,0x2508ec71d3E0f227D2AA3F190f055E288770Bb20,0xC27d16C68AD5C22Ff15d20117DA3a40b6A7e89cf,0x833589fCD6eDb6E08f4c7C32D4f71b54bdA02913,0xE642657E4F43e6DcF0bd73Ef24008394574Dee28,0x940181a94A35A4569E4529A3CDfB74e38FD98631,18,6,18,212073,223663215895465446467,0.212073,223.66321589546544,223663215895465658540,0,14077847282044555790,14.077847282044555,0.0,0,0,0,nan,0
vAMM-WETH/VIS,1.439615536398253e-05,0xDbdfAc0F9268EF02c34Ed58c9Fab3517a98444dc,0x018b51fe7a1B422447f069c360f5759f64E72dB6,0x4200000000000000000000000000000000000006,0xFc60AA1fFCA50Ce08b3cDeC9626c0Bb9E9b09BeC,0x940181a94A35A4569E4529A3CDfB74e38FD98631,18,18,18,247504388814850474,15701178580787502088079,0.24750438881485048,15701.178580787502,15701426085176316938553,0,136153301233108184956,136.15330123310818,0.0,0,0,0,nan,0
vAMM-EXTRA/cbBTC,0.004623412092448748,0x112aAB1af0393325Ae24ba4cF4555783574E16F7,0x0c807068a3b80B56Ae3547Dc1Cee72F6f0D550B6,0x2dAD3a13ef0C6366220f989157009e501e7938F8,0xcbB7C0000aB88B473b1f5aFd9ef808440eed33Bf,0x940181a94A35A4569E4529A3CDfB74e38FD98631,18,18,8,388871270289200815768,1277,388.8712702892008,1.277e-05,388871270289200817045,340339951520329,43726453586551696635316,43726.453586551695,2.0617998937324687e-22,9.015519735805,0,9.015519735805,4850.131203517058,1769040000
vAMM-HENLO/WETH,2.172511717792013e-07,0x9342001C286d21C7507694Cd52A9AA73C3d5ce56,0xeD34DbC85cb8D0dE1dFc53309B7837D8bda43Cba,0x23A96680Ccde03Bd4Bdd9a3e9a0Cb56A5D27F7c9,0x4200000000000000000000000000000000000006,0x940181a94A35A4569E4529A3CDfB74e38FD98631,18,18,18,282088461759148798528392190824773,40288544015601843299,282088461759148.8,40.28854401560184,282088461759189087072407792668072,0,2054678036366822742,2.0546780363668224,0.0,0,0,0,nan,0
vAMM-WETH/CHAMP,0.0076933994622045455,0x26029Ed89A19B919b5698F10cf776a4f4AEA1529,0xf2c38dE50A250C0060fB45eBE4504B67f6F1be3C,0x4200000000000000000000000000000000000006,0xEb6d78148F001F3aA2f588997c5E102E489Ad341,0x940181a94A35A4569E4529A3CDfB74e38FD98631,18,18,18,2353745894251824,6975023786533242939251,0.002353745894251824,6975.023786533243,6975026140279137191075,566329804125162,72761213532388157747687,72761.21353238815,6.798482014237894e-22,49.466580153406376,0,49.466580153406376,1470.9165927124973,1769040000
vAMM-USDC/G,0.0003040483060353599,0x637E0567eDD057f865Afb4602F3B961909E09774,0x509C953cDC289C476EA19f124c3E5804d479a1fb,0x833589fCD6eDb6E08f4c7C32D4f71b54bdA02913,0x9C7BEBa8F6eF6643aBd725e45a4E8387eF260649,0x940181a94A35A4569E4529A3CDfB74e38FD98631,18,6,18,753435,82007169629135710067,0.753435,82.00716962913572,82007169629136463502,0,2875571953371623376189,2875.5719533716233,0.0,0,0,0,nan,0
vAMM-USDC/MCADE,0.0003363719472862216,0x1c3FCeA97a3161434901097878faF90227cD3394,0x918A82Cc55E919087944849812C44D07a7f2d5aD,0x833589fCD6eDb6E08f4c7C32D4f71b54bdA02913,0xc48823EC67720a04A9DFD8c7d109b2C3D6622094,0x940181a94A35A4569E4529A3CDfB74e38FD98631,18,6,18,0,0,0.0,0.0,0,24762070765995,3181276521911513210120,3181.276521911513,2.6503488266717307e-21,8.431492497166504,0,8.431492497166504,377.30882438436805,1769040000
vAMM-WETH/DOGE,0.001134135307410547,0x43Cdb48293FbDF1FA1dc56965AC97e0df211D7e8,0xE737086945b0288D09Dd18dCeE8C82971A0a0e04,0x4200000000000000000000000000000000000006,0x67f0870BB897F5E1c369976b4A2962d527B9562c,0x940181a94A35A4569E4529A3CDfB74e38FD98631,18,18,18,0,0,0.0,0.0,0,83489538788493,10726215593317580945133,10726.215593317582,4.106355886648263e-21,44.04565854307805,0,44.04565854307805,243.52492273051163,1769040000
vAMM-wXCH/cbBTC,3.063408061329455e-08,0x3C5512cE278640F9Dea87a9217d49dEcc79951D6,0x116b2bC100CBA7A4BF7b4A2b061a6651D9Cc71bf,0x36be1d329444aeF5D28df3662Ec5B4F965Cd93E9,0xcbB7C0000aB88B473b1f5aFd9ef808440eed33Bf,0x940181a94A35A4569E4529A3CDfB74e38FD98631,18,18,8,9966975688227928,65,0.009966975688227927,6.5e-07,9966975688227993,0,289725353768853210,0.28972535376885317,0.0,0,0,0,nan,0
vAMM-WETH/FAI,0.00012658819468068457,0x5447F7FE76894d98753A0A6d69B9cb840037c13D,0xC8A601c97574088a50A63fca15aF9448fd36579A,0x4200000000000000000000000000000000000006,0xb33Ff54b9F7242EF1593d2C9Bcd8f9df46c77935,0x940181a94A35A4569E4529A3CDfB74e38FD98631,18,18,18,198456907586,37495071572301664911460,1.98456907586e-07,37495.07157230166,37495071572500121819046,9318808717884,1197222464411263082833,1197.222464411263,8.68123353781971e-21,10.393367810278221,0,10.393367810278221,115.1910031729373,1769040000
vAMM-fBOMB/uSOL,1.396542612920172e-07,0xCDD9bc6a949d18868254372f505E2829B6A0dCa0,0xe849F5aFF4654012F025F93bD6A8357d3c549e65,0x74ccbe53F77b08632ce0CB91D3A545bF6B8E0979,0x9B8Df6E244526ab5F6e6400d331DB28C8fdDdb55,0x940181a94A35A4569E4529A3CDfB74e38FD98631,18,18,18,750656431652492919,83497957754799,0.750656431652493,8.3497957754799e-05,750739929610247718,0,1320796297722026642,1.3207962977220267,0.0,0,0,0,nan,0
vAMM-WETH/COOKIE,1.8210298121652795e-05,0xeD445A77E75F18B04818d940d0E490C15C6072B7,0x6cf5A745dd93e1Bf18f5893409b1B1DaCBe7cc11,0x4200000000000000000000000000000000000006,0xC0041EF357B183448B235a8Ea73Ce4E4eC8c265F,0x940181a94A35A4569E4529A3CDfB74e38FD98631,18,18,18,0,0,0.0,0.0,0,1340553795867,172225996664723527322,172.22599666472354,5.760469952976632e-21,0.9921026789085936,0,0.9921026789085936,173.59694749961602,1769040000
vAMM-INTX/USDC,8.68819684341826e-06,0xA3fCbeF28465ddBAE92F5Bf6EF2D22a6C23ea160,0x5A303807a8EC667Be61f500bF09A8ACCF1B58303,0x7D27187eb33a7B1d99258FF222633670F84fa342,0x833589fCD6eDb6E08f4c7C32D4f71b54bdA02913,0x940181a94A35A4569E4529A3CDfB74e38FD98631,18,18,6,1774627803588232280078,100713969,1774.6278035882324,100.713969,1774627803588332994047,0,82169624603663825649,82.16962460366382,0.0,0,0,0,nan,0
vAMM-AIXBT/AERO,2.349179655136107e-06,0xEdBB53445B0Ff73852AB86C3605b3426CF9123c7,0xE741938F18152c16573465457636b5BA7078366C,0x4F9Fd6Be4a90f2620860d680c0d4d5Fb53d1A825,0x940181a94A35A4569E4529A3CDfB74e38FD98631,0x940181a94A35A4569E4529A3CDfB74e38FD98631,18,18,18,1297397263818825231959,172960578652566810782,1297.3972638188252,172.96057865256682,1470357842471392042741,0,22217637775475716303,22.217637775475716,0.0,0,0,0,nan,0
vAMM-USDC/MET,0.049307813931150635,0xdA9b1279A069A7166560f3D7f20B5b0237af8459,0x0472A241929cC4E34951bD761dFAc665c4692171,0x833589fCD6eDb6E08f4c7C32D4f71b54bdA02913,0x93dc5Cb35627A759848c7A7F0079EA7b49E435a5,0x940181a94A35A4569E4529A3CDfB74e38FD98631,18,6,18,0,0,0.0,0.0,0,3626860683661673,466334342300179928073158,466334.34230017994,2.5890597032822215e-22,120.73674539060137,0,120.73674539060137,3862.4061033906355,1769040000
vAMM-USDC/AUKI,0.0060567944991178355,0x437846Bee5e09A17d4fd944e97fD29a54c30Ed7f,0x71dC14Ae59089140c2DD12cE22d1d0517226885D,0x833589fCD6eDb6E08f4c7C32D4f71b54bdA02913,0xF9569cFb8FD265e91aa478d86ae8c78b8AF55Df4,0x940181a94A35A4569E4529A3CDfB74e38FD98631,18,6,18,0,0,0.0,0.0,0,446436486239693,57282833165902468353085,57282.83316590247,3.657728501996962e-21,209.52505154605834,0,209.52505154605834,273.3937194775509,1769040000
vAMM-cbBTC/CHAMP,0.0006413956091097172,0x32450CEBe156B2Ca77Dd517e0182409d89b723Ff,0xCFede447ca3b4885720B5a327e3BFb02078f06e8,0xcbB7C0000aB88B473b1f5aFd9ef808440eed33Bf,0xEb6d78148F001F3aA2f588997c5E102E489Ad341,0x940181a94A35A4569E4529A3CDfB74e38FD98631,18,8,18,2020,1854817380898827470498,2.02e-05,1854.8173808988274,1854817380898827472518,47216923420270,6066073015243558197279,6066.073015243558,1.1747670402146924e-21,7.126222641843889,0,7.126222641843889,851.2325982666715,1769040000
vAMM-SKI/AERO,2.285068658555447e-07,0x9EFC401fc56c277aF2024659862A7a05892B5980,0x4A6dA782B6ca505fb82FD57784f39734D073D0D6,0x768BE13e1680b5ebE0024C42c896E3dB59ec0149,0x940181a94A35A4569E4529A3CDfB74e38FD98631,0x940181a94A35A4569E4529A3CDfB74e38FD98631,18,9,18,117,29531823889886401,1.17e-07,0.0295318238898864,29531823889886518,0,2161130062440271853,2.161130062440272,0.0,0,0,0,nan,0
vAMM-AERO/MORPHO,0.0005640668578542387,0xd433B339c5C801228E1343C678Dc26213A7B8Aac,0x3B1A591878D6B27dE5116741BCbd5f48B547D204,0x940181a94A35A4569E4529A3CDfB74e38FD98631,0xBAa5CC21fd487B8Fcc2F632f3F4E8D37262a0842,0x940181a94A35A4569E4529A3CDfB74e38FD98631,18,18,18,0,0,0.0,0.0,0,41524296788037,5334727423488660017819,5334.72742348866,8.96649091056792e-21,47.83378495306849,0,47.83378495306849,111.52634960254055,1769040000
vAMM-OX/cbBTC,6.17981945786034e-05,0xdC4260f59CBc870c6BE271100430C23FD632D33E,0x5AFCf03d8D37bcB6f3152C250F168bd70Fcb8119,0xba0Dda8762C24dA9487f5FA026a9B64b695A07Ea,0xcbB7C0000aB88B473b1f5aFd9ef808440eed33Bf,0x940181a94A35A4569E4529A3CDfB74e38FD98631,18,18,8,0,0,0.0,0.0,0,4549330521577,584463559150918883968,584.4635591509189,5.297762009848334e-21,3.096348839810483,0,3.096348839810483,188.7589510704782,1769040000
vAMM-AERO/AUKI,0.0002026279412207445,0x16f7e8199B46Ff86D33be983Ee6c642d9c14A5ae,0x7a1b8b9a035b9B578714987D4887177daB22c709,0x940181a94A35A4569E4529A3CDfB74e38FD98631,0xF9569cFb8FD265e91aa478d86ae8c78b8AF55Df4,0x940181a94A35A4569E4529A3CDfB74e38FD98631,18,18,18,0,0,0.0,0.0,0,14916661697099,1916377145268633438992,1916.3771452686333,4.784878868123223e-21,9.16963250575019,0,9.16963250575019,208.9917064906245,1769040000
sAMM-USR/USDC,2.8030274574810426e-05,0xd3eE0a3B349237D68517DF30bFB66Be971f46Ad9,0xBbebd633E692C892EAa6DDfbbD1517bEb3F0358A,0x35E5dB674D8e93a03d814FA0ADa70731efe8a4b9,0x833589fCD6eDb6E08f4c7C32D4f71b54bdA02913,0x940181a94A35A4569E4529A3CDfB74e38FD98631,18,18,6,0,0,0.0,0.0,0,2063477132473,265099557579040329553,265.0995575790403,7.114623689827154e-22,0.1886083592514538,0,0.1886083592514538,1405.5557167835175,1769040000
vAMM-MET/cbBTC,0.021690207251317088,0x5aAc53d1b18F1eAf908C223a94916B339B74309F,0x72Ee712cA4Ea8E2D3d91E0846d04EDf31485c435,0x93dc5Cb35627A759848c7A7F0079EA7b49E435a5,0xcbB7C0000aB88B473b1f5aFd9ef808440eed33Bf,0x940181a94A35A4569E4529A3CDfB74e38FD98631,18,18,8,0,0,0.0,0.0,0,1596764801635031,205137638975865847445528,205137.63897586585,2.5982621371646083e-21,533.001360258335,0,533.001360258335,384.8726368661419,1769040000
vAMM-VIRTUAL/AIXBT,0.0004427630591039722,0xeb3458046d3aA2fdbBbF4FEe58C755744ec42ce2,0xBE208720227e7b8832BC3DE3B75E02C187783BD8,0x0b3e328455c4059EEb9e3f84b5543F74E24e7E1b,0x4F9Fd6Be4a90f2620860d680c0d4d5Fb53d1A825,0x940181a94A35A4569E4529A3CDfB74e38FD98631,18,18,18,0,0,0.0,0.0,0,32594823094580,4187482743614877664403,4187.482743614877,6.808292039182926e-22,2.850960542756905,0,2.850960542756905,1468.7971582958294,1769040000
vAMM-WETH/HEU,0.0006477086771265443,0xF930E1342fC23c5c7BceaE58cBbc776Eeb4cFb87,0xa936fcE0237cA8F36d66BC2605B0f28584f8036b,0x4200000000000000000000000000000000000006,0xEF22cb48B8483dF6152e1423b19dF5553BbD818b,0x940181a94A35A4569E4529A3CDfB74e38FD98631,18,18,18,0,0,0.0,0.0,0,47682274556710,6125779584787162646760,6125.779584787162,2.198908061119247e-21,13.470026109628204,0,13.470026109628204,454.77117378477334,1769040000
vAMM-WETH/ANZ,0.01522246806083912,0xE4faa73134C66832c272f067adC401f0963A9D7a,0xED2fE03dE7F663CC1265bCfF93af9f15Ff60AcC1,0x4200000000000000000000000000000000000006,0xeeC468333ccc16D4BF1cEf497A56cf8C0aAe4Ca3,0x940181a94A35A4569E4529A3CDfB74e38FD98631,18,18,18,92206320377,0,9.2206320377e-08,0.0,92206320377,1120641318438648,143968248952367424806411,143968.24895236743,1.046090843967365e-21,150.60386705108576,0,150.60386705108576,955.9399222035415,1769040000
vAMM-BTCB/MIGGLES,4.7861287423103475e-08,0x45b09f8238B10555b0D4A46692e75afbD77faC25,0x432Dcaa35D9cD4d2b421e3815a372Dc135Be1845,0x0c41F1FC9022FEB69aF6dc666aBfE73C9FFDA7ce,0xB1a03EdA10342529bBF8EB700a06C60441fEf25d,0x940181a94A35A4569E4529A3CDfB74e38FD98631,18,18,18,1604026898471997906,8401470243220538976,1.6040268984719979,8.401470243220539,10005497141692536882,0,452653650864703704,0.45265365086470366,0.0,0,0,0,nan,0
vAMM-WETH/CXT,4.672740308835267e-05,0x923BeBD9FbCAf0F85251a3d5A11BF5BFAa19942F,0x8D4b9bB3d47f27634511fb62e93CEB03e569bC26,0x4200000000000000000000000000000000000006,0xB1E1f3Cc2B6fE4420C1Ac82022b457018Eb628ff,0x940181a94A35A4569E4529A3CDfB74e38FD98631,18,18,18,0,0,0.0,0.0,0,3439958513616,441929808874287654615,441.9298088742877,1.8203009573105053e-19,80.44452541579145,0,80.44452541579145,5.493597066924033,1769040000
vAMM-WETH/MCADE,0.3808564856802472,0x2b4A56fC7F4b78b7E27801Df979d350AFDFA26b5,0x3cC1Cf416751439bd4c8232E0B2023BF6CC2c94e,0x4200000000000000000000000000000000000006,0xc48823EC67720a04A9DFD8c7d109b2C3D6622094,0x940181a94A35A4569E4529A3CDfB74e38FD98631,18,18,18,5344248671158436,4003547702109354646309,0.005344248671158436,4003.5477021093548,4003553046358025804745,27994698559220810,3601994179025072847110392,3601994.1790250726,6.237228994560729e-22,2246.646253165415,0,2246.646253165415,1603.2760715889465,1769040000
vAMM-WETH/AIXCB,0.0007647190702222222,0x19C3c7EEfb070EE00ddE367A9768De1DF52cbE5d,0x8D02e0814526448e6be0Faca8e00925691Cda345,0x4200000000000000000000000000000000000006,0x76C71F1703Fbf19FFdcF3051E1e684Cb9934510f,0x940181a94A35A4569E4529A3CDfB74e38FD98631,18,18,18,0,0,0.0,0.0,0,56296770251969,7232418885056078861995,7232.4188850560795,5.566419558051663e-21,40.25867793379836,0,40.25867793379836,179.64869330654915,1769040000
vAMM-WETH/SAINT,0.0009330701298877684,0x971342176D5580cCf41d028D8bdf9DA71946fFDb,0x8890a5c5698e2ec7Fd9B496b7c661B14c8D68AeD,0x4200000000000000000000000000000000000006,0x7588880d9c78E81FAde7b7e8DC0781E95995a792,0x940181a94A35A4569E4529A3CDfB74e38FD98631,18,18,18,19010590623063414,43831119985252107626839,0.019010590623063414,43831.11998525211,43831138995842730690253,0,8824618466126390386301,8824.61846612639,0.0,0,0,0,nan,0
vAMM-WETH/SYMM,0.018820676081421392,0x3eB2a8015dE1419a5089dAb37b0056F0fc24f821,0x925bC135a96716D48aD5FE9AB553076146147785,0x4200000000000000000000000000000000000006,0x800822d361335b4d5F352Dac293cA4128b5B605f,0x940181a94A35A4569E4529A3CDfB74e38FD98631,18,18,18,0,0,0.0,0.0,0,1395480982438321,177998716680676034759116,177998.716680676,2.2613375885129584e-21,402.5151887370812,0,402.5151887370812,442.216149008337,1769040000
vAMM-cbETH/SPECTRA,0.00202549159714449,0xEf70044C0249a07234E07D673606e09b364dC977,0xeF495e3a8345e2E2683745Fa472640C8D360b55b,0x2Ae3F1Ec7F1F5012CFEab0185bfc7aa3cf0DEc22,0x64FCC3A02eeEba05Ef701b7eed066c6ebD5d4E51,0x940181a94A35A4569E4529A3CDfB74e38FD98631,18,18,18,0,0,0.0,0.0,0,149112005213992,19156320600783830188773,19156.32060078383,7.911063218676232e-21,151.54686331003074,0,151.54686331003074,126.40525961658682,1769040000
vAMM-cbBTC/DEUS,0.03100927322252531,0x982534133b2B71Ab012404256Be316344Bb9f261,0x0Cf6C003718eBEe0F5C7a6C1445Cc73FE3e8fbEc,0xcbB7C0000aB88B473b1f5aFd9ef808440eed33Bf,0xDE5ed76E7c05eC5e4572CfC88d1ACEA165109E44,0x940181a94A35A4569E4529A3CDfB74e38FD98631,18,8,18,0,0,0.0,0.0,0,2282850429284630,293273781182524867180083,293273.78118252486,4.277422007969187e-23,12.544557259904714,0,12.544557259904714,23378.56770122093,1769040000
vAMM-USR/USDC,3.455178679174429e-08,0x8E5a94965005FF2eB41B69B9ADf41273f38d872a,0x2d1102727dFB75aDa41272761C132c47fAECfEdC,0x35E5dB674D8e93a03d814FA0ADa70731efe8a4b9,0x833589fCD6eDb6E08f4c7C32D4f71b54bdA02913,0x940181a94A35A4569E4529A3CDfB74e38FD98631,18,18,6,2191648790882522507,2216477,2.1916487908825224,2.216477,2191648790884738984,0,326777512207751551,0.32677751220775153,0.0,0,0,0,nan,0
vAMM-WETH/ODOS,4.085101436331825e-06,0xd085Ef129A79d1fDE3912cD288A0F9558b33A282,0x5e6334757f1ae0054EFd7E6f33f56F5a54799597,0x4200000000000000000000000000000000000006,0xca73ed1815e5915489570014e024b7EbE65dE679,0x940181a94A35A4569E4529A3CDfB74e38FD98631,18,18,18,20480243155054951,10666048254504466412980,0.02048024315505495,10666.048254504467,10666068734747621467931,0,38635318414264708257,38.6353184142647,0.0,0,0,0,nan,0
vAMM-eBTC/cbBTC,2.500146905503395e-08,0x14048DFa85509B75d3951F318152Ec363999eAC0,0xC8360CBb1b81eDB6dC8107FDF37BDAe0759F3dAc,0x657e8C867D8B37dCC18fA4Caead9C45EB088C642,0xcbB7C0000aB88B473b1f5aFd9ef808440eed33Bf,0x940181a94A35A4569E4529A3CDfB74e38FD98631,18,8,8,48923,49846,0.00048923,0.00049846,98769,0,236454279733376232,0.2364542797333762,0.0,0,0,0,nan,0
vAMM-VIRTUAL/GAME,1.9056416542046547e-05,0x9f7700b6030471D89c643f30b2315A670Ab13bB4,0x08d745c2193617D1d50c8703907605d7903343d8,0x0b3e328455c4059EEb9e3f84b5543F74E24e7E1b,0x1C4CcA7C5DB003824208aDDA61Bd749e55F463a3,0x940181a94A35A4569E4529A3CDfB74e38FD98631,18,18,18,31523854599990088134,1440188607484292370197,31.523854599990088,1440.1886074842923,1471712462084282458331,0,180228259300689054490,180.22825930068905,0.0,0,0,0,nan,0
vAMM-WETH/GEKKO,5.1216685929370985e-08,0x1977911144b93b6f949dECFF7D7EA7E081F7F08C,0xd4c7c645D4B4e991D0eF00D652CA32e472033a95,0x4200000000000000000000000000000000000006,0xf7b0dd0B642a6ccc2fc4d8FfE2BfFb0caC8C43C8,0x940181a94A35A4569E4529A3CDfB74e38FD98631,18,18,18,147798089720159425,256960646081935780906864,0.14779808972015943,256960.6460819358,256960793880025501066289,0,484387719581685061,0.4843877195816851,0.0,0,0,0,nan,0
vAMM-AERO/FAI,2.500146905503395e-08,0xfF231D3b278D3C56c5B12e6B79BE9B3D88c0F53b,0x3592697e4C319B3640A0D3b3380A78843557fBd0,0x940181a94A35A4569E4529A3CDfB74e38FD98631,0xb33Ff54b9F7242EF1593d2C9Bcd8f9df46c77935,0x940181a94A35A4569E4529A3CDfB74e38FD98631,18,18,18,214847828869582767,6873116695155623125,0.21484782886958276,6.873116695155623,7087964524025205892,0,236454279733376232,0.2364542797333762,0.0,0,0,0,nan,0
vAMM-Anon/USDC,0.0030786240386168327,0x3667af77FF1481aca513d2C97A32C0ac31ba813D,0x0c41ADAA6489213FE6ab44A4794a8212e84a6eF4,0x79bbF4508B1391af3A0F4B30bb5FC4aa9ab0E07C,0x833589fCD6eDb6E08f4c7C32D4f71b54bdA02913,0x940181a94A35A4569E4529A3CDfB74e38FD98631,18,18,6,0,0,0.0,0.0,0,227080088751534,29116442238598386773123,29116.442238598385,6.859541166199213e-21,199.7254341489272,0,199.7254341489272,145.78234546175742,1769040000
vAMM-WETH/FLOCK,0.01763513521641014,0x4910C78a1C75E36548F1f2f1f4dCb71A4F69fC07,0x35388feDFe7C0d8EA803f2Ae5534F357b0b361ff,0x4200000000000000000000000000000000000006,0x5aB3D4c385B400F3aBB49e80DE2fAF6a88A7B691,0x940181a94A35A4569E4529A3CDfB74e38FD98631,18,18,18,1465674101868948,70699412904876932692,0.001465674101868948,70.69941290487694,70700878578978801640,1310996814209463,166786327092141952774213,166786.32709214193,3.0877673340844243e-21,514.9973725670359,0,514.9973725670359,323.85859807553055,1769040000
vAMM-ATH/AERO,4.7861287423103475e-08,0xBc91c004F5373e3D048d22579209e865007AC4B5,0x93795d7b30d50179bC409a21C5F2184638697eC3,0x58D75a1c4477914f9a98A8708fEaeD1DbE40b8a3,0x940181a94A35A4569E4529A3CDfB74e38FD98631,0x940181a94A35A4569E4529A3CDfB74e38FD98631,18,18,18,39279,21968,3.9279e-14,2.1968e-14,61247,0,452653650864703704,0.45265365086470366,0.0,0,0,0,nan,0
vAMM-WETH/VEIL,0.4537366044322373,0xf207d02BECD4417aAA3383804b6B87b17602c86D,0xd2eBB7D16503BF671142e031A2FDC0cE9ce9253f,0x4200000000000000000000000000000000000006,0x767A739D1A152639e9Ea1D8c1BD55FDC5B217D7f,0x940181a94A35A4569E4529A3CDfB74e38FD98631,18,18,18,61737008605803,108839547771362353196,6.1737008605803e-05,108.83954777136235,108839609508370958999,33359281869228918,4291266315332398390855259,4291266.315332398,5.825177823449704e-22,2499.738937459101,0,2499.738937459101,1716.6857910747763,1769040000
vAMM-WETH/LAY,3.961229092783275e-08,0x2647f963Fb688B89487D6dA49FD1528063A5438B,0xCecDf0A24ECb4C9313fFb30E6138bc18Cc8c1959,0x4200000000000000000000000000000000000006,0xb89D354AD1b0d95a48b3De4607F75a8cD710c1bA,0x940181a94A35A4569E4529A3CDfB74e38FD98631,18,18,18,60663401996533036,8758343141202810381354,0.060663401996533035,8758.343141202811,8758403804604806914390,0,374637814254508314,0.37463781425450826,0.0,0,0,0,nan,0
vAMM-1000X/WETH,0.00047114555927253477,0x23dA62CE083687cD72EBCBA36eEc6752fa51B715,0x7d1a8AA63DBA54E39b141098f16Dd9EccB5aDE62,0x352b850b733ab8baB50aED1Dab5D22E3186ce984,0x4200000000000000000000000000000000000006,0x940181a94A35A4569E4529A3CDfB74e38FD98631,18,18,18,0,0,0.0,0.0,0,34951162951981,4455913515407411326376,4455.913515407411,1.925259962000642e-21,8.57879188535142,0,8.57879188535142,519.4103756049889,1769040000
vAMM-WETH/DRV,0.0022030431033405527,0xaC4e562d7C6108f971321F14238E24AE2cC398ac,0x9788Bd681f47986d1008939A79f630ecA207351A,0x4200000000000000000000000000000000000006,0x9d0E8f5b25384C7310CB8C6aE32C8fbeb645d083,0x940181a94A35A4569E4529A3CDfB74e38FD98631,18,18,18,2883522267581093,96881375676629053083,0.002883522267581093,96.88137567662905,96884259198896634176,162184546093452,20835534467007144503704,20835.534467007146,2.1338624730793546e-21,44.460165105697996,0,44.460165105697996,468.63376277333873,1769040000
vAMM-BNKR/wBLT,0.0014890266872868874,0x17c9A4b6CAD28F5074C81B056C32bAD334329f25,0x378d2D0f69C0c838DF8019f62De8a891655381B9,0x22aF33FE49fD1Fa80c7149773dDe5890D3c76F3b,0x4E74D4Db6c0726ccded4656d0BCE448876BB4C7A,0x940181a94A35A4569E4529A3CDfB74e38FD98631,18,18,18,183494265440736345338,50985531200722518,183.49426544073634,0.050985531200722516,183545250971937067856,109620723059164,14082641786815519907803,14082.64178681552,1.1224745910284974e-21,15.807407580256578,0,15.807407580256578,890.8887630888137,1769040000
vAMM-USDC/SEND,0.0011650462953407895,0x69bc1d350fE13F499c6AedEd2C5eA9471b2a599A,0x342D92F92b2365e15126b852A56820427Af56900,0x833589fCD6eDb6E08f4c7C32D4f71b54bdA02913,0xEab49138BA2Ea6dd776220fE26b7b8E446638956,0x940181a94A35A4569E4529A3CDfB74e38FD98631,18,6,18,0,0,0.0,0.0,0,85741066345284,11018559830002381036981,11018.55983000238,7.12657880083343e-21,78.52463490020978,0,78.52463490020978,140.31978428177248,1769040000
vAMM-WETH/BID,0.016685939206659988,0x74F22A01Da78294f8dF640C98A414FE209e33f60,0x1AEeafdeAB8D8F99853CD5B7a8844cC4ffe0fC70,0x4200000000000000000000000000000000000006,0xa1832f7F4e534aE557f9B5AB76dE54B1873e498B,0x940181a94A35A4569E4529A3CDfB74e38FD98631,18,18,18,0,0,0.0,0.0,0,1218451605814393,157809196255661125577147,157809.19625566114,2.110886487726406e-20,3331.1730001503965,0,3331.1730001503965,47.373461615033605,1769040000
sAMM-Bold/USDC,2.051437238072934e-06,0xeb754F9750e1d2CD87835592d37eE9f15c217b50,0xc6081F7DA8762D5f76E1897Bf6dcC773aa62Ae7c,0x087C440F251Ff6Cfe62B86DdE1bE558B95b4bb9b,0x833589fCD6eDb6E08f4c7C32D4f71b54bdA02913,0x940181a94A35A4569E4529A3CDfB74e38FD98631,18,18,6,427543839876097631,396400,0.4275438398760976,0.3964,427543839876494031,0,19401704495004265347,19.401704495004267,0.0,0,0,0,nan,0
vAMM-WETH/VVV,1.2907491503176634,0x01784ef301D79e4B2DF3a21ad9a536d4cF09A5Ce,0x37a70295FCefebBB0a29735A53E2e6786A02F930,0x4200000000000000000000000000000000000006,0xacfE6019Ed1A7Dc6f7B508C02d1b04ec88cC21bf,0x940181a94A35A4569E4529A3CDfB74e38FD98631,18,18,18,61302627263107910,81277760050005247581,0.06130262726310791,81.27776005000524,81339062677268355491,94930163019153051,12207409091962098431777644,12207409.0919621,3.724846317001034e-22,4547.072279631996,0,4547.072279631996,2684.6745204916933,1769040000
vAMM-AERO/uADA,6.802930897017312e-07,0xa65bC40C8368Ac2f814b13caCC75a47A30a2ac81,0x6a1a65e681FB4a3DE02556c418f580ade8397e18,0x940181a94A35A4569E4529A3CDfB74e38FD98631,0xa3A34A0D9A08CCDDB6Ed422Ac0A28a06731335aA,0x940181a94A35A4569E4529A3CDfB74e38FD98631,18,18,18,11408812279373097503,13888782322834232122,11.408812279373098,13.888782322834231,25297594602207329625,0,6433950428230047049,6.433950428230046,0.0,0,0,0,nan,0
vAMM-wIRON/USDC,0.007908872668116539,0x9941dfa4d724fd7a2E5E5d9777560b20de98cE0d,0x9d21b1fc0Ccd64Cff8bDf29F45eb426f97f47680,0x166e70941262AE7cBf9df5c8897A6242c546457d,0x833589fCD6eDb6E08f4c7C32D4f71b54bdA02913,0x940181a94A35A4569E4529A3CDfB74e38FD98631,18,8,6,0,0,0.0,0.0,0,582045830163038,74799076251319186945353,74799.07625131919,1.838244507469582e-21,137.49899108278595,0,137.49899108278595,543.9972734511474,1769040000
vAMM-Bold/POOL,2.6395655302518252e-06,0x72cCcbd837E15500169323d3cC3FCC266db03700,0x191863cC6560E877B09dD3d7847DFD4CB84d6575,0x087C440F251Ff6Cfe62B86DdE1bE558B95b4bb9b,0xd652C5425aea2Afd5fb142e120FeCf79e18fafc3,0x940181a94A35A4569E4529A3CDfB74e38FD98631,18,18,18,9413119890274644959,42576150576997683620,9.413119890274645,42.576150576997684,51989270467272328579,0,24963995711247023403,24.963995711247023,0.0,0,0,0,nan,0
sAMM-USDC/cUSDO,2.854968043371389e-05,0x5feDe9d65714907381A76AA9bF949219dD1c5023,0x78Fff283c03557ca8BBa0A134386b717e04490dc,0x833589fCD6eDb6E08f4c7C32D4f71b54bdA02913,0x83dB73EF5192de4B6a4c92bD0141Ba1a0Dc87c65,0x940181a94A35A4569E4529A3CDfB74e38FD98631,18,6,18,0,0,0.0,0.0,0,2101086102436,270011898449329590225,270.0118984493296,5.238393969871463e-21,1.414428700630514,0,1.414428700630514,190.89820386772806,1769040000
vAMM-USDC/SQD,0.02190641402279022,0xa6C7Fbd1b4c71673DFDaDfaa9D17F14833D3245E,0x1EfB3Df7B4cc8C41dA408be577732cb1E8Af1546,0x833589fCD6eDb6E08f4c7C32D4f71b54bdA02913,0xd4554BEa546EFa83C1E6B389ecac40EA999B3E78,0x940181a94A35A4569E4529A3CDfB74e38FD98631,18,6,18,0,0,0.0,0.0,0,1610155424202064,207182439475773451426203,207182.43947577346,1.999537127244985e-21,414.26897984499595,0,414.26897984499595,500.1157449763519,1769040000
vAMM-WETH/RIZ,9.618938659884333e-05,0x04B27c418aaAD06539210ae9A0298076904Cd70B,0x055Ea0Fde71dDe3A4bb80856f5768016E99DCB3c,0x4200000000000000000000000000000000000006,0x67543CF0304C19CA62AC95ba82FD4F4B40788dc1,0x940181a94A35A4569E4529A3CDfB74e38FD98631,18,18,8,8944942766556433,1242454699124,0.008944942766556434,12424.54699124,8946185221255557,0,909722227768262915743,909.7222277682629,0.0,0,0,0,nan,0
vAMM-yTRYB/USDC,2.136756063538623e-06,0xE63296472be7Fcb0160B1f65D12E1a7774BA1069,0x8cb85753524E8eebDA5Df1aE7bd5016BcD617357,0x1A9Be8a692De04bCB7cE5cDDD03afCA97D732c62,0x833589fCD6eDb6E08f4c7C32D4f71b54bdA02913,0x940181a94A35A4569E4529A3CDfB74e38FD98631,18,8,6,0,0,0.0,0.0,0,157254502025,20208617135968665052,20.208617135968666,0.0,0,0,0,nan,1769040000
vAMM-WETH/KTA,0.003992694613762078,0xd9eDC75a3a797Ec92Ca370F19051BAbebfb2edEe,0x0e62c181134Ca74837694a7D6d7501C3D4fe6363,0x4200000000000000000000000000000000000006,0xc0634090F2Fe6c6d75e61Be2b949464aBB498973,0x940181a94A35A4569E4529A3CDfB74e38FD98631,18,18,18,29426549838755584,241621912935021847920,0.029426549838755586,241.62191293502184,241651339484860603504,294479827118322,37761370222457157159882,37761.37022245715,5.307303176571717e-21,200.4110401333475,0,200.4110401333475,188.41961100212777,1769040000
sAMM-oUSDT/USDC,8.345860362478224e-05,0xc84f7c63742EA1894EE04e5F49fbaE8C3a4a734d,0xe68921DD3923E90e7970c109B0d6f3c4a8B28Ca7,0x1217BfE6c773EEC6cc4A38b5Dc45B92292B6E189,0x833589fCD6eDb6E08f4c7C32D4f71b54bdA02913,0x940181a94A35A4569E4529A3CDfB74e38FD98631,18,6,6,0,0,0.0,0.0,0,6142142134011,789319378161813852041,789.3193781618138,1.3740521993315324e-21,1.0845660275382378,0,1.0845660275382378,727.7743891290983,1769040000
vAMM-USDC/AITECH,0.005068186960593908,0x95b9662f58d638b65Ac957ACb1365697c34c832b,0x018F92c3FeF19f88a03D4d9E700Afe9FAd496D60,0x833589fCD6eDb6E08f4c7C32D4f71b54bdA02913,0xD71552d9e08E5351AdB52163B3bbbC4d7DE53Ce1,0x940181a94A35A4569E4529A3CDfB74e38FD98631,18,6,18,0,0,0.0,0.0,0,372993595886974,47932963246414901224580,47932.9632464149,3.0623418386341993e-21,146.78711879921173,0,146.78711879921173,326.54747663507044,1769040000
vAMM-BNKR/USDC,9.634663989799678e-06,0xbd583f38ea4A388E938E7cC5Aa993CCCb91A704e,0xa8d13F77c9598cF68237d6e547ef84242592252B,0x22aF33FE49fD1Fa80c7149773dDe5890D3c76F3b,0x833589fCD6eDb6E08f4c7C32D4f71b54bdA02913,0x940181a94A35A4569E4529A3CDfB74e38FD98631,18,18,6,74830481108231506565407,27741973,74830.48110823151,27.741973,74830481108231534307380,0,91120946899817542198,91.12094689981754,0.0,0,0,0,nan,0
vAMM-VIRTUAL/cbETH,1.0007370268623293e-10,0x1e9282580BC3713a9B258c17BE4cA3F320AB70af,0x004c4149aFDA0aCaC8781b13f84E62f373b61B24,0x0b3e328455c4059EEb9e3f84b5543F74E24e7E1b,0x2Ae3F1Ec7F1F5012CFEab0185bfc7aa3cf0DEc22,0x940181a94A35A4569E4529A3CDfB74e38FD98631,18,18,18,2774079083707,1246133066,2.774079083707e-06,1.246133066e-09,2775325216773,0,946458595566440,0.00094645859556644,0.0,0,0,0,nan,0
vAMM-STPT/USDC,6.134168807193662e-05,0x3B85f7EaBBD2548CC5AfFb7BdF4bd2ca063404ad,0x12Cfd0322fF97062A06d36E70e24F1691a7b6517,0x4489d0a0345eCB216A3994De780d453c7fA6312C,0x833589fCD6eDb6E08f4c7C32D4f71b54bdA02913,0x940181a94A35A4569E4529A3CDfB74e38FD98631,18,18,6,50426152397802572640195,2957153923,50426.15239780257,2957.153923,50426152397805529794118,0,580146096165448435702,580.1460961654484,0.0,0,0,0,nan,0
vAMM-WETH/OVER,0.04041613299775456,0xB452f81D9322936C2c8Ac6445f6892cB957aFB4c,0x07005714c9b5DEac0449B1f4054d8000b210C97C,0x4200000000000000000000000000000000000006,0x7750C092e284e2c7366f50C8306F43c7EB2e82a2,0x940181a94A35A4569E4529A3CDfB74e38FD98631,18,18,18,54370774553871,0,5.4370774553871e-05,0.0,54370774553871,2974462134277832,382240243425544475501153,382240.24342554447,3.92502984588614e-22,150.03043637440456,0,150.03043637440456,2547.7513274150238,1769040000
sAMM-msUSD/USDT,9.117705298078995e-07,0x5bD7A6393Bc746E9a9a8481A1e4b1dc5792bb242,0x4804726Db38Cd188Ee52B7E3e6aBdB6124552A9f,0x526728DBc96689597F85ae4cd716d4f7fCcBAE9d,0xfde4C96c8593536E31F229EA8f37b2ADa2699bb2,0x940181a94A35A4569E4529A3CDfB74e38FD98631,18,18,6,384200482117242,368,0.000384200482117242,0.000368,384200482117610,0,8623175039565808349,8.623175039565808,0.0,0,0,0,nan,0
vAMM-WETH/ZENT,6.731150676770519e-05,0x82bdbC291762b478dE875E44fFF7b9717651bfe5,0xc771e723363c5434E4f69694F3404008F675410C,0x4200000000000000000000000000000000000006,0xdf49c226ED9CF05Be0e38cdb86Df4E8A945158B1,0x940181a94A35A4569E4529A3CDfB74e38FD98631,18,18,18,0,0,0.0,0.0,0,4953851673361,636606345630772611298,636.6063456307726,6.111339311241784e-23,0.03890517385839315,0,0.03890517385839315,16363.025338169393,1769040000
vAMM-cbBTC/EDGE,0.009395059898149769,0x594b83709464A83F37aC77E69DDD447a8A33c0EE,0x6e64524E3620C0Cd6af727B3D9Bd998396441aD0,0xcbB7C0000aB88B473b1f5aFd9ef808440eed33Bf,0xED6E000dEF95780fb89734c07EE2ce9F6dcAf110,0x940181a94A35A4569E4529A3CDfB74e38FD98631,18,8,18,85,260901224390302333406,8.5e-07,260.90122439030233,260901224390302333491,691439278946348,88854863543374058319408,88854.86354337406,1.7364080795333518e-21,154.28830296254816,0,154.28830296254816,575.9014898552784,1769040000
vAMM-ZORA/WETH,1.891595088447163e-08,0x84e6bEA6Efe00399B6697fE9BE3D303FCf3F4f8e,0x9e2f066e89B669e1b5cdb7b9e6e4b2B14ec02255,0x1111111111166b7FE7bd91427724B487980aFc69,0x4200000000000000000000000000000000000006,0x940181a94A35A4569E4529A3CDfB74e38FD98631,18,18,18,1441483022513512394874,14503697879169233,1441.4830225135124,0.014503697879169233,1441497526211391564107,0,178899789128954746,0.17889978912895474,0.0,0,0,0,nan,0
vAMM-WETH/KING,2.005735526861798e-05,0xdc5f7C7916C7792603FDc17F05f7929b423015ac,0x58dA2a684342294d3E4991924Ce59a80538f8432,0x4200000000000000000000000000000000000006,0xE22C243c7559C667a1EB94B593369D192c5fbac0,0x940181a94A35A4569E4529A3CDfB74e38FD98631,18,18,18,0,0,0.0,0.0,0,1476142080502,189694752854636308564,189.6947528546363,1.7409801776247575e-20,3.3025480451934914,0,3.3025480451934914,57.438907855017256,1769040000
vAMM-WETH/JKL,0.00022543080234506294,0xF3706dc080C93d0cb597a1ec57dCA1Ffeef06c84,0x80EAe3cB7018AD3F26804Ac4A0Be5eb8fF00c05b,0x4200000000000000000000000000000000000006,0x4eeD0d2deb4C588393c80869B122327581B0D98e,0x940181a94A35A4569E4529A3CDfB74e38FD98631,18,18,6,0,0,0.0,0.0,0,16664185930154,2132037836692095669764,2132.037836692096,2.4714907003902684e-21,5.2693116862647,0,5.2693116862647,404.6141059086696,1769040000
vAMM-AERO/TOWER,0.0007096757376921658,0x41fe2f2FD39E87E7e92a62E04e689bE807066A44,0xaB0666D38CB5983570c5106E5eD39523AF38f099,0x940181a94A35A4569E4529A3CDfB74e38FD98631,0xf7C1CEfCf7E1dd8161e00099facD3E1Db9e528ee,0x940181a94A35A4569E4529A3CDfB74e38FD98631,18,18,18,0,937382236110977782343,0.0,937.3822361109778,937382236110977782343,52284138635683,6711840213504032101094,6711.840213504032,5.177550957530941e-21,34.750894724222476,0,34.750894724222476,193.14150806096129,1769040000
vAMM-AERO/CHAMP,0.0004996960379452782,0x48a346A833775ed92bF52Dd598246e5a71f3d4A5,0x987fe7bBbfa94404d8F38D3B6F52e8c912d4F36A,0x940181a94A35A4569E4529A3CDfB74e38FD98631,0xEb6d78148F001F3aA2f588997c5E102E489Ad341,0x940181a94A35A4569E4529A3CDfB74e38FD98631,18,18,18,0,0,0.0,0.0,0,36776018495141,4725932963294510473462,4725.932963294511,5.451297191619403e-22,2.576246509058893,0,2.576246509058893,1834.4257611515995,1769040000
vAMM-AWE/USDC,0.0013323041121142565,0xcb7f520d18141E36956fE0b3A6Bc3D4F11245521,0xC7a0De60A7572e86d973B39b1deE9BE8829c8d91,0x1B4617734C43F6159F3a70b7E06d883647512778,0x833589fCD6eDb6E08f4c7C32D4f71b54bdA02913,0x940181a94A35A4569E4529A3CDfB74e38FD98631,18,18,6,0,0,0.0,0.0,0,98053290295714,12600419940217952245539,12600.419940217953,1.4360019203259165e-22,1.8094227231065951,0,1.8094227231065951,6963.778988352877,1769040000
sAMM-BOLD/USDC,0.03107818927202496,0x2De3fE21d32319a1550264dA37846737885Ad7A1,0x7fDCBc8C442C667D41a1041bdc6e588393cEb6fe,0x03569CC076654F82679C4BA2124D64774781B01D,0x833589fCD6eDb6E08f4c7C32D4f71b54bdA02913,0x940181a94A35A4569E4529A3CDfB74e38FD98631,18,18,6,316450413356745,13200,0.000316450413356745,0.0132,316450413369945,2287254604145297,293925562676269847434965,293925.56267626985,8.954670485390857e-23,26.32006560999094,0,26.32006560999094,11167.356762389583,1769040000
sAMM-BOLD/LUSD,0.005523769851573834,0xEf3EFc734a3FE0bF20762992ec839939bA3Af050,0x152cB3894E3f2160De21708439e35EFfCB408143,0x03569CC076654F82679C4BA2124D64774781B01D,0x368181499736d0c0CC614DBB145E2EC1AC86b8c6,0x940181a94A35A4569E4529A3CDfB74e38FD98631,18,18,18,0,0,0.0,0.0,0,406535132077118,52241691029905593494588,52241.69102990559,5.819959609553915e-23,3.040445317288456,0,3.040445317288456,17182.24982796139,1769040000
vAMM-BOLD/POOL,0.008262117097319235,0xAa10db59a60e511872a70aAAf1aff09fb173ba75,0xD51CEdaA7cD1Cd3cb8bc8F4C189698e9967240ff,0x03569CC076654F82679C4BA2124D64774781B01D,0xd652C5425aea2Afd5fb142e120FeCf79e18fafc3,0x940181a94A35A4569E4529A3CDfB74e38FD98631,18,18,18,0,0,0.0,0.0,0,608052588568356,78139926218698758108934,78139.92621869876,1.6547520191577514e-22,12.93022006872295,0,12.93022006872295,6043.201569918541,1769040000
vAMM-WETH/APU,0.0006709145203352655,0x24dFbc9e3eEDA5A4d5C8851eD4E656d306815498,0x29Ea6bdB07e55c53b32475E0836c01557803E099,0x4200000000000000000000000000000000000006,0xB9926b3fBc5873Db0182016D55727D5ae89E5EFd,0x940181a94A35A4569E4529A3CDfB74e38FD98631,18,18,18,0,0,0.0,0.0,0,49376544228286,6345251525793726125492,6345.251525793727,1.4304129907904798e-20,90.76330212328459,0,90.76330212328459,69.9098796248611,1769040000
vAMM-ZORA/USDbC,3.0194961513591433e-07,0x6a3c3AA154Def69E5b5F3aB43f296d0006823486,0x07C64923eA5B5a12B3b4AcB2Dd9186AD664e5BA5,0x1111111111166b7FE7bd91427724B487980aFc69,0xd9aAEc86B65D86f6A7B5B1b0c42FFA531710b6CA,0x940181a94A35A4569E4529A3CDfB74e38FD98631,18,18,6,0,0,0.0,0.0,0,22224783165,2855723341919270533,2.8557233419192705,2.2817961776035678e-20,0.06516178605884677,0,0.06516178605884677,43.82512381321628,1769040000
vAMM-WETH/TLOS,0.08823364891513835,0xC3b22240657fa67b77D0f1b7A1C1012DB60D46fb,0x44B8B5521723D05E82e5DAfCE8b37a1082b6d3B2,0x4200000000000000000000000000000000000006,0x7252c865c05378Ffc15120F428dd65804dD0CE63,0x940181a94A35A4569E4529A3CDfB74e38FD98631,18,18,18,3347437834150576,267523734809920773843,0.003347437834150576,267.52373480992077,267527082247754924419,6493688383776384,834479920221964011289148,834479.920221964,2.7823696399128956e-22,232.1831595142528,0,232.1831595142528,3594.058767947546,1769040000
vAMM-wstETH/cbBTC,3.7608133670235494e-11,0xc0734F84e402D69A445D93C60aD2C72258F159b6,0x2256edefD747c76973da71475311DdAec4265CB6,0xc1CBa3fCea344f92D9239c08C0568f6F2F0ee452,0xcbB7C0000aB88B473b1f5aFd9ef808440eed33Bf,0x940181a94A35A4569E4529A3CDfB74e38FD98631,18,18,8,2189721446420,31,2.18972144642e-06,3.1e-07,2189721446451,0,355683265632808,0.000355683265632808,0.0,0,0,0,nan,0
vAMM-AERO/QI,3.719661279175802e-05,0x44D92817E3409556E15BA0F7bD3FD48b49c907d6,0xa64343E14AAD53467E9941B17549C5ACdf7891C6,0x940181a94A35A4569E4529A3CDfB74e38FD98631,0xD3FDCb837DAfdb7C9C3eBD48FE22a53F6Dd3d7D7,0x940181a94A35A4569E4529A3CDfB74e38FD98631,18,18,18,18997704830990601,848571953537152841,0.0189977048309906,0.8485719535371529,867569658368143442,0,351791259419035277648,351.7912594190353,0.0,0,0,0,nan,0
vAMM-RIPE/WETH,0.1495217122337156,0x765824aD2eD0ECB70ECc25B0Cf285832b335d6A9,0x49AAAFd906FB80959721c71a297B071Fc0693A95,0x2A0a59d6B975828e781EcaC125dBA40d7ee5dDC0,0x4200000000000000000000000000000000000006,0x940181a94A35A4569E4529A3CDfB74e38FD98631,18,18,18,1782270470998215980,36357440583978,1.782270470998216,3.6357440583978e-05,1782306828438799958,11018530777174959,1414118854092126706776731,1414118.8540921267,3.6913824486288647e-23,52.20053518270839,0,52.20053518270839,27090.12176106115,1769040000
vAMM-CREATOR/WETH,0.0009037633083644874,0x640A1f93fE0f9868b6C6d83794EC4BA988Db3B12,0xcf3E3389C09B6C368c815f2887839af099FEf4fC,0x0FD122a924c4528A78a8141bdDd38A0e5bA35FA5,0x4200000000000000000000000000000000000006,0x940181a94A35A4569E4529A3CDfB74e38FD98631,18,18,18,0,0,0.0,0.0,0,66521480759640,8547445818418843969628,8547.445818418844,2.848225844095655e-22,2.4345056081027887,0,2.4345056081027887,3510.957538964091,1769040000
vAMM-EIGEN/KING,2.326068894616843e-06,0x6F01b54c399b27AA0D9D84931b1e730eE55D1080,0xA0e41131422843F4519B8C31D176C9cf902a543C,0x2081Ab0D9EC9e4303234Ab26D86b20B3367946ee,0xE22C243c7559C667a1EB94B593369D192c5fbac0,0x940181a94A35A4569E4529A3CDfB74e38FD98631,18,18,18,0,0,0.0,0.0,0,171211716340,21999065089980943531,21.999065089980945,8.318758891080744e-20,1.83004918312743,0,1.83004918312743,12.021023966353754,1769040000
vAMM-FLOCK/AERO,0.0014798509549768387,0xdAA601bc9E5B00337f11fB17CD574D3f01633Fe6,0x85b1A485194F0e3F9281dDf0ea212933Bc42dea7,0x5aB3D4c385B400F3aBB49e80DE2fAF6a88A7B691,0x940181a94A35A4569E4529A3CDfB74e38FD98631,0x940181a94A35A4569E4529A3CDfB74e38FD98631,18,18,18,0,0,0.0,0.0,0,108926720713618,13995861239255574863043,13995.861239255575,1.9124625903930892e-21,26.766561040408952,0,26.766561040408952,522.8860449471375,1769040000
vAMM-BOLD/BOTTO,0.010909213605095123,0x3Ebf84622e4b6D9F48112274C19267E45bff3cE5,0xc74D63e81928e72db364235E39d583fc0A72c5f6,0x03569CC076654F82679C4BA2124D64774781B01D,0x24914CB6BD01E6a0CF2a9c0478e33c25926e6a0c,0x940181a94A35A4569E4529A3CDfB74e38FD98631,18,18,18,0,0,0.0,0.0,0,802893669480396,103175147019248358447560,103175.14701924835,1.1287608240833622e-22,11.646006397436881,0,11.646006397436881,8859.272741079356,1769040000
vAMM-FLOCK/cbBTC,0.0015642773335474715,0xd162C4444d5eFEaD433F080696D1f4Dc2BCD58Fb,0xC5a4F78f5a2F5A72E6a2F9f833939CFc4Be4fF91,0x5aB3D4c385B400F3aBB49e80DE2fAF6a88A7B691,0xcbB7C0000aB88B473b1f5aFd9ef808440eed33Bf,0x940181a94A35A4569E4529A3CDfB74e38FD98631,18,18,8,0,0,0.0,0.0,0,115125882912263,14794333460686772862936,14794.333460686772,6.102291569150543e-21,90.27933634835067,0,90.27933634835067,163.8728645899827,1769040000
vAMM-VVV/DIEM,0.0001900299010255892,0xbB345D35450BF9Ee76F3D2cE214E8e7AC5e1071d,0x193446fb206192686CD790eA6Ab393e45b27364E,0xacfE6019Ed1A7Dc6f7B508C02d1b04ec88cC21bf,0xF4d97F2da56e8c3098f3a8D538DB630A2606a024,0x940181a94A35A4569E4529A3CDfB74e38FD98631,18,18,18,0,0,0.0,0.0,0,14011167260490,1797229725817383527691,1797.2297258173835,4.545325789213135e-22,0.8168994621898205,0,0.8168994621898205,2200.0623197861364,1769040000
vAMM-WETH/LCAP,0.018359643174894733,0xb8B1a52b1893F3369eDb63aeE516F2e8B7D45A53,0xF8f03483a2Cf356F8E0d95E43eAF7C77a5524348,0x4200000000000000000000000000000000000006,0x4dA9A0f397dB1397902070f93a4D6ddBC0E0E6e8,0x940181a94A35A4569E4529A3CDfB74e38FD98631,18,18,18,0,0,0.0,0.0,0,1351200364131493,173638444746007575601506,173638.44474600756,1.1674055614223497e-22,20.27064860732166,0,20.27064860732166,8566.003392870723,1769040000
vAMM-SIRE/USDC,0.8292697581108949,0xeF6F90aCDa6e8102093F3F4e28D952B0276E4ABB,0xD29D5597c1225B874a9d9EBEE693f88892942118,0x7Ce02e86354EA0Cc3b302AeAdC0Ab56bC7EB44b8,0x833589fCD6eDb6E08f4c7C32D4f71b54bdA02913,0x940181a94A35A4569E4529A3CDfB74e38FD98631,18,18,6,291835744903457583315,35043943,291.83574490345757,35.043943,291835744903492627258,61029081492144165,7842914467432143124728189,7842914.467432143,3.3479481172403863e-22,2625.767072491683,0,2625.767072491683,2986.9041125531844,1769040000
vAMM-LCAP/USDC,0.008639764958545924,0x48D1036b0308884c163cde60AD5fBf87112Ac52f,0xac2A6d7B160422e85614EA5F0bEeE562509e44A8,0x4dA9A0f397dB1397902070f93a4D6ddBC0E0E6e8,0x833589fCD6eDb6E08f4c7C32D4f71b54bdA02913,0x940181a94A35A4569E4529A3CDfB74e38FD98631,18,18,6,0,0,0.0,0.0,0,635926374740188,81711574461553791851691,81711.57446155378,7.668560265786754e-22,62.661013317074705,0,62.661013317074705,1304.0257432174008,1769040000
vAMM-AERO/MAI,0.0003167088422485027,0x104DAaf3D7108B5e52A4c200E58A7083171B3054,0xb3c6adc4F8939e3C778929B09f9c5Df74E4Ef6A0,0x940181a94A35A4569E4529A3CDfB74e38FD98631,0xbf1aeA8670D2528E08334083616dD9C5F3B087aE,0x940181a94A35A4569E4529A3CDfB74e38FD98631,18,18,18,0,0,0.0,0.0,0,23309164001944,2995310436127469647421,2995.3104361274695,1.5911471443131572e-21,4.76597964677562,0,4.76597964677562,628.4773872573961,1769040000
vAMM-SYND/WETH,0.3412171118029774,0xA6f77321B8726FaAB89B72f28C2603b667448BC2,0xb41228D378ae3fE96eF1B1f927856a1Ca73BF903,0x11dC28D01984079b7efE7763b533e6ed9E3722B9,0x4200000000000000000000000000000000000006,0x940181a94A35A4569E4529A3CDfB74e38FD98631,18,18,18,60629669334394443525,384161866572646,60.62966933439444,0.000384161866572646,60630053496261016171,25088379310773469,3227100224649833980094731,3227100.224649834,5.317729722831418e-22,1716.0846783176369,0,1716.0846783176369,1880.5017406329393,1769040000
vAMM-WETH/PHI,0.00024934687586458226,0x99ba9f844FCDC60Fc9e52af59f165cD91F86360E,0xB27773092F3D548044d6d8527d468072426603Cc,0x4200000000000000000000000000000000000006,0xFb3aD5550ca5730A6F91350032c4Da1eFdfDE3E8,0x940181a94A35A4569E4529A3CDfB74e38FD98631,18,18,18,0,0,0.0,0.0,0,18350830344354,2358226862851332283501,2358.226862851332,1.1775002058153478e-23,0.027768126163667257,0,0.027768126163667257,84925.6751770638,1769040000
vAMM-kVCM/WETH,9.569301839066999e-05,0x5e710Fe3C079182a6a2be9cA3c200317d6C34A5D,0x3d4a5eAC08225e29EbbAeDE8721B23F57541Eb10,0x00fBAC94Fec8D4089d3fe979F39454F48c71A65d,0x4200000000000000000000000000000000000006,0x940181a94A35A4569E4529A3CDfB74e38FD98631,18,18,18,0,0,0.0,0.0,0,7042533858632,905027768139197976865,905.027768139198,4.0342198571568486e-22,0.36510809935054966,0,0.36510809935054966,2478.794005800067,1769040000
vAMM-WFRAX/frxUSD,4.314610895338469e-06,0x034bD5954CA1bB66041A82DD955C4e5690c3be13,0x91e21A99a64b6CbAe0bdf0fA54e497d0751e5b77,0x0CEAC003B0d2479BebeC9f4b2EBAd0a803759bbf,0xe5020A6d073a794B6E7f05678707dE47986Fb0b6,0x940181a94A35A4569E4529A3CDfB74e38FD98631,18,18,18,0,0,0.0,0.0,0,317536775273,40805930617169879777,40.80593061716988,2.891558085173499e-20,1.1799271859910638,0,1.1799271859910638,34.58343116562357,1769040000
vAMM-LCAP/eUSD,0.031910341082793045,0xe39E901F5C53fDA90eF90FeEF3ed1F0126b557a7,0xe3F63B420E0B046C8b27Ca54BBfE0AB64fd928C0,0x4dA9A0f397dB1397902070f93a4D6ddBC0E0E6e8,0xCfA3Ef56d303AE4fAabA0592388F19d7C3399FB4,0x940181a94A35A4569E4529A3CDfB74e38FD98631,18,18,18,0,0,0.0,0.0,0,2348517053867598,301795734489408745334438,301795.7344894088,6.454400587350481e-23,19.479105659483096,0,19.479105659483096,15493.305481531914,1769040000
vAMM-kVCM/USDC,0.387637846286671,0x5C0D76fab1822bDeb47308eD6028231761ED723E,0x57387e4639048B67C30C911a145368bC5B33fE3b,0x00fBAC94Fec8D4089d3fe979F39454F48c71A65d,0x833589fCD6eDb6E08f4c7C32D4f71b54bdA02913,0x940181a94A35A4569E4529A3CDfB74e38FD98631,18,18,6,15249882414015306709,398747,15.249882414015307,0.398747,15249882414015705456,28528948434626296,3666129679794031677698371,3666129.6797940317,2.2706298647877202e-23,83.2442353912497,0,83.2442353912497,44040.643325788784,1769040000
vAMM-DAI/AAVE,2.8241070489520303e-07,0xa7b3E866871123DBEC2f491A51344b929F33A2c6,0xFCd88B040a96774dEA20A72Cdf2c8b10aFa5847C,0x50c5725949A6F0c72E6C4a641F24049A917DB0Cb,0x63706e401c06ac8513145b7687A14804d17f814b,0x940181a94A35A4569E4529A3CDfB74e38FD98631,18,18,18,76359206448482,530817179604,7.6359206448482e-05,5.30817179604e-07,76890023628086,20786635800,2670931842764854208,2.6709318427648543,0.0,0,0,0,nan,1769040000
vAMM-WETH/EDEL,0.1702619228698113,0x566beE7EF7b39f29d150AB3be6b6242C17CC5A31,0xde43127cb5381E4466A8046E1c2C2Dc2d30999D7,0x4200000000000000000000000000000000000006,0xFb31f85A8367210B2e4Ed2360D2dA9Dc2D2Ccc95,0x940181a94A35A4569E4529A3CDfB74e38FD98631,18,18,18,37963597666312950,5408856688272030132076,0.03796359766631295,5408.85668827203,5408894651869696445026,12502073219968041,1610271790412846014048109,1610271.790412846,2.138478515346276e-20,34435.316276660524,0,34435.316276660524,46.76221869070655,1769040000
vAMM-USDC/NOCK,0.13055414357882045,0x85f1Aa3a70fEdd1C52705c15BAEd143e675CD626,0x4CbB6188C6101CAcd4eb1126Cc14882Bd93dc3DB,0x833589fCD6eDb6E08f4c7C32D4f71b54bdA02913,0x9B5E262cF9bb04869ab40b19AF91D2dc85761722,0x940181a94A35A4569E4529A3CDfB74e38FD98631,18,6,16,750166,3379740203218229057,0.750166,337.97402032182293,3379740203218979223,9608412175833744,1234730883940685822533876,1234730.8839406858,4.4646319180807394e-21,5512.6189146816305,0,5512.6189146816305,223.98263022540078,1769040000
vAMM-FLOCK/DGLD,0.0011225531470682093,0x2b1CEd170A3cB7CFB1e21657B4BCc3Dd0594639a,0x89f0D55D0A78Ac4F50E9C3bFB61E103250AD566C,0x5aB3D4c385B400F3aBB49e80DE2fAF6a88A7B691,0xd02f50E1017F493ffFFa70c8fCf09e349e11d6c9,0x940181a94A35A4569E4529A3CDfB74e38FD98631,18,18,18,0,0,0.0,0.0,0,82617645754566,10616675974846541742216,10616.675974846543,2.464385583765995e-21,26.16358321992661,0,26.16358321992661,405.7806564798322,1769040000
vAMM-USDC/DGLD,0.000557394779510367,0xA7992C00DE8Cbe07a7f5B2c9FD6a0E98e10E4e8C,0xf63D2e5bd7ECa352d38dFc2bD5Dd81272fC5dA73,0x833589fCD6eDb6E08f4c7C32D4f71b54bdA02913,0xd02f50E1017F493ffFFa70c8fCf09e349e11d6c9,0x940181a94A35A4569E4529A3CDfB74e38FD98631,18,6,18,0,0,0.0,0.0,0,41023537745951,5271625472333226335619,5271.625472333226,3.5139913222593754e-24,0.018524446163980437,0,0.018524446163980437,284576.6845425886,1769040000
CL-USDC/USDbC,0.1885811037449829,0x98c7A2338336d2d354663246F64676009c7bDa97,0x4a3E1294d7869567B387FC3d5e5Ccf14BE2Bbe0a,0x833589fCD6eDb6E08f4c7C32D4f71b54bdA02913,0xd9aAEc86B65D86f6A7B5B1b0c42FFA531710b6CA,0x940181a94A35A4569E4529A3CDfB74e38FD98631,18,6,6,218271,125632,0.218271,0.125632,343903,13879177233809007,1783527558288293731752507,1783527.558288294,1.177716666747726e-21,2100.490131,0,2100.490131,849.1006608249062,1769040000
CL-WETH/USDC,11.074316262925057,0xb2cc224c1c9feE385f8ad6a55b4d94E92359DC59,0xF33a96b5932D9E9B9A0eDA447AbD8C9d48d2e0c8,0x4200000000000000000000000000000000000006,0x833589fCD6eDb6E08f4c7C32D4f71b54bdA02913,0x940181a94A35A4569E4529A3CDfB74e38FD98631,18,18,6,898720583040946271,2523137256,0.8987205830409463,2523.137256,898720585564083527,814561944329815660,104736624464965998893019510,104736624.464966,2.5185357390781585e-21,263782.9319054247,0,263782.9319054247,397.0561086284298,1769040000
CL-cbETH/WETH,3.7866263691640825,0x47cA96Ea59C13F72745928887f84C9F52C3D7348,0xF5550F8F0331B8CAA165046667f4E6628E9E3Aac,0x2Ae3F1Ec7F1F5012CFEab0185bfc7aa3cf0DEc22,0x4200000000000000000000000000000000000006,0x940181a94A35A4569E4529A3CDfB74e38FD98631,18,18,18,936229079185110,13427290662902204,0.00093622907918511,0.013427290662902203,14363519742087314,278605574466215322,35812456010852876549942328,35812456.01085288,2.7724548439285682e-22,9928.841714026783,0,9928.841714026783,3606.9117669848147,1769040000
CL-WETH/wstETH,0.21661936881208482,0x861A2922bE165a5Bd41b1E482B49216b465e1B5F,0x2A1f7bf46bd975b5004b61c6040597E1B6117040,0x4200000000000000000000000000000000000006,0xc1CBa3fCea344f92D9239c08C0568f6F2F0ee452,0x940181a94A35A4569E4529A3CDfB74e38FD98631,18,18,18,1765646189733681,657717386412945,0.001765646189733681,0.000657717386412945,2423363576146626,15942938787479650,2048702686870595498158803,2048702.6868705954,5.480880648649373e-22,1122.8694911305024,0,1122.8694911305024,1824.5243129795665,1769040000
CL-WETH/DEGEN,0.010660613795873212,0xaFB62448929664Bfccb0aAe22f232520e765bA88,0x319e23D38d8ee58783Ff5331507b808709bd00b0,0x4200000000000000000000000000000000000006,0x4ed4E862860beD51a9570b96d89aF5E1B0Efefed,0x940181a94A35A4569E4529A3CDfB74e38FD98631,18,18,18,630408122479833,1720390400272952550351,0.000630408122479833,1720.3904002729525,1720391030681075030184,784609031577446,100823985625410735135443,100823.98562541073,2.905290140574068e-21,292.92293137088734,0,292.92293137088734,344.19970179033686,1769040000
CL-ezETH/WETH,0.000658800980256725,0xDC7EAd706795eDa3FEDa08Ad519d9452BAdF2C0d,0xC6B4fe83Fb284bDdE1f1d19F0B5beB31011B280A,0x2416092f143378750bb29b79eD961ab195CcEea5,0x4200000000000000000000000000000000000006,0x940181a94A35A4569E4529A3CDfB74e38FD98631,18,18,18,6903533277839059,43184693904205926,0.006903533277839059,0.04318469390420593,50088227182044985,6804093705097,6230686322125586233156,6230.686322125586,0.0,0,0,0,nan,1769040000
CL-WETH/BRETT,0.10835188728090069,0x4e829F8A5213c42535AB84AA40BD4aDCCE9cBa02,0xFd73Ab1100a60Ba64686ef9dcdE36d0209773f6a,0x4200000000000000000000000000000000000006,0x532f27101965dd16442E59d40670FaF5eBB142E4,0x940181a94A35A4569E4529A3CDfB74e38FD98631,18,18,18,10969688944466003,3265711995297458951772,0.010969688944466004,3265.711995297459,3265722964986403417775,7963556221717701,1024750481996128775040125,1024750.4819961288,4.696195025026506e-21,4812.428115443734,0,4812.428115443734,212.93834576096123,1769040000
CL-AERO/wstETH,0.026010562982831744,0x565aecF84b5d30a6E79a5CEf3f0dA0Fc4280dEBC,0x45F8b8eC9c92D09BA8495074436fD97073423041,0x940181a94A35A4569E4529A3CDfB74e38FD98631,0xc1CBa3fCea344f92D9239c08C0568f6F2F0ee452,0x940181a94A35A4569E4529A3CDfB74e38FD98631,18,18,18,1,1,1e-18,1e-18,2,1914344448836058,245997902044350350049897,245997.90204435034,5.659929870542994e-21,1392.330873871728,0,1392.330873871728,176.68063436695257,1769040000
CL-WETH/TOSHI,0.10477293147430143,0x74E4c08Bb50619b70550733D32b7e60424E9628e,0x527B83782B2eF0C5506e79333ca709D81644952f,0x4200000000000000000000000000000000000006,0xAC1Bd2486aAf3B5C0fc3Fd868558b082a531B2B4,0x940181a94A35A4569E4529A3CDfB74e38FD98631,18,18,18,17428073595645894,147043315640076600616569,0.017428073595645893,147043.3156400766,147043333068150196262463,7700247453902948,990902094304021533998223,990902.0943040216,4.3075324692354914e-21,4268.342945048022,0,4268.342945048022,232.151471205853,1769040000
CL-weETH/WETH,0.04814042985006882,0xbD3cd0D9d429b41F0a2e1C026552Bd598294d5E0,0xfCfEE5f453728BaA5ffDA151f25A0e53B8C5A01C,0x04C0599Ae5A44757c0af6F9eC3b93da8976c150A,0x4200000000000000000000000000000000000006,0x940181a94A35A4569E4529A3CDfB74e38FD98631,18,18,18,502817801991735,273196410208259,0.000502817801991735,0.000273196410208259,776014212199994,3543126031022692,455293672591660082624475,455293.67259166006,3.186265203326702e-22,145.06863862736265,0,145.06863862736265,3138.4707053133066,1769040000
CL-USDC/axlUSDC,0.002260375683806737,0x43B97febdaDaD12Afde21bAa96eb762bc26D13f3,0x956d84430523fd383E790956eEaAB5b448620cdc,0x833589fCD6eDb6E08f4c7C32D4f71b54bdA02913,0xEB466342C4d449BC9f53A865D5Cb90586f405215,0x940181a94A35A4569E4529A3CDfB74e38FD98631,18,6,6,166283,134093,0.166283,0.134093,300376,166363199292764,21377763965183685786744,21377.763965183687,2.2901396140159545e-21,48.95806411574995,0,48.95806411574995,436.65460126529797,1769040000
CL-WETH/NORMILIO,7.619414871057498e-06,0x2b5fD674f93E329d54371DBa980a67F3ff3BC119,0xdF628e37E89486FbeF037FBf73EBC90D1367d786,0x4200000000000000000000000000000000000006,0xcDE90558fc317C69580DeeAF3eFC509428Df9080,0x940181a94A35A4569E4529A3CDfB74e38FD98631,18,18,18,9060568056509008,26944435153588212599981,0.009060568056509007,26944.435153588212,26944444214156269108989,0,72061495720905346009,72.06149572090534,0.0,0,0,0,nan,0
CL-WETH/USD+,0.11621901431626766,0x4D69971CCd4A636c403a3C1B00c85e99bB9B5606,0xcC2714BF50F3c7174a868bec8f4D4d284A0b07cc,0x4200000000000000000000000000000000000006,0xB79DD08EA68A908A97220C76d19A6aA9cBDE4376,0x940181a94A35A4569E4529A3CDfB74e38FD98631,18,18,6,15167627841346359,67454923,0.015167627841346358,67.454923,15167627908801282,8550991413108194,1099154744106643643734943,1099154.7441066436,3.802479553298755e-21,4179.513440376838,0,4179.513440376838,262.9862924923482,1769040000
CL-USDC/USD+,0.007924536517032343,0x0c1A09d5D0445047DA3Ab4994262b22404288A3B,0xeA22A3AAdA580bD75Fb6caC35034e09046cbFf72,0x833589fCD6eDb6E08f4c7C32D4f71b54bdA02913,0xB79DD08EA68A908A97220C76d19A6aA9cBDE4376,0x940181a94A35A4569E4529A3CDfB74e38FD98631,18,6,6,2486163,682028,2.486163,0.682028,3168191,583247828901731,74947218910659986859953,74947.21891065998,1.9434999813626225e-21,145.65991855604807,0,145.65991855604807,514.5356365266761,1769040000
CL-WETH/PRIME,0.013845468212449634,0x87Cd18069B6547a0E88b6155DD657E71779500eA,0xf9f8138150F67a469Fa5437e75ad16EAAab8C09e,0x4200000000000000000000000000000000000006,0xfA980cEd6895AC314E7dE34Ef1bFAE90a5AdD21b,0x940181a94A35A4569E4529A3CDfB74e38FD98631,18,18,18,20446452987412548,88030275531462670910,0.020446452987412548,88.03027553146268,88050721984450083458,991148441423776,130945113926693971235984,130945.11392669397,1.5846944378380118e-20,2075.079937016967,0,2075.079937016967,63.10364800448807,1769040000
CL-wBLT/USDC,0.012770909762709738,0x7cE345561E1690445eEfA0dB04F59d64b65598A8,0xf00d67799Cd4E1A77D14671149b599A96DcD38eC,0x4E74D4Db6c0726ccded4656d0BCE448876BB4C7A,0x833589fCD6eDb6E08f4c7C32D4f71b54bdA02913,0x940181a94A35A4569E4529A3CDfB74e38FD98631,18,18,6,1919046246495134269,872008,1.9190462464951343,0.872008,1919046246496006277,944000914361278,120782353342291344535822,120782.35334229135,6.016592038645179e-21,726.698145528059,0,726.698145528059,166.20704770689105,1769040000
CL-WETH/doginme,0.02884781516679382,0x088c39ee29fC30DF8Adc394e9f7dEa33E3A26507,0x42d80fdf14f13CA7019FD5A77fd53F1C1f4099a6,0x4200000000000000000000000000000000000006,0x6921B130D297cc43754afba22e5EAc0FBf8Db75b,0x940181a94A35A4569E4529A3CDfB74e38FD98631,18,18,18,860499243129288,43896634188228581440733,0.000860499243129288,43896.63418822858,43896635048727824570021,2120255110814078,272831542103818036879618,272831.54210381804,1.847386859964633e-21,504.0254058664809,0,504.0254058664809,541.3051384479071,1769040000
CL-HIGHER/WETH,0.0002440166746070295,0xd9932A538e4c7621D9Ab1b45DE31a5D60E672B1c,0x63806fa58774B013458aA4C9a7FDD8a72db5Fe70,0x0578d8A44db98B23BF096A382e016e29a5Ce0ffe,0x4200000000000000000000000000000000000006,0x940181a94A35A4569E4529A3CDfB74e38FD98631,18,18,18,1,115966854578,1e-18,1.15966854578e-07,115966854579,17959891277945,2307815869144751976577,2307.815869144752,9.081199461604508e-22,2.0957736228359662,0,2.0957736228359662,1101.1761213130708,1769040000
CL-WETH/KEYCAT,0.0027843726815698112,0xB211a9DDff3a10806c8fdb92Dbc4c34596A23F84,0xA9edd05F8d82f4050d4649FEf30bEC9378f499e7,0x4200000000000000000000000000000000000006,0x9a26F5433671751C3276a065f57e5a02D2817973,0x940181a94A35A4569E4529A3CDfB74e38FD98631,18,18,18,74553863470990,177013666827741345074,7.455386347099e-05,177.01366682774133,177013741381604816064,204884540994024,26333526061234285373051,26333.526061234286,2.4819802062299875e-21,65.35929044422502,0,65.35929044422502,402.9040995129262,1769040000
CL-WETH/ROOST,7.2185817517416114e-06,0xAA500dbEDa452Cc2807185DA993b6E3779333Aca,0x4A7212433200428571B069AeC82620573eE2cbc0,0x4200000000000000000000000000000000000006,0xE1aBD004250AC8D1F199421d647e01d094FAa180,0x0000000000000000000000000000000000000000,18,18,18,0,0,0.0,0.0,0,0,68270570223187968200,68.27057022318797,0.0,0,0,0,nan,0
CL-tBTC/cbETH,1.050122475429007e-08,0xEeB9b3B819C93Db45B731730af290ab6aF82f0D2,0xFC9C7A01517F958736c468229D59cFe34F80C83f,0x236aa50979D5f3De3Bd1Eeb40E81137F22ab794b,0x2Ae3F1Ec7F1F5012CFEab0185bfc7aa3cf0DEc22,0x0000000000000000000000000000000000000000,18,18,18,0,0,0.0,0.0,0,0,99316545364921468,0.09931654536492147,0.0,0,0,0,nan,0
CL-WETH/AERO,1.8778837518789202,0x82321f3BEB69f503380D6B233857d5C43562e2D0,0xdE8FF0D3e8ab225110B088a250b546015C567E27,0x4200000000000000000000000000000000000006,0x940181a94A35A4569E4529A3CDfB74e38FD98631,0x940181a94A35A4569E4529A3CDfB74e38FD98631,18,18,18,34601696639441205,1078697872836860493920,0.0346016966394412,1078.6978728368606,1078732474533499935125,138215726731948812,17760302364477891725492383,17760302.36447789,1.0118764202539865e-21,17971.2311791963,0,17971.2311791963,988.2629736040243,1769040000
CL-Mog/WETH,0.004490062939163902,0xC29dc26B28FFF463e32834Ce6325B5c74fAC7098,0x44e6F4D58A81531338d11aE6374F199A35c787Be,0x2Da56AcB9Ea78330f947bD57C54119Debda7AF71,0x4200000000000000000000000000000000000006,0x940181a94A35A4569E4529A3CDfB74e38FD98631,18,18,18,1964739555986441113855653,220951747252182,1964739.5559864412,0.000220951747252182,1964739556207392861107835,340171546563723,42465288575663067190627,42465.28857566307,2.695440367837561e-21,114.46265305871344,0,114.46265305871344,370.99689235650135,1769040000
CL-WETH/DOG,0.0009921478904440667,0xa4eb9849F46e1E9Db3700BCDadB62096a7bc4aAB,0x3E848AF39c45Cf45c97A622440411C4141dF3e82,0x4200000000000000000000000000000000000006,0xAfb89a09D82FBDE58f18Ac6437B3fC81724e4dF6,0x940181a94A35A4569E4529A3CDfB74e38FD98631,18,18,18,1,1,1e-18,1e-18,2,73024090508568,9383353206467085303379,9383.353206467085,1.4096479856131474e-22,1.3227224945792995,0,1.3227224945792995,7093.96963075881,1769040000
CL-LUSD/USDC,2.349196876662433e-08,0x95b9Ff408700af5a1092Cd218E33084a71e4bE97,0xBF58afee32FFa0Bd24E4c6e43b443aa9679b7c64,0x368181499736d0c0CC614DBB145E2EC1AC86b8c6,0x833589fCD6eDb6E08f4c7C32D4f71b54bdA02913,0x0000000000000000000000000000000000000000,18,18,6,0,0,0.0,0.0,0,0,222178006500489750,0.22217800650048977,0.0,0,0,0,nan,0
CL-USDC/rgUSD,0.0003116217827530653,0xDEfE76cd3c5c25728Fd45De93b000C23048c992f,0x601377635D6C852e27CC49633694449B6E9475c8,0x833589fCD6eDb6E08f4c7C32D4f71b54bdA02913,0x8E5E9DF4F0EA39aE5270e79bbABFCc34203A3470,0x940181a94A35A4569E4529A3CDfB74e38FD98631,18,6,18,6040911,9113978200736726862,6.040911,9.113978200736726,9113978200742767773,0,2947198983704145597644,2947.198983704146,0.0,0,0,0,nan,0
CL-WETH/bsdETH,0.09740072515801296,0x2ae9DF02539887d4EbcE0230168a302d34784c82,0x0b537aC41400433F09d97Cd370C1ea9CE78D8a74,0x4200000000000000000000000000000000000006,0xCb327b99fF831bF8223cCEd12B1338FF3aA322Ff,0x940181a94A35A4569E4529A3CDfB74e38FD98631,18,18,18,3214045704443823,65124151866532,0.003214045704443823,6.5124151866532e-05,3279169856310355,7168890281423128,921178602027360644683480,921178.6020273606,7.690292395604277e-23,70.8413279816439,0,70.8413279816439,13003.406743956753,1769040000
CL-tBTC/USDC,0.05168426619206469,0xf81e1a62cBfA487E807044618661bFD4802B4982,0x37E1a626b09faDE99E94752942a88f17EA2170fd,0x236aa50979D5f3De3Bd1Eeb40E81137F22ab794b,0x833589fCD6eDb6E08f4c7C32D4f71b54bdA02913,0x940181a94A35A4569E4529A3CDfB74e38FD98631,18,18,6,1,10869941,1e-18,10.869941,10869942,3798856223731916,488809913893123721272202,488809.91389312374,1.5597873734168606e-21,762.4395316914773,0,762.4395316914773,641.1130241485454,1769040000
CL-tBTC/SATS,3.3164781689404153e-07,0x86BB57004D5E55a6Ab978287211a53CD3615cAF9,0x1e210791d844A37435d0B1aCCeFD1c94013218A7,0x236aa50979D5f3De3Bd1Eeb40E81137F22ab794b,0x9d36F8f62347538440a212e9162f534f797542df,0x0000000000000000000000000000000000000000,18,18,18,0,0,0.0,0.0,0,0,3136597513378429026,3.1365975133784287,0.0,0,0,0,nan,0
CL-tBTC/WETH,0.024715701632947566,0xA33f162da19C7273BA1205BFD9D4340dA2446E3a,0x996802075582Af2eE133fb30Cc5A9E8A671d3c3a,0x236aa50979D5f3De3Bd1Eeb40E81137F22ab794b,0x4200000000000000000000000000000000000006,0x940181a94A35A4569E4529A3CDfB74e38FD98631,18,18,18,343406530477022,7881419746933,0.000343406530477022,7.881419746933e-06,351287950223955,1819116707591557,233751601350279618724803,233751.6013502796,5.178357819698693e-21,1210.449432719312,0,1210.449432719312,193.1114138532408,1769040000
CL-PSTAKE/USDC,0.00010126977861452512,0x178904D6F5f49074fC3fDb918F0170E0DBB1677e,0xBb9FA2e124dD7fA35621aDe57d42C2d40cB9Ab7A,0x38815A4455921667d673B4cb3d48F0383eE93400,0x833589fCD6eDb6E08f4c7C32D4f71b54bdA02913,0x940181a94A35A4569E4529A3CDfB74e38FD98631,18,18,6,647845778477076535687,21880248,647.8457784770766,21.880248,647845778477098415935,0,957770621732111206974,957.7706217321113,0.0,0,0,0,nan,0
CL-WETH/SPEC,0.0002592156837809208,0xfD7aBC461df4e496A25898CaB0c6EA88cDd94Cf9,0x79eFe300783f448283E54ce7caD08118A52849f6,0x4200000000000000000000000000000000000006,0x96419929d7949D6A801A6909c145C8EEf6A40431,0x940181a94A35A4569E4529A3CDfB74e38FD98631,18,18,18,1,1,1e-18,1e-18,2,19078987698371,2451562252965739108077,2451.5622529657394,1.1963167477743812e-21,2.932844981434408,0,2.932844981434408,835.8990224456796,1769040000
CL-WETH/SKI,0.004261641182656056,0xe782B72A1157b7bEa1A9452835Cce214962aD43B,0x1Dd8e44b202fe7D3E85ce7788311374E2E9df950,0x4200000000000000000000000000000000000006,0x768BE13e1680b5ebE0024C42c896E3dB59ec0149,0x940181a94A35A4569E4529A3CDfB74e38FD98631,18,18,9,145930433238432,10417174639,0.000145930433238432,10.417174639,145940850413071,313668519253205,40304963444703590065012,40304.96344470359,1.4680279577739115e-21,59.168813173880366,0,59.168813173880366,681.1859370283249,1769040000
CL-WETH/BENJI,0.00017548329577471712,0xeBeC4772aBA30d82bC64BBB99187B4Ca29928e2E,0x6c44652cbF0fc9c31149682Eba60aA0D601B6787,0x4200000000000000000000000000000000000006,0xBC45647eA894030a4E9801Ec03479739FA2485F0,0x940181a94A35A4569E4529A3CDfB74e38FD98631,18,18,18,1,1,1e-18,1e-18,2,12916053506180,1659653527411228219769,1659.6535274112282,2.566196215889598e-22,0.4258996601730517,0,0.4258996601730517,3896.8181536864276,1769040000
CL-DOLA/USD+,1.0531467536209983e-10,0x96331Fcb46A7757854d9E26AFf3aCA2815D623fD,0xCB4B8aeD321e22B0B87D9e41538408404433Ac70,0x4621b7A9c75199271F773Ebd9A499dbd165c3191,0xB79DD08EA68A908A97220C76d19A6aA9cBDE4376,0x940181a94A35A4569E4529A3CDfB74e38FD98631,18,18,6,4784560848184584941,9235368,4.784560848184585,9.235368,4784560848193820309,0,996025699661265,0.000996025699661265,0.0,0,0,0,nan,0
CL-USD+/USDbC,7.355208158005039e-05,0x20086910E220D5f4c9695B784d304A72a0de403B,0x7E62007c19C9b9D581354B29c57c61C41b50851a,0xB79DD08EA68A908A97220C76d19A6aA9cBDE4376,0xd9aAEc86B65D86f6A7B5B1b0c42FFA531710b6CA,0x940181a94A35A4569E4529A3CDfB74e38FD98631,18,6,6,12637,17102,0.012637,0.017102,29739,5413643168169,695627302324444464183,695.6273023244445,2.5614656474901456e-21,1.7818254383603063,0,1.7818254383603063,390.4014879058991,1769040000
CL-WETH/weirdo,2.2592647138624435e-07,0x12CCDd646241412F2a5D44a6994Aa29086dEDC61,0xbe806f6D980FE4Ba0Af5D040A045429744C23cb8,0x4200000000000000000000000000000000000006,0x76734B57dFe834F102fB61E1eBF844Adf8DD931e,0x940181a94A35A4569E4529A3CDfB74e38FD98631,18,18,8,25679847505954015,365489860589677,0.025679847505954013,3654898.60589677,26045337366543692,0,2136725683868623334,2.1367256838686233,0.0,0,0,0,nan,0
CL-USDz/USD+,4.054716450348062e-05,0x4Ef1E503C4F1e5664ac98294d0e42ddC9c0FF961,0x958ee1605Aed682Dae998aE47AF7122C641a292C,0x04D5ddf5f3a8939889F11E97f8c4BB48317F1938,0xB79DD08EA68A908A97220C76d19A6aA9cBDE4376,0x940181a94A35A4569E4529A3CDfB74e38FD98631,18,18,6,5126430987300500011,5133084,5.1264309873005,5.133084,5126430987305633095,0,383479489017098906187,383.47948901709896,0.0,0,0,0,nan,0
CL-USDz/USDC,0.0013139793009281824,0xdE5Ff829fEF54d1BdEc957D9538A306f0EAD1368,0xE2F3C8c699A1bf30A12118B287B5208e7C6ddFEF,0x04D5ddf5f3a8939889F11E97f8c4BB48317F1938,0x833589fCD6eDb6E08f4c7C32D4f71b54bdA02913,0x940181a94A35A4569E4529A3CDfB74e38FD98631,18,18,6,1290156258744562272,1360779,1.2901562587445623,1.360779,1290156258745923051,96768023242069,12427110923027186661442,12427.110923027187,2.7342492893817575e-21,33.97881921035536,0,33.97881921035536,365.73109989766533,1769040000
CL-WETH/RSC,0.04884090188302558,0x6cCa90E732942D73c276F73b805cA2948f6B3018,0xe3d65bd2dF47B6B39d9f58ee7368259412326A19,0x4200000000000000000000000000000000000006,0xFbB75A59193A3525a8825BeBe7D4b56899E2f7e1,0x940181a94A35A4569E4529A3CDfB74e38FD98631,18,18,18,426648959974414,165497311883347958247,0.000426648959974414,165.49731188334795,165497738532307932661,3594870685825729,461918467705162263302627,461918.4677051623,4.695100612626398e-21,2168.7536807059546,0,2168.7536807059546,212.9879809839919,1769040000
CL-WETH/TN100x,2.0625130768779134e-06,0xF9b787C6E6111442778A9f6f8850F2d446d44a7c,0x8c5D5de27801DF39a21c396A07C4Ea02f01325B6,0x4200000000000000000000000000000000000006,0x5B5dee44552546ECEA05EDeA01DCD7Be7aa6144A,0x0000000000000000000000000000000000000000,18,18,18,0,0,0.0,0.0,0,0,19506455519086473360,19.506455519086472,0.0,0,0,0,nan,0
CL-TYBG/WETH,0.0005004784240244073,0x8d628d22d298b4a6E3DC9171d4b7aa5229e2353c,0xCc0AbE95Dc41bD7c05f4b1a2F7585A06D3eB8CD8,0x0d97F261b1e88845184f678e2d1e7a98D9FD38dE,0x4200000000000000000000000000000000000006,0x940181a94A35A4569E4529A3CDfB74e38FD98631,18,18,18,1,1731163588980,1e-18,1.73116358898e-06,1731163588981,36837059637484,4733332469955765928624,4733.332469955766,6.417374736619558e-22,3.0375568212715187,0,3.0375568212715187,1558.269605628117,1769040000
CL-USD+/sFRAX,8.726466232569372e-05,0x8e62bE92c6Fb091428d0d6cBa0C0e32529B27e51,0x472b62c9A91E39C2F473BC49bF15Bd0195040E43,0xB79DD08EA68A908A97220C76d19A6aA9cBDE4376,0xe4796cCB6bB5DE2290C417Ac337F2b66CA2E770E,0x0000000000000000000000000000000000000000,18,6,18,0,0,0.0,0.0,0,0,825315617693417230991,825.3156176934173,0.0,0,0,0,nan,0
CL-TKN/USD+,2.0757791375756936e-07,0x6f8e210030f6eE6933b032628a0e148a1CcfF6a6,0x72E51ee5e566d4546a3fB695cb0502A7dc6403cD,0x78b3C724A2F663D11373C4a1978689271895256f,0xB79DD08EA68A908A97220C76d19A6aA9cBDE4376,0x0000000000000000000000000000000000000000,18,18,6,0,0,0.0,0.0,0,0,1963192081955693941,1.9631920819556938,0.0,0,0,0,nan,0
CL-USDC/AERO,0.7446927602566432,0xBE00fF35AF70E8415D0eB605a286D8A45466A4c1,0x430C09546ae9249AB75B9A4ef7B5FD9a4006D6f3,0x833589fCD6eDb6E08f4c7C32D4f71b54bdA02913,0x940181a94A35A4569E4529A3CDfB74e38FD98631,0x940181a94A35A4569E4529A3CDfB74e38FD98631,18,6,18,1,2959655405478815967,1e-06,2.959655405478816,2959655405478815968,54812145000398900,7043017746738774069571890,7043017.746738774,1.2559280190698317e-21,8845.523326935298,0,8845.523326935298,796.2239752725816,1769040000
CL-WETH/OKAYEG,1.7887592348729695e-05,0xAD04bE2b6613586f83049d5953611bAa23971340,0x1bED19abF408e7f05C0DF7c215A429321A2a171F,0x4200000000000000000000000000000000000006,0xdb6e0e5094A25a052aB6845a9f1e486B9A9B3DdE,0x0000000000000000000000000000000000000000,18,18,18,0,0,0.0,0.0,0,0,169173969564461190406,169.1739695644612,0.0,0,0,0,nan,0
CL-hyUSD/eUSD,1.1222297853247545e-07,0x919e084BdC0B4b58513C6d9f2b0a3F40dABC9D6d,0x76de16EDd3e7C15ac6cE2CaD5d9bF082A6f36e94,0xCc7FF230365bD730eE4B352cC2492CEdAC49383e,0xCfA3Ef56d303AE4fAabA0592388F19d7C3399FB4,0x940181a94A35A4569E4529A3CDfB74e38FD98631,18,18,18,299989694998007,475347870263836,0.000299989694998007,0.000475347870263836,775337565261843,0,1061361774382925152,1.0613617743829251,0.0,0,0,0,nan,0
CL-USDC/eUSD,0.09741567046973011,0x988702fe529a3461ec7Fd09Eea3f962856709FD9,0xE62Adb491707513EA98B957d9Adb73D8D23e191C,0x833589fCD6eDb6E08f4c7C32D4f71b54bdA02913,0xCfA3Ef56d303AE4fAabA0592388F19d7C3399FB4,0x940181a94A35A4569E4529A3CDfB74e38FD98631,18,6,18,38275,37059764796474643,0.038275,0.037059764796474645,37059764796512918,7170162972428352,921319949038198005701243,921319.949038198,3.586065423226116e-22,330.3913612974329,0,330.3913612974329,2788.571545636706,1769040000
CL-USDC/XPRT,6.13714874757555e-09,0x75118B598433430DA15FB1340e486461f2A7c07F,0x2cA011C7eAb0C8586E0eFe3bc0D474547f3080fA,0x833589fCD6eDb6E08f4c7C32D4f71b54bdA02913,0xc7Edf7B7b3667a06992508e7B156eff794a9e1c8,0x940181a94A35A4569E4529A3CDfB74e38FD98631,18,6,6,18160067,109104037,18.160067,109.104037,127264104,0,58042792746707986,0.05804279274670798,0.0,0,0,0,nan,0
CL-tBTC/T,0.04179977866247066,0xC35D9e6fC72e8EC2935fae56f07afaD2Ce4DCb1b,0xa8deC3aF01E62f7F0011214B520414FCbbA0cFdf,0x236aa50979D5f3De3Bd1Eeb40E81137F22ab794b,0x26f3901aC8a79c50fb0d8289C74f0d09AdC42E29,0x940181a94A35A4569E4529A3CDfB74e38FD98631,18,18,18,19668542310795,1,1.9668542310795e-05,1e-18,19668542310796,3076648554610848,395326232026313499827275,395326.2320263135,1.3566209708739363e-22,53.63078567034724,0,53.63078567034724,7371.255652607222,1769040000
CL-USD+/wstETH,4.721681523473301e-06,0xa01A2513E95263b9BaCe60B573ce874E1e7a5246,0xa53bA46F4F0280b42575A3BaadAC54a61DB578d0,0xB79DD08EA68A908A97220C76d19A6aA9cBDE4376,0xc1CBa3fCea344f92D9239c08C0568f6F2F0ee452,0x940181a94A35A4569E4529A3CDfB74e38FD98631,18,6,18,42915576,17722205369330308,42.915576,0.017722205369330307,17722205412245884,0,44655848074594425342,44.655848074594424,0.0,0,0,0,nan,0
CL-DEGEN/USD+,0.0018057753290956265,0xa19acc3B4f11c46c2b1Fc36B5f592AF422Ee338c,0xFDb47B2dFcC65899E21aD86197fcEE79c38dFAB5,0x4ed4E862860beD51a9570b96d89aF5E1B0Efefed,0xB79DD08EA68A908A97220C76d19A6aA9cBDE4376,0x940181a94A35A4569E4529A3CDfB74e38FD98631,18,18,6,1,1,1e-18,1e-06,2,132913049637798,17078328631878346537021,17078.328631878347,4.658555229173215e-22,7.9560337153575516,0,7.9560337153575516,2146.5882678340095,1769040000
CL-PRE/AERO,1.0076861317287051e-05,0xc286ecD3910c62dF30fBBFD2C95A3043076d3912,0x35984A6297D9C88A48C20fC99D408555f882dCbF,0x3816dD4bd44c8830c2FA020A5605bAC72FA3De7A,0x940181a94A35A4569E4529A3CDfB74e38FD98631,0x940181a94A35A4569E4529A3CDfB74e38FD98631,18,18,18,10189181567836301214098,55572276004524665156,10189.181567836302,55.57227600452467,10244753843840825879254,0,95303079171360909523,95.30307917136092,0.0,0,0,0,nan,0
CL-WETH/CHOMP,0.0004950914180819457,0x0a7021C9843c2fB3b98c02Ed7f93354774286109,0x243Bc7b24dC4f2552EA9336391E79967d3387652,0x4200000000000000000000000000000000000006,0xebfF2db643Cf955247339c8c6bCD8406308ca437,0x940181a94A35A4569E4529A3CDfB74e38FD98631,18,18,18,37174203810307430,1513425872804782217743,0.03717420381030743,1513.4258728047823,1513463047008592525173,0,4682384239384183133845,4682.384239384183,0.0,0,0,0,nan,0
CL-WETH/SKR,2.3495932005838024e-10,0x4b1f694A027103F10B625b6D8928181d86D450AF,0x22766847029648Ca9639dF9a41d9384c1708C32A,0x4200000000000000000000000000000000000006,0xe2dCA969624795985F2f083BcD0b674337ba130a,0x940181a94A35A4569E4529A3CDfB74e38FD98631,18,18,18,6026249423650778,6013298598744199711050,0.006026249423650778,6013.2985987442,6013304624993623361828,0,2222154892928658,0.002222154892928658,0.0,0,0,0,nan,0
CL-RFL/USDC,0.007862719427048009,0x51c230951b82Dbf7b8696B6fCd2be199cC10779f,0x3d27729DC4683bA7ba97562CDBb3Bb1Ce16540da,0x6e2c81b6c2C0e02360F00a0dA694e489acB0b05e,0x833589fCD6eDb6E08f4c7C32D4f71b54bdA02913,0x940181a94A35A4569E4529A3CDfB74e38FD98631,18,18,6,42114161274208517221,483183,42.11416127420852,0.483183,42114161274209000404,624892323237694,74362576646028075707977,74362.57664602807,2.95394794814072e-21,219.66318070199165,0,219.66318070199165,338.5300003777731,1769040000
CL-WETH/ZRO,0.14016684881806105,0xA4463789e8F3c6A599B3dFB608DDe55513Bcf289,0x46e078FeDCD91a813306D5637d7ec5C7Dc201EC3,0x4200000000000000000000000000000000000006,0x6985884C4392D348587B19cb9eAAf157F13271cd,0x940181a94A35A4569E4529A3CDfB74e38FD98631,18,18,18,68645015647317347,109213418958110160117,0.06864501564731734,109.21341895811015,109282063973757477464,10311385344663221,1325644153422194168484987,1325644.153422194,4.461923362291691e-21,5914.92261823988,0,5914.92261823988,224.1185961307926,1769040000
CL-wXCH/USDC,0.0021290815671006413,0x113138dC05b05AfbE25E8C31ca9DE9b445CAcA48,0xcbbc1c52E14A6163f32aB83Ba7aF70B3CeD3612d,0x36be1d329444aeF5D28df3662Ec5B4F965Cd93E9,0x833589fCD6eDb6E08f4c7C32D4f71b54bdA02913,0x940181a94A35A4569E4529A3CDfB74e38FD98631,18,18,6,22078990015899917,153942,0.022078990015899917,0.153942,22078990016053859,156710036891798,20136034699970012628479,20136.034699970012,1.1296097935326795e-21,22.745862,0,22.745862,885.2614466741253,1769040000
CL-WETH/RDNT,0.00046034965646861534,0x2092f4acbb18BB1649595DF59B9Cb601bBA1EBB7,0x8D88C541f22de965536bD1849013caEE6ce90e11,0x4200000000000000000000000000000000000006,0xd722E55C1d9D9fA0021A5215Cbb904b92B3dC5d4,0x940181a94A35A4569E4529A3CDfB74e38FD98631,18,18,18,1,6640305809906089253,1e-18,6.640305809906089,6640305809906089254,33933965358703,4353810018370770848661,4353.810018370771,4.4659291491571725e-21,19.44380707093455,0,19.44380707093455,223.91756935703378,1769040000
CL-WETH/PRIME,2.642326935786206e-06,0x8216144205B2Ac3523BAc7a8dC46d3c970e84876,0x7396905bE2C4c89C7c0445C7F72681515391730a,0x4200000000000000000000000000000000000006,0xfA980cEd6895AC314E7dE34Ef1bFAE90a5AdD21b,0x940181a94A35A4569E4529A3CDfB74e38FD98631,18,18,18,12361980826132769,8141114716760643818,0.01236198082613277,8.141114716760644,8153476697586776587,0,24990112022862409873,24.99011202286241,0.0,0,0,0,nan,0
CL-WETH/BOOMER,7.468124338992121e-05,0xa7423f6BEc29a511d365B0c934e8000720128aE3,0x25206a301486De7fE19eAB25ACE698Aa7DB03Db6,0x4200000000000000000000000000000000000006,0xcdE172dc5ffC46D228838446c57C1227e0B82049,0x0000000000000000000000000000000000000000,18,18,18,0,0,0.0,0.0,0,0,706306480490644298734,706.3064804906443,0.0,0,0,0,nan,0
CL-WETH/APX,4.263900430139424e-08,0x0C9A0e17eAB266DCF8dcFB4bc12792a9712FEd1E,0x1d94aE3D754D68A42CcC095A9305f3A2A2F3d9e8,0x4200000000000000000000000000000000000006,0xcacf1ca03983CE6c7E235fb20C70aCC70ed13509,0x940181a94A35A4569E4529A3CDfB74e38FD98631,18,18,18,366568137202563,21264701482262625056005,0.000366568137202563,21264.701482262626,21264701848830762258568,0,403263305385828815,0.4032633053858288,0.0,0,0,0,nan,0
CL-USDz/WETH,0.004358434369010068,0xcf88B8bf7CCCe2D836878E538197eB20fC673BCE,0x549690894f61bf0D3a5799D03fDED6e775A424aA,0x04D5ddf5f3a8939889F11E97f8c4BB48317F1938,0x4200000000000000000000000000000000000006,0x940181a94A35A4569E4529A3CDfB74e38FD98631,18,18,18,60014512492167871,2300399085451,0.06001451249216787,2.300399085451e-06,60016812891253322,320761273975648,41220396178358423705421,41220.396178358424,9.867513462904067e-22,40.67428142361911,0,40.67428142361911,1013.4265372521663,1769040000
CL-EXTRA/WETH,0.00507354840873066,0x5A1401c002f67ca00557E7179D34C3FE6d753b28,0x283a6fFdd95F1145988e324F01663fF95247CcE0,0x2dAD3a13ef0C6366220f989157009e501e7938F8,0x4200000000000000000000000000000000000006,0x940181a94A35A4569E4529A3CDfB74e38FD98631,18,18,18,162219340654685153655,20473011593106,162.21934065468514,2.0473011593106e-05,162219361127696746761,373390468543686,47983669761088612582205,47983.66976108861,1.0664267817206612e-21,51.17107051846474,0,51.17107051846474,937.7108838044345,1769040000
CL-WETH/MIGGLES,0.004335654364699742,0x326841EFD63340767e02ec88E583f18a82AF4A48,0xAfabcBbab5e4261B1d655c906738176191819164,0x4200000000000000000000000000000000000006,0xB1a03EdA10342529bBF8EB700a06C60441fEf25d,0x940181a94A35A4569E4529A3CDfB74e38FD98631,18,18,18,119837143938479,107892920421655382517,0.000119837143938479,107.89292042165538,107893040258799320996,319649125231906,41004951657891861025363,41004.95165789186,3.851573497231517e-21,157.93358506079588,0,157.93358506079588,259.6341471138465,1769040000
CL-USDC/USDT,0.09553429794922216,0xa41Bc0AFfbA7Fd420d186b84899d7ab2aC57fcD1,0xBd85D45f1636fCEB2359d9Dcf839f12b3cF5AF3F,0x833589fCD6eDb6E08f4c7C32D4f71b54bdA02913,0xfde4C96c8593536E31F229EA8f37b2ADa2699bb2,0x940181a94A35A4569E4529A3CDfB74e38FD98631,18,6,6,1513843,797828,1.513843,0.797828,2311671,7030906798685125,903526651241670979343245,903526.651241671,1.214467672023179e-21,1097.3039087443708,0,1097.3039087443708,823.406026390231,1769040000
CL-WETH/USDT,0.11023858648719954,0x9785eF59E2b499fB741674ecf6fAF912Df7b3C1b,0x2c0CbF25Bb64687d11ea2E4a3dc893D56Ca39c10,0x4200000000000000000000000000000000000006,0xfde4C96c8593536E31F229EA8f37b2ADa2699bb2,0x940181a94A35A4569E4529A3CDfB74e38FD98631,18,18,6,20665837380302557,92453307,0.020665837380302556,92.453307,20665837472755864,8097711027404890,1042594157538430879833155,1042594.1575384309,6.056892660160689e-21,6314.880900320939,0,6314.880900320939,165.10115930855378,1769040000
CL-BITCOIN/WETH,0.004093945563605998,0xfD22D75b2FB405EE185155D57B0277b9DB2F8E29,0x4D046a24DA2B4C01B89Df7eAe9b4794586489769,0x2a06A17CBC6d0032Cac2c6696DA90f29D39a1a29,0x4200000000000000000000000000000000000006,0x940181a94A35A4569E4529A3CDfB74e38FD98631,18,8,18,2079872391,2271676698626965,20.79872391,0.002271676698626965,2271678778499356,301937520166960,38718962768917686875655,38718.962768917685,5.4145457492285844e-21,209.64559527498307,0,209.64559527498307,184.68769982088912,1769040000
CL-WETH/PEPE,0.0012520793432675506,0x3333E1d9174720D6eC2cF815e65B82915a9eaE1e,0x399fFB6b1263a12Ed23c27BA07043f07D74c19DA,0x4200000000000000000000000000000000000006,0xB4fDe59a779991bfB6a52253B51947828b982be3,0x940181a94A35A4569E4529A3CDfB74e38FD98631,18,18,18,42286950400432,66546899922609219045044,4.2286950400432e-05,66546.89992260921,66546899964896169445476,92148615344458,11841684927780552617253,11841.684927780552,3.527029377506104e-21,41.765970619453256,0,41.765970619453256,283.5247152682015,1769040000
CL-USD+/USDT,6.469833377034983e-08,0xE9C137071861fbA0359eEcCB5865C2588D1Be2BE,0x9cc802bf83AED8e8C1B19d051Dd2D85e1f931973,0xB79DD08EA68A908A97220C76d19A6aA9cBDE4376,0xfde4C96c8593536E31F229EA8f37b2ADa2699bb2,0x940181a94A35A4569E4529A3CDfB74e38FD98631,18,6,6,15300888,15332905,15.300888,15.332905,30633793,0,611891960346122493,0.6118919603461225,0.0,0,0,0,nan,0
CL-BRETT/USD+,3.55614556040064e-05,0xFAD14c545E464e04c737d00643296144eb20c7F8,0x5E3F10AcAa0CE7315Fd9c29839569Ad827a6500a,0x532f27101965dd16442E59d40670FaF5eBB142E4,0xB79DD08EA68A908A97220C76d19A6aA9cBDE4376,0x940181a94A35A4569E4529A3CDfB74e38FD98631,18,18,6,1,1,1e-18,1e-06,2,2617197473276,336326571554911017092,336.326571554911,1.3149891375004756e-20,4.422657882474844,0,4.422657882474844,76.04625555316713,1769040000
CL-EURC/USDC,0.04747617354201609,0xE846373C1a92B167b4E9cd5d8E4d6B1Db9E90EC7,0x1f6c9d116CE22b51b0BC666f86B038a6c19900B8,0x60a3E35Cc302bFA44Cb288Bc5a4F316Fdb1adb42,0x833589fCD6eDb6E08f4c7C32D4f71b54bdA02913,0x940181a94A35A4569E4529A3CDfB74e38FD98631,18,6,6,3551261,7886988,3.551261,7.886988,11438249,3494083482802341,449011391877146005352424,449011.39187714603,2.2869755213467447e-21,1026.8780620288635,0,1026.8780620288635,437.25872475063665,1769040000
CL-WETH/superOETHb,0.00922872090851642,0x6446021F4E396dA3df4235C62537431372195D38,0xdD234DBe2efF53BED9E8fC0e427ebcd74ed4F429,0x4200000000000000000000000000000000000006,0xDBFeFD2e8460a6Ee4955A68582F85708BAEA60A3,0x940181a94A35A4569E4529A3CDfB74e38FD98631,18,18,18,3183322593918983,3717438922476815,0.003183322593918983,0.003717438922476815,6900761516395798,679285235825140,87281693346904654505765,87281.69334690465,1.2265391590661015e-21,107.05441475957778,0,107.05441475957778,815.3021390376231,1769040000
CL-USDC/USDC+,5.60515044316457e-07,0x8dd9751961621Fcfc394d90969E5ae0c5BAbE147,0xd030DF11Fa453A222782F6458cC71954A48EA104,0x833589fCD6eDb6E08f4c7C32D4f71b54bdA02913,0x85483696Cc9970Ad9EdD786b2C5ef735F38D156f,0x940181a94A35A4569E4529A3CDfB74e38FD98631,18,6,6,18646405,17101004,18.646405,17.101004,35747409,0,5301135736937172554,5.301135736937173,0.0,0,0,0,nan,0
CL-WETH/uSOL,0.09236590210678589,0x0225Ba893D5f8Ecd6d2022f9dEC59b34F61098A1,0xcB1137E326B8c48A5B8B29a5Ccc19B6e8b9782D2,0x4200000000000000000000000000000000000006,0x9B8Df6E244526ab5F6e6400d331DB28C8fdDdb55,0x940181a94A35A4569E4529A3CDfB74e38FD98631,18,18,18,165021930932095,573764046693290723,0.000165021930932095,0.5737640466932907,573929068624222818,6793134472936215,873561181805279965517147,873561.18180528,3.61404043983055e-21,3157.0854377104497,0,3157.0854377104497,276.69861935659094,1769040000
CL-WIF/WETH,9.513473384323825e-06,0x3caCB8007d50f3E4166D7c5FD303c1a6ed337531,0x1C664940858DCEa1e5a3B87951f1f74911102CB5,0x1fba65dE0a9cBD2D1DF82d141897042d36Bb6c86,0x4200000000000000000000000000000000000006,0x940181a94A35A4569E4529A3CDfB74e38FD98631,18,18,18,89472450053507601177,27826065182430087,89.4724500535076,0.027826065182430085,89500276118690031264,0,89974772758403437504,89.97477275840343,0.0,0,0,0,nan,0
CL-WETH/POKT,0.001859791840516259,0x32bb4aD5Fed77f7Abf97d1435f8D6aaae59aA64e,0x470Cb18F662BB91b972C81Fdb385412D5509442a,0x4200000000000000000000000000000000000006,0x764A726d9ceD0433A8D7643335919dEb03a9a935,0x940181a94A35A4569E4529A3CDfB74e38FD98631,18,18,6,59096861004,8839556,5.9096861004e-08,8.839556,59105700560,136891033057997,17589196024252784670332,17589.196024252786,2.792413721988966e-21,49.116312336877236,0,49.116312336877236,358.1131234692993,1769040000
CL-EURC/USD+,0.0015121566617602338,0xA51C7A5a121aD3d73E2E9888Bb016e07bdd5BA94,0xf3295461eB9F0acEC52F2Efb9E9788eD86F57f47,0x60a3E35Cc302bFA44Cb288Bc5a4F316Fdb1adb42,0xB79DD08EA68A908A97220C76d19A6aA9cBDE4376,0x940181a94A35A4569E4529A3CDfB74e38FD98631,18,6,6,1,111095,1e-06,0.111095,111096,111303148591311,14301396190499062075259,14301.396190499061,2.6495923625426284e-22,3.789287012004255,0,3.789287012004255,3774.165468383106,1769040000
CL-USDC/sUSX,0.01218735087942298,0xF1a662b3ff0aa7002Bb0F0677067709fd31da422,0x01994190cffB892a899694dBD6803F89FBAa4997,0x833589fCD6eDb6E08f4c7C32D4f71b54bdA02913,0xbC404429558292eE2D769E57d57D6E74bbd2792d,0x940181a94A35A4569E4529A3CDfB74e38FD98631,18,6,18,3157823,1199357485867891879,3.157823,1.199357485867892,1199357485871049702,0,115263277838134101337064,115263.2778381341,0.0,0,0,0,nan,0
CL-wstETH/wrsETH,0.0001599157874193289,0x14dcCDd311Ab827c42CCA448ba87B1ac1039e2A4,0x4197186D3D65f694018Ae4B80355225Ce1dD64AD,0xc1CBa3fCea344f92D9239c08C0568f6F2F0ee452,0xEDfa23602D0EC14714057867A78d01e94176BEA0,0x940181a94A35A4569E4529A3CDfB74e38FD98631,18,18,18,17128198600534,18393779144461,1.7128198600534e-05,1.8393779144461e-05,35521977744995,11770714093010,1512422020042044970734,1512.422020042045,5.998930287442057e-20,90.72914263424522,0,90.72914263424522,16.669638620294748,1769040000
CL-uDOGE/WETH,0.0005179778635352617,0xBE700f5c75dFCbEf3Cae37873aEEB1724daED3f6,0x18835e2b9f96fb3356F6Cc91405e3368D8bF6B1e,0x12E96C2BFEA6E835CF8Dd38a5834fa61Cf723736,0x4200000000000000000000000000000000000006,0x940181a94A35A4569E4529A3CDfB74e38FD98631,18,18,18,471583278934209623,1921863598936,0.47158327893420965,1.921863598936e-06,471585200797808559,38126450455944,4898835439248034321272,4898.835439248035,6.4960789886201806e-21,31.823221965607072,0,31.823221965607072,153.9390148660135,1769040000
CL-WETH/cbBTC,4.924824100917401,0x70aCDF2Ad0bf2402C957154f944c19Ef4e1cbAE1,0x41b2126661C673C2beDd208cC72E85DC51a5320a,0x4200000000000000000000000000000000000006,0xcbB7C0000aB88B473b1f5aFd9ef808440eed33Bf,0x940181a94A35A4569E4529A3CDfB74e38FD98631,18,18,8,194142683202325940,805811,0.19414268320232594,0.00805811,194142683203131751,362470305370094766,46577092451354549882638833,46577092.45135455,2.246617227179012e-21,104640.89829312263,0,104640.89829312263,445.1136526072403,1769040000
CL-USDC/cbBTC,3.561065718866583,0x4e962BB3889Bf030368F56810A9c96B83CB3E778,0x6399ed6725cC163D019aA64FF55b22149D7179A8,0x833589fCD6eDb6E08f4c7C32D4f71b54bdA02913,0xcbB7C0000aB88B473b1f5aFd9ef808440eed33Bf,0x940181a94A35A4569E4529A3CDfB74e38FD98631,18,6,8,975886859,927203,975.886859,0.00927203,976814062,262125298358056834,33679190122161088924114483,33679190.12216109,2.4889955262440582e-21,83827.35354158202,0,83827.35354158202,401.76850036730247,1769040000
CL-IBTC/WETH,5.278026980532927e-11,0x9f093177c5087DD280bd61a1Afab564814807014,0xC5104cbB08A30b6cB3F52E38dA8878acDE1809cF,0x12418783e860997eb99e8aCf682DF952F721cF62,0x4200000000000000000000000000000000000006,0x940181a94A35A4569E4529A3CDfB74e38FD98631,18,8,18,854,64179226243579,8.54e-06,6.4179226243579e-05,64179226244433,0,499175494587170,0.00049917549458717,0.0,0,0,0,nan,0
CL-tBTC/cbBTC,0.008272645035476133,0x138aceE5573fA09e7F215965ff60898cc33c6330,0xB57eC27f68Bd356e300D57079B6cdbe57d50830d,0x236aa50979D5f3De3Bd1Eeb40E81137F22ab794b,0xcbB7C0000aB88B473b1f5aFd9ef808440eed33Bf,0x940181a94A35A4569E4529A3CDfB74e38FD98631,18,18,8,1275136851844,6071,1.275136851844e-06,6.071e-05,1275136857915,608919054826038,78239495409152609083997,78239.49540915262,1.3046333686211494e-21,102.07385645486173,0,102.07385645486173,766.4988678442952,1769040000
CL-USD+/cbBTC,3.19179931887967e-07,0xe05ce080119b33dd30482A6eC9b8911508AE226e,0x1e6490C37841024B9eE55F505cCB24cefa7FCE9c,0xB79DD08EA68A908A97220C76d19A6aA9cBDE4376,0xcbB7C0000aB88B473b1f5aFd9ef808440eed33Bf,0x940181a94A35A4569E4529A3CDfB74e38FD98631,18,6,8,5710797,6052,5.710797,6.052e-05,5716849,0,3018681051652900195,3.0186810516529006,0.0,0,0,0,nan,0
CL-WETH/uBTC,9.845190949344307e-09,0xDdF56Af090c09bB0F993E00D7c676076CC59C72e,0xe5FfE849A481028a8F772b7113bAb7bFae6f2A82,0x4200000000000000000000000000000000000006,0xF1143f3A8D76f1Ca740d29D5671d365F66C44eD1,0x940181a94A35A4569E4529A3CDfB74e38FD98631,18,18,18,35158948181108917,870714880456260,0.035158948181108915,0.00087071488045626,36029663061565177,0,93112029922739330,0.09311202992273933,0.0,0,0,0,nan,0
CL-WETH/EURC,0.2683820552118435,0x5d4e504EB4c526995E0cC7A6E327FDa75D8B52b5,0xb0C500d53720ff63F000de6D26f7Fe5c66571e3d,0x4200000000000000000000000000000000000006,0x60a3E35Cc302bFA44Cb288Bc5a4F316Fdb1adb42,0x940181a94A35A4569E4529A3CDfB74e38FD98631,18,18,6,14631305385138900,60623014,0.0146313053851389,60.623014,14631305445761914,19754646124499195,2538254268930738168760105,2538254.2689307383,2.2909052792803857e-21,5814.900104849405,0,5814.900104849405,436.5086627737476,1769040000
CL-EURC/cbBTC,0.015192923956213293,0xb07d7EeCe8866E549601AF5C7622D8cdbEdC914e,0x017a82B26d612cAD89d240206F652E76ae8C4B31,0x60a3E35Cc302bFA44Cb288Bc5a4F316Fdb1adb42,0xcbB7C0000aB88B473b1f5aFd9ef808440eed33Bf,0x940181a94A35A4569E4529A3CDfB74e38FD98631,18,6,8,9763635,9081,9.763635,9.081e-05,9772716,1129049697055667,143688832172325849606691,143688.83217232584,7.26440315915177e-21,1043.8136063674724,0,1043.8136063674724,137.65755810787974,1769040000
CL-WETH/stTAO,0.003239648237857636,0x266f421f80016d670C9de757d561a5C4a6A9FFAc,0x41513004596B32B5483620f55774E3a2a5cB9052,0x4200000000000000000000000000000000000006,0x806041B6473DA60abbe1b256d9A2749A151be6C6,0x940181a94A35A4569E4529A3CDfB74e38FD98631,18,18,9,598687457512359,1811520,0.000598687457512359,0.00181152,598687459323879,238897898588891,30639347191396017081507,30639.347191396017,1.4884080696445469e-21,45.60385160831481,0,45.60385160831481,671.8587599695118,1769040000
CL-xPufETH/WETH,5.737576943609242e-05,0xCDf927C0F7b81b146C0C9e9323eb5A28D1BFA183,0x7d90e903936dad918fac797913925C7598d233f8,0x23dA5F2d509cb43A59d43C108a43eDf34510eff1,0x4200000000000000000000000000000000000006,0x940181a94A35A4569E4529A3CDfB74e38FD98631,18,18,18,1365256016178624,9141515844958912,0.001365256016178624,0.009141515844958911,10506771861137536,592663029329,542637962845142579588,542.6379628451426,0.0,0,0,0,nan,1769040000
CL-uSOL/cbBTC,0.05515233349379679,0xC900eA56B5227aE2d95c288a2597B278Cbf741dd,0xBa5377EA1eD9bd016dC07182427340874d94231A,0x9B8Df6E244526ab5F6e6400d331DB28C8fdDdb55,0xcbB7C0000aB88B473b1f5aFd9ef808440eed33Bf,0x940181a94A35A4569E4529A3CDfB74e38FD98631,18,18,8,18342199751680152,3754,0.018342199751680152,3.754e-05,18342199751683906,4069548104517059,521609560749588239979185,521609.56074958824,1.9026397217394578e-21,992.4350695212374,0,992.4350695212374,525.5855791162428,1769040000
CL-cbBTC/uBTC,1.5237995890954882e-05,0x9ed7EB51A8e6Af23d77180acC32a3312A06bDC79,0x381BaA9990C5aA04015936a2ec37D4d2da519899,0xcbB7C0000aB88B473b1f5aFd9ef808440eed33Bf,0xF1143f3A8D76f1Ca740d29D5671d365F66C44eD1,0x940181a94A35A4569E4529A3CDfB74e38FD98631,18,8,18,13,60070276515,1.3e-07,6.0070276515e-08,60070276528,1121587639619,144115105198204956583,144.11510519820496,1.3210708704961316e-22,0.01903862674758342,0,0.01903862674758342,7569.616606749094,1769040000
CL-WETH/ETHFI,0.004366536702362064,0xFefe4e80F2D747A484154F7ae18B20d478E49D40,0xD33e1Ccbd216Cb3e2D63B114E119862002442196,0x4200000000000000000000000000000000000006,0x6C240DDA6b5c336DF09A4D011139beAAa1eA2Aa2,0x940181a94A35A4569E4529A3CDfB74e38FD98631,18,18,18,49120551321373,119149106653757055,4.9120551321373e-05,0.11914910665375705,119198227205078428,321400229174368,41297024931360446686125,41297.02493136045,2.1921565764624774e-21,90.5295447916167,0,90.5295447916167,456.1717948148202,1769040000
CL-USDz/cbBTC,3.063085977840398e-09,0x7f770A81811B58094b75CeA1dE76304aa8EAE72c,0x384Ce87727323eDeDdc95D3206399806A3da7F02,0x04D5ddf5f3a8939889F11E97f8c4BB48317F1938,0xcbB7C0000aB88B473b1f5aFd9ef808440eed33Bf,0x940181a94A35A4569E4529A3CDfB74e38FD98631,18,18,8,91955452960064316,165,0.09195545296006431,1.65e-06,91955452960064481,0,28969489235106558,0.02896948923510656,0.0,0,0,0,nan,0
CL-WETH/TRVL,6.688509919156796e-06,0x0511a888D009029781f34696996742B0a55Db585,0x1E81Aaa4aeCe5123f70bF5607876C8d28FcdF89D,0x4200000000000000000000000000000000000006,0x74aa9bB52B36a378a6E641B86d7acb76Dc9b3940,0x940181a94A35A4569E4529A3CDfB74e38FD98631,18,18,18,1,3107433740406176373,1e-18,3.1074337404061763,3107433740406176374,492309756536,63257354675537683103,63.257354675537684,6.307891692147911e-20,3.9902054202507795,0,3.9902054202507795,15.853157422547444,1769040000
CL-WETH/SPX,0.03738220760576256,0x4BA1e3E9280facbAcaFA7baF4aE0b78Bea60beCa,0x9D312ED8646cE9a4eC2A44279C07CFCcfefAB012,0x4200000000000000000000000000000000000006,0x50dA645f148798F68EF2d7dB7C1CB22A6819bb2C,0x940181a94A35A4569E4529A3CDfB74e38FD98631,18,18,8,510610957804928,909622810,0.000510610957804928,9.0962281,510611867427738,2747758176519666,353546543797368945982310,353546.54379736894,2.1681122398295763e-21,766.528588956519,0,766.528588956519,461.23073410563126,1769040000
CL-WETH/uSUI,0.024977686579873936,0x5C45b0F48c326f79b56709d8F63CE2beE7697106,0xeD5355807FB4e7A04A7Ff8Bbc20cf65d425cB868,0x4200000000000000000000000000000000000006,0xb0505e5a99abd03d94a1169e638B78EDfEd26ea4,0x940181a94A35A4569E4529A3CDfB74e38FD98631,18,18,18,2632068065710030,6351575617084705572,0.00263206806571003,6.3515756170847055,6354207685150415602,1828538882867360,236229354229124474952371,236229.3542291245,6.2749120537248066e-21,1482.3184222959603,0,1482.3184222959603,159.3647833528435,1769040000
CL-WETH/mooBIFI,0.4488662332187642,0xb378137c90444BbceCD44a1f766851fbf53D2a9E,0x6E415053AAcDDDc8b678a806a5279A8DCDD4f6f1,0x4200000000000000000000000000000000000006,0xc55E93C62874D8100dBd2DfE307EDc1036ad5434,0x940181a94A35A4569E4529A3CDfB74e38FD98631,18,18,18,8261058146778739,59124981414849444,0.008261058146778738,0.059124981414849447,67386039561628183,33048924908771193,4245204217350036782197130,4245204.217350037,5.259523205691478e-22,2232.7750094051844,0,2232.7750094051844,1901.3130295116334,1769040000
CL-WETH/OVN,2.1209914155437066e-08,0x1DA71Ce5Ebf772f9fdD44E29Bec53C7185E188BA,0x7a8464B293e1A035A2546Dd38fb9cF8BE4c5AB44,0x4200000000000000000000000000000000000006,0xA3d1a8DEB97B111454B294E2324EfAD13a9d8396,0x940181a94A35A4569E4529A3CDfB74e38FD98631,18,18,18,189850056568505357,457509063005827672532,0.18985005656850534,457.50906300582767,457698913062396177889,0,200595211577010362,0.20059521157701038,0.0,0,0,0,nan,0
CL-Mog/USD+,0.000494167476407495,0x08361c463C8EC4fC1c7AddfADB006f5Ca7951fc1,0xDE199C94Fc91fA302ceae3A34c85c386966fDce5,0x2Da56AcB9Ea78330f947bD57C54119Debda7AF71,0xB79DD08EA68A908A97220C76d19A6aA9cBDE4376,0x940181a94A35A4569E4529A3CDfB74e38FD98631,18,18,6,62166585222001971468460588,31060670,62166585.22200197,31.06067,62166585222001971499521258,0,4673645954339132262636,4673.645954339132,0.0,0,0,0,nan,0
CL-WIF/USD+,2.916982883926358e-06,0x090d9C28E1Edca0e693a9e553B256E07Ca2af021,0xF36283a09895eDff51E9451cd70c64e53B5dc2Bb,0x1fba65dE0a9cBD2D1DF82d141897042d36Bb6c86,0xB79DD08EA68A908A97220C76d19A6aA9cBDE4376,0x940181a94A35A4569E4529A3CDfB74e38FD98631,18,18,6,1612281229460357187,554465,1.6122812294603572,0.554465,1612281229460911652,0,27587702358414755267,27.587702358414752,0.0,0,0,0,nan,0
CL-KEYCAT/USD+,1.1441669160475256e-12,0x5D7411A51442D287d742FfefC02658D2c9865F29,0x13DBd71e42055a440337F0c3794d82cD82703e74,0x9a26F5433671751C3276a065f57e5a02D2817973,0xB79DD08EA68A908A97220C76d19A6aA9cBDE4376,0x940181a94A35A4569E4529A3CDfB74e38FD98631,18,18,6,1887642574644131809387,4588939,1887.6425746441319,4.588939,1887642574644136398326,0,10821090690041,1.0821090690041e-05,0.0,0,0,0,nan,0
CL-MIGGLES/USD+,5.283660225051678e-07,0xaeA775CB2879F54E197eC085f9bB08E4B59f1d9E,0x871f78b2C1324fbdEFC9A6Ac9Ac409C9202dEd4F,0xB1a03EdA10342529bBF8EB700a06C60441fEf25d,0xB79DD08EA68A908A97220C76d19A6aA9cBDE4376,0x940181a94A35A4569E4529A3CDfB74e38FD98631,18,18,6,1159332630812247738776,29643993,1159.3326308122478,29.643993,1159332630812277382769,0,4997082651904938879,4.997082651904939,0.0,0,0,0,nan,0
CL-USDz/BRETT,3.3294879414168493e-06,0xaf61a867867A95836A08A025220F8E6879F8bAdb,0x3E3E749FD28c2Ee7C6Dd05fa2D70b1b37dba5607,0x04D5ddf5f3a8939889F11E97f8c4BB48317F1938,0x532f27101965dd16442E59d40670FaF5eBB142E4,0x940181a94A35A4569E4529A3CDfB74e38FD98631,18,18,18,1160289353028752641413,22186142047333684747310,1160.2893530287527,22186.142047333684,23346431400362437388723,0,31489016558815711239,31.48901655881571,0.0,0,0,0,nan,0
CL-USDz/DEGEN,0.0004942543043472879,0x24Ee0b4DcCE323A03fba842190CeaA451Ff7cA5B,0x9918C85E4e5937DA606d65C9935Ea3ffe4DE06A4,0x04D5ddf5f3a8939889F11E97f8c4BB48317F1938,0x4ed4E862860beD51a9570b96d89aF5E1B0Efefed,0x940181a94A35A4569E4529A3CDfB74e38FD98631,18,18,18,3079621174274545260,1960333741721292162369,3.0796211742745454,1960.3337417212922,1963413362895566707629,0,4674467139603056836599,4674.467139603057,0.0,0,0,0,nan,0
CL-WETH/DOG,6.107474741481754e-06,0x6bFdf73DC419f2d9393AF8e68459491395Ea88a2,0x85b720eFdAC1BbE7671003AB8E349945B915A611,0x4200000000000000000000000000000000000006,0x9E53e88dCff56d3062510A745952DEC4cEFDff9E,0x940181a94A35A4569E4529A3CDfB74e38FD98631,18,18,18,336052567084447,5070532586909010407112,0.000336052567084447,5070.53258690901,5070532922961577491559,0,57762147408537370814,57.76214740853737,0.0,0,0,0,nan,0
CL-WETH/uNEAR,0.0009596199800703195,0x864cc817099761c7b7F8228822f2BDe0B74A6588,0xB95276137089404eD801c65d5Fba51BDf2c084DF,0x4200000000000000000000000000000000000006,0x5ed25E305E08F58AFD7995EaC72563E6BE65A617,0x940181a94A35A4569E4529A3CDfB74e38FD98631,18,18,18,1,168944682012423809,1e-18,0.1689446820124238,168944682012423810,70742610528708,9075716739116877686853,9075.716739116879,6.909670553052529e-21,62.71021270012181,0,62.71021270012181,144.72470030546157,1769040000
CL-BOTTO/WETH,1.5089024157299242e-05,0x6641fFD33CF3eF95c75f2afC75A4791Cd2C1B448,0xa3E705674531E59718D97c5fDA03e41263F14351,0x24914CB6BD01E6a0CF2a9c0478e33c25926e6a0c,0x4200000000000000000000000000000000000006,0x940181a94A35A4569E4529A3CDfB74e38FD98631,18,18,18,272443364763231115843,11875217723573903,272.4433647632311,0.011875217723573903,272455239980954689746,0,142706187830003981871,142.70618783000398,0.0,0,0,0,nan,0
CL-WETH/CHAD,6.186380890227833e-05,0x36104bB6Ce1EdF37076f1CF6FBaBbCDF67DDff1B,0x3c63fa8945D6b2AA673a5E1B8ab70022c1796d6c,0x4200000000000000000000000000000000000006,0xecaF81Eb42cd30014EB44130b89Bcd6d4Ad98B92,0x940181a94A35A4569E4529A3CDfB74e38FD98631,18,18,18,8973477949186158,610614876095518963639636,0.008973477949186157,610614.8760955189,610614885068996912825794,0,585084114191528668394,585.0841141915287,0.0,0,0,0,nan,0
CL-USDz/KEYCAT,0.0006968678095488166,0x2C206C7dE24787f85B5c52d2ea339aDC6D5af40F,0xE7CfAea003D352B7c94a255566Da36b2DcE39B88,0x04D5ddf5f3a8939889F11E97f8c4BB48317F1938,0x9a26F5433671751C3276a065f57e5a02D2817973,0x940181a94A35A4569E4529A3CDfB74e38FD98631,18,18,18,1,1,1e-18,1e-18,2,51348114436147,6590707754553477209481,6590.707754553477,3.2250817797861293e-21,21.25557149510557,0,21.25557149510557,310.0696566107898,1769040000
CL-WETH/uAPT,0.00022915388700864292,0xa88C07bD10813CF9B4111DeAb984c4026F2C83bf,0x27149E8aEf0331487B97D2D80ef88D7EAB9E026E,0x4200000000000000000000000000000000000006,0x9c0e042d65a2e1fF31aC83f404E5Cb79F452c337,0x940181a94A35A4569E4529A3CDfB74e38FD98631,18,18,18,2324419927709,10087994853348418,2.324419927709e-06,0.010087994853348417,10090319273276127,16867155175128,2167249339687193983854,2167.249339687194,2.159734163350884e-21,4.680682439422077,0,4.680682439422077,463.0199479960413,1769040000
CL-WETH/Neiro,0.005669444391842426,0xa4513D1f6BDa04Bd733462b58D1790514DdCf5de,0xC36EBCd3B47b3b6C0fBC23e9778B634DFF0517a6,0x4200000000000000000000000000000000000006,0x5Ca35eBC4f25B042d2cAE75914c7e882E631fA9A,0x940181a94A35A4569E4529A3CDfB74e38FD98631,18,18,9,15602045884222,24811785203,1.5602045884222e-05,24.811785203,15626857669425,417311210694792,53619424811023759550036,53619.42481102376,1.5174814088972584e-22,8.136648030649296,0,8.136648030649296,6589.8665653287435,1769040000
CL-SolvBTC/cbBTC,2.8125917826488096e-05,0x83eE4a0d418aA520A7BC1A3782bDb445F31b8e29,0x2d3825c93f79E97548FE7b7779ADfE6C3b962afb,0x3B86Ad95859b6AB773f55f8d94B4b9d443EE931f,0xcbB7C0000aB88B473b1f5aFd9ef808440eed33Bf,0x940181a94A35A4569E4529A3CDfB74e38FD98631,18,18,8,1,1,1e-18,1e-08,2,2070245840533,266004114672746357465,266.00411467274637,1.5266628360268137e-21,0.4060985961010967,0,0.4060985961010967,655.0234776150904,1769040000
CL-SolvBTC/xSolvBTC,1.4971079103123028e-05,0x0c0E3d9b455B1097D4B4B2fd0B34E51d31AD2d1A,0x04917fBA393848554F344c2877A17e9E0650622A,0x3B86Ad95859b6AB773f55f8d94B4b9d443EE931f,0xC26C9099BD3789107888c35bb41178079B282561,0x940181a94A35A4569E4529A3CDfB74e38FD98631,18,18,18,3171465466580,3100934123700,3.17146546658e-06,3.1009341237e-06,6272399590280,0,141590708864669502603,141.5907088646695,0.0,0,0,0,nan,0
CL-jEUR/USDC,1.7153310409836578e-05,0xf11fD84609D5d55f5A2787eF5c8774C17a609B25,0x8f28db1048a89e878FdC18aBbf5D7b5bF242d280,0x4154550f4Db74Dc38d1FE98e1F3F28ed6daD627d,0x833589fCD6eDb6E08f4c7C32D4f71b54bdA02913,0x940181a94A35A4569E4529A3CDfB74e38FD98631,18,18,6,38867574457281051,40302,0.03886757445728105,0.040302,38867574457321353,0,162229413362583118563,162.2294133625831,0.0,0,0,0,nan,0
CL-VIRTUAL/WETH,0.16650652393770374,0xC200F21EfE67c7F41B81A854c26F9cdA80593065,0xBDA319Bc7Cc8F0829df39eC0FFF5D1E061FFadf7,0x0b3e328455c4059EEb9e3f84b5543F74E24e7E1b,0x4200000000000000000000000000000000000006,0x940181a94A35A4569E4529A3CDfB74e38FD98631,18,18,18,57411299293606627163,19202001207589046,57.411299293606625,0.019202001207589046,57430501294814216209,12248092024398403,1574754671492820512361703,1574754.6714928206,2.7697309498212902e-21,4361.646752009324,0,4361.646752009324,361.0458987233119,1769040000
CL-WETH/uSEI,3.0280605198137276e-05,0x859c91f9Fe1EC10e38a7CCaD0B87f0aAE0b88cFE,0x4C74464A878947AF6fb4c2aFdd10799529cAe732,0x4200000000000000000000000000000000000006,0x71a67215a2025F501f386A49858A9ceD2FC0249d,0x940181a94A35A4569E4529A3CDfB74e38FD98631,18,18,18,1,1,1e-18,1e-18,2,2228419945834,286382319225143428949,286.3823192251434,2.1901422673149324e-21,0.6272180219466643,0,0.6272180219466643,456.5913433678346,1769040000
CL-EIGEN/WETH,0.020494674244894914,0x3c5428b3D6e07f6de38b0c7F84ea9d30b3b27231,0xBf53D46947cED25cefb63a2b09C7a99C1ab96830,0x2081Ab0D9EC9e4303234Ab26D86b20B3367946ee,0x4200000000000000000000000000000000000006,0x940181a94A35A4569E4529A3CDfB74e38FD98631,18,18,18,1417136607435150736,400254696242773,1.4171366074351508,0.000400254696242773,1417536862131393509,1509422180354197,193830747556454860005452,193830.74755645485,1.883830592557773e-21,365.14429202519244,0,365.14429202519244,530.8332946447424,1769040000
CL-WETH/LUNA,0.026694520351263875,0xB6b777577A05D85FFca7D9EBC7476Fb344B92445,0x9C590e540B6D2b602565d00eB47023a2Ea66f4E0,0x4200000000000000000000000000000000000006,0x55cD6469F597452B5A7536e2CD98fDE4c1247ee4,0x940181a94A35A4569E4529A3CDfB74e38FD98631,18,18,18,988958461160344,430381607559795135613,0.000988958461160344,430.38160755979516,430382596518256295957,1970613825106494,252466507811673920491568,252466.50781167392,2.5203554646336677e-21,636.3053426001309,0,636.3053426001309,396.76942956351974,1769040000
CL-WETH/MOODENG,3.6738579034754985e-05,0xCE8893c143059E7359d261a7AE4bAb7273CD0C27,0xcc8C372072c8F0B42186020326f8C91301fB0A8f,0x4200000000000000000000000000000000000006,0x81893B6D44151716CEeEc730d8d89114C959a079,0x940181a94A35A4569E4529A3CDfB74e38FD98631,18,18,6,6589124253721740,128627970,0.00658912425372174,128.62797,6589124382349710,0,347459352287205469396,347.45935228720543,0.0,0,0,0,nan,0
CL-POPCAT/WETH,0.00013023141766394498,0x5D332dC44faC918e66D335fB874FdcDab73560C2,0x3d806C3a4ACBb6c3CF1C0389131421a36DfCEd85,0x13281AE464191bC592c6E5D65EeeAEee02660D84,0x4200000000000000000000000000000000000006,0x940181a94A35A4569E4529A3CDfB74e38FD98631,18,9,18,170999140692,35755777014012884,170.999140692,0.035755777014012884,35755948013153576,0,1231678666345583811085,1231.6786663455837,0.0,0,0,0,nan,0
CL-NEIRO/WETH,2.088744314024547e-08,0xaEF61f2410B14626157C950cEeE2Ddac90195250,0xa4a99F0C9FFb071Cb85B106c6e85167e60666442,0x2545D6738E3f072c430Af027B94b62847234cE3D,0x4200000000000000000000000000000000000006,0x0000000000000000000000000000000000000000,18,9,18,0,0,0.0,0.0,0,0,197545404725093932,0.1975454047250939,0.0,0,0,0,nan,0
CL-SolvBTC/xSolvBTC,7.898328726160574e-07,0x283f82A1D3B65090ed241B30C3D4cCb777B1e8AE,0x264fC3fEded75803Fa8ae9C83D7c2C4591342CEb,0x3B86Ad95859b6AB773f55f8d94B4b9d443EE931f,0xC26C9099BD3789107888c35bb41178079B282561,0x940181a94A35A4569E4529A3CDfB74e38FD98631,18,18,18,9808925032754,15429579884593,9.808925032754e-06,1.5429579884593e-05,25238504917347,0,7469935570308820056,7.46993557030882,0.0,0,0,0,nan,0
CL-WETH/YGG,0.0004010241572452954,0xdC9279CE30A5044bbc345bf50030d44f45f0e768,0x588D8f2024016604D087bd99668757f1C66B9C03,0x4200000000000000000000000000000000000006,0xaAC78d1219c08AecC8e37e03858FE885f5EF1799,0x940181a94A35A4569E4529A3CDfB74e38FD98631,18,18,18,1,598740008742940051,1e-18,0.5987400087429401,598740008742940052,29512338684297,3792732260988004004802,3792.732260988004,2.187068834696964e-21,8.294966526356616,0,8.294966526356616,457.23297965541997,1769040000
CL-EURC/USDC,0.13778966770933362,0xc5E51044eB7318950B1aFb044FccFb25782C48c1,0x85af8D930cB738954d307D6E62F04dd05D839C37,0x60a3E35Cc302bFA44Cb288Bc5a4F316Fdb1adb42,0x833589fCD6eDb6E08f4c7C32D4f71b54bdA02913,0x940181a94A35A4569E4529A3CDfB74e38FD98631,18,6,6,31658362,40261337,31.658362,40.261337,71919699,10140361743298085,1303161688666917846041703,1303161.6886669178,2.2304960785986122e-21,2906.6970363515056,0,2906.6970363515056,448.3307590606863,1769040000
CL-WETH/TALENT,0.015708024227224764,0x346eDb1aAa704dF6dDbfc604724AAFcdC12b2fed,0x37C1Eb7F00CD43A1e52f4E93b55Ed324ce60359d,0x4200000000000000000000000000000000000006,0x9a33406165f562E16C3abD82fd1185482E01b49a,0x940181a94A35A4569E4529A3CDfB74e38FD98631,18,18,18,4698412764022,895905583858331064992,4.698412764022e-06,895.905583858331,895905588556743829014,1162739556506163,148560452448093631721535,148560.45244809362,1.7499810515033733e-21,259.9779767869318,0,259.9779767869318,571.4347587597707,1769040000
CL-WETH/msETH,1.762533429122885,0x74F72788F4814D7fF3C49B44684aa98Eee140C0E,0x4f665e05d23a5AB1D1A581e8040B585Fb4d0453d,0x4200000000000000000000000000000000000006,0x7Ba6F01772924a82D9626c126347A28299E98c98,0x940181a94A35A4569E4529A3CDfB74e38FD98631,18,18,18,3785913669991764,155703039978324,0.003785913669991764,0.000155703039978324,3941616709970088,129533207216255712,16669363371083057869438616,16669363.371083058,7.885338638447729e-22,13144.357506832654,0,13144.357506832654,1268.1763534214624,1769040000
CL-msUSD/USDC,1.842546862595194,0x7501bc8Bb51616F79bfA524E464fb7B41f0B10fB,0x3d86AED6eCC8dAf71C8b50d06f38455b663265d8,0x526728DBc96689597F85ae4cd716d4f7fCcBAE9d,0x833589fCD6eDb6E08f4c7C32D4f71b54bdA02913,0x940181a94A35A4569E4529A3CDfB74e38FD98631,18,18,6,214649797769209764,8409,0.21464979776920975,0.008409,214649797769218173,135455402211500187,17426099654820747044734208,17426099.654820748,7.706378781711801e-22,13429.212462790594,0,13429.212462790594,1297.62632791049,1769040000
CL-WETH/WELL,0.030919559137934892,0x3Ba9ce0f19cF3CcB631b973c83712C7E6E9585ae,0xe871A267A418C200F8b92Ae21397221122B79808,0x4200000000000000000000000000000000000006,0xA88594D404727625A9437C3f886C7643872296AE,0x940181a94A35A4569E4529A3CDfB74e38FD98631,18,18,18,15192770488940002,6063505435173371982272,0.015192770488940003,6063.505435173372,6063520627943860922274,2275467796438837,292425299871003847605703,292425.29987100384,6.183332644678459e-21,1808.1629028222656,0,1808.1629028222656,161.7250853972132,1769040000
CL-BTCB/AERO,8.023284882535808e-08,0x1a1fa53D4D84D016BF660f2CF0f86f481a537752,0x627AC3BEA1d3544270A924e5a13fd826Ae2a29Ab,0x0c41F1FC9022FEB69aF6dc666aBfE73C9FFDA7ce,0x940181a94A35A4569E4529A3CDfB74e38FD98631,0x0000000000000000000000000000000000000000,18,18,18,0,0,0.0,0.0,0,0,758811429768247461,0.7588114297682474,0.0,0,0,0,nan,0
CL-USDC/STAR,0.010857692477255005,0xa7C2693022cfB693c198EaA743E9B54d7921588E,0x9Aa4F2cF55E1EA0eEEfC6E455ADe474c8Add67A2,0x833589fCD6eDb6E08f4c7C32D4f71b54bdA02913,0xC19669A405067927865B40Ea045a2baabbbe57f5,0x940181a94A35A4569E4529A3CDfB74e38FD98631,18,6,18,1,15010504574809171,1e-06,0.015010504574809172,15010504574809172,799051806185619,102687880005151302274582,102687.8800051513,1.769145978471178e-22,18.16698499488443,0,18.16698499488443,5652.444807658881,1769040000
CL-RUSSELL/WETH,5.486873384853849e-07,0x6bcE1AAa2eFE9dE37BEC193f3499484082B261c2,0x985a58248b44Ca5914b03b6de3f0934A2078720B,0x0C5142BC58f9A61AB8C3D2085DD2F4e550c5cE0B,0x4200000000000000000000000000000000000006,0x940181a94A35A4569E4529A3CDfB74e38FD98631,18,18,18,109015472939196757021419,245556120858771261,109015.47293919676,0.24555612085877127,109015718495317615792680,0,5189273843660892491,5.189273843660892,0.0,0,0,0,nan,0
CL-LOGX/USDC,8.90893709589224e-06,0x68ae3F59217490F3E02b8076aE117c9f9Dc0fEbE,0xf661ede7D6318e43fCF252351A05C3ce377F1E9D,0x04055057677807D2a53d2b25a80FF3b4d932aE1a,0x833589fCD6eDb6E08f4c7C32D4f71b54bdA02913,0x940181a94A35A4569E4529A3CDfB74e38FD98631,18,18,6,1114463019752823072335,9901567,1114.4630197528231,9.901567,1114463019752832973902,0,84257301023477632445,84.25730102347762,0.0,0,0,0,nan,0
CL-WETH/ElonRWA,1.5232455908267343e-07,0x5Ca1C5d0db6c558ca0a4c1Bb7792831aB5805672,0x6c58108057d0Cb05D36518B2642DAaAEDe49828D,0x4200000000000000000000000000000000000006,0xAa6Cccdce193698D33deb9ffd4be74eAa74c4898,0x940181a94A35A4569E4529A3CDfB74e38FD98631,18,18,18,29381867249208,990172274954335650051,2.9381867249208e-05,990.1722749543356,990172304336202899259,0,1440627101724073089,1.4406271017240733,0.0,0,0,0,nan,0
CL-uXRP/WETH,0.013933851148806737,0x61C6e9E93592e535Efc1BEE07f491A517e98f6d0,0x4b9C4828A512ed379b8F2b656aCc839A62265ADb,0x2615a94df961278DcbC41Fb0a54fEc5f10a693aE,0x4200000000000000000000000000000000000006,0x940181a94A35A4569E4529A3CDfB74e38FD98631,18,18,18,11919800452775440159,134207186150136,11.91980045277544,0.000134207186150136,11919934659961590295,1025444762640769,131781005750131911648457,131781.0057501319,5.9364164915870106e-21,782.3069358130058,0,782.3069358130058,168.4517926626582,1769040000
CL-USDC/CHAMP,0.00022262770274997134,0x58c5649e6BC93969f4530673E8892faf762Cc7E7,0x0e956C897bBFCbd2155D3DfdD27c87fa5A0FaD39,0x833589fCD6eDb6E08f4c7C32D4f71b54bdA02913,0xEb6d78148F001F3aA2f588997c5E102E489Ad341,0x940181a94A35A4569E4529A3CDfB74e38FD98631,18,6,18,29243,43098258348088838320,0.029243,43.09825834808884,43098258348088867563,16384013964670,2105527198684412466198,2105.5271986844123,1.9800123626576476e-22,0.41689698833070615,0,0.41689698833070615,5050.473516527756,1769040000
CL-WETH/uADA,0.0002923930235831833,0xB79C8a96D89f5CCa7B907D3d1229b61373C3D439,0xC397805B44426d10a304D339D405f35d69A2Eb1b,0x4200000000000000000000000000000000000006,0xa3A34A0D9A08CCDDB6Ed422Ac0A28a06731335aA,0x940181a94A35A4569E4529A3CDfB74e38FD98631,18,18,18,1,243342465603104485,1e-18,0.2433424656031045,243342465603104486,21518307570821,2765340774105636691484,2765.340774105637,5.168763269748903e-21,14.293391821536215,0,14.293391821536215,193.46987815299573,1769040000
CL-LUM/WETH,0.00018892712569742174,0x80FDA26eEf8eAEfBbB2c75b84bF351c99c2a6D47,0x930b91c3DDd7D344ef8d599D1D6D68b17bb14c16,0x0fD7a301B51d0A83FCAf6718628174D527B373b6,0x4200000000000000000000000000000000000006,0x940181a94A35A4569E4529A3CDfB74e38FD98631,18,18,18,195685399804400308,10769493047012,0.1956853998044003,1.0769493047012e-05,195696169297447320,13977106028921,1786800100847923226849,1786.8001008479232,5.720101677285945e-21,10.220678253834901,0,10.220678253834901,174.82206723193715,1769040000
CL-WETH/AIXBT,0.023143379029124313,0x22A52bB644f855ebD5ca2edB643FF70222D70C31,0xC23924a846eca931Ec3014253E94f15b038bd0C8,0x4200000000000000000000000000000000000006,0x4F9Fd6Be4a90f2620860d680c0d4d5Fb53d1A825,0x940181a94A35A4569E4529A3CDfB74e38FD98631,18,18,18,12706985272550528,1119257385945399061003,0.012706985272550528,1119.2573859453992,1119270092930671611531,1854758679531332,218881178817221425822349,218881.17881722143,7.989753109579464e-21,1748.8065790833134,0,1748.8065790833134,125.16031300154086,1769040000
CL-SEKOIA/WETH,0.0010295241621369824,0x52f38A65DAb3Cf23478cc567110BEC90162aB832,0x0592D3036ed8BFDF4545410EDfc7F075227324A2,0x1185cB5122Edad199BdBC0cbd7a0457E448f23c7,0x4200000000000000000000000000000000000006,0x940181a94A35A4569E4529A3CDfB74e38FD98631,18,18,18,1,14088920717146,1e-18,1.4088920717146e-05,14088920717147,75767325496513,9736843610683470610730,9736.84361068347,2.0402228184993199e-22,1.9865330514675725,0,1.9865330514675725,4901.42542732439,1769040000
CL-cbBTC/LBTC,0.0009407794195996516,0xA44D3Bb767d953711EA4Bce8C0F01f4d7D299aF6,0xc3f97660D0b47F0E05C3c513f73eeff7c1bd6c7a,0xcbB7C0000aB88B473b1f5aFd9ef808440eed33Bf,0xecAc9C5F704e954931349Da37F60E39f515c11c1,0x940181a94A35A4569E4529A3CDfB74e38FD98631,18,8,8,95,93,9.5e-07,9.3e-07,188,69236199718975,8897529963529468924006,8897.529963529469,0.0,0,0,0,nan,1769040000
CL-USDC/AVAIL,0.001692629889329135,0xFf0df9b15C29542fa5d7eFe169452507b4d648C2,0x63F2328a30DFbf8dDC137318181D887d98d06514,0x833589fCD6eDb6E08f4c7C32D4f71b54bdA02913,0xd89d90d26B48940FA8F58385Fe84625d468E057a,0x940181a94A35A4569E4529A3CDfB74e38FD98631,18,6,18,1,5561965485294640152,1e-06,5.56196548529464,5561965485294640153,124568266084913,16008242573886681688724,16008.242573886682,2.3168631555928957e-21,37.08890740523164,0,37.08890740523164,431.6180684154803,1769040000
CL-CLANKER/WETH,0.26580941836843125,0xd23FE2DB317e1A96454a2D1c7e8fc0DbF19BB000,0xeE096FdD7fe7a759F3e8B0855B02976cf0FD25F9,0x1bc0c42215582d5A085795f4baDbaC3ff36d1Bcb,0x4200000000000000000000000000000000000006,0x940181a94A35A4569E4529A3CDfB74e38FD98631,18,18,18,13934504830744802865,105314366725904548,13.934504830744803,0.10531436672590455,14039819197470707413,18641308783813432,2513923259001458797297698,2513923.2590014585,5.994175840891268e-21,15068.898064961186,0,15068.898064961186,166.82860605759456,1769040000
CL-SEAM/USDC,0.0019245903342743694,0x948e80fBB383694b462f79557a3A44a25416dc72,0x843b7a6e1aa033572d72df5b318Fc90a37Eaa2fb,0x1C7a460413dD4e964f96D8dFC56E7223cE88CD85,0x833589fCD6eDb6E08f4c7C32D4f71b54bdA02913,0x940181a94A35A4569E4529A3CDfB74e38FD98631,18,18,6,1,34013,1e-18,0.034013,34014,141641089305515,18202035259245520799392,18202.03525924552,6.378044596428184e-22,11.609339262922617,0,11.609339262922617,1567.8786576061532,1769040000
CL-AERO/cbBTC,0.5006548329877762,0xdFe5F275020def30993f042174Fc2D335678b626,0x2B74B62c564456C48055bd515A62594742b3f545,0x940181a94A35A4569E4529A3CDfB74e38FD98631,0xcbB7C0000aB88B473b1f5aFd9ef808440eed33Bf,0x940181a94A35A4569E4529A3CDfB74e38FD98631,18,18,8,470952706028595479600,69521,470.95270602859546,0.00069521,470952706028595549121,36817716593109730,4735000878091307469389093,4735000.878091307,4.380922069374886e-21,20743.669845339675,0,20743.669845339675,228.26244890101182,1769040000
CL-ANON/WETH,1.007128029109435e-07,0xDB20b9455DEB2D616727cbdae4aC9F8eeB9AC899,0xf823D416eF26B5233dAE227BA7B8F3159a68C2fc,0x0Db510e79909666d6dEc7f5e49370838c16D950f,0x4200000000000000000000000000000000000006,0x940181a94A35A4569E4529A3CDfB74e38FD98631,18,18,18,727449031944746140911999,174643987438359527,727449.0319447462,0.17464398743835952,727449206588733579271526,0,952502959718751855,0.9525029597187519,0.0,0,0,0,nan,0
CL-WETH/MORPHO,0.19772258644145052,0xB5F0b4aE66C14F7EFaA9aA1468E8FC536A3E288c,0xf008577BfbB3B8EAAaC22C1933C9a8cd876fCFd2,0x4200000000000000000000000000000000000006,0xBAa5CC21fd487B8Fcc2F632f3F4E8D37262a0842,0x940181a94A35A4569E4529A3CDfB74e38FD98631,18,18,18,13398971022647004,23484649100020977249,0.013398971022647003,23.484649100020977,23498048071043624253,14534954359614361,1869984186174051995071999,1869984.186174052,3.3083227912841287e-21,6186.51130246052,0,6186.51130246052,302.2679656998793,1769040000
CL-WETH/SAINT,2.6076156677618407e-07,0xeb4ab2038eF5662ff00AcabBB76A09aBd7440D10,0x7cFfFd69796e607a38a36BE004074941cF58b7B9,0x4200000000000000000000000000000000000006,0x7588880d9c78E81FAde7b7e8DC0781E95995a792,0x940181a94A35A4569E4529A3CDfB74e38FD98631,18,18,18,16805761541388017,32245288789823868878076,0.016805761541388017,32245.28878982387,32245305595585410266093,0,2466182619848678762,2.466182619848679,0.0,0,0,0,nan,0
CL-WETH/DOGE,0.0006077593078855563,0x03Cd22d89bba07b109b869DA1B5fD344d0Ad6B40,0x8118696CDb46892a6314b70c71B2fBcD2EcD5E5d,0x4200000000000000000000000000000000000006,0x67f0870BB897F5E1c369976b4A2962d527B9562c,0x940181a94A35A4569E4529A3CDfB74e38FD98631,18,18,18,657725447936272,557892130998052888720,0.000657725447936272,557.8921309980528,557892788723500824992,44728318994146,5747953813473995134541,5747.953813473995,4.260180813698442e-21,24.487322554186704,0,24.487322554186704,234.73182095570684,1769040000
CL-RSR/bsdETH,9.255941765555224e-05,0xe2cb3a61D580004306e70F32341e00D596b4ecc4,0x0DED14A7A643344eC12e38d87dbDeF8245551e38,0xaB36452DbAC151bE02b16Ca17d8919826072f64a,0xCb327b99fF831bF8223cCEd12B1338FF3aA322Ff,0x940181a94A35A4569E4529A3CDfB74e38FD98631,18,18,18,1,1,1e-18,1e-18,2,6813087992286,875391377446985562392,875.3913774469855,1.1020462671935674e-22,0.09647217998488855,0,0.09647217998488855,9074.029192499924,1769040000
CL-SIMMI/WETH,0.0010308842676377392,0xBae6f0e8D43E6158D3Df940B332adC75BEEBA75f,0x1c553B8CBCfa13c5F93394A3138e6C6Ca16E3737,0x161e113B8E9BBAEfb846F73F31624F6f9607bd44,0x4200000000000000000000000000000000000006,0x940181a94A35A4569E4529A3CDfB74e38FD98631,18,18,18,606188832250592605683,1,606.1888322505926,1e-18,606188832250592605684,75869178346639,9749706965466140098263,9749.70696546614,1.763650727735502e-22,1.7195077784852253,0,1.7195077784852253,5670.056912481664,1769040000
CL-HENLO/WETH,0.0003850081679109774,0xa1B6F148F208FFe9Eb04C68BcBFEa3525f2536d6,0xB592a97283c160FFD764E614d6cA4ddbCEa395A3,0x23A96680Ccde03Bd4Bdd9a3e9a0Cb56A5D27F7c9,0x4200000000000000000000000000000000000006,0x940181a94A35A4569E4529A3CDfB74e38FD98631,18,18,18,75877296454699629538605694444,39957560763823735,75877296454.69963,0.039957560763823737,75877296454739587099369518179,0,3641259192988382510090,3641.2591929883824,0.0,0,0,0,nan,0
CL-GAME/WETH,0.013046747073878956,0x2A36148a416cBa81699B555120Bd65f4682BDFD2,0x6366138fD616Df7E5906D7B00250634da342Ee20,0x1C4CcA7C5DB003824208aDDA61Bd749e55F463a3,0x4200000000000000000000000000000000000006,0x940181a94A35A4569E4529A3CDfB74e38FD98631,18,18,18,385831600028327299809,4497538460895469,385.8316000283273,0.004497538460895469,385836097566788195278,960191179228927,123391116555066492836776,123391.1165550665,9.071892306590362e-21,1119.3909209775024,0,1119.3909209775024,110.23058543954943,1769040000
CL-WETH/uPEPE,0.0003490623429936054,0x560c3281CE6cc0f4249c9ED116a8836557CCD1bf,0x667F63cA00Fa6dEC37937264995D79868fBc9DD1,0x4200000000000000000000000000000000000006,0xE5c436B0a34DF18F1dae98af344Ca5122E7d57c4,0x940181a94A35A4569E4529A3CDfB74e38FD98631,18,18,18,23469908278493941,6308359300436578787551662,0.02346990827849394,6308359.300436579,6308359323906487066045603,0,3301297404281094429888,3301.2974042810947,0.0,0,0,0,nan,0
CL-WETH/PEPE,0.0025089000931559297,0x47f6F4b438B9D91E7387d6c1CF953A86BF5de1A5,0x16cb808aEB948836695d5033a8CAC675f916835A,0x4200000000000000000000000000000000000006,0x52b492a33E447Cdb854c7FC19F1e57E8BfA1777D,0x940181a94A35A4569E4529A3CDfB74e38FD98631,18,18,18,296827507702221,20484271767085131615686867,0.000296827507702221,20484271.76708513,20484271767381959123389088,184645546155952,23728212256020980283441,23728.21225602098,2.84940219042915e-21,67.61121997727399,0,67.61121997727399,350.9508076321754,1769040000
CL-USDz/sUSDz,0.0002476253396764454,0x96CC4b6A75fA1dFea66091589d1f25AfF3aa0318,0xb1C4225d490B881d2e011decc9E0F7439F2AC174,0x04D5ddf5f3a8939889F11E97f8c4BB48317F1938,0xe31eE12bDFDD0573D634124611e85338e2cBF0cF,0x940181a94A35A4569E4529A3CDfB74e38FD98631,18,18,18,1,1,1e-18,1e-18,2,18224287292800,2341945235619556540882,2341.9452356195566,5.3820096386803065e-21,12.604371831365874,0,12.604371831365874,185.80420087192647,1769040000
CL-WETH/PLAY,0.0005837941222697645,0x9D029DF22CEefC6245D382a41bc232c8Dc988Bf9,0x353e5958AfeC30AB701Ef5c09EA04Ae7Eca6907A,0x4200000000000000000000000000000000000006,0x7404AC09aDf614603D9c16a7CE85A1101F3514ba,0x940181a94A35A4569E4529A3CDfB74e38FD98631,18,18,18,589254868954169,1337483944179307943211,0.000589254868954169,1337.4839441793079,1337484533434176897380,0,5521300303994809045122,5521.300303994809,0.0,0,0,0,nan,0
CL-USDS/USDC,7.257339239967402e-05,0xA441378a1CB4DF371535296e539a1E0deF6924e4,0xe2a2B1D8AA4bD8A05e517Ccf61E96A727831B63e,0x820C137fa70C8691f0e44Dc420a5e53c168921Dc,0x833589fCD6eDb6E08f4c7C32D4f71b54bdA02913,0x940181a94A35A4569E4529A3CDfB74e38FD98631,18,18,6,2086526793157274,43348,0.002086526793157274,0.043348,2086526793200622,5341182339937,686371236422102973866,686.3712364221029,4.9938966121408324e-21,3.427666992239254,0,3.427666992239254,200.2444338893332,1769040000
CL-WETH/USDS,0.0010681137672051756,0x4289a0666397f517c2A761652AaebAf6A4f7A693,0x0C8a0BA64139c17eB90a9Fe63158498be41467eb,0x4200000000000000000000000000000000000006,0x820C137fa70C8691f0e44Dc420a5e53c168921Dc,0x940181a94A35A4569E4529A3CDfB74e38FD98631,18,18,18,58215585109529,283563808585291559,5.8215585109529e-05,0.28356380858529157,283622024170401088,78791755442280,10101809255362571693170,10101.809255362572,3.523627982822104e-21,35.59501776932688,0,35.59501776932688,283.79840462019814,1769040000
CL-cbBTC/superOETHb,0.0005605004816044442,0x4d9199269D4F89a367965e90d07D6F4AF7750eD0,0x0c240E7B77FF16839bCf9E9CE15193Baf4CA5911,0xcbB7C0000aB88B473b1f5aFd9ef808440eed33Bf,0xDBFeFD2e8460a6Ee4955A68582F85708BAEA60A3,0x940181a94A35A4569E4529A3CDfB74e38FD98631,18,8,18,235,18424636306035,2.35e-06,1.8424636306035e-05,18424636306270,41251141429154,5300998008407204911466,5300.998008407205,9.86923327051387e-22,5.231678591150016,0,5.231678591150016,1013.2499380551494,1769040000
CL-WETH/HEU,0.00011680230241841168,0x7C42dD1556754Be827E187cE0870e70c5E571f35,0x54A9d2003b547E54c4cf6dDCf1588032c4386687,0x4200000000000000000000000000000000000006,0xEF22cb48B8483dF6152e1423b19dF5553BbD818b,0x940181a94A35A4569E4529A3CDfB74e38FD98631,18,18,18,2996692229452,1,2.996692229452e-06,1e-18,2996692229453,8596296442993,1104671258666884767165,1104.6712586668848,5.639266783129587e-21,6.229535935278116,0,6.229535935278116,177.3280177117346,1769040000
CL-WETH/MOXIE,1.6209979296845676e-05,0x8A86610952343bEff5f1A906Fd5Bd9185c031A90,0xe6813B3271803DC1C083EC5E605d68926757cA92,0x4200000000000000000000000000000000000006,0x8C9037D1Ef5c6D1f6816278C7AAF5491d24CD527,0x940181a94A35A4569E4529A3CDfB74e38FD98631,18,18,18,214465975870093,26747645414328134526650,0.000214465975870093,26747.645414328133,26747645628794110396743,0,153307750464240862015,153.30775046424088,0.0,0,0,0,nan,0
CL-WETH/FAI,0.014664750974360886,0x28A9eC9928A689410e82E579FD9418FbBF6452F3,0x093b5fa753c6a4C94B0aE98326919A5e241901a0,0x4200000000000000000000000000000000000006,0xb33Ff54b9F7242EF1593d2C9Bcd8f9df46c77935,0x940181a94A35A4569E4529A3CDfB74e38FD98631,18,18,18,105757168032641,1012236715049678523559,0.000105757168032641,1012.2367150496785,1012236820806846556200,1079293623886981,138693575224678824272219,138693.57522467882,7.861960007142814e-21,1090.4033416640784,0,1090.4033416640784,127.19474521512085,1769040000
CL-Mog/wBLT,7.756732813576754e-05,0x48d0CC084D274889131986925FB3B348a4405811,0xCB32e7190785E7bF4f02c56Cb576bf38BeBB2b17,0x2Da56AcB9Ea78330f947bD57C54119Debda7AF71,0x4E74D4Db6c0726ccded4656d0BCE448876BB4C7A,0x940181a94A35A4569E4529A3CDfB74e38FD98631,18,18,18,13408457873092419701663729,10133291059622195641,13408457.87309242,10.133291059622195,13408468006383479323859370,0,733601960141316138606,733.6019601413161,0.0,0,0,0,nan,0
CL-WETH/PENDLE,0.014635087772808681,0x016df91005F30039c9f1A89b44db5e8c60613603,0xB2025A9813914b7a0eB85a2b87848028fbE4d203,0x4200000000000000000000000000000000000006,0xA99F6e6785Da0F5d6fB42495Fe424BCE029Eeb3E,0x940181a94A35A4569E4529A3CDfB74e38FD98631,18,18,18,2290459651822978,2367902714430161940,0.002290459651822978,2.367902714430162,2370193174081984918,1077111978243352,138413032071707540851213,138413.03207170754,3.538571884770453e-21,489.7844637747754,0,489.7844637747754,282.59988282387815,1769040000
CL-WETH/REI,0.007397662283911911,0x54cdD0222dF6B3BC17754c2C1B3d7D4203FE3d89,0xa4A7e0daE53e9dE540ddEf4Bb7214499DfDEA07D,0x4200000000000000000000000000000000000006,0x6B2504A03ca4D43d0D73776F6aD46dAb2F2a4cFD,0x940181a94A35A4569E4529A3CDfB74e38FD98631,18,18,18,870120718135677,144513897681805081303,0.000870120718135677,144.51389768180508,144514767802523216980,544452536308320,69964245029071892559984,69964.2450290719,3.76591093206801e-21,263.47911520886674,0,263.47911520886674,265.5400029471384,1769040000
CL-USDC/ODOS,0.0033210458409366297,0xb7068556049dF8Fb3ae77CCbb9611FE0e85B2641,0x417e10d1d0b491aeBeF222c9Df0263618EFCCB39,0x833589fCD6eDb6E08f4c7C32D4f71b54bdA02913,0xca73ed1815e5915489570014e024b7EbE65dE679,0x940181a94A35A4569E4529A3CDfB74e38FD98631,18,6,18,135131,9038295365309154592,0.135131,9.038295365309155,9038295365309289723,245067894099137,31409174418976126474953,31409.174418976127,9.106597739108758e-21,286.0307167511206,0,286.0307167511206,109.8104943963263,1769040000
CL-uSHIB/WETH,2.6384714593410247e-07,0x83212D59403D96A95Fd750d5b6880F77d0CAb337,0xbE1F88D873Ed7Cb52160e5C3aaf6bB04bc0aF982,0x239b9C1F24F3423062B0d364796e07Ee905E9FcE,0x4200000000000000000000000000000000000006,0x940181a94A35A4569E4529A3CDfB74e38FD98631,18,18,18,2971968787555969903782293,20023762744880181,2971968.78755597,0.020023762744880182,2971968807579732648662474,0,2495364840930963729,2.495364840930964,0.0,0,0,0,nan,0
CL-WETH/uLINK,0.0006528734178906267,0xFd4F716cb3c493aFDDd40C67d3f42426aEb2d902,0xfd4fbaF8B074e7c275b9fCA2de88A912cAeEA9c3,0x4200000000000000000000000000000000000006,0xd403D1624DAEF243FbcBd4A80d8A6F36afFe32b2,0x940181a94A35A4569E4529A3CDfB74e38FD98631,18,18,18,2838186303110,12347938292539597,2.83818630311e-06,0.012347938292539598,12350776478842707,48177644863644,6174625716776147357535,6174.625716776148,7.580246961929737e-21,46.80518783064562,0,46.80518783064562,131.92182326279058,1769040000
CL-eBTC/cbBTC,1.0965159531097103e-07,0xD64C5b0C64748445b625076dA10c4168D6289db2,0xEd7AF8228b789c00657d4F0019F8aad0222751Ae,0x657e8C867D8B37dCC18fA4Caead9C45EB088C642,0xcbB7C0000aB88B473b1f5aFd9ef808440eed33Bf,0x940181a94A35A4569E4529A3CDfB74e38FD98631,18,8,8,839,844,8.39e-06,8.44e-06,1683,0,1037042620727556399,1.0370426207275563,0.0,0,0,0,nan,0
CL-AERO/CHAMP,3.023019772843855e-10,0xee16Ce7cf7F4714C9Fc20463ab6c5223E826A2eb,0x869305781fff479f0311974d55FeeB6Fc9DE96a2,0x940181a94A35A4569E4529A3CDfB74e38FD98631,0xEb6d78148F001F3aA2f588997c5E102E489Ad341,0x940181a94A35A4569E4529A3CDfB74e38FD98631,18,18,18,36865099665072400202,8010009685253891320354,36.8650996650724,8010.009685253891,8046874784918963720556,0,2859055847614782,0.002859055847614782,0.0,0,0,0,nan,0
CL-WETH/CHAMP,0.000796526887096881,0x5535B3174F3d335C87475e54D3682099C1F9fB70,0xB9E4E0368A9F281584C9adB685e6C9F4b9F37dBb,0x4200000000000000000000000000000000000006,0xEb6d78148F001F3aA2f588997c5E102E489Ad341,0x940181a94A35A4569E4529A3CDfB74e38FD98631,18,18,18,4895712122612493,5149051368617721453548,0.004895712122612493,5149.051368617722,5149056264329844066041,0,7533244985011762886094,7533.244985011763,0.0,0,0,0,nan,0
CL-WETH/ZEREBRO,2.8064470600054305e-09,0xcBD3c500a97538ACa280a280799176D1eAc04DE4,0xfc6087cD934B4FFa50118457Cc16b8537eC55873,0x4200000000000000000000000000000000000006,0xD2e92077ad4d7d50D7d60be13FffE3FB52cc0B9f,0x940181a94A35A4569E4529A3CDfB74e38FD98631,18,18,18,42334036977664744,1757822146052678251501,0.042334036977664746,1757.8221460526784,1757864480089655916245,0,26542297043534040,0.02654229704353404,0.0,0,0,0,nan,0
CL-WETH/COOKIE,0.02286751704031218,0xE8833415Bd6Aee9c0c7B6aaD7DC80421C3F28ca1,0x282ece21a112950f62EC4493E2Bd2b27a74c7937,0x4200000000000000000000000000000000000006,0xC0041EF357B183448B235a8Ea73Ce4E4eC8c265F,0x940181a94A35A4569E4529A3CDfB74e38FD98631,18,18,18,1446165116363183,94636805601968475604,0.001446165116363183,94.63680560196848,94638251767084838787,1673065746811302,216272182212789632525834,216272.18221278963,1.403613709365035e-20,3035.6259990816434,0,3035.6259990816434,71.24467318379064,1769040000
CL-VIRTUAL/WETH,0.8807744915694045,0x3f0296BF652e19bca772EC3dF08b32732F93014A,0x5013Ea8783Bfeaa8c4850a54eacd54D7A3B7f889,0x0b3e328455c4059EEb9e3f84b5543F74E24e7E1b,0x4200000000000000000000000000000000000006,0x940181a94A35A4569E4529A3CDfB74e38FD98631,18,18,18,253697123573290306974,77768166149010721,253.6971235732903,0.07776816614901072,253774891739439317695,64752487229697604,8330026429772582762948704,8330026.429772583,2.3915332943717267e-21,19921.535549797576,0,19921.535549797576,418.14178475098646,1769040000
CL-EMP/WETH,0.005944603825748974,0xb0f400ded843b39370B059aD49AcFF6eB7365EEF,0x72Ef9Eef04485fC4dE5Bb9205498e3d649A06596,0x39D5313C3750140E5042887413bA8AA6145a9bd2,0x4200000000000000000000000000000000000006,0x940181a94A35A4569E4529A3CDfB74e38FD98631,18,18,18,50231442664803193,1,0.05023144266480319,1e-18,50231442664803194,438263033841802,56221776921333701286741,56221.7769213337,3.947497184069275e-21,221.93530608033575,0,221.93530608033575,253.3250698786188,1769040000
CL-WETH/LAY,0.001139693779101607,0xEDA5C8f08e92E6983Ae29aB2D5Dc244342bF70c8,0x7946898CDBe3246a55C596D2d602A7394011fDDE,0x4200000000000000000000000000000000000006,0xb89D354AD1b0d95a48b3De4607F75a8cD710c1bA,0x940181a94A35A4569E4529A3CDfB74e38FD98631,18,18,18,1119999990141,7304092084603710212,1.119999990141e-06,7.3040920846037105,7304093204603700353,83880310428181,10778785481000374639051,10778.785481000374,3.849045772839716e-22,4.148803869199059,0,4.148803869199059,2598.0465263790006,1769040000
CL-WETH/Anon,0.005975014035346284,0x1807af3897aA6419E770D4642dF7B8b06E542C02,0xeCa59A0fBD6498B4d3d6E4143a30C2E8d8F68686,0x4200000000000000000000000000000000000006,0x79bbF4508B1391af3A0F4B30bb5FC4aa9ab0E07C,0x940181a94A35A4569E4529A3CDfB74e38FD98631,18,18,18,20702275961094,217919227062392213,2.0702275961094e-05,0.21791922706239222,217939929338353307,441163245734525,56509384989125422783592,56509.38498912542,6.7440993731468794e-21,381.1049078820764,0,381.1049078820764,148.2777676707613,1769040000
CL-WETH/ACOLYT,0.00010580685269819678,0x984FaEED533D60B53F142ad76b629D64849ea507,0x792F8CAB72d9B67cc310C8dBd2A87b9FDC327Fb7,0x4200000000000000000000000000000000000006,0x79dacb99A8698052a9898E81Fdf883c29efb93cb,0x940181a94A35A4569E4529A3CDfB74e38FD98631,18,18,18,1,1,1e-18,1e-18,2,7787388137064,1000680523633877555908,1000.6805236338776,2.2769514139065264e-22,0.22785009331568806,0,0.22785009331568806,4391.837234174081,1769040000
CL-WETH/AION,4.167078146742571e-05,0x1d6aaA7ae38856fFfc37e5e3C99D1c392631f450,0x41aD48761d843B7b2c33fE4aAd944Ab229599dF8,0x4200000000000000000000000000000000000006,0xfc48314ad4aD5bD36a84E8307b86A68A01D95d9C,0x940181a94A35A4569E4529A3CDfB74e38FD98631,18,18,18,1,1,1e-18,1e-18,2,3066975278862,394106226162864530890,394.1062261628646,2.7535164357914977e-21,1.0851779711872087,0,1.0851779711872087,363.1719742077916,1769040000
CL-WETH/GEKKO,1.955475458708697e-05,0x027256310dDD3773bc410f1CBd83524C42321Cd0,0xe3D090Ce1684Ada21EFeffF4eBc469e2def2d6D3,0x4200000000000000000000000000000000000006,0xf7b0dd0B642a6ccc2fc4d8FfE2BfFb0caC8C43C8,0x940181a94A35A4569E4529A3CDfB74e38FD98631,18,18,18,239999983978,305664763476818353307,2.39999983978e-07,305.66476347681834,305664763716818337285,1439232641933,184941348889320548157,184.94134888932055,2.0236830827294698e-20,3.742626790444866,0,3.742626790444866,49.414851986173474,1769040000
CL-WETH/DRV,0.03224505102720273,0xA0e2bac96aB51c92d3284781AeE1EEc817F6F9C2,0x1aA9609DdfBA43CDa2e5872722f3463b31247444,0x4200000000000000000000000000000000000006,0x9d0E8f5b25384C7310CB8C6aE32C8fbeb645d083,0x940181a94A35A4569E4529A3CDfB74e38FD98631,18,18,18,21977596640910442,316590742975370115799,0.02197759664091044,316.5907429753701,316612720572011026241,2373240214931671,304961292427255443099526,304961.2924272554,3.7983269113033005e-21,1158.3426839322797,0,1158.3426839322797,263.27381064124233,1769040000
CL-BNKR/WETH,0.1454537814813664,0xCDD442e2De893c07146B2F1072f8e077559f9aa4,0x28dCF4ABc65a3E0971602BdBaa95f14CEEC09a2a,0x22aF33FE49fD1Fa80c7149773dDe5890D3c76F3b,0x4200000000000000000000000000000000000006,0x940181a94A35A4569E4529A3CDfB74e38FD98631,18,18,18,97913139278494171117982,5923621151091430,97913.13927849417,0.00592362115109143,97913145202115322209412,10705540181895464,1375645929403794653161576,1375645.9294037945,2.0309502025103913e-21,2793.868378905232,0,2793.868378905232,492.3803640108618,1769040000
CL-WETH/DKING,5.916674916005491e-07,0x18D9600F64149AC0dB8517a74D0827b57960C4d3,0x16fe97736520c893E57807fC2d6B08030bDa96f1,0x4200000000000000000000000000000000000006,0x57eDc3F1fd42c0D48230e964b1C5184B9c89B2ed,0x940181a94A35A4569E4529A3CDfB74e38FD98631,18,18,18,74477161514094,214931743249837664287,7.4477161514094e-05,214.93174324983767,214931817726999178381,0,5595763603334839960,5.595763603334841,0.0,0,0,0,nan,0
CL-USDC/TRUMP,0.0002912236144768609,0x0c40e7F5b43f6759060a3c4D2fb406DFecF03B57,0x0c1D14b66e74FBB35d53A0c97Dbe93fa8a97BbE7,0x833589fCD6eDb6E08f4c7C32D4f71b54bdA02913,0xc27468b12ffA6d714B1b5fBC87eF403F38b82AD4,0x940181a94A35A4569E4529A3CDfB74e38FD98631,18,6,18,1,1,1e-06,1e-18,2,21434342063483,2754280952487136740977,2754.280952487137,0.0,0.0,0,0.0,nan,1769040000
CL-WETH/VEIL,0.004364072306419639,0x8caD4aF4c6b4dd0eFd195407498E55eB9C328CD3,0x40a844835DF0a7b09E2B4D4D85443714c473624d,0x4200000000000000000000000000000000000006,0x767A739D1A152639e9Ea1D8c1BD55FDC5B217D7f,0x940181a94A35A4569E4529A3CDfB74e38FD98631,18,18,18,22265278428439,9707217277844850135,2.2265278428439e-05,9.70721727784485,9707239543123278574,321747630418945,41273717622247475913863,41273.71762224747,1.5016317742080174e-21,61.97792582125619,0,61.97792582125619,665.9422217723213,1769040000
CL-WETH/WELS,2.558519923342182e-07,0x39d8E6Ce85Be6fDb679b1515a0A8cbC919df948b,0x977EFe76abA185f61A70A67D491e780b205ed908,0x4200000000000000000000000000000000000006,0x7F62ac1e974D65Fab4A81821CA6AF659A5F46298,0x940181a94A35A4569E4529A3CDfB74e38FD98631,18,18,18,177014693442673,169991205782395172589,0.000177014693442673,169.99120578239518,169991382797088615262,0,2419749752807264060,2.4197497528072645,0.0,0,0,0,nan,0
CL-WETH/USDC,0.0042595585159183585,0x0652202C4b2D09CB93aEDeFAdc14B36869483a98,0x9017Bdde03D36636113a55Aa97CF159048843498,0x4200000000000000000000000000000000000006,0x833589fCD6eDb6E08f4c7C32D4f71b54bdA02913,0x940181a94A35A4569E4529A3CDfB74e38FD98631,18,18,6,1,919505,1e-18,0.919505,919506,313508098201023,40285266383610787669494,40285.26638361079,3.900572756679882e-21,157.13561255150412,0,157.13561255150412,256.372605353268,1769040000
CL-WETH/ANZ,1.767024926483822e-05,0xaE092538552D0B772014346d9E9a6273C24C5612,0x52abaB90414f807E624cF86973eD85aE9de50Ed7,0x4200000000000000000000000000000000000006,0xeeC468333ccc16D4BF1cEf497A56cf8C0aAe4Ca3,0x940181a94A35A4569E4529A3CDfB74e38FD98631,18,18,18,1,1275110455105649646,1e-18,1.2751104551056496,1275110455105649647,1300549392866,167118422258682305935,167.1184222586823,1.9399351148999688e-21,0.32419889568629834,0,0.32419889568629834,515.4811582714013,1769040000
CL-WETH/VVV,0.00737952475997367,0x46D398A5b33709877f50c8918A7eE96F1Be1d7dd,0x6831125a82Af7417e0cde3A214c03fE248Ff6AA8,0x4200000000000000000000000000000000000006,0xacfE6019Ed1A7Dc6f7B508C02d1b04ec88cC21bf,0x940181a94A35A4569E4529A3CDfB74e38FD98631,18,18,18,772189701138725,1902203794821656656,0.000772189701138725,1.9022037948216566,1902975984522795381,589012023077892,69792707302647772077938,69792.70730264777,2.8179794001473064e-21,196.6744114593719,0,196.6744114593719,354.8641980660775,1769040000
CL-WETH/VVV,2.882476456790907,0x7eC6C9D993D9832Aa654593f2Dbc21303650Bc6c,0x5d05eF25a5f933271E1f0FDc02dC3EaB6a4eA687,0x4200000000000000000000000000000000000006,0xacfE6019Ed1A7Dc6f7B508C02d1b04ec88cC21bf,0x940181a94A35A4569E4529A3CDfB74e38FD98631,18,18,18,108147692106414737,186462789625507247822,0.10814769210641474,186.46278962550724,186570937317613662559,212177937366419042,27261353840392669840433705,27261353.84039267,7.822571065129525e-22,21325.387774811337,0,21325.387774811337,1278.3520810155044,1769040000
CL-WETH/FLAY,1.4745848176008662e-06,0x6eAF8196a9A3207A9CdF06EFd112fef7a27E34Fb,0x5B75d4Ae48E15892D3810b227D34dB45198C439B,0x4200000000000000000000000000000000000006,0xF1A7000000950C7ad8Aff13118Bb7aB561A448ee,0x940181a94A35A4569E4529A3CDfB74e38FD98631,18,18,18,1,1983056544352383,1e-18,0.001983056544352383,1983056544352384,108531957774,13946056137104513865,13.946056137104513,4.0257335132669365e-21,0.05614310556904367,0,0.05614310556904367,248.40193636873065,1769040000
CL-WETH/AAVE,0.08971187014319024,0x4a79B0168296c0eF7b8F314973B82aD406a29f1B,0x28047b764D603A25146A0b8a8D414740dC1E650E,0x4200000000000000000000000000000000000006,0x63706e401c06ac8513145b7687A14804d17f814b,0x940181a94A35A4569E4529A3CDfB74e38FD98631,18,18,18,2608860827330842,350229767268317634,0.002608860827330842,0.3502297672683176,352838628095648476,6597446019014041,848460368130692794361616,848460.3681306927,4.591602623367652e-21,3895.7928521323724,0,3895.7928521323724,217.78888157933903,1769040000
CL-WETH/TIBBIR,0.2102810343420319,0x0f664afFB82f074937D5cFCD61b97F3F32d5dC50,0x2335A595b567CddDec56DE21261795ba7e7Aad98,0x4200000000000000000000000000000000000006,0xA4A2E2ca3fBfE21aed83471D28b6f65A233C6e00,0x940181a94A35A4569E4529A3CDfB74e38FD98631,18,18,18,10226303103935932,9160637000117259847,0.010226303103935932,9.16063700011726,9170863303221195779,15268922211273899,1988757156928872701668168,1988757.1569288727,3.2745936343332793e-21,6512.3715263140375,0,6512.3715263140375,305.3814035168379,1769040000
CL-WETH/B3,0.007153769169695465,0xB099C658e784b41EE435d48a8eb67e8f27285C93,0x3B86cA918E7c114Cf8dDF69609E53bB4E7727237,0x4200000000000000000000000000000000000006,0xB3B32F9f8827D4634fE7d973Fa1034Ec9fdDB3B3,0x940181a94A35A4569E4529A3CDfB74e38FD98631,18,18,18,908879772241080,7008532663178841642162,0.00090887977224108,7008.532663178842,7008533572058613883242,526549809207229,67657597746584783761252,67657.59774658478,7.670308008520935e-21,518.9546138329173,0,518.9546138329173,130.37286102319504,1769040000
CL-PONKE/USDC,0.0014229947928759551,0x0e62644261Fa9C5f2A068d133927Bb0678Ac042d,0x62005BbF01daBf943e0e05561b6ed93D36ABb257,0x4A0c64af541439898448659AEdcEC8E8e819FC53,0x833589fCD6eDb6E08f4c7C32D4f71b54bdA02913,0x940181a94A35A4569E4529A3CDfB74e38FD98631,18,18,6,11661834683479883713,328255,11.661834683479883,0.328255,11661834683480211968,104738861279697,13458137522766137910508,13458.13752276614,3.101745714666464e-21,41.743720388631814,0,41.743720388631814,322.3990913476709,1769040000
CL-WETH/LsETH,6.294758122084252e-05,0x04f8375dAd560480D6639B9600CD88ca594E2293,0x0fe62690cD3B234E1F1e206621e84b57f3b219A1,0x4200000000000000000000000000000000000006,0xB29749498954A3A821ec37BdE86e386dF3cE30B6,0x940181a94A35A4569E4529A3CDfB74e38FD98631,18,18,18,377496135962,478800022367,3.77496135962e-07,4.78800022367e-07,856296158329,4633227057743,595334016003977050415,595.334016003977,2.02286392509497e-22,0.12042797043563566,0,0.12042797043563566,4943.486250332196,1769040000
CL-USDC/AAA,0.007944616508359337,0xfd198524340203Da7896909941E92E5EF0D2B753,0x5ADA69FF0dd93F5538Adce7b5bF0B588fFA466e8,0x833589fCD6eDb6E08f4c7C32D4f71b54bdA02913,0xaaa843fb2916c0B57454270418E121C626402AAa,0x940181a94A35A4569E4529A3CDfB74e38FD98631,18,6,18,306542,39865440547258015073,0.306542,39.86544054725802,39865440547258321615,585492932041156,75137127746649789037831,75137.12774664978,9.112683834016876e-22,68.47008893513564,0,68.47008893513564,1097.3715518002334,1769040000
CL-USDC/BRZ,4.64919992459419e-05,0xD43Decd5Df4BDFFd5A4Cf35cA1f9557E33B7246C,0xaF4290B7Be7a2e387d6dbbAC746d891Be507Fa09,0x833589fCD6eDb6E08f4c7C32D4f71b54bdA02913,0xE9185Ee218cae427aF7B9764A011bb89FeA761B4,0x940181a94A35A4569E4529A3CDfB74e38FD98631,18,6,18,103331,4802395287451504,0.103331,0.004802395287451504,4802395287554835,3422026469213,439703449859896019273,439.70344985989607,2.0474361633459136e-20,9.002647443911078,0,9.002647443911078,48.8415716153906,1769040000
CL-WETH/W,0.002105154247141405,0xf1Eef36d55978eDfD427e95c3D0C9B9359EF0AEF,0xA2292a26d33117f52Fd511aafD98A73C2172a990,0x4200000000000000000000000000000000000006,0xB0fFa8000886e57F86dd5264b9582b2Ad87b2b91,0x940181a94A35A4569E4529A3CDfB74e38FD98631,18,18,18,67389100573198,5329748866925540074,6.7389100573198e-05,5.32974886692554,5329816256026113272,155249636035811,19909739309308876029778,19909.73930930888,6.835851020988039e-21,136.1000117851448,0,136.1000117851448,146.28756491762488,1769040000
CL-WETH/KAITO,0.02631093865128807,0x56b92E5B391DbFb8b8028AC95A4b97f52ffEB416,0x6205DfbE68444cFF504A20a712cEa794c6b6Cf04,0x4200000000000000000000000000000000000006,0x98d0baa52b2D063E780DE12F615f963Fe8537553,0x940181a94A35A4569E4529A3CDfB74e38FD98631,18,18,18,1176132512159210,12518875826059667542,0.00117613251215921,12.518875826059668,12520051958571826752,1940324937158662,248838739603852551459674,248838.73960385256,5.710981020578103e-21,1421.1133190621786,0,1421.1133190621786,175.10126480840125,1769040000
CL-WETH/RIZ,3.334752913284277e-05,0x78abF9026c500744Cb033842744b87ffA0F73689,0x5983adac7383396B31A3F4c5654623702ad27FaC,0x4200000000000000000000000000000000000006,0x67543CF0304C19CA62AC95ba82FD4F4B40788dc1,0x940181a94A35A4569E4529A3CDfB74e38FD98631,18,18,8,219763053644824,54066352457,0.000219763053644824,540.66352457,219817119997281,0,315388106380351682257,315.3881063803517,0.0,0,0,0,nan,0
CL-WETH/COW,8.140660105300686e-05,0x6D99904cd4ec6F558D279a643b64d2Dc8E2E4C18,0xFB0232F10272848b303C2DDa79C6bb568e19c18d,0x4200000000000000000000000000000000000006,0xc694a91e6b071bF030A18BD3053A7fE09B6DaE69,0x940181a94A35A4569E4529A3CDfB74e38FD98631,18,18,18,54854369869373,860164410363149505,5.4854369869373e-05,0.8601644103631495,860219264733018878,0,769912326958057072041,769.9123269580572,0.0,0,0,0,nan,0
CL-WETH/LINKS,3.912296637684278e-08,0x4Ba79157c6e7aB14bce06a869aF2d14C51C8E269,0x93eE62191632cdb63710f6dBe497Dbc6640242F4,0x4200000000000000000000000000000000000006,0x901F1D2BF312e6Fa1716Df603df8F86315bcb355,0x940181a94A35A4569E4529A3CDfB74e38FD98631,18,18,18,59077993464247996,2018858662629616800654498,0.059077993464247996,2018858.662629617,2018858721707610264902494,404099286,370009970826368053,0.37000997082636805,0.0,0,0,0,nan,1769040000
CL-MXNe/USDC,9.710705135708983e-06,0x256D96010e9D9801B1F4c2320B2AD44715c8078F,0xab205bb675a7DDAF1f5808da0D89bdbdC8F9F646,0x269caE7Dc59803e5C596c95756faEeBb6030E0aF,0x833589fCD6eDb6E08f4c7C32D4f71b54bdA02913,0x940181a94A35A4569E4529A3CDfB74e38FD98631,18,6,6,1,772,1e-06,0.000772,773,714761997973,91840114815371083832,91.84011481537108,2.106645951005628e-20,1.9347460601569346,0,1.9347460601569346,47.46882120949846,1769040000
CL-oUSDT/WETH,0.1033961919609035,0x93617b2909a7c207E4180dE0E667ea80c9BdfE9e,0x3D7981a71dEe2e73656566f3003D3C6a19C45EE6,0x1217BfE6c773EEC6cc4A38b5Dc45B92292B6E189,0x4200000000000000000000000000000000000006,0x940181a94A35A4569E4529A3CDfB74e38FD98631,18,6,18,6858742,1656309143824756,6.858742,0.001656309143824756,1656309150683498,7610535766060378,977881421426583393856975,977881.4214265833,1.0719836591910263e-21,1048.2729043957909,0,1048.2729043957909,932.8500406010397,1769040000
CL-oUSDT/cbBTC,0.035582690731869926,0x85c99e6B9adaB159A33A999a6303933212ac091E,0x5743b100361F2d6b13282C731426215294689a71,0x1217BfE6c773EEC6cc4A38b5Dc45B92292B6E189,0xcbB7C0000aB88B473b1f5aFd9ef808440eed33Bf,0x940181a94A35A4569E4529A3CDfB74e38FD98631,18,6,8,13932311,9408,13.932311,9.408e-05,13941719,2619084275076187,336527405228042960554718,336527.405228043,1.4439244997941416e-21,485.9201652609224,0,485.9201652609224,692.5569862846489,1769040000
CL-WETH/KTA,0.16981693268085343,0x46D710c35BdfB800a18A820712310048Ef8B5256,0x6bf4D7E9cC3BF9fEA7ee88bA7cfde9626E77eFd4,0x4200000000000000000000000000000000000006,0xc0634090F2Fe6c6d75e61Be2b949464aBB498973,0x940181a94A35A4569E4529A3CDfB74e38FD98631,18,18,18,9250136090366200,96239027773064018542,0.0092501360903662,96.23902777306402,96248277909154384742,12483048416064486,1606063244331540453106763,1606063.2443315403,2.8071885356749755e-21,4508.5223270564575,0,4508.5223270564575,356.22830005593283,1769040000
CL-WETH/uBERA,3.830236175692086e-10,0x569f22aD5ce151AA4507AdF2302B79e5Ca6B4049,0xe75819C7dE5c3a3ac7ADBF94db0A2531596BA61F,0x4200000000000000000000000000000000000006,0x544F87A5aa41Fcd725EF7C78a37cd9C1c4bA1650,0x940181a94A35A4569E4529A3CDfB74e38FD98631,18,18,18,917883238008097,2112012290355356735,0.000917883238008097,2.1120122903553566,2112930173593364832,0,3622490079036533,0.003622490079036533,0.0,0,0,0,nan,0
CL-DRB/WETH,0.15803398388162365,0x385B47e56b73eb6549378f78F7c7Cbc42C56C9e0,0x7a53fD90c6fb9Ffd8eebc668300Fe42e151cfA02,0x3ec2156D4c0A9CBdAB4a016633b7BcF6a8d68Ea2,0x4200000000000000000000000000000000000006,0x940181a94A35A4569E4529A3CDfB74e38FD98631,18,18,18,86293265918019614345110,7797803883537237,86293.26591801962,0.007797803883537237,86293273715823497882347,11632280872779237,1494624645850618326793594,1494624.6458506184,1.285698597823075e-21,1921.6368114419502,0,1921.6368114419502,777.7872680993698,1769040000
CL-USDC/cbBTC,0.8195964552560951,0x3e66e55e97ce60096f74b7C475e8249f2D31a9fb,0x9B55cb6cAe1e303B5EDce6F9fcf90246D382809c,0x833589fCD6eDb6E08f4c7C32D4f71b54bdA02913,0xcbB7C0000aB88B473b1f5aFd9ef808440eed33Bf,0x940181a94A35A4569E4529A3CDfB74e38FD98631,18,6,8,94925234,87139,94.925234,0.00087139,95012373,60371042817116889,7751428089006154745261492,7751428.089006155,1.6351436665242014e-21,12674.698546256208,0,12674.698546256208,611.5670570560225,1769040000
CL-CADC/USDC,0.009056739051399088,0x09Da4832d34BeBBB55783340d5bede7A70F5c48e,0xc420F795B3A10E736975A43Ed4b87b913d041EfC,0x043eB4B75d0805c43D7C834902E335621983Cf03,0x833589fCD6eDb6E08f4c7C32D4f71b54bdA02913,0x940181a94A35A4569E4529A3CDfB74e38FD98631,18,18,6,1,21025263,1e-18,21.025263,21025264,667767643252865,85655155079798355909701,85655.15507979837,6.284913677853907e-21,538.3352557397222,0,538.3352557397222,159.11117499094553,1769040000
CL-USDC/CARV,0.006262070740097464,0x4b241E7E1Ba2D76c888aaACb6F099b42F57Aec2b,0xcaFd2e14dE4Db4fEa855000A96029286f0Ad3899,0x833589fCD6eDb6E08f4c7C32D4f71b54bdA02913,0xc08Cd26474722cE93F4D0c34D16201461c10AA8C,0x940181a94A35A4569E4529A3CDfB74e38FD98631,18,6,18,2048613,1034894659189378447,2.048613,1.0348946591893784,1034894659191427060,460931799603930,59224256911857912460742,59224.25691185791,9.723107309938534e-21,575.8438053053634,0,575.8438053053634,102.84777984275088,1769040000
CL-USDC/PROS,8.055693989586389e-06,0x3115267471EA743bFe311C3FCdcd1b52c584269B,0x3C2552aF840c08471C4f92996B0Fb8091C702C17,0x833589fCD6eDb6E08f4c7C32D4f71b54bdA02913,0x915424Ac489433130d92B04096F3b96c82e92a9D,0x940181a94A35A4569E4529A3CDfB74e38FD98631,18,6,18,120974,2774789365341972773,0.120974,2.774789365341973,2774789365342093747,0,76187655848031571337,76.18765584803157,0.0,0,0,0,nan,0
CL-WETH/$PAAL,0.0005247882431035963,0x0bD7cfd63dB4B508C616368FC83635bACA65c710,0x7e9DC9928EDa29c5EC28D12e8144Fd12ae6B0187,0x4200000000000000000000000000000000000006,0xd52333441c0553fACb259600FA833a69186893A5,0x940181a94A35A4569E4529A3CDfB74e38FD98631,18,18,18,404616451357640,27872155929264481175,0.00040461645135764,27.87215592926448,27872560545715838815,38628051222072,4963245390199184389044,4963.245390199185,1.3290696660729934e-20,65.96498893390354,0,65.96498893390354,75.24060066427543,1769040000
CL-WETH/LINK,0.05706650105032769,0x72bE417AFB0aBEa66913141C605D313BB389b59C,0xd66c27Ec3C0dfcD20678ff5F5C3CbB6EdE033b92,0x4200000000000000000000000000000000000006,0x88Fb150BDc53A65fe94Dea0c9BA0a6dAf8C6e196,0x940181a94A35A4569E4529A3CDfB74e38FD98631,18,18,18,364612592216958,724934245315053860,0.000364612592216958,0.7249342453150539,725298857907270818,4198038458190860,539713021385129481038650,539713.0213851295,1.989682979098956e-21,1073.857812248063,0,1073.857812248063,502.5926293307581,1769040000
CL-WETH/RED,0.0224968989185483,0x80866012A372c686A3b71a2aB05D004e29B36E1b,0x4bFE96D4f9E60aFD1E577C61E4BCC679e9A21cfB,0x4200000000000000000000000000000000000006,0x4eB92702bA4cfbF80561BAd64D89C706Ac824960,0x940181a94A35A4569E4529A3CDfB74e38FD98631,18,18,18,1331840000000001,13828113458998359475,0.001331840000000001,13.82811345899836,13829445298998359476,1659262338280975,212767018542410437721543,212767.01854241043,2.001926581502898e-21,425.9439500871714,0,425.9439500871714,499.5188181423088,1769040000
CL-WETH/RWAX,0.0034214692165196775,0x7A9b4Ccc4F80506259c301BB07cf9A97b4d8805e,0xCA635E72A2Dca090eFD8b9E14202D48c2D99a5a0,0x4200000000000000000000000000000000000006,0xe0023E73aab4fE9a22f059a9d27E857E027eE3dc,0x940181a94A35A4569E4529A3CDfB74e38FD98631,18,18,18,1,53800997211609856378,1e-18,53.800997211609854,53800997211609856379,252283972915938,32358940086330092966575,32358.940086330094,3.752796264182933e-21,121.43650946889895,0,121.43650946889895,266.4679693763557,1769040000
CL-BIO/WETH,0.04356981194766565,0x222cCBE78890A4d9Ef8d22d7FC1B968Be0F2c653,0x6f29b7B27e2043849A21E1E6ea9ED6d2678E11F3,0x226A2FA2556C48245E57cd1cbA4C6c9e67077DD2,0x4200000000000000000000000000000000000006,0x940181a94A35A4569E4529A3CDfB74e38FD98631,18,18,18,191650122432807540704,3005025730522136,191.65012243280754,0.003005025730522136,191653127458538062840,3202469679879993,412066526151974613297173,412066.52615197457,5.751447077294004e-21,2369.9788174874675,0,2369.9788174874675,173.8692865570954,1769040000
CL-WETH/XION,1.7158490567062383e-05,0x0c5BF61d127cd801fe4F77F344321ff1f163BF17,0xB5c7edC19d639a01eA8f976897D5401753264643,0x4200000000000000000000000000000000000006,0xe4c3461a20f50daD7B9E88ca0222A255C4126fC0,0x940181a94A35A4569E4529A3CDfB74e38FD98631,18,18,6,1775531769130335,15811177,0.001775531769130335,15.811177,1775531784941512,0,162278405297538483218,162.2784052975385,0.0,0,0,0,nan,0
CL-yTRYB/USDC,0.00103479082327643,0xE98654b21d013EfF949A6D8ff80A9b23B284f8dd,0x7Cb174B263dCeb4f730265e8277ee33BfB693C72,0x1A9Be8a692De04bCB7cE5cDDD03afCA97D732c62,0x833589fCD6eDb6E08f4c7C32D4f71b54bdA02913,0x940181a94A35A4569E4529A3CDfB74e38FD98631,18,8,6,1,1,1e-08,1e-06,2,76168747684456,9786653666388061425886,9786.653666388062,2.1013057739627414e-22,2.0564751856954864,0,2.0564751856954864,4758.9456631728235,1769040000
CL-IDRX/USDC,0.00011865956244574366,0x9cadc7e36191C8B40d0D02b830DC32CE2242D27b,0xcd3F046D0Abc3b9B057476e323317b4c5FD1b850,0x18Bc5bcC660cf2B9cE3cd51a404aFe1a0cBD3C22,0x833589fCD6eDb6E08f4c7C32D4f71b54bdA02913,0x940181a94A35A4569E4529A3CDfB74e38FD98631,18,2,6,23483,2742,234.83,0.002742,26225,8824297473656,1122236509775677177651,1122.2365097756772,1.0012319837519332e-20,11.23619086921547,0,11.23619086921547,99.87695321644475,1769040000
CL-USDC/LsETH,0.0001502758582786033,0x98eCc8425cc4C3f30dD4EF02360B05698008a8fc,0x9966c25d5EEbB6C648b34d60c5057Ea1b05b551A,0x833589fCD6eDb6E08f4c7C32D4f71b54bdA02913,0xB29749498954A3A821ec37BdE86e386dF3cE30B6,0x940181a94A35A4569E4529A3CDfB74e38FD98631,18,6,18,44649,4162756702966,0.044649,4.162756702966e-06,4162756747615,11061501154873,1421251277369541547102,1421.2512773695416,2.224024997386482e-21,3.160898368437329,0,3.160898368437329,449.6352339452703,1769040000
CL-LsETH/cbBTC,0.0001192725730114594,0x4796eda5A091B8Ca92EFA7d7Ee6f4De113A626FE,0x8016E3AfB222702CAF92783582869149AA9C1282,0xB29749498954A3A821ec37BdE86e386dF3cE30B6,0xcbB7C0000aB88B473b1f5aFd9ef808440eed33Bf,0x940181a94A35A4569E4529A3CDfB74e38FD98631,18,18,8,2273422426318183,8877,0.002273422426318183,8.877e-05,2273422426327060,0,1128034127966280307523,1128.0341279662803,0.0,0,0,0,nan,0
CL-cbBTC/EDGE,0.0012761876349564902,0x5230845439Fa66FBEA20aF7cf09BC413B99E10B7,0x1A82875FDFCda393BC1CC44492515586CBC8697b,0xcbB7C0000aB88B473b1f5aFd9ef808440eed33Bf,0xED6E000dEF95780fb89734c07EE2ce9F6dcAf110,0x940181a94A35A4569E4529A3CDfB74e38FD98631,18,8,18,415,5199442359358187783,4.15e-06,5.199442359358188,5199442359358188198,94065924534967,12069691879466560190848,12069.69187946656,5.202258470370374e-21,62.78965681471543,0,62.78965681471543,192.2242052553773,1769040000
CL-USDC/KLIMA,8.001866962452371e-06,0x2DB199a5D0EffAe36236E13FDb62aa43Eb3e14eC,0x3978aB83e3C0823Dcc432B2CE30E6414AD857914,0x833589fCD6eDb6E08f4c7C32D4f71b54bdA02913,0xDCEFd8C8fCc492630B943ABcaB3429F12Ea9Fea2,0x940181a94A35A4569E4529A3CDfB74e38FD98631,18,6,9,55601,143228867,0.055601,0.143228867,143284468,0,75678580525171683648,75.67858052517168,0.0,0,0,0,nan,0
CL-oUSDT/USDC,0.008605914991226826,0x4858bA5A92a23de1B2dBB3509B01D0A9F0E0756A,0x2ce6eBFb4E00eE53f7B138C46850F0bD3B33a83B,0x1217BfE6c773EEC6cc4A38b5Dc45B92292B6E189,0x833589fCD6eDb6E08f4c7C32D4f71b54bdA02913,0x940181a94A35A4569E4529A3CDfB74e38FD98631,18,6,6,1143610,1043537,1.14361,1.043537,2187147,634525028388813,81391434488025952267990,81391.43448802595,2.2870958896133448e-21,186.150015267298,0,186.150015267298,437.23571212795076,1769040000
CL-USDC/ZARP,0.0002997090667971768,0xB86D18195349aAA6941042BD539289F26142A87b,0xdaA5708f6fBF97B0Bc94005afCcD08EC04EfCB5e,0x833589fCD6eDb6E08f4c7C32D4f71b54bdA02913,0xb755506531786C8aC63B756BaB1ac387bACB0C04,0x940181a94A35A4569E4529A3CDfB74e38FD98631,18,6,18,1781,11538710239615474,0.001781,0.011538710239615474,11538710239617255,22061164760932,2834533097358928788831,2834.533097358929,7.309805404997774e-21,20.71988535571938,0,20.71988535571938,136.80254734500753,1769040000
CL-PROMPT/cbBTC,0.0006879094259677052,0x41D60eD9C8327EA0c6b16a44343c177E0402FeeA,0x6d5EBd01df7091d15FFd730281e71715160B1587,0x30c7235866872213F68cb1F08c37Cb9eCCB93452,0xcbB7C0000aB88B473b1f5aFd9ef808440eed33Bf,0x940181a94A35A4569E4529A3CDfB74e38FD98631,18,18,8,10160652331870952204,562,10.160652331870953,5.62e-06,10160652331870952766,50636049650141,6505982807687984632981,6505.982807687985,3.833573883418233e-21,24.941165777520688,0,24.941165777520688,260.85319610648617,1769040000
CL-USDC/CTX,0.006919269361761496,0x562d63bFCea2eae8be3265B1f841D42Af6DdE0B7,0x09f0FCCB52931ac063290E1498f391680573E74d,0x833589fCD6eDb6E08f4c7C32D4f71b54bdA02913,0xBB22Ff867F8Ca3D5F2251B4084F6Ec86D4666E14,0x940181a94A35A4569E4529A3CDfB74e38FD98631,18,6,18,1,1,1e-06,1e-18,2,509338715814731,65439788742618376236118,65439.78874261837,1.6294916439572674e-22,10.663358893842549,0,10.663358893842549,6136.8832648412435,1769040000
CL-MOCA/USDC,0.002165511530845994,0xbf4f004307F623C2Fa2c6cf8Ce8095200e389B13,0x5f42dc8b628b61F268BB832cBF04780a18CF6dD8,0x2B11834Ed1FeAEd4b4b3a86A6F571315E25A884D,0x833589fCD6eDb6E08f4c7C32D4f71b54bdA02913,0x940181a94A35A4569E4529A3CDfB74e38FD98631,18,18,6,30571022286630963984,3573834,30.571022286630964,3.573834,30571022286634537818,159406839730588,20480575287531444738035,20480.575287531447,4.6231697549937855e-21,94.68517623418853,0,94.68517623418853,216.3018130406817,1769040000
CL-WETH/uHBAR,0.001162194389606065,0x006B41C8B19E73324808ecE954DDDfF978c9c8F3,0x760E67cD9Ef0B4b14a804b3C20fBf762A3e94117,0x4200000000000000000000000000000000000006,0xc79e06860Aa9564f95E08fb7E5b61458d0C63898,0x940181a94A35A4569E4529A3CDfB74e38FD98631,18,18,18,25002000000002,339180000000000001,2.5002000000002e-05,0.33918,339205002000000003,85551026702382,10991587602294987353085,10991.587602294987,2.781909124548886e-22,3.0577597844102837,0,3.0577597844102837,3594.653726016876,1769040000
CL-WETH/Base is for everyone,0.0016170427748461382,0x9aa26B650357bF9cc5439123BCd7e0C0200d90e6,0x78495D7753540ebEAc1fB45A27fB790868cB811e,0x4200000000000000000000000000000000000006,0xD769d56f479E9E72a77bB1523e866A33098Feec5,0x940181a94A35A4569E4529A3CDfB74e38FD98631,18,18,18,217838884031039,119548199272307203250,0.000217838884031039,119.5481992723072,119548417111191234289,119033159036887,15293368712960394046490,15293.368712960395,6.86420247310798e-21,104.97677934165495,0,104.97677934165495,145.6833483449417,1769040000
CL-WETH/HYPER,0.0045421499227341665,0x29AF315b3Bd7566005f14d81C582b59E1C632fFd,0x29C4ff5Cfb44a14974cCC2447e9555f753B3489D,0x4200000000000000000000000000000000000006,0xC9d23ED2ADB0f551369946BD377f8644cE1ca5c4,0x940181a94A35A4569E4529A3CDfB74e38FD98631,18,18,18,1,1144275485670456512,1e-18,1.1442754856704564,1144275485670456513,334355072439965,42957907235649818624568,42957.907235649815,1.1403602601829405e-21,48.98749027216025,0,48.98749027216025,876.9158615186892,1769040000
CL-USDC/TRYB,1.1906624465438698e-05,0xeAd784aFe3Bdf564367D36DeBD3619a31ef2bd6a,0x2420CBAC5cA9DA04344A8752395912B87a2f4A2e,0x833589fCD6eDb6E08f4c7C32D4f71b54bdA02913,0xFb8718a69aed7726AFb3f04D2Bd4bfDE1BdCb294,0x940181a94A35A4569E4529A3CDfB74e38FD98631,18,6,6,1,1,1e-06,1e-06,2,876445454556,112608275371092200988,112.60827537109219,5.279711836127303e-21,0.5945392443226382,0,0.5945392443226382,189.40427641473428,1769040000
CL-ZORA/USDC,0.41113799075207025,0x3f53f1Fd5b7723DDf38D93a584D280B9b94C3111,0xaDEfE661847835C6566b1caAbECfcF09C586F300,0x1111111111166b7FE7bd91427724B487980aFc69,0x833589fCD6eDb6E08f4c7C32D4f71b54bdA02913,0x940181a94A35A4569E4529A3CDfB74e38FD98631,18,18,6,4532038097518017501555,152070733,4532.038097518018,152.070733,4532038097518169572288,30253875248736377,3888385008909480215185735,3888385.00890948,8.062876039339213e-21,31351.56632006204,0,31351.56632006204,124.02522314878033,1769040000
CL-WETH/SIGN,0.0004624489009764488,0x8A7b72F8ff5299E493317D4430293894107af859,0x3b23C56D4E0aA528FAc0446E17a4b6fF575fC057,0x4200000000000000000000000000000000000006,0x868FCEd65edBF0056c4163515dD840e9f287A4c3,0x940181a94A35A4569E4529A3CDfB74e38FD98631,18,18,18,6398957457313,3796636123233577438,6.398957457313e-06,3.7966361232335775,3796642522191034751,34168359938442,4373663865638359749700,4373.663865638359,8.375602422266012e-21,36.632069667217976,0,36.632069667217976,119.39439691425214,1769040000
CL-USDC/rETH,0.00010324708159869081,0xcb1F3E1A6BB8A0e2D97bDC9d48DB093B2C0095f9,0xF3616d12202831496fEA710eB652918550687Cbe,0x833589fCD6eDb6E08f4c7C32D4f71b54bdA02913,0xB6fe221Fe9EeF5aBa221c348bA20A1Bf5e73624c,0x940181a94A35A4569E4529A3CDfB74e38FD98631,18,6,18,44568,7715820632285,0.044568,7.715820632285e-06,7715820676853,7600007510617,976471192962801261324,976.4711929628012,2.997577638803948e-21,2.927048212961508,0,2.927048212961508,333.602702080139,1769040000
CL-USDC/RIZE,0.00968641129604543,0xEa5cb64754Ad7aA24F7A6BBe3b724F29B4f822B8,0xE590B6913D090A012BDBBd9c58A9f0D7309C9356,0x833589fCD6eDb6E08f4c7C32D4f71b54bdA02913,0x9818B6c09f5ECc843060927E8587c427C7C93583,0x940181a94A35A4569E4529A3CDfB74e38FD98631,18,6,18,9596735,836316248668073767903,9.596735,836.3162486680737,836316248668083364638,714412321468013,91610353022295686324228,91610.35302229568,6.51978163614182e-21,597.2794973152327,0,597.2794973152327,153.37937001702485,1769040000
CL-WETH/GIZA,0.010770502457458121,0x3C589883d42D5D45b50b9Fff4f07D990A1242A3F,0x1B5dD992cbd0De7a9B44A8736866214D093d2942,0x4200000000000000000000000000000000000006,0x590830dFDf9A3F68aFCDdE2694773dEBDF267774,0x940181a94A35A4569E4529A3CDfB74e38FD98631,18,18,18,147941774316198,30572642281921662884,0.000147941774316198,30.572642281921663,30572790223695979082,794193256319367,101863270327790767242635,101863.27032779077,1.4652563934554186e-21,149.25580810607306,0,149.25580810607306,682.4744150351497,1769040000
CL-GIZA/USDC,0.25692606035055326,0xe077DdFb9E9d9403A8eC42D3023D17e8417ee399,0xe9d34ea7240cD470Ef9e8A797c442c41E090117a,0x590830dFDf9A3F68aFCDdE2694773dEBDF267774,0x833589fCD6eDb6E08f4c7C32D4f71b54bdA02913,0x940181a94A35A4569E4529A3CDfB74e38FD98631,18,18,6,81591897804719907259,5100,81.5918978047199,0.0051,81591897804719912359,18896802384432936,2429907875061125294753252,2429907.875061125,6.432428920463105e-22,1563.0209689604228,0,1563.0209689604228,1554.6226975299476,1769040000
CL-MAMO/cbBTC,0.005727350351343689,0xE2B3aA806e56603a244bFc111c9474F7DeDD03db,0x219A387d97D62cF1A9f853D41a4D13BB71EA818C,0x7300B37DfdfAb110d83290A29DfB31B1740219fE,0xcbB7C0000aB88B473b1f5aFd9ef808440eed33Bf,0x940181a94A35A4569E4529A3CDfB74e38FD98631,18,18,8,193484771438804887965,5949,193.4847714388049,5.949e-05,193484771438804893914,363060650826032,54167077107614880212904,54167.07710761488,1.7278547796855053e-20,935.9284308198569,0,935.9284308198569,57.87523417807222,1769040000
CL-cbXRP/cbBTC,0.7496727651420965,0x95Ff4985af7ED78421215be100c18a2b987f7E90,0x2db769AcFc04a1F27f4EF1Cc84B90CBde34e0A5a,0xcb585250f852C6c6bf90434AB21A00f02833a4af,0xcbB7C0000aB88B473b1f5aFd9ef808440eed33Bf,0x940181a94A35A4569E4529A3CDfB74e38FD98631,18,6,8,21154463,22278,21.154463,0.00022278,21176741,55170262579853218,7090116717829893353074559,7090116.717829892,7.823905206673684e-22,5547.240110455343,0,5547.240110455343,1278.13409491083,1769040000
CL-WETH/cbXRP,0.7752008757842104,0xA6da283cf7D06b2279626E787c329d6aCF7e2994,0xB2d7D02733ae07695dF556d3AF2d09FC48f34D0F,0x4200000000000000000000000000000000000006,0xcb585250f852C6c6bf90434AB21A00f02833a4af,0x940181a94A35A4569E4529A3CDfB74e38FD98631,18,18,6,1,82208249,1e-18,82.208249,82208250,57044158050214372,7331551771168073102366734,7331551.771168073,1.4536936723493809e-21,10657.830418248923,0,10657.830418248923,687.9028360795259,1769040000
CL-WETH/cbDOGE,0.11115691309653125,0xfb338cb462c9e44cAE9f442fEb09e8E904fFed47,0x34d4C2189A3F5ACD106731a6A236F6FFBB691577,0x4200000000000000000000000000000000000006,0xcbD06E5A2B0C65597161de254AA074E489dEb510,0x940181a94A35A4569E4529A3CDfB74e38FD98631,18,18,8,1,1,1e-18,1e-08,2,8180415044554647,1051279337456920590989201,1051279.3374569206,5.85242305230431e-22,615.2531428944084,0,615.2531428944084,1708.6939735265105,1769040000
CL-cbBTC/cbDOGE,0.3098669411846351,0x363d1607b8DA83d6B6EA76D017CeEcf1316BB08A,0x648Eec151f6642Eb57B259A7AA0f963B826a7284,0xcbB7C0000aB88B473b1f5aFd9ef808440eed33Bf,0xcbD06E5A2B0C65597161de254AA074E489dEb510,0x940181a94A35A4569E4529A3CDfB74e38FD98631,18,8,8,18686,74303269,0.00018686,0.74303269,74321955,22804161404478770,2930602366993504191977519,2930602.3669935046,1.9022920322600374e-21,5574.86153245415,0,5574.86153245415,525.6816424825897,1769040000
CL-USDC/VIRGEN,2.3777481627559906e-05,0xda353757c951289C0d2aC757dF4A2a6005f866Fd,0xd6F600AC3A4A9eB421FBb5923EB9F482946E4f09,0x833589fCD6eDb6E08f4c7C32D4f71b54bdA02913,0xbf8566956b4e2D8BEB90c4c19dbb8c67A9290C36,0x940181a94A35A4569E4529A3CDfB74e38FD98631,18,6,18,12185569,14578222554979994798473,12.185569,14578.222554979995,14578222554980006984042,0,224878277342116362038,224.87827734211635,0.0,0,0,0,nan,0
CL-WETH/DEGEN,1.6822247992869322e-07,0x68a5aEA4DE3D938a755D85d1868Fe79A9C7B6ae1,0x6a7d1B43b42F8A30B729bfFbdAe2884b683b545c,0x4200000000000000000000000000000000000006,0x4ed4E862860beD51a9570b96d89aF5E1B0Efefed,0x940181a94A35A4569E4529A3CDfB74e38FD98631,18,18,18,223800578114299,320826032501832620601,0.000223800578114299,320.82603250183263,320826256302410734900,0,1590983523365902473,1.5909835233659027,0.0,0,0,0,nan,0
CL-NATION/WETH,0.0002447029984224194,0xE8898C5653f5843f4979c8e11f575C3EC1D48FC0,0xa9AC50eb0f10FB68C309073763bBbB1EB24e69a8,0x2f74f818e81685c8086Dd783837a4605a90474B8,0x4200000000000000000000000000000000000006,0x940181a94A35A4569E4529A3CDfB74e38FD98631,18,18,18,1,5433554923814,1e-18,5.433554923814e-06,5433554923815,18008730160525,2314306855857358840842,2314.306855857359,2.553763802976289e-21,5.910193077468388,0,5.910193077468388,391.57889184369674,1769040000
CL-WETH/noice,0.025681215778618434,0x9Ea86AA9f7203da077371bb2F82ec555E6E22f81,0x3e2B0d294BeE08c601483B97f758824A81f81d25,0x4200000000000000000000000000000000000006,0x9Cb41FD9dC6891BAe8187029461bfAADF6CC0C69,0x940181a94A35A4569E4529A3CDfB74e38FD98631,18,18,18,1044283588823064,62130556621211056490499,0.001044283588823064,62130.55662121106,62130557665494645313563,1887284577802327,242883062840980438818007,242883.06284098045,5.148604030501593e-21,1250.5087162836435,0,1250.5087162836435,194.22740495787886,1769040000
CL-WETH/JKL,0.0005316521514906196,0x30e8b965852FFB425AAc5B265Dd985aB43123c3d,0x473A8A08738AD2C04B4B2b3A7eEe2a3124aE79b6,0x4200000000000000000000000000000000000006,0x4eeD0d2deb4C588393c80869B122327581B0D98e,0x940181a94A35A4569E4529A3CDfB74e38FD98631,18,18,6,1,1,1e-18,1e-06,2,39321212809325,5028161596132399551107,5028.1615961324,2.799340964926424e-21,14.07553873432326,0,14.07553873432326,357.2269375289492,1769040000
CL-BIOS/USDC,4.3606265407792104e-07,0x5E8961929dd762300ec192C85615502c3A516087,0x17eD47514fD512B8cE273FAd376eaBA4d926Fb9F,0x73Cb479f2ccf77BAd90BcDA91e3987358437240A,0x833589fCD6eDb6E08f4c7C32D4f71b54bdA02913,0x940181a94A35A4569E4529A3CDfB74e38FD98631,18,18,6,8878533102984199758272,22711159,8878.5331029842,22.711159,8878533102984222469431,0,4124112889592727052,4.124112889592727,0.0,0,0,0,nan,0
CL-WETH/HOME,0.015634579717956728,0x098A4dE96305baFAEA0c0ce07CF6456e2c64982a,0xF9F42a321E3A07820081D9d54e3F614e34B9Ae0E,0x4200000000000000000000000000000000000006,0x4BfAa776991E85e5f8b1255461cbbd216cFc714f,0x940181a94A35A4569E4529A3CDfB74e38FD98631,18,18,18,2970994377618955,172557659070589432175,0.002970994377618955,172.55765907058944,172560630064967051130,1150616549477029,147865842523328098236726,147865.8425233281,4.113454403799715e-21,608.2394010991391,0,608.2394010991391,243.1046759814018,1769040000
CL-WETH/SOLACE,2.769307309541523e-09,0xcAfD76397eFC53129e7A967a4B746D1899b479fa,0xAa5836B9501F2AE3f99a0d4D7F6F86C01648FE47,0x4200000000000000000000000000000000000006,0x7d6fcB3327D7E17095fA8B0E3513AC7A3564f5E1,0x940181a94A35A4569E4529A3CDfB74e38FD98631,18,18,18,184677371731679,339367625206222794233,0.000184677371731679,339.3676252062228,339367809883594525912,0,26191043566144785,0.026191043566144784,0.0,0,0,0,nan,0
CL-USDC/SQD,6.059711645370027e-05,0xCe62141227cfd3Fe8d715F403B99F0377C0C16C6,0xbbECFcbAA02b8Ae165be383c1FC505d15772Dd61,0x833589fCD6eDb6E08f4c7C32D4f71b54bdA02913,0xd4554BEa546EFa83C1E6B389ecac40EA999B3E78,0x940181a94A35A4569E4529A3CDfB74e38FD98631,18,6,18,1,1,1e-06,1e-18,2,4459642725964,573104224133351153456,573.1042241333512,1.3662679856267172e-20,7.830139538608363,0,7.830139538608363,73.19208314328559,1769040000
CL-CADC/WETH,0.002183280962651017,0x3debC1A83EDE28E30baaA43f9fa110E052d4Ccdd,0xf4533d9632Ad33983A39F3DdE529FDfFD5b0ad88,0x043eB4B75d0805c43D7C834902E335621983Cf03,0x4200000000000000000000000000000000000006,0x940181a94A35A4569E4529A3CDfB74e38FD98631,18,18,18,33141742625921010015,1128817325960582,33.14174262592101,0.001128817325960582,33142871443246970597,161061036223399,20648631740113463355942,20648.631740113462,1.4820231667064232e-20,306.01750599637717,0,306.01750599637717,67.4753284877693,1769040000
CL-cbADA/cbBTC,0.31880805876132556,0x8782d97C8b25B4d17dBFbaa03f25dC18e51e909D,0x27f732A92CbDfD4047087b8aED4E0b88C29c4198,0xcbADA732173e39521CDBE8bf59a6Dc85A9fc7b8c,0xcbB7C0000aB88B473b1f5aFd9ef808440eed33Bf,0x940181a94A35A4569E4529A3CDfB74e38FD98631,18,6,8,20715533,3,20.715533,3e-08,20715536,23457158933138448,3015164018629014826628295,3015164.0186290145,2.5127887236454584e-21,7576.470145952513,0,7576.470145952513,397.96421823687507,1769040000
CL-WETH/cbADA,0.15480723546262984,0xb862F23ba38c8C65e256782B31E8C08C9aefd612,0x0C8b92c57Af0105C5b027Da4645A24f3144AD6f4,0x4200000000000000000000000000000000000006,0xcbADA732173e39521CDBE8bf59a6Dc85A9fc7b8c,0x940181a94A35A4569E4529A3CDfB74e38FD98631,18,18,6,837714878707507,30592999,0.000837714878707507,30.592999,837714909300506,11393049109983511,1464107300185269449327516,1464107.3001852694,1.5894300454371025e-21,2327.0961326582665,0,2327.0961326582665,629.1563462454833,1769040000
CL-WETH/cbLTC,0.12762346408990796,0x200681425b0C8D78C6a467512C5D49FA56BaC88A,0x88040de1F5811090b638Fa70633B24a3e319D06f,0x4200000000000000000000000000000000000006,0xcb17C9Db87B595717C857a08468793f5bAb6445F,0x940181a94A35A4569E4529A3CDfB74e38FD98631,18,18,8,1553845872626323,12221073,0.001553845872626323,0.12221073,1553845884847396,9392537699915991,1207013644359492090670193,1207013.6443594922,1.7750769329682986e-21,2142.542077880536,0,2142.542077880536,563.355864428812,1769040000
CL-cbLTC/cbBTC,0.16139189695994688,0x6044c817e55A03DAdc5F6b8B7045aF1985aE90fA,0x3De827C30391B6C75Af11a946adAA83733b9EE62,0xcb17C9Db87B595717C857a08468793f5bAb6445F,0xcbB7C0000aB88B473b1f5aFd9ef808440eed33Bf,0x940181a94A35A4569E4529A3CDfB74e38FD98631,18,8,8,4178563,5982,0.04178563,5.982e-05,4184545,11887694354559674,1526382496423096381304040,1526382.4964230964,2.3853249266594495e-21,3640.9182163346895,0,3640.9182163346895,419.23009684070985,1769040000
CL-WETH/WOO,0.032516334913782176,0xAD06a870Fc2198398c18a6f2cA035Bf795EdEeFe,0xe75880892CC7B8F7D64614345c5422c3cc4FA41A,0x4200000000000000000000000000000000000006,0xF3df0A31ec5EA438150987805e841F960b9471b6,0x940181a94A35A4569E4529A3CDfB74e38FD98631,18,18,18,2711376592711234,81610093202281680184,0.002711376592711234,81.61009320228167,81612804578874391418,2393062308084963,307526991101329801535663,307526.9911013298,4.070958118186295e-21,1251.9295009853631,0,1251.9295009853631,245.64241904938163,1769040000
CL-SEDA/WETH,0.017421061695016487,0x681D6e4B0b020656cA04956dDAf76aDd7EF022F6,0x82F40418147828bcC8f0F1F551685FC2f6768176,0x306aCd0c07c430AbBBb2e74Ef7bdE94F32A898c0,0x4200000000000000000000000000000000000006,0x940181a94A35A4569E4529A3CDfB74e38FD98631,18,18,18,69850408543243488004,1,69.85040854324349,1e-18,69850408543243488005,1284307609076177,164761702051121349598834,164761.70205112133,3.165147445346989e-21,521.4950803381284,0,521.4950803381284,315.9410476975021,1769040000
CL-SUPR/WETH,2.043132459497888e-05,0x1c6511ef0ec38b5b91208D1A21eF9f9D1aA532B3,0xA6b01B70982BF3D288d84182b44632CE6E34f6F0,0x17906b1Cd88aA8EfaEfC5e82891B52a22219BD45,0x4200000000000000000000000000000000000006,0x940181a94A35A4569E4529A3CDfB74e38FD98631,18,18,18,9230553677462278121946,2989132795158187,9230.553677462278,0.002989132795158187,9230556666595073280133,0,193231610929351705504,193.23161092935172,0.0,0,0,0,nan,0
CL-TIG/USDC,0.04845139671731675,0x3F5E98C7ebfF35056ab4346BCcd722A537c1aEfA,0x03fDf6f0f980Aa6eb2bc5387a27883360414Bf6C,0x0C03Ce270B4826Ec62e7DD007f0B716068639F7B,0x833589fCD6eDb6E08f4c7C32D4f71b54bdA02913,0x940181a94A35A4569E4529A3CDfB74e38FD98631,18,18,6,29649985048829768122,1336542,29.64998504882977,1.336542,29649985048831104664,3560855206459349,458234677636371572142900,458234.6776363716,1.8240189532941992e-21,835.8287370653993,0,835.8287370653993,548.239917240985,1769040000
CL-WETH/SYRUP,0.04542638126351239,0x7432aaB631B801a10BEF7d70c1507a32755595fa,0x152cF5b5Fa1A41D00140A83e39328D8C5F0cDdB8,0x4200000000000000000000000000000000000006,0x688AEe022AA544f150678B8E5720b6b96a9E9a2F,0x940181a94A35A4569E4529A3CDfB74e38FD98631,18,18,18,8074672426206171,117222125831338692030,0.00807467242620617,117.22212583133869,117230200503764898201,3339968530901981,429625244777160290327235,429625.2447771603,5.897559783059976e-21,2533.7405653850783,0,2533.7405653850783,169.56165546170106,1769040000
CL-VEUR/USDC,0.0003258014006928005,0xc5cE625C8Ffa95789eFa4bD9a5925C91154a5187,0x94824E750c153908c9ecE916d3018D2D7E1222Fc,0x4ed9Df25d38795a47f52614126e47f564D37F347,0x833589fCD6eDb6E08f4c7C32D4f71b54bdA02913,0x940181a94A35A4569E4529A3CDfB74e38FD98631,18,18,6,2837729677387395,325,0.002837729677387395,0.000325,2837729677387720,23977818851964,3081304357250564139296,3081.3043572505644,3.3639637116853667e-21,10.365396042448902,0,10.365396042448902,297.2683672318789,1769040000
CL-VCHF/USDC,0.0022786491255005047,0x44B7CbBb1E326617d439a2966C4475e78b9D42E6,0x38B25d8551c8f4Dd17557Bb319c9f8D9846C48Eb,0x1fcA74D9ef54a6AC80ffE7D3b14e76c4330Fd5D8,0x833589fCD6eDb6E08f4c7C32D4f71b54bdA02913,0x940181a94A35A4569E4529A3CDfB74e38FD98631,18,18,6,14056955058177849,121379,0.01405695505817785,0.121379,14056955058299228,167700432970077,21550587149470919697629,21550.58714947092,2.5686771713408666e-21,55.35650123983779,0,55.35650123983779,389.3054413988479,1769040000
CL-VIRTUAL/MAMO,0.013599367057050614,0x4A021bA3ab1F0121e7DF76f345C547db86Cb3468,0xa1d2b60242f36Df5Ce0Bc09a7AC2DE0943F52059,0x0b3e328455c4059EEb9e3f84b5543F74E24e7E1b,0x7300B37DfdfAb110d83290A29DfB31B1740219fE,0x940181a94A35A4569E4529A3CDfB74e38FD98631,18,18,18,1082275907206467996,664083371215584086835,1.082275907206468,664.0833712155841,665165647122790554831,1000873355130686,128617583839828518015542,128617.58383982853,6.488789942465258e-21,834.5724844440614,0,834.5724844440614,154.11193903128176,1769040000
CL-USDC/VGBP,0.0005892353867660915,0x02bC3eA058FD3aA62C8aA19912F1D0908685E7e1,0xa4972a1Bb2Eb82a7aF5d11bcf559534567de4536,0x833589fCD6eDb6E08f4c7C32D4f71b54bdA02913,0xAEB4bb7DebD1E5e82266f7c3b5cFf56B3A7BF411,0x940181a94A35A4569E4529A3CDfB74e38FD98631,18,6,18,183367,673129979029963254,0.183367,0.6731299790299633,673129979030146621,43560620407564,5572761691103127979265,5572.761691103127,3.2912860615696322e-21,18.341552878376937,0,18.341552878376937,303.83259956537916,1769040000
CL-WETH/VEUR,5.164784412060511e-06,0xD6980a81142673a39D9a76f70B4A1F81144eb365,0x0300Bb8e1eF3824ca53c73aDdEca4348cE1A25B0,0x4200000000000000000000000000000000000006,0x4ed9Df25d38795a47f52614126e47f564D37F347,0x940181a94A35A4569E4529A3CDfB74e38FD98631,18,18,18,1,276664045401970,1e-18,0.00027666404540197,276664045401971,380113448321,48846544794776609147,48.84654479477661,5.2310763568523e-21,0.2555200055898827,0,0.2555200055898827,191.1652462671623,1769040000
CL-VCHF/WETH,2.9947042913414395e-05,0x89AB78D42bA0D381fE3C02666aBB4276E21e5a13,0x18fb83982A84Cd4C75c59Fae8a342b8c1B58A132,0x1fcA74D9ef54a6AC80ffE7D3b14e76c4330Fd5D8,0x4200000000000000000000000000000000000006,0x940181a94A35A4569E4529A3CDfB74e38FD98631,18,18,18,53457882495590811,4517658844556,0.05345788249559081,4.517658844556e-06,53462400154435367,2204017213629,283227615411269476792,283.2276154112695,1.42055449808276e-20,4.023402630537328,0,4.023402630537328,70.39504653638014,1769040000
CL-WETH/VGBP,0.00046211298614394725,0xf935fa2e4ae1593953263f4C1674ea21dae64169,0x6936F0A25e723925C765EB1424cD5B3a7d0D7039,0x4200000000000000000000000000000000000006,0xAEB4bb7DebD1E5e82266f7c3b5cFf56B3A7BF411,0x940181a94A35A4569E4529A3CDfB74e38FD98631,18,18,18,18682259286397,162833377536814442,1.8682259286397e-05,0.16283337753681446,162852059796100839,34196444840216,4370486912332293786846,4370.486912332293,3.3966085129376056e-21,14.84483305211026,0,14.84483305211026,294.41132123146434,1769040000
CL-MXNe/WETH,3.032353416644053e-05,0x8a80bc9528564c75C50E227A7213c3136b1De7E5,0x55CcEb11bbb7Bdf9b9ffF9D4342bd5282413e05b,0x269caE7Dc59803e5C596c95756faEeBb6030E0aF,0x4200000000000000000000000000000000000006,0x940181a94A35A4569E4529A3CDfB74e38FD98631,18,6,18,131499,1,0.131499,1e-18,131500,2231744934403,286788324898550021656,286.78832489855,1.1677886091118043e-20,3.34908139042782,0,3.34908139042782,85.63193648211546,1769040000
CL-MAMO/USDC,0.005114138471919439,0x678F431DA2aBb9B5726bbf5CCDbaEEBB60dA9813,0xDFB9E9445aB1ABf6f083Fa2971cc335fDbE84Dd8,0x7300B37DfdfAb110d83290A29DfB31B1740219fE,0x833589fCD6eDb6E08f4c7C32D4f71b54bdA02913,0x940181a94A35A4569E4529A3CDfB74e38FD98631,18,18,6,16782707416387162989,1763628,16.78270741638716,1.763628,16782707416388926617,376389261419907,48367554969374111841656,48367.55496937411,3.676340857706099e-21,177.81561852125571,0,177.81561852125571,272.0095983221651,1769040000
CL-R1/USDC,2.132535834816228e-05,0x81aA7644632479A621A3ADd22641aC1b41FaA5f4,0x28e9E379291dd5a7cD5BF1d2e41d03bD9cf101B7,0x6444C6c2D527D85EA97032da9A7504d6d1448ecF,0x833589fCD6eDb6E08f4c7C32D4f71b54bdA02913,0x940181a94A35A4569E4529A3CDfB74e38FD98631,18,18,6,1,1,1e-18,1e-06,2,1569502045596,201687038356474955777,201.68703835647494,3.220427169955433e-22,0.06495184181510355,0,0.06495184181510355,3105.178124595933,1769040000
CL-WETH/ZEN,1.4565989523234528,0x0392B12a1cEb0cd13af5Ea448CF5586EA609852D,0x828622C92977a372Be19F24bC5c4B5021B4b06eC,0x4200000000000000000000000000000000000006,0xf43eB8De897Fbc7F2502483B2Bef7Bb9EA179229,0x940181a94A35A4569E4529A3CDfB74e38FD98631,18,18,18,125249042846161908,48487429997566697982,0.1252490428461619,48.4874299975667,48612679040412859890,108151741884191463,13775952739972493960665093,13775952.739972493,3.842750231927774e-21,52937.54558655535,0,52937.54558655535,260.2302881127756,1769040000
CL-ZRO/ZEN,0.001136541698913527,0x82685574957fEf6ab359D8c1083401B492dCa0CF,0xAc7aa2b1eA5B8847FCa2A79D3DdC191aF96e4669,0x6985884C4392D348587B19cb9eAAf157F13271cd,0xf43eB8De897Fbc7F2502483B2Bef7Bb9EA179229,0x940181a94A35A4569E4529A3CDfB74e38FD98631,18,18,18,7376584396147091754,1444066252498945028,7.376584396147091,1.444066252498945,8820650648646036782,83647819976310,10748974318748519146530,10748.974318748518,9.474554223732852e-21,101.84174003249473,0,101.84174003249473,105.54586278002354,1769040000
CL-cbBTC/ZEN,0.666319998134349,0x47f9e291bb766Fc307Ad7BBa4f29f3Eab6A97101,0xB6abC5598A53C8432F9C849528d9D30E30c205FA,0xcbB7C0000aB88B473b1f5aFd9ef808440eed33Bf,0xf43eB8De897Fbc7F2502483B2Bef7Bb9EA179229,0x940181a94A35A4569E4529A3CDfB74e38FD98631,18,8,18,186541,19480101248461517286,0.00186541,19.480101248461516,19480101248461703827,49050130777719540,6301798301691361829342135,6301798.301691362,3.2251191320558602e-21,20324.05026914194,0,20324.05026914194,310.066065485943,1769040000
CL-ZORA/WETH,0.06577131321005154,0xAdB8Fb846DBD3Bd6A23335CEe65Bb610C1cf0ea3,0x6b82714e0e4964595A97fE2b1c3Ad03Dbb246fdF,0x1111111111166b7FE7bd91427724B487980aFc69,0x4200000000000000000000000000000000000006,0x940181a94A35A4569E4529A3CDfB74e38FD98631,18,18,18,1480722286082162310836,8642740838124674,1480.7222860821623,0.008642740838124673,1480730928823000435510,4802885567886033,622039787260809475665440,622039.7872608094,1.1599276653983561e-20,7215.211582223208,0,7215.211582223208,86.21227252619828,1769040000
CL-WETH/ADM,0.0018514923326023913,0x304Bd2Fc8059CC38b09d6E9cdfE62A57A5f456bE,0xA5374a774f297310F5b7124b32836E2540675CB1,0x4200000000000000000000000000000000000006,0x55fF51DA774b8ce0ed1ABAeD1CB76236bc6b2f16,0x940181a94A35A4569E4529A3CDfB74e38FD98631,18,18,18,51235179448090,47704081729803937868,5.123517944809e-05,47.70408172980394,47704132964983385958,136268952188167,17510702470070218971456,17510.70247007022,3.8497815233016834e-21,67.41237882930947,0,67.41237882930947,259.7550001077389,1769040000
CL-WETH/AAA,0.0043352097679691184,0xeE43F28bf16AbaA17D5874e57B3A8FfdC99ECBBA,0xeC465874335285521e8A9D97959c8B799862f107,0x4200000000000000000000000000000000000006,0xaaa843fb2916c0B57454270418E121C626402AAa,0x940181a94A35A4569E4529A3CDfB74e38FD98631,18,18,18,17793288406244,14311486409745428078,1.7793288406244e-05,14.311486409745427,14311504203033834322,319439158732224,41000746832988177180742,41000.74683298818,4.366401069643687e-22,17.90257048277496,0,17.90257048277496,2290.215635371314,1769040000
CL-WETH/A0X,0.0035209326431797808,0x035D6b8ac7Fe438F8B3b52Eac81e346377f7509F,0x688da366bFe09A22f2AF5f54FC463c4E0c137a0f,0x4200000000000000000000000000000000000006,0x820C5F0fB255a1D18fd0eBB0F1CCefbC4D546dA7,0x940181a94A35A4569E4529A3CDfB74e38FD98631,18,18,18,83042602557396,50596148717581100761158,8.3042602557396e-05,50596.1487175811,50596148800623703318554,259706304294125,33299626925929739236036,33299.62692592974,6.1547653682673295e-21,204.95139057993464,0,204.95139057993464,162.4757306193651,1769040000
CL-WETH/MAMO,0.0033903985664943807,0xAa067F08FeF60420d050A92E7800E588748B7d67,0x6165cEeE2Df1cB4811698be5BfEf218AA6414868,0x4200000000000000000000000000000000000006,0x7300B37DfdfAb110d83290A29DfB31B1740219fE,0x940181a94A35A4569E4529A3CDfB74e38FD98631,18,18,18,470447364185465,104519313240089019382,0.000470447364185465,104.51931324008902,104519783687453204847,249546616320209,32065085826950079374982,32065.08582695008,5.6005600112303876e-21,179.58243743908687,0,179.58243743908687,178.55357285606692,1769040000
CL-TOWNS/USDC,0.0002808928928491673,0xF099ceFE04717710dd2EC40f2e0c9C06134F5Eb5,0x83e1dd4273a7eeC62982f4e5B9AE3452f8fCC6f5,0x00000000A22C618fd6b4D7E9A335C4B96B189a38,0x833589fCD6eDb6E08f4c7C32D4f71b54bdA02913,0x940181a94A35A4569E4529A3CDfB74e38FD98631,18,18,6,1512476951992011286,115790,1.5124769519920114,0.11579,1512476951992127076,20675081267598,2656576960124717743636,2656.576960124718,3.255808820577348e-21,8.649306699316615,0,8.649306699316615,307.143341365686,1769040000
CL-TOWNS/WETH,0.03735233589268505,0xB98185D088C7F3B035cF1384EB9efF4312bf734d,0xf5C198ead622C29589E5d34936CFEa42869bc3aC,0x00000000A22C618fd6b4D7E9A335C4B96B189a38,0x4200000000000000000000000000000000000006,0x940181a94A35A4569E4529A3CDfB74e38FD98631,18,18,18,2163609484407954400599,4874439212738671,2163.6094844079544,0.004874439212738671,2163614358847167139270,2739499466820836,353264028622576741308256,353264.02862257673,1.535265328102095e-20,5423.540148099082,0,5423.540148099082,65.13532102208069,1769040000
CL-BLAI/USDC,9.085964259248436e-06,0x59A6A634B33b7651f81A53094E2F33763e6E433c,0x074A4dF39e825BAc79728C153135d13348846F18,0x616b416f777E3Dc904A44Aa259A475bf26d06Ef9,0x833589fCD6eDb6E08f4c7C32D4f71b54bdA02913,0x940181a94A35A4569E4529A3CDfB74e38FD98631,18,18,6,1,1,1e-18,1e-06,2,668776072736,85931555856763270962,85.93155585676327,4.1621052701269134e-21,0.35765618150163964,0,0.35765618150163964,240.263024382732,1769040000
CL-WETH/ZXBT,2.4925763158159964e-05,0x017FFF440a3Ad5Fa72EC1f1efA615B5892F9a72A,0xFc8AcA4F761832bd7aBB776931699433A80c561D,0x4200000000000000000000000000000000000006,0xE99D2F7988c5F2d013A34E7484f079cAB87f469F,0x940181a94A35A4569E4529A3CDfB74e38FD98631,18,18,18,21562154195817,2217800284499733398602,2.1562154195817e-05,2217.8002844997336,2217800306061887594419,1834673431734,235738282474275033603,235.73828247427505,1.7024543560500458e-20,4.013336658860857,0,4.013336658860857,58.73872603082016,1769040000
CL-WETH/docker,0.0005887725563327422,0xC172acE2c8ed86acDFdd5723d0118f16C00117DD,0x655CB374D5d086916168aCF703B967e5064B94B0,0x4200000000000000000000000000000000000006,0x56f8AD6112C2DB9F9848243531B277cE1C3BE30c,0x940181a94A35A4569E4529A3CDfB74e38FD98631,18,18,18,21049813466051,214234470094291932588,2.1049813466051e-05,214.23447009429194,214234491144105398639,43332836500990,5568384418851030950550,5568.384418851031,2.3770736786031076e-21,13.23646003439445,0,13.23646003439445,420.6853195175894,1769040000
CL-1000X/USDC,0.00017407814601839254,0x458F1d779E5F9ee149b53B8f77c5d62C2Bc28d8e,0x3494963a2a8407f2c15d0af6cA417292882a87ed,0x352b850b733ab8baB50aED1Dab5D22E3186ce984,0x833589fCD6eDb6E08f4c7C32D4f71b54bdA02913,0x940181a94A35A4569E4529A3CDfB74e38FD98631,18,18,6,87221478911489123748,1,87.22147891148913,1e-06,87221478911489123749,12811654474527,1646364161381660344369,1646.3641613816603,9.088598586598695e-21,14.963142990160103,0,14.963142990160103,110.0279642094127,1769040000
CL-WETH/SOON,0.004073914161510137,0xC75a16d7E685eaE65Ba0aB6Cf596f73F6Edf170D,0xFAEC1Df3e83fa614b960520D5E3518DbAa4BE163,0x4200000000000000000000000000000000000006,0xb9E1Fd5A02D3A33b25a14d661414E6ED6954a721,0x940181a94A35A4569E4529A3CDfB74e38FD98631,18,18,18,1,4468080234451983113,1e-18,4.468080234451983,4468080234451983114,299915390633534,38529513471190410467386,38529.51347119041,1.0392443531254444e-20,400.4157930360537,0,400.4157930360537,96.22376075391509,1769040000
CL-USDC/TOWER,0.0006756049273717788,0xd59858F403aB4246Db7a29Aedf0BfD7573d9B8E5,0x391b58a68728d6aF0f4B91cf6cf729eB87fD90f3,0x833589fCD6eDb6E08f4c7C32D4f71b54bdA02913,0xf7C1CEfCf7E1dd8161e00099facD3E1Db9e528ee,0x940181a94A35A4569E4529A3CDfB74e38FD98631,18,6,18,1451127,1990852570324140675872,1.451127,1990.8525703241407,1990852570324142126999,224786685793305,6389611591797599259843,6389.6115917975985,0.0,0,0,0,nan,1769040000
CL-WETH/ENA,0.0040407169655330265,0xc422BFB18F9FC217f955d759D3753F31137cCEFd,0x11EC04A8AD5df5c187470Ec941Ef26DEa7f9EBD1,0x4200000000000000000000000000000000000006,0x58538e6A46E07434d7E7375Bc268D3cb839C0133,0x940181a94A35A4569E4529A3CDfB74e38FD98631,18,18,18,43510648603518,4658577930574884154,4.3510648603518e-05,4.658577930574884,4658621441223487672,297426200575579,38215547157984715647144,38215.547157984714,4.671833348708895e-21,178.53666765183038,0,178.53666765183038,214.04873105680443,1769040000
CL-USDC/AERO,3.684162815592047e-08,0xa4FDd479eda160671636e2eCF8f993Cbf86258a8,0xA31AEFB33c052Aa0325d2FFbc882BceD31bf62C2,0x833589fCD6eDb6E08f4c7C32D4f71b54bdA02913,0x940181a94A35A4569E4529A3CDfB74e38FD98631,0x0000000000000000000000000000000000000000,18,6,18,0,0,0.0,0.0,0,0,348433951246518830,0.3484339512465188,0.0,0,0,0,nan,0
CL-WETH/ORDER,0.0168526465234584,0x27bd426eC343845995c527d634c4E07f0608AaCd,0x6EA5161E3f223dE6ab0e079F0977AEf1056C4b3e,0x4200000000000000000000000000000000000006,0x4E200fE2f3eFb977d5fd9c430A41531FB04d97B8,0x940181a94A35A4569E4529A3CDfB74e38FD98631,18,18,18,235119691049544,16252092682222424495,0.000235119691049544,16.252092682222425,16252327801913474039,1238781609899323,159385849948813435143720,159385.8499488134,2.2772157441425357e-21,362.9559668969777,0,362.9559668969777,439.1327447002789,1769040000
CL-WFRAX/WETH,0.00030749122197097655,0x2229B66a40Ece21d0B5d4e061CB35bc44CD623b5,0x03b16EcD57519243BA821196bfE019350C88835c,0x0CEAC003B0d2479BebeC9f4b2EBAd0a803759bbf,0x4200000000000000000000000000000000000006,0x940181a94A35A4569E4529A3CDfB74e38FD98631,18,18,18,251943238946095852,132774920875090,0.2519432389460958,0.00013277492087509,252076013866970942,22633400579683,2908133728279601575063,2908.133728279601,6.6018054276672266e-21,19.1989330317384,0,19.1989330317384,151.47371593369633,1769040000
CL-USDC/GHST,0.05587996591078898,0x56C11053159a24c0731b4b12356BC1f0578FB474,0x8cA6075D8109bBb56d4af4B1056D2ba946c8086B,0x833589fCD6eDb6E08f4c7C32D4f71b54bdA02913,0xcD2F22236DD9Dfe2356D7C543161D4d260FD9BcB,0x940181a94A35A4569E4529A3CDfB74e38FD98631,18,6,18,9227275,1288068435116586,9.227275,0.001288068435116586,1288068444343861,4109364492626383,528491228330473932157362,528491.2283304739,9.007430521716856e-21,4760.348020523543,0,4760.348020523543,111.01945195014343,1769040000
CL-GAI/WETH,3.24991781375166e-05,0x3A4eA0342da8841843cFE05495DccB1D9A746Ef2,0x1BEF11019be0c39d5A7A8788E3ed6B99d68a0c79,0x3489256FEBdb1dc930Dc3743617AD387Cd6D3568,0x4200000000000000000000000000000000000006,0x940181a94A35A4569E4529A3CDfB74e38FD98631,18,18,18,1,857466002381,1e-18,8.57466002381e-07,857466002382,2391853114677,307364728909236506438,307.36472890923653,1.977914055338507e-22,0.060794101742488886,0,0.060794101742488886,5055.831406329011,1769040000
CL-WETH/PREDI,9.031376382004415e-05,0x0c86A9584175ad79252316D46FB127002Ee9b3C6,0x16926Ce2985688C8A549c3F1EE346Fe65dFd223c,0x4200000000000000000000000000000000000006,0xaeA742f80922f7C94B8FD91686c9dFbDFE90d9E6,0x940181a94A35A4569E4529A3CDfB74e38FD98631,18,18,18,16915815525924,31951455696652599276,1.6915815525924e-05,31.951455696652598,31951472612468125200,6646569488939,854152847061562186227,854.1528470615622,7.743423634773404e-21,6.614067343645493,0,6.614067343645493,129.1418430872487,1769040000
CL-USDC/SAPIEN,0.0511682643066574,0x80Cc08712Aa61cE9dc7604F9cE7560A25094B862,0x96FA1A659f080067b554d1d60DfF183EDCe0b027,0x833589fCD6eDb6E08f4c7C32D4f71b54bdA02913,0xC729777d0470F30612B1564Fd96E8Dd26f5814E3,0x940181a94A35A4569E4529A3CDfB74e38FD98631,18,6,18,6211569,10583438684498174833,6.211569,10.583438684498175,10583438684504386402,3760370784335010,483929766495126031262545,483929.76649512607,2.403069840531916e-21,1162.9170268000898,0,1162.9170268000898,416.1343890773693,1769040000
CL-USDC/DIEM,0.0816818895705404,0xBc3231036Ee1ECa03E5F67FEceDC640D21610823,0x2f63384822b36516aCd8A9C0645a01806B935c2d,0x833589fCD6eDb6E08f4c7C32D4f71b54bdA02913,0xF4d97F2da56e8c3098f3a8D538DB630A2606a024,0x940181a94A35A4569E4529A3CDfB74e38FD98631,18,6,18,5050264,15003597066709683,5.050264,0.015003597066709683,15003597071759947,6011615283034134,772515899891670579571130,772515.8998916706,7.0426224144913775e-22,544.0537792128056,0,544.0537792128056,1419.9256202381832,1769040000
CL-WETH/DIEM,6.268022278372586e-10,0x9b5AFE0fea549Df6C1A56F3aee6426969B1ac323,0x968a4B8DEC71776009Ba68aD218D199c4649918c,0x4200000000000000000000000000000000000006,0xF4d97F2da56e8c3098f3a8D538DB630A2606a024,0x0000000000000000000000000000000000000000,18,18,18,0,0,0.0,0.0,0,0,5928054427213470,0.00592805442721347,0.0,0,0,0,nan,0
CL-WETH/LCAP,0.03629855379371129,0x3a88eF38879EFb900c2D7b6199d21C139cEf5Fa7,0x48C36c950A7471b82295E0901c465851A860d687,0x4200000000000000000000000000000000000006,0x4dA9A0f397dB1397902070f93a4D6ddBC0E0E6e8,0x940181a94A35A4569E4529A3CDfB74e38FD98631,18,18,18,1,1231341296329878111,1e-18,1.2313412963298782,1231341296329878112,2671497217873038,343297762773946695328159,343297.7627739467,2.986886722447737e-21,1025.3915294755143,0,1025.3915294755143,334.7967609499786,1769040000
CL-LCAP/uSOL,0.016301119965944313,0xd52C89A57ACC47E300aC1468441b3495676280Ad,0x25610a80aB993311a8f597fECE6C8068b91c1EF1,0x4dA9A0f397dB1397902070f93a4D6ddBC0E0E6e8,0x9B8Df6E244526ab5F6e6400d331DB28C8fdDdb55,0x940181a94A35A4569E4529A3CDfB74e38FD98631,18,18,18,1,4518969241603686,1e-18,0.004518969241603686,4518969241603687,1199717913483564,154169723863431875374793,154169.72386343186,4.841596401678291e-22,74.64275803049274,0,74.64275803049274,2065.434449788834,1769040000
CL-USDC/VELVET,2.5163163777330805e-05,0x6b0F53cbD9272D8117e9535FE25371dedF39a1bE,0xc632BA1757eb3245d8f81d0Ea2ED3DE456DFfB73,0x833589fCD6eDb6E08f4c7C32D4f71b54bdA02913,0xbF927b841994731C573BDF09ceB0c6B0Aa887cDd,0x940181a94A35A4569E4529A3CDfB74e38FD98631,18,6,18,33680,285529569878433758,0.03368,0.28552956987843375,285529569878467438,1851940137035,237983526235381001864,237.983526235381,1.3071553948445785e-20,3.1108145020271456,0,3.1108145020271456,76.50199845741375,1769040000
CL-WETH/balajis,4.351651864436434e-06,0x4A7118f40fCBBBeB2d5Ff3696eBc456Bb2B8326e,0x0b3e4c78EE4232d22d2CA56F62b9972796D73ed5,0x4200000000000000000000000000000000000006,0xcaf75598B8b9a6E645B60D882845d361F549f5EC,0x940181a94A35A4569E4529A3CDfB74e38FD98631,18,18,18,1,556784664061806864,1e-18,0.5567846640618068,556784664061806865,320358041157,41156249858387511768,41.15624985838751,1.8107511681745883e-20,0.7452372750876042,0,0.7452372750876042,55.22569956467826,1769040000
CL-WETH/VELVET,0.0001602558879557827,0xF579B16f9b1A4aCc872D34a8141fbbD36C0ce10C,0xbaB42F222012FeA2D1BC17Ca9Db82031e84511D2,0x4200000000000000000000000000000000000006,0xbF927b841994731C573BDF09ceB0c6B0Aa887cDd,0x940181a94A35A4569E4529A3CDfB74e38FD98631,18,18,18,14284599529802,962411900217081065,1.4284599529802e-05,0.9624119002170811,962426184816610867,11794177449186,1515638560126433675119,1515.6385601264337,4.4866606120701045e-21,6.800155829853917,0,6.800155829853917,222.8829159285594,1769040000
CL-USDC/frxUSD,0.00023900502891925393,0xD3d9f0f7D0d477e0A19222965B59233Ad7f6Bc6b,0x4A3Ee54B82c1aE22b81EEb95cA53f9F7234fEE5b,0x833589fCD6eDb6E08f4c7C32D4f71b54bdA02913,0xe5020A6d073a794B6E7f05678707dE47986Fb0b6,0x940181a94A35A4569E4529A3CDfB74e38FD98631,18,6,18,11311,1660772616210705,0.011311,0.001660772616210705,1660772616222016,17589441885536,2260417651513086365467,2260.4176515130866,9.888086093177485e-22,2.235120434469946,0,2.235120434469946,1011.3180554626981,1769040000
CL-uPUMP/WETH,0.014918987717992032,0x777820ca027BdeE7D12Cae14355Da487328aE8d2,0xA41d7b78C7796289B6eC774A692BeF49Bc0e5271,0x20FbD133897Ef802e0235dB77bB19a071E257d41,0x4200000000000000000000000000000000000006,0x940181a94A35A4569E4529A3CDfB74e38FD98631,18,18,18,556930800611879465274,306662016869040,556.9308006118795,0.00030666201686904,556931107273896334314,1098026379776862,141098048576414026250127,141098.04857641403,1.142167862758477e-21,161.15765658191458,0,161.15765658191458,875.5280485522295,1769040000
CL-FLOCK/USDC,0.05566460627778071,0xd7338B6F338DA54b922bbBC6fBE3EFEDD5Ce35fa,0xfC0d4756FaD40dB4B71225DeF4eEC42e9c9EF070,0x5aB3D4c385B400F3aBB49e80DE2fAF6a88A7B691,0x833589fCD6eDb6E08f4c7C32D4f71b54bdA02913,0x940181a94A35A4569E4529A3CDfB74e38FD98631,18,18,6,108837843137525334637,10651168,108.83784313752534,10.651168,108837843137535985805,4091526742650949,526454439740390544223165,526454.4397403905,4.486522938658356e-21,2361.9499200537957,0,2361.9499200537957,222.88975531217022,1769040000
CL-WETH/USDC,1.2576511694567951,0xdbc6998296caA1652A810dc8D3BaF4A8294330f1,0x45C6e6A47a711B14D8357D5243F46704904578e3,0x4200000000000000000000000000000000000006,0x833589fCD6eDb6E08f4c7C32D4f71b54bdA02913,0x940181a94A35A4569E4529A3CDfB74e38FD98631,18,18,6,70230324175947342,204952094,0.07023032417594734,204.952094,70230324380899436,92561399520206484,11894381117171554522319761,11894381.117171554,1.162042514188772e-21,13821.776538117487,0,13821.776538117487,860.5537127857197,1769040000
CL-BIO/AUBRAI,0.00447135329424589,0x6744257f30D991fF0de9f5Aa2AcD03f8093e7067,0xCcCc26Ff97FE100E6eD2D36E345A6171aA9Ec599,0x226A2FA2556C48245E57cd1cbA4C6c9e67077DD2,0x9d56c29e820Dd13b0580B185d0e0Dc301d27581d,0x940181a94A35A4569E4529A3CDfB74e38FD98631,18,18,18,1,30039124263954731,1e-18,0.03003912426395473,30039124263954732,329077502690994,42288339949027661001517,42288.33994902766,6.782364156375473e-21,286.81492110290617,0,286.81492110290617,147.44121326189668,1769040000
CL-WETH/cbBTC,0.3971001646227148,0x22AEe3699b6A0fEd71490C103Bd4E5f3309891D5,0x83e2E9493996651ed63033d81f5052cBE2fEB6A1,0x4200000000000000000000000000000000000006,0xcbB7C0000aB88B473b1f5aFd9ef808440eed33Bf,0x940181a94A35A4569E4529A3CDfB74e38FD98631,18,18,8,37003635459842307,133530,0.03700363545984231,0.0013353,37003635459975837,29225523360989455,3755620647778037307621888,3755620.6477780375,1.7123307924282184e-21,6430.864879869546,0,6430.864879869546,583.9993092584185,1769040000
CL-WETH/MEM,0.004918309588116084,0x531a13a588C4188FdAE818D56CB91ECC4F6BDeAF,0x5f57a113eD5529A14B08006Bf788c3fe0cBfBfA4,0x4200000000000000000000000000000000000006,0x7750741868Cc4A865d9c0f619e6E642FD61F642f,0x940181a94A35A4569E4529A3CDfB74e38FD98631,18,18,18,10002954041026,4906610931588527910,1.0002954041026e-05,4.906610931588528,4906620934542568936,361975163693117,46515480694507038662207,46515.48069450704,3.1904704717656984e-22,14.840626763581211,0,14.840626763581211,3134.3339762883656,1769040000
CL-USDC/CARV,0.027294502264684863,0xff862675c47B6a2C9072DCBe2f37a78A445c4f37,0xE0C13dfDc050722b5AE99A77Db52c0f57af0f83D,0x833589fCD6eDb6E08f4c7C32D4f71b54bdA02913,0xc08Cd26474722cE93F4D0c34D16201461c10AA8C,0x940181a94A35A4569E4529A3CDfB74e38FD98631,18,6,18,9920356,69219527397354210651,9.920356,69.21952739735421,69219527397364131007,2025356703363478,258140906019184399231997,258140.9060191844,5.354374357249961e-21,1382.1830477463932,0,1382.1830477463932,186.7631833859308,1769040000
CL-USDC/MIRROR,0.0012285999043141422,0x3c2dfe6d969AD9de9d566727607eB2e9139D3596,0xff1f9d7a1DAd3D1FEAdBb22Cc77eBaaa88eC5bd4,0x833589fCD6eDb6E08f4c7C32D4f71b54bdA02913,0xe1bfA25468AF64e366ddAFC9D91bCc6c97439A14,0x940181a94A35A4569E4529A3CDfB74e38FD98631,18,6,18,251055,227895163745857958932,0.251055,227.89516374585796,227895163745858209987,90542273360109,11619625423434981458071,11619.625423434982,9.58090936983951e-21,111.32657809341362,0,111.32657809341362,104.3742260153277,1769040000
CL-AVNT/USDC,0.18729278383111655,0xe30d5BF485F7476AC15884a28ffb3C9cEA635DCB,0x26b130316314259fa5047656c6BB16fE521Ea082,0x696F9436B67233384889472Cd7cD58A6fB5DF4f1,0x833589fCD6eDb6E08f4c7C32D4f71b54bdA02913,0x940181a94A35A4569E4529A3CDfB74e38FD98631,18,18,6,17855372161310882947,3277491,17.855372161310882,3.277491,17855372161314160438,13772884452549301,1771343123980498308203523,1771343.1239804984,1.9136026004130882e-21,3389.646808272925,0,3389.646808272925,522.574540703556,1769040000
CL-USDC/SOLV,1.3535945964555511e-08,0x1697405bD1c71A949B3Bb55b1915734D9188CB87,0x1a4751c93eADB674C777C2c5A8b47270B8BE2946,0x833589fCD6eDb6E08f4c7C32D4f71b54bdA02913,0xabE8E5CabE24Cb36df9540088fD7cE1175b9bc52,0x940181a94A35A4569E4529A3CDfB74e38FD98631,18,6,18,132913,9909310880469273480,0.132913,9.909310880469274,9909310880469406393,139818632,128017771536286533,0.12801777153628652,0.0,0,0,0,nan,1769040000
CL-AVNT/USDC,0.3632225652868376,0xc4ed25e61cBdE561c982789f740E3e9A8C317100,0x658CeF587d3D9e31DEF560c19c199914c07a4826,0x696F9436B67233384889472Cd7cD58A6fB5DF4f1,0x833589fCD6eDb6E08f4c7C32D4f71b54bdA02913,0x940181a94A35A4569E4529A3CDfB74e38FD98631,18,18,6,92721031726337781480,14465306,92.72103172633778,14.465306,92721031726352246786,26724396690385402,3435219341261696693515223,3435219.3412616965,2.523369210954865e-21,8668.32671861642,0,8668.32671861642,396.2955542370239,1769040000
CL-WETH/AUBRAI,2.718759387272129e-05,0xE2b2A0faeB9e0725513ba166d7A2fE849E480C6D,0xEe9AFdf35D0d825AC4A89728bb16425ABE0E9Cfe,0x4200000000000000000000000000000000000006,0x9d56c29e820Dd13b0580B185d0e0Dc301d27581d,0x940181a94A35A4569E4529A3CDfB74e38FD98631,18,18,18,1083400380643,1,1.083400380643e-06,1e-18,1083400380644,2000884148270,257129807560787606291,257.1298075607876,3.550747686749e-21,0.9130030693906821,0,0.9130030693906821,281.6308248913011,1769040000
CL-WETH/RETAKE,0.00023457330763605781,0x06c522A75A0413269FAE5069FF9B93D65C7c4B57,0x266F44F2BDE17b7A45489DFb0727Fe37451a50Cf,0x4200000000000000000000000000000000000006,0x5eeB2662615782b58251b6f0c3E107571ae1AB07,0x940181a94A35A4569E4529A3CDfB74e38FD98631,18,18,18,8492499756814,3133740410348357261947,8.492499756814e-06,3133.7404103483573,3133740418840857018761,17263364029221,2218504135883642989512,2218.504135883643,1.3037249335686427e-21,2.8923191571766615,0,2.8923191571766615,767.0329639724948,1769040000
CL-WETH/BID,0.0019898040413462866,0x1024C20c048ea6087293f46D4a1C042CB6705924,0x57676415De17E1c684D1028B8a39D1AcF8D6a63d,0x4200000000000000000000000000000000000006,0xa1832f7F4e534aE557f9B5AB76dE54B1873e498B,0x940181a94A35A4569E4529A3CDfB74e38FD98631,18,18,18,639499431984,151362437698233824186,6.39499431984e-07,151.36243769823383,151362438337733256170,44084352408684,18818801422085416791162,18818.801422085417,4.390332163004372e-20,826.2078915257403,0,826.2078915257403,22.77731986719849,1769040000
CL-USDC/VNXAU,9.958090060001208e-05,0xafF8b2C5EeECf3f19cf2066268a4B0B3d2F89E2D,0x9C6CbA0122111c5b2E7Cc4a273F97BF90FEFcf19,0x833589fCD6eDb6E08f4c7C32D4f71b54bdA02913,0xAc3FE22294beaED9d1FD752323a6d06D12Ff3098,0x940181a94A35A4569E4529A3CDfB74e38FD98631,18,6,18,401,32624926732,0.000401,3.2624926732e-08,32624927133,7330277815429,941797862947410541106,941.7978629474105,2.306875405752673e-21,2.1726103272238078,0,2.1726103272238078,433.486783684239,1769040000
CL-SYND/WETH,0.024721210301775633,0x50F8F7fFBD70c6C87b1668EEe4E03F5AC057DE3F,0xC2e94B700aDA596bF431Fc10558BA7Ab0c639914,0x11dC28D01984079b7efE7763b533e6ed9E3722B9,0x4200000000000000000000000000000000000006,0x940181a94A35A4569E4529A3CDfB74e38FD98631,18,18,18,1,352403784256227,1e-18,0.000352403784256227,352403784256228,1818443317698328,233803700221636463068757,233803.70022163648,4.270040062721909e-21,998.351166759011,0,998.351166759011,234.1898402148847,1769040000
CL-VVV/DIEM,0.1114304450065157,0x782D7C494d5DDC20c246a82aC8fe277e2728d002,0x8add35fF47e34f0A11b46Ea5B638389BF52b2f8E,0xacfE6019Ed1A7Dc6f7B508C02d1b04ec88cC21bf,0xF4d97F2da56e8c3098f3a8D538DB630A2606a024,0x940181a94A35A4569E4529A3CDfB74e38FD98631,18,18,18,3858585795497847671,23758956465622381,3.8585857954978477,0.023758956465622382,3882344751963470052,8355499515453583,1053866297071857524529714,1053866.2970718576,4.998597511130577e-22,526.7853449607784,0,526.7853449607784,2000.5611529499229,1769040000
CL-LCAP/USDC,0.030477221902767276,0xC8C15670050541255f9b797C008047682524861F,0xa45562bbD6Cfb11fCfbb96c038001D6FC8b43990,0x4dA9A0f397dB1397902070f93a4D6ddBC0E0E6e8,0x833589fCD6eDb6E08f4c7C32D4f71b54bdA02913,0x940181a94A35A4569E4529A3CDfB74e38FD98631,18,18,6,1,8490493,1e-18,8.490493,8490494,2242972444722380,288241844406423777590224,288241.84440642374,2.5743717098718262e-21,742.041649841174,0,742.041649841174,388.44429348153,1769040000
CL-SYND/USDC,0.01910809944591972,0x9dCBB8258e0015d6cB81061b3F5c47D5C5D6188f,0x46060dDAD805A2783DFf4A536AA774Da5A3Eac89,0x11dC28D01984079b7efE7763b533e6ed9E3722B9,0x833589fCD6eDb6E08f4c7C32D4f71b54bdA02913,0x940181a94A35A4569E4529A3CDfB74e38FD98631,18,18,6,1,2828952,1e-18,2.828952,2828953,1404624453642614,180717056330294040435443,180717.05633029403,4.484357768555062e-21,810.3999354651569,0,810.3999354651569,222.99737255848282,1769040000
CL-LINK/AERO,0.000129273854878561,0x07b1Be2F179313C4F3C7124893d46990672c3F1a,0x1c484bA49128bF0D9191ADb349AF154c1196EA4a,0x88Fb150BDc53A65fe94Dea0c9BA0a6dAf8C6e196,0x940181a94A35A4569E4529A3CDfB74e38FD98631,0x940181a94A35A4569E4529A3CDfB74e38FD98631,18,18,18,13627461427439188,352251230879989149,0.013627461427439189,0.35225123087998916,365878692307428337,9514185349334,1222622405762693517150,1222.6224057626935,9.149694651860342e-21,11.186621687251542,0,11.186621687251542,109.29326475355953,1769040000
CL-SPON/WETH,0.00055280328424003,0xb51C06EE6a8459630F0b98A2372F8121aF8F61b1,0x1f5aB71271879f5C28832B26753CD868f49f1857,0x080D43c2164AFdBc3712422CE78Ab902ccaB5CA1,0x4200000000000000000000000000000000000006,0x940181a94A35A4569E4529A3CDfB74e38FD98631,18,18,18,48727678836292923296,1,48.727678836292924,1e-18,48727678836292923297,40683059644681,5228200875776243288362,5228.200875776243,7.466626726018576e-21,39.03702438806462,0,39.03702438806462,133.92928784230645,1769040000
CL-WETH/WCT,0.01150327966279671,0xEBd2eeaB20CeFa41C94343F506ac506bfc3F681e,0xC5135Bcc045dc47Fc2a79483E3aD8E7B9C6512EF,0x4200000000000000000000000000000000000006,0xeF4461891DfB3AC8572cCf7C794664A8DD927945,0x940181a94A35A4569E4529A3CDfB74e38FD98631,18,18,18,147134593332469,20691577924154489156,0.000147134593332469,20.69157792415449,20691725058747821625,848678405496233,108793595338371911413208,108793.5953383719,6.798378608168007e-21,739.6200512540742,0,739.6200512540742,147.09389659448152,1769040000
CL-XSGD/USDC,0.01580800580735642,0x892A6AB3fa0f1F839fCb0Ae264a8c4bbfb030725,0x131B41209b9777d12641Da25357425021Ba55304,0x0A4C9cb2778aB3302996A34BeFCF9a8Bc288C33b,0x833589fCD6eDb6E08f4c7C32D4f71b54bdA02913,0x940181a94A35A4569E4529A3CDfB74e38FD98631,18,6,6,680014,962445,0.680014,0.962445,1642459,1163346178938807,149506039783965634376361,149506.03978396562,1.671868801070281e-22,24.995448348638433,0,24.995448348638433,5981.330588619332,1769040000
CL-WETH/TAIRO,3.2990062836555946e-05,0x214c7b09E2b3B50B2573ecA53d897d4F89c9b2a2,0xAB9cB3563051Da11FaD8322fb5EfAB78B818ff43,0x4200000000000000000000000000000000000006,0x9d5C1C400DC828a3409F9C209B83fF51A65d2A0E,0x940181a94A35A4569E4529A3CDfB74e38FD98631,18,18,18,1,1,1e-18,1e-18,2,2428288173471,312007327617655742538,312.0073276176558,2.414281150206376e-22,0.07532734097935716,0,0.07532734097935716,4142.019664588437,1769040000
CL-WETH/RSR,0.0009624189780333799,0xC36eaA38e17b0270a374969dd301AF981f50b2B2,0xB8fA634ab603B4CF2217Dc0f71522feaeE64AeeF,0x4200000000000000000000000000000000000006,0xaB36452DbAC151bE02b16Ca17d8919826072f64a,0x940181a94A35A4569E4529A3CDfB74e38FD98631,18,18,18,1,1,1e-18,1e-18,2,70839533188513,9102188585466136901148,9102.188585466138,7.038575530757388e-22,6.406644185400116,0,6.406644185400116,1420.7420175150053,1769040000
CL-WETH/APU,0.00520523307611559,0x7f94857597C318056d0313CE32a6e154298c1a8e,0xdA6d1A0ec6A40B1F97b901d99c9CeBe8553F90F9,0x4200000000000000000000000000000000000006,0xB9926b3fBc5873Db0182016D55727D5ae89E5EFd,0x940181a94A35A4569E4529A3CDfB74e38FD98631,18,18,18,1,1,1e-18,1e-18,2,355244168118728,49229092704432153293005,49229.09270443215,1.6014117840093526e-20,788.360491729665,0,788.360491729665,62.44490080473641,1769040000
CL-USDC/VFY,0.1356187713956337,0xF81d3c731b3AC5a4DFC968f514860beDEEbeBAf2,0xC2607b22f95D6030B9560C872661509D928c2e45,0x833589fCD6eDb6E08f4c7C32D4f71b54bdA02913,0xa749dE6c28262B7ffbc5De27dC845DD7eCD2b358,0x940181a94A35A4569E4529A3CDfB74e38FD98631,18,6,18,9860867,336382629801884531695,9.860867,336.38262980188455,336382629801894392562,9986866228627006,1282630186173931109312276,1282630.186173931,3.695872901926192e-21,4740.438148272779,0,4740.438148272779,270.57207499717487,1769040000
CL-VFY/ZEN,0.23800235626060218,0x700d91F1C3C5e430eA776245e741B84402e8de2E,0x30765db9bc45c107eb37B999Ea9C34684b88f938,0xa749dE6c28262B7ffbc5De27dC845DD7eCD2b358,0xf43eB8De897Fbc7F2502483B2Bef7Bb9EA179229,0x940181a94A35A4569E4529A3CDfB74e38FD98631,18,18,18,1442128040377481717144,6241977518970309546,1442.1280403774817,6.24197751897031,1448370017896452026690,17528478710782372,2250934759096326098787210,2250934.759096326,5.73366116901249e-21,12906.097222211089,0,12906.097222211089,174.40863185367303,1769040000
CL-AUDD/USDC,0.015801706180370825,0xCde41D0B1AD079C3CeB7271559F738f503102852,0x9fDbD9eFFeD52f89978Ef42aDe2307FD9BBDd66b,0x449B3317a6d1efb1Bc3ba0700C9EaA4FFFf4Ae65,0x833589fCD6eDb6E08f4c7C32D4f71b54bdA02913,0x940181a94A35A4569E4529A3CDfB74e38FD98631,18,6,6,376028,998238,0.376028,0.998238,1374266,1163128893092739,149446460334526501855343,149446.4603345265,3.157170018763641e-22,47.18278839785168,0,47.18278839785168,3167.3935646696764,1769040000
CL-WETH/MIRA,1.01458716093503e-05,0xe85590601af19C9eFbB96B24C7c1aC33F56B758C,0xf4eC5D03C52aC2b64770463BAd65F6212E641642,0x4200000000000000000000000000000000000006,0x7AaFD31a321d3627b30A8e2171264B56852187fe,0x940181a94A35A4569E4529A3CDfB74e38FD98631,18,18,18,1,1,1e-18,1e-18,2,746810346362,95955751975030406728,95.95575197503041,2.0146010607017998e-21,0.19331255970933509,0,0.19331255970933509,496.3761905553863,1769040000
CL-USDC/WCT,0.004478443773044321,0x3f932B543490c477846288e48e4546A04FF1410e,0xd2E50D99b8e002b8B617c2Fe9e2F3617b4E277C0,0x833589fCD6eDb6E08f4c7C32D4f71b54bdA02913,0xeF4461891DfB3AC8572cCf7C794664A8DD927945,0x940181a94A35A4569E4529A3CDfB74e38FD98631,18,6,18,233384,702045083704514,0.233384,0.000702045083704514,702045083937898,330832082945468,42355398970781834837155,42355.39897078183,4.2339583460074695e-21,179.33099497081793,0,179.33099497081793,236.18560181230367,1769040000
CL-XSGD/WETH,0.0008624709061509124,0xfEbEeBAa6C9585Fd97aa9157E3B7aACe804b688C,0xF3fa5d26f7385d415D31310b715BA09892Ae373f,0x0A4C9cb2778aB3302996A34BeFCF9a8Bc288C33b,0x4200000000000000000000000000000000000006,0x940181a94A35A4569E4529A3CDfB74e38FD98631,18,6,18,1601699,1,1.601699,1e-18,1601700,63579926774604,8156918157729007701871,8156.918157729008,4.665791108077266e-21,38.058476209646,0,38.058476209646,214.32592605117543,1769040000
CL-WETH/AUDD,0.0030667017406357617,0xBdb6f998176b2766beFB2037033dfB3F8e368d52,0x0caC405DEB53494D37158f70e46cD98A275D69f2,0x4200000000000000000000000000000000000006,0x449B3317a6d1efb1Bc3ba0700C9EaA4FFFf4Ae65,0x940181a94A35A4569E4529A3CDfB74e38FD98631,18,18,6,542870750376187,2974522,0.000542870750376187,2.974522,542870753350709,225686110978714,29003685729143865365182,29003.685729143865,3.7426749323631196e-21,108.5513675246047,0,108.5513675246047,267.1885798451113,1769040000
CL-USDC/CYPR,0.028356722247530188,0xE6C694f8B9EE84353a10de59c9b4cDEFa0F5b4Ad,0x95B033e94C9820dAe254Da568b9070e79a392F61,0x833589fCD6eDb6E08f4c7C32D4f71b54bdA02913,0xD262A4c7108C8139b2B189758e8D17c3DFC91a38,0x940181a94A35A4569E4529A3CDfB74e38FD98631,18,6,18,1718568,131126676417573908293,1.718568,131.12667641757392,131126676417575626861,2083983862257420,268186974128590906651314,268186.9741285909,4.361843354113625e-21,1169.789570762637,0,1169.789570762637,229.26086950300652,1769040000
CL-WETH/PHI,0.0006370019282859702,0xaC858B9d917442411A5c9fc1d02ce05BA96EAe5C,0xe03a45dD0909E1bb7545c6475186E8AE2604f0a8,0x4200000000000000000000000000000000000006,0xFb3aD5550ca5730A6F91350032c4Da1eFdfDE3E8,0x940181a94A35A4569E4529A3CDfB74e38FD98631,18,18,18,1,2159495090843390788025,1e-18,2159.4950908433907,2159495090843390788026,46879134390956,6024519271650709105726,6024.519271650709,2.16174975662066e-21,13.023503069247395,0,13.023503069247395,462.58823295220026,1769040000
CL-KRWQ/USDC,0.0036818315595708887,0xb0b3303ed186C01cDc4456E45d17A622E3860c64,0x7ae924c53701EB53E89E57e28daFeb4182B72F34,0x370923D39f139C64813f173a1bf0b4f9Ba36a24f,0x833589fCD6eDb6E08f4c7C32D4f71b54bdA02913,0x940181a94A35A4569E4529A3CDfB74e38FD98631,18,18,6,2050407383161386411312,1353957,2050.4073831613864,1.353957,2050407383161387765269,271010673469227,34821347001713839803065,34821.34700171384,3.930041912174367e-21,136.84935315510262,0,136.84935315510262,254.45021257972584,1769040000
CL-WETH/SEND,0.00014492399816229607,0x69959Af9c0CaE8eB69C2f3de816Cad8A8f6688b0,0x0D3Bbb0F96badc2975e215Ceb0033E7a896391B9,0x4200000000000000000000000000000000000006,0xEab49138BA2Ea6dd776220fE26b7b8E446638956,0x940181a94A35A4569E4529A3CDfB74e38FD98631,18,18,18,1,2190732321748935112,1e-18,2.190732321748935,2190732321748935113,10665449011442,1370635442506013285606,1370.6354425060133,3.024360863952432e-21,4.145296191061311,0,4.145296191061311,330.6483733204822,1769040000
CL-USDC/ZEN,0.06691350513449718,0xbFA5184f90B071C34C85d065b8c7877617248ef7,0x78F5a590Da87B546311dC0E7F4f3Be77CFeeB2a0,0x833589fCD6eDb6E08f4c7C32D4f71b54bdA02913,0xf43eB8De897Fbc7F2502483B2Bef7Bb9EA179229,0x940181a94A35A4569E4529A3CDfB74e38FD98631,18,6,18,370136,40692509738857225,0.370136,0.04069250973885723,40692509739227361,5440036136884597,632842199239784509635141,632842.1992397845,1.7133910211222005e-21,1084.3061419646735,0,1084.3061419646735,583.6379365085274,1769040000
CL-RECALL/USDC,0.03090533604050518,0x5e3791F68EbCEAC82788f3becAb154C15141A2f4,0x40F207AE22ECd68149f05a7eFef6feC091E32177,0x1f16e03C1a5908818F47f6EE7bB16690b40D0671,0x833589fCD6eDb6E08f4c7C32D4f71b54bdA02913,0x940181a94A35A4569E4529A3CDfB74e38FD98631,18,18,6,27551993849098655108,3997347,27.551993849098654,3.997347,27551993849102652455,2274447994392770,292290783285161797598157,292290.7832851618,2.913861108652852e-21,851.694745832312,0,851.694745832312,343.18725660274316,1769040000
CL-RECALL/WETH,0.023617704070207766,0x6Ee714d6d8dF7662BcA805f58CC1d5A8886D78eB,0x2e6C36a3120361EE3f6265A0AC998EaD69aEB1d4,0x1f16e03C1a5908818F47f6EE7bB16690b40D0671,0x4200000000000000000000000000000000000006,0x940181a94A35A4569E4529A3CDfB74e38FD98631,18,18,18,26285303772401792003,2531243916511234,26.285303772401793,0.002531243916511234,26287835016318303237,1738121843562648,223367162648891889073839,223367.16264889188,4.0502200910369285e-21,904.6861698384553,0,904.6861698384553,246.90016283633176,1769040000
CL-WETH/uZEC,0.10896517398665548,0x3054f64E28140EE00428bE94Eac4aD6F7241712a,0x76E017276E8861968A86A56919B2235c505B6438,0x4200000000000000000000000000000000000006,0x83f31af747189c2FA9E5DeB253200c505eff6ed2,0x940181a94A35A4569E4529A3CDfB74e38FD98631,18,18,18,324896071759670,8542054152871715,0.00032489607175967,0.008542054152871716,8866950224631385,8061846157515072,1030550711813028650308830,1030550.7118130287,3.5697487292866893e-22,367.8807093960052,0,367.8807093960052,2801.317615987557,1769040000
CL-kVCM/USDC,0.0001666234889830339,0x5aAdAcac0deDeDd534990Ddc0Ea6565d104B48DE,0x740546B5d6Ef109D33124b7E93B8ebf5f8f78d1B,0x00fBAC94Fec8D4089d3fe979F39454F48c71A65d,0x833589fCD6eDb6E08f4c7C32D4f71b54bdA02913,0x940181a94A35A4569E4529A3CDfB74e38FD98631,18,18,6,59065419318975837530,6181754,59.065419318975835,6.181754,59065419318982019284,1720829713421,1575860881911362304629,1575.8608819113624,0.0,0,0,0,nan,1769040000
CL-USDC/LMTS,0.004382762208720032,0xa5E0Da329eE5AA03f09228e534953496334080f5,0x23FD7a6fFeecababC8952F41E1490458ad28be9A,0x833589fCD6eDb6E08f4c7C32D4f71b54bdA02913,0x9EadbE35F3Ee3bF3e28180070C429298a1b02F93,0x940181a94A35A4569E4529A3CDfB74e38FD98631,18,6,18,737449,8409781824835697191,0.737449,8.409781824835697,8409781824836434640,322551968830556,41450479530797672292052,41450.479530797675,8.802038329637616e-22,36.484870961194055,0,36.484870961194055,1136.1004832629153,1769040000
CL-EURAU/EURC,2.6144107438776e-05,0xc87B179Bc04F98Acb376E4E90b36A8d52ad5BA0a,0xe217269D06AA942896C9ad70f7Fb9A356082D9fA,0x4933A85b5b5466Fbaf179F72D3DE273c287EC2c2,0x60a3E35Cc302bFA44Cb288Bc5a4F316Fdb1adb42,0x940181a94A35A4569E4529A3CDfB74e38FD98631,18,6,6,61,1,6.1e-05,1e-06,62,1924115564014,247260914152685925870,247.26091415268593,0.0,0,0,0,nan,1769040000
CL-BIO/USDC,0.002611454322909649,0xd40BffA9C9E35493B88a2b6744C49D8716b00898,0x134cE8d4299dF4B6b4938754a1D13a3aD2c24D54,0x226A2FA2556C48245E57cd1cbA4C6c9e67077DD2,0x833589fCD6eDb6E08f4c7C32D4f71b54bdA02913,0x940181a94A35A4569E4529A3CDfB74e38FD98631,18,18,6,18935641937127534024,1623447,18.935641937127535,1.623447,18935641937129157471,164607428322210,24698130722677818505345,24698.130722677815,1.4182925095707095e-20,350.29173804372164,0,350.29173804372164,70.50731730245695,1769040000
CL-USDC/TITN,0.0007890769653660618,0x611865e603862a3D1cd29146458564a684e1cBbb,0xf852a8F5BF12A588f1c4605E62D324a831D76854,0x833589fCD6eDb6E08f4c7C32D4f71b54bdA02913,0xe62bfbE57763ec24c0F130426F34DbCe11Fc5B06,0x940181a94A35A4569E4529A3CDfB74e38FD98631,18,6,18,334387,2016402928461050995,0.334387,2.016402928461051,2016402928461385382,58077558447049,7462786490230786212491,7462.7864902307865,8.344187903656173e-21,62.270892759352435,0,62.270892759352435,119.84389751839481,1769040000
CL-WETH/COMMON,0.02542899112086592,0x45dF01EFA0dE71725d4d8fC1165b102bC2E989Fb,0xB716cB1E4c8b6c1Dc78C9E72ea47D99562e52657,0x4200000000000000000000000000000000000006,0x4c87da04887a1F9F21F777E3A8dD55C3C9f84701,0x940181a94A35A4569E4529A3CDfB74e38FD98631,18,18,18,179488039280881,880543890061907043276,0.000179488039280881,880.5438900619071,880544069549946324157,1861572571391951,240497619023715615948473,240497.6190237156,1.1613358895256369e-20,2792.9851631770453,0,2792.9851631770453,86.10773239845909,1769040000
CL-WETH/TITN,0.00020926002831897638,0xfe2313df3e27aD2608B16230695d835E18d409f4,0x52bf08d71F69282e729A16d14a4503c6957B7De4,0x4200000000000000000000000000000000000006,0xe62bfbE57763ec24c0F130426F34DbCe11Fc5B06,0x940181a94A35A4569E4529A3CDfB74e38FD98631,18,18,18,14027742001,3001867284878255,1.4027742001e-08,0.003001867284878255,3001881312620256,15401934232978,1979100874601877754553,1979.1008746018776,8.379563240944982e-22,1.6584000938935959,0,1.6584000938935959,1193.379620448127,1769040000
CL-USDC/CHECK,0.44816831336449636,0xf0125d06B76CEbC2Ab3831A938E07Ab6988B00c9,0xd54F8A71BFE766963EE3c8d3C76bCe35C64A5f6B,0x833589fCD6eDb6E08f4c7C32D4f71b54bdA02913,0x9126236476eFBA9Ad8aB77855c60eB5BF37586Eb,0x940181a94A35A4569E4529A3CDfB74e38FD98631,18,6,18,6472877,335854451438004770928,6.472877,335.8544514380048,335854451438011243805,32990123600220667,4238603559761105771899145,4238603.559761106,5.420073313503607e-22,2297.3542040782563,0,2297.3542040782563,1844.9934939230309,1769040000
CL-WETH/SAND,0.01539708496008084,0xA69CDf524D072c366FD050957880552916D29405,0xC77386D4B892e6E4D36d43d6A59EEaCA770E4295,0x4200000000000000000000000000000000000006,0xac531Eb26Ca1d21b85126De8FB87E80E09002DcF,0x940181a94A35A4569E4529A3CDfB74e38FD98631,18,18,18,35103895421624374,346198577285740301958,0.03510389542162438,346.1985772857403,346233681181161926332,1083912010896828,145619708434551868933650,145619.70843455187,1.9024907109823814e-20,2770.4014263269764,0,2770.4014263269764,52.56267451017588,1769040000
CL-CHECK/TOWER,0.002424803867425538,0xB5a64B150730b6c475CDC9C40632CE1D1ebf3ceC,0x58700106298036e6D74A3deb237B9ADAe17D2FAe,0x9126236476eFBA9Ad8aB77855c60eB5BF37586Eb,0xf7C1CEfCf7E1dd8161e00099facD3E1Db9e528ee,0x940181a94A35A4569E4529A3CDfB74e38FD98631,18,18,18,5454904681363251470,665912559013542130155,5.454904681363251,665.9125590135421,671367463694905381625,178453762776443,22932862493188891453482,22932.86249318889,4.1555626929650055e-21,95.2989478195922,0,95.2989478195922,240.6412979144582,1769040000
CL-WETH/LITKEY,0.057400961145207596,0xCd1F9777571493AEAcb7eaE45cD30a226d3e612d,0x413112E5434C7d3b00cAD0948d89dCA460f6fB46,0x4200000000000000000000000000000000000006,0xF732A566121Fa6362E9E0FBdd6D66E5c8C925E49,0x940181a94A35A4569E4529A3CDfB74e38FD98631,18,18,18,4131859672049288,834269148697923493377,0.004131859672049288,834.2691486979235,834273280557595542665,4224561981586961,542876216342205931118431,542876.216342206,4.243009118924801e-21,2303.4287363873727,0,2303.4287363873727,235.68179373920483,1769040000
CL-WETH/ROOM,0.0007406196007716668,0x827F373b058CcfDa902E0Fbd11702d56e92784DD,0xb7A4B01d15981Dc4a641303c87BFBC2c9662517E,0x4200000000000000000000000000000000000006,0x6555255b8dEd3c538Cb398d9E36769f45D7d3ea7,0x940181a94A35A4569E4529A3CDfB74e38FD98631,18,18,18,3529396048779,40406099521855612806,3.529396048779e-06,40.406099521855616,40406103051251661585,54508116783474,7004495370708019979241,7004.49537070802,5.851788024999289e-21,40.98882213147215,0,40.98882213147215,170.88793984469757,1769040000
CL-msUSD/USDC,5.06088169471857e-05,0x054B67943BA17b2cD8C420544C88BdE71a81Ef9f,0xA0B1Db34fa530B9A001965C8A212c1a54Dab8510,0x526728DBc96689597F85ae4cd716d4f7fCcBAE9d,0x833589fCD6eDb6E08f4c7C32D4f71b54bdA02913,0x940181a94A35A4569E4529A3CDfB74e38FD98631,18,18,6,1,1,1e-18,1e-06,2,3724675626880,478638728510860767075,478.63872851086074,5.42049730382983e-22,0.25944599374016586,0,0.25944599374016586,1844.84917886308,1769040000
CL-WETH/PING,0.03677882754042564,0x5D28f920C9d23100E4A38b2bA2D8aE617c3b2615,0xcc049DFa700197b49db9E8BeC3Af462d22b68621,0x4200000000000000000000000000000000000006,0xd85c31854c2B0Fb40aaA9E2Fc4Da23C21f829d46,0x940181a94A35A4569E4529A3CDfB74e38FD98631,18,18,18,2500624275565621,4352896162034334187875,0.002500624275565621,4352.896162034334,4352898662658609753496,2706895203303343,347840007175834201494883,347840.0071758342,7.679821166719934e-21,2671.3490497409853,0,2671.3490497409853,130.21136538093398,1769040000
CL-ICP/WETH,0.011903252349104321,0xBe762d548f8CA86A78E9Da6e3DdC87F91457e398,0x7140E2eE393c885FDa93A4a6b0a05564c6AdEdFc,0x00f3C42833C3170159af4E92dbb451Fb3F708917,0x4200000000000000000000000000000000000006,0x940181a94A35A4569E4529A3CDfB74e38FD98631,18,8,18,148039255,1665425147974010,1.48039255,0.00166542514797401,1665425296013265,876230349286925,112576383191585976144198,112576.38319158598,6.749145896515119e-21,759.7944346620061,0,759.7944346620061,148.16689627591902,1769040000
CL-HYPE/WETH,0.013986154892924601,0x9E48d016eE76cf53e2De8dc8058c7549c8c202DF,0x9495E37F2dd9b54f6b473a46ede1F1641459868e,0x15D0e0c55a3E7eE67152aD7E89acf164253Ff68d,0x4200000000000000000000000000000000000006,0x940181a94A35A4569E4529A3CDfB74e38FD98631,18,18,18,335041554198280013,2753033726789242,0.33504155419828,0.002753033726789242,337794587925069255,717989165560471,132275674448020219665224,132275.67444802023,6.390608309845701e-21,845.3220243179627,0,845.3220243179627,156.47962627585053,1769040000
CL-WETH/LSK,0.00019280482190296564,0x275BE3a43B66516e532BcaA36eE453EDd47614ea,0x90F6Ef29a0915Cd33dbf0ce779B46923DB5cbb22,0x4200000000000000000000000000000000000006,0xac485391EB2d7D88253a7F1eF18C37f4242D1A24,0x940181a94A35A4569E4529A3CDfB74e38FD98631,18,18,18,1,5165751619536448,1e-18,0.005165751619536448,5165751619536449,14192538496678,1823473860349352200732,1823.4738603493522,3.773266761452308e-21,6.8804533076333385,0,6.8804533076333385,265.0223435607574,1769040000
CL-USDC/CHECK,0.06055090860857865,0x5a7B4970B2610aEe4776A6944d9F2171EE6060B0,0xeCCE253d45D14A8D8cdf230AD6DE75d7dA2E2151,0x833589fCD6eDb6E08f4c7C32D4f71b54bdA02913,0x9126236476eFBA9Ad8aB77855c60eB5BF37586Eb,0x940181a94A35A4569E4529A3CDfB74e38FD98631,18,6,18,342666,199041933309100858323,0.342666,199.04193330910087,199041933309101200989,4447110556674042,572667208103924538042407,572667.2081039245,4.145446445512899e-21,2373.9612422962095,0,2373.9612422962095,241.22854151991683,1769040000
CL-TRUST/USDC,0.00686879174560962,0x52448E17DABcb3b6654045974Afd572090BCC1F5,0x43cBf909CDE242941Ff0827c9Dd4653C7472900d,0x6cd905dF2Ed214b22e0d48FF17CD4200C1C6d8A3,0x833589fCD6eDb6E08f4c7C32D4f71b54bdA02913,0x940181a94A35A4569E4529A3CDfB74e38FD98631,18,18,6,1,1,1e-18,1e-06,2,505595772402658,64962390860774850957092,64962.39086077485,7.612233489102874e-22,49.45088872425808,0,49.45088872425808,1313.6748911229906,1769040000
CL-USDC/elizaOS,0.017841196785512846,0x84b783723DaC9B89d0981FFf3dcE369bC5870C16,0x757319eb2053b7Be8b4Da20652324FD812f45bf2,0x833589fCD6eDb6E08f4c7C32D4f71b54bdA02913,0xea17Df5Cf6D172224892B5477A16ACb111182478,0x940181a94A35A4569E4529A3CDfB74e38FD98631,18,6,9,18783,1005051838106,0.018783,1005.051838106,1005051856889,1313265735162441,168735178169478912074029,168735.17816947892,4.912340870202389e-21,828.8847119628132,0,828.8847119628132,203.56893514166902,1769040000
CL-USDC/TOWER,0.0009620908214359839,0xD4dC229A997a73E86c13e3ce8019be02cD4827a6,0xF8b0f41537A00E0BDa5aB5733568F248157aFf74,0x833589fCD6eDb6E08f4c7C32D4f71b54bdA02913,0xf7C1CEfCf7E1dd8161e00099facD3E1Db9e528ee,0x940181a94A35A4569E4529A3CDfB74e38FD98631,18,6,18,1130707,4384338332897154931890,1.130707,4384.338332897155,4384338332897156062597,70819575842577,9099085006564185093563,9099.085006564184,1.1509787981989928e-20,104.72853925565721,0,104.72853925565721,86.88257347266182,1769040000
CL-USDC/EDEL,0.039100933366072795,0xe2B182796518E76845f46ccDC522495D81630d14,0x5b29c69383f3E4D274511Df97486207315Eade6d,0x833589fCD6eDb6E08f4c7C32D4f71b54bdA02913,0xFb31f85A8367210B2e4Ed2360D2dA9Dc2D2Ccc95,0x940181a94A35A4569E4529A3CDfB74e38FD98631,18,6,18,3932751,153915263967112801782,3.932751,153.9152639671128,153915263967116734533,2878283874027279,369801591083541461632563,369801.59108354145,5.438668218550337e-21,2011.2281605954045,0,2011.2281605954045,183.86854277839134,1769040000
CL-WETH/jesse,0.11410952635373094,0x4e40ff3Be6bdA5b131c91520Fa73515076eEE098,0x474716f0164cbe5d2F55336492C51FE0bF04373E,0x4200000000000000000000000000000000000006,0x50F88fe97f72CD3E75b9Eb4f747F59BcEBA80d59,0x940181a94A35A4569E4529A3CDfB74e38FD98631,18,18,18,1205234126880877,1792029164344696098967,0.001205234126880877,1792.029164344696,1792030369578822979844,8455621371314317,1079204018183703682067934,1079204.0181837038,9.102477152493804e-22,982.3429918396671,0,982.3429918396671,1098.6020434294967,1769040000
CL-WETH/REI,0.2411723329108202,0x34E3334E845d101205394e0Bd8821fDdc7Cd5559,0x7A01529B70dD997d7723D4AA2EeC0CC301E0E6CF,0x4200000000000000000000000000000000000006,0x6B2504A03ca4D43d0D73776F6aD46dAb2F2a4cFD,0x940181a94A35A4569E4529A3CDfB74e38FD98631,18,18,18,15592989807094347,2427728680280457203643,0.015592989807094348,2427.7286802804574,2427744273270264297990,17788267730457914,2280915179204799783433242,2280915.1792047997,3.3127692501889116e-21,7556.145667958792,0,7556.145667958792,301.862256160152,1769040000
CL-BITCOIN/APU,0.00026179554739343825,0x3d6a88675979AB63fe60beDd62550A5cF7387f39,0xB93E0F044FBFc816dF3c26620021Eb64Fea735b3,0x2a06A17CBC6d0032Cac2c6696DA90f29D39a1a29,0xB9926b3fBc5873Db0182016D55727D5ae89E5EFd,0x940181a94A35A4569E4529A3CDfB74e38FD98631,18,8,18,1,102121147474958063626,1e-08,102.12114747495806,102121147474958063627,19268033100845,2475961610898082239216,2475.961610898082,1.2920737687947744e-20,31.991250499842657,0,31.991250499842657,77.39496181652105,1769040000
CL-USDC/cbBTC,0.05860206363858737,0x95DaDA6BC214A86Af204250F7b6FF873b52e0289,0x989612FdbEFb492dAf3E56406838D17c61B0ed2C,0x833589fCD6eDb6E08f4c7C32D4f71b54bdA02913,0xcbB7C0000aB88B473b1f5aFd9ef808440eed33Bf,0x940181a94A35A4569E4529A3CDfB74e38FD98631,18,6,8,11368809,11981,11.368809,0.00011981,11380790,4339027563385329,554235781827454586761721,554235.7818274546,8.184087600847335e-22,453.591419,0,453.591419,1221.8833042506358,1769040000
CL-WETH/REPPO,0.11164013550808023,0x71FE33676773DF7Cf9Ce14f640caE06823F083cC,0x456979e89917F4dC1E86662fcDFD4c9766c6684d,0x4200000000000000000000000000000000000006,0xFf8104251E7761163faC3211eF5583FB3F8583d6,0x940181a94A35A4569E4529A3CDfB74e38FD98631,18,18,18,19009417871224477,424901865337163197634,0.01900941787122448,424.9018653371632,424920874755034422111,8227142541467283,1055849469196872646994640,1055849.4691968726,2.9664952431236714e-21,3132.172427827176,0,3132.172427827176,337.098130299719,1769040000
CL-SOL/USDC,0.5883191963679617,0xb30540172F1B37d1eE1d109e49F883E935E69219,0xC6e211fF1D04A1728ab011406AD42EF529Cb3886,0x311935Cd80B76769bF2ecC9D8Ab7635b2139cf82,0x833589fCD6eDb6E08f4c7C32D4f71b54bdA02913,0x940181a94A35A4569E4529A3CDfB74e38FD98631,18,9,6,625072691,81837455,0.625072691,81.837455,706910146,43308184702573854,5564096714648683472938253,5564096.714648683,1.913293212043353e-21,10645.748475290045,0,10645.748475290045,522.6590434259803,1769040000
CL-SOL/cbBTC,0.18857900212579645,0xa25773F75d7190E130D501509D22592151dB3915,0xAB69fc62A7F435cD87b84DEe6ed545145E63770f,0x311935Cd80B76769bF2ecC9D8Ab7635b2139cf82,0xcbB7C0000aB88B473b1f5aFd9ef808440eed33Bf,0x940181a94A35A4569E4529A3CDfB74e38FD98631,18,9,8,164585347,19203,0.164585347,0.00019203,164604550,13882121456245353,1783507681982229035737002,1783507.6819822292,1.2692658188223286e-21,2263.7453383470875,0,2263.7453383470875,787.8570313410288,1769040000
CL-Fartcoin/USDC,4.854048505447714e-06,0xAADc0ef838bF056e02710958C48C08187E4F5D8b,0xdCF73ae133286AfA65E2E0343e6B7D9F0338FA64,0x461638A9e7849F5d2c923B7515331417A383Ed4D,0x833589fCD6eDb6E08f4c7C32D4f71b54bdA02913,0x940181a94A35A4569E4529A3CDfB74e38FD98631,18,6,6,1,1,1e-06,1e-06,2,357228290895,45907724086933742823,45.90772408693374,0.0,0.0,0,0.0,nan,1769040000
CL-USDC/DGLD,0.015155172571502774,0x9E2E1D6118971698D410DB64ed20209946Dd5b2F,0xFc836EfAE8359a946393c95E4c07F8D81Ea906De,0x833589fCD6eDb6E08f4c7C32D4f71b54bdA02913,0xd02f50E1017F493ffFFa70c8fCf09e349e11d6c9,0x940181a94A35A4569E4529A3CDfB74e38FD98631,18,6,18,129119,75257664660164,0.129119,7.5257664660164e-05,75257664789283,1150732265023014,143331794093442801046587,143331.7940934428,1.3786625345185021e-21,197.60617452194992,0,197.60617452194992,725.3406652914159,1769040000
CL-MYRC/USDC,0.006663013487641685,0x8d15046288Df104C9757a18fABaf587a88209D48,0x81Fbc2c15CaAf32CD5fdc0427cBA2817d7629238,0x3eD03E95DD894235090B3d4A49E0C3239EDcE59e,0x833589fCD6eDb6E08f4c7C32D4f71b54bdA02913,0x940181a94A35A4569E4529A3CDfB74e38FD98631,18,18,6,8251618779876699593,25248,8.251618779876699,0.025248,8251618779876724841,490357053033462,63016219231200137199094,63016.219231200135,6.753859925650574e-23,4.2560271773161364,0,4.2560271773161364,14806.347940413847,1769040000
CL-RAVE/USDC,0.024066853931044692,0x51663B8A28E7Ea197c5CcF983AfC084Da0a8023D,0x8eF58803e5522986Be1896c1Ea024553A50e0940,0x1aA8fD5BCce2231C6100d55Bf8B377cff33Acfc3,0x833589fCD6eDb6E08f4c7C32D4f71b54bdA02913,0x940181a94A35A4569E4529A3CDfB74e38FD98631,18,18,6,4850523272030601276,1090011,4.8505232720306015,1.090011,4850523272031691287,1771249261489517,227615049307182395908438,227615.04930718237,2.9613774877399425e-21,674.0540828891069,0,674.0540828891069,337.68069222515015,1769040000
CL-USDC/cbBTC,0.34572239794367227,0xFCda5ab6BBC1fe5B8e1a185e86bb5f24b12e2278,0xB705606141ECa43b4192C8D8D2211CD19eA4d381,0x833589fCD6eDb6E08f4c7C32D4f71b54bdA02913,0xcbB7C0000aB88B473b1f5aFd9ef808440eed33Bf,0x940181a94A35A4569E4529A3CDfB74e38FD98631,18,6,8,2443631,2597,2.443631,2.597e-05,2446228,25442453770923642,3269709488411327873537938,3269709.488411328,8.88251771372722e-22,2904.3252449555584,0,2904.3252449555584,1125.8069302294552,1769040000
CL-THQ/USDC,0.020225180012859566,0x00D43aad1B34E7bA8D037E060517F7b5318c0B83,0x6CC472a3E4E23f4e7B3188E424Fb40F7BFAd8A77,0x0b2558bdBC7FFEC0f327fB3579c23daBD1699706,0x833589fCD6eDb6E08f4c7C32D4f71b54bdA02913,0x940181a94A35A4569E4529A3CDfB74e38FD98631,18,18,6,208345225165486684419,7141738,208.34522516548668,7.141738,208345225165493826157,1488431360296734,191281974746827226135128,191281.9747468272,4.0624979338455145e-21,777.0826271908754,0,777.0826271908754,246.15397134575556,1769040000
CL-ARA/WETH,2.141088482024492e-05,0x206eEca35956C9a86780DDf515eFd5FbD0BFF722,0x4E3D3DEC5122C4c39061e1fbfb8397D4b41fe84C,0x111123eA4Cee28CF010703593a8A2a3bbb91756C,0x4200000000000000000000000000000000000006,0x940181a94A35A4569E4529A3CDfB74e38FD98631,18,18,18,3625063464630538196,54160032404,3.6250634646305384,5.4160032404e-08,3625063518790570600,1575736912940,202495914839289690475,202.4959148392897,9.805232393452754e-21,1.9855195037240536,0,1.9855195037240536,101.98636400170686,1769040000
CL-BRACKY/USDC,0.011234053292653189,0x8c30Ecf71C809D295222E00351Eff6058d3497bA,0x50bEed7938E571a90bEd95ae092febb2a85e3783,0x06f71fb90F84b35302d132322A3C90E4477333b0,0x833589fCD6eDb6E08f4c7C32D4f71b54bdA02913,0x940181a94A35A4569E4529A3CDfB74e38FD98631,18,18,6,37919082152190286865890,2846864,37919.08215219028,2.846864,37919082152190289712754,826778696083084,106247355863507927763638,106247.35586350792,5.1577583598052805e-21,547.9981879122146,0,547.9981879122146,193.8826773648529,1769040000
CL-AERO/DIEM,1.6962086317223044e-05,0xD1edC6961222bf35AFAC0989Ce602212f28464F6,0x289541d6ce255535A859C96B022d78C0cd80D545,0x940181a94A35A4569E4529A3CDfB74e38FD98631,0xF4d97F2da56e8c3098f3a8D538DB630A2606a024,0x940181a94A35A4569E4529A3CDfB74e38FD98631,18,18,18,8073910880631075,11613146042148,0.008073910880631075,1.1613146042148e-05,8085524026673223,1248389442704,160420889431966422587,160.42088943196643,1.7702867023409843e-21,0.2839909673391235,0,0.2839909673391235,564.8802528300214,1769040000
CL-cbETH/cbBTC,0.33256923216736073,0x8BB9eAF3C5A906D20c4CC10eA2F73A3Ac2D5d41A,0x2B0C60C15f896d138dB9f4ec0605A912A377f6ef,0x2Ae3F1Ec7F1F5012CFEab0185bfc7aa3cf0DEc22,0xcbB7C0000aB88B473b1f5aFd9ef808440eed33Bf,0x940181a94A35A4569E4529A3CDfB74e38FD98631,18,18,8,216562863861527,1417,0.000216562863861527,1.417e-05,216562863862944,24477256561584099,3145311904693133263076517,3145311.904693133,1.827322742515881e-26,0.057474999757517055,0,0.057474999757517055,54724870.25598923,1769040000
CL-cbBTC/USDT,0.00039294738468028013,0x6567CB712b9BCf7c1c568eBe8c2657830E299442,0x774C988f7De1607098eefdaa47bc4E05B6655d1A,0xcbB7C0000aB88B473b1f5aFd9ef808440eed33Bf,0xfde4C96c8593536E31F229EA8f37b2ADa2699bb2,0x940181a94A35A4569E4529A3CDfB74e38FD98631,18,8,6,287,256089,2.87e-06,0.256089,256376,29625172599606,3716345252079563783011,3716.345252079564,3.879676462518246e-21,14.41821720108452,0,14.41821720108452,257.75345177904694,1769040000
CL-SUMR/USDC,19.525174429956362,0x8fEbF59b6725c4729466b0279cb28080Ac5d1161,0xC7fCaC7ea12c31a43F060E27d7cf7273EFBCcd01,0x194f360D130F2393a5E9F3117A6a1B78aBEa1624,0x833589fCD6eDb6E08f4c7C32D4f71b54bdA02913,0x940181a94A35A4569E4529A3CDfB74e38FD98631,18,18,6,213088955133285003291031,2198690187,213088.955133285,2198.690187,213088955133287201981218,951624125088606082,184661591138553093051150670,184661591.13855308,2.5721845949199903e-26,4.749837,0,4.749837,38877458.56090495,1769040000
CL-FUN/USDC,13.846450531573664,0x659bE70647B0f63217D60e077F4417b1eCC65064,0x72cD715cd1Df473115881B6a2bcEC16630AAf2A1,0x16EE7ecAc70d1028E7712751E2Ee6BA808a7dd92,0x833589fCD6eDb6E08f4c7C32D4f71b54bdA02913,0x940181a94A35A4569E4529A3CDfB74e38FD98631,18,18,6,6344757317628796106167,396327850,6344.757317628796,396.32785,6344757317629192434017,475923418020068196,130954404323207468569075926,130954404.32320747,2.8660514491868855e-22,37448.56406459082,83.6419642025941,37532.206028793415,3489.1208958712355,1769040000
CL-DAI/USDC,0.029386403825212144,0x4A20660eC636C69AF94Cb4B251f6055f4bFf40ec,0x252A8311576C4E2C7d423b5Bd57fd41Af432D2E5,0x50c5725949A6F0c72E6C4a641F24049A917DB0Cb,0x833589fCD6eDb6E08f4c7C32D4f71b54bdA02913,0x940181a94A35A4569E4529A3CDfB74e38FD98631,18,18,6,795285077836646,538,0.000795285077836646,0.000538,795285077837184,2162961997486972,277925306514962869250724,277925.30651496287,6.292649117068758e-26,0.01748886434652445,0,0.01748886434652445,15891558.251476446,1769040000
CL-PORTAL/USDC,0.25014482090875595,0x6133d984A2ea4d20C56dB083Fb0B0D093a9F5B42,0x162A77D0b9064D60e626a0eE515594a422aDe40d,0x0FfebC403F2d3dd9EA5501ca03916E98967aCB2D,0x833589fCD6eDb6E08f4c7C32D4f71b54bdA02913,0x940181a94A35A4569E4529A3CDfB74e38FD98631,18,18,6,11312116628045596005,1493794,11.312116628045596,1.493794,11312116628047089799,18411885784049685,2365773520220608649475533,2365773.5202206085,0.0,0,0,0,nan,1769040000
CL-CADC/AERO,2.3386843286191937e-05,0x4440995B3a3ED829680756BF2C44d83E45775E32,0x209d5e9da0AEEb5E48314E342Ef0C5E4fA26682b,0x043eB4B75d0805c43D7C834902E335621983Cf03,0x940181a94A35A4569E4529A3CDfB74e38FD98631,0x940181a94A35A4569E4529A3CDfB74e38FD98631,18,18,18,794500072183933389,1,0.7945000721839334,1e-18,794500072183933390,1722419538156,221183770133716666516,221.18377013371668,1.1285619364828455e-20,2.4961958394068384,0,2.4961958394068384,88.60834019588613,1769040000
TOTAL,100.0,,,,,,,,,282164440307118405044900971565848,307543929740437760185719359,282164440341461.75,311226232.31898576,282164747851048145482661157285207,6325422302406021133,945761543903225441492075482,,1.2968057525323098e-21,1226385.3686933387,83.6419642025941,1226469.0106575415,771.1255120878909,
