name,vote_pct,address,gauge,token0,token1,emissions_token,emissions_decimals,token0_decimals,token1_decimals,token0_fees_raw,token1_fees_raw,token0_fees,token1_fees,fees_raw,emissions_raw,votes_raw,votes,ratio,tfv,tbv,tvv,votes_per_tvv,rewards_epoch_ts
vAMM-tBTC/USDbC,0.003002434984646087,0x723AEf6543aecE026a15662Be4D3fb3424D502A9,0x50f0249B824033Cf0AF0C8b9fe1c67c2842A34d5,0x236aa50979D5f3De3Bd1Eeb40E81137F22ab794b,0xd9aAEc86B65D86f6A7B5B1b0c42FFA531710b6CA,0x940181a94A35A4569E4529A3CDfB74e38FD98631,18,18,6,0,0,0.0,0.0,0,147172341266307,21819740157476527485372,21819.740157476528,1.622708899737209e-22,3.5407086543490527,0,3.5407086543490527,6162.534760004989,1785369600
vAMM-tBTC/WETH,0.0012335807920833208,0x2722C8f9B5E2aC72D1f225f8e8c990E449ba0078,0xfaE8C18D83655Fbf31af10d2e9A1Ad5bA77D0377,0x236aa50979D5f3De3Bd1Eeb40E81137F22ab794b,0x4200000000000000000000000000000000000006,0x940181a94A35A4569E4529A3CDfB74e38FD98631,18,18,18,2491190362242,257741932879,2.491190362242e-06,2.57741932879e-07,2748932295121,60467245499221,8964861015861404232212,8964.861015861405,1.361542602825897e-21,12.206040201508351,0,12.206040201508351,734.4610428821609,1785369600
vAMM-T/WETH,5.456499464025257e-07,0xAf58FDeE432a104a932a899968d60F92838886cd,0xaD3d4aFd779e4A57734557CcE25F87032614fE47,0x26f3901aC8a79c50fb0d8289C74f0d09AdC42E29,0x4200000000000000000000000000000000000006,0x940181a94A35A4569E4529A3CDfB74e38FD98631,18,18,18,3772765253898369976493,3829664333951768,3772.76525389837,0.003829664333951768,3772769083562703928261,0,3965428096970939228,3.9654280969709395,0.0,0,0,0,nan,0
vAMM-EXTRA/USDbC,1.8921330132227674e-05,0x2B7704f1cb9324cD8586B33C6c540CbD64E58237,0xf05a3De3dD6910042f506c6105bC14920C4289B6,0x2dAD3a13ef0C6366220f989157009e501e7938F8,0xd9aAEc86B65D86f6A7B5B1b0c42FFA531710b6CA,0x940181a94A35A4569E4529A3CDfB74e38FD98631,18,18,6,3666028690813895615531,41555702,3666.0286908138955,41.555702,3666028690813937171233,0,137507892437412648059,137.50789243741264,0.0,0,0,0,nan,0
sAMM-DOLA/USDbC,0.00043532510326041766,0x0B25c51637c43decd6CC1C1e3da4518D54ddb528,0xeAE066C25106006fB386A3a8b1698A0cB6931c1a,0x4621b7A9c75199271F773Ebd9A499dbd165c3191,0xd9aAEc86B65D86f6A7B5B1b0c42FFA531710b6CA,0x940181a94A35A4569E4529A3CDfB74e38FD98631,18,18,6,0,960,0.0,0.00096,960,21338618483484,3163659058645232025146,3163.659058645232,1.0374025306930281e-22,0.32819879136884866,0,0.32819879136884866,9639.45980864302,1785369600
vAMM-WETH/UNIDX,1.7519681944038754e-05,0xA819Af1CC8AbE618eA8abaDeb464960F7451CEAB,0x98F44CE76BDCaD37f00a98B275631B1D796862fa,0x4200000000000000000000000000000000000006,0x6B4712AE9797C199edd44F897cA09BC57628a1CF,0x940181a94A35A4569E4529A3CDfB74e38FD98631,18,18,18,66824064630132120,226333148520407904521,0.06682406463013212,226.33314852040792,226399972585038036641,0,127321627151110355016,127.32162715111036,0.0,0,0,0,nan,0
vAMM-ERN/stERN,5.9832294122793855e-05,0x218F511431194B2C756D67a137DE536beA74E498,0x109Cc0f2640457b2A483C2eef189827750A676bB,0xa334884bF6b0A066d553D19e507315E839409e62,0xf7A0dd3317535eC4f4d29ADF9d620B3d8D5D5069,0x940181a94A35A4569E4529A3CDfB74e38FD98631,18,18,18,238963071307246622,118363806790615403,0.23896307130724662,0.11836380679061541,357326878097862025,0,434822108542330684198,434.8221085423307,0.0,0,0,0,nan,0
sAMM-MAI/USDbC,3.836929969691135e-05,0xf6Aec4F97623E691a9426a69BaF5501509fCa05D,0xC01E2ff20501839db7B28F5Cb3eD2876fEa3d6b1,0xbf1aeA8670D2528E08334083616dD9C5F3B087aE,0xd9aAEc86B65D86f6A7B5B1b0c42FFA531710b6CA,0x940181a94A35A4569E4529A3CDfB74e38FD98631,18,18,6,30991344062213355441,9025334,30.991344062213354,9.025334,30991344062222380775,0,278843056949536182548,278.8430569495362,0.0,0,0,0,nan,0
sAMM-DOLA/MAI,9.076961830419221e-05,0x8b432C54d6e8E1B8D1802753514AB53044Af1861,0xDe23611176b16720346f4Df071D1aA01752c68C1,0x4621b7A9c75199271F773Ebd9A499dbd165c3191,0xbf1aeA8670D2528E08334083616dD9C5F3B087aE,0x940181a94A35A4569E4529A3CDfB74e38FD98631,18,18,18,10609682891370123547,12147688975773569300,10.609682891370124,12.147688975773569,22757371867143692847,0,659654412408287255581,659.6544124082873,0.0,0,0,0,nan,0
vAMM-USDbC/STG,8.332377354611074e-08,0xb680190fB16f417647e69D6A84719aE9c7E5E20a,0x9a8D9F5C698C1F2B0d48a955BC531F2c7D67Af84,0xd9aAEc86B65D86f6A7B5B1b0c42FFA531710b6CA,0xE3B53AF74a4BF62Ae5511055290838050bf764Df,0x940181a94A35A4569E4529A3CDfB74e38FD98631,18,6,18,60424545,320301772165955309533,60.424545,320.3017721659553,320301772166015734078,0,605542866711187967,0.605542866711188,0.0,0,0,0,nan,0
vAMM-WETH/TAROT,0.05809414577717512,0x2d25E0514f23c6367687dE89Bd5167dc754D4934,0xa81dac2e9caa218Fcd039D7CEdEB7847cf362213,0x4200000000000000000000000000000000000006,0xF544251D25f3d243A36B07e7E7962a678f952691,0x940181a94A35A4569E4529A3CDfB74e38FD98631,18,18,18,112223110437813,5113469176473940200,0.000112223110437813,5.113469176473941,5113581399584378013,2847639163417515,422190379478922245932735,422190.37947892223,1.5556450780389974e-22,65.67783858318019,0,65.67783858318019,6428.201484496528,1785369600
sAMM-MIM/USDbC,8.332377354611074e-08,0x982A169edFC1cf8Fd38dBeE76735547b23875BD1,0xBb0b5819Fa91076a1D6aaFa0D018E27a416DE029,0x4A3A6Dd60A34bB2Aba60D73B4C88315E9CeB6A3D,0xd9aAEc86B65D86f6A7B5B1b0c42FFA531710b6CA,0x940181a94A35A4569E4529A3CDfB74e38FD98631,18,18,6,2413989130660212024,2464273,2.413989130660212,2.464273,2413989130662676297,0,605542866711187967,0.605542866711188,0.0,0,0,0,nan,0
vAMM-WETH/HOP,0.009996421384792347,0x75D18ee68bB93BE5cB2dcCFa0d8151E25CBC8Eb8,0xb42A9e58773993ed15A5eED65633e85870185e13,0x4200000000000000000000000000000000000006,0xc5102fE9359FD9a28f877a67E36B0F050d81a3CC,0x940181a94A35A4569E4529A3CDfB74e38FD98631,18,18,18,0,0,0.0,0.0,0,490006036081592,72647473879112681193110,72647.47387911267,5.409559513780143e-23,3.929908334748484,0,3.929908334748484,18485.793481939356,1785369600
sAMM-DAI+/USD+,0.000159822698897686,0x1b05e4e814b3431a48b8164c41eaC834d9cE2Da6,0x87803Cb321624921cedaAD4555F07Daa0D1Ed325,0x65a2508C429a6078a7BC2f7dF81aB575BD9D9275,0xB79DD08EA68A908A97220C76d19A6aA9cBDE4376,0x940181a94A35A4569E4529A3CDfB74e38FD98631,18,18,6,4221564927261437972,7125005,4.221564927261438,7.125005,4221564927268562977,0,1161487185916595141654,1161.487185916595,0.0,0,0,0,nan,0
sAMM-USD+/USDbC,0.0001080868953177849,0x4a3636608d7Bc5776CB19Eb72cAa36EbB9Ea683B,0xa5972f0C07a2D1cc5A8457c28d88ec4f3C009864,0xB79DD08EA68A908A97220C76d19A6aA9cBDE4376,0xd9aAEc86B65D86f6A7B5B1b0c42FFA531710b6CA,0x940181a94A35A4569E4529A3CDfB74e38FD98631,18,6,6,37772361,18134649,37.772361,18.134649,55907010,0,785505092474278257099,785.5050924742783,0.0,0,0,0,nan,0
vAMM-WETH/DEUS,0.144916638388045,0x9e4CB8b916289864321661CE02cf66aa5BA63C94,0x7eC1926A50D2D253011cC9891935eBc476713bb1,0x4200000000000000000000000000000000000006,0xDE5ed76E7c05eC5e4572CfC88d1ACEA165109E44,0x940181a94A35A4569E4529A3CDfB74e38FD98631,18,18,18,0,0,0.0,0.0,0,7103545298184479,1053159655510361342386612,1053159.6555103613,1.497493632394519e-23,15.770998780215715,0,15.770998780215715,66778.24722372822,1785369600
sAMM-DAI/USDbC,1.0859571697056877e-06,0x6EAB8c1B93f5799daDf2C687a30230a540DbD636,0xCF1D5Aa63083fda05c7f8871a9fDbfed7bA49060,0x50c5725949A6F0c72E6C4a641F24049A917DB0Cb,0xd9aAEc86B65D86f6A7B5B1b0c42FFA531710b6CA,0x940181a94A35A4569E4529A3CDfB74e38FD98631,18,18,6,22787633826553431484,21915119,22.78763382655343,21.915119,22787633826575346603,0,7892028765418826011,7.892028765418826,0.0,0,0,0,nan,0
vAMM-AERO/USDbC,0.05881829072549887,0x2223F9FE624F69Da4D8256A7bCc9104FBA7F8f75,0x9a202c932453fB3d04003979B121E80e5A14eE7b,0x940181a94A35A4569E4529A3CDfB74e38FD98631,0xd9aAEc86B65D86f6A7B5B1b0c42FFA531710b6CA,0x940181a94A35A4569E4529A3CDfB74e38FD98631,18,18,6,1378363195659277547,17005634,1.3783631956592775,17.005634,1378363195676283181,2883163708307723,427452992887563911729504,427452.99288756395,1.2510343368278256e-21,534.7583714821628,0,534.7583714821628,799.3385717418766,1785369600
vAMM-WETH/AERO,0.5942865056697835,0x7f670f78B17dEC44d5Ef68a48740b6f8849cc2e6,0x96a24aB830D4ec8b1F6f04Ceac104F1A3b211a01,0x4200000000000000000000000000000000000006,0x940181a94A35A4569E4529A3CDfB74e38FD98631,0x940181a94A35A4569E4529A3CDfB74e38FD98631,18,18,18,107115960828222441,89560224573590302387,0.10711596082822245,89.5602245735903,89667340534418524828,30495706050310249,4318886903170657188065057,4318886.903170657,0.0,0,0,0,nan,0
vAMM-WETH/DOG,0.00022064922226196294,0xF89042057D079debe2a65A1a899E48E0E825105F,0x15093ed45C2A3F88393d41bC436003E2b8115aD5,0x4200000000000000000000000000000000000006,0x9E53e88dCff56d3062510A745952DEC4cEFDff9E,0x940181a94A35A4569E4529A3CDfB74e38FD98631,18,18,18,249153465732237980,6130323192323430803461575,0.24915346573223798,6130323.19232343,6130323441476896535699555,0,1603534704440179315218,1603.5347044401794,0.0,0,0,0,nan,0
vAMM-WETH/USDbC,0.01823959791901132,0xB4885Bc63399BF5518b994c1d0C153334Ee579D0,0xeca7Ff920E7162334634c721133F3183B83B0323,0x4200000000000000000000000000000000000006,0xd9aAEc86B65D86f6A7B5B1b0c42FFA531710b6CA,0x940181a94A35A4569E4529A3CDfB74e38FD98631,18,18,6,0,0,0.0,0.0,0,894071319067092,132553507138336611529983,132553.5071383366,0.0,0,0,0,nan,0
vAMM-WETH/fBOMB,0.01840343539044892,0x4F9Dc2229f2357B27C22db56cB39582c854Ad6d5,0x76c48576822Cd955C320f5d5A163E738dbFEcc01,0x4200000000000000000000000000000000000006,0x74ccbe53F77b08632ce0CB91D3A545bF6B8E0979,0x940181a94A35A4569E4529A3CDfB74e38FD98631,18,18,18,0,0,0.0,0.0,0,902102517999655,133744171073811534015766,133744.17107381154,8.010075286635704e-22,107.13008794499156,0,107.13008794499156,1248.4277166138947,1785369600
vAMM-WETH/WELL,0.0012489754329680135,0xffA3F8737C39e36dec4300B162c2153c67c8352f,0xcEa0a2228145d0fD25dE083e3786ddB1eA184296,0x4200000000000000000000000000000000000006,0xFF8adeC2221f9f4D8dfbAFa6B9a297d17603493D,0x940181a94A35A4569E4529A3CDfB74e38FD98631,18,18,18,0,0,0.0,0.0,0,61222476081008,9076739229924133157917,9076.739229924133,1.1799942596837815e-22,1.0710500187957064,0,1.0710500187957064,8474.617497444293,1785369600
vAMM-USD+/stERN,1.8693720476789056e-07,0x607363389331f4B2D1b955d009506A67c565D75E,0xe5Cf7Ec83BA94c4AdF833d7DCdb800a53f28410E,0xB79DD08EA68A908A97220C76d19A6aA9cBDE4376,0xf7A0dd3317535eC4f4d29ADF9d620B3d8D5D5069,0x940181a94A35A4569E4529A3CDfB74e38FD98631,18,6,18,401403,3043838599867921847,0.401403,3.043838599867922,3043838599868323250,0,1358537738422055515,1.3585377384220554,0.0,0,0,0,nan,0
vAMM-USD+/USDbC,8.332377354611074e-08,0xdC0F1F6eCd03ec1C9FFC2A17BaBAbd313477b20E,0xD2121Cb13A28Ab16Cb0f0F19A665e9a9311F9aBb,0xB79DD08EA68A908A97220C76d19A6aA9cBDE4376,0xd9aAEc86B65D86f6A7B5B1b0c42FFA531710b6CA,0x940181a94A35A4569E4529A3CDfB74e38FD98631,18,6,6,5515,2659,0.005515,0.002659,8174,0,605542866711187967,0.605542866711188,0.0,0,0,0,nan,0
vAMM-USDbC/THALES,0.0002765304146053556,0x5F43555b02507133eCd5b78218283ed849b07Eac,0x2692CC440416B7f8252406D84e9D66f0C48C069E,0xd9aAEc86B65D86f6A7B5B1b0c42FFA531710b6CA,0xf34e0cff046e154CAfCae502C7541b9E5FD8C249,0x940181a94A35A4569E4529A3CDfB74e38FD98631,18,6,18,40033098,209100232400279715400,40.033098,209.1002324002797,209100232400319748498,0,2009642781004082510685,2009.6427810040825,0.0,0,0,0,nan,0
vAMM-WETH/THALES,6.24984850279645e-05,0x3f386Acc3A8E9194cF6279C219DF8DD3C5B71974,0x62052D68A7DBa58079B7D70a40796CAbAab2a95f,0x4200000000000000000000000000000000000006,0xf34e0cff046e154CAfCae502C7541b9E5FD8C249,0x940181a94A35A4569E4529A3CDfB74e38FD98631,18,18,18,2337216766123603,37880192118493009899,0.002337216766123603,37.88019211849301,37882529335259133502,0,454198245930334209316,454.1982459303342,0.0,0,0,0,nan,0
vAMM-EXTRA/WETH,0.05179221878602746,0x84Ff3B6e2046579Fb2f2b891CE18eE10b5fbDbF2,0xE5Ff63862097b32d3ed30551e290D66f1548973F,0x2dAD3a13ef0C6366220f989157009e501e7938F8,0x4200000000000000000000000000000000000006,0x940181a94A35A4569E4529A3CDfB74e38FD98631,18,18,18,0,0,0.0,0.0,0,2538759203833887,376392082382927495153531,376392.0823829275,1.055258321415133e-22,39.719087704935454,0,39.719087704935454,9476.35265892971,1785369600
vAMM-fBOMB/AERO,2.4398683416289377,0xbBf71AAD6E1F8D180D3B1D898528654c1d18b2fF,0x12E45bE50dd4f3Bc430B65d399B1e3b90275661c,0x74ccbe53F77b08632ce0CB91D3A545bF6B8E0979,0x940181a94A35A4569E4529A3CDfB74e38FD98631,0x940181a94A35A4569E4529A3CDfB74e38FD98631,18,18,18,22716503090026939987,1554883229293076247,22.71650309002694,1.5548832292930763,24271386319320016234,119597875015474511,17731372537637799957020861,17731372.5376378,6.699542779082003e-23,1187.9208884774425,0,1187.9208884774425,14926.391740079669,1785369600
vAMM-EURA/USDbC,6.634152812529864e-06,0xA56bE957d432a5d0eDc040B27078d9726f54E7f6,0x275535F82F287073CEEbC653862E4E43868AA65C,0xA61BeB4A3d02decb01039e378237032B351125B4,0xd9aAEc86B65D86f6A7B5B1b0c42FFA531710b6CA,0x940181a94A35A4569E4529A3CDfB74e38FD98631,18,18,6,2659159740021943098,2731286,2.659159740021943,2.731286,2659159740024674384,0,48212697785180123453,48.212697785180126,0.0,0,0,0,nan,0
vAMM-SONNE/USDbC,0.001816185638368042,0x554EcA2a48136724294CE47fb7bfE9AADfceE3c6,0x744462994510ccd987F697752bD46d1155F8022F,0x22a2488fE295047Ba13BD8cCCdBC8361DBD8cf7c,0xd9aAEc86B65D86f6A7B5B1b0c42FFA531710b6CA,0x940181a94A35A4569E4529A3CDfB74e38FD98631,18,18,6,13639310962389965355065,4162930,13639.310962389965,4.16293,13639310962389969517995,0,13198853233986864757364,13198.853233986865,0.0,0,0,0,nan,0
sAMM-AERO/USDbC,8.332377354611074e-08,0xB304b47e039E20AFAd75FA2ada6CD8D95a9eea41,0x46110ac9100A027bAec01bf1C211522ce0B02540,0x940181a94A35A4569E4529A3CDfB74e38FD98631,0xd9aAEc86B65D86f6A7B5B1b0c42FFA531710b6CA,0x940181a94A35A4569E4529A3CDfB74e38FD98631,18,18,6,1472805813373066841966,1330757219,1472.805813373067,1330.757219,1472805813374397599185,0,605542866711187967,0.605542866711188,0.0,0,0,0,nan,0
vAMM-EXTRA/AERO,0.00046393664615885366,0x688F778C51dB4D990bF1abaF8d33fD95e48C6641,0x6664867531c0FDd058881153FaBE7D2162833b07,0x2dAD3a13ef0C6366220f989157009e501e7938F8,0x940181a94A35A4569E4529A3CDfB74e38FD98631,0x940181a94A35A4569E4529A3CDfB74e38FD98631,18,18,18,0,0,0.0,0.0,0,22741324224634,3371589100341690576720,3371.5891003416905,3.536450387821047e-21,11.923457581476587,0,11.923457581476587,282.76941292428006,1785369600
sAMM-DAI+/USDbC,8.332377354611074e-08,0x4f7f293e7B7b6D1cAA1ca48784C5986f3dE5E19c,0x2d8b33A0dc95F0eb9429551eA4d2297729828558,0x65a2508C429a6078a7BC2f7dF81aB575BD9D9275,0xd9aAEc86B65D86f6A7B5B1b0c42FFA531710b6CA,0x940181a94A35A4569E4529A3CDfB74e38FD98631,18,18,6,50264974148308935,35182,0.05026497414830893,0.035182,50264974148344117,0,605542866711187967,0.605542866711188,0.0,0,0,0,nan,0
sAMM-DAI/MAI,1.6157506751376923e-07,0x30A30f266e1173a75985997B2523EcbC19c60fF3,0xc16A2c13d3A62937FB3b0FE03Fa24B0C6161245E,0x50c5725949A6F0c72E6C4a641F24049A917DB0Cb,0xbf1aeA8670D2528E08334083616dD9C5F3B087aE,0x940181a94A35A4569E4529A3CDfB74e38FD98631,18,18,18,11155952912717196256,11332291552824042206,11.155952912717197,11.332291552824042,22488244465541238462,0,1174222258635433511,1.1742222586354334,0.0,0,0,0,nan,0
sAMM-WETH/BASED,0.00026822931696016627,0x5F45e48F9C053286cE9Ca08Db897f8b7eb3f7992,0xA7919a78183d4B3980c01DfDaCd0158772eB5632,0x4200000000000000000000000000000000000006,0x9CBD543f1B1166b2Df36b68Eb6bB1DcE24E6aBDf,0x940181a94A35A4569E4529A3CDfB74e38FD98631,18,18,18,878826545675223820,4749986757189285790,0.8788265456752238,4.749986757189286,5628813302864509610,0,1949315814869552503461,1949.3158148695527,0.0,0,0,0,nan,0
vAMM-BASED/USDbC,4.6446684344878364e-07,0xb905d9195019778CFbaa4e9eD90dF3FC5871CD9A,0x1202cEE03f9Dc305e14c3C34afaedE7BcE47b373,0xBa5E6fa2f33f3955f0cef50c63dCC84861eAb663,0xd9aAEc86B65D86f6A7B5B1b0c42FFA531710b6CA,0x940181a94A35A4569E4529A3CDfB74e38FD98631,18,18,6,41047168293617294,350188,0.04104716829361729,0.350188,41047168293967482,0,3375442228605126725,3.3754422286051264,0.0,0,0,0,nan,0
sAMM-DAI/AERO,8.422106924321791e-08,0xE2D3b2f9d4bAAb9A0de671E95FeBAc27E37050f2,0x4b6F6Be7e8622bD8e56b50158D03312EEC5bA480,0x50c5725949A6F0c72E6C4a641F24049A917DB0Cb,0x940181a94A35A4569E4529A3CDfB74e38FD98631,0x940181a94A35A4569E4529A3CDfB74e38FD98631,18,18,18,1674312785094342512,2193336090727540455,1.6743127850943424,2.1933360907275405,3867648875821882967,0,612063826883655389,0.6120638268836555,0.0,0,0,0,nan,0
vAMM-YFX/USD+,5.482436216267561e-08,0xc3B5ac236fb5AbE245310FeCa2526F89667D4CAe,0x9B3920fB28242261B9be3a10c10310fc42E23a0F,0x8901cB2e82CC95c01e42206F8d1F417FE53e7Af0,0xB79DD08EA68A908A97220C76d19A6aA9cBDE4376,0x940181a94A35A4569E4529A3CDfB74e38FD98631,18,18,6,81778984920885448,117633,0.08177898492088545,0.117633,81778984921003081,0,398427723766341120,0.3984277237663411,0.0,0,0,0,nan,0
vAMM-OVN/USD+,0.005897663473892972,0x61366A4e6b1DB1b85DD701f2f4BFa275EF271197,0x00B2149d89677a5069eD4D303941614A33700146,0xA3d1a8DEB97B111454B294E2324EfAD13a9d8396,0xB79DD08EA68A908A97220C76d19A6aA9cBDE4376,0x940181a94A35A4569E4529A3CDfB74e38FD98631,18,18,6,0,28765,0.0,0.028765,28765,289094582220718,42860373395147422421112,42860.37339514742,4.625677974075609e-22,19.825828517458962,0,19.825828517458962,2161.8452594505115,1785369600
sAMM-cbETH/WETH,2.791272031893995e-07,0x9E8bfEB5c73F3f897BebdB49CC4161FecE0B0c55,0x00Aa4579C145FeA0b1EE133D6f792b7edEe1A6F4,0x2Ae3F1Ec7F1F5012CFEab0185bfc7aa3cf0DEc22,0x4200000000000000000000000000000000000006,0x940181a94A35A4569E4529A3CDfB74e38FD98631,18,18,18,0,0,0.0,0.0,0,13682395162,2028514547566054218,2.028514547566054,3.3282356023407976e-22,0.0006751374337075576,0,0.0006751374337075576,3004.5949850926577,1785369600
vAMM-AERO/DOG,0.0006486538484949669,0x656D48D3F337c6b3cD2ED8471B135fF54b1F96Ad,0xDcC24121BAe131F952B09A08E65b95642F093794,0x940181a94A35A4569E4529A3CDfB74e38FD98631,0x9E53e88dCff56d3062510A745952DEC4cEFDff9E,0x940181a94A35A4569E4529A3CDfB74e38FD98631,18,18,18,219584870198123369605,883712828232170205591865,219.58487019812338,883712.8282321702,883932413102368328961470,0,4713993308326597849420,4713.993308326598,0.0,0,0,0,nan,0
vAMM-SONNE/USDC,4.8292594005427695e-05,0x4cC2FeFB2635C86b1bae1b58E0f60Fb43E95e264,0xCbfeaED3dd9310406c046FB496C7E77f7571a808,0x22a2488fE295047Ba13BD8cCCdBC8361DBD8cf7c,0x833589fCD6eDb6E08f4c7C32D4f71b54bdA02913,0x940181a94A35A4569E4529A3CDfB74e38FD98631,18,18,6,69569739659128368430516,20706353,69569.73965912836,20.706353,69569739659128389136869,0,350959090910389825098,350.9590909103898,0.0,0,0,0,nan,0
vAMM-cbETH/AERO,6.228594600464475e-08,0x325a5FC7a92d3166ffabe7233c992143CF5EDd2c,0x93c2EE357213Fa873A49Ad8d453007417D7aE399,0x2Ae3F1Ec7F1F5012CFEab0185bfc7aa3cf0DEc22,0x940181a94A35A4569E4529A3CDfB74e38FD98631,0x940181a94A35A4569E4529A3CDfB74e38FD98631,18,18,18,792709453077591,3417044488074279298,0.000792709453077591,3.4170444880742794,3417837197527356889,0,452653650864703704,0.45265365086470366,0.0,0,0,0,nan,0
vAMM-AERO/TAROT,0.06720912107456728,0x7810F8f3253ced11e8c56C6C8497f3134055D44C,0x65B4A4b9813E37DA640bbEf8AbDD8E47100bE5f8,0x940181a94A35A4569E4529A3CDfB74e38FD98631,0xF544251D25f3d243A36B07e7E7962a678f952691,0x940181a94A35A4569E4529A3CDfB74e38FD98631,18,18,18,110432443447222813,154813863856477629588,0.11043244344722282,154.81386385647764,154924296299924852401,3296063015358609,488432077816432718695640,488432.07781643275,3.713204180734977e-22,181.36480333530494,0,181.36480333530494,2693.0918724810444,1785369600
vAMM-tBTC/USDC,0.00016655513634556112,0x323121CD6F6274c9aeB9f87e0664C8FDa5d343A5,0x434a8eEA016357bE462Eb6adE1b99F9f9F5Ff2c3,0x236aa50979D5f3De3Bd1Eeb40E81137F22ab794b,0x833589fCD6eDb6E08f4c7C32D4f71b54bdA02913,0x940181a94A35A4569E4529A3CDfB74e38FD98631,18,18,6,0,0,0.0,0.0,0,8164309234991,1210414152358939358862,1210.4141523589394,3.863080044038291e-23,0.04675926756999342,0,0.04675926756999342,25886.080241677955,1785369600
vAMM-WETH/JARVIS,0.005129647690763128,0xeff0891e5a1bd47a8F1e77ABebfEE4145974D088,0xf460124c6146800c6C061A6fC40C14677523BC90,0x4200000000000000000000000000000000000006,0x777b2839832982B35213063d850848369390EE16,0x940181a94A35A4569E4529A3CDfB74e38FD98631,18,18,18,0,0,0.0,0.0,0,251447617270490,37278935358876548185526,37278.93535887655,3.138456637251334e-22,11.699832210672955,0,11.699832210672955,3186.279485689507,1785369600
vAMM-cbETH/USDC,3.474758127192325e-05,0xa1d2ee6212D4375F154393E59895A5D27859C4e4,0x1a3FD3c084E5680655768b41Da653ca6e84b5981,0x2Ae3F1Ec7F1F5012CFEab0185bfc7aa3cf0DEc22,0x833589fCD6eDb6E08f4c7C32D4f71b54bdA02913,0x940181a94A35A4569E4529A3CDfB74e38FD98631,18,18,6,33263010483683036,91672171,0.033263010483683034,91.672171,33263010575355207,0,252522768463389149031,252.52276846338916,0.0,0,0,0,nan,0
sAMM-USDC/MAI,0.2166839768030911,0x2a1463CeBE85315224c536AfD389b381B43F3206,0x9280df579CeA690cAf5c31601cb71564Bb6FA6B7,0x833589fCD6eDb6E08f4c7C32D4f71b54bdA02913,0xbf1aeA8670D2528E08334083616dD9C5F3B087aE,0x940181a94A35A4569E4529A3CDfB74e38FD98631,18,6,18,15944,0,0.015944,0.0,15944,10621557711783752,1574717885419734498348050,1574717.8854197345,8.167931104468944e-24,12.862187197083413,0,12.862187197083413,122430.02385914678,1785369600
vAMM-MST/WETH,3.6932064221463947e-06,0x52E9cC1aD755347BDF666ddf6Ad88EdfFe76fe68,0x44283e26C3610f7a6f93fe37ab80aA6Fca57839E,0x2F3b1A07E3eFb1fCc64BD09b86bD0Fa885D93552,0x4200000000000000000000000000000000000006,0x940181a94A35A4569E4529A3CDfB74e38FD98631,18,18,18,2080870484642075729318,2759099940768719,2080.8704846420756,0.002759099940768719,2080873243742016498037,0,26839816645907110505,26.839816645907113,0.0,0,0,0,nan,0
vAMM-oBMX/USDC,7.580735191658597e-07,0xA8D5DB293917EA106A5fc4dA5A25340e8b428966,0x432146f6A9E1297C88268a1E67ddBFAC804bE6C2,0x3Ff7AB26F2dfD482C40bDaDfC0e88D01BFf79713,0x833589fCD6eDb6E08f4c7C32D4f71b54bdA02913,0x940181a94A35A4569E4529A3CDfB74e38FD98631,18,18,6,9026808799603607845,5599020,9.026808799603607,5.59902,9026808799609206865,0,5509184143220550715,5.50918414322055,0.0,0,0,0,nan,0
sAMM-eUSD/USDbC,1.3933281366368776e-06,0x5BfB340FA9305abB164Fb0248D0D82FC3D82C3bb,0x1457Da0dcBe22249408BB2D1e24Bd2f1484d7620,0xCfA3Ef56d303AE4fAabA0592388F19d7C3399FB4,0xd9aAEc86B65D86f6A7B5B1b0c42FFA531710b6CA,0x940181a94A35A4569E4529A3CDfB74e38FD98631,18,18,6,10873139617023097165,11350841,10.873139617023098,11.350841,10873139617034448006,0,10125800575528955765,10.125800575528956,0.0,0,0,0,nan,0
vAMM-hyUSD/eUSD,0.0019991262360259643,0xb5E331615FdbA7DF49e05CdEACEb14Acdd5091c3,0x025137c819298654162de2609f407514De4bb027,0xCc7FF230365bD730eE4B352cC2492CEdAC49383e,0xCfA3Ef56d303AE4fAabA0592388F19d7C3399FB4,0x940181a94A35A4569E4529A3CDfB74e38FD98631,18,18,18,0,0,0.0,0.0,0,97981908191060,14528346237353212690959,14528.346237353213,7.125148210957004e-25,0.010351662020124117,0,0.010351662020124117,1403479.5773963085,1785369600
vAMM-WETH/wstETH,0.002966031306890271,0xA6385c73961dd9C58db2EF0c4EB98cE4B60651e8,0xDf7c8F17Ab7D47702A4a4b6D951d2A4c90F99bf4,0x4200000000000000000000000000000000000006,0xc1CBa3fCea344f92D9239c08C0568f6F2F0ee452,0x940181a94A35A4569E4529A3CDfB74e38FD98631,18,18,18,0,0,0.0,0.0,0,145372214103522,21555181959390501074577,21555.181959390502,0.0,0,0,0,nan,0
vAMM-AERO/wstETH,0.0213967524176914,0x82a0c1a0d4EF0c0cA3cFDA3AD1AA78309Cc6139b,0x26D6D4E9e3fAf1C7C19992B1Ca792e4A9ea4F833,0x940181a94A35A4569E4529A3CDfB74e38FD98631,0xc1CBa3fCea344f92D9239c08C0568f6F2F0ee452,0x940181a94A35A4569E4529A3CDfB74e38FD98631,18,18,18,0,0,0.0,0.0,0,1048705611580348,155497647860946667590749,155497.64786094666,0.0,0,0,0,nan,0
vAMM-SEAM/WETH,3.002036215993638e-05,0x1B00a1aFE48aDB8D8C76b854da22a70011446481,0x8362A202E02f1B5DD75d86E9B6A4Ddf3FbAe37E4,0x1C7a460413dD4e964f96D8dFC56E7223cE88CD85,0x4200000000000000000000000000000000000006,0x940181a94A35A4569E4529A3CDfB74e38FD98631,18,18,18,334593101211263708442,25005256248746437,334.59310121126373,0.025005256248746437,334618106467512454879,0,218168421668709422546,218.16842166870944,0.0,0,0,0,nan,0
vAMM-SEAM/USDC,0.00010674096689144992,0xB0d931138BF96501654f2268Cdd84420151fF52e,0xfbE95C0DcE6a5A9D61068281523A1DA37F332bd3,0x1C7a460413dD4e964f96D8dFC56E7223cE88CD85,0x833589fCD6eDb6E08f4c7C32D4f71b54bdA02913,0x940181a94A35A4569E4529A3CDfB74e38FD98631,18,18,6,0,0,0.0,0.0,0,5231628173665,775723762092980321993,775.7237620929803,4.175656520648346e-20,32.391559854054194,0,32.391559854054194,23.948329922613752,1785369600
vAMM-SEAM/USDbC,3.23100739289205e-05,0x42e8dC1b1891C103291Ec01D903451E729DaAACc,0xf2669b18Eb18052A6fa7aA87294C629e3B158c1D,0x1C7a460413dD4e964f96D8dFC56E7223cE88CD85,0xd9aAEc86B65D86f6A7B5B1b0c42FFA531710b6CA,0x940181a94A35A4569E4529A3CDfB74e38FD98631,18,18,6,0,0,0.0,0.0,0,1583609056267,234808554124612940562,234.80855412461293,1.0022979671362107e-20,2.3534813646529242,0,2.3534813646529242,99.77073014098029,1785369600
sAMM-DOLA/USDC,0.0036450940636532834,0xf213F2D02837012dC0236cC105061e121bB03e37,0xCCff5627cd544b4cBb7d048139C1A6b6Bde67885,0x4621b7A9c75199271F773Ebd9A499dbd165c3191,0x833589fCD6eDb6E08f4c7C32D4f71b54bdA02913,0x940181a94A35A4569E4529A3CDfB74e38FD98631,18,18,6,0,0,0.0,0.0,0,178656476702851,26490167389203289235686,26490.16738920329,0.0,0,0,0,nan,0
sAMM-eUSD/USDC,0.043841778646164245,0x7A034374C89C463DD65D8C9BCfe63BcBCED41f4F,0x793F22aB88dC91793E5Ce6ADbd7E733B0BD4733e,0x833589fCD6eDb6E08f4c7C32D4f71b54bdA02913,0xCfA3Ef56d303AE4fAabA0592388F19d7C3399FB4,0x940181a94A35A4569E4529A3CDfB74e38FD98631,18,6,18,0,0,0.0,0.0,0,2148810858795729,318613466400728179531997,318613.4664007282,0.0,0,0,0,nan,0
sAMM-LUSD/USDC,0.00026141669348558465,0xf53B7Af40BE75043eeBa493C622F4f56b3C27A31,0xA8C37a644bDf3297C6E19A48150aF3b7069294FC,0x368181499736d0c0CC614DBB145E2EC1AC86b8c6,0x833589fCD6eDb6E08f4c7C32D4f71b54bdA02913,0x940181a94A35A4569E4529A3CDfB74e38FD98631,18,18,6,44964601898445697255,44815498,44.9646018984457,44.815498,44964601898490512753,0,1899806108659005806540,1899.8061086590058,0.0,0,0,0,nan,0
vAMM-USDC/YFX,2.422847410059107e-05,0x8f24dD646e2ae3615767EbdCCc6691C54C41793F,0x32cD891Fa6c52BD324b9ef1B35F2e6E948eEEaf3,0x833589fCD6eDb6E08f4c7C32D4f71b54bdA02913,0x8901cB2e82CC95c01e42206F8d1F417FE53e7Af0,0x940181a94A35A4569E4529A3CDfB74e38FD98631,18,6,18,2720318046,651051296109147174661,2720.318046,651.0512961091472,651051296111867492707,0,176076755030671500000,176.07675503067148,0.0,0,0,0,nan,0
vAMM-USDC/WELL,4.526064620161133e-08,0x790027573FD4ccD0132e04c194E7a963c2521f1d,0x83a7D55b902Db2069c7c776856d864a8C381A392,0x833589fCD6eDb6E08f4c7C32D4f71b54bdA02913,0xFF8adeC2221f9f4D8dfbAFa6B9a297d17603493D,0x940181a94A35A4569E4529A3CDfB74e38FD98631,18,6,18,126476988,4811806560419175195203,126.476988,4811.806560419175,4811806560419301672191,0,328924870822822185,0.32892487082282224,0.0,0,0,0,nan,0
sAMM-USDC/AERO,0.0002490456706355822,0x861Ee8B9F7e42eDCF4f1B5614c6595F71A879f3f,0x63f85D5D213A83F3C0C76E3A26Cdcaca34aBE784,0x833589fCD6eDb6E08f4c7C32D4f71b54bdA02913,0x940181a94A35A4569E4529A3CDfB74e38FD98631,0x940181a94A35A4569E4529A3CDfB74e38FD98631,18,6,18,24842637187,27710974723222952400315,24842.637187,27710.974723222953,27710974723247795037502,0,1809901579352078398691,1809.9015793520782,0.0,0,0,0,nan,0
sAMM-WETH/wstETH,8.949594607786409e-07,0x29BBb5F85F01702Ec85D217CEEb2d9657700cF04,0xc3A4ADA162B989326326db7aec07000bEA6Bb69c,0x4200000000000000000000000000000000000006,0xc1CBa3fCea344f92D9239c08C0568f6F2F0ee452,0x940181a94A35A4569E4529A3CDfB74e38FD98631,18,18,18,0,0,0.0,0.0,0,43869719357,6503981929842552073,6.503981929842552,1.6790419475883712e-20,0.10920458486562412,0,0.10920458486562412,59.55777349317046,1785369600
vAMM-USDC/DEUS,0.01359428042084378,0xf185f82A1948d014baE23d30b06FA8Da35110315,0xC5170E37875cfD19872692E1086C49F205b5Fca6,0x833589fCD6eDb6E08f4c7C32D4f71b54bdA02913,0xDE5ed76E7c05eC5e4572CfC88d1ACEA165109E44,0x940181a94A35A4569E4529A3CDfB74e38FD98631,18,6,18,0,0,0.0,0.0,0,666373498545854,98794367880590956761796,98794.36788059096,6.963800984707054e-23,6.879843163303702,0,6.879843163303702,14359.973844687163,1785369600
vAMM-WETH/NPC,0.0028328531607479095,0x5E14319D52c9C18a04BFBBE12dd3a0FE3C1A816a,0xd1D3cbD443443d6cfee567C5A85B94Df633CdCAB,0x4200000000000000000000000000000000000006,0xB166E8B140D35D9D8226E40C09f757BAC5A4d87d,0x940181a94A35A4569E4529A3CDfB74e38FD98631,18,18,18,0,0,0.0,0.0,0,138862688877543,20587330013106545648845,20587.330013106548,0.0,0,0,0,nan,0
vAMM-SEAM/AERO,0.0006640261453562,0xB77d96D27E0D3C0C04d02771d564A6E242992af0,0x0C6612326e1b28Ad3F20C62F8aef1dB88e0C293c,0x1C7a460413dD4e964f96D8dFC56E7223cE88CD85,0x940181a94A35A4569E4529A3CDfB74e38FD98631,0x940181a94A35A4569E4529A3CDfB74e38FD98631,18,18,18,745796749635210941796,203867056500782467250,745.796749635211,203.86705650078247,949663806135993409046,0,4825709140593066127251,4825.709140593067,0.0,0,0,0,nan,0
sAMM-WETH/AERO,0.00023103855374941474,0x80aBe24A3ef1fc593aC5Da960F232ca23B2069d0,0x3d2a91023E9C815Ba14335cd9650AE9A518b6D63,0x4200000000000000000000000000000000000006,0x940181a94A35A4569E4529A3CDfB74e38FD98631,0x940181a94A35A4569E4529A3CDfB74e38FD98631,18,18,18,748024283092912907,2251517026591585736665,0.7480242830929129,2251.517026591586,2252265050874678649572,0,1679037592804240923328,1679.0375928042408,0.0,0,0,0,nan,0
sAMM-USDC+/USD+,1.1030689178581031e-06,0xE96c788E66a97Cf455f46C5b27786191fD3bC50B,0x526b3D92fF55263dd24E3e14ccD0f5c2Dab81d3b,0x85483696Cc9970Ad9EdD786b2C5ef735F38D156f,0xB79DD08EA68A908A97220C76d19A6aA9cBDE4376,0x940181a94A35A4569E4529A3CDfB74e38FD98631,18,6,6,46353717,56354103,46.353717,56.354103,102707820,0,8016385795707657231,8.016385795707658,0.0,0,0,0,nan,0
vAMM-wBaseDOGE/WETH,0.0009108485922846588,0x9D933f0AF9dc01A6f9e5D2e6dcB25B6D0837EA81,0x67d128F56EBacE1341f17e0BD20e0653034F7cCb,0x373504DA48418C67E6FCD071F33Cb0b3B47613C7,0x4200000000000000000000000000000000000006,0x940181a94A35A4569E4529A3CDfB74e38FD98631,18,18,18,612706033559576031102214581,31134129097731835,612706033.559576,0.031134129097731836,612706033590710160199946416,0,6619453779378755117457,6619.453779378755,0.0,0,0,0,nan,0
vAMM-suUSD/eMTRG,5.194166526461845e-06,0x70fAaFB3c7990771F6724C00F2574437bf805A9f,0x68b896E8B47f3d7a2399376D76706204B0B6e32E,0x8BF591Eae535f93a242D5A954d3Cde648b48A5A8,0xa023E6f6B4862EA38cbe45e377abD908abAb2f82,0x940181a94A35A4569E4529A3CDfB74e38FD98631,18,18,18,1711645209101034178,16267927902979325426,1.7116452091010341,16.267927902979327,17979573112080359604,0,37747816196399443400,37.74781619639944,0.0,0,0,0,nan,0
vAMM-WETH/MET,0.1969748648261815,0xF91E0Dfe1265B914182De54E08C9CA2068bedDDE,0x4aCfd43DaD13c5312FD0021C837167d294d7fCF9,0x4200000000000000000000000000000000000006,0x93dc5Cb35627A759848c7A7F0079EA7b49E435a5,0x940181a94A35A4569E4529A3CDfB74e38FD98631,18,18,18,2749622191499,734158051318125533,2.749622191499e-06,0.7341580513181255,734160800940317032,9655445523986412,1431484908096341238716901,1431484.9080963414,5.2493664135218125e-23,75.14388798024292,0,75.14388798024292,19049.91805152153,1785369600
vAMM-WETH/DOG,0.00048681636271430347,0xa01fd0F24a2E6fEf6b2ed7573Cb6F59164D396E0,0x040a3f6bc2d8DCD26879d29CaF6Bc4581d6477aA,0x4200000000000000000000000000000000000006,0xAfb89a09D82FBDE58f18Ac6437B3fC81724e4dF6,0x940181a94A35A4569E4529A3CDfB74e38FD98631,18,18,18,0,0,0.0,0.0,0,21889648743920,3537863964799904773687,3537.863964799905,0.0,0,0,0,nan,0
vAMM-WETH/DHT,0.001388125150813802,0x688b0380360C84135769D4F75d70038119846a8E,0xF42c2da9E11AE1B272c0F4DFd03ab40D06aA709E,0x4200000000000000000000000000000000000006,0x54BC229d1cB15F8B6415EfEab4290a40bc8b7D84,0x940181a94A35A4569E4529A3CDfB74e38FD98631,18,18,18,0,0,0.0,0.0,0,68044047155639,10087988666434137852445,10087.988666434137,0.0,0,0,0,nan,0
vAMM-AERO/DOG,1.3933653030596315e-08,0xa99e526aB91d3E5d5bAC58551D1a27C8a253591c,0xeC4C5DAD3bac5399fb0FF04C95D02dC15a3472CD,0x940181a94A35A4569E4529A3CDfB74e38FD98631,0xAfb89a09D82FBDE58f18Ac6437B3fC81724e4dF6,0x940181a94A35A4569E4529A3CDfB74e38FD98631,18,18,18,18816853731226592608,11752156162394277244595,18.816853731226594,11752.156162394278,11770973016125503837203,0,101260706768604499,0.10126070676860449,0.0,0,0,0,nan,0
vAMM-WETH/WELS,0.0003007633823910807,0xCaedc2561356B6a01a94E3C0438011459E91FBb9,0xdE41799DE5fB357f501dd9386ACee424E816f7a6,0x4200000000000000000000000000000000000006,0x7F62ac1e974D65Fab4A81821CA6AF659A5F46298,0x940181a94A35A4569E4529A3CDfB74e38FD98631,18,18,18,0,0,0.0,0.0,0,14743020657835,2185752193208839526034,2185.7521932088393,0.0,0,0,0,nan,0
vAMM-wBaseDOGE/AERO,0.003002744748041344,0xDab27FB1923FC017e941D837040add59b9aFF9fD,0xEacFC84B210f27CC5999191a55BA39cb4E4c8902,0x373504DA48418C67E6FCD071F33Cb0b3B47613C7,0x940181a94A35A4569E4529A3CDfB74e38FD98631,0x940181a94A35A4569E4529A3CDfB74e38FD98631,18,18,18,116079601415097123177626910,21132495620817731174,116079601.41509712,21.132495620817732,116079622547592743995358084,0,21821991315896067800782,21821.99131589607,0.0,0,0,0,nan,0
vAMM-WETH/AYB,5.286857474619615e-05,0x35D057C5c0Af0caE0Db29946872B486aFC1E0e17,0x521221892F5398B45d3A1a843f01FdeCED76BBB6,0x4200000000000000000000000000000000000006,0x7ED613AB8b2b4c6A781DDC97eA98a666c6437511,0x940181a94A35A4569E4529A3CDfB74e38FD98631,18,18,18,38250384000510938,297995782401653786119525160,0.03825038400051094,297995782.40165377,297995782439904170120036098,0,384214335816535254588,384.21433581653525,0.0,0,0,0,nan,0
vAMM-AERO/BASED,4.2967110396995557e-07,0x4b1aFCB3F6b525030c9B548839a0E66c058d9B3F,0xB14FAFC5194250477156b6bE22f7b41E95cC0F81,0x940181a94A35A4569E4529A3CDfB74e38FD98631,0xBa5E6fa2f33f3955f0cef50c63dCC84861eAb663,0x940181a94A35A4569E4529A3CDfB74e38FD98631,18,18,18,1632353541146260842,90189158394916593150,1.6323535411462609,90.18915839491659,91821511936062853992,0,3122569477688666806,3.1225694776886668,0.0,0,0,0,nan,0
vAMM-GB/WETH,5.199605443949689e-05,0x284ddaDA0B71F2D0D4e395B69b1013dBf6f3e6C1,0x83FC503345Dcde6197b2BD8eaa82ccb4b737Be40,0x2aF864fb54b55900Cd58d19c7102d9e4FA8D84a3,0x4200000000000000000000000000000000000006,0x940181a94A35A4569E4529A3CDfB74e38FD98631,18,18,18,1039214625428953065461304,647942988823608221,1039214.6254289531,0.6479429888236082,1039215273371941889069525,0,377873427030281022205,377.87342703028105,0.0,0,0,0,nan,0
vAMM-WETH/doginme,0.0312641993430117,0x139E9f235588A9720e7Eab045da29dC781c4b658,0x666c383e4EAb3328660A85d1C41FFDce9D85D8eE,0x4200000000000000000000000000000000000006,0x6921B130D297cc43754afba22e5EAc0FBf8Db75b,0x940181a94A35A4569E4529A3CDfB74e38FD98631,18,18,18,0,0,0.0,0.0,0,1532537457053123,227207819448078914832594,227207.81944807892,0.0,0,0,0,nan,0
vAMM-DEGEN/USDC,1.8606383321468992e-06,0x637ad8d2611d3efE2ef41fdBb40b9F21AbAF9585,0xF2478BEB6030CbA9069cD471c6C653B34dD7c093,0x4ed4E862860beD51a9570b96d89aF5E1B0Efefed,0x833589fCD6eDb6E08f4c7C32D4f71b54bdA02913,0x940181a94A35A4569E4529A3CDfB74e38FD98631,18,18,6,242188414970175476647432,452793109,242188.41497017548,452.793109,242188414970175929440541,0,13521906433311636055,13.521906433311635,0.0,0,0,0,nan,0
vAMM-AERO/TOSHI,0.0018703351069453403,0x4660Ff55A4Db144734AE76550Ee3093e0BA7F8D1,0xDA58433E3eE06c5CCC27D9E2794aC9CE54576A2c,0x940181a94A35A4569E4529A3CDfB74e38FD98631,0xAC1Bd2486aAf3B5C0fc3Fd868558b082a531B2B4,0x940181a94A35A4569E4529A3CDfB74e38FD98631,18,18,18,0,0,0.0,0.0,0,91681949711856,13592376271143109822541,13592.37627114311,0.0,0,0,0,nan,0
vAMM-WETH/FARM,5.18992458303015e-05,0x5A5Fb78963938B4855BF257b186e1c4daFC9f482,0x47B8a299407Ee3b2B1cd9D98846E1D67c8817a20,0x4200000000000000000000000000000000000006,0xD08a2917653d4E460893203471f0000826fb4034,0x940181a94A35A4569E4529A3CDfB74e38FD98631,18,18,18,143212437816181756,26157193477818508207,0.14321243781618176,26.15719347781851,26300405915634689963,0,377169885168941075875,377.16988516894105,0.0,0,0,0,nan,0
vAMM-WELS/AERO,0.00010059675970574459,0x90359da9715411B828769ab9343Fa2732F726E19,0xb4F1CD310453F86ecF52554b6bCBAb543667a446,0x7F62ac1e974D65Fab4A81821CA6AF659A5F46298,0x940181a94A35A4569E4529A3CDfB74e38FD98631,0x940181a94A35A4569E4529A3CDfB74e38FD98631,18,18,18,89108349161117791755454,175102639017873431912,89108.34916111779,175.10263901787343,89283451800135665187366,0,731071669724161374416,731.0716697241613,0.0,0,0,0,nan,0
vAMM-HPC/WETH,1.913416293507765e-08,0xd07B4d7CeA966B6E8087C8be3347E4B790679785,0x77ABe39cd429eA55b0fb065B74ca3e3B3c7C13DA,0x1f3BA804eFB9CFe17D595e7262CEA4782dbF6e4E,0x4200000000000000000000000000000000000006,0x940181a94A35A4569E4529A3CDfB74e38FD98631,18,18,18,898566728822058097553224,205567607481335045,898566.7288220581,0.20556760748133504,898566934389665578888269,0,139054622501151690,0.1390546225011517,0.0,0,0,0,nan,0
sAMM-hyUSD/eUSD,1.3751687493209363e-07,0x145AdA46F76eC16B80d8E0B17D6A03fcdc9610E5,0xb2dd7F23Bcb81637C22f8eA5004AaEE29e6056E9,0xCc7FF230365bD730eE4B352cC2492CEdAC49383e,0xCfA3Ef56d303AE4fAabA0592388F19d7C3399FB4,0x940181a94A35A4569E4529A3CDfB74e38FD98631,18,18,18,6789130016879509036,7396819872509740688,6.7891300168795095,7.396819872509741,14185949889389249724,0,999382998676381155,0.9993829986763811,0.0,0,0,0,nan,0
vAMM-wBaseDOGE/DOG,1.9411724124062614e-09,0x2d9Fef5A2EF3A66b8b458C547F8D6F4af4C413Ad,0xA53FdF59E0Ecd1adC7e41c161b54aE3D32B2f0a5,0x373504DA48418C67E6FCD071F33Cb0b3B47613C7,0xAfb89a09D82FBDE58f18Ac6437B3fC81724e4dF6,0x940181a94A35A4569E4529A3CDfB74e38FD98631,18,18,18,265049724023703167596204,54294675846295320050,265049.7240237032,54.29467584629532,265104018699549462916254,0,14107175627837684,0.014107175627837684,0.0,0,0,0,nan,0
sAMM-USDC/STAR,0.00018349941763296844,0xF45F6cDBcd0D2D4Bf4d9758b032a66A2cf4e55C8,0xc115982d35fe4304274FEEf5b351256342BB6C2e,0x833589fCD6eDb6E08f4c7C32D4f71b54bdA02913,0xC19669A405067927865B40Ea045a2baabbbe57f5,0x940181a94A35A4569E4529A3CDfB74e38FD98631,18,6,18,0,0,0.0,0.0,0,8994957131094,1333554142645856560575,1333.5541426458565,1.3044459189162371e-21,1.739549259028229,0,1.739549259028229,766.60901421718,1785369600
vAMM-YFX/AERO,2.4251873928380443e-05,0x448686cA47fBE77d8fc9EEc6829837bF45E8ea75,0xCEc1D4EFF7d6a785447Ff48C336feE57A29804d0,0x8901cB2e82CC95c01e42206F8d1F417FE53e7Af0,0x940181a94A35A4569E4529A3CDfB74e38FD98631,0x940181a94A35A4569E4529A3CDfB74e38FD98631,18,18,18,8200688812218191463,17595877778064423582,8.200688812218191,17.595877778064423,25796566590282615045,0,176246809724513266552,176.24680972451324,0.0,0,0,0,nan,0
vAMM-WETH/TOWER,0.0017089709529575492,0xAaCE080ea9CE5e7942Ea826d311b6170BdfCf73B,0xb00ec5Ccd55b47d92e29496ca322B1F64a5c24B5,0x4200000000000000000000000000000000000006,0xf7C1CEfCf7E1dd8161e00099facD3E1Db9e528ee,0x940181a94A35A4569E4529A3CDfB74e38FD98631,18,18,18,0,0,0.0,0.0,0,83772039488899,12419686794518303583345,12419.686794518304,1.5953177947399763e-21,19.813347348392146,0,19.813347348392146,626.8343544447154,1785369600
vAMM-WETH/WAMPL,1.2551232669914267e-05,0xfa4d06CA791C0316baD2d97910ac391cF9a71BD2,0x93964594cEcbe653273BEA3eae3bdB8D6d720fA5,0x4200000000000000000000000000000000000006,0x489fe42C267fe0366B16b0c39e7AEEf977E841eF,0x940181a94A35A4569E4529A3CDfB74e38FD98631,18,18,18,711443094257545,53407412494759466,0.000711443094257545,0.053407412494759464,54118855589017011,0,91214176797850489099,91.21417679785048,0.0,0,0,0,nan,0
vAMM-WETH/TN100x,0.04138211087338462,0x8f5F1D63599362115e7F9fe71BFD5ab883D82c82,0x931143b901A1c81bA1657cF0F2AcD126F75ca4Fd,0x4200000000000000000000000000000000000006,0x5B5dee44552546ECEA05EDeA01DCD7Be7aa6144A,0x940181a94A35A4569E4529A3CDfB74e38FD98631,18,18,18,0,0,0.0,0.0,0,2028509507560542,300738204504891803888204,300738.2045048918,0.0,0,0,0,nan,0
sAMM-USDC/USX,0.003388236398074034,0x1f019b4420936a800fF6f54c00d9da05445DE433,0x62b2Da7b10dde762B3b020AAEe409786b548684C,0x833589fCD6eDb6E08f4c7C32D4f71b54bdA02913,0xc142171B138DB17a1B7Cb999C44526094a4dae05,0x940181a94A35A4569E4529A3CDfB74e38FD98631,18,6,18,0,0,0.0,0.0,0,166087944821981,24623493323301455731959,24623.493323301456,0.0,0,0,0,nan,0
vAMM-USDC/SPOT,1.3876588711868567e-05,0xa43455d99Eb63473cFA186b388c1BC2EA1B63924,0xD90C0E9728fe44905384C89d867Ba095e2Dc3E2e,0x833589fCD6eDb6E08f4c7C32D4f71b54bdA02913,0x8f2E6758C4D6570344bd5007DEc6301cd57590A0,0x940181a94A35A4569E4529A3CDfB74e38FD98631,18,6,9,81658595,97890109997,81.658595,97.890109997,97971768592,0,100846000500768479001,100.84600050076847,0.0,0,0,0,nan,0
sAMM-BRETT/AERO,0.00017309780881156296,0xFfa80952B3800240F11AD25E45e8d3E5C1593E70,0xCab96B63cB77Eb0f771D09197860cE159F197Cc6,0x532f27101965dd16442E59d40670FaF5eBB142E4,0x940181a94A35A4569E4529A3CDfB74e38FD98631,0x940181a94A35A4569E4529A3CDfB74e38FD98631,18,18,18,0,0,0.0,0.0,0,8485080851961,1257962030622309533330,1257.9620306223096,1.8302726608961576e-21,2.3024135130934282,0,2.3024135130934282,546.366681514201,1785369600
vAMM-cbETH/fBOMB,5.569313945357865e-07,0x40834a402B9013f1fD7575EABa84E1589205099d,0x33BD3859141EEB7FCf8d71A9A52F554C6Ca5a278,0x2Ae3F1Ec7F1F5012CFEab0185bfc7aa3cf0DEc22,0x74ccbe53F77b08632ce0CB91D3A545bF6B8E0979,0x940181a94A35A4569E4529A3CDfB74e38FD98631,18,18,18,3330417079118365,478722241507251538839,0.003330417079118365,478.7222415072515,478725571924330657204,0,4047414307538898338,4.047414307538898,0.0,0,0,0,nan,0
vAMM-DEGEN/MAI,0.00035033186196889806,0xe7c22c22Be0ba467AD5a32F607112e10d89778af,0x44d708dba44160FA748c25a7d3fbC4C73dE4b87F,0x4ed4E862860beD51a9570b96d89aF5E1B0Efefed,0xbf1aeA8670D2528E08334083616dD9C5F3B087aE,0x940181a94A35A4569E4529A3CDfB74e38FD98631,18,18,18,4171186201537106114759,11212698242929478066,4171.186201537106,11.212698242929479,4182398899780035592825,0,2545983588699538788138,2545.983588699539,0.0,0,0,0,nan,0
sAMM-WETH/rETH,3.235360873358947e-05,0xb8866732424AcDdd729C6fcf7146b19bFE4A2e36,0xAa3D51d36BfE7C5C63299AF71bc19988BdBa0A06,0x4200000000000000000000000000000000000006,0xB6fe221Fe9EeF5aBa221c348bA20A1Bf5e73624c,0x940181a94A35A4569E4529A3CDfB74e38FD98631,18,18,18,0,0,0.0,0.0,0,1585983801031,235124936704266101517,235.1249367042661,1.6836960537429652e-23,0.003958789280655373,0,0.003958789280655373,59393.14270986948,1785369600
vAMM-RSR/bsdETH,0.00039200177349592183,0x95F04B5594e2a944CA91d56933D119841eeF9a99,0x190351cf2a6e2ac19A528b283E0748eD0652799d,0xaB36452DbAC151bE02b16Ca17d8919826072f64a,0xCb327b99fF831bF8223cCEd12B1338FF3aA322Ff,0x940181a94A35A4569E4529A3CDfB74e38FD98631,18,18,18,0,0,0.0,0.0,0,19215534110729,2848813340735575125860,2848.8133407355754,0.0,0,0,0,nan,0
vAMM-WETH/SEXY,0.015551707458373486,0x862a9D8443BbF74CF86bC05aFC8e05c63319DC1e,0x2F1c1492F6057808C3fd16eef67E0237FBAeBF4B,0x4200000000000000000000000000000000000006,0xD1917629B3E6A72E6772Aab5dBe58Eb7FA3C2F33,0x940181a94A35A4569E4529A3CDfB74e38FD98631,18,18,18,0,0,0.0,0.0,0,762329090566425,113019671527308133496771,113019.67152730814,0.0,0,0,0,nan,0
vAMM-TKN/AERO,0.029417266311696368,0xd88b9f7185f404015B665e070A5EF03a7e26661F,0x82FDF8F646c6dcF7966734146486114f60C7Def5,0x78b3C724A2F663D11373C4a1978689271895256f,0x940181a94A35A4569E4529A3CDfB74e38FD98631,0x940181a94A35A4569E4529A3CDfB74e38FD98631,18,18,18,0,0,0.0,0.0,0,1442004868878319,213785514206617899397079,213785.5142066179,0.0,0,0,0,nan,0
vAMM-AERO/USD+,0.00030067253090037963,0x267d950110D9ED57999c3451b89C35a9D278C074,0x45D3ef9d20f9eA644aB9bc706e630311050de370,0x940181a94A35A4569E4529A3CDfB74e38FD98631,0xB79DD08EA68A908A97220C76d19A6aA9cBDE4376,0x940181a94A35A4569E4529A3CDfB74e38FD98631,18,18,6,37207789119049863369,29436952,37.20778911904986,29.436952,37207789119079300321,0,2185091943801223861701,2185.091943801224,0.0,0,0,0,nan,0
vAMM-WETH/PRIME,0.0005927826891402353,0xB21b821EC1bB22d0241AE425e07e14d1CCea4AeD,0x2C477011BB6dF2828Da8367Bae4C5bA7381C0240,0x4200000000000000000000000000000000000006,0xfA980cEd6895AC314E7dE34Ef1bFAE90a5AdD21b,0x940181a94A35A4569E4529A3CDfB74e38FD98631,18,18,18,17716192297964157,20124134051331127354,0.017716192297964155,20.124134051331126,20141850243629091511,0,4307958144983698775490,4307.958144983699,0.0,0,0,0,nan,0
vAMM-USDC/sFRAX,1.4715118693398705e-06,0xf0e08Fa759B9C3099B0Dd63f73f79984AEb6254f,0x29b1f2295031d7e98CCD428fAcc65Ef30821771e,0x833589fCD6eDb6E08f4c7C32D4f71b54bdA02913,0xe4796cCB6bB5DE2290C417Ac337F2b66CA2E770E,0x940181a94A35A4569E4529A3CDfB74e38FD98631,18,6,18,31797919,28953456933830466962,31.797919,28.953456933830466,28953456933862264881,0,10693988976225330758,10.69398897622533,0.0,0,0,0,nan,0
vAMM-FXS/USDC,3.341389873125125e-06,0xa2D4414421e5531E727d532ef018109f59d22340,0x9a27275AE67A5E19630B2D096D4989992028A154,0x23432452B720C80553458496D4D9d7C5003280d0,0x833589fCD6eDb6E08f4c7C32D4f71b54bdA02913,0x940181a94A35A4569E4529A3CDfB74e38FD98631,18,18,6,1929965728016007362,3621975,1.9299657280160074,3.621975,1929965728019629337,0,24283043319590076243,24.283043319590078,0.0,0,0,0,nan,0
vAMM-sfrxETH/FXS,6.048621804697668e-11,0x1bDEb67E8B0D700b7717C7F3a7341859B7Dac784,0x8B207A66E66e08CC1CE51bc38d1dFe3d8Cb36322,0x1f55a02A049033E3419a8E2975cF3F572F4e6E9A,0x23432452B720C80553458496D4D9d7C5003280d0,0x940181a94A35A4569E4529A3CDfB74e38FD98631,18,18,18,3648999070405803,9614577538663694121,0.003648999070405803,9.614577538663694,9618226537734099924,0,439574401325153,0.000439574401325153,0.0,0,0,0,nan,0
vAMM-WETH/QI,0.013252338238597111,0x06709C364dd4E2f5b0c10b1eBf80B2Ce483dbdC5,0xdd1fd2BeEE67A3adA2277fc44aA69C5C0d753449,0x4200000000000000000000000000000000000006,0xD3FDCb837DAfdb7C9C3eBD48FE22a53F6Dd3d7D7,0x940181a94A35A4569E4529A3CDfB74e38FD98631,18,18,18,0,0,0.0,0.0,0,649620637353222,96309355014814526399853,96309.35501481453,0.0,0,0,0,nan,0
vAMM-sfrxETH/AERO,7.034367068124762e-06,0xE25bc9133D26F62C9FA03b6750f3F3Ba57E9eB44,0xEab862191A4d917D2D16E2FAF0859448Ff5BEdB7,0x1f55a02A049033E3419a8E2975cF3F572F4e6E9A,0x940181a94A35A4569E4529A3CDfB74e38FD98631,0x940181a94A35A4569E4529A3CDfB74e38FD98631,18,18,18,7239233859964243,31095082015905399076,0.007239233859964243,31.095082015905398,31102321249765363319,0,51121194092029528727,51.121194092029526,0.0,0,0,0,nan,0
vAMM-BAVA/AERO,8.266706099343779e-05,0xD3c2fa602B8da5b0b9c25dFBE7F2f31Bb512dB13,0xE3Da183CDBbd0F01867605C632F1E275e7eD6E3D,0x3fbdE9864362CE4Abb244EbeF2EF0482ABA8eA39,0x940181a94A35A4569E4529A3CDfB74e38FD98631,0x940181a94A35A4569E4529A3CDfB74e38FD98631,18,18,18,4691985544496705793246824,2756498853022728540063,4691985.544496706,2756.4988530227283,4694742043349728521786887,0,600770307994428256912,600.7703079944282,0.0,0,0,0,nan,0
vAMM-VIRTUAL/WETH,0.9654531815407236,0x21594b992F68495dD28d605834b58889d0a727c7,0xBD62Cad65b49b4Ad9C7aa9b8bDB89d63221F7af5,0x0b3e328455c4059EEb9e3f84b5543F74E24e7E1b,0x4200000000000000000000000000000000000006,0x940181a94A35A4569E4529A3CDfB74e38FD98631,18,18,18,7505782,93901109287908,7.505782e-12,9.3901109287908e-05,93901116793690,47371926950429613,7016284336931531752812808,7016284.336931532,4.952010070312842e-22,3474.4710692663202,0,3474.4710692663202,2019.382000038674,1785369600
vAMM-HIGHER/WETH,0.0018368856670953958,0xcEdF590857aE7Fbd4A342Ce9Ee9CA111570A1ca2,0x8Ee017223529FC20FA5B8D6f1D048003A424D9CC,0x0578d8A44db98B23BF096A382e016e29a5Ce0ffe,0x4200000000000000000000000000000000000006,0x940181a94A35A4569E4529A3CDfB74e38FD98631,18,18,18,59058721781717664795386,7651537972045859,59058.721781717664,0.007651537972045859,59058729433255636841245,0,13349287548266080198429,13349.287548266082,0.0,0,0,0,nan,0
vAMM-BRETT/AERO,0.003303074360838292,0x43BBb129b56A998732767725A183b7a566843dBA,0x80c6eF2039c429d905D125Bba5FD99125646aee9,0x532f27101965dd16442E59d40670FaF5eBB142E4,0x940181a94A35A4569E4529A3CDfB74e38FD98631,0x940181a94A35A4569E4529A3CDfB74e38FD98631,18,18,18,0,0,0.0,0.0,0,161913400380853,24004591154472552860979,24004.591154472553,4.3564210094588566e-21,104.57410522881446,0,104.57410522881446,229.54622563539087,1785369600
vAMM-WETH/LUCHA,0.024205189943490742,0x0D4953d2BDe145D316296CC72cCE509D899a5529,0xd3011443522E904092232CD7C73586D0b1b61418,0x4200000000000000000000000000000000000006,0xF4435cC8b478d54313F04c956882BE3D9aCf9F6F,0x940181a94A35A4569E4529A3CDfB74e38FD98631,18,18,18,0,0,0.0,0.0,0,1186534102552140,175907540955991070706232,175907.54095599108,0.0,0,0,0,nan,0
vAMM-ANIME/WETH,0.0007310833178502413,0xeB956b77D455e33b41bBE6052dBE4388dCfD729B,0x93a7ddBd64f0835f99b6D248Ce058Fd90C68666c,0x0e0c9756a3290cD782CF4aB73ac24D25291c9564,0x4200000000000000000000000000000000000006,0x940181a94A35A4569E4529A3CDfB74e38FD98631,18,18,18,12127938916321583777397033,47685873021572326,12127938.916321583,0.047685873021572324,12127938964007456798969359,0,5313036955182708443626,5313.036955182708,0.0,0,0,0,nan,0
vAMM-ezETH/WETH,8.421572583001075e-07,0x0C8bF3cb3E1f951B284EF14aa95444be86a33E2f,0x6318373c5a01224094BF0B1AC88562345B2Fb91E,0x2416092f143378750bb29b79eD961ab195CcEea5,0x4200000000000000000000000000000000000006,0x940181a94A35A4569E4529A3CDfB74e38FD98631,18,18,18,0,0,0.0,0.0,0,41281978612,6120249944398787939,6.120249944398788,0.0,0,0,0,nan,0
sAMM-ezETH/WETH,7.637731643731925e-05,0x497139e8435E01555AC1e3740fccab7AFf149e02,0x4Fa58b3Bec8cE12014c7775a0B3da7e6AdC3c7eA,0x2416092f143378750bb29b79eD961ab195CcEea5,0x4200000000000000000000000000000000000006,0x940181a94A35A4569E4529A3CDfB74e38FD98631,18,18,18,0,0,0.0,0.0,0,4042718708908,555060544894400114138,555.0605448944001,0.0,0,0,0,nan,0
vAMM-USDC/WELL,8.414524560505442e-07,0x81A8c12738F7346094526ECC2487a63f45dD1935,0x47C84ff870c7EeA60420EC8c98B7FBa9D37b478B,0x833589fCD6eDb6E08f4c7C32D4f71b54bdA02913,0xA88594D404727625A9437C3f886C7643872296AE,0x940181a94A35A4569E4529A3CDfB74e38FD98631,18,6,18,75527691,3150364307740231063212,75.527691,3150.364307740231,3150364307740306590903,0,6115127901115079251,6.11512790111508,0.0,0,0,0,nan,0
vAMM-BITCOIN/WETH,0.00013997205852570697,0xaa46e69d85c79bb3EfFe0902c1Ad69f712b5b382,0x7d7bb62DB5614b191E154DB763F8e6daABDFa55b,0x2a06A17CBC6d0032Cac2c6696DA90f29D39a1a29,0x4200000000000000000000000000000000000006,0x940181a94A35A4569E4529A3CDfB74e38FD98631,18,8,18,0,0,0.0,0.0,0,6861335761409,1017225672481308634142,1017.2256724813087,1.6591331950088487e-20,16.877128800289384,0,16.877128800289384,60.272436414887515,1785369600
vAMM-REGEN/WETH,0.00029125049652855217,0x11D9944cB1886F5Ca08673C0B61b4d159946AcDa,0x4C73598c779cBED9002a52Ac14C3490d3d876DE7,0x1D653f09f216682eDE4549455D6Cf45f93C730cf,0x4200000000000000000000000000000000000006,0x940181a94A35A4569E4529A3CDfB74e38FD98631,18,18,18,20786243621498424227000,9664596199677838,20786.243621498423,0.009664596199677838,20786253286094623904838,0,2116618740284938021674,2116.618740284938,0.0,0,0,0,nan,0
vAMM-WETH/RSR,0.0014218596252623889,0xd204058452F57464E0E5ab8C3Cc9cbCb6B41D4EE,0x40334F3E5e59c5A7aeAf6b47FfF6be1917c71ba6,0x4200000000000000000000000000000000000006,0xaB36452DbAC151bE02b16Ca17d8919826072f64a,0x940181a94A35A4569E4529A3CDfB74e38FD98631,18,18,18,0,0,0.0,0.0,0,69700006340523,10333148834957806799465,10333.148834957809,3.97084529890483e-22,4.103133547417613,0,4.103133547417613,2518.355475283318,1785369600
vAMM-USDA/EURA,2.7434868272932344e-08,0x79eF3eCDa775860a2351ae2A7B80C4d80ba47F72,0x3fd91fAC3Ccc67d818A6E17e7296A82Ba7a4aCAa,0x0000206329b97DB379d5E1Bf586BbDB969C63274,0xA61BeB4A3d02decb01039e378237032B351125B4,0x940181a94A35A4569E4529A3CDfB74e38FD98631,18,18,18,8468516944003396485,5513002201715740923,8.468516944003396,5.513002201715741,13981519145719137408,0,199378737601721378,0.19937873760172137,0.0,0,0,0,nan,0
vAMM-AERO/OVN,4.6464023383388326e-05,0x4704f9Cf735b58ea442E387ACca6717311597322,0x365f5413BBC783D1fff1cAe9D3Bd9A16eA698D19,0x940181a94A35A4569E4529A3CDfB74e38FD98631,0xA3d1a8DEB97B111454B294E2324EfAD13a9d8396,0x940181a94A35A4569E4529A3CDfB74e38FD98631,18,18,18,573861733696653234683,418185023170321000086,573.8617336966532,418.185023170321,992046756866974234769,0,337670231688947804211,337.6702316889478,0.0,0,0,0,nan,0
sAMM-USDA/USDC,1.7627844819983077e-05,0xE503312E932a3647AeAC8b00A8Bd1d04E6A73C08,0x93c10Fb12B2EA0D558929914236A45355B03F1F7,0x0000206329b97DB379d5E1Bf586BbDB969C63274,0x833589fCD6eDb6E08f4c7C32D4f71b54bdA02913,0x940181a94A35A4569E4529A3CDfB74e38FD98631,18,18,6,23620777556267611605,19899937,23.620777556267612,19.899937,23620777556287511542,0,128107684421245941394,128.10768442124595,0.0,0,0,0,nan,0
vAMM-GENOME/WETH,0.0016251852829687581,0x963ceee215e5b0B1dCB221C3bA398De66abC73D9,0xa4F335B6ee0f8e34F31d4C8b702080196252dAc3,0x1db0c569ebb4a8b57AC01833B9792F526305e062,0x4200000000000000000000000000000000000006,0x940181a94A35A4569E4529A3CDfB74e38FD98631,18,18,18,0,0,0.0,0.0,0,79665489949382,11810787165575628318595,11810.787165575628,2.6820067108195096e-22,3.167661043813477,0,3.167661043813477,3728.5514460716677,1785369600
vAMM-WETH/BUIDL,4.5068134679644115e-05,0x6eB0f4B90EeB237f6ee6d5D8d69C15810b81fa05,0x136805463D527bA9c507fF7640e9cF84f0328278,0x4200000000000000000000000000000000000006,0xdADc4F8E9d8d37294de0E02A2Ce8Cc0c90A4F6c2,0x940181a94A35A4569E4529A3CDfB74e38FD98631,18,18,18,93805602303200337,78062467442702849496810,0.09380560230320034,78062.46744270285,78062561248305152697147,0,327525822580936522456,327.52582258093656,0.0,0,0,0,nan,0
vAMM-tBTC/AERO,1.372195491272818e-07,0x5E19947708Ed0686ecE3BE487126b2c1c5378641,0x80Cdc20a68ff14f5f3b642786977F09a0fb11b64,0x236aa50979D5f3De3Bd1Eeb40E81137F22ab794b,0x940181a94A35A4569E4529A3CDfB74e38FD98631,0x940181a94A35A4569E4529A3CDfB74e38FD98631,18,18,18,71864421798840,9282804427914835613,7.186442179884e-05,9.282804427914835,9282876292336634453,0,997222228556034548,0.9972222285560346,0.0,0,0,0,nan,0
sAMM-DEGEN/USDC,6.146987792901847e-08,0x67fBd3c6fFBd29506f3Ca395cB4C6092e5eeFC9C,0xabe274A025D2404aE4669CA4811Ec7F58C8167c1,0x4ed4E862860beD51a9570b96d89aF5E1B0Efefed,0x833589fCD6eDb6E08f4c7C32D4f71b54bdA02913,0x940181a94A35A4569E4529A3CDfB74e38FD98631,18,18,6,0,0,0.0,0.0,0,3013121765,446723000092235295,0.44672300009223526,0.0,0,0,0,nan,0
vAMM-AERO/GHST,4.510457561383959e-08,0x59Da7538Bbea7facC9185b412e0D43da67A84Ab7,0x785369676686874713ca132C2002E7736A36FE44,0x940181a94A35A4569E4529A3CDfB74e38FD98631,0xcD2F22236DD9Dfe2356D7C543161D4d260FD9BcB,0x940181a94A35A4569E4529A3CDfB74e38FD98631,18,18,18,22509176868661467,52988724081998843,0.022509176868661468,0.052988724081998846,75497900950660310,0,327790651534538225,0.32779065153453824,0.0,0,0,0,nan,0
vAMM-WETH/NORMILIO,7.64494827698601e-05,0x7D68c4E183e31971deb223e6F8A064751d0599d0,0xE531DEd40AeA2Fd2ba7476BB6cE30cF9e2cfd2D0,0x4200000000000000000000000000000000000006,0xcDE90558fc317C69580DeeAF3eFC509428Df9080,0x940181a94A35A4569E4529A3CDfB74e38FD98631,18,18,18,368036959684370710,785301411441848555897342,0.3680369596843707,785301.4114418486,785301779478808240268052,0,555585002753508385365,555.5850027535083,0.0,0,0,0,nan,0
vAMM-WETH/GHST,0.030285765746870877,0x0DFb9Cb66A18468850d6216fCc691aa20ad1e091,0xe3800a58B5535935850a10e082952Ec3577D8DCc,0x4200000000000000000000000000000000000006,0xcD2F22236DD9Dfe2356D7C543161D4d260FD9BcB,0x940181a94A35A4569E4529A3CDfB74e38FD98631,18,18,18,2505491327241781,104579775289258740286,0.002505491327241781,104.57977528925873,104582280780585982067,1484421836833762,220097201919868029877595,220097.20191986804,0.0,0,0,0,nan,0
vAMM-GNUS/AERO,4.333939587758193e-08,0x73DdDbe505F9197138785E1ccFa2988705ce4BFD,0x0BF71380275DA393bbf593546D5050bb1deEf779,0x614577036F0a024DBC1C88BA616b394DD65d105a,0x940181a94A35A4569E4529A3CDfB74e38FD98631,0x940181a94A35A4569E4529A3CDfB74e38FD98631,18,18,18,4806673462401012689,8202966777241439621,4.806673462401013,8.20296677724144,13009640239642452310,0,314962475945941748,0.31496247594594173,0.0,0,0,0,nan,0
vAMM-SOFT/WETH,0.0017102101025649986,0x28495d9ee2F7f0e6b285db0810b9657CE09a5004,0xFdcF81330bb3E101515d924B63E65842342773a5,0x04D1963C76EB1BEc59d0eEb249Ed86F736B82993,0x4200000000000000000000000000000000000006,0x940181a94A35A4569E4529A3CDfB74e38FD98631,18,18,18,40758855069188416402603,29003413318710102,40758.855069188416,0.029003413318710102,40758884072601735112705,0,12428692126053889645212,12428.692126053891,0.0,0,0,0,nan,0
vAMM-AERO/BUIDL,1.5737994635742356e-07,0x6F9793007764dC4b6334Bbeba043D33FAaFE2584,0x940c8E211cE94Ad404d31836988D850D0CbACC8F,0x940181a94A35A4569E4529A3CDfB74e38FD98631,0xdADc4F8E9d8d37294de0E02A2Ce8Cc0c90A4F6c2,0x940181a94A35A4569E4529A3CDfB74e38FD98631,18,18,18,393241220139780213,1235002385446202766105,0.3932412201397802,1235.0023854462029,1235395626666342546318,0,1143734852903520734,1.1437348529035207,0.0,0,0,0,nan,0
vAMM-WETH/KLIMA,0.006282674425099369,0xB37642E87613d8569Fd8Ec80888eA6c63684E79e,0x44A927DD8f6def04f76B00cece9804BF441dc6b1,0x4200000000000000000000000000000000000006,0xDCEFd8C8fCc492630B943ABcaB3429F12Ea9Fea2,0x940181a94A35A4569E4529A3CDfB74e38FD98631,18,18,9,822887098667,0,8.22887098667e-07,0.0,822887098667,307938055449614,45658381996854649772415,45658.38199685465,7.438319474951288e-21,339.6216320019692,0,339.6216320019692,134.4389688245474,1785369600
sAMM-PRO/AERO,5.1530089018172196e-08,0x3e1893753F410F909A40C50857fF6C9eEF2C1D88,0x95Fc882911a36E298C0dEC1e8DDC50b05599c09d,0x18dD5B087bCA9920562aFf7A0199b96B9230438b,0x940181a94A35A4569E4529A3CDfB74e38FD98631,0x940181a94A35A4569E4529A3CDfB74e38FD98631,18,8,18,45330,20464544774810315,0.0004533,0.020464544774810314,20464544774855645,0,374487094114608442,0.37448709411460845,0.0,0,0,0,nan,0
vAMM-USDC/KLIMA,0.002853565000449178,0x958682eC6282BC7E939FA8Ba9397805C214c3A09,0x950aD950D6f07491ef2c150545A6A2AB7AdC03f4,0x833589fCD6eDb6E08f4c7C32D4f71b54bdA02913,0xDCEFd8C8fCc492630B943ABcaB3429F12Ea9Fea2,0x940181a94A35A4569E4529A3CDfB74e38FD98631,18,6,9,0,0,0.0,0.0,0,139864191199266,20737850161844505854205,20737.850161844504,1.669281991931059e-20,346.17319826531633,0,346.17319826531633,59.90599580141518,1785369600
vAMM-GROW/VITA,1.812857934339585e-08,0xDaD0D8F40Bf19c295B982dB2d1Ee47eE12DA92f0,0x8AC0f40EF2c222044B857d52508E18f94cA90c45,0x321725ee44CB4bfA544CF45a5A585b925d30A58C,0x490a4B510d0Ea9f835D2dF29Eb73b4FcA5071937,0x940181a94A35A4569E4529A3CDfB74e38FD98631,18,18,18,1077374794319431325695,776335787995148299398,1077.3747943194314,776.3357879951483,1853710582314579625093,0,131746696504644157,0.13174669650464416,0.0,0,0,0,nan,0
vAMM-WETH/wrsETH,1.52696233214132e-05,0xA24382874A6FD59de45BbccFa160488647514c28,0x2da7789a6371F550caF9054694F5A5A6682903f9,0x4200000000000000000000000000000000000006,0xEDfa23602D0EC14714057867A78d01e94176BEA0,0x940181a94A35A4569E4529A3CDfB74e38FD98631,18,18,18,83251412788297567,108489698217731709,0.08325141278829756,0.1084896982177317,191741111006029276,0,110969667912743631657,110.96966791274363,0.0,0,0,0,nan,0
vAMM-WETH/XCAD,4.325143169312318e-07,0x63b9877618E27081181a59F9Ca52040Ada1332fc,0xC418D71a9c4756c54F414E128Ecc6A2448DEd100,0x4200000000000000000000000000000000000006,0x750cF88d9E0c2BCedEEC31d5FaAd6eD6E3F1abC6,0x940181a94A35A4569E4529A3CDfB74e38FD98631,18,18,18,0,0,0.0,0.0,0,21199819424,3143232095978378102,3.1432320959783784,2.4050410348491247e-20,0.07559602172882822,0,0.07559602172882822,41.57933214069809,1785369600
vAMM-BET/USDC,0.009438617873085295,0xF471D220F16Cc9c3400B5BD97d728072A87b9C75,0x34BF49C57c8a6A766c99909a3513258A3dB7E393,0x80F6BcedD3d4fa1035285affA30e38f464Db3895,0x833589fCD6eDb6E08f4c7C32D4f71b54bdA02913,0x940181a94A35A4569E4529A3CDfB74e38FD98631,18,18,6,0,0,0.0,0.0,0,462636673500315,68593721592513054494553,68593.72159251306,0.0,0,0,0,nan,0
sAMM-rgUSD/eUSD,4.357864065846165e-10,0xd7AdbF474E991f4AEbF95C0b095001ce661aAD17,0x1Efd219BFfFf88F89791Bc850b7347F6da67D933,0x8E5E9DF4F0EA39aE5270e79bbABFCc34203A3470,0xCfA3Ef56d303AE4fAabA0592388F19d7C3399FB4,0x940181a94A35A4569E4529A3CDfB74e38FD98631,18,18,18,129442143776180833743,153096003263072075303,129.44214377618084,153.09600326307208,282538147039252909046,0,3167011510478252,0.003167011510478252,0.0,0,0,0,nan,0
sAMM-USDC/rgUSD,6.36790479294173e-10,0xF8CCE695B387424122d59ae2d01fA8CE359CfB00,0xc78a90ed0E25F3bf3f000c18947C683C2351777d,0x833589fCD6eDb6E08f4c7C32D4f71b54bdA02913,0x8E5E9DF4F0EA39aE5270e79bbABFCc34203A3470,0x940181a94A35A4569E4529A3CDfB74e38FD98631,18,6,18,937132,990562339420465040,0.937132,0.990562339420465,990562339421402172,0,4627778074798720,0.00462777807479872,0.0,0,0,0,nan,0
vAMM-MAI/QI,1.1227843272434859e-07,0x1894416A511251CfDD350B80bE256F4D166dCa0e,0x893E887C3b56D5E54Dc1F0dEbA783E96197151aA,0xbf1aeA8670D2528E08334083616dD9C5F3B087aE,0xD3FDCb837DAfdb7C9C3eBD48FE22a53F6Dd3d7D7,0x940181a94A35A4569E4529A3CDfB74e38FD98631,18,18,18,62774876281594857961,542376467992154766841,62.77487628159486,542.3764679921547,605151344273749624802,0,815966453849050413,0.8159664538490504,0.0,0,0,0,nan,0
vAMM-WETH/MASA,1.1313185678795192e-06,0x33c3782446dF290bE025A24A0Ac94562E9A995D6,0x29Ff29c57474857a6F1fB6C5839CF82adA2BB6b5,0x4200000000000000000000000000000000000006,0x944824290CC12F31ae18Ef51216A223Ba4063092,0x940181a94A35A4569E4529A3CDfB74e38FD98631,18,18,18,6127015210381978,3892556690269556583890984,0.006127015210381978,3892556.6902695564,3892556696396571794272962,0,8221685835894741508,8.221685835894743,0.0,0,0,0,nan,0
vAMM-USDC/XSWAP,4.6205428134835766e-05,0xCdB55B284257fd5f879598Ba9E4B852bb0C3EDF1,0xAd978Bdbcc8a44dea4d773A8Df9fF7f73dD288d8,0x833589fCD6eDb6E08f4c7C32D4f71b54bdA02913,0x8Fe815417913a93Ea99049FC0718ee1647A2a07c,0x940181a94A35A4569E4529A3CDfB74e38FD98631,18,6,18,61533842,9033303595301776433885,61.533842,9033.303595301777,9033303595301837967727,0,335790930002739958381,335.79093000273997,0.0,0,0,0,nan,0
vAMM-WETH/stTAO,0.00020804224311920963,0x3a1d086839AF6e86f48D96CA6648b48244f91A89,0x21F1f74E4fB3f026F072B65dF81aA0f19Ee6e7d5,0x4200000000000000000000000000000000000006,0x806041B6473DA60abbe1b256d9A2749A151be6C6,0x940181a94A35A4569E4529A3CDfB74e38FD98631,18,18,9,0,0,0.0,0.0,0,10197354336379,1511915398619297663551,1511.9153986192978,0.0,0,0,0,nan,0
vAMM-HBR/USDC,8.810285615432999e-07,0x68cfB52C74827f91E1F664fFeD634F849AEce455,0xce0358DFf7Bcf904f21425f6fee7F8E6115372cd,0x416bd43Bc76D496ff49923c20eCaf86b52Ab078d,0x833589fCD6eDb6E08f4c7C32D4f71b54bdA02913,0x940181a94A35A4569E4529A3CDfB74e38FD98631,18,18,6,112866970075744938334128,25990179,112866.97007574493,25.990179,112866970075744964324307,0,6402741235862643210,6.402741235862644,0.0,0,0,0,nan,0
vAMM-wBLT/BMX,0.028973709331132903,0x61907C8C3E6ef7eD813aCc2fBbBf8C05ac0F31d5,0xeB86878fBF8329b1ED8C40d8f6736Ae7fc965Be8,0x4E74D4Db6c0726ccded4656d0BCE448876BB4C7A,0x548f93779fBC992010C07467cBaf329DD5F059B7,0x940181a94A35A4569E4529A3CDfB74e38FD98631,18,18,18,0,0,0.0,0.0,0,1420183241058141,210562031230159573546944,210562.03123015957,0.0,0,0,0,nan,0
sAMM-zunUSD/USDC,6.228594600464475e-08,0xaeb41e05E27EDa32dB13c5875834a19a2c15F70E,0xCb803c34e058cd828EE8d3732b2fAEA5cb988397,0x6ef3864876424ADE834a7C1BE8C0CF3d71208B84,0x833589fCD6eDb6E08f4c7C32D4f71b54bdA02913,0x940181a94A35A4569E4529A3CDfB74e38FD98631,18,18,6,2138329362374681249,396082,2.138329362374681,0.396082,2138329362375077331,0,452653650864703704,0.45265365086470366,0.0,0,0,0,nan,0
vAMM-CRYO/WETH,0.00016589431783470415,0x65Ee5A0ee82027D054EFeb31a1f7079C37c5DbD8,0x7ac1193Dd817aD9b0b1b57582a2542572c6baC21,0x1f4446fAAAed23090f324f051C3F8c5ce5aD1c36,0x4200000000000000000000000000000000000006,0x940181a94A35A4569E4529A3CDfB74e38FD98631,18,18,18,0,0,0.0,0.0,0,8131521141562,1205611754214804580682,1205.6117542148047,8.613344469777073e-21,10.384349335864323,0,10.384349335864323,116.09892109956235,1785369600
vAMM-pHAM/pwBLT,1.808422813391716e-05,0x03FF264046b085450649A993Cdd65dCDD01A893e,0x19b05F319aC12296CB073218E912D0816030548F,0x2C8D2FC58B80aCb3b307C165af8F3eE296e6A271,0x3Dd79d6BD927615787Cc95F2c7A77C9aC1AF26F4,0x940181a94A35A4569E4529A3CDfB74e38FD98631,18,18,18,0,0,0.0,0.0,0,886421588806,131424380827054580913,131.4243808270546,0.0,0,0,0,nan,0
vAMM-WETH/TRUF,2.143888438344468e-06,0xcE2D4E04e3d782EcB8bf2e265f421bA510F4e8F7,0xE81B7a527AA65b714cD44c034dDA915097bb3CdB,0x4200000000000000000000000000000000000006,0xB59c8912c83157a955f9D715E556257F432C35D7,0x940181a94A35A4569E4529A3CDfB74e38FD98631,18,18,18,914399454013728935,49890379878748687439887,0.9143994540137289,49890.37987874869,49891294278202701168822,0,15580383552188237583,15.580383552188238,0.0,0,0,0,nan,0
vAMM-AERO/BENJI,0.00028660135099128594,0x0f3027d68FE4E2A56860D7B18b3D80CAe8d716D1,0x2e8300243d49d81684e154821f879A5045e2d132,0x940181a94A35A4569E4529A3CDfB74e38FD98631,0xBC45647eA894030a4E9801Ec03479739FA2485F0,0x940181a94A35A4569E4529A3CDfB74e38FD98631,18,18,18,0,0,0.0,0.0,0,14048111851844,2082831781334551635980,2082.8317813345516,1.1608541699633673e-21,2.4178639586944426,0,2.4178639586944426,861.434645173008,1785369600
sAMM-rgUSD/USD3,1.3693054240504788e-07,0xD42cd5b74B6cb892eCdE3cAb2765b6bD57C83346,0x73f294Df4543E5e0B5063C0ceE8339e4295047b3,0x8E5E9DF4F0EA39aE5270e79bbABFCc34203A3470,0xEFb97aaF77993922aC4be4Da8Fbc9A2425322677,0x940181a94A35A4569E4529A3CDfB74e38FD98631,18,18,18,13156629902745990484,28490697899465598056,13.15662990274599,28.490697899465598,41647327802211588540,0,995121916104588705,0.9951219161045887,0.0,0,0,0,nan,0
vAMM-WETH/APX,3.9223438307372495e-06,0x898e0DE33B19A3494723f437734C788C2c10Ed04,0x4927B42B4B60148D60ED3b54F21FD2E57176cE83,0x4200000000000000000000000000000000000006,0xcacf1ca03983CE6c7E235fb20C70aCC70ed13509,0x940181a94A35A4569E4529A3CDfB74e38FD98631,18,18,18,607152381497232,57569095628645422048361,0.000607152381497232,57569.095628645424,57569096235797803545593,0,28505037955070384826,28.505037955070385,0.0,0,0,0,nan,0
vAMM-AERO/TRUF,1.4267209711108458e-05,0x56ae4A50252C505C2663346660Edb711648221DC,0xbC22B1450A6Bb9a7CD86c22d835f18d77077562b,0x940181a94A35A4569E4529A3CDfB74e38FD98631,0xB59c8912c83157a955f9D715E556257F432C35D7,0x940181a94A35A4569E4529A3CDfB74e38FD98631,18,18,18,7885950310810927070,135737131842022812334,7.8859503108109275,135.73713184202282,143623082152833739404,0,103684779274348791348,103.68477927434878,0.0,0,0,0,nan,0
vAMM-WETH/RWAX,0.0011464815251048884,0xd448670823ff9667848C821BeE829c642F67E064,0x4a64623FC6b1B008aA9D655F748C01f8b5552A26,0x4200000000000000000000000000000000000006,0xe0023E73aab4fE9a22f059a9d27E857E027eE3dc,0x940181a94A35A4569E4529A3CDfB74e38FD98631,18,18,18,0,0,0.0,0.0,0,56196733416295,8331880324157902185893,8331.880324157903,1.489468268606237e-20,124.10071360657842,0,124.10071360657842,67.1380532957406,1785369600
vAMM-WETH/OX,0.0024085819995315286,0xe140c5930889c4064A3d11b17Bb04fE7224a5CDC,0xD4ECF20068e5fA849Abe62F9523A90F8c073f203,0x4200000000000000000000000000000000000006,0xba0Dda8762C24dA9487f5FA026a9B64b695A07Ea,0x940181a94A35A4569E4529A3CDfB74e38FD98631,18,18,18,0,0,0.0,0.0,0,118060725423881,17504003799085797562746,17504.003799085796,1.5438535340608188e-23,0.270236181254326,0,0.270236181254326,64772.98383154823,1785369600
vAMM-BCT/USDC,0.00010782289102500688,0x77e09a5043820820390904357463BfB739a76104,0xb0FC063ff618F6110ADb3565c4F13B1A3B9527a8,0x576Bca23DcB6d94fF8E537D88b0d3E1bEaD444a2,0x833589fCD6eDb6E08f4c7C32D4f71b54bdA02913,0x940181a94A35A4569E4529A3CDfB74e38FD98631,18,18,6,2626604522150053163311,164132455,2626.604522150053,164.132455,2626604522150217295766,0,783586481380838210312,783.5864813808382,0.0,0,0,0,nan,0
vAMM-BCT/KLIMA,1.391148304487109e-06,0x6e2f9520919bd95889b27E0B2f735ac7ED149837,0x174F6439F572b1Acca20219F5Ba4c129D86d8f5a,0x576Bca23DcB6d94fF8E537D88b0d3E1bEaD444a2,0xDCEFd8C8fCc492630B943ABcaB3429F12Ea9Fea2,0x940181a94A35A4569E4529A3CDfB74e38FD98631,18,18,9,10207145769389907343,7074985939,10.207145769389907,7.074985939,10207145776464893282,0,10109958976514124564,10.109958976514124,0.0,0,0,0,nan,0
vAMM-wXCH/USDC,0.002712734259136967,0xd16Cc119b7c113660580291580cbEB588C9e2653,0x543a172C6805a7eC512188Fba90Fb9ac62ffa4D5,0x36be1d329444aeF5D28df3662Ec5B4F965Cd93E9,0x833589fCD6eDb6E08f4c7C32D4f71b54bdA02913,0x940181a94A35A4569E4529A3CDfB74e38FD98631,18,18,6,0,0,0.0,0.0,0,132969263482920,19714384142652933654947,19714.384142652932,0.0,0,0,0,nan,0
vAMM-USDC/OX,0.00011986895596988214,0x33A20Ce534aE0F2fC00BC28e7133836B34415E7B,0x271cc28Fac66b40515a31D28FB95Eed8D17e2853,0x833589fCD6eDb6E08f4c7C32D4f71b54bdA02913,0xba0Dda8762C24dA9487f5FA026a9B64b695A07Ea,0x940181a94A35A4569E4529A3CDfB74e38FD98631,18,6,18,997407023,260630062221358938021389,997.407023,260630.06222135894,260630062221359935428412,0,871129428475909888438,871.1294284759099,0.0,0,0,0,nan,0
vAMM-AERO/APX,0.0004357345229132882,0x4634274a24443fAe01B1bAcd6212C65D1283B72c,0xb023a82C4AC8fcD103876fd07EAA1dF1df5782c2,0x940181a94A35A4569E4529A3CDfB74e38FD98631,0xcacf1ca03983CE6c7E235fb20C70aCC70ed13509,0x940181a94A35A4569E4529A3CDfB74e38FD98631,18,18,18,5890101780856209741,165217832010617177518820,5.8901017808562095,165217.8320106172,165223722112398033728561,0,3166634453778410018900,3166.63445377841,0.0,0,0,0,nan,0
vAMM-WETH/SKOP,1.924308800206298e-09,0x18c55864D9BC0D7C3F6Dc18e3A1d20E50f551891,0x3FC41388699Ab1876AA48577bBa493F71845Ae02,0x4200000000000000000000000000000000000006,0x6d3B8C76c5396642960243Febf736C6BE8b60562,0x940181a94A35A4569E4529A3CDfB74e38FD98631,18,18,18,5717584580230095,984326045207167002878,0.005717584580230095,984.326045207167,984331762791747232973,0,13984621887889498,0.013984621887889497,0.0,0,0,0,nan,0
vAMM-WETH/RFL,0.006590825774052087,0x37785d5bE19D0d9559D4634a5385c72c419b25Da,0x937c527EB4f27030f6667078C64982B3202257d5,0x4200000000000000000000000000000000000006,0x6e2c81b6c2C0e02360F00a0dA694e489acB0b05e,0x940181a94A35A4569E4529A3CDfB74e38FD98631,18,18,18,0,0,0.0,0.0,0,323075392921186,47897825114760083518935,47897.82511476008,1.1959488014512074e-21,57.28334653811687,0,57.28334653811687,836.1561956386125,1785369600
vAMM-sfrxETH/wstETH,2.820208585965764e-05,0x456c166e63634D75a4B49EDEC86cB51424D4C926,0xCe7Cb6260fCBf17485cd2439B89FdDf8B0Eb39cC,0x1f55a02A049033E3419a8E2975cF3F572F4e6E9A,0xc1CBa3fCea344f92D9239c08C0568f6F2F0ee452,0x940181a94A35A4569E4529A3CDfB74e38FD98631,18,18,18,0,0,0.0,0.0,0,1382436781469,204954374866874523168,204.95437486687453,7.844374946568405e-23,0.016077389633953,0,0.016077389633953,12747.988294943236,1785369600
vAMM-USDz/WETH,4.9886011489071504e-05,0x2ce63497999F520CC2afaaadbCFC37Afd9deF4b0,0xc15B32d92E265832c87EC4b36B7e598ae2daad42,0x04D5ddf5f3a8939889F11E97f8c4BB48317F1938,0x4200000000000000000000000000000000000006,0x940181a94A35A4569E4529A3CDfB74e38FD98631,18,18,18,0,0,0.0,0.0,0,2445392866011,362539010420149402832,362.5390104201494,0.0,0,0,0,nan,0
vAMM-FUSE/WETH,1.3686013582977672e-06,0xc238f8Eaa625BAC4014FfD0E702a4B9a9d12019e,0x51Df914e8ae011028041132b6c65792c94ab9c9c,0x01facC69EC7360640AA5898E852326752801674A,0x4200000000000000000000000000000000000006,0x940181a94A35A4569E4529A3CDfB74e38FD98631,18,18,18,13608085770815338980382,36726995176430124,13608.08577081534,0.036726995176430126,13608122497810515410506,0,9946102470141171285,9.946102470141172,0.0,0,0,0,nan,0
vAMM-ION/WETH,0.0013702612329771953,0x0FAc819628a7F612AbAc1CaD939768058cc0170c,0x9b42e5F8c45222b2715F804968251c747c588fd7,0x3eE5e23eEE121094f1cFc0Ccc79d6C809Ebd22e5,0x4200000000000000000000000000000000000006,0x940181a94A35A4569E4529A3CDfB74e38FD98631,18,18,18,1761276510853694352,151630105084,1.7612765108536943,1.51630105084e-07,1761276662483799436,67169672292381,9958165357225922088410,9958.165357225922,8.970527526165905e-23,0.8932999644710686,0,0.8932999644710686,11147.616425936216,1785369600
vAMM-bsdETH/eUSD,9.267285809133113e-09,0xe593Cb44256A78E4C280CC491C201cF60e849135,0x66C48B791ffFc09f235814Ba783CbD6B8E5d72c9,0xCb327b99fF831bF8223cCEd12B1338FF3aA322Ff,0xCfA3Ef56d303AE4fAabA0592388F19d7C3399FB4,0x940181a94A35A4569E4529A3CDfB74e38FD98631,18,18,18,109172984795578,66012668495391031,0.000109172984795578,0.06601266849539103,66121841480186609,0,67348591844425798,0.0673485918444258,0.0,0,0,0,nan,0
sAMM-USDz/DOLA,3.7452126307052037e-05,0xcEa8ef6ce6235F2C2CdD13C9E8a3ED470725a638,0x528aD6E380E7B3B9D7eE3a492a52c4D3AC8f5958,0x04D5ddf5f3a8939889F11E97f8c4BB48317F1938,0x4621b7A9c75199271F773Ebd9A499dbd165c3191,0x940181a94A35A4569E4529A3CDfB74e38FD98631,18,18,18,0,0,0.0,0.0,0,1835888654042,272177638664570007413,272.17763866457,1.0693623696643964e-21,0.29105652465200443,0,0.29105652465200443,935.1367023638911,1785369600
vAMM-ZUN/USDC,3.957065885745854e-06,0x80326ED67271fB298D674c43AEF3BC437B801B0e,0xf1AE7589f6fA9345f39370Fa50CE0bFeABe2B9bf,0x1db0Fc8933f545648b54A9eE4326209a9A259643,0x833589fCD6eDb6E08f4c7C32D4f71b54bdA02913,0x940181a94A35A4569E4529A3CDfB74e38FD98631,18,18,6,24967659975940530207970,33460020,24967.65997594053,33.46002,24967659975940563667990,0,28757375215292741433,28.75737521529274,0.0,0,0,0,nan,0
vAMM-BTCB/WETH,2.74278410570741e-06,0xb22c77a609097187a7e084754E1a557B5116D3bE,0xDA14cBF0bD19fA531Fe0A6fFA8370795e7004999,0x0c41F1FC9022FEB69aF6dc666aBfE73C9FFDA7ce,0x4200000000000000000000000000000000000006,0x940181a94A35A4569E4529A3CDfB74e38FD98631,18,18,18,87572970637466222549,7219370504264130,87.57297063746623,0.00721937050426413,87580190007970486679,0,19932766837796084346,19.932766837796084,0.0,0,0,0,nan,0
vAMM-ZRO/AERO,5.865103195068121e-07,0x04c7d6172aEf0FF6fA09D21eb929a45a41C8c13e,0x6bA7c122CaEbA0cE6334e72326a5B4568571982b,0x6985884C4392D348587B19cb9eAAf157F13271cd,0x940181a94A35A4569E4529A3CDfB74e38FD98631,0x940181a94A35A4569E4529A3CDfB74e38FD98631,18,18,18,4887983624795860293,16939925894246870207,4.887983624795861,16.93992589424687,21827909519042730500,0,4262374651494972008,4.262374651494972,0.0,0,0,0,nan,0
vAMM-WETH/MIGGLES,1.3682422785759485e-07,0x27e13dfA957231A606ab7F535b34275865a66f44,0x1752286215B2b34D645515a32a23d2BD48920c37,0x4200000000000000000000000000000000000006,0xB1a03EdA10342529bBF8EB700a06C60441fEf25d,0x940181a94A35A4569E4529A3CDfB74e38FD98631,18,18,18,5661012490754501,2458583175449293399360,0.005661012490754501,2458.5831754492933,2458588836461784153861,0,994349291280988092,0.994349291280988,0.0,0,0,0,nan,0
vAMM-AERO/L2VE,0.0005090146757417025,0xFC13b664e814098F08F10bA0fb23b1Bb916F344e,0x9B49ca7C6C41f01971e2453078a357415Cb3Adda,0x940181a94A35A4569E4529A3CDfB74e38FD98631,0xA19328fb05ce6FD204D16c2a2A98F7CF434c12F4,0x940181a94A35A4569E4529A3CDfB74e38FD98631,18,18,18,35042096650850387661,1022412715630532433988806,35.04209665085039,1022412.7156305325,1022447757727183284376467,0,3699186832628554582236,3699.186832628555,0.0,0,0,0,nan,0
vAMM-JOJO/WETH,1.469451527836465e-08,0xaC8caC537EFc414C5A2f10D03BCCb13d70cE1de4,0xCeA71355737c796f4d03334fAD8Ca9013E69D345,0x0645bC5cDff2376089323Ac20Df4119e48e4BCc4,0x4200000000000000000000000000000000000006,0x940181a94A35A4569E4529A3CDfB74e38FD98631,18,18,18,7652225277939121383730,6029896960991691,7652.225277939121,0.006029896960991691,7652231307836082375421,0,106790157573313764,0.10679015757331375,0.0,0,0,0,nan,0
vAMM-WETH/PDT,0.008967408277547044,0x04e5A1c883Dafd1eAE6b11BD6d3Eb784D90ce515,0x9EedfC62b0B6C3Ede0887B6E1178305543f8C650,0x4200000000000000000000000000000000000006,0xeff2A458E464b07088bDB441C21A42AB4b61e07E,0x940181a94A35A4569E4529A3CDfB74e38FD98631,18,18,18,0,0,0.0,0.0,0,439586216205441,65169277437374700165689,65169.2774373747,5.634326603245032e-22,36.71849935796565,0,36.71849935796565,1774.8349899064433,1785369600
vAMM-AERO/PRIME,8.009114336250936e-09,0xc0f9A9a1c8354f3D00B540b4a272ac0151255854,0xEeFCB46D600f084dFdF69c33e269deE52e956341,0x940181a94A35A4569E4529A3CDfB74e38FD98631,0xfA980cEd6895AC314E7dE34Ef1bFAE90a5AdD21b,0x940181a94A35A4569E4529A3CDfB74e38FD98631,18,18,18,83254537919097273392,26929182536909850319,83.25453791909727,26.92918253690985,110183720456007123711,0,58205021791376129,0.05820502179137613,0.0,0,0,0,nan,0
vAMM-WETH/MOXIE,5.215021644827452e-05,0xc02Dc3a9b6eaD739C56CDEa716D8fEC4Ffe4C799,0xEa2c1c05C17Eed888D0027F17EE23637dfF66FEb,0x4200000000000000000000000000000000000006,0x8C9037D1Ef5c6D1f6816278C7AAF5491d24CD527,0x940181a94A35A4569E4529A3CDfB74e38FD98631,18,18,18,76032034231402955,7020371039873442115625923,0.07603203423140295,7020371.039873442,7020371115905476347028878,0,378993776010653355249,378.99377601065333,0.0,0,0,0,nan,0
vAMM-YFI/wstETH,0.08904544561046884,0x1524a14C55f097bb54F0b24383f3ae3e3743804A,0x8b87e30B3ad8BD645c3f83aea6E1156525081084,0x9EaF8C1E34F05a589EDa6BAfdF391Cf6Ad3CB239,0xc1CBa3fCea344f92D9239c08C0568f6F2F0ee452,0x940181a94A35A4569E4529A3CDfB74e38FD98631,18,18,18,0,0,0.0,0.0,0,4365031326365523,647124249272017108076056,647124.249272017,6.770455264417102e-22,438.1325780215693,0,438.1325780215693,1477.0055497679953,1785369600
vAMM-WETH/TIMI,4.428081763203979e-06,0xAcb7907c232907934B2578315dFcFa1bA60E87Af,0xe3f0820BAd87cF3bf736429a3C54a3aC78fEdFFf,0x4200000000000000000000000000000000000006,0x9bEec80e62aA257cED8b0edD8692f79EE8783777,0x940181a94A35A4569E4529A3CDfB74e38FD98631,18,18,18,2463311668529699,28728754242457873204958,0.002463311668529699,28728.75424245787,28728756705769541734657,0,32180411553711097197,32.180411553711096,0.0,0,0,0,nan,0
vAMM-EURC/USDC,6.85689175930837e-08,0xFDF5139b38525627B47538536042A7c8d2686BD9,0x1f077baf21b95314bD251b21aD1f0Cc8D5D86781,0x60a3E35Cc302bFA44Cb288Bc5a4F316Fdb1adb42,0x833589fCD6eDb6E08f4c7C32D4f71b54bdA02913,0x940181a94A35A4569E4529A3CDfB74e38FD98631,18,6,6,40938977,106279731,40.938977,106.279731,147218708,0,498314192450987272,0.49831419245098724,0.0,0,0,0,nan,0
vAMM-WETH/EURC,0.0013306862311769183,0x9DFf4b5AE4fD673213502Ab8fbf6d36015efb3E1,0x21D4eF9D2b66069f3307765A0349526f8E988294,0x4200000000000000000000000000000000000006,0x60a3E35Cc302bFA44Cb288Bc5a4F316Fdb1adb42,0x940181a94A35A4569E4529A3CDfB74e38FD98631,18,18,6,78494762260749,129410,7.8494762260749e-05,0.12941,78494762390159,65230591467415,9670560043395789653814,9670.56004339579,0.0,0,0,0,nan,0
vAMM-WETH/uSOL,2.4384646900471595e-06,0x80BEDFB71d9f447AA82184D1BEA40b33c161906e,0x2cc038D9579b88190f03f74e946477CA0434EeC5,0x4200000000000000000000000000000000000006,0x9B8Df6E244526ab5F6e6400d331DB28C8fdDdb55,0x940181a94A35A4569E4529A3CDfB74e38FD98631,18,18,18,2104602187264217,60359424097508582,0.002104602187264217,0.06035942409750858,62464026284772799,0,17721171712992919020,17.72117171299292,0.0,0,0,0,nan,0
vAMM-MODE/ION,5.691466532935812e-08,0x9E9F21e7812Bb0B47561bf619b275D91D3411721,0x7939EF558975FE95149f1613d90aFE5D22d64714,0x084382D1cc4f4DFD1769b1cC1Ac2A9b1f8365e90,0x3eE5e23eEE121094f1cFc0Ccc79d6C809Ebd22e5,0x940181a94A35A4569E4529A3CDfB74e38FD98631,18,18,18,46146071,57981681,4.6146071e-11,5.7981681e-11,104127752,0,413618684496749408,0.41361868449674943,0.0,0,0,0,nan,0
vAMM-WIF/WETH,1.3848770478397771e-08,0x0aCBE7A8486e77a0476142b54024BF487e5630B7,0x09e834dfa12d94C6366FBCc95C3523CFA77179B2,0x1fba65dE0a9cBD2D1DF82d141897042d36Bb6c86,0x4200000000000000000000000000000000000006,0x940181a94A35A4569E4529A3CDfB74e38FD98631,18,18,18,737255458288055183,119192402767018,0.7372554582880552,0.000119192402767018,737374650690822201,0,100643835714827466,0.10064383571482748,0.0,0,0,0,nan,0
vAMM-WETH/RECORD,0.0009529021907421357,0x0AA3E62f4d97C404012352E881a2D0f2712c24A2,0x8351616F224a035Aa5ee6b9f74A68659701af3e9,0x4200000000000000000000000000000000000006,0xE642657E4F43e6DcF0bd73Ef24008394574Dee28,0x940181a94A35A4569E4529A3CDfB74e38FD98631,18,18,18,0,0,0.0,0.0,0,46711827505362,6925071917896804016214,6925.071917896804,6.610032725146031e-23,0.4577495200128766,0,0.4577495200128766,15128.518141760149,1785369600
vAMM-WETH/PEGG,3.0835072105256904e-05,0x887de0c0AA6C1d5e781B17867b29734f84Dc1372,0x43dA0491ddb804A0437D4a7dFAeE1fEE1B41a856,0x4200000000000000000000000000000000000006,0x82B0E1A2374EA0198f62A48B14FFaB53DB6C1E36,0x940181a94A35A4569E4529A3CDfB74e38FD98631,18,18,18,0,0,0.0,0.0,0,1511553424149,224089202435491340072,224.08920243549133,0.0,0,0,0,nan,0
vAMM-WETH/LRDS,0.34684786037916954,0x14f7Ce67e16c435C876AFF4092eb547584121312,0x2BED28EDa5B8902FF20256ac001aa6A4bEb1cEc2,0x4200000000000000000000000000000000000006,0xB676f87A6E701f0DE8De5Ab91B56b66109766DB1,0x940181a94A35A4569E4529A3CDfB74e38FD98631,18,18,18,1120430537227671,612475491448951620978,0.001120430537227671,612.4754914489516,612476611879488848649,17004371429797250,2520664136393372424275803,2520664.1363933724,0.0,0,0,0,nan,0
vAMM-WETH/cbBTC,0.022167706968913767,0x2578365B3dfA7FfE60108e181EFb79FeDdec2319,0xAFdEBa12B6a870d6639d043030b4b49F9C7c62BB,0x4200000000000000000000000000000000000006,0xcbB7C0000aB88B473b1f5aFd9ef808440eed33Bf,0x940181a94A35A4569E4529A3CDfB74e38FD98631,18,18,8,3456310288632,0,3.456310288632e-06,0.0,3456310288632,1086681278256014,161100442947908003670995,161100.442947908,5.664428399740585e-22,91.25419242449179,0,91.25419242449179,1765.4031959267015,1785369600
vAMM-AERO/KLIMA,1.981482558214636e-08,0xf597b0EE3D51Dab24c213199E02E1b7ab9d7B5e7,0x9C25C4681666fC54c45199F8bc51C736f95F27F0,0x940181a94A35A4569E4529A3CDfB74e38FD98631,0xDCEFd8C8fCc492630B943ABcaB3429F12Ea9Fea2,0x940181a94A35A4569E4529A3CDfB74e38FD98631,18,18,9,62169973818287877640,311421239229,62.16997381828788,311.421239229,62169974129709116869,0,144001234890725212,0.14400123489072522,0.0,0,0,0,nan,0
vAMM-cbBTC/KLIMA,0.0001095921647275348,0x6CD89bc86E4a418f7f11e453384904B4493C4077,0xC913c26A4e8a79604fcd3d5a44560F5bE38aE32c,0xcbB7C0000aB88B473b1f5aFd9ef808440eed33Bf,0xDCEFd8C8fCc492630B943ABcaB3429F12Ea9Fea2,0x940181a94A35A4569E4529A3CDfB74e38FD98631,18,8,9,0,0,0.0,0.0,0,5372308187759,796444409247398156992,796.4444092473981,0.0,0,0,0,nan,1785369600
vAMM-WELS/PEGG,0.0003099950264453513,0x6D7Da1A335daBcA718E4ee5357041C96550D7563,0x076C466b97b7C0DAFacFDf855de150EB0E5adb58,0x7F62ac1e974D65Fab4A81821CA6AF659A5F46298,0x82B0E1A2374EA0198f62A48B14FFaB53DB6C1E36,0x940181a94A35A4569E4529A3CDfB74e38FD98631,18,18,18,6385837706471420034945,205864488285310416562,6385.8377064714205,205.86448828531041,6591702194756730451507,0,2252841764014064006911,2252.8417640140638,0.0,0,0,0,nan,0
sAMM-DOLA/zunUSD,1.8124716401443e-05,0x557c843afA9D8214534A2101D7B1200F1b0F6f6a,0x4C601a90a08A4660D439D8b22a11b739592263E3,0x4621b7A9c75199271F773Ebd9A499dbd165c3191,0xD5B9dDB04f20eA773C9b56607250149B26049B1F,0x940181a94A35A4569E4529A3CDfB74e38FD98631,18,18,18,3707670806605054901,9946207702829917764,3.707670806605055,9.946207702829918,13653878509434972665,0,131718623160813013160,131.71862316081302,0.0,0,0,0,nan,0
sAMM-jEUR/EURC,0.012863112923473407,0xC75799e0646470128a42D07335aB3BFa9E8Ee7C2,0x533eb2cEf740654D09764334Bd86E62F0a253d1a,0x4154550f4Db74Dc38d1FE98e1F3F28ed6daD627d,0x60a3E35Cc302bFA44Cb288Bc5a4F316Fdb1adb42,0x940181a94A35A4569E4529A3CDfB74e38FD98631,18,18,6,0,0,0.0,0.0,0,630561595345358,93480719163533209597903,93480.71916353321,6.186700594633552e-23,5.7833722083580295,0,5.7833722083580295,16163.704460943478,1785369600
vAMM-WETH/Silo,8.27392179628897e-05,0x57bd5C33c8002A634b389Ab4de5e09eC1C31Dce7,0x99c34f5E11d91BF19A40CE316C5fBEAb44259D23,0x4200000000000000000000000000000000000006,0xF734eFdE0C424BA2B547b186586dE417b0954802,0x940181a94A35A4569E4529A3CDfB74e38FD98631,18,18,18,81751481803803792,7839005929194792045514,0.08175148180380379,7839.005929194792,7839087680676595849306,0,601294697808709969488,601.29469780871,0.0,0,0,0,nan,0
vAMM-fBOMB/USX,1.240469054965978e-06,0x49d88e65ef336487a0A513ba0738b85fccaeCCb0,0xfBeD71d6F9b3Fab9dd408C0D0183f1c8937AB53b,0x74ccbe53F77b08632ce0CB91D3A545bF6B8E0979,0xc142171B138DB17a1B7Cb999C44526094a4dae05,0x940181a94A35A4569E4529A3CDfB74e38FD98631,18,18,18,3812368235314859203,60203870121188416,3.8123682353148594,0.06020387012118841,3872572105436047619,0,9014920419979920279,9.014920419979921,0.0,0,0,0,nan,0
vAMM-WMTX/WETH,0.0011748360835561616,0x1DDa8b6469df243971381f1f3F4137814ca68722,0xf2470b185647d1Fd0F432C223Ab0e80e0b23dCD3,0x3e31966d4f81C72D2a55310A6365A56A4393E98D,0x4200000000000000000000000000000000000006,0x940181a94A35A4569E4529A3CDfB74e38FD98631,18,6,18,0,0,0.0,0.0,0,57591732094580,8537942770422561394795,8537.942770422562,0.0,0,0,0,nan,0
vAMM-JARVIS/wstETH,1.024532826796999e-10,0xa5061aa5eB2e8abCE384B36a855549e8D9C8cEd5,0xc498a9a90516Ca3aD2d096BbAFaD169E7583Aa04,0x777b2839832982B35213063d850848369390EE16,0xc1CBa3fCea344f92D9239c08C0568f6F2F0ee452,0x940181a94A35A4569E4529A3CDfB74e38FD98631,18,18,18,50539034640576706,43407887641,0.050539034640576706,4.3407887641e-08,50539078048464347,0,744563668416971,0.000744563668416971,0.0,0,0,0,nan,0
vAMM-BOTTO/WETH,0.3216084586919926,0x55F618171d851d57906431ce9FEEe96Dc6f3877e,0xc6fC7E3838BCb2B0CC6da0251c4F32b8865Ed725,0x24914CB6BD01E6a0CF2a9c0478e33c25926e6a0c,0x4200000000000000000000000000000000000006,0x940181a94A35A4569E4529A3CDfB74e38FD98631,18,18,18,188375051547000156634,7993006546686788,188.37505154700017,0.007993006546686788,188383044553546843422,15786148877755737,2337240618695022886650029,2337240.6186950225,0.0,0,0,0,nan,0
vAMM-BAVA/USDC,1.1244566225313122e-06,0x2215Ae205C5F28af4103e77478D65AF1044559F6,0x73e01eC7c5b11dFDf9b140708AbB8e63f002F10f,0x3fbdE9864362CE4Abb244EbeF2EF0482ABA8eA39,0x833589fCD6eDb6E08f4c7C32D4f71b54bdA02913,0x940181a94A35A4569E4529A3CDfB74e38FD98631,18,18,6,107075855078618701079174,6369070,107075.8550786187,6.36907,107075855078618707448244,0,8171817690460003505,8.171817690460003,0.0,0,0,0,nan,0
vAMM-WETH/Neiro,2.13787012305254e-05,0xd661D3D5ad3D3DEB7E781f5C6823da8d3a3B0CE8,0xF8a98eaA0c0033DE1Fb0D9580e16A2b7343F439e,0x4200000000000000000000000000000000000006,0x5Ca35eBC4f25B042d2cAE75914c7e882E631fA9A,0x940181a94A35A4569E4529A3CDfB74e38FD98631,18,18,9,0,0,0.0,0.0,0,1047882882835,155366463600334770347,155.36646360033475,1.0144247653726687e-22,0.015760758838455086,0,0.015760758838455086,9857.803497459276,1785369600
vAMM-ICL/WETH,6.927508591538671e-08,0xf8128cB2d1e3Eb8598BF8c5B4935893f92d9ea28,0xCFD3fEd4DC3D467772d1A4B6CE87B09aE0B75282,0x12c26138b666360AB2B7A1B149dF9Cf6642CDfBf,0x4200000000000000000000000000000000000006,0x940181a94A35A4569E4529A3CDfB74e38FD98631,18,18,18,38862623747511035664763,5433508226129166,38862.62374751104,0.005433508226129166,38862629181019261793929,0,503446163460813855,0.5034461634608138,0.0,0,0,0,nan,0
vAMM-USDC/TIMI,2.708703108976001e-05,0x029A7f478D7e2539615c69472E2027E1f37034C4,0xA2B3DddCBa94c47A0A257C41ab6Ed75BaE68a634,0x833589fCD6eDb6E08f4c7C32D4f71b54bdA02913,0x9bEec80e62aA257cED8b0edD8692f79EE8783777,0x940181a94A35A4569E4529A3CDfB74e38FD98631,18,6,18,4241758,5263747000157229497060,4.241758,5263.747000157229,5263747000157233738818,0,196850883712214580785,196.85088371221457,0.0,0,0,0,nan,0
vAMM-USDC/CARV,5.932557846839344e-06,0xbe54ED1762172820d088aa676a8E2947AeEB10b0,0xCe3Dff721ef6E293664da2Bb4Dcbca563aa43055,0x833589fCD6eDb6E08f4c7C32D4f71b54bdA02913,0xc08Cd26474722cE93F4D0c34D16201461c10AA8C,0x940181a94A35A4569E4529A3CDfB74e38FD98631,18,6,18,6567621,31389493010595420575,6.567621,31.38949301059542,31389493010601988196,0,43113962949806059481,43.11396294980606,0.0,0,0,0,nan,0
vAMM-WETH/TALENT,5.2414530190780856e-08,0x53C1d63A83506623B866e880546FF87885b2120E,0x2b3197894d2D8D0355e344bda8Ece023a82C6251,0x4200000000000000000000000000000000000006,0x9a33406165f562E16C3abD82fd1185482E01b49a,0x940181a94A35A4569E4529A3CDfB74e38FD98631,18,18,18,3055128343603969,153058271197651327274,0.003055128343603969,153.05827119765132,153061326325994931243,0,380914635982986203,0.3809146359829862,0.0,0,0,0,nan,0
vAMM-WETH/VRTX,4.075096537770645e-06,0xe20eEb487186EC2e9272B9D2B5732d31e115d3e3,0x30cf555B45c81CEc2e5770CCE484De79f37e6eA6,0x4200000000000000000000000000000000000006,0xFB0c734Fc3008683c5efF45bcf8128836C4D97D0,0x940181a94A35A4569E4529A3CDfB74e38FD98631,18,18,18,3412300559351207,22475031333124869361963,0.003412300559351207,22475.03133312487,22475034745425428713170,0,29615145049100502613,29.6151450491005,0.0,0,0,0,nan,0
vAMM-WETH/YFI,3.014171445234624e-06,0xA5B1C80B6ddC11e751e405d9374265055762F66e,0x3DcB77970F4f6b6dCa82e845AAb2e2128fc280D6,0x4200000000000000000000000000000000000006,0x9EaF8C1E34F05a589EDa6BAfdF391Cf6Ad3CB239,0x940181a94A35A4569E4529A3CDfB74e38FD98631,18,18,18,0,0,0.0,0.0,0,147758915409,21905033101943243051,21.905033101943243,2.9479171913723014e-22,0.006457422365879781,0,0.006457422365879781,3392.225544620826,1785369600
vAMM-WETH/SYRUP,0.001029042811764224,0xFC42A013ebD8B160C35c6A0FE876DE4e42da262a,0x9b872778b8010F6Ebf9f230f13A7e97da09a762F,0x4200000000000000000000000000000000000006,0x688AEe022AA544f150678B8E5720b6b96a9E9a2F,0x940181a94A35A4569E4529A3CDfB74e38FD98631,18,18,18,0,0,0.0,0.0,0,50445125603870,7478412314816904141805,7478.412314816905,3.0313824540730496e-21,22.669927875459784,0,22.669927875459784,329.8824926087344,1785369600
vAMM-WETH/AIXBT,3.484729646262472e-05,0xF3E7E359b75a7223BA9D71065C57DDd4F5D8747e,0x97de0E89a077be1B2479164a876A82589eD2D3a2,0x4200000000000000000000000000000000000006,0x4F9Fd6Be4a90f2620860d680c0d4d5Fb53d1A825,0x940181a94A35A4569E4529A3CDfB74e38FD98631,18,18,18,0,0,0.0,0.0,0,1708269095132,253247433464291964587,253.24743346429196,0.0,0,0,0,nan,0
sAMM-USDC/TOSHI,5.822256525027433e-07,0xD15810D4298a9b53421988Aa14637838ed4049b0,0xB213c098473D52E27c9f0BCf1c6C42c6e8D6C1FE,0x833589fCD6eDb6E08f4c7C32D4f71b54bdA02913,0xAC1Bd2486aAf3B5C0fc3Fd868558b082a531B2B4,0x940181a94A35A4569E4529A3CDfB74e38FD98631,18,6,18,0,0,0.0,0.0,0,28543587037,4231236484917448323,4.231236484917448,0.0,0,0,0,nan,0
vAMM-WETH/VIS,1.873493597756108e-05,0xDbdfAc0F9268EF02c34Ed58c9Fab3517a98444dc,0x018b51fe7a1B422447f069c360f5759f64E72dB6,0x4200000000000000000000000000000000000006,0xFc60AA1fFCA50Ce08b3cDeC9626c0Bb9E9b09BeC,0x940181a94A35A4569E4529A3CDfB74e38FD98631,18,18,18,2654372372108749,245468203240278163917,0.002654372372108749,245.46820324027817,245470857612650272666,0,136153301233108184956,136.15330123310818,0.0,0,0,0,nan,0
vAMM-EXTRA/cbBTC,0.0009857869679977692,0x112aAB1af0393325Ae24ba4cF4555783574E16F7,0x0c807068a3b80B56Ae3547Dc1Cee72F6f0D550B6,0x2dAD3a13ef0C6366220f989157009e501e7938F8,0xcbB7C0000aB88B473b1f5aFd9ef808440eed33Bf,0x940181a94A35A4569E4529A3CDfB74e38FD98631,18,18,8,0,0,0.0,0.0,0,48326094863750,7164057041146356704178,7164.057041146357,6.819490321413929e-22,4.885521765415489,0,4.885521765415489,1466.385247090817,1785369600
vAMM-HENLO/WETH,2.8272734569929584e-07,0x9342001C286d21C7507694Cd52A9AA73C3d5ce56,0xeD34DbC85cb8D0dE1dFc53309B7837D8bda43Cba,0x23A96680Ccde03Bd4Bdd9a3e9a0Cb56A5D27F7c9,0x4200000000000000000000000000000000000006,0x940181a94A35A4569E4529A3CDfB74e38FD98631,18,18,18,307118136710491233684774758286241,40297365161557877480,307118136710491.25,40.29736516155788,307118136710531531049936316163721,0,2054678036366822742,2.0546780363668224,0.0,0,0,0,nan,0
vAMM-USDC/MCADE,0.0004366700617068559,0x1c3FCeA97a3161434901097878faF90227cD3394,0x918A82Cc55E919087944849812C44D07a7f2d5aD,0x833589fCD6eDb6E08f4c7C32D4f71b54bdA02913,0xc48823EC67720a04A9DFD8c7d109b2C3D6622094,0x940181a94A35A4569E4529A3CDfB74e38FD98631,18,6,18,15536476,8056951344593682562701,15.536476,8056.951344593683,8056951344593698099177,0,3173433339844978075641,3173.4333398449785,0.0,0,0,0,nan,0
vAMM-WETH/DOGE,2.39059119037374e-05,0x43Cdb48293FbDF1FA1dc56965AC97e0df211D7e8,0xE737086945b0288D09Dd18dCeE8C82971A0a0e04,0x4200000000000000000000000000000000000006,0x67f0870BB897F5E1c369976b4A2962d527B9562c,0x940181a94A35A4569E4529A3CDfB74e38FD98631,18,18,18,257859574130420,365839541117757914045,0.00025785957413042,365.8395411177579,365839798977332044465,0,173732583264766788665,173.7325832647668,0.0,0,0,0,nan,0
vAMM-fBOMB/uSOL,1.817439155210484e-07,0xCDD9bc6a949d18868254372f505E2829B6A0dCa0,0xe849F5aFF4654012F025F93bD6A8357d3c549e65,0x74ccbe53F77b08632ce0CB91D3A545bF6B8E0979,0x9B8Df6E244526ab5F6e6400d331DB28C8fdDdb55,0x940181a94A35A4569E4529A3CDfB74e38FD98631,18,18,18,824854799751401537,109793910705753,0.8248547997514015,0.000109793910705753,824964593662107290,0,1320796297722026642,1.3207962977220267,0.0,0,0,0,nan,0
vAMM-WETH/COOKIE,2.3698602912763052e-05,0xeD445A77E75F18B04818d940d0E490C15C6072B7,0x6cf5A745dd93e1Bf18f5893409b1B1DaCBe7cc11,0x4200000000000000000000000000000000000006,0xC0041EF357B183448B235a8Ea73Ce4E4eC8c265F,0x940181a94A35A4569E4529A3CDfB74e38FD98631,18,18,18,0,0,0.0,0.0,0,1161754189670,172225996664723527322,172.22599666472354,0.0,0,0,0,nan,0
vAMM-INTX/USDC,1.1306686230208904e-05,0xA3fCbeF28465ddBAE92F5Bf6EF2D22a6C23ea160,0x5A303807a8EC667Be61f500bF09A8ACCF1B58303,0x7D27187eb33a7B1d99258FF222633670F84fa342,0x833589fCD6eDb6E08f4c7C32D4f71b54bdA02913,0x940181a94A35A4569E4529A3CDfB74e38FD98631,18,18,6,1774686862426648745292,100732625,1774.6868624266488,100.732625,1774686862426749477917,0,82169624603663825649,82.16962460366382,0.0,0,0,0,nan,0
vAMM-AIXBT/AERO,3.0571864033140477e-06,0xEdBB53445B0Ff73852AB86C3605b3426CF9123c7,0xE741938F18152c16573465457636b5BA7078366C,0x4F9Fd6Be4a90f2620860d680c0d4d5Fb53d1A825,0x940181a94A35A4569E4529A3CDfB74e38FD98631,0x940181a94A35A4569E4529A3CDfB74e38FD98631,18,18,18,1960080198096022508470,213367748821389051960,1960.0801980960225,213.36774882138906,2173447946917411560430,0,22217637775475716303,22.217637775475716,0.0,0,0,0,nan,0
vAMM-USDC/MET,0.12311703891216752,0xdA9b1279A069A7166560f3D7f20B5b0237af8459,0x0472A241929cC4E34951bD761dFAc665c4692171,0x833589fCD6eDb6E08f4c7C32D4f71b54bdA02913,0x93dc5Cb35627A759848c7A7F0079EA7b49E435a5,0x940181a94A35A4569E4529A3CDfB74e38FD98631,18,6,18,0,0,0.0,0.0,0,6035390816336782,894734377849677314402086,894734.3778496773,4.9461486910472617e-23,44.254892718361674,0,44.254892718361674,20217.750465327546,1785369600
vAMM-cbBTC/CHAMP,0.0025488314547508404,0x32450CEBe156B2Ca77Dd517e0182409d89b723Ff,0xCFede447ca3b4885720B5a327e3BFb02078f06e8,0xcbB7C0000aB88B473b1f5aFd9ef808440eed33Bf,0xEb6d78148F001F3aA2f588997c5E102E489Ad341,0x940181a94A35A4569E4529A3CDfB74e38FD98631,18,8,18,0,0,0.0,0.0,0,124947725272762,18523245409899141445745,18523.24540989914,1.435350883268438e-21,26.587356660096773,0,26.587356660096773,696.6937573639831,1785369600
vAMM-SKI/AERO,2.9737533348295716e-07,0x9EFC401fc56c277aF2024659862A7a05892B5980,0x4A6dA782B6ca505fb82FD57784f39734D073D0D6,0x768BE13e1680b5ebE0024C42c896E3dB59ec0149,0x940181a94A35A4569E4529A3CDfB74e38FD98631,0x940181a94A35A4569E4529A3CDfB74e38FD98631,18,9,18,17508343,29546599814313960,0.017508343,0.02954659981431396,29546599831822303,0,2161130062440271853,2.161130062440272,0.0,0,0,0,nan,0
vAMM-AERO/MORPHO,0.003251181841644085,0xd433B339c5C801228E1343C678Dc26213A7B8Aac,0x3B1A591878D6B27dE5116741BCbd5f48B547D204,0x940181a94A35A4569E4529A3CDfB74e38FD98631,0xBAa5CC21fd487B8Fcc2F632f3F4E8D37262a0842,0x940181a94A35A4569E4529A3CDfB74e38FD98631,18,18,18,0,0,0.0,0.0,0,159379094661938,23627470154109600078278,23627.4701541096,2.2296881502884863e-21,52.68189022391306,0,52.68189022391306,448.4932118738738,1785369600
vAMM-MET/cbBTC,0.028248352847917452,0x5aAc53d1b18F1eAf908C223a94916B339B74309F,0x72Ee712cA4Ea8E2D3d91E0846d04EDf31485c435,0x93dc5Cb35627A759848c7A7F0079EA7b49E435a5,0xcbB7C0000aB88B473b1f5aFd9ef808440eed33Bf,0x940181a94A35A4569E4529A3CDfB74e38FD98631,18,18,8,0,0,0.0,0.0,0,1384778736758964,205290613175734078421678,205290.6131757341,0.0,0,0,0,nan,0
vAMM-VIRTUAL/AIXBT,0.0005762050600186949,0xeb3458046d3aA2fdbBbF4FEe58C755744ec42ce2,0xBE208720227e7b8832BC3DE3B75E02C187783BD8,0x0b3e328455c4059EEb9e3f84b5543F74E24e7E1b,0x4F9Fd6Be4a90f2620860d680c0d4d5Fb53d1A825,0x940181a94A35A4569E4529A3CDfB74e38FD98631,18,18,18,0,0,0.0,0.0,0,28246758255715,4187482743614877664403,4187.482743614877,9.181469252791119e-23,0.38447244057093394,0,0.38447244057093394,10891.50300967359,1785369600
vAMM-WETH/HEU,0.0008040169465228097,0xF930E1342fC23c5c7BceaE58cBbc776Eeb4cFb87,0xa936fcE0237cA8F36d66BC2605B0f28584f8036b,0x4200000000000000000000000000000000000006,0xEF22cb48B8483dF6152e1423b19dF5553BbD818b,0x940181a94A35A4569E4529A3CDfB74e38FD98631,18,18,18,0,0,0.0,0.0,0,39414436190287,5843071022369981266712,5843.071022369981,0.0,0,0,0,nan,0
vAMM-BTCB/MIGGLES,6.228594600464475e-08,0x45b09f8238B10555b0D4A46692e75afbD77faC25,0x432Dcaa35D9cD4d2b421e3815a372Dc135Be1845,0x0c41F1FC9022FEB69aF6dc666aBfE73C9FFDA7ce,0xB1a03EdA10342529bBF8EB700a06C60441fEf25d,0x940181a94A35A4569E4529A3CDfB74e38FD98631,18,18,18,1604026898471997906,8401470243220538976,1.6040268984719979,8.401470243220539,10005497141692536882,0,452653650864703704,0.45265365086470366,0.0,0,0,0,nan,0
vAMM-WETH/CXT,0.0030866435046746936,0x923BeBD9FbCAf0F85251a3d5A11BF5BFAa19942F,0x8D4b9bB3d47f27634511fb62e93CEB03e569bC26,0x4200000000000000000000000000000000000006,0xB1E1f3Cc2B6fE4420C1Ac82022b457018Eb628ff,0x940181a94A35A4569E4529A3CDfB74e38FD98631,18,18,18,0,0,0.0,0.0,0,151313128261719,22431712784849322252039,22431.712784849322,6.944926431518789e-21,155.78659502373802,0,155.78659502373802,143.99000620965677,1785369600
vAMM-WETH/SYMM,0.028502331933254573,0x3eB2a8015dE1419a5089dAb37b0056F0fc24f821,0x925bC135a96716D48aD5FE9AB553076146147785,0x4200000000000000000000000000000000000006,0x800822d361335b4d5F352Dac293cA4128b5B605f,0x940181a94A35A4569E4529A3CDfB74e38FD98631,18,18,18,0,0,0.0,0.0,0,1397238456933242,207136367597005176760702,207136.36759700516,4.0882688624870496e-22,84.68291619355077,0,84.68291619355077,2446.023081250243,1785369600
vAMM-cbETH/SPECTRA,0.00447249060326302,0xEf70044C0249a07234E07D673606e09b364dC977,0xeF495e3a8345e2E2683745Fa472640C8D360b55b,0x2Ae3F1Ec7F1F5012CFEab0185bfc7aa3cf0DEc22,0x64FCC3A02eeEba05Ef701b7eed066c6ebD5d4E51,0x940181a94A35A4569E4529A3CDfB74e38FD98631,18,18,18,0,0,0.0,0.0,0,219250753413648,32503146052788829307496,32503.146052788827,0.0,0,0,0,nan,0
vAMM-cbBTC/DEUS,0.04067970748717526,0x982534133b2B71Ab012404256Be316344Bb9f261,0x0Cf6C003718eBEe0F5C7a6C1445Cc73FE3e8fbEc,0xcbB7C0000aB88B473b1f5aFd9ef808440eed33Bf,0xDE5ed76E7c05eC5e4572CfC88d1ACEA165109E44,0x940181a94A35A4569E4529A3CDfB74e38FD98631,18,8,18,0,0,0.0,0.0,0,1994196958678675,295633594596202459457202,295633.5945962025,0.0,0,0,0,nan,0
vAMM-WETH/ODOS,5.31628840732011e-06,0xd085Ef129A79d1fDE3912cD288A0F9558b33A282,0x5e6334757f1ae0054EFd7E6f33f56F5a54799597,0x4200000000000000000000000000000000000006,0xca73ed1815e5915489570014e024b7EbE65dE679,0x940181a94A35A4569E4529A3CDfB74e38FD98631,18,18,18,25553657205616389,21541465793013749276993,0.02555365720561639,21541.46579301375,21541491346670954893382,0,38635318414264708257,38.6353184142647,0.0,0,0,0,nan,0
vAMM-VIRTUAL/GAME,2.4799728458766247e-05,0x9f7700b6030471D89c643f30b2315A670Ab13bB4,0x08d745c2193617D1d50c8703907605d7903343d8,0x0b3e328455c4059EEb9e3f84b5543F74E24e7E1b,0x1C4CcA7C5DB003824208aDDA61Bd749e55F463a3,0x940181a94A35A4569E4529A3CDfB74e38FD98631,18,18,18,32030016164061605600,1485853306916143459525,32.03001616406161,1485.8533069161435,1517883323080205065125,0,180228259300689054490,180.22825930068905,0.0,0,0,0,nan,0
vAMM-WETH/GEKKO,6.665261020107335e-08,0x1977911144b93b6f949dECFF7D7EA7E081F7F08C,0xd4c7c645D4B4e991D0eF00D652CA32e472033a95,0x4200000000000000000000000000000000000006,0xf7b0dd0B642a6ccc2fc4d8FfE2BfFb0caC8C43C8,0x940181a94A35A4569E4529A3CDfB74e38FD98631,18,18,18,148258838232767085,262479286466501920033623,0.1482588382327671,262479.28646650194,262479434725340152800708,0,484387719581685061,0.4843877195816851,0.0,0,0,0,nan,0
vAMM-Anon/USDC,0.002707093224515672,0x3667af77FF1481aca513d2C97A32C0ac31ba813D,0x0c41ADAA6489213FE6ab44A4794a8212e84a6eF4,0x79bbF4508B1391af3A0F4B30bb5FC4aa9ab0E07C,0x833589fCD6eDb6E08f4c7C32D4f71b54bdA02913,0x940181a94A35A4569E4529A3CDfB74e38FD98631,18,18,6,0,0,0.0,0.0,0,132707317172006,19673388780460102449925,19673.388780460104,0.0,0,0,0,nan,0
vAMM-WETH/FLOCK,0.00902409630800928,0x4910C78a1C75E36548F1f2f1f4dCb71A4F69fC07,0x35388feDFe7C0d8EA803f2Ae5534F357b0b361ff,0x4200000000000000000000000000000000000006,0x5aB3D4c385B400F3aBB49e80DE2fAF6a88A7B691,0x940181a94A35A4569E4529A3CDfB74e38FD98631,18,18,18,0,0,0.0,0.0,0,442394454137281,65581249087402242731812,65581.24908740225,1.0371181526536223e-21,68.01550390224367,0,68.01550390224367,964.2102950771329,1785369600
vAMM-1000X/WETH,0.0005301252974771587,0x23dA62CE083687cD72EBCBA36eEc6752fa51B715,0x7d1a8AA63DBA54E39b141098f16Dd9EccB5aDE62,0x352b850b733ab8baB50aED1Dab5D22E3186ce984,0x4200000000000000000000000000000000000006,0x940181a94A35A4569E4529A3CDfB74e38FD98631,18,18,18,0,0,0.0,0.0,0,25987841410964,3852605069221852953643,3852.605069221853,0.0,0,0,0,nan,0
vAMM-WETH/DRV,0.014238230332183367,0xaC4e562d7C6108f971321F14238E24AE2cC398ac,0x9788Bd681f47986d1008939A79f630ecA207351A,0x4200000000000000000000000000000000000006,0x9d0E8f5b25384C7310CB8C6aE32C8fbeb645d083,0x940181a94A35A4569E4529A3CDfB74e38FD98631,18,18,18,0,0,0.0,0.0,0,771091726435967,103474176040205794118651,103474.1760402058,1.344779686063508e-21,139.1499699710281,0,139.1499699710281,743.6162297537669,1785369600
vAMM-BNKR/wBLT,0.0016643793765979222,0x17c9A4b6CAD28F5074C81B056C32bAD334329f25,0x378d2D0f69C0c838DF8019f62De8a891655381B9,0x22aF33FE49fD1Fa80c7149773dDe5890D3c76F3b,0x4E74D4Db6c0726ccded4656d0BCE448876BB4C7A,0x940181a94A35A4569E4529A3CDfB74e38FD98631,18,18,18,0,0,0.0,0.0,0,81591328488847,12095624287135140782673,12095.62428713514,1.1109121225301809e-21,13.437175650148905,0,13.437175650148905,900.1612096215399,1785369600
vAMM-USDC/SEND,0.0003408114120649782,0x69bc1d350fE13F499c6AedEd2C5eA9471b2a599A,0x342D92F92b2365e15126b852A56820427Af56900,0x833589fCD6eDb6E08f4c7C32D4f71b54bdA02913,0xEab49138BA2Ea6dd776220fE26b7b8E446638956,0x940181a94A35A4569E4529A3CDfB74e38FD98631,18,6,18,0,0,0.0,0.0,0,16704972861573,2476795165253863467295,2476.795165253863,1.880826004892875e-21,4.658420755602411,0,4.658420755602411,531.6812918359008,1785369600
sAMM-Bold/USDC,2.6697089844860457e-06,0xeb754F9750e1d2CD87835592d37eE9f15c217b50,0xc6081F7DA8762D5f76E1897Bf6dcC773aa62Ae7c,0x087C440F251Ff6Cfe62B86DdE1bE558B95b4bb9b,0x833589fCD6eDb6E08f4c7C32D4f71b54bdA02913,0x940181a94A35A4569E4529A3CDfB74e38FD98631,18,18,6,456014111194025950,404731,0.45601411119402596,0.404731,456014111194430681,0,19401704495004265347,19.401704495004267,0.0,0,0,0,nan,0
vAMM-AERO/uADA,8.853230018221561e-07,0xa65bC40C8368Ac2f814b13caCC75a47A30a2ac81,0x6a1a65e681FB4a3DE02556c418f580ade8397e18,0x940181a94A35A4569E4529A3CDfB74e38FD98631,0xa3A34A0D9A08CCDDB6Ed422Ac0A28a06731335aA,0x940181a94A35A4569E4529A3CDfB74e38FD98631,18,18,18,11408842279373097503,13888891988572696362,11.408842279373097,13.888891988572697,25297734267945793865,0,6433950428230047049,6.433950428230046,0.0,0,0,0,nan,0
vAMM-wIRON/USDC,0.0012099227170556286,0x9941dfa4d724fd7a2E5E5d9777560b20de98cE0d,0x9d21b1fc0Ccd64Cff8bDf29F45eb426f97f47680,0x166e70941262AE7cBf9df5c8897A6242c546457d,0x833589fCD6eDb6E08f4c7C32D4f71b54bdA02913,0x940181a94A35A4569E4529A3CDfB74e38FD98631,18,8,6,0,0,0.0,0.0,0,59300822986494,8792929549444929510903,8792.929549444929,1.765915881392484e-20,155.2757393533006,0,155.2757393533006,56.62783887596426,1785369600
vAMM-WETH/RIZ,7.30089985016975e-05,0x04B27c418aaAD06539210ae9A0298076904Cd70B,0x055Ea0Fde71dDe3A4bb80856f5768016E99DCB3c,0x4200000000000000000000000000000000000006,0x67543CF0304C19CA62AC95ba82FD4F4B40788dc1,0x940181a94A35A4569E4529A3CDfB74e38FD98631,18,18,8,8952932891487023,1255821110424,0.008952932891487023,12558.21110424,8954188712597447,0,530581805971199915743,530.5818059711999,0.0,0,0,0,nan,0
vAMM-WETH/KTA,0.003491122890907993,0xd9eDC75a3a797Ec92Ca370F19051BAbebfb2edEe,0x0e62c181134Ca74837694a7D6d7501C3D4fe6363,0x4200000000000000000000000000000000000006,0xc0634090F2Fe6c6d75e61Be2b949464aBB498973,0x940181a94A35A4569E4529A3CDfB74e38FD98631,18,18,18,0,0,0.0,0.0,0,171114533281102,25371205280706477805990,25371.20528070648,5.0445195630073e-21,127.98554137559795,0,127.98554137559795,198.2349334777578,1785369600
vAMM-DRB/WETH,7.483167791954392e-05,0xDb6556a14976894a01085c2AbF3c85C86D1C15C8,0x0d3205883Db8C717E79C131046e21aB3C1A3eBAD,0x3ec2156D4c0A9CBdAB4a016633b7BcF6a8d68Ea2,0x4200000000000000000000000000000000000006,0x940181a94A35A4569E4529A3CDfB74e38FD98631,18,18,18,0,0,0.0,0.0,0,3668763926654,543827851761089869176,543.8278517610898,0.0,0,0,0,nan,0
vAMM-USDC/AITECH,0.0011351599992373434,0x95b9662f58d638b65Ac957ACb1365697c34c832b,0x018F92c3FeF19f88a03D4d9E700Afe9FAd496D60,0x833589fCD6eDb6E08f4c7C32D4f71b54bdA02913,0xD71552d9e08E5351AdB52163B3bbbC4d7DE53Ce1,0x940181a94A35A4569E4529A3CDfB74e38FD98631,18,6,18,0,0,0.0,0.0,0,55638949763004,8249602854744156797715,8249.602854744157,5.358902246680338e-21,44.20881527250899,0,44.20881527250899,186.60538184279565,1785369600
vAMM-BNKR/USDC,1.2538404070423674e-05,0xbd583f38ea4A388E938E7cC5Aa993CCCb91A704e,0xa8d13F77c9598cF68237d6e547ef84242592252B,0x22aF33FE49fD1Fa80c7149773dDe5890D3c76F3b,0x833589fCD6eDb6E08f4c7C32D4f71b54bdA02913,0x940181a94A35A4569E4529A3CDfB74e38FD98631,18,18,6,167291387160864425233431,84908373,167291.38716086443,84.908373,167291387160864510141804,0,91120946899817542198,91.12094689981754,0.0,0,0,0,nan,0
vAMM-OVER/USDC,0.056968555399494865,0x889339213a0CC0a795F69cae5b1Db2223f944A4E,0xD4Ab5057b2eD8f62C61F9259Ce94975D60807A7D,0x7750C092e284e2c7366f50C8306F43c7EB2e82a2,0x833589fCD6eDb6E08f4c7C32D4f71b54bdA02913,0x940181a94A35A4569E4529A3CDfB74e38FD98631,18,18,6,0,0,0.0,0.0,0,2792393548188558,414010322395143545077832,414010.3223951435,1.0637481252415338e-22,44.04027042784769,0,44.04027042784769,9400.721620759057,1785369600
vAMM-STPT/USDC,7.982913282934538e-05,0x3B85f7EaBBD2548CC5AfFb7BdF4bd2ca063404ad,0x12Cfd0322fF97062A06d36E70e24F1691a7b6517,0x4489d0a0345eCB216A3994De780d453c7fA6312C,0x833589fCD6eDb6E08f4c7C32D4f71b54bdA02913,0x940181a94A35A4569E4529A3CDfB74e38FD98631,18,18,6,50426152715321353881357,2957153923,50426.152715321354,2957.153923,50426152715324311035280,0,580146096165448435702,580.1460961654484,0.0,0,0,0,nan,0
vAMM-cbBTC/EDGE,0.09069246431429691,0x594b83709464A83F37aC77E69DDD447a8A33c0EE,0x6e64524E3620C0Cd6af727B3D9Bd998396441aD0,0xcbB7C0000aB88B473b1f5aFd9ef808440eed33Bf,0xED6E000dEF95780fb89734c07EE2ce9F6dcAf110,0x940181a94A35A4569E4529A3CDfB74e38FD98631,18,8,18,165906,676030665742452902786,0.00165906,676.0306657424529,676030665742453068692,4521579460577114,659093707507019700993045,659093.7075070197,3.241393121411345e-22,213.63818098787544,0,213.63818098787544,3085.0932378254292,1785369600
vAMM-AERO/TOWER,0.00030174909816942905,0x41fe2f2FD39E87E7e92a62E04e689bE807066A44,0xaB0666D38CB5983570c5106E5eD39523AF38f099,0x940181a94A35A4569E4529A3CDfB74e38FD98631,0xf7C1CEfCf7E1dd8161e00099facD3E1Db9e528ee,0x940181a94A35A4569E4529A3CDfB74e38FD98631,18,18,18,0,0,0.0,0.0,0,14790235560267,2192915732890022972297,2192.9157328900233,0.0,0,0,0,nan,0
vAMM-AERO/CHAMP,0.0006502967662163304,0x48a346A833775ed92bF52Dd598246e5a71f3d4A5,0x987fe7bBbfa94404d8F38D3B6F52e8c912d4F36A,0x940181a94A35A4569E4529A3CDfB74e38FD98631,0xEb6d78148F001F3aA2f588997c5E102E489Ad341,0x940181a94A35A4569E4529A3CDfB74e38FD98631,18,18,18,0,0,0.0,0.0,0,31874303567991,4725932963294510473462,4725.932963294511,0.0,0,0,0,nan,0
vAMM-AWE/USDC,0.0017338401546811927,0xcb7f520d18141E36956fE0b3A6Bc3D4F11245521,0xC7a0De60A7572e86d973B39b1deE9BE8829c8d91,0x1B4617734C43F6159F3a70b7E06d883647512778,0x833589fCD6eDb6E08f4c7C32D4f71b54bdA02913,0x940181a94A35A4569E4529A3CDfB74e38FD98631,18,18,6,0,0,0.0,0.0,0,84984195370114,12600419940217952245539,12600.419940217953,0.0,0,0,0,nan,0
sAMM-BOLD/USDC,0.00015810161420991859,0x2De3fE21d32319a1550264dA37846737885Ad7A1,0x7fDCBc8C442C667D41a1041bdc6e588393cEb6fe,0x03569CC076654F82679C4BA2124D64774781B01D,0x833589fCD6eDb6E08f4c7C32D4f71b54bdA02913,0x940181a94A35A4569E4529A3CDfB74e38FD98631,18,18,6,0,0,0.0,0.0,0,7749352461395,1148979464394517515427,1148.9794643945174,0.0,0,0,0,nan,0
sAMM-BOLD/LUSD,4.0239249123146915e-05,0xEf3EFc734a3FE0bF20762992ec839939bA3Af050,0x152cB3894E3f2160De21708439e35EFfCB408143,0x03569CC076654F82679C4BA2124D64774781B01D,0x368181499736d0c0CC614DBB145E2EC1AC86b8c6,0x940181a94A35A4569E4529A3CDfB74e38FD98631,18,18,18,0,0,0.0,0.0,0,1972353228039,292432630344708897832,292.43263034470885,0.0,0,0,0,nan,0
vAMM-WETH/APU,0.00055724574510113,0x24dFbc9e3eEDA5A4d5C8851eD4E656d306815498,0x29Ea6bdB07e55c53b32475E0836c01557803E099,0x4200000000000000000000000000000000000006,0xB9926b3fBc5873Db0182016D55727D5ae89E5EFd,0x940181a94A35A4569E4529A3CDfB74e38FD98631,18,18,18,0,0,0.0,0.0,0,27313984271087,4049698802520214644152,4049.698802520215,5.2798604959032154e-21,21.38184472773304,0,21.38184472773304,189.39894354707414,1785369600
vAMM-WETH/TLOS,0.2989166035771266,0xC3b22240657fa67b77D0f1b7A1C1012DB60D46fb,0x44B8B5521723D05E82e5DAfCE8b37a1082b6d3B2,0x4200000000000000000000000000000000000006,0x7252c865c05378Ffc15120F428dd65804dD0CE63,0x940181a94A35A4569E4529A3CDfB74e38FD98631,18,18,18,3296570397410434,489362113552837630781,0.003296570397410434,489.3621135528376,489365410123235041215,14658145900738653,2172331008718624375613306,2172331.0087186242,5.058967588680743e-22,1098.9752164993665,0,1098.9752164993665,1976.6878962368996,1785369600
vAMM-wstETH/cbBTC,4.894264883457784e-11,0xc0734F84e402D69A445D93C60aD2C72258F159b6,0x2256edefD747c76973da71475311DdAec4265CB6,0xc1CBa3fCea344f92D9239c08C0568f6F2F0ee452,0xcbB7C0000aB88B473b1f5aFd9ef808440eed33Bf,0x940181a94A35A4569E4529A3CDfB74e38FD98631,18,18,8,2189721446420,31,2.18972144642e-06,3.1e-07,2189721446451,0,355683265632808,0.000355683265632808,0.0,0,0,0,nan,0
vAMM-AERO/QI,4.8407101869657315e-05,0x44D92817E3409556E15BA0F7bD3FD48b49c907d6,0xa64343E14AAD53467E9941B17549C5ACdf7891C6,0x940181a94A35A4569E4529A3CDfB74e38FD98631,0xD3FDCb837DAfdb7C9C3eBD48FE22a53F6Dd3d7D7,0x940181a94A35A4569E4529A3CDfB74e38FD98631,18,18,18,18997704830990601,848592916755580609,0.0189977048309906,0.8485929167555806,867590621586571210,0,351791259419035277648,351.7912594190353,0.0,0,0,0,nan,0
vAMM-RIPE/WETH,4.77997017574917e-09,0x765824aD2eD0ECB70ECc25B0Cf285832b335d6A9,0x49AAAFd906FB80959721c71a297B071Fc0693A95,0x2A0a59d6B975828e781EcaC125dBA40d7ee5dDC0,0x4200000000000000000000000000000000000006,0x940181a94A35A4569E4529A3CDfB74e38FD98631,18,18,18,1956162393068542800810,4921669202976877287,1956.1623930685428,4.921669202976878,1961084062271519678097,0,34737707137271592,0.03473770713727159,0.0,0,0,0,nan,0
vAMM-WETH/LCAP,0.02457087581899767,0xb8B1a52b1893F3369eDb63aeE516F2e8B7D45A53,0xF8f03483a2Cf356F8E0d95E43eAF7C77a5524348,0x4200000000000000000000000000000000000006,0x4dA9A0f397dB1397902070f93a4D6ddBC0E0E6e8,0x940181a94A35A4569E4529A3CDfB74e38FD98631,18,18,18,0,0,0.0,0.0,0,1204367776884966,178565107505683092768817,178565.10750568312,1.0751633973557683e-22,19.198666763500825,0,19.198666763500825,9300.91186566969,1785369600
vAMM-LCAP/USDC,0.01156267525896383,0x48D1036b0308884c163cde60AD5fBf87112Ac52f,0xac2A6d7B160422e85614EA5F0bEeE562509e44A8,0x4dA9A0f397dB1397902070f93a4D6ddBC0E0E6e8,0x833589fCD6eDb6E08f4c7C32D4f71b54bdA02913,0x940181a94A35A4569E4529A3CDfB74e38FD98631,18,18,6,0,492627,0.0,0.492627,492627,566859509280071,84029985983397638567132,84029.98598339765,5.874932049544556e-22,49.367045777664266,0,49.367045777664266,1702.1473466702025,1785369600
vAMM-WETH/PHI,0.0003244962031470812,0x99ba9f844FCDC60Fc9e52af59f165cD91F86360E,0xB27773092F3D548044d6d8527d468072426603Cc,0x4200000000000000000000000000000000000006,0xFb3aD5550ca5730A6F91350032c4Da1eFdfDE3E8,0x940181a94A35A4569E4529A3CDfB74e38FD98631,18,18,18,0,0,0.0,0.0,0,15905844590307,2358226862851332283501,2358.226862851332,1.6010727819815482e-23,0.03775692843849002,0,0.03775692843849002,62458.12253221631,1785369600
vAMM-kVCM/WETH,0.0001269630602341617,0x5e710Fe3C079182a6a2be9cA3c200317d6C34A5D,0x3d4a5eAC08225e29EbbAeDE8721B23F57541Eb10,0x00fBAC94Fec8D4089d3fe979F39454F48c71A65d,0x4200000000000000000000000000000000000006,0x940181a94A35A4569E4529A3CDfB74e38FD98631,18,18,18,0,0,0.0,0.0,0,6223292736782,922684753566445476935,922.6847535664455,3.1047474132835895e-22,0.28647031019116276,0,0.28647031019116276,3220.87392913679,1785369600
vAMM-kVCM/USDC,0.05569132137091895,0x5C0D76fab1822bDeb47308eD6028231761ED723E,0x57387e4639048B67C30C911a145368bC5B33fE3b,0x00fBAC94Fec8D4089d3fe979F39454F48c71A65d,0x833589fCD6eDb6E08f4c7C32D4f71b54bdA02913,0x940181a94A35A4569E4529A3CDfB74e38FD98631,18,18,6,0,261922,0.0,0.261922,261922,2729860138456590,404728218114341501411161,404728.21811434155,1.037803370849922e-22,42.00283090371461,0,42.00283090371461,9635.736673133348,1785369600
vAMM-WETH/EDEL,0.010375545945362082,0x566beE7EF7b39f29d150AB3be6b6242C17CC5A31,0xde43127cb5381E4466A8046E1c2C2Dc2d30999D7,0x4200000000000000000000000000000000000006,0xFb31f85A8367210B2e4Ed2360D2dA9Dc2D2Ccc95,0x940181a94A35A4569E4529A3CDfB74e38FD98631,18,18,18,9047598748972464,225484452212517175420,0.009047598748972464,225.48445221251717,225493499811266147884,508674432541169,75402704031056911350408,75402.70403105691,3.8189848964597245e-21,287.9617878468291,0,287.9617878468291,261.8496870534943,1785369600
vAMM-USDC/coinage,0.0004228871555352933,0x0F9C19e1aaf9C989617b6e7154df3e6Bc5d143d2,0xC3e51aC2Ba4332b61BbEe34e57ACA96150f7E7C6,0x833589fCD6eDb6E08f4c7C32D4f71b54bdA02913,0xF4d7fD100b5B03e51261a2E6a673632eF2c68896,0x940181a94A35A4569E4529A3CDfB74e38FD98631,18,6,18,3986,18381522164506684265,0.003986,18.381522164506684,18381522164506688251,20732782954840,3073268162974770116156,3073.26816297477,1.8886658441659696e-25,0.0005804376609373143,0,0.0005804376609373143,5294742.863534961,1785369600
vAMM-FLOCK/DGLD,0.0011025889445126053,0x2b1CEd170A3cB7CFB1e21657B4BCc3Dd0594639a,0x89f0D55D0A78Ac4F50E9C3bFB61E103250AD566C,0x5aB3D4c385B400F3aBB49e80DE2fAF6a88A7B691,0xd02f50E1017F493ffFFa70c8fCf09e349e11d6c9,0x940181a94A35A4569E4529A3CDfB74e38FD98631,18,18,18,2754982414540349507586,0,2754.9824145403495,0.0,2754982414540349507586,0,8012897662330970622412,8012.897662330971,0.0,0,0,0,nan,0
sAMM-SOL/uSOL,1.4595804206800893e-05,0xA260A129622c5600E67D75B6006fB3C612cF26C3,0x351c645031Eec5596E62C93bd7Eb28B2F4674822,0x311935Cd80B76769bF2ecC9D8Ab7635b2139cf82,0x9B8Df6E244526ab5F6e6400d331DB28C8fdDdb55,0x940181a94A35A4569E4529A3CDfB74e38FD98631,18,9,18,0,0,0.0,0.0,0,715475896741,106072789855710664846,106.07278985571065,2.9247881931028735e-21,0.31024044337946477,0,0.31024044337946477,341.90510012251923,1785369600
vAMM-WBTC/USDT,7.2173896386593235e-09,0xD7f91d93d105578f96B19a247C68b5b512a07D7c,0x31d4E5b4faCC648CFD6c87d10a46473785Bb77a7,0x0555E30da8f98308EdB960aa94C0Db47230d2B9c,0xfde4C96c8593536E31F229EA8f37b2ADa2699bb2,0x940181a94A35A4569E4529A3CDfB74e38FD98631,18,8,6,4,1644,4e-08,0.001644,1648,353774127,52451282820824528,0.05245128282082453,0.0,0,0,0,nan,1785369600
vAMM-PHNM/USDC,0.0019221585042847643,0xF687f5a1A37B03fAB632AB0f9E41A62b2b0EA4D8,0x19c38452e702d749978Ecc82AB66ADDF28A37AF1,0x3fDa9cc61B1FEf8b2fFd715F0A9EeF7182e48F37,0x833589fCD6eDb6E08f4c7C32D4f71b54bdA02913,0x940181a94A35A4569E4529A3CDfB74e38FD98631,18,18,6,0,0,0.0,0.0,0,94229813649268,13968994938926579057736,13968.99493892658,0.0,0,0,0,nan,0
vAMM-OFC/USDC,9.087680899076117e-05,0x66E1031dB440890a824F0dB80489Be979BD16a86,0xB62982Dd4851C3e149529cD1bDBd88e4dDC6125C,0x752C5a95d202972E124390F30a50154409d3c858,0x833589fCD6eDb6E08f4c7C32D4f71b54bdA02913,0x940181a94A35A4569E4529A3CDfB74e38FD98631,18,18,6,0,0,0.0,0.0,0,4455557173757,660433404439820507498,660.4334044398205,0.0,0,0,0,nan,0
vAMM-VIRTUAL/FLOCK,0.001559757218016394,0xB7E0c9CaeB559429B5b8B37c118E1d2764550416,0x4aFe38a5e227fe4F04e0aEFcA6104Cf3399834Af,0x0b3e328455c4059EEb9e3f84b5543F74E24e7E1b,0x5aB3D4c385B400F3aBB49e80DE2fAF6a88A7B691,0x940181a94A35A4569E4529A3CDfB74e38FD98631,18,18,18,0,0,0.0,0.0,0,76447096723562,11335298642570903580995,11335.298642570904,1.2497561668897511e-21,14.166359382090011,0,14.166359382090011,800.1560836372463,1785369600
vAMM-FLOCK/VVV,0.003406572620796873,0xef724d142f283411f66bDe8De4d863e7295b9972,0xE6b378617777257988bF89e731a9C8cd9e0a5a8c,0x5aB3D4c385B400F3aBB49e80DE2fAF6a88A7B691,0xacfE6019Ed1A7Dc6f7B508C02d1b04ec88cC21bf,0x940181a94A35A4569E4529A3CDfB74e38FD98631,18,18,18,0,0,0.0,0.0,0,166965188322076,24756749036523544672774,24756.749036523546,1.7631751131883258e-21,43.65048378464738,0,43.65048378464738,567.1586404096378,1785369600
vAMM-GITLAWB/USDC,8.176268553971873e-06,0x8355378e9666B4002227fAB20484b6Df5c04B510,0x918D91145Ae06C1Cd93c0daFf5f4eE969f72Cf3f,0x5F980Dcfc4c0fa3911554cf5ab288ed0eb13DBa3,0x833589fCD6eDb6E08f4c7C32D4f71b54bdA02913,0x940181a94A35A4569E4529A3CDfB74e38FD98631,18,18,6,0,0,0.0,0.0,0,400804317998,59419789676625434103,59.419789676625435,0.0,0,0,0,nan,0
vAMM-AERO/CYPR,4.012280208023132e-06,0x47Eb0623Fd321808B97E3Ec6b3A658819c2aCD96,0x4Eb20FdE056aCba844deB14eb5C4DE3942f7c93B,0x940181a94A35A4569E4529A3CDfB74e38FD98631,0xD262A4c7108C8139b2B189758e8D17c3DFC91a38,0x940181a94A35A4569E4529A3CDfB74e38FD98631,18,18,18,0,0,0.0,0.0,0,263315797328,29158636914953958261,29.158636914953956,5.522211388512332e-20,1.6102015684525484,0,1.6102015684525484,18.108687437794682,1785369600
vAMM-ETHFI/AERO,4.54780919291407e-05,0x64d50f160871854B85d89c3901C55DBe74E41D27,0xBd48f2f4b8fD156e464945025dcC20b62EfA831d,0x6C240DDA6b5c336DF09A4D011139beAAa1eA2Aa2,0x940181a94A35A4569E4529A3CDfB74e38FD98631,0x940181a94A35A4569E4529A3CDfB74e38FD98631,18,18,18,0,0,0.0,0.0,0,2229503253492,330505124615929237457,330.5051246159293,1.582387985896671e-22,0.052298733846952855,0,0.052298733846952855,6319.56264148039,1785369600
vAMM-ENA/AERO,3.557584270989604e-05,0x9F2dDa28368E5716270c14C6CaFaF6B940D7f7E4,0xE7F21A7d4E3987B3492F414E45cDe0097F73dfF0,0x58538e6A46E07434d7E7375Bc268D3cb839C0133,0x940181a94A35A4569E4529A3CDfB74e38FD98631,0x940181a94A35A4569E4529A3CDfB74e38FD98631,18,18,18,0,0,0.0,0.0,0,1744133225785,258542032644443283403,258.5420326444433,2.8447880983744737e-22,0.07354972973964569,0,0.07354972973964569,3515.2003081403677,1785369600
vAMM-AERO/VVV,1.129281181360233e-05,0xE46d786F1FC1c43BfFaDc2D8704AdbdbA5B45209,0x788e7E7cF8fB92F47c17610dd200A532e8fA930e,0x940181a94A35A4569E4529A3CDfB74e38FD98631,0xacfE6019Ed1A7Dc6f7B508C02d1b04ec88cC21bf,0x940181a94A35A4569E4529A3CDfB74e38FD98631,18,18,18,0,0,0.0,0.0,0,472155436021,82068794388608325101,82.06879438860832,1.0343306461124529e-20,0.8488626912563929,0,0.8488626912563929,96.6808828258657,1785369600
vAMM-HYPE/MORPHO,3.140464882138964e-05,0x7E3C6288bE608795ac30Da107903deFD625c53cb,0x95b48aC82637Cce2E755D5D522F21A0Bef245971,0x15D0e0c55a3E7eE67152aD7E89acf164253Ff68d,0xBAa5CC21fd487B8Fcc2F632f3F4E8D37262a0842,0x940181a94A35A4569E4529A3CDfB74e38FD98631,18,18,18,0,0,0.0,0.0,0,1539637291374,228228514696812502273,228.22851469681248,9.93349153323003e-23,0.022671060183824525,0,0.022671060183824525,10066.953766002096,1785369600
vAMM-ZRO/PENDLE,2.7594218097727697e-05,0xe58DB5232C89dC338A572d6ef87C7dFb3D39DfB7,0xe92906196a7A34Ec309A2194E234E550F2e0c10b,0x6985884C4392D348587B19cb9eAAf157F13271cd,0xA99F6e6785Da0F5d6fB42495Fe424BCE029Eeb3E,0x940181a94A35A4569E4529A3CDfB74e38FD98631,18,18,18,1436081621976236,0,0.001436081621976236,0.0,1436081621976236,1352827966687,200536788246932585331,200.5367882469326,1.9594035494883136e-22,0.0392932494694026,0,0.0392932494694026,5103.593898567469,1785369600
vAMM-HYPE/AERO,3.348314607990215e-05,0x9EeCe9Af59f90111C7bb84eB78b310704BcBC588,0xD1431330558e66d86d9ee97665611F4eccDA0412,0x15D0e0c55a3E7eE67152aD7E89acf164253Ff68d,0x940181a94A35A4569E4529A3CDfB74e38FD98631,0x940181a94A35A4569E4529A3CDfB74e38FD98631,18,18,18,0,0,0.0,0.0,0,1641640090681,243333677783005443113,243.33367778300544,0.0,0,0,0,nan,0
vAMM-AERO/VELVET,1.4336813644664564e-05,0xD65D88c80007E665bE115FFB88D206C3449ED111,0x901bede59b17a93816DCA696Dbff136053931Ad4,0x940181a94A35A4569E4529A3CDfB74e38FD98631,0xbF927b841994731C573BDF09ceB0c6B0Aa887cDd,0x940181a94A35A4569E4529A3CDfB74e38FD98631,18,18,18,1851810219732907,0,0.001851810219732907,0.0,1851810219732907,702917507108,104190615288083999362,104.190615288084,3.3187181538535035e-21,0.34577928641773076,0,0.34577928641773076,301.3211588452782,1785369600
vAMM-PROS/AERO,5.734725457865826e-06,0xfbc8430728e4f114b4cD1B3A9FDd1382c133F63c,0x85C68ff71dc14A44c3d645768769aD25F8Acc0c2,0x8B7DdE054BE9D180c1Be7FaE0874697374A49832,0x940181a94A35A4569E4529A3CDfB74e38FD98631,0x940181a94A35A4569E4529A3CDfB74e38FD98631,18,18,18,0,0,0.0,0.0,0,281167002843,41676246115233599744,41.6762461152336,1.5290763917883607e-21,0.06372616403316508,0,0.06372616403316508,653.9895621764396,1785369600
vAMM-MORPHO/ZEN,5.734725457865826e-06,0x393824EA50b1A4B953A94C5743Fd08199797f363,0x4D4e89CbBf9Bac44ed956fd351e22E85D31Eb6a1,0xBAa5CC21fd487B8Fcc2F632f3F4E8D37262a0842,0xf43eB8De897Fbc7F2502483B2Bef7Bb9EA179229,0x940181a94A35A4569E4529A3CDfB74e38FD98631,18,18,18,0,0,0.0,0.0,0,281169797763,41676246115233599744,41.6762461152336,0.0,0,0,0,nan,0
vAMM-SYRUP/AERO,5.734725457865826e-06,0x592C9EB79d235236F2A4179d6A9BD4ed94BeDC07,0x5C7CefD6d3BA389E4f14f458F3AC80C779e0fcB6,0x688AEe022AA544f150678B8E5720b6b96a9E9a2F,0x940181a94A35A4569E4529A3CDfB74e38FD98631,0x940181a94A35A4569E4529A3CDfB74e38FD98631,18,18,18,0,0,0.0,0.0,0,281173563781,41676246115233599744,41.6762461152336,0.0,0,0,0,nan,0
CL-WETH/BRETT,0.4314963718522537,0x4e829F8A5213c42535AB84AA40BD4aDCCE9cBa02,0xFd73Ab1100a60Ba64686ef9dcdE36d0209773f6a,0x4200000000000000000000000000000000000006,0x532f27101965dd16442E59d40670FaF5eBB142E4,0x940181a94A35A4569E4529A3CDfB74e38FD98631,18,18,18,13236243538370406,9799450497296956707837,0.013236243538370406,9799.450497296957,9799463733540495078243,21166684952671475,3135834334750751620072275,3135834.334750752,3.249579290954016e-21,10190.142314068606,0,10190.142314068606,307.732143291207,1785369600
CL-AERO/wstETH,1.0655982692970247,0x565aecF84b5d30a6E79a5CEf3f0dA0Fc4280dEBC,0x45F8b8eC9c92D09BA8495074436fD97073423041,0x940181a94A35A4569E4529A3CDfB74e38FD98631,0xc1CBa3fCea344f92D9239c08C0568f6F2F0ee452,0x940181a94A35A4569E4529A3CDfB74e38FD98631,18,18,18,23424985235852682,118939932028766536,0.023424985235852683,0.11893993202876654,142364917264619218,52233174745122468,7744073549375625862700160,7744073.549375626,1.0060474366136316e-21,7790.905343296776,0,7790.905343296776,993.9889150416334,1785369600
CL-WETH/TOSHI,0.21205044992923436,0x74E4c08Bb50619b70550733D32b7e60424E9628e,0x527B83782B2eF0C5506e79333ca709D81644952f,0x4200000000000000000000000000000000000006,0xAC1Bd2486aAf3B5C0fc3Fd868558b082a531B2B4,0x940181a94A35A4569E4529A3CDfB74e38FD98631,18,18,18,8472794892795811,100956743503409456447610,0.008472794892795812,100956.74350340945,100956751976204349243421,10542760305559517,1541044432733079236098567,1541044.4327330792,1.3197260216764383e-21,2033.7564384374505,0,2033.7564384374505,757.7330321407978,1785369600
CL-weETH/WETH,0.06409278246894548,0xbD3cd0D9d429b41F0a2e1C026552Bd598294d5E0,0xfCfEE5f453728BaA5ffDA151f25A0e53B8C5A01C,0x04C0599Ae5A44757c0af6F9eC3b93da8976c150A,0x4200000000000000000000000000000000000006,0x940181a94A35A4569E4529A3CDfB74e38FD98631,18,18,18,93505419561745,3643324749760723,9.3505419561745e-05,0.003643324749760723,3736830169322468,3141722050107555,465784560396369206334381,465784.5603963692,1.6503625383899931e-22,76.8713389438619,0,76.8713389438619,6059.27471533344,1785369600
CL-USDC/axlUSDC,0.0032426331288002252,0x43B97febdaDaD12Afde21bAa96eb762bc26D13f3,0x956d84430523fd383E790956eEaAB5b448620cdc,0x833589fCD6eDb6E08f4c7C32D4f71b54bdA02913,0xEB466342C4d449BC9f53A865D5Cb90586f405215,0x940181a94A35A4569E4529A3CDfB74e38FD98631,18,6,6,651,1305,0.000651,0.001305,1956,158948505724446,23565343682133423573362,23565.343682133425,9.089441054641658e-22,21.419580233112395,0,21.419580233112395,1100.177661077779,1785369600
CL-WETH/NORMILIO,9.915789749871738e-06,0x2b5fD674f93E329d54371DBa980a67F3ff3BC119,0xdF628e37E89486FbeF037FBf73EBC90D1367d786,0x4200000000000000000000000000000000000006,0xcDE90558fc317C69580DeeAF3eFC509428Df9080,0x940181a94A35A4569E4529A3CDfB74e38FD98631,18,18,18,9060568056509008,26944435153605021332817,0.009060568056509007,26944.43515360502,26944444214173077841825,0,72061495720905346009,72.06149572090534,0.0,0,0,0,nan,0
CL-WETH/USD+,0.0050453070199780355,0x4D69971CCd4A636c403a3C1B00c85e99bB9B5606,0xcC2714BF50F3c7174a868bec8f4D4d284A0b07cc,0x4200000000000000000000000000000000000006,0xB79DD08EA68A908A97220C76d19A6aA9cBDE4376,0x940181a94A35A4569E4529A3CDfB74e38FD98631,18,18,6,944562030069152,1585200,0.000944562030069152,1.5852,944562031654352,247312594392474,36666002345955727922084,36666.00234595573,2.5882175458456587e-21,94.8995906078207,0,94.8995906078207,386.36628578810826,1785369600
CL-USDC/USD+,6.718335813646319e-05,0x0c1A09d5D0445047DA3Ab4994262b22404288A3B,0xeA22A3AAdA580bD75Fb6caC35034e09046cbFf72,0x833589fCD6eDb6E08f4c7C32D4f71b54bdA02913,0xB79DD08EA68A908A97220C76d19A6aA9cBDE4376,0x940181a94A35A4569E4529A3CDfB74e38FD98631,18,6,6,7261,4621,0.007261,0.004621,11882,3293217110532,488244849577353859699,488.2448495773539,0.0,0,0,0,nan,0
CL-WETH/PRIME,0.006369413635635916,0x87Cd18069B6547a0E88b6155DD657E71779500eA,0xf9f8138150F67a469Fa5437e75ad16EAAab8C09e,0x4200000000000000000000000000000000000006,0xfA980cEd6895AC314E7dE34Ef1bFAE90a5AdD21b,0x940181a94A35A4569E4529A3CDfB74e38FD98631,18,18,18,47477906096052,475208709237595433,4.7477906096052e-05,0.47520870923759545,475256187143691485,312222233254882,46288746033062149391256,46288.746033062154,0.0,0,0,0,nan,0
CL-wBLT/USDC,0.01774143691960244,0x7cE345561E1690445eEfA0dB04F59d64b65598A8,0xf00d67799Cd4E1A77D14671149b599A96DcD38eC,0x4E74D4Db6c0726ccded4656d0BCE448876BB4C7A,0x833589fCD6eDb6E08f4c7C32D4f71b54bdA02913,0x940181a94A35A4569E4529A3CDfB74e38FD98631,18,18,6,413205138758812405,1,0.41320513875881243,1e-06,413205138758812406,869667346645145,128933197749698214009173,128933.19774969821,0.0,0,0,0,nan,0
CL-WETH/doginme,0.015321496077528394,0x088c39ee29fC30DF8Adc394e9f7dEa33E3A26507,0x42d80fdf14f13CA7019FD5A77fd53F1C1f4099a6,0x4200000000000000000000000000000000000006,0x6921B130D297cc43754afba22e5EAc0FBf8Db75b,0x940181a94A35A4569E4529A3CDfB74e38FD98631,18,18,18,180935904152155,9293295653161840826333,0.000180935904152155,9293.29565316184,9293295834097744978488,751044286928970,111346645287932005166959,111346.64528793201,0.0,0,0,0,nan,0
CL-HIGHER/WETH,0.00031566500314110204,0xd9932A538e4c7621D9Ab1b45DE31a5D60E672B1c,0x63806fa58774B013458aA4C9a7FDD8a72db5Fe70,0x0578d8A44db98B23BF096A382e016e29a5Ce0ffe,0x4200000000000000000000000000000000000006,0x940181a94A35A4569E4529A3CDfB74e38FD98631,18,18,18,1155586799181970272816,210831694135536,1155.5867991819703,0.000210831694135536,1155587010013664408352,0,2294047458336471493116,2294.0474583364717,0.0,0,0,0,nan,0
CL-WETH/KEYCAT,0.009160948653218643,0xB211a9DDff3a10806c8fdb92Dbc4c34596A23F84,0xA9edd05F8d82f4050d4649FEf30bEC9378f499e7,0x4200000000000000000000000000000000000006,0x9a26F5433671751C3276a065f57e5a02D2817973,0x940181a94A35A4569E4529A3CDfB74e38FD98631,18,18,18,404945789015901,946497059709990960297,0.000404945789015901,946.4970597099909,946497464655779976198,449060486490936,66575802717265958284411,66575.80271726596,0.0,0,0,0,nan,0
CL-WETH/SPEC,0.00031158555438909807,0xfD7aBC461df4e496A25898CaB0c6EA88cDd94Cf9,0x79eFe300783f448283E54ce7caD08118A52849f6,0x4200000000000000000000000000000000000006,0x96419929d7949D6A801A6909c145C8EEf6A40431,0x940181a94A35A4569E4529A3CDfB74e38FD98631,18,18,18,3835156149505460,71102582617488668352,0.00383515614950546,71.10258261748866,71106417773638173812,0,2264400684231565880935,2264.4006842315657,0.0,0,0,0,nan,0
CL-WETH/SKI,0.004948804722120115,0xe782B72A1157b7bEa1A9452835Cce214962aD43B,0x1Dd8e44b202fe7D3E85ce7788311374E2E9df950,0x4200000000000000000000000000000000000006,0x768BE13e1680b5ebE0024C42c896E3dB59ec0149,0x940181a94A35A4569E4529A3CDfB74e38FD98631,18,18,9,8293767842365,1,8.293767842365e-06,1e-09,8293767842366,242589432523245,35964686555729739538205,35964.686555729735,6.100764251968743e-22,21.941207407245685,0,21.941207407245685,1639.1388991588974,1785369600
CL-WETH/BENJI,0.0003820253608403086,0xeBeC4772aBA30d82bC64BBB99187B4Ca29928e2E,0x6c44652cbF0fc9c31149682Eba60aA0D601B6787,0x4200000000000000000000000000000000000006,0xBC45647eA894030a4E9801Ec03479739FA2485F0,0x940181a94A35A4569E4529A3CDfB74e38FD98631,18,18,18,8710186030629,1,8.710186030629e-06,1e-18,8710186030630,18726807926264,2776311277256288763003,2776.3112772562886,7.146500621969072e-22,1.9840910269691816,0,1.9840910269691816,1399.2862421727048,1785369600
CL-DOLA/USD+,1.3705490462703257e-10,0x96331Fcb46A7757854d9E26AFf3aCA2815D623fD,0xCB4B8aeD321e22B0B87D9e41538408404433Ac70,0x4621b7A9c75199271F773Ebd9A499dbd165c3191,0xB79DD08EA68A908A97220C76d19A6aA9cBDE4376,0x940181a94A35A4569E4529A3CDfB74e38FD98631,18,18,6,4809113490617385606,9258347,4.809113490617386,9.258347,4809113490626643953,0,996025699661265,0.000996025699661265,0.0,0,0,0,nan,0
CL-USD+/USDbC,9.571955182327148e-05,0x20086910E220D5f4c9695B784d304A72a0de403B,0x7E62007c19C9b9D581354B29c57c61C41b50851a,0xB79DD08EA68A908A97220C76d19A6aA9cBDE4376,0xd9aAEc86B65D86f6A7B5B1b0c42FFA531710b6CA,0x940181a94A35A4569E4529A3CDfB74e38FD98631,18,6,6,1,1,1e-06,1e-06,2,4692153800279,695627302324444464183,695.6273023244445,0.0,0,0,0,nan,1785369600
CL-WETH/weirdo,2.94017247663729e-07,0x12CCDd646241412F2a5D44a6994Aa29086dEDC61,0xbe806f6D980FE4Ba0Af5D040A045429744C23cb8,0x4200000000000000000000000000000000000006,0x76734B57dFe834F102fB61E1eBF844Adf8DD931e,0x940181a94A35A4569E4529A3CDfB74e38FD98631,18,18,8,25679847505954015,365490005199662,0.025679847505954013,3654900.05199662,26045337511153677,0,2136725683868623334,2.1367256838686233,0.0,0,0,0,nan,0
CL-USDz/USD+,5.27674585219396e-05,0x4Ef1E503C4F1e5664ac98294d0e42ddC9c0FF961,0x958ee1605Aed682Dae998aE47AF7122C641a292C,0x04D5ddf5f3a8939889F11E97f8c4BB48317F1938,0xB79DD08EA68A908A97220C76d19A6aA9cBDE4376,0x940181a94A35A4569E4529A3CDfB74e38FD98631,18,18,6,5436264205880913222,5433998,5.436264205880914,5.433998,5436264205886347220,0,383479489017098906187,383.47948901709896,0.0,0,0,0,nan,0
CL-USDz/USDC,0.0011350182970960756,0xdE5Ff829fEF54d1BdEc957D9538A306f0EAD1368,0xE2F3C8c699A1bf30A12118B287B5208e7C6ddFEF,0x04D5ddf5f3a8939889F11E97f8c4BB48317F1938,0x833589fCD6eDb6E08f4c7C32D4f71b54bdA02913,0x940181a94A35A4569E4529A3CDfB74e38FD98631,18,18,6,166271632890959263,132142,0.16627163289095925,0.132142,166271632891091405,55638742259113,8248573055958160601219,8248.57305595816,0.0,0,0,0,nan,0
CL-WETH/RSC,0.5183664573871366,0x6cCa90E732942D73c276F73b805cA2948f6B3018,0xe3d65bd2dF47B6B39d9f58ee7368259412326A19,0x4200000000000000000000000000000000000006,0xFbB75A59193A3525a8825BeBe7D4b56899E2f7e1,0x940181a94A35A4569E4529A3CDfB74e38FD98631,18,18,18,8799958140863383,222650980128942639524,0.008799958140863384,222.65098012894265,222659780087083502907,25411142840306002,3767149485127716982939033,3767149.485127717,0.0,0,0,0,nan,0
CL-WETH/TN100x,2.6841229113757367e-06,0xF9b787C6E6111442778A9f6f8850F2d446d44a7c,0x8c5D5de27801DF39a21c396A07C4Ea02f01325B6,0x4200000000000000000000000000000000000006,0x5B5dee44552546ECEA05EDeA01DCD7Be7aa6144A,0x0000000000000000000000000000000000000000,18,18,18,0,0,0.0,0.0,0,0,19506455519086473360,19.506455519086472,0.0,0,0,0,nan,0
CL-TYBG/WETH,0.0010191894135335544,0x8d628d22d298b4a6E3DC9171d4b7aa5229e2353c,0xCc0AbE95Dc41bD7c05f4b1a2F7585A06D3eB8CD8,0x0d97F261b1e88845184f678e2d1e7a98D9FD38dE,0x4200000000000000000000000000000000000006,0x940181a94A35A4569E4529A3CDfB74e38FD98631,18,18,18,1088036111185424496326,1223324494440,1088.0361111854245,1.22332449444e-06,1088036112408748990766,49960795555361,7406804239984039045123,7406.80423998404,8.237155146070874e-22,6.10109956613241,0,6.10109956613241,1214.011369540612,1785369600
CL-USD+/sFRAX,0.00011353993089172725,0x8e62bE92c6Fb091428d0d6cBa0C0e32529B27e51,0x472b62c9A91E39C2F473BC49bF15Bd0195040E43,0xB79DD08EA68A908A97220C76d19A6aA9cBDE4376,0xe4796cCB6bB5DE2290C417Ac337F2b66CA2E770E,0x0000000000000000000000000000000000000000,18,6,18,0,0,0.0,0.0,0,0,825134200149002290933,825.1342001490023,0.0,0,0,0,nan,0
CL-TKN/USD+,2.701387159472778e-07,0x6f8e210030f6eE6933b032628a0e148a1CcfF6a6,0x72E51ee5e566d4546a3fB695cb0502A7dc6403cD,0x78b3C724A2F663D11373C4a1978689271895256f,0xB79DD08EA68A908A97220C76d19A6aA9cBDE4376,0x0000000000000000000000000000000000000000,18,18,6,0,0,0.0,0.0,0,0,1963192081955693941,1.9631920819556938,0.0,0,0,0,nan,0
CL-USDC/AERO,4.609670408628834,0xBE00fF35AF70E8415D0eB605a286D8A45466A4c1,0x430C09546ae9249AB75B9A4ef7B5FD9a4006D6f3,0x833589fCD6eDb6E08f4c7C32D4f71b54bdA02913,0x940181a94A35A4569E4529A3CDfB74e38FD98631,0x940181a94A35A4569E4529A3CDfB74e38FD98631,18,6,18,1047923617,10984018616540084771,1047.923617,10.984018616540085,10984018617588008388,225966715024025662,33500079449595784554552762,33500079.449595783,1.23582516041435e-21,41400.241059690175,0,41400.241059690175,809.1759514466577,1785369600
CL-WETH/OKAYEG,2.327863856516858e-05,0xAD04bE2b6613586f83049d5953611bAa23971340,0x1bED19abF408e7f05C0DF7c215A429321A2a171F,0x4200000000000000000000000000000000000006,0xdb6e0e5094A25a052aB6845a9f1e486B9A9B3DdE,0x0000000000000000000000000000000000000000,18,18,18,0,0,0.0,0.0,0,0,169173969564461190406,169.1739695644612,0.0,0,0,0,nan,0
CL-hyUSD/eUSD,1.460452645070308e-07,0x919e084BdC0B4b58513C6d9f2b0a3F40dABC9D6d,0x76de16EDd3e7C15ac6cE2CaD5d9bF082A6f36e94,0xCc7FF230365bD730eE4B352cC2492CEdAC49383e,0xCfA3Ef56d303AE4fAabA0592388F19d7C3399FB4,0x940181a94A35A4569E4529A3CDfB74e38FD98631,18,18,18,299989694998007,475347870263836,0.000299989694998007,0.000475347870263836,775337565261843,0,1061361774382925152,1.0613617743829251,0.0,0,0,0,nan,0
CL-USDC/eUSD,0.13021676923362208,0x988702fe529a3461ec7Fd09Eea3f962856709FD9,0xE62Adb491707513EA98B957d9Adb73D8D23e191C,0x833589fCD6eDb6E08f4c7C32D4f71b54bdA02913,0xCfA3Ef56d303AE4fAabA0592388F19d7C3399FB4,0x940181a94A35A4569E4529A3CDfB74e38FD98631,18,6,18,123631,127688314114003047,0.123631,0.12768831411400305,127688314114126678,6383243114226347,946330589456089950815320,946330.58945609,0.0,0,0,0,nan,0
CL-USDC/XPRT,7.986791331681589e-09,0x75118B598433430DA15FB1340e486461f2A7c07F,0x2cA011C7eAb0C8586E0eFe3bc0D474547f3080fA,0x833589fCD6eDb6E08f4c7C32D4f71b54bdA02913,0xc7Edf7B7b3667a06992508e7B156eff794a9e1c8,0x940181a94A35A4569E4529A3CDfB74e38FD98631,18,6,6,24746012,139943423,24.746012,139.943423,164689435,0,58042792746707986,0.05804279274670798,0.0,0,0,0,nan,0
CL-tBTC/T,0.05524939867545449,0xC35D9e6fC72e8EC2935fae56f07afaD2Ce4DCb1b,0xa8deC3aF01E62f7F0011214B520414FCbbA0cFdf,0x236aa50979D5f3De3Bd1Eeb40E81137F22ab794b,0x26f3901aC8a79c50fb0d8289C74f0d09AdC42E29,0x940181a94A35A4569E4529A3CDfB74e38FD98631,18,18,18,25871045644756,116869806205651704254,2.5871045644756e-05,116.8698062056517,116869832076697349010,2708332772620973,401516612056579388958239,401516.6120565794,0.0,0,0,0,nan,0
CL-USD+/wstETH,6.144723977487959e-06,0xa01A2513E95263b9BaCe60B573ce874E1e7a5246,0xa53bA46F4F0280b42575A3BaadAC54a61DB578d0,0xB79DD08EA68A908A97220C76d19A6aA9cBDE4376,0xc1CBa3fCea344f92D9239c08C0568f6F2F0ee452,0x940181a94A35A4569E4529A3CDfB74e38FD98631,18,6,18,42918103,17723007041494416,42.918103,0.017723007041494414,17723007084412519,0,44655848074594425342,44.655848074594424,0.0,0,0,0,nan,0
CL-DEGEN/USD+,0.0023498440848817624,0xa19acc3B4f11c46c2b1Fc36B5f592AF422Ee338c,0xFDb47B2dFcC65899E21aD86197fcEE79c38dFAB5,0x4ed4E862860beD51a9570b96d89aF5E1B0Efefed,0xB79DD08EA68A908A97220C76d19A6aA9cBDE4376,0x940181a94A35A4569E4529A3CDfB74e38FD98631,18,18,6,35170180243469713432,986845,35.170180243469716,0.986845,35170180243470700277,115189665375710,17077134927118861226450,17077.134927118863,0.0,0,0,0,nan,0
CL-PRE/AERO,1.3113872895986048e-05,0xc286ecD3910c62dF30fBBFD2C95A3043076d3912,0x35984A6297D9C88A48C20fC99D408555f882dCbF,0x3816dD4bd44c8830c2FA020A5605bAC72FA3De7A,0x940181a94A35A4569E4529A3CDfB74e38FD98631,0x940181a94A35A4569E4529A3CDfB74e38FD98631,18,18,18,10911209388122151483694,60194348291649050195,10911.209388122152,60.19434829164905,10971403736413800533889,0,95303079171360909523,95.30307917136092,0.0,0,0,0,nan,0
CL-WETH/CHOMP,0.0006443043844894445,0x0a7021C9843c2fB3b98c02Ed7f93354774286109,0x243Bc7b24dC4f2552EA9336391E79967d3387652,0x4200000000000000000000000000000000000006,0xebfF2db643Cf955247339c8c6bCD8406308ca437,0x940181a94A35A4569E4529A3CDfB74e38FD98631,18,18,18,37175337436037741,1514331291432366125480,0.03717533743603774,1514.331291432366,1514368466769802163221,0,4682384239384183133845,4682.384239384183,0.0,0,0,0,nan,0
CL-USDC/USDT,0.0199816763686652,0xa41Bc0AFfbA7Fd420d186b84899d7ab2aC57fcD1,0xBd85D45f1636fCEB2359d9Dcf839f12b3cF5AF3F,0x833589fCD6eDb6E08f4c7C32D4f71b54bdA02913,0xfde4C96c8593536E31F229EA8f37b2ADa2699bb2,0x940181a94A35A4569E4529A3CDfB74e38FD98631,18,6,6,6431321,7049162,6.431321,7.049162,13480483,979372506464056,145213797635806883856216,145213.79763580687,0.0,0,0,0,nan,0
CL-WETH/USDT,1.562759609046237,0x9785eF59E2b499fB741674ecf6fAF912Df7b3C1b,0x2c0CbF25Bb64687d11ea2E4a3dc893D56Ca39c10,0x4200000000000000000000000000000000000006,0xfde4C96c8593536E31F229EA8f37b2ADa2699bb2,0x940181a94A35A4569E4529A3CDfB74e38FD98631,18,18,6,102278474229280007,176137548,0.10227847422928,176.137548,102278474405417555,76599642970052484,11357118063293528606251773,11357118.063293528,0.0,0,0,0,nan,0
CL-BITCOIN/WETH,0.0008218259219077428,0xfD22D75b2FB405EE185155D57B0277b9DB2F8E29,0x4D046a24DA2B4C01B89Df7eAe9b4794586489769,0x2a06A17CBC6d0032Cac2c6696DA90f29D39a1a29,0x4200000000000000000000000000000000000006,0x940181a94A35A4569E4529A3CDfB74e38FD98631,18,8,18,79956648,40255342777208,0.79956648,4.0255342777208e-05,40255422733856,40282313311185,5972495045656846635552,5972.495045656847,0.0,0,0,0,nan,0
CL-WETH/PEPE,0.0015502848785378185,0x3333E1d9174720D6eC2cF815e65B82915a9eaE1e,0x399fFB6b1263a12Ed23c27BA07043f07D74c19DA,0x4200000000000000000000000000000000000006,0xB4fDe59a779991bfB6a52253B51947828b982be3,0x940181a94A35A4569E4529A3CDfB74e38FD98631,18,18,18,10924486399920515,7752887464001988127196261,0.010924486399920516,7752887.464001988,7752887474926474527116776,0,11266459854333068139299,11266.459854333069,0.0,0,0,0,nan,0
CL-USD+/USDT,8.419742010251986e-08,0xE9C137071861fbA0359eEcCB5865C2588D1Be2BE,0x9cc802bf83AED8e8C1B19d051Dd2D85e1f931973,0xB79DD08EA68A908A97220C76d19A6aA9cBDE4376,0xfde4C96c8593536E31F229EA8f37b2ADa2699bb2,0x940181a94A35A4569E4529A3CDfB74e38FD98631,18,6,6,15750221,15782347,15.750221,15.782347,31532568,0,611891960346122493,0.6118919603461225,0.0,0,0,0,nan,0
CL-BRETT/USD+,8.024865989661666e-05,0xFAD14c545E464e04c737d00643296144eb20c7F8,0x5E3F10AcAa0CE7315Fd9c29839569Ad827a6500a,0x532f27101965dd16442E59d40670FaF5eBB142E4,0xB79DD08EA68A908A97220C76d19A6aA9cBDE4376,0x940181a94A35A4569E4529A3CDfB74e38FD98631,18,18,6,1,1,1e-18,1e-06,2,3933438426052,583194945397388140862,583.1949453973881,0.0,0,0,0,nan,0
CL-EURC/USDC,0.2504656131778503,0xE846373C1a92B167b4E9cd5d8E4d6B1Db9E90EC7,0x1f6c9d116CE22b51b0BC666f86B038a6c19900B8,0x60a3E35Cc302bFA44Cb288Bc5a4F316Fdb1adb42,0x833589fCD6eDb6E08f4c7C32D4f71b54bdA02913,0x940181a94A35A4569E4529A3CDfB74e38FD98631,18,6,6,21587432,13125895,21.587432,13.125895,34713327,12276729808496576,1820220796077595158865853,1820220.796077595,0.0,0,0,0,nan,0
CL-WETH/superOETHb,0.011694413604121639,0x6446021F4E396dA3df4235C62537431372195D38,0xdD234DBe2efF53BED9E8fC0e427ebcd74ed4F429,0x4200000000000000000000000000000000000006,0xDBFeFD2e8460a6Ee4955A68582F85708BAEA60A3,0x940181a94A35A4569E4529A3CDfB74e38FD98631,18,18,18,12137719407970,18523683493806,1.213771940797e-05,1.8523683493806e-05,30661402901776,573267535027075,84987374394743436819507,84987.37439474343,0.0,0,0,0,nan,0
CL-USDC/USDC+,7.294456890901178e-07,0x8dd9751961621Fcfc394d90969E5ae0c5BAbE147,0xd030DF11Fa453A222782F6458cC71954A48EA104,0x833589fCD6eDb6E08f4c7C32D4f71b54bdA02913,0x85483696Cc9970Ad9EdD786b2C5ef735F38D156f,0x940181a94A35A4569E4529A3CDfB74e38FD98631,18,6,6,18818683,17272995,18.818683,17.272995,36091678,0,5301135736937172554,5.301135736937173,0.0,0,0,0,nan,0
CL-uDOGE/WETH,8.627712825266096e-06,0xBE700f5c75dFCbEf3Cae37873aEEB1724daED3f6,0x18835e2b9f96fb3356F6Cc91405e3368D8bF6B1e,0x12E96C2BFEA6E835CF8Dd38a5834fa61Cf723736,0x4200000000000000000000000000000000000006,0x940181a94A35A4569E4529A3CDfB74e38FD98631,18,18,18,181318990966112000912,8158314725834537,181.318990966112,0.008158314725834536,181327149280837835449,0,62700592340328215084,62.70059234032822,0.0,0,0,0,nan,0
CL-WETH/cbBTC,6.114698724909852,0x70aCDF2Ad0bf2402C957154f944c19Ef4e1cbAE1,0x41b2126661C673C2beDd208cC72E85DC51a5320a,0x4200000000000000000000000000000000000006,0xcbB7C0000aB88B473b1f5aFd9ef808440eed33Bf,0x940181a94A35A4569E4529A3CDfB74e38FD98631,18,18,8,446870266494479959,886201,0.44687026649448,0.00886201,446870266495366160,299827448106071715,44437644112554558497765934,44437644.11255456,1.6478775748726764e-21,73227.79721325147,0,73227.79721325147,606.8411969725756,1785369600
CL-USDC/cbBTC,1.80565144260963,0x4e962BB3889Bf030368F56810A9c96B83CB3E778,0x6399ed6725cC163D019aA64FF55b22149D7179A8,0x833589fCD6eDb6E08f4c7C32D4f71b54bdA02913,0xcbB7C0000aB88B473b1f5aFd9ef808440eed33Bf,0x940181a94A35A4569E4529A3CDfB74e38FD98631,18,6,8,257572832,381729,257.572832,0.00381729,257954561,88578146984273356,13122297566539621139303636,13122297.566539621,1.491873113182024e-21,19576.80292269436,0,19576.80292269436,670.298292236861,1785369600
CL-IBTC/WETH,6.868743429618656e-11,0x9f093177c5087DD280bd61a1Afab564814807014,0xC5104cbB08A30b6cB3F52E38dA8878acDE1809cF,0x12418783e860997eb99e8aCf682DF952F721cF62,0x4200000000000000000000000000000000000006,0x940181a94A35A4569E4529A3CDfB74e38FD98631,18,8,18,865,64192685218985,8.65e-06,6.4192685218985e-05,64192685219850,0,499175494587170,0.00049917549458717,0.0,0,0,0,nan,0
CL-tBTC/cbBTC,0.005504541675239279,0x138aceE5573fA09e7F215965ff60898cc33c6330,0xB57eC27f68Bd356e300D57079B6cdbe57d50830d,0x236aa50979D5f3De3Bd1Eeb40E81137F22ab794b,0xcbB7C0000aB88B473b1f5aFd9ef808440eed33Bf,0x940181a94A35A4569E4529A3CDfB74e38FD98631,18,18,8,4170336143594,1029,4.170336143594e-06,1.029e-05,4170336144623,269837896086262,40003420441718360539569,40003.420441718365,8.159856034770768e-22,32.64221517028279,0,32.64221517028279,1225.5118175355071,1785369600
CL-USD+/cbBTC,4.1537587210291965e-07,0xe05ce080119b33dd30482A6eC9b8911508AE226e,0x1e6490C37841024B9eE55F505cCB24cefa7FCE9c,0xB79DD08EA68A908A97220C76d19A6aA9cBDE4376,0xcbB7C0000aB88B473b1f5aFd9ef808440eed33Bf,0x940181a94A35A4569E4529A3CDfB74e38FD98631,18,6,8,5890970,6463,5.89097,6.463e-05,5897433,0,3018681051652900195,3.0186810516529006,0.0,0,0,0,nan,0
CL-USDz/cbBTC,3.986253151461513e-09,0x7f770A81811B58094b75CeA1dE76304aa8EAE72c,0x384Ce87727323eDeDdc95D3206399806A3da7F02,0x04D5ddf5f3a8939889F11E97f8c4BB48317F1938,0xcbB7C0000aB88B473b1f5aFd9ef808440eed33Bf,0x940181a94A35A4569E4529A3CDfB74e38FD98631,18,18,8,91955452960064316,165,0.09195545296006431,1.65e-06,91955452960064481,0,28969489235106558,0.02896948923510656,0.0,0,0,0,nan,0
CL-WETH/TRVL,3.999025759721834e-05,0x0511a888D009029781f34696996742B0a55Db585,0x1E81Aaa4aeCe5123f70bF5607876C8d28FcdF89D,0x4200000000000000000000000000000000000006,0x74aa9bB52B36a378a6E641B86d7acb76Dc9b3940,0x940181a94A35A4569E4529A3CDfB74e38FD98631,18,18,18,1,1,1e-18,1e-18,2,1960364709332,290623122253789992516,290.62312225379,0.0,0,0,0,nan,0
CL-WETH/SPX,0.029215486770967438,0x4BA1e3E9280facbAcaFA7baF4aE0b78Bea60beCa,0x9D312ED8646cE9a4eC2A44279C07CFCcfefAB012,0x4200000000000000000000000000000000000006,0x50dA645f148798F68EF2d7dB7C1CB22A6819bb2C,0x940181a94A35A4569E4529A3CDfB74e38FD98631,18,18,8,2579681862386526,979041806,0.002579681862386526,9.79041806,2579682841428332,1436589588286930,212319112046266347175547,212319.11204626635,0.0,0,0,0,nan,0
CL-WETH/uSUI,0.003908098677415272,0x5C45b0F48c326f79b56709d8F63CE2beE7697106,0xeD5355807FB4e7A04A7Ff8Bbc20cf65d425cB868,0x4200000000000000000000000000000000000006,0xb0505e5a99abd03d94a1169e638B78EDfEd26ea4,0x940181a94A35A4569E4529A3CDfB74e38FD98631,18,18,18,201696285134852,428237078553227130,0.000201696285134852,0.4282370785532271,428438774838361982,191579129220928,28401513467253507971670,28401.513467253506,0.0,0,0,0,nan,0
CL-WETH/mooBIFI,0.007810746215957865,0xb378137c90444BbceCD44a1f766851fbf53D2a9E,0x6E415053AAcDDDc8b678a806a5279A8DCDD4f6f1,0x4200000000000000000000000000000000000006,0xc55E93C62874D8100dBd2DfE307EDc1036ad5434,0x940181a94A35A4569E4529A3CDfB74e38FD98631,18,18,18,1,144278045535177,1e-18,0.000144278045535177,144278045535178,382891068773401,56763411610820595630691,56763.4116108206,0.0,0,0,0,nan,0
CL-WETH/OVN,2.7602257251671747e-08,0x1DA71Ce5Ebf772f9fdD44E29Bec53C7185E188BA,0x7a8464B293e1A035A2546Dd38fb9cF8BE4c5AB44,0x4200000000000000000000000000000000000006,0xA3d1a8DEB97B111454B294E2324EfAD13a9d8396,0x940181a94A35A4569E4529A3CDfB74e38FD98631,18,18,18,374024283034731599,733627466620651139170,0.3740242830347316,733.6274666206511,734001490903685870769,0,200595211577010362,0.20059521157701038,0.0,0,0,0,nan,0
CL-Mog/USD+,0.0006431019809532098,0x08361c463C8EC4fC1c7AddfADB006f5Ca7951fc1,0xDE199C94Fc91fA302ceae3A34c85c386966fDce5,0x2Da56AcB9Ea78330f947bD57C54119Debda7AF71,0xB79DD08EA68A908A97220C76d19A6aA9cBDE4376,0x940181a94A35A4569E4529A3CDfB74e38FD98631,18,18,6,62166630054741334678396576,31060670,62166630.05474134,31.06067,62166630054741334709457246,0,4673645954339132262636,4673.645954339132,0.0,0,0,0,nan,0
CL-WIF/USD+,3.796116823990961e-06,0x090d9C28E1Edca0e693a9e553B256E07Ca2af021,0xF36283a09895eDff51E9451cd70c64e53B5dc2Bb,0x1fba65dE0a9cBD2D1DF82d141897042d36Bb6c86,0xB79DD08EA68A908A97220C76d19A6aA9cBDE4376,0x940181a94A35A4569E4529A3CDfB74e38FD98631,18,18,6,1612328196336362748,554465,1.6123281963363627,0.554465,1612328196336917213,0,27587702358414755267,27.587702358414752,0.0,0,0,0,nan,0
CL-KEYCAT/USD+,1.489001290818516e-12,0x5D7411A51442D287d742FfefC02658D2c9865F29,0x13DBd71e42055a440337F0c3794d82cD82703e74,0x9a26F5433671751C3276a065f57e5a02D2817973,0xB79DD08EA68A908A97220C76d19A6aA9cBDE4376,0x940181a94A35A4569E4529A3CDfB74e38FD98631,18,18,6,1887650763617552605152,4588939,1887.6507636175527,4.588939,1887650763617557194091,0,10821090690041,1.0821090690041e-05,0.0,0,0,0,nan,0
CL-MIGGLES/USD+,6.876074447709001e-07,0xaeA775CB2879F54E197eC085f9bB08E4B59f1d9E,0x871f78b2C1324fbdEFC9A6Ac9Ac409C9202dEd4F,0xB1a03EdA10342529bBF8EB700a06C60441fEf25d,0xB79DD08EA68A908A97220C76d19A6aA9cBDE4376,0x940181a94A35A4569E4529A3CDfB74e38FD98631,18,18,6,1160809215427124066984,29743862,1160.8092154271242,29.743862,1160809215427153810846,0,4997082651904938879,4.997082651904939,0.0,0,0,0,nan,0
CL-USDz/BRETT,4.332944584397026e-06,0xaf61a867867A95836A08A025220F8E6879F8bAdb,0x3E3E749FD28c2Ee7C6Dd05fa2D70b1b37dba5607,0x04D5ddf5f3a8939889F11E97f8c4BB48317F1938,0x532f27101965dd16442E59d40670FaF5eBB142E4,0x940181a94A35A4569E4529A3CDfB74e38FD98631,18,18,18,1160289374943716214689,22190872905905076186278,1160.2893749437162,22190.872905905075,23351162280848792400967,0,31489016558815711239,31.48901655881571,0.0,0,0,0,nan,0
CL-USDz/DEGEN,0.0006432149775034661,0x24Ee0b4DcCE323A03fba842190CeaA451Ff7cA5B,0x9918C85E4e5937DA606d65C9935Ea3ffe4DE06A4,0x04D5ddf5f3a8939889F11E97f8c4BB48317F1938,0x4ed4E862860beD51a9570b96d89aF5E1B0Efefed,0x940181a94A35A4569E4529A3CDfB74e38FD98631,18,18,18,3079635215878880632,1960344461716029959211,3.0796352158788807,1960.3444617160299,1963424096931908839843,0,4674467139603056836599,4674.467139603057,0.0,0,0,0,nan,0
CL-WETH/DOG,7.948174034888869e-06,0x6bFdf73DC419f2d9393AF8e68459491395Ea88a2,0x85b720eFdAC1BbE7671003AB8E349945B915A611,0x4200000000000000000000000000000000000006,0x9E53e88dCff56d3062510A745952DEC4cEFDff9E,0x940181a94A35A4569E4529A3CDfB74e38FD98631,18,18,18,336059272157076,5070962617311266230988,0.000336059272157076,5070.9626173112665,5070962953370538388064,0,57762147408537370814,57.76214740853737,0.0,0,0,0,nan,0
CL-WETH/uNEAR,0.0005763856420432594,0x864cc817099761c7b7F8228822f2BDe0B74A6588,0xB95276137089404eD801c65d5Fba51BDf2c084DF,0x4200000000000000000000000000000000000006,0x5ed25E305E08F58AFD7995EaC72563E6BE65A617,0x940181a94A35A4569E4529A3CDfB74e38FD98631,18,18,18,45360251209354,30000000000000001,4.5360251209354e-05,0.030000000000000002,30045360251209355,28255035870541,4188795096046573405765,4188.795096046573,0.0,0,0,0,nan,0
CL-BOTTO/WETH,1.9636624807352063e-05,0x6641fFD33CF3eF95c75f2afC75A4791Cd2C1B448,0xa3E705674531E59718D97c5fDA03e41263F14351,0x24914CB6BD01E6a0CF2a9c0478e33c25926e6a0c,0x4200000000000000000000000000000000000006,0x940181a94A35A4569E4529A3CDfB74e38FD98631,18,18,18,272444964934697662123,11875271040603730,272.4449649346977,0.01187527104060373,272456840205738265853,0,142706187830003981871,142.70618783000398,0.0,0,0,0,nan,0
CL-WETH/CHAD,7.220670631437014e-05,0x36104bB6Ce1EdF37076f1CF6FBaBbCDF67DDff1B,0x3c63fa8945D6b2AA673a5E1B8ab70022c1796d6c,0x4200000000000000000000000000000000000006,0xecaF81Eb42cd30014EB44130b89Bcd6d4Ad98B92,0x940181a94A35A4569E4529A3CDfB74e38FD98631,18,18,18,8973478051414590,610615564668566293305682,0.00897347805141459,610615.5646685663,610615573642044344720272,0,524751269374278428145,524.7512693742784,0.0,0,0,0,nan,0
CL-USDz/KEYCAT,4.380429037717758e-05,0x2C206C7dE24787f85B5c52d2ea339aDC6D5af40F,0xE7CfAea003D352B7c94a255566Da36b2DcE39B88,0x04D5ddf5f3a8939889F11E97f8c4BB48317F1938,0x9a26F5433671751C3276a065f57e5a02D2817973,0x940181a94A35A4569E4529A3CDfB74e38FD98631,18,18,18,1,1,1e-18,1e-18,2,2147332802224,318341026100629931112,318.3410261006299,0.0,0,0,0,nan,0
CL-WETH/uAPT,4.519466957539886e-05,0xa88C07bD10813CF9B4111DeAb984c4026F2C83bf,0x27149E8aEf0331487B97D2D80ef88D7EAB9E026E,0x4200000000000000000000000000000000000006,0x9c0e042d65a2e1fF31aC83f404E5Cb79F452c337,0x940181a94A35A4569E4529A3CDfB74e38FD98631,18,18,18,1,1,1e-18,1e-18,2,2215490666081,328445395714190363285,328.44539571419034,0.0,0,0,0,nan,0
CL-VIRTUAL/WETH,0.34953659861035985,0xC200F21EfE67c7F41B81A854c26F9cdA80593065,0xBDA319Bc7Cc8F0829df39eC0FFF5D1E061FFadf7,0x0b3e328455c4059EEb9e3f84b5543F74E24e7E1b,0x4200000000000000000000000000000000000006,0x940181a94A35A4569E4529A3CDfB74e38FD98631,18,18,18,42236101236967500499,9542657000150428,42.2361012369675,0.009542657000150428,42245643893967650927,17132117763521818,2540204133048107925701048,2540204.133048108,1.0316607208154297e-21,2620.628826918745,0,2620.628826918745,969.3109176528452,1785369600
CL-WETH/uSEI,3.924828645558193e-05,0x859c91f9Fe1EC10e38a7CCaD0B87f0aAE0b88cFE,0x4C74464A878947AF6fb4c2aFdd10799529cAe732,0x4200000000000000000000000000000000000006,0x71a67215a2025F501f386A49858A9ceD2FC0249d,0x940181a94A35A4569E4529A3CDfB74e38FD98631,18,18,18,1,1,1e-18,1e-18,2,1923707823943,285230959693187203945,285.23095969318723,6.315063552980316e-22,0.18012516377400442,0,0.18012516377400442,1583.5153385401204,1785369600
CL-EIGEN/WETH,0.014681736564291519,0x3c5428b3D6e07f6de38b0c7F84ea9d30b3b27231,0xBf53D46947cED25cefb63a2b09C7a99C1ab96830,0x2081Ab0D9EC9e4303234Ab26D86b20B3367946ee,0x4200000000000000000000000000000000000006,0x940181a94A35A4569E4529A3CDfB74e38FD98631,18,18,18,9077177760373931382,751248553867101,9.077177760373932,0.000751248553867101,9077929008927798483,719607759940802,106697290209974240931871,106697.29020997424,1.3888938246687352e-21,148.1912074815211,0,148.1912074815211,719.9974413008207,1785369600
CL-WETH/LUNA,0.0014095276065250963,0xB6b777577A05D85FFca7D9EBC7476Fb344B92445,0x9C590e540B6D2b602565d00eB47023a2Ea66f4E0,0x4200000000000000000000000000000000000006,0x55cD6469F597452B5A7536e2CD98fDE4c1247ee4,0x940181a94A35A4569E4529A3CDfB74e38FD98631,18,18,18,1,1,1e-18,1e-18,2,69086309992321,10243527762114967950297,10243.527762114967,1.3745255652763257e-21,14.079990787644812,0,14.079990787644812,727.5237545683382,1785369600
CL-WETH/MOODENG,4.7811023757407784e-05,0xCE8893c143059E7359d261a7AE4bAb7273CD0C27,0xcc8C372072c8F0B42186020326f8C91301fB0A8f,0x4200000000000000000000000000000000000006,0x81893B6D44151716CEeEc730d8d89114C959a079,0x940181a94A35A4569E4529A3CDfB74e38FD98631,18,18,6,6741883966439453,134658236,0.006741883966439453,134.658236,6741884101097689,0,347459352287205469396,347.45935228720543,0.0,0,0,0,nan,0
CL-POPCAT/WETH,0.0001694811712233468,0x5D332dC44faC918e66D335fB874FdcDab73560C2,0x3d806C3a4ACBb6c3CF1C0389131421a36DfCEd85,0x13281AE464191bC592c6E5D65EeeAEee02660D84,0x4200000000000000000000000000000000000006,0x940181a94A35A4569E4529A3CDfB74e38FD98631,18,9,18,170999140692,35755777014012884,170.999140692,0.035755777014012884,35755948013153576,0,1231678666345583811085,1231.6786663455837,0.0,0,0,0,nan,0
CL-NEIRO/WETH,2.7182598414191518e-08,0xaEF61f2410B14626157C950cEeE2Ddac90195250,0xa4a99F0C9FFb071Cb85B106c6e85167e60666442,0x2545D6738E3f072c430Af027B94b62847234cE3D,0x4200000000000000000000000000000000000006,0x0000000000000000000000000000000000000000,18,9,18,0,0,0.0,0.0,0,0,197545404725093932,0.1975454047250939,0.0,0,0,0,nan,0
CL-WETH/msETH,2.8817174556944254,0x74F72788F4814D7fF3C49B44684aa98Eee140C0E,0x4f665e05d23a5AB1D1A581e8040B585Fb4d0453d,0x4200000000000000000000000000000000000006,0x7Ba6F01772924a82D9626c126347A28299E98c98,0x940181a94A35A4569E4529A3CDfB74e38FD98631,18,18,18,22500670458555692,623273506409527023,0.02250067045855569,0.6232735064095271,645774176868082715,141350968087746089,20942443853760430151778086,20942443.85376043,0.0,0,0,0,nan,0
CL-msUSD/USDC,3.6160902858026853,0x7501bc8Bb51616F79bfA524E464fb7B41f0B10fB,0x3d86AED6eCC8dAf71C8b50d06f38455b663265d8,0x526728DBc96689597F85ae4cd716d4f7fCcBAE9d,0x833589fCD6eDb6E08f4c7C32D4f71b54bdA02913,0x940181a94A35A4569E4529A3CDfB74e38FD98631,18,18,6,1394465302137317943264,304130567,1394.4653021373178,304.130567,1394465302137622073831,177305543196378701,26279386839575560413167329,26279386.83957556,0.0,0,0,0,nan,0
CL-LOGX/USDC,1.1593954212056154e-05,0x68ae3F59217490F3E02b8076aE117c9f9Dc0fEbE,0xf661ede7D6318e43fCF252351A05C3ce377F1E9D,0x04055057677807D2a53d2b25a80FF3b4d932aE1a,0x833589fCD6eDb6E08f4c7C32D4f71b54bdA02913,0x940181a94A35A4569E4529A3CDfB74e38FD98631,18,18,6,1115717968421184341278,9902661,1115.7179684211844,9.902661,1115717968421194243939,0,84257301023477632445,84.25730102347762,0.0,0,0,0,nan,0
CL-WETH/ElonRWA,1.9823284690049623e-07,0x5Ca1C5d0db6c558ca0a4c1Bb7792831aB5805672,0x6c58108057d0Cb05D36518B2642DAaAEDe49828D,0x4200000000000000000000000000000000000006,0xAa6Cccdce193698D33deb9ffd4be74eAa74c4898,0x940181a94A35A4569E4529A3CDfB74e38FD98631,18,18,18,29382599356424,990172274954335650051,2.9382599356424e-05,990.1722749543356,990172304336935006475,0,1440627101724073089,1.4406271017240733,0.0,0,0,0,nan,0
CL-uXRP/WETH,0.01032477029118308,0x61C6e9E93592e535Efc1BEE07f491A517e98f6d0,0x4b9C4828A512ed379b8F2b656aCc839A62265ADb,0x2615a94df961278DcbC41Fb0a54fEc5f10a693aE,0x4200000000000000000000000000000000000006,0x940181a94A35A4569E4529A3CDfB74e38FD98631,18,18,18,55943259774577236,64965666852261,0.05594325977457724,6.4965666852261e-05,56008225441429497,506078050129460,75033699677531393836657,75033.6996775314,2.7655793490030677e-21,207.51165030747896,0,207.51165030747896,361.5878894816302,1785369600
CL-SEKOIA/WETH,0.0001795167580291671,0x52f38A65DAb3Cf23478cc567110BEC90162aB832,0x0592D3036ed8BFDF4545410EDfc7F075227324A2,0x1185cB5122Edad199BdBC0cbd7a0457E448f23c7,0x4200000000000000000000000000000000000006,0x940181a94A35A4569E4529A3CDfB74e38FD98631,18,18,18,15455099512202788240692,1100851006948122,15455.099512202789,0.001100851006948122,15455100613053795188814,0,1304610768972482379948,1304.6107689724824,0.0,0,0,0,nan,0
CL-cbBTC/LBTC,0.0007998546468734032,0xA44D3Bb767d953711EA4Bce8C0F01f4d7D299aF6,0xc3f97660D0b47F0E05C3c513f73eeff7c1bd6c7a,0xcbB7C0000aB88B473b1f5aFd9ef808440eed33Bf,0xecAc9C5F704e954931349Da37F60E39f515c11c1,0x940181a94A35A4569E4529A3CDfB74e38FD98631,18,8,8,31,3,3.1e-07,3e-08,34,39206001706287,5812822141953904034824,5812.822141953904,0.0,0,0,0,nan,1785369600
CL-USDC/AVAIL,0.00019241537241725646,0xFf0df9b15C29542fa5d7eFe169452507b4d648C2,0x63F2328a30DFbf8dDC137318181D887d98d06514,0x833589fCD6eDb6E08f4c7C32D4f71b54bdA02913,0xd89d90d26B48940FA8F58385Fe84625d468E057a,0x940181a94A35A4569E4529A3CDfB74e38FD98631,18,6,18,516907,204122253659079860600,0.516907,204.12225365907986,204122253659080377507,9431910887976,1398349489637160750220,1398.3494896371606,1.6421413092176907e-20,22.962874616566566,0,22.962874616566566,60.89609915948073,1785369600
CL-CLANKER/WETH,0.16586697554328036,0xd23FE2DB317e1A96454a2D1c7e8fc0DbF19BB000,0xeE096FdD7fe7a759F3e8B0855B02976cf0FD25F9,0x1bc0c42215582d5A085795f4baDbaC3ff36d1Bcb,0x4200000000000000000000000000000000000006,0x940181a94A35A4569E4529A3CDfB74e38FD98631,18,18,18,1325463897797461825,13059168275869328,1.3254638977974618,0.013059168275869329,1338523066073331153,8138067104791064,1205413048265390910338522,1205413.0482653908,3.712421470994111e-21,4475.001281796897,0,4475.001281796897,269.3659671492581,1785369600
CL-SEAM/USDC,0.0017149006344849926,0x948e80fBB383694b462f79557a3A44a25416dc72,0x843b7a6e1aa033572d72df5b318Fc90a37Eaa2fb,0x1C7a460413dD4e964f96D8dFC56E7223cE88CD85,0x833589fCD6eDb6E08f4c7C32D4f71b54bdA02913,0x940181a94A35A4569E4529A3CDfB74e38FD98631,18,18,6,1,1,1e-18,1e-06,2,84059104531018,12462779854253834084852,12462.779854253835,2.3523205275307163e-22,2.931645288125756,0,2.931645288125756,4251.121342930772,1785369600
CL-AERO/cbBTC,2.2022745334830045,0xdFe5F275020def30993f042174Fc2D335678b626,0x2B74B62c564456C48055bd515A62594742b3f545,0x940181a94A35A4569E4529A3CDfB74e38FD98631,0xcbB7C0000aB88B473b1f5aFd9ef808440eed33Bf,0x940181a94A35A4569E4529A3CDfB74e38FD98631,18,18,8,668566052737858460346,513089,668.5660527378585,0.00513089,668566052737858973435,107948669845080073,16004695629301453590522516,16004695.629301453,1.7107277433634567e-21,27379.676837133855,0,27379.676837133855,584.5465497823184,1785369600
CL-ANON/WETH,1.3106609834025012e-07,0xDB20b9455DEB2D616727cbdae4aC9F8eeB9AC899,0xf823D416eF26B5233dAE227BA7B8F3159a68C2fc,0x0Db510e79909666d6dEc7f5e49370838c16D950f,0x4200000000000000000000000000000000000006,0x940181a94A35A4569E4529A3CDfB74e38FD98631,18,18,18,727900915335995319500009,175067662002158418,727900.9153359953,0.17506766200215843,727901090403657321658427,0,952502959718751855,0.9525029597187519,0.0,0,0,0,nan,0
CL-WETH/MORPHO,1.5255367200161958,0xB5F0b4aE66C14F7EFaA9aA1468E8FC536A3E288c,0xf008577BfbB3B8EAAaC22C1933C9a8cd876fCFd2,0x4200000000000000000000000000000000000006,0xBAa5CC21fd487B8Fcc2F632f3F4E8D37262a0842,0x940181a94A35A4569E4529A3CDfB74e38FD98631,18,18,18,62808901877844962,132986502998611839328,0.06280890187784496,132.98650299861183,133049311900489684290,74777073397176925,11086606371716691955664306,11086606.371716691,1.8129107368555694e-21,20099.027726576558,0,20099.027726576558,551.5991381541846,1785369600
CL-WETH/SAINT,3.3935110697560923e-07,0xeb4ab2038eF5662ff00AcabBB76A09aBd7440D10,0x7cFfFd69796e607a38a36BE004074941cF58b7B9,0x4200000000000000000000000000000000000006,0x7588880d9c78E81FAde7b7e8DC0781E95995a792,0x940181a94A35A4569E4529A3CDfB74e38FD98631,18,18,18,16805761541388017,32245293797666457912521,0.016805761541388017,32245.293797666458,32245310603427999300538,0,2466182619848678762,2.466182619848679,0.0,0,0,0,nan,0
CL-WETH/DOGE,3.908894716113949e-05,0x03Cd22d89bba07b109b869DA1B5fD344d0Ad6B40,0x8118696CDb46892a6314b70c71B2fBcD2EcD5E5d,0x4200000000000000000000000000000000000006,0x67f0870BB897F5E1c369976b4A2962d527B9562c,0x940181a94A35A4569E4529A3CDfB74e38FD98631,18,18,18,9312008469177180,8728161677310999197311,0.00931200846917718,8728.161677311,8728170989319468374491,0,284072985575716204008,284.0729855757162,0.0,0,0,0,nan,0
CL-RSR/bsdETH,0.00012048376684073325,0xe2cb3a61D580004306e70F32341e00D596b4ecc4,0x0DED14A7A643344eC12e38d87dbDeF8245551e38,0xaB36452DbAC151bE02b16Ca17d8919826072f64a,0xCb327b99fF831bF8223cCEd12B1338FF3aA322Ff,0x940181a94A35A4569E4529A3CDfB74e38FD98631,18,18,18,1,2472411474199,1e-18,2.472411474199e-06,2472411474200,5906343036787,875597473085223840381,875.5974730852239,4.855130593807456e-22,0.4251140079436571,0,0.4251140079436571,2059.6768319176913,1785369600
CL-SIMMI/WETH,0.0013415769881720081,0xBae6f0e8D43E6158D3Df940B332adC75BEEBA75f,0x1c553B8CBCfa13c5F93394A3138e6C6Ca16E3737,0x161e113B8E9BBAEfb846F73F31624F6f9607bd44,0x4200000000000000000000000000000000000006,0x940181a94A35A4569E4529A3CDfB74e38FD98631,18,18,18,1,1,1e-18,1e-18,2,65760590976552,9749706965466140098263,9749.70696546614,1.258901776457957e-23,0.12273923418769843,0,0.12273923418769843,79434.31478932356,1785369600
CL-HENLO/WETH,0.0005010437296819243,0xa1B6F148F208FFe9Eb04C68BcBFEa3525f2536d6,0xB592a97283c160FFD764E614d6cA4ddbCEa395A3,0x23A96680Ccde03Bd4Bdd9a3e9a0Cb56A5D27F7c9,0x4200000000000000000000000000000000000006,0x940181a94A35A4569E4529A3CDfB74e38FD98631,18,18,18,75877296454727227131818247863,39957560763823735,75877296454.72723,0.039957560763823737,75877296454767184692582071598,0,3641259192988382510090,3641.2591929883824,0.0,0,0,0,nan,0
CL-GAME/WETH,0.0029436873429863203,0x2A36148a416cBa81699B555120Bd65f4682BDFD2,0x6366138fD616Df7E5906D7B00250634da342Ee20,0x1C4CcA7C5DB003824208aDDA61Bd749e55F463a3,0x4200000000000000000000000000000000000006,0x940181a94A35A4569E4529A3CDfB74e38FD98631,18,18,18,678464295230892694622,537074056583536,678.4642952308927,0.000537074056583536,678464832304949278158,144291845366802,21392800595942025804429,21392.800595942026,1.2179234496650548e-20,260.5479349980635,0,260.5479349980635,82.10696659753233,1785369600
CL-WETH/PEPE,0.0010939200487881905,0x47f6F4b438B9D91E7387d6c1CF953A86BF5de1A5,0x16cb808aEB948836695d5033a8CAC675f916835A,0x4200000000000000000000000000000000000006,0x52b492a33E447Cdb854c7FC19F1e57E8BfA1777D,0x940181a94A35A4569E4529A3CDfB74e38FD98631,18,18,18,2670209475804042,1245499513622953656284675479,0.002670209475804042,1245499513.6229537,1245499513625623865760479521,0,7949897779527083942880,7949.897779527085,0.0,0,0,0,nan,0
CL-WETH/PLAY,0.000759729042611855,0x9D029DF22CEefC6245D382a41bc232c8Dc988Bf9,0x353e5958AfeC30AB701Ef5c09EA04Ae7Eca6907A,0x4200000000000000000000000000000000000006,0x7404AC09aDf614603D9c16a7CE85A1101F3514ba,0x940181a94A35A4569E4529A3CDfB74e38FD98631,18,18,18,589254868954169,1337489647996626856883,0.000589254868954169,1337.489647996627,1337490237251495811052,0,5521215408377317820844,5521.2154083773175,0.0,0,0,0,nan,0
CL-WETH/USDS,2.2446694696775716e-05,0x4289a0666397f517c2A761652AaebAf6A4f7A693,0x0C8a0BA64139c17eB90a9Fe63158498be41467eb,0x4200000000000000000000000000000000000006,0x820C137fa70C8691f0e44Dc420a5e53c168921Dc,0x940181a94A35A4569E4529A3CDfB74e38FD98631,18,18,18,858998562249,1473139495920387,8.58998562249e-07,0.001473139495920387,1473998494482636,1100289113195,163127943879719219793,163.12794387971923,5.607299787701397e-22,0.0914707285084915,0,0.0914707285084915,1783.3895776240108,1785369600
CL-cbBTC/superOETHb,0.0007421601192214252,0x4d9199269D4F89a367965e90d07D6F4AF7750eD0,0x0c240E7B77FF16839bCf9E9CE15193Baf4CA5911,0xcbB7C0000aB88B473b1f5aFd9ef808440eed33Bf,0xDBFeFD2e8460a6Ee4955A68582F85708BAEA60A3,0x940181a94A35A4569E4529A3CDfB74e38FD98631,18,8,18,34,17990146497988,3.4e-07,1.7990146497988e-05,17990146498022,36379106610479,5393535926494722320150,5393.535926494723,3.3764806917079525e-22,1.8211169915842593,0,1.8211169915842593,2961.66361162919,1785369600
CL-WETH/HEU,1.2669794705855834e-05,0x7C42dD1556754Be827E187cE0870e70c5E571f35,0x54A9d2003b547E54c4cf6dDCf1588032c4386687,0x4200000000000000000000000000000000000006,0xEF22cb48B8483dF6152e1423b19dF5553BbD818b,0x940181a94A35A4569E4529A3CDfB74e38FD98631,18,18,18,1,1,1e-18,1e-18,2,621046321945,92075808383552014366,92.07580838355202,8.040716237598356e-21,0.7403554475596215,0,0.7403554475596215,124.36703030558449,1785369600
CL-WETH/FAI,0.07799152481714783,0x28A9eC9928A689410e82E579FD9418FbBF6452F3,0x093b5fa753c6a4C94B0aE98326919A5e241901a0,0x4200000000000000000000000000000000000006,0xb33Ff54b9F7242EF1593d2C9Bcd8f9df46c77935,0x940181a94A35A4569E4529A3CDfB74e38FD98631,18,18,18,413262612720,2654082317788874678917,4.1326261272e-07,2654.0823177888747,2654082318202137291637,3970846516043223,566791559083882267343525,566791.5590838823,0.0,0,0,0,nan,0
CL-Mog/wBLT,0.00010094493215944711,0x48d0CC084D274889131986925FB3B348a4405811,0xCB32e7190785E7bF4f02c56Cb576bf38BeBB2b17,0x2Da56AcB9Ea78330f947bD57C54119Debda7AF71,0x4E74D4Db6c0726ccded4656d0BCE448876BB4C7A,0x940181a94A35A4569E4529A3CDfB74e38FD98631,18,18,18,13408464562548410812742753,10133291059622195641,13408464.56254841,10.133291059622195,13408474695839470434938394,0,733601960141316138606,733.6019601413161,0.0,0,0,0,nan,0
CL-WETH/PENDLE,0.026673380509252102,0x016df91005F30039c9f1A89b44db5e8c60613603,0xB2025A9813914b7a0eB85a2b87848028fbE4d203,0x4200000000000000000000000000000000000006,0xA99F6e6785Da0F5d6fB42495Fe424BCE029Eeb3E,0x940181a94A35A4569E4529A3CDfB74e38FD98631,18,18,18,1590376550964969,5891404780703750044,0.001590376550964969,5.89140478070375,5892995157254715013,1307532549131116,193844740955143134970734,193844.74095514315,1.3600326590893136e-21,263.6351784917025,0,263.6351784917025,735.2764606914707,1785369600
CL-WETH/REI,0.016304782613894116,0x54cdD0222dF6B3BC17754c2C1B3d7D4203FE3d89,0xa4A7e0daE53e9dE540ddEf4Bb7214499DfDEA07D,0x4200000000000000000000000000000000000006,0x6B2504A03ca4D43d0D73776F6aD46dAb2F2a4cFD,0x940181a94A35A4569E4529A3CDfB74e38FD98631,18,18,18,2823703908799981,210001335333053315660,0.002823703908799981,210.0013353330533,210004159036962115641,801391881654874,118492530822027651304329,118492.53082202765,0.0,0,0,0,nan,0
CL-USDC/ODOS,0.08276249675081346,0xb7068556049dF8Fb3ae77CCbb9611FE0e85B2641,0x417e10d1d0b491aeBeF222c9Df0263618EFCCB39,0x833589fCD6eDb6E08f4c7C32D4f71b54bdA02913,0xca73ed1815e5915489570014e024b7EbE65dE679,0x940181a94A35A4569E4529A3CDfB74e38FD98631,18,6,18,2149340,3839009487974067406183,2.14934,3839.0094879740673,3839009487974069555523,4057028253749494,601463872863715339146599,601463.8728637153,0.0,0,0,0,nan,0
CL-uSHIB/WETH,3.433666324069287e-07,0x83212D59403D96A95Fd750d5b6880F77d0CAb337,0xbE1F88D873Ed7Cb52160e5C3aaf6bB04bc0aF982,0x239b9C1F24F3423062B0d364796e07Ee905E9FcE,0x4200000000000000000000000000000000000006,0x940181a94A35A4569E4529A3CDfB74e38FD98631,18,18,18,2987088742934285304177274,20147048566286491,2987088.742934285,0.02014704856628649,2987088763081333870463765,0,2495364840930963729,2.495364840930964,0.0,0,0,0,nan,0
CL-eBTC/cbBTC,1.4269890578759188e-07,0xD64C5b0C64748445b625076dA10c4168D6289db2,0xEd7AF8228b789c00657d4F0019F8aad0222751Ae,0x657e8C867D8B37dCC18fA4Caead9C45EB088C642,0xcbB7C0000aB88B473b1f5aFd9ef808440eed33Bf,0x940181a94A35A4569E4529A3CDfB74e38FD98631,18,8,8,967,971,9.67e-06,9.71e-06,1938,0,1037042620727556399,1.0370426207275563,0.0,0,0,0,nan,0
CL-AERO/CHAMP,3.9341116062714625e-10,0xee16Ce7cf7F4714C9Fc20463ab6c5223E826A2eb,0x869305781fff479f0311974d55FeeB6Fc9DE96a2,0x940181a94A35A4569E4529A3CDfB74e38FD98631,0xEb6d78148F001F3aA2f588997c5E102E489Ad341,0x940181a94A35A4569E4529A3CDfB74e38FD98631,18,18,18,36865110831473045120,8010017974544266962413,36.86511083147305,8010.0179745442665,8046883085375740007533,0,2859055847614782,0.002859055847614782,0.0,0,0,0,nan,0
CL-VIRTUAL/WETH,0.4157470351369262,0x3f0296BF652e19bca772EC3dF08b32732F93014A,0x5013Ea8783Bfeaa8c4850a54eacd54D7A3B7f889,0x0b3e328455c4059EEb9e3f84b5543F74E24e7E1b,0x4200000000000000000000000000000000000006,0x940181a94A35A4569E4529A3CDfB74e38FD98631,18,18,18,58834420202175904558,15418574566782859,58.834420202175906,0.01541857456678286,58849838776742687417,20380511502195026,3021378422619965178448428,3021378.4226199654,1.2107116564798387e-21,3658.0180749026604,0,3658.0180749026604,825.9604957529807,1785369600
CL-EMP/WETH,0.0012210335726499258,0xb0f400ded843b39370B059aD49AcFF6eB7365EEF,0x72Ef9Eef04485fC4dE5Bb9205498e3d649A06596,0x39D5313C3750140E5042887413bA8AA6145a9bd2,0x4200000000000000000000000000000000000006,0x940181a94A35A4569E4529A3CDfB74e38FD98631,18,18,18,878606666899094,1,0.000878606666899094,1e-18,878606666899095,59856803942719,8873676004650314445145,8873.676004650315,2.471115204572168e-21,21.9278756955386,0,21.9278756955386,404.67558863696655,1785369600
CL-WETH/LAY,0.00017346199573027506,0xEDA5C8f08e92E6983Ae29aB2D5Dc244342bF70c8,0x7946898CDBe3246a55C596D2d602A7394011fDDE,0x4200000000000000000000000000000000000006,0xb89D354AD1b0d95a48b3De4607F75a8cD710c1bA,0x940181a94A35A4569E4529A3CDfB74e38FD98631,18,18,18,991727283231946,5047209784434442092745,0.000991727283231946,5047.209784434442,5047210776161725324691,0,1260608703731198722981,1260.6087037311988,0.0,0,0,0,nan,0
CL-WETH/Anon,0.001561455122456064,0x1807af3897aA6419E770D4642dF7B8b06E542C02,0xeCa59A0fBD6498B4d3d6E4143a30C2E8d8F68686,0x4200000000000000000000000000000000000006,0x79bbF4508B1391af3A0F4B30bb5FC4aa9ab0E07C,0x940181a94A35A4569E4529A3CDfB74e38FD98631,18,18,18,67307875170270,150913028989456053,6.730787517027e-05,0.15091302898945605,150980336864626323,76545760694418,11347637905161195584686,11347.637905161195,0.0,0,0,0,nan,0
CL-WETH/ACOLYT,4.72869746763785e-06,0x984FaEED533D60B53F142ad76b629D64849ea507,0x792F8CAB72d9B67cc310C8dBd2A87b9FDC327Fb7,0x4200000000000000000000000000000000000006,0x79dacb99A8698052a9898E81Fdf883c29efb93cb,0x940181a94A35A4569E4529A3CDfB74e38FD98631,18,18,18,124375017982595,951756794982387419672,0.000124375017982595,951.7567949823874,951756919357405402267,0,34365090519799353914,34.36509051979935,0.0,0,0,0,nan,0
CL-WETH/GEKKO,1.969469043323073e-05,0x027256310dDD3773bc410f1CBd83524C42321Cd0,0xe3D090Ce1684Ada21EFeffF4eBc469e2def2d6D3,0x4200000000000000000000000000000000000006,0xf7b0dd0B642a6ccc2fc4d8FfE2BfFb0caC8C43C8,0x940181a94A35A4569E4529A3CDfB74e38FD98631,18,18,18,125698152825597,947725612378685624065,0.000125698152825597,947.7256123786856,947725738076838449662,0,143128170945452894470,143.1281709454529,0.0,0,0,0,nan,0
CL-BNKR/WETH,0.5106640127340321,0xCDD442e2De893c07146B2F1072f8e077559f9aa4,0x28dCF4ABc65a3E0971602BdBaa95f14CEEC09a2a,0x22aF33FE49fD1Fa80c7149773dDe5890D3c76F3b,0x4200000000000000000000000000000000000006,0x940181a94A35A4569E4529A3CDfB74e38FD98631,18,18,18,291961479671094660572125,31953373499919491,291961.4796710947,0.03195337349991949,291961511624468160491616,25095195226091871,3711173138673074802935617,3711173.138673075,2.697445677197037e-21,10010.687940243446,0,10010.687940243446,370.7210893822772,1785369600
CL-WETH/ANZ,2.2995422470530167e-05,0xaE092538552D0B772014346d9E9a6273C24C5612,0x52abaB90414f807E624cF86973eD85aE9de50Ed7,0x4200000000000000000000000000000000000006,0xeeC468333ccc16D4BF1cEf497A56cf8C0aAe4Ca3,0x940181a94A35A4569E4529A3CDfB74e38FD98631,18,18,18,1,1,1e-18,1e-18,2,1127283313665,167115739619424135984,167.11573961942415,0.0,0,0,0,nan,0
CL-WETH/VVV,0.7875260924561608,0x46D398A5b33709877f50c8918A7eE96F1Be1d7dd,0x6831125a82Af7417e0cde3A214c03fE248Ff6AA8,0x4200000000000000000000000000000000000006,0xacfE6019Ed1A7Dc6f7B508C02d1b04ec88cC21bf,0x940181a94A35A4569E4529A3CDfB74e38FD98631,18,18,18,1,6986344070495456050,1e-18,6.9863440704954565,6986344070495456051,38625304653444011,5723226245530772392319294,5723226.245530773,0.0,0,0,0,nan,0
CL-WETH/VVV,0.08519298042511306,0x7eC6C9D993D9832Aa654593f2Dbc21303650Bc6c,0x5d05eF25a5f933271E1f0FDc02dC3EaB6a4eA687,0x4200000000000000000000000000000000000006,0xacfE6019Ed1A7Dc6f7B508C02d1b04ec88cC21bf,0x940181a94A35A4569E4529A3CDfB74e38FD98631,18,18,18,748670739268969555,194972106859651203396,0.7486707392689695,194.9721068596512,195720777598920172951,0,619127043757141734440650,619127.0437571417,0.0,0,0,0,nan,0
CL-WETH/TIBBIR,0.0018045400866472524,0x0f664afFB82f074937D5cFCD61b97F3F32d5dC50,0x2335A595b567CddDec56DE21261795ba7e7Aad98,0x4200000000000000000000000000000000000006,0xA4A2E2ca3fBfE21aed83471D28b6f65A233C6e00,0x940181a94A35A4569E4529A3CDfB74e38FD98631,18,18,18,458677125660178603,6806706113516547687991,0.4586771256601786,6806.706113516548,6807164790642207866594,0,13114220955906735560370,13114.220955906736,0.0,0,0,0,nan,0
CL-WETH/B3,0.1396559813122222,0xB099C658e784b41EE435d48a8eb67e8f27285C93,0x3B86cA918E7c114Cf8dDF69609E53bB4E7727237,0x4200000000000000000000000000000000000006,0xB3B32F9f8827D4634fE7d973Fa1034Ec9fdDB3B3,0x940181a94A35A4569E4529A3CDfB74e38FD98631,18,18,18,7374066732127536,103571253360707062140716,0.007374066732127536,103571.25336070707,103571260734773794268252,6846271431920694,1014928629346917552457550,1014928.6293469176,0.0,0,0,0,nan,0
CL-PONKE/USDC,0.0010597760879065235,0x0e62644261Fa9C5f2A068d133927Bb0678Ac042d,0x62005BbF01daBf943e0e05561b6ed93D36ABb257,0x4A0c64af541439898448659AEdcEC8E8e819FC53,0x833589fCD6eDb6E08f4c7C32D4f71b54bdA02913,0x940181a94A35A4569E4529A3CDfB74e38FD98631,18,18,6,1,150336,1e-18,0.150336,150337,51953280705903,7701761730555208229135,7701.761730555208,0.0,0,0,0,nan,0
CL-WETH/LsETH,2.2562786608266135e-05,0x04f8375dAd560480D6639B9600CD88ca594E2293,0x0fe62690cD3B234E1F1e206621e84b57f3b219A1,0x4200000000000000000000000000000000000006,0xB29749498954A3A821ec37BdE86e386dF3cE30B6,0x940181a94A35A4569E4529A3CDfB74e38FD98631,18,18,18,4992500001,1,4.992500001e-09,1e-18,4992500002,1106081958890,163971624211203352762,163.97162421120336,0.0,0,0,0,nan,0
CL-USDC/AAA,0.0023634680511426852,0xfd198524340203Da7896909941E92E5EF0D2B753,0x5ADA69FF0dd93F5538Adce7b5bF0B588fFA466e8,0x833589fCD6eDb6E08f4c7C32D4f71b54bdA02913,0xaaa843fb2916c0B57454270418E121C626402AAa,0x940181a94A35A4569E4529A3CDfB74e38FD98631,18,6,18,1453938,122312092801014731942,1.453938,122.31209280101473,122312092801016185880,0,17176145032332715970802,17176.145032332715,0.0,0,0,0,nan,0
CL-USDC/BRZ,0.0006617386173576522,0xD43Decd5Df4BDFFd5A4Cf35cA1f9557E33B7246C,0xaF4290B7Be7a2e387d6dbbAC746d891Be507Fa09,0x833589fCD6eDb6E08f4c7C32D4f71b54bdA02913,0xE9185Ee218cae427aF7B9764A011bb89FeA761B4,0x940181a94A35A4569E4529A3CDfB74e38FD98631,18,6,18,1,3815363468390104034,1e-06,3.815363468390104,3815363468390104035,32440017546478,4809084878357076418552,4809.084878357076,0.0,0,0,0,nan,0
CL-WETH/W,0.005037671942684481,0xf1Eef36d55978eDfD427e95c3D0C9B9359EF0AEF,0xA2292a26d33117f52Fd511aafD98A73C2172a990,0x4200000000000000000000000000000000000006,0xB0fFa8000886e57F86dd5264b9582b2Ad87b2b91,0x940181a94A35A4569E4529A3CDfB74e38FD98631,18,18,18,179008500000001,22309254818472284697,0.000179008500000001,22.309254818472283,22309433826972284698,246969354520914,36610515581552985378818,36610.51558155299,0.0,0,0,0,nan,0
CL-WETH/KAITO,0.061544405894157085,0x56b92E5B391DbFb8b8028AC95A4b97f52ffEB416,0x6205DfbE68444cFF504A20a712cEa794c6b6Cf04,0x4200000000000000000000000000000000000006,0x98d0baa52b2D063E780DE12F615f963Fe8537553,0x940181a94A35A4569E4529A3CDfB74e38FD98631,18,18,18,7411477317266368,13635067205233291762,0.007411477317266368,13.635067205233291,13642478682550558130,3017054702151383,447264620757497331950891,447264.6207574973,0.0,0,0,0,nan,0
CL-WETH/RIZ,4.339796338102512e-05,0x78abF9026c500744Cb033842744b87ffA0F73689,0x5983adac7383396B31A3F4c5654623702ad27FaC,0x4200000000000000000000000000000000000006,0x67543CF0304C19CA62AC95ba82FD4F4B40788dc1,0x940181a94A35A4569E4529A3CDfB74e38FD98631,18,18,8,219763642839001,54070100585,0.000219763642839001,540.70100585,219817712939586,0,315388106380351682257,315.3881063803517,0.0,0,0,0,nan,0
CL-WETH/uBERA,4.984610662792837e-10,0x569f22aD5ce151AA4507AdF2302B79e5Ca6B4049,0xe75819C7dE5c3a3ac7ADBF94db0A2531596BA61F,0x4200000000000000000000000000000000000006,0x544F87A5aa41Fcd725EF7C78a37cd9C1c4bA1650,0x940181a94A35A4569E4529A3CDfB74e38FD98631,18,18,18,917959783535137,2114402760910231831,0.000917959783535137,2.114402760910232,2115320720693766968,0,3622490079036533,0.003622490079036533,0.0,0,0,0,nan,0
CL-DRB/WETH,0.009631056017413013,0x385B47e56b73eb6549378f78F7c7Cbc42C56C9e0,0x7a53fD90c6fb9Ffd8eebc668300Fe42e151cfA02,0x3ec2156D4c0A9CBdAB4a016633b7BcF6a8d68Ea2,0x4200000000000000000000000000000000000006,0x940181a94A35A4569E4529A3CDfB74e38FD98631,18,18,18,34753338571588062059372,745921075064025,34753.338571588065,0.000745921075064025,34753339317509137123397,472140645679262,69992236573550261759817,69992.23657355025,2.0637258506873543e-21,144.44478796426057,0,144.44478796426057,484.560485428302,1785369600
CL-USDC/cbBTC,1.1001081428677884,0x3e66e55e97ce60096f74b7C475e8249f2D31a9fb,0x9B55cb6cAe1e303B5EDce6F9fcf90246D382809c,0x833589fCD6eDb6E08f4c7C32D4f71b54bdA02913,0xcbB7C0000aB88B473b1f5aFd9ef808440eed33Bf,0x940181a94A35A4569E4529A3CDfB74e38FD98631,18,6,8,154444465,242785,154.444465,0.00242785,154687250,53962740005437025,7994868813230503191913600,7994868.813230502,1.3007251295788026e-21,10399.126773054773,0,10399.126773054773,768.8019376728867,1785369600
CL-CADC/USDC,0.040943987326352294,0x09Da4832d34BeBBB55783340d5bede7A70F5c48e,0xc420F795B3A10E736975A43Ed4b87b913d041EfC,0x043eB4B75d0805c43D7C834902E335621983Cf03,0x833589fCD6eDb6E08f4c7C32D4f71b54bdA02913,0x940181a94A35A4569E4529A3CDfB74e38FD98631,18,18,6,4869106975231961383,23478265,4.869106975231961,23.478265,4869106975255439648,2010331779577769,297554208181239760475675,297554.2081812397,1.3929606988494179e-21,414.48131777372487,0,414.48131777372487,717.8953439432983,1785369600
CL-USDC/CARV,0.01890723763926347,0x4b241E7E1Ba2D76c888aaACb6F099b42F57Aec2b,0xcaFd2e14dE4Db4fEa855000A96029286f0Ad3899,0x833589fCD6eDb6E08f4c7C32D4f71b54bdA02913,0xc08Cd26474722cE93F4D0c34D16201461c10AA8C,0x940181a94A35A4569E4529A3CDfB74e38FD98631,18,6,18,10019577,291370092522131547782,10.019577,291.37009252213153,291370092522141567359,926884425096263,137405477385555595189882,137405.4773855556,5.0896330424887735e-21,699.3434579204677,0,699.3434579204677,196.47781905923244,1785369600
CL-USDC/PROS,1.0483556708988829e-05,0x3115267471EA743bFe311C3FCdcd1b52c584269B,0x3C2552aF840c08471C4f92996B0Fb8091C702C17,0x833589fCD6eDb6E08f4c7C32D4f71b54bdA02913,0x915424Ac489433130d92B04096F3b96c82e92a9D,0x940181a94A35A4569E4529A3CDfB74e38FD98631,18,6,18,155825,3514171681808436811,0.155825,3.514171681808437,3514171681808592636,0,76187655848031571337,76.18765584803157,0.0,0,0,0,nan,0
CL-WETH/$PAAL,0.0002865510903906753,0x0bD7cfd63dB4B508C616368FC83635bACA65c710,0x7e9DC9928EDa29c5EC28D12e8144Fd12ae6B0187,0x4200000000000000000000000000000000000006,0xd52333441c0553fACb259600FA833a69186893A5,0x940181a94A35A4569E4529A3CDfB74e38FD98631,18,18,18,1,1,1e-18,1e-18,2,14047517027336,2082466520054593877349,2082.4665200545937,0.0,0,0,0,nan,0
CL-WETH/LINK,0.054214667576856716,0x72bE417AFB0aBEa66913141C605D313BB389b59C,0xd66c27Ec3C0dfcD20678ff5F5C3CbB6EdE033b92,0x4200000000000000000000000000000000000006,0x88Fb150BDc53A65fe94Dea0c9BA0a6dAf8C6e196,0x940181a94A35A4569E4529A3CDfB74e38FD98631,18,18,18,668679932738713,48027385819595289,0.000668679932738713,0.048027385819595286,48696065752334002,2657750456116496,393996860981295066592528,393996.86098129506,0.0,0,0,0,nan,0
CL-WETH/RED,0.0007633465690570849,0x80866012A372c686A3b71a2aB05D004e29B36E1b,0x4bFE96D4f9E60aFD1E577C61E4BCC679e9A21cfB,0x4200000000000000000000000000000000000006,0x4eB92702bA4cfbF80561BAd64D89C706Ac824960,0x940181a94A35A4569E4529A3CDfB74e38FD98631,18,18,18,942445306602268786,15125076332196429366527,0.9424453066022688,15125.07633219643,15126018777503031635313,0,5547505232287366572608,5547.505232287366,0.0,0,0,0,nan,0
CL-WETH/RWAX,0.0016947015374498386,0x7A9b4Ccc4F80506259c301BB07cf9A97b4d8805e,0xCA635E72A2Dca090eFD8b9E14202D48c2D99a5a0,0x4200000000000000000000000000000000000006,0xe0023E73aab4fE9a22f059a9d27E857E027eE3dc,0x940181a94A35A4569E4529A3CDfB74e38FD98631,18,18,18,131106654488014,433490097268149308514,0.000131106654488014,433.4900972681493,433490228374803796528,70884242965237,12315985984952224323895,12315.985984952224,0.0,0,0,0,nan,0
CL-BIO/WETH,0.2878692671417222,0x222cCBE78890A4d9Ef8d22d7FC1B968Be0F2c653,0x6f29b7B27e2043849A21E1E6ea9ED6d2678E11F3,0x226A2FA2556C48245E57cd1cbA4C6c9e67077DD2,0x4200000000000000000000000000000000000006,0x940181a94A35A4569E4529A3CDfB74e38FD98631,18,18,18,1627965988461794230719,14118728098059098,1627.9659884617943,0.014118728098059098,1627980107189892289817,14143824766228732,2092046169351432742045673,2092046.1693514327,0.0,0,0,0,nan,0
CL-WETH/XION,2.232979667958865e-05,0x0c5BF61d127cd801fe4F77F344321ff1f163BF17,0xB5c7edC19d639a01eA8f976897D5401753264643,0x4200000000000000000000000000000000000006,0xe4c3461a20f50daD7B9E88ca0222A255C4126fC0,0x940181a94A35A4569E4529A3CDfB74e38FD98631,18,18,6,1775689539689738,15813269,0.001775689539689738,15.813269,1775689555503007,0,162278405297538483218,162.2784052975385,0.0,0,0,0,nan,0
CL-yTRYB/USDC,0.00044845018160199525,0xE98654b21d013EfF949A6D8ff80A9b23B284f8dd,0x7Cb174B263dCeb4f730265e8277ee33BfB693C72,0x1A9Be8a692De04bCB7cE5cDDD03afCA97D732c62,0x833589fCD6eDb6E08f4c7C32D4f71b54bdA02913,0x940181a94A35A4569E4529A3CDfB74e38FD98631,18,8,6,1369306999,1109215,13.69306999,1.109215,1370416214,0,3259043571690234216643,3259.0435716902343,0.0,0,0,0,nan,0
CL-USDC/KLIMA,1.0413507040746066e-05,0x2DB199a5D0EffAe36236E13FDb62aa43Eb3e14eC,0x3978aB83e3C0823Dcc432B2CE30E6414AD857914,0x833589fCD6eDb6E08f4c7C32D4f71b54bdA02913,0xDCEFd8C8fCc492630B943ABcaB3429F12Ea9Fea2,0x940181a94A35A4569E4529A3CDfB74e38FD98631,18,6,9,55624,145159613,0.055624,0.145159613,145215237,0,75678580525171683648,75.67858052517168,0.0,0,0,0,nan,0
CL-oUSDT/USDC,0.0051370495252101404,0x4858bA5A92a23de1B2dBB3509B01D0A9F0E0756A,0x2ce6eBFb4E00eE53f7B138C46850F0bD3B33a83B,0x1217BfE6c773EEC6cc4A38b5Dc45B92292B6E189,0x833589fCD6eDb6E08f4c7C32D4f71b54bdA02913,0x940181a94A35A4569E4529A3CDfB74e38FD98631,18,6,6,844183,708514,0.844183,0.708514,1552697,251835581940822,37332727066323460964586,37332.72706632346,1.2476375928399804e-21,46.577713731179784,0,46.577713731179784,801.5148034484226,1785369600
CL-USDC/ZARP,0.0006698224463781396,0xB86D18195349aAA6941042BD539289F26142A87b,0xdaA5708f6fBF97B0Bc94005afCcD08EC04EfCB5e,0x833589fCD6eDb6E08f4c7C32D4f71b54bdA02913,0xb755506531786C8aC63B756BaB1ac387bACB0C04,0x940181a94A35A4569E4529A3CDfB74e38FD98631,18,6,18,17047,443453339624973633,0.017047,0.44345333962497363,443453339624990680,32836642721446,4867832877766393702907,4867.832877766394,0.0,0,0,0,nan,0
CL-WETH/HYPER,0.0011159640049087677,0x29AF315b3Bd7566005f14d81C582b59E1C632fFd,0x29C4ff5Cfb44a14974cCC2447e9555f753B3489D,0x4200000000000000000000000000000000000006,0xC9d23ED2ADB0f551369946BD377f8644cE1ca5c4,0x940181a94A35A4569E4529A3CDfB74e38FD98631,18,18,18,652999241465,131454387076346435,6.52999241465e-07,0.13145438707634644,131455040075587900,54707809833081,8110098881983432360821,8110.098881983432,3.791002064753243e-22,3.074540160695216,0,3.074540160695216,2637.8249943398278,1785369600
CL-USDC/TRYB,0.0009135474077135482,0xeAd784aFe3Bdf564367D36DeBD3619a31ef2bd6a,0x2420CBAC5cA9DA04344A8752395912B87a2f4A2e,0x833589fCD6eDb6E08f4c7C32D4f71b54bdA02913,0xFb8718a69aed7726AFb3f04D2Bd4bfDE1BdCb294,0x940181a94A35A4569E4529A3CDfB74e38FD98631,18,6,6,211499,108742317,0.211499,108.742317,108953816,218501447116,6639067010536963185227,6639.067010536963,0.0,0,0,0,nan,1785369600
CL-ZORA/USDC,0.9227861907806935,0x3f53f1Fd5b7723DDf38D93a584D280B9b94C3111,0xaDEfE661847835C6566b1caAbECfcF09C586F300,0x1111111111166b7FE7bd91427724B487980aFc69,0x833589fCD6eDb6E08f4c7C32D4f71b54bdA02913,0x940181a94A35A4569E4529A3CDfB74e38FD98631,18,18,6,13732533060546219725723,61625185,13732.53306054622,61.625185,13732533060546281350908,45334238014097036,6706208463033782201437366,6706208.463033782,4.1236230413161956e-21,27653.875738035775,0,27653.875738035775,242.50519263778673,1785369600
CL-WETH/SIGN,0.004630445393188661,0x8A7b72F8ff5299E493317D4430293894107af859,0x3b23C56D4E0aA528FAc0446E17a4b6fF575fC057,0x4200000000000000000000000000000000000006,0x868FCEd65edBF0056c4163515dD840e9f287A4c3,0x940181a94A35A4569E4529A3CDfB74e38FD98631,18,18,18,211550056466889,43150674406132612613,0.000211550056466889,43.150674406132616,43150885956189079502,226997510795602,33651058494001114187021,33651.05849400111,5.9080690324388465e-21,198.81277659719618,0,198.81277659719618,169.26003987248617,1785369600
CL-WETH/GIZA,0.00019769453987500247,0x3C589883d42D5D45b50b9Fff4f07D990A1242A3F,0x1B5dD992cbd0De7a9B44A8736866214D093d2942,0x4200000000000000000000000000000000000006,0x590830dFDf9A3F68aFCDdE2694773dEBDF267774,0x940181a94A35A4569E4529A3CDfB74e38FD98631,18,18,18,648249526017,19853856538913117010,6.48249526017e-07,19.853856538913117,19853857187162643027,9689759259381,1436715037189359123000,1436.715037189359,0.0,0,0,0,nan,0
CL-GIZA/USDC,0.006073716471305483,0xe077DdFb9E9d9403A8eC42D3023D17e8417ee399,0xe9d34ea7240cD470Ef9e8A797c442c41E090117a,0x590830dFDf9A3F68aFCDdE2694773dEBDF267774,0x833589fCD6eDb6E08f4c7C32D4f71b54bdA02913,0x940181a94A35A4569E4529A3CDfB74e38FD98631,18,18,6,144771800512925949036402,1081792916,144771.80051292595,1081.792916,144771800512927030829318,0,44139811810010782627924,44139.81181001078,0.0,0,0,0,nan,0
CL-MAMO/cbBTC,8.762282397601408e-05,0xE2B3aA806e56603a244bFc111c9474F7DeDD03db,0x219A387d97D62cF1A9f853D41a4D13BB71EA818C,0x7300B37DfdfAb110d83290A29DfB31B1740219fE,0xcbB7C0000aB88B473b1f5aFd9ef808440eed33Bf,0x940181a94A35A4569E4529A3CDfB74e38FD98631,18,18,8,29521793383954004876,605,29.521793383954005,6.05e-06,29521793383954005481,150387663998510,636785562651008874163,636.7855626510088,0.0,0,0,0,nan,0
CL-cbXRP/cbBTC,0.020814291142857457,0x95Ff4985af7ED78421215be100c18a2b987f7E90,0x2db769AcFc04a1F27f4EF1Cc84B90CBde34e0A5a,0xcb585250f852C6c6bf90434AB21A00f02833a4af,0xcbB7C0000aB88B473b1f5aFd9ef808440eed33Bf,0x940181a94A35A4569E4529A3CDfB74e38FD98631,18,6,8,136529056,357129,136.529056,0.00357129,136886185,0,151264699026530097153359,151264.69902653008,0.0,0,0,0,nan,0
CL-WETH/cbXRP,0.02055715661240242,0xA6da283cf7D06b2279626E787c329d6aCF7e2994,0xB2d7D02733ae07695dF556d3AF2d09FC48f34D0F,0x4200000000000000000000000000000000000006,0xcb585250f852C6c6bf90434AB21A00f02833a4af,0x940181a94A35A4569E4529A3CDfB74e38FD98631,18,18,6,2582876291647271965,3982397112,2.582876291647272,3982.397112,2582876295629669077,0,149396012887201424290331,149396.01288720142,0.0,0,0,0,nan,0
CL-WETH/cbDOGE,0.013129445245819365,0xfb338cb462c9e44cAE9f442fEb09e8E904fFed47,0x34d4C2189A3F5ACD106731a6A236F6FFBB691577,0x4200000000000000000000000000000000000006,0xcbD06E5A2B0C65597161de254AA074E489dEb510,0x940181a94A35A4569E4529A3CDfB74e38FD98631,18,18,8,1,85701829,1e-18,0.85701829,85701830,643564287006688,95416248858212372796903,95416.24885821238,9.935979848170473e-21,948.053925843217,0,948.053925843217,100.64432650637184,1785369600
CL-cbBTC/cbDOGE,3.532257381799775e-05,0x363d1607b8DA83d6B6EA76D017CeEcf1316BB08A,0x648Eec151f6642Eb57B259A7AA0f963B826a7284,0xcbB7C0000aB88B473b1f5aFd9ef808440eed33Bf,0xcbD06E5A2B0C65597161de254AA074E489dEb510,0x940181a94A35A4569E4529A3CDfB74e38FD98631,18,8,8,265949,192563613381,0.00265949,1925.63613381,192563879330,0,256701439446104906884,256.7014394461049,0.0,0,0,0,nan,0
CL-USDC/VIRGEN,2.0736308583353297e-05,0xda353757c951289C0d2aC757dF4A2a6005f866Fd,0xd6F600AC3A4A9eB421FBb5923EB9F482946E4f09,0x833589fCD6eDb6E08f4c7C32D4f71b54bdA02913,0xbf8566956b4e2D8BEB90c4c19dbb8c67A9290C36,0x940181a94A35A4569E4529A3CDfB74e38FD98631,18,6,18,12244655,14651316861349212395335,12.244655,14651.316861349213,14651316861349224639990,0,150697972621496451866,150.69797262149646,0.0,0,0,0,nan,0
CL-WETH/DEGEN,2.1892215746265442e-07,0x68a5aEA4DE3D938a755D85d1868Fe79A9C7B6ae1,0x6a7d1B43b42F8A30B729bfFbdAe2884b683b545c,0x4200000000000000000000000000000000000006,0x4ed4E862860beD51a9570b96d89aF5E1B0Efefed,0x940181a94A35A4569E4529A3CDfB74e38FD98631,18,18,18,224292101703579,321526593795459230839,0.000224292101703579,321.52659379545923,321526818087560934418,0,1590983523365902473,1.5909835233659027,0.0,0,0,0,nan,0
CL-NATION/WETH,9.905089353875976e-05,0xE8898C5653f5843f4979c8e11f575C3EC1D48FC0,0xa9AC50eb0f10FB68C309073763bBbB1EB24e69a8,0x2f74f818e81685c8086Dd783837a4605a90474B8,0x4200000000000000000000000000000000000006,0x940181a94A35A4569E4529A3CDfB74e38FD98631,18,18,18,233759698623014315374593,315049669137458,233759.69862301432,0.000315049669137458,233759698938063984512051,0,719837322184802819449,719.8373221848028,0.0,0,0,0,nan,0
CL-WETH/SOLACE,3.6039340945331104e-09,0xcAfD76397eFC53129e7A967a4B746D1899b479fa,0xAa5836B9501F2AE3f99a0d4D7F6F86C01648FE47,0x4200000000000000000000000000000000000006,0x7d6fcB3327D7E17095fA8B0E3513AC7A3564f5E1,0x940181a94A35A4569E4529A3CDfB74e38FD98631,18,18,18,188483381217473,348406902171276275015,0.000188483381217473,348.4069021712763,348407090654657492488,0,26191043566144785,0.026191043566144784,0.0,0,0,0,nan,0
CL-USDC/SQD,3.298804436832522e-06,0xCe62141227cfd3Fe8d715F403B99F0377C0C16C6,0xbbECFcbAA02b8Ae165be383c1FC505d15772Dd61,0x833589fCD6eDb6E08f4c7C32D4f71b54bdA02913,0xd4554BEa546EFa83C1E6B389ecac40EA999B3E78,0x940181a94A35A4569E4529A3CDfB74e38FD98631,18,6,18,1,1,1e-06,1e-18,2,161706140841,23973560130395589648,23.97356013039559,1.5089393481826378e-21,0.0361746481967764,0,0.0361746481967764,662.7171603712217,1785369600
CL-CADC/WETH,0.004637525822610535,0x3debC1A83EDE28E30baaA43f9fa110E052d4Ccdd,0xf4533d9632Ad33983A39F3DdE529FDfFD5b0ad88,0x043eB4B75d0805c43D7C834902E335621983Cf03,0x4200000000000000000000000000000000000006,0x940181a94A35A4569E4529A3CDfB74e38FD98631,18,18,18,1492807272969449407,599887821551103,1.4928072729694495,0.000599887821551103,1493407160791000510,227329754822292,33702514439251784479059,33702.51443925178,2.5332637592199678e-21,85.37735842354422,0,85.37735842354422,394.7476832447624,1785369600
CL-cbADA/cbBTC,0.8867775268663065,0x8782d97C8b25B4d17dBFbaa03f25dC18e51e909D,0x27f732A92CbDfD4047087b8aED4E0b88C29c4198,0xcbADA732173e39521CDBE8bf59a6Dc85A9fc7b8c,0xcbB7C0000aB88B473b1f5aFd9ef808440eed33Bf,0x940181a94A35A4569E4529A3CDfB74e38FD98631,18,6,8,411752961,66624,411.752961,0.00066624,411819585,43469455797647510,6444520968034640143479564,6444520.96803464,8.312180730935036e-22,5356.802301060434,0,5356.802301060434,1203.0537260557257,1785369600
CL-WETH/cbADA,0.3046170969622339,0xb862F23ba38c8C65e256782B31E8C08C9aefd612,0x0C8b92c57Af0105C5b027Da4645A24f3144AD6f4,0x4200000000000000000000000000000000000006,0xcbADA732173e39521CDBE8bf59a6Dc85A9fc7b8c,0x940181a94A35A4569E4529A3CDfB74e38FD98631,18,18,6,10189416402642628,92428801,0.010189416402642627,92.428801,10189416495071429,14932217557215199,2213758478445205490185715,2213758.4784452054,8.192373186337778e-22,1813.593559984242,0,1813.593559984242,1220.64751843541,1785369600
CL-WETH/cbLTC,0.10451741268742176,0x200681425b0C8D78C6a467512C5D49FA56BaC88A,0x88040de1F5811090b638Fa70633B24a3e319D06f,0x4200000000000000000000000000000000000006,0xcb17C9Db87B595717C857a08468793f5bAb6445F,0x940181a94A35A4569E4529A3CDfB74e38FD98631,18,18,8,1933236482096687,5411453,0.001933236482096687,0.05411453,1933236487508140,5128190737454873,759564419690540942463502,759564.419690541,1.6296901511096645e-21,1237.8546539030024,0,1237.8546539030024,613.6135751443885,1785369600
CL-cbLTC/cbBTC,0.1797234238033854,0x6044c817e55A03DAdc5F6b8B7045aF1985aE90fA,0x3De827C30391B6C75Af11a946adAA83733b9EE62,0xcb17C9Db87B595717C857a08468793f5bAb6445F,0xcbB7C0000aB88B473b1f5aFd9ef808440eed33Bf,0x940181a94A35A4569E4529A3CDfB74e38FD98631,18,8,8,10848093,2222,0.10848093,2.222e-05,10850315,8810582525324440,1306112681092460658385132,1306112.6810924609,2.982672288998654e-22,389.5706100204219,0,389.5706100204219,3352.698195133335,1785369600
CL-WETH/SYRUP,0.058232207097853886,0x7432aaB631B801a10BEF7d70c1507a32755595fa,0x152cF5b5Fa1A41D00140A83e39328D8C5F0cDdB8,0x4200000000000000000000000000000000000006,0x688AEe022AA544f150678B8E5720b6b96a9E9a2F,0x940181a94A35A4569E4529A3CDfB74e38FD98631,18,18,18,4374187988828949,86622384863088003163,0.004374187988828949,86.622384863088,86626759051076832112,2854675007681096,423193719154356893334703,423193.7191543569,2.6740049521581947e-21,1131.6221007409947,0,1131.6221007409947,373.9708855785394,1785369600
CL-VCHF/USDC,0.0004498487969254303,0x44B7CbBb1E326617d439a2966C4475e78b9D42E6,0x38B25d8551c8f4Dd17557Bb319c9f8D9846C48Eb,0x1fcA74D9ef54a6AC80ffE7D3b14e76c4330Fd5D8,0x833589fCD6eDb6E08f4c7C32D4f71b54bdA02913,0x940181a94A35A4569E4529A3CDfB74e38FD98631,18,18,6,1,1156044,1e-18,1.156044,1156045,22052656789821,3269207796092654194023,3269.207796092654,2.6788224967099017e-21,8.757627390592399,0,8.757627390592399,373.2983432938122,1785369600
CL-VIRTUAL/MAMO,0.008455334656990282,0x4A021bA3ab1F0121e7DF76f345C547db86Cb3468,0xa1d2b60242f36Df5Ce0Bc09a7AC2DE0943F52059,0x0b3e328455c4059EEb9e3f84b5543F74E24e7E1b,0x7300B37DfdfAb110d83290A29DfB31B1740219fE,0x940181a94A35A4569E4529A3CDfB74e38FD98631,18,18,18,1,97272210488339584644,1e-18,97.27221048833958,97272210488339584645,414506050658357,61447860187980422144835,61447.86018798043,3.4879389233946366e-21,214.32638330896862,0,214.32638330896862,286.702268004954,1785369600
CL-USDC/VGBP,7.825230660470775e-07,0x02bC3eA058FD3aA62C8aA19912F1D0908685E7e1,0xa4972a1Bb2Eb82a7aF5d11bcf559534567de4536,0x833589fCD6eDb6E08f4c7C32D4f71b54bdA02913,0xAEB4bb7DebD1E5e82266f7c3b5cFf56B3A7BF411,0x940181a94A35A4569E4529A3CDfB74e38FD98631,18,6,18,1,1,1e-06,1e-18,2,38361644903,5686867511101736952,5.686867511101737,2.5608537802257333e-22,0.001456323616344779,0,0.001456323616344779,3904.9476691006244,1785369600
CL-VCHF/WETH,5.791872982361429e-08,0x89AB78D42bA0D381fE3C02666aBB4276E21e5a13,0x18fb83982A84Cd4C75c59Fae8a342b8c1B58A132,0x1fcA74D9ef54a6AC80ffE7D3b14e76c4330Fd5D8,0x4200000000000000000000000000000000000006,0x940181a94A35A4569E4529A3CDfB74e38FD98631,18,18,18,1,1,1e-18,1e-18,2,2839351352,420915570683479021,0.420915570683479,2.2013934090684847e-23,9.266007630769107e-06,0,9.266007630769107e-06,45425.774233745346,1785369600
CL-WETH/ZEN,0.41517676074052207,0x0392B12a1cEb0cd13af5Ea448CF5586EA609852D,0x828622C92977a372Be19F24bC5c4B5021B4b06eC,0x4200000000000000000000000000000000000006,0xf43eB8De897Fbc7F2502483B2Bef7Bb9EA179229,0x940181a94A35A4569E4529A3CDfB74e38FD98631,18,18,18,17556697839299439,7435614316558141643,0.01755669783929944,7.435614316558142,7453171014397441082,20391238939568021,3017234040073254964664647,3017234.0400732546,2.5275264404030325e-21,7626.138813169215,0,7626.138813169215,395.6437345282697,1785369600
CL-ZRO/ZEN,0.008154881700665877,0x82685574957fEf6ab359D8c1083401B492dCa0CF,0xAc7aa2b1eA5B8847FCa2A79D3DdC191aF96e4669,0x6985884C4392D348587B19cb9eAAf157F13271cd,0xf43eB8De897Fbc7F2502483B2Bef7Bb9EA179229,0x940181a94A35A4569E4529A3CDfB74e38FD98631,18,18,18,2074341633487412039,368831284742162005,2.074341633487412,0.368831284742162,2443172918229574044,399782254208749,59264363969054993369298,59264.36396905499,4.268571994211589e-21,252.97420429307053,0,252.97420429307053,234.27038394949253,1785369600
CL-cbBTC/ZEN,0.1742624598739287,0x47f9e291bb766Fc307Ad7BBa4f29f3Eab6A97101,0xB6abC5598A53C8432F9C849528d9D30E30c205FA,0xcbB7C0000aB88B473b1f5aFd9ef808440eed33Bf,0xf43eB8De897Fbc7F2502483B2Bef7Bb9EA179229,0x940181a94A35A4569E4529A3CDfB74e38FD98631,18,8,18,19905,4691295924668903177,0.00019905,4.691295924668903,4691295924668923082,8560287558223484,1266425955298415554582683,1266425.9552984156,3.4307342185389206e-21,4344.770860088116,0,4344.770860088116,291.48279531425766,1785369600
CL-WETH/A0X,0.00042205946739208144,0x035D6b8ac7Fe438F8B3b52Eac81e346377f7509F,0x688da366bFe09A22f2AF5f54FC463c4E0c137a0f,0x4200000000000000000000000000000000000006,0x820C5F0fB255a1D18fd0eBB0F1CCefbC4D546dA7,0x940181a94A35A4569E4529A3CDfB74e38FD98631,18,18,18,51757173302163,43012426323695173113183,5.1757173302163e-05,43012.426323695174,43012426375452346415346,20690906337533,3067253065126302780098,3067.2530651263028,1.374375638686606e-20,42.15557890396412,0,42.15557890396412,72.76031179915482,1785369600
CL-WETH/MAMO,0.003170406012835532,0xAa067F08FeF60420d050A92E7800E588748B7d67,0x6165cEeE2Df1cB4811698be5BfEf218AA6414868,0x4200000000000000000000000000000000000006,0x7300B37DfdfAb110d83290A29DfB31B1740219fE,0x940181a94A35A4569E4529A3CDfB74e38FD98631,18,18,18,421424348639057,59938709484422225754,0.000421424348639057,59.938709484422226,59939130908770864811,155425466915201,23040444088725808988540,23040.444088725806,0.0,0,0,0,nan,0
CL-TOWNS/USDC,0.0004150503398748487,0xF099ceFE04717710dd2EC40f2e0c9C06134F5Eb5,0x83e1dd4273a7eeC62982f4e5B9AE3452f8fCC6f5,0x00000000A22C618fd6b4D7E9A335C4B96B189a38,0x833589fCD6eDb6E08f4c7C32D4f71b54bdA02913,0x940181a94A35A4569E4529A3CDfB74e38FD98631,18,18,6,21228187257502911679,71967,21.228187257502913,0.071967,21228187257502983646,20347361105752,3016315295636294994166,3016.315295636295,0.0,0,0,0,nan,0
CL-WETH/ENA,0.008771552090905018,0xc422BFB18F9FC217f955d759D3753F31137cCEFd,0x11EC04A8AD5df5c187470Ec941Ef26DEa7f9EBD1,0x4200000000000000000000000000000000000006,0x58538e6A46E07434d7E7375Bc268D3cb839C0133,0x940181a94A35A4569E4529A3CDfB74e38FD98631,18,18,18,56626019371296,1930431705001920590,5.6626019371296e-05,1.9304317050019206,1930488331021291886,430015332596984,63745922353045701822303,63745.9223530457,0.0,0,0,0,nan,0
CL-USDC/AERO,4.7945130304521704e-08,0xa4FDd479eda160671636e2eCF8f993Cbf86258a8,0xA31AEFB33c052Aa0325d2FFbc882BceD31bf62C2,0x833589fCD6eDb6E08f4c7C32D4f71b54bdA02913,0x940181a94A35A4569E4529A3CDfB74e38FD98631,0x0000000000000000000000000000000000000000,18,6,18,0,0,0.0,0.0,0,0,348433951246518830,0.3484339512465188,0.0,0,0,0,nan,0
CL-WFRAX/WETH,0.0007287899694361706,0x2229B66a40Ece21d0B5d4e061CB35bc44CD623b5,0x03b16EcD57519243BA821196bfE019350C88835c,0x0CEAC003B0d2479BebeC9f4b2EBAd0a803759bbf,0x4200000000000000000000000000000000000006,0x940181a94A35A4569E4529A3CDfB74e38FD98631,18,18,18,225003130419066519,105589927714252,0.22500313041906653,0.000105589927714252,225108720346780771,35728331879814,5296370393961072692873,5296.370393961072,6.402803480029777e-21,33.911618789980636,0,33.911618789980636,156.18158563182223,1785369600
CL-GAI/WETH,2.2061309299511388e-07,0x3A4eA0342da8841843cFE05495DccB1D9A746Ef2,0x1BEF11019be0c39d5A7A8788E3ed6B99d68a0c79,0x3489256FEBdb1dc930Dc3743617AD387Cd6D3568,0x4200000000000000000000000000000000000006,0x940181a94A35A4569E4529A3CDfB74e38FD98631,18,18,18,20160681095121838014,34484039317777,20.160681095121838,3.4484039317777e-05,20160715579161155791,52781416,1603272140481672848,1.603272140481673,0.0,0,0,0,nan,1785369600
CL-WETH/PREDI,0.00011753294822688136,0x0c86A9584175ad79252316D46FB127002Ee9b3C6,0x16926Ce2985688C8A549c3F1EE346Fe65dFd223c,0x4200000000000000000000000000000000000006,0xaeA742f80922f7C94B8FD91686c9dFbDFE90d9E6,0x940181a94A35A4569E4529A3CDfB74e38FD98631,18,18,18,51508459067738,92464069816125636687,5.1508459067738e-05,92.46406981612563,92464121324584704425,0,854152847061562186227,854.1528470615622,0.0,0,0,0,nan,0
CL-LCAP/uSOL,4.018771325676706e-05,0xd52C89A57ACC47E300aC1468441b3495676280Ad,0x25610a80aB993311a8f597fECE6C8068b91c1EF1,0x4dA9A0f397dB1397902070f93a4D6ddBC0E0E6e8,0x9B8Df6E244526ab5F6e6400d331DB28C8fdDdb55,0x940181a94A35A4569E4529A3CDfB74e38FD98631,18,18,18,1,1,1e-18,1e-18,2,1969826335862,292058101264495910193,292.0581012644959,3.256683152459873e-20,9.511406979275034,0,9.511406979275034,30.70608816349448,1785369600
CL-USDC/VELVET,0.03189125906649509,0x6b0F53cbD9272D8117e9535FE25371dedF39a1bE,0xc632BA1757eb3245d8f81d0Ea2ED3DE456DFfB73,0x833589fCD6eDb6E08f4c7C32D4f71b54bdA02913,0xbF927b841994731C573BDF09ceB0c6B0Aa887cDd,0x940181a94A35A4569E4529A3CDfB74e38FD98631,18,6,18,14280183,33924984660644520830,14.280183,33.92498466064452,33924984660658801013,1563319556761324,231764880733200954754010,231764.88073320096,0.0,0,0,0,nan,0
CL-uPUMP/WETH,0.012875482080727878,0x777820ca027BdeE7D12Cae14355Da487328aE8d2,0xA41d7b78C7796289B6eC774A692BeF49Bc0e5271,0x20FbD133897Ef802e0235dB77bB19a071E257d41,0x4200000000000000000000000000000000000006,0x940181a94A35A4569E4529A3CDfB74e38FD98631,18,18,18,19928369698148101450176,16797769485250032,19928.3696981481,0.01679776948525003,19928386495917586700208,0,93570610134908010812977,93570.61013490801,0.0,0,0,0,nan,0
CL-FLOCK/USDC,0.0881583038094025,0xd7338B6F338DA54b922bbBC6fBE3EFEDD5Ce35fa,0xfC0d4756FaD40dB4B71225DeF4eEC42e9c9EF070,0x5aB3D4c385B400F3aBB49e80DE2fAF6a88A7B691,0x833589fCD6eDb6E08f4c7C32D4f71b54bdA02913,0x940181a94A35A4569E4529A3CDfB74e38FD98631,18,18,6,277629442480009822089,9431614,277.6294424800098,9.431614,277629442480019253703,4325063670601642,640677080996569759013613,640677.0809965697,0.0,0,0,0,nan,0
CL-WETH/USDC,0.002892174359330893,0xdbc6998296caA1652A810dc8D3BaF4A8294330f1,0x45C6e6A47a711B14D8357D5243F46704904578e3,0x4200000000000000000000000000000000000006,0x833589fCD6eDb6E08f4c7C32D4f71b54bdA02913,0x940181a94A35A4569E4529A3CDfB74e38FD98631,18,18,6,285142229279874648,657506964,0.28514222927987465,657.506964,285142229937381612,0,21018437812452728485361,21018.43781245273,0.0,0,0,0,nan,0
CL-BIO/AUBRAI,0.003373417979063761,0x6744257f30D991fF0de9f5Aa2AcD03f8093e7067,0xCcCc26Ff97FE100E6eD2D36E345A6171aA9Ec599,0x226A2FA2556C48245E57cd1cbA4C6c9e67077DD2,0x9d56c29e820Dd13b0580B185d0e0Dc301d27581d,0x940181a94A35A4569E4529A3CDfB74e38FD98631,18,18,18,1,1,1e-18,1e-18,2,165363876769025,24515802714178444699516,24515.802714178444,0.0,0,0,0,nan,0
CL-WETH/MEM,0.00020814066076788775,0x531a13a588C4188FdAE818D56CB91ECC4F6BDeAF,0x5f57a113eD5529A14B08006Bf788c3fe0cBfBfA4,0x4200000000000000000000000000000000000006,0x7750741868Cc4A865d9c0f619e6E642FD61F642f,0x940181a94A35A4569E4529A3CDfB74e38FD98631,18,18,18,1,1,1e-18,1e-18,2,10202149561375,1512630633930652629501,1512.6306339306527,0.0,0,0,0,nan,0
CL-USDC/CARV,0.0016714196700766237,0xff862675c47B6a2C9072DCBe2f37a78A445c4f37,0xE0C13dfDc050722b5AE99A77Db52c0f57af0f83D,0x833589fCD6eDb6E08f4c7C32D4f71b54bdA02913,0xc08Cd26474722cE93F4D0c34D16201461c10AA8C,0x940181a94A35A4569E4529A3CDfB74e38FD98631,18,6,18,460711,5420498804882176582,0.460711,5.420498804882176,5420498804882637293,81940821196460,12146788550515767795981,12146.788550515768,2.126162080428303e-21,25.8260412150873,0,25.8260412150873,470.3310294192415,1785369600
CL-USDC/MIRROR,7.775285226184321e-05,0x3c2dfe6d969AD9de9d566727607eB2e9139D3596,0xff1f9d7a1DAd3D1FEAdBb22Cc77eBaaa88eC5bd4,0x833589fCD6eDb6E08f4c7C32D4f71b54bdA02913,0xe1bfA25468AF64e366ddAFC9D91bCc6c97439A14,0x940181a94A35A4569E4529A3CDfB74e38FD98631,18,6,18,1,14688425450326049081,1e-06,14.688425450326049,14688425450326049082,3811796467108,565057042544440335854,565.0570425444403,1.712852810029512e-21,0.9678595431492102,0,0.9678595431492102,583.8213267039391,1785369600
CL-AVNT/USDC,0.12845607943584048,0xe30d5BF485F7476AC15884a28ffb3C9cEA635DCB,0x26b130316314259fa5047656c6BB16fE521Ea082,0x696F9436B67233384889472Cd7cD58A6fB5DF4f1,0x833589fCD6eDb6E08f4c7C32D4f71b54bdA02913,0x940181a94A35A4569E4529A3CDfB74e38FD98631,18,18,6,166919415657868554675,21643233,166.91941565786854,21.643233,166919415657890197908,6308752579648600,933535043813311220401286,933535.0438133111,3.876471923788081e-21,3618.822387214577,0,3618.822387214577,257.966527208277,1785369600
CL-AVNT/USDC,0.17858972842665954,0xc4ed25e61cBdE561c982789f740E3e9A8C317100,0x658CeF587d3D9e31DEF560c19c199914c07a4826,0x696F9436B67233384889472Cd7cD58A6fB5DF4f1,0x833589fCD6eDb6E08f4c7C32D4f71b54bdA02913,0x940181a94A35A4569E4529A3CDfB74e38FD98631,18,18,6,233828939115672777878,25160374,233.82893911567277,25.160374,233828939115697938252,8771064574126655,1297873722159331145618239,1297873.7221593312,3.0011676659578426e-21,3895.136649440937,0,3895.136649440937,333.2036431496217,1785369600
CL-WETH/AUBRAI,3.467928005953993e-05,0xE2b2A0faeB9e0725513ba166d7A2fE849E480C6D,0xEe9AFdf35D0d825AC4A89728bb16425ABE0E9Cfe,0x4200000000000000000000000000000000000006,0x9d56c29e820Dd13b0580B185d0e0Dc301d27581d,0x940181a94A35A4569E4529A3CDfB74e38FD98631,18,18,18,226256263982640,386491376534122158,0.00022625626398264,0.38649137653412213,386717632798104798,8297580337,252026399777883554089,252.02639977788354,0.0,0,0,0,nan,1785369600
CL-WETH/RETAKE,0.0003052701078512489,0x06c522A75A0413269FAE5069FF9B93D65C7c4B57,0x266F44F2BDE17b7A45489DFb0727Fe37451a50Cf,0x4200000000000000000000000000000000000006,0x5eeB2662615782b58251b6f0c3E107571ae1AB07,0x940181a94A35A4569E4529A3CDfB74e38FD98631,18,18,18,351986204688194,352081397216524903903669,0.000351986204688194,352081.3972165249,352081397568511108591863,0,2218504135883642989512,2218.504135883643,0.0,0,0,0,nan,0
CL-WETH/BID,0.004107654436240702,0x1024C20c048ea6087293f46D4a1C042CB6705924,0x57676415De17E1c684D1028B8a39D1AcF8D6a63d,0x4200000000000000000000000000000000000006,0xa1832f7F4e534aE557f9B5AB76dE54B1873e498B,0x940181a94A35A4569E4529A3CDfB74e38FD98631,18,18,18,1,81751912499384014519,1e-18,81.75191249938402,81751912499384014520,201343343129782,29851754630431332072853,29851.754630431333,6.572461062898064e-21,196.19949496769692,0,196.19949496769692,152.15000749796144,1785369600
CL-VVV/DIEM,0.0007415268564792942,0x782D7C494d5DDC20c246a82aC8fe277e2728d002,0x8add35fF47e34f0A11b46Ea5B638389BF52b2f8E,0xacfE6019Ed1A7Dc6f7B508C02d1b04ec88cC21bf,0xF4d97F2da56e8c3098f3a8D538DB630A2606a024,0x940181a94A35A4569E4529A3CDfB74e38FD98631,18,18,18,10998025628203213534,86236873888106811,10.998025628203214,0.08623687388810682,11084262502091320345,0,5388933785713865568599,5388.933785713866,0.0,0,0,0,nan,0
CL-USDC/AERO,0.15588974020486188,0xCCd9cC53b63662088c738B8BC06E9078Fb8D9ad4,0x491300eC768Cf28B13A8d3BbFd87713dD728b0AD,0x833589fCD6eDb6E08f4c7C32D4f71b54bdA02913,0x940181a94A35A4569E4529A3CDfB74e38FD98631,0x940181a94A35A4569E4529A3CDfB74e38FD98631,18,6,18,26137180,53197852314305578824,26.13718,53.19785231430558,53197852314331716004,7744293686806579,1132905006063789294489477,1132905.0060637894,1.9992892883682713e-21,2265.0048433621255,0,2265.0048433621255,500.17774106925486,1785369600
CL-BIO/VITA,0.0010113663888117353,0x5bd27255061a0e8BCE2fC32BBB50D3be4e0B28BD,0xdC2FF82fB3C5184C61b034505FC8ecd51df5f482,0x226A2FA2556C48245E57cd1cbA4C6c9e67077DD2,0x490a4B510d0Ea9f835D2dF29Eb73b4FcA5071937,0x940181a94A35A4569E4529A3CDfB74e38FD98631,18,18,18,6396540495742491802,1,6.396540495742491,1e-18,6396540495742491803,49575467776645,7349951596197073659392,7349.951596197074,9.656488006035322e-22,7.097471943361722,0,7.097471943361722,1035.5731808241237,1785369600
CL-LCAP/USDC,0.0407878632005936,0xC8C15670050541255f9b797C008047682524861F,0xa45562bbD6Cfb11fCfbb96c038001D6FC8b43990,0x4dA9A0f397dB1397902070f93a4D6ddBC0E0E6e8,0x833589fCD6eDb6E08f4c7C32D4f71b54bdA02913,0x940181a94A35A4569E4529A3CDfB74e38FD98631,18,18,6,362676911110548789,5514531,0.3626769111105488,5.514531,362676911116063320,1999325665061431,296419599813768469848600,296419.59981376847,0.0,0,0,0,nan,0
CL-LINK/AERO,0.0011964847180346622,0x07b1Be2F179313C4F3C7124893d46990672c3F1a,0x1c484bA49128bF0D9191ADb349AF154c1196EA4a,0x88Fb150BDc53A65fe94Dea0c9BA0a6dAf8C6e196,0x940181a94A35A4569E4529A3CDfB74e38FD98631,0x940181a94A35A4569E4529A3CDfB74e38FD98631,18,18,18,20412355936237465,139169505625994551,0.020412355936237466,0.13916950562599456,159581861562232016,58656025404104,8695270932897575544010,8695.270932897576,0.0,0,0,0,nan,0
CL-SPON/WETH,0.00025859149640075125,0xb51C06EE6a8459630F0b98A2372F8121aF8F61b1,0x1f5aB71271879f5C28832B26753CD868f49f1857,0x080D43c2164AFdBc3712422CE78Ab902ccaB5CA1,0x4200000000000000000000000000000000000006,0x940181a94A35A4569E4529A3CDfB74e38FD98631,18,18,18,1687585823357899838569,43426748526153,1687.5858233579,4.3426748526153e-05,1687585866784648364722,61852547891,1879274418014590021596,1879.27441801459,0.0,0,0,0,nan,1785369600
CL-WETH/WCT,0.003267163955096,0xEBd2eeaB20CeFa41C94343F506ac506bfc3F681e,0xC5135Bcc045dc47Fc2a79483E3aD8E7B9C6512EF,0x4200000000000000000000000000000000000006,0xeF4461891DfB3AC8572cCf7C794664A8DD927945,0x940181a94A35A4569E4529A3CDfB74e38FD98631,18,18,18,256492352589246,8771776767579553684,0.000256492352589246,8.771776767579553,8772033259932142930,160173021577710,23743617735812926422091,23743.617735812928,4.409179316593349e-21,104.68986822184536,0,104.68986822184536,226.7995761108276,1785369600
CL-WETH/RSR,0.0014710561333643414,0xC36eaA38e17b0270a374969dd301AF981f50b2B2,0xB8fA634ab603B4CF2217Dc0f71522feaeE64AeeF,0x4200000000000000000000000000000000000006,0xaB36452DbAC151bE02b16Ca17d8919826072f64a,0x940181a94A35A4569E4529A3CDfB74e38FD98631,18,18,18,116346180441716,64858593902117744911,0.000116346180441716,64.85859390211775,64858710248298186627,72118432027984,10690676984253045873216,10690.676984253047,0.0,0,0,0,nan,0
CL-WETH/APU,0.0014697455712823536,0x7f94857597C318056d0313CE32a6e154298c1a8e,0xdA6d1A0ec6A40B1F97b901d99c9CeBe8553F90F9,0x4200000000000000000000000000000000000006,0xB9926b3fBc5873Db0182016D55727D5ae89E5EFd,0x940181a94A35A4569E4529A3CDfB74e38FD98631,18,18,18,1,1,1e-18,1e-18,2,72054181806470,10681152673406865476919,10681.152673406865,0.0,0,0,0,nan,0
CL-USDC/VFY,0.0005384403874198545,0xF81d3c731b3AC5a4DFC968f514860beDEEbeBAf2,0xC2607b22f95D6030B9560C872661509D928c2e45,0x833589fCD6eDb6E08f4c7C32D4f71b54bdA02913,0xa749dE6c28262B7ffbc5De27dC845DD7eCD2b358,0x940181a94A35A4569E4529A3CDfB74e38FD98631,18,6,18,2788,72319157735120510,0.002788,0.07231915773512052,72319157735123298,26397005253940,3913033722252970535040,3913.0337222529706,0.0,0,0,0,nan,0
CL-USDC/WCT,0.0007620248912666862,0x3f932B543490c477846288e48e4546A04FF1410e,0xd2E50D99b8e002b8B617c2Fe9e2F3617b4E277C0,0x833589fCD6eDb6E08f4c7C32D4f71b54bdA02913,0xeF4461891DfB3AC8572cCf7C794664A8DD927945,0x940181a94A35A4569E4529A3CDfB74e38FD98631,18,6,18,46463,1,0.046463,1e-18,46464,37358345910191,5537900139718873286805,5537.900139718873,1.3791327886551558e-21,7.637499662984267,0,7.637499662984267,725.0933399786235,1785369600
CL-XSGD/WETH,0.025524146765154642,0xfEbEeBAa6C9585Fd97aa9157E3B7aACe804b688C,0xF3fa5d26f7385d415D31310b715BA09892Ae373f,0x0A4C9cb2778aB3302996A34BeFCF9a8Bc288C33b,0x4200000000000000000000000000000000000006,0x940181a94A35A4569E4529A3CDfB74e38FD98631,18,6,18,6710913,3083953147234089,6.710913,0.003083953147234089,3083953153945002,1251035570015942,185492859297540372607676,185492.85929754036,0.0,0,0,0,nan,0
CL-WETH/AUDD,0.0005804324231966095,0xBdb6f998176b2766beFB2037033dfB3F8e368d52,0x0caC405DEB53494D37158f70e46cD98A275D69f2,0x4200000000000000000000000000000000000006,0x449B3317a6d1efb1Bc3ba0700C9EaA4FFFf4Ae65,0x940181a94A35A4569E4529A3CDfB74e38FD98631,18,18,6,10516133861725,26556,1.0516133861725e-05,0.026556,10516133888281,28449202008226,4218204463340726576507,4218.204463340727,0.0,0,0,0,nan,0
CL-WETH/SEND,1.855574427355131e-05,0x69959Af9c0CaE8eB69C2f3de816Cad8A8f6688b0,0x0D3Bbb0F96badc2975e215Ceb0033E7a896391B9,0x4200000000000000000000000000000000000006,0xEab49138BA2Ea6dd776220fE26b7b8E446638956,0x940181a94A35A4569E4529A3CDfB74e38FD98631,18,18,18,1,1,1e-18,1e-18,2,909514626376,134851052744843442013,134.85105274484346,0.0,0,0,0,nan,0
CL-USDC/ZEN,0.06498393374108646,0xbFA5184f90B071C34C85d065b8c7877617248ef7,0x78F5a590Da87B546311dC0E7F4f3Be77CFeeB2a0,0x833589fCD6eDb6E08f4c7C32D4f71b54bdA02913,0xf43eB8De897Fbc7F2502483B2Bef7Bb9EA179229,0x940181a94A35A4569E4529A3CDfB74e38FD98631,18,6,18,5212541,2435756611323154544,5.212541,2.4357566113231544,2435756611328367085,3191294107168942,472260866893781426880618,472260.8668937814,2.2124453248883944e-21,1044.851347086887,0,1044.851347086887,451.98857063301415,1785369600
CL-RECALL/WETH,2.3311366412966684e-05,0x6Ee714d6d8dF7662BcA805f58CC1d5A8886D78eB,0x2e6C36a3120361EE3f6265A0AC998EaD69aEB1d4,0x1f16e03C1a5908818F47f6EE7bB16690b40D0671,0x4200000000000000000000000000000000000006,0x940181a94A35A4569E4529A3CDfB74e38FD98631,18,18,18,211300075542154359554,2869859641389837,211.30007554215436,0.002869859641389837,211302945401795749391,0,169411814226716986560,169.41181422671698,0.0,0,0,0,nan,0
CL-WETH/uZEC,0.009390762035190323,0x3054f64E28140EE00428bE94Eac4aD6F7241712a,0x76E017276E8861968A86A56919B2235c505B6438,0x4200000000000000000000000000000000000006,0x83f31af747189c2FA9E5DeB253200c505eff6ed2,0x940181a94A35A4569E4529A3CDfB74e38FD98631,18,18,18,957667470533283,1019951185837328,0.000957667470533283,0.001019951185837328,1977618656370611,460302781995719,68245936560288733312657,68245.93656028874,1.86244984718071e-21,127.1046341174142,0,127.1046341174142,536.9272098863513,1785369600
CL-kVCM/USDC,0.0001930126709646,0x5aAdAcac0deDeDd534990Ddc0Ea6565d104B48DE,0x740546B5d6Ef109D33124b7E93B8ebf5f8f78d1B,0x00fBAC94Fec8D4089d3fe979F39454F48c71A65d,0x833589fCD6eDb6E08f4c7C32D4f71b54bdA02913,0x940181a94A35A4569E4529A3CDfB74e38FD98631,18,18,6,204880413479692090095,12081567,204.8804134796921,12.081567,204880413479704171662,46168570508,1402690266095642831983,1402.6902660956428,0.0,0,0,0,nan,1785369600
CL-BIO/USDC,0.09852968573577019,0xd40BffA9C9E35493B88a2b6744C49D8716b00898,0x134cE8d4299dF4B6b4938754a1D13a3aD2c24D54,0x226A2FA2556C48245E57cd1cbA4C6c9e67077DD2,0x833589fCD6eDb6E08f4c7C32D4f71b54bdA02913,0x940181a94A35A4569E4529A3CDfB74e38FD98631,18,18,6,918282756249665526053,13343935,918.2827562496656,13.343935,918282756249678869988,4840170509282879,716049523652132100841156,716049.5236521321,2.8081398952012626e-21,2010.7672343074123,0,2010.7672343074123,356.1076147626644,1785369600
CL-USDC/TITN,0.0012719801254305497,0x611865e603862a3D1cd29146458564a684e1cBbb,0xf852a8F5BF12A588f1c4605E62D324a831D76854,0x833589fCD6eDb6E08f4c7C32D4f71b54bdA02913,0xe62bfbE57763ec24c0F130426F34DbCe11Fc5B06,0x940181a94A35A4569E4529A3CDfB74e38FD98631,18,6,18,1167,132031464068000001,0.001167,0.132031464068,132031464068001168,62356918433672,9243922337802276260831,9243.922337802276,3.304738376768806e-21,30.5487449016056,0,30.5487449016056,302.5958142495219,1785369600
CL-WETH/COMMON,0.06189259394463717,0x45dF01EFA0dE71725d4d8fC1165b102bC2E989Fb,0xB716cB1E4c8b6c1Dc78C9E72ea47D99562e52657,0x4200000000000000000000000000000000000006,0x4c87da04887a1F9F21F777E3A8dD55C3C9f84701,0x940181a94A35A4569E4529A3CDfB74e38FD98631,18,18,18,1129010745388102,31711275341616178260121,0.001129010745388102,31711.27534161618,31711276470626923648223,3037153118649356,449795024521863762256786,449795.0245218637,5.7223131040316e-20,25738.67962949676,0,25738.67962949676,17.4754506057255,1785369600
CL-USDC/CHECK,0.0012348713861003002,0xf0125d06B76CEbC2Ab3831A938E07Ab6988B00c9,0xd54F8A71BFE766963EE3c8d3C76bCe35C64A5f6B,0x833589fCD6eDb6E08f4c7C32D4f71b54bdA02913,0x9126236476eFBA9Ad8aB77855c60eB5BF37586Eb,0x940181a94A35A4569E4529A3CDfB74e38FD98631,18,6,18,149500113,3168434961304006354502,149.500113,3168.4349613040063,3168434961304155854615,0,8974240211828441224163,8974.24021182844,0.0,0,0,0,nan,0
CL-CHECK/TOWER,0.0014783761096178031,0xB5a64B150730b6c475CDC9C40632CE1D1ebf3ceC,0x58700106298036e6D74A3deb237B9ADAe17D2FAe,0x9126236476eFBA9Ad8aB77855c60eB5BF37586Eb,0xf7C1CEfCf7E1dd8161e00099facD3E1Db9e528ee,0x940181a94A35A4569E4529A3CDfB74e38FD98631,18,18,18,1195653546166491926,229624435486618931155,1.1956535461664919,229.62443548661892,230820089032785423081,72468220703130,10743873799713234868091,10743.873799713234,9.584893718444215e-21,102.97888849462876,0,102.97888849462876,104.33083864828876,1785369600
CL-WETH/LITKEY,0.013565995385530457,0xCd1F9777571493AEAcb7eaE45cD30a226d3e612d,0x413112E5434C7d3b00cAD0948d89dCA460f6fB46,0x4200000000000000000000000000000000000006,0xF732A566121Fa6362E9E0FBdd6D66E5c8C925E49,0x940181a94A35A4569E4529A3CDfB74e38FD98631,18,18,18,47214478039005,488755592869687946175,4.7214478039005e-05,488.755592869688,488755640084165985180,664982443995375,98588810683170238960840,98588.81068317023,0.0,0,0,0,nan,0
CL-WETH/ROOM,9.628065287531608e-07,0x827F373b058CcfDa902E0Fbd11702d56e92784DD,0xb7A4B01d15981Dc4a641303c87BFBC2c9662517E,0x4200000000000000000000000000000000000006,0x6555255b8dEd3c538Cb398d9E36769f45D7d3ea7,0x940181a94A35A4569E4529A3CDfB74e38FD98631,18,18,18,11629581314451,711909773617499351863,1.1629581314451e-05,711.9097736174994,711909785247080666314,0,6997050189845250029,6.99705018984525,0.0,0,0,0,nan,1785369600
CL-ICP/WETH,0.04309956442895534,0xBe762d548f8CA86A78E9Da6e3DdC87F91457e398,0x7140E2eE393c885FDa93A4a6b0a05564c6AdEdFc,0x00f3C42833C3170159af4E92dbb451Fb3F708917,0x4200000000000000000000000000000000000006,0x940181a94A35A4569E4529A3CDfB74e38FD98631,18,8,18,241521655,3614630997618574,2.41521655,0.003614630997618574,3614631239140229,2113011601887914,313219537325327401627138,313219.5373253274,2.9523058319580764e-21,924.7198667287744,0,924.7198667287744,338.7182957724823,1785369600
CL-HYPE/WETH,0.2094913740988317,0x9E48d016eE76cf53e2De8dc8058c7549c8c202DF,0x9495E37F2dd9b54f6b473a46ede1F1641459868e,0x15D0e0c55a3E7eE67152aD7E89acf164253Ff68d,0x4200000000000000000000000000000000000006,0x940181a94A35A4569E4529A3CDfB74e38FD98631,18,18,18,355992267444441267,10899897937668805,0.3559922674444413,0.010899897937668806,366892165382110072,10270000502419153,1522446737879331587694677,1522446.7378793317,2.618291142126212e-21,3986.2088081484007,0,3986.2088081484007,381.9284967629456,1785369600
CL-WETH/LSK,0.0001588358705534096,0x275BE3a43B66516e532BcaA36eE453EDd47614ea,0x90F6Ef29a0915Cd33dbf0ce779B46923DB5cbb22,0x4200000000000000000000000000000000000006,0xac485391EB2d7D88253a7F1eF18C37f4242D1A24,0x940181a94A35A4569E4529A3CDfB74e38FD98631,18,18,18,1,1,1e-18,1e-18,2,7787131668046,1154315560831537125886,1154.3155608315371,9.566051239684831e-21,11.042241801680017,0,11.042241801680017,104.53634158381809,1785369600
CL-USDC/CHECK,0.04628443464124998,0x5a7B4970B2610aEe4776A6944d9F2171EE6060B0,0xeCCE253d45D14A8D8cdf230AD6DE75d7dA2E2151,0x833589fCD6eDb6E08f4c7C32D4f71b54bdA02913,0x9126236476eFBA9Ad8aB77855c60eB5BF37586Eb,0x940181a94A35A4569E4529A3CDfB74e38FD98631,18,6,18,1943591,116654188765034737517,1.943591,116.65418876503473,116654188765036681108,2269137886647199,336365097786396852708350,336365.09778639686,9.329951488217069e-21,3138.2700446764734,0,3138.2700446764734,107.18169341640356,1785369600
CL-TRUST/USDC,0.008393262056350239,0x52448E17DABcb3b6654045974Afd572090BCC1F5,0x43cBf909CDE242941Ff0827c9Dd4653C7472900d,0x6cd905dF2Ed214b22e0d48FF17CD4200C1C6d8A3,0x833589fCD6eDb6E08f4c7C32D4f71b54bdA02913,0x940181a94A35A4569E4529A3CDfB74e38FD98631,18,18,6,1,2814846,1e-18,2.814846,2814847,411476721038930,60996756992144122641870,60996.756992144125,8.751726614197718e-22,53.38269415478985,0,53.38269415478985,1142.631670392587,1785369600
CL-USDC/elizaOS,0.0014455141960984968,0x84b783723DaC9B89d0981FFf3dcE369bC5870C16,0x757319eb2053b7Be8b4Da20652324FD812f45bf2,0x833589fCD6eDb6E08f4c7C32D4f71b54bdA02913,0xea17Df5Cf6D172224892B5477A16ACb111182478,0x940181a94A35A4569E4529A3CDfB74e38FD98631,18,6,9,213434,1,0.213434,1e-09,213435,70867694775918,10505054835194257282510,10505.054835194256,0.0,0,0,0,nan,0
CL-USDC/cbBTC,0.0013535180964886996,0x95DaDA6BC214A86Af204250F7b6FF873b52e0289,0x989612FdbEFb492dAf3E56406838D17c61B0ed2C,0x833589fCD6eDb6E08f4c7C32D4f71b54bdA02913,0xcbB7C0000aB88B473b1f5aFd9ef808440eed33Bf,0x940181a94A35A4569E4529A3CDfB74e38FD98631,18,6,8,721374,1583,0.721374,1.583e-05,722957,64189497123117,9836487156209621395524,9836.487156209621,1.2457471661785663e-21,12.253776,0,12.253776,802.7311055963175,1785369600
CL-SOL/cbBTC,0.01969698031036404,0xa25773F75d7190E130D501509D22592151dB3915,0xAB69fc62A7F435cD87b84DEe6ed545145E63770f,0x311935Cd80B76769bF2ecC9D8Ab7635b2139cf82,0xcbB7C0000aB88B473b1f5aFd9ef808440eed33Bf,0x940181a94A35A4569E4529A3CDfB74e38FD98631,18,9,8,4481109255,533300,4.481109255,0.005333,4481642555,0,143144812279668910025729,143144.8122796689,0.0,0,0,0,nan,0
CL-MYRC/USDC,0.00018644547424529818,0x8d15046288Df104C9757a18fABaf587a88209D48,0x81Fbc2c15CaAf32CD5fdc0427cBA2817d7629238,0x3eD03E95DD894235090B3d4A49E0C3239EDcE59e,0x833589fCD6eDb6E08f4c7C32D4f71b54bdA02913,0x940181a94A35A4569E4529A3CDfB74e38FD98631,18,18,6,1,146413,1e-18,0.146413,146414,9138340181253,1354964161546841287637,1354.9641615468413,0.0,0,0,0,nan,0
CL-RAVE/USDC,0.5501203035391569,0x51663B8A28E7Ea197c5CcF983AfC084Da0a8023D,0x8eF58803e5522986Be1896c1Ea024553A50e0940,0x1aA8fD5BCce2231C6100d55Bf8B377cff33Acfc3,0x833589fCD6eDb6E08f4c7C32D4f71b54bdA02913,0x940181a94A35A4569E4529A3CDfB74e38FD98631,18,18,6,285818610532678907917,45835110,285.8186105326789,45.83511,285818610532724743027,26985643240315729,3997915738379072066671093,3997915.738379072,0.0,0,0,0,nan,0
CL-USDC/cbBTC,0.43191411349916997,0xFCda5ab6BBC1fe5B8e1a185e86bb5f24b12e2278,0xB705606141ECa43b4192C8D8D2211CD19eA4d381,0x833589fCD6eDb6E08f4c7C32D4f71b54bdA02913,0xcbB7C0000aB88B473b1f5aFd9ef808440eed33Bf,0x940181a94A35A4569E4529A3CDfB74e38FD98631,18,6,8,58429056,82570,58.429056,0.0008257,58511626,21208354002583082,3138870208711480432431561,3138870.2087114807,1.0751766725457911e-21,3374.840026555523,0,3374.840026555523,930.0797027452347,1785369600
CL-THQ/USDC,0.0022145079371140982,0x00D43aad1B34E7bA8D037E060517F7b5318c0B83,0x6CC472a3E4E23f4e7B3188E424Fb40F7BFAd8A77,0x0b2558bdBC7FFEC0f327fB3579c23daBD1699706,0x833589fCD6eDb6E08f4c7C32D4f71b54bdA02913,0x940181a94A35A4569E4529A3CDfB74e38FD98631,18,18,6,448679877129297823200,5270529,448.67987712929784,5.270529,448679877129303093729,98673253687678,16093600031840400621698,16093.600031840402,9.101830061613678e-20,1464.812125693918,0,1464.812125693918,10.986801480917878,1785369600
CL-MOCA/CHECK,8.984922305328469e-05,0xD4E145Efdbbbb97CE8C23d4C0Fd59C902Bc34dFa,0x181aBe1152ECC190889DD4A25991c0D214AC9695,0x2B11834Ed1FeAEd4b4b3a86A6F571315E25A884D,0x9126236476eFBA9Ad8aB77855c60eB5BF37586Eb,0x940181a94A35A4569E4529A3CDfB74e38FD98631,18,18,18,3135426370917526564,1080597621993032981,3.1354263709175267,1.0805976219930329,4216023992910559545,4404827065200,652965579737579188216,652.9655797375791,0.0,0,0,0,nan,0
CL-cbETH/cbBTC,0.4183506227592544,0x8BB9eAF3C5A906D20c4CC10eA2F73A3Ac2D5d41A,0x2B0C60C15f896d138dB9f4ec0605A912A377f6ef,0x2Ae3F1Ec7F1F5012CFEab0185bfc7aa3cf0DEc22,0xcbB7C0000aB88B473b1f5aFd9ef808440eed33Bf,0x940181a94A35A4569E4529A3CDfB74e38FD98631,18,18,8,33130893450589928,87419,0.03313089345058993,0.00087419,33130893450677347,20513010427319939,3040299600159841115268610,3040299.600159841,1.7366894346071337e-21,5280.056193637889,0,5280.056193637889,575.8081900384311,1785369600
CL-CHECK/SAND,0.0008006069151584126,0x3f985184335BD9e0A4774C79668Ce57EE2AaCFe2,0xfab8FcF5137630d186bC29A3f985661A152d1263,0x9126236476eFBA9Ad8aB77855c60eB5BF37586Eb,0xac531Eb26Ca1d21b85126De8FB87E80E09002DcF,0x940181a94A35A4569E4529A3CDfB74e38FD98631,18,18,18,5917856151423026131,1723894638551550608,5.917856151423027,1.7238946385515506,7641750789974576739,39244962642109,5818289137439753236703,5818.289137439754,0.0,0,0,0,nan,0
CL-WETH/MOLT,0.0020491489478733724,0x85Fb468A5E65a537C5Ac767776599708a3D41046,0x83c20bA54325741fE1D84632E423D187C8b4f3c2,0x4200000000000000000000000000000000000006,0xB695559b26BB2c9703ef1935c37AeaE9526bab07,0x940181a94A35A4569E4529A3CDfB74e38FD98631,18,18,18,30842470175756,10051441920574664172249,3.0842470175756e-05,10051.441920574664,10051441951417134348005,100463441130736,14891878696861717629345,14891.878696861719,0.0,0,0,0,nan,0
CL-UP/cbBTC,0.017250913483227687,0x1E726F3177a933cc134Fd0ea7C326EAb270E0137,0x46ded54E6C6B8bDdcc4F034f670Efc284A1B490B,0x5b2193fDc451C1f847bE09CA9d13A4Bf60f8c86B,0xcbB7C0000aB88B473b1f5aFd9ef808440eed33Bf,0x0000000000000000000000000000000000000000,18,18,8,0,0,0.0,0.0,0,0,125368393190204555556324,125368.39319020456,0.0,0,0,0,nan,0
CL-USDC/RNBW,0.01562620861961752,0x4bf85cA48a620BAf9DDE3b6A7A6d88b219827caA,0x0099140A97ACc1cc831ECB39Ab5FD60FC9F6BB64,0x833589fCD6eDb6E08f4c7C32D4f71b54bdA02913,0xa53887F7e7c1bf5010b8627F1C1ba94fE7a5d6E0,0x940181a94A35A4569E4529A3CDfB74e38FD98631,18,6,18,1442508,125422648304142704825,1.442508,125.42264830414271,125422648304144147333,766117333711202,113561097399338032656104,113561.09739933805,1.2558043903854398e-21,142.61052469107727,0,142.61052469107727,796.3023601892913,1785369600
CL-msUSD/msETH,7.236854427106803e-05,0x8845126640B36df1D24bf3dF9B2903fD4c730FE6,0x019a8a996B6cb2e2e12fe95997FA9ef733c99765,0x526728DBc96689597F85ae4cd716d4f7fCcBAE9d,0x7Ba6F01772924a82D9626c126347A28299E98c98,0x940181a94A35A4569E4529A3CDfB74e38FD98631,18,18,18,424141356200800690151,289503111749875168,424.1413562008007,0.28950311174987514,424430859312550565319,0,525927402140124503311,525.9274021401245,0.0,0,0,0,nan,0
CL-wtCOIN/USDC,0.008200257020956529,0x4618dFcbC52d9fbCd45Ec4A65fc61B5DA57Ad205,0x9a48ed41616C312C9Dd5D221B06828C21f8CD207,0x5cDa0E1CA4ce2af96315f7F8963C85399c172204,0x833589fCD6eDb6E08f4c7C32D4f71b54bdA02913,0x940181a94A35A4569E4529A3CDfB74e38FD98631,18,18,6,4250124348312548,1224288,0.004250124348312548,1.224288,4250124349536836,402033042478847,59594122216400022824825,59594.12221640002,1.797602418573448e-21,107.12653822896232,0,107.12653822896232,556.2965368023848,1785369600
CL-WBTC/cbBTC,2.5362690677210586e-05,0x383567feDD4e7Dfdd44c8df9624C19eFdB6D7B35,0xdF383F80C8067Ff91528651b28e063D8Fc953ADb,0x0555E30da8f98308EdB960aa94C0Db47230d2B9c,0xcbB7C0000aB88B473b1f5aFd9ef808440eed33Bf,0x940181a94A35A4569E4529A3CDfB74e38FD98631,18,8,8,1,4,1e-08,4e-08,5,1243486538021,184319501704853893507,184.31950170485388,0.0,0,0,0,nan,0
CL-USDC/deSPXA,0.0041329553058004,0xf840346faFEdc1c0466216F3A899A599E6D03E75,0x0fb1DAFCC2bD0bc30477bA7B96B2e8045ADd8a03,0x833589fCD6eDb6E08f4c7C32D4f71b54bdA02913,0x9c5C365e764829876243d0b289733B9D2b729685,0x940181a94A35A4569E4529A3CDfB74e38FD98631,18,6,18,49009,5476007385675,0.049009,5.476007385675e-06,5476007434684,202631282282113,30035624856555780554508,30035.62485655578,0.0,0,0,0,nan,0
CL-USDC/PENDLE,0.0001933363331862215,0xa2440Bc42F9933914A2d246Ab471e5B2D7aa5045,0x55E13F1653FB7C40c9E2934b0B1fFaCF10AFFA18,0x833589fCD6eDb6E08f4c7C32D4f71b54bdA02913,0xA99F6e6785Da0F5d6fB42495Fe424BCE029Eeb3E,0x940181a94A35A4569E4529A3CDfB74e38FD98631,18,6,18,66753,82045227290382292,0.066753,0.08204522729038229,82045227290449045,9426045146502,1405042432124445396539,1405.0424321244454,2.4563226886825833e-21,3.4512376045890343,0,3.4512376045890343,407.11263410441273,1785369600
CL-WETH/DRV,0.45332966514351986,0xEF7E596AEF9e4c6301b4D1F1e88F8fFE8C306222,0xA9BFEB96Bc114cf7523Bdd3065e5561F2A074A89,0x4200000000000000000000000000000000000006,0x9d0E8f5b25384C7310CB8C6aE32C8fbeb645d083,0x940181a94A35A4569E4529A3CDfB74e38FD98631,18,18,18,23231333418590706,162438621701380559621,0.023231333418590707,162.43862170138055,162461853034799150327,22224549050572940,3294504477096417866400979,3294504.477096418,0.0,0,0,0,nan,0
CL-WETH/ZRO,0.7265071234169489,0x717e174d5dAe280802D1a2c15C1C0976561A3f61,0x27461E3bD492F7d8c08F21aAb9C817ee00154Eef,0x4200000000000000000000000000000000000006,0x6985884C4392D348587B19cb9eAAf157F13271cd,0x940181a94A35A4569E4529A3CDfB74e38FD98631,18,18,18,18926493922487691,39372124115079272976,0.01892649392248769,39.372124115079274,39391050609001760667,35693443192991905,5279780157298606750891675,5279780.157298607,0.0,0,0,0,nan,0
CL-WETH/VVV,3.221502873921156,0xA135B59Fe221C0c8D441294f97f96Fbc37Bc9fbE,0xCa9740aFFeDF731f95B3FBAb8d40835781c7aE4D,0x4200000000000000000000000000000000000006,0xacfE6019Ed1A7Dc6f7B508C02d1b04ec88cC21bf,0x940181a94A35A4569E4529A3CDfB74e38FD98631,18,18,18,4640256058859793,17386175930936139176,0.004640256058859793,17.38617593093614,17390816186994998969,158020050587342227,23411782764651348393378619,23411782.76465135,0.0,0,0,0,nan,0
CL-SOL/cbBTC,0.6627692535020647,0xCcfA472815563ff9eB2de95C7b2bE1Ccf91f7F31,0xBe13347c7e999D57a85138406b7e0116312eB055,0x311935Cd80B76769bF2ecC9D8Ab7635b2139cf82,0xcbB7C0000aB88B473b1f5aFd9ef808440eed33Bf,0x940181a94A35A4569E4529A3CDfB74e38FD98631,18,9,8,1446278145,159772,1.446278145,0.00159772,1446437917,32507151695355234,4816574869974874949589289,4816574.869974875,1.4029891426955739e-21,6757.602247555094,0,6757.602247555094,712.7638907302535,1785369600
CL-UP/cbBTC,0.3217492413241038,0x37e1490f7f6F98d263f826E1244C7E7f128632F2,0x9beDC4b57DD354fb8F585d79Ec30763edA265319,0x5b2193fDc451C1f847bE09CA9d13A4Bf60f8c86B,0xcbB7C0000aB88B473b1f5aFd9ef808440eed33Bf,0x940181a94A35A4569E4529A3CDfB74e38FD98631,18,18,8,2408512246479922112268,137104,2408.512246479922,0.00137104,2408512246479922249372,15788076418983047,2338263735087904565205528,2338263.7350879046,1.7888175776921236e-21,4182.727270605283,0,4182.727270605283,559.0284959577425,1785369600
CL-WETH/cbXRP,0.4652029182669915,0xB90fe999Be6869AF0aFC557DCCfBE169EA3403D6,0x847A399203C63b03AF1C2FC6Fc7cCf4E1386Fe63,0x4200000000000000000000000000000000000006,0xcb585250f852C6c6bf90434AB21A00f02833a4af,0x940181a94A35A4569E4529A3CDfB74e38FD98631,18,18,6,14604338467565193,15205448,0.014604338467565193,15.205448,14604338482770641,22835830609897858,3380791540530911034664663,3380791.540530911,1.7999436522987636e-21,6085.234273123971,0,6085.234273123971,555.5729473658074,1785369600
CL-SOL/USDC,1.36737710795774,0x1131DB5977242a03eBeaD1aCD18F80A9A29e5922,0xC58eC2d32FFA0c8c0cf5d15ceF7AE3cC70d2fa69,0x311935Cd80B76769bF2ecC9D8Ab7635b2139cf82,0x833589fCD6eDb6E08f4c7C32D4f71b54bdA02913,0x940181a94A35A4569E4529A3CDfB74e38FD98631,18,9,6,1822429570,136586013,1.82242957,136.586013,1959015583,67082789431187621,9937205416768258350413446,9937205.416768258,9.207025954807694e-22,9149.210819044096,0,9149.210819044096,1086.1270565636055,1785369600
CL-MEZO/MUSD,0.09647656682877288,0xEF458A3263d2a8C7f3ed9e949aE2F9B345D08b1F,0x25B2cd9d8864D3d3b5dCA9f89fd32357e149c063,0x8e4cbBcc33dB6c0a18561fDE1F6bA35906d4848b,0xdD468A1DDc392dcdbEf6db6e34E89AA338F9F186,0x940181a94A35A4569E4529A3CDfB74e38FD98631,18,18,18,4431044136521660707168,12268582596522766811,4431.044136521661,12.268582596522768,4443312719118183473979,5133937734691911,701128793880405183211621,701128.7938804053,1.4604437140851834e-21,1023.9591397867639,0,1023.9591397867639,684.7234099852978,1785369600
CL-USDC/MUSD,0.15685235619140367,0xFF56D037D948faD1027a1AC82ae610e4b694c641,0x18fbca64a478ACF51f9dC6f98b36EE8D6594072b,0x833589fCD6eDb6E08f4c7C32D4f71b54bdA02913,0xdD468A1DDc392dcdbEf6db6e34E89AA338F9F186,0x940181a94A35A4569E4529A3CDfB74e38FD98631,18,6,18,19492588,1596957431092778723,19.492588,1.5969574310927788,1596957431112271311,7734411753826917,1139900671517058088196583,1139900.671517058,1.3790059307828657e-22,157.19297865253944,0,157.19297865253944,7251.600429537652,1785369600
CL-CHIP/USDC,0.052742594200531616,0x592E01EDEb601016a20A3E6cD5bF533eBBadBC8b,0x3808E53a5D0419D0670534C8918b7FD6A5B29cee,0x0C1c1C109FE34733fca54b82d7B46B75CFb71F6e,0x833589fCD6eDb6E08f4c7C32D4f71b54bdA02913,0x940181a94A35A4569E4529A3CDfB74e38FD98631,18,18,6,690554402656831244277,1514870,690.5544026568313,1.51487,690554402656832759147,2595693618585527,383298791338351944938969,383298.79133835196,0.0,0,0,0,nan,0
CL-USDC/cbBTC,3.6351051393470177,0x160D7E9d948B16c163332a277b393c288408eb12,0x7B0f1103746648FBfce9222f1266f79B934E16b2,0x833589fCD6eDb6E08f4c7C32D4f71b54bdA02913,0xcbB7C0000aB88B473b1f5aFd9ef808440eed33Bf,0x940181a94A35A4569E4529A3CDfB74e38FD98631,18,6,8,492342864,717140,492.342864,0.0071714,493060004,178210014508456336,26417574399203501136397741,26417574.399203498,1.2975322740238796e-21,34277.65538439354,0,34277.65538439354,770.6937391998899,1785369600
CL-WETH/cbBTC,10.262681083118053,0x42d4a22CaD0F5a49681a5715cE994Af73A43B76b,0x61E0B10423a0009C3f83ab4313813d29437d0817,0x4200000000000000000000000000000000000006,0xcbB7C0000aB88B473b1f5aFd9ef808440eed33Bf,0x940181a94A35A4569E4529A3CDfB74e38FD98631,18,18,8,801352263619681534,2162835,0.8013522636196815,0.02162835,801352263621844369,503013676424318435,74582475789756821860095499,74582475.78975682,1.53045080346699e-21,114144.80999699066,0,114144.80999699066,653.4022509803392,1785369600
CL-WETH/USDC,14.57087569801131,0x3FE04A59Ebd38cF06080a6F60a98D124eb59392A,0xA0B61fdB9f1FB9b917Fe38b49427Fd4D87472D28,0x4200000000000000000000000000000000000006,0x833589fCD6eDb6E08f4c7C32D4f71b54bdA02913,0x940181a94A35A4569E4529A3CDfB74e38FD98631,18,18,6,1160938991193582870,1872951636,1.1609389911935828,1872.951636,1160938993066534506,714274381765135306,105891625704918526317187690,105891625.70491853,1.295974464207425e-21,137232.842886985,0,137232.842886985,771.6201419227552,1785369600
CL-WETH/RED,0.05907312879294598,0x0040559f59e2391eC57162826df354B1BBb05c12,0x2e60483407832D535f235bEdBb0624A5536A52d2,0x4200000000000000000000000000000000000006,0x4eB92702bA4cfbF80561BAd64D89C706Ac824960,0x940181a94A35A4569E4529A3CDfB74e38FD98631,18,18,18,236288396381816,5538069692178120135,0.000236288396381816,5.53806969217812,5538305980574501951,2901014890513280,429304989830833242265806,429304.9898308332,1.1305532692509443e-21,485.3521597589919,0,485.3521597589919,884.5226732770909,1785369600
CL-CHZ/USDC,0.09875177070093738,0xa11fBd0f7112f2fad10F92f09B4A8d85E8ddD401,0xFfE0d0C52E87D3118319E2747c222651A0678c84,0x70c8392DE9b39a1E48d12A70Af6FF4Be25D6D0A2,0x833589fCD6eDb6E08f4c7C32D4f71b54bdA02913,0x940181a94A35A4569E4529A3CDfB74e38FD98631,18,18,6,1239524429773389072516,4698271,1239.524429773389,4.698271,1239524429773393770787,4841705508588613,717663492400035402228284,717663.4924000354,1.6054684587564196e-21,1152.1861010492344,0,1152.1861010492344,622.8711592220194,1785369600
CL-USDC/PROS,0.01633597633265094,0x24BDDff0577D1Ee32f92A0b92296cA9702611c6A,0x94b0c11314C50a4d7D9E123bF852AD15f007d890,0x833589fCD6eDb6E08f4c7C32D4f71b54bdA02913,0x8B7DdE054BE9D180c1Be7FaE0874697374A49832,0x940181a94A35A4569E4529A3CDfB74e38FD98631,18,6,18,729720,1766966534155335958,0.72972,1.766966534155336,1766966534156065678,800937091897912,118719226434522177174798,118719.22643452218,7.185882217037486e-22,85.31023780562795,0,85.31023780562795,1391.6175770722118,1785369600
CL-USDC/cbMEGA,1.2567887153274888,0x0150e3d89E161518C044ad191c4bdf6b40Df6E83,0x195452C2Fdbab6Eaa68769F4A924DE64774463CD,0x833589fCD6eDb6E08f4c7C32D4f71b54bdA02913,0xcb111E6A2a3bde90856D299d61341ac302167D23,0x940181a94A35A4569E4529A3CDfB74e38FD98631,18,6,18,136844656,2342306446036181125784,136.844656,2342.306446036181,2342306446036317970440,61622279134349794,9133521072572706954304201,9133521.072572706,1.82577740726457e-21,16675.77642307811,0,16675.77642307811,547.7118930386084,1785369600
CL-WETH/EURC,2.032094058825006,0xaa5fE7dCC07DCB8B7AFCd1B93874e7Cb1e0Ab50b,0x9D025C59D53fA74a4eAcd62a709faC2dfffBC150,0x4200000000000000000000000000000000000006,0x60a3E35Cc302bFA44Cb288Bc5a4F316Fdb1adb42,0x940181a94A35A4569E4529A3CDfB74e38FD98631,18,18,6,96656722709399036,144942119,0.09665672270939904,144.942119,96656722854341155,99631607667219275,14767934881474215466084944,14767934.881474216,7.601207971902033e-22,11225.414434959192,0,11225.414434959192,1315.5803705102048,1785369600
CL-WETH/AERO,7.575268572210862,0x4e506648d493C8870f55e870480f92f2F33ecE51,0x956495C06Ba757cdF85F73B5f6D5CcB505D288F1,0x4200000000000000000000000000000000000006,0x940181a94A35A4569E4529A3CDfB74e38FD98631,0x940181a94A35A4569E4529A3CDfB74e38FD98631,18,18,18,404450895889825813,3704131481539610211623,0.4044508958898258,3704.1314815396104,3704535932435500037436,338644228483447132,55052113605791501109897329,55052113.605791494,1.4780385675129505e-21,81369.14713246428,0,81369.14713246428,676.5723317238392,1785369600
CL-AORA/USDC,0.05979329042161241,0x0aeD2Bd5AbdFfCDe57c0bCf30E75cd594b8876A9,0x5B16F52bfA905Df8eB6d1C3d2ed111c8dE6f4920,0x6E84030FA86EBf585E3E18fe557e5612f7e93Bff,0x833589fCD6eDb6E08f4c7C32D4f71b54bdA02913,0x940181a94A35A4569E4529A3CDfB74e38FD98631,18,18,6,1372145977041855237875,1316524,1372.1459770418553,1.316524,1372145977041856554399,2572497315338029,434538655068962886203127,434538.6550689629,3.914831971979939e-21,1701.1458199251383,0,1701.1458199251383,255.43880482161458,1785369600
CL-VIRTUAL/USDC,0.0002514828539404236,0x86c21942420B5648bb813637dcD33b97cC57EdE9,0x10E57B782F0f8D6D6cc53774B7afB0e424d21027,0x0b3e328455c4059EEb9e3f84b5543F74E24e7E1b,0x833589fCD6eDb6E08f4c7C32D4f71b54bdA02913,0x940181a94A35A4569E4529A3CDfB74e38FD98631,18,18,6,1,314838,1e-18,0.314838,314839,12325846801613,1827613438792740934287,1827.613438792741,3.967452045290328e-21,7.250968675738349,0,7.250968675738349,252.05093560918456,1785369600
CL-GITLAWB/USDC,0.1329378078726699,0xB5E4b3e29a79FEb2aa96c68a4EA24FEdAa559aB2,0x3C2A9058D449E9ccee5bdbE0b57C8B69E6F2dbf6,0x5F980Dcfc4c0fa3911554cf5ab288ed0eb13DBa3,0x833589fCD6eDb6E08f4c7C32D4f71b54bdA02913,0x940181a94A35A4569E4529A3CDfB74e38FD98631,18,18,6,791347505351282729119411,14603925,791347.5053512828,14.603925,791347505351282743723336,6508274838316735,966105324418244468184390,966105.3244182444,9.551261918222143e-21,9227.524994107627,0,9227.524994107627,104.69820726957286,1785369600
CL-WETH/RSC,0.06833536633616007,0x6cdA37dDB9e099bB49495a9ca7Df9Cd445A6965F,0xB5032EA9aFbEd3bd359e13760e6042FEE3c5f6Ca,0x4200000000000000000000000000000000000006,0xFbB75A59193A3525a8825BeBe7D4b56899E2f7e1,0x940181a94A35A4569E4529A3CDfB74e38FD98631,18,18,18,1606198772800765,49942919798612019230,0.001606198772800765,49.94291979861202,49944525997384819995,3349298941832421,496616894169563808479514,496616.89416956384,2.2207563424949435e-21,1102.865117517199,0,1102.865117517199,450.2970365837318,1785369600
CL-VIRTUAL/WETH,0.8002029634732946,0x9520E1a3BFd86DA6c1E9e5Ee4B9c2F11c413358F,0xF0B0F3d39BaA91FcE3e97A08E30975CE1F365F31,0x0b3e328455c4059EEb9e3f84b5543F74E24e7E1b,0x4200000000000000000000000000000000000006,0x940181a94A35A4569E4529A3CDfB74e38FD98631,18,18,18,112542250683181387581,22391563456067118,112.5422506831814,0.022391563456067118,112564642246637454699,39426248533470432,5815353479931589554710104,5815353.479931589,1.379432967458147e-21,8021.890307640093,0,8021.890307640093,724.9355522093108,1785369600
CL-cbBTC/cbDOGE,0.003074740830358249,0xde201C571eA87D8769F088ad0766C61ba1D6ccb3,0xAAC36eBA6eF97577800335aFffd7F129c7ccc5FA,0xcbB7C0000aB88B473b1f5aFd9ef808440eed33Bf,0xcbD06E5A2B0C65597161de254AA074E489dEb510,0x940181a94A35A4569E4529A3CDfB74e38FD98631,18,8,8,472,576638367,4.72e-06,5.76638367,576638839,150704756918332,22345211907364204650727,22345.211907364206,1.5260560176890152e-21,34.10004509776938,0,34.10004509776938,655.2839400445806,1785369600
CL-USDC/PROS,0.011431828746951131,0x8A8e4170C09074b109352190d47e54d7c1F61e4E,0x298E7A376F0942A050CFa2d7B850c3FE8337A4b9,0x833589fCD6eDb6E08f4c7C32D4f71b54bdA02913,0x8B7DdE054BE9D180c1Be7FaE0874697374A49832,0x940181a94A35A4569E4529A3CDfB74e38FD98631,18,6,18,3647927,8761594354290369075,3.647927,8.761594354290368,8761594354294017002,560494534665089,83079078833957485150128,83079.0788339575,3.0093732060028507e-21,250.01595382231022,0,250.01595382231022,332.295109827283,1785369600
CL-USDC/OPG,0.22241067322865252,0xB828dC3D77360F053F1379Cd8676BaC6141684f3,0xE6671F550341f1763D78970b66A2CdeAf7B9909A,0x833589fCD6eDb6E08f4c7C32D4f71b54bdA02913,0xFbC2051AE2265686a469421b2C5A2D5462FbF5eB,0x940181a94A35A4569E4529A3CDfB74e38FD98631,18,6,18,9856168,217199126586830964441,9.856168,217.19912658683097,217199126586840820609,10901706005701868,1616335781762369098607881,1616335.781762369,1.3905003594851278e-21,2247.5154855892492,0,2247.5154855892492,719.1655817840121,1785369600
CL-AERO/cbBTC,1.685961647885309,0xCDBe19a6EF1B633BE744920C93eE40521d5cf2A6,0x7487eeD4266C774B84Db9f61b5f0222076Db9676,0x940181a94A35A4569E4529A3CDfB74e38FD98631,0xcbB7C0000aB88B473b1f5aFd9ef808440eed33Bf,0x940181a94A35A4569E4529A3CDfB74e38FD98631,18,18,8,525035783476442731881,177730,525.0357834764427,0.0017773,525035783476442909611,82683302494615430,12252470165199827000523180,12252470.165199827,1.3141123614649708e-21,16101.122502569844,0,16101.122502569844,760.9699363037735,1785369600
CL-msUSD/msETH,0.505186828766368,0x00145e8Fc9F06a0b71bd57fEfBF451ec1dB9D69f,0xdf2bd73E1aB97CecCc583466c86C95d2eD1c1514,0x526728DBc96689597F85ae4cd716d4f7fCcBAE9d,0x7Ba6F01772924a82D9626c126347A28299E98c98,0x940181a94A35A4569E4529A3CDfB74e38FD98631,18,18,18,432518153967547309382,117564411532480708,432.51815396754733,0.1175644115324807,432635718379079790090,24253340292432758,3671368536215308497368837,3671368.5362153086,2.11653647779329e-21,7770.585430322257,0,7770.585430322257,472.4700048839244,1785369600
CL-USDC/MXNB,0.083443892123067,0x82312aE1BBF1864CE00dfCeb974A10e0d6245b48,0x982e2BaB389a617dBF65Ea295dBb614Ef3950b28,0x833589fCD6eDb6E08f4c7C32D4f71b54bdA02913,0xF197FFC28c23E0309B5559e7a166f2c6164C80aA,0x940181a94A35A4569E4529A3CDfB74e38FD98631,18,6,6,1,3085207,1e-06,3.085207,3085208,4090387112922530,606415810222262953610191,606415.810222263,6.42717122969166e-23,38.97538248690687,0,38.97538248690687,15558.944429242698,1785369600
CL-KellyClaude/USDC,0.00257383132283154,0xD03FF08155a70D5Ba88E5Ff204B43fa09a2EE0D9,0x434be5E1979a85F379E65Eb3F3207d70718eD939,0x50D2280441372486BeecdD328c1854743EBaCb07,0x833589fCD6eDb6E08f4c7C32D4f71b54bdA02913,0x940181a94A35A4569E4529A3CDfB74e38FD98631,18,18,6,97125427323595836983716,551347,97125.42732359584,0.551347,97125427323595837535063,126191957007628,18704928153499453097221,18704.928153499455,2.762408325225779e-20,516.7064925397694,0,516.7064925397694,36.20029634533727,1785369600
CL-CTR/USDC,0.0037489464971260664,0x0ab02e160f0df68dc049B012c514857306960Eae,0x99deB55adA693737B57c3cBD293A17b6b20D510c,0x11030f79109269d796fd0FB956D6244e502757f7,0x833589fCD6eDb6E08f4c7C32D4f71b54bdA02913,0x940181a94A35A4569E4529A3CDfB74e38FD98631,18,18,6,37441697480151302788,265116,37.441697480151305,0.265116,37441697480151567904,183758032236412,27244899173467008467968,27244.89917346701,1.7717194974082936e-21,48.270319070554606,0,48.270319070554606,564.4234324128734,1785369600
CL-USDC/PSG,0.0398108157846592,0x76F9AeFA6aBcbcEb10CC149e071209366f64Ce9D,0xb9dd4FacCc297796d8Dd63e0eA5CcD5Ce6feb099,0x833589fCD6eDb6E08f4c7C32D4f71b54bdA02913,0xDD15623d107c639aF0C5127AFFA26d3f20327EC8,0x940181a94A35A4569E4529A3CDfB74e38FD98631,18,6,18,1,1314464197903186719,1e-06,1.3144641979031868,1314464197903186720,1951304025533994,289319056139636149605322,289319.05613963614,1.2495401801053924e-21,361.51578551664306,0,361.51578551664306,800.2943930267653,1785369600
CL-AFC/USDC,0.018356115830896982,0xb4580451325C61344712E811392C881a634151d8,0x75aF4B1123E1d9eEc4B0Cd0A342Ca63f4cEB6A2e,0x580edA966a8129C3c01D149871B47feFcC599D28,0x833589fCD6eDb6E08f4c7C32D4f71b54bdA02913,0x940181a94A35A4569E4529A3CDfB74e38FD98631,18,18,6,1,1,1e-18,1e-06,2,904711752421070,133400283362980339165701,133400.28336298035,1.5187062055052943e-22,20.25958381595229,0,20.25958381595229,6584.552011277827,1785369600
CL-USDC/AAA,0.005241328401693484,0x9cb312De396E90FA51850452718Bd7138dA2BdcF,0xf1352F9dCDa6a00aC9dB96396Cc26c6794Fa2Cba,0x833589fCD6eDb6E08f4c7C32D4f71b54bdA02913,0xaaa843fb2916c0B57454270418E121C626402AAa,0x940181a94A35A4569E4529A3CDfB74e38FD98631,18,6,18,155223,4561886472470895405,0.155223,4.561886472470896,4561886472471050628,256908505048005,38090557960386379984745,38090.55796038638,7.7783614378117545e-22,29.6282127183803,0,29.6282127183803,1285.6178103769432,1785369600
CL-SUMR/USDC,0.031030879973388343,0xDDae632a9f43F8C911b6F99A4BD5c7b108D4A8d7,0x46340da51cd5E45A2061F085a6b4016CcCFF527f,0x194f360D130F2393a5E9F3117A6a1B78aBEa1624,0x833589fCD6eDb6E08f4c7C32D4f71b54bdA02913,0x940181a94A35A4569E4529A3CDfB74e38FD98631,18,18,6,106730188025473275317748,976009,106730.18802547328,0.976009,106730188025473276293757,1521006961080990,225512206372384598554422,225512.2063723846,4.413917466966481e-22,99.53922667212181,0,99.53922667212181,2265.561165300316,1785369600
CL-USDC/deSPXA,0.0251256339339422,0x7AE311B9cB94635dD4De5f42220469F6f5501d54,0x9E165254B0b7598186F14b7886E4C7a9a98C0aC8,0x833589fCD6eDb6E08f4c7C32D4f71b54bdA02913,0x9c5C365e764829876243d0b289733B9D2b729685,0x940181a94A35A4569E4529A3CDfB74e38FD98631,18,6,18,479244,1,0.479244,1e-18,479245,1231555925834928,182596727833930750598683,182596.72783393075,7.43631060700306e-22,135.78459839955102,0,135.78459839955102,1344.752865834116,1785369600
CL-PORTAL/USDC,0.01561767748725395,0xfE8513f8aa444fAaBB1c35e1E0F24D08c4C9BE15,0x8bA61cff54Ef589C7fd662D028e2722aB94875dc,0x0FfebC403F2d3dd9EA5501ca03916E98967aCB2D,0x833589fCD6eDb6E08f4c7C32D4f71b54bdA02913,0x940181a94A35A4569E4529A3CDfB74e38FD98631,18,18,6,398004229683329363197,1750243,398.00422968332936,1.750243,398004229683331113440,765532417959644,113499098690831746920800,113499.09869083174,0.0,0,0,0,nan,0
CL-WETH/COOKIE,0.007950790729193295,0x17EA71d7E2dFb58F6b7e95C2ddDAD863E225091c,0xc4F34E44A3951D92334695cAc10A08506234C6CC,0x4200000000000000000000000000000000000006,0xC0041EF357B183448B235a8Ea73Ce4E4eC8c265F,0x940181a94A35A4569E4529A3CDfB74e38FD98631,18,18,18,814352194772295,174712836105080727086,0.000814352194772295,174.71283610508073,174713650457275499381,389724301191905,57781163836898373564253,57781.16383689838,0.0,0,0,0,nan,0
CL-ZORA/AERO,0.00020852597982043796,0xf185893f57171Ee19729be11684A947CfDE8DCD6,0x0a68F665d30962888547495955198437038E7fF9,0x1111111111166b7FE7bd91427724B487980aFc69,0x940181a94A35A4569E4529A3CDfB74e38FD98631,0x940181a94A35A4569E4529A3CDfB74e38FD98631,18,18,18,3303857869446546595,2502966635818108,3.3038578694465466,0.002502966635818108,3306360836082364703,10221193017743,1515430881612072792957,1515.4308816120727,8.283369041258452e-21,12.552873248912446,0,12.552873248912446,120.72382565827041,1785369600
CL-wtSGOV/USDC,0.0017979200281813545,0xBBC639746D66B3403812c89657176EC45C1D4276,0x393cd9c8b7b1D87e8F62e1f3E392C6Eae29b395B,0x78c31580c97101694C70022c83D570150c11e935,0x833589fCD6eDb6E08f4c7C32D4f71b54bdA02913,0x940181a94A35A4569E4529A3CDfB74e38FD98631,18,18,6,1,1,1e-18,1e-06,2,88144425306008,13066110686644660644556,13066.11068664466,0.0,0,0,0,nan,0
CL-WETH/SERV,0.7107018562056203,0x3416f5Fa0adE2D3de6935d4B204d9fe0b68C0eA6,0xD7615D69A287bE98B3309e70f7881568aBf361E5,0x4200000000000000000000000000000000000006,0x5576D6ed9181F2225afF5282Ac0ED29f755437Ea,0x940181a94A35A4569E4529A3CDfB74e38FD98631,18,18,18,5196597104258013,2449212729509368208819,0.005196597104258013,2449.2127295093683,2449217926106472466832,34837426844831081,5164917778784413861005258,5164917.778784414,0.0,0,0,0,nan,0
CL-O/USDC,2.3258607774755,0x8D479A4C680A76D4Ae03f10203569558405DDFFF,0x96019f55c4bdA3E1946a3Ef05bCCc5Aa823E774b,0x182FA643E5f29d5EcA75e7b9CF9336A3fe4620b2,0x833589fCD6eDb6E08f4c7C32D4f71b54bdA02913,0x940181a94A35A4569E4529A3CDfB74e38FD98631,18,18,6,779687021912537381429,270904187,779.6870219125374,270.904187,779687021912808285616,113631456260280857,16902839883796479455258212,16902839.88379648,0.0,0,0,0,nan,0
CL-SOL/WETH,0.11276990814274487,0xFCCE67a155DF9a1a95BeCfe7D09E32DfbE6F9816,0x0f41c2D69a2d3e73C5Bd97F93076193459D1983B,0x311935Cd80B76769bF2ecC9D8Ab7635b2139cf82,0x4200000000000000000000000000000000000006,0x940181a94A35A4569E4529A3CDfB74e38FD98631,18,9,18,84288254,4191594970737582,0.084288254,0.004191594970737582,4191595055025836,5528687255993391,819538176793271969456906,819538.1767932719,0.0,0,0,0,nan,0
CL-wtSGOV/USDC,0.0679811894677714,0xD5B83c33A8711e727C0Abb6f72ee508755D37e10,0x74dC05b8FB6EBe3b604993Cb3f63e25322880121,0x78c31580c97101694C70022c83D570150c11e935,0x833589fCD6eDb6E08f4c7C32D4f71b54bdA02913,0x940181a94A35A4569E4529A3CDfB74e38FD98631,18,18,6,4637826609854792,2924000,0.004637826609854792,2.924,4637826612778792,2955178582263267,494042967580795181387971,494042.9675807952,0.0,0,0,0,nan,0
CL-USDC/POD,1.6688984877731627,0x48C5D4a6677ED59646A9C6465db2562bE4a20AEC,0xE19269EAeA05713Ab3927846A1d465e05937d460,0x833589fCD6eDb6E08f4c7C32D4f71b54bdA02913,0xeD664536023d8E4b1640C394777D34aBAFF1dF8F,0x940181a94A35A4569E4529A3CDfB74e38FD98631,18,6,18,153821542,280014628647220013957,153.821542,280.01462864722004,280014628647373835499,81820669338759445,12128466241112746632854850,12128466.241112746,0.0,0,0,0,nan,0
CL-wtDRAM/USDC,0.061831172871961076,0x98c83E7B5348373E5866F4fdb3ae1682353b8574,0xe517d4A604b10B7090669d0c4BaF9F43268a270C,0x1A91Df4a970EBaB1bB4AF32Eb6d10509028eE4b8,0x833589fCD6eDb6E08f4c7C32D4f71b54bdA02913,0x940181a94A35A4569E4529A3CDfB74e38FD98631,18,18,6,8106184054452656,987778,0.008106184054452657,0.987778,8106184055440434,3041132793157967,449348656206533211910620,449348.6562065332,5.767806722467991e-23,25.917562,0,25.917562,17337.61285905415,1785369600
CL-USDC/wtNVDA,0.06157966711832144,0xfC67Fb1dd64fE7681CD75095E618818435546a21,0xd638Bf1E51f73DCE550Bc6256369A8564c797504,0x833589fCD6eDb6E08f4c7C32D4f71b54bdA02913,0xFb5B41acdbA20a3230F84BE995173CFb98b8D6E7,0x940181a94A35A4569E4529A3CDfB74e38FD98631,18,6,18,1,1990255090865199,1e-06,0.001990255090865199,1990255090865200,3044852015370779,447520876347655143810081,447520.87634765514,6.609348426691554e-23,29.578214,0,29.578214,15130.084471890532,1785369600
CL-wtCEG/USDC,0.004767117093298309,0x319A45E08783E58A2A3206f6DBf991657F184c65,0x4a86de0419D97b4bA94a6A5C8b6ae0fC3061Fd48,0x3aF952888Cd89DAD3e8AF67cf4b7E740B36829C3,0x833589fCD6eDb6E08f4c7C32D4f71b54bdA02913,0x940181a94A35A4569E4529A3CDfB74e38FD98631,18,18,6,1,1,1e-18,1e-06,2,243741532058641,34644299313044060986043,34644.29931304406,1.831508249789012e-22,6.345132,0,6.345132,5459.98086612604,1785369600
CL-tGBP/frxUSD,0.002546559953695228,0x1bf888751d06BF6530ba1c64b9C89DaC8EcB55b8,0x262069880FBA845Cb8a663404Fe161c973d630CF,0x27f6c8289550fCE67f6B50BeD1F519966aFE5287,0xe5020A6d073a794B6E7f05678707dE47986Fb0b6,0x0000000000000000000000000000000000000000,18,18,18,0,0,0.0,0.0,0,124977158348975,18506737621036317355567,18506.737621036318,7.265152305710933e-25,0.013445426749865926,0,0.013445426749865926,1376433.6354159128,1785369600
TOTAL,100.0,,,,,,,,,307194843990370862404142411510456,1573476310806776410778466915,307194844023011.56,1577161885.2512195,307196417466681669180553189977371,4860684002266384091,726734809215145670246559773,,1.137110626209546e-21,826377.8739949092,0,826377.8739949092,879.4219110707005,
