name,vote_pct,address,gauge,token0,token1,emissions_token,emissions_decimals,token0_decimals,token1_decimals,token0_fees_raw,token1_fees_raw,token0_fees,token1_fees,fees_raw,emissions_raw,votes_raw,votes,ratio,tfv,tbv,tvv,votes_per_tvv,rewards_epoch_ts
vAMM-tBTC/USDbC,0.006955951247052438,0x723AEf6543aecE026a15662Be4D3fb3424D502A9,0x50f0249B824033Cf0AF0C8b9fe1c67c2842A34d5,0x236aa50979D5f3De3Bd1Eeb40E81137F22ab794b,0xd9aAEc86B65D86f6A7B5B1b0c42FFA531710b6CA,0x940181a94A35A4569E4529A3CDfB74e38FD98631,18,18,6,0,0,0.0,0.0,0,149328650899864,21819740157476527485372,21819.740157476528,1.11831089000507e-22,2.440125303518694,0,2.440125303518694,8942.05724845858,1785974400
vAMM-tBTC/WETH,0.002857922829242047,0x2722C8f9B5E2aC72D1f225f8e8c990E449ba0078,0xfaE8C18D83655Fbf31af10d2e9A1Ad5bA77D0377,0x236aa50979D5f3De3Bd1Eeb40E81137F22ab794b,0x4200000000000000000000000000000000000006,0x940181a94A35A4569E4529A3CDfB74e38FD98631,18,18,18,0,0,0.0,0.0,0,61353184533528,8964860636509797201787,8964.860636509797,8.669986048965543e-22,7.77252166494603,0,7.77252166494603,1153.4043934468784,1785974400
vAMM-T/WETH,1.2641454168174574e-06,0xAf58FDeE432a104a932a899968d60F92838886cd,0xaD3d4aFd779e4A57734557CcE25F87032614fE47,0x26f3901aC8a79c50fb0d8289C74f0d09AdC42E29,0x4200000000000000000000000000000000000006,0x940181a94A35A4569E4529A3CDfB74e38FD98631,18,18,18,3772855258455874683334,3829833763047890,3772.8552584558747,0.00382983376304789,3772859088289637731224,0,3965428096970939228,3.9654280969709395,0.0,0,0,0,nan,0
vAMM-EXTRA/USDbC,4.3836369680682434e-05,0x2B7704f1cb9324cD8586B33C6c540CbD64E58237,0xf05a3De3dD6910042f506c6105bC14920C4289B6,0x2dAD3a13ef0C6366220f989157009e501e7938F8,0xd9aAEc86B65D86f6A7B5B1b0c42FFA531710b6CA,0x940181a94A35A4569E4529A3CDfB74e38FD98631,18,18,6,3679300191396927597896,41608192,3679.3001913969274,41.608192,3679300191396969206088,0,137507892437412648059,137.50789243741264,0.0,0,0,0,nan,0
sAMM-DOLA/USDbC,0.001008548131893844,0x0B25c51637c43decd6CC1C1e3da4518D54ddb528,0xeAE066C25106006fB386A3a8b1698A0cB6931c1a,0x4621b7A9c75199271F773Ebd9A499dbd165c3191,0xd9aAEc86B65D86f6A7B5B1b0c42FFA531710b6CA,0x940181a94A35A4569E4529A3CDfB74e38FD98631,18,18,6,0,992,0.0,0.000992,992,21651263293011,3163659058645232025071,3163.659058645232,3.333003600527611e-22,1.0544487033306351,0,1.0544487033306351,3000.2967888834596,1785974400
vAMM-WETH/UNIDX,4.0589073232159744e-05,0xA819Af1CC8AbE618eA8abaDeb464960F7451CEAB,0x98F44CE76BDCaD37f00a98B275631B1D796862fa,0x4200000000000000000000000000000000000006,0x6B4712AE9797C199edd44F897cA09BC57628a1CF,0x940181a94A35A4569E4529A3CDfB74e38FD98631,18,18,18,66824064630132120,226333148520407904521,0.06682406463013212,226.33314852040792,226399972585038036641,0,127321627151110355016,127.32162715111036,0.0,0,0,0,nan,0
vAMM-ERN/stERN,0.00013861766301211505,0x218F511431194B2C756D67a137DE536beA74E498,0x109Cc0f2640457b2A483C2eef189827750A676bB,0xa334884bF6b0A066d553D19e507315E839409e62,0xf7A0dd3317535eC4f4d29ADF9d620B3d8D5D5069,0x940181a94A35A4569E4529A3CDfB74e38FD98631,18,18,18,238963071307246622,118363806790615403,0.23896307130724662,0.11836380679061541,357326878097862025,0,434822108542330684198,434.8221085423307,0.0,0,0,0,nan,0
sAMM-MAI/USDbC,8.889284179011776e-05,0xf6Aec4F97623E691a9426a69BaF5501509fCa05D,0xC01E2ff20501839db7B28F5Cb3eD2876fEa3d6b1,0xbf1aeA8670D2528E08334083616dD9C5F3B087aE,0xd9aAEc86B65D86f6A7B5B1b0c42FFA531710b6CA,0x940181a94A35A4569E4529A3CDfB74e38FD98631,18,18,6,31150478823410317633,9226019,31.150478823410317,9.226019,31150478823419543652,0,278843056949536182548,278.8430569495362,0.0,0,0,0,nan,0
sAMM-DOLA/MAI,0.00021029232701668136,0x8b432C54d6e8E1B8D1802753514AB53044Af1861,0xDe23611176b16720346f4Df071D1aA01752c68C1,0x4621b7A9c75199271F773Ebd9A499dbd165c3191,0xbf1aeA8670D2528E08334083616dD9C5F3B087aE,0x940181a94A35A4569E4529A3CDfB74e38FD98631,18,18,18,10674189072186735375,12213289587190797799,10.674189072186735,12.213289587190797,22887478659377533174,0,659654412408287255581,659.6544124082873,0.0,0,0,0,nan,0
vAMM-USDbC/STG,1.9304201738626627e-07,0xb680190fB16f417647e69D6A84719aE9c7E5E20a,0x9a8D9F5C698C1F2B0d48a955BC531F2c7D67Af84,0xd9aAEc86B65D86f6A7B5B1b0c42FFA531710b6CA,0xE3B53AF74a4BF62Ae5511055290838050bf764Df,0x940181a94A35A4569E4529A3CDfB74e38FD98631,18,6,18,60425616,320314476407333315027,60.425616,320.3144764073333,320314476407393740643,0,605542866711187967,0.605542866711188,0.0,0,0,0,nan,0
vAMM-WETH/TAROT,0.1360922087830002,0x2d25E0514f23c6367687dE89Bd5167dc754D4934,0xa81dac2e9caa218Fcd039D7CEdEB7847cf362213,0x4200000000000000000000000000000000000006,0xF544251D25f3d243A36B07e7E7962a678f952691,0x940181a94A35A4569E4529A3CDfB74e38FD98631,18,18,18,35047733488724,86179616393964062225,3.5047733488724e-05,86.17961639396407,86179651441697550949,2921594073011896,426900150336796095424082,426900.15033679607,1.0011091837637513e-22,42.73736610522926,0,42.73736610522926,9988.920451617663,1785974400
sAMM-MIM/USDbC,1.9304201738626627e-07,0x982A169edFC1cf8Fd38dBeE76735547b23875BD1,0xBb0b5819Fa91076a1D6aaFa0D018E27a416DE029,0x4A3A6Dd60A34bB2Aba60D73B4C88315E9CeB6A3D,0xd9aAEc86B65D86f6A7B5B1b0c42FFA531710b6CA,0x940181a94A35A4569E4529A3CDfB74e38FD98631,18,18,6,2415807416549504010,2464395,2.415807416549504,2.464395,2415807416551968405,0,605542866711187967,0.605542866711188,0.0,0,0,0,nan,0
vAMM-WETH/HOP,0.02315940899742893,0x75D18ee68bB93BE5cB2dcCFa0d8151E25CBC8Eb8,0xb42A9e58773993ed15A5eED65633e85870185e13,0x4200000000000000000000000000000000000006,0xc5102fE9359FD9a28f877a67E36B0F050d81a3CC,0x940181a94A35A4569E4529A3CDfB74e38FD98631,18,18,18,0,0,0.0,0.0,0,497180497446659,72647473879112681193110,72647.47387911267,2.918374731493364e-23,2.1201255207562664,0,2.1201255207562664,34265.64756090419,1785974400
sAMM-DAI+/USD+,0.00037027243133982117,0x1b05e4e814b3431a48b8164c41eaC834d9cE2Da6,0x87803Cb321624921cedaAD4555F07Daa0D1Ed325,0x65a2508C429a6078a7BC2f7dF81aB575BD9D9275,0xB79DD08EA68A908A97220C76d19A6aA9cBDE4376,0x940181a94A35A4569E4529A3CDfB74e38FD98631,18,18,6,4222175757638636032,7125005,4.222175757638636,7.125005,4222175757645761037,0,1161487185916595141654,1161.487185916595,0.0,0,0,0,nan,0
sAMM-USD+/USDbC,0.000250412474581659,0x4a3636608d7Bc5776CB19Eb72cAa36EbB9Ea683B,0xa5972f0C07a2D1cc5A8457c28d88ec4f3C009864,0xB79DD08EA68A908A97220C76d19A6aA9cBDE4376,0xd9aAEc86B65D86f6A7B5B1b0c42FFA531710b6CA,0x940181a94A35A4569E4529A3CDfB74e38FD98631,18,6,6,37814930,18175717,37.81493,18.175717,55990647,0,785505092474278257099,785.5050924742783,0.0,0,0,0,nan,0
vAMM-WETH/DEUS,0.3357387007740751,0x9e4CB8b916289864321661CE02cf66aa5BA63C94,0x7eC1926A50D2D253011cC9891935eBc476713bb1,0x4200000000000000000000000000000000000006,0xDE5ed76E7c05eC5e4572CfC88d1ACEA165109E44,0x940181a94A35A4569E4529A3CDfB74e38FD98631,18,18,18,0,0,0.0,0.0,0,7207556696326486,1053160229494612626661801,1053160.2294946127,1.4521657408193295e-23,15.293632048654992,0,15.293632048654992,68862.66297921255,1785974400
sAMM-DAI/USDbC,2.515912973133115e-06,0x6EAB8c1B93f5799daDf2C687a30230a540DbD636,0xCF1D5Aa63083fda05c7f8871a9fDbfed7bA49060,0x50c5725949A6F0c72E6C4a641F24049A917DB0Cb,0xd9aAEc86B65D86f6A7B5B1b0c42FFA531710b6CA,0x940181a94A35A4569E4529A3CDfB74e38FD98631,18,18,6,22824274784029163502,21954775,22.824274784029164,21.954775,22824274784051118277,0,7892028765418826011,7.892028765418826,0.0,0,0,0,nan,0
vAMM-AERO/USDbC,0.11161240323144352,0x2223F9FE624F69Da4D8256A7bCc9104FBA7F8f75,0x9a202c932453fB3d04003979B121E80e5A14eE7b,0x940181a94A35A4569E4529A3CDfB74e38FD98631,0xd9aAEc86B65D86f6A7B5B1b0c42FFA531710b6CA,0x940181a94A35A4569E4529A3CDfB74e38FD98631,18,18,6,0,0,0.0,0.0,0,2396067901761537,350110797267816479880688,350110.7972678165,6.964562058153166e-22,243.83683748011896,0,243.83683748011896,1435.8404615396248,1785974400
vAMM-WETH/AERO,2.0355974350278787,0x7f670f78B17dEC44d5Ef68a48740b6f8849cc2e6,0x96a24aB830D4ec8b1F6f04Ceac104F1A3b211a01,0x4200000000000000000000000000000000000006,0x940181a94A35A4569E4529A3CDfB74e38FD98631,0x940181a94A35A4569E4529A3CDfB74e38FD98631,18,18,18,200101088043391,59566512571726782725,0.000200101088043391,59.56651257172678,59566712672814826116,43765106703123704,6385353421842232341395899,6385353.421842231,5.755109431604142e-22,3674.8407702170007,0,3674.8407702170007,1737.5864210478906,1785974400
vAMM-WETH/DOG,0.0005111934948143998,0xF89042057D079debe2a65A1a899E48E0E825105F,0x15093ed45C2A3F88393d41bC436003E2b8115aD5,0x4200000000000000000000000000000000000006,0x9E53e88dCff56d3062510A745952DEC4cEFDff9E,0x940181a94A35A4569E4529A3CDfB74e38FD98631,18,18,18,250074978576345041,6131502182487054458668337,0.25007497857634503,6131502.182487055,6131502432562033035013378,0,1603534704440179315218,1603.5347044401794,0.0,0,0,0,nan,0
vAMM-WETH/USDbC,0.04225193470503286,0xB4885Bc63399BF5518b994c1d0C153334Ee579D0,0xeca7Ff920E7162334634c721133F3183B83B0323,0x4200000000000000000000000000000000000006,0xd9aAEc86B65D86f6A7B5B1b0c42FFA531710b6CA,0x940181a94A35A4569E4529A3CDfB74e38FD98631,18,18,6,0,0,0.0,0.0,0,907012489330325,132537765672976087784167,132537.7656729761,5.713706212288053e-22,75.72818550884617,0,75.72818550884617,1750.1774904866,1785974400
vAMM-WETH/fBOMB,0.02997753807926779,0x4F9Dc2229f2357B27C22db56cB39582c854Ad6d5,0x76c48576822Cd955C320f5d5A163E738dbFEcc01,0x4200000000000000000000000000000000000006,0x74ccbe53F77b08632ce0CB91D3A545bF6B8E0979,0x940181a94A35A4569E4529A3CDfB74e38FD98631,18,18,18,0,0,0.0,0.0,0,643550489784026,94034887281255013251846,94034.88728125501,0.0,0,0,0,nan,0
vAMM-WETH/WELL,0.0028935887920703107,0xffA3F8737C39e36dec4300B162c2153c67c8352f,0xcEa0a2228145d0fD25dE083e3786ddB1eA184296,0x4200000000000000000000000000000000000006,0xFF8adeC2221f9f4D8dfbAFa6B9a297d17603493D,0x940181a94A35A4569E4529A3CDfB74e38FD98631,18,18,18,0,0,0.0,0.0,0,62118859775822,9076739229924133157917,9076.739229924133,0.0,0,0,0,nan,0
vAMM-USD+/stERN,4.330905046321866e-07,0x607363389331f4B2D1b955d009506A67c565D75E,0xe5Cf7Ec83BA94c4AdF833d7DCdb800a53f28410E,0xB79DD08EA68A908A97220C76d19A6aA9cBDE4376,0xf7A0dd3317535eC4f4d29ADF9d620B3d8D5D5069,0x940181a94A35A4569E4529A3CDfB74e38FD98631,18,6,18,401403,3043838599867921847,0.401403,3.043838599867922,3043838599868323250,0,1358537738422055515,1.3585377384220554,0.0,0,0,0,nan,0
vAMM-USD+/USDbC,1.9304201738626627e-07,0xdC0F1F6eCd03ec1C9FFC2A17BaBAbd313477b20E,0xD2121Cb13A28Ab16Cb0f0F19A665e9a9311F9aBb,0xB79DD08EA68A908A97220C76d19A6aA9cBDE4376,0xd9aAEc86B65D86f6A7B5B1b0c42FFA531710b6CA,0x940181a94A35A4569E4529A3CDfB74e38FD98631,18,6,6,5515,2659,0.005515,0.002659,8174,0,605542866711187967,0.605542866711188,0.0,0,0,0,nan,0
vAMM-USDbC/THALES,0.0006406573638259108,0x5F43555b02507133eCd5b78218283ed849b07Eac,0x2692CC440416B7f8252406D84e9D66f0C48C069E,0xd9aAEc86B65D86f6A7B5B1b0c42FFA531710b6CA,0xf34e0cff046e154CAfCae502C7541b9E5FD8C249,0x940181a94A35A4569E4529A3CDfB74e38FD98631,18,6,18,40040450,209125029500881862095,40.04045,209.12502950088185,209125029500921902545,0,2009642781004082510685,2009.6427810040825,0.0,0,0,0,nan,0
vAMM-WETH/THALES,0.0001447946140690212,0x3f386Acc3A8E9194cF6279C219DF8DD3C5B71974,0x62052D68A7DBa58079B7D70a40796CAbAab2a95f,0x4200000000000000000000000000000000000006,0xf34e0cff046e154CAfCae502C7541b9E5FD8C249,0x940181a94A35A4569E4529A3CDfB74e38FD98631,18,18,18,2435248000542069,38611847340359862044,0.002435248000542069,38.61184734035986,38614282588360404113,0,454198245930334209316,454.1982459303342,0.0,0,0,0,nan,0
vAMM-EXTRA/WETH,0.11891601124161374,0x84Ff3B6e2046579Fb2f2b891CE18eE10b5fbDbF2,0xE5Ff63862097b32d3ed30551e290D66f1548973F,0x2dAD3a13ef0C6366220f989157009e501e7938F8,0x4200000000000000000000000000000000000006,0x940181a94A35A4569E4529A3CDfB74e38FD98631,18,18,18,7198809785899251776,4863922725006,7.198809785899252,4.863922725006e-06,7198814649821976782,2552860126898341,373021082767805882594924,373021.0827678059,8.519722099446007e-24,3.1780359624161543,0,3.1780359624161543,117374.72048120263,1785974400
vAMM-fBOMB/AERO,4.20960382896372,0xbBf71AAD6E1F8D180D3B1D898528654c1d18b2fF,0x12E45bE50dd4f3Bc430B65d399B1e3b90275661c,0x74ccbe53F77b08632ce0CB91D3A545bF6B8E0979,0x940181a94A35A4569E4529A3CDfB74e38FD98631,0x940181a94A35A4569E4529A3CDfB74e38FD98631,18,18,18,475333194118954917362,258796948490984406,475.3331941189549,0.2587969484909844,475591991067445901768,90370393651218580,13204874279823170583532345,13204874.279823171,1.2268838086768793e-22,1620.0846449528817,0,1620.0846449528817,8150.73108739156,1785974400
vAMM-EURA/USDbC,1.5369806095865593e-05,0xA56bE957d432a5d0eDc040B27078d9726f54E7f6,0x275535F82F287073CEEbC653862E4E43868AA65C,0xA61BeB4A3d02decb01039e378237032B351125B4,0xd9aAEc86B65D86f6A7B5B1b0c42FFA531710b6CA,0x940181a94A35A4569E4529A3CDfB74e38FD98631,18,18,6,2659766646343245144,2731955,2.659766646343245,2.731955,2659766646345977099,0,48212697785180123453,48.212697785180126,0.0,0,0,0,nan,0
vAMM-SONNE/USDbC,0.004207684369749663,0x554EcA2a48136724294CE47fb7bfE9AADfceE3c6,0x744462994510ccd987F697752bD46d1155F8022F,0x22a2488fE295047Ba13BD8cCCdBC8361DBD8cf7c,0xd9aAEc86B65D86f6A7B5B1b0c42FFA531710b6CA,0x940181a94A35A4569E4529A3CDfB74e38FD98631,18,18,6,13641736532428138438269,4163061,13641.736532428138,4.163061,13641736532428142601330,0,13198853233986864757364,13198.853233986865,0.0,0,0,0,nan,0
sAMM-AERO/USDbC,1.9304201738626627e-07,0xB304b47e039E20AFAd75FA2ada6CD8D95a9eea41,0x46110ac9100A027bAec01bf1C211522ce0B02540,0x940181a94A35A4569E4529A3CDfB74e38FD98631,0xd9aAEc86B65D86f6A7B5B1b0c42FFA531710b6CA,0x940181a94A35A4569E4529A3CDfB74e38FD98631,18,18,6,1473746513383175573713,1331106632,1473.7465133831756,1331.106632,1473746513384506680345,0,605542866711187967,0.605542866711188,0.0,0,0,0,nan,0
vAMM-EXTRA/AERO,0.001438671274259411,0x688F778C51dB4D990bF1abaF8d33fD95e48C6641,0x6664867531c0FDd058881153FaBE7D2162833b07,0x2dAD3a13ef0C6366220f989157009e501e7938F8,0x940181a94A35A4569E4529A3CDfB74e38FD98631,0x940181a94A35A4569E4529A3CDfB74e38FD98631,18,18,18,0,0,0.0,0.0,0,30885046457777,4512888641890355341153,4512.888641890355,1.0017646530239214e-21,4.520852324478888,0,4.520852324478888,998.2384554909231,1785974400
sAMM-DAI+/USDbC,1.9304201738626627e-07,0x4f7f293e7B7b6D1cAA1ca48784C5986f3dE5E19c,0x2d8b33A0dc95F0eb9429551eA4d2297729828558,0x65a2508C429a6078a7BC2f7dF81aB575BD9D9275,0xd9aAEc86B65D86f6A7B5B1b0c42FFA531710b6CA,0x940181a94A35A4569E4529A3CDfB74e38FD98631,18,18,6,50386623828503408,35279,0.05038662382850341,0.035279,50386623828538687,0,605542866711187967,0.605542866711188,0.0,0,0,0,nan,0
sAMM-DAI/MAI,3.743322663479642e-07,0x30A30f266e1173a75985997B2523EcbC19c60fF3,0xc16A2c13d3A62937FB3b0FE03Fa24B0C6161245E,0x50c5725949A6F0c72E6C4a641F24049A917DB0Cb,0xbf1aeA8670D2528E08334083616dD9C5F3B087aE,0x940181a94A35A4569E4529A3CDfB74e38FD98631,18,18,18,11155952912717196256,11332291552824042206,11.155952912717197,11.332291552824042,22488244465541238462,0,1174222258635433511,1.1742222586354334,0.0,0,0,0,nan,0
sAMM-WETH/USDbC,1.8828181598287264e-06,0x44d7Dd237001AeF7fC7D8CB13ab4452f65CE5E40,0x1AF743E6EbF9C4f90aE9A37E6e61Bca31a867676,0x4200000000000000000000000000000000000006,0xd9aAEc86B65D86f6A7B5B1b0c42FFA531710b6CA,0x940181a94A35A4569E4529A3CDfB74e38FD98631,18,18,6,123816894565509910,309764959,0.12381689456550991,309.764959,123816894875274869,0,5906108532409502377,5.906108532409503,0.0,0,0,0,nan,0
vAMM-FREN/WETH,0.001007989934302922,0x679d601AAA86cd555E8bfD48ddC8b4aaDe2A0F27,0x5C84541A91c4dAF68964197E7ED1c7de79A82Ec3,0x12063CC18A7096D170e5Fc410d8623Ad97ee24B3,0x4200000000000000000000000000000000000006,0x940181a94A35A4569E4529A3CDfB74e38FD98631,18,18,18,7536126267381373714632,19233165757456107,7536.1262673813735,0.019233165757456108,7536145500547131170739,0,3161908079381884072978,3161.908079381884,0.0,0,0,0,nan,0
sAMM-DAI/AERO,1.9512084512281526e-07,0xE2D3b2f9d4bAAb9A0de671E95FeBAc27E37050f2,0x4b6F6Be7e8622bD8e56b50158D03312EEC5bA480,0x50c5725949A6F0c72E6C4a641F24049A917DB0Cb,0x940181a94A35A4569E4529A3CDfB74e38FD98631,0x940181a94A35A4569E4529A3CDfB74e38FD98631,18,18,18,1674863098457268643,2194787456820200975,1.6748630984572686,2.194787456820201,3869650555277469618,0,612063826883655389,0.6120638268836555,0.0,0,0,0,nan,0
vAMM-YFX/USD+,1.2701543657214955e-07,0xc3B5ac236fb5AbE245310FeCa2526F89667D4CAe,0x9B3920fB28242261B9be3a10c10310fc42E23a0F,0x8901cB2e82CC95c01e42206F8d1F417FE53e7Af0,0xB79DD08EA68A908A97220C76d19A6aA9cBDE4376,0x940181a94A35A4569E4529A3CDfB74e38FD98631,18,18,6,81778984920885448,117633,0.08177898492088545,0.117633,81778984921003081,0,398427723766341120,0.3984277237663411,0.0,0,0,0,nan,0
vAMM-OVN/USD+,0.013584160757300267,0x61366A4e6b1DB1b85DD701f2f4BFa275EF271197,0x00B2149d89677a5069eD4D303941614A33700146,0xA3d1a8DEB97B111454B294E2324EfAD13a9d8396,0xB79DD08EA68A908A97220C76d19A6aA9cBDE4376,0x940181a94A35A4569E4529A3CDfB74e38FD98631,18,18,6,313458563016274488,7139,0.3134585630162745,0.007139,313458563016281627,291622470930900,42611405321059600836460,42611.4053210596,0.0,0,0,0,nan,0
sAMM-cbETH/WETH,6.466735256685095e-07,0x9E8bfEB5c73F3f897BebdB49CC4161FecE0B0c55,0x00Aa4579C145FeA0b1EE133D6f792b7edEe1A6F4,0x2Ae3F1Ec7F1F5012CFEab0185bfc7aa3cf0DEc22,0x4200000000000000000000000000000000000006,0x940181a94A35A4569E4529A3CDfB74e38FD98631,18,18,18,0,0,0.0,0.0,0,13882679720,2028514547566054218,2.028514547566054,0.0,0,0,0,nan,0
vAMM-AERO/DOG,0.0015027817652730228,0x656D48D3F337c6b3cD2ED8471B135fF54b1F96Ad,0xDcC24121BAe131F952B09A08E65b95642F093794,0x940181a94A35A4569E4529A3CDfB74e38FD98631,0x9E53e88dCff56d3062510A745952DEC4cEFDff9E,0x940181a94A35A4569E4529A3CDfB74e38FD98631,18,18,18,220378661293863750923,885403100505731057254709,220.37866129386376,885403.1005057311,885623479167024921005632,0,4713993308326597849420,4713.993308326598,0.0,0,0,0,nan,0
vAMM-tBTC/T,2.8396736672996293e-05,0xfd8aA87c97D32345BFe4F753ACf25729008331C9,0x76BB14cc51d409987Ea34a158Ba51643F81BB82e,0x236aa50979D5f3De3Bd1Eeb40E81137F22ab794b,0x26f3901aC8a79c50fb0d8289C74f0d09AdC42E29,0x940181a94A35A4569E4529A3CDfB74e38FD98631,18,18,18,206470125535398,1757682684760075113303,0.000206470125535398,1757.682684760075,1757682891230200648701,0,89076158460371774978,89.07615846037179,0.0,0,0,0,nan,0
vAMM-SONNE/USDC,0.00011188283217231716,0x4cC2FeFB2635C86b1bae1b58E0f60Fb43E95e264,0xCbfeaED3dd9310406c046FB496C7E77f7571a808,0x22a2488fE295047Ba13BD8cCCdBC8361DBD8cf7c,0x833589fCD6eDb6E08f4c7C32D4f71b54bdA02913,0x940181a94A35A4569E4529A3CDfB74e38FD98631,18,18,6,69574191484956092452894,20709302,69574.19148495609,20.709302,69574191484956113162196,0,350959090910389825098,350.9590909103898,0.0,0,0,0,nan,0
vAMM-cbETH/AERO,1.4430221003966881e-07,0x325a5FC7a92d3166ffabe7233c992143CF5EDd2c,0x93c2EE357213Fa873A49Ad8d453007417D7aE399,0x2Ae3F1Ec7F1F5012CFEab0185bfc7aa3cf0DEc22,0x940181a94A35A4569E4529A3CDfB74e38FD98631,0x940181a94A35A4569E4529A3CDfB74e38FD98631,18,18,18,794930045349871,3429792448864412825,0.000794930045349871,3.4297924488644127,3430587378909762696,0,452653650864703704,0.45265365086470366,0.0,0,0,0,nan,0
vAMM-WETH/XEN,2.6499856293415473e-06,0xC95582235D8905Ea7dAC517286bEc72F653fa24B,0x50793B917AE25Ab859F67406f271eEb05C7521FA,0x4200000000000000000000000000000000000006,0x981D41C115a2d48Cb1215D13Bda8f989d407c9c5,0x940181a94A35A4569E4529A3CDfB74e38FD98631,18,18,18,50063031597013371,4776953448507751047590867,0.05006303159701337,4776953.448507751,4776953498570782644604238,0,8312593892572402034,8.312593892572401,0.0,0,0,0,nan,0
vAMM-tBTC/USDC,0.00038586994032860264,0x323121CD6F6274c9aeB9f87e0664C8FDa5d343A5,0x434a8eEA016357bE462Eb6adE1b99F9f9F5Ff2c3,0x236aa50979D5f3De3Bd1Eeb40E81137F22ab794b,0x833589fCD6eDb6E08f4c7C32D4f71b54bdA02913,0x940181a94A35A4569E4529A3CDfB74e38FD98631,18,18,6,0,0,0.0,0.0,0,8283846989996,1210414152358939358862,1210.4141523589394,3.289989945734689e-23,0.03982250391435886,0,0.03982250391435886,30395.229666171206,1785974400
vAMM-WETH/JARVIS,0.011592668004387064,0xeff0891e5a1bd47a8F1e77ABebfEE4145974D088,0xf460124c6146800c6C061A6fC40C14677523BC90,0x4200000000000000000000000000000000000006,0x777b2839832982B35213063d850848369390EE16,0x940181a94A35A4569E4529A3CDfB74e38FD98631,18,18,18,0,0,0.0,0.0,0,248869497631519,36364401446143551230779,36364.40144614355,1.5168433908742074e-22,5.515910199667932,0,5.515910199667932,6592.638409583382,1785974400
vAMM-cbETH/USDC,8.050215325777695e-05,0xa1d2ee6212D4375F154393E59895A5D27859C4e4,0x1a3FD3c084E5680655768b41Da653ca6e84b5981,0x2Ae3F1Ec7F1F5012CFEab0185bfc7aa3cf0DEc22,0x833589fCD6eDb6E08f4c7C32D4f71b54bdA02913,0x940181a94A35A4569E4529A3CDfB74e38FD98631,18,18,6,33298531400821807,91746969,0.033298531400821806,91.746969,33298531492568776,0,252522768463389149031,252.52276846338916,0.0,0,0,0,nan,0
sAMM-USDC/MAI,0.5015386016978306,0x2a1463CeBE85315224c536AfD389b381B43F3206,0x9280df579CeA690cAf5c31601cb71564Bb6FA6B7,0x833589fCD6eDb6E08f4c7C32D4f71b54bdA02913,0xbf1aeA8670D2528E08334083616dD9C5F3B087aE,0x940181a94A35A4569E4529A3CDfB74e38FD98631,18,6,18,242023,119226331641366563,0.242023,0.11922633164136656,119226331641608586,10767016403003399,1573248802258070622776721,1573248.8022580708,5.511548668556547e-22,867.1037341393651,0,867.1037341393651,1814.3720760464523,1785974400
vAMM-MST/WETH,8.556309778271344e-06,0x52E9cC1aD755347BDF666ddf6Ad88EdfFe76fe68,0x44283e26C3610f7a6f93fe37ab80aA6Fca57839E,0x2F3b1A07E3eFb1fCc64BD09b86bD0Fa885D93552,0x4200000000000000000000000000000000000006,0x940181a94A35A4569E4529A3CDfB74e38FD98631,18,18,18,2080870484642075729318,2759099940768719,2080.8704846420756,0.002759099940768719,2080873243742016498037,0,26839816645907110505,26.839816645907113,0.0,0,0,0,nan,0
vAMM-oBMX/USDC,1.756281973786274e-06,0xA8D5DB293917EA106A5fc4dA5A25340e8b428966,0x432146f6A9E1297C88268a1E67ddBFAC804bE6C2,0x3Ff7AB26F2dfD482C40bDaDfC0e88D01BFf79713,0x833589fCD6eDb6E08f4c7C32D4f71b54bdA02913,0x940181a94A35A4569E4529A3CDfB74e38FD98631,18,18,6,9026808799603607845,5599020,9.026808799603607,5.59902,9026808799609206865,0,5509184143220550715,5.50918414322055,0.0,0,0,0,nan,0
sAMM-eUSD/USDbC,3.228020802833463e-06,0x5BfB340FA9305abB164Fb0248D0D82FC3D82C3bb,0x1457Da0dcBe22249408BB2D1e24Bd2f1484d7620,0xCfA3Ef56d303AE4fAabA0592388F19d7C3399FB4,0xd9aAEc86B65D86f6A7B5B1b0c42FFA531710b6CA,0x940181a94A35A4569E4529A3CDfB74e38FD98631,18,18,6,10873401097354159179,11409423,10.87340109735416,11.409423,10873401097365568602,0,10125800575528955765,10.125800575528956,0.0,0,0,0,nan,0
vAMM-hyUSD/eUSD,0.0010352122223989913,0xb5E331615FdbA7DF49e05CdEACEb14Acdd5091c3,0x025137c819298654162de2609f407514De4bb027,0xCc7FF230365bD730eE4B352cC2492CEdAC49383e,0xCfA3Ef56d303AE4fAabA0592388F19d7C3399FB4,0x940181a94A35A4569E4529A3CDfB74e38FD98631,18,18,18,0,0,0.0,0.0,0,22223766404156,3247300174819570988135,3247.300174819571,0.0,0,0,0,nan,0
sAMM-LUSD/USDbC,5.693037174667637e-06,0x8c7D15fCB443e07C5dc980901A6281f96D87C10F,0xe69e310cE7dBC2F43A8671e140d435c0128a725E,0x368181499736d0c0CC614DBB145E2EC1AC86b8c6,0xd9aAEc86B65D86f6A7B5B1b0c42FFA531710b6CA,0x940181a94A35A4569E4529A3CDfB74e38FD98631,18,18,6,5441714700977576335,4922744,5.441714700977577,4.922744,5441714700982499079,0,17858174597002851894,17.85817459700285,0.0,0,0,0,nan,0
vAMM-WETH/VELA,0.0007602049135867355,0x951FdfA193D92C74c9e35Ea8C8C757CBCBB85147,0xA0eBBC0F5AdCc34E7ca3Ea5BaC654C00817B8F0B,0x4200000000000000000000000000000000000006,0x5A76A56ad937335168b30dF3AA1327277421C6Ae,0x940181a94A35A4569E4529A3CDfB74e38FD98631,18,18,18,7008190168592914,3990543677010192987152,0.007008190168592914,3990.543677010193,3990550685200361580066,0,2384644902151715785546,2384.644902151716,0.0,0,0,0,nan,0
vAMM-WETH/OVN,5.062735315165238e-09,0xBE0aBf47Dd240d84941024433724004F0C92CDe5,0xc641c66daB86250414628aB98848A4762d288650,0x4200000000000000000000000000000000000006,0xA3d1a8DEB97B111454B294E2324EfAD13a9d8396,0x940181a94A35A4569E4529A3CDfB74e38FD98631,18,18,18,2132968931131569,7536337354051132111,0.002132968931131569,7.536337354051132,7538470322982263680,0,15881015426868585,0.015881015426868584,0.0,0,0,0,nan,0
sAMM-WETH/USDC,0.0011289082613592234,0x3548029694fbB241D45FB24Ba0cd9c9d4E745f16,0xaeBA79D1108788E5754Eb30aaC64EB868a3247FC,0x4200000000000000000000000000000000000006,0x833589fCD6eDb6E08f4c7C32D4f71b54bdA02913,0x940181a94A35A4569E4529A3CDfB74e38FD98631,18,18,6,0,0,0.0,0.0,0,24235217619466,3541210116290678375683,3541.210116290679,0.0,0,0,0,nan,0
vAMM-SEAM/WETH,6.955027391808453e-05,0x1B00a1aFE48aDB8D8C76b854da22a70011446481,0x8362A202E02f1B5DD75d86E9B6A4Ddf3FbAe37E4,0x1C7a460413dD4e964f96D8dFC56E7223cE88CD85,0x4200000000000000000000000000000000000006,0x940181a94A35A4569E4529A3CDfB74e38FD98631,18,18,18,335046182804851230229,24618996353406468,335.04618280485124,0.024618996353406468,335070801801204636697,0,218168421668709422546,218.16842166870944,0.0,0,0,0,nan,0
vAMM-SEAM/USDC,0.0013096221629060585,0xB0d931138BF96501654f2268Cdd84420151fF52e,0xfbE95C0DcE6a5A9D61068281523A1DA37F332bd3,0x1C7a460413dD4e964f96D8dFC56E7223cE88CD85,0x833589fCD6eDb6E08f4c7C32D4f71b54bdA02913,0x940181a94A35A4569E4529A3CDfB74e38FD98631,18,18,6,0,0,0.0,0.0,0,28114755665619,4108081595769007294601,4108.081595769007,9.324252381835771e-22,3.8304789604124863,0,3.8304789604124863,1072.4720428503874,1785974400
vAMM-SEAM/USDbC,7.485500941320906e-05,0x42e8dC1b1891C103291Ec01D903451E729DaAACc,0xf2669b18Eb18052A6fa7aA87294C629e3B158c1D,0x1C7a460413dD4e964f96D8dFC56E7223cE88CD85,0xd9aAEc86B65D86f6A7B5B1b0c42FFA531710b6CA,0x940181a94A35A4569E4529A3CDfB74e38FD98631,18,18,6,0,0,0.0,0.0,0,1606975171625,234808554124612940562,234.80855412461293,1.1841362141329097e-21,0.2780453123271416,0,0.2780453123271416,844.4974387784057,1785974400
sAMM-DOLA/USDC,0.008444844510323754,0xf213F2D02837012dC0236cC105061e121bB03e37,0xCCff5627cd544b4cBb7d048139C1A6b6Bde67885,0x4621b7A9c75199271F773Ebd9A499dbd165c3191,0x833589fCD6eDb6E08f4c7C32D4f71b54bdA02913,0x940181a94A35A4569E4529A3CDfB74e38FD98631,18,18,6,0,0,0.0,0.0,0,181292548924993,26490167389203289235611,26490.16738920329,0.0,0,0,0,nan,0
sAMM-eUSD/USDC,0.10157131675000468,0x7A034374C89C463DD65D8C9BCfe63BcBCED41f4F,0x793F22aB88dC91793E5Ce6ADbd7E733B0BD4733e,0x833589fCD6eDb6E08f4c7C32D4f71b54bdA02913,0xCfA3Ef56d303AE4fAabA0592388F19d7C3399FB4,0x940181a94A35A4569E4529A3CDfB74e38FD98631,18,6,18,0,20322048651356257,0.0,0.020322048651356256,20322048651356257,2180530688171689,318613466400728179531997,318613.4664007282,0.0,0,0,0,nan,0
sAMM-LUSD/USDC,0.0006056423484106591,0xf53B7Af40BE75043eeBa493C622F4f56b3C27A31,0xA8C37a644bDf3297C6E19A48150aF3b7069294FC,0x368181499736d0c0CC614DBB145E2EC1AC86b8c6,0x833589fCD6eDb6E08f4c7C32D4f71b54bdA02913,0x940181a94A35A4569E4529A3CDfB74e38FD98631,18,18,6,45013933669508217269,44863273,45.01393366950822,44.863273,45013933669553080542,0,1899806108659005806540,1899.8061086590058,0.0,0,0,0,nan,0
vAMM-USDC/YFX,5.613180151977543e-05,0x8f24dD646e2ae3615767EbdCCc6691C54C41793F,0x32cD891Fa6c52BD324b9ef1B35F2e6E948eEEaf3,0x833589fCD6eDb6E08f4c7C32D4f71b54bdA02913,0x8901cB2e82CC95c01e42206F8d1F417FE53e7Af0,0x940181a94A35A4569E4529A3CDfB74e38FD98631,18,6,18,2720318046,651051296109147174661,2720.318046,651.0512961091472,651051296111867492707,0,176076755030671500000,176.07675503067148,0.0,0,0,0,nan,0
vAMM-EXTRA/USDC,3.816442079461127e-06,0x68B41faC96b9A6E6dC6219D13834BdE39c22424d,0xA7A488EdcE2cd50255068B7ECE4Db4C8e6E9a010,0x2dAD3a13ef0C6366220f989157009e501e7938F8,0x833589fCD6eDb6E08f4c7C32D4f71b54bdA02913,0x940181a94A35A4569E4529A3CDfB74e38FD98631,18,18,6,19075580878511330331,668111,19.07558087851133,0.668111,19075580878511998442,0,11971586853083275271,11.971586853083275,0.0,0,0,0,nan,0
vAMM-USDC/MTA,0.00017838714328217926,0x1307f36BC34081401497A873522570AebA4CdE90,0x350545d8d440FfabaC5f38dC2b6a917a0DfDDbB5,0x833589fCD6eDb6E08f4c7C32D4f71b54bdA02913,0xba7D47f471ADD16875e765edEe0858C3413A56Fd,0x940181a94A35A4569E4529A3CDfB74e38FD98631,18,6,18,10576669,496873361347403790001,10.576669,496.8733613474038,496873361347414366670,0,559572799694515075401,559.5727996945151,0.0,0,0,0,nan,0
sAMM-USDC/USD+,4.372721216721772e-06,0x418457Ca08fA5EC77f811B105F2c585cd051Ac10,0x9701A079C6e80D91CE4c464C4a996237A27FE537,0x833589fCD6eDb6E08f4c7C32D4f71b54bdA02913,0xB79DD08EA68A908A97220C76d19A6aA9cBDE4376,0x940181a94A35A4569E4529A3CDfB74e38FD98631,18,6,6,0,0,0.0,0.0,0,93873489113,13716548224857680124,13.71654822485768,0.0,0,0,0,nan,1785974400
vAMM-SNX/USDC,0.0018754915810784457,0xcC79bfA7a3212d94390c358E88afcD39294549ca,0xe8cDa9cD77E847a283766E7122452c9155fd094f,0x22e6966B799c4D5B13BE962E1D117b56327FDa66,0x833589fCD6eDb6E08f4c7C32D4f71b54bdA02913,0x940181a94A35A4569E4529A3CDfB74e38FD98631,18,18,6,0,0,0.0,0.0,0,40263014675250,5883126191260669341893,5883.12619126067,4.064223278401408e-22,2.3910338416294628,0,2.3910338416294628,2460.4947403217784,1785974400
vAMM-USDC/DEUS,0.031494820813678756,0xf185f82A1948d014baE23d30b06FA8Da35110315,0xC5170E37875cfD19872692E1086C49F205b5Fca6,0x833589fCD6eDb6E08f4c7C32D4f71b54bdA02913,0xDE5ed76E7c05eC5e4572CfC88d1ACEA165109E44,0x940181a94A35A4569E4529A3CDfB74e38FD98631,18,6,18,0,0,0.0,0.0,0,676130165237198,98794367880590956761796,98794.36788059096,5.408754853716095e-23,5.343545167939598,0,5.343545167939598,18488.54361208381,1785974400
vAMM-WETH/NPC,0.0065630666476823255,0x5E14319D52c9C18a04BFBBE12dd3a0FE3C1A816a,0xd1D3cbD443443d6cfee567C5A85B94Df633CdCAB,0x4200000000000000000000000000000000000006,0xB166E8B140D35D9D8226E40C09f757BAC5A4d87d,0x940181a94A35A4569E4529A3CDfB74e38FD98631,18,18,18,0,0,0.0,0.0,0,140895787838659,20587322107714785405616,20587.322107714786,3.127665514487247e-21,64.39025739194044,0,64.39025739194044,319.7272839336662,1785974400
vAMM-SEAM/AERO,0.0015383958412043153,0xB77d96D27E0D3C0C04d02771d564A6E242992af0,0x0C6612326e1b28Ad3F20C62F8aef1dB88e0C293c,0x1C7a460413dD4e964f96D8dFC56E7223cE88CD85,0x940181a94A35A4569E4529A3CDfB74e38FD98631,0x940181a94A35A4569E4529A3CDfB74e38FD98631,18,18,18,749688913282567843360,203934854229063808438,749.6889132825678,203.9348542290638,953623767511631651798,0,4825709140593066127251,4825.709140593067,0.0,0,0,0,nan,0
sAMM-WETH/AERO,0.0005352631861435193,0x80aBe24A3ef1fc593aC5Da960F232ca23B2069d0,0x3d2a91023E9C815Ba14335cd9650AE9A518b6D63,0x4200000000000000000000000000000000000006,0x940181a94A35A4569E4529A3CDfB74e38FD98631,0x940181a94A35A4569E4529A3CDfB74e38FD98631,18,18,18,748257374207859322,2252528312141298550308,0.7482573742078593,2252.5283121412986,2253276569515506409630,0,1679037592804240923328,1679.0375928042408,0.0,0,0,0,nan,0
sAMM-USDC+/USD+,2.5555569576019645e-06,0xE96c788E66a97Cf455f46C5b27786191fD3bC50B,0x526b3D92fF55263dd24E3e14ccD0f5c2Dab81d3b,0x85483696Cc9970Ad9EdD786b2C5ef735F38D156f,0xB79DD08EA68A908A97220C76d19A6aA9cBDE4376,0x940181a94A35A4569E4529A3CDfB74e38FD98631,18,6,6,46353717,56354741,46.353717,56.354741,102708458,0,8016385795707657231,8.016385795707658,0.0,0,0,0,nan,0
vAMM-wBaseDOGE/WETH,0.0021102266772731687,0x9D933f0AF9dc01A6f9e5D2e6dcB25B6D0837EA81,0x67d128F56EBacE1341f17e0BD20e0653034F7cCb,0x373504DA48418C67E6FCD071F33Cb0b3B47613C7,0x4200000000000000000000000000000000000006,0x940181a94A35A4569E4529A3CDfB74e38FD98631,18,18,18,621498186672262022811166653,31520375863102734,621498186.6722621,0.03152037586310273,621498186703782398674269387,0,6619453779378755117457,6619.453779378755,0.0,0,0,0,nan,0
sAMM-MAI/eUSD,4.219086481703633e-06,0x413d78628d688edcdE29518199A3A3DB955068EC,0x2cC76EF706B2fC694F86c633b880a6dde81687F1,0xbf1aeA8670D2528E08334083616dD9C5F3B087aE,0xCfA3Ef56d303AE4fAabA0592388F19d7C3399FB4,0x940181a94A35A4569E4529A3CDfB74e38FD98631,18,18,18,1374796190424160047153,718422348621313852906,1374.7961904241602,718.4223486213139,2093218539045473900059,0,13234619890659094483,13.234619890659095,0.0,0,0,0,nan,0
vAMM-WETH/TKN,0.013044214795111317,0x1a9f461a371559f82976fa18C46A6A0d29f131d0,0xe157D5a0C9a533ebbdEaDb43633ce76d61816778,0x4200000000000000000000000000000000000006,0x78b3C724A2F663D11373C4a1978689271895256f,0x940181a94A35A4569E4529A3CDfB74e38FD98631,18,18,18,1522381244429,0,1.522381244429e-06,0.0,1522381244429,280032950898485,40917678586123970027304,40917.67858612397,0.0,0,0,0,nan,0
vAMM-WETH/TOSHI,0.00013540774472721163,0x081E4455d91726212D1fa9AfFeE80637D1f7bE8E,0x3356d4D0D25B033d28f566c9D62d4D8112F4BC29,0x4200000000000000000000000000000000000006,0xAC1Bd2486aAf3B5C0fc3Fd868558b082a531B2B4,0x940181a94A35A4569E4529A3CDfB74e38FD98631,18,18,18,27808244948432691,147511892612350521539577,0.02780824494843269,147511.89261235052,147511920420595469972268,0,424753092757752782095,424.75309275775277,0.0,0,0,0,nan,0
vAMM-WETH/BETS,3.688762777131864e-07,0xb7A0B6322834014F95841e643Dffa7Bb9b9Dc0ED,0xCa311e2460EaB52b3f2008B5cDeF0486556Bafb3,0x4200000000000000000000000000000000000006,0x94025780a1aB58868D9B2dBBB775f44b32e8E6e5,0x940181a94A35A4569E4529A3CDfB74e38FD98631,18,18,18,27487131445906372,701129903869400077213412,0.027487131445906372,701129.9038694,701129931356531523119784,0,1157107668540593198,1.1571076685405932,0.0,0,0,0,nan,0
vAMM-AERO/ZOOMER,0.002375003355235416,0x45D8c7BF5be7c99D39cDC724f60497BD79546458,0xaCF2c5e2c6e54b0AE44DaeF6C12136bCEab88d07,0x940181a94A35A4569E4529A3CDfB74e38FD98631,0xD1dB4851bcF5B41442cAA32025Ce0Afe6B8EabC2,0x940181a94A35A4569E4529A3CDfB74e38FD98631,18,18,18,88992013665639026497,40712786428530722804653538,88.99201366563902,40712786.42853072,40712875420544388443680035,0,7450017149894643817725,7450.017149894644,0.0,0,0,0,nan,0
vAMM-WETH/DOG,0.016620190666050336,0xa01fd0F24a2E6fEf6b2ed7573Cb6F59164D396E0,0x040a3f6bc2d8DCD26879d29CaF6Bc4581d6477aA,0x4200000000000000000000000000000000000006,0xAfb89a09D82FBDE58f18Ac6437B3fC81724e4dF6,0x940181a94A35A4569E4529A3CDfB74e38FD98631,18,18,18,0,0,0.0,0.0,0,356801972637737,52134960240643741400736,52134.96024064374,3.8724087794551344e-22,20.18878777524132,0,20.18878777524132,2582.3719988071725,1785974400
vAMM-WETH/DHT,0.003215966681458813,0x688b0380360C84135769D4F75d70038119846a8E,0xF42c2da9E11AE1B272c0F4DFd03ab40D06aA709E,0x4200000000000000000000000000000000000006,0x54BC229d1cB15F8B6415EfEab4290a40bc8b7D84,0x940181a94A35A4569E4529A3CDfB74e38FD98631,18,18,18,0,0,0.0,0.0,0,69040318425806,10087988666434137852445,10087.988666434137,2.14180496344247e-22,2.160650419692002,0,2.160650419692002,4668.9592052897515,1785974400
vAMM-WETH/WELS,0.000696799576180516,0xCaedc2561356B6a01a94E3C0438011459E91FBb9,0xdE41799DE5fB357f501dd9386ACee424E816f7a6,0x4200000000000000000000000000000000000006,0x7F62ac1e974D65Fab4A81821CA6AF659A5F46298,0x940181a94A35A4569E4529A3CDfB74e38FD98631,18,18,18,0,0,0.0,0.0,0,14958881538115,2185752193208839526034,2185.7521932088393,0.0,0,0,0,nan,0
vAMM-WETH/axlOP,0.1062212644426007,0x6a071315B5Ae7da81CA56901ff13893F84776c7B,0xf2B43787C9F841B69567Df52DD6669F4D6De293f,0x4200000000000000000000000000000000000006,0x994ac01750047B9d35431a7Ae4Ed312ee955E030,0x940181a94A35A4569E4529A3CDfB74e38FD98631,18,18,18,11523194389378847,60858911944410920084,0.011523194389378847,60.85891194441092,60870435138800298931,0,333199631081122755627915,333199.6310811228,0.0,0,0,0,nan,0
vAMM-wBaseDOGE/AERO,0.0069566688975882685,0xDab27FB1923FC017e941D837040add59b9aFF9fD,0xEacFC84B210f27CC5999191a55BA39cb4E4c8902,0x373504DA48418C67E6FCD071F33Cb0b3B47613C7,0x940181a94A35A4569E4529A3CDfB74e38FD98631,0x940181a94A35A4569E4529A3CDfB74e38FD98631,18,18,18,117265908768250318363044169,21424609210823371207,117265908.76825032,21.42460921082337,117265930192859529186415376,0,21821991315896067800782,21821.99131589607,0.0,0,0,0,nan,0
vAMM-WETH/AYB,0.00012248432699335767,0x35D057C5c0Af0caE0Db29946872B486aFC1E0e17,0x521221892F5398B45d3A1a843f01FdeCED76BBB6,0x4200000000000000000000000000000000000006,0x7ED613AB8b2b4c6A781DDC97eA98a666c6437511,0x940181a94A35A4569E4529A3CDfB74e38FD98631,18,18,18,38260997444010938,297995782401653786119525160,0.03826099744401094,297995782.40165377,297995782439914783563536098,0,384214335816535254588,384.21433581653525,0.0,0,0,0,nan,0
vAMM-WETH/bsdETH,0.10069982353117014,0x6B87B8663eE63191887F18225F79D9eEb2DE0d34,0x25F30f8be46a9dc4A02eAF5a70c48bcB47A11807,0x4200000000000000000000000000000000000006,0xCb327b99fF831bF8223cCEd12B1338FF3aA322Ff,0x940181a94A35A4569E4529A3CDfB74e38FD98631,18,18,18,0,0,0.0,0.0,0,2161822235508099,315879727346414092002735,315879.7273464141,2.1608564321224764e-25,0.0682570740613593,0,0.0682570740613593,4627794.725898387,1785974400
vAMM-WETH/L2VE,0.0005382324443827204,0x253Da544f498b85429F6ACDc6E98B36b36c1C824,0x3d9E2D8AF6FF16a62217c8a559Ee5987c72acb86,0x4200000000000000000000000000000000000006,0xA19328fb05ce6FD204D16c2a2A98F7CF434c12F4,0x940181a94A35A4569E4529A3CDfB74e38FD98631,18,18,18,82412081163353882,1708785250344972282921619,0.08241208116335388,1708785.2503449724,1708785332757053446275501,0,1688351695353086434746,1688.3516953530864,0.0,0,0,0,nan,0
vAMM-WETH/doginme,0.07242338122140612,0x139E9f235588A9720e7Eab045da29dC781c4b658,0x666c383e4EAb3328660A85d1C41FFDce9D85D8eE,0x4200000000000000000000000000000000000006,0x6921B130D297cc43754afba22e5EAc0FBf8Db75b,0x940181a94A35A4569E4529A3CDfB74e38FD98631,18,18,18,0,0,0.0,0.0,0,1557184426465105,227180913645215163584740,227180.91364521516,8.164057770695002e-22,185.4718103398809,0,185.4718103398809,1224.8810923282706,1785974400
vAMM-DEGEN/USDC,4.31067103634099e-06,0x637ad8d2611d3efE2ef41fdBb40b9F21AbAF9585,0xF2478BEB6030CbA9069cD471c6C653B34dD7c093,0x4ed4E862860beD51a9570b96d89aF5E1B0Efefed,0x833589fCD6eDb6E08f4c7C32D4f71b54bdA02913,0x940181a94A35A4569E4529A3CDfB74e38FD98631,18,18,6,242757711874185928861020,453496837,242757.71187418592,453.496837,242757711874186382357857,0,13521906433311636055,13.521906433311635,0.0,0,0,0,nan,0
vAMM-AERO/TOSHI,0.0024737346964846495,0x4660Ff55A4Db144734AE76550Ee3093e0BA7F8D1,0xDA58433E3eE06c5CCC27D9E2794aC9CE54576A2c,0x940181a94A35A4569E4529A3CDfB74e38FD98631,0xAC1Bd2486aAf3B5C0fc3Fd868558b082a531B2B4,0x940181a94A35A4569E4529A3CDfB74e38FD98631,18,18,18,0,0,0.0,0.0,0,53106285579821,7759722053644550385900,7759.72205364455,1.8332396322670932e-21,14.225430004118188,0,14.225430004118188,545.4824248826328,1785974400
vAMM-WETH/FARM,0.00012023861485777377,0x5A5Fb78963938B4855BF257b186e1c4daFC9f482,0x47B8a299407Ee3b2B1cd9D98846E1D67c8817a20,0x4200000000000000000000000000000000000006,0xD08a2917653d4E460893203471f0000826fb4034,0x940181a94A35A4569E4529A3CDfB74e38FD98631,18,18,18,143945023499355799,26432894347117761433,0.1439450234993558,26.432894347117763,26576839370617117232,0,377169885168941075875,377.16988516894105,0.0,0,0,0,nan,0
vAMM-WELS/AERO,0.00023305955323028957,0x90359da9715411B828769ab9343Fa2732F726E19,0xb4F1CD310453F86ecF52554b6bCBAb543667a446,0x7F62ac1e974D65Fab4A81821CA6AF659A5F46298,0x940181a94A35A4569E4529A3CDfB74e38FD98631,0x940181a94A35A4569E4529A3CDfB74e38FD98631,18,18,18,89583114557520673436279,175740602365112394183,89583.11455752068,175.74060236511238,89758855159885785830462,0,731071669724161374416,731.0716697241613,0.0,0,0,0,nan,0
vAMM-HPC/WETH,4.4329454329631956e-08,0xd07B4d7CeA966B6E8087C8be3347E4B790679785,0x77ABe39cd429eA55b0fb065B74ca3e3B3c7C13DA,0x1f3BA804eFB9CFe17D595e7262CEA4782dbF6e4E,0x4200000000000000000000000000000000000006,0x940181a94A35A4569E4529A3CDfB74e38FD98631,18,18,18,898567410877941167919203,205567620979400041,898567.4108779412,0.20556762097940004,898567616445562147319244,0,139054622501151690,0.1390546225011517,0.0,0,0,0,nan,0
sAMM-hyUSD/eUSD,3.1859496793979895e-07,0x145AdA46F76eC16B80d8E0B17D6A03fcdc9610E5,0xb2dd7F23Bcb81637C22f8eA5004AaEE29e6056E9,0xCc7FF230365bD730eE4B352cC2492CEdAC49383e,0xCfA3Ef56d303AE4fAabA0592388F19d7C3399FB4,0x940181a94A35A4569E4529A3CDfB74e38FD98631,18,18,18,6796610580112767426,7396819872509740688,6.796610580112768,7.396819872509741,14193430452622508114,0,999382998676381155,0.9993829986763811,0.0,0,0,0,nan,0
vAMM-GROW/WETH,7.359050685096255e-05,0xDa74029240F657a7be372906290300dBb8F1BcCd,0x8c021a56b951b22491Aa74404275732281367ba5,0x321725ee44CB4bfA544CF45a5A585b925d30A58C,0x4200000000000000000000000000000000000006,0x940181a94A35A4569E4529A3CDfB74e38FD98631,18,18,18,245303778001853302722,30828061295807721,245.3037780018533,0.030828061295807722,245334606063149110443,0,230842005717826175057,230.84200571782617,0.0,0,0,0,nan,0
vAMM-KWENTA/WETH,0.0001206829073077197,0xc91cE85Da7FB4523926a2930e930A8B52a7B85B2,0xc7D62524C372125830A234f0E197C335d0F973FE,0x37Ab9F42051C112CAAba55AB6487dd74286A0B29,0x4200000000000000000000000000000000000006,0x940181a94A35A4569E4529A3CDfB74e38FD98631,18,18,18,94209703541959521,72740055945466,0.09420970354195952,7.2740055945466e-05,94282443597904987,0,378563561672331858655,378.5635616723319,0.0,0,0,0,nan,0
vAMM-USDC/DOG,1.1413205994994787e-05,0x1bA78f0373178F4d7996267D005eCbc29e14c99F,0xc3ef893d3E8F7521525fE138505262AE8B3D99BA,0x833589fCD6eDb6E08f4c7C32D4f71b54bdA02913,0x9E53e88dCff56d3062510A745952DEC4cEFDff9E,0x940181a94A35A4569E4529A3CDfB74e38FD98631,18,6,18,1619610,11482168476432458220389,1.61961,11482.168476432458,11482168476432459839999,0,35801456958179031303,35.80145695817903,0.0,0,0,0,nan,0
vAMM-WETH/VITA,1.3325759575663763e-06,0x152f55611636A3E6273D1367F6E0360aBad7D319,0xB193Cf7E7820655F1837CcBB0fe3c96Db90faF1f,0x4200000000000000000000000000000000000006,0x490a4B510d0Ea9f835D2dF29Eb73b4FcA5071937,0x940181a94A35A4569E4529A3CDfB74e38FD98631,18,18,18,8009978205460888,35833657281321372402,0.008009978205460889,35.83365728132137,35841667259526833290,0,4180084089364464670,4.180084089364465,0.0,0,0,0,nan,0
vAMM-WETH/SPX,0.12388096795230678,0xe96a4E9EA3a2C6Db214174738a19Eb7Dbb8A3069,0xCC38E1fc0f8BD866143f672D9E4340f05D262543,0x4200000000000000000000000000000000000006,0x50dA645f148798F68EF2d7dB7C1CB22A6819bb2C,0x940181a94A35A4569E4529A3CDfB74e38FD98631,18,18,8,0,0,0.0,0.0,0,2659502442973709,388595381878419610219234,388595.3818784196,5.224386490064942e-22,203.01724631872423,0,203.01724631872423,1914.1003482450424,1785974400
sAMM-DEGEN/DOG,1.0858470488552462e-05,0x56EA567EfCf632E3427D84E3D70c7DE24377AfB8,0xf6B598c9E06322571901eEe8F33AB39B10a58904,0x4ed4E862860beD51a9570b96d89aF5E1B0Efefed,0xAfb89a09D82FBDE58f18Ac6437B3fC81724e4dF6,0x940181a94A35A4569E4529A3CDfB74e38FD98631,18,18,18,172095465311944962091,279752095873582276947,172.09546531194496,279.7520958735823,451847561185527239038,0,34061337716856462873,34.061337716856464,0.0,0,0,0,nan,0
vAMM-YFX/AERO,5.618601353839521e-05,0x448686cA47fBE77d8fc9EEc6829837bF45E8ea75,0xCEc1D4EFF7d6a785447Ff48C336feE57A29804d0,0x8901cB2e82CC95c01e42206F8d1F417FE53e7Af0,0x940181a94A35A4569E4529A3CDfB74e38FD98631,0x940181a94A35A4569E4529A3CDfB74e38FD98631,18,18,18,8205093665796556098,17600482616893043550,8.205093665796555,17.600482616893043,25805576282689599648,0,176246809724513266552,176.24680972451324,0.0,0,0,0,nan,0
vAMM-TYBG/wBLT,1.0617563595022888e-05,0x1AFc638D3d53F0993096350403B5845bE7c77f43,0x89C56c18a1d9DBA342028C00C3e1bE3A96507E4b,0x0d97F261b1e88845184f678e2d1e7a98D9FD38dE,0x4E74D4Db6c0726ccded4656d0BCE448876BB4C7A,0x940181a94A35A4569E4529A3CDfB74e38FD98631,18,18,18,1615117755261103860869425,47025959036209269894,1615117.7552611039,47.02595903620927,1615164781220140070139319,0,33305650157777091712,33.305650157777094,0.0,0,0,0,nan,0
vAMM-MAVIA/WETH,0.02265350576651132,0xC90E88d30b99442B6994915F3b146cE3D55982D9,0x3d0f8DF262c1AE46b4af8381f769F7F2872A0d5d,0x24fcFC492C1393274B6bcd568ac9e225BEc93584,0x4200000000000000000000000000000000000006,0x940181a94A35A4569E4529A3CDfB74e38FD98631,18,18,18,0,0,0.0,0.0,0,486326799454684,71060533911969054937753,71060.53391196905,9.614542292928848e-22,68.32145086547311,0,68.32145086547311,1040.091113578505,1785974400
vAMM-WETH/TOWER,0.00395929260489972,0xAaCE080ea9CE5e7942Ea826d311b6170BdfCf73B,0xb00ec5Ccd55b47d92e29496ca322B1F64a5c24B5,0x4200000000000000000000000000000000000006,0xf7C1CEfCf7E1dd8161e00099facD3E1Db9e528ee,0x940181a94A35A4569E4529A3CDfB74e38FD98631,18,18,18,0,0,0.0,0.0,0,84998327432920,12419686794518303583345,12419.686794518304,1.3564379433616218e-21,16.8465344127519,0,16.8465344127519,737.2250274286256,1785974400
vAMM-WETH/WAMPL,2.90783190939359e-05,0xfa4d06CA791C0316baD2d97910ac391cF9a71BD2,0x93964594cEcbe653273BEA3eae3bdB8D6d720fA5,0x4200000000000000000000000000000000000006,0x489fe42C267fe0366B16b0c39e7AEEf977E841eF,0x940181a94A35A4569E4529A3CDfB74e38FD98631,18,18,18,711443094257545,53407412494759466,0.000711443094257545,0.053407412494759464,54118855589017011,0,91214176797850489099,91.21417679785048,0.0,0,0,0,nan,0
vAMM-WETH/TN100x,0.0958728254166797,0x8f5F1D63599362115e7F9fe71BFD5ab883D82c82,0x931143b901A1c81bA1657cF0F2AcD126F75ca4Fd,0x4200000000000000000000000000000000000006,0x5B5dee44552546ECEA05EDeA01DCD7Be7aa6144A,0x940181a94A35A4569E4529A3CDfB74e38FD98631,18,18,18,0,0,0.0,0.0,0,2058203477207403,300738182953985880772192,300738.1829539859,9.848218230471627e-23,29.61735255966355,0,29.61735255966355,10154.121046037284,1785974400
sAMM-USDC/USX,0.007849764380916202,0x1f019b4420936a800fF6f54c00d9da05445DE433,0x62b2Da7b10dde762B3b020AAEe409786b548684C,0x833589fCD6eDb6E08f4c7C32D4f71b54bdA02913,0xc142171B138DB17a1B7Cb999C44526094a4dae05,0x940181a94A35A4569E4529A3CDfB74e38FD98631,18,6,18,0,0,0.0,0.0,0,168519205247597,24623493323301455731959,24623.493323301456,0.0,0.0,0,0.0,nan,1785974400
sAMM-BRETT/AERO,0.0004010278075036368,0xFfa80952B3800240F11AD25E45e8d3E5C1593E70,0xCab96B63cB77Eb0f771D09197860cE159F197Cc6,0x532f27101965dd16442E59d40670FaF5eBB142E4,0x940181a94A35A4569E4529A3CDfB74e38FD98631,0x940181a94A35A4569E4529A3CDfB74e38FD98631,18,18,18,0,0,0.0,0.0,0,8609289145275,1257962030622309533330,1257.9620306223096,0.0,0,0,0,nan,0
vAMM-cbETH/fBOMB,1.2902819372125404e-06,0x40834a402B9013f1fD7575EABa84E1589205099d,0x33BD3859141EEB7FCf8d71A9A52F554C6Ca5a278,0x2Ae3F1Ec7F1F5012CFEab0185bfc7aa3cf0DEc22,0x74ccbe53F77b08632ce0CB91D3A545bF6B8E0979,0x940181a94A35A4569E4529A3CDfB74e38FD98631,18,18,18,3359960673300621,480483966189906283161,0.003359960673300621,480.48396618990625,480487326150579583782,0,4047414307538898338,4.047414307538898,0.0,0,0,0,nan,0
vAMM-DEGEN/MAI,0.0008116383417481422,0xe7c22c22Be0ba467AD5a32F607112e10d89778af,0x44d708dba44160FA748c25a7d3fbC4C73dE4b87F,0x4ed4E862860beD51a9570b96d89aF5E1B0Efefed,0xbf1aeA8670D2528E08334083616dD9C5F3B087aE,0x940181a94A35A4569E4529A3CDfB74e38FD98631,18,18,18,4181989378533647271909,11226492264985325287,4181.989378533647,11.226492264985325,4193215870798632597196,0,2545983588699538788138,2545.983588699539,0.0,0,0,0,nan,0
sAMM-WETH/rETH,7.495586954186324e-05,0xb8866732424AcDdd729C6fcf7146b19bFE4A2e36,0xAa3D51d36BfE7C5C63299AF71bc19988BdBa0A06,0x4200000000000000000000000000000000000006,0xB6fe221Fe9EeF5aBa221c348bA20A1Bf5e73624c,0x940181a94A35A4569E4529A3CDfB74e38FD98631,18,18,18,0,0,0.0,0.0,0,1609202289854,235124936704266101517,235.1249367042661,1.9014614051264483e-23,0.00447080992525961,0,0.00447080992525961,52591.12792423465,1785974400
vAMM-RSR/bsdETH,0.000908177941950387,0x95F04B5594e2a944CA91d56933D119841eeF9a99,0x190351cf2a6e2ac19A528b283E0748eD0652799d,0xaB36452DbAC151bE02b16Ca17d8919826072f64a,0xCb327b99fF831bF8223cCEd12B1338FF3aA322Ff,0x940181a94A35A4569E4529A3CDfB74e38FD98631,18,18,18,0,0,0.0,0.0,0,19496821038183,2848813340735575125860,2848.8133407355754,1.846461397482339e-21,5.260223862300942,0,5.260223862300942,541.5764452825853,1785974400
vAMM-WETH/SEXY,0.03602972901730265,0x862a9D8443BbF74CF86bC05aFC8e05c63319DC1e,0x2F1c1492F6057808C3fd16eef67E0237FBAeBF4B,0x4200000000000000000000000000000000000006,0xD1917629B3E6A72E6772Aab5dBe58Eb7FA3C2F33,0x940181a94A35A4569E4529A3CDfB74e38FD98631,18,18,18,0,0,0.0,0.0,0,773488394400410,113019671527308133496771,113019.67152730814,1.744912955793305e-24,0.1972094891075037,0,0.1972094891075037,573094.4897164577,1785974400
vAMM-TKN/AERO,0.06815303956026819,0xd88b9f7185f404015B665e070A5EF03a7e26661F,0x82FDF8F646c6dcF7966734146486114f60C7Def5,0x78b3C724A2F663D11373C4a1978689271895256f,0x940181a94A35A4569E4529A3CDfB74e38FD98631,0x940181a94A35A4569E4529A3CDfB74e38FD98631,18,18,18,0,0,0.0,0.0,0,1463113561516484,213785514206617899397079,213785.5142066179,7.992702859518067e-23,17.087240907227752,0,17.087240907227752,12511.412191548638,1785974400
vAMM-AERO/USD+,0.0006965890941739877,0x267d950110D9ED57999c3451b89C35a9D278C074,0x45D3ef9d20f9eA644aB9bc706e630311050de370,0x940181a94A35A4569E4529A3CDfB74e38FD98631,0xB79DD08EA68A908A97220C76d19A6aA9cBDE4376,0x940181a94A35A4569E4529A3CDfB74e38FD98631,18,18,6,37221336525556463600,29441920,37.22133652555647,29.44192,37221336525585905520,0,2185091943801223861701,2185.091943801224,0.0,0,0,0,nan,0
vAMM-WETH/PRIME,0.0013733411403884772,0xB21b821EC1bB22d0241AE425e07e14d1CCea4AeD,0x2C477011BB6dF2828Da8367Bae4C5bA7381C0240,0x4200000000000000000000000000000000000006,0xfA980cEd6895AC314E7dE34Ef1bFAE90a5AdD21b,0x940181a94A35A4569E4529A3CDfB74e38FD98631,18,18,18,17717980028468575,20134745979453414807,0.017717980028468576,20.134745979453413,20152463959481883382,0,4307958144983698775490,4307.958144983699,0.0,0,0,0,nan,0
vAMM-USDC/sFRAX,3.409154527885199e-06,0xf0e08Fa759B9C3099B0Dd63f73f79984AEb6254f,0x29b1f2295031d7e98CCD428fAcc65Ef30821771e,0x833589fCD6eDb6E08f4c7C32D4f71b54bdA02913,0xe4796cCB6bB5DE2290C417Ac337F2b66CA2E770E,0x940181a94A35A4569E4529A3CDfB74e38FD98631,18,6,18,31906765,28979856169815414327,31.906765,28.979856169815413,28979856169847321092,0,10693988976225330758,10.69398897622533,0.0,0,0,0,nan,0
vAMM-FXS/USDC,7.741231758126754e-06,0xa2D4414421e5531E727d532ef018109f59d22340,0x9a27275AE67A5E19630B2D096D4989992028A154,0x23432452B720C80553458496D4D9d7C5003280d0,0x833589fCD6eDb6E08f4c7C32D4f71b54bdA02913,0x940181a94A35A4569E4529A3CDfB74e38FD98631,18,18,6,1933668523796532701,3622488,1.9336685237965328,3.622488,1933668523800155189,0,24283043319590076243,24.283043319590078,0.0,0,0,0,nan,0
vAMM-sfrxETH/FXS,1.401326543305476e-10,0x1bDEb67E8B0D700b7717C7F3a7341859B7Dac784,0x8B207A66E66e08CC1CE51bc38d1dFe3d8Cb36322,0x1f55a02A049033E3419a8E2975cF3F572F4e6E9A,0x23432452B720C80553458496D4D9d7C5003280d0,0x940181a94A35A4569E4529A3CDfB74e38FD98631,18,18,18,3683132311247278,10195092481960515198,0.003683132311247278,10.195092481960515,10198775614271762476,0,439574401325153,0.000439574401325153,0.0,0,0,0,nan,0
vAMM-WETH/QI,0.0307165572732935,0x06709C364dd4E2f5b0c10b1eBf80B2Ce483dbdC5,0xdd1fd2BeEE67A3adA2277fc44aA69C5C0d753449,0x4200000000000000000000000000000000000006,0xD3FDCb837DAfdb7C9C3eBD48FE22a53F6Dd3d7D7,0x940181a94A35A4569E4529A3CDfB74e38FD98631,18,18,18,26290945883786,0,2.6290945883786e-05,0.0,26290945883786,659429303162143,96353075867160033984547,96353.07586716003,5.4677634836936644e-24,0.5268358297680229,0,0.5268358297680229,182890.1346925974,1785974400
vAMM-sfrxETH/AERO,1.62970104698253e-05,0xE25bc9133D26F62C9FA03b6750f3F3Ba57E9eB44,0xEab862191A4d917D2D16E2FAF0859448Ff5BEdB7,0x1f55a02A049033E3419a8E2975cF3F572F4e6E9A,0x940181a94A35A4569E4529A3CDfB74e38FD98631,0x940181a94A35A4569E4529A3CDfB74e38FD98631,18,18,18,7240559159532023,31108472678280255123,0.007240559159532023,31.108472678280254,31115713237439787146,0,51121194092029528727,51.121194092029526,0.0,0,0,0,nan,0
vAMM-Mog/WETH,0.003212631292603372,0x4A311ac4563abc30E71D0631C88A6232C1309ac5,0x8FCc385d8d7f3A2e087853a79531630Bf96575e8,0x2Da56AcB9Ea78330f947bD57C54119Debda7AF71,0x4200000000000000000000000000000000000006,0x940181a94A35A4569E4529A3CDfB74e38FD98631,18,18,18,8567988426811673777633707721,543965358974873445,8567988426.811674,0.5439653589748734,8567988427355639136608581166,0,10077526068930925516037,10077.526068930925,0.0,0,0,0,nan,0
vAMM-WETH/LUCHA,0.056077857483535894,0x0D4953d2BDe145D316296CC72cCE509D899a5529,0xd3011443522E904092232CD7C73586D0b1b61418,0x4200000000000000000000000000000000000006,0xF4435cC8b478d54313F04c956882BE3D9aCf9F6F,0x940181a94A35A4569E4529A3CDfB74e38FD98631,18,18,18,0,0,0.0,0.0,0,1203904046465761,175907540955991070706232,175907.54095599108,0.0,0,0,0,nan,0
vAMM-USD+/sFRAX,1.4620447564468602e-07,0xbB38EeBd670A9F3cafe6D3170862ccD930cB25f9,0xEc4288995734ca01eAfC97588658F37515823502,0xB79DD08EA68A908A97220C76d19A6aA9cBDE4376,0xe4796cCB6bB5DE2290C417Ac337F2b66CA2E770E,0x940181a94A35A4569E4529A3CDfB74e38FD98631,18,6,18,71003650,57700619114429002866,71.00365,57.700619114429,57700619114500006516,0,458620763016268660,0.4586207630162687,0.0,0,0,0,nan,0
vAMM-WELS/USDC,0.0009246349546652719,0xfEA9E8a7daEf9497ffF3e3501eD504984f96aa33,0xE4be724E22FeFeB2969f53865222E58c496ef5d7,0x7F62ac1e974D65Fab4A81821CA6AF659A5F46298,0x833589fCD6eDb6E08f4c7C32D4f71b54bdA02913,0x940181a94A35A4569E4529A3CDfB74e38FD98631,18,18,6,31763642014063139060987,46088183,31763.642014063138,46.088183,31763642014063185149170,0,2900436437053169395503,2900.4364370531694,0.0,0,0,0,nan,0
vAMM-DEGEN/TKN,0.00873211318928592,0xc01162ED99a018D02b8a12f4712B0b9b87a9852F,0x519b415fBC1007d3871BD9F7F679d0593a459888,0x4ed4E862860beD51a9570b96d89aF5E1B0Efefed,0x78b3C724A2F663D11373C4a1978689271895256f,0x940181a94A35A4569E4529A3CDfB74e38FD98631,18,18,18,0,0,0.0,0.0,0,187462804657627,27391284678228581007478,27391.28467822858,0.0,0,0,0,nan,0
vAMM-ANIME/WETH,0.0016937518855546711,0xeB956b77D455e33b41bBE6052dBE4388dCfD729B,0x93a7ddBd64f0835f99b6D248Ce058Fd90C68666c,0x0e0c9756a3290cD782CF4aB73ac24D25291c9564,0x4200000000000000000000000000000000000006,0x940181a94A35A4569E4529A3CDfB74e38FD98631,18,18,18,12127938916321583777397033,47685873021572326,12127938.916321583,0.047685873021572324,12127938964007456798969359,0,5313036955182708443626,5313.036955182708,0.0,0,0,0,nan,0
vAMM-ezETH/WETH,5.470959524369148e-06,0x0C8bF3cb3E1f951B284EF14aa95444be86a33E2f,0x6318373c5a01224094BF0B1AC88562345B2Fb91E,0x2416092f143378750bb29b79eD961ab195CcEea5,0x4200000000000000000000000000000000000006,0x940181a94A35A4569E4529A3CDfB74e38FD98631,18,18,18,0,0,0.0,0.0,0,117451686020,17161551453424997280,17.161551453424995,3.097127459355554e-23,0.0005315151225154577,0,0.0005315151225154577,32287.983401499354,1785974400
sAMM-ezETH/WETH,4.4559486183884355e-05,0x497139e8435E01555AC1e3740fccab7AFf149e02,0x4Fa58b3Bec8cE12014c7775a0B3da7e6AdC3c7eA,0x2416092f143378750bb29b79eD961ab195CcEea5,0x4200000000000000000000000000000000000006,0x940181a94A35A4569E4529A3CDfB74e38FD98631,18,18,18,0,0,0.0,0.0,0,956612228112,139776196748794228251,139.77619674879423,4.294425396771057e-21,0.6002584491820899,0,0.6002584491820899,232.8600237768461,1785974400
vAMM-USDC/WELL,1.9494517919394864e-06,0x81A8c12738F7346094526ECC2487a63f45dD1935,0x47C84ff870c7EeA60420EC8c98B7FBa9D37b478B,0x833589fCD6eDb6E08f4c7C32D4f71b54bdA02913,0xA88594D404727625A9437C3f886C7643872296AE,0x940181a94A35A4569E4529A3CDfB74e38FD98631,18,6,18,75531671,3151670660533998178289,75.531671,3151.670660533998,3151670660534073709960,0,6115127901115079251,6.11512790111508,0.0,0,0,0,nan,0
vAMM-WETH/RSR,0.003294121699239145,0xd204058452F57464E0E5ab8C3Cc9cbCb6B41D4EE,0x40334F3E5e59c5A7aeAf6b47FfF6be1917c71ba6,0x4200000000000000000000000000000000000006,0xaB36452DbAC151bE02b16Ca17d8919826072f64a,0x940181a94A35A4569E4529A3CDfB74e38FD98631,18,18,18,0,0,0.0,0.0,0,70720396172928,10333148834957806799465,10333.148834957809,0.0,0,0,0,nan,0
vAMM-USDA/EURA,6.356027929054986e-08,0x79eF3eCDa775860a2351ae2A7B80C4d80ba47F72,0x3fd91fAC3Ccc67d818A6E17e7296A82Ba7a4aCAa,0x0000206329b97DB379d5E1Bf586BbDB969C63274,0xA61BeB4A3d02decb01039e378237032B351125B4,0x940181a94A35A4569E4529A3CDfB74e38FD98631,18,18,18,8484102108615614490,5523454866311398668,8.484102108615614,5.523454866311399,14007556974927013158,0,199378737601721378,0.19937873760172137,0.0,0,0,0,nan,0
vAMM-LUSD/POOL,0.002360935663459575,0x0b15b1d434f86eCaa83d14398C8Db6d162F3921e,0x5b41A91Cc14496E7fcc381595Dc2680EF71B6462,0x368181499736d0c0CC614DBB145E2EC1AC86b8c6,0xd652C5425aea2Afd5fb142e120FeCf79e18fafc3,0x940181a94A35A4569E4529A3CDfB74e38FD98631,18,18,18,0,0,0.0,0.0,0,50685061866191,7405888982766619682927,7405.88898276662,2.337366436345838e-22,1.7310276339622117,0,1.7310276339622117,4278.319327470823,1785974400
vAMM-AERO/OVN,0.00010764645464416313,0x4704f9Cf735b58ea442E387ACca6717311597322,0x365f5413BBC783D1fff1cAe9D3Bd9A16eA698D19,0x940181a94A35A4569E4529A3CDfB74e38FD98631,0xA3d1a8DEB97B111454B294E2324EfAD13a9d8396,0x940181a94A35A4569E4529A3CDfB74e38FD98631,18,18,18,574919315685281666061,418503556463576716361,574.9193156852816,418.50355646357673,993422872148858382422,0,337670231688947804211,337.6702316889478,0.0,0,0,0,nan,0
sAMM-USDA/USDC,4.083966173637622e-05,0xE503312E932a3647AeAC8b00A8Bd1d04E6A73C08,0x93c10Fb12B2EA0D558929914236A45355B03F1F7,0x0000206329b97DB379d5E1Bf586BbDB969C63274,0x833589fCD6eDb6E08f4c7C32D4f71b54bdA02913,0x940181a94A35A4569E4529A3CDfB74e38FD98631,18,18,6,24044447047707806926,20294591,24.044447047707806,20.294591,24044447047728101517,0,128107684421245941394,128.10768442124595,0.0,0,0,0,nan,0
vAMM-GENOME/WETH,0.0037652789069982794,0x963ceee215e5b0B1dCB221C3bA398De66abC73D9,0xa4F335B6ee0f8e34F31d4C8b702080196252dAc3,0x1db0c569ebb4a8b57AC01833B9792F526305e062,0x4200000000000000000000000000000000000006,0x940181a94A35A4569E4529A3CDfB74e38FD98631,18,18,18,0,2952138750302,0.0,2.952138750302e-06,2952138750302,80833810987561,11811095916743755398624,11811.095916743756,2.7204683012048375e-21,32.13171204399128,0,32.13171204399128,367.5837720870048,1785974400
vAMM-tBTC/AERO,3.179061324401668e-07,0x5E19947708Ed0686ecE3BE487126b2c1c5378641,0x80Cdc20a68ff14f5f3b642786977F09a0fb11b64,0x236aa50979D5f3De3Bd1Eeb40E81137F22ab794b,0x940181a94A35A4569E4529A3CDfB74e38FD98631,0x940181a94A35A4569E4529A3CDfB74e38FD98631,18,18,18,71870900846762,9283910829878713384,7.1870900846762e-05,9.283910829878714,9283982700779560146,0,997222228556034548,0.9972222285560346,0.0,0,0,0,nan,0
vAMM-PRE/USDC,0.05215034546043372,0x8a24D81C24f125341b46a52de3e4CF0e0C7E7F72,0x6169fA980Ab79355F7da28B13d08de0182131b13,0x3816dD4bd44c8830c2FA020A5605bAC72FA3De7A,0x833589fCD6eDb6E08f4c7C32D4f71b54bdA02913,0x940181a94A35A4569E4529A3CDfB74e38FD98631,18,18,6,1163936061479963827,174212,1.1639360614799639,0.174212,1163936061480138039,1120660163642699,163587544917236734805294,163587.54491723675,7.985590669372935e-22,130.63431723167116,0,130.63431723167116,1252.255520478017,1785974400
vAMM-KWENTA/AERO,2.471506835634875e-06,0xBaDA36C1e87109546eCEFcD3bB16A58B2Da0B0eA,0xa7c66862208D8cD6bC993BbaAd64De42F8746247,0x37Ab9F42051C112CAAba55AB6487dd74286A0B29,0x940181a94A35A4569E4529A3CDfB74e38FD98631,0x940181a94A35A4569E4529A3CDfB74e38FD98631,18,18,18,41905886436304119,553455243678947970,0.04190588643630412,0.5534552436789479,595361130115252089,0,7752733599711711903,7.752733599711712,0.0,0,0,0,nan,0
sAMM-DEGEN/USDC,1.4241156801832245e-07,0x67fBd3c6fFBd29506f3Ca395cB4C6092e5eeFC9C,0xabe274A025D2404aE4669CA4811Ec7F58C8167c1,0x4ed4E862860beD51a9570b96d89aF5E1B0Efefed,0x833589fCD6eDb6E08f4c7C32D4f71b54bdA02913,0x940181a94A35A4569E4529A3CDfB74e38FD98631,18,18,6,0,0,0.0,0.0,0,3058012942,446723000092235295,0.44672300009223526,2.4332361462305117e-21,0.001086982551176963,0,0.001086982551176963,410.9753184248749,1785974400
vAMM-AERO/GHST,1.0449692685879799e-07,0x59Da7538Bbea7facC9185b412e0D43da67A84Ab7,0x785369676686874713ca132C2002E7736A36FE44,0x940181a94A35A4569E4529A3CDfB74e38FD98631,0xcD2F22236DD9Dfe2356D7C543161D4d260FD9BcB,0x940181a94A35A4569E4529A3CDfB74e38FD98631,18,18,18,22528819841339845,52999199594483705,0.022528819841339844,0.0529991995944837,75528019435823550,0,327790651534538225,0.32779065153453824,0.0,0,0,0,nan,0
vAMM-WETH/NORMILIO,0.00017711586686437633,0x7D68c4E183e31971deb223e6F8A064751d0599d0,0xE531DEd40AeA2Fd2ba7476BB6cE30cF9e2cfd2D0,0x4200000000000000000000000000000000000006,0xcDE90558fc317C69580DeeAF3eFC509428Df9080,0x940181a94A35A4569E4529A3CDfB74e38FD98631,18,18,18,368036959684370710,786000551181321867311138,0.3680369596843707,786000.5511813218,786000919218281551681848,0,555585002753508385365,555.5850027535083,0.0,0,0,0,nan,0
vAMM-WETH/GHST,0.01062532746754152,0x0DFb9Cb66A18468850d6216fCc691aa20ad1e091,0xe3800a58B5535935850a10e082952Ec3577D8DCc,0x4200000000000000000000000000000000000006,0xcD2F22236DD9Dfe2356D7C543161D4d260FD9BcB,0x940181a94A35A4569E4529A3CDfB74e38FD98631,18,18,18,0,0,0.0,0.0,0,228106836480496,33330004221650682100482,33330.004221650684,6.079351732755897e-21,202.6248189176534,0,202.6248189176534,164.49122274204709,1785974400
vAMM-VIRTUAL/WAI,0.026938356463048048,0x37E769D2dcF3e3E8dFC37c0Df83EEB56edfC0fD2,0x57E0f09B66baD2f184d30B58973690C15d7f6243,0x0b3e328455c4059EEb9e3f84b5543F74E24e7E1b,0x23471E7250bCD7ee21Df3f39Ed6151931D1E076b,0x940181a94A35A4569E4529A3CDfB74e38FD98631,18,18,18,175729173570860830,0,0.17572917357086082,0.0,175729173570860830,578322475511057,84501445944184878641465,84501.44594418489,2.0817184623664495e-23,1.7590822011867022,0,1.7590822011867022,48037.23548972242,1785974400
vAMM-WETH/XCAD,6.601690650726604e-06,0x63b9877618E27081181a59F9Ca52040Ada1332fc,0xC418D71a9c4756c54F414E128Ecc6A2448DEd100,0x4200000000000000000000000000000000000006,0x750cF88d9E0c2BCedEEC31d5FaAd6eD6E3F1abC6,0x940181a94A35A4569E4529A3CDfB74e38FD98631,18,18,18,0,0,0.0,0.0,0,141727489835,20708479614479210644,20.708479614479213,6.043732921592145e-20,1.2515652000214783,0,1.2515652000214783,16.54606537008526,1785974400
vAMM-weETH.base/WETH,0.1149836533558212,0x91F0f34916Ca4E2cCe120116774b0e4fA0cdcaA8,0xf8d47b641eD9DF1c924C0F7A6deEEA2803b9CfeF,0x04C0599Ae5A44757c0af6F9eC3b93da8976c150A,0x4200000000000000000000000000000000000006,0x940181a94A35A4569E4529A3CDfB74e38FD98631,18,18,18,0,70865141710,0.0,7.086514171e-08,70865141710,2468494312492476,360685886009410544002363,360685.88600941055,0.0,0,0,0,nan,0
vAMM-WETH/SAM,0.18786766695541549,0x598299Fb3f3829F7Ba08662948706cDFf7eC2350,0xf96Bc096dd1E52dcE4d595B6C4B8c5d2200db1E5,0x4200000000000000000000000000000000000006,0xed1779845520339693CDBffec49a74246E7D671b,0x940181a94A35A4569E4529A3CDfB74e38FD98631,18,18,18,0,0,0.0,0.0,0,4033185624345031,589311731978503814169072,589311.7319785039,0.0,0,0,0,nan,0
sAMM-rgUSD/eUSD,1.0096168655882086e-09,0xd7AdbF474E991f4AEbF95C0b095001ce661aAD17,0x1Efd219BFfFf88F89791Bc850b7347F6da67D933,0x8E5E9DF4F0EA39aE5270e79bbABFCc34203A3470,0xCfA3Ef56d303AE4fAabA0592388F19d7C3399FB4,0x940181a94A35A4569E4529A3CDfB74e38FD98631,18,18,18,129442143776180833743,153103855021483782288,129.44214377618084,153.10385502148378,282545998797664616031,0,3167011510478252,0.003167011510478252,0.0,0,0,0,nan,0
sAMM-USDC/rgUSD,1.4752970676164528e-09,0xF8CCE695B387424122d59ae2d01fA8CE359CfB00,0xc78a90ed0E25F3bf3f000c18947C683C2351777d,0x833589fCD6eDb6E08f4c7C32D4f71b54bdA02913,0x8E5E9DF4F0EA39aE5270e79bbABFCc34203A3470,0x940181a94A35A4569E4529A3CDfB74e38FD98631,18,6,18,938677,991665788885221682,0.938677,0.9916657888852217,991665788886160359,0,4627778074798720,0.00462777807479872,0.0,0,0,0,nan,0
vAMM-MAI/QI,2.60123302626014e-07,0x1894416A511251CfDD350B80bE256F4D166dCa0e,0x893E887C3b56D5E54Dc1F0dEbA783E96197151aA,0xbf1aeA8670D2528E08334083616dD9C5F3B087aE,0xD3FDCb837DAfdb7C9C3eBD48FE22a53F6Dd3d7D7,0x940181a94A35A4569E4529A3CDfB74e38FD98631,18,18,18,62775010976906396670,542376467992154766841,62.775010976906394,542.3764679921547,605151478969061163511,0,815966453849050413,0.8159664538490504,0.0,0,0,0,nan,0
vAMM-WETH/MASA,2.621004898789749e-06,0x33c3782446dF290bE025A24A0Ac94562E9A995D6,0x29Ff29c57474857a6F1fB6C5839CF82adA2BB6b5,0x4200000000000000000000000000000000000006,0x944824290CC12F31ae18Ef51216A223Ba4063092,0x940181a94A35A4569E4529A3CDfB74e38FD98631,18,18,18,6127015210381978,3907343255809370780050805,0.006127015210381978,3907343.255809371,3907343261936385990432783,0,8221685835894741508,8.221685835894743,0.0,0,0,0,nan,0
vAMM-wBLT/BMX,0.017288329621807815,0x61907C8C3E6ef7eD813aCc2fBbBf8C05ac0F31d5,0xeB86878fBF8329b1ED8C40d8f6736Ae7fc965Be8,0x4E74D4Db6c0726ccded4656d0BCE448876BB4C7A,0x548f93779fBC992010C07467cBaf329DD5F059B7,0x940181a94A35A4569E4529A3CDfB74e38FD98631,18,18,18,0,0,0.0,0.0,0,371153444912531,54230808512998081403999,54230.80851299808,0.0,0,0,0,nan,0
sAMM-zunUSD/USDC,1.4430221003966881e-07,0xaeb41e05E27EDa32dB13c5875834a19a2c15F70E,0xCb803c34e058cd828EE8d3732b2fAEA5cb988397,0x6ef3864876424ADE834a7C1BE8C0CF3d71208B84,0x833589fCD6eDb6E08f4c7C32D4f71b54bdA02913,0x940181a94A35A4569E4529A3CDfB74e38FD98631,18,18,6,2138329362374681249,396082,2.138329362374681,0.396082,2138329362375077331,0,452653650864703704,0.45265365086470366,0.0,0,0,0,nan,0
vAMM-CRYO/WETH,0.0007417928263525471,0x65Ee5A0ee82027D054EFeb31a1f7079C37c5DbD8,0x7ac1193Dd817aD9b0b1b57582a2542572c6baC21,0x1f4446fAAAed23090f324f051C3F8c5ce5aD1c36,0x4200000000000000000000000000000000000006,0x940181a94A35A4569E4529A3CDfB74e38FD98631,18,18,18,0,0,0.0,0.0,0,15925133829288,2326889040309380490160,2326.8890403093806,1.4281354456958618e-21,3.3231127166670533,0,3.3231127166670533,700.2136968267376,1785974400
vAMM-WETH/TRUF,4.966896379939883e-06,0xcE2D4E04e3d782EcB8bf2e265f421bA510F4e8F7,0xE81B7a527AA65b714cD44c034dDA915097bb3CdB,0x4200000000000000000000000000000000000006,0xB59c8912c83157a955f9D715E556257F432C35D7,0x940181a94A35A4569E4529A3CDfB74e38FD98631,18,18,18,914547176216643204,49972926251779801226219,0.9145471762166432,49972.9262517798,49973840798956017869423,0,15580383552188237583,15.580383552188238,0.0,0,0,0,nan,0
vAMM-AERO/BENJI,0.0006639894069412274,0x0f3027d68FE4E2A56860D7B18b3D80CAe8d716D1,0x2e8300243d49d81684e154821f879A5045e2d132,0x940181a94A35A4569E4529A3CDfB74e38FD98631,0xBC45647eA894030a4E9801Ec03479739FA2485F0,0x940181a94A35A4569E4529A3CDfB74e38FD98631,18,18,18,0,0,0.0,0.0,0,14254818340471,2082831781334551635980,2082.8317813345516,5.280887181412315e-22,1.0999199655087812,0,1.0999199655087812,1893.6212148591308,1785974400
sAMM-rgUSD/USD3,3.1723657034133363e-07,0xD42cd5b74B6cb892eCdE3cAb2765b6bD57C83346,0x73f294Df4543E5e0B5063C0ceE8339e4295047b3,0x8E5E9DF4F0EA39aE5270e79bbABFCc34203A3470,0xEFb97aaF77993922aC4be4Da8Fbc9A2425322677,0x940181a94A35A4569E4529A3CDfB74e38FD98631,18,18,18,13156629902745990484,28490697899465598056,13.15662990274599,28.490697899465598,41647327802211588540,0,995121916104588705,0.9951219161045887,0.0,0,0,0,nan,0
vAMM-WETH/APX,9.087168448378999e-06,0x898e0DE33B19A3494723f437734C788C2c10Ed04,0x4927B42B4B60148D60ED3b54F21FD2E57176cE83,0x4200000000000000000000000000000000000006,0xcacf1ca03983CE6c7E235fb20C70aCC70ed13509,0x940181a94A35A4569E4529A3CDfB74e38FD98631,18,18,18,609445481482865,59029448484727476725182,0.000609445481482865,59029.44848472748,59029449094172958208047,0,28505037955070384826,28.505037955070385,0.0,0,0,0,nan,0
vAMM-WETH/OX,0.005580130477078182,0xe140c5930889c4064A3d11b17Bb04fE7224a5CDC,0xD4ECF20068e5fA849Abe62F9523A90F8c073f203,0x4200000000000000000000000000000000000006,0xba0Dda8762C24dA9487f5FA026a9B64b695A07Ea,0x940181a94A35A4569E4529A3CDfB74e38FD98631,18,18,18,0,0,0.0,0.0,0,119797509123085,17504003799085797562746,17504.003799085796,8.709496915031644e-22,15.245106708883991,0,15.245106708883991,1148.1719435184698,1785974400
vAMM-SNX/sUSDCy,4.759450950443694e-06,0xFF808Ffcf1Fd541c8291c5D073da327b1B084248,0xDB6Fd3392E66f57C30704a6cdB1d338a708cc284,0x22e6966B799c4D5B13BE962E1D117b56327FDa66,0xC1E02884AF4A283cA25ab63C45360d220d69DA52,0x940181a94A35A4569E4529A3CDfB74e38FD98631,18,18,18,29595826825394123711,12858335270908438669,29.595826825394123,12.858335270908439,42454162096302562380,0,14929659415732995318,14.929659415732996,0.0,0,0,0,nan,0
vAMM-BCT/USDC,0.0002498008373608808,0x77e09a5043820820390904357463BfB739a76104,0xb0FC063ff618F6110ADb3565c4F13B1A3B9527a8,0x576Bca23DcB6d94fF8E537D88b0d3E1bEaD444a2,0x833589fCD6eDb6E08f4c7C32D4f71b54bdA02913,0x940181a94A35A4569E4529A3CDfB74e38FD98631,18,18,6,2661696165512211856270,164192773,2661.696165512212,164.192773,2661696165512376049043,0,783586481380838210312,783.5864813808382,0.0,0,0,0,nan,0
vAMM-BCT/KLIMA,3.2229706331418335e-06,0x6e2f9520919bd95889b27E0B2f735ac7ED149837,0x174F6439F572b1Acca20219F5Ba4c129D86d8f5a,0x576Bca23DcB6d94fF8E537D88b0d3E1bEaD444a2,0xDCEFd8C8fCc492630B943ABcaB3429F12Ea9Fea2,0x940181a94A35A4569E4529A3CDfB74e38FD98631,18,18,9,10311339547978635243,7187050570,10.311339547978635,7.18705057,10311339555165685813,0,10109958976514124564,10.109958976514124,0.0,0,0,0,nan,0
vAMM-wXCH/USDC,0.00821822488473223,0xd16Cc119b7c113660580291580cbEB588C9e2653,0x543a172C6805a7eC512188Fba90Fb9ac62ffa4D5,0x36be1d329444aeF5D28df3662Ec5B4F965Cd93E9,0x833589fCD6eDb6E08f4c7C32D4f71b54bdA02913,0x940181a94A35A4569E4529A3CDfB74e38FD98631,18,18,6,0,0,0.0,0.0,0,176433715475305,25779296773615373251946,25779.296773615373,0.0,0,0,0,nan,0
vAMM-WETH/SKR,2.96743341662131e-08,0xaa721DC836b5195F33F09b7713F73171A0030e36,0xf07FCB6f97622972f19ef0dE444268cE23a4a75B,0x4200000000000000000000000000000000000006,0xe2dCA969624795985F2f083BcD0b674337ba130a,0x940181a94A35A4569E4529A3CDfB74e38FD98631,18,18,18,34153813664309635,283686694930347898073454,0.03415381366430963,283686.6949303479,283686729084161562383089,0,93083783634519857,0.09308378363451986,0.0,0,0,0,nan,0
vAMM-sfrxETH/sFRAX,6.184236871148277e-06,0xD73a3EF449043AAc66bFF3FEE37E83B4f8DAE998,0xb41f81b476bdB6E02FF7b6cDC2100077D595Fa40,0x1f55a02A049033E3419a8E2975cF3F572F4e6E9A,0xe4796cCB6bB5DE2290C417Ac337F2b66CA2E770E,0x940181a94A35A4569E4529A3CDfB74e38FD98631,18,18,18,0,0,0.0,0.0,0,132766841831,19398991857213028961,19.39899185721303,1.1190400176166233e-23,0.00021708248189640403,0,0.00021708248189640403,89362.3091451046,1785974400
vAMM-USDC/OX,0.000277708799033282,0x33A20Ce534aE0F2fC00BC28e7133836B34415E7B,0x271cc28Fac66b40515a31D28FB95Eed8D17e2853,0x833589fCD6eDb6E08f4c7C32D4f71b54bdA02913,0xba0Dda8762C24dA9487f5FA026a9B64b695A07Ea,0x940181a94A35A4569E4529A3CDfB74e38FD98631,18,6,18,997407430,260646377048680301195079,997.40743,260646.3770486803,260646377048681298602509,0,871129428475909888438,871.1294284759099,0.0,0,0,0,nan,0
vAMM-AERO/APX,0.0010094966630558896,0x4634274a24443fAe01B1bAcd6212C65D1283B72c,0xb023a82C4AC8fcD103876fd07EAA1dF1df5782c2,0x940181a94A35A4569E4529A3CDfB74e38FD98631,0xcacf1ca03983CE6c7E235fb20C70aCC70ed13509,0x940181a94A35A4569E4529A3CDfB74e38FD98631,18,18,18,5891961782704204577,165698274134862885171280,5.891961782704205,165698.27413486288,165704166096645589375857,0,3166634453778410018900,3166.63445377841,0.0,0,0,0,nan,0
vAMM-USDC/CHEX,3.310989425640419e-05,0x6466e1a3b42Ef91f8f7C135970db4495e89F9C0A,0x1249abBD38f8B98114E35babda2827862bd19CfF,0x833589fCD6eDb6E08f4c7C32D4f71b54bdA02913,0xc43F3Ae305a92043bd9b62eBd2FE14F7547ee485,0x940181a94A35A4569E4529A3CDfB74e38FD98631,18,6,18,1284700796,8179875588516891142783,1284.700796,8179.875588516891,8179875588518175843579,0,103860602764057555874,103.86060276405756,0.0,0,0,0,nan,0
vAMM-WETH/OGN,0.00012589584698843693,0x8eA4C49B712217fd6e29Db920E3dd48287a0d50D,0xA88BcfEcC886dEA1e8B3108179F0532d53c8c055,0x4200000000000000000000000000000000000006,0x7002458B1DF59EccB57387bC79fFc7C29E22e6f7,0x940181a94A35A4569E4529A3CDfB74e38FD98631,18,18,18,75754547225401808,4796221761847765637432,0.07575454722540181,4796.221761847765,4796297516394991039240,0,394915744896452000000,394.915744896452,0.0,0,0,0,nan,0
vAMM-WETH/SKOP,4.458180865517322e-09,0x18c55864D9BC0D7C3F6Dc18e3A1d20E50f551891,0x3FC41388699Ab1876AA48577bBa493F71845Ae02,0x4200000000000000000000000000000000000006,0x6d3B8C76c5396642960243Febf736C6BE8b60562,0x940181a94A35A4569E4529A3CDfB74e38FD98631,18,18,18,5726228513967584,997552841808176422372,0.005726228513967584,997.5528418081764,997558568036690389956,0,13984621887889498,0.013984621887889497,0.0,0,0,0,nan,0
vAMM-WETH/RFL,0.015269427313686532,0x37785d5bE19D0d9559D4634a5385c72c419b25Da,0x937c527EB4f27030f6667078C64982B3202257d5,0x4200000000000000000000000000000000000006,0x6e2c81b6c2C0e02360F00a0dA694e489acB0b05e,0x940181a94A35A4569E4529A3CDfB74e38FD98631,18,18,18,0,0,0.0,0.0,0,327814224109288,47897825114760083518935,47897.82511476008,2.083497719337134e-21,99.79500938781155,0,99.79500938781155,479.96212845298936,1785974400
vAMM-sfrxETH/wstETH,6.533774596557646e-05,0x456c166e63634D75a4B49EDEC86cB51424D4C926,0xCe7Cb6260fCBf17485cd2439B89FdDf8B0Eb39cC,0x1f55a02A049033E3419a8E2975cF3F572F4e6E9A,0xc1CBa3fCea344f92D9239c08C0568f6F2F0ee452,0x940181a94A35A4569E4529A3CDfB74e38FD98631,18,18,18,0,0,0.0,0.0,0,1402714198688,204954374866874523168,204.95437486687453,2.0496268906890295e-21,0.4200799980915058,0,0.4200799980915058,487.8936769139611,1785974400
vAMM-USDC/APX,5.218350152523766e-06,0x4C7d96aaf20081cF617EBf6da4814aE91e6D5D06,0x1C669D3d0B3C49Cda1f47C80896D30D7A79E4f83,0x833589fCD6eDb6E08f4c7C32D4f71b54bdA02913,0xcacf1ca03983CE6c7E235fb20C70aCC70ed13509,0x940181a94A35A4569E4529A3CDfB74e38FD98631,18,6,18,6659743,674862861576962726787071,6.659743,674862.8615769628,674862861576962733446814,0,16369155034984708704,16.369155034984708,0.0,0,0,0,nan,0
sAMM-jEUR/EURA,1.5260135096937626e-06,0xe7e01f38470136dE763d22e534e53C8BCdbA3f39,0xb5FFE35051b62DfE687aaB959625a29bEd54575a,0x4154550f4Db74Dc38d1FE98e1F3F28ed6daD627d,0xA61BeB4A3d02decb01039e378237032B351125B4,0x940181a94A35A4569E4529A3CDfB74e38FD98631,18,18,18,19214158564940064207,19451053721870136181,19.214158564940064,19.451053721870135,38665212286810200388,0,4786867687209032544,4.786867687209033,0.0,0,0,0,nan,0
vAMM-USDC/EMT,7.264515090619361e-06,0x68426A1D8ab4AC250ae5E2DA0b9d684594c83BB0,0x8b02968e7FaF61d251b6B9c06c375E5f0c69b7CB,0x833589fCD6eDb6E08f4c7C32D4f71b54bdA02913,0xe2c86869216aC578bd62a4b8313770d9EE359A05,0x940181a94A35A4569E4529A3CDfB74e38FD98631,18,6,18,2137569520,542180571948356652985830,2137.56952,542180.5719483567,542180571948358790555350,0,22787657074875208353,22.78765707487521,0.0,0,0,0,nan,0
vAMM-USDz/WETH,9.42466482201147e-05,0x2ce63497999F520CC2afaaadbCFC37Afd9deF4b0,0xc15B32d92E265832c87EC4b36B7e598ae2daad42,0x04D5ddf5f3a8939889F11E97f8c4BB48317F1938,0x4200000000000000000000000000000000000006,0x940181a94A35A4569E4529A3CDfB74e38FD98631,18,18,18,0,0,0.0,0.0,0,2023350093104,295637117316975040591,295.63711731697504,3.995644245340354e-21,1.1812607465165823,0,1.1812607465165823,250.27253143624623,1785974400
vAMM-bsdETH/eUSD,2.1470169582516175e-08,0xe593Cb44256A78E4C280CC491C201cF60e849135,0x66C48B791ffFc09f235814Ba783CbD6B8E5d72c9,0xCb327b99fF831bF8223cCEd12B1338FF3aA322Ff,0xCfA3Ef56d303AE4fAabA0592388F19d7C3399FB4,0x940181a94A35A4569E4529A3CDfB74e38FD98631,18,18,18,109172984795578,66012668495391031,0.000109172984795578,0.06601266849539103,66121841480186609,0,67348591844425798,0.0673485918444258,0.0,0,0,0,nan,0
sAMM-USDz/DOLA,8.676796201167777e-05,0xcEa8ef6ce6235F2C2CdD13C9E8a3ED470725a638,0x528aD6E380E7B3B9D7eE3a492a52c4D3AC8f5958,0x04D5ddf5f3a8939889F11E97f8c4BB48317F1938,0x4621b7A9c75199271F773Ebd9A499dbd165c3191,0x940181a94A35A4569E4529A3CDfB74e38FD98631,18,18,18,0,0,0.0,0.0,0,1862818048716,272177638664570007413,272.17763866457,1.858363180062495e-21,0.505804902130591,0,0.505804902130591,538.1079493656191,1785974400
vAMM-ZUN/USDC,9.16761146315615e-06,0x80326ED67271fB298D674c43AEF3BC437B801B0e,0xf1AE7589f6fA9345f39370Fa50CE0bFeABe2B9bf,0x1db0Fc8933f545648b54A9eE4326209a9A259643,0x833589fCD6eDb6E08f4c7C32D4f71b54bdA02913,0x940181a94A35A4569E4529A3CDfB74e38FD98631,18,18,6,24967659975940530207970,33460020,24967.65997594053,33.46002,24967659975940563667990,0,28757375215292741433,28.75737521529274,0.0,0,0,0,nan,0
vAMM-HBR/AERO,0.0001228850676732628,0xCCa6105c83C59C600aab47589466BC36288D2377,0xdFE422acDA41b39683403068F2d3A4610ff87Bf9,0x416bd43Bc76D496ff49923c20eCaf86b52Ab078d,0x940181a94A35A4569E4529A3CDfB74e38FD98631,0x940181a94A35A4569E4529A3CDfB74e38FD98631,18,18,18,17980565174318259575,197160750116946735,17.980565174318258,0.19716075011694673,18177725924435206310,0,385471397172416174113,385.4713971724162,0.0,0,0,0,nan,0
vAMM-USDz/sUSDz,1.643982283297387e-05,0x7818B53F423457151407103321d8F961773815D1,0xc4021e049F13e137Cd1D40e7Ddb2173C7F8F02a3,0x04D5ddf5f3a8939889F11E97f8c4BB48317F1938,0xe31eE12bDFDD0573D634124611e85338e2cBF0cF,0x940181a94A35A4569E4529A3CDfB74e38FD98631,18,18,18,0,0,0.0,0.0,0,352941074006,51569174324279928791,51.56917432427993,4.695385046128722e-22,0.024213712996342923,0,0.024213712996342923,2129.7507875834076,1785974400
vAMM-WETH/MOZ,8.239582369888569e-06,0xA32ECde2C559C462610eD35740CC2B9642133c9B,0x68dBA60bEef5fDd4663588950A196FcCC8B7a166,0x4200000000000000000000000000000000000006,0xC227717ef4Ae4D982E14789eB33bA942243c3FEe,0x940181a94A35A4569E4529A3CDfB74e38FD98631,18,18,18,117648983385305267,1852831446940086894462546,0.11764898338530527,1852831.4469400868,1852831564589070279767813,0,25846291891892824134,25.846291891892825,0.0,0,0,0,nan,0
vAMM-ZRO/AERO,1.3588095027021655e-06,0x04c7d6172aEf0FF6fA09D21eb929a45a41C8c13e,0x6bA7c122CaEbA0cE6334e72326a5B4568571982b,0x6985884C4392D348587B19cb9eAAf157F13271cd,0x940181a94A35A4569E4529A3CDfB74e38FD98631,0x940181a94A35A4569E4529A3CDfB74e38FD98631,18,18,18,4926834876610536838,17014813439827247912,4.9268348766105365,17.014813439827247,21941648316437784750,0,4262374651494972008,4.262374651494972,0.0,0,0,0,nan,0
vAMM-WETH/MIGGLES,3.1699026398908374e-07,0x27e13dfA957231A606ab7F535b34275865a66f44,0x1752286215B2b34D645515a32a23d2BD48920c37,0x4200000000000000000000000000000000000006,0xB1a03EdA10342529bBF8EB700a06C60441fEf25d,0x940181a94A35A4569E4529A3CDfB74e38FD98631,18,18,18,5700178735846432,2493630287280020187503,0.005700178735846432,2493.63028728002,2493635987458756033935,0,994349291280988092,0.994349291280988,0.0,0,0,0,nan,0
vAMM-AERO/L2VE,0.0011792699214470575,0xFC13b664e814098F08F10bA0fb23b1Bb916F344e,0x9B49ca7C6C41f01971e2453078a357415Cb3Adda,0x940181a94A35A4569E4529A3CDfB74e38FD98631,0xA19328fb05ce6FD204D16c2a2A98F7CF434c12F4,0x940181a94A35A4569E4529A3CDfB74e38FD98631,18,18,18,35157553255830539293,1022412715630532433988806,35.15755325583054,1022412.7156305325,1022447873183788264528099,0,3699186832628554582236,3699.186832628555,0.0,0,0,0,nan,0
vAMM-WETH/sUSDz,8.385489734878683e-06,0x5346a22ee56d200971eC63F98c83e233bd07648d,0xA28731068548A4FC77A5942E23037697D80FDE9F,0x4200000000000000000000000000000000000006,0xe31eE12bDFDD0573D634124611e85338e2cBF0cF,0x940181a94A35A4569E4529A3CDfB74e38FD98631,18,18,18,60557429337410107,177445202275030394114,0.06055742933741011,177.4452022750304,177505759704367804221,0,26303980664869124722,26.303980664869126,0.0,0,0,0,nan,0
vAMM-WETH/MOXIE,0.00012082005605200124,0xc02Dc3a9b6eaD739C56CDEa716D8fEC4Ffe4C799,0xEa2c1c05C17Eed888D0027F17EE23637dfF66FEb,0x4200000000000000000000000000000000000006,0x8C9037D1Ef5c6D1f6816278C7AAF5491d24CD527,0x940181a94A35A4569E4529A3CDfB74e38FD98631,18,18,18,76034328375565811,7020371039873442115625923,0.07603432837556581,7020371.039873442,7020371115907770491191734,0,378993776010653355249,378.99377601065333,0.0,0,0,0,nan,0
vAMM-YFI/wstETH,0.20549064038831905,0x1524a14C55f097bb54F0b24383f3ae3e3743804A,0x8b87e30B3ad8BD645c3f83aea6E1156525081084,0x9EaF8C1E34F05a589EDa6BAfdF391Cf6Ad3CB239,0xc1CBa3fCea344f92D9239c08C0568f6F2F0ee452,0x940181a94A35A4569E4529A3CDfB74e38FD98631,18,18,18,0,0,0.0,0.0,0,4411611042995075,644592266221898724702103,644592.2662218987,9.623322767614495e-22,620.3119431361422,0,620.3119431361422,1039.1421176948509,1785974400
vAMM-WETH/TIMI,1.0258846909366005e-05,0xAcb7907c232907934B2578315dFcFa1bA60E87Af,0xe3f0820BAd87cF3bf736429a3C54a3aC78fEdFFf,0x4200000000000000000000000000000000000006,0x9bEec80e62aA257cED8b0edD8692f79EE8783777,0x940181a94A35A4569E4529A3CDfB74e38FD98631,18,18,18,2463311668529699,28728754242457873204958,0.002463311668529699,28728.75424245787,28728756705769541734657,0,32180411553711097197,32.180411553711096,0.0,0,0,0,nan,0
vAMM-EURC/USDC,1.5885841001711762e-07,0xFDF5139b38525627B47538536042A7c8d2686BD9,0x1f077baf21b95314bD251b21aD1f0Cc8D5D86781,0x60a3E35Cc302bFA44Cb288Bc5a4F316Fdb1adb42,0x833589fCD6eDb6E08f4c7C32D4f71b54bdA02913,0x940181a94A35A4569E4529A3CDfB74e38FD98631,18,6,6,41237557,106638456,41.237557,106.638456,147876013,0,498314192450987272,0.49831419245098724,0.0,0,0,0,nan,0
vAMM-WETH/EURC,0.001975647349315239,0x9DFf4b5AE4fD673213502Ab8fbf6d36015efb3E1,0x21D4eF9D2b66069f3307765A0349526f8E988294,0x4200000000000000000000000000000000000006,0x60a3E35Cc302bFA44Cb288Bc5a4F316Fdb1adb42,0x940181a94A35A4569E4529A3CDfB74e38FD98631,18,18,6,0,0,0.0,0.0,0,42414801984550,6197299301534453648045,6197.299301534454,0.0,0,0,0,nan,0
vAMM-MODE/WETH,0.0001457339002865538,0x9Bf387B4cdb6BCDB2107981E0e7C16d71576A970,0x224e14Bc695DCDD23602d571dF2203Cf2B515fcF,0x084382D1cc4f4DFD1769b1cC1Ac2A9b1f8365e90,0x4200000000000000000000000000000000000006,0x940181a94A35A4569E4529A3CDfB74e38FD98631,18,18,18,0,0,0.0,0.0,0,3128734100371,457144641106514476459,457.1446411065145,0.0,0,0,0,nan,0
vAMM-COMP/sFRAX,6.949390959783089e-08,0xe253155a71707AAE3b604f6E71Fa2B3F14927949,0xBFe0639305a781459dE0C343f32F82c0D6AB4597,0x9e1028F5F1D5eDE59748FFceE5532509976840E0,0xe4796cCB6bB5DE2290C417Ac337F2b66CA2E770E,0x940181a94A35A4569E4529A3CDfB74e38FD98631,18,18,18,32754071547416219,1525638445088838720,0.03275407154741622,1.5256384450888387,1558392516636254939,0,217991615538475485,0.21799161553847549,0.0,0,0,0,nan,0
vAMM-WETH/uSOL,5.649361797463288e-06,0x80BEDFB71d9f447AA82184D1BEA40b33c161906e,0x2cc038D9579b88190f03f74e946477CA0434EeC5,0x4200000000000000000000000000000000000006,0x9B8Df6E244526ab5F6e6400d331DB28C8fdDdb55,0x940181a94A35A4569E4529A3CDfB74e38FD98631,18,18,18,2104632187264217,60359431038405731,0.002104632187264217,0.06035943103840573,62464063225669948,0,17721171712992919020,17.72117171299292,0.0,0,0,0,nan,0
vAMM-WIF/WETH,3.20844157398829e-08,0x0aCBE7A8486e77a0476142b54024BF487e5630B7,0x09e834dfa12d94C6366FBCc95C3523CFA77179B2,0x1fba65dE0a9cBD2D1DF82d141897042d36Bb6c86,0x4200000000000000000000000000000000000006,0x940181a94A35A4569E4529A3CDfB74e38FD98631,18,18,18,738003066309133856,119294206243285,0.7380030663091338,0.000119294206243285,738122360515377141,0,100643835714827466,0.10064383571482748,0.0,0,0,0,nan,0
vAMM-EURC/APX,3.948708020050828e-08,0x642849BC08552c0F38628d4DD2058756A7aC78F9,0xF4Be61A42fd3e1e211c88A8EEF180019A8C46486,0x60a3E35Cc302bFA44Cb288Bc5a4F316Fdb1adb42,0xcacf1ca03983CE6c7E235fb20C70aCC70ed13509,0x940181a94A35A4569E4529A3CDfB74e38FD98631,18,6,18,168138,32545883432467855177062,0.168138,32545.883432467854,32545883432467855345200,0,123864845935719615,0.12386484593571961,0.0,0,0,0,nan,0
vAMM-WETH/LRDS,0.8430023470860708,0x14f7Ce67e16c435C876AFF4092eb547584121312,0x2BED28EDa5B8902FF20256ac001aa6A4bEb1cEc2,0x4200000000000000000000000000000000000006,0xB676f87A6E701f0DE8De5Ab91B56b66109766DB1,0x940181a94A35A4569E4529A3CDfB74e38FD98631,18,18,18,68971566758335,416523478782221355071,6.8971566758335e-05,416.52347878222133,416523547753788113406,18098381944839776,2644367608722867998077069,2644367.608722868,2.6504590007082167e-22,700.8787929720788,0,700.8787929720788,3772.9314044578496,1785974400
vAMM-VIRTUAL/cbBTC,0.17514400468249383,0xb909F567c5c2Bb1A4271349708CC4637D7318b4A,0x8c44e7F913D0893Cd5A3CBBb2fCd59785a7801ab,0x0b3e328455c4059EEb9e3f84b5543F74E24e7E1b,0xcbB7C0000aB88B473b1f5aFd9ef808440eed33Bf,0x940181a94A35A4569E4529A3CDfB74e38FD98631,18,18,8,5999932982478116860,6816,5.999932982478117,6.816e-05,5999932982478123676,3883979382698526,549399576935111154877980,549399.5769351112,0.0,0,0,0,nan,0
vAMM-fBOMB/cbBTC,0.24676150022974302,0x3d36Cf85a0c275cF4894315a6c1D6C558D6d984C,0xA95EbEfbCB77Ae1daf0d2123784594F8ccE90274,0x74ccbe53F77b08632ce0CB91D3A545bF6B8E0979,0xcbB7C0000aB88B473b1f5aFd9ef808440eed33Bf,0x940181a94A35A4569E4529A3CDfB74e38FD98631,18,18,8,0,0,0.0,0.0,0,5297712273135081,774052552217591468970665,774052.5522175914,0.0,0,0,0,nan,0
vAMM-BRETT/cbBTC,8.484258110741996e-07,0xeC394d416D2FD269a051627DBBF1934A37a5D04E,0xD0c22E9B6A86381368B0b33928f12aE31dc7020F,0x532f27101965dd16442E59d40670FaF5eBB142E4,0xcbB7C0000aB88B473b1f5aFd9ef808440eed33Bf,0x940181a94A35A4569E4529A3CDfB74e38FD98631,18,18,8,142911336072299877282,6289,142.9113360722999,6.289e-05,142911336072299883571,0,2661380174045913717,2.6613801740459135,0.0,0,0,0,nan,0
vAMM-WETH/cbBTC,0.050496862831286946,0x2578365B3dfA7FfE60108e181EFb79FeDdec2319,0xAFdEBa12B6a870d6639d043030b4b49F9C7c62BB,0x4200000000000000000000000000000000000006,0xcbB7C0000aB88B473b1f5aFd9ef808440eed33Bf,0x940181a94A35A4569E4529A3CDfB74e38FD98631,18,18,8,35982354467,1,3.5982354467e-08,1e-08,35982354468,1084166511507421,158400826373432687616503,158400.82637343268,3.86342266202506e-22,61.19693422946166,0,61.19693422946166,2588.378459932307,1785974400
vAMM-AERO/KLIMA,4.590639311861881e-08,0xf597b0EE3D51Dab24c213199E02E1b7ab9d7B5e7,0x9C25C4681666fC54c45199F8bc51C736f95F27F0,0x940181a94A35A4569E4529A3CDfB74e38FD98631,0xDCEFd8C8fCc492630B943ABcaB3429F12Ea9Fea2,0x940181a94A35A4569E4529A3CDfB74e38FD98631,18,18,9,62170856659244410662,311365667096,62.17085665924441,311.365667096,62170856970610077758,0,144001234890725212,0.14400123489072522,0.0,0,0,0,nan,0
vAMM-cbBTC/KLIMA,0.00025389983756585167,0x6CD89bc86E4a418f7f11e453384904B4493C4077,0xC913c26A4e8a79604fcd3d5a44560F5bE38aE32c,0xcbB7C0000aB88B473b1f5aFd9ef808440eed33Bf,0xDCEFd8C8fCc492630B943ABcaB3429F12Ea9Fea2,0x940181a94A35A4569E4529A3CDfB74e38FD98631,18,8,9,0,0,0.0,0.0,0,5450965249898,796444409247398156992,796.4444092473981,6.474502137109036e-21,5.156581029760823,0,5.156581029760823,154.45203026012362,1785974400
vAMM-WELS/PEGG,0.0007181871720152403,0x6D7Da1A335daBcA718E4ee5357041C96550D7563,0x076C466b97b7C0DAFacFDf855de150EB0E5adb58,0x7F62ac1e974D65Fab4A81821CA6AF659A5F46298,0x82B0E1A2374EA0198f62A48B14FFaB53DB6C1E36,0x940181a94A35A4569E4529A3CDfB74e38FD98631,18,18,18,6385837706471420034945,207755363706753371790,6385.8377064714205,207.75536370675337,6593593070178173406735,0,2252841764014064006911,2252.8417640140638,0.0,0,0,0,nan,0
sAMM-DOLA/zunUSD,4.1990798901495715e-05,0x557c843afA9D8214534A2101D7B1200F1b0F6f6a,0x4C601a90a08A4660D439D8b22a11b739592263E3,0x4621b7A9c75199271F773Ebd9A499dbd165c3191,0xD5B9dDB04f20eA773C9b56607250149B26049B1F,0x940181a94A35A4569E4529A3CDfB74e38FD98631,18,18,18,3707670806605054901,9946207702829917764,3.707670806605055,9.946207702829918,13653878509434972665,0,131718623160813013160,131.71862316081302,0.0,0,0,0,nan,0
vAMM-DAI/OX,1.0362564307881193e-06,0xaCC2c24D1e380De50eD04bE8d68F4E985a28bf2F,0x2D8aC6651a090E085E3638c166851eF9E5688540,0x50c5725949A6F0c72E6C4a641F24049A917DB0Cb,0xba0Dda8762C24dA9487f5FA026a9B64b695A07Ea,0x940181a94A35A4569E4529A3CDfB74e38FD98631,18,18,18,8579042782515268420,2718745463404901431328,8.579042782515268,2718.7454634049013,2727324506187416699748,0,3250575694574067081,3.250575694574067,0.0,0,0,0,nan,0
vAMM-USDC/superOETHb,0.0015448547753092454,0x295e0F68384aC506b0C033592Eef9674da5e4f99,0x634639c606BE9877856Fd7A4eD215D7839133fc0,0x833589fCD6eDb6E08f4c7C32D4f71b54bdA02913,0xDBFeFD2e8460a6Ee4955A68582F85708BAEA60A3,0x940181a94A35A4569E4529A3CDfB74e38FD98631,18,6,18,0,0,0.0,0.0,0,33166427923075,4845969815065671180232,4845.969815065671,0.0,0,0,0,nan,0
vAMM-WETH/MOR,0.026676746973983444,0x1eB79B7111fC98BBcbe79dd8043c2C98bc5698bd,0xABB4aC5F627eb41440950043012BECF7E749d342,0x4200000000000000000000000000000000000006,0x7431aDa8a591C955a994a21710752EF9b882b8e3,0x940181a94A35A4569E4529A3CDfB74e38FD98631,18,18,18,0,0,0.0,0.0,0,572727905193200,83680817553993272819632,83680.81755399327,0.0,0,0,0,nan,0
sAMM-jEUR/EURC,0.029800873903538694,0xC75799e0646470128a42D07335aB3BFa9E8Ee7C2,0x533eb2cEf740654D09764334Bd86E62F0a253d1a,0x4154550f4Db74Dc38d1FE98e1F3F28ed6daD627d,0x60a3E35Cc302bFA44Cb288Bc5a4F316Fdb1adb42,0x940181a94A35A4569E4529A3CDfB74e38FD98631,18,18,6,0,0,0.0,0.0,0,639793818916444,93480719163533209597903,93480.71916353321,5.2186253053857955e-23,4.878408465924773,0,4.878408465924773,19162.134498676627,1785974400
vAMM-WETH/Silo,0.0001916877365579148,0x57bd5C33c8002A634b389Ab4de5e09eC1C31Dce7,0x99c34f5E11d91BF19A40CE316C5fBEAb44259D23,0x4200000000000000000000000000000000000006,0xF734eFdE0C424BA2B547b186586dE417b0954802,0x940181a94A35A4569E4529A3CDfB74e38FD98631,18,18,18,81751481803803792,7839005929194792045514,0.08175148180380379,7839.005929194792,7839087680676595849306,0,601294697808709969488,601.29469780871,0.0,0,0,0,nan,0
vAMM-fBOMB/USX,2.8738814708547825e-06,0x49d88e65ef336487a0A513ba0738b85fccaeCCb0,0xfBeD71d6F9b3Fab9dd408C0D0183f1c8937AB53b,0x74ccbe53F77b08632ce0CB91D3A545bF6B8E0979,0xc142171B138DB17a1B7Cb999C44526094a4dae05,0x940181a94A35A4569E4529A3CDfB74e38FD98631,18,18,18,3812368235314859203,60203870121188416,3.8123682353148594,0.06020387012118841,3872572105436047619,0,9014920419979920279,9.014920419979921,0.0,0,0,0,nan,0
vAMM-WMTX/WETH,0.026148673369142512,0x1DDa8b6469df243971381f1f3F4137814ca68722,0xf2470b185647d1Fd0F432C223Ab0e80e0b23dCD3,0x3e31966d4f81C72D2a55310A6365A56A4393E98D,0x4200000000000000000000000000000000000006,0x940181a94A35A4569E4529A3CDfB74e38FD98631,18,6,18,0,0,0.0,0.0,0,187127940477933,82024332562593479207659,82024.33256259348,2.142913148597849e-20,1757.7102075334428,0,1757.7102075334428,46.66544701796804,1785974400
vAMM-BOTTO/WETH,0.8058663285994234,0x55F618171d851d57906431ce9FEEe96Dc6f3877e,0xc6fC7E3838BCb2B0CC6da0251c4F32b8865Ed725,0x24914CB6BD01E6a0CF2a9c0478e33c25926e6a0c,0x4200000000000000000000000000000000000006,0x940181a94A35A4569E4529A3CDfB74e38FD98631,18,18,18,477331161494207660748,11017989687520585,477.33116149420766,0.011017989687520584,477342179483895181333,17301175491229190,2527877678721525241795018,2527877.6787215252,2.7850963869176906e-23,70.40382989577199,0,70.40382989577199,35905.400067920644,1785974400
vAMM-WETH/Neiro,4.9529533277258886e-05,0xd661D3D5ad3D3DEB7E781f5C6823da8d3a3B0CE8,0xF8a98eaA0c0033DE1Fb0D9580e16A2b7343F439e,0x4200000000000000000000000000000000000006,0x5Ca35eBC4f25B042d2cAE75914c7e882E631fA9A,0x940181a94A35A4569E4529A3CDfB74e38FD98631,18,18,9,0,0,0.0,0.0,0,1063351472591,155366463600334770347,155.36646360033475,0.0,0,0,0,nan,0
vAMM-ICL/WETH,1.6049443958887256e-07,0xf8128cB2d1e3Eb8598BF8c5B4935893f92d9ea28,0xCFD3fEd4DC3D467772d1A4B6CE87B09aE0B75282,0x12c26138b666360AB2B7A1B149dF9Cf6642CDfBf,0x4200000000000000000000000000000000000006,0x940181a94A35A4569E4529A3CDfB74e38FD98631,18,18,18,38862623747511035664763,5433508226129166,38862.62374751104,0.005433508226129166,38862629181019261793929,0,503446163460813855,0.5034461634608138,0.0,0,0,0,nan,0
vAMM-USDC/CARV,1.3744371939430078e-05,0xbe54ED1762172820d088aa676a8E2947AeEB10b0,0xCe3Dff721ef6E293664da2Bb4Dcbca563aa43055,0x833589fCD6eDb6E08f4c7C32D4f71b54bdA02913,0xc08Cd26474722cE93F4D0c34D16201461c10AA8C,0x940181a94A35A4569E4529A3CDfB74e38FD98631,18,6,18,6571046,31468826277006337804,6.571046,31.468826277006336,31468826277012908850,0,43113962949806059481,43.11396294980606,0.0,0,0,0,nan,0
vAMM-WETH/TALENT,1.214324101966212e-07,0x53C1d63A83506623B866e880546FF87885b2120E,0x2b3197894d2D8D0355e344bda8Ece023a82C6251,0x4200000000000000000000000000000000000006,0x9a33406165f562E16C3abD82fd1185482E01b49a,0x940181a94A35A4569E4529A3CDfB74e38FD98631,18,18,18,3055128343603969,153326354733479199873,0.003055128343603969,153.3263547334792,153329409861822803842,0,380914635982986203,0.3809146359829862,0.0,0,0,0,nan,0
vAMM-WETH/VRTX,9.441061334790603e-06,0xe20eEb487186EC2e9272B9D2B5732d31e115d3e3,0x30cf555B45c81CEc2e5770CCE484De79f37e6eA6,0x4200000000000000000000000000000000000006,0xFB0c734Fc3008683c5efF45bcf8128836C4D97D0,0x940181a94A35A4569E4529A3CDfB74e38FD98631,18,18,18,3412300559351207,22475031333124869361963,0.003412300559351207,22475.03133312487,22475034745425428713170,0,29615145049100502613,29.6151450491005,0.0,0,0,0,nan,0
vAMM-WETH/SYRUP,0.00267531402098768,0xFC42A013ebD8B160C35c6A0FE876DE4e42da262a,0x9b872778b8010F6Ebf9f230f13A7e97da09a762F,0x4200000000000000000000000000000000000006,0x688AEe022AA544f150678B8E5720b6b96a9E9a2F,0x940181a94A35A4569E4529A3CDfB74e38FD98631,18,18,18,0,0,0.0,0.0,0,57436820305872,8392045128599911607038,8392.045128599912,0.0,0,0,0,nan,0
vAMM-fBOMB/USDC,3.7043688438449,0xFf8e0bD2d8F02904e7e18Dd00ea50aeC68f37A10,0x0254263E74061b410Cbc33bf11fCe4A961ea8fE1,0x74ccbe53F77b08632ce0CB91D3A545bF6B8E0979,0x833589fCD6eDb6E08f4c7C32D4f71b54bdA02913,0x940181a94A35A4569E4529A3CDfB74e38FD98631,18,18,6,6555158064429857280241,101723,6555.158064429857,0.101723,6555158064429857381964,79529792002526987,11620030496101913569119151,11620030.496101914,0.0,0,0,0,nan,0
vAMM-USDC/RECORD,4.48790034393685e-06,0x2508ec71d3E0f227D2AA3F190f055E288770Bb20,0xC27d16C68AD5C22Ff15d20117DA3a40b6A7e89cf,0x833589fCD6eDb6E08f4c7C32D4f71b54bdA02913,0xE642657E4F43e6DcF0bd73Ef24008394574Dee28,0x940181a94A35A4569E4529A3CDfB74e38FD98631,18,6,18,212103,236055848409943581150,0.212103,236.0558484099436,236055848409943793253,0,14077847282044555790,14.077847282044555,0.0,0,0,0,nan,0
vAMM-WETH/VIS,4.340453729822396e-05,0xDbdfAc0F9268EF02c34Ed58c9Fab3517a98444dc,0x018b51fe7a1B422447f069c360f5759f64E72dB6,0x4200000000000000000000000000000000000006,0xFc60AA1fFCA50Ce08b3cDeC9626c0Bb9E9b09BeC,0x940181a94A35A4569E4529A3CDfB74e38FD98631,18,18,18,2654372372108749,245468203240278163917,0.002654372372108749,245.46820324027817,245470857612650272666,0,136153301233108184956,136.15330123310818,0.0,0,0,0,nan,0
vAMM-HENLO/WETH,6.550142277684192e-07,0x9342001C286d21C7507694Cd52A9AA73C3d5ce56,0xeD34DbC85cb8D0dE1dFc53309B7837D8bda43Cba,0x23A96680Ccde03Bd4Bdd9a3e9a0Cb56A5D27F7c9,0x4200000000000000000000000000000000000006,0x940181a94A35A4569E4529A3CDfB74e38FD98631,18,18,18,308270539607164573064789606069733,40297604620868228632,308270539607164.56,40.29760462086823,308270539607204870669410474298365,0,2054678036366822742,2.0546780363668224,0.0,0,0,0,nan,0
vAMM-USDC/G,0.000916708364567328,0x637E0567eDD057f865Afb4602F3B961909E09774,0x509C953cDC289C476EA19f124c3E5804d479a1fb,0x833589fCD6eDb6E08f4c7C32D4f71b54bdA02913,0x9C7BEBa8F6eF6643aBd725e45a4E8387eF260649,0x940181a94A35A4569E4529A3CDfB74e38FD98631,18,6,18,1032197,130513811801197831490,1.032197,130.51381180119782,130513811801198863687,0,2875571953371623376189,2875.5719533716233,0.0,0,0,0,nan,0
vAMM-USDC/MCADE,0.001011664091250359,0x1c3FCeA97a3161434901097878faF90227cD3394,0x918A82Cc55E919087944849812C44D07a7f2d5aD,0x833589fCD6eDb6E08f4c7C32D4f71b54bdA02913,0xc48823EC67720a04A9DFD8c7d109b2C3D6622094,0x940181a94A35A4569E4529A3CDfB74e38FD98631,18,6,18,15612526,8124059933171236028586,15.612526,8124.0599331712365,8124059933171251641112,0,3173433339844978075641,3173.4333398449785,0.0,0,0,0,nan,0
vAMM-WETH/DOGE,5.538449910459233e-05,0x43Cdb48293FbDF1FA1dc56965AC97e0df211D7e8,0xE737086945b0288D09Dd18dCeE8C82971A0a0e04,0x4200000000000000000000000000000000000006,0x67f0870BB897F5E1c369976b4A2962d527B9562c,0x940181a94A35A4569E4529A3CDfB74e38FD98631,18,18,18,257956311889234,366198452324093833549,0.000257956311889234,366.1984523240938,366198710280405722783,0,173732583264766788665,173.7325832647668,0.0,0,0,0,nan,0
vAMM-wXCH/cbBTC,9.236202728842377e-08,0x3C5512cE278640F9Dea87a9217d49dEcc79951D6,0x116b2bC100CBA7A4BF7b4A2b061a6651D9Cc71bf,0x36be1d329444aeF5D28df3662Ec5B4F965Cd93E9,0xcbB7C0000aB88B473b1f5aFd9ef808440eed33Bf,0x940181a94A35A4569E4529A3CDfB74e38FD98631,18,18,8,10462453531535757,68,0.010462453531535756,6.8e-07,10462453531535825,0,289725353768853210,0.28972535376885317,0.0,0,0,0,nan,0
vAMM-WETH/FAI,0.0003253975733011047,0x5447F7FE76894d98753A0A6d69B9cb840037c13D,0xC8A601c97574088a50A63fca15aF9448fd36579A,0x4200000000000000000000000000000000000006,0xb33Ff54b9F7242EF1593d2C9Bcd8f9df46c77935,0x940181a94A35A4569E4529A3CDfB74e38FD98631,18,18,18,0,0,0.0,0.0,0,6986093081014,1020721716575021586954,1020.7217165750216,2.2274582523747438e-20,22.73615010963146,0,22.73615010963146,44.89421963055322,1785974400
vAMM-WETH/COOKIE,5.4904211857185645e-05,0xeD445A77E75F18B04818d940d0E490C15C6072B7,0x6cf5A745dd93e1Bf18f5893409b1B1DaCBe7cc11,0x4200000000000000000000000000000000000006,0xC0041EF357B183448B235a8Ea73Ce4E4eC8c265F,0x940181a94A35A4569E4529A3CDfB74e38FD98631,18,18,18,0,0,0.0,0.0,0,1178761097353,172225996664723527322,172.22599666472354,0.0,0,0,0,nan,0
vAMM-AIXBT/AERO,7.082797690325606e-06,0xEdBB53445B0Ff73852AB86C3605b3426CF9123c7,0xE741938F18152c16573465457636b5BA7078366C,0x4F9Fd6Be4a90f2620860d680c0d4d5Fb53d1A825,0x940181a94A35A4569E4529A3CDfB74e38FD98631,0x940181a94A35A4569E4529A3CDfB74e38FD98631,18,18,18,1967371984475806908930,213732129399179932577,1967.3719844758068,213.73212939917994,2181104113874986841507,0,22217637775475716303,22.217637775475716,0.0,0,0,0,nan,0
vAMM-USDC/MET,0.22245830709149736,0xdA9b1279A069A7166560f3D7f20B5b0237af8459,0x0472A241929cC4E34951bD761dFAc665c4692171,0x833589fCD6eDb6E08f4c7C32D4f71b54bdA02913,0x93dc5Cb35627A759848c7A7F0079EA7b49E435a5,0x940181a94A35A4569E4529A3CDfB74e38FD98631,18,6,18,0,0,0.0,0.0,0,4776016163204904,697817204895656782123823,697817.2048956568,1.77429913201722e-22,123.81364609530465,0,123.81364609530465,5636.028231964973,1785974400
vAMM-cbBTC/CHAMP,0.0024486794963525208,0x32450CEBe156B2Ca77Dd517e0182409d89b723Ff,0xCFede447ca3b4885720B5a327e3BFb02078f06e8,0xcbB7C0000aB88B473b1f5aFd9ef808440eed33Bf,0xEb6d78148F001F3aA2f588997c5E102E489Ad341,0x940181a94A35A4569E4529A3CDfB74e38FD98631,18,8,18,0,0,0.0,0.0,0,52571340959714,7681127777023035029912,7681.127777023035,0.0,0,0,0,nan,0
vAMM-SKI/AERO,6.889502461706889e-07,0x9EFC401fc56c277aF2024659862A7a05892B5980,0x4A6dA782B6ca505fb82FD57784f39734D073D0D6,0x768BE13e1680b5ebE0024C42c896E3dB59ec0149,0x940181a94A35A4569E4529A3CDfB74e38FD98631,0x940181a94A35A4569E4529A3CDfB74e38FD98631,18,9,18,118,29531823889893318,1.18e-07,0.029531823889893317,29531823889893436,0,2161130062440271853,2.161130062440272,0.0,0,0,0,nan,0
vAMM-AERO/MORPHO,0.009155405167019941,0xd433B339c5C801228E1343C678Dc26213A7B8Aac,0x3B1A591878D6B27dE5116741BCbd5f48B547D204,0x940181a94A35A4569E4529A3CDfB74e38FD98631,0xBAa5CC21fd487B8Fcc2F632f3F4E8D37262a0842,0x940181a94A35A4569E4529A3CDfB74e38FD98631,18,18,18,81670641469908379,0,0.08167064146990838,0.0,81670641469908379,196561123804128,28719085957574012756352,28719.085957574014,0.0,0,0,0,nan,0
vAMM-OX/cbBTC,0.00018628642699531793,0xdC4260f59CBc870c6BE271100430C23FD632D33E,0x5AFCf03d8D37bcB6f3152C250F168bd70Fcb8119,0xba0Dda8762C24dA9487f5FA026a9B64b695A07Ea,0xcbB7C0000aB88B473b1f5aFd9ef808440eed33Bf,0x940181a94A35A4569E4529A3CDfB74e38FD98631,18,18,8,0,0,0.0,0.0,0,3999432054837,584351627482290169418,584.3516274822902,4.471004649616555e-22,0.26126388434843206,0,0.26126388434843206,2236.6337733192977,1785974400
vAMM-MET/cbBTC,0.06544493593516082,0x5aAc53d1b18F1eAf908C223a94916B339B74309F,0x72Ee712cA4Ea8E2D3d91E0846d04EDf31485c435,0x93dc5Cb35627A759848c7A7F0079EA7b49E435a5,0xcbB7C0000aB88B473b1f5aFd9ef808440eed33Bf,0x940181a94A35A4569E4529A3CDfB74e38FD98631,18,18,8,0,0,0.0,0.0,0,1405054618606256,205290613175734078421678,205290.6131757341,1.3181232647916752e-22,27.05983332702835,0,27.05983332702835,7586.543889414216,1785974400
vAMM-VIRTUAL/AIXBT,0.001334934586857479,0xeb3458046d3aA2fdbBbF4FEe58C755744ec42ce2,0xBE208720227e7b8832BC3DE3B75E02C187783BD8,0x0b3e328455c4059EEb9e3f84b5543F74E24e7E1b,0x4F9Fd6Be4a90f2620860d680c0d4d5Fb53d1A825,0x940181a94A35A4569E4529A3CDfB74e38FD98631,18,18,18,0,0,0.0,0.0,0,28660449087620,4187482743614877664403,4187.482743614877,5.2583485819207015e-23,0.220192439467047,0,0.220192439467047,19017.377498293063,1785974400
vAMM-WETH/HEU,0.0018627223271833388,0xF930E1342fC23c5c7BceaE58cBbc776Eeb4cFb87,0xa936fcE0237cA8F36d66BC2605B0f28584f8036b,0x4200000000000000000000000000000000000006,0xEF22cb48B8483dF6152e1423b19dF5553BbD818b,0x940181a94A35A4569E4529A3CDfB74e38FD98631,18,18,18,0,0,0.0,0.0,0,39991544588885,5843071022369981266712,5843.071022369981,2.1204532525800185e-20,123.8995895444048,0,123.8995895444048,47.15972864684804,1785974400
vAMM-WETH/ANZ,0.04272184018865425,0xE4faa73134C66832c272f067adC401f0963A9D7a,0xED2fE03dE7F663CC1265bCfF93af9f15Ff60AcC1,0x4200000000000000000000000000000000000006,0xeeC468333ccc16D4BF1cEf497A56cf8C0aAe4Ca3,0x940181a94A35A4569E4529A3CDfB74e38FD98631,18,18,18,0,0,0.0,0.0,0,917206525728710,134011786290290887358259,134011.78629029088,8.981241808802807e-22,120.35922579027073,0,120.35922579027073,1113.431774011326,1785974400
vAMM-BTCB/MIGGLES,1.4430221003966881e-07,0x45b09f8238B10555b0D4A46692e75afbD77faC25,0x432Dcaa35D9cD4d2b421e3815a372Dc135Be1845,0x0c41F1FC9022FEB69aF6dc666aBfE73C9FFDA7ce,0xB1a03EdA10342529bBF8EB700a06C60441fEf25d,0x940181a94A35A4569E4529A3CDfB74e38FD98631,18,18,18,1604026898471997906,8401470243220538976,1.6040268984719979,8.401470243220539,10005497141692536882,0,452653650864703704,0.45265365086470366,0.0,0,0,0,nan,0
vAMM-WETH/CXT,0.016220036892511596,0x923BeBD9FbCAf0F85251a3d5A11BF5BFAa19942F,0x8D4b9bB3d47f27634511fb62e93CEB03e569bC26,0x4200000000000000000000000000000000000006,0xB1E1f3Cc2B6fE4420C1Ac82022b457018Eb628ff,0x940181a94A35A4569E4529A3CDfB74e38FD98631,18,18,18,0,0,0.0,0.0,0,348234640655238,50879739919002067299969,50879.739919002066,4.632678459257541e-22,23.57094751353869,0,23.57094751353869,2158.5784741906423,1785974400
vAMM-WETH/MCADE,0.000800018810377815,0x2b4A56fC7F4b78b7E27801Df979d350AFDFA26b5,0x3cC1Cf416751439bd4c8232E0B2023BF6CC2c94e,0x4200000000000000000000000000000000000006,0xc48823EC67720a04A9DFD8c7d109b2C3D6622094,0x940181a94A35A4569E4529A3CDfB74e38FD98631,18,18,18,333578520345765166,355325396201319884568638,0.3335785203457652,355325.3962013199,355325729779840230333804,0,2509534921041090078254,2509.53492104109,0.0,0,0,0,nan,0
vAMM-WETH/AIXCB,0.0012245029921612491,0x19C3c7EEfb070EE00ddE367A9768De1DF52cbE5d,0x8D02e0814526448e6be0Faca8e00925691Cda345,0x4200000000000000000000000000000000000006,0x76C71F1703Fbf19FFdcF3051E1e684Cb9934510f,0x940181a94A35A4569E4529A3CDfB74e38FD98631,18,18,18,0,0,0.0,0.0,0,26289536618137,3841075959572428680414,3841.0759595724285,7.829681441394206e-21,30.074401155649685,0,30.074401155649685,127.71911698899633,1785974400
vAMM-WETH/SAINT,0.002800421728635978,0x971342176D5580cCf41d028D8bdf9DA71946fFDb,0x8890a5c5698e2ec7Fd9B496b7c661B14c8D68AeD,0x4200000000000000000000000000000000000006,0x7588880d9c78E81FAde7b7e8DC0781E95995a792,0x940181a94A35A4569E4529A3CDfB74e38FD98631,18,18,18,19274273642701957,49780368405117125452138,0.019274273642701956,49780.36840511712,49780387679390768154095,0,8784488602630892891138,8784.488602630892,0.0,0,0,0,nan,0
vAMM-WETH/SYMM,0.06603334705627097,0x3eB2a8015dE1419a5089dAb37b0056F0fc24f821,0x925bC135a96716D48aD5FE9AB553076146147785,0x4200000000000000000000000000000000000006,0x800822d361335b4d5F352Dac293cA4128b5B605f,0x940181a94A35A4569E4529A3CDfB74e38FD98631,18,18,18,0,0,0.0,0.0,0,1417696832542635,207136367597005176760702,207136.36759700516,9.17659892780919e-23,19.008073688009677,0,19.008073688009677,10897.283491049759,1785974400
vAMM-cbETH/SPECTRA,0.02027020826365886,0xEf70044C0249a07234E07D673606e09b364dC977,0xeF495e3a8345e2E2683745Fa472640C8D360b55b,0x2Ae3F1Ec7F1F5012CFEab0185bfc7aa3cf0DEc22,0x64FCC3A02eeEba05Ef701b7eed066c6ebD5d4E51,0x940181a94A35A4569E4529A3CDfB74e38FD98631,18,18,18,0,0,0.0,0.0,0,435192314032160,63584499307465544958886,63584.49930746554,5.314671497427427e-21,337.9307261475811,0,337.9307261475811,188.15838391592993,1785974400
vAMM-cbBTC/DEUS,0.09424552520610195,0x982534133b2B71Ab012404256Be316344Bb9f261,0x0Cf6C003718eBEe0F5C7a6C1445Cc73FE3e8fbEc,0xcbB7C0000aB88B473b1f5aFd9ef808440eed33Bf,0xDE5ed76E7c05eC5e4572CfC88d1ACEA165109E44,0x940181a94A35A4569E4529A3CDfB74e38FD98631,18,8,18,0,0,0.0,0.0,0,2023395579996110,295633594596202459457202,295633.5945962025,4.780641119130052e-24,1.4133181185228294,0,1.4133181185228294,209176.9649887405,1785974400
vAMM-USR/USDC,1.0417394648814565e-07,0x8E5a94965005FF2eB41B69B9ADf41273f38d872a,0x2d1102727dFB75aDa41272761C132c47fAECfEdC,0x35E5dB674D8e93a03d814FA0ADa70731efe8a4b9,0x833589fCD6eDb6E08f4c7C32D4f71b54bdA02913,0x940181a94A35A4569E4529A3CDfB74e38FD98631,18,18,6,257166089764462622699,76651198,257.16608976446264,76.651198,257166089764539273897,0,326777512207751551,0.32677751220775153,0.0,0,0,0,nan,0
vAMM-WETH/ODOS,1.2316617400775374e-05,0xd085Ef129A79d1fDE3912cD288A0F9558b33A282,0x5e6334757f1ae0054EFd7E6f33f56F5a54799597,0x4200000000000000000000000000000000000006,0xca73ed1815e5915489570014e024b7EbE65dE679,0x940181a94A35A4569E4529A3CDfB74e38FD98631,18,18,18,25582829198484073,21607983341538655542835,0.025582829198484074,21607.983341538657,21608008924367854026908,0,38635318414264708257,38.6353184142647,0.0,0,0,0,nan,0
vAMM-eBTC/cbBTC,7.53796530165684e-08,0x14048DFa85509B75d3951F318152Ec363999eAC0,0xC8360CBb1b81eDB6dC8107FDF37BDAe0759F3dAc,0x657e8C867D8B37dCC18fA4Caead9C45EB088C642,0xcbB7C0000aB88B473b1f5aFd9ef808440eed33Bf,0x940181a94A35A4569E4529A3CDfB74e38FD98631,18,8,8,97746,97617,0.00097746,0.00097617,195363,0,236454279733376232,0.2364542797333762,0.0,0,0,0,nan,0
vAMM-AERO/FAI,7.53796530165684e-08,0xfF231D3b278D3C56c5B12e6B79BE9B3D88c0F53b,0x3592697e4C319B3640A0D3b3380A78843557fBd0,0x940181a94A35A4569E4529A3CDfB74e38FD98631,0xb33Ff54b9F7242EF1593d2C9Bcd8f9df46c77935,0x940181a94A35A4569E4529A3CDfB74e38FD98631,18,18,18,214858612259260033,6873813079682768316,0.21485861225926003,6.873813079682768,7088671691942028349,0,236454279733376232,0.2364542797333762,0.0,0,0,0,nan,0
vAMM-WETH/FLOCK,0.015554180026149994,0x4910C78a1C75E36548F1f2f1f4dCb71A4F69fC07,0x35388feDFe7C0d8EA803f2Ae5534F357b0b361ff,0x4200000000000000000000000000000000000006,0x5aB3D4c385B400F3aBB49e80DE2fAF6a88A7B691,0x940181a94A35A4569E4529A3CDfB74e38FD98631,18,18,18,0,0,0.0,0.0,0,333951600875900,48791050207118549838632,48791.050207118555,0.0,0,0,0,nan,0
vAMM-WETH/DRV,0.032176835648547425,0xaC4e562d7C6108f971321F14238E24AE2cC398ac,0x9788Bd681f47986d1008939A79f630ecA207351A,0x4200000000000000000000000000000000000006,0x9d0E8f5b25384C7310CB8C6aE32C8fbeb645d083,0x940181a94A35A4569E4529A3CDfB74e38FD98631,18,18,18,2491637533860968,58920660364412769143,0.002491637533860968,58.92066036441277,58923152001946630111,700607789316442,100933742633495467464620,100933.74263349548,2.0804813301683404e-21,209.9907671330036,0,209.9907671330036,480.658002309055,1785974400
vAMM-BNKR/wBLT,0.0038556661247925233,0x17c9A4b6CAD28F5074C81B056C32bAD334329f25,0x378d2D0f69C0c838DF8019f62De8a891655381B9,0x22aF33FE49fD1Fa80c7149773dDe5890D3c76F3b,0x4E74D4Db6c0726ccded4656d0BCE448876BB4C7A,0x940181a94A35A4569E4529A3CDfB74e38FD98631,18,18,18,0,0,0.0,0.0,0,82779452605152,12094626599432679396527,12094.626599432679,1.5867961363687643e-22,1.9191706758802662,0,1.9191706758802662,6302.006773777551,1785974400
sAMM-Bold/USDC,6.185101637460368e-06,0xeb754F9750e1d2CD87835592d37eE9f15c217b50,0xc6081F7DA8762D5f76E1897Bf6dcC773aa62Ae7c,0x087C440F251Ff6Cfe62B86DdE1bE558B95b4bb9b,0x833589fCD6eDb6E08f4c7C32D4f71b54bdA02913,0x940181a94A35A4569E4529A3CDfB74e38FD98631,18,18,6,456206581946553556,404949,0.45620658194655356,0.404949,456206581946958505,0,19401704495004265347,19.401704495004267,0.0,0,0,0,nan,0
vAMM-WETH/VVV,4.65271900162125,0x01784ef301D79e4B2DF3a21ad9a536d4cF09A5Ce,0x37a70295FCefebBB0a29735A53E2e6786A02F930,0x4200000000000000000000000000000000000006,0xacfE6019Ed1A7Dc6f7B508C02d1b04ec88cC21bf,0x940181a94A35A4569E4529A3CDfB74e38FD98631,18,18,18,29193257002197132,8190912003470084963,0.02919325700219713,8.190912003470086,8220105260472282095,99901113119438136,14594857846962131474464845,14594857.846962132,2.2184040057220075e-22,3237.729111064407,0,3237.729111064407,4507.745196189084,1785974400
vAMM-AERO/uADA,2.0510897555022134e-06,0xa65bC40C8368Ac2f814b13caCC75a47A30a2ac81,0x6a1a65e681FB4a3DE02556c418f580ade8397e18,0x940181a94A35A4569E4529A3CDfB74e38FD98631,0xa3A34A0D9A08CCDDB6Ed422Ac0A28a06731335aA,0x940181a94A35A4569E4529A3CDfB74e38FD98631,18,18,18,11408846706674756522,13888891988572696362,11.408846706674757,13.888891988572697,25297738695247452884,0,6433950428230047049,6.433950428230046,0.0,0,0,0,nan,0
vAMM-wIRON/USDC,0.01724405044281411,0x9941dfa4d724fd7a2E5E5d9777560b20de98cE0d,0x9d21b1fc0Ccd64Cff8bDf29F45eb426f97f47680,0x166e70941262AE7cBf9df5c8897A6242c546457d,0x833589fCD6eDb6E08f4c7C32D4f71b54bdA02913,0x940181a94A35A4569E4529A3CDfB74e38FD98631,18,8,6,0,0,0.0,0.0,0,370223388620401,54091911596427771460996,54091.911596427766,0.0,0,0,0,nan,0
sAMM-USDC/cUSDO,8.607754208723008e-05,0x5feDe9d65714907381A76AA9bF949219dD1c5023,0x78Fff283c03557ca8BBa0A134386b717e04490dc,0x833589fCD6eDb6E08f4c7C32D4f71b54bdA02913,0x83dB73EF5192de4B6a4c92bD0141Ba1a0Dc87c65,0x940181a94A35A4569E4529A3CDfB74e38FD98631,18,6,18,0,0,0.0,0.0,0,1848065659634,270011898449329590225,270.0118984493296,1.873743554003807e-22,0.05059330542237618,0,0.05059330542237618,5336.909620653288,1785974400
vAMM-USDC/SQD,0.02161854662011418,0xa6C7Fbd1b4c71673DFDaDfaa9D17F14833D3245E,0x1EfB3Df7B4cc8C41dA408be577732cb1E8Af1546,0x833589fCD6eDb6E08f4c7C32D4f71b54bdA02913,0xd4554BEa546EFa83C1E6B389ecac40EA999B3E78,0x940181a94A35A4569E4529A3CDfB74e38FD98631,18,6,18,0,0,0.0,0.0,0,464153191473966,67814027597313875136501,67814.02759731388,2.5777478371859794e-21,174.80746296984614,0,174.80746296984614,387.93554030934956,1785974400
vAMM-WETH/KTA,0.015222233259159744,0xd9eDC75a3a797Ec92Ca370F19051BAbebfb2edEe,0x0e62c181134Ca74837694a7D6d7501C3D4fe6363,0x4200000000000000000000000000000000000006,0xc0634090F2Fe6c6d75e61Be2b949464aBB498973,0x940181a94A35A4569E4529A3CDfB74e38FD98631,18,18,18,70249643240661129,1406248720623801807340,0.07024964324066113,1406.2487206238018,1406318970267042468469,326817939421127,47749784685754971172415,47749.784685754974,0.0,0,0,0,nan,0
vAMM-DRB/WETH,1.0020361864989622e-06,0xDb6556a14976894a01085c2AbF3c85C86D1C15C8,0x0d3205883Db8C717E79C131046e21aB3C1A3eBAD,0x3ec2156D4c0A9CBdAB4a016633b7BcF6a8d68Ea2,0x4200000000000000000000000000000000000006,0x940181a94A35A4569E4529A3CDfB74e38FD98631,18,18,18,678028539537568911185,11985172204558,678.0285395375689,1.1985172204558e-05,678028551522741115743,21515863406,3143232095978378102,3.1432320959783784,3.101550725045057e-20,0.09748893786266632,0,0.09748893786266632,32.24193600720404,1785974400
vAMM-STPT/USDC,0.00018494573867378997,0x3B85f7EaBBD2548CC5AfFb7BdF4bd2ca063404ad,0x12Cfd0322fF97062A06d36E70e24F1691a7b6517,0x4489d0a0345eCB216A3994De780d453c7fA6312C,0x833589fCD6eDb6E08f4c7C32D4f71b54bdA02913,0x940181a94A35A4569E4529A3CDfB74e38FD98631,18,18,6,50426152715321353881357,2957153923,50426.152715321354,2957.153923,50426152715324311035280,0,580146096165448435702,580.1460961654484,0.0,0,0,0,nan,0
vAMM-WETH/OVER,0.002772634760775239,0xB452f81D9322936C2c8Ac6445f6892cB957aFB4c,0x07005714c9b5DEac0449B1f4054d8000b210C97C,0x4200000000000000000000000000000000000006,0x7750C092e284e2c7366f50C8306F43c7EB2e82a2,0x940181a94A35A4569E4529A3CDfB74e38FD98631,18,18,18,0,0,0.0,0.0,0,59527857693872,8697325194356231970752,8697.325194356232,3.0059192606683903e-21,26.143457318011848,0,26.143457318011848,332.67693283872234,1785974400
sAMM-msUSD/USDT,2.7489963096314088e-06,0x5bD7A6393Bc746E9a9a8481A1e4b1dc5792bb242,0x4804726Db38Cd188Ee52B7E3e6aBdB6124552A9f,0x526728DBc96689597F85ae4cd716d4f7fCcBAE9d,0xfde4C96c8593536E31F229EA8f37b2ADa2699bb2,0x940181a94A35A4569E4529A3CDfB74e38FD98631,18,18,6,869603522904766,484,0.000869603522904766,0.000484,869603522905250,0,8623175039565808349,8.623175039565808,0.0,0,0,0,nan,0
vAMM-cbBTC/EDGE,0.02151404043028391,0x594b83709464A83F37aC77E69DDD447a8A33c0EE,0x6e64524E3620C0Cd6af727B3D9Bd998396441aD0,0xcbB7C0000aB88B473b1f5aFd9ef808440eed33Bf,0xED6E000dEF95780fb89734c07EE2ce9F6dcAf110,0x940181a94A35A4569E4529A3CDfB74e38FD98631,18,8,18,0,0,0.0,0.0,0,461903211385650,67486207889274569666356,67486.20788927456,6.427734676792881e-21,433.7834386551434,0,433.7834386551434,155.57580551830588,1785974400
vAMM-WETH/KING,6.0950635290198314e-05,0xdc5f7C7916C7792603FDc17F05f7929b423015ac,0x58dA2a684342294d3E4991924Ce59a80538f8432,0x4200000000000000000000000000000000000006,0xE22C243c7559C667a1EB94B593369D192c5fbac0,0x940181a94A35A4569E4529A3CDfB74e38FD98631,18,18,18,0,0,0.0,0.0,0,1308601345403,191192689142092337578,191.19268914209232,1.9694945101328e-21,0.37655295164287783,0,0.37655295164287783,507.7444973088915,1785974400
vAMM-WETH/JKL,0.00015184205692557129,0xF3706dc080C93d0cb597a1ec57dCA1Ffeef06c84,0x80EAe3cB7018AD3F26804Ac4A0Be5eb8fF00c05b,0x4200000000000000000000000000000000000006,0x4eeD0d2deb4C588393c80869B122327581B0D98e,0x940181a94A35A4569E4529A3CDfB74e38FD98631,18,18,6,0,0,0.0,0.0,0,3260048434131,476304981075976256478,476.30498107597623,0.0,0,0,0,nan,1785974400
vAMM-BOLD/POOL,0.00044188327079201014,0xAa10db59a60e511872a70aAAf1aff09fb173ba75,0xD51CEdaA7cD1Cd3cb8bc8F4C189698e9967240ff,0x03569CC076654F82679C4BA2124D64774781B01D,0xd652C5425aea2Afd5fb142e120FeCf79e18fafc3,0x940181a94A35A4569E4529A3CDfB74e38FD98631,18,18,18,0,0,0.0,0.0,0,9487231742890,1386119282061266782698,1386.1192820612669,1.5265139208483361e-21,2.1159303800228253,0,2.1159303800228253,655.0873767625163,1785974400
vAMM-WETH/APU,0.0021661132218423135,0x24dFbc9e3eEDA5A4d5C8851eD4E656d306815498,0x29Ea6bdB07e55c53b32475E0836c01557803E099,0x4200000000000000000000000000000000000006,0xB9926b3fBc5873Db0182016D55727D5ae89E5EFd,0x940181a94A35A4569E4529A3CDfB74e38FD98631,18,18,18,0,0,0.0,0.0,0,46506448676041,6794761201395937791110,6794.761201395938,0.0,0,0,0,nan,0
vAMM-WETH/TLOS,0.8854444370936863,0xC3b22240657fa67b77D0f1b7A1C1012DB60D46fb,0x44B8B5521723D05E82e5DAfCE8b37a1082b6d3B2,0x4200000000000000000000000000000000000006,0x7252c865c05378Ffc15120F428dd65804dD0CE63,0x940181a94A35A4569E4529A3CDfB74e38FD98631,18,18,18,11944312782367265,300502830525979069786,0.011944312782367265,300.50283052597905,300514774838761437051,19018353442818470,2777501862085960451620793,2777501.8620859603,0.0,0,0,0,nan,0
vAMM-USDC/cbXRP,3.250503678595155e-07,0x956f325E63c54DE57E6e8A7c674ed8615F7Abf6B,0x9A4818C9bbAF0BC276E6f9410C7EEb84bACc0691,0x833589fCD6eDb6E08f4c7C32D4f71b54bdA02913,0xcb585250f852C6c6bf90434AB21A00f02833a4af,0x940181a94A35A4569E4529A3CDfB74e38FD98631,18,6,6,0,0,0.0,0.0,0,6979781690,1019632586958141663,1.0196325869581417,0.0,0,0,0,nan,0
vAMM-wstETH/cbBTC,1.1338885968751828e-10,0xc0734F84e402D69A445D93C60aD2C72258F159b6,0x2256edefD747c76973da71475311DdAec4265CB6,0xc1CBa3fCea344f92D9239c08C0568f6F2F0ee452,0xcbB7C0000aB88B473b1f5aFd9ef808440eed33Bf,0x940181a94A35A4569E4529A3CDfB74e38FD98631,18,18,8,2189721446420,31,2.18972144642e-06,3.1e-07,2189721446451,0,355683265632808,0.000355683265632808,0.0,0,0,0,nan,0
vAMM-CREATOR/WETH,0.0026055243951763275,0x640A1f93fE0f9868b6C6d83794EC4BA988Db3B12,0xcf3E3389C09B6C368c815f2887839af099FEf4fC,0x0FD122a924c4528A78a8141bdDd38A0e5bA35FA5,0x4200000000000000000000000000000000000006,0x940181a94A35A4569E4529A3CDfB74e38FD98631,18,18,18,1001497334969959193949798,669400742047532800,1001497.3349699592,0.6694007420475327,1001498004370701241482598,0,8173125897166755055589,8173.125897166755,0.0,0,0,0,nan,0
vAMM-EIGEN/KING,3.703612685516734e-06,0x6F01b54c399b27AA0D9D84931b1e730eE55D1080,0xA0e41131422843F4519B8C31D176C9cf902a543C,0x2081Ab0D9EC9e4303234Ab26D86b20B3367946ee,0xE22C243c7559C667a1EB94B593369D192c5fbac0,0x940181a94A35A4569E4529A3CDfB74e38FD98631,18,18,18,0,0,0.0,0.0,0,79517889464,11617658544710580584,11.61765854471058,2.866130682835087e-21,0.03329772761769622,0,0.03329772761769622,348.9024439774781,1785974400
vAMM-FLOCK/AERO,0.004122882359142514,0xdAA601bc9E5B00337f11fB17CD574D3f01633Fe6,0x85b1A485194F0e3F9281dDf0ea212933Bc42dea7,0x5aB3D4c385B400F3aBB49e80DE2fAF6a88A7B691,0x940181a94A35A4569E4529A3CDfB74e38FD98631,0x940181a94A35A4569E4529A3CDfB74e38FD98631,18,18,18,0,0,0.0,0.0,0,88520062342694,12932842479948926484400,12932.842479948928,1.0984420055939974e-21,14.205977431706346,0,14.205977431706346,910.380334061639,1785974400
vAMM-LCAP/USDC,0.026788058958196713,0x48D1036b0308884c163cde60AD5fBf87112Ac52f,0xac2A6d7B160422e85614EA5F0bEeE562509e44A8,0x4dA9A0f397dB1397902070f93a4D6ddBC0E0E6e8,0x833589fCD6eDb6E08f4c7C32D4f71b54bdA02913,0x940181a94A35A4569E4529A3CDfB74e38FD98631,18,18,6,0,0,0.0,0.0,0,575160724820230,84029985983397638567132,84029.98598339765,0.0,0,0,0,nan,0
vAMM-AERO/MAI,0.00198011648988482,0x104DAaf3D7108B5e52A4c200E58A7083171B3054,0xb3c6adc4F8939e3C778929B09f9c5Df74E4Ef6A0,0x940181a94A35A4569E4529A3CDfB74e38FD98631,0xbf1aeA8670D2528E08334083616dD9C5F3B087aE,0x940181a94A35A4569E4529A3CDfB74e38FD98631,18,18,18,0,0,0.0,0.0,0,42516496326933,6211318302314081642337,6211.318302314082,0.0,0,0,0,nan,0
vAMM-LCAP/eUSD,0.15084808512999612,0xe39E901F5C53fDA90eF90FeEF3ed1F0126b557a7,0xe3F63B420E0B046C8b27Ca54BBfE0AB64fd928C0,0x4dA9A0f397dB1397902070f93a4D6ddBC0E0E6e8,0xCfA3Ef56d303AE4fAabA0592388F19d7C3399FB4,0x940181a94A35A4569E4529A3CDfB74e38FD98631,18,18,18,0,0,0.0,0.0,0,3238859713793613,473187045723496475940429,473187.04572349647,5.539606346614772e-23,26.21269961625775,0,26.21269961625775,18051.824216915622,1785974400
vAMM-kVCM/USDC,0.03510313948658393,0x5C0D76fab1822bDeb47308eD6028231761ED723E,0x57387e4639048B67C30C911a145368bC5B33fE3b,0x00fBAC94Fec8D4089d3fe979F39454F48c71A65d,0x833589fCD6eDb6E08f4c7C32D4f71b54bdA02913,0x940181a94A35A4569E4529A3CDfB74e38FD98631,18,18,6,0,0,0.0,0.0,0,753699619141975,110113103888340313166540,110113.10388834032,0.0,0,0,0,nan,0
vAMM-WETH/EDEL,0.022171422277011126,0x566beE7EF7b39f29d150AB3be6b6242C17CC5A31,0xde43127cb5381E4466A8046E1c2C2Dc2d30999D7,0x4200000000000000000000000000000000000006,0xFb31f85A8367210B2e4Ed2360D2dA9Dc2D2Ccc95,0x940181a94A35A4569E4529A3CDfB74e38FD98631,18,18,18,1113716119036679,178493440760883428074,0.001113716119036679,178.49344076088343,178494554477002464753,476050524597460,69548312779085006526428,69548.312779085,4.797740990569621e-21,333.6747910451731,0,333.6747910451731,208.43142678306046,1785974400
vAMM-USDC/coinage,0.001482820666335274,0x0F9C19e1aaf9C989617b6e7154df3e6Bc5d143d2,0xC3e51aC2Ba4332b61BbEe34e57ACA96150f7E7C6,0x833589fCD6eDb6E08f4c7C32D4f71b54bdA02913,0xF4d7fD100b5B03e51261a2E6a673632eF2c68896,0x940181a94A35A4569E4529A3CDfB74e38FD98631,18,6,18,0,0,0.0,0.0,0,31841021474408,4651378437030033568962,4651.378437030034,0.0,0,0,0,nan,0
vAMM-FLOCK/DGLD,0.00255444496976268,0x2b1CEd170A3cB7CFB1e21657B4BCc3Dd0594639a,0x89f0D55D0A78Ac4F50E9C3bFB61E103250AD566C,0x5aB3D4c385B400F3aBB49e80DE2fAF6a88A7B691,0xd02f50E1017F493ffFFa70c8fCf09e349e11d6c9,0x940181a94A35A4569E4529A3CDfB74e38FD98631,18,18,18,2754982414540349507586,0,2754.9824145403495,0.0,2754982414540349507586,0,8012897662330970622412,8012.897662330971,0.0,0,0,0,nan,0
sAMM-SOL/uSOL,3.4560542878594354e-05,0xA260A129622c5600E67D75B6006fB3C612cF26C3,0x351c645031Eec5596E62C93bd7Eb28B2F4674822,0x311935Cd80B76769bF2ecC9D8Ab7635b2139cf82,0x9B8Df6E244526ab5F6e6400d331DB28C8fdDdb55,0x940181a94A35A4569E4529A3CDfB74e38FD98631,18,9,18,0,0,0.0,0.0,0,742081523585,108411062488657197872,108.4110624886572,2.0932470847611506e-22,0.02269311405102406,0,0.02269311405102406,4777.266894481808,1785974400
vAMM-WBTC/USDT,1.672103166737296e-08,0xD7f91d93d105578f96B19a247C68b5b512a07D7c,0x31d4E5b4faCC648CFD6c87d10a46473785Bb77a7,0x0555E30da8f98308EdB960aa94C0Db47230d2B9c,0xfde4C96c8593536E31F229EA8f37b2ADa2699bb2,0x940181a94A35A4569E4529A3CDfB74e38FD98631,18,8,6,4,1644,4e-08,0.001644,1648,359030449,52451282820824528,0.05245128282082453,0.0,0,0,0,nan,1785974400
vAMM-PHNM/USDC,0.004453199124472665,0xF687f5a1A37B03fAB632AB0f9E41A62b2b0EA4D8,0x19c38452e702d749978Ecc82AB66ADDF28A37AF1,0x3fDa9cc61B1FEf8b2fFd715F0A9EeF7182e48F37,0x833589fCD6eDb6E08f4c7C32D4f71b54bdA02913,0x940181a94A35A4569E4529A3CDfB74e38FD98631,18,18,6,0,0,0.0,0.0,0,95619097324465,13968994938926579057736,13968.99493892658,5.2664011417740813e-23,0.735663308957993,0,0.735663308957993,18988.299088495416,1785974400
sAMM-msUSD/frxUSD,0.005435156701204024,0xA678C47022f2E5286C51cC433be1599BBA88DF05,0x90C2eafBb37fDFB54bDAc0C12F59b14417F280cb,0x526728DBc96689597F85ae4cd716d4f7fCcBAE9d,0xe5020A6d073a794B6E7f05678707dE47986Fb0b6,0x940181a94A35A4569E4529A3CDfB74e38FD98631,18,18,18,0,0,0.0,0.0,0,116705229307744,17049243550361685054587,17049.243550361683,6.303852393948656e-22,10.747591476996119,0,10.747591476996119,1586.3315596665045,1785974400
vAMM-OFC/USDC,4.57591559318669e-05,0x66E1031dB440890a824F0dB80489Be979BD16a86,0xB62982Dd4851C3e149529cD1bDBd88e4dDC6125C,0x752C5a95d202972E124390F30a50154409d3c858,0x833589fCD6eDb6E08f4c7C32D4f71b54bdA02913,0x940181a94A35A4569E4529A3CDfB74e38FD98631,18,18,6,0,0,0.0,0.0,0,982556907385,143539374673144482915,143.5393746731445,0.0,0,0,0,nan,0
sAMM-eUSD/frxUSD,0.007970278893978154,0x0cd7AdBda66220D98aE8f85564Cc7E87dA5B67CF,0x93c6506b5e5CD71f49e5B0F728A3b1d922d503c8,0xCfA3Ef56d303AE4fAabA0592388F19d7C3399FB4,0xe5020A6d073a794B6E7f05678707dE47986Fb0b6,0x940181a94A35A4569E4529A3CDfB74e38FD98631,18,18,18,0,0,0.0,0.0,0,171141792017109,25001528658343644788878,25001.528658343646,8.738543121681175e-24,0.21847693628888362,0,0.21847693628888362,114435.55133565719,1785974400
vAMM-GITLAWB/USDC,1.2325749938425722e-05,0x8355378e9666B4002227fAB20484b6Df5c04B510,0x918D91145Ae06C1Cd93c0daFf5f4eE969f72Cf3f,0x5F980Dcfc4c0fa3911554cf5ab288ed0eb13DBa3,0x833589fCD6eDb6E08f4c7C32D4f71b54bdA02913,0x940181a94A35A4569E4529A3CDfB74e38FD98631,18,18,6,0,0,0.0,0.0,0,264671637075,38663965768369358294,38.66396576836936,0.0,0,0,0,nan,0
vAMM-AERO/POD,5.7809360077859004e-05,0x92CAcBee088CBE97b226544F6d669D4b972B4cEe,0x9B913b303a32F67FFeb1e8e55753cc3d8b7B093d,0x940181a94A35A4569E4529A3CDfB74e38FD98631,0xeD664536023d8E4b1640C394777D34aBAFF1dF8F,0x940181a94A35A4569E4529A3CDfB74e38FD98631,18,18,18,0,0,0.0,0.0,0,1241344324079,181338996029247396613,181.3389960292474,1.684857542453038e-22,0.0305530375200739,0,0.0305530375200739,5935.219891315369,1785974400
vAMM-AERO/SAPIEN,9.802449837136884e-06,0x9F12a2CB7ad24E7BeF73174677a171617C83D2EC,0xf2D96b3EeB3ECfcAa357d5A3E2B4008E63e76FdA,0x940181a94A35A4569E4529A3CDfB74e38FD98631,0xC729777d0470F30612B1564Fd96E8Dd26f5814E3,0x940181a94A35A4569E4529A3CDfB74e38FD98631,18,18,18,0,0,0.0,0.0,0,210486559367,30748764727708349527,30.74876472770835,0.0,0,0,0,nan,0
vAMM-FUN/AERO,1.3292088013499123e-05,0x7995Ab86E35EE7816B52fD7A2bC4242De5313466,0x9aE31131e8Cb0D0813C891A0c0CbD3692A018436,0x16EE7ecAc70d1028E7712751E2Ee6BA808a7dd92,0x940181a94A35A4569E4529A3CDfB74e38FD98631,0x940181a94A35A4569E4529A3CDfB74e38FD98631,18,18,18,0,0,0.0,0.0,0,285421877959,41695218425770088237,41.69521842577009,4.920439088555316e-22,0.0205158782548011,0,0.0205158782548011,2032.3389478104662,1785974400
vAMM-ENA/AERO,8.242104449499432e-05,0x9F2dDa28368E5716270c14C6CaFaF6B940D7f7E4,0xE7F21A7d4E3987B3492F414E45cDe0097F73dfF0,0x58538e6A46E07434d7E7375Bc268D3cb839C0133,0x940181a94A35A4569E4529A3CDfB74e38FD98631,0x940181a94A35A4569E4529A3CDfB74e38FD98631,18,18,18,0,0,0.0,0.0,0,1769838452590,258542032644443283264,258.5420326444433,0.0,0,0,0,nan,0
vAMM-AERO/VVV,0.00033951331458079127,0xE46d786F1FC1c43BfFaDc2D8704AdbdbA5B45209,0x788e7E7cF8fB92F47c17610dd200A532e8fA930e,0x940181a94A35A4569E4529A3CDfB74e38FD98631,0xacfE6019Ed1A7Dc6f7B508C02d1b04ec88cC21bf,0x940181a94A35A4569E4529A3CDfB74e38FD98631,18,18,18,2044410812776362,5328161138466,0.002044410812776362,5.328161138466e-06,2049738973914828,7373100554564,1065000607543879545093,1065.0006075438796,0.0,0,0,0,nan,0
vAMM-HYPE/MORPHO,7.275734770261442e-05,0x7E3C6288bE608795ac30Da107903deFD625c53cb,0x95b48aC82637Cce2E755D5D522F21A0Bef245971,0x15D0e0c55a3E7eE67152aD7E89acf164253Ff68d,0xBAa5CC21fd487B8Fcc2F632f3F4E8D37262a0842,0x940181a94A35A4569E4529A3CDfB74e38FD98631,18,18,18,0,0,0.0,0.0,0,1562328558944,228228514696812502271,228.22851469681248,0.0,0,0,0,nan,0
vAMM-ZRO/PENDLE,6.392945618136387e-05,0xe58DB5232C89dC338A572d6ef87C7dFb3D39DfB7,0xe92906196a7A34Ec309A2194E234E550F2e0c10b,0x6985884C4392D348587B19cb9eAAf157F13271cd,0xA99F6e6785Da0F5d6fB42495Fe424BCE029Eeb3E,0x940181a94A35A4569E4529A3CDfB74e38FD98631,18,18,18,0,0,0.0,0.0,0,1372766027126,200536788246932585153,200.5367882469326,0.0,0,0,0,nan,0
vAMM-HYPE/AAVE,8.27493567871068e-05,0xdABf94060fd5b0AC9dD8557cc3e9A84BB8211937,0xaA4999A574EF9C9cD513F34A56aFaa9A81535404,0x15D0e0c55a3E7eE67152aD7E89acf164253Ff68d,0x63706e401c06ac8513145b7687A14804d17f814b,0x940181a94A35A4569E4529A3CDfB74e38FD98631,18,18,18,0,0,0.0,0.0,0,1776888449670,259571897381841419130,259.5718973818414,2.1138172272698715e-22,0.05486875484008636,0,0.05486875484008636,4730.777983541951,1785974400
vAMM-HYPE/PENDLE,4.896779702349663e-05,0x25e39953Fb612A857ee7c06DB6d74108926388dd,0x54a85Ab8F5929bff71e96424b0a48F7ceE9F4240,0x15D0e0c55a3E7eE67152aD7E89acf164253Ff68d,0xA99F6e6785Da0F5d6fB42495Fe424BCE029Eeb3E,0x940181a94A35A4569E4529A3CDfB74e38FD98631,18,18,18,0,0,0.0,0.0,0,1051492317464,153604384100522185803,153.6043841005222,1.240760420437185e-22,0.019058624019755877,0,0.019058624019755877,8059.573657641719,1785974400
vAMM-MORPHO/ZEN,2.6584176026998247e-05,0x393824EA50b1A4B953A94C5743Fd08199797f363,0x4D4e89CbBf9Bac44ed956fd351e22E85D31Eb6a1,0xBAa5CC21fd487B8Fcc2F632f3F4E8D37262a0842,0xf43eB8De897Fbc7F2502483B2Bef7Bb9EA179229,0x940181a94A35A4569E4529A3CDfB74e38FD98631,18,18,18,0,0,0.0,0.0,0,570849421627,83390436851540176474,83.39043685154019,1.0719490506287255e-22,0.008939029961452318,0,0.008939029961452318,9328.801582626287,1785974400
vAMM-SYRUP/AERO,2.3925758424298423e-05,0x592C9EB79d235236F2A4179d6A9BD4ed94BeDC07,0x5C7CefD6d3BA389E4f14f458F3AC80C779e0fcB6,0x688AEe022AA544f150678B8E5720b6b96a9E9a2F,0x940181a94A35A4569E4529A3CDfB74e38FD98631,0x940181a94A35A4569E4529A3CDfB74e38FD98631,18,18,18,0,0,0.0,0.0,0,513764538427,75051393166386158826,75.05139316638615,2.310792208554388e-22,0.017342817457003716,0,0.017342817457003716,4327.520217084302,1785974400
vAMM-VIRTUAL/CLANKER,3.880391877472769e-05,0x25702eCc9494349698cBE16dcDBF58A75ee17EA4,0x362F7691E9d423502Ba9c95E602D010eFF3169d0,0x0b3e328455c4059EEb9e3f84b5543F74E24e7E1b,0x1bc0c42215582d5A085795f4baDbaC3ff36d1Bcb,0x940181a94A35A4569E4529A3CDfB74e38FD98631,18,18,18,0,0,0.0,0.0,0,833252877092,121721874504966667695,121.72187450496666,0.0,0,0,0,nan,0
vAMM-ETHFI/PENDLE,4.850489846840961e-05,0x034A914B8280e138b470C9a28EA1BD56CDaCf02A,0x7EB68c4F7ADa7F3FFDf3b610fD213A8710206eCf,0x6C240DDA6b5c336DF09A4D011139beAAa1eA2Aa2,0xA99F6e6785Da0F5d6fB42495Fe424BCE029Eeb3E,0x940181a94A35A4569E4529A3CDfB74e38FD98631,18,18,18,0,0,0.0,0.0,0,1041566096366,152152343131208334847,152.1523431312083,7.154215212636523e-23,0.010885306078675827,0,0.010885306078675827,13977.77352621005,1785974400
CL-AERO/wstETH,1.4801124678518125,0x565aecF84b5d30a6E79a5CEf3f0dA0Fc4280dEBC,0x45F8b8eC9c92D09BA8495074436fD97073423041,0x940181a94A35A4569E4529A3CDfB74e38FD98631,0xc1CBa3fCea344f92D9239c08C0568f6F2F0ee452,0x940181a94A35A4569E4529A3CDfB74e38FD98631,18,18,18,34577066685566174457,67945386,34.57706668556617,6.7945386e-11,34577066685634119843,31775592984052518,4642883238443206672761989,4642883.238443207,0.0,0,0,0,nan,0
CL-WETH/TOSHI,0.2060961837295382,0x74E4c08Bb50619b70550733D32b7e60424E9628e,0x527B83782B2eF0C5506e79333ca709D81644952f,0x4200000000000000000000000000000000000006,0xAC1Bd2486aAf3B5C0fc3Fd868558b082a531B2B4,0x940181a94A35A4569E4529A3CDfB74e38FD98631,18,18,18,7353026506363686,31077489133798449152928,0.007353026506363686,31077.489133798448,31077496486824955516614,4424547639409216,646491761760354542376330,646491.7617603546,0.0,0,0,0,nan,0
CL-weETH/WETH,0.14848823452357748,0xbD3cd0D9d429b41F0a2e1C026552Bd598294d5E0,0xfCfEE5f453728BaA5ffDA151f25A0e53B8C5A01C,0x04C0599Ae5A44757c0af6F9eC3b93da8976c150A,0x4200000000000000000000000000000000000006,0x940181a94A35A4569E4529A3CDfB74e38FD98631,18,18,18,55137611250932,3700753258,5.5137611250932e-05,3.700753258e-09,55141312004190,3187799286975224,465784560396369206334381,465784.5603963692,0.0,0,0,0,nan,0
CL-USDC/axlUSDC,0.004828688656897898,0x43B97febdaDaD12Afde21bAa96eb762bc26D13f3,0x956d84430523fd383E790956eEaAB5b448620cdc,0x833589fCD6eDb6E08f4c7C32D4f71b54bdA02913,0xEB466342C4d449BC9f53A865D5Cb90586f405215,0x940181a94A35A4569E4529A3CDfB74e38FD98631,18,6,6,97982,2050,0.097982,0.00205,100032,103664039826941,15146847361748366534952,15146.847361748365,0.0,0,0,0,nan,0
CL-WETH/NORMILIO,2.297260404599915e-05,0x2b5fD674f93E329d54371DBa980a67F3ff3BC119,0xdF628e37E89486FbeF037FBf73EBC90D1367d786,0x4200000000000000000000000000000000000006,0xcDE90558fc317C69580DeeAF3eFC509428Df9080,0x940181a94A35A4569E4529A3CDfB74e38FD98631,18,18,18,9060568056509008,26944435153605021332817,0.009060568056509007,26944.43515360502,26944444214173077841825,0,72061495720905346009,72.06149572090534,0.0,0,0,0,nan,0
CL-WETH/USD+,0.014574745473382123,0x4D69971CCd4A636c403a3C1B00c85e99bB9B5606,0xcC2714BF50F3c7174a868bec8f4D4d284A0b07cc,0x4200000000000000000000000000000000000006,0xB79DD08EA68A908A97220C76d19A6aA9cBDE4376,0x940181a94A35A4569E4529A3CDfB74e38FD98631,18,18,6,545806255058949,1180198,0.000545806255058949,1.180198,545806256239147,312895959100995,45718715930522653754316,45718.71593052265,0.0,0,0,0,nan,0
CL-USDC/USD+,0.00015564838745895032,0x0c1A09d5D0445047DA3Ab4994262b22404288A3B,0xeA22A3AAdA580bD75Fb6caC35034e09046cbFf72,0x833589fCD6eDb6E08f4c7C32D4f71b54bdA02913,0xB79DD08EA68A908A97220C76d19A6aA9cBDE4376,0x940181a94A35A4569E4529A3CDfB74e38FD98631,18,6,6,5476,2345,0.005476,0.002345,7821,3341516430968,488244849577353859625,488.2448495773539,0.0,0,0,0,nan,0
CL-WETH/PRIME,0.003401319611140547,0x87Cd18069B6547a0E88b6155DD657E71779500eA,0xf9f8138150F67a469Fa5437e75ad16EAAab8C09e,0x4200000000000000000000000000000000000006,0xfA980cEd6895AC314E7dE34Ef1bFAE90a5AdD21b,0x940181a94A35A4569E4529A3CDfB74e38FD98631,18,18,18,1,1477370355858826901,1e-18,1.477370355858827,1477370355858826902,73021021610493,10669412057634044563249,10669.412057634045,5.625749272365607e-21,60.02343711980356,0,60.02343711980356,177.75410022485835,1785974400
CL-wBLT/USDC,0.034029920567643916,0x7cE345561E1690445eEfA0dB04F59d64b65598A8,0xf00d67799Cd4E1A77D14671149b599A96DcD38eC,0x4E74D4Db6c0726ccded4656d0BCE448876BB4C7A,0x833589fCD6eDb6E08f4c7C32D4f71b54bdA02913,0x940181a94A35A4569E4529A3CDfB74e38FD98631,18,18,6,4801431725245267745,78358,4.801431725245267,0.078358,4801431725245346103,730566805724759,106746582601509551140233,106746.58260150955,6.3844467152117485e-21,681.5178686502873,0,681.5178686502873,156.6306439080107,1785974400
CL-WETH/doginme,0.02145840345091106,0x088c39ee29fC30DF8Adc394e9f7dEa33E3A26507,0x42d80fdf14f13CA7019FD5A77fd53F1C1f4099a6,0x4200000000000000000000000000000000000006,0x6921B130D297cc43754afba22e5EAc0FBf8Db75b,0x940181a94A35A4569E4529A3CDfB74e38FD98631,18,18,18,176416688513744,8506727730090284573215,0.000176416688513744,8506.727730090284,8506727906506973086959,460678366500382,67311683314569289876531,67311.68331456928,2.8726474176041973e-21,193.362733248189,0,193.362733248189,348.1109424956875,1785974400
CL-HIGHER/WETH,0.0007313232038258391,0xd9932A538e4c7621D9Ab1b45DE31a5D60E672B1c,0x63806fa58774B013458aA4C9a7FDD8a72db5Fe70,0x0578d8A44db98B23BF096A382e016e29a5Ce0ffe,0x4200000000000000000000000000000000000006,0x940181a94A35A4569E4529A3CDfB74e38FD98631,18,18,18,1168259313410163611725,210835200840673,1168.2593134101637,0.000210835200840673,1168259524245364452398,0,2294047458336471493116,2294.0474583364717,0.0,0,0,0,nan,0
CL-WETH/KEYCAT,0.006704931452328817,0xB211a9DDff3a10806c8fdb92Dbc4c34596A23F84,0xA9edd05F8d82f4050d4649FEf30bEC9378f499e7,0x4200000000000000000000000000000000000006,0x9a26F5433671751C3276a065f57e5a02D2817973,0x940181a94A35A4569E4529A3CDfB74e38FD98631,18,18,18,75511599937913,848016993834601925012,7.5511599937913e-05,848.016993834602,848017069346201862925,143944393441103,21032329995915456084914,21032.329995915457,2.8618793260102384e-21,60.19199039313545,0,60.19199039313545,349.42074283547987,1785974400
CL-WETH/ROOST,2.176408860296375e-05,0xAA500dbEDa452Cc2807185DA993b6E3779333Aca,0x4A7212433200428571B069AeC82620573eE2cbc0,0x4200000000000000000000000000000000000006,0xE1aBD004250AC8D1F199421d647e01d094FAa180,0x0000000000000000000000000000000000000000,18,18,18,0,0,0.0,0.0,0,0,68270570223187968200,68.27057022318797,0.0,0,0,0,nan,0
CL-tBTC/cbETH,3.1661286642194453e-08,0xEeB9b3B819C93Db45B731730af290ab6aF82f0D2,0xFC9C7A01517F958736c468229D59cFe34F80C83f,0x236aa50979D5f3De3Bd1Eeb40E81137F22ab794b,0x2Ae3F1Ec7F1F5012CFEab0185bfc7aa3cf0DEc22,0x0000000000000000000000000000000000000000,18,18,18,0,0,0.0,0.0,0,0,99316545364921468,0.09931654536492147,0.0,0,0,0,nan,0
CL-WETH/AERO,0.17912239615588646,0x82321f3BEB69f503380D6B233857d5C43562e2D0,0xdE8FF0D3e8ab225110B088a250b546015C567E27,0x4200000000000000000000000000000000000006,0x940181a94A35A4569E4529A3CDfB74e38FD98631,0x940181a94A35A4569E4529A3CDfB74e38FD98631,18,18,18,3463293127192553167,13849791307263063072084,3.463293127192553,13849.791307263064,13853254600390255625251,0,561879173917756990646449,561879.173917757,0.0,0,0,0,nan,0
CL-Mog/WETH,0.009734174141188233,0xC29dc26B28FFF463e32834Ce6325B5c74fAC7098,0x44e6F4D58A81531338d11aE6374F199A35c787Be,0x2Da56AcB9Ea78330f947bD57C54119Debda7AF71,0x4200000000000000000000000000000000000006,0x940181a94A35A4569E4529A3CDfB74e38FD98631,18,18,18,115033948900803105163153860,9046809359425268,115033948.9008031,0.009046809359425268,115033948909849914522579128,0,30534594459436024924486,30534.594459436026,0.0,0,0,0,nan,0
CL-WETH/DOG,0.0029913347714955905,0xa4eb9849F46e1E9Db3700BCDadB62096a7bc4aAB,0x3E848AF39c45Cf45c97A622440411C4141dF3e82,0x4200000000000000000000000000000000000006,0xAfb89a09D82FBDE58f18Ac6437B3fC81724e4dF6,0x940181a94A35A4569E4529A3CDfB74e38FD98631,18,18,18,259817870737996,2004402482200056327378,0.000259817870737996,2004.4024822000563,2004402742017927065374,1112176527594,9383353206467085303379,9383.353206467085,0.0,0,0,0,nan,1785974400
CL-LUSD/USDC,7.082849613381648e-08,0x95b9Ff408700af5a1092Cd218E33084a71e4bE97,0xBF58afee32FFa0Bd24E4c6e43b443aa9679b7c64,0x368181499736d0c0CC614DBB145E2EC1AC86b8c6,0x833589fCD6eDb6E08f4c7C32D4f71b54bdA02913,0x0000000000000000000000000000000000000000,18,18,6,0,0,0.0,0.0,0,0,222178006500489750,0.22217800650048977,0.0,0,0,0,nan,0
CL-WETH/weirdo,6.811703337458001e-07,0x12CCDd646241412F2a5D44a6994Aa29086dEDC61,0xbe806f6D980FE4Ba0Af5D040A045429744C23cb8,0x4200000000000000000000000000000000000006,0x76734B57dFe834F102fB61E1eBF844Adf8DD931e,0x940181a94A35A4569E4529A3CDfB74e38FD98631,18,18,8,25679847505954015,365490005199662,0.025679847505954013,3654900.05199662,26045337511153677,0,2136725683868623334,2.1367256838686233,0.0,0,0,0,nan,0
CL-USDz/USD+,0.0001222500639602491,0x4Ef1E503C4F1e5664ac98294d0e42ddC9c0FF961,0x958ee1605Aed682Dae998aE47AF7122C641a292C,0x04D5ddf5f3a8939889F11E97f8c4BB48317F1938,0xB79DD08EA68A908A97220C76d19A6aA9cBDE4376,0x940181a94A35A4569E4529A3CDfB74e38FD98631,18,18,6,5442659557722974085,5441499,5.442659557722974,5.441499,5442659557728415584,0,383479489017098906187,383.47948901709896,0.0,0,0,0,nan,0
CL-USDz/USDC,0.0019410674691431463,0xdE5Ff829fEF54d1BdEc957D9538A306f0EAD1368,0xE2F3C8c699A1bf30A12118B287B5208e7C6ddFEF,0x04D5ddf5f3a8939889F11E97f8c4BB48317F1938,0x833589fCD6eDb6E08f4c7C32D4f71b54bdA02913,0x940181a94A35A4569E4529A3CDfB74e38FD98631,18,18,6,146550622379149314,151633,0.14655062237914931,0.151633,146550622379300947,41671973226861,6088827580955407045709,6088.827580955407,2.4212820328042822e-21,14.74276882261049,0,14.74276882261049,413.0043449923176,1785974400
CL-WETH/RSC,0.6665221541246754,0x6cCa90E732942D73c276F73b805cA2948f6B3018,0xe3d65bd2dF47B6B39d9f58ee7368259412326A19,0x4200000000000000000000000000000000000006,0xFbB75A59193A3525a8825BeBe7D4b56899E2f7e1,0x940181a94A35A4569E4529A3CDfB74e38FD98631,18,18,18,7336718592539274,970738646118991893371,0.007336718592539274,970.7386461189919,970745982837584432645,14312297603612242,2090776616406653817314485,2090776.6164066538,3.608654679459141e-21,7544.8908204996205,0,7544.8908204996205,277.1115800279007,1785974400
CL-WETH/TN100x,6.218495390609393e-06,0xF9b787C6E6111442778A9f6f8850F2d446d44a7c,0x8c5D5de27801DF39a21c396A07C4Ea02f01325B6,0x4200000000000000000000000000000000000006,0x5B5dee44552546ECEA05EDeA01DCD7Be7aa6144A,0x0000000000000000000000000000000000000000,18,18,18,0,0,0.0,0.0,0,0,19506455519086473360,19.506455519086472,0.0,0,0,0,nan,0
CL-TYBG/WETH,0.001508946928766286,0x8d628d22d298b4a6E3DC9171d4b7aa5229e2353c,0xCc0AbE95Dc41bD7c05f4b1a2F7585A06D3eB8CD8,0x0d97F261b1e88845184f678e2d1e7a98D9FD38dE,0x4200000000000000000000000000000000000006,0x940181a94A35A4569E4529A3CDfB74e38FD98631,18,18,18,750982977003507164131,1,750.9829770035071,1e-18,750982977003507164132,32394956391732,4733332469955765928624,4733.332469955766,0.0,0,0,0,nan,0
CL-USD+/sFRAX,0.0002630459037132666,0x8e62bE92c6Fb091428d0d6cBa0C0e32529B27e51,0x472b62c9A91E39C2F473BC49bF15Bd0195040E43,0xB79DD08EA68A908A97220C76d19A6aA9cBDE4376,0xe4796cCB6bB5DE2290C417Ac337F2b66CA2E770E,0x0000000000000000000000000000000000000000,18,6,18,0,0,0.0,0.0,0,0,825134200149002290933,825.1342001490023,0.0,0,0,0,nan,0
CL-TKN/USD+,6.258492682372297e-07,0x6f8e210030f6eE6933b032628a0e148a1CcfF6a6,0x72E51ee5e566d4546a3fB695cb0502A7dc6403cD,0x78b3C724A2F663D11373C4a1978689271895256f,0xB79DD08EA68A908A97220C76d19A6aA9cBDE4376,0x0000000000000000000000000000000000000000,18,18,6,0,0,0.0,0.0,0,0,1963192081955693941,1.9631920819556938,0.0,0,0,0,nan,0
CL-USDC/AERO,11.203644024414197,0xBE00fF35AF70E8415D0eB605a286D8A45466A4c1,0x430C09546ae9249AB75B9A4ef7B5FD9a4006D6f3,0x833589fCD6eDb6E08f4c7C32D4f71b54bdA02913,0x940181a94A35A4569E4529A3CDfB74e38FD98631,0x940181a94A35A4569E4529A3CDfB74e38FD98631,18,6,18,1,1698907882077564786798,1e-06,1698.9078820775649,1698907882077564786799,240526462346149245,35144093560628648215471291,35144093.560628645,0.0,0,0,0,nan,0
CL-WETH/OKAYEG,5.393125106292828e-05,0xAD04bE2b6613586f83049d5953611bAa23971340,0x1bED19abF408e7f05C0DF7c215A429321A2a171F,0x4200000000000000000000000000000000000006,0xdb6e0e5094A25a052aB6845a9f1e486B9A9B3DdE,0x0000000000000000000000000000000000000000,18,18,18,0,0,0.0,0.0,0,0,169173969564461190406,169.1739695644612,0.0,0,0,0,nan,0
CL-hyUSD/eUSD,3.383532849066944e-07,0x919e084BdC0B4b58513C6d9f2b0a3F40dABC9D6d,0x76de16EDd3e7C15ac6cE2CaD5d9bF082A6f36e94,0xCc7FF230365bD730eE4B352cC2492CEdAC49383e,0xCfA3Ef56d303AE4fAabA0592388F19d7C3399FB4,0x940181a94A35A4569E4529A3CDfB74e38FD98631,18,18,18,299989694998007,475347870263836,0.000299989694998007,0.000475347870263836,775337565261843,0,1061361774382925152,1.0613617743829251,0.0,0,0,0,nan,0
CL-USDC/eUSD,0.30168230218797637,0x988702fe529a3461ec7Fd09Eea3f962856709FD9,0xE62Adb491707513EA98B957d9Adb73D8D23e191C,0x833589fCD6eDb6E08f4c7C32D4f71b54bdA02913,0xCfA3Ef56d303AE4fAabA0592388F19d7C3399FB4,0x940181a94A35A4569E4529A3CDfB74e38FD98631,18,6,18,49,488461178330122523,4.9e-05,0.48846117833012254,488461178330122572,6476693459927767,946330589456089950815320,946330.58945609,0.0,0,0,0,nan,0
CL-USDC/XPRT,1.850355841430711e-08,0x75118B598433430DA15FB1340e486461f2A7c07F,0x2cA011C7eAb0C8586E0eFe3bc0D474547f3080fA,0x833589fCD6eDb6E08f4c7C32D4f71b54bdA02913,0xc7Edf7B7b3667a06992508e7B156eff794a9e1c8,0x940181a94A35A4569E4529A3CDfB74e38FD98631,18,6,6,24746012,139943423,24.746012,139.943423,164689435,0,58042792746707986,0.05804279274670798,0.0,0,0,0,nan,0
CL-tBTC/T,0.1280001484064528,0xC35D9e6fC72e8EC2935fae56f07afaD2Ce4DCb1b,0xa8deC3aF01E62f7F0011214B520414FCbbA0cFdf,0x236aa50979D5f3De3Bd1Eeb40E81137F22ab794b,0x26f3901aC8a79c50fb0d8289C74f0d09AdC42E29,0x940181a94A35A4569E4529A3CDfB74e38FD98631,18,18,18,351138374879,1,3.51138374879e-07,1e-18,351138374880,2747982622916012,401516612056579388958239,401516.6120565794,5.586821969012356e-22,224.32018291611092,0,224.32018291611092,1789.9263759370892,1785974400
CL-USD+/wstETH,1.4235912062235265e-05,0xa01A2513E95263b9BaCe60B573ce874E1e7a5246,0xa53bA46F4F0280b42575A3BaadAC54a61DB578d0,0xB79DD08EA68A908A97220C76d19A6aA9cBDE4376,0xc1CBa3fCea344f92D9239c08C0568f6F2F0ee452,0x940181a94A35A4569E4529A3CDfB74e38FD98631,18,6,18,42918103,17723007099424962,42.918103,0.01772300709942496,17723007142343065,0,44655848074594425342,44.655848074594424,0.0,0,0,0,nan,0
CL-DEGEN/USD+,0.00544404823957872,0xa19acc3B4f11c46c2b1Fc36B5f592AF422Ee338c,0xFDb47B2dFcC65899E21aD86197fcEE79c38dFAB5,0x4ed4E862860beD51a9570b96d89aF5E1B0Efefed,0xB79DD08EA68A908A97220C76d19A6aA9cBDE4376,0x940181a94A35A4569E4529A3CDfB74e38FD98631,18,18,6,1,1,1e-18,1e-06,2,116876036058756,17077134927118861226450,17077.134927118863,5.251137376200263e-22,8.96743814942088,0,8.96743814942088,1904.3493406443745,1785974400
CL-PRE/AERO,3.038182708068659e-05,0xc286ecD3910c62dF30fBBFD2C95A3043076d3912,0x35984A6297D9C88A48C20fC99D408555f882dCbF,0x3816dD4bd44c8830c2FA020A5605bAC72FA3De7A,0x940181a94A35A4569E4529A3CDfB74e38FD98631,0x940181a94A35A4569E4529A3CDfB74e38FD98631,18,18,18,10911209388122151483694,60194349929681078239,10911.209388122152,60.19434992968108,10971403738051832561933,0,95303079171360909523,95.30307917136092,0.0,0,0,0,nan,0
CL-WETH/CHOMP,0.0014927050576247507,0x0a7021C9843c2fB3b98c02Ed7f93354774286109,0x243Bc7b24dC4f2552EA9336391E79967d3387652,0x4200000000000000000000000000000000000006,0xebfF2db643Cf955247339c8c6bCD8406308ca437,0x940181a94A35A4569E4529A3CDfB74e38FD98631,18,18,18,37175337436037741,1514331291432366125480,0.03717533743603774,1514.331291432366,1514368466769802163221,0,4682384239384183133845,4682.384239384183,0.0,0,0,0,nan,0
CL-WETH/USDT,3.6611999021354453,0x9785eF59E2b499fB741674ecf6fAF912Df7b3C1b,0x2c0CbF25Bb64687d11ea2E4a3dc893D56Ca39c10,0x4200000000000000000000000000000000000006,0xfde4C96c8593536E31F229EA8f37b2ADa2699bb2,0x940181a94A35A4569E4529A3CDfB74e38FD98631,18,18,6,77271793943095069,168345487,0.07727179394309507,168.345487,77271794111440556,78601088768257668,11484616221688664012579674,11484616.221688664,0.0,0,0,0,nan,0
CL-BITCOIN/WETH,0.00780092810711807,0xfD22D75b2FB405EE185155D57B0277b9DB2F8E29,0x4D046a24DA2B4C01B89Df7eAe9b4794586489769,0x2a06A17CBC6d0032Cac2c6696DA90f29D39a1a29,0x4200000000000000000000000000000000000006,0x940181a94A35A4569E4529A3CDfB74e38FD98631,18,8,18,3605513414,125184630917838,36.05513414,0.000125184630917838,125188236431252,167475543267863,24470301507158959244431,24470.301507158958,0.0,0,0,0,nan,0
CL-WETH/PEPE,0.003591653471031883,0x3333E1d9174720D6eC2cF815e65B82915a9eaE1e,0x399fFB6b1263a12Ed23c27BA07043f07D74c19DA,0x4200000000000000000000000000000000000006,0xB4fDe59a779991bfB6a52253B51947828b982be3,0x940181a94A35A4569E4529A3CDfB74e38FD98631,18,18,18,10960009839588436,7769602460471616473032500,0.010960009839588437,7769602.460471616,7769602471431626312620936,0,11266459854333068139299,11266.459854333069,0.0,0,0,0,nan,0
CL-USD+/USDT,1.950660555035324e-07,0xE9C137071861fbA0359eEcCB5865C2588D1Be2BE,0x9cc802bf83AED8e8C1B19d051Dd2D85e1f931973,0xB79DD08EA68A908A97220C76d19A6aA9cBDE4376,0xfde4C96c8593536E31F229EA8f37b2ADa2699bb2,0x940181a94A35A4569E4529A3CDfB74e38FD98631,18,6,6,15750396,15782526,15.750396,15.782526,31532922,0,611891960346122493,0.6118919603461225,0.0,0,0,0,nan,0
CL-BRETT/USD+,0.0003322219466570643,0xFAD14c545E464e04c737d00643296144eb20c7F8,0x5E3F10AcAa0CE7315Fd9c29839569Ad827a6500a,0x532f27101965dd16442E59d40670FaF5eBB142E4,0xB79DD08EA68A908A97220C76d19A6aA9cBDE4376,0x940181a94A35A4569E4529A3CDfB74e38FD98631,18,18,6,2811820728004713842,1,2.811820728004714,1e-06,2811820728004713843,7132410183989,1042128717296560983072,1042.128717296561,0.0,0,0,0,nan,0
CL-EURC/USDC,1.4633431608423435,0xE846373C1a92B167b4E9cd5d8E4d6B1Db9E90EC7,0x1f6c9d116CE22b51b0BC666f86B038a6c19900B8,0x60a3E35Cc302bFA44Cb288Bc5a4F316Fdb1adb42,0x833589fCD6eDb6E08f4c7C32D4f71b54bdA02913,0x940181a94A35A4569E4529A3CDfB74e38FD98631,18,6,6,17616807,7261126,17.616807,7.261126,24877933,31416033527677750,4590280523361985297287659,4590280.523361986,0.0,0,0,0,nan,0
CL-WETH/superOETHb,0.027093266401812054,0x6446021F4E396dA3df4235C62537431372195D38,0xdD234DBe2efF53BED9E8fC0e427ebcd74ed4F429,0x4200000000000000000000000000000000000006,0xDBFeFD2e8460a6Ee4955A68582F85708BAEA60A3,0x940181a94A35A4569E4529A3CDfB74e38FD98631,18,18,18,116483464123712,39517469740808,0.000116483464123712,3.9517469740808e-05,156000933864520,581660315926132,84987374394743436819507,84987.37439474343,0.0,0,0,0,nan,0
CL-USDC/USDC+,1.6899578764006203e-06,0x8dd9751961621Fcfc394d90969E5ae0c5BAbE147,0xd030DF11Fa453A222782F6458cC71954A48EA104,0x833589fCD6eDb6E08f4c7C32D4f71b54bdA02913,0x85483696Cc9970Ad9EdD786b2C5ef735F38D156f,0x940181a94A35A4569E4529A3CDfB74e38FD98631,18,6,6,18818751,17273134,18.818751,17.273134,36091885,0,5301135736937172554,5.301135736937173,0.0,0,0,0,nan,0
CL-WETH/uSOL,0.8261065918659237,0x0225Ba893D5f8Ecd6d2022f9dEC59b34F61098A1,0xcB1137E326B8c48A5B8B29a5Ccc19B6e8b9782D2,0x4200000000000000000000000000000000000006,0x9B8Df6E244526ab5F6e6400d331DB28C8fdDdb55,0x940181a94A35A4569E4529A3CDfB74e38FD98631,18,18,18,7926252320709183,645662340840433373,0.007926252320709183,0.6456623408404334,653588593161142556,17740644028372409,2591368245217530621094634,2591368.245217531,1.7810523546787263e-21,4615.362514984362,0,4615.362514984362,561.4658083312685,1785974400
CL-WIF/WETH,2.868320741929758e-05,0x3caCB8007d50f3E4166D7c5FD303c1a6ed337531,0x1C664940858DCEa1e5a3B87951f1f74911102CB5,0x1fba65dE0a9cBD2D1DF82d141897042d36Bb6c86,0x4200000000000000000000000000000000000006,0x940181a94A35A4569E4529A3CDfB74e38FD98631,18,18,18,89473020654937981973,27826109086628930,89.47302065493798,0.02782610908662893,89500846764024610903,0,89974772758403437504,89.97477275840343,0.0,0,0,0,nan,0
CL-WETH/POKT,0.012934173720469691,0x32bb4aD5Fed77f7Abf97d1435f8D6aaae59aA64e,0x470Cb18F662BB91b972C81Fdb385412D5509442a,0x4200000000000000000000000000000000000006,0x764A726d9ceD0433A8D7643335919dEb03a9a935,0x940181a94A35A4569E4529A3CDfB74e38FD98631,18,18,6,653263928030470,189346589,0.00065326392803047,189.346589,653264117377059,277681394793814,40572496802921106890802,40572.49680292111,1.8212919386004476e-21,73.89436135605264,0,73.89436135605264,549.0607951454721,1785974400
CL-EURC/USD+,0.004557886925204181,0xA51C7A5a121aD3d73E2E9888Bb016e07bdd5BA94,0xf3295461eB9F0acEC52F2Efb9E9788eD86F57f47,0x60a3E35Cc302bFA44Cb288Bc5a4F316Fdb1adb42,0xB79DD08EA68A908A97220C76d19A6aA9cBDE4376,0x940181a94A35A4569E4529A3CDfB74e38FD98631,18,6,6,1,103,1e-06,0.000103,104,97852435420762,14297384332194294000881,14297.384332194293,3.7596446651381486e-22,5.3753084729964025,0,5.3753084729964025,2659.8258321395247,1785974400
CL-USDC/sUSX,0.03674497200383918,0xF1a662b3ff0aa7002Bb0F0677067709fd31da422,0x01994190cffB892a899694dBD6803F89FBAa4997,0x833589fCD6eDb6E08f4c7C32D4f71b54bdA02913,0xbC404429558292eE2D769E57d57D6E74bbd2792d,0x940181a94A35A4569E4529A3CDfB74e38FD98631,18,6,18,3158330,1199629340630205647,3.15833,1.1996293406302057,1199629340633363977,0,115263277838134101337064,115263.2778381341,0.0,0,0,0,nan,0
CL-wstETH/wrsETH,0.000279037146003235,0x14dcCDd311Ab827c42CCA448ba87B1ac1039e2A4,0x4197186D3D65f694018Ae4B80355225Ce1dD64AD,0xc1CBa3fCea344f92D9239c08C0568f6F2F0ee452,0xEDfa23602D0EC14714057867A78d01e94176BEA0,0x940181a94A35A4569E4529A3CDfB74e38FD98631,18,18,18,522798261772769,48474543937366311,0.000522798261772769,0.04847454393736631,48997342199139080,0,875296246887069168708,875.2962468870692,0.0,0,0,0,nan,0
CL-uDOGE/WETH,1.9988426091828988e-05,0xBE700f5c75dFCbEf3Cae37873aEEB1724daED3f6,0x18835e2b9f96fb3356F6Cc91405e3368D8bF6B1e,0x12E96C2BFEA6E835CF8Dd38a5834fa61Cf723736,0x4200000000000000000000000000000000000006,0x940181a94A35A4569E4529A3CDfB74e38FD98631,18,18,18,181319010743877822189,8158314725834537,181.3190107438778,0.008158314725834536,181327169058603656726,0,62700592340328215084,62.70059234032822,0.0,0,0,0,nan,0
CL-WETH/TRVL,0.0002737643247354044,0x0511a888D009029781f34696996742B0a55Db585,0x1E81Aaa4aeCe5123f70bF5607876C8d28FcdF89D,0x4200000000000000000000000000000000000006,0x74aa9bB52B36a378a6E641B86d7acb76Dc9b3940,0x940181a94A35A4569E4529A3CDfB74e38FD98631,18,18,18,1,8670044266394866420,1e-18,8.670044266394866,8670044266394866421,5877456577755,858756224412122725490,858.7562244121227,2.3625991474297324e-23,0.02028896723646057,0,0.02028896723646057,42326.266014609304,1785974400
CL-WETH/SPX,0.06299596826778213,0x4BA1e3E9280facbAcaFA7baF4aE0b78Bea60beCa,0x9D312ED8646cE9a4eC2A44279C07CFCcfefAB012,0x4200000000000000000000000000000000000006,0x50dA645f148798F68EF2d7dB7C1CB22A6819bb2C,0x940181a94A35A4569E4529A3CDfB74e38FD98631,18,18,8,2029297466103151,1716950557,0.002029297466103151,17.16950557,2029299183053708,1352462577862904,197608581450898835386296,197608.58145089884,1.0785567662632366e-21,213.13207259554684,0,213.13207259554684,927.1649219397102,1785974400
CL-WETH/uSUI,0.009054165704765504,0x5C45b0F48c326f79b56709d8F63CE2beE7697106,0xeD5355807FB4e7A04A7Ff8Bbc20cf65d425cB868,0x4200000000000000000000000000000000000006,0xb0505e5a99abd03d94a1169e638B78EDfEd26ea4,0x940181a94A35A4569E4529A3CDfB74e38FD98631,18,18,18,55922333764009,649659588220126172,5.5922333764009e-05,0.6496595882201261,649715510553890181,194384190388381,28401513467253507971670,28401.513467253506,4.798593422404777e-21,136.28731571030337,0,136.28731571030337,208.39440060309545,1785974400
CL-WETH/mooBIFI,0.01809570237461995,0xb378137c90444BbceCD44a1f766851fbf53D2a9E,0x6E415053AAcDDDc8b678a806a5279A8DCDD4f6f1,0x4200000000000000000000000000000000000006,0xc55E93C62874D8100dBd2DfE307EDc1036ad5434,0x940181a94A35A4569E4529A3CDfB74e38FD98631,18,18,18,22809256484,1,2.2809256484e-08,1e-18,22809256485,388497314445990,56763411610820595630691,56763.4116108206,2.2133773888096284e-20,1256.3885177108423,0,1256.3885177108423,45.179823606032585,1785974400
CL-WETH/OVN,6.394808105190671e-08,0x1DA71Ce5Ebf772f9fdD44E29Bec53C7185E188BA,0x7a8464B293e1A035A2546Dd38fb9cF8BE4c5AB44,0x4200000000000000000000000000000000000006,0xA3d1a8DEB97B111454B294E2324EfAD13a9d8396,0x940181a94A35A4569E4529A3CDfB74e38FD98631,18,18,18,374024283034731599,733627466620651139170,0.3740242830347316,733.6274666206511,734001490903685870769,0,200595211577010362,0.20059521157701038,0.0,0,0,0,nan,0
CL-Mog/USD+,0.0014899193652050638,0x08361c463C8EC4fC1c7AddfADB006f5Ca7951fc1,0xDE199C94Fc91fA302ceae3A34c85c386966fDce5,0x2Da56AcB9Ea78330f947bD57C54119Debda7AF71,0xB79DD08EA68A908A97220C76d19A6aA9cBDE4376,0x940181a94A35A4569E4529A3CDfB74e38FD98631,18,18,6,62166630054741334678396576,31060670,62166630.05474134,31.06067,62166630054741334709457246,0,4673645954339132262636,4673.645954339132,0.0,0,0,0,nan,0
CL-WIF/USD+,8.794729508159268e-06,0x090d9C28E1Edca0e693a9e553B256E07Ca2af021,0xF36283a09895eDff51E9451cd70c64e53B5dc2Bb,0x1fba65dE0a9cBD2D1DF82d141897042d36Bb6c86,0xB79DD08EA68A908A97220C76d19A6aA9cBDE4376,0x940181a94A35A4569E4529A3CDfB74e38FD98631,18,18,6,1612328196336362748,554465,1.6123281963363627,0.554465,1612328196336917213,0,27587702358414755267,27.587702358414752,0.0,0,0,0,nan,0
CL-KEYCAT/USD+,3.449673494579478e-12,0x5D7411A51442D287d742FfefC02658D2c9865F29,0x13DBd71e42055a440337F0c3794d82cD82703e74,0x9a26F5433671751C3276a065f57e5a02D2817973,0xB79DD08EA68A908A97220C76d19A6aA9cBDE4376,0x940181a94A35A4569E4529A3CDfB74e38FD98631,18,18,6,1887650763617552605152,4588939,1887.6507636175527,4.588939,1887650763617557194091,0,10821090690041,1.0821090690041e-05,0.0,0,0,0,nan,0
CL-MIGGLES/USD+,1.5930282878383378e-06,0xaeA775CB2879F54E197eC085f9bB08E4B59f1d9E,0x871f78b2C1324fbdEFC9A6Ac9Ac409C9202dEd4F,0xB1a03EdA10342529bBF8EB700a06C60441fEf25d,0xB79DD08EA68A908A97220C76d19A6aA9cBDE4376,0x940181a94A35A4569E4529A3CDfB74e38FD98631,18,18,6,1160810295210198882420,29743862,1160.8102952101988,29.743862,1160810295210228626282,0,4997082651904938879,4.997082651904939,0.0,0,0,0,nan,0
CL-USDz/BRETT,1.0038435949279458e-05,0xaf61a867867A95836A08A025220F8E6879F8bAdb,0x3E3E749FD28c2Ee7C6Dd05fa2D70b1b37dba5607,0x04D5ddf5f3a8939889F11E97f8c4BB48317F1938,0x532f27101965dd16442E59d40670FaF5eBB142E4,0x940181a94A35A4569E4529A3CDfB74e38FD98631,18,18,18,1160289374943716214689,22190872905905076186278,1160.2893749437162,22190.872905905075,23351162280848792400967,0,31489016558815711239,31.48901655881571,0.0,0,0,0,nan,0
CL-USDz/DEGEN,0.0014901811522208316,0x24Ee0b4DcCE323A03fba842190CeaA451Ff7cA5B,0x9918C85E4e5937DA606d65C9935Ea3ffe4DE06A4,0x04D5ddf5f3a8939889F11E97f8c4BB48317F1938,0x4ed4E862860beD51a9570b96d89aF5E1B0Efefed,0x940181a94A35A4569E4529A3CDfB74e38FD98631,18,18,18,3079635215878880632,1960344461716029959211,3.0796352158788807,1960.3444617160299,1963424096931908839843,0,4674467139603056836599,4674.467139603057,0.0,0,0,0,nan,0
CL-WETH/DOG,1.841409102028966e-05,0x6bFdf73DC419f2d9393AF8e68459491395Ea88a2,0x85b720eFdAC1BbE7671003AB8E349945B915A611,0x4200000000000000000000000000000000000006,0x9E53e88dCff56d3062510A745952DEC4cEFDff9E,0x940181a94A35A4569E4529A3CDfB74e38FD98631,18,18,18,336060333303282,5070988854005713248511,0.000336060333303282,5070.988854005714,5070989190066046551793,0,57762147408537370814,57.76214740853737,0.0,0,0,0,nan,0
CL-WETH/uNEAR,0.011498076507891421,0x864cc817099761c7b7F8228822f2BDe0B74A6588,0xB95276137089404eD801c65d5Fba51BDf2c084DF,0x4200000000000000000000000000000000000006,0x5ed25E305E08F58AFD7995EaC72563E6BE65A617,0x940181a94A35A4569E4529A3CDfB74e38FD98631,18,18,18,946181565712447,302905952448580341,0.000946181565712447,0.3029059524485803,303852134014292788,246852636727462,36067682593274020375712,36067.68259327402,2.2568084459383096e-21,81.39785070192296,0,81.39785070192296,443.1036235262898,1785974400
CL-BOTTO/WETH,4.5493542912704295e-05,0x6641fFD33CF3eF95c75f2afC75A4791Cd2C1B448,0xa3E705674531E59718D97c5fDA03e41263F14351,0x24914CB6BD01E6a0CF2a9c0478e33c25926e6a0c,0x4200000000000000000000000000000000000006,0x940181a94A35A4569E4529A3CDfB74e38FD98631,18,18,18,272444968934697662123,11875271040603730,272.44496893469767,0.01187527104060373,272456844205738265853,0,142706187830003981871,142.70618783000398,0.0,0,0,0,nan,0
CL-WETH/CHAD,0.0001672863297295335,0x36104bB6Ce1EdF37076f1CF6FBaBbCDF67DDff1B,0x3c63fa8945D6b2AA673a5E1B8ab70022c1796d6c,0x4200000000000000000000000000000000000006,0xecaF81Eb42cd30014EB44130b89Bcd6d4Ad98B92,0x940181a94A35A4569E4529A3CDfB74e38FD98631,18,18,18,8973478051414590,610615564668566293305682,0.00897347805141459,610615.5646685663,610615573642044344720272,0,524751269374278428145,524.7512693742784,0.0,0,0,0,nan,0
CL-USDz/KEYCAT,1.6453323894545004e-05,0x2C206C7dE24787f85B5c52d2ea339aDC6D5af40F,0xE7CfAea003D352B7c94a255566Da36b2DcE39B88,0x04D5ddf5f3a8939889F11E97f8c4BB48317F1938,0x9a26F5433671751C3276a065f57e5a02D2817973,0x940181a94A35A4569E4529A3CDfB74e38FD98631,18,18,18,1,1,1e-18,1e-18,2,353237029124,51611525060343107847,51.61152506034311,2.5437970240450118e-21,0.13128924385492535,0,0.13128924385492535,393.1131259874865,1785974400
CL-WETH/uAPT,9.660724721420242e-05,0xa88C07bD10813CF9B4111DeAb984c4026F2C83bf,0x27149E8aEf0331487B97D2D80ef88D7EAB9E026E,0x4200000000000000000000000000000000000006,0x9c0e042d65a2e1fF31aC83f404E5Cb79F452c337,0x940181a94A35A4569E4529A3CDfB74e38FD98631,18,18,18,1,1,1e-18,1e-18,2,2074064740590,303041950220141367160,303.0419502201414,1.2484841664223509e-20,3.7834307661159676,0,3.7834307661159676,80.09713113668029,1785974400
CL-WETH/Neiro,0.00012235402911027772,0xa4513D1f6BDa04Bd733462b58D1790514DdCf5de,0xC36EBCd3B47b3b6C0fBC23e9778B634DFF0517a6,0x4200000000000000000000000000000000000006,0x5Ca35eBC4f25B042d2cAE75914c7e882E631fA9A,0x940181a94A35A4569E4529A3CDfB74e38FD98631,18,18,9,183446156960918,1267472478727,0.000183446156960918,1267.472478727,184713629439645,2626823400569,383805611567198670092,383.8056115671987,6.193435660064868e-21,2.3770753612132935,0,2.3770753612132935,161.46127204452566,1785974400
CL-SolvBTC/cbBTC,8.479989403287925e-05,0x83eE4a0d418aA520A7BC1A3782bDb445F31b8e29,0x2d3825c93f79E97548FE7b7779ADfE6C3b962afb,0x3B86Ad95859b6AB773f55f8d94B4b9d443EE931f,0xcbB7C0000aB88B473b1f5aFd9ef808440eed33Bf,0x940181a94A35A4569E4529A3CDfB74e38FD98631,18,18,8,1,1,1e-18,1e-08,2,1820572216796,266004114672746357465,266.00411467274637,0.0,0,0,0,nan,0
CL-SolvBTC/xSolvBTC,4.5137937518507134e-05,0x0c0E3d9b455B1097D4B4B2fd0B34E51d31AD2d1A,0x04917fBA393848554F344c2877A17e9E0650622A,0x3B86Ad95859b6AB773f55f8d94B4b9d443EE931f,0xC26C9099BD3789107888c35bb41178079B282561,0x940181a94A35A4569E4529A3CDfB74e38FD98631,18,18,18,3749098008728,3344770206150,3.749098008728e-06,3.34477020615e-06,7093868214878,0,141590708864669502603,141.5907088646695,0.0,0,0,0,nan,0
CL-jEUR/USDC,5.1717384443800484e-05,0xf11fD84609D5d55f5A2787eF5c8774C17a609B25,0x8f28db1048a89e878FdC18aBbf5D7b5bF242d280,0x4154550f4Db74Dc38d1FE98e1F3F28ed6daD627d,0x833589fCD6eDb6E08f4c7C32D4f71b54bdA02913,0x940181a94A35A4569E4529A3CDfB74e38FD98631,18,18,6,42199271043806597,43387,0.042199271043806594,0.043387,42199271043849984,0,162229413362583118563,162.2294133625831,0.0,0,0,0,nan,0
CL-VIRTUAL/WETH,0.4911884013844195,0xC200F21EfE67c7F41B81A854c26F9cdA80593065,0xBDA319Bc7Cc8F0829df39eC0FFF5D1E061FFadf7,0x0b3e328455c4059EEb9e3f84b5543F74E24e7E1b,0x4200000000000000000000000000000000000006,0x940181a94A35A4569E4529A3CDfB74e38FD98631,18,18,18,39581200582187325172,11686924752088275,39.58120058218733,0.011686924752088275,39592887506939413447,10545343443976917,1540781829245262278565823,1540781.8292452623,1.4983506695352877e-21,2308.631485457444,0,2308.631485457444,667.400509328133,1785974400
CL-WETH/uSEI,9.092925192768411e-05,0x859c91f9Fe1EC10e38a7CCaD0B87f0aAE0b88cFE,0x4C74464A878947AF6fb4c2aFdd10799529cAe732,0x4200000000000000000000000000000000000006,0x71a67215a2025F501f386A49858A9ceD2FC0249d,0x940181a94A35A4569E4529A3CDfB74e38FD98631,18,18,18,1,1,1e-18,1e-18,2,1952163863314,285230959693187203945,285.23095969318723,1.0120162558354901e-22,0.02886583678770629,0,0.02886583678770629,9881.264201378171,1785974400
CL-EIGEN/WETH,0.01340367669603469,0x3c5428b3D6e07f6de38b0c7F84ea9d30b3b27231,0xBf53D46947cED25cefb63a2b09C7a99C1ab96830,0x2081Ab0D9EC9e4303234Ab26D86b20B3367946ee,0x4200000000000000000000000000000000000006,0x940181a94A35A4569E4529A3CDfB74e38FD98631,18,18,18,1239147778966337074,298343422645643,1.239147778966337,0.000298343422645643,1239446122388982717,287764088308554,42045254814894146705419,42045.25481489415,4.392313076623257e-21,184.67592253341655,0,184.67592253341655,227.67047397467954,1785974400
CL-WETH/LUNA,0.0011422899106834756,0xB6b777577A05D85FFca7D9EBC7476Fb344B92445,0x9C590e540B6D2b602565d00eB47023a2Ea66f4E0,0x4200000000000000000000000000000000000006,0x55cD6469F597452B5A7536e2CD98fDE4c1247ee4,0x940181a94A35A4569E4529A3CDfB74e38FD98631,18,18,18,1,24036177587112267,1e-18,0.024036177587112267,24036177587112268,24524028672127,3583186274656851902661,3583.186274656852,7.197661929725398e-22,2.57905634362122,0,2.57905634362122,1389.34005203847,1785974400
CL-WETH/MOODENG,0.00011076714467720485,0xCE8893c143059E7359d261a7AE4bAb7273CD0C27,0xcc8C372072c8F0B42186020326f8C91301fB0A8f,0x4200000000000000000000000000000000000006,0x81893B6D44151716CEeEc730d8d89114C959a079,0x940181a94A35A4569E4529A3CDfB74e38FD98631,18,18,6,6741883966439453,134658236,0.006741883966439453,134.658236,6741884101097689,0,347459352287205469396,347.45935228720543,0.0,0,0,0,nan,0
CL-POPCAT/WETH,0.00039264889010141564,0x5D332dC44faC918e66D335fB874FdcDab73560C2,0x3d806C3a4ACBb6c3CF1C0389131421a36DfCEd85,0x13281AE464191bC592c6E5D65EeeAEee02660D84,0x4200000000000000000000000000000000000006,0x940181a94A35A4569E4529A3CDfB74e38FD98631,18,9,18,170999140692,35755777014012884,170.999140692,0.035755777014012884,35755948013153576,0,1231678666345583811085,1231.6786663455837,0.0,0,0,0,nan,0
CL-NEIRO/WETH,6.29758280543114e-08,0xaEF61f2410B14626157C950cEeE2Ddac90195250,0xa4a99F0C9FFb071Cb85B106c6e85167e60666442,0x2545D6738E3f072c430Af027B94b62847234cE3D,0x4200000000000000000000000000000000000006,0x0000000000000000000000000000000000000000,18,9,18,0,0,0.0,0.0,0,0,197545404725093932,0.1975454047250939,0.0,0,0,0,nan,0
CL-SolvBTC/xSolvBTC,2.381353181599953e-06,0x283f82A1D3B65090ed241B30C3D4cCb777B1e8AE,0x264fC3fEded75803Fa8ae9C83D7c2C4591342CEb,0x3B86Ad95859b6AB773f55f8d94B4b9d443EE931f,0xC26C9099BD3789107888c35bb41178079B282561,0x940181a94A35A4569E4529A3CDfB74e38FD98631,18,18,18,9808925032754,15429579884593,9.808925032754e-06,1.5429579884593e-05,25238504917347,0,7469935570308820056,7.46993557030882,0.0,0,0,0,nan,0
CL-WETH/WELL,0.024903890315213194,0x3Ba9ce0f19cF3CcB631b973c83712C7E6E9585ae,0xe871A267A418C200F8b92Ae21397221122B79808,0x4200000000000000000000000000000000000006,0xA88594D404727625A9437C3f886C7643872296AE,0x940181a94A35A4569E4529A3CDfB74e38FD98631,18,18,18,528433673353336,574976759317009999025,0.000528433673353336,574.97675931701,574977287750683352361,534666216972027,78119641194798577659018,78119.64119479858,1.2113788239204118e-21,94.63247907563965,0,94.63247907563965,825.5055976326861,1785974400
CL-BTCB/AERO,2.419027574609082e-07,0x1a1fa53D4D84D016BF660f2CF0f86f481a537752,0x627AC3BEA1d3544270A924e5a13fd826Ae2a29Ab,0x0c41F1FC9022FEB69aF6dc666aBfE73C9FFDA7ce,0x940181a94A35A4569E4529A3CDfB74e38FD98631,0x0000000000000000000000000000000000000000,18,18,18,0,0,0.0,0.0,0,0,758811429768247461,0.7588114297682474,0.0,0,0,0,nan,0
CL-USDC/CHAMP,0.0005961276528419024,0x58c5649e6BC93969f4530673E8892faf762Cc7E7,0x0e956C897bBFCbd2155D3DfdD27c87fa5A0FaD39,0x833589fCD6eDb6E08f4c7C32D4f71b54bdA02913,0xEb6d78148F001F3aA2f588997c5E102E489Ad341,0x940181a94A35A4569E4529A3CDfB74e38FD98631,18,6,18,1,52805402310009478175,1e-06,52.80540231000948,52805402310009478176,12798376791297,1869959984439009402943,1869.9599844390095,3.3479426953689202e-21,6.260518870534762,0,6.260518870534762,298.69089497357925,1785974400
CL-WETH/uADA,1.7554454777610046e-05,0xB79C8a96D89f5CCa7B907D3d1229b61373C3D439,0xC397805B44426d10a304D339D405f35d69A2Eb1b,0x4200000000000000000000000000000000000006,0xa3A34A0D9A08CCDDB6Ed422Ac0A28a06731335aA,0x940181a94A35A4569E4529A3CDfB74e38FD98631,18,18,18,2302782441573756,18869569595488823047,0.002302782441573756,18.869569595488823,18871872377930396803,0,55065601849342014550,55.065601849342016,0.0,0,0,0,nan,0
CL-LUM/WETH,6.848564675260513e-05,0x80FDA26eEf8eAEfBbB2c75b84bF351c99c2a6D47,0x930b91c3DDd7D344ef8d599D1D6D68b17bb14c16,0x0fD7a301B51d0A83FCAf6718628174D527B373b6,0x4200000000000000000000000000000000000006,0x940181a94A35A4569E4529A3CDfB74e38FD98631,18,18,18,1,1,1e-18,1e-18,2,1470331410242,214828851379858560582,214.82885137985858,3.439482985071168e-21,0.7389001790234062,0,0.7389001790234062,290.74137140390843,1785974400
CL-WETH/AIXBT,0.039953516932247087,0x22A52bB644f855ebD5ca2edB643FF70222D70C31,0xC23924a846eca931Ec3014253E94f15b038bd0C8,0x4200000000000000000000000000000000000006,0x4F9Fd6Be4a90f2620860d680c0d4d5Fb53d1A825,0x940181a94A35A4569E4529A3CDfB74e38FD98631,18,18,18,405617659747098,78158483981118740248,0.000405617659747098,78.15848398111874,78158889598778487346,857769575691877,125327985616400387185158,125327.98561640039,1.734615182192902e-21,217.3958266038618,0,217.3958266038618,576.4967413324488,1785974400
CL-SEKOIA/WETH,0.000415899036370637,0x52f38A65DAb3Cf23478cc567110BEC90162aB832,0x0592D3036ed8BFDF4545410EDfc7F075227324A2,0x1185cB5122Edad199BdBC0cbd7a0457E448f23c7,0x4200000000000000000000000000000000000006,0x940181a94A35A4569E4529A3CDfB74e38FD98631,18,18,18,15455099512202788240692,1100851006948122,15455.099512202789,0.001100851006948122,15455100613053795188814,0,1304610768972482379948,1304.6107689724824,0.0,0,0,0,nan,0
CL-cbBTC/LBTC,0.0018530792362971232,0xA44D3Bb767d953711EA4Bce8C0F01f4d7D299aF6,0xc3f97660D0b47F0E05C3c513f73eeff7c1bd6c7a,0xcbB7C0000aB88B473b1f5aFd9ef808440eed33Bf,0xecAc9C5F704e954931349Da37F60E39f515c11c1,0x940181a94A35A4569E4529A3CDfB74e38FD98631,18,8,8,9,13,9e-08,1.3e-07,22,39784240817915,5812822141953904034824,5812.822141953904,0.0,0,0,0,nan,0
CL-USDC/AVAIL,0.00159405976779927,0xFf0df9b15C29542fa5d7eFe169452507b4d648C2,0x63F2328a30DFbf8dDC137318181D887d98d06514,0x833589fCD6eDb6E08f4c7C32D4f71b54bdA02913,0xd89d90d26B48940FA8F58385Fe84625d468E057a,0x940181a94A35A4569E4529A3CDfB74e38FD98631,18,6,18,28260,5932232600313590954,0.02826,5.932232600313591,5932232600313619214,34223599096053,5000318244554429463847,5000.31824455443,0.0,0,0,0,nan,0
CL-CLANKER/WETH,0.40797168741112794,0xd23FE2DB317e1A96454a2D1c7e8fc0DbF19BB000,0xeE096FdD7fe7a759F3e8B0855B02976cf0FD25F9,0x1bc0c42215582d5A085795f4baDbaC3ff36d1Bcb,0x4200000000000000000000000000000000000006,0x940181a94A35A4569E4529A3CDfB74e38FD98631,18,18,18,269645630100747004,14434876922132803,0.269645630100747,0.014434876922132803,284080507022879807,8767801315047987,1279743904859910339628729,1279743.9048599105,0.0,0,0,0,nan,0
CL-SEAM/USDC,0.003973030313068714,0x948e80fBB383694b462f79557a3A44a25416dc72,0x843b7a6e1aa033572d72df5b318Fc90a37Eaa2fb,0x1C7a460413dD4e964f96D8dFC56E7223cE88CD85,0x833589fCD6eDb6E08f4c7C32D4f71b54bdA02913,0x940181a94A35A4569E4529A3CDfB74e38FD98631,18,18,6,1,1,1e-18,1e-06,2,85297745442263,12462779854253834084852,12462.779854253835,0.0,0,0,0,nan,0
CL-AERO/cbBTC,5.355724272784243,0xdFe5F275020def30993f042174Fc2D335678b626,0x2B74B62c564456C48055bd515A62594742b3f545,0x940181a94A35A4569E4529A3CDfB74e38FD98631,0xcbB7C0000aB88B473b1f5aFd9ef808440eed33Bf,0x940181a94A35A4569E4529A3CDfB74e38FD98631,18,18,8,422516319172942629983,239596,422.51631917294264,0.00239596,422516319172942869579,114983068323281650,16800076342795157271021457,16800076.342795156,9.274431418967283e-22,15581.115587466837,0,15581.115587466837,1078.2332143347187,1785974400
CL-ANON/WETH,3.0365000236753697e-07,0xDB20b9455DEB2D616727cbdae4aC9F8eeB9AC899,0xf823D416eF26B5233dAE227BA7B8F3159a68C2fc,0x0Db510e79909666d6dEc7f5e49370838c16D950f,0x4200000000000000000000000000000000000006,0x940181a94A35A4569E4529A3CDfB74e38FD98631,18,18,18,727900915335995319500009,175067662002158418,727900.9153359953,0.17506766200215843,727901090403657321658427,0,952502959718751855,0.9525029597187519,0.0,0,0,0,nan,0
CL-WETH/MORPHO,6.41372477338644,0xB5F0b4aE66C14F7EFaA9aA1468E8FC536A3E288c,0xf008577BfbB3B8EAAaC22C1933C9a8cd876fCFd2,0x4200000000000000000000000000000000000006,0xBAa5CC21fd487B8Fcc2F632f3F4E8D37262a0842,0x940181a94A35A4569E4529A3CDfB74e38FD98631,18,18,18,139382514891933730,97385840463814007548,0.13938251489193373,97.385840463814,97525222978705941278,137697935718299747,20118859811756696156303838,20118859.811756697,6.76607284159231e-22,13612.567097612995,0,13612.567097612995,1477.9622144367318,1785974400
CL-WETH/SAINT,7.861984581937118e-07,0xeb4ab2038eF5662ff00AcabBB76A09aBd7440D10,0x7cFfFd69796e607a38a36BE004074941cF58b7B9,0x4200000000000000000000000000000000000006,0x7588880d9c78E81FAde7b7e8DC0781E95995a792,0x940181a94A35A4569E4529A3CDfB74e38FD98631,18,18,18,16805761541388017,32245293797666457912521,0.016805761541388017,32245.293797666458,32245310603427999300538,0,2466182619848678762,2.466182619848679,0.0,0,0,0,nan,0
CL-WETH/DOGE,9.056009943327566e-05,0x03Cd22d89bba07b109b869DA1B5fD344d0Ad6B40,0x8118696CDb46892a6314b70c71B2fBcD2EcD5E5d,0x4200000000000000000000000000000000000006,0x67f0870BB897F5E1c369976b4A2962d527B9562c,0x940181a94A35A4569E4529A3CDfB74e38FD98631,18,18,18,9312008469177180,8728161677310999197311,0.00931200846917718,8728.161677311,8728170989319468374491,0,284072985575716204008,284.0729855757162,0.0,0,0,0,nan,0
CL-RSR/bsdETH,0.00027913317440382893,0xe2cb3a61D580004306e70F32341e00D596b4ecc4,0x0DED14A7A643344eC12e38d87dbDeF8245551e38,0xaB36452DbAC151bE02b16Ca17d8919826072f64a,0xCb327b99fF831bF8223cCEd12B1338FF3aA322Ff,0x940181a94A35A4569E4529A3CDfB74e38FD98631,18,18,18,1,1,1e-18,1e-18,2,5992823851146,875597473085223840381,875.5974730852239,1.0134038061139936e-22,0.08873338118483609,0,0.08873338118483609,9867.734796009974,1785974400
CL-SIMMI/WETH,0.00310812529550642,0xBae6f0e8D43E6158D3Df940B332adC75BEEBA75f,0x1c553B8CBCfa13c5F93394A3138e6C6Ca16E3737,0x161e113B8E9BBAEfb846F73F31624F6f9607bd44,0x4200000000000000000000000000000000000006,0x940181a94A35A4569E4529A3CDfB74e38FD98631,18,18,18,1,1,1e-18,1e-18,2,66729163062897,9749706965466140098263,9749.70696546614,4.1379525738365804e-26,0.00040343825031903053,0,0.00040343825031903053,24166540.871512,1785974400
CL-HENLO/WETH,0.0011608030728830615,0xa1B6F148F208FFe9Eb04C68BcBFEa3525f2536d6,0xB592a97283c160FFD764E614d6cA4ddbCEa395A3,0x23A96680Ccde03Bd4Bdd9a3e9a0Cb56A5D27F7c9,0x4200000000000000000000000000000000000006,0x940181a94A35A4569E4529A3CDfB74e38FD98631,18,18,18,75877296454727227131818247863,39957560763823735,75877296454.72723,0.039957560763823737,75877296454767184692582071598,0,3641259192988382510090,3641.2591929883824,0.0,0,0,0,nan,0
CL-GAME/WETH,0.012764353096658874,0x2A36148a416cBa81699B555120Bd65f4682BDFD2,0x6366138fD616Df7E5906D7B00250634da342Ee20,0x1C4CcA7C5DB003824208aDDA61Bd749e55F463a3,0x4200000000000000000000000000000000000006,0x940181a94A35A4569E4529A3CDfB74e38FD98631,18,18,18,6999397191277365795,1,6.999397191277366,1e-18,6999397191277365796,274041268674327,40039795846096150368181,40039.795846096145,2.8308332807339568e-21,113.34598663492221,0,113.34598663492221,353.25287674331975,1785974400
CL-WETH/PEPE,0.002534361132366308,0x47f6F4b438B9D91E7387d6c1CF953A86BF5de1A5,0x16cb808aEB948836695d5033a8CAC675f916835A,0x4200000000000000000000000000000000000006,0x52b492a33E447Cdb854c7FC19F1e57E8BfA1777D,0x940181a94A35A4569E4529A3CDfB74e38FD98631,18,18,18,2670227399832651,1245521733888836811214135385,0.002670227399832651,1245521733.8888369,1245521733891507038613968036,0,7949897779527083942880,7949.897779527085,0.0,0,0,0,nan,0
CL-USDz/sUSDz,0.0007465926158911864,0x96CC4b6A75fA1dFea66091589d1f25AfF3aa0318,0xb1C4225d490B881d2e011decc9E0F7439F2AC174,0x04D5ddf5f3a8939889F11E97f8c4BB48317F1938,0xe31eE12bDFDD0573D634124611e85338e2cBF0cF,0x940181a94A35A4569E4529A3CDfB74e38FD98631,18,18,18,337275397605653,54945588872778654,0.000337275397605653,0.05494558887277865,55282864270384307,277631423352,2341945235619556540882,2341.9452356195566,0.0,0,0,0,nan,1785974400
CL-USDS/USDC,2.9093719278769142e-05,0xA441378a1CB4DF371535296e539a1E0deF6924e4,0xe2a2B1D8AA4bD8A05e517Ccf61E96A727831B63e,0x820C137fa70C8691f0e44Dc420a5e53c168921Dc,0x833589fCD6eDb6E08f4c7C32D4f71b54bdA02913,0x940181a94A35A4569E4529A3CDfB74e38FD98631,18,18,6,11850923046925419,10022,0.01185092304692542,0.010022,11850923046935441,624629188724,91262484789022923938,91.26248478902292,7.787541058834246e-21,0.7107103474257518,0,0.7107103474257518,128.41023789731324,1785974400
CL-cbBTC/superOETHb,0.0017194142864743437,0x4d9199269D4F89a367965e90d07D6F4AF7750eD0,0x0c240E7B77FF16839bCf9E9CE15193Baf4CA5911,0xcbB7C0000aB88B473b1f5aFd9ef808440eed33Bf,0xDBFeFD2e8460a6Ee4955A68582F85708BAEA60A3,0x940181a94A35A4569E4529A3CDfB74e38FD98631,18,8,18,27,10466503958313,2.7e-07,1.0466503958313e-05,10466503958340,36914801638576,5393535926494722320150,5393.535926494723,0.0,0,0,0,nan,0
CL-WETH/HEU,1.5807787140160293e-05,0x7C42dD1556754Be827E187cE0870e70c5E571f35,0x54A9d2003b547E54c4cf6dDCf1588032c4386687,0x4200000000000000000000000000000000000006,0xEF22cb48B8483dF6152e1423b19dF5553BbD818b,0x940181a94A35A4569E4529A3CDfB74e38FD98631,18,18,18,7180796180216,24724587213200723245,7.180796180216e-06,24.724587213200724,24724594393996903461,339383822827,49586576387975128792,49.58657638797513,0.0,0,0,0,nan,0
CL-WETH/FAI,0.11418360613761806,0x28A9eC9928A689410e82E579FD9418FbBF6452F3,0x093b5fa753c6a4C94B0aE98326919A5e241901a0,0x4200000000000000000000000000000000000006,0xb33Ff54b9F7242EF1593d2C9Bcd8f9df46c77935,0x940181a94A35A4569E4529A3CDfB74e38FD98631,18,18,18,31548525008067653,19636734994148052440062,0.03154852500806765,19636.734994148053,19636766542673060507715,2452733070217507,358176261977427651356629,358176.2619774277,3.9556917705715375e-21,1416.8348919181858,0,1416.8348919181858,252.80028323731483,1785974400
CL-Mog/wBLT,0.00023386618871978605,0x48d0CC084D274889131986925FB3B348a4405811,0xCB32e7190785E7bF4f02c56Cb576bf38BeBB2b17,0x2Da56AcB9Ea78330f947bD57C54119Debda7AF71,0x4E74D4Db6c0726ccded4656d0BCE448876BB4C7A,0x940181a94A35A4569E4529A3CDfB74e38FD98631,18,18,18,13408464562548410812742753,10133291059622195641,13408464.56254841,10.133291059622195,13408474695839470434938394,0,733601960141316138606,733.6019601413161,0.0,0,0,0,nan,0
CL-WETH/PENDLE,0.046566886305089567,0x016df91005F30039c9f1A89b44db5e8c60613603,0xB2025A9813914b7a0eB85a2b87848028fbE4d203,0x4200000000000000000000000000000000000006,0xA99F6e6785Da0F5d6fB42495Fe424BCE029Eeb3E,0x940181a94A35A4569E4529A3CDfB74e38FD98631,18,18,18,737274656383606,2535501107096549706,0.000737274656383606,2.53550110709655,2536238381752933312,999763455271180,146073099570726018165967,146073.09957072602,0.0,0,0,0,nan,0
CL-WETH/REI,0.004051704664453664,0x54cdD0222dF6B3BC17754c2C1B3d7D4203FE3d89,0xa4A7e0daE53e9dE540ddEf4Bb7214499DfDEA07D,0x4200000000000000000000000000000000000006,0x6B2504A03ca4D43d0D73776F6aD46dAb2F2a4cFD,0x940181a94A35A4569E4529A3CDfB74e38FD98631,18,18,18,31873151179887018,2427351373737103010466,0.03187315117988702,2427.351373737103,2427383246888282897484,0,12709569091743824964453,12709.569091743824,0.0,0,0,0,nan,0
CL-USDC/ODOS,0.15329147411857294,0xb7068556049dF8Fb3ae77CCbb9611FE0e85B2641,0x417e10d1d0b491aeBeF222c9Df0263618EFCCB39,0x833589fCD6eDb6E08f4c7C32D4f71b54bdA02913,0xca73ed1815e5915489570014e024b7EbE65dE679,0x940181a94A35A4569E4529A3CDfB74e38FD98631,18,6,18,128707,4254241166120312296828,0.128707,4254.241166120312,4254241166120312425535,3292355821989411,480851577998212644892021,480851.57799821266,6.603769548021378e-22,317.5433007902623,0,317.5433007902623,1514.2866399685618,1785974400
CL-eBTC/cbBTC,3.3060054147457987e-07,0xD64C5b0C64748445b625076dA10c4168D6289db2,0xEd7AF8228b789c00657d4F0019F8aad0222751Ae,0x657e8C867D8B37dCC18fA4Caead9C45EB088C642,0xcbB7C0000aB88B473b1f5aFd9ef808440eed33Bf,0x940181a94A35A4569E4529A3CDfB74e38FD98631,18,8,8,967,971,9.67e-06,9.71e-06,1938,0,1037042620727556399,1.0370426207275563,0.0,0,0,0,nan,0
CL-AERO/CHAMP,9.114431677498311e-10,0xee16Ce7cf7F4714C9Fc20463ab6c5223E826A2eb,0x869305781fff479f0311974d55FeeB6Fc9DE96a2,0x940181a94A35A4569E4529A3CDfB74e38FD98631,0xEb6d78148F001F3aA2f588997c5E102E489Ad341,0x940181a94A35A4569E4529A3CDfB74e38FD98631,18,18,18,36865110958709125841,8010018155435029722731,36.865110958709124,8010.01815543503,8046883266393738848572,0,2859055847614782,0.002859055847614782,0.0,0,0,0,nan,0
CL-WETH/CHAMP,0.0024015356951851206,0x5535B3174F3d335C87475e54D3682099C1F9fB70,0xB9E4E0368A9F281584C9adB685e6C9F4b9F37dBb,0x4200000000000000000000000000000000000006,0xEb6d78148F001F3aA2f588997c5E102E489Ad341,0x940181a94A35A4569E4529A3CDfB74e38FD98631,18,18,18,4928763538941804,5177022739474800557014,0.004928763538941804,5177.022739474801,5177027668238339498818,0,7533244985011762886094,7533.244985011763,0.0,0,0,0,nan,0
CL-WETH/ZEREBRO,8.461463009509967e-09,0xcBD3c500a97538ACa280a280799176D1eAc04DE4,0xfc6087cD934B4FFa50118457Cc16b8537eC55873,0x4200000000000000000000000000000000000006,0xD2e92077ad4d7d50D7d60be13FffE3FB52cc0B9f,0x940181a94A35A4569E4529A3CDfB74e38FD98631,18,18,18,42334042301321708,1757822507818438393345,0.042334042301321706,1757.8225078184385,1757864841860739715053,0,26542297043534040,0.02654229704353404,0.0,0,0,0,nan,0
CL-WETH/COOKIE,0.0028174699270552663,0xE8833415Bd6Aee9c0c7B6aaD7DC80421C3F28ca1,0x282ece21a112950f62EC4493E2Bd2b27a74c7937,0x4200000000000000000000000000000000000006,0xC0041EF357B183448B235a8Ea73Ce4E4eC8c265F,0x940181a94A35A4569E4529A3CDfB74e38FD98631,18,18,18,732975492788572285,138454233398376386473486,0.7329754927885723,138454.23339837638,138454966373869175045771,0,8837966156807196660417,8837.966156807197,0.0,0,0,0,nan,0
CL-WETH/LAY,0.00040187154482495456,0xEDA5C8f08e92E6983Ae29aB2D5Dc244342bF70c8,0x7946898CDBe3246a55C596D2d602A7394011fDDE,0x4200000000000000000000000000000000000006,0xb89D354AD1b0d95a48b3De4607F75a8cD710c1bA,0x940181a94A35A4569E4529A3CDfB74e38FD98631,18,18,18,991727283231946,5047209784434442092745,0.000991727283231946,5047.209784434442,5047210776161725324691,0,1260608703731198722981,1260.6087037311988,0.0,0,0,0,nan,0
CL-WETH/Anon,0.0025483297768520183,0x1807af3897aA6419E770D4642dF7B8b06E542C02,0xeCa59A0fBD6498B4d3d6E4143a30C2E8d8F68686,0x4200000000000000000000000000000000000006,0x79bbF4508B1391af3A0F4B30bb5FC4aa9ab0E07C,0x940181a94A35A4569E4529A3CDfB74e38FD98631,18,18,18,410284018871000,1027425722617306766,0.000410284018871,1.0274257226173067,1027836006636177766,54711504770799,7993715250668721155102,7993.715250668721,7.191793468124691e-21,57.489149125808034,0,57.489149125808034,139.04737454324544,1785974400
CL-WETH/ACOLYT,1.0955304349688168e-05,0x984FaEED533D60B53F142ad76b629D64849ea507,0x792F8CAB72d9B67cc310C8dBd2A87b9FDC327Fb7,0x4200000000000000000000000000000000000006,0x79dacb99A8698052a9898E81Fdf883c29efb93cb,0x940181a94A35A4569E4529A3CDfB74e38FD98631,18,18,18,124445123904706,951756794982387419672,0.000124445123904706,951.7567949823874,951756919427511324378,0,34365090519799353914,34.36509051979935,0.0,0,0,0,nan,0
CL-WETH/AION,0.00012559957480596636,0x1d6aaA7ae38856fFfc37e5e3C99D1c392631f450,0x41aD48761d843B7b2c33fE4aAd944Ab229599dF8,0x4200000000000000000000000000000000000006,0xfc48314ad4aD5bD36a84E8307b86A68A01D95d9C,0x940181a94A35A4569E4529A3CDfB74e38FD98631,18,18,18,5053535164953959,691948659349590959445,0.005053535164953959,691.9486593495909,691953712884755913404,0,393986385013411524612,393.98638501341156,0.0,0,0,0,nan,0
CL-WETH/DRV,0.03619737178967318,0xA0e2bac96aB51c92d3284781AeE1EEc817F6F9C2,0x1aA9609DdfBA43CDa2e5872722f3463b31247444,0x4200000000000000000000000000000000000006,0x9d0E8f5b25384C7310CB8C6aE32C8fbeb645d083,0x940181a94A35A4569E4529A3CDfB74e38FD98631,18,18,18,2809596049545644251,60771431967605623231647,2.8095960495456445,60771.431967605626,60774241563655168875898,0,113545540901961114466396,113545.54090196111,0.0,0,0,0,nan,0
CL-WETH/DKING,1.7838827838419684e-06,0x18D9600F64149AC0dB8517a74D0827b57960C4d3,0x16fe97736520c893E57807fC2d6B08030bDa96f1,0x4200000000000000000000000000000000000006,0x57eDc3F1fd42c0D48230e964b1C5184B9c89B2ed,0x940181a94A35A4569E4529A3CDfB74e38FD98631,18,18,18,74493591886379,215081698550601088649,7.4493591886379e-05,215.0816985506011,215081773044192975028,0,5595763603334839960,5.595763603334841,0.0,0,0,0,nan,0
CL-USDC/TRUMP,5.4166385480005756e-06,0x0c40e7F5b43f6759060a3c4D2fb406DFecF03B57,0x0c1D14b66e74FBB35d53A0c97Dbe93fa8a97BbE7,0x833589fCD6eDb6E08f4c7C32D4f71b54bdA02913,0xc27468b12ffA6d714B1b5fBC87eF403F38b82AD4,0x940181a94A35A4569E4529A3CDfB74e38FD98631,18,6,18,421,53183254231174107,0.000421,0.05318325423117411,53183254231174528,2014303251,16991154976025171247,16.99115497602517,0.0,0,0,0,nan,1785974400
CL-WETH/USDC,0.0014893388754580418,0x0652202C4b2D09CB93aEDeFAdc14B36869483a98,0x9017Bdde03D36636113a55Aa97CF159048843498,0x4200000000000000000000000000000000000006,0x833589fCD6eDb6E08f4c7C32D4f71b54bdA02913,0x940181a94A35A4569E4529A3CDfB74e38FD98631,18,18,6,95605329181828,218814,9.5605329181828e-05,0.218814,95605329400642,31975875305914,4671825048039729180151,4671.825048039729,0.0,0,0,0,nan,0
CL-WETH/VVV,0.1973725397747561,0x7eC6C9D993D9832Aa654593f2Dbc21303650Bc6c,0x5d05eF25a5f933271E1f0FDc02dC3EaB6a4eA687,0x4200000000000000000000000000000000000006,0xacfE6019Ed1A7Dc6f7B508C02d1b04ec88cC21bf,0x940181a94A35A4569E4529A3CDfB74e38FD98631,18,18,18,748671092822436858,194972166639020023718,0.7486710928224368,194.97216663902003,195720837731842460576,0,619127043757141734440650,619127.0437571417,0.0,0,0,0,nan,0
CL-WETH/FLAY,3.036383456149945e-06,0x6eAF8196a9A3207A9CdF06EFd112fef7a27E34Fb,0x5B75d4Ae48E15892D3810b227D34dB45198C439B,0x4200000000000000000000000000000000000006,0xF1A7000000950C7ad8Aff13118Bb7aB561A448ee,0x940181a94A35A4569E4529A3CDfB74e38FD98631,18,18,18,193296445121205,63291000688517493229,0.000193296445121205,63.29100068851749,63291193984962614434,1129153675,9524663942940495978,9.524663942940496,0.0,0,0,0,nan,1785974400
CL-WETH/AAVE,1.918333440874032,0x4a79B0168296c0eF7b8F314973B82aD406a29f1B,0x28047b764D603A25146A0b8a8D414740dC1E650E,0x4200000000000000000000000000000000000006,0x63706e401c06ac8513145b7687A14804d17f814b,0x940181a94A35A4569E4529A3CDfB74e38FD98631,18,18,18,22374905409754878,769891412440749601,0.022374905409754876,0.7698914124407497,792266317850504479,41185909849862242,6017514460442234440037228,6017514.460442235,1.5202546449123168e-21,9148.154309314341,0,9148.154309314341,657.784538495968,1785974400
CL-WETH/B3,0.35236157229672754,0xB099C658e784b41EE435d48a8eb67e8f27285C93,0x3B86cA918E7c114Cf8dDF69609E53bB4E7727237,0x4200000000000000000000000000000000000006,0xB3B32F9f8827D4634fE7d973Fa1034Ec9fdDB3B3,0x940181a94A35A4569E4529A3CDfB74e38FD98631,18,18,18,4268654297470597,49738390499907137530885,0.004268654297470597,49738.39049990714,49738394768561435001482,7565073572184050,1105303599166602226807439,1105303.5991666021,1.4555333668746275e-21,1608.8062691136083,0,1608.8062691136083,687.0333739907558,1785974400
CL-PONKE/USDC,0.0024141392496005703,0x0e62644261Fa9C5f2A068d133927Bb0678Ac042d,0x62005BbF01daBf943e0e05561b6ed93D36ABb257,0x4A0c64af541439898448659AEdcEC8E8e819FC53,0x833589fCD6eDb6E08f4c7C32D4f71b54bdA02913,0x940181a94A35A4569E4529A3CDfB74e38FD98631,18,18,6,17472533838909556981,338758,17.472533838909555,0.338758,17472533838909895739,51831212443739,7572780380335623797987,7572.780380335624,0.0,0,0,0,nan,0
CL-WETH/LsETH,5.22727867372112e-05,0x04f8375dAd560480D6639B9600CD88ca594E2293,0x0fe62690cD3B234E1F1e206621e84b57f3b219A1,0x4200000000000000000000000000000000000006,0xB29749498954A3A821ec37BdE86e386dF3cE30B6,0x940181a94A35A4569E4529A3CDfB74e38FD98631,18,18,18,1,933561,1e-18,9.33561e-13,933562,1122277536998,163971624211203352762,163.97162421120336,0.0,0,0,0,nan,0
CL-USDC/AAA,0.005475611835655601,0xfd198524340203Da7896909941E92E5EF0D2B753,0x5ADA69FF0dd93F5538Adce7b5bF0B588fFA466e8,0x833589fCD6eDb6E08f4c7C32D4f71b54bdA02913,0xaaa843fb2916c0B57454270418E121C626402AAa,0x940181a94A35A4569E4529A3CDfB74e38FD98631,18,6,18,1454499,122374289429254707946,1.454499,122.3742894292547,122374289429256162445,0,17176145032332715970802,17176.145032332715,0.0,0,0,0,nan,0
CL-USDC/BRZ,0.00159479716307712,0xD43Decd5Df4BDFFd5A4Cf35cA1f9557E33B7246C,0xaF4290B7Be7a2e387d6dbbAC746d891Be507Fa09,0x833589fCD6eDb6E08f4c7C32D4f71b54bdA02913,0xE9185Ee218cae427aF7B9764A011bb89FeA761B4,0x940181a94A35A4569E4529A3CDfB74e38FD98631,18,6,18,85011,6522329520054203,0.085011,0.006522329520054203,6522329520139214,34239709491445,5002631339167169662282,5002.63133916717,0.0,0,0,0,nan,0
CL-WETH/W,0.019086495659496012,0xf1Eef36d55978eDfD427e95c3D0C9B9359EF0AEF,0xA2292a26d33117f52Fd511aafD98A73C2172a990,0x4200000000000000000000000000000000000006,0xB0fFa8000886e57F86dd5264b9582b2Ad87b2b91,0x940181a94A35A4569E4529A3CDfB74e38FD98631,18,18,18,355144171255519,64145749262129148503,0.000355144171255519,64.14574926212914,64146104406300404022,409798028007462,59871376468240949057529,59871.376468240946,3.3140579445093306e-21,198.4172108332829,0,198.4172108332829,301.7448749370183,1785974400
CL-WETH/KAITO,0.25962252422580573,0x56b92E5B391DbFb8b8028AC95A4b97f52ffEB416,0x6205DfbE68444cFF504A20a712cEa794c6b6Cf04,0x4200000000000000000000000000000000000006,0x98d0baa52b2D063E780DE12F615f963Fe8537553,0x940181a94A35A4569E4529A3CDfB74e38FD98631,18,18,18,4059209371492402,11151282646679395672,0.004059209371492402,11.151282646679396,11155341856050888074,5574000263315878,814395589680953744444099,814395.5896809536,1.2649940734123299e-21,1030.205594359546,0,1030.205594359546,790.517537605922,1785974400
CL-WETH/RIZ,0.00010054309886592306,0x78abF9026c500744Cb033842744b87ffA0F73689,0x5983adac7383396B31A3F4c5654623702ad27FaC,0x4200000000000000000000000000000000000006,0x67543CF0304C19CA62AC95ba82FD4F4B40788dc1,0x940181a94A35A4569E4529A3CDfB74e38FD98631,18,18,8,219763642839001,54070100585,0.000219763642839001,540.70100585,219817712939586,0,315388106380351682257,315.3881063803517,0.0,0,0,0,nan,0
CL-WETH/KTA,0.3066599870733165,0x46D710c35BdfB800a18A820712310048Ef8B5256,0x6bf4D7E9cC3BF9fEA7ee88bA7cfde9626E77eFd4,0x4200000000000000000000000000000000000006,0xc0634090F2Fe6c6d75e61Be2b949464aBB498973,0x940181a94A35A4569E4529A3CDfB74e38FD98631,18,18,18,4944821141142724,110303999055550681724,0.004944821141142724,110.30399905555068,110308943876691824448,6591593627919533,961944814876364940832459,961944.8148763649,2.3247605948152868e-21,2236.291400011459,0,2236.291400011459,430.1518196025061,1785974400
CL-USDC/PROS,2.4287989493977877e-05,0x3115267471EA743bFe311C3FCdcd1b52c584269B,0x3C2552aF840c08471C4f92996B0Fb8091C702C17,0x833589fCD6eDb6E08f4c7C32D4f71b54bdA02913,0x915424Ac489433130d92B04096F3b96c82e92a9D,0x940181a94A35A4569E4529A3CDfB74e38FD98631,18,6,18,155825,3514171681808436811,0.155825,3.514171681808437,3514171681808592636,0,76187655848031571337,76.18765584803157,0.0,0,0,0,nan,0
CL-WETH/$PAAL,0.0005232444834711197,0x0bD7cfd63dB4B508C616368FC83635bACA65c710,0x7e9DC9928EDa29c5EC28D12e8144Fd12ae6B0187,0x4200000000000000000000000000000000000006,0xd52333441c0553fACb259600FA833a69186893A5,0x940181a94A35A4569E4529A3CDfB74e38FD98631,18,18,18,1,422593978592664513,1e-18,0.4225939785926645,422593978592664514,11233942536566,1641336786684753677973,1641.3367866847536,0.0,0,0,0,nan,0
CL-WETH/LINK,0.08457760891105426,0x72bE417AFB0aBEa66913141C605D313BB389b59C,0xd66c27Ec3C0dfcD20678ff5F5C3CbB6EdE033b92,0x4200000000000000000000000000000000000006,0x88Fb150BDc53A65fe94Dea0c9BA0a6dAf8C6e196,0x940181a94A35A4569E4529A3CDfB74e38FD98631,18,18,18,2396049349685871,113285154259371172,0.002396049349685871,0.11328515425937118,115681203609057043,1815861806100724,265306840723169757368678,265306.84072316973,0.0,0,0,0,nan,0
CL-WETH/RED,0.0014887723724299003,0x80866012A372c686A3b71a2aB05D004e29B36E1b,0x4bFE96D4f9E60aFD1E577C61E4BCC679e9A21cfB,0x4200000000000000000000000000000000000006,0x4eB92702bA4cfbF80561BAd64D89C706Ac824960,0x940181a94A35A4569E4529A3CDfB74e38FD98631,18,18,18,942445546202268786,15125097780446491238792,0.9424455462022688,15125.097780446491,15126040225992693507578,0,4670048015908040416371,4670.048015908041,0.0,0,0,0,nan,0
CL-WETH/RWAX,0.004405096296552711,0x7A9b4Ccc4F80506259c301BB07cf9A97b4d8805e,0xCA635E72A2Dca090eFD8b9E14202D48c2D99a5a0,0x4200000000000000000000000000000000000006,0xe0023E73aab4fE9a22f059a9d27E857E027eE3dc,0x940181a94A35A4569E4529A3CDfB74e38FD98631,18,18,18,4921598667628,224272041025988781436,4.921598667628e-06,224.27204102598878,224272045947587449064,94576436497198,13818103828742624507001,13818.103828742624,0.0,0,0,0,nan,0
CL-BIO/WETH,0.7164177103915058,0x222cCBE78890A4d9Ef8d22d7FC1B968Be0F2c653,0x6f29b7B27e2043849A21E1E6ea9ED6d2678E11F3,0x226A2FA2556C48245E57cd1cbA4C6c9e67077DD2,0x4200000000000000000000000000000000000006,0x940181a94A35A4569E4529A3CDfB74e38FD98631,18,18,18,5548186050607962086863,69735577976473482,5548.186050607962,0.06973557797647348,5548255786185938560345,15394532204925185,2247291237353188568504344,2247291.2373531885,0.0,0,0,0,nan,0
CL-WETH/XION,5.1733002664209566e-05,0x0c5BF61d127cd801fe4F77F344321ff1f163BF17,0xB5c7edC19d639a01eA8f976897D5401753264643,0x4200000000000000000000000000000000000006,0xe4c3461a20f50daD7B9E88ca0222A255C4126fC0,0x940181a94A35A4569E4529A3CDfB74e38FD98631,18,18,6,1775714041812586,15813543,0.001775714041812586,15.813543,1775714057626129,0,162278405297538483218,162.2784052975385,0.0,0,0,0,nan,0
CL-yTRYB/USDC,0.0010389559194145183,0xE98654b21d013EfF949A6D8ff80A9b23B284f8dd,0x7Cb174B263dCeb4f730265e8277ee33BfB693C72,0x1A9Be8a692De04bCB7cE5cDDD03afCA97D732c62,0x833589fCD6eDb6E08f4c7C32D4f71b54bdA02913,0x940181a94A35A4569E4529A3CDfB74e38FD98631,18,8,6,1369306999,1109215,13.69306999,1.109215,1370416214,0,3259043571690234216643,3259.0435716902343,0.0,0,0,0,nan,0
CL-IDRX/USDC,0.00048780089753029605,0x9cadc7e36191C8B40d0D02b830DC32CE2242D27b,0xcd3F046D0Abc3b9B057476e323317b4c5FD1b850,0x18Bc5bcC660cf2B9cE3cd51a404aFe1a0cBD3C22,0x833589fCD6eDb6E08f4c7C32D4f71b54bdA02913,0x940181a94A35A4569E4529A3CDfB74e38FD98631,18,2,6,133495,6315,1334.95,0.006315,139810,10472976639500,1530155755074494515509,1530.1557550744944,1.263951922716205e-21,1.9340433086816735,0,1.9340433086816735,791.1693332852582,1785974400
CL-USDC/LsETH,0.00037729966280207743,0x98eCc8425cc4C3f30dD4EF02360B05698008a8fc,0x9966c25d5EEbB6C648b34d60c5057Ea1b05b551A,0x833589fCD6eDb6E08f4c7C32D4f71b54bdA02913,0xB29749498954A3A821ec37BdE86e386dF3cE30B6,0x940181a94A35A4569E4529A3CDfB74e38FD98631,18,6,18,1,1,1e-06,1e-18,2,8100540667299,1183530521053230880749,1183.5305210532308,0.0,0,0,0,nan,0
CL-LsETH/cbBTC,2.0957820918593353e-05,0x4796eda5A091B8Ca92EFA7d7Ee6f4De113A626FE,0x8016E3AfB222702CAF92783582869149AA9C1282,0xB29749498954A3A821ec37BdE86e386dF3cE30B6,0xcbB7C0000aB88B473b1f5aFd9ef808440eed33Bf,0x940181a94A35A4569E4529A3CDfB74e38FD98631,18,18,8,2273710261875503,8883,0.002273710261875503,8.883e-05,2273710261884386,0,65741433553665290083,65.74143355366529,0.0,0,0,0,nan,0
CL-cbBTC/EDGE,1.1244051286845298,0x5230845439Fa66FBEA20aF7cf09BC413B99E10B7,0x1A82875FDFCda393BC1CC44492515586CBC8697b,0xcbB7C0000aB88B473b1f5aFd9ef808440eed33Bf,0xED6E000dEF95780fb89734c07EE2ce9F6dcAf110,0x940181a94A35A4569E4529A3CDfB74e38FD98631,18,8,18,13648,301959395979508280928,0.00013648,301.95939597950826,301959395979508294576,24185354755548628,3527084487549664430047180,3527084.4875496645,0.0,0,0,0,nan,0
CL-USDC/ZARP,0.0010378915962507155,0xB86D18195349aAA6941042BD539289F26142A87b,0xdaA5708f6fBF97B0Bc94005afCcD08EC04EfCB5e,0x833589fCD6eDb6E08f4c7C32D4f71b54bdA02913,0xb755506531786C8aC63B756BaB1ac387bACB0C04,0x940181a94A35A4569E4529A3CDfB74e38FD98631,18,6,18,1,1,1e-06,1e-18,2,22283378983935,3255704955007490282580,3255.70495500749,0.0,0,0,0,nan,0
CL-PROMPT/cbBTC,0.0013181422492354099,0x41D60eD9C8327EA0c6b16a44343c177E0402FeeA,0x6d5EBd01df7091d15FFd730281e71715160B1587,0x30c7235866872213F68cb1F08c37Cb9eCCB93452,0xcbB7C0000aB88B473b1f5aFd9ef808440eed33Bf,0x940181a94A35A4569E4529A3CDfB74e38FD98631,18,18,8,5235128711769260372,192,5.23512871176926,1.92e-06,5235128711769260564,28300319031925,4134807785074099267873,4134.807785074099,5.9199774343735416e-21,24.477968783110715,0,24.477968783110715,168.9195627999587,1785974400
CL-USDC/CTX,0.030391922422337278,0x562d63bFCea2eae8be3265B1f841D42Af6DdE0B7,0x09f0FCCB52931ac063290E1498f391680573E74d,0x833589fCD6eDb6E08f4c7C32D4f71b54bdA02913,0xBB22Ff867F8Ca3D5F2251B4084F6Ec86D4666E14,0x940181a94A35A4569E4529A3CDfB74e38FD98631,18,6,18,445132,2138437663722897938,0.445132,2.138437663722898,2138437663723343070,652510077000106,95334746692278652445343,95334.74669227864,1.040202965586005e-21,99.16748623269883,0,99.16748623269883,961.3508450599768,1785974400
CL-MOCA/USDC,0.0027493384465914913,0xbf4f004307F623C2Fa2c6cf8Ce8095200e389B13,0x5f42dc8b628b61F268BB832cBF04780a18CF6dD8,0x2B11834Ed1FeAEd4b4b3a86A6F571315E25A884D,0x833589fCD6eDb6E08f4c7C32D4f71b54bdA02913,0x940181a94A35A4569E4529A3CDfB74e38FD98631,18,18,6,88659180993172001633,633912,88.659180993172,0.633912,88659180993172635545,59027892986601,8624248270142347874852,8624.248270142349,1.6616949135665483e-21,14.330869483830643,0,14.330869483830643,601.7951862497241,1785974400
CL-WETH/uHBAR,0.0035039100757996862,0x006B41C8B19E73324808ecE954DDDfF978c9c8F3,0x760E67cD9Ef0B4b14a804b3C20fBf762A3e94117,0x4200000000000000000000000000000000000006,0xc79e06860Aa9564f95E08fb7E5b61458d0C63898,0x940181a94A35A4569E4529A3CDfB74e38FD98631,18,18,18,4355641401637057,94481912577718132741,0.004355641401637057,94.48191257771813,94486268219119769798,0,10991222432950541827190,10991.222432950542,0.0,0,0,0,nan,0
CL-WETH/Base is for everyone,0.001802032537981981,0x9aa26B650357bF9cc5439123BCd7e0C0200d90e6,0x78495D7753540ebEAc1fB45A27fB790868cB811e,0x4200000000000000000000000000000000000006,0xD769d56f479E9E72a77bB1523e866A33098Feec5,0x940181a94A35A4569E4529A3CDfB74e38FD98631,18,18,18,13242120283155,24672650320402740390,1.3242120283155e-05,24.67265032040274,24672663562523023545,38689800114104,5652696566949985561928,5652.696566949986,5.908979999770547e-21,33.4016709588791,0,33.4016709588791,169.23394562832016,1785974400
CL-USDC/rETH,1.0178103418165212e-05,0xcb1F3E1A6BB8A0e2D97bDC9d48DB093B2C0095f9,0xF3616d12202831496fEA710eB652918550687Cbe,0x833589fCD6eDb6E08f4c7C32D4f71b54bdA02913,0xB6fe221Fe9EeF5aBa221c348bA20A1Bf5e73624c,0x940181a94A35A4569E4529A3CDfB74e38FD98631,18,6,18,1193,492491971203,0.001193,4.92491971203e-07,492491972396,218522386764,31927131745553250780,31.927131745553254,1.9485074794711524e-21,0.06221025500427138,0,0.06221025500427138,513.2133238058761,1785974400
CL-USDC/RIZE,0.16210415725147242,0xEa5cb64754Ad7aA24F7A6BBe3b724F29B4f822B8,0xE590B6913D090A012BDBBd9c58A9f0D7309C9356,0x833589fCD6eDb6E08f4c7C32D4f71b54bdA02913,0x9818B6c09f5ECc843060927E8587c427C7C93583,0x940181a94A35A4569E4529A3CDfB74e38FD98631,18,6,18,5441722,743739617642896852963,5.441722,743.7396176428969,743739617642902294685,3485490461387776,508495598092736141848655,508495.59809273615,3.1685215101832377e-21,1611.179240390325,0,1611.179240390325,315.60461142085455,1785974400
CL-WETH/cbXRP,0.04762606120182475,0xA6da283cf7D06b2279626E787c329d6aCF7e2994,0xB2d7D02733ae07695dF556d3AF2d09FC48f34D0F,0x4200000000000000000000000000000000000006,0xcb585250f852C6c6bf90434AB21A00f02833a4af,0x940181a94A35A4569E4529A3CDfB74e38FD98631,18,18,6,2586791772617681654,3991004091,2.5867917726176817,3991.004091,2586791776608685745,0,149395566938201737859419,149395.56693820175,0.0,0,0,0,nan,0
CL-WETH/cbDOGE,0.22830949651988322,0xfb338cb462c9e44cAE9f442fEb09e8E904fFed47,0x34d4C2189A3F5ACD106731a6A236F6FFBB691577,0x4200000000000000000000000000000000000006,0xcbD06E5A2B0C65597161de254AA074E489dEb510,0x940181a94A35A4569E4529A3CDfB74e38FD98631,18,18,8,1,7343322093,1e-18,73.43322093,7343322094,4901804143204822,716171478582329573379270,716171.4785823296,0.0,0,0,0,nan,0
CL-cbBTC/cbDOGE,8.183427872872505e-05,0x363d1607b8DA83d6B6EA76D017CeEcf1316BB08A,0x648Eec151f6642Eb57B259A7AA0f963B826a7284,0xcbB7C0000aB88B473b1f5aFd9ef808440eed33Bf,0xcbD06E5A2B0C65597161de254AA074E489dEb510,0x940181a94A35A4569E4529A3CDfB74e38FD98631,18,8,8,266064,192563626346,0.00266064,1925.63626346,192563892410,0,256701439446104906884,256.7014394461049,0.0,0,0,0,nan,0
CL-USDC/VIRGEN,4.8041257275265514e-05,0xda353757c951289C0d2aC757dF4A2a6005f866Fd,0xd6F600AC3A4A9eB421FBb5923EB9F482946E4f09,0x833589fCD6eDb6E08f4c7C32D4f71b54bdA02913,0xbf8566956b4e2D8BEB90c4c19dbb8c67A9290C36,0x940181a94A35A4569E4529A3CDfB74e38FD98631,18,6,18,12244655,14651316861349212395335,12.244655,14651.316861349213,14651316861349224639990,0,150697972621496451866,150.69797262149646,0.0,0,0,0,nan,0
CL-WETH/DEGEN,5.071922829294048e-07,0x68a5aEA4DE3D938a755D85d1868Fe79A9C7B6ae1,0x6a7d1B43b42F8A30B729bfFbdAe2884b683b545c,0x4200000000000000000000000000000000000006,0x4ed4E862860beD51a9570b96d89aF5E1B0Efefed,0x940181a94A35A4569E4529A3CDfB74e38FD98631,18,18,18,224292163187939,321526701502132157343,0.000224292163187939,321.52670150213214,321526925794295345282,0,1590983523365902473,1.5909835233659027,0.0,0,0,0,nan,0
CL-NATION/WETH,0.00022947813689754536,0xE8898C5653f5843f4979c8e11f575C3EC1D48FC0,0xa9AC50eb0f10FB68C309073763bBbB1EB24e69a8,0x2f74f818e81685c8086Dd783837a4605a90474B8,0x4200000000000000000000000000000000000006,0x940181a94A35A4569E4529A3CDfB74e38FD98631,18,18,18,233759698623014315374593,315049669137458,233759.69862301432,0.000315049669137458,233759698938063984512051,0,719837322184802819449,719.8373221848028,0.0,0,0,0,nan,0
CL-WETH/noice,0.006947928006503009,0x9Ea86AA9f7203da077371bb2F82ec555E6E22f81,0x3e2B0d294BeE08c601483B97f758824A81f81d25,0x4200000000000000000000000000000000000006,0x9Cb41FD9dC6891BAe8187029461bfAADF6CC0C69,0x940181a94A35A4569E4529A3CDfB74e38FD98631,18,18,18,115943685015514,31200695745828646624227,0.000115943685015514,31200.695745828645,31200695861772331639741,149171990136852,21794572496319668831687,21794.572496319666,0.0,0,0,0,nan,0
CL-WETH/JKL,1.0020991803098998e-06,0x30e8b965852FFB425AAc5B265Dd985aB43123c3d,0x473A8A08738AD2C04B4B2b3A7eEe2a3124aE79b6,0x4200000000000000000000000000000000000006,0x4eeD0d2deb4C588393c80869B122327581B0D98e,0x940181a94A35A4569E4529A3CDfB74e38FD98631,18,18,6,2463623301446053,2689478723,0.002463623301446053,2689.478723,2463625990924776,372672442,3143429697792618550,3.1434296977926186,0.0,0,0,0,nan,0
CL-BIOS/USDC,1.3147328057212415e-06,0x5E8961929dd762300ec192C85615502c3A516087,0x17eD47514fD512B8cE273FAd376eaBA4d926Fb9F,0x73Cb479f2ccf77BAd90BcDA91e3987358437240A,0x833589fCD6eDb6E08f4c7C32D4f71b54bdA02913,0x940181a94A35A4569E4529A3CDfB74e38FD98631,18,18,6,8894861956140115836822,22711363,8894.861956140116,22.711363,8894861956140138548185,0,4124112889592727052,4.124112889592727,0.0,0,0,0,nan,0
CL-WETH/HOME,0.14725831385563604,0x098A4dE96305baFAEA0c0ce07CF6456e2c64982a,0xF9F42a321E3A07820081D9d54e3F614e34B9Ae0E,0x4200000000000000000000000000000000000006,0x4BfAa776991E85e5f8b1255461cbbd216cFc714f,0x940181a94A35A4569E4529A3CDfB74e38FD98631,18,18,18,19513291974256281,3900076694592205421097,0.019513291974256282,3900.0766945922055,3900096207884179677378,3161635849128377,461926490028184298534284,461926.49002818426,0.0,0,0,0,nan,0
CL-WETH/SOLACE,8.349486329382543e-09,0xcAfD76397eFC53129e7A967a4B746D1899b479fa,0xAa5836B9501F2AE3f99a0d4D7F6F86C01648FE47,0x4200000000000000000000000000000000000006,0x7d6fcB3327D7E17095fA8B0E3513AC7A3564f5E1,0x940181a94A35A4569E4529A3CDfB74e38FD98631,18,18,18,188483381217473,348406902171276275015,0.000188483381217473,348.4069021712763,348407090654657492488,0,26191043566144785,0.026191043566144784,0.0,0,0,0,nan,0
CL-USDC/SQD,3.5257353532710393e-06,0xCe62141227cfd3Fe8d715F403B99F0377C0C16C6,0xbbECFcbAA02b8Ae165be383c1FC505d15772Dd61,0x833589fCD6eDb6E08f4c7C32D4f71b54bdA02913,0xd4554BEa546EFa83C1E6B389ecac40EA999B3E78,0x940181a94A35A4569E4529A3CDfB74e38FD98631,18,6,18,16684,62677137790130669,0.016684,0.06267713779013066,62677137790147353,75698026572,11059684943163152157,11.059684943163152,6.293238577470727e-20,0.6960123593898649,0,0.6960123593898649,15.890069758040275,1785974400
CL-CADC/WETH,0.01542192275398143,0x3debC1A83EDE28E30baaA43f9fa110E052d4Ccdd,0xf4533d9632Ad33983A39F3DdE529FDfFD5b0ad88,0x043eB4B75d0805c43D7C834902E335621983Cf03,0x4200000000000000000000000000000000000006,0x940181a94A35A4569E4529A3CDfB74e38FD98631,18,18,18,1223925563409832694,310373260870395,1.2239255634098327,0.000310373260870395,1224235936670703089,331110818442597,48376179658122452821205,48376.17965812245,1.2367424492627777e-21,59.82887491636252,0,59.82887491636252,808.5757876234459,1785974400
CL-cbADA/cbBTC,0.8726004041554899,0x8782d97C8b25B4d17dBFbaa03f25dC18e51e909D,0x27f732A92CbDfD4047087b8aED4E0b88C29c4198,0xcbADA732173e39521CDBE8bf59a6Dc85A9fc7b8c,0xcbB7C0000aB88B473b1f5aFd9ef808440eed33Bf,0x940181a94A35A4569E4529A3CDfB74e38FD98631,18,6,8,706145528,87100,706.145528,0.000871,706232628,18748225938483784,2737212122935722961991837,2737212.1229357226,5.4185221553497795e-21,14831.644532019218,0,14831.644532019218,184.55216594670313,1785974400
CL-WETH/cbADA,0.24796840320633404,0xb862F23ba38c8C65e256782B31E8C08C9aefd612,0x0C8b92c57Af0105C5b027Da4645A24f3144AD6f4,0x4200000000000000000000000000000000000006,0xcbADA732173e39521CDBE8bf59a6Dc85A9fc7b8c,0x940181a94A35A4569E4529A3CDfB74e38FD98631,18,18,6,18085977256770494,360438120,0.018085977256770493,360.43812,18085977617208614,5323915976194120,777838419658174801422815,777838.4196581747,9.284748042494905e-21,7222.033744298569,0,7222.033744298569,107.70351499288395,1785974400
CL-WETH/cbLTC,0.1747951708808538,0x200681425b0C8D78C6a467512C5D49FA56BaC88A,0x88040de1F5811090b638Fa70633B24a3e319D06f,0x4200000000000000000000000000000000000006,0xcb17C9Db87B595717C857a08468793f5bAb6445F,0x940181a94A35A4569E4529A3CDfB74e38FD98631,18,18,8,2998073361773872,42901013,0.002998073361773872,0.42901013,2998073404674885,3755430680736932,548305339405318875508670,548305.3394053188,3.1465388436782173e-21,1725.2640486350047,0,1725.2640486350047,317.8095201364263,1785974400
CL-cbLTC/cbBTC,0.04856024626431846,0x6044c817e55A03DAdc5F6b8B7045aF1985aE90fA,0x3De827C30391B6C75Af11a946adAA83733b9EE62,0xcb17C9Db87B595717C857a08468793f5bAb6445F,0xcbB7C0000aB88B473b1f5aFd9ef808440eed33Bf,0x940181a94A35A4569E4529A3CDfB74e38FD98631,18,8,8,24647722,7906,0.24647722,7.906e-05,24655628,1041226182681518,152325960582240896178736,152325.96058224092,9.838432722075877e-21,1498.6487150139592,0,1498.6487150139592,101.6422054456051,1785974400
CL-VCHF/USDC,0.0016311391534962808,0x44B7CbBb1E326617d439a2966C4475e78b9D42E6,0x38B25d8551c8f4Dd17557Bb319c9f8D9846C48Eb,0x1fcA74D9ef54a6AC80ffE7D3b14e76c4330Fd5D8,0x833589fCD6eDb6E08f4c7C32D4f71b54bdA02913,0x940181a94A35A4569E4529A3CDfB74e38FD98631,18,18,6,580835077657883,1,0.000580835077657883,1e-06,580835077657884,35020789669317,5116630526278724971256,5116.630526278725,0.0,0,0,0,nan,0
CL-VIRTUAL/MAMO,0.030259060125258648,0x4A021bA3ab1F0121e7DF76f345C547db86Cb3468,0xa1d2b60242f36Df5Ce0Bc09a7AC2DE0943F52059,0x0b3e328455c4059EEb9e3f84b5543F74E24e7E1b,0x7300B37DfdfAb110d83290A29DfB31B1740219fE,0x940181a94A35A4569E4529A3CDfB74e38FD98631,18,18,18,3500822987544185092,365354497668234604061,3.500822987544185,365.3544976682346,368855320655778789153,649666325504186,94917978273982240604275,94917.97827398224,0.0,0,0,0,nan,0
CL-USDC/VGBP,1.8129259500881693e-06,0x02bC3eA058FD3aA62C8aA19912F1D0908685E7e1,0xa4972a1Bb2Eb82a7aF5d11bcf559534567de4536,0x833589fCD6eDb6E08f4c7C32D4f71b54bdA02913,0xAEB4bb7DebD1E5e82266f7c3b5cFf56B3A7BF411,0x940181a94A35A4569E4529A3CDfB74e38FD98631,18,6,18,1,1,1e-06,1e-18,2,38923904575,5686867511101736952,5.686867511101737,0.0,0,0,0,nan,0
CL-VCHF/WETH,1.3294310499531708e-08,0x89AB78D42bA0D381fE3C02666aBB4276E21e5a13,0x18fb83982A84Cd4C75c59Fae8a342b8c1B58A132,0x1fcA74D9ef54a6AC80ffE7D3b14e76c4330Fd5D8,0x4200000000000000000000000000000000000006,0x940181a94A35A4569E4529A3CDfB74e38FD98631,18,18,18,1,1,1e-18,1e-18,2,285430737,41702190019735065,0.04170219001973506,0.0,0,0,0,nan,0
CL-WETH/VGBP,1.8129259501053903e-06,0xf935fa2e4ae1593953263f4C1674ea21dae64169,0x6936F0A25e723925C765EB1424cD5B3a7d0D7039,0x4200000000000000000000000000000000000006,0xAEB4bb7DebD1E5e82266f7c3b5cFf56B3A7BF411,0x940181a94A35A4569E4529A3CDfB74e38FD98631,18,18,18,1,1,1e-18,1e-18,2,38923904575,5686867511155755883,5.686867511155756,0.0,0,0,0,nan,0
CL-ZRO/ZEN,0.021690221693534278,0x82685574957fEf6ab359D8c1083401B492dCa0CF,0xAc7aa2b1eA5B8847FCa2A79D3DdC191aF96e4669,0x6985884C4392D348587B19cb9eAAf157F13271cd,0xf43eB8De897Fbc7F2502483B2Bef7Bb9EA179229,0x940181a94A35A4569E4529A3CDfB74e38FD98631,18,18,18,440977809849469960,105773073939577587,0.44097780984946994,0.10577307393957759,546750883789047547,465693685850780,68038861185452848731057,68038.86118545284,1.9775503494897554e-21,134.55027371617723,0,134.55027371617723,505.67612615174045,1785974400
CL-cbBTC/ZEN,0.4803362102025659,0x47f9e291bb766Fc307Ad7BBa4f29f3Eab6A97101,0xB6abC5598A53C8432F9C849528d9D30E30c205FA,0xcbB7C0000aB88B473b1f5aFd9ef808440eed33Bf,0xf43eB8De897Fbc7F2502483B2Bef7Bb9EA179229,0x940181a94A35A4569E4529A3CDfB74e38FD98631,18,8,18,53357,5127809671863179453,0.00053357,5.127809671863179,5127809671863232810,10325708430529794,1506740188739566783550419,1506740.1887395666,3.0177623245353382e-21,4546.983774441529,0,4546.983774441529,331.3713581317162,1785974400
CL-ZORA/WETH,0.53856083945518,0xAdB8Fb846DBD3Bd6A23335CEe65Bb610C1cf0ea3,0x6b82714e0e4964595A97fE2b1c3Ad03Dbb246fdF,0x1111111111166b7FE7bd91427724B487980aFc69,0x4200000000000000000000000000000000000006,0x940181a94A35A4569E4529A3CDfB74e38FD98631,18,18,18,5551841938862903076951,18054479108498525,5551.841938862903,0.018054479108498524,5551859993342011575476,11563016087361445,1689381819759593156310344,1689381.819759593,6.558282861877061e-21,11079.443835696022,0,11079.443835696022,152.47893710302512,1785974400
CL-WETH/ADM,0.0016579715818542018,0x304Bd2Fc8059CC38b09d6E9cdfE62A57A5f456bE,0xA5374a774f297310F5b7124b32836E2540675CB1,0x4200000000000000000000000000000000000006,0x55fF51DA774b8ce0ed1ABAeD1CB76236bc6b2f16,0x940181a94A35A4569E4529A3CDfB74e38FD98631,18,18,18,10767749759181576,24570620885277083281556,0.010767749759181575,24570.620885277083,24570631653026842463132,0,5200799692187131401304,5200.799692187132,0.0,0,0,0,nan,0
CL-WETH/AAA,1.6942397694573607e-05,0xeE43F28bf16AbaA17D5874e57B3A8FfdC99ECBBA,0xeC465874335285521e8A9D97959c8B799862f107,0x4200000000000000000000000000000000000006,0xaaa843fb2916c0B57454270418E121C626402AAa,0x940181a94A35A4569E4529A3CDfB74e38FD98631,18,18,18,1153805731473,411783237834989302,1.153805731473e-06,0.4117832378349893,411784391640720775,363756933715,53145673713120931695,53.14567371312093,3.335807569750113e-21,0.1772837406716984,0,0.1772837406716984,299.77748388972884,1785974400
CL-WETH/A0X,0.0012457447879953745,0x035D6b8ac7Fe438F8B3b52Eac81e346377f7509F,0x688da366bFe09A22f2AF5f54FC463c4E0c137a0f,0x4200000000000000000000000000000000000006,0x820C5F0fB255a1D18fd0eBB0F1CCefbC4D546dA7,0x940181a94A35A4569E4529A3CDfB74e38FD98631,18,18,18,1,1,1e-18,1e-18,2,26746409359698,3907708178390118668548,3907.708178390119,6.235470856893151e-21,24.36640046359461,0,24.36640046359461,160.3728127274504,1785974400
CL-TOWNS/USDC,0.0005992609500778598,0xF099ceFE04717710dd2EC40f2e0c9C06134F5Eb5,0x83e1dd4273a7eeC62982f4e5B9AE3452f8fCC6f5,0x00000000A22C618fd6b4D7E9A335C4B96B189a38,0x833589fCD6eDb6E08f4c7C32D4f71b54bdA02913,0x940181a94A35A4569E4529A3CDfB74e38FD98631,18,18,6,15535249968631464009,26484,15.535249968631463,0.026484,15535249968631490493,12866347006314,1879788651877370320410,1879.7886518773705,0.0,0,0,0,nan,0
CL-TOWNS/WETH,0.0003028912912809795,0xB98185D088C7F3B035cF1384EB9efF4312bf734d,0xf5C198ead622C29589E5d34936CFEa42869bc3aC,0x00000000A22C618fd6b4D7E9A335C4B96B189a38,0x4200000000000000000000000000000000000006,0x940181a94A35A4569E4529A3CDfB74e38FD98631,18,18,18,1084528986532508178010,2064596164802609,1084.5289865325083,0.002064596164802609,1084531051128672980619,0,950123000720290482911,950.1230007202905,0.0,0,0,0,nan,0
CL-WETH/ZXBT,5.281961276491256e-08,0x017FFF440a3Ad5Fa72EC1f1efA615B5892F9a72A,0xFc8AcA4F761832bd7aBB776931699433A80c561D,0x4200000000000000000000000000000000000006,0xE99D2F7988c5F2d013A34E7484f079cAB87f469F,0x940181a94A35A4569E4529A3CDfB74e38FD98631,18,18,18,62821993027831,2546318076470667109201,6.2821993027831e-05,2546.318076470667,2546318139292660137032,0,165686932644517170,0.16568693264451717,0.0,0,0,0,nan,0
CL-WETH/docker,2.9152476671033785e-05,0xC172acE2c8ed86acDFdd5723d0118f16C00117DD,0x655CB374D5d086916168aCF703B967e5064B94B0,0x4200000000000000000000000000000000000006,0x56f8AD6112C2DB9F9848243531B277cE1C3BE30c,0x940181a94A35A4569E4529A3CDfB74e38FD98631,18,18,18,118042901744361,7148696257070139093564,0.000118042901744361,7148.696257070139,7148696375113040837925,0,91446797614977345949,91.44679761497736,0.0,0,0,0,nan,0
CL-USDC/TOWER,0.0020244225603148606,0xd59858F403aB4246Db7a29Aedf0BfD7573d9B8E5,0x391b58a68728d6aF0f4B91cf6cf729eB87fD90f3,0x833589fCD6eDb6E08f4c7C32D4f71b54bdA02913,0xf7C1CEfCf7E1dd8161e00099facD3E1Db9e528ee,0x940181a94A35A4569E4529A3CDfB74e38FD98631,18,6,18,2215868,4661844755811411296771,2.215868,4661.844755811411,4661844755811413512639,752891035420,6350299573149181812617,6350.299573149182,0.0,0,0,0,nan,1785974400
CL-WETH/ORDER,0.010924416893788431,0x27bd426eC343845995c527d634c4E07f0608AaCd,0x6EA5161E3f223dE6ab0e079F0977AEf1056C4b3e,0x4200000000000000000000000000000000000006,0x4E200fE2f3eFb977d5fd9c430A41531FB04d97B8,0x940181a94A35A4569E4529A3CDfB74e38FD98631,18,18,18,126965177952092,4524197369269339467,0.000126965177952092,4.52419736926934,4524324334447291559,234553480448600,34268201361448313579378,34268.201361448315,0.0,0,0,0,nan,0
CL-WFRAX/WETH,0.0027911964802011914,0x2229B66a40Ece21d0B5d4e061CB35bc44CD623b5,0x03b16EcD57519243BA821196bfE019350C88835c,0x0CEAC003B0d2479BebeC9f4b2EBAd0a803759bbf,0x4200000000000000000000000000000000000006,0x940181a94A35A4569E4529A3CDfB74e38FD98631,18,18,18,721181413772263374,387092406125875,0.7211814137722634,0.000387092406125875,721568506178389249,59928185323804,8755550429175392510858,8755.550429175391,0.0,0,0,0,nan,0
CL-GAI/WETH,5.111097916134715e-07,0x3A4eA0342da8841843cFE05495DccB1D9A746Ef2,0x1BEF11019be0c39d5A7A8788E3ed6B99d68a0c79,0x3489256FEBdb1dc930Dc3743617AD387Cd6D3568,0x4200000000000000000000000000000000000006,0x940181a94A35A4569E4529A3CDfB74e38FD98631,18,18,18,20160681095121838014,34484039317777,20.160681095121838,3.4484039317777e-05,20160715579161155791,190085712,1603272140481672848,1.603272140481673,0.0,0,0,0,nan,1785974400
CL-WETH/PREDI,0.00027229680641524176,0x0c86A9584175ad79252316D46FB127002Ee9b3C6,0x16926Ce2985688C8A549c3F1EE346Fe65dFd223c,0x4200000000000000000000000000000000000006,0xaeA742f80922f7C94B8FD91686c9dFbDFE90d9E6,0x940181a94A35A4569E4529A3CDfB74e38FD98631,18,18,18,51508459067738,92642225594796519111,5.1508459067738e-05,92.64222559479651,92642277103255586849,0,854152847061562186227,854.1528470615622,0.0,0,0,0,nan,0
CL-USDC/DIEM,1.4150772604496553,0xBc3231036Ee1ECa03E5F67FEceDC640D21610823,0x2f63384822b36516aCd8A9C0645a01806B935c2d,0x833589fCD6eDb6E08f4c7C32D4f71b54bdA02913,0xF4d97F2da56e8c3098f3a8D538DB630A2606a024,0x940181a94A35A4569E4529A3CDfB74e38FD98631,18,6,18,20559325,33696725545050929,20.559325,0.03369672554505093,33696725565610254,30393827980950303,4438877880124459912848806,4438877.88012446,3.5386113196058083e-22,1570.746351295625,0,1570.746351295625,2825.967334867954,1785974400
CL-WETH/DIEM,1.8898143281253057e-09,0x9b5AFE0fea549Df6C1A56F3aee6426969B1ac323,0x968a4B8DEC71776009Ba68aD218D199c4649918c,0x4200000000000000000000000000000000000006,0xF4d97F2da56e8c3098f3a8D538DB630A2606a024,0x0000000000000000000000000000000000000000,18,18,18,0,0,0.0,0.0,0,0,5928054427213470,0.00592805442721347,0.0,0,0,0,nan,0
CL-WETH/LCAP,0.3034643433320773,0x3a88eF38879EFb900c2D7b6199d21C139cEf5Fa7,0x48C36c950A7471b82295E0901c465851A860d687,0x4200000000000000000000000000000000000006,0x4dA9A0f397dB1397902070f93a4D6ddBC0E0E6e8,0x940181a94A35A4569E4529A3CDfB74e38FD98631,18,18,18,3980062299957882,317961612554146629,0.003980062299957882,0.3179616125541466,321941674854104511,6516898005090761,951920576121204933176850,951920.5761212049,8.347649361623003e-22,794.6299189573976,0,794.6299189573976,1197.9420273656222,1785974400
CL-LCAP/uSOL,0.0011738741166597354,0xd52C89A57ACC47E300aC1468441b3495676280Ad,0x25610a80aB993311a8f597fECE6C8068b91c1EF1,0x4dA9A0f397dB1397902070f93a4D6ddBC0E0E6e8,0x9B8Df6E244526ab5F6e6400d331DB28C8fdDdb55,0x940181a94A35A4569E4529A3CDfB74e38FD98631,18,18,18,1,2176256802685889,1e-18,0.002176256802685889,2176256802685890,25204001859161,3682261029928351608794,3682.261029928352,0.0,0,0,0,nan,0
CL-USDC/VELVET,0.7116959404247434,0x6b0F53cbD9272D8117e9535FE25371dedF39a1bE,0xc632BA1757eb3245d8f81d0Ea2ED3DE456DFfB73,0x833589fCD6eDb6E08f4c7C32D4f71b54bdA02913,0xbF927b841994731C573BDF09ceB0c6B0Aa887cDd,0x940181a94A35A4569E4529A3CDfB74e38FD98631,18,6,18,21848217,43807479230328089339,21.848217,43.80747923032809,43807479230349937556,15280518994352877,2232479777338745550294381,2232479.7773387455,0.0,0,0,0,nan,0
CL-WETH/balajis,1.8677002522234382e-06,0x4A7118f40fCBBBeB2d5Ff3696eBc456Bb2B8326e,0x0b3e4c78EE4232d22d2CA56F62b9972796D73ed5,0x4200000000000000000000000000000000000006,0xcaf75598B8b9a6E645B60D882845d361F549f5EC,0x0000000000000000000000000000000000000000,18,18,18,0,0,0.0,0.0,0,0,5858686001118486320,5.858686001118486,0.0,0,0,0,nan,0
CL-WETH/VELVET,0.42337614493764186,0xF579B16f9b1A4aCc872D34a8141fbbD36C0ce10C,0xbaB42F222012FeA2D1BC17Ca9Db82031e84511D2,0x4200000000000000000000000000000000000006,0xbF927b841994731C573BDF09ceB0c6B0Aa887cDd,0x940181a94A35A4569E4529A3CDfB74e38FD98631,18,18,18,11403994510861429,31005760945502348508,0.011403994510861428,31.00576094550235,31017164940013209937,9090128040655341,1328065298808415676504664,1328065.2988084157,2.2966944761633607e-22,305.01602357575314,0,305.01602357575314,4354.083707600956,1785974400
CL-USDC/frxUSD,0.002807572626806407,0xD3d9f0f7D0d477e0A19222965B59233Ad7f6Bc6b,0x4A3Ee54B82c1aE22b81EEb95cA53f9F7234fEE5b,0x833589fCD6eDb6E08f4c7C32D4f71b54bdA02913,0xe5020A6d073a794B6E7f05678707dE47986Fb0b6,0x940181a94A35A4569E4529A3CDfB74e38FD98631,18,6,18,88944,273893834983656720,0.088944,0.2738938349836567,273893834983745664,60280190479008,8806919861049711786735,8806.919861049711,1.2236448565793502e-21,10.776542190280006,0,10.776542190280006,817.23058338631,1785974400
CL-FLOCK/USDC,0.1897135431229964,0xd7338B6F338DA54b922bbBC6fBE3EFEDD5Ce35fa,0xfC0d4756FaD40dB4B71225DeF4eEC42e9c9EF070,0x5aB3D4c385B400F3aBB49e80DE2fAF6a88A7B691,0x833589fCD6eDb6E08f4c7C32D4f71b54bdA02913,0x940181a94A35A4569E4529A3CDfB74e38FD98631,18,18,6,259798483992943648756,8112992,259.79848399294366,8.112992,259798483992951761748,4073258303885842,595101959211128766847132,595101.9592111288,2.5767981001783913e-21,1533.457597907675,0,1533.457597907675,388.07852269480105,1785974400
CL-WETH/USDC,0.006700502740062565,0xdbc6998296caA1652A810dc8D3BaF4A8294330f1,0x45C6e6A47a711B14D8357D5243F46704904578e3,0x4200000000000000000000000000000000000006,0x833589fCD6eDb6E08f4c7C32D4f71b54bdA02913,0x940181a94A35A4569E4529A3CDfB74e38FD98631,18,18,6,285167445646042565,657561701,0.28516744564604257,657.561701,285167446303604266,0,21018437812452728485361,21018.43781245273,0.0,0,0,0,nan,0
CL-WETH/MEM,0.00048221403501976884,0x531a13a588C4188FdAE818D56CB91ECC4F6BDeAF,0x5f57a113eD5529A14B08006Bf788c3fe0cBfBfA4,0x4200000000000000000000000000000000000006,0x7750741868Cc4A865d9c0f619e6E642FD61F642f,0x940181a94A35A4569E4529A3CDfB74e38FD98631,18,18,18,1,1,1e-18,1e-18,2,10353412389261,1512630633930652629501,1512.6306339306527,1.0294768100975194e-24,0.0015572181598747167,0,0.0015572181598747167,971367.1936964495,1785974400
CL-USDC/VNXAU,1.0510235944210719e-05,0xafF8b2C5EeECf3f19cf2066268a4B0B3d2F89E2D,0x9C6CbA0122111c5b2E7Cc4a273F97BF90FEFcf19,0x833589fCD6eDb6E08f4c7C32D4f71b54bdA02913,0xAc3FE22294beaED9d1FD752323a6d06D12Ff3098,0x940181a94A35A4569E4529A3CDfB74e38FD98631,18,6,18,34732,410379071341747,0.034732,0.000410379071341747,410379071376479,0,32968979964260959830,32.96897996426096,0.0,0,0,0,nan,0
CL-SYND/WETH,0.09686530930696123,0x50F8F7fFBD70c6C87b1668EEe4E03F5AC057DE3F,0xC2e94B700aDA596bF431Fc10558BA7Ab0c639914,0x11dC28D01984079b7efE7763b533e6ed9E3722B9,0x4200000000000000000000000000000000000006,0x940181a94A35A4569E4529A3CDfB74e38FD98631,18,18,18,1757160765785195456863,1480021531321500,1757.1607657851955,0.0014800215313215,1757162245806726778363,2082313182940377,303851450978341470302306,303851.45097834145,0.0,0,0,0,nan,0
CL-VVV/DIEM,0.001717947162362293,0x782D7C494d5DDC20c246a82aC8fe277e2728d002,0x8add35fF47e34f0A11b46Ea5B638389BF52b2f8E,0xacfE6019Ed1A7Dc6f7B508C02d1b04ec88cC21bf,0xF4d97F2da56e8c3098f3a8D538DB630A2606a024,0x940181a94A35A4569E4529A3CDfB74e38FD98631,18,18,18,10998304209397093375,86238453296189612,10.998304209397093,0.08623845329618961,11084542662693282987,0,5388933785713865568599,5388.933785713866,0.0,0,0,0,nan,0
CL-USDC/AERO,0.5068714496939837,0xCCd9cC53b63662088c738B8BC06E9078Fb8D9ad4,0x491300eC768Cf28B13A8d3BbFd87713dD728b0AD,0x833589fCD6eDb6E08f4c7C32D4f71b54bdA02913,0x940181a94A35A4569E4529A3CDfB74e38FD98631,0x940181a94A35A4569E4529A3CDfB74e38FD98631,18,6,18,18129780,45714795848730872356,18.12978,45.71479584873087,45714795848749002136,10883832465199020,1589977119269304196841172,1589977.1192693042,1.1183961559226898e-21,1778.224298195822,0,1778.224298195822,894.1375510853651,1785974400
CL-BIO/VITA,0.002343103290981392,0x5bd27255061a0e8BCE2fC32BBB50D3be4e0B28BD,0xdC2FF82fB3C5184C61b034505FC8ecd51df5f482,0x226A2FA2556C48245E57cd1cbA4C6c9e67077DD2,0x490a4B510d0Ea9f835D2dF29Eb73b4FcA5071937,0x940181a94A35A4569E4529A3CDfB74e38FD98631,18,18,18,1,1,1e-18,1e-18,2,50307940310679,7349951596197073659392,7349.951596197074,1.9408757992322346e-21,14.265343178587234,0,14.265343178587234,515.2313200028445,1785974400
CL-LCAP/USDC,0.09449609711639323,0xC8C15670050541255f9b797C008047682524861F,0xa45562bbD6Cfb11fCfbb96c038001D6FC8b43990,0x4dA9A0f397dB1397902070f93a4D6ddBC0E0E6e8,0x833589fCD6eDb6E08f4c7C32D4f71b54bdA02913,0x940181a94A35A4569E4529A3CDfB74e38FD98631,18,18,6,753185796878080219,357242,0.7531857968780802,0.357242,753185796878437461,2028905865546573,296419599813768469848600,296419.59981376847,8.400524093069161e-22,249.0079989893481,0,249.0079989893481,1190.4019188815237,1785974400
CL-SYND/USDC,0.016969397379339515,0x9dCBB8258e0015d6cB81061b3F5c47D5C5D6188f,0x46060dDAD805A2783DFf4A536AA774Da5A3Eac89,0x11dC28D01984079b7efE7763b533e6ed9E3722B9,0x833589fCD6eDb6E08f4c7C32D4f71b54bdA02913,0x940181a94A35A4569E4529A3CDfB74e38FD98631,18,18,6,107377762908286782294,349980,107.37776290828678,0.34998,107377762908287132274,364343958593419,53230367536438843453132,53230.36753643884,1.8291639822004906e-20,973.6707105694818,0,973.6707105694818,54.66978410524991,1785974400
CL-WETH/WCT,0.007067815294955806,0xEBd2eeaB20CeFa41C94343F506ac506bfc3F681e,0xC5135Bcc045dc47Fc2a79483E3aD8E7B9C6512EF,0x4200000000000000000000000000000000000006,0xeF4461891DfB3AC8572cCf7C794664A8DD927945,0x940181a94A35A4569E4529A3CDfB74e38FD98631,18,18,18,82344649376084,1021563993235188597,8.2344649376084e-05,1.0215639932351885,1021646337884564681,151751578595598,22170640325048766534125,22170.640325048767,0.0,0,0,0,nan,0
CL-XSGD/USDC,0.03866572731473542,0x892A6AB3fa0f1F839fCb0Ae264a8c4bbfb030725,0x131B41209b9777d12641Da25357425021Ba55304,0x0A4C9cb2778aB3302996A34BeFCF9a8Bc288C33b,0x833589fCD6eDb6E08f4c7C32D4f71b54bdA02913,0x940181a94A35A4569E4529A3CDfB74e38FD98631,18,6,6,1171560,1107616,1.17156,1.107616,2279176,830189159763513,121288389329191271233633,121288.38932919128,2.071546567933023e-21,251.25454664501046,0,251.25454664501046,482.7311224761866,1785974400
CL-WETH/TAIRO,6.738511370963934e-10,0x214c7b09E2b3B50B2573ecA53d897d4F89c9b2a2,0xAB9cB3563051Da11FaD8322fb5EfAB78B818ff43,0x4200000000000000000000000000000000000006,0x9d5C1C400DC828a3409F9C209B83fF51A65d2A0E,0x940181a94A35A4569E4529A3CDfB74e38FD98631,18,18,18,14520055873626,181240196005962542182,1.4520055873626e-05,181.24019600596253,181240210526018415808,0,2113766499225229,0.002113766499225229,0.0,0,0,0,nan,0
CL-WETH/APU,0.009731191480389563,0x7f94857597C318056d0313CE32a6e154298c1a8e,0xdA6d1A0ec6A40B1F97b901d99c9CeBe8553F90F9,0x4200000000000000000000000000000000000006,0xB9926b3fBc5873Db0182016D55727D5ae89E5EFd,0x940181a94A35A4569E4529A3CDfB74e38FD98631,18,18,18,1,1,1e-18,1e-18,2,208936369604771,30525238315136934112904,30525.238315136936,0.0,0,0,0,nan,0
CL-USDC/VFY,0.0027402346494710965,0xF81d3c731b3AC5a4DFC968f514860beDEEbeBAf2,0xC2607b22f95D6030B9560C872661509D928c2e45,0x833589fCD6eDb6E08f4c7C32D4f71b54bdA02913,0xa749dE6c28262B7ffbc5De27dC845DD7eCD2b358,0x940181a94A35A4569E4529A3CDfB74e38FD98631,18,6,18,2731,314849994908741495,0.002731,0.3148499949087415,314849994908744226,58835002957188,8595691070622359238849,8595.691070622359,0.0,0,0,0,nan,0
CL-VFY/ZEN,0.09748022368904116,0x700d91F1C3C5e430eA776245e741B84402e8de2E,0x30765db9bc45c107eb37B999Ea9C34684b88f938,0xa749dE6c28262B7ffbc5De27dC845DD7eCD2b358,0xf43eB8De897Fbc7F2502483B2Bef7Bb9EA179229,0x940181a94A35A4569E4529A3CDfB74e38FD98631,18,18,18,139084745553184181479,26303003988606080,139.08474555318418,0.02630300398860608,139111048557172787559,2092977420791032,305780342018479883887335,305780.3420184799,1.1366096167714402e-21,347.5528773578643,0,347.5528773578643,879.8095539966641,1785974400
CL-WETH/MIRA,1.7191045235679607e-07,0xe85590601af19C9eFbB96B24C7c1aC33F56B758C,0xf4eC5D03C52aC2b64770463BAd65F6212E641642,0x4200000000000000000000000000000000000006,0x7AaFD31a321d3627b30A8e2171264B56852187fe,0x940181a94A35A4569E4529A3CDfB74e38FD98631,18,18,18,83725866392719,1843321293403069637,8.3725866392719e-05,1.8433212934030696,1843405019269462356,0,539256424830325041,0.5392564248303251,0.0,0,0,0,nan,0
CL-WETH/PHI,0.0002447838645123777,0xaC858B9d917442411A5c9fc1d02ce05BA96EAe5C,0xe03a45dD0909E1bb7545c6475186E8AE2604f0a8,0x4200000000000000000000000000000000000006,0xFb3aD5550ca5730A6F91350032c4Da1eFdfDE3E8,0x940181a94A35A4569E4529A3CDfB74e38FD98631,18,18,18,4451479287287581,107731937671338593770411,0.004451479287287581,107731.9376713386,107731942122817881057992,91039739498,767849015713890123906,767.8490157138901,0.0,0,0,0,nan,1785974400
CL-KRWQ/USDC,0.011452115090336185,0xb0b3303ed186C01cDc4456E45d17A622E3860c64,0x7ae924c53701EB53E89E57e28daFeb4182B72F34,0x370923D39f139C64813f173a1bf0b4f9Ba36a24f,0x833589fCD6eDb6E08f4c7C32D4f71b54bdA02913,0x940181a94A35A4569E4529A3CDfB74e38FD98631,18,18,6,196970856048491944893,132979,196.97085604849195,0.132979,196970856048492077872,245890839634988,35923508755260208459271,35923.508755260205,2.572006770304783e-22,9.239550773163241,0,9.239550773163241,3888.0146488941773,1785974400
CL-RECALL/USDC,0.022467912993857364,0x5e3791F68EbCEAC82788f3becAb154C15141A2f4,0x40F207AE22ECd68149f05a7eFef6feC091E32177,0x1f16e03C1a5908818F47f6EE7bB16690b40D0671,0x833589fCD6eDb6E08f4c7C32D4f71b54bdA02913,0x940181a94A35A4569E4529A3CDfB74e38FD98631,18,18,6,370570305136649700106,19596671,370.5703051366497,19.596671,370570305136669296777,0,70478358170566185679460,70478.35817056619,0.0,0,0,0,nan,0
CL-BIO/USDC,0.3155624442538624,0xd40BffA9C9E35493B88a2b6744C49D8716b00898,0x134cE8d4299dF4B6b4938754a1D13a3aD2c24D54,0x226A2FA2556C48245E57cd1cbA4C6c9e67077DD2,0x833589fCD6eDb6E08f4c7C32D4f71b54bdA02913,0x940181a94A35A4569E4529A3CDfB74e38FD98631,18,18,6,887159118572184642516,18424313,887.1591185721846,18.424313,887159118572203066829,6784550960282176,989870442233929484624944,989870.4422339295,1.7236804513623386e-21,1706.2203306600172,0,1706.2203306600172,580.1539370070792,1785974400
CL-USDC/TITN,0.001463651747849679,0x611865e603862a3D1cd29146458564a684e1cBbb,0xf852a8F5BF12A588f1c4605E62D324a831D76854,0x833589fCD6eDb6E08f4c7C32D4f71b54bdA02913,0xe62bfbE57763ec24c0F130426F34DbCe11Fc5B06,0x940181a94A35A4569E4529A3CDfB74e38FD98631,18,6,18,2081,1334488834430695032,0.002081,1.334488834430695,1334488834430697113,31426277430829,4591248512940532543191,4591.248512940532,0.0,0,0,0,nan,0
CL-WETH/COMMON,0.18095956726589202,0x45dF01EFA0dE71725d4d8fC1165b102bC2E989Fb,0xB716cB1E4c8b6c1Dc78C9E72ea47D99562e52657,0x4200000000000000000000000000000000000006,0x4c87da04887a1F9F21F777E3A8dD55C3C9f84701,0x940181a94A35A4569E4529A3CDfB74e38FD98631,18,18,18,4401551105383937,135055668574495609543500,0.004401551105383937,135055.66857449562,135055672976046714927437,3887941269583856,567642094734968049218445,567642.094734968,2.2444156565473508e-20,12740.248047384968,0,12740.248047384968,44.55502692127575,1785974400
CL-WETH/TITN,6.482861973686931e-05,0xfe2313df3e27aD2608B16230695d835E18d409f4,0x52bf08d71F69282e729A16d14a4503c6957B7De4,0x4200000000000000000000000000000000000006,0xe62bfbE57763ec24c0F130426F34DbCe11Fc5B06,0x940181a94A35A4569E4529A3CDfB74e38FD98631,18,18,18,1,1,1e-18,1e-18,2,1391944629110,203357324855568977023,203.357324855569,2.4009262983808658e-20,4.882459492141165,0,4.882459492141165,41.65059130196454,1785974400
CL-USDC/CHECK,0.0028609129596544017,0xf0125d06B76CEbC2Ab3831A938E07Ab6988B00c9,0xd54F8A71BFE766963EE3c8d3C76bCe35C64A5f6B,0x833589fCD6eDb6E08f4c7C32D4f71b54bdA02913,0x9126236476eFBA9Ad8aB77855c60eB5BF37586Eb,0x940181a94A35A4569E4529A3CDfB74e38FD98631,18,6,18,149500113,3168434965279659863896,149.500113,3168.43496527966,3168434965279809364009,0,8974240211828441224163,8974.24021182844,0.0,0,0,0,nan,0
CL-WETH/SAND,0.08010651640994215,0xA69CDf524D072c366FD050957880552916D29405,0xC77386D4B892e6E4D36d43d6A59EEaCA770E4295,0x4200000000000000000000000000000000000006,0xac531Eb26Ca1d21b85126De8FB87E80E09002DcF,0x940181a94A35A4569E4529A3CDfB74e38FD98631,18,18,18,5330477100208579,360706180405023111708,0.005330477100208579,360.70618040502313,360711510882123320287,1719995815347325,251281717037081845943299,251281.71703708183,0.0,0,0,0,nan,0
CL-USDC/cbBTC,3.0512872432591746e-08,0x4F5905e36ac07eE1F01ffB939aA7f212A58D5CDF,0xfd548a1C01f1547b305313e4D42BD9C714EFdF6a,0x833589fCD6eDb6E08f4c7C32D4f71b54bdA02913,0xcbB7C0000aB88B473b1f5aFd9ef808440eed33Bf,0x940181a94A35A4569E4529A3CDfB74e38FD98631,18,6,8,365263641,562477,365.263641,0.00562477,365826118,0,95714148114465879,0.09571414811446587,0.0,0,0,0,nan,0
CL-CHECK/TOWER,0.006567207964669783,0xB5a64B150730b6c475CDC9C40632CE1D1ebf3ceC,0x58700106298036e6D74A3deb237B9ADAe17D2FAe,0x9126236476eFBA9Ad8aB77855c60eB5BF37586Eb,0xf7C1CEfCf7E1dd8161e00099facD3E1Db9e528ee,0x940181a94A35A4569E4529A3CDfB74e38FD98631,18,18,18,1,2009093760360037597601,1e-18,2009.0937603600375,2009093760360037597602,141008282787167,20600312776764453307060,20600.31277676445,0.0,0,0,0,nan,0
CL-WETH/ROOM,2.230601264839784e-06,0x827F373b058CcfDa902E0Fbd11702d56e92784DD,0xb7A4B01d15981Dc4a641303c87BFBC2c9662517E,0x4200000000000000000000000000000000000006,0x6555255b8dEd3c538Cb398d9E36769f45D7d3ea7,0x940181a94A35A4569E4529A3CDfB74e38FD98631,18,18,18,11629581314451,711909773617499351863,1.1629581314451e-05,711.9097736174994,711909785247080666314,0,6997050189845250029,6.99705018984525,0.0,0,0,0,nan,1785974400
CL-msUSD/USDC,0.030614754740236925,0x054B67943BA17b2cD8C420544C88BdE71a81Ef9f,0xA0B1Db34fa530B9A001965C8A212c1a54Dab8510,0x526728DBc96689597F85ae4cd716d4f7fCcBAE9d,0x833589fCD6eDb6E08f4c7C32D4f71b54bdA02913,0x940181a94A35A4569E4529A3CDfB74e38FD98631,18,18,6,227356258332957260,183980,0.22735625833295725,0.18398,227356258333141240,657329496031554,96033737111068453422541,96033.73711106845,0.0,0,0,0,nan,0
CL-WETH/PING,0.011046591065711578,0x5D28f920C9d23100E4A38b2bA2D8aE617c3b2615,0xcc049DFa700197b49db9E8BeC3Af462d22b68621,0x4200000000000000000000000000000000000006,0xd85c31854c2B0Fb40aaA9E2Fc4Da23C21f829d46,0x940181a94A35A4569E4529A3CDfB74e38FD98631,18,18,18,687580930944853,627968922945593169141,0.000687580930944853,627.9689229455931,627969610526524113994,237182947382120,34651442788916277126744,34651.442788916276,0.0,0,0,0,nan,0
CL-ICP/WETH,0.14483889308267525,0xBe762d548f8CA86A78E9Da6e3DdC87F91457e398,0x7140E2eE393c885FDa93A4a6b0a05564c6AdEdFc,0x00f3C42833C3170159af4E92dbb451Fb3F708917,0x4200000000000000000000000000000000000006,0x940181a94A35A4569E4529A3CDfB74e38FD98631,18,8,18,353166789,4219067962725596,3.53166789,0.004219067962725596,4219068315892385,3109887948776426,454337142328259664904702,454337.14232825965,0.0,0,0,0,nan,0
CL-USDC/CHECK,1.6706626408316345,0x5a7B4970B2610aEe4776A6944d9F2171EE6060B0,0xeCCE253d45D14A8D8cdf230AD6DE75d7dA2E2151,0x833589fCD6eDb6E08f4c7C32D4f71b54bdA02913,0x9126236476eFBA9Ad8aB77855c60eB5BF37586Eb,0x940181a94A35A4569E4529A3CDfB74e38FD98631,18,6,18,18658973,782325554337239654329,18.658973,782.3255543372396,782325554337258313302,35871158843622659,5240609575749517135434845,5240609.575749517,0.0,0,0,0,nan,0
CL-USDC/TOWER,0.12055122611389951,0xD4dC229A997a73E86c13e3ce8019be02cD4827a6,0xF8b0f41537A00E0BDa5aB5733568F248157aFf74,0x833589fCD6eDb6E08f4c7C32D4f71b54bdA02913,0xf7C1CEfCf7E1dd8161e00099facD3E1Db9e528ee,0x940181a94A35A4569E4529A3CDfB74e38FD98631,18,6,18,510944,3075480255541110628859,0.510944,3075.4802555411106,3075480255541111139803,2588381593718178,378150498191761874535404,378150.49819176184,0.0,0,0,0,nan,0
CL-USDC/EDEL,0.0004568082823303178,0xe2B182796518E76845f46ccDC522495D81630d14,0x5b29c69383f3E4D274511Df97486207315Eade6d,0x833589fCD6eDb6E08f4c7C32D4f71b54bdA02913,0xFb31f85A8367210B2e4Ed2360D2dA9Dc2D2Ccc95,0x940181a94A35A4569E4529A3CDfB74e38FD98631,18,6,18,6633,944518302154259539,0.006633,0.9445183021542596,944518302154266172,9808293745290,1432936728309357009569,1432.936728309357,6.2162830561700724e-21,8.907540304753235,0,8.907540304753235,160.8678354836873,1785974400
CL-WETH/jesse,0.013628547311419863,0x4e40ff3Be6bdA5b131c91520Fa73515076eEE098,0x474716f0164cbe5d2F55336492C51FE0bF04373E,0x4200000000000000000000000000000000000006,0x50F88fe97f72CD3E75b9Eb4f747F59BcEBA80d59,0x940181a94A35A4569E4529A3CDfB74e38FD98631,18,18,18,117620593768107,1239765560781442887962,0.000117620593768107,1239.765560781443,1239765678402036656069,292623405753713,42750639056745389001873,42750.63905674539,0.0,0,0,0,nan,0
CL-sUSDai/USDC,1.1539007182637698e-05,0xEd7b8e8D89Bb5061E5B8eC1fC8E31cdb36B7CAFE,0xB5DBc58d852A10fA344e24A5Cb87C9C5732F55A6,0x0B2b2B2076d95dda7817e785989fE353fe955ef9,0x833589fCD6eDb6E08f4c7C32D4f71b54bdA02913,0x940181a94A35A4569E4529A3CDfB74e38FD98631,18,18,6,1,1,1e-18,1e-06,2,247760630795,36196075771390731501,36.19607577139073,0.0,0,0,0,nan,0
CL-USDai/USDC,2.1613628834899454e-06,0x2595b1BD2944D213360e73c928c5d1636cCC2d99,0xDe7bDBb10EAE1546D88d506C9250F57D14B3A221,0x0A1a1A107E45b7Ced86833863f482BC5f4ed82EF,0x833589fCD6eDb6E08f4c7C32D4f71b54bdA02913,0x940181a94A35A4569E4529A3CDfB74e38FD98631,18,18,6,201016772177,1,2.01016772177e-07,1e-06,201016772178,46408169841,6779860126786956096,6.779860126786956,0.0,0,0,0,nan,0
CL-WETH/REI,0.024157037538241406,0x34E3334E845d101205394e0Bd8821fDdc7Cd5559,0x7A01529B70dD997d7723D4AA2EeC0CC301E0E6CF,0x4200000000000000000000000000000000000006,0x6B2504A03ca4D43d0D73776F6aD46dAb2F2a4cFD,0x940181a94A35A4569E4529A3CDfB74e38FD98631,18,18,18,652350102779349071,50779056886370838735883,0.652350102779349,50779.05688637084,50779709236473618084954,0,75776879874221510718173,75776.87987422151,0.0,0,0,0,nan,0
CL-BITCOIN/APU,0.0028675700762027896,0x3d6a88675979AB63fe60beDd62550A5cF7387f39,0xB93E0F044FBFc816dF3c26620021Eb64Fea735b3,0x2a06A17CBC6d0032Cac2c6696DA90f29D39a1a29,0xB9926b3fBc5873Db0182016D55727D5ae89E5EFd,0x940181a94A35A4569E4529A3CDfB74e38FD98631,18,8,18,1288154859,1,12.88154859,1e-18,1288154860,61571646534387,8995122553887035668893,8995.122553887035,0.0,0,0,0,nan,0
CL-USDC/cbBTC,0.003135790096813173,0x95DaDA6BC214A86Af204250F7b6FF873b52e0289,0x989612FdbEFb492dAf3E56406838D17c61B0ed2C,0x833589fCD6eDb6E08f4c7C32D4f71b54bdA02913,0xcbB7C0000aB88B473b1f5aFd9ef808440eed33Bf,0x940181a94A35A4569E4529A3CDfB74e38FD98631,18,6,8,224534,526,0.224534,5.26e-06,225060,67329676611137,9836487156209621395524,9836.487156209621,1.3793968095037333e-21,13.568419,0,13.568419,724.9545548534152,1785974400
CL-WETH/REPPO,0.742177868515645,0x71FE33676773DF7Cf9Ce14f640caE06823F083cC,0x456979e89917F4dC1E86662fcDFD4c9766c6684d,0x4200000000000000000000000000000000000006,0xFf8104251E7761163faC3211eF5583FB3F8583d6,0x940181a94A35A4569E4529A3CDfB74e38FD98631,18,18,18,17916321742048976,4432004878795103523415,0.017916321742048977,4432.004878795104,4432022795116845572391,15956133685189015,2328096857852959360944200,2328096.857852959,0.0,0,0,0,nan,0
CL-SOL/USDC,0.00152977299003947,0xb30540172F1B37d1eE1d109e49F883E935E69219,0xC6e211fF1D04A1728ab011406AD42EF529Cb3886,0x311935Cd80B76769bF2ecC9D8Ab7635b2139cf82,0x833589fCD6eDb6E08f4c7C32D4f71b54bdA02913,0x940181a94A35A4569E4529A3CDfB74e38FD98631,18,9,6,4231965389,379000719,4.231965389,379.000719,4610966108,0,4798660593938394636890,4798.660593938394,0.0,0,0,0,nan,0
CL-SOL/cbBTC,0.04563337273036548,0xa25773F75d7190E130D501509D22592151dB3915,0xAB69fc62A7F435cD87b84DEe6ed545145E63770f,0x311935Cd80B76769bF2ecC9D8Ab7635b2139cf82,0xcbB7C0000aB88B473b1f5aFd9ef808440eed33Bf,0x940181a94A35A4569E4529A3CDfB74e38FD98631,18,9,8,4530598782,539686,4.530598782,0.00539686,4531138468,0,143144812279668910025729,143144.8122796689,0.0,0,0,0,nan,0
CL-USDC/DeprecatedDGLD,1.290724194573796e-05,0x9E2E1D6118971698D410DB64ed20209946Dd5b2F,0xFc836EfAE8359a946393c95E4c07F8D81Ea906De,0x833589fCD6eDb6E08f4c7C32D4f71b54bdA02913,0xd02f50E1017F493ffFFa70c8fCf09e349e11d6c9,0x940181a94A35A4569E4529A3CDfB74e38FD98631,18,6,18,111348612,211018500469197886348,111.348612,211.01850046919787,211018500469309234960,0,40488016002847199475,40.4880160028472,0.0,0,0,0,nan,0
CL-MYRC/USDC,0.00034084172757273945,0x8d15046288Df104C9757a18fABaf587a88209D48,0x81Fbc2c15CaAf32CD5fdc0427cBA2817d7629238,0x3eD03E95DD894235090B3d4A49E0C3239EDcE59e,0x833589fCD6eDb6E08f4c7C32D4f71b54bdA02913,0x940181a94A35A4569E4529A3CDfB74e38FD98631,18,18,6,1307808748529468,1,0.001307808748529468,1e-06,1307808748529469,7318383278781,1069167633055797557113,1069.1676330557975,0.0,0,0,0,nan,0
CL-RAVE/USDC,1.0863663234585923,0x51663B8A28E7Ea197c5CcF983AfC084Da0a8023D,0x8eF58803e5522986Be1896c1Ea024553A50e0940,0x1aA8fD5BCce2231C6100d55Bf8B377cff33Acfc3,0x833589fCD6eDb6E08f4c7C32D4f71b54bdA02913,0x940181a94A35A4569E4529A3CDfB74e38FD98631,18,18,6,231119491884459828283,71952665,231.11949188445982,71.952665,231119491884531780948,23341339449696379,3407762655574127663013548,3407762.6555741276,0.0,0,0,0,nan,0
CL-USDC/cbBTC,0.8001405731798363,0xFCda5ab6BBC1fe5B8e1a185e86bb5f24b12e2278,0xB705606141ECa43b4192C8D8D2211CD19eA4d381,0x833589fCD6eDb6E08f4c7C32D4f71b54bdA02913,0xcbB7C0000aB88B473b1f5aFd9ef808440eed33Bf,0x940181a94A35A4569E4529A3CDfB74e38FD98631,18,6,8,33251305,31950,33.251305,0.0003195,33283255,17184055106337846,2509916872064981156912029,2509916.872064981,0.0,0,0,0,nan,0
CL-THQ/USDC,0.4720840180222669,0x00D43aad1B34E7bA8D037E060517F7b5318c0B83,0x6CC472a3E4E23f4e7B3188E424Fb40F7BFAd8A77,0x0b2558bdBC7FFEC0f327fB3579c23daBD1699706,0x833589fCD6eDb6E08f4c7C32D4f71b54bdA02913,0x940181a94A35A4569E4529A3CDfB74e38FD98631,18,18,6,606565699686257865834,5611025,606.5656996862579,5.611025,606565699686263476859,10138257610872422,1480854341828263999396390,1480854.341828264,0.0,0,0,0,nan,0
CL-AERO/DIEM,0.00018689496471046074,0xD1edC6961222bf35AFAC0989Ce602212f28464F6,0x289541d6ce255535A859C96B022d78C0cd80D545,0x940181a94A35A4569E4529A3CDfB74e38FD98631,0xF4d97F2da56e8c3098f3a8D538DB630A2606a024,0x940181a94A35A4569E4529A3CDfB74e38FD98631,18,18,18,6359680558267614,2465324760268,0.006359680558267614,2.465324760268e-06,6362145883027882,4012955359559,586260515907301471161,586.2605159073015,2.9090774437718373e-22,0.17054772429999712,0,0.17054772429999712,3437.5159112416923,1785974400
CL-MOCA/CHECK,0.0014260069184790973,0xD4E145Efdbbbb97CE8C23d4C0Fd59C902Bc34dFa,0x181aBe1152ECC190889DD4A25991c0D214AC9695,0x2B11834Ed1FeAEd4b4b3a86A6F571315E25A884D,0x9126236476eFBA9Ad8aB77855c60eB5BF37586Eb,0x940181a94A35A4569E4529A3CDfB74e38FD98631,18,18,18,2153791022451368971,147823108266621382,2.1537910224513688,0.14782310826662137,2301614130717990353,30618813701825,4473162522115525355173,4473.1625221155255,0.0,0,0,0,nan,0
CL-SUMR/USDC,0.013418360942033065,0x8fEbF59b6725c4729466b0279cb28080Ac5d1161,0xC7fCaC7ea12c31a43F060E27d7cf7273EFBCcd01,0x194f360D130F2393a5E9F3117A6a1B78aBEa1624,0x833589fCD6eDb6E08f4c7C32D4f71b54bdA02913,0x940181a94A35A4569E4529A3CDfB74e38FD98631,18,18,6,1,1,1e-18,1e-06,2,288116170905166,42091317016987467380755,42091.317016987465,0.0,0,0,0,nan,0
CL-FUN/USDC,0.28478409487194395,0x659bE70647B0f63217D60e077F4417b1eCC65064,0x72cD715cd1Df473115881B6a2bcEC16630AAf2A1,0x16EE7ecAc70d1028E7712751E2Ee6BA808a7dd92,0x833589fCD6eDb6E08f4c7C32D4f71b54bdA02913,0x940181a94A35A4569E4529A3CDfB74e38FD98631,18,18,6,556838226210076991568,15135172,556.838226210077,15.135172,556838226210092126740,6125053852821384,893323534106293304127216,893323.5341062932,0.0,0,0,0,nan,0
CL-USDC/CLAWD,0.028713178722848908,0x4c76Ef610b9F6FEeB3Ca70951BeF09ED31e7f6d0,0x7762C1810f3E249c83130093442eD24cEe6Dd61f,0x833589fCD6eDb6E08f4c7C32D4f71b54bdA02913,0x9f86dB9fc6f7c9408e8Fda3Ff8ce4e78ac7a6b07,0x940181a94A35A4569E4529A3CDfB74e38FD98631,18,6,18,144913,350652371842069539809697,0.144913,350652.37184206955,350652371842069539954610,616527335479741,90068788088937557223747,90068.78808893755,4.091449447308635e-21,368.51189324624215,0,368.51189324624215,244.41216074606572,1785974400
CL-CHECK/SAND,0.008837164340251778,0x3f985184335BD9e0A4774C79668Ce57EE2AaCFe2,0xfab8FcF5137630d186bC29A3f985661A152d1263,0x9126236476eFBA9Ad8aB77855c60eB5BF37586Eb,0xac531Eb26Ca1d21b85126De8FB87E80E09002DcF,0x940181a94A35A4569E4529A3CDfB74e38FD98631,18,18,18,443797777938811829,1299714051704160237,0.4437977779388118,1.2997140517041603,1743511829642972066,189750965453239,27720813844823904525550,27720.813844823904,7.586010612611266e-22,21.029038801705546,0,21.029038801705546,1318.215925426683,1785974400
CL-WETH/MOLT,2.7116779663978413e-06,0x85Fb468A5E65a537C5Ac767776599708a3D41046,0x83c20bA54325741fE1D84632E423D187C8b4f3c2,0x4200000000000000000000000000000000000006,0xB695559b26BB2c9703ef1935c37AeaE9526bab07,0x940181a94A35A4569E4529A3CDfB74e38FD98631,18,18,18,62486696001662,39024949585898238363538,6.2486696001662e-05,39024.94958589824,39024949648384934365200,84912020850234,8506113185112901359,8.506113185112902,0.0,0,0,0,nan,0
CL-UP/cbBTC,0.03996639852989055,0x1E726F3177a933cc134Fd0ea7C326EAb270E0137,0x46ded54E6C6B8bDdcc4F034f670Efc284A1B490B,0x5b2193fDc451C1f847bE09CA9d13A4Bf60f8c86B,0xcbB7C0000aB88B473b1f5aFd9ef808440eed33Bf,0x0000000000000000000000000000000000000000,18,18,8,0,0,0.0,0.0,0,0,125368393190204555556324,125368.39319020456,0.0,0,0,0,nan,0
CL-USDC/RNBW,0.03585797294630684,0x4bf85cA48a620BAf9DDE3b6A7A6d88b219827caA,0x0099140A97ACc1cc831ECB39Ab5FD60FC9F6BB64,0x833589fCD6eDb6E08f4c7C32D4f71b54bdA02913,0xa53887F7e7c1bf5010b8627F1C1ba94fE7a5d6E0,0x940181a94A35A4569E4529A3CDfB74e38FD98631,18,6,18,61030,20526933921104924350,0.06103,20.526933921104924,20526933921104985380,769939849909370,112480899372861871731801,112480.89937286187,1.8018059716180255e-21,202.66875618298872,0,202.66875618298872,554.9987155953302,1785974400
CL-msUSD/msETH,0.00016766127104965195,0x8845126640B36df1D24bf3dF9B2903fD4c730FE6,0x019a8a996B6cb2e2e12fe95997FA9ef733c99765,0x526728DBc96689597F85ae4cd716d4f7fCcBAE9d,0x7Ba6F01772924a82D9626c126347A28299E98c98,0x940181a94A35A4569E4529A3CDfB74e38FD98631,18,18,18,424141356204663568056,289503111751911222,424.14135620466357,0.28950311175191124,424430859316415479278,0,525927402140124503311,525.9274021401245,0.0,0,0,0,nan,0
CL-wtCOIN/USDC,0.020824051327803284,0x4618dFcbC52d9fbCd45Ec4A65fc61B5DA57Ad205,0x9a48ed41616C312C9Dd5D221B06828C21f8CD207,0x5cDa0E1CA4ce2af96315f7F8963C85399c172204,0x833589fCD6eDb6E08f4c7C32D4f71b54bdA02913,0x940181a94A35A4569E4529A3CDfB74e38FD98631,18,18,6,106332838559193,353740,0.000106332838559193,0.35374,106332838912933,447136989643567,65321819095722079163550,65321.81909572208,2.270336529856674e-21,148.30251208970708,0,148.30251208970708,440.4633352145067,1785974400
CL-KellyClaude/USDC,0.03803091943558375,0xCBBA009BDe5731E68C97707e6B6edBfAb9926CF9,0x8612abc6Bf9735f192cd7E4005b8494DFe3d773d,0x50D2280441372486BeecdD328c1854743EBaCb07,0x833589fCD6eDb6E08f4c7C32D4f71b54bdA02913,0x940181a94A35A4569E4529A3CDfB74e38FD98631,18,18,6,42829833106169251180765,32464,42829.83310616925,0.032464,42829833106169251213229,816599951002785,119297095474324519904585,119297.09547432452,0.0,0,0,0,nan,0
CL-USDC/FELIX,0.000355233727782809,0x1F9bA3e5Ebcd2f4CA3cDEffa5eCdF1c03cf1865d,0xBc24a215368B5e2a3baad4904d6C810148D2b258,0x833589fCD6eDb6E08f4c7C32D4f71b54bdA02913,0xf30Bf00edd0C22db54C9274B90D2A4C21FC09b07,0x940181a94A35A4569E4529A3CDfB74e38FD98631,18,6,18,1,9144502502434037441030,1e-06,9144.502502434038,9144502502434037441031,7627579497213,1114313105440057572200,1114.3131054400576,0.0,0,0,0,nan,0
CL-USDC/MUSD,0.0002180636020049393,0x78595D8e45E1Df1CbA5775E8368827cdaC50aF9c,0x4fE3512bbbBD252B31ebA69F9648C9e41F668677,0x833589fCD6eDb6E08f4c7C32D4f71b54bdA02913,0xdD468A1DDc392dcdbEf6db6e34E89AA338F9F186,0x940181a94A35A4569E4529A3CDfB74e38FD98631,18,6,18,184453871,367960831580214121597,184.453871,367.9608315802141,367960831580398575468,0,684031696680936278167,684.0316966809363,0.0,0,0,0,nan,0
CL-WBTC/cbBTC,0.0002845277575936753,0x383567feDD4e7Dfdd44c8df9624C19eFdB6D7B35,0xdF383F80C8067Ff91528651b28e063D8Fc953ADb,0x0555E30da8f98308EdB960aa94C0Db47230d2B9c,0xcbB7C0000aB88B473b1f5aFd9ef808440eed33Bf,0x940181a94A35A4569E4529A3CDfB74e38FD98631,18,8,8,1,1,1e-08,1e-08,2,6109421149515,892519443823620920161,892.5194438236209,0.0,0,0,0,nan,1785974400
CL-MEZO/MUSD,2.926118816703233e-06,0x0DD2076128FaE11da3D0F5522D3a52B532af3741,0x73aA1980FE058652313E58b0836347106aDBBB10,0x8e4cbBcc33dB6c0a18561fDE1F6bA35906d4848b,0xdD468A1DDc392dcdbEf6db6e34E89AA338F9F186,0x940181a94A35A4569E4529A3CDfB74e38FD98631,18,18,18,1005189764427127036,10038590446708126,1.005189764427127,0.010038590446708125,1015228354873835162,0,9178780871620148666,9.178780871620148,0.0,0,0,0,nan,1785974400
CL-USDC/KAT,0.00014614072912547065,0x7bD36Ffa2AA69b9035782D2e85f60d3Dd0B5124c,0x3d292E05F13Dd7Ea9A30D73d79e00541Ad3c4Ef7,0x833589fCD6eDb6E08f4c7C32D4f71b54bdA02913,0xD5390300c5DB71F80d46f0fA9983Fc72D4d1e3da,0x940181a94A35A4569E4529A3CDfB74e38FD98631,18,6,18,1,1,1e-06,1e-18,2,3137954865548,458420800072909573587,458.42080007290957,2.30589786090416e-22,0.10570715422820959,0,0.10570715422820959,4336.70552783241,1785974400
CL-USDC/deSPXA,0.008385552389111612,0xf840346faFEdc1c0466216F3A899A599E6D03E75,0x0fb1DAFCC2bD0bc30477bA7B96B2e8045ADd8a03,0x833589fCD6eDb6E08f4c7C32D4f71b54bdA02913,0x9c5C365e764829876243d0b289733B9D2b729685,0x940181a94A35A4569E4529A3CDfB74e38FD98631,18,6,18,12185,24647591547889,0.012185,2.4647591547889e-05,24647591560074,180056963992701,26304177201479822729896,26304.177201479823,0.0,0,0,0,nan,0
CL-USDC/WARD,0.005410255008995495,0x2AEdf455E810B7511D2835bF485FB13912b1AD27,0x80F062cD33826fc02CC0E9eA6199B91592C17504,0x833589fCD6eDb6E08f4c7C32D4f71b54bdA02913,0xf09e4C8193F16019F0573F370F9A997b11f56638,0x940181a94A35A4569E4529A3CDfB74e38FD98631,18,6,18,187012,104709907490913183362,0.187012,104.70990749091318,104709907490913370374,116174774088413,16971130804286619587280,16971.13080428662,0.0,0,0,0,nan,0
CL-WETH/DRV,1.269368556282608,0xEF7E596AEF9e4c6301b4D1F1e88F8fFE8C306222,0xA9BFEB96Bc114cf7523Bdd3065e5561F2A074A89,0x4200000000000000000000000000000000000006,0x9d0E8f5b25384C7310CB8C6aE32C8fbeb645d083,0x940181a94A35A4569E4529A3CDfB74e38FD98631,18,18,18,272596727079571,172719729114695569472,0.000272596727079571,172.71972911469558,172720001711422649043,27247685092972123,3981812275336786907742649,3981812.275336787,0.0,0,0,0,nan,0
CL-WETH/ZRO,1.1348509695623865,0x717e174d5dAe280802D1a2c15C1C0976561A3f61,0x27461E3bD492F7d8c08F21aAb9C817ee00154Eef,0x4200000000000000000000000000000000000006,0x6985884C4392D348587B19cb9eAAf157F13271cd,0x940181a94A35A4569E4529A3CDfB74e38FD98631,18,18,18,26976404977684290,46646697116608652462,0.02697640497768429,46.64669711660865,46673673521586336752,24368777551414605,3559851470178785861017398,3559851.4701787857,0.0,0,0,0,nan,0
CL-WETH/VVV,6.717270992807987,0xA135B59Fe221C0c8D441294f97f96Fbc37Bc9fbE,0xCa9740aFFeDF731f95B3FBAb8d40835781c7aE4D,0x4200000000000000000000000000000000000006,0xacfE6019Ed1A7Dc6f7B508C02d1b04ec88cC21bf,0x940181a94A35A4569E4529A3CDfB74e38FD98631,18,18,18,44700888226643939,17092904559116894972,0.04470088822664394,17.092904559116896,17137605447343538911,144232239902723303,21071037220471155075818839,21071037.220471155,0.0,0,0,0,nan,0
CL-USDC/CHECK,0.04208089940971234,0x3c4384F3664B37A3Cb5A5cB3452B4B4A3Aa1256f,0xFBd7De67837D3CEeCaEa3cd98AccAcE26f94aF00,0x833589fCD6eDb6E08f4c7C32D4f71b54bdA02913,0x9126236476eFBA9Ad8aB77855c60eB5BF37586Eb,0x940181a94A35A4569E4529A3CDfB74e38FD98631,18,6,18,1093898,51279046757719065388,1.093898,51.279046757719065,51279046757720159286,903573031114028,132001254480027097497978,132001.2544800271,0.0,0,0,0,nan,0
CL-USDC/MUSD,0.3299701450963193,0xFF56D037D948faD1027a1AC82ae610e4b694c641,0x18fbca64a478ACF51f9dC6f98b36EE8D6594072b,0x833589fCD6eDb6E08f4c7C32D4f71b54bdA02913,0xdD468A1DDc392dcdbEf6db6e34E89AA338F9F186,0x940181a94A35A4569E4529A3CDfB74e38FD98631,18,6,18,949986,682365435610318851,0.949986,0.6823654356103188,682365435611268837,7092241733249340,1035065165066738071496370,1035065.165066738,0.0,0,0,0,nan,0
CL-EURC/USDC,1.4690301131850008,0xf39B7c34BE147F5DC1bC374f27AF2E9f03AD3113,0x3b798f9C872586CF0ba103400650Cf9E1acAF27F,0x60a3E35Cc302bFA44Cb288Bc5a4F316Fdb1adb42,0x833589fCD6eDb6E08f4c7C32D4f71b54bdA02913,0x940181a94A35A4569E4529A3CDfB74e38FD98631,18,6,6,21259768,13031259,21.259768,13.031259,34291027,31543762567737793,4608119610784761116852523,4608119.610784761,0.0,0,0,0,nan,0
CL-WETH/USDC,0.2810523571850767,0x4e392fBfE4D0557C82D2F97F02ec39daA31516dd,0x6BFdC817fd78c72A0E330e3D958108fAc96201f4,0x4200000000000000000000000000000000000006,0x833589fCD6eDb6E08f4c7C32D4f71b54bdA02913,0x940181a94A35A4569E4529A3CDfB74e38FD98631,18,18,6,4154209331827621,8129266,0.004154209331827621,8.129266,4154209339956887,6061788825204396,881617651794681193659315,881617.6517946811,0.0,0,0,0,nan,0
CL-USDC/cbBTC,0.8676870554894425,0x9D14ff91AE2c6e3D1A760542248B6c7F206894b0,0xF2d990b13af7c0cd72Cc937625dEB29E4022b81D,0x833589fCD6eDb6E08f4c7C32D4f71b54bdA02913,0xcbB7C0000aB88B473b1f5aFd9ef808440eed33Bf,0x940181a94A35A4569E4529A3CDfB74e38FD98631,18,6,8,37665809,47390,37.665809,0.0004739,37713199,18631444606676505,2721799710256484076291995,2721799.710256484,0.0,0,0,0,nan,0
CL-WETH/cbBTC,1.5306076311535968,0x7C7420DD105E2779316423Ba3E973f434315EFA9,0xe3aE44A6cD6cf1b47295209539b7bB675F500873,0x4200000000000000000000000000000000000006,0xcbB7C0000aB88B473b1f5aFd9ef808440eed33Bf,0x940181a94A35A4569E4529A3CDfB74e38FD98631,18,18,8,52914568537357081,155027,0.05291456853735708,0.00155027,52914568537512108,33007153991702066,4801278733656194541577592,4801278.733656195,0.0,0,0,0,nan,0
CL-IDRX/frxUSD,0.006644157105040893,0xe2a363898DCCFb6E509CDe97A77cF51AEa6813A0,0xd1e537fdC08582dCf607423F85d54e120DEB191b,0x18Bc5bcC660cf2B9cE3cd51a404aFe1a0cBD3C22,0xe5020A6d073a794B6E7f05678707dE47986Fb0b6,0x940181a94A35A4569E4529A3CDfB74e38FD98631,18,2,18,640531,1,6405.31,1e-18,640532,142668077810028,20841690294893302289605,20841.690294893302,0.0,0,0,0,nan,0
CL-CHIP/USDC,0.13360312975414845,0x592E01EDEb601016a20A3E6cD5bF533eBBadBC8b,0x3808E53a5D0419D0670534C8918b7FD6A5B29cee,0x0C1c1C109FE34733fca54b82d7B46B75CFb71F6e,0x833589fCD6eDb6E08f4c7C32D4f71b54bdA02913,0x940181a94A35A4569E4529A3CDfB74e38FD98631,18,18,6,155125163081572573909,4609552,155.12516308157257,4.609552,155125163081577183461,2868792822103052,419092295492502328276120,419092.29549250234,3.35565045581344e-21,1406.3272523973164,0,1406.3272523973164,298.00481699980605,1785974400
CL-CHZ/USDC,0.12048918186618501,0xa11fBd0f7112f2fad10F92f09B4A8d85E8ddD401,0xFfE0d0C52E87D3118319E2747c222651A0678c84,0x70c8392DE9b39a1E48d12A70Af6FF4Be25D6D0A2,0x833589fCD6eDb6E08f4c7C32D4f71b54bdA02913,0x940181a94A35A4569E4529A3CDfB74e38FD98631,18,18,6,742517714143744078295,5137610,742.5177141437441,5.13761,742517714143749215905,2596795074536071,377955875010069753989665,377955.8750100698,2.362761137071931e-21,893.019453001809,0,893.019453001809,423.2336414840721,1785974400
CL-USDC/PROS,0.0355445910931915,0x24BDDff0577D1Ee32f92A0b92296cA9702611c6A,0x94b0c11314C50a4d7D9E123bF852AD15f007d890,0x833589fCD6eDb6E08f4c7C32D4f71b54bdA02913,0x8B7DdE054BE9D180c1Be7FaE0874697374A49832,0x940181a94A35A4569E4529A3CDfB74e38FD98631,18,6,18,82495,203533709327533501,0.082495,0.2035337093275335,203533709327615996,763233711448943,111497869106808343730213,111497.86910680834,2.6100339282378997e-22,29.101322129499813,0,29.101322129499813,3831.3678193261094,1785974400
CL-USDC/cbMEGA,2.3349945878463343,0x0150e3d89E161518C044ad191c4bdf6b40Df6E83,0x195452C2Fdbab6Eaa68769F4A924DE64774463CD,0x833589fCD6eDb6E08f4c7C32D4f71b54bdA02913,0xcb111E6A2a3bde90856D299d61341ac302167D23,0x940181a94A35A4569E4529A3CDfB74e38FD98631,18,6,18,149118760,2861061691227316564743,149.11876,2861.0616912273167,2861061691227465683503,50138358821538052,7324515852164789927035450,7324515.85216479,1.7784099661787764e-21,13025.991988924296,0,13025.991988924296,562.3000427447414,1785974400
CL-LFI/USDC,1.4304938855492155,0x8343C68279587498526114e6385F0a87f248E0D9,0xE9C73937382C621770f5b7018A407C0749df6aaE,0x3722264aB15a1dfCe5a5af89e6547F7949A8ABA3,0x833589fCD6eDb6E08f4c7C32D4f71b54bdA02913,0x940181a94A35A4569E4529A3CDfB74e38FD98631,18,18,6,304495844126044931678488,29957119,304495.84412604495,29.957119,304495844126044961635607,30716395575457375,4487237441862356455042610,4487237.441862357,9.96235967468555e-22,4470.347334154869,0,4470.347334154869,1003.7782540024222,1785974400
CL-TOWNS/WETH,0.7797275699772211,0x48Be08d21FCcF3F793783c23C33555F5E0C2B7cd,0xa69d26311035B324Dba7F4E97f43298d470086D5,0x00000000A22C618fd6b4D7E9A335C4B96B189a38,0x4200000000000000000000000000000000000006,0x940181a94A35A4569E4529A3CDfB74e38FD98631,18,18,18,32033440211973975504364,27606284129158295,32033.440211973975,0.027606284129158293,32033467818258104662659,16742864309025413,2445884447182254179917278,2445884.4471822544,3.176660452399822e-21,7769.744394503668,0,7769.744394503668,314.7959988120687,1785974400
CL-RECALL/USDC,1.2302591469803474,0x0abe41C8AAa9282429e06EBEd48bE36298981d94,0x38eac5F3c2b8f9A2ab5401E4cB0516757C4E3d32,0x1f16e03C1a5908818F47f6EE7bB16690b40D0671,0x833589fCD6eDb6E08f4c7C32D4f71b54bdA02913,0x940181a94A35A4569E4529A3CDfB74e38FD98631,18,18,6,314660365349121823957,74887694,314.66036534912183,74.887694,314660365349196711651,26417001977704442,3859132124430132906443182,3859132.124430133,2.0270266041387212e-21,7822.5634851062605,0,7822.5634851062605,493.333436254971,1785974400
CL-VIRTUAL/WETH,1.404526876861244,0x9520E1a3BFd86DA6c1E9e5Ee4B9c2F11c413358F,0xF0B0F3d39BaA91FcE3e97A08E30975CE1F365F31,0x0b3e328455c4059EEb9e3f84b5543F74E24e7E1b,0x4200000000000000000000000000000000000006,0x940181a94A35A4569E4529A3CDfB74e38FD98631,18,18,18,137518850645536472403,49420866204582788,137.51885064553647,0.04942086620458279,137568271511741055191,30166675898482000,4405782963227451711735134,4405782.963227452,0.0,0,0,0,nan,0
CL-cbBTC/cbDOGE,0.005781737857356562,0xde201C571eA87D8769F088ad0766C61ba1D6ccb3,0xAAC36eBA6eF97577800335aFffd7F129c7ccc5FA,0xcbB7C0000aB88B473b1f5aFd9ef808440eed33Bf,0xcbD06E5A2B0C65597161de254AA074E489dEb510,0x940181a94A35A4569E4529A3CDfB74e38FD98631,18,8,8,366,613829599,3.66e-06,6.13829599,613829965,124149582679119,18136414880656831587600,18136.41488065683,0.0,0,0,0,nan,0
CL-USDC/PROS,0.04173784387016144,0x8A8e4170C09074b109352190d47e54d7c1F61e4E,0x298E7A376F0942A050CFa2d7B850c3FE8337A4b9,0x833589fCD6eDb6E08f4c7C32D4f71b54bdA02913,0x8B7DdE054BE9D180c1Be7FaE0874697374A49832,0x940181a94A35A4569E4529A3CDfB74e38FD98631,18,6,18,726419,1791082603527618812,0.726419,1.7910826035276188,1791082603528345231,896767295011429,130925142462169666692423,130925.14246216966,0.0,0,0,0,nan,0
CL-USDC/OPG,0.3000794376621766,0xB828dC3D77360F053F1379Cd8676BaC6141684f3,0xE6671F550341f1763D78970b66A2CdeAf7B9909A,0x833589fCD6eDb6E08f4c7C32D4f71b54bdA02913,0xFbC2051AE2265686a469421b2C5A2D5462FbF5eB,0x940181a94A35A4569E4529A3CDfB74e38FD98631,18,6,18,6393682,58735262305650996013,6.393682,58.735262305651,58735262305657389695,6443519604480161,941302652051352120890614,941302.6520513522,0.0,0,0,0,nan,0
CL-AERO/cbBTC,3.302768960872045,0xCDBe19a6EF1B633BE744920C93eE40521d5cf2A6,0x7487eeD4266C774B84Db9f61b5f0222076Db9676,0x940181a94A35A4569E4529A3CDfB74e38FD98631,0xcbB7C0000aB88B473b1f5aFd9ef808440eed33Bf,0x940181a94A35A4569E4529A3CDfB74e38FD98631,18,18,8,238727396398711334773,120047,238.72739639871133,0.00120047,238727396398711454820,70852016161920667,10360273953464573503920626,10360273.953464573,0.0,0,0,0,nan,0
CL-USDC/MXNB,0.292611103175537,0x82312aE1BBF1864CE00dfCeb974A10e0d6245b48,0x982e2BaB389a617dBF65Ea295dBb614Ef3950b28,0x833589fCD6eDb6E08f4c7C32D4f71b54bdA02913,0xF197FFC28c23E0309B5559e7a166f2c6164C80aA,0x940181a94A35A4569E4529A3CDfB74e38FD98631,18,6,6,1,346964,1e-06,0.346964,346965,6283195054638405,917875645144618908284288,917875.6451446189,0.0,0,0,0,nan,0
CL-KellyClaude/USDC,0.00634187872972723,0xD03FF08155a70D5Ba88E5Ff204B43fa09a2EE0D9,0x434be5E1979a85F379E65Eb3F3207d70718eD939,0x50D2280441372486BeecdD328c1854743EBaCb07,0x833589fCD6eDb6E08f4c7C32D4f71b54bdA02913,0x940181a94A35A4569E4529A3CDfB74e38FD98631,18,18,6,12154701521601606513873,37656,12154.701521601606,0.037656,12154701521601606551529,136178226455864,19893489916496000680600,19893.489916496,7.502810763393032e-21,149.25709026693696,0,149.25709026693696,133.28338292618287,1785974400
CL-CTR/USDC,0.007052349353285845,0x0ab02e160f0df68dc049B012c514857306960Eae,0x99deB55adA693737B57c3cBD293A17b6b20D510c,0x11030f79109269d796fd0FB956D6244e502757f7,0x833589fCD6eDb6E08f4c7C32D4f71b54bdA02913,0x940181a94A35A4569E4529A3CDfB74e38FD98631,18,18,6,98246466130390583456,863037,98.24646613039059,0.863037,98246466130391446493,151434057352108,22122126064878780483806,22122.12606487878,1.578722862224424e-21,34.92470617963496,0,34.92470617963496,633.4233980693722,1785974400
CL-USDC/PSG,0.06311305492117261,0x76F9AeFA6aBcbcEb10CC149e071209366f64Ce9D,0xb9dd4FacCc297796d8Dd63e0eA5CcD5Ce6feb099,0x833589fCD6eDb6E08f4c7C32D4f71b54bdA02913,0xDD15623d107c639aF0C5127AFFA26d3f20327EC8,0x940181a94A35A4569E4529A3CDfB74e38FD98631,18,6,18,5734999,11543462122139740562,5.734999,11.54346212213974,11543462122145475561,1355217318346060,197975864121830634147011,197975.86412183061,0.0,0,0,0,nan,0
CL-AFC/USDC,0.0024630478371706357,0xb4580451325C61344712E811392C881a634151d8,0x75aF4B1123E1d9eEc4B0Cd0A342Ca63f4cEB6A2e,0x580edA966a8129C3c01D149871B47feFcC599D28,0x833589fCD6eDb6E08f4c7C32D4f71b54bdA02913,0x940181a94A35A4569E4529A3CDfB74e38FD98631,18,18,6,7487784378400948082,1,7.487784378400948,1e-06,7487784378400948083,52888662876760,7726199033564428434141,7726.199033564429,0.0,0,0,0,nan,0
CL-USDC/hTEA,0.11421329835729517,0xAbe1f289107C20081F591BB3972b8289aDd64f6C,0x1E488b80243E72408d8c580e302b452988F9E00F,0x833589fCD6eDb6E08f4c7C32D4f71b54bdA02913,0xa1A0B2E02B0E6830aD5A4A7211691200945d8919,0x940181a94A35A4569E4529A3CDfB74e38FD98631,18,6,18,1055671,279321264994911600455807,1.055671,279321.2649949116,279321264994911601511478,2452485448444559,358269401865135672174617,358269.4018651357,0.0,0,0,0,nan,0
CL-ZORA/AERO,0.0003941085918947159,0xf185893f57171Ee19729be11684A947CfDE8DCD6,0x0a68F665d30962888547495955198437038E7fF9,0x1111111111166b7FE7bd91427724B487980aFc69,0x940181a94A35A4569E4529A3CDfB74e38FD98631,0x940181a94A35A4569E4529A3CDfB74e38FD98631,18,18,18,53711694315434089670,463025481329514632,53.71169431543409,0.46302548132951465,54174719796763604302,8462663654907,1236257524463761614062,1236.2575244637617,2.802310741860927e-20,34.64377740511197,0,34.64377740511197,35.68483626965407,1785974400
CL-SOL/WETH,0.3657599409862671,0xFCCE67a155DF9a1a95BeCfe7D09E32DfbE6F9816,0x0f41c2D69a2d3e73C5Bd97F93076193459D1983B,0x311935Cd80B76769bF2ecC9D8Ab7635b2139cf82,0x4200000000000000000000000000000000000006,0x940181a94A35A4569E4529A3CDfB74e38FD98631,18,9,18,119499574,4242862503112875,0.119499574,0.004242862503112875,4242862622612449,7854013643496894,1147332203588420824368356,1147332.203588421,0.0,0,0,0,nan,0
CL-USDC/FOLKS,0.11991986173365478,0x94a734bf60cDe88ab10a9951b17278a3CE129860,0xf1D60F16B6aBb78932aD53ed843b19cb331AFEe0,0x833589fCD6eDb6E08f4c7C32D4f71b54bdA02913,0xFF7F8F301F7A706E3CfD3D2275f5dc0b9EE8009B,0x940181a94A35A4569E4529A3CDfB74e38FD98631,18,6,6,21813481,8257001,21.813481,8.257001,30070482,2825673403816162,376170006058861443921705,376170.00605886144,2.4008413387309703e-21,903.1245009367941,0,903.1245009367941,416.5206521013076,1785974400
CL-wtSGOV/USDC,0.14405550109826545,0xD5B83c33A8711e727C0Abb6f72ee508755D37e10,0x74dC05b8FB6EBe3b604993Cb3f63e25322880121,0x78c31580c97101694C70022c83D570150c11e935,0x833589fCD6eDb6E08f4c7C32D4f71b54bdA02913,0x940181a94A35A4569E4529A3CDfB74e38FD98631,18,18,6,1,420001,1e-18,0.420001,420002,3094649158215020,451879763181372289014911,451879.7631813723,6.951490244563658e-23,31.412377654710454,0,31.412377654710454,14385.40463725803,1785974400
CL-tGBP/frxUSD,0.004883517025048315,0x1bf888751d06BF6530ba1c64b9C89DaC8EcB55b8,0x262069880FBA845Cb8a663404Fe161c973d630CF,0x27f6c8289550fCE67f6B50BeD1F519966aFE5287,0xe5020A6d073a794B6E7f05678707dE47986Fb0b6,0x940181a94A35A4569E4529A3CDfB74e38FD98631,18,18,18,1,9711595860867774,1e-18,0.009711595860867775,9711595860867775,202456885762715,15318835448468712838909,15318.835448468713,1.972265129959527e-23,0.3021280498660276,0,0.3021280498660276,50703.12225316892,1785974400
CL-jEUR/USDC,0.4968024019355628,0x02B6B7AB1eDE16F48C57893d2FdF6251C2CB3821,0x1567c3577d4d971e0C76262381D064169DD438FB,0x4154550f4Db74Dc38d1FE98e1F3F28ed6daD627d,0x833589fCD6eDb6E08f4c7C32D4f71b54bdA02913,0x940181a94A35A4569E4529A3CDfB74e38FD98631,18,18,6,246718678832768110,100001,0.2467186788327681,0.100001,246718678832868111,10668047038309771,1558392078213264060111105,1558392.078213264,1.826054546879697e-25,0.2845708940242631,0,0.2845708940242631,5476287.670095988,1785974400
TOTAL,100.0,,,,,,,,,308355931934749168642920633730347,1625720551431944054971715043,308355931952346.6,1629394628.8504944,308357557655300600586975605445390,2129271015243230883,313684489475434065504200647,,5.804115772397346e-22,182066.1092920776,0,182066.1092920776,1722.9153228743362,
